user,total purchases,HR@5,WHR@5,nDCG@5,recall@5,precision@5,HR@10,WHR@10,nDCG@10,recall@10,precision@10
10292,5,0.2,0.06666666666666665,0.13120507751234176,0.2,0.2,0.4,0.15,0.13120507751234176,0.4,0.2
576,16,0.2,0.26666666666666666,0.2139862647345275,0.0625,0.2,0.4,0.3818181818181818,0.36005585688836717,0.25,0.4
19670,11,0.4,0.6,0.5531464700081437,0.18181818181818182,0.4,0.3,0.3818181818181818,0.42520843362602373,0.2727272727272727,0.3
17798,4,0.75,0.7857142857142858,0.8048099750039491,0.75,0.6,0.75,0.764705882352941,0.8048099750039491,0.75,0.3
15873,8,0.4,0.5333333333333333,0.5087403079104241,0.25,0.4,0.375,0.44230769230769224,0.4695140628038533,0.375,0.3
4427,23,0.6,0.6,0.529634717214042,0.13043478260869565,0.6,0.5,0.5818181818181819,0.4915261823075979,0.21739130434782608,0.5
8413,22,0.6,0.6,0.6399453854227659,0.13636363636363635,0.6,0.6,0.6545454545454544,0.6364741801035538,0.2727272727272727,0.6
6888,36,0.8,0.7333333333333334,0.7860137352654724,0.1111111111111111,0.8,0.5,0.5818181818181819,0.5736899196572437,0.1388888888888889,0.5
13715,12,0.6,0.6666666666666666,0.6548086577531306,0.25,0.6,0.3,0.45454545454545453,0.424926013816671,0.25,0.3
5962,13,0.0,0.0,0.0,0.0,0.0,0.1,0.018181818181818177,0.0636207881989517,0.07692307692307693,0.1
9653,3,0.0,0.0,0.0,0.0,0.0,0.0,0.0,0.0,0.0,0.0
2186,7,0.0,0.0,0.0,0.0,0.0,0.2857142857142857,0.08163265306122448,0.09162544430476363,0.2857142857142857,0.2
3739,19,0.4,0.5333333333333333,0.5087403079104241,0.10526315789473684,0.4,0.3,0.41818181818181815,0.4085359184257955,0.15789473684210525,0.3
9091,6,0.0,0.0,0.0,0.0,0.0,0.0,0.0,0.0,0.0,0.0
13382,10,0.2,0.3333333333333333,0.33916020527361607,0.1,0.2,0.1,0.18181818181818182,0.22009176629808014,0.1,0.1
6629,5,0.0,0.0,0.0,0.0,0.0,0.4,0.0,0.0,0.4,0.2
8375,11,1.0,1.0,1.0,0.45454545454545453,1.0,0.8,0.9454545454545454,0.8701249883466592,0.7272727272727273,0.8
17096,17,0.8,0.8000000000000002,0.8304198973631919,0.23529411764705882,0.8,0.6,0.6545454545454545,0.6719377023185354,0.35294117647058826,0.6
1598,13,0.0,0.0,0.0,0.0,0.0,0.0,0.0,0.0,0.0,0.0
3528,3,0.5,0.33333333333333337,0.3868528072345415,0.3333333333333333,0.5,0.5,0.3333333333333333,0.3868528072345415,0.3333333333333333,0.5
14714,11,0.6,0.7999999999999999,0.7227265726449518,0.2727272727272727,0.6,0.3,0.49090909090909096,0.46900009332067477,0.2727272727272727,0.3
15311,4,0.0,0.0,0.0,0.0,0.0,0.0,0.0,0.0,0.0,0.0
6392,4,0.5,0.42857142857142866,0.41442992501184733,0.5,0.4,0.75,0.47058823529411764,0.41442992501184733,0.75,0.3
13599,13,0.0,0.0,0.0,0.0,0.0,0.1,0.036363636363636355,0.06625422345438903,0.07692307692307693,0.1
11279,4,0.0,0.0,0.0,0.0,0.0,0.0,0.0,0.0,0.0,0.0
9012,15,0.2,0.26666666666666666,0.2139862647345275,0.06666666666666667,0.2,0.2,0.21818181818181823,0.20829366581033176,0.13333333333333333,0.2
20122,12,0.4,0.39999999999999997,0.4703652827859578,0.16666666666666666,0.4,0.4,0.4,0.44485302949345024,0.3333333333333333,0.4
10560,2,1.0,0.4444444444444445,0.3868528072345415,1.0,0.4,1.0,0.4736842105263158,0.3868528072345415,1.0,0.2
2161,7,0.0,0.0,0.0,0.0,0.0,0.14285714285714285,0.08163265306122448,0.09162544430476363,0.14285714285714285,0.1
17677,22,0.2,0.13333333333333333,0.14606834984270645,0.045454545454545456,0.2,0.3,0.2,0.22784037450527972,0.13636363636363635,0.3
1497,3,0.0,0.0,0.0,0.0,0.0,0.3333333333333333,0.0,0.0,0.3333333333333333,0.1
4890,21,0.8,0.7333333333333334,0.7860137352654724,0.19047619047619047,0.8,0.6,0.6909090909090909,0.6528642754944293,0.2857142857142857,0.6
16621,12,0.4,0.6,0.5531464700081437,0.16666666666666666,0.4,0.2,0.34545454545454546,0.3589542101716347,0.16666666666666666,0.2
16832,1,1.0,0.0,0.0,1.0,0.2,1.0,0.0,0.0,1.0,0.1
10779,3,0.0,0.0,0.0,0.0,0.0,0.3333333333333333,0.0,0.0,0.3333333333333333,0.1
11580,10,0.4,0.3333333333333333,0.31564845247951445,0.2,0.4,0.3,0.3090909090909091,0.27108847097297983,0.3,0.3
3989,9,0.6,0.7333333333333334,0.6992148198508501,0.3333333333333333,0.6,0.4444444444444444,0.574074074074074,0.5682963021961281,0.4444444444444444,0.4
19778,8,0.0,0.0,0.0,0.0,0.0,0.0,0.0,0.0,0.0,0.0
15597,7,0.0,0.0,0.0,0.0,0.0,0.14285714285714285,0.1020408163265306,0.0979129253499678,0.14285714285714285,0.1
19819,8,0.4,0.5333333333333333,0.5087403079104241,0.25,0.4,0.25,0.34615384615384615,0.37941405415148566,0.25,0.2
10018,12,0.0,0.0,0.0,0.0,0.0,0.3,0.16363636363636364,0.21145027911440428,0.25,0.3
17021,14,0.4,0.6,0.5531464700081437,0.14285714285714285,0.4,0.2,0.34545454545454546,0.3589542101716347,0.14285714285714285,0.2
19470,18,0.6,0.39999999999999997,0.4468535299918562,0.16666666666666666,0.6,0.4,0.45454545454545453,0.3633412872595718,0.2222222222222222,0.4
8087,14,0.2,0.3333333333333333,0.33916020527361607,0.07142857142857142,0.2,0.2,0.2,0.2837125544970318,0.14285714285714285,0.2
8297,20,0.0,0.0,0.0,0.0,0.0,0.0,0.0,0.0,0.0,0.0
12779,10,0.6,0.39999999999999997,0.4468535299918562,0.3,0.6,0.5,0.509090909090909,0.4346298575932762,0.5,0.5
4484,14,0.0,0.0,0.0,0.0,0.0,0.0,0.0,0.0,0.0,0.0
17110,4,0.0,0.0,0.0,0.0,0.0,0.0,0.0,0.0,0.0,0.0
10940,10,0.0,0.0,0.0,0.0,0.0,0.0,0.0,0.0,0.0,0.0
11996,2,0.0,0.0,0.0,0.0,0.0,0.0,0.0,0.0,0.0,0.0
15501,8,0.0,0.0,0.0,0.0,0.0,0.125,0.057692307692307696,0.07979453856244816,0.125,0.1
15439,5,0.0,0.0,0.0,0.0,0.0,0.0,0.0,0.0,0.0,0.0
7408,5,0.2,0.06666666666666665,0.13120507751234176,0.2,0.2,0.4,0.15,0.13120507751234176,0.4,0.2
12370,33,0.6,0.7333333333333334,0.6992148198508501,0.09090909090909091,0.6,0.4,0.49090909090909085,0.5173633627401372,0.12121212121212122,0.4
18409,9,0.4,0.3333333333333333,0.31564845247951445,0.2222222222222222,0.4,0.3333333333333333,0.3333333333333333,0.2928999982046174,0.3333333333333333,0.3
7567,29,0.6,0.39999999999999997,0.4468535299918562,0.10344827586206896,0.6,0.6,0.6,0.5111707781750244,0.20689655172413793,0.6
18456,6,0.6,0.39999999999999997,0.4468535299918562,0.5,0.6,0.5,0.4666666666666667,0.39868756579774084,0.5,0.3
13267,3,0.3333333333333333,0.0,0.0,0.3333333333333333,0.2,0.3333333333333333,0.0,0.0,0.3333333333333333,0.1
654,6,0.6,0.5333333333333333,0.5147714448836773,0.5,0.6,0.5,0.5111111111111112,0.4592846660663049,0.5,0.3
19229,4,0.25,0.35714285714285715,0.39038004999210163,0.25,0.2,0.5,0.2941176470588235,0.39038004999210163,0.5,0.2
14010,9,0.0,0.0,0.0,0.0,0.0,0.0,0.0,0.0,0.0,0.0
10066,14,0.4,0.4666666666666666,0.48522855511632257,0.14285714285714285,0.4,0.2,0.3090909090909091,0.31488013066763093,0.14285714285714285,0.2
15747,4,0.25,0.35714285714285715,0.39038004999210163,0.25,0.2,0.25,0.2941176470588235,0.39038004999210163,0.25,0.1
15024,14,0.2,0.26666666666666666,0.2139862647345275,0.07142857142857142,0.2,0.1,0.16363636363636364,0.1388624438735545,0.07142857142857142,0.1
10479,8,0.4,0.19999999999999998,0.2772734273550482,0.25,0.4,0.375,0.3461538461538461,0.296888095905284,0.375,0.3
19056,2,0.5,0.5555555555555556,0.6131471927654584,0.5,0.2,1.0,0.5263157894736842,0.6131471927654584,1.0,0.2
3230,12,0.2,0.26666666666666666,0.2139862647345275,0.08333333333333333,0.2,0.2,0.18181818181818182,0.2024832320725062,0.16666666666666666,0.2
11745,2,1.0,0.5555555555555556,0.6131471927654584,1.0,0.4,1.0,0.5263157894736842,0.6131471927654584,1.0,0.2
15944,6,0.2,0.19999999999999998,0.16958010263680803,0.16666666666666666,0.2,0.3333333333333333,0.17777777777777778,0.15130120674940672,0.3333333333333333,0.2
4075,15,0.6,0.6666666666666666,0.6843515475204854,0.2,0.6,0.5,0.5818181818181819,0.58874982024632,0.3333333333333333,0.5
18955,10,0.8,0.7333333333333334,0.7860137352654724,0.4,0.8,0.5,0.6181818181818183,0.5795003533950692,0.5,0.5
16860,5,0.0,0.0,0.0,0.0,0.0,0.2,0.0,0.0,0.2,0.1
200,10,0.2,0.26666666666666666,0.2139862647345275,0.1,0.2,0.1,0.16363636363636364,0.1388624438735545,0.1,0.1
3141,10,0.4,0.4000000000000001,0.3600546145772339,0.2,0.4,0.4,0.43636363636363645,0.3814802991585578,0.4,0.4
13941,1,0.0,0.0,0.0,0.0,0.0,0.0,0.0,0.0,0.0,0.0
8373,2,1.0,1.0,1.0,1.0,0.6666666666666666,1.0,1.0,1.0,1.0,0.6666666666666666
2038,7,0.2,0.19999999999999998,0.16958010263680803,0.14285714285714285,0.2,0.14285714285714285,0.16326530612244897,0.13743816645714543,0.14285714285714285,0.1
20191,11,0.6,0.7999999999999999,0.7227265726449518,0.2727272727272727,0.6,0.4,0.5454545454545454,0.538431315257452,0.36363636363636365,0.4
9546,12,0.6,0.7333333333333334,0.6992148198508501,0.25,0.6,0.3,0.47272727272727266,0.4537425745411855,0.25,0.3
10123,9,0.2,0.3333333333333333,0.33916020527361607,0.1111111111111111,0.2,0.4444444444444444,0.27777777777777773,0.3799499254206405,0.4444444444444444,0.4
10832,5,0.0,0.0,0.0,0.0,0.0,0.2,0.0,0.0,0.2,0.1
4229,3,0.3333333333333333,0.33333333333333337,0.29608191096586517,0.3333333333333333,0.2,0.6666666666666666,0.3333333333333333,0.29608191096586517,0.6666666666666666,0.2
3039,7,0.4,0.4000000000000001,0.3600546145772339,0.2857142857142857,0.4,0.2857142857142857,0.32653061224489793,0.29181044994360233,0.2857142857142857,0.2
12255,3,0.0,0.0,0.0,0.0,0.0,0.3333333333333333,0.0,0.0,0.3333333333333333,0.1
2383,15,0.2,0.06666666666666665,0.13120507751234176,0.06666666666666667,0.2,0.3,0.2545454545454546,0.23297260855707355,0.2,0.3
1884,5,0.2,0.13333333333333333,0.14606834984270645,0.2,0.2,0.6,0.175,0.14606834984270645,0.6,0.3
19418,4,0.5,0.5714285714285715,0.5855700749881524,0.5,0.4,0.75,0.5294117647058824,0.5855700749881524,0.75,0.3333333333333333
357,5,0.4,0.4666666666666666,0.48522855511632257,0.4,0.4,0.4,0.425,0.48522855511632257,0.4,0.2
7583,5,0.2,0.26666666666666666,0.2139862647345275,0.2,0.2,0.2,0.225,0.2139862647345275,0.2,0.1
8188,6,0.2,0.3333333333333333,0.33916020527361607,0.16666666666666666,0.2,0.16666666666666666,0.2222222222222222,0.30260241349881345,0.16666666666666666,0.1
1341,11,0.4,0.5333333333333333,0.5087403079104241,0.18181818181818182,0.4,0.5,0.45454545454545464,0.533376583199821,0.45454545454545453,0.5
3577,10,0.25,0.3333333333333333,0.39038004999210163,0.1,0.25,0.25,0.18181818181818182,0.39038004999210163,0.1,0.25
3599,10,0.2,0.19999999999999998,0.16958010263680803,0.1,0.2,0.1,0.14545454545454548,0.11004588314904007,0.1,0.1
7547,3,0.3333333333333333,0.0,0.0,0.3333333333333333,0.2,0.3333333333333333,0.0,0.0,0.3333333333333333,0.1
19308,17,0.4,0.39999999999999997,0.4703652827859578,0.11764705882352941,0.4,0.4,0.34545454545454546,0.4351098955930418,0.23529411764705882,0.4
9824,20,0.4,0.4666666666666666,0.38356636737133554,0.1,0.4,0.5,0.45454545454545464,0.45718160765461063,0.25,0.5
8834,13,0.8,0.8666666666666666,0.8539316501572936,0.3076923076923077,0.8,0.9,0.8727272727272727,0.9052116356304492,0.6923076923076923,0.9
12897,11,0.2,0.06666666666666665,0.13120507751234176,0.09090909090909091,0.2,0.1,0.10909090909090909,0.08514311764162097,0.09090909090909091,0.1
20585,19,0.6,0.6666666666666666,0.6548086577531306,0.15789473684210525,0.6,0.6,0.6000000000000001,0.6331992944486871,0.3157894736842105,0.6
9343,3,0.3333333333333333,0.25,0.23463936301137822,0.3333333333333333,0.2,1.0,0.2962962962962963,0.23463936301137822,1.0,0.3
3180,1,0.0,0.0,0.0,0.0,0.0,1.0,0.0,0.0,1.0,0.1
5522,3,0.6666666666666666,0.25,0.23463936301137822,0.6666666666666666,0.4,0.6666666666666666,0.2962962962962963,0.23463936301137822,0.6666666666666666,0.2
9263,5,0.0,0.0,0.0,0.0,0.0,0.2,0.0,0.0,0.2,0.1
18841,13,0.2,0.19999999999999998,0.16958010263680803,0.07692307692307693,0.2,0.2,0.21818181818181823,0.18340980524840012,0.15384615384615385,0.2
17566,16,0.2,0.06666666666666665,0.13120507751234176,0.0625,0.2,0.1,0.10909090909090909,0.08514311764162097,0.0625,0.1
302,20,0.8,0.6666666666666666,0.6608397947263838,0.2,0.8,0.9,0.8181818181818182,0.7799082337019198,0.45,0.9
5989,16,0.0,0.0,0.0,0.0,0.0,0.3,0.16363636363636364,0.20904936749052633,0.1875,0.3
621,3,0.3333333333333333,0.0,0.0,0.3333333333333333,0.2,0.6666666666666666,0.0,0.0,0.6666666666666666,0.2
16325,16,0.4,0.3333333333333333,0.31564845247951445,0.125,0.4,0.3,0.3090909090909091,0.27108847097297983,0.1875,0.3
5462,2,0.0,0.0,0.0,0.0,0.0,0.0,0.0,0.0,0.0,0.0
4474,6,0.2,0.3333333333333333,0.33916020527361607,0.16666666666666666,0.2,0.3333333333333333,0.2222222222222222,0.30260241349881345,0.3333333333333333,0.2
15285,16,0.6,0.6666666666666666,0.6843515475204854,0.1875,0.6,0.3,0.45454545454545453,0.44409732781325567,0.1875,0.3
12496,23,0.6,0.39999999999999997,0.4468535299918562,0.13043478260869565,0.6,0.5,0.5272727272727273,0.4378068560756644,0.21739130434782608,0.5
6867,6,0.0,0.0,0.0,0.0,0.0,0.5,0.0,0.0,0.5,0.3
17892,12,0.2,0.3333333333333333,0.33916020527361607,0.08333333333333333,0.2,0.1,0.18181818181818182,0.22009176629808014,0.08333333333333333,0.1
3827,7,0.0,0.0,0.0,0.0,0.0,0.14285714285714285,0.0,0.0,0.14285714285714285,0.1
951,3,0.0,0.0,0.0,0.0,0.0,0.0,0.0,0.0,0.0,0.0
13157,21,0.8,0.8000000000000002,0.8304198973631919,0.19047619047619047,0.8,0.4,0.5818181818181818,0.5388856921828065,0.19047619047619047,0.4
16808,22,0.6,0.6666666666666666,0.6548086577531306,0.13636363636363635,0.6,0.5,0.6,0.5727555047321236,0.22727272727272727,0.5
20448,2,0.0,0.0,0.0,0.0,0.0,0.5,0.0,0.0,0.5,0.1
4734,14,0.2,0.26666666666666666,0.2139862647345275,0.07142857142857142,0.2,0.1,0.16363636363636364,0.1388624438735545,0.07142857142857142,0.1
19066,6,0.0,0.0,0.0,0.0,0.0,0.3333333333333333,0.0,0.0,0.3333333333333333,0.2
11937,15,0.2,0.13333333333333333,0.14606834984270645,0.06666666666666667,0.2,0.1,0.12727272727272726,0.09478836436955078,0.06666666666666667,0.1
17510,2,0.0,0.0,0.0,0.0,0.0,0.0,0.0,0.0,0.0,0.0
6949,14,0.2,0.13333333333333333,0.14606834984270645,0.07142857142857142,0.2,0.1,0.12727272727272726,0.09478836436955078,0.07142857142857142,0.1
9547,7,0.6,0.6666666666666666,0.6548086577531306,0.42857142857142855,0.6,0.42857142857142855,0.5102040816326531,0.5306972923267992,0.42857142857142855,0.3
6018,2,0.5,0.5555555555555556,0.6131471927654584,0.5,0.2,0.5,0.5263157894736842,0.6131471927654584,0.5,0.14285714285714285
14559,6,0.2,0.06666666666666665,0.13120507751234176,0.16666666666666666,0.2,0.5,0.24444444444444446,0.22485174766247445,0.5,0.3
3709,7,0.0,0.0,0.0,0.0,0.0,0.0,0.0,0.0,0.0,0.0
15040,9,0.0,0.0,0.0,0.0,0.0,0.3333333333333333,0.12962962962962962,0.15448067472027407,0.3333333333333333,0.3
16959,18,0.0,0.0,0.0,0.0,0.0,0.2,0.12727272727272726,0.14465249243306436,0.1111111111111111,0.2
8715,11,0.2,0.3333333333333333,0.33916020527361607,0.09090909090909091,0.2,0.2,0.21818181818181817,0.28634598975246917,0.18181818181818182,0.2
6654,7,0.6,0.46666666666666673,0.4912596920895757,0.42857142857142855,0.6,0.7142857142857143,0.5306122448979592,0.4897725752785958,0.7142857142857143,0.5555555555555556
7497,19,0.2,0.26666666666666666,0.2139862647345275,0.05263157894736842,0.2,0.1,0.16363636363636364,0.1388624438735545,0.05263157894736842,0.1
8936,2,0.0,0.0,0.0,0.0,0.0,0.0,0.0,0.0,0.0,0.0
5506,3,0.3333333333333333,0.4166666666666667,0.46927872602275644,0.3333333333333333,0.2,0.3333333333333333,0.37037037037037035,0.46927872602275644,0.3333333333333333,0.1
3522,8,0.2,0.13333333333333333,0.14606834984270645,0.125,0.2,0.375,0.1923076923076923,0.18873103118020407,0.375,0.3
15925,7,0.4,0.39999999999999997,0.4703652827859578,0.2857142857142857,0.4,0.5714285714285714,0.32653061224489793,0.3812130139445206,0.5714285714285714,0.4
9969,11,0.6,0.6666666666666666,0.6548086577531306,0.2727272727272727,0.6,0.5,0.5636363636363636,0.5645441593704201,0.45454545454545453,0.5
12266,15,0.6,0.7333333333333334,0.6992148198508501,0.2,0.6,0.3,0.47272727272727266,0.4537425745411855,0.2,0.3
15541,10,0.2,0.13333333333333333,0.14606834984270645,0.1,0.2,0.3,0.2545454545454546,0.2375835084056881,0.3,0.3
4820,8,0.6,0.5333333333333333,0.6164336326286642,0.375,0.6,0.5,0.5384615384615384,0.549830798672941,0.5,0.4
18657,18,0.0,0.0,0.0,0.0,0.0,0.4,0.2545454545454546,0.28744763646920163,0.2222222222222222,0.4
4673,12,0.4,0.5333333333333333,0.5087403079104241,0.16666666666666666,0.4,0.3,0.41818181818181815,0.4085359184257955,0.25,0.3
17047,2,0.0,0.0,0.0,0.0,0.0,0.0,0.0,0.0,0.0,0.0
4244,4,0.5,0.5,0.5585075862632192,0.5,0.4,0.5,0.49999999999999994,0.5585075862632192,0.5,0.4
17095,3,0.0,0.0,0.0,0.0,0.0,0.0,0.0,0.0,0.0,0.0
13898,5,0.0,0.0,0.0,0.0,0.0,0.0,0.0,0.0,0.0,0.0
19785,10,0.4,0.4666666666666666,0.48522855511632257,0.2,0.4,0.5,0.45454545454545464,0.5212960629027199,0.5,0.5
6510,8,0.2,0.19999999999999998,0.16958010263680803,0.125,0.2,0.375,0.2884615384615385,0.2905801242021624,0.375,0.3
11939,2,0.5,0.4444444444444445,0.3868528072345415,0.5,0.2,1.0,0.4736842105263158,0.3868528072345415,1.0,0.2
19674,20,0.2,0.3333333333333333,0.33916020527361607,0.05,0.2,0.1,0.18181818181818182,0.22009176629808014,0.05,0.1
2377,17,0.2,0.3333333333333333,0.33916020527361607,0.058823529411764705,0.2,0.1,0.18181818181818182,0.22009176629808014,0.058823529411764705,0.1
3936,1,1.0,1.0,1.0,1.0,0.25,1.0,1.0,1.0,1.0,0.25
4370,10,0.0,0.0,0.0,0.0,0.0,0.0,0.0,0.0,0.0,0.0
11281,6,0.4,0.19999999999999998,0.2772734273550482,0.3333333333333333,0.4,0.5,0.39999999999999997,0.3551755135728451,0.5,0.3
8397,17,0.4,0.6,0.5531464700081437,0.11764705882352941,0.4,0.3,0.41818181818181815,0.43231813227099475,0.17647058823529413,0.3
13587,14,0.4,0.6,0.5531464700081437,0.14285714285714285,0.4,0.2,0.34545454545454546,0.3589542101716347,0.14285714285714285,0.2
17976,18,0.2,0.26666666666666666,0.2139862647345275,0.05555555555555555,0.2,0.2,0.2545454545454545,0.21726071285222984,0.1111111111111111,0.2
9512,2,0.5,0.0,0.0,0.5,0.2,0.5,0.0,0.0,0.5,0.14285714285714285
19006,8,0.2,0.3333333333333333,0.33916020527361607,0.125,0.2,0.125,0.1923076923076923,0.2529427027676571,0.125,0.1
691,26,0.8,0.8000000000000002,0.8304198973631919,0.15384615384615385,0.8,0.6,0.6363636363636362,0.6687607038361473,0.23076923076923078,0.6
15784,3,0.0,0.0,0.0,0.0,0.0,0.0,0.0,0.0,0.0,0.0
6544,21,0.2,0.19999999999999998,0.16958010263680803,0.047619047619047616,0.2,0.1,0.14545454545454548,0.11004588314904007,0.047619047619047616,0.1
2662,22,0.4,0.3333333333333333,0.34519134224686926,0.09090909090909091,0.4,0.5,0.43636363636363645,0.4330549290057018,0.22727272727272727,0.5
8856,12,1.0,1.0,1.0,0.4166666666666667,1.0,0.7,0.7999999999999999,0.7819835854675756,0.5833333333333334,0.7
20536,9,0.2,0.06666666666666665,0.13120507751234176,0.1111111111111111,0.2,0.1111111111111111,0.1111111111111111,0.09092803061897882,0.1111111111111111,0.1
7894,6,0.8,0.8000000000000002,0.8304198973631919,0.6666666666666666,0.8,0.8333333333333334,0.711111111111111,0.7409096387260823,0.8333333333333334,0.5
12136,3,0.0,0.0,0.0,0.0,0.0,0.3333333333333333,0.0,0.0,0.3333333333333333,0.1
16643,6,0.0,0.0,0.0,0.0,0.0,0.5,0.0,0.0,0.5,0.3
5228,14,0.6,0.6666666666666666,0.6548086577531306,0.21428571428571427,0.6,0.4,0.5454545454545454,0.5033242827953462,0.2857142857142857,0.4
14687,14,0.8,0.8000000000000002,0.8304198973631919,0.2857142857142857,0.8,0.6,0.709090909090909,0.6816808362189438,0.42857142857142855,0.6
4147,6,0.4,0.3333333333333333,0.34519134224686926,0.3333333333333333,0.4,0.8333333333333334,0.3333333333333333,0.30798345931689813,0.8333333333333334,0.5
19019,1,0.0,0.0,0.0,0.0,0.0,0.0,0.0,0.0,0.0,0.0
5057,4,0.25,0.28571428571428575,0.2463023887407299,0.25,0.2,0.25,0.2647058823529412,0.2463023887407299,0.25,0.1
6945,15,0.2,0.26666666666666666,0.2139862647345275,0.06666666666666667,0.2,0.2,0.21818181818181823,0.20829366581033176,0.13333333333333333,0.2
12660,6,0.2,0.06666666666666665,0.13120507751234176,0.16666666666666666,0.2,0.16666666666666666,0.13333333333333333,0.11706259313796352,0.16666666666666666,0.1
4215,5,0.0,0.0,0.0,0.0,0.0,0.0,0.0,0.0,0.0,0.0
13813,4,0.5,0.5714285714285715,0.5855700749881524,0.5,0.4,0.75,0.5294117647058824,0.5855700749881524,0.75,0.3
8001,15,0.8,0.9333333333333332,0.8687949224876582,0.26666666666666666,0.8,0.4,0.6181818181818183,0.5637884576902256,0.26666666666666666,0.4
682,11,0.6,0.5333333333333333,0.6164336326286642,0.2727272727272727,0.6,0.4,0.49090909090909085,0.47338717040861195,0.36363636363636365,0.4
16728,8,0.0,0.0,0.0,0.0,0.0,0.0,0.0,0.0,0.0,0.0
13374,19,1.0,1.0,1.0,0.2631578947368421,1.0,0.6,0.8,0.7222954974312067,0.3157894736842105,0.6
19222,3,0.0,0.0,0.0,0.0,0.0,0.0,0.0,0.0,0.0,0.0
2908,15,0.8,0.8666666666666666,0.8539316501572936,0.26666666666666666,0.8,0.5,0.6909090909090909,0.6325414799409711,0.3333333333333333,0.5
5922,19,0.2,0.3333333333333333,0.33916020527361607,0.05263157894736842,0.2,0.2,0.2545454545454545,0.29345568839744024,0.10526315789473684,0.2
3301,20,0.2,0.06666666666666665,0.13120507751234176,0.05,0.2,0.2,0.18181818181818182,0.15850703974098102,0.1,0.2
1805,7,0.0,0.0,0.0,0.0,0.0,0.0,0.0,0.0,0.0,0.0
6961,6,0.2,0.19999999999999998,0.16958010263680803,0.16666666666666666,0.2,0.6666666666666666,0.2888888888888889,0.25909036127391766,0.6666666666666666,0.4
5503,20,0.8,0.8000000000000002,0.8304198973631919,0.2,0.8,0.8,0.8363636363636363,0.8263333286520081,0.4,0.8
9922,29,0.2,0.13333333333333333,0.14606834984270645,0.034482758620689655,0.2,0.2,0.14545454545454545,0.15840915256850246,0.06896551724137931,0.2
15139,6,0.0,0.0,0.0,0.0,0.0,0.3333333333333333,0.0,0.0,0.3333333333333333,0.2
4322,3,0.3333333333333333,0.0,0.0,0.3333333333333333,0.2,0.3333333333333333,0.0,0.0,0.3333333333333333,0.14285714285714285
8089,12,0.6,0.7333333333333334,0.6992148198508501,0.25,0.6,0.4,0.49090909090909085,0.5173633627401372,0.3333333333333333,0.4
12422,23,0.2,0.3333333333333333,0.33916020527361607,0.043478260869565216,0.2,0.2,0.2,0.2837125544970318,0.08695652173913043,0.2
1510,11,0.4,0.5333333333333333,0.5087403079104241,0.18181818181818182,0.4,0.2,0.32727272727272727,0.3301376494471202,0.18181818181818182,0.2
7480,14,0.2,0.26666666666666666,0.2139862647345275,0.07142857142857142,0.2,0.2,0.23636363636363636,0.21222636597291453,0.14285714285714285,0.2
15214,26,0.2,0.06666666666666665,0.13120507751234176,0.038461538461538464,0.2,0.3,0.2,0.22082856303278725,0.11538461538461539,0.3
13494,2,0.0,0.0,0.0,0.0,0.0,0.0,0.0,0.0,0.0,0.0
9389,11,0.2,0.19999999999999998,0.16958010263680803,0.09090909090909091,0.2,0.5,0.36363636363636365,0.3916830858804162,0.45454545454545453,0.5
7402,1,0.0,0.0,0.0,0.0,0.0,0.0,0.0,0.0,0.0,0.0
19185,13,0.0,0.0,0.0,0.0,0.0,0.1,0.05454545454545456,0.06943122193677725,0.07692307692307693,0.1
5319,11,0.6,0.6666666666666666,0.6548086577531306,0.2727272727272727,0.6,0.4,0.49090909090909096,0.49118023727106,0.36363636363636365,0.4
20010,11,0.4,0.4000000000000001,0.3600546145772339,0.18181818181818182,0.4,0.3,0.34545454545454546,0.3030820301798825,0.2727272727272727,0.3
2196,10,0.0,0.0,0.0,0.0,0.0,0.0,0.0,0.0,0.0,0.0
11566,2,0.5,0.5555555555555556,0.6131471927654584,0.5,0.3333333333333333,0.5,0.5263157894736842,0.6131471927654584,0.5,0.3333333333333333
8241,17,0.2,0.3333333333333333,0.33916020527361607,0.058823529411764705,0.2,0.2,0.21818181818181817,0.28634598975246917,0.11764705882352941,0.2
10668,3,0.0,0.0,0.0,0.0,0.0,0.0,0.0,0.0,0.0,0.0
20182,6,0.2,0.26666666666666666,0.2139862647345275,0.16666666666666666,0.2,0.16666666666666666,0.2,0.1909208661789346,0.16666666666666666,0.1
20258,1,0.0,0.0,0.0,0.0,0.0,0.0,0.0,0.0,0.0,0.0
12404,11,0.4,0.4666666666666666,0.48522855511632257,0.18181818181818182,0.4,0.4,0.4,0.4505655760587972,0.36363636363636365,0.4
13947,7,0.2,0.26666666666666666,0.2139862647345275,0.14285714285714285,0.2,0.14285714285714285,0.18367346938775508,0.17342765698823942,0.14285714285714285,0.1
6263,9,0.4,0.39999999999999997,0.4703652827859578,0.2222222222222222,0.4,0.3333333333333333,0.3888888888888889,0.4096984940326576,0.3333333333333333,0.3
9446,11,0.4,0.19999999999999998,0.2772734273550482,0.18181818181818182,0.4,0.3,0.2909090909090909,0.24936270394794896,0.2727272727272727,0.3
7602,15,0.2,0.26666666666666666,0.2139862647345275,0.06666666666666667,0.2,0.2,0.18181818181818182,0.2024832320725062,0.13333333333333333,0.2
4210,9,0.0,0.0,0.0,0.0,0.0,0.0,0.0,0.0,0.0,0.0
11128,9,0.4,0.5333333333333333,0.5087403079104241,0.2222222222222222,0.4,0.3333333333333333,0.40740740740740744,0.43091684059322316,0.3333333333333333,0.3
13014,10,0.0,0.0,0.0,0.0,0.0,0.0,0.0,0.0,0.0,0.0
19200,2,1.0,0.4444444444444445,0.3868528072345415,1.0,0.4,1.0,0.4736842105263158,0.3868528072345415,1.0,0.2222222222222222
19702,5,0.0,0.0,0.0,0.0,0.0,0.0,0.0,0.0,0.0,0.0
5001,6,0.0,0.0,0.0,0.0,0.0,0.16666666666666666,0.0,0.0,0.16666666666666666,0.1
13913,6,0.4,0.4000000000000001,0.3600546145772339,0.3333333333333333,0.4,0.5,0.35555555555555557,0.32124463208930526,0.5,0.3
10590,2,1.0,0.5555555555555556,0.6131471927654584,1.0,0.4,1.0,0.5263157894736842,0.6131471927654584,1.0,0.2222222222222222
10931,15,0.4,0.3333333333333333,0.34519134224686926,0.13333333333333333,0.4,0.6,0.5272727272727273,0.5114531979843772,0.4,0.6
11240,4,0.5,0.5714285714285715,0.5855700749881524,0.5,0.4,0.75,0.5294117647058824,0.5855700749881524,0.75,0.3
2142,18,0.6,0.6,0.6399453854227659,0.16666666666666666,0.6,0.6,0.5636363636363636,0.618519700841442,0.3333333333333333,0.6
19321,9,0.0,0.0,0.0,0.0,0.0,0.2222222222222222,0.05555555555555556,0.07414861528507453,0.2222222222222222,0.2
1252,6,0.2,0.06666666666666665,0.13120507751234176,0.16666666666666666,0.2,0.16666666666666666,0.13333333333333333,0.11706259313796352,0.16666666666666666,0.1
4110,2,0.5,0.5555555555555556,0.6131471927654584,0.5,0.2,0.5,0.5263157894736842,0.6131471927654584,0.5,0.1
3116,20,0.4,0.6,0.5531464700081437,0.1,0.4,0.3,0.43636363636363634,0.43735247915031,0.15,0.3
1473,26,0.6,0.6666666666666666,0.6548086577531306,0.11538461538461539,0.6,0.6,0.6181818181818183,0.6339753813071973,0.23076923076923078,0.6
889,8,0.4,0.4666666666666666,0.38356636737133554,0.25,0.4,0.375,0.3269230769230769,0.2860604285087249,0.375,0.3
3514,11,0.4,0.4666666666666666,0.38356636737133554,0.18181818181818182,0.4,0.3,0.36363636363636365,0.31833954895937183,0.2727272727272727,0.3
538,10,0.0,0.0,0.0,0.0,0.0,0.1,0.036363636363636355,0.06625422345438903,0.1,0.1
19817,19,0.0,0.0,0.0,0.0,0.0,0.3,0.14545454545454548,0.206415932235089,0.15789473684210525,0.3
6343,18,0.2,0.26666666666666666,0.2139862647345275,0.05555555555555555,0.2,0.2,0.2545454545454545,0.21726071285222984,0.1111111111111111,0.2
11593,37,0.2,0.19999999999999998,0.16958010263680803,0.02702702702702703,0.2,0.4,0.3272727272727273,0.32542886242602714,0.10810810810810811,0.4
20154,6,0.0,0.0,0.0,0.0,0.0,0.16666666666666666,0.1111111111111111,0.10778915452451095,0.16666666666666666,0.1
18968,23,0.6,0.7333333333333334,0.6992148198508501,0.13043478260869565,0.6,0.4,0.5454545454545454,0.5271064966405455,0.17391304347826086,0.4
6830,8,0.0,0.0,0.0,0.0,0.0,0.125,0.057692307692307696,0.07979453856244816,0.125,0.1
10534,10,0.0,0.0,0.0,0.0,0.0,0.1,0.05454545454545456,0.06943122193677725,0.1,0.1
13518,11,0.2,0.13333333333333333,0.14606834984270645,0.09090909090909091,0.2,0.1,0.12727272727272726,0.09478836436955078,0.09090909090909091,0.1
15368,4,0.0,0.0,0.0,0.0,0.0,0.25,0.0,0.0,0.25,0.1
16122,14,0.4,0.6,0.5531464700081437,0.14285714285714285,0.4,0.3,0.43636363636363634,0.43735247915031,0.21428571428571427,0.3
18666,11,0.4,0.19999999999999998,0.2772734273550482,0.18181818181818182,0.4,0.4,0.309090909090909,0.31298349214690063,0.36363636363636365,0.4
1378,9,0.0,0.0,0.0,0.0,0.0,0.1111111111111111,0.07407407407407407,0.07834851647149513,0.1111111111111111,0.1
19197,21,0.6,0.6666666666666666,0.6843515475204854,0.14285714285714285,0.6,0.3,0.45454545454545453,0.44409732781325567,0.14285714285714285,0.3
11954,7,0.0,0.0,0.0,0.0,0.0,0.14285714285714285,0.08163265306122448,0.09162544430476363,0.14285714285714285,0.1
12346,8,0.4,0.5333333333333333,0.5087403079104241,0.25,0.4,0.375,0.34615384615384615,0.37941405415148566,0.375,0.3
20128,17,0.2,0.06666666666666665,0.13120507751234176,0.058823529411764705,0.2,0.3,0.2727272727272727,0.23690530871965637,0.17647058823529413,0.3
13420,21,0.0,0.0,0.0,0.0,0.0,0.0,0.0,0.0,0.0,0.0
13799,20,0.0,0.0,0.0,0.0,0.0,0.1,0.07272727272727274,0.07336392209936006,0.05,0.1
12661,13,0.2,0.3333333333333333,0.33916020527361607,0.07692307692307693,0.2,0.1,0.18181818181818182,0.22009176629808014,0.07692307692307693,0.1
7194,13,0.2,0.3333333333333333,0.33916020527361607,0.07692307692307693,0.2,0.1,0.18181818181818182,0.22009176629808014,0.07692307692307693,0.1
19396,5,0.2,0.26666666666666666,0.2139862647345275,0.2,0.2,0.2,0.225,0.2139862647345275,0.2,0.1
767,30,0.6,0.6666666666666666,0.6548086577531306,0.1,0.6,0.8,0.7272727272727273,0.7759944384848244,0.26666666666666666,0.8
20155,1,0.0,0.0,0.0,0.0,0.0,0.0,0.0,0.0,0.0,0.0
17165,7,0.4,0.6,0.5531464700081437,0.2857142857142857,0.4,0.2857142857142857,0.38775510204081626,0.4483039899025303,0.2857142857142857,0.2
7880,9,0.4,0.4666666666666666,0.48522855511632257,0.2222222222222222,0.4,0.2222222222222222,0.31481481481481477,0.3362741576267856,0.2222222222222222,0.2
18570,23,0.4,0.26666666666666666,0.3007851801491498,0.08695652173913043,0.4,0.5,0.39999999999999997,0.4034622814226771,0.21739130434782608,0.5
1678,12,0.4,0.39999999999999997,0.4703652827859578,0.16666666666666666,0.4,0.4,0.41818181818181815,0.4480300279758384,0.3333333333333333,0.4
14739,11,0.0,0.0,0.0,0.0,0.0,0.0,0.0,0.0,0.0,0.0
3525,2,1.0,1.0,1.0,1.0,0.4,1.0,1.0,1.0,1.0,0.2
15905,10,0.4,0.39999999999999997,0.4703652827859578,0.2,0.4,0.4,0.4,0.44485302949345024,0.4,0.4
3242,9,0.2,0.26666666666666666,0.2139862647345275,0.1111111111111111,0.2,0.1111111111111111,0.16666666666666666,0.14829723057014907,0.1111111111111111,0.1
10738,1,1.0,0.0,0.0,1.0,0.2,1.0,0.0,0.0,1.0,0.1
18999,6,0.4,0.4000000000000001,0.3600546145772339,0.3333333333333333,0.4,0.5,0.4666666666666667,0.42903378661381614,0.5,0.3
10026,17,0.4,0.4000000000000001,0.3600546145772339,0.11764705882352941,0.4,0.6,0.4727272727272727,0.5063209639325833,0.35294117647058826,0.6
8876,6,0.0,0.0,0.0,0.0,0.0,0.0,0.0,0.0,0.0,0.0
15301,5,0.2,0.3333333333333333,0.33916020527361607,0.2,0.2,0.2,0.25,0.33916020527361607,0.2,0.1
17674,11,0.6,0.7999999999999999,0.7227265726449518,0.2727272727272727,0.6,0.5,0.5818181818181819,0.6059848036189865,0.45454545454545453,0.5
9159,2,0.0,0.0,0.0,0.0,0.0,0.0,0.0,0.0,0.0,0.0
12796,6,0.2,0.06666666666666665,0.13120507751234176,0.16666666666666666,0.2,0.3333333333333333,0.13333333333333333,0.11706259313796352,0.3333333333333333,0.2
18046,19,0.4,0.4000000000000001,0.3600546145772339,0.10526315789473684,0.4,0.2,0.29090909090909095,0.23365080824310527,0.10526315789473684,0.2
2332,13,0.0,0.0,0.0,0.0,0.0,0.2,0.10909090909090909,0.13961814555374907,0.15384615384615385,0.2
11571,8,0.4,0.6,0.5531464700081437,0.25,0.4,0.375,0.36538461538461536,0.4125317798925535,0.375,0.3
13899,12,0.8,0.6666666666666666,0.6608397947263838,0.3333333333333333,0.8,0.7,0.7454545454545456,0.6468562235661908,0.5833333333333334,0.7
7774,16,0.2,0.19999999999999998,0.16958010263680803,0.0625,0.2,0.2,0.21818181818181823,0.18340980524840012,0.125,0.2
16012,2,0.0,0.0,0.0,0.0,0.0,0.0,0.0,0.0,0.0,0.0
1399,12,0.8,0.9333333333333332,0.8687949224876582,0.3333333333333333,0.8,0.5,0.6363636363636365,0.6274092458891773,0.4166666666666667,0.5
18550,19,0.4,0.3333333333333333,0.34519134224686926,0.10526315789473684,0.4,0.3,0.36363636363636365,0.30240383049385083,0.15789473684210525,0.3
6495,9,0.2,0.3333333333333333,0.33916020527361607,0.1111111111111111,0.2,0.1111111111111111,0.18518518518518517,0.23504554941448538,0.1111111111111111,0.1
15696,4,0.5,0.5714285714285715,0.5855700749881524,0.5,0.4,0.5,0.5294117647058824,0.5855700749881524,0.5,0.2
4987,4,0.25,0.35714285714285715,0.39038004999210163,0.25,0.2,0.25,0.2941176470588235,0.39038004999210163,0.25,0.1
7528,4,0.75,0.7142857142857143,0.7536976112592699,0.75,0.6,0.75,0.7352941176470588,0.7536976112592699,0.75,0.6
9019,6,0.0,0.0,0.0,0.0,0.0,0.0,0.0,0.0,0.0,0.0
17271,33,0.2,0.19999999999999998,0.16958010263680803,0.030303030303030304,0.2,0.2,0.23636363636363636,0.1884441521277154,0.06060606060606061,0.2
10616,1,1.0,1.0,1.0,1.0,0.2,1.0,1.0,1.0,1.0,0.1
9821,37,0.2,0.13333333333333333,0.14606834984270645,0.02702702702702703,0.2,0.1,0.12727272727272726,0.09478836436955078,0.02702702702702703,0.1
5352,2,0.0,0.0,0.0,0.0,0.0,0.0,0.0,0.0,0.0,0.0
5055,5,0.4,0.4666666666666666,0.38356636737133554,0.4,0.4,0.4,0.42500000000000004,0.38356636737133554,0.4,0.2
8833,3,0.3333333333333333,0.0,0.0,0.3333333333333333,0.2,0.6666666666666666,0.0,0.0,0.6666666666666666,0.2
9871,4,0.25,0.28571428571428575,0.2463023887407299,0.25,0.2,0.5,0.2647058823529412,0.2463023887407299,0.5,0.2
6886,6,0.0,0.0,0.0,0.0,0.0,0.0,0.0,0.0,0.0,0.0
16222,9,0.8,0.6666666666666666,0.6608397947263838,0.4444444444444444,0.8,0.7777777777777778,0.7777777777777778,0.6941986898644339,0.7777777777777778,0.7
19493,16,0.2,0.3333333333333333,0.33916020527361607,0.0625,0.2,0.3,0.2545454545454545,0.35314377643380906,0.1875,0.3
2770,4,0.25,0.35714285714285715,0.39038004999210163,0.25,0.2,0.25,0.2941176470588235,0.39038004999210163,0.25,0.1
2314,8,0.0,0.0,0.0,0.0,0.0,0.125,0.09615384615384615,0.0901000086523677,0.125,0.1
8562,14,0.2,0.19999999999999998,0.16958010263680803,0.07142857142857142,0.2,0.1,0.14545454545454548,0.11004588314904007,0.07142857142857142,0.1
11923,4,0.5,0.5,0.4414924137367807,0.5,0.4,0.75,0.5,0.4414924137367807,0.75,0.3
4925,15,0.4,0.3333333333333333,0.34519134224686926,0.13333333333333333,0.4,0.3,0.3090909090909091,0.2902597849695645,0.2,0.3
5514,23,0.0,0.0,0.0,0.0,0.0,0.0,0.0,0.0,0.0,0.0
42,26,0.4,0.4666666666666666,0.48522855511632257,0.07692307692307693,0.4,0.7,0.5818181818181819,0.6659485553357845,0.2692307692307692,0.7
161,2,0.0,0.0,0.0,0.0,0.0,0.0,0.0,0.0,0.0,0.0
10102,2,0.5,0.4444444444444445,0.3868528072345415,0.5,0.2,0.5,0.4736842105263158,0.3868528072345415,0.5,0.1
5094,3,0.3333333333333333,0.0,0.0,0.3333333333333333,0.2,0.6666666666666666,0.0,0.0,0.6666666666666666,0.2222222222222222
9358,8,0.2,0.06666666666666665,0.13120507751234176,0.125,0.2,0.125,0.11538461538461538,0.09785159463516041,0.125,0.1
195,18,0.6,0.6,0.6399453854227659,0.16666666666666666,0.6,0.4,0.47272727272727266,0.48153499054313026,0.2222222222222222,0.4
10754,4,0.0,0.0,0.0,0.0,0.0,0.0,0.0,0.0,0.0,0.0
8756,8,0.0,0.0,0.0,0.0,0.0,0.0,0.0,0.0,0.0,0.0
14044,7,0.4,0.4666666666666666,0.38356636737133554,0.2857142857142857,0.4,0.5714285714285714,0.5306122448979592,0.5004041931001163,0.5714285714285714,0.4
9584,7,0.4,0.4000000000000001,0.3600546145772339,0.2857142857142857,0.4,0.42857142857142855,0.42857142857142855,0.3897233752935701,0.42857142857142855,0.3
8004,14,0.2,0.26666666666666666,0.2139862647345275,0.07142857142857142,0.2,0.1,0.16363636363636364,0.1388624438735545,0.07142857142857142,0.1
7055,10,0.2,0.3333333333333333,0.33916020527361607,0.1,0.2,0.4,0.3272727272727272,0.4283650469300962,0.4,0.4
20341,11,0.2,0.3333333333333333,0.33916020527361607,0.09090909090909091,0.2,0.2,0.2727272727272727,0.2984900352767555,0.18181818181818182,0.2
15208,10,0.2,0.3333333333333333,0.33916020527361607,0.1,0.2,0.2,0.2727272727272727,0.2984900352767555,0.2,0.2
8355,3,0.0,0.0,0.0,0.0,0.0,0.0,0.0,0.0,0.0,0.0
19240,19,0.0,0.0,0.0,0.0,0.0,0.1,0.036363636363636355,0.06625422345438903,0.05263157894736842,0.1
12394,8,0.4,0.39999999999999997,0.4703652827859578,0.25,0.4,0.375,0.3653846153846154,0.43058883596526565,0.375,0.3
3781,1,0.0,0.0,0.0,0.0,0.0,0.0,0.0,0.0,0.0,0.0
16688,3,0.6666666666666666,0.33333333333333337,0.29608191096586517,0.6666666666666666,0.4,1.0,0.3333333333333333,0.29608191096586517,1.0,0.3
9603,9,0.4,0.4666666666666666,0.38356636737133554,0.2222222222222222,0.4,0.3333333333333333,0.35185185185185186,0.3365757659984724,0.3333333333333333,0.3
14904,18,0.4,0.4000000000000001,0.3600546145772339,0.1111111111111111,0.4,0.4,0.34545454545454546,0.363525819896446,0.2222222222222222,0.4
7677,5,0.2,0.3333333333333333,0.33916020527361607,0.2,0.2,0.4,0.25,0.33916020527361607,0.4,0.2
14285,7,0.4,0.4666666666666666,0.48522855511632257,0.2857142857142857,0.4,0.5714285714285714,0.4489795918367347,0.49117205121962165,0.5714285714285714,0.4
19876,3,0.0,0.0,0.0,0.0,0.0,0.6666666666666666,0.0,0.0,0.6666666666666666,0.2
11075,8,0.2,0.13333333333333333,0.14606834984270645,0.125,0.2,0.125,0.1346153846153846,0.1089364926177559,0.125,0.1
15382,3,0.3333333333333333,0.33333333333333337,0.29608191096586517,0.3333333333333333,0.2,0.3333333333333333,0.3333333333333333,0.29608191096586517,0.3333333333333333,0.1
19028,7,0.2,0.06666666666666665,0.13120507751234176,0.14285714285714285,0.2,0.14285714285714285,0.12244897959183672,0.10633668103022983,0.14285714285714285,0.1
16149,5,0.0,0.0,0.0,0.0,0.0,0.2,0.0,0.0,0.2,0.1
13224,7,0.6,0.6666666666666666,0.6548086577531306,0.42857142857142855,0.6,0.7142857142857143,0.5918367346938775,0.6223227366315628,0.7142857142857143,0.5
6761,6,0.4,0.6,0.5531464700081437,0.3333333333333333,0.4,0.6666666666666666,0.4222222222222222,0.4935232796777481,0.6666666666666666,0.4
20092,8,0.4,0.5333333333333333,0.5087403079104241,0.25,0.4,0.625,0.5769230769230769,0.6336228356221872,0.625,0.5
8205,5,0.0,0.0,0.0,0.0,0.0,0.0,0.0,0.0,0.0,0.0
11459,3,0.0,0.0,0.0,0.0,0.0,0.3333333333333333,0.0,0.0,0.3333333333333333,0.1
14110,10,0.2,0.19999999999999998,0.16958010263680803,0.1,0.2,0.1,0.14545454545454548,0.11004588314904007,0.1,0.1
7946,19,0.6,0.46666666666666673,0.4912596920895757,0.15789473684210525,0.6,0.4,0.45454545454545453,0.3882251478215035,0.21052631578947367,0.4
13164,17,0.0,0.0,0.0,0.0,0.0,0.0,0.0,0.0,0.0,0.0
7738,7,0.0,0.0,0.0,0.0,0.0,0.0,0.0,0.0,0.0,0.0
16289,8,0.0,0.0,0.0,0.0,0.0,0.0,0.0,0.0,0.0,0.0
16752,9,0.2,0.3333333333333333,0.33916020527361607,0.1111111111111111,0.2,0.4444444444444444,0.3888888888888888,0.46787474060625456,0.4444444444444444,0.4
10424,15,0.6,0.7999999999999999,0.7227265726449518,0.2,0.6,0.4,0.5818181818181819,0.5473983622993501,0.26666666666666666,0.4
17751,7,0.4,0.19999999999999998,0.2772734273550482,0.2857142857142857,0.4,0.42857142857142855,0.26530612244897955,0.22471947398559272,0.42857142857142855,0.3
9114,6,0.4,0.5333333333333333,0.5087403079104241,0.3333333333333333,0.4,0.5,0.4,0.4539036202482201,0.5,0.42857142857142855
1472,20,0.0,0.0,0.0,0.0,0.0,0.2,0.10909090909090909,0.14201905717762703,0.1,0.2
11591,16,0.6,0.6666666666666666,0.6548086577531306,0.1875,0.6,0.3,0.45454545454545453,0.424926013816671,0.1875,0.3
15277,40,0.2,0.06666666666666665,0.13120507751234176,0.025,0.2,0.2,0.2,0.1635413866202963,0.05,0.2
12380,4,0.0,0.0,0.0,0.0,0.0,0.25,0.0,0.0,0.25,0.1
5477,11,0.2,0.06666666666666665,0.13120507751234176,0.09090909090909091,0.2,0.1,0.10909090909090909,0.08514311764162097,0.09090909090909091,0.1
1097,8,0.2,0.3333333333333333,0.33916020527361607,0.125,0.2,0.375,0.34615384615384615,0.422837249982473,0.375,0.3
18531,3,0.0,0.0,0.0,0.0,0.0,0.0,0.0,0.0,0.0,0.0
556,11,0.2,0.26666666666666666,0.2139862647345275,0.09090909090909091,0.2,0.1,0.16363636363636364,0.1388624438735545,0.09090909090909091,0.1
9534,16,0.0,0.0,0.0,0.0,0.0,0.2,0.16363636363636364,0.1517621910780354,0.125,0.2
5181,7,1.0,1.0,1.0,0.7142857142857143,1.0,0.7142857142857143,0.8163265306122448,0.8104616303452686,0.7142857142857143,0.5
1397,6,0.4,0.3333333333333333,0.31564845247951445,0.3333333333333333,0.4,0.5,0.3333333333333333,0.2816249726597773,0.5,0.3
6159,13,0.2,0.06666666666666665,0.13120507751234176,0.07692307692307693,0.2,0.3,0.2727272727272727,0.23690530871965637,0.23076923076923078,0.3
10755,14,0.4,0.39999999999999997,0.4703652827859578,0.14285714285714285,0.4,0.2,0.29090909090909095,0.3052348839397011,0.14285714285714285,0.2
485,25,0.4,0.26666666666666666,0.3007851801491498,0.08,0.4,0.4,0.41818181818181815,0.34695119186869644,0.16,0.4
10653,3,0.0,0.0,0.0,0.0,0.0,0.3333333333333333,0.0,0.0,0.3333333333333333,0.1
6538,9,0.0,0.0,0.0,0.0,0.0,0.2222222222222222,0.09259259259259259,0.14490437600615513,0.2222222222222222,0.2
16419,11,0.8,0.7333333333333334,0.7860137352654724,0.36363636363636365,0.8,0.6,0.6909090909090909,0.6547216238913564,0.5454545454545454,0.6
4294,20,0.8,0.8666666666666666,0.8539316501572936,0.2,0.8,0.5,0.6545454545454547,0.623574432899073,0.25,0.5
445,7,0.6,0.46666666666666673,0.4912596920895757,0.42857142857142855,0.6,0.5714285714285714,0.5510204081632653,0.49606005632379996,0.5714285714285714,0.4
3980,12,0.0,0.0,0.0,0.0,0.0,0.1,0.09090909090909091,0.07839826897867533,0.08333333333333333,0.1
16529,20,0.0,0.0,0.0,0.0,0.0,0.1,0.05454545454545456,0.06943122193677725,0.05,0.1
875,16,0.4,0.39999999999999997,0.4703652827859578,0.125,0.4,0.5,0.4727272727272727,0.5206178632166881,0.3125,0.5
13814,26,0.4,0.6,0.5531464700081437,0.07692307692307693,0.4,0.2,0.34545454545454546,0.3589542101716347,0.07692307692307693,0.2
2862,3,0.3333333333333333,0.33333333333333337,0.29608191096586517,0.3333333333333333,0.2,0.3333333333333333,0.3333333333333333,0.29608191096586517,0.3333333333333333,0.14285714285714285
4141,9,0.0,0.0,0.0,0.0,0.0,0.0,0.0,0.0,0.0,0.0
3721,7,0.8,0.8000000000000002,0.8304198973631919,0.5714285714285714,0.8,0.7142857142857143,0.6530612244897959,0.6730234638881232,0.7142857142857143,0.5
2375,10,0.2,0.19999999999999998,0.16958010263680803,0.1,0.2,0.2,0.18181818181818182,0.1763001066034291,0.2,0.2
14260,15,0.4,0.4666666666666666,0.48522855511632257,0.13333333333333333,0.4,0.4,0.4727272727272727,0.4666423217456664,0.26666666666666666,0.4
12641,1,1.0,1.0,1.0,1.0,1.0,1.0,1.0,1.0,1.0,1.0
2566,10,1.0,1.0,1.0,0.5,1.0,0.7,0.8181818181818182,0.7859162856301585,0.7,0.7
794,8,0.2,0.3333333333333333,0.33916020527361607,0.125,0.2,0.125,0.1923076923076923,0.2529427027676571,0.125,0.1
6349,11,0.2,0.06666666666666665,0.13120507751234176,0.09090909090909091,0.2,0.3,0.21818181818181817,0.22476126319537001,0.2727272727272727,0.3
13540,14,0.6,0.7999999999999999,0.7227265726449518,0.21428571428571427,0.6,0.3,0.49090909090909096,0.46900009332067477,0.21428571428571427,0.3
12449,16,0.0,0.0,0.0,0.0,0.0,0.0,0.0,0.0,0.0,0.0
13552,4,0.0,0.0,0.0,0.0,0.0,0.25,0.0,0.0,0.25,0.1
12556,5,0.4,0.3333333333333333,0.34519134224686926,0.4,0.4,0.8,0.375,0.34519134224686926,0.8,0.4
8716,10,0.2,0.26666666666666666,0.2139862647345275,0.1,0.2,0.1,0.16363636363636364,0.1388624438735545,0.1,0.1
15886,10,0.0,0.0,0.0,0.0,0.0,0.0,0.0,0.0,0.0,0.0
9788,1,0.0,0.0,0.0,0.0,0.0,0.0,0.0,0.0,0.0,0.0
7341,5,0.0,0.0,0.0,0.0,0.0,0.0,0.0,0.0,0.0,0.0
5684,10,0.8,0.8000000000000002,0.8304198973631919,0.4,0.8,0.6,0.6909090909090909,0.6809047493604335,0.6,0.6
15894,2,0.5,0.5555555555555556,0.6131471927654584,0.5,0.2,1.0,0.5263157894736842,0.6131471927654584,1.0,0.2
10220,3,0.0,0.0,0.0,0.0,0.0,0.6666666666666666,0.0,0.0,0.6666666666666666,0.2
16410,16,0.2,0.06666666666666665,0.13120507751234176,0.0625,0.2,0.2,0.14545454545454545,0.15139734109601,0.125,0.2
3359,7,0.8,0.9333333333333332,0.8687949224876582,0.5714285714285714,0.8,0.8571428571428571,0.8775510204081634,0.8936633189697701,0.8571428571428571,0.8571428571428571
14522,10,0.0,0.0,0.0,0.0,0.0,0.1,0.09090909090909091,0.07839826897867533,0.1,0.1
10407,4,0.5,0.28571428571428575,0.2463023887407299,0.5,0.4,0.75,0.2647058823529412,0.2463023887407299,0.75,0.3
6787,30,0.4,0.6,0.5531464700081437,0.06666666666666667,0.4,0.4,0.49090909090909096,0.5067837010870873,0.13333333333333333,0.4
20237,6,0.0,0.0,0.0,0.0,0.0,0.0,0.0,0.0,0.0,0.0
18622,1,0.0,0.0,0.0,0.0,0.0,0.0,0.0,0.0,0.0,0.0
4031,27,0.0,0.0,0.0,0.0,0.0,0.0,0.0,0.0,0.0,0.0
750,10,0.2,0.26666666666666666,0.2139862647345275,0.1,0.2,0.3,0.3272727272727272,0.2906246349515899,0.3,0.3
17240,13,0.2,0.19999999999999998,0.16958010263680803,0.07692307692307693,0.2,0.1,0.14545454545454548,0.11004588314904007,0.07692307692307693,0.1
5546,18,0.0,0.0,0.0,0.0,0.0,0.1,0.018181818181818177,0.0636207881989517,0.05555555555555555,0.1
5651,3,0.3333333333333333,0.33333333333333337,0.29608191096586517,0.3333333333333333,0.2,0.3333333333333333,0.3333333333333333,0.29608191096586517,0.3333333333333333,0.1
18097,23,0.2,0.3333333333333333,0.33916020527361607,0.043478260869565216,0.2,0.2,0.21818181818181817,0.28634598975246917,0.08695652173913043,0.2
2080,8,0.2,0.13333333333333333,0.14606834984270645,0.125,0.2,0.5,0.28846153846153844,0.27883103983257174,0.5,0.4
17459,13,0.2,0.06666666666666665,0.13120507751234176,0.07692307692307693,0.2,0.3,0.2,0.22082856303278725,0.23076923076923078,0.3
17488,7,0.0,0.0,0.0,0.0,0.0,0.0,0.0,0.0,0.0,0.0
19591,12,0.6,0.5333333333333333,0.6164336326286642,0.25,0.6,0.5,0.4727272727272727,0.5298982599625927,0.4166666666666667,0.5
878,14,0.6,0.46666666666666673,0.4912596920895757,0.21428571428571427,0.6,0.4,0.4727272727272727,0.3921578479840863,0.2857142857142857,0.4
5238,4,0.25,0.35714285714285715,0.39038004999210163,0.25,0.2,0.25,0.2941176470588235,0.39038004999210163,0.25,0.1
18333,8,0.4,0.5333333333333333,0.5087403079104241,0.25,0.4,0.25,0.34615384615384615,0.37941405415148566,0.25,0.2222222222222222
15020,4,0.0,0.0,0.0,0.0,0.0,0.0,0.0,0.0,0.0,0.0
20577,19,0.8,0.7333333333333334,0.7860137352654724,0.21052631578947367,0.8,0.7,0.7090909090909091,0.7183424120903081,0.3684210526315789,0.7
17761,5,0.2,0.06666666666666665,0.13120507751234176,0.2,0.2,0.4,0.15,0.13120507751234176,0.4,0.2
2318,6,0.6,0.7333333333333334,0.6992148198508501,0.5,0.6,0.8333333333333334,0.6888888888888888,0.7316362001126296,0.8333333333333334,0.5
14193,4,0.0,0.0,0.0,0.0,0.0,0.25,0.0,0.0,0.25,0.1
4178,1,0.0,0.0,0.0,0.0,0.0,0.0,0.0,0.0,0.0,0.0
6948,22,0.2,0.3333333333333333,0.33916020527361607,0.045454545454545456,0.2,0.3,0.32727272727272727,0.36792125721353275,0.13636363636363635,0.3
7482,3,0.3333333333333333,0.25,0.23463936301137822,0.3333333333333333,0.2,0.3333333333333333,0.2962962962962963,0.23463936301137822,0.3333333333333333,0.1
8136,14,0.4,0.5333333333333333,0.5087403079104241,0.14285714285714285,0.4,0.3,0.36363636363636365,0.39639187290150923,0.21428571428571427,0.3
13988,6,0.0,0.0,0.0,0.0,0.0,0.0,0.0,0.0,0.0,0.0
17106,6,0.0,0.0,0.0,0.0,0.0,0.0,0.0,0.0,0.0,0.0
17452,12,0.2,0.3333333333333333,0.33916020527361607,0.08333333333333333,0.2,0.4,0.3818181818181818,0.43810818083050457,0.3333333333333333,0.4
18144,24,0.2,0.13333333333333333,0.14606834984270645,0.041666666666666664,0.2,0.1,0.12727272727272726,0.09478836436955078,0.041666666666666664,0.1
16727,14,0.0,0.0,0.0,0.0,0.0,0.2,0.16363636363636364,0.1517621910780354,0.14285714285714285,0.2
17223,9,0.0,0.0,0.0,0.0,0.0,0.0,0.0,0.0,0.0,0.0
2167,21,0.2,0.13333333333333333,0.14606834984270645,0.047619047619047616,0.2,0.3,0.21818181818181823,0.23177307466786254,0.14285714285714285,0.3
15516,3,1.0,0.25,0.23463936301137822,1.0,0.6,1.0,0.2962962962962963,0.23463936301137822,1.0,0.3
17736,6,0.0,0.0,0.0,0.0,0.0,0.3333333333333333,0.0,0.0,0.3333333333333333,0.2
9566,3,0.3333333333333333,0.0,0.0,0.3333333333333333,0.2,0.3333333333333333,0.0,0.0,0.3333333333333333,0.1
18914,2,0.5,0.4444444444444445,0.3868528072345415,0.5,0.2,0.5,0.4736842105263158,0.3868528072345415,0.5,0.1111111111111111
2433,13,0.6,0.6,0.529634717214042,0.23076923076923078,0.6,0.5,0.5818181818181819,0.4915261823075979,0.38461538461538464,0.5
16847,21,0.2,0.3333333333333333,0.33916020527361607,0.047619047619047616,0.2,0.1,0.18181818181818182,0.22009176629808014,0.047619047619047616,0.1
372,17,0.4,0.4666666666666666,0.48522855511632257,0.11764705882352941,0.4,0.2,0.3090909090909091,0.31488013066763093,0.11764705882352941,0.2
11586,13,0.4,0.4000000000000001,0.3600546145772339,0.15384615384615385,0.4,0.4,0.41818181818181815,0.37830330067616963,0.3076923076923077,0.4
13721,8,0.4,0.4666666666666666,0.48522855511632257,0.25,0.4,0.25,0.3269230769230769,0.3618791953854131,0.25,0.2
18312,4,0.25,0.35714285714285715,0.39038004999210163,0.25,0.2,0.25,0.2941176470588235,0.39038004999210163,0.25,0.1
10753,9,0.2,0.13333333333333333,0.14606834984270645,0.1111111111111111,0.2,0.3333333333333333,0.18518518518518517,0.17537722349737472,0.3333333333333333,0.3
7617,4,0.25,0.14285714285714288,0.16812753627111746,0.25,0.2,0.5,0.20588235294117643,0.16812753627111746,0.5,0.2
18096,8,0.0,0.0,0.0,0.0,0.0,0.0,0.0,0.0,0.0,0.0
11278,19,0.0,0.0,0.0,0.0,0.0,0.1,0.07272727272727274,0.07336392209936006,0.05263157894736842,0.1
10135,10,0.2,0.13333333333333333,0.14606834984270645,0.1,0.2,0.1,0.12727272727272726,0.09478836436955078,0.1,0.1
12631,6,0.0,0.0,0.0,0.0,0.0,0.0,0.0,0.0,0.0,0.0
17794,7,0.6,0.6666666666666666,0.6548086577531306,0.42857142857142855,0.6,0.8571428571428571,0.5918367346938775,0.6223227366315628,0.8571428571428571,0.6
10344,2,0.5,0.4444444444444445,0.3868528072345415,0.5,0.2,0.5,0.4736842105263158,0.3868528072345415,0.5,0.1
13516,13,0.2,0.06666666666666665,0.13120507751234176,0.07692307692307693,0.2,0.3,0.2,0.2221278279399327,0.23076923076923078,0.3
1495,4,0.5,0.6428571428571429,0.6366824387328316,0.5,0.4,0.5,0.5588235294117646,0.6366824387328316,0.5,0.2
8023,4,0.5,0.2142857142857143,0.19519002499605081,0.5,0.4,0.5,0.23529411764705882,0.19519002499605081,0.5,0.2
12163,30,0.4,0.6,0.5531464700081437,0.06666666666666667,0.4,0.3,0.43636363636363634,0.43735247915031,0.1,0.3
7973,6,0.2,0.06666666666666665,0.13120507751234176,0.16666666666666666,0.2,0.3333333333333333,0.13333333333333333,0.11706259313796352,0.3333333333333333,0.2
17540,10,0.2,0.3333333333333333,0.33916020527361607,0.1,0.2,0.4,0.36363636363636365,0.4341754806679218,0.4,0.4
5453,11,0.6,0.6,0.6399453854227659,0.2727272727272727,0.6,0.4,0.47272727272727266,0.48153499054313026,0.36363636363636365,0.4
18561,16,0.0,0.0,0.0,0.0,0.0,0.1,0.036363636363636355,0.06625422345438903,0.0625,0.1
2724,18,0.0,0.0,0.0,0.0,0.0,0.0,0.0,0.0,0.0,0.0
10439,11,0.2,0.3333333333333333,0.33916020527361607,0.09090909090909091,0.2,0.2,0.2545454545454545,0.29345568839744024,0.18181818181818182,0.2
10256,23,0.4,0.26666666666666666,0.3007851801491498,0.08695652173913043,0.4,0.4,0.4,0.34301849170611365,0.17391304347826086,0.4
6742,25,0.4,0.39999999999999997,0.4703652827859578,0.08,0.4,0.6,0.5090909090909091,0.5868720866710772,0.24,0.6
7710,15,0.2,0.3333333333333333,0.33916020527361607,0.06666666666666667,0.2,0.2,0.2,0.2837125544970318,0.13333333333333333,0.2
3624,7,0.2,0.13333333333333333,0.14606834984270645,0.14285714285714285,0.2,0.14285714285714285,0.14285714285714285,0.11838279295536291,0.14285714285714285,0.1
19598,7,0.8,0.6666666666666666,0.6608397947263838,0.5714285714285714,0.8,1.0,0.6938775510204082,0.6272107417357413,1.0,0.7
9860,17,0.4,0.39999999999999997,0.4703652827859578,0.11764705882352941,0.4,0.5,0.47272727272727283,0.5193185983095426,0.29411764705882354,0.5
16960,5,0.2,0.19999999999999998,0.16958010263680803,0.2,0.2,0.4,0.2,0.16958010263680803,0.4,0.2
18428,1,1.0,0.0,0.0,1.0,0.2,1.0,0.0,0.0,1.0,0.1
17074,3,0.6666666666666666,0.6666666666666667,0.7039180890341346,0.6666666666666666,0.5,0.6666666666666666,0.6666666666666666,0.7039180890341346,0.6666666666666666,0.5
19902,7,0.2,0.19999999999999998,0.16958010263680803,0.14285714285714285,0.2,0.42857142857142855,0.16326530612244897,0.13743816645714543,0.42857142857142855,0.3
15213,9,0.2,0.26666666666666666,0.2139862647345275,0.1111111111111111,0.2,0.3333333333333333,0.25925925925925924,0.29320160657630423,0.3333333333333333,0.3
19544,15,0.2,0.13333333333333333,0.14606834984270645,0.06666666666666667,0.2,0.3,0.21818181818181817,0.23047380976071705,0.2,0.3
6365,5,0.0,0.0,0.0,0.0,0.0,0.0,0.0,0.0,0.0,0.0
3841,6,0.6,0.7333333333333334,0.6992148198508501,0.5,0.6,0.6666666666666666,0.5777777777777777,0.6238470455881188,0.6666666666666666,0.4
4513,2,0.0,0.0,0.0,0.0,0.0,0.0,0.0,0.0,0.0,0.0
10697,16,0.6,0.6666666666666666,0.6548086577531306,0.1875,0.6,0.5,0.5636363636363636,0.5669450709942979,0.3125,0.5
18024,2,0.0,0.0,0.0,0.0,0.0,0.0,0.0,0.0,0.0,0.0
9390,18,0.6,0.7333333333333334,0.6992148198508501,0.16666666666666666,0.6,0.3,0.47272727272727266,0.4537425745411855,0.16666666666666666,0.3
8939,6,0.0,0.0,0.0,0.0,0.0,0.16666666666666666,0.0,0.0,0.16666666666666666,0.1
3426,1,1.0,0.0,0.0,1.0,0.2,1.0,0.0,0.0,1.0,0.16666666666666666
8660,7,0.0,0.0,0.0,0.0,0.0,0.2857142857142857,0.0,0.0,0.2857142857142857,0.2
1402,10,0.2,0.3333333333333333,0.33916020527361607,0.1,0.2,0.1,0.18181818181818182,0.22009176629808014,0.1,0.1
20148,10,0.6,0.5333333333333333,0.5147714448836773,0.3,0.6,0.4,0.45454545454545453,0.40030566811860463,0.4,0.4
3492,1,0.0,0.0,0.0,0.0,0.0,0.0,0.0,0.0,0.0,0.0
4875,10,0.0,0.0,0.0,0.0,0.0,0.1,0.036363636363636355,0.06625422345438903,0.1,0.1
17366,7,0.0,0.0,0.0,0.0,0.0,0.14285714285714285,0.0,0.0,0.14285714285714285,0.1111111111111111
1716,6,0.2,0.3333333333333333,0.33916020527361607,0.16666666666666666,0.2,0.16666666666666666,0.2222222222222222,0.30260241349881345,0.16666666666666666,0.1
6645,5,0.8,0.9333333333333332,0.8687949224876582,0.8,0.8,0.8,0.8500000000000001,0.8687949224876582,0.8,0.8
18234,26,0.4,0.6,0.5531464700081437,0.07692307692307693,0.4,0.3,0.41818181818181815,0.43231813227099475,0.11538461538461539,0.3
9075,7,0.2,0.19999999999999998,0.16958010263680803,0.14285714285714285,0.2,0.2857142857142857,0.16326530612244897,0.13743816645714543,0.2857142857142857,0.2
6648,4,0.0,0.0,0.0,0.0,0.0,0.25,0.0,0.0,0.25,0.1
5913,6,0.0,0.0,0.0,0.0,0.0,0.0,0.0,0.0,0.0,0.0
4252,21,0.4,0.6,0.5531464700081437,0.09523809523809523,0.4,0.3,0.4,0.4283854321084119,0.14285714285714285,0.3
6220,7,0.2,0.3333333333333333,0.33916020527361607,0.14285714285714285,0.2,0.5714285714285714,0.38775510204081626,0.4644147025690223,0.5714285714285714,0.4
737,4,0.0,0.0,0.0,0.0,0.0,0.0,0.0,0.0,0.0,0.0
14054,7,0.2,0.13333333333333333,0.14606834984270645,0.14285714285714285,0.2,0.14285714285714285,0.14285714285714285,0.11838279295536291,0.14285714285714285,0.1
14686,13,0.2,0.3333333333333333,0.33916020527361607,0.07692307692307693,0.2,0.2,0.2727272727272727,0.2984900352767555,0.15384615384615385,0.2
17725,8,0.2,0.13333333333333333,0.14606834984270645,0.125,0.2,0.125,0.1346153846153846,0.1089364926177559,0.125,0.1
10213,8,0.2,0.13333333333333333,0.14606834984270645,0.125,0.2,0.25,0.23076923076923075,0.19903650127012357,0.25,0.2
12300,6,0.2,0.06666666666666665,0.13120507751234176,0.16666666666666666,0.2,0.8333333333333334,0.24444444444444446,0.22485174766247445,0.8333333333333334,0.5
16376,18,0.4,0.5333333333333333,0.5087403079104241,0.1111111111111111,0.4,0.3,0.4,0.40350157154648025,0.16666666666666666,0.3
19854,9,0.2,0.13333333333333333,0.14606834984270645,0.1111111111111111,0.2,0.3333333333333333,0.25925925925925924,0.2537257399688699,0.3333333333333333,0.3
18778,4,0.25,0.35714285714285715,0.39038004999210163,0.25,0.2,0.5,0.2941176470588235,0.39038004999210163,0.5,0.2
9196,12,0.0,0.0,0.0,0.0,0.0,0.0,0.0,0.0,0.0,0.0
12409,8,1.0,1.0,1.0,0.625,1.0,1.0,1.0,1.0,1.0,0.8
9886,3,0.0,0.0,0.0,0.0,0.0,0.3333333333333333,0.0,0.0,0.3333333333333333,0.1
12052,25,0.6,0.6666666666666666,0.6548086577531306,0.12,0.6,0.5,0.5818181818181819,0.5695785062497354,0.2,0.5
3558,5,0.0,0.0,0.0,0.0,0.0,0.0,0.0,0.0,0.0,0.0
19568,15,0.2,0.3333333333333333,0.33916020527361607,0.06666666666666667,0.2,0.4,0.4,0.44128517931289274,0.26666666666666666,0.4
17465,25,0.4,0.3333333333333333,0.34519134224686926,0.08,0.4,0.4,0.36363636363636365,0.35969100690634176,0.16,0.4
11836,13,0.0,0.0,0.0,0.0,0.0,0.0,0.0,0.0,0.0,0.0
1087,19,0.8,0.7333333333333334,0.7860137352654724,0.21052631578947367,0.8,0.9,0.8363636363636363,0.8611375561264454,0.47368421052631576,0.9
11496,2,1.0,0.5555555555555556,0.6131471927654584,1.0,0.4,1.0,0.5263157894736842,0.6131471927654584,1.0,0.25
11885,13,0.2,0.13333333333333333,0.14606834984270645,0.07692307692307693,0.2,0.2,0.21818181818181817,0.1731866333482261,0.15384615384615385,0.2
5177,52,1.0,1.0,1.0,0.09615384615384616,1.0,0.9,0.9454545454545454,0.9305687780632228,0.17307692307692307,0.9
11848,8,0.0,0.0,0.0,0.0,0.0,0.25,0.17307692307692307,0.17441424290825341,0.25,0.2
15562,5,0.4,0.3333333333333333,0.31564845247951445,0.4,0.4,0.4,0.375,0.31564845247951445,0.4,0.2
13086,10,0.2,0.26666666666666666,0.2139862647345275,0.1,0.2,0.2,0.2545454545454545,0.21726071285222984,0.2,0.2
8382,6,0.2,0.19999999999999998,0.16958010263680803,0.16666666666666666,0.2,0.16666666666666666,0.17777777777777778,0.15130120674940672,0.16666666666666666,0.1
1324,7,0.2,0.3333333333333333,0.33916020527361607,0.14285714285714285,0.2,0.7142857142857143,0.2857142857142857,0.3665017772190545,0.7142857142857143,0.5
14609,2,0.0,0.0,0.0,0.0,0.0,0.0,0.0,0.0,0.0,0.0
15161,22,0.0,0.0,0.0,0.0,0.0,0.0,0.0,0.0,0.0,0.0
823,7,0.0,0.0,0.0,0.0,0.0,0.14285714285714285,0.0,0.0,0.14285714285714285,0.1
12475,12,0.2,0.3333333333333333,0.33916020527361607,0.08333333333333333,0.2,0.3,0.2727272727272727,0.3557772116892464,0.25,0.3
17508,19,0.8,0.6666666666666666,0.6608397947263838,0.21052631578947367,0.8,0.8,0.8,0.7162874455029681,0.42105263157894735,0.8
2500,7,0.6,0.6,0.6399453854227659,0.42857142857142855,0.6,1.0,0.6734693877551019,0.7081895500563975,1.0,0.7
9898,11,0.0,0.0,0.0,0.0,0.0,0.0,0.0,0.0,0.0,0.0
6026,6,0.0,0.0,0.0,0.0,0.0,0.0,0.0,0.0,0.0,0.0
1838,27,0.2,0.19999999999999998,0.16958010263680803,0.037037037037037035,0.2,0.3,0.2727272727272727,0.2546983755821044,0.1111111111111111,0.3
17519,9,0.2,0.19999999999999998,0.16958010263680803,0.1111111111111111,0.2,0.2222222222222222,0.24074074074074073,0.20124768870643617,0.2222222222222222,0.2
4617,24,0.2,0.19999999999999998,0.16958010263680803,0.041666666666666664,0.2,0.3,0.2727272727272727,0.2546983755821044,0.125,0.3
6013,13,0.4,0.5333333333333333,0.5087403079104241,0.15384615384615385,0.4,0.2,0.32727272727272727,0.3301376494471202,0.15384615384615385,0.2
2431,26,0.2,0.19999999999999998,0.16958010263680803,0.038461538461538464,0.2,0.1,0.14545454545454548,0.11004588314904007,0.038461538461538464,0.1
7974,6,0.0,0.0,0.0,0.0,0.0,0.16666666666666666,0.1111111111111111,0.10778915452451095,0.16666666666666666,0.1
18448,11,0.4,0.19999999999999998,0.2772734273550482,0.18181818181818182,0.4,0.5,0.36363636363636354,0.38317041576387256,0.45454545454545453,0.5
19767,1,1.0,1.0,1.0,1.0,0.2,1.0,1.0,1.0,1.0,0.2
8,21,0.2,0.13333333333333333,0.14606834984270645,0.047619047619047616,0.2,0.4,0.2727272727272727,0.30306164500156685,0.19047619047619047,0.4
10015,10,0.2,0.06666666666666665,0.13120507751234176,0.1,0.2,0.1,0.10909090909090909,0.08514311764162097,0.1,0.1
5839,11,0.2,0.3333333333333333,0.33916020527361607,0.09090909090909091,0.2,0.25,0.2545454545454545,0.33725693702354287,0.18181818181818182,0.25
689,8,0.0,0.0,0.0,0.0,0.0,0.125,0.07692307692307693,0.08431423425588572,0.125,0.1
9478,11,0.2,0.13333333333333333,0.14606834984270645,0.09090909090909091,0.2,0.3,0.2545454545454546,0.2375835084056881,0.2727272727272727,0.3
12515,7,0.0,0.0,0.0,0.0,0.0,0.14285714285714285,0.0,0.0,0.14285714285714285,0.1
12586,9,0.2,0.26666666666666666,0.2139862647345275,0.1111111111111111,0.2,0.2222222222222222,0.16666666666666666,0.14829723057014907,0.2222222222222222,0.2
13486,1,1.0,1.0,1.0,1.0,0.25,1.0,1.0,1.0,1.0,0.25
9791,7,0.0,0.0,0.0,0.0,0.0,0.14285714285714285,0.1020408163265306,0.0979129253499678,0.14285714285714285,0.1
17341,6,0.4,0.5333333333333333,0.5087403079104241,0.3333333333333333,0.4,0.3333333333333333,0.4,0.4539036202482201,0.3333333333333333,0.2
5906,2,0.0,0.0,0.0,0.0,0.0,0.0,0.0,0.0,0.0,0.0
20138,6,0.6,0.39999999999999997,0.4468535299918562,0.5,0.6,0.5,0.4666666666666667,0.39868756579774084,0.5,0.3
4321,11,0.0,0.0,0.0,0.0,0.0,0.1,0.036363636363636355,0.06625422345438903,0.09090909090909091,0.1
5406,33,0.6,0.7333333333333334,0.6992148198508501,0.09090909090909091,0.6,0.5,0.618181818181818,0.601572065456638,0.15151515151515152,0.5
14719,8,0.0,0.0,0.0,0.0,0.0,0.0,0.0,0.0,0.0,0.0
13653,14,0.2,0.13333333333333333,0.14606834984270645,0.07142857142857142,0.2,0.1,0.12727272727272726,0.09478836436955078,0.07142857142857142,0.1
9303,3,0.0,0.0,0.0,0.0,0.0,0.0,0.0,0.0,0.0,0.0
11199,13,0.2,0.3333333333333333,0.33916020527361607,0.07692307692307693,0.2,0.1,0.18181818181818182,0.22009176629808014,0.07692307692307693,0.1
17931,10,0.4,0.4666666666666666,0.38356636737133554,0.2,0.4,0.3,0.36363636363636365,0.31833954895937183,0.3,0.3
3833,17,0.6,0.5333333333333333,0.6164336326286642,0.17647058823529413,0.6,0.5,0.509090909090909,0.5357086937004182,0.29411764705882354,0.5
3803,3,0.0,0.0,0.0,0.0,0.0,0.0,0.0,0.0,0.0,0.0
18538,12,0.0,0.0,0.0,0.0,0.0,0.1,0.09090909090909091,0.07839826897867533,0.08333333333333333,0.1
13902,5,0.0,0.0,0.0,0.0,0.0,0.0,0.0,0.0,0.0,0.0
4452,19,0.8,0.6666666666666666,0.6608397947263838,0.21052631578947367,0.8,0.5,0.5818181818181819,0.4950940324881554,0.2631578947368421,0.5
8760,11,0.0,0.0,0.0,0.0,0.0,0.0,0.0,0.0,0.0,0.0
6812,19,0.2,0.19999999999999998,0.16958010263680803,0.05263157894736842,0.2,0.4,0.29090909090909095,0.31646181538412904,0.21052631578947367,0.4
12274,8,0.0,0.0,0.0,0.0,0.0,0.0,0.0,0.0,0.0,0.0
11966,3,0.0,0.0,0.0,0.0,0.0,0.0,0.0,0.0,0.0,0.0
12015,25,0.4,0.3333333333333333,0.34519134224686926,0.08,0.4,0.3,0.36363636363636365,0.30240383049385083,0.12,0.3
11022,6,0.0,0.0,0.0,0.0,0.0,0.3333333333333333,0.0,0.0,0.3333333333333333,0.2
18392,19,0.2,0.26666666666666666,0.2139862647345275,0.05263157894736842,0.2,0.1,0.16363636363636364,0.1388624438735545,0.05263157894736842,0.1
12980,22,0.6,0.6,0.6399453854227659,0.13636363636363635,0.6,0.3,0.43636363636363634,0.4152807670887412,0.13636363636363635,0.3
7574,22,0.6,0.6666666666666666,0.6548086577531306,0.13636363636363635,0.6,0.4,0.509090909090909,0.4943572357534482,0.18181818181818182,0.4
19337,14,0.2,0.19999999999999998,0.16958010263680803,0.07142857142857142,0.2,0.3,0.30909090909090914,0.26180807422707547,0.21428571428571427,0.3
16642,5,0.0,0.0,0.0,0.0,0.0,0.4,0.0,0.0,0.4,0.2
19376,26,1.0,1.0,1.0,0.19230769230769232,1.0,0.7,0.8727272727272727,0.7967610662472991,0.2692307692307692,0.7
6379,14,0.0,0.0,0.0,0.0,0.0,0.2,0.12727272727272726,0.14465249243306436,0.14285714285714285,0.2
13619,14,0.2,0.3333333333333333,0.33916020527361607,0.07142857142857142,0.2,0.2,0.2727272727272727,0.2984900352767555,0.14285714285714285,0.2
16810,6,0.0,0.0,0.0,0.0,0.0,0.16666666666666666,0.1111111111111111,0.10778915452451095,0.16666666666666666,0.1
9645,13,0.6,0.6666666666666666,0.6548086577531306,0.23076923076923078,0.6,0.5,0.5636363636363636,0.5669450709942979,0.38461538461538464,0.5
13209,2,1.0,0.0,0.0,1.0,0.4,1.0,0.0,0.0,1.0,0.2
9972,29,0.6,0.7333333333333334,0.6992148198508501,0.10344827586206896,0.6,0.7,0.6545454545454545,0.7264127302306636,0.2413793103448276,0.7
16277,3,0.3333333333333333,0.33333333333333337,0.29608191096586517,0.3333333333333333,0.2,1.0,0.3333333333333333,0.29608191096586517,1.0,0.3
4480,12,0.0,0.0,0.0,0.0,0.0,0.0,0.0,0.0,0.0,0.0
18085,24,0.0,0.0,0.0,0.0,0.0,0.1,0.036363636363636355,0.06625422345438903,0.041666666666666664,0.1
3054,39,0.6,0.5333333333333333,0.6164336326286642,0.07692307692307693,0.6,0.5,0.5272727272727272,0.539641393863001,0.1282051282051282,0.5
3613,31,0.4,0.5333333333333333,0.5087403079104241,0.06451612903225806,0.4,0.5,0.49090909090909096,0.5391870169376466,0.16129032258064516,0.5
17779,10,0.4,0.4666666666666666,0.48522855511632257,0.2,0.4,0.3,0.4,0.3932783996463063,0.3,0.3
7575,4,0.0,0.0,0.0,0.0,0.0,0.25,0.0,0.0,0.25,0.1111111111111111
9963,20,0.4,0.4666666666666666,0.38356636737133554,0.1,0.4,0.4,0.4,0.38459377241376086,0.2,0.4
17778,9,0.0,0.0,0.0,0.0,0.0,0.0,0.0,0.0,0.0,0.0
3046,7,0.4,0.5333333333333333,0.5087403079104241,0.2857142857142857,0.4,0.42857142857142855,0.36734693877551017,0.4123144993714362,0.42857142857142855,0.3
6938,7,0.2,0.3333333333333333,0.33916020527361607,0.14285714285714285,0.2,0.2857142857142857,0.2040816326530612,0.27487633291429087,0.2857142857142857,0.2
11470,8,0.2,0.13333333333333333,0.14606834984270645,0.125,0.2,0.25,0.1346153846153846,0.1089364926177559,0.25,0.2
11544,3,0.0,0.0,0.0,0.0,0.0,0.0,0.0,0.0,0.0,0.0
6722,9,0.4,0.5333333333333333,0.5087403079104241,0.2222222222222222,0.4,0.2222222222222222,0.3333333333333333,0.352568324121728,0.2222222222222222,0.2
4004,20,0.8,0.8000000000000002,0.8304198973631919,0.2,0.8,0.4,0.5818181818181818,0.5388856921828065,0.2,0.4
8325,28,0.6,0.7333333333333334,0.6992148198508501,0.10714285714285714,0.6,0.5,0.5636363636363636,0.5907272848394972,0.17857142857142858,0.5
14595,6,0.0,0.0,0.0,0.0,0.0,0.0,0.0,0.0,0.0,0.0
14141,9,0.4,0.4000000000000001,0.3600546145772339,0.2222222222222222,0.4,0.3333333333333333,0.3333333333333333,0.32028159950352986,0.3333333333333333,0.3
9823,14,0.0,0.0,0.0,0.0,0.0,0.0,0.0,0.0,0.0,0.0
2787,5,0.2,0.3333333333333333,0.33916020527361607,0.2,0.2,0.2,0.25,0.33916020527361607,0.2,0.1
6710,9,0.4,0.5333333333333333,0.5087403079104241,0.2222222222222222,0.4,0.2222222222222222,0.3333333333333333,0.352568324121728,0.2222222222222222,0.2
7803,6,0.2,0.06666666666666665,0.13120507751234176,0.16666666666666666,0.2,0.5,0.24444444444444446,0.22485174766247445,0.5,0.3
1541,15,0.0,0.0,0.0,0.0,0.0,0.1,0.05454545454545456,0.06943122193677725,0.06666666666666667,0.1
7941,2,0.5,0.4444444444444445,0.3868528072345415,0.5,0.5,0.5,0.4736842105263158,0.3868528072345415,0.5,0.5
8035,7,0.2,0.3333333333333333,0.33916020527361607,0.14285714285714285,0.2,0.2857142857142857,0.2857142857142857,0.3665017772190545,0.2857142857142857,0.2
9329,3,0.6666666666666666,0.4166666666666667,0.46927872602275644,0.6666666666666666,0.4,0.6666666666666666,0.37037037037037035,0.46927872602275644,0.6666666666666666,0.2
6019,21,0.4,0.5333333333333333,0.5087403079104241,0.09523809523809523,0.4,0.3,0.38181818181818183,0.3995688713838974,0.14285714285714285,0.3
3505,29,0.4,0.39999999999999997,0.4703652827859578,0.06896551724137931,0.4,0.4,0.38181818181818183,0.4409203293308674,0.13793103448275862,0.4
15725,9,0.0,0.0,0.0,0.0,0.0,0.1111111111111111,0.03703703703703703,0.0707557607210806,0.1111111111111111,0.1
9035,18,0.2,0.13333333333333333,0.14606834984270645,0.05555555555555555,0.2,0.2,0.21818181818181817,0.1731866333482261,0.1111111111111111,0.2
4328,16,0.2,0.13333333333333333,0.14606834984270645,0.0625,0.2,0.1,0.12727272727272726,0.09478836436955078,0.0625,0.1
3409,8,0.4,0.4000000000000001,0.3600546145772339,0.25,0.4,0.375,0.3076923076923077,0.2685255697426522,0.375,0.3
14698,2,0.5,0.0,0.0,0.5,0.2,0.5,0.0,0.0,0.5,0.16666666666666666
4354,16,0.4,0.4666666666666666,0.48522855511632257,0.125,0.4,0.5,0.43636363636363634,0.5181190644203317,0.3125,0.5
16756,6,0.0,0.0,0.0,0.0,0.0,0.0,0.0,0.0,0.0,0.0
6294,15,0.0,0.0,0.0,0.0,0.0,0.2,0.054545454545454536,0.12987501165334073,0.13333333333333333,0.2
14473,10,0.2,0.26666666666666666,0.2139862647345275,0.1,0.2,0.1,0.16363636363636364,0.1388624438735545,0.1,0.1
9874,27,0.6,0.5333333333333333,0.5147714448836773,0.1111111111111111,0.6,0.7,0.6545454545454545,0.61886564587798,0.25925925925925924,0.7
1318,7,0.8,0.9333333333333332,0.8687949224876582,0.5714285714285714,0.8,0.7142857142857143,0.7755102040816326,0.7957503936198024,0.7142857142857143,0.5
4166,6,0.0,0.0,0.0,0.0,0.0,0.0,0.0,0.0,0.0,0.0
15441,13,0.0,0.0,0.0,0.0,0.0,0.0,0.0,0.0,0.0,0.0
4740,7,0.0,0.0,0.0,0.0,0.0,0.0,0.0,0.0,0.0,0.0
2086,18,0.0,0.0,0.0,0.0,0.0,0.0,0.0,0.0,0.0,0.0
6616,3,0.3333333333333333,0.33333333333333337,0.29608191096586517,0.3333333333333333,0.2,0.3333333333333333,0.3333333333333333,0.29608191096586517,0.3333333333333333,0.1
1373,1,0.0,0.0,0.0,0.0,0.0,0.0,0.0,0.0,0.0,0.0
17661,17,0.0,0.0,0.0,0.0,0.0,0.0,0.0,0.0,0.0,0.0
9169,7,0.4,0.5333333333333333,0.5087403079104241,0.2857142857142857,0.4,0.2857142857142857,0.36734693877551017,0.4123144993714362,0.2857142857142857,0.2
11028,5,0.0,0.0,0.0,0.0,0.0,0.4,0.0,0.0,0.4,0.2
5739,6,0.2,0.3333333333333333,0.33916020527361607,0.16666666666666666,0.2,0.3333333333333333,0.2222222222222222,0.30260241349881345,0.3333333333333333,0.2222222222222222
12853,3,0.0,0.0,0.0,0.0,0.0,0.3333333333333333,0.0,0.0,0.3333333333333333,0.1
10154,8,0.4,0.3333333333333333,0.34519134224686926,0.25,0.4,0.375,0.28846153846153844,0.25744067176005675,0.375,0.3
14403,5,0.0,0.0,0.0,0.0,0.0,0.2,0.0,0.0,0.2,0.1
12205,9,0.6,0.6,0.6399453854227659,0.3333333333333333,0.6,0.5555555555555556,0.574074074074074,0.597977029460981,0.5555555555555556,0.5
11567,1,0.0,0.0,0.0,0.0,0.0,1.0,0.0,0.0,1.0,0.1
13235,5,0.2,0.13333333333333333,0.14606834984270645,0.2,0.2,0.2,0.175,0.14606834984270645,0.2,0.1
5077,9,0.0,0.0,0.0,0.0,0.0,0.0,0.0,0.0,0.0,0.0
4797,5,0.2,0.26666666666666666,0.2139862647345275,0.2,0.2,0.2,0.225,0.2139862647345275,0.2,0.1
4762,7,0.4,0.6,0.5531464700081437,0.2857142857142857,0.4,0.42857142857142855,0.38775510204081626,0.4483039899025303,0.42857142857142855,0.3
20114,40,0.2,0.3333333333333333,0.33916020527361607,0.025,0.2,0.2,0.2545454545454545,0.29345568839744024,0.05,0.2
19989,6,0.0,0.0,0.0,0.0,0.0,0.0,0.0,0.0,0.0,0.0
7931,2,0.0,0.0,0.0,0.0,0.0,0.0,0.0,0.0,0.0,0.0
8306,18,0.6,0.6,0.6399453854227659,0.16666666666666666,0.6,0.4,0.45454545454545453,0.4789015552876929,0.2222222222222222,0.4
1245,11,0.8,0.7333333333333334,0.7860137352654724,0.36363636363636365,0.8,0.6,0.6727272727272727,0.6496872770120411,0.5454545454545454,0.6
10170,3,0.0,0.0,0.0,0.0,0.0,0.0,0.0,0.0,0.0,0.0
13169,4,0.0,0.0,0.0,0.0,0.0,0.0,0.0,0.0,0.0,0.0
8182,5,0.6,0.7999999999999999,0.7227265726449518,0.6,0.6,0.6,0.675,0.7227265726449518,0.6,0.3
17352,25,0.2,0.3333333333333333,0.33916020527361607,0.04,0.2,0.3,0.32727272727272727,0.36792125721353275,0.12,0.3
222,16,0.6,0.6666666666666666,0.6843515475204854,0.1875,0.6,0.3,0.45454545454545453,0.44409732781325567,0.1875,0.3
375,12,0.2,0.19999999999999998,0.16958010263680803,0.08333333333333333,0.2,0.5,0.3272727272727273,0.38271603883851807,0.4166666666666667,0.5
7952,8,0.4,0.39999999999999997,0.4703652827859578,0.25,0.4,0.25,0.3076923076923077,0.35079429740281753,0.25,0.2
17554,2,1.0,1.0,1.0,1.0,0.4,1.0,1.0,1.0,1.0,0.3333333333333333
4978,5,0.0,0.0,0.0,0.0,0.0,0.0,0.0,0.0,0.0,0.0
19212,13,0.0,0.0,0.0,0.0,0.0,0.2,0.10909090909090909,0.14201905717762703,0.15384615384615385,0.2
10057,22,0.4,0.26666666666666666,0.3007851801491498,0.09090909090909091,0.4,0.4,0.3636363636363636,0.33480714634441017,0.18181818181818182,0.4
10168,19,0.0,0.0,0.0,0.0,0.0,0.1,0.09090909090909091,0.07839826897867533,0.05263157894736842,0.1
12888,10,0.2,0.13333333333333333,0.14606834984270645,0.1,0.2,0.3,0.2,0.22784037450527972,0.3,0.3
10198,2,0.0,0.0,0.0,0.0,0.0,0.5,0.0,0.0,0.5,0.1
3799,15,0.2,0.3333333333333333,0.33916020527361607,0.06666666666666667,0.2,0.2,0.21818181818181817,0.28634598975246917,0.13333333333333333,0.2
17955,12,0.4,0.4000000000000001,0.3600546145772339,0.16666666666666666,0.4,0.3,0.30909090909090914,0.2972715964420569,0.25,0.3
11880,3,0.0,0.0,0.0,0.0,0.0,0.0,0.0,0.0,0.0,0.0
11526,6,0.2,0.19999999999999998,0.16958010263680803,0.16666666666666666,0.2,0.5,0.2888888888888889,0.25909036127391766,0.5,0.3
6865,8,0.2,0.26666666666666666,0.2139862647345275,0.125,0.2,0.375,0.25,0.243903311380782,0.375,0.3
13313,1,1.0,1.0,1.0,1.0,0.2,1.0,1.0,1.0,1.0,0.16666666666666666
4688,5,1.0,1.0,1.0,1.0,1.0,1.0,1.0,1.0,1.0,0.625
13217,21,0.4,0.3333333333333333,0.34519134224686926,0.09523809523809523,0.4,0.5,0.45454545454545453,0.43938854079216255,0.23809523809523808,0.5
4912,18,0.6,0.6666666666666666,0.6548086577531306,0.16666666666666666,0.6,0.3,0.45454545454545453,0.424926013816671,0.16666666666666666,0.3
10528,5,0.2,0.06666666666666665,0.13120507751234176,0.2,0.2,0.2,0.15,0.13120507751234176,0.2,0.1
1696,13,0.0,0.0,0.0,0.0,0.0,0.0,0.0,0.0,0.0,0.0
2097,12,0.0,0.0,0.0,0.0,0.0,0.0,0.0,0.0,0.0,0.0
13828,23,0.4,0.19999999999999998,0.2772734273550482,0.08695652173913043,0.4,0.4,0.3636363636363636,0.3245839744442361,0.17391304347826086,0.4
4226,1,0.0,0.0,0.0,0.0,0.0,0.0,0.0,0.0,0.0,0.0
2929,1,1.0,1.0,1.0,1.0,0.2,1.0,1.0,1.0,1.0,0.1
8650,23,1.0,1.0,1.0,0.21739130434782608,1.0,0.8,0.9272727272727274,0.866947989864271,0.34782608695652173,0.8
18759,10,0.4,0.4000000000000001,0.3600546145772339,0.2,0.4,0.6,0.5090909090909091,0.5152880109744814,0.6,0.6
11764,7,0.4,0.39999999999999997,0.4703652827859578,0.2857142857142857,0.4,0.42857142857142855,0.42857142857142855,0.47912593929448843,0.42857142857142855,0.3
14428,5,0.6,0.7333333333333334,0.6992148198508501,0.6,0.6,0.6,0.6499999999999999,0.6992148198508501,0.6,0.3
11890,11,0.0,0.0,0.0,0.0,0.0,0.0,0.0,0.0,0.0,0.0
14378,3,0.0,0.0,0.0,0.0,0.0,0.0,0.0,0.0,0.0,0.0
16757,8,0.2,0.3333333333333333,0.33916020527361607,0.125,0.2,0.25,0.25,0.3327372413301053,0.25,0.2
9760,19,0.2,0.19999999999999998,0.16958010263680803,0.05263157894736842,0.2,0.2,0.21818181818181823,0.18340980524840012,0.10526315789473684,0.2
15330,5,0.0,0.0,0.0,0.0,0.0,0.0,0.0,0.0,0.0,0.0
5695,28,0.6,0.7333333333333334,0.6992148198508501,0.10714285714285714,0.6,0.4,0.5272727272727272,0.5231737964779627,0.14285714285714285,0.4
5862,19,0.8,0.8666666666666666,0.8539316501572936,0.21052631578947367,0.8,0.7,0.781818181818182,0.7682269253321374,0.3684210526315789,0.7
11029,14,0.4,0.39999999999999997,0.4703652827859578,0.14285714285714285,0.4,0.6,0.5090909090909091,0.5868720866710772,0.42857142857142855,0.6
4481,7,0.0,0.0,0.0,0.0,0.0,0.0,0.0,0.0,0.0,0.0
16725,5,0.2,0.26666666666666666,0.2139862647345275,0.2,0.2,0.2,0.225,0.2139862647345275,0.2,0.1
18467,8,0.0,0.0,0.0,0.0,0.0,0.125,0.0,0.0,0.125,0.1
168,12,0.0,0.0,0.0,0.0,0.0,0.0,0.0,0.0,0.0,0.0
8881,4,0.75,0.7142857142857143,0.7536976112592699,0.75,0.6,0.75,0.7352941176470588,0.7536976112592699,0.75,0.3
12616,13,0.0,0.0,0.0,0.0,0.0,0.0,0.0,0.0,0.0,0.0
6412,10,0.4,0.3333333333333333,0.31564845247951445,0.2,0.4,0.2,0.2727272727272727,0.20483424751859083,0.2,0.2
14039,12,0.6,0.6666666666666666,0.6843515475204854,0.25,0.6,0.3,0.45454545454545453,0.44409732781325567,0.25,0.3
8861,7,0.4,0.6,0.5531464700081437,0.2857142857142857,0.4,0.5714285714285714,0.5714285714285714,0.6378423595572618,0.5714285714285714,0.4
13056,12,0.4,0.19999999999999998,0.2772734273550482,0.16666666666666666,0.4,0.4,0.3636363636363636,0.32272662604730906,0.3333333333333333,0.4
18319,7,0.4,0.4666666666666666,0.48522855511632257,0.2857142857142857,0.4,0.42857142857142855,0.346938775510204,0.3932591258696538,0.42857142857142855,0.3
3947,14,0.6,0.5333333333333333,0.6164336326286642,0.21428571428571427,0.6,0.5,0.5272727272727272,0.5420423054868788,0.35714285714285715,0.5
986,11,0.4,0.6,0.5531464700081437,0.18181818181818182,0.4,0.3,0.41818181818181815,0.43231813227099475,0.2727272727272727,0.3
18554,27,0.2,0.13333333333333333,0.14606834984270645,0.037037037037037035,0.2,0.2,0.14545454545454545,0.15840915256850246,0.07407407407407407,0.2
10460,14,0.0,0.0,0.0,0.0,0.0,0.0,0.0,0.0,0.0,0.0
16215,2,0.0,0.0,0.0,0.0,0.0,0.0,0.0,0.0,0.0,0.0
8822,8,0.8,0.8000000000000002,0.8304198973631919,0.5,0.8,0.625,0.673076923076923,0.6991144057079179,0.625,0.5
2945,4,0.75,0.5714285714285715,0.5855700749881524,0.75,0.6,1.0,0.5294117647058824,0.5855700749881524,1.0,0.4
3792,18,0.6,0.5333333333333333,0.5147714448836773,0.16666666666666666,0.6,0.6,0.5272727272727274,0.5333576782543336,0.3333333333333333,0.6
1119,11,0.0,0.0,0.0,0.0,0.0,0.0,0.0,0.0,0.0,0.0
16428,25,0.4,0.39999999999999997,0.4703652827859578,0.08,0.4,0.3,0.32727272727272727,0.37148910739409013,0.12,0.3
13521,4,0.5,0.28571428571428575,0.2463023887407299,0.5,0.4,0.5,0.2647058823529412,0.2463023887407299,0.5,0.2
1611,3,0.6666666666666666,0.75,0.7653606369886217,0.6666666666666666,0.4,0.6666666666666666,0.7037037037037036,0.7653606369886217,0.6666666666666666,0.2
4175,6,0.2,0.19999999999999998,0.16958010263680803,0.16666666666666666,0.2,0.16666666666666666,0.17777777777777778,0.15130120674940672,0.16666666666666666,0.1
5672,6,0.2,0.3333333333333333,0.33916020527361607,0.16666666666666666,0.2,0.3333333333333333,0.2222222222222222,0.30260241349881345,0.3333333333333333,0.2
5008,6,0.2,0.06666666666666665,0.13120507751234176,0.16666666666666666,0.2,0.16666666666666666,0.13333333333333333,0.11706259313796352,0.16666666666666666,0.1
12258,16,0.2,0.3333333333333333,0.33916020527361607,0.0625,0.2,0.2,0.2545454545454545,0.29345568839744024,0.125,0.2
5242,4,0.0,0.0,0.0,0.0,0.0,0.0,0.0,0.0,0.0,0.0
15370,4,0.0,0.0,0.0,0.0,0.0,0.25,0.0,0.0,0.25,0.1
11800,12,0.0,0.0,0.0,0.0,0.0,0.0,0.0,0.0,0.0,0.0
1864,2,1.0,0.5555555555555556,0.6131471927654584,1.0,0.4,1.0,0.5263157894736842,0.6131471927654584,1.0,0.2222222222222222
7085,24,0.0,0.0,0.0,0.0,0.0,0.2,0.1272727272727273,0.1427951440361373,0.08333333333333333,0.2
7010,9,0.2,0.3333333333333333,0.33916020527361607,0.1111111111111111,0.2,0.3333333333333333,0.2222222222222222,0.30580131013556594,0.3333333333333333,0.3
4036,14,0.2,0.26666666666666666,0.2139862647345275,0.07142857142857142,0.2,0.1,0.16363636363636364,0.1388624438735545,0.07142857142857142,0.1
11673,5,0.6,0.5333333333333333,0.6164336326286642,0.6,0.6,0.8,0.575,0.6164336326286642,0.8,0.4
15417,4,0.25,0.28571428571428575,0.2463023887407299,0.25,0.2,0.5,0.2647058823529412,0.2463023887407299,0.5,0.2
13577,6,0.2,0.13333333333333333,0.14606834984270645,0.16666666666666666,0.2,0.16666666666666666,0.15555555555555556,0.13032376591037065,0.16666666666666666,0.1
15896,1,0.0,0.0,0.0,0.0,0.0,0.0,0.0,0.0,0.0,0.0
19473,1,0.0,0.0,0.0,0.0,0.0,0.0,0.0,0.0,0.0,0.0
9852,3,0.3333333333333333,0.33333333333333337,0.29608191096586517,0.3333333333333333,0.2,0.3333333333333333,0.3333333333333333,0.29608191096586517,0.3333333333333333,0.1
7636,9,0.2,0.3333333333333333,0.33916020527361607,0.1111111111111111,0.2,0.1111111111111111,0.18518518518518517,0.23504554941448538,0.1111111111111111,0.1
20561,41,0.2,0.3333333333333333,0.33916020527361607,0.024390243902439025,0.2,0.2,0.2,0.2837125544970318,0.04878048780487805,0.2
13874,5,0.4,0.39999999999999997,0.4703652827859578,0.4,0.4,0.6,0.4,0.4703652827859578,0.6,0.3
2179,2,0.0,0.0,0.0,0.0,0.0,0.0,0.0,0.0,0.0,0.0
15309,7,0.0,0.0,0.0,0.0,0.0,0.2857142857142857,0.0,0.0,0.2857142857142857,0.2222222222222222
19637,7,0.4,0.26666666666666666,0.3007851801491498,0.2857142857142857,0.4,0.7142857142857143,0.36734693877551017,0.3354002917921389,0.7142857142857143,0.5
12672,1,1.0,0.0,0.0,1.0,0.2,1.0,0.0,0.0,1.0,0.1
5707,25,0.6,0.5333333333333333,0.5147714448836773,0.12,0.6,0.3,0.4181818181818182,0.3340514446642156,0.12,0.3
17266,24,0.4,0.39999999999999997,0.4703652827859578,0.08333333333333333,0.4,0.4,0.45454545454545453,0.45699707501773645,0.16666666666666666,0.4
9495,2,0.5,0.5555555555555556,0.6131471927654584,0.5,0.2,0.5,0.5263157894736842,0.6131471927654584,0.5,0.125
13751,7,0.0,0.0,0.0,0.0,0.0,0.0,0.0,0.0,0.0,0.0
3645,16,0.0,0.0,0.0,0.0,0.0,0.4,0.2545454545454546,0.28744763646920163,0.25,0.4
7889,5,0.2,0.26666666666666666,0.2139862647345275,0.2,0.2,0.4,0.225,0.2139862647345275,0.4,0.2
1974,2,0.5,0.0,0.0,0.5,0.2,0.5,0.0,0.0,0.5,0.1
5306,9,0.2,0.13333333333333333,0.14606834984270645,0.1111111111111111,0.2,0.3333333333333333,0.18518518518518517,0.17537722349737472,0.3333333333333333,0.3
13029,9,0.0,0.0,0.0,0.0,0.0,0.0,0.0,0.0,0.0,0.0
12508,12,0.4,0.4666666666666666,0.38356636737133554,0.16666666666666666,0.4,0.3,0.3272727272727273,0.31252911522154625,0.25,0.3
13180,5,0.2,0.13333333333333333,0.14606834984270645,0.2,0.2,1.0,0.175,0.14606834984270645,1.0,0.5
15525,3,0.0,0.0,0.0,0.0,0.0,0.0,0.0,0.0,0.0,0.0
3654,20,0.4,0.5333333333333333,0.5087403079104241,0.1,0.4,0.5,0.509090909090909,0.5442213638169617,0.25,0.5
446,10,0.0,0.0,0.0,0.0,0.0,0.2,0.1272727272727273,0.1427951440361373,0.2,0.2
3031,9,0.0,0.0,0.0,0.0,0.0,0.0,0.0,0.0,0.0,0.0
4903,7,0.0,0.0,0.0,0.0,0.0,0.14285714285714285,0.08163265306122448,0.09162544430476363,0.14285714285714285,0.1
3798,6,0.0,0.0,0.0,0.0,0.0,0.0,0.0,0.0,0.0,0.0
13015,12,0.2,0.13333333333333333,0.14606834984270645,0.08333333333333333,0.2,0.1,0.12727272727272726,0.09478836436955078,0.08333333333333333,0.1
5668,1,0.0,0.0,0.0,0.0,0.0,0.0,0.0,0.0,0.0,0.0
13208,7,0.4,0.39999999999999997,0.4703652827859578,0.2857142857142857,0.4,0.42857142857142855,0.4081632653061224,0.4728384582492843,0.42857142857142855,0.3
831,2,0.5,0.4444444444444445,0.3868528072345415,0.5,0.2,0.5,0.4736842105263158,0.3868528072345415,0.5,0.1
17442,10,0.6,0.46666666666666673,0.4912596920895757,0.3,0.6,0.4,0.49090909090909096,0.39719219486340157,0.4,0.4
17585,2,1.0,0.4444444444444445,0.3868528072345415,1.0,0.4,1.0,0.4736842105263158,0.3868528072345415,1.0,0.2
3869,13,0.2,0.13333333333333333,0.14606834984270645,0.07692307692307693,0.2,0.2,0.21818181818181817,0.1731866333482261,0.15384615384615385,0.2
9612,21,0.2,0.19999999999999998,0.16958010263680803,0.047619047619047616,0.2,0.1,0.14545454545454548,0.11004588314904007,0.047619047619047616,0.1
9591,24,0.6,0.5333333333333333,0.6164336326286642,0.125,0.6,0.4,0.45454545454545453,0.4662774717636409,0.16666666666666666,0.4
15486,7,0.0,0.0,0.0,0.0,0.0,0.0,0.0,0.0,0.0,0.0
7236,4,0.5,0.42857142857142866,0.41442992501184733,0.5,0.4,0.5,0.47058823529411764,0.41442992501184733,0.5,0.2
11176,2,0.0,0.0,0.0,0.0,0.0,0.5,0.0,0.0,0.5,0.1
969,24,0.2,0.13333333333333333,0.14606834984270645,0.041666666666666664,0.2,0.4,0.34545454545454546,0.3159817773843634,0.16666666666666666,0.4
14713,38,0.2,0.13333333333333333,0.14606834984270645,0.02631578947368421,0.2,0.4,0.29090909090909095,0.306238643483955,0.10526315789473684,0.4
14953,13,0.0,0.0,0.0,0.0,0.0,0.0,0.0,0.0,0.0,0.0
9973,10,0.4,0.26666666666666666,0.3007851801491498,0.2,0.4,0.4,0.36363636363636365,0.3372080579682881,0.4,0.4
14741,15,0.2,0.13333333333333333,0.14606834984270645,0.06666666666666667,0.2,0.1,0.12727272727272726,0.09478836436955078,0.06666666666666667,0.1
1736,3,0.6666666666666666,0.33333333333333337,0.29608191096586517,0.6666666666666666,0.4,0.6666666666666666,0.3333333333333333,0.29608191096586517,0.6666666666666666,0.2857142857142857
4393,13,0.4,0.5333333333333333,0.5087403079104241,0.15384615384615385,0.4,0.3,0.4,0.40350157154648025,0.23076923076923078,0.3
12691,4,0.5,0.35714285714285715,0.39038004999210163,0.5,0.4,0.5,0.2941176470588235,0.39038004999210163,0.5,0.2
14001,15,0.4,0.4666666666666666,0.38356636737133554,0.13333333333333333,0.4,0.3,0.36363636363636365,0.31833954895937183,0.2,0.3
1289,1,1.0,1.0,1.0,1.0,0.2,1.0,1.0,1.0,1.0,0.1
5886,53,0.0,0.0,0.0,0.0,0.0,0.3,0.2,0.21801641453242443,0.05660377358490566,0.3
4158,12,0.0,0.0,0.0,0.0,0.0,0.0,0.0,0.0,0.0,0.0
13994,5,0.2,0.19999999999999998,0.16958010263680803,0.2,0.2,0.4,0.2,0.16958010263680803,0.4,0.2
18309,6,0.2,0.13333333333333333,0.14606834984270645,0.16666666666666666,0.2,0.3333333333333333,0.15555555555555556,0.13032376591037065,0.3333333333333333,0.2
1813,31,0.8,0.6666666666666666,0.6608397947263838,0.12903225806451613,0.8,0.7,0.7272727272727273,0.6442227883107535,0.22580645161290322,0.7
3004,7,0.2,0.26666666666666666,0.2139862647345275,0.14285714285714285,0.2,0.2857142857142857,0.18367346938775508,0.17342765698823942,0.2857142857142857,0.2
14996,7,0.2,0.13333333333333333,0.14606834984270645,0.14285714285714285,0.2,0.14285714285714285,0.14285714285714285,0.11838279295536291,0.14285714285714285,0.1
8875,18,0.4,0.26666666666666666,0.3007851801491498,0.1111111111111111,0.4,0.5,0.45454545454545453,0.41320541532308547,0.2777777777777778,0.5
15023,6,0.2,0.19999999999999998,0.16958010263680803,0.16666666666666666,0.2,0.16666666666666666,0.17777777777777778,0.15130120674940672,0.16666666666666666,0.1
12716,11,0.6,0.6,0.529634717214042,0.2727272727272727,0.6,0.6,0.5818181818181819,0.5519699720241614,0.5454545454545454,0.6
19496,11,0.4,0.6,0.5531464700081437,0.18181818181818182,0.4,0.2,0.34545454545454546,0.3589542101716347,0.18181818181818182,0.2
17928,5,0.4,0.6,0.5531464700081437,0.4,0.4,0.8,0.475,0.5531464700081437,0.8,0.4
9341,7,0.4,0.4666666666666666,0.38356636737133554,0.2857142857142857,0.4,0.5714285714285714,0.4489795918367347,0.4087787487953526,0.5714285714285714,0.4
10533,7,0.2,0.26666666666666666,0.2139862647345275,0.14285714285714285,0.2,0.14285714285714285,0.18367346938775508,0.17342765698823942,0.14285714285714285,0.1
2686,1,1.0,1.0,1.0,1.0,0.2,1.0,1.0,1.0,1.0,0.16666666666666666
8118,5,0.0,0.0,0.0,0.0,0.0,0.2,0.0,0.0,0.2,0.1
14479,10,0.0,0.0,0.0,0.0,0.0,0.1,0.036363636363636355,0.06625422345438903,0.1,0.1
8027,6,0.2,0.26666666666666666,0.2139862647345275,0.16666666666666666,0.2,0.3333333333333333,0.2,0.1909208661789346,0.3333333333333333,0.2
12870,4,0.5,0.6428571428571429,0.6366824387328316,0.5,0.4,0.5,0.5588235294117646,0.6366824387328316,0.5,0.3333333333333333
20531,11,0.0,0.0,0.0,0.0,0.0,0.2,0.10909090909090909,0.14201905717762703,0.18181818181818182,0.2
15980,8,0.0,0.0,0.0,0.0,0.0,0.0,0.0,0.0,0.0,0.0
3167,5,0.8,0.8000000000000002,0.8304198973631919,0.8,0.8,1.0,0.7999999999999999,0.8304198973631919,1.0,0.5
14968,3,0.0,0.0,0.0,0.0,0.0,0.3333333333333333,0.0,0.0,0.3333333333333333,0.1
18057,5,0.0,0.0,0.0,0.0,0.0,0.0,0.0,0.0,0.0,0.0
2572,2,0.5,0.4444444444444445,0.3868528072345415,0.5,0.25,0.5,0.4736842105263158,0.3868528072345415,0.5,0.25
12864,25,0.2,0.13333333333333333,0.14606834984270645,0.04,0.2,0.1,0.12727272727272726,0.09478836436955078,0.04,0.1
9970,14,0.0,0.0,0.0,0.0,0.0,0.2,0.09090909090909091,0.13698471029831175,0.14285714285714285,0.2
7308,4,0.0,0.0,0.0,0.0,0.0,0.0,0.0,0.0,0.0,0.0
2967,1,0.0,0.0,0.0,0.0,0.0,0.0,0.0,0.0,0.0,0.0
7339,3,0.3333333333333333,0.33333333333333337,0.29608191096586517,0.3333333333333333,0.3333333333333333,0.3333333333333333,0.3333333333333333,0.29608191096586517,0.3333333333333333,0.3333333333333333
8184,16,0.2,0.3333333333333333,0.33916020527361607,0.0625,0.2,0.1,0.18181818181818182,0.22009176629808014,0.0625,0.1
14838,9,0.0,0.0,0.0,0.0,0.0,0.1111111111111111,0.07407407407407407,0.07834851647149513,0.1111111111111111,0.1
17988,14,0.2,0.3333333333333333,0.33916020527361607,0.07142857142857142,0.2,0.1,0.18181818181818182,0.22009176629808014,0.07142857142857142,0.1
6086,5,0.0,0.0,0.0,0.0,0.0,0.0,0.0,0.0,0.0,0.0
9769,27,0.2,0.13333333333333333,0.14606834984270645,0.037037037037037035,0.2,0.3,0.1818181818181818,0.22466337602289152,0.1111111111111111,0.3
19357,5,0.0,0.0,0.0,0.0,0.0,0.2,0.0,0.0,0.2,0.1
4865,1,1.0,0.0,0.0,1.0,0.2,1.0,0.0,0.0,1.0,0.16666666666666666
8300,5,0.2,0.06666666666666665,0.13120507751234176,0.2,0.2,0.4,0.15,0.13120507751234176,0.4,0.2
2189,8,0.4,0.4666666666666666,0.48522855511632257,0.25,0.4,0.5,0.5,0.5362934382936665,0.5,0.4
4821,15,0.6,0.6666666666666666,0.6843515475204854,0.2,0.6,0.7,0.7090909090909091,0.7315449642824573,0.4666666666666667,0.7
15136,28,0.6,0.7999999999999999,0.7227265726449518,0.10714285714285714,0.6,0.8,0.7636363636363637,0.8200685179888282,0.2857142857142857,0.8
14909,6,0.2,0.19999999999999998,0.16958010263680803,0.16666666666666666,0.2,0.3333333333333333,0.17777777777777778,0.15130120674940672,0.3333333333333333,0.2
8196,16,1.0,1.0,1.0,0.3125,1.0,0.9,0.9272727272727272,0.92663607790064,0.5625,0.9
330,6,0.4,0.39999999999999997,0.4703652827859578,0.3333333333333333,0.4,0.3333333333333333,0.35555555555555557,0.4196650066367769,0.3333333333333333,0.2
4520,16,0.4,0.39999999999999997,0.4703652827859578,0.125,0.4,0.2,0.29090909090909095,0.3052348839397011,0.125,0.2
3804,8,0.2,0.06666666666666665,0.13120507751234176,0.125,0.2,0.125,0.11538461538461538,0.09785159463516041,0.125,0.1
4733,21,0.6,0.5333333333333333,0.5147714448836773,0.14285714285714285,0.6,0.3,0.4181818181818182,0.3340514446642156,0.14285714285714285,0.3
19840,8,0.0,0.0,0.0,0.0,0.0,0.0,0.0,0.0,0.0,0.0
11600,4,0.25,0.35714285714285715,0.39038004999210163,0.25,0.2,0.25,0.2941176470588235,0.39038004999210163,0.25,0.1
20175,5,0.8,0.9333333333333332,0.8687949224876582,0.8,0.8,0.8,0.8500000000000001,0.8687949224876582,0.8,0.4
8573,6,0.0,0.0,0.0,0.0,0.0,0.0,0.0,0.0,0.0,0.0
2136,12,0.2,0.19999999999999998,0.16958010263680803,0.08333333333333333,0.2,0.1,0.14545454545454548,0.11004588314904007,0.08333333333333333,0.1
1185,4,0.25,0.14285714285714288,0.16812753627111746,0.25,0.2,0.25,0.20588235294117643,0.16812753627111746,0.25,0.1
13439,6,0.0,0.0,0.0,0.0,0.0,0.0,0.0,0.0,0.0,0.0
465,15,0.8,0.8000000000000002,0.8304198973631919,0.26666666666666666,0.8,0.4,0.5818181818181818,0.5388856921828065,0.26666666666666666,0.4
14895,53,0.4,0.4666666666666666,0.48522855511632257,0.03773584905660377,0.4,0.3,0.38181818181818183,0.38824405276699103,0.05660377358490566,0.3
2151,27,0.4,0.3333333333333333,0.31564845247951445,0.07407407407407407,0.4,0.4,0.4,0.3494867399516552,0.14814814814814814,0.4
1687,2,0.0,0.0,0.0,0.0,0.0,0.0,0.0,0.0,0.0,0.0
8419,19,0.4,0.4666666666666666,0.38356636737133554,0.10526315789473684,0.4,0.3,0.36363636363636365,0.31833954895937183,0.15789473684210525,0.3
18758,9,0.4,0.26666666666666666,0.3007851801491498,0.2222222222222222,0.4,0.2222222222222222,0.25925925925925924,0.2084508053262215,0.2222222222222222,0.2
17113,6,0.0,0.0,0.0,0.0,0.0,0.0,0.0,0.0,0.0,0.0
7984,7,0.6,0.6666666666666666,0.6843515475204854,0.42857142857142855,0.6,0.42857142857142855,0.5102040816326531,0.5546406709327601,0.42857142857142855,0.3
19203,4,0.5,0.5,0.5585075862632192,0.5,0.4,0.75,0.49999999999999994,0.5585075862632192,0.75,0.3
15490,9,0.8,0.8666666666666666,0.8539316501572936,0.4444444444444444,0.8,0.4444444444444444,0.6111111111111112,0.591793585310856,0.4444444444444444,0.4
707,5,0.0,0.0,0.0,0.0,0.0,0.0,0.0,0.0,0.0,0.0
17167,11,0.4,0.39999999999999997,0.4703652827859578,0.18181818181818182,0.4,0.3,0.38181818181818183,0.3836331529183764,0.2727272727272727,0.3
7187,7,0.0,0.0,0.0,0.0,0.0,0.14285714285714285,0.1020408163265306,0.0979129253499678,0.14285714285714285,0.1
1013,2,0.0,0.0,0.0,0.0,0.0,0.0,0.0,0.0,0.0,0.0
457,12,0.0,0.0,0.0,0.0,0.0,0.0,0.0,0.0,0.0,0.0
9748,13,0.2,0.26666666666666666,0.2139862647345275,0.07692307692307693,0.2,0.3,0.29090909090909095,0.28165758790969175,0.23076923076923078,0.3
19182,6,0.4,0.6,0.5531464700081437,0.3333333333333333,0.4,0.5,0.5333333333333333,0.601312434202259,0.5,0.3
9622,1,0.0,0.0,0.0,0.0,0.0,0.0,0.0,0.0,0.0,0.0
14684,12,0.2,0.19999999999999998,0.16958010263680803,0.08333333333333333,0.2,0.1,0.14545454545454548,0.11004588314904007,0.08333333333333333,0.1
436,23,0.8,0.6666666666666666,0.6608397947263838,0.17391304347826086,0.8,0.6,0.6545454545454547,0.5708588662113934,0.2608695652173913,0.6
6440,3,0.3333333333333333,0.33333333333333337,0.29608191096586517,0.3333333333333333,0.2,0.6666666666666666,0.3333333333333333,0.29608191096586517,0.6666666666666666,0.25
1597,19,0.0,0.0,0.0,0.0,0.0,0.0,0.0,0.0,0.0,0.0
247,16,0.0,0.0,0.0,0.0,0.0,0.2,0.14545454545454548,0.14782949091545258,0.125,0.2
8031,6,0.0,0.0,0.0,0.0,0.0,0.16666666666666666,0.0,0.0,0.16666666666666666,0.1
337,4,0.0,0.0,0.0,0.0,0.0,0.25,0.0,0.0,0.25,0.1
10246,2,0.0,0.0,0.0,0.0,0.0,0.0,0.0,0.0,0.0,0.0
12730,8,0.4,0.39999999999999997,0.4703652827859578,0.25,0.4,0.75,0.44230769230769224,0.5149030702211513,0.75,0.6
3311,11,0.2,0.06666666666666665,0.13120507751234176,0.09090909090909091,0.2,0.1,0.10909090909090909,0.08514311764162097,0.09090909090909091,0.1
20212,5,0.0,0.0,0.0,0.0,0.0,0.0,0.0,0.0,0.0,0.0
8828,6,0.2,0.3333333333333333,0.33916020527361607,0.16666666666666666,0.2,0.16666666666666666,0.2222222222222222,0.30260241349881345,0.16666666666666666,0.1
17883,10,0.2,0.13333333333333333,0.14606834984270645,0.1,0.2,0.1,0.12727272727272726,0.09478836436955078,0.1,0.1
10091,1,0.0,0.0,0.0,0.0,0.0,1.0,0.0,0.0,1.0,0.1
6414,2,0.0,0.0,0.0,0.0,0.0,0.5,0.0,0.0,0.5,0.1
15468,1,1.0,0.0,0.0,1.0,0.2,1.0,0.0,0.0,1.0,0.1
8020,19,0.2,0.19999999999999998,0.16958010263680803,0.05263157894736842,0.2,0.3,0.23636363636363641,0.2470305934473518,0.15789473684210525,0.3
6491,2,0.0,0.0,0.0,0.0,0.0,0.0,0.0,0.0,0.0,0.0
4698,22,0.2,0.3333333333333333,0.33916020527361607,0.045454545454545456,0.2,0.4,0.36363636363636365,0.4341754806679218,0.18181818181818182,0.4
18222,10,0.0,0.0,0.0,0.0,0.0,0.0,0.0,0.0,0.0,0.0
14012,1,0.0,0.0,0.0,0.0,0.0,0.0,0.0,0.0,0.0,0.0
17985,8,0.2,0.06666666666666665,0.13120507751234176,0.125,0.2,0.125,0.11538461538461538,0.09785159463516041,0.125,0.1
8668,10,0.8,0.6666666666666666,0.6608397947263838,0.4,0.8,0.5,0.6181818181818183,0.5022037311331264,0.5,0.5
7622,8,0.4,0.6,0.5531464700081437,0.25,0.4,0.375,0.4230769230769231,0.49232631845500163,0.375,0.3
10887,14,0.0,0.0,0.0,0.0,0.0,0.0,0.0,0.0,0.0,0.0
4218,12,0.0,0.0,0.0,0.0,0.0,0.1,0.018181818181818177,0.0636207881989517,0.08333333333333333,0.1
19187,28,0.6,0.7333333333333334,0.6992148198508501,0.10714285714285714,0.6,0.6,0.6181818181818182,0.6620158551732016,0.21428571428571427,0.6
14794,9,0.2,0.26666666666666666,0.2139862647345275,0.1111111111111111,0.2,0.3333333333333333,0.20370370370370372,0.21905299129122965,0.3333333333333333,0.3
20391,27,0.2,0.06666666666666665,0.13120507751234176,0.037037037037037035,0.2,0.3,0.23636363636363636,0.22793826167775824,0.1111111111111111,0.3
8621,21,0.2,0.26666666666666666,0.2139862647345275,0.047619047619047616,0.2,0.2,0.2,0.2051166673279435,0.09523809523809523,0.2
19016,19,0.2,0.26666666666666666,0.2139862647345275,0.05263157894736842,0.2,0.2,0.2,0.2051166673279435,0.10526315789473684,0.2
18984,9,0.4,0.6,0.5531464700081437,0.2222222222222222,0.4,0.3333333333333333,0.4259259259259259,0.4616912964561296,0.3333333333333333,0.3
16344,22,0.4,0.4666666666666666,0.48522855511632257,0.09090909090909091,0.4,0.5,0.509090909090909,0.5328965452000555,0.22727272727272727,0.5
17839,1,1.0,0.0,0.0,1.0,0.2,1.0,0.0,0.0,1.0,0.1
2648,27,0.8,0.7333333333333334,0.7860137352654724,0.14814814814814814,0.8,0.6,0.6727272727272727,0.6496872770120411,0.2222222222222222,0.6
20597,24,0.8,0.7333333333333334,0.7860137352654724,0.16666666666666666,0.8,0.8,0.7818181818181817,0.7917063341896682,0.3333333333333333,0.8
5131,29,0.6,0.6,0.529634717214042,0.10344827586206896,0.6,0.4,0.45454545454545464,0.40731747959109704,0.13793103448275862,0.4
17075,12,0.0,0.0,0.0,0.0,0.0,0.1,0.09090909090909091,0.07839826897867533,0.08333333333333333,0.1
19545,21,0.2,0.06666666666666665,0.13120507751234176,0.047619047619047616,0.2,0.3,0.2545454545454546,0.23297260855707355,0.14285714285714285,0.3
5172,8,0.0,0.0,0.0,0.0,0.0,0.0,0.0,0.0,0.0,0.0
19694,22,0.4,0.39999999999999997,0.4703652827859578,0.09090909090909091,0.4,0.4,0.34545454545454546,0.4351098955930418,0.18181818181818182,0.4
2889,1,1.0,1.0,1.0,1.0,0.5,1.0,1.0,1.0,1.0,0.5
1739,6,0.4,0.19999999999999998,0.2772734273550482,0.3333333333333333,0.4,0.5,0.39999999999999997,0.3551755135728451,0.5,0.3
7121,4,0.0,0.0,0.0,0.0,0.0,0.0,0.0,0.0,0.0,0.0
16258,5,0.4,0.3333333333333333,0.31564845247951445,0.4,0.4,0.6,0.375,0.31564845247951445,0.6,0.3
3758,9,0.0,0.0,0.0,0.0,0.0,0.2222222222222222,0.12962962962962962,0.15448067472027407,0.2222222222222222,0.2
5643,7,0.2,0.19999999999999998,0.16958010263680803,0.14285714285714285,0.2,0.14285714285714285,0.16326530612244897,0.13743816645714543,0.14285714285714285,0.1
19844,18,0.2,0.3333333333333333,0.33916020527361607,0.05555555555555555,0.2,0.4,0.3818181818181818,0.43810818083050457,0.2222222222222222,0.4
16460,4,0.75,0.8571428571428572,0.8318724637288825,0.75,0.6,1.0,0.7941176470588235,0.8318724637288825,1.0,0.4
18441,3,0.6666666666666666,0.5833333333333334,0.5307212739772434,0.6666666666666666,0.4,0.6666666666666666,0.6296296296296297,0.5307212739772434,0.6666666666666666,0.4
15864,18,0.4,0.4666666666666666,0.38356636737133554,0.1111111111111111,0.4,0.4,0.4727272727272727,0.4006705181006299,0.2222222222222222,0.4
11767,5,0.2,0.06666666666666665,0.13120507751234176,0.2,0.2,0.4,0.15,0.13120507751234176,0.4,0.2
9929,11,0.0,0.0,0.0,0.0,0.0,0.1,0.036363636363636355,0.06625422345438903,0.09090909090909091,0.1
18707,15,0.4,0.6,0.5531464700081437,0.13333333333333333,0.4,0.3,0.43636363636363634,0.43735247915031,0.2,0.3
1705,17,0.2,0.19999999999999998,0.16958010263680803,0.058823529411764705,0.2,0.4,0.34545454545454546,0.32806229768146455,0.23529411764705882,0.4
10311,5,0.2,0.3333333333333333,0.33916020527361607,0.2,0.2,0.2,0.25,0.33916020527361607,0.2,0.1
781,13,0.2,0.3333333333333333,0.33916020527361607,0.07692307692307693,0.2,0.4,0.29090909090909095,0.4193979998881981,0.3076923076923077,0.4
15411,13,0.2,0.06666666666666665,0.13120507751234176,0.07692307692307693,0.2,0.3,0.23636363636363636,0.22979561007468532,0.23076923076923078,0.3
5893,19,0.4,0.5333333333333333,0.5087403079104241,0.10526315789473684,0.4,0.5,0.49090909090909085,0.5415879285615244,0.2631578947368421,0.5
11351,15,0.8,0.8666666666666666,0.8539316501572936,0.26666666666666666,0.8,0.8,0.8181818181818182,0.835780413693672,0.5333333333333333,0.8
7503,5,0.4,0.3333333333333333,0.31564845247951445,0.4,0.4,0.8,0.375,0.31564845247951445,0.8,0.4
12074,3,0.0,0.0,0.0,0.0,0.0,0.0,0.0,0.0,0.0,0.0
3325,2,0.0,0.0,0.0,0.0,0.0,0.0,0.0,0.0,0.0,0.0
15595,19,0.0,0.0,0.0,0.0,0.0,0.0,0.0,0.0,0.0,0.0
8787,3,0.3333333333333333,0.33333333333333337,0.29608191096586517,0.3333333333333333,0.2,0.3333333333333333,0.3333333333333333,0.29608191096586517,0.3333333333333333,0.1
2126,6,0.6,0.7999999999999999,0.7227265726449518,0.5,0.6,0.6666666666666666,0.6000000000000001,0.6448244864271548,0.6666666666666666,0.4
3882,12,0.0,0.0,0.0,0.0,0.0,0.0,0.0,0.0,0.0,0.0
13497,5,0.2,0.3333333333333333,0.33916020527361607,0.2,0.2,0.2,0.25,0.33916020527361607,0.2,0.1
56,1,0.0,0.0,0.0,0.0,0.0,1.0,0.0,0.0,1.0,0.125
16597,3,0.3333333333333333,0.4166666666666667,0.46927872602275644,0.3333333333333333,0.2,0.3333333333333333,0.37037037037037035,0.46927872602275644,0.3333333333333333,0.1
16339,9,0.2,0.26666666666666666,0.2139862647345275,0.1111111111111111,0.2,0.2222222222222222,0.16666666666666666,0.14829723057014907,0.2222222222222222,0.2
16663,13,0.0,0.0,0.0,0.0,0.0,0.1,0.05454545454545456,0.06943122193677725,0.07692307692307693,0.1
17331,22,0.6,0.6,0.529634717214042,0.13636363636363635,0.6,0.5,0.5636363636363637,0.48649183542828267,0.22727272727272727,0.5
11797,14,0.4,0.4666666666666666,0.48522855511632257,0.14285714285714285,0.4,0.2,0.3090909090909091,0.31488013066763093,0.14285714285714285,0.2
9058,7,0.2,0.06666666666666665,0.13120507751234176,0.14285714285714285,0.2,0.2857142857142857,0.12244897959183672,0.10633668103022983,0.2857142857142857,0.2
15703,8,0.0,0.0,0.0,0.0,0.0,0.0,0.0,0.0,0.0,0.0
2067,26,0.0,0.0,0.0,0.0,0.0,0.0,0.0,0.0,0.0,0.0
9148,8,0.2,0.26666666666666666,0.2139862647345275,0.125,0.2,0.125,0.17307692307692307,0.1595890771248963,0.125,0.1
13188,8,0.4,0.6,0.5531464700081437,0.25,0.4,0.5,0.5384615384615384,0.5869460228008069,0.5,0.4
9727,13,0.4,0.39999999999999997,0.4703652827859578,0.15384615384615385,0.4,0.3,0.34545454545454546,0.3746661058764783,0.23076923076923078,0.3
6469,5,0.2,0.26666666666666666,0.2139862647345275,0.2,0.2,0.6,0.225,0.2139862647345275,0.6,0.3
10248,6,0.0,0.0,0.0,0.0,0.0,0.0,0.0,0.0,0.0,0.0
20533,1,0.0,0.0,0.0,0.0,0.0,0.0,0.0,0.0,0.0,0.0
16327,10,0.0,0.0,0.0,0.0,0.0,0.3,0.16363636363636364,0.21145027911440428,0.3,0.3
14271,8,0.4,0.4666666666666666,0.38356636737133554,0.25,0.4,0.5,0.40384615384615385,0.3703746627646106,0.5,0.4
10694,29,0.2,0.26666666666666666,0.2139862647345275,0.034482758620689655,0.2,0.3,0.23636363636363641,0.27191445400928344,0.10344827586206896,0.3
13076,3,0.0,0.0,0.0,0.0,0.0,0.3333333333333333,0.0,0.0,0.3333333333333333,0.1
6773,11,0.0,0.0,0.0,0.0,0.0,0.1,0.09090909090909091,0.07839826897867533,0.09090909090909091,0.1
12737,4,0.25,0.35714285714285715,0.39038004999210163,0.25,0.2,0.25,0.2941176470588235,0.39038004999210163,0.25,0.1
1121,2,0.0,0.0,0.0,0.0,0.0,0.0,0.0,0.0,0.0,0.0
15087,23,0.4,0.6,0.5531464700081437,0.08695652173913043,0.4,0.3,0.3818181818181818,0.42520843362602373,0.13043478260869565,0.3
5612,6,0.2,0.13333333333333333,0.14606834984270645,0.16666666666666666,0.2,0.3333333333333333,0.15555555555555556,0.13032376591037065,0.3333333333333333,0.2
9277,2,1.0,1.0,1.0,1.0,0.4,1.0,1.0,1.0,1.0,0.2222222222222222
1934,6,0.0,0.0,0.0,0.0,0.0,0.0,0.0,0.0,0.0,0.0
8616,3,0.6666666666666666,0.5833333333333334,0.5307212739772434,0.6666666666666666,0.4,0.6666666666666666,0.6296296296296297,0.5307212739772434,0.6666666666666666,0.2
19295,16,0.0,0.0,0.0,0.0,0.0,0.1,0.09090909090909091,0.07839826897867533,0.0625,0.1
18725,3,0.6666666666666666,0.5833333333333334,0.5307212739772434,0.6666666666666666,0.4,1.0,0.6296296296296297,0.5307212739772434,1.0,0.375
19909,18,0.2,0.3333333333333333,0.33916020527361607,0.05555555555555555,0.2,0.2,0.2,0.2837125544970318,0.1111111111111111,0.2
704,10,0.0,0.0,0.0,0.0,0.0,0.4,0.23636363636363641,0.2848142012137644,0.4,0.4
4181,20,0.4,0.5333333333333333,0.5087403079104241,0.1,0.4,0.5,0.5454545454545454,0.5513310624619328,0.25,0.5
13196,7,0.4,0.4666666666666666,0.48522855511632257,0.2857142857142857,0.4,0.42857142857142855,0.4489795918367347,0.49117205121962165,0.42857142857142855,0.3
14219,6,0.0,0.0,0.0,0.0,0.0,0.3333333333333333,0.1111111111111111,0.10778915452451095,0.3333333333333333,0.2
2170,15,0.4,0.3333333333333333,0.31564845247951445,0.13333333333333333,0.4,0.4,0.43636363636363634,0.3565964385966262,0.26666666666666666,0.4
3769,11,0.0,0.0,0.0,0.0,0.0,0.0,0.0,0.0,0.0,0.0
10519,4,0.25,0.14285714285714288,0.16812753627111746,0.25,0.2,0.25,0.20588235294117643,0.16812753627111746,0.25,0.1
12189,13,0.4,0.26666666666666666,0.3007851801491498,0.15384615384615385,0.4,0.3,0.3272727272727272,0.26855292289002114,0.23076923076923078,0.3
20461,10,0.2,0.3333333333333333,0.33916020527361607,0.1,0.2,0.1,0.18181818181818182,0.22009176629808014,0.1,0.1
15885,18,0.4,0.5333333333333333,0.5087403079104241,0.1111111111111111,0.4,0.2,0.32727272727272727,0.3301376494471202,0.1111111111111111,0.2
15565,50,0.2,0.3333333333333333,0.33916020527361607,0.02,0.2,0.2,0.21818181818181817,0.28634598975246917,0.04,0.2
13306,20,0.2,0.3333333333333333,0.33916020527361607,0.05,0.2,0.1,0.18181818181818182,0.22009176629808014,0.05,0.1
8442,8,0.0,0.0,0.0,0.0,0.0,0.25,0.07692307692307693,0.08431423425588572,0.25,0.2
19935,12,0.2,0.26666666666666666,0.2139862647345275,0.08333333333333333,0.2,0.1,0.16363636363636364,0.1388624438735545,0.08333333333333333,0.1
10164,1,0.0,0.0,0.0,0.0,0.0,1.0,0.0,0.0,1.0,0.1
18659,7,0.4,0.6,0.5531464700081437,0.2857142857142857,0.4,0.7142857142857143,0.4693877551020407,0.539929434207294,0.7142857142857143,0.5
16364,11,0.2,0.19999999999999998,0.16958010263680803,0.09090909090909091,0.2,0.1,0.14545454545454548,0.11004588314904007,0.09090909090909091,0.1
17683,2,1.0,0.0,0.0,1.0,0.4,1.0,0.0,0.0,1.0,0.2
13919,17,0.2,0.3333333333333333,0.33916020527361607,0.058823529411764705,0.2,0.2,0.2,0.2837125544970318,0.11764705882352941,0.2
13622,18,0.0,0.0,0.0,0.0,0.0,0.1,0.07272727272727274,0.07336392209936006,0.05555555555555555,0.1
8927,18,0.2,0.26666666666666666,0.2139862647345275,0.05555555555555555,0.2,0.1,0.16363636363636364,0.1388624438735545,0.05555555555555555,0.1
11687,3,0.3333333333333333,0.0,0.0,0.3333333333333333,0.2,1.0,0.0,0.0,1.0,0.3
2406,6,0.4,0.39999999999999997,0.4703652827859578,0.3333333333333333,0.4,0.3333333333333333,0.35555555555555557,0.4196650066367769,0.3333333333333333,0.2
14995,17,0.0,0.0,0.0,0.0,0.0,0.1,0.05454545454545456,0.06943122193677725,0.058823529411764705,0.1
2368,18,0.4,0.26666666666666666,0.3007851801491498,0.1111111111111111,0.4,0.6,0.509090909090909,0.4826366372598627,0.3333333333333333,0.6
10235,12,0.4,0.4000000000000001,0.3600546145772339,0.16666666666666666,0.4,0.3333333333333333,0.38181818181818183,0.3332507527816427,0.25,0.3333333333333333
17734,1,1.0,1.0,1.0,1.0,0.2,1.0,1.0,1.0,1.0,0.1
7538,13,0.0,0.0,0.0,0.0,0.0,0.1,0.036363636363636355,0.06625422345438903,0.07692307692307693,0.1
5403,6,0.6,0.46666666666666673,0.4912596920895757,0.5,0.6,0.6666666666666666,0.6000000000000001,0.5460963797517797,0.6666666666666666,0.4
3920,9,0.4,0.3333333333333333,0.31564845247951445,0.2222222222222222,0.4,0.3333333333333333,0.3518518518518518,0.29709989939103804,0.3333333333333333,0.3
1894,12,0.4,0.39999999999999997,0.4703652827859578,0.16666666666666666,0.4,0.2,0.29090909090909095,0.3052348839397011,0.16666666666666666,0.2
7747,23,0.8,0.8666666666666666,0.8539316501572936,0.17391304347826086,0.8,0.7,0.7636363636363637,0.7631925784528222,0.30434782608695654,0.7
17558,3,0.0,0.0,0.0,0.0,0.0,0.3333333333333333,0.0,0.0,0.3333333333333333,0.1
17228,1,0.0,0.0,0.0,0.0,0.0,1.0,0.0,0.0,1.0,0.1
7181,7,0.4,0.39999999999999997,0.4703652827859578,0.2857142857142857,0.4,0.42857142857142855,0.32653061224489793,0.3812130139445206,0.42857142857142855,0.3
12211,11,0.2,0.3333333333333333,0.33916020527361607,0.09090909090909091,0.2,0.3,0.2545454545454545,0.35314377643380906,0.2727272727272727,0.3
2576,3,0.3333333333333333,0.33333333333333337,0.29608191096586517,0.3333333333333333,0.2,0.3333333333333333,0.3333333333333333,0.29608191096586517,0.3333333333333333,0.1
12572,8,0.2,0.3333333333333333,0.33916020527361607,0.125,0.2,0.125,0.1923076923076923,0.2529427027676571,0.125,0.1
4135,8,0.2,0.3333333333333333,0.33916020527361607,0.125,0.2,0.125,0.1923076923076923,0.2529427027676571,0.125,0.1
13287,15,0.4,0.26666666666666666,0.3007851801491498,0.13333333333333333,0.4,0.3,0.2909090909090909,0.26144322424505007,0.2,0.3
19424,4,0.0,0.0,0.0,0.0,0.0,0.0,0.0,0.0,0.0,0.0
18229,2,0.0,0.0,0.0,0.0,0.0,0.0,0.0,0.0,0.0,0.0
7186,21,1.0,1.0,1.0,0.23809523809523808,1.0,0.6,0.8,0.7222954974312067,0.2857142857142857,0.6
10300,15,0.4,0.4666666666666666,0.38356636737133554,0.13333333333333333,0.4,0.3,0.3272727272727273,0.31252911522154625,0.2,0.3
2858,7,0.4,0.19999999999999998,0.2772734273550482,0.2857142857142857,0.4,0.5714285714285714,0.4489795918367346,0.41425784364032414,0.5714285714285714,0.4
18915,3,0.0,0.0,0.0,0.0,0.0,0.0,0.0,0.0,0.0,0.0
19129,2,0.0,0.0,0.0,0.0,0.0,0.0,0.0,0.0,0.0,0.0
13866,9,0.0,0.0,0.0,0.0,0.0,0.0,0.0,0.0,0.0,0.0
10730,8,0.4,0.5333333333333333,0.5087403079104241,0.25,0.4,0.375,0.4230769230769231,0.4637282884073714,0.375,0.3
5964,11,0.4,0.19999999999999998,0.2772734273550482,0.18181818181818182,0.4,0.3,0.2545454545454545,0.2435522702101234,0.2727272727272727,0.3
17613,7,0.4,0.6,0.5531464700081437,0.2857142857142857,0.4,0.42857142857142855,0.38775510204081626,0.4483039899025303,0.42857142857142855,0.3
18017,1,0.0,0.0,0.0,0.0,0.0,0.0,0.0,0.0,0.0,0.0
5788,5,0.2,0.06666666666666665,0.13120507751234176,0.2,0.2,0.2,0.15,0.13120507751234176,0.2,0.1
6247,3,0.0,0.0,0.0,0.0,0.0,0.3333333333333333,0.0,0.0,0.3333333333333333,0.1
16415,10,0.0,0.0,0.0,0.0,0.0,0.0,0.0,0.0,0.0,0.0
5361,32,0.6,0.5333333333333333,0.6164336326286642,0.09375,0.6,0.7,0.6363636363636362,0.681660451040628,0.21875,0.7
17279,3,0.3333333333333333,0.25,0.23463936301137822,0.3333333333333333,0.2,0.6666666666666666,0.2962962962962963,0.23463936301137822,0.6666666666666666,0.2222222222222222
14817,1,0.0,0.0,0.0,0.0,0.0,1.0,0.0,0.0,1.0,0.1
19412,9,1.0,1.0,1.0,0.5555555555555556,1.0,0.6666666666666666,0.8333333333333333,0.7767471075223497,0.6666666666666666,0.6
12530,6,0.4,0.5333333333333333,0.5087403079104241,0.3333333333333333,0.4,0.3333333333333333,0.4,0.4539036202482201,0.3333333333333333,0.2
1164,9,0.2,0.06666666666666665,0.13120507751234176,0.1111111111111111,0.2,0.3333333333333333,0.14814814814814814,0.16168379134005942,0.3333333333333333,0.3
14863,14,0.6,0.6666666666666666,0.6843515475204854,0.21428571428571427,0.6,0.6,0.6181818181818182,0.65554760692766,0.42857142857142855,0.6
13706,8,0.6,0.6666666666666666,0.6548086577531306,0.375,0.6,0.5,0.4807692307692307,0.4883505467692416,0.5,0.4
18150,7,0.2,0.3333333333333333,0.33916020527361607,0.14285714285714285,0.2,0.14285714285714285,0.2040816326530612,0.27487633291429087,0.14285714285714285,0.1
19347,1,0.0,0.0,0.0,0.0,0.0,0.0,0.0,0.0,0.0,0.0
2771,2,1.0,0.4444444444444445,0.3868528072345415,1.0,0.4,1.0,0.4736842105263158,0.3868528072345415,1.0,0.3333333333333333
8718,3,0.3333333333333333,0.25,0.23463936301137822,0.3333333333333333,0.2,0.3333333333333333,0.2962962962962963,0.23463936301137822,0.3333333333333333,0.1
5631,5,0.6,0.6666666666666666,0.6548086577531306,0.6,0.6,0.6,0.625,0.6548086577531306,0.6,0.3
13850,9,0.0,0.0,0.0,0.0,0.0,0.0,0.0,0.0,0.0,0.0
13788,2,0.5,0.5555555555555556,0.6131471927654584,0.5,0.5,0.5,0.5263157894736842,0.6131471927654584,0.5,0.5
18226,3,0.3333333333333333,0.33333333333333337,0.29608191096586517,0.3333333333333333,0.2,1.0,0.3333333333333333,0.29608191096586517,1.0,0.3
2775,7,0.0,0.0,0.0,0.0,0.0,0.0,0.0,0.0,0.0,0.0
15759,17,0.8,0.7333333333333334,0.7860137352654724,0.23529411764705882,0.8,0.8,0.8181818181818182,0.7975167679274936,0.47058823529411764,0.8
5019,12,0.4,0.6,0.5531464700081437,0.16666666666666666,0.4,0.3,0.41818181818181815,0.43231813227099475,0.25,0.3
18782,19,0.4,0.4000000000000001,0.3600546145772339,0.10526315789473684,0.4,0.4,0.45454545454545453,0.38541299932114065,0.21052631578947367,0.4
11545,6,0.2,0.3333333333333333,0.33916020527361607,0.16666666666666666,0.2,0.3333333333333333,0.2222222222222222,0.30260241349881345,0.3333333333333333,0.2
18560,3,1.0,0.6666666666666667,0.7039180890341346,1.0,0.6,1.0,0.6666666666666666,0.7039180890341346,1.0,0.3
3772,3,0.0,0.0,0.0,0.0,0.0,1.0,0.0,0.0,1.0,0.3
17790,10,0.4,0.4666666666666666,0.38356636737133554,0.2,0.4,0.5,0.45454545454545464,0.45718160765461063,0.5,0.5
10255,17,0.4,0.4000000000000001,0.3600546145772339,0.11764705882352941,0.4,0.4,0.38181818181818183,0.370635518541417,0.23529411764705882,0.4
17654,3,0.0,0.0,0.0,0.0,0.0,0.0,0.0,0.0,0.0,0.0
10260,11,0.0,0.0,0.0,0.0,0.0,0.3,0.18181818181818182,0.2153829792769871,0.2727272727272727,0.3
11082,6,0.2,0.3333333333333333,0.33916020527361607,0.16666666666666666,0.2,0.3333333333333333,0.2222222222222222,0.30260241349881345,0.3333333333333333,0.2
14910,7,0.0,0.0,0.0,0.0,0.0,0.0,0.0,0.0,0.0,0.0
5845,16,0.6,0.5333333333333333,0.6164336326286642,0.1875,0.6,0.4,0.43636363636363634,0.46364403650820357,0.25,0.4
12392,10,0.6,0.46666666666666673,0.4912596920895757,0.3,0.6,0.3,0.4,0.31879392588472627,0.3,0.3
18830,16,0.0,0.0,0.0,0.0,0.0,0.2,0.054545454545454536,0.12987501165334073,0.125,0.2
15836,8,0.4,0.6,0.5531464700081437,0.25,0.4,0.25,0.36538461538461536,0.4125317798925535,0.25,0.2
6617,9,0.4,0.39999999999999997,0.4703652827859578,0.2222222222222222,0.4,0.5555555555555556,0.5,0.5588027712252334,0.5555555555555556,0.5
9261,15,0.4,0.3333333333333333,0.34519134224686926,0.13333333333333333,0.4,0.3,0.3090909090909091,0.2902597849695645,0.2,0.3
15934,2,0.5,0.4444444444444445,0.3868528072345415,0.5,0.2,0.5,0.4736842105263158,0.3868528072345415,0.5,0.1
13662,13,0.2,0.19999999999999998,0.16958010263680803,0.07692307692307693,0.2,0.2,0.21818181818181823,0.18340980524840012,0.15384615384615385,0.2
12206,3,0.3333333333333333,0.4166666666666667,0.46927872602275644,0.3333333333333333,0.2,0.3333333333333333,0.37037037037037035,0.46927872602275644,0.3333333333333333,0.1
17718,2,0.0,0.0,0.0,0.0,0.0,0.0,0.0,0.0,0.0,0.0
15799,2,0.5,0.0,0.0,0.5,0.2,0.5,0.0,0.0,0.5,0.1
16921,2,1.0,0.4444444444444445,0.3868528072345415,1.0,0.4,1.0,0.4736842105263158,0.3868528072345415,1.0,0.4
18334,22,0.8,0.7333333333333334,0.7860137352654724,0.18181818181818182,0.8,0.5,0.6,0.576323354912681,0.22727272727272727,0.5
14412,3,0.6666666666666666,0.33333333333333337,0.29608191096586517,0.6666666666666666,0.4,1.0,0.3333333333333333,0.29608191096586517,1.0,0.3
14879,13,0.0,0.0,0.0,0.0,0.0,0.2,0.1272727272727273,0.1427951440361373,0.15384615384615385,0.2
13131,9,0.2,0.3333333333333333,0.33916020527361607,0.1111111111111111,0.2,0.1111111111111111,0.18518518518518517,0.23504554941448538,0.1111111111111111,0.1
7000,7,0.2,0.26666666666666666,0.2139862647345275,0.14285714285714285,0.2,0.14285714285714285,0.18367346938775508,0.17342765698823942,0.14285714285714285,0.1
1095,1,1.0,0.0,0.0,1.0,0.3333333333333333,1.0,0.0,0.0,1.0,0.3333333333333333
9240,15,0.4,0.4666666666666666,0.38356636737133554,0.13333333333333333,0.4,0.4,0.4727272727272727,0.4006705181006299,0.26666666666666666,0.4
492,6,0.0,0.0,0.0,0.0,0.0,0.0,0.0,0.0,0.0,0.0
5273,20,0.4,0.5333333333333333,0.5087403079104241,0.1,0.4,0.2,0.32727272727272727,0.3301376494471202,0.1,0.2
349,1,1.0,0.0,0.0,1.0,0.2,1.0,0.0,0.0,1.0,0.1
1853,1,0.0,0.0,0.0,0.0,0.0,1.0,0.0,0.0,1.0,0.1
9147,7,0.0,0.0,0.0,0.0,0.0,0.0,0.0,0.0,0.0,0.0
16471,5,0.0,0.0,0.0,0.0,0.0,0.2,0.0,0.0,0.2,0.1
6077,5,0.2,0.26666666666666666,0.2139862647345275,0.2,0.2,0.4,0.225,0.2139862647345275,0.4,0.2
12119,12,0.0,0.0,0.0,0.0,0.0,0.0,0.0,0.0,0.0,0.0
7074,12,0.4,0.5333333333333333,0.5087403079104241,0.16666666666666666,0.4,0.2,0.32727272727272727,0.3301376494471202,0.16666666666666666,0.2
13452,4,0.25,0.2142857142857143,0.19519002499605081,0.25,0.2,0.25,0.23529411764705882,0.19519002499605081,0.25,0.1
2352,2,0.0,0.0,0.0,0.0,0.0,0.0,0.0,0.0,0.0,0.0
19430,41,0.2,0.3333333333333333,0.33916020527361607,0.024390243902439025,0.2,0.1,0.18181818181818182,0.22009176629808014,0.024390243902439025,0.1
19419,12,0.0,0.0,0.0,0.0,0.0,0.1,0.036363636363636355,0.06625422345438903,0.08333333333333333,0.1
4540,6,0.0,0.0,0.0,0.0,0.0,0.16666666666666666,0.0,0.0,0.16666666666666666,0.1
14276,2,0.0,0.0,0.0,0.0,0.0,0.0,0.0,0.0,0.0,0.0
17386,10,0.6,0.7999999999999999,0.7227265726449518,0.3,0.6,0.4,0.5636363636363636,0.5423640154200349,0.4,0.4
4174,5,0.2,0.26666666666666666,0.2139862647345275,0.2,0.2,0.2,0.225,0.2139862647345275,0.2,0.125
11697,19,0.0,0.0,0.0,0.0,0.0,0.0,0.0,0.0,0.0,0.0
2660,5,0.2,0.3333333333333333,0.33916020527361607,0.2,0.2,0.6,0.25,0.33916020527361607,0.6,0.3
19880,18,0.2,0.26666666666666666,0.2139862647345275,0.05555555555555555,0.2,0.3,0.2909090909090909,0.28351493630661884,0.16666666666666666,0.3
1825,11,0.0,0.0,0.0,0.0,0.0,0.2,0.14545454545454548,0.14782949091545258,0.18181818181818182,0.2
14423,9,0.2,0.06666666666666665,0.13120507751234176,0.1111111111111111,0.2,0.1111111111111111,0.1111111111111111,0.09092803061897882,0.1111111111111111,0.1
2322,2,0.5,0.5555555555555556,0.6131471927654584,0.5,0.2,1.0,0.5263157894736842,0.6131471927654584,1.0,0.2
14934,6,0.0,0.0,0.0,0.0,0.0,0.0,0.0,0.0,0.0,0.0
6020,6,0.0,0.0,0.0,0.0,0.0,0.16666666666666666,0.0,0.0,0.16666666666666666,0.1
19810,16,0.0,0.0,0.0,0.0,0.0,0.1,0.05454545454545456,0.06943122193677725,0.0625,0.1
17762,13,0.2,0.26666666666666666,0.2139862647345275,0.07692307692307693,0.2,0.1,0.16363636363636364,0.1388624438735545,0.07692307692307693,0.1
8975,8,0.6,0.7333333333333334,0.6992148198508501,0.375,0.6,0.375,0.4999999999999999,0.5214682725103094,0.375,0.3
18101,8,0.6,0.7999999999999999,0.7227265726449518,0.375,0.6,0.5,0.5961538461538461,0.6233173655322678,0.5,0.4
20468,18,0.8,0.7333333333333334,0.7860137352654724,0.2222222222222222,0.8,0.5,0.6181818181818183,0.5795003533950692,0.2777777777777778,0.5
9023,10,0.0,0.0,0.0,0.0,0.0,0.0,0.0,0.0,0.0,0.0
17000,11,0.6,0.6,0.6399453854227659,0.2727272727272727,0.6,0.3,0.43636363636363634,0.4152807670887412,0.2727272727272727,0.3
2982,16,0.2,0.06666666666666665,0.13120507751234176,0.0625,0.2,0.2,0.18181818181818182,0.15850703974098102,0.125,0.2
8386,6,0.0,0.0,0.0,0.0,0.0,0.0,0.0,0.0,0.0,0.0
1588,9,0.2,0.13333333333333333,0.14606834984270645,0.1111111111111111,0.2,0.1111111111111111,0.12962962962962962,0.10122860821230019,0.1111111111111111,0.1
8523,7,0.4,0.5333333333333333,0.5087403079104241,0.2857142857142857,0.4,0.2857142857142857,0.36734693877551017,0.4123144993714362,0.2857142857142857,0.2
10552,13,0.2,0.26666666666666666,0.2139862647345275,0.07692307692307693,0.2,0.2,0.18181818181818182,0.2024832320725062,0.15384615384615385,0.2
15673,1,0.0,0.0,0.0,0.0,0.0,0.0,0.0,0.0,0.0,0.0
14433,3,0.0,0.0,0.0,0.0,0.0,0.0,0.0,0.0,0.0,0.0
3455,6,0.0,0.0,0.0,0.0,0.0,0.0,0.0,0.0,0.0,0.0
13136,3,0.0,0.0,0.0,0.0,0.0,0.3333333333333333,0.0,0.0,0.3333333333333333,0.1
10367,2,1.0,1.0,1.0,1.0,0.4,1.0,1.0,1.0,1.0,0.2
17487,2,0.0,0.0,0.0,0.0,0.0,0.0,0.0,0.0,0.0,0.0
11256,1,0.0,0.0,0.0,0.0,0.0,0.0,0.0,0.0,0.0,0.0
201,7,0.2,0.3333333333333333,0.33916020527361607,0.14285714285714285,0.2,0.14285714285714285,0.2040816326530612,0.27487633291429087,0.14285714285714285,0.1
8006,16,0.4,0.4666666666666666,0.48522855511632257,0.125,0.4,0.3,0.3272727272727272,0.3785009188665826,0.1875,0.3
12989,11,0.4,0.5333333333333333,0.5087403079104241,0.18181818181818182,0.4,0.3,0.41818181818181815,0.4085359184257955,0.2727272727272727,0.3
3844,17,0.0,0.0,0.0,0.0,0.0,0.2,0.16363636363636364,0.1517621910780354,0.11764705882352941,0.2
16669,2,0.0,0.0,0.0,0.0,0.0,0.0,0.0,0.0,0.0,0.0
15045,13,0.6,0.7999999999999999,0.7227265726449518,0.23076923076923078,0.6,0.3,0.49090909090909096,0.46900009332067477,0.23076923076923078,0.3
9397,6,0.0,0.0,0.0,0.0,0.0,0.0,0.0,0.0,0.0,0.0
7835,18,0.6,0.5333333333333333,0.5147714448836773,0.16666666666666666,0.6,0.5,0.5272727272727273,0.4760705018418426,0.2777777777777778,0.5
16604,1,0.0,0.0,0.0,0.0,0.0,0.0,0.0,0.0,0.0,0.0
13178,18,0.4,0.39999999999999997,0.4703652827859578,0.1111111111111111,0.4,0.3,0.34545454545454546,0.3746661058764783,0.16666666666666666,0.3
18721,4,0.0,0.0,0.0,0.0,0.0,0.25,0.0,0.0,0.25,0.1
5033,2,0.0,0.0,0.0,0.0,0.0,0.0,0.0,0.0,0.0,0.0
9087,23,0.8,0.9333333333333332,0.8687949224876582,0.17391304347826086,0.8,0.7,0.7272727272727273,0.7630946912803436,0.30434782608695654,0.7
6731,29,0.8,0.9333333333333332,0.8687949224876582,0.13793103448275862,0.8,0.8,0.8181818181818182,0.8414929602590189,0.27586206896551724,0.8
9042,23,0.2,0.19999999999999998,0.16958010263680803,0.043478260869565216,0.2,0.1,0.14545454545454548,0.11004588314904007,0.043478260869565216,0.1
13705,5,0.0,0.0,0.0,0.0,0.0,0.2,0.0,0.0,0.2,0.1
7904,8,0.4,0.19999999999999998,0.2772734273550482,0.25,0.4,0.375,0.24999999999999994,0.20678808725291628,0.375,0.3
13177,14,0.0,0.0,0.0,0.0,0.0,0.1,0.09090909090909091,0.07839826897867533,0.07142857142857142,0.1
3670,16,0.2,0.26666666666666666,0.2139862647345275,0.0625,0.2,0.5,0.39999999999999997,0.42367664508731884,0.3125,0.5
13568,45,0.2,0.26666666666666666,0.2139862647345275,0.022222222222222223,0.2,0.5,0.3818181818181818,0.42049964660493067,0.1111111111111111,0.5
16260,7,0.2,0.13333333333333333,0.14606834984270645,0.14285714285714285,0.2,0.2857142857142857,0.14285714285714285,0.11838279295536291,0.2857142857142857,0.2
3766,17,0.4,0.4000000000000001,0.3600546145772339,0.11764705882352941,0.4,0.3,0.30909090909090914,0.2972715964420569,0.17647058823529413,0.3
7438,4,0.0,0.0,0.0,0.0,0.0,0.0,0.0,0.0,0.0,0.0
5587,4,0.75,0.6428571428571428,0.6096199500078983,0.75,0.6,1.0,0.7058823529411765,0.6096199500078983,1.0,0.5
2722,5,0.2,0.3333333333333333,0.33916020527361607,0.2,0.2,0.2,0.25,0.33916020527361607,0.2,0.1
10913,3,0.3333333333333333,0.25,0.23463936301137822,0.3333333333333333,0.25,0.3333333333333333,0.2962962962962963,0.23463936301137822,0.3333333333333333,0.25
401,11,0.2,0.3333333333333333,0.33916020527361607,0.09090909090909091,0.2,0.1,0.18181818181818182,0.22009176629808014,0.09090909090909091,0.1
20592,5,0.0,0.0,0.0,0.0,0.0,0.0,0.0,0.0,0.0,0.0
12875,18,0.4,0.6,0.5531464700081437,0.1111111111111111,0.4,0.3,0.43636363636363634,0.43735247915031,0.16666666666666666,0.3
999,5,0.2,0.19999999999999998,0.16958010263680803,0.2,0.2,0.6,0.2,0.16958010263680803,0.6,0.3
5324,17,0.6,0.7999999999999999,0.7227265726449518,0.17647058823529413,0.6,0.3,0.49090909090909096,0.46900009332067477,0.17647058823529413,0.3
17745,20,0.4,0.4000000000000001,0.3600546145772339,0.1,0.4,0.4,0.43636363636363645,0.3814802991585578,0.2,0.4
13963,43,0.6,0.39999999999999997,0.4468535299918562,0.06976744186046512,0.6,0.4,0.41818181818181815,0.3562315886146008,0.09302325581395349,0.4
12010,7,0.0,0.0,0.0,0.0,0.0,0.0,0.0,0.0,0.0,0.0
7305,5,0.8,0.9333333333333332,0.8687949224876582,0.8,0.8,1.0,0.8500000000000001,0.8687949224876582,1.0,0.5
4577,5,0.4,0.4666666666666666,0.38356636737133554,0.4,0.4,0.6,0.42500000000000004,0.38356636737133554,0.6,0.3
2633,6,0.0,0.0,0.0,0.0,0.0,0.0,0.0,0.0,0.0,0.0
20504,4,0.25,0.2142857142857143,0.19519002499605081,0.25,0.2,0.5,0.23529411764705882,0.19519002499605081,0.5,0.2
204,8,0.2,0.26666666666666666,0.2139862647345275,0.125,0.2,0.25,0.17307692307692307,0.1595890771248963,0.25,0.2
16136,1,0.0,0.0,0.0,0.0,0.0,0.0,0.0,0.0,0.0,0.0
8146,6,0.4,0.6,0.5531464700081437,0.3333333333333333,0.4,0.3333333333333333,0.4222222222222222,0.4935232796777481,0.3333333333333333,0.2
13935,10,0.6,0.6666666666666666,0.6843515475204854,0.3,0.6,0.3,0.45454545454545453,0.44409732781325567,0.3,0.3
17065,17,0.2,0.06666666666666665,0.13120507751234176,0.058823529411764705,0.2,0.2,0.18181818181818182,0.15850703974098102,0.11764705882352941,0.2
9332,18,0.6,0.39999999999999997,0.4468535299918562,0.16666666666666666,0.6,0.3,0.38181818181818183,0.28997736516021183,0.16666666666666666,0.3
15027,6,0.8,0.6666666666666666,0.6608397947263838,0.6666666666666666,0.8,1.0,0.7777777777777779,0.6973975865011864,1.0,0.6
8620,22,0.2,0.06666666666666665,0.13120507751234176,0.045454545454545456,0.2,0.1,0.10909090909090909,0.08514311764162097,0.045454545454545456,0.1
19509,18,0.2,0.19999999999999998,0.16958010263680803,0.05555555555555555,0.2,0.3,0.2545454545454545,0.2520649403266671,0.16666666666666666,0.3
18119,6,0.0,0.0,0.0,0.0,0.0,0.0,0.0,0.0,0.0,0.0
18825,5,0.0,0.0,0.0,0.0,0.0,0.2,0.0,0.0,0.2,0.1
8680,1,1.0,1.0,1.0,1.0,0.2,1.0,1.0,1.0,1.0,0.1111111111111111
11499,1,1.0,1.0,1.0,1.0,0.2,1.0,1.0,1.0,1.0,0.1
7197,2,0.5,0.0,0.0,0.5,0.2,1.0,0.0,0.0,1.0,0.2
8825,9,0.0,0.0,0.0,0.0,0.0,0.1111111111111111,0.0,0.0,0.1111111111111111,0.1
2157,22,0.4,0.4666666666666666,0.48522855511632257,0.09090909090909091,0.4,0.4,0.4181818181818182,0.456899187845258,0.18181818181818182,0.4
9533,16,0.0,0.0,0.0,0.0,0.0,0.0,0.0,0.0,0.0,0.0
4298,4,0.0,0.0,0.0,0.0,0.0,0.25,0.0,0.0,0.25,0.1
15621,3,0.6666666666666666,0.0,0.0,0.6666666666666666,0.4,0.6666666666666666,0.0,0.0,0.6666666666666666,0.2
15395,9,0.4,0.5333333333333333,0.5087403079104241,0.2222222222222222,0.4,0.2222222222222222,0.3333333333333333,0.352568324121728,0.2222222222222222,0.2
6106,10,0.2,0.3333333333333333,0.33916020527361607,0.1,0.2,0.2,0.2,0.2837125544970318,0.2,0.2
15275,8,0.2,0.26666666666666666,0.2139862647345275,0.125,0.2,0.125,0.17307692307692307,0.1595890771248963,0.125,0.1
13505,5,0.4,0.26666666666666666,0.3007851801491498,0.4,0.4,0.6,0.35,0.3007851801491498,0.6,0.3
2481,13,0.6,0.7999999999999999,0.7227265726449518,0.23076923076923078,0.6,0.4,0.5818181818181819,0.5473983622993501,0.3076923076923077,0.4
14157,5,0.6,0.6,0.529634717214042,0.6,0.6,0.6,0.6000000000000001,0.529634717214042,0.6,0.3
705,21,0.0,0.0,0.0,0.0,0.0,0.0,0.0,0.0,0.0,0.0
8628,30,0.0,0.0,0.0,0.0,0.0,0.2,0.16363636363636364,0.1517621910780354,0.06666666666666667,0.2
7178,5,0.0,0.0,0.0,0.0,0.0,0.2,0.0,0.0,0.2,0.1
19014,28,0.8,0.9333333333333332,0.8687949224876582,0.14285714285714285,0.8,0.8,0.8727272727272729,0.8512360941594272,0.2857142857142857,0.8
17224,17,0.0,0.0,0.0,0.0,0.0,0.0,0.0,0.0,0.0,0.0
11316,8,0.2,0.06666666666666665,0.13120507751234176,0.125,0.2,0.25,0.11538461538461538,0.09785159463516041,0.25,0.2
14194,5,0.0,0.0,0.0,0.0,0.0,0.0,0.0,0.0,0.0,0.0
19769,13,0.0,0.0,0.0,0.0,0.0,0.0,0.0,0.0,0.0,0.0
2459,3,0.3333333333333333,0.33333333333333337,0.29608191096586517,0.3333333333333333,0.2,0.6666666666666666,0.3333333333333333,0.29608191096586517,0.6666666666666666,0.2
8769,4,0.25,0.0,0.0,0.25,0.2,0.5,0.0,0.0,0.5,0.2
11336,16,0.0,0.0,0.0,0.0,0.0,0.0,0.0,0.0,0.0,0.0
15620,18,0.0,0.0,0.0,0.0,0.0,0.0,0.0,0.0,0.0,0.0
5883,6,0.2,0.19999999999999998,0.16958010263680803,0.16666666666666666,0.2,0.16666666666666666,0.17777777777777778,0.15130120674940672,0.16666666666666666,0.1
1576,4,0.0,0.0,0.0,0.0,0.0,0.0,0.0,0.0,0.0,0.0
4785,6,0.0,0.0,0.0,0.0,0.0,0.0,0.0,0.0,0.0,0.0
3179,5,0.4,0.5333333333333333,0.5087403079104241,0.4,0.4,0.8,0.45,0.5087403079104241,0.8,0.4
20469,3,0.0,0.0,0.0,0.0,0.0,0.0,0.0,0.0,0.0,0.0
15300,3,0.6666666666666666,0.4166666666666667,0.46927872602275644,0.6666666666666666,0.4,0.6666666666666666,0.37037037037037035,0.46927872602275644,0.6666666666666666,0.2
15960,13,0.2,0.06666666666666665,0.13120507751234176,0.07692307692307693,0.2,0.1,0.10909090909090909,0.08514311764162097,0.07692307692307693,0.1
15798,1,0.0,0.0,0.0,0.0,0.0,0.0,0.0,0.0,0.0,0.0
8349,18,0.0,0.0,0.0,0.0,0.0,0.0,0.0,0.0,0.0,0.0
12302,17,0.6,0.6666666666666666,0.6843515475204854,0.17647058823529413,0.6,0.6,0.5636363636363636,0.6434035614033737,0.35294117647058826,0.6
19866,2,1.0,0.5555555555555556,0.6131471927654584,1.0,0.4,1.0,0.5263157894736842,0.6131471927654584,1.0,0.2
11344,27,0.0,0.0,0.0,0.0,0.0,0.2,0.10909090909090909,0.14201905717762703,0.07407407407407407,0.2
14591,4,0.0,0.0,0.0,0.0,0.0,0.0,0.0,0.0,0.0,0.0
13030,9,0.4,0.39999999999999997,0.4703652827859578,0.2222222222222222,0.4,0.3333333333333333,0.3333333333333333,0.3967293407545448,0.3333333333333333,0.3
12529,11,0.2,0.3333333333333333,0.33916020527361607,0.09090909090909091,0.2,0.3,0.2909090909090909,0.35970991185182927,0.2727272727272727,0.3
10579,9,0.0,0.0,0.0,0.0,0.0,0.0,0.0,0.0,0.0,0.0
16629,35,0.8,0.8666666666666666,0.8539316501572936,0.11428571428571428,0.8,0.7,0.7818181818181817,0.7695261902392829,0.2,0.7
10837,1,0.0,0.0,0.0,0.0,0.0,0.0,0.0,0.0,0.0,0.0
14263,5,0.2,0.13333333333333333,0.14606834984270645,0.2,0.2,0.2,0.175,0.14606834984270645,0.2,0.1
15534,3,0.6666666666666666,0.5833333333333334,0.5307212739772434,0.6666666666666666,0.4,0.6666666666666666,0.6296296296296297,0.5307212739772434,0.6666666666666666,0.2
5836,9,0.8,0.7333333333333334,0.7860137352654724,0.4444444444444444,0.8,0.8888888888888888,0.7962962962962962,0.7809470087087702,0.8888888888888888,0.8
17743,5,0.4,0.3333333333333333,0.31564845247951445,0.4,0.4,0.4,0.375,0.31564845247951445,0.4,0.2
4553,14,0.8,0.8666666666666666,0.8539316501572936,0.2857142857142857,0.8,0.6,0.6727272727272728,0.6871952210980248,0.42857142857142855,0.6
18499,7,0.2,0.06666666666666665,0.13120507751234176,0.14285714285714285,0.2,0.14285714285714285,0.12244897959183672,0.10633668103022983,0.14285714285714285,0.1
10106,1,0.0,0.0,0.0,0.0,0.0,0.0,0.0,0.0,0.0,0.0
6139,10,0.0,0.0,0.0,0.0,0.0,0.2,0.09090909090909091,0.13568544539116628,0.2,0.2
6129,30,0.8,0.7333333333333334,0.7860137352654724,0.13333333333333333,0.8,0.6,0.6909090909090909,0.6528642754944293,0.2,0.6
18329,20,0.8,0.9333333333333332,0.8687949224876582,0.2,0.8,0.7,0.8181818181818183,0.78180487222265,0.35,0.7
2479,23,0.6,0.7999999999999999,0.7227265726449518,0.13043478260869565,0.6,0.5,0.6,0.6086182388744239,0.21739130434782608,0.5
837,9,0.0,0.0,0.0,0.0,0.0,0.0,0.0,0.0,0.0,0.0
7303,11,0.2,0.06666666666666665,0.13120507751234176,0.09090909090909091,0.2,0.1,0.10909090909090909,0.08514311764162097,0.09090909090909091,0.1
13762,8,0.0,0.0,0.0,0.0,0.0,0.0,0.0,0.0,0.0,0.0
20076,9,0.4,0.39999999999999997,0.4703652827859578,0.2222222222222222,0.4,0.2222222222222222,0.2962962962962963,0.32597358003346416,0.2222222222222222,0.2
5704,1,0.0,0.0,0.0,0.0,0.0,0.0,0.0,0.0,0.0,0.0
5941,5,0.4,0.19999999999999998,0.2772734273550482,0.4,0.4,0.6,0.32499999999999996,0.2772734273550482,0.6,0.3
7550,4,0.5,0.6428571428571429,0.6366824387328316,0.5,0.4,0.5,0.5588235294117646,0.6366824387328316,0.5,0.4
13611,7,0.0,0.0,0.0,0.0,0.0,0.14285714285714285,0.0,0.0,0.14285714285714285,0.1
15172,5,0.2,0.06666666666666665,0.13120507751234176,0.2,0.2,0.6,0.15,0.13120507751234176,0.6,0.3
16886,2,0.5,0.4444444444444445,0.3868528072345415,0.5,0.2,1.0,0.4736842105263158,0.3868528072345415,1.0,0.2
8703,16,0.4,0.19999999999999998,0.2772734273550482,0.125,0.4,0.5,0.39999999999999997,0.39138176112557604,0.3125,0.5
3028,3,0.3333333333333333,0.33333333333333337,0.29608191096586517,0.3333333333333333,0.2,0.6666666666666666,0.3333333333333333,0.29608191096586517,0.6666666666666666,0.2
2832,15,0.6,0.7999999999999999,0.7227265726449518,0.2,0.6,0.3,0.49090909090909096,0.46900009332067477,0.2,0.3
9450,8,0.6,0.6666666666666666,0.6548086577531306,0.375,0.6,0.375,0.4807692307692307,0.4883505467692416,0.375,0.3
19272,5,0.0,0.0,0.0,0.0,0.0,0.0,0.0,0.0,0.0,0.0
459,15,0.4,0.26666666666666666,0.3007851801491498,0.13333333333333333,0.4,0.4,0.34545454545454546,0.3321737110889728,0.26666666666666666,0.4
18457,5,0.0,0.0,0.0,0.0,0.0,0.2,0.0,0.0,0.2,0.1
14183,9,0.0,0.0,0.0,0.0,0.0,0.0,0.0,0.0,0.0,0.0
14114,1,1.0,1.0,1.0,1.0,0.5,1.0,1.0,1.0,1.0,0.5
3734,2,0.0,0.0,0.0,0.0,0.0,0.0,0.0,0.0,0.0,0.0
11002,2,0.0,0.0,0.0,0.0,0.0,0.0,0.0,0.0,0.0,0.0
17050,12,0.2,0.19999999999999998,0.16958010263680803,0.08333333333333333,0.2,0.2,0.18181818181818182,0.1763001066034291,0.16666666666666666,0.2
7581,10,0.4,0.39999999999999997,0.4703652827859578,0.2,0.4,0.3,0.30909090909090914,0.3688556721386528,0.3,0.3
13381,4,0.0,0.0,0.0,0.0,0.0,0.25,0.0,0.0,0.25,0.1
17137,12,0.4,0.5333333333333333,0.5087403079104241,0.16666666666666666,0.4,0.3,0.41818181818181815,0.4085359184257955,0.25,0.3
10551,10,0.2,0.13333333333333333,0.14606834984270645,0.1,0.2,0.2,0.21818181818181817,0.1731866333482261,0.2,0.2
16989,9,0.4,0.5333333333333333,0.5087403079104241,0.2222222222222222,0.4,0.3333333333333333,0.40740740740740744,0.43091684059322316,0.3333333333333333,0.3
8901,31,0.6,0.7333333333333334,0.6992148198508501,0.0967741935483871,0.6,0.5,0.6,0.5983950669742498,0.16129032258064516,0.5
2702,15,0.2,0.3333333333333333,0.33916020527361607,0.06666666666666667,0.2,0.3,0.2727272727272727,0.3557772116892464,0.2,0.3
7229,9,0.0,0.0,0.0,0.0,0.0,0.1111111111111111,0.05555555555555556,0.07414861528507453,0.1111111111111111,0.1
10010,7,0.0,0.0,0.0,0.0,0.0,0.0,0.0,0.0,0.0,0.0
2768,12,0.6,0.6,0.6399453854227659,0.25,0.6,0.3,0.43636363636363634,0.4152807670887412,0.25,0.3
17387,10,0.6,0.5333333333333333,0.5147714448836773,0.3,0.6,0.6,0.5818181818181819,0.5455017237786198,0.6,0.6
18260,20,0.2,0.3333333333333333,0.33916020527361607,0.05,0.2,0.4,0.3272727272727272,0.4283650469300962,0.2,0.4
616,14,0.6,0.5333333333333333,0.5147714448836773,0.21428571428571427,0.6,0.5,0.5454545454545454,0.47870393709727993,0.35714285714285715,0.5
14704,44,0.6,0.6666666666666666,0.6548086577531306,0.06818181818181818,0.6,0.5,0.5818181818181819,0.5695785062497354,0.11363636363636363,0.5
14742,11,0.6,0.6,0.6399453854227659,0.2727272727272727,0.6,0.4,0.509090909090909,0.4886446891881013,0.36363636363636365,0.4
13675,9,0.0,0.0,0.0,0.0,0.0,0.0,0.0,0.0,0.0,0.0
3911,2,0.0,0.0,0.0,0.0,0.0,0.0,0.0,0.0,0.0,0.0
12952,2,1.0,0.4444444444444445,0.3868528072345415,1.0,0.4,1.0,0.4736842105263158,0.3868528072345415,1.0,0.2222222222222222
14515,13,0.6,0.6,0.6399453854227659,0.23076923076923078,0.6,0.4,0.45454545454545453,0.4789015552876929,0.3076923076923077,0.4
9829,8,0.2,0.26666666666666666,0.2139862647345275,0.125,0.2,0.375,0.3269230769230769,0.3294836243397121,0.375,0.3
2312,2,1.0,0.0,0.0,1.0,0.4,1.0,0.0,0.0,1.0,0.3333333333333333
18872,17,0.0,0.0,0.0,0.0,0.0,0.0,0.0,0.0,0.0,0.0
9400,13,0.0,0.0,0.0,0.0,0.0,0.0,0.0,0.0,0.0,0.0
9953,12,0.6,0.46666666666666673,0.4912596920895757,0.25,0.6,0.4444444444444444,0.4727272727272727,0.41880238587292323,0.3333333333333333,0.4444444444444444
3631,3,0.0,0.0,0.0,0.0,0.0,0.3333333333333333,0.0,0.0,0.3333333333333333,0.1
15566,10,0.0,0.0,0.0,0.0,0.0,0.1,0.05454545454545456,0.06943122193677725,0.1,0.1
14164,24,0.2,0.26666666666666666,0.2139862647345275,0.041666666666666664,0.2,0.2,0.18181818181818182,0.2024832320725062,0.08333333333333333,0.2
7032,25,0.8,0.8000000000000002,0.8304198973631919,0.16,0.8,0.6,0.6909090909090909,0.6809047493604335,0.24,0.6
3902,14,0.0,0.0,0.0,0.0,0.0,0.0,0.0,0.0,0.0,0.0
5245,12,0.4,0.26666666666666666,0.3007851801491498,0.16666666666666666,0.4,0.3,0.2727272727272727,0.2588097889896127,0.25,0.3
829,1,0.0,0.0,0.0,0.0,0.0,0.0,0.0,0.0,0.0,0.0
867,19,0.0,0.0,0.0,0.0,0.0,0.1,0.018181818181818177,0.0636207881989517,0.05263157894736842,0.1
9816,1,0.0,0.0,0.0,0.0,0.0,1.0,0.0,0.0,1.0,0.1
5934,9,0.2,0.13333333333333333,0.14606834984270645,0.1111111111111111,0.2,0.1111111111111111,0.12962962962962962,0.10122860821230019,0.1111111111111111,0.1
1792,15,0.6,0.7999999999999999,0.7227265726449518,0.2,0.6,0.4,0.5454545454545454,0.538431315257452,0.26666666666666666,0.4
11866,6,0.2,0.3333333333333333,0.33916020527361607,0.16666666666666666,0.2,0.16666666666666666,0.2222222222222222,0.30260241349881345,0.16666666666666666,0.1
12014,14,0.0,0.0,0.0,0.0,0.0,0.0,0.0,0.0,0.0,0.0
943,15,0.2,0.3333333333333333,0.33916020527361607,0.06666666666666667,0.2,0.3,0.3090909090909091,0.36288691033421744,0.2,0.3
8772,20,0.2,0.13333333333333333,0.14606834984270645,0.05,0.2,0.1,0.12727272727272726,0.09478836436955078,0.05,0.1
8697,10,0.2,0.3333333333333333,0.33916020527361607,0.1,0.2,0.1,0.18181818181818182,0.22009176629808014,0.1,0.1
13965,3,0.0,0.0,0.0,0.0,0.0,0.0,0.0,0.0,0.0,0.0
7205,5,0.0,0.0,0.0,0.0,0.0,0.2,0.0,0.0,0.2,0.1
16949,2,1.0,1.0,1.0,1.0,0.4,1.0,1.0,1.0,1.0,0.2
16347,13,0.2,0.3333333333333333,0.33916020527361607,0.07692307692307693,0.2,0.2,0.2545454545454545,0.29345568839744024,0.15384615384615385,0.2
7467,5,0.0,0.0,0.0,0.0,0.0,0.0,0.0,0.0,0.0,0.0
9950,10,0.0,0.0,0.0,0.0,0.0,0.0,0.0,0.0,0.0,0.0
3270,19,0.4,0.3333333333333333,0.31564845247951445,0.10526315789473684,0.4,0.3,0.36363636363636365,0.28323251649726616,0.15789473684210525,0.3
13496,11,0.0,0.0,0.0,0.0,0.0,0.0,0.0,0.0,0.0,0.0
27,6,0.0,0.0,0.0,0.0,0.0,0.16666666666666666,0.0,0.0,0.16666666666666666,0.1
9719,3,0.3333333333333333,0.4166666666666667,0.46927872602275644,0.3333333333333333,0.2,0.3333333333333333,0.37037037037037035,0.46927872602275644,0.3333333333333333,0.1
431,1,1.0,0.0,0.0,1.0,0.2,1.0,0.0,0.0,1.0,0.1
1449,18,1.0,1.0,1.0,0.2777777777777778,1.0,0.8,0.8909090909090908,0.8603818544462509,0.4444444444444444,0.8
5921,21,0.4,0.4666666666666666,0.48522855511632257,0.09523809523809523,0.4,0.3,0.4,0.3932783996463063,0.14285714285714285,0.3
14234,10,0.4,0.39999999999999997,0.4703652827859578,0.2,0.4,0.5,0.49090909090909096,0.5232512984721255,0.5,0.5
414,18,0.4,0.3333333333333333,0.31564845247951445,0.1111111111111111,0.4,0.4,0.36363636363636365,0.34051969290975714,0.2222222222222222,0.4
19729,18,0.4,0.3333333333333333,0.34519134224686926,0.1111111111111111,0.4,0.3,0.36363636363636365,0.30240383049385083,0.16666666666666666,0.3
5534,2,0.5,0.0,0.0,0.5,0.2,0.5,0.0,0.0,0.5,0.1
12372,8,0.0,0.0,0.0,0.0,0.0,0.0,0.0,0.0,0.0,0.0
7703,3,0.3333333333333333,0.4166666666666667,0.46927872602275644,0.3333333333333333,0.2,0.3333333333333333,0.37037037037037035,0.46927872602275644,0.3333333333333333,0.1
11461,13,0.2,0.3333333333333333,0.33916020527361607,0.07692307692307693,0.2,0.1,0.18181818181818182,0.22009176629808014,0.07692307692307693,0.1
1618,5,0.0,0.0,0.0,0.0,0.0,0.0,0.0,0.0,0.0,0.0
14988,3,0.3333333333333333,0.25,0.23463936301137822,0.3333333333333333,0.2,0.3333333333333333,0.2962962962962963,0.23463936301137822,0.3333333333333333,0.1
11322,11,1.0,1.0,1.0,0.45454545454545453,1.0,0.9,0.9818181818181819,0.9363792118010482,0.8181818181818182,0.9
5071,6,0.2,0.06666666666666665,0.13120507751234176,0.16666666666666666,0.2,0.3333333333333333,0.13333333333333333,0.11706259313796352,0.3333333333333333,0.2
14027,30,0.6,0.6,0.6399453854227659,0.1,0.6,0.6,0.5636363636363636,0.618519700841442,0.2,0.6
13809,7,0.6,0.6,0.529634717214042,0.42857142857142855,0.6,0.7142857142857143,0.5918367346938775,0.5271615417507155,0.7142857142857143,0.5
11998,2,0.0,0.0,0.0,0.0,0.0,0.0,0.0,0.0,0.0,0.0
4118,5,0.4,0.5333333333333333,0.5087403079104241,0.4,0.4,0.6,0.45,0.5087403079104241,0.6,0.3
15777,20,0.2,0.13333333333333333,0.14606834984270645,0.05,0.2,0.3,0.2727272727272727,0.24261785528500332,0.15,0.3
16990,9,0.2,0.3333333333333333,0.33916020527361607,0.1111111111111111,0.2,0.1111111111111111,0.18518518518518517,0.23504554941448538,0.1111111111111111,0.1
14351,3,0.0,0.0,0.0,0.0,0.0,0.0,0.0,0.0,0.0,0.0
14593,10,0.6,0.6,0.6399453854227659,0.3,0.6,0.3,0.43636363636363634,0.4152807670887412,0.3,0.3
4791,10,0.6,0.7999999999999999,0.7227265726449518,0.3,0.6,0.5,0.6181818181818183,0.6136525857537392,0.5,0.5
9375,3,0.0,0.0,0.0,0.0,0.0,0.0,0.0,0.0,0.0,0.0
1189,6,0.6,0.5333333333333333,0.5147714448836773,0.5,0.6,0.5,0.5111111111111112,0.4592846660663049,0.5,0.3
5952,23,0.0,0.0,0.0,0.0,0.0,0.2,0.14545454545454548,0.14782949091545258,0.08695652173913043,0.2
6872,6,0.0,0.0,0.0,0.0,0.0,0.0,0.0,0.0,0.0,0.0
2260,10,0.2,0.13333333333333333,0.14606834984270645,0.1,0.2,0.1,0.12727272727272726,0.09478836436955078,0.1,0.1
8010,5,0.2,0.19999999999999998,0.16958010263680803,0.2,0.2,0.2,0.2,0.16958010263680803,0.2,0.1
4308,3,0.0,0.0,0.0,0.0,0.0,0.0,0.0,0.0,0.0,0.0
14005,6,0.2,0.3333333333333333,0.33916020527361607,0.16666666666666666,0.2,0.3333333333333333,0.2222222222222222,0.30260241349881345,0.3333333333333333,0.2
13992,9,0.0,0.0,0.0,0.0,0.0,0.1111111111111111,0.05555555555555556,0.07414861528507453,0.1111111111111111,0.1
107,9,0.6,0.7333333333333334,0.6992148198508501,0.3333333333333333,0.6,0.5555555555555556,0.574074074074074,0.5682963021961281,0.5555555555555556,0.5
10973,8,0.2,0.06666666666666665,0.13120507751234176,0.125,0.2,0.25,0.11538461538461538,0.09785159463516041,0.25,0.2
14158,9,0.4,0.26666666666666666,0.3007851801491498,0.2222222222222222,0.4,0.3333333333333333,0.33333333333333326,0.28679932179771667,0.3333333333333333,0.3
12077,2,1.0,0.5555555555555556,0.6131471927654584,1.0,0.4,1.0,0.5263157894736842,0.6131471927654584,1.0,0.4
9694,1,0.0,0.0,0.0,0.0,0.0,0.0,0.0,0.0,0.0,0.0
12428,24,0.6,0.7999999999999999,0.7227265726449518,0.125,0.6,0.5,0.5636363636363636,0.6020521034564037,0.20833333333333334,0.5
7468,14,0.0,0.0,0.0,0.0,0.0,0.1,0.07272727272727274,0.07336392209936006,0.07142857142857142,0.1
16309,6,0.0,0.0,0.0,0.0,0.0,0.0,0.0,0.0,0.0,0.0
10499,18,0.2,0.06666666666666665,0.13120507751234176,0.05555555555555555,0.2,0.1,0.10909090909090909,0.08514311764162097,0.05555555555555555,0.1
14347,13,0.2,0.3333333333333333,0.33916020527361607,0.07692307692307693,0.2,0.3,0.2727272727272727,0.3570764765963919,0.23076923076923078,0.3
12441,8,0.2,0.13333333333333333,0.14606834984270645,0.125,0.2,0.25,0.1346153846153846,0.1089364926177559,0.25,0.2
1708,14,0.0,0.0,0.0,0.0,0.0,0.2,0.14545454545454548,0.14782949091545258,0.14285714285714285,0.2
3907,10,0.6,0.6666666666666666,0.6548086577531306,0.3,0.6,0.5,0.5272727272727272,0.5579780239523999,0.5,0.5
15485,23,0.6,0.6,0.6399453854227659,0.13043478260869565,0.6,0.6,0.6181818181818182,0.6306637463657283,0.2608695652173913,0.6
11455,7,0.3333333333333333,0.3333333333333333,0.46927872602275644,0.14285714285714285,0.3333333333333333,0.3333333333333333,0.2040816326530612,0.46927872602275644,0.14285714285714285,0.3333333333333333
10239,13,0.0,0.0,0.0,0.0,0.0,0.1,0.07272727272727274,0.07336392209936006,0.07692307692307693,0.1
10685,1,0.0,0.0,0.0,0.0,0.0,0.0,0.0,0.0,0.0,0.0
10910,7,0.2,0.3333333333333333,0.33916020527361607,0.14285714285714285,0.2,0.5714285714285714,0.38775510204081626,0.4644147025690223,0.5714285714285714,0.4
11974,17,0.2,0.06666666666666665,0.13120507751234176,0.058823529411764705,0.2,0.3,0.21818181818181823,0.227162174819248,0.17647058823529413,0.3
2841,4,0.25,0.2142857142857143,0.19519002499605081,0.25,0.2,0.5,0.23529411764705882,0.19519002499605081,0.5,0.2
12382,1,0.0,0.0,0.0,0.0,0.0,0.0,0.0,0.0,0.0,0.0
19576,14,0.2,0.13333333333333333,0.14606834984270645,0.07142857142857142,0.2,0.2,0.1636363636363636,0.16104258782393982,0.14285714285714285,0.2
20400,8,0.4,0.19999999999999998,0.2772734273550482,0.25,0.4,0.25,0.24999999999999994,0.20678808725291628,0.25,0.2
9805,8,0.4,0.3333333333333333,0.34519134224686926,0.25,0.4,0.25,0.28846153846153844,0.25744067176005675,0.25,0.2
19007,7,0.4,0.26666666666666666,0.3007851801491498,0.2857142857142857,0.4,0.2857142857142857,0.2857142857142857,0.24377484748737527,0.2857142857142857,0.2
854,2,0.0,0.0,0.0,0.0,0.0,1.0,0.0,0.0,1.0,0.2222222222222222
19004,17,0.2,0.26666666666666666,0.2139862647345275,0.058823529411764705,0.2,0.2,0.21818181818181823,0.20829366581033176,0.11764705882352941,0.2
2552,9,0.0,0.0,0.0,0.0,0.0,0.0,0.0,0.0,0.0,0.0
18749,30,1.0,1.0,1.0,0.16666666666666666,1.0,0.8,0.8363636363636363,0.8482378089219647,0.26666666666666666,0.8
17383,13,0.2,0.3333333333333333,0.33916020527361607,0.07692307692307693,0.2,0.1,0.18181818181818182,0.22009176629808014,0.07692307692307693,0.1
18991,15,0.6,0.6,0.6399453854227659,0.2,0.6,0.4,0.47272727272727266,0.48153499054313026,0.26666666666666666,0.4
1637,1,0.0,0.0,0.0,0.0,0.0,0.0,0.0,0.0,0.0,0.0
20488,5,0.6,0.7999999999999999,0.7227265726449518,0.6,0.6,0.8,0.675,0.7227265726449518,0.8,0.4
17783,4,0.25,0.35714285714285715,0.39038004999210163,0.25,0.2,0.25,0.2941176470588235,0.39038004999210163,0.25,0.1
9893,20,0.4,0.5333333333333333,0.5087403079104241,0.1,0.4,0.2,0.32727272727272727,0.3301376494471202,0.1,0.2
12941,4,0.25,0.35714285714285715,0.39038004999210163,0.25,0.2,0.25,0.2941176470588235,0.39038004999210163,0.25,0.1
3871,3,0.6666666666666666,0.4166666666666667,0.46927872602275644,0.6666666666666666,0.4,1.0,0.37037037037037035,0.46927872602275644,1.0,0.3
11955,3,0.3333333333333333,0.0,0.0,0.3333333333333333,0.2,0.3333333333333333,0.0,0.0,0.3333333333333333,0.1
18459,23,0.6,0.6666666666666666,0.6548086577531306,0.13043478260869565,0.6,0.4,0.5454545454545454,0.5033242827953462,0.17391304347826086,0.4
4774,2,0.0,0.0,0.0,0.0,0.0,0.5,0.0,0.0,0.5,0.1
832,27,0.8,0.9333333333333332,0.8687949224876582,0.14814814814814814,0.8,0.7,0.7818181818181817,0.7752387368046298,0.25925925925925924,0.7
15145,14,0.6,0.5333333333333333,0.5147714448836773,0.21428571428571427,0.6,0.4,0.45454545454545453,0.40030566811860463,0.2857142857142857,0.4
12144,2,1.0,1.0,1.0,1.0,1.0,1.0,1.0,1.0,1.0,1.0
12268,5,0.4,0.4666666666666666,0.48522855511632257,0.4,0.4,0.4,0.425,0.48522855511632257,0.4,0.2
462,3,0.6666666666666666,0.4166666666666667,0.46927872602275644,0.6666666666666666,0.4,0.6666666666666666,0.37037037037037035,0.46927872602275644,0.6666666666666666,0.4
18660,3,0.3333333333333333,0.25,0.23463936301137822,0.3333333333333333,0.2,0.3333333333333333,0.2962962962962963,0.23463936301137822,0.3333333333333333,0.1
19565,2,0.5,0.0,0.0,0.5,0.2,1.0,0.0,0.0,1.0,0.2
12850,3,0.3333333333333333,0.33333333333333337,0.29608191096586517,0.3333333333333333,0.2,0.6666666666666666,0.3333333333333333,0.29608191096586517,0.6666666666666666,0.2
9559,11,0.8,0.7333333333333334,0.7860137352654724,0.36363636363636365,0.8,0.6,0.6909090909090909,0.6547216238913564,0.5454545454545454,0.6
9601,9,0.4,0.39999999999999997,0.4703652827859578,0.2222222222222222,0.4,0.2222222222222222,0.2962962962962963,0.32597358003346416,0.2222222222222222,0.2
17090,3,0.0,0.0,0.0,0.0,0.0,0.0,0.0,0.0,0.0,0.0
186,6,0.0,0.0,0.0,0.0,0.0,0.0,0.0,0.0,0.0,0.0
15333,9,0.0,0.0,0.0,0.0,0.0,0.0,0.0,0.0,0.0,0.0
12620,8,0.6,0.6666666666666666,0.6548086577531306,0.375,0.6,0.375,0.4807692307692307,0.4883505467692416,0.375,0.3
10842,2,0.5,0.4444444444444445,0.3868528072345415,0.5,0.2,0.5,0.4736842105263158,0.3868528072345415,0.5,0.1
12969,7,0.0,0.0,0.0,0.0,0.0,0.0,0.0,0.0,0.0,0.0
8666,11,0.8,0.9333333333333332,0.8687949224876582,0.36363636363636365,0.8,0.6,0.7272727272727273,0.7058075148678526,0.5454545454545454,0.6
13979,5,0.0,0.0,0.0,0.0,0.0,0.2,0.0,0.0,0.2,0.1
9108,12,0.2,0.3333333333333333,0.33916020527361607,0.08333333333333333,0.2,0.1,0.18181818181818182,0.22009176629808014,0.08333333333333333,0.1
13699,2,0.0,0.0,0.0,0.0,0.0,0.0,0.0,0.0,0.0,0.0
3693,11,1.0,1.0,1.0,0.45454545454545453,1.0,0.5,0.7272727272727273,0.6489315753318466,0.45454545454545453,0.5
16981,8,0.2,0.3333333333333333,0.33916020527361607,0.125,0.2,0.375,0.28846153846153844,0.34304271142002485,0.375,0.3
5027,3,0.3333333333333333,0.4166666666666667,0.46927872602275644,0.3333333333333333,0.2,0.3333333333333333,0.37037037037037035,0.46927872602275644,0.3333333333333333,0.1
6918,16,0.4,0.6,0.5531464700081437,0.125,0.4,0.4,0.509090909090909,0.5107164012496701,0.25,0.4
7049,3,0.0,0.0,0.0,0.0,0.0,0.0,0.0,0.0,0.0,0.0
15469,15,0.6,0.6666666666666666,0.6548086577531306,0.2,0.6,0.7,0.6545454545454545,0.7026305163854644,0.4666666666666667,0.7
2536,3,0.0,0.0,0.0,0.0,0.0,0.0,0.0,0.0,0.0,0.0
10806,4,0.25,0.2142857142857143,0.19519002499605081,0.25,0.2,0.5,0.23529411764705882,0.19519002499605081,0.5,0.2
15200,4,0.25,0.28571428571428575,0.2463023887407299,0.25,0.2,0.5,0.2647058823529412,0.2463023887407299,0.5,0.2
9374,5,0.0,0.0,0.0,0.0,0.0,0.6,0.0,0.0,0.6,0.3
4654,7,0.0,0.0,0.0,0.0,0.0,0.14285714285714285,0.0,0.0,0.14285714285714285,0.1
5661,6,0.4,0.26666666666666666,0.3007851801491498,0.3333333333333333,0.4,0.5,0.4222222222222222,0.3761529544118812,0.5,0.3
13039,2,0.5,0.4444444444444445,0.3868528072345415,0.5,0.2,0.5,0.4736842105263158,0.3868528072345415,0.5,0.1
1079,6,0.2,0.3333333333333333,0.33916020527361607,0.16666666666666666,0.2,0.16666666666666666,0.2222222222222222,0.30260241349881345,0.16666666666666666,0.1
8487,9,1.0,1.0,1.0,0.5555555555555556,1.0,0.8888888888888888,0.9629629629629629,0.9292442392789194,0.8888888888888888,0.8
17570,3,0.6666666666666666,0.33333333333333337,0.29608191096586517,0.6666666666666666,0.4,0.6666666666666666,0.3333333333333333,0.29608191096586517,0.6666666666666666,0.2
3689,3,0.3333333333333333,0.4166666666666667,0.46927872602275644,0.3333333333333333,0.2,0.3333333333333333,0.37037037037037035,0.46927872602275644,0.3333333333333333,0.1
18744,8,0.0,0.0,0.0,0.0,0.0,0.0,0.0,0.0,0.0,0.0
2458,13,0.2,0.19999999999999998,0.16958010263680803,0.07692307692307693,0.2,0.4,0.30909090909090914,0.32149616226344435,0.3076923076923077,0.4
8670,18,0.8,0.6666666666666666,0.6608397947263838,0.2222222222222222,0.8,0.5,0.5818181818181819,0.4950940324881554,0.2777777777777778,0.5
17291,2,0.5,0.4444444444444445,0.3868528072345415,0.5,0.2,0.5,0.4736842105263158,0.3868528072345415,0.5,0.1
16819,4,0.25,0.35714285714285715,0.39038004999210163,0.25,0.2,0.5,0.2941176470588235,0.39038004999210163,0.5,0.2
834,13,0.2,0.3333333333333333,0.33916020527361607,0.07692307692307693,0.2,0.2,0.2545454545454545,0.29345568839744024,0.15384615384615385,0.2
12625,17,0.0,0.0,0.0,0.0,0.0,0.1,0.09090909090909091,0.07839826897867533,0.058823529411764705,0.1
16729,13,0.2,0.26666666666666666,0.2139862647345275,0.07692307692307693,0.2,0.2,0.21818181818181823,0.20829366581033176,0.15384615384615385,0.2
16848,9,0.0,0.0,0.0,0.0,0.0,0.1111111111111111,0.07407407407407407,0.07834851647149513,0.1111111111111111,0.1
19018,8,0.2,0.3333333333333333,0.33916020527361607,0.125,0.2,0.25,0.25,0.3327372413301053,0.25,0.2
18314,5,0.4,0.3333333333333333,0.31564845247951445,0.4,0.4,0.8,0.375,0.31564845247951445,0.8,0.4
20359,8,0.2,0.26666666666666666,0.2139862647345275,0.125,0.2,0.25,0.23076923076923078,0.23938361568734448,0.25,0.2
15421,2,0.0,0.0,0.0,0.0,0.0,0.0,0.0,0.0,0.0,0.0
10124,20,0.0,0.0,0.0,0.0,0.0,0.2,0.10909090909090909,0.13961814555374907,0.1,0.2
3118,21,0.4,0.5333333333333333,0.5087403079104241,0.09523809523809523,0.4,0.4,0.4,0.46318965958284913,0.19047619047619047,0.4
13985,11,0.2,0.3333333333333333,0.33916020527361607,0.09090909090909091,0.2,0.2,0.2727272727272727,0.2984900352767555,0.18181818181818182,0.2
6606,6,0.6,0.39999999999999997,0.4468535299918562,0.5,0.6,0.8333333333333334,0.4666666666666667,0.39868756579774084,0.8333333333333334,0.5
19250,6,0.0,0.0,0.0,0.0,0.0,0.0,0.0,0.0,0.0,0.0
15350,22,1.0,1.0,1.0,0.22727272727272727,1.0,0.6,0.7636363636363637,0.7151857987862357,0.2727272727272727,0.6
3846,5,0.0,0.0,0.0,0.0,0.0,0.0,0.0,0.0,0.0,0.0
4100,3,0.3333333333333333,0.0,0.0,0.3333333333333333,0.2,0.3333333333333333,0.0,0.0,0.3333333333333333,0.1
11104,10,0.4,0.4666666666666666,0.48522855511632257,0.2,0.4,0.4,0.4727272727272727,0.4666423217456664,0.4,0.4
6621,6,0.4,0.3333333333333333,0.31564845247951445,0.3333333333333333,0.4,0.3333333333333333,0.3333333333333333,0.2816249726597773,0.3333333333333333,0.2
11372,5,0.6,0.46666666666666673,0.4912596920895757,0.6,0.6,0.8,0.55,0.4912596920895757,0.8,0.4
10809,2,0.5,0.0,0.0,0.5,0.2,1.0,0.0,0.0,1.0,0.2
8138,20,0.2,0.26666666666666666,0.2139862647345275,0.05,0.2,0.1,0.16363636363636364,0.1388624438735545,0.05,0.1
7240,12,0.0,0.0,0.0,0.0,0.0,0.0,0.0,0.0,0.0,0.0
14843,3,0.0,0.0,0.0,0.0,0.0,0.0,0.0,0.0,0.0,0.0
13961,2,0.0,0.0,0.0,0.0,0.0,0.0,0.0,0.0,0.0,0.0
6817,6,0.2,0.26666666666666666,0.2139862647345275,0.16666666666666666,0.2,0.16666666666666666,0.2,0.1909208661789346,0.16666666666666666,0.1
11072,2,0.5,0.4444444444444445,0.3868528072345415,0.5,0.2,0.5,0.4736842105263158,0.3868528072345415,0.5,0.1
4888,6,0.2,0.3333333333333333,0.33916020527361607,0.16666666666666666,0.2,0.3333333333333333,0.3333333333333333,0.4103915680233244,0.3333333333333333,0.2
16506,2,0.0,0.0,0.0,0.0,0.0,0.0,0.0,0.0,0.0,0.0
9577,2,1.0,0.4444444444444445,0.3868528072345415,1.0,0.4,1.0,0.4736842105263158,0.3868528072345415,1.0,0.2
20098,12,0.6,0.6666666666666666,0.6548086577531306,0.25,0.6,0.4,0.4727272727272727,0.48854680201562267,0.3333333333333333,0.4
18021,29,0.2,0.3333333333333333,0.33916020527361607,0.034482758620689655,0.2,0.3,0.3090909090909091,0.3647442587311445,0.10344827586206896,0.3
4834,2,0.0,0.0,0.0,0.0,0.0,0.0,0.0,0.0,0.0,0.0
300,6,0.8,0.9333333333333332,0.8687949224876582,0.6666666666666666,0.8,0.6666666666666666,0.7555555555555556,0.7751482523375255,0.6666666666666666,0.4
11041,5,0.0,0.0,0.0,0.0,0.0,0.2,0.0,0.0,0.2,0.1
8350,12,0.0,0.0,0.0,0.0,0.0,0.0,0.0,0.0,0.0,0.0
17039,17,0.4,0.4666666666666666,0.38356636737133554,0.11764705882352941,0.4,0.3,0.38181818181818183,0.3222722491219546,0.17647058823529413,0.3
761,20,0.6,0.5333333333333333,0.5147714448836773,0.15,0.6,0.4,0.43636363636363645,0.3976722328631673,0.2,0.4
12832,6,0.0,0.0,0.0,0.0,0.0,0.0,0.0,0.0,0.0,0.0
13416,2,0.0,0.0,0.0,0.0,0.0,0.5,0.0,0.0,0.5,0.1
17401,19,0.0,0.0,0.0,0.0,0.0,0.0,0.0,0.0,0.0,0.0
18649,2,0.5,0.0,0.0,0.5,0.2,0.5,0.0,0.0,0.5,0.1
2972,7,0.2,0.06666666666666665,0.13120507751234176,0.14285714285714285,0.2,0.2857142857142857,0.12244897959183672,0.10633668103022983,0.2857142857142857,0.2
19082,8,0.0,0.0,0.0,0.0,0.0,0.375,0.15384615384615385,0.16989454721481584,0.375,0.3
15169,4,0.75,0.5,0.4414924137367807,0.75,0.6,0.75,0.5,0.4414924137367807,0.75,0.3
19165,1,1.0,0.0,0.0,1.0,0.2,1.0,0.0,0.0,1.0,0.1
15342,5,0.4,0.3333333333333333,0.31564845247951445,0.4,0.4,0.6,0.375,0.31564845247951445,0.6,0.3
7224,17,0.8,0.8666666666666666,0.8539316501572936,0.23529411764705882,0.8,0.5,0.6909090909090909,0.6325414799409711,0.29411764705882354,0.5
2499,14,0.0,0.0,0.0,0.0,0.0,0.1,0.018181818181818177,0.0636207881989517,0.07142857142857142,0.1
14261,5,0.6,0.5333333333333333,0.5147714448836773,0.6,0.6,0.6,0.5750000000000001,0.5147714448836773,0.6,0.3
215,6,0.2,0.26666666666666666,0.2139862647345275,0.16666666666666666,0.2,0.3333333333333333,0.2,0.1909208661789346,0.3333333333333333,0.2
13955,21,0.4,0.5333333333333333,0.5087403079104241,0.09523809523809523,0.4,0.4,0.43636363636363645,0.46975579500086934,0.19047619047619047,0.4
9682,7,0.0,0.0,0.0,0.0,0.0,0.0,0.0,0.0,0.0,0.0
15743,1,1.0,0.0,0.0,1.0,0.2,1.0,0.0,0.0,1.0,0.2
11723,11,0.0,0.0,0.0,0.0,0.0,0.2,0.09090909090909091,0.13568544539116628,0.18181818181818182,0.2
5164,26,0.8,0.9333333333333332,0.8687949224876582,0.15384615384615385,0.8,0.7,0.7818181818181817,0.7752387368046298,0.2692307692307692,0.7
19103,22,0.4,0.5333333333333333,0.5087403079104241,0.09090909090909091,0.4,0.4,0.45454545454545453,0.4729327934832575,0.18181818181818182,0.4
8429,18,0.0,0.0,0.0,0.0,0.0,0.0,0.0,0.0,0.0,0.0
778,15,0.4,0.4666666666666666,0.48522855511632257,0.13333333333333333,0.4,0.5,0.49090909090909096,0.5302631099446181,0.3333333333333333,0.5
6228,3,0.3333333333333333,0.25,0.23463936301137822,0.3333333333333333,0.2,0.3333333333333333,0.2962962962962963,0.23463936301137822,0.3333333333333333,0.1
16245,12,0.4,0.3333333333333333,0.31564845247951445,0.16666666666666666,0.4,0.2,0.2727272727272727,0.20483424751859083,0.16666666666666666,0.2
15460,18,0.4,0.19999999999999998,0.2772734273550482,0.1111111111111111,0.4,0.6,0.4545454545454545,0.4615686847425478,0.3333333333333333,0.6
7190,7,0.0,0.0,0.0,0.0,0.0,0.0,0.0,0.0,0.0,0.0
6708,12,0.0,0.0,0.0,0.0,0.0,0.1,0.05454545454545456,0.06943122193677725,0.08333333333333333,0.1
19041,5,0.0,0.0,0.0,0.0,0.0,0.2,0.0,0.0,0.2,0.1
18555,7,0.0,0.0,0.0,0.0,0.0,0.14285714285714285,0.0,0.0,0.14285714285714285,0.1
18743,9,0.6,0.5333333333333333,0.6164336326286642,0.3333333333333333,0.6,0.6666666666666666,0.5925925925925926,0.6504550807234146,0.6666666666666666,0.6
13411,2,0.0,0.0,0.0,0.0,0.0,0.0,0.0,0.0,0.0,0.0
1804,1,0.0,0.0,0.0,0.0,0.0,0.0,0.0,0.0,0.0,0.0
10791,22,0.4,0.6,0.5531464700081437,0.09090909090909091,0.4,0.3,0.4,0.4283854321084119,0.13636363636363635,0.3
6557,1,1.0,0.0,0.0,1.0,0.25,1.0,0.0,0.0,1.0,0.25
5167,20,0.4,0.6,0.5531464700081437,0.1,0.4,0.4,0.509090909090909,0.5107164012496701,0.2,0.4
5495,3,0.6666666666666666,0.75,0.7653606369886217,0.6666666666666666,0.4,0.6666666666666666,0.7037037037037036,0.7653606369886217,0.6666666666666666,0.2
15446,4,0.0,0.0,0.0,0.0,0.0,0.0,0.0,0.0,0.0,0.0
2036,10,0.4,0.3333333333333333,0.31564845247951445,0.2,0.4,0.3,0.29090909090909095,0.26845503571754253,0.3,0.3
19226,16,0.0,0.0,0.0,0.0,0.0,0.0,0.0,0.0,0.0,0.0
14874,3,0.3333333333333333,0.4166666666666667,0.46927872602275644,0.3333333333333333,0.25,0.3333333333333333,0.37037037037037035,0.46927872602275644,0.3333333333333333,0.25
7083,3,0.0,0.0,0.0,0.0,0.0,0.0,0.0,0.0,0.0,0.0
16710,5,0.6,0.6666666666666666,0.6548086577531306,0.6,0.6,0.8,0.625,0.6548086577531306,0.8,0.4
19592,17,0.4,0.6,0.5531464700081437,0.11764705882352941,0.4,0.4,0.49090909090909096,0.5067837010870873,0.23529411764705882,0.4
6085,38,0.6,0.6666666666666666,0.6843515475204854,0.07894736842105263,0.6,0.5,0.5454545454545454,0.579782773204422,0.13157894736842105,0.5
17412,27,0.0,0.0,0.0,0.0,0.0,0.3,0.14545454545454548,0.206415932235089,0.1111111111111111,0.3
1394,15,0.4,0.6,0.5531464700081437,0.13333333333333333,0.4,0.3,0.3818181818181818,0.42520843362602373,0.2,0.3
14004,4,0.5,0.35714285714285715,0.39038004999210163,0.5,0.4,0.5,0.2941176470588235,0.39038004999210163,0.5,0.2
12113,41,0.8,0.8666666666666666,0.8539316501572936,0.0975609756097561,0.8,0.7,0.7454545454545454,0.7605591431973848,0.17073170731707318,0.7
9873,8,0.2,0.19999999999999998,0.16958010263680803,0.125,0.2,0.375,0.15384615384615385,0.12647135138382856,0.375,0.3
1910,9,0.2,0.13333333333333333,0.14606834984270645,0.1111111111111111,0.2,0.2222222222222222,0.2222222222222222,0.18495352221149364,0.2222222222222222,0.2
9863,15,0.6,0.6666666666666666,0.6548086577531306,0.2,0.6,0.6,0.6000000000000001,0.6331992944486871,0.4,0.6
17755,15,0.0,0.0,0.0,0.0,0.0,0.2,0.16363636363636364,0.1517621910780354,0.13333333333333333,0.2
18008,2,1.0,0.5555555555555556,0.6131471927654584,1.0,0.4,1.0,0.5263157894736842,0.6131471927654584,1.0,0.2
20048,4,0.25,0.28571428571428575,0.2463023887407299,0.25,0.2,0.5,0.2647058823529412,0.2463023887407299,0.5,0.2
15692,1,0.0,0.0,0.0,0.0,0.0,0.0,0.0,0.0,0.0,0.0
2853,2,0.5,0.0,0.0,0.5,0.2,0.5,0.0,0.0,0.5,0.1
19706,4,0.0,0.0,0.0,0.0,0.0,0.0,0.0,0.0,0.0,0.0
19653,4,0.25,0.35714285714285715,0.39038004999210163,0.25,0.2,0.25,0.2941176470588235,0.39038004999210163,0.25,0.1
8097,3,0.6666666666666666,0.5833333333333334,0.5307212739772434,0.6666666666666666,0.4,0.6666666666666666,0.6296296296296297,0.5307212739772434,0.6666666666666666,0.2
1082,1,1.0,1.0,1.0,1.0,0.2,1.0,1.0,1.0,1.0,0.1
13687,10,0.6,0.6666666666666666,0.6843515475204854,0.3,0.6,0.5,0.5636363636363636,0.5837154733670048,0.5,0.5
1566,8,0.4,0.6,0.5531464700081437,0.25,0.4,0.625,0.4615384615384615,0.5026317885449212,0.625,0.5
4995,3,0.6666666666666666,0.75,0.7653606369886217,0.6666666666666666,0.4,0.6666666666666666,0.7037037037037036,0.7653606369886217,0.6666666666666666,0.2
2716,3,0.0,0.0,0.0,0.0,0.0,0.0,0.0,0.0,0.0,0.0
7158,7,0.0,0.0,0.0,0.0,0.0,0.0,0.0,0.0,0.0,0.0
7820,9,0.4,0.3333333333333333,0.31564845247951445,0.2222222222222222,0.4,0.3333333333333333,0.27777777777777773,0.21875138291954285,0.3333333333333333,0.3
18231,9,0.0,0.0,0.0,0.0,0.0,0.0,0.0,0.0,0.0,0.0
2729,10,0.8,0.7333333333333334,0.7860137352654724,0.4,0.8,0.5,0.5818181818181819,0.5736899196572437,0.5,0.5
15120,1,0.0,0.0,0.0,0.0,0.0,1.0,0.0,0.0,1.0,0.1
1026,6,0.2,0.06666666666666665,0.13120507751234176,0.16666666666666666,0.2,0.16666666666666666,0.13333333333333333,0.11706259313796352,0.16666666666666666,0.1
813,4,0.0,0.0,0.0,0.0,0.0,0.25,0.0,0.0,0.25,0.1
11469,7,0.2,0.26666666666666666,0.2139862647345275,0.14285714285714285,0.2,0.14285714285714285,0.18367346938775508,0.17342765698823942,0.14285714285714285,0.1
9410,9,0.2,0.3333333333333333,0.33916020527361607,0.1111111111111111,0.2,0.3333333333333333,0.24074074074074073,0.3091941646995599,0.3333333333333333,0.3
6121,17,0.2,0.13333333333333333,0.14606834984270645,0.058823529411764705,0.2,0.2,0.2,0.16815228646891084,0.11764705882352941,0.2
9125,12,0.0,0.0,0.0,0.0,0.0,0.0,0.0,0.0,0.0,0.0
20425,7,0.0,0.0,0.0,0.0,0.0,0.0,0.0,0.0,0.0,0.0
4312,1,0.0,0.0,0.0,0.0,0.0,0.0,0.0,0.0,0.0,0.0
6822,5,0.0,0.0,0.0,0.0,0.0,0.0,0.0,0.0,0.0,0.0
9698,15,0.0,0.0,0.0,0.0,0.0,0.0,0.0,0.0,0.0,0.0
1996,21,0.2,0.3333333333333333,0.33916020527361607,0.047619047619047616,0.2,0.2,0.23636363636363636,0.2895229882348574,0.09523809523809523,0.2
8912,1,0.0,0.0,0.0,0.0,0.0,0.0,0.0,0.0,0.0,0.0
20011,18,0.0,0.0,0.0,0.0,0.0,0.0,0.0,0.0,0.0,0.0
16138,2,1.0,1.0,1.0,1.0,1.0,1.0,1.0,1.0,1.0,1.0
19790,5,0.2,0.3333333333333333,0.33916020527361607,0.2,0.2,0.4,0.25,0.33916020527361607,0.4,0.2
12012,2,0.5,0.0,0.0,0.5,0.2,0.5,0.0,0.0,0.5,0.1
4092,11,0.2,0.26666666666666666,0.2139862647345275,0.09090909090909091,0.2,0.1,0.16363636363636364,0.1388624438735545,0.09090909090909091,0.1
12485,10,0.2,0.06666666666666665,0.13120507751234176,0.1,0.2,0.1,0.10909090909090909,0.08514311764162097,0.1,0.1
4592,26,0.2,0.19999999999999998,0.16958010263680803,0.038461538461538464,0.2,0.4,0.34545454545454546,0.32806229768146455,0.15384615384615385,0.4
6957,10,0.0,0.0,0.0,0.0,0.0,0.1,0.018181818181818177,0.0636207881989517,0.1,0.1
15646,17,0.6,0.39999999999999997,0.4468535299918562,0.17647058823529413,0.6,0.6,0.5818181818181819,0.5079937796926363,0.35294117647058826,0.6
20340,2,0.5,0.4444444444444445,0.3868528072345415,0.5,0.2,0.5,0.4736842105263158,0.3868528072345415,0.5,0.1
19136,5,0.2,0.19999999999999998,0.16958010263680803,0.2,0.2,0.4,0.2,0.16958010263680803,0.4,0.2
15669,6,0.2,0.06666666666666665,0.13120507751234176,0.16666666666666666,0.2,0.3333333333333333,0.13333333333333333,0.11706259313796352,0.3333333333333333,0.2
12,10,0.2,0.3333333333333333,0.33916020527361607,0.1,0.2,0.2,0.2545454545454545,0.29345568839744024,0.2,0.2
16214,4,0.0,0.0,0.0,0.0,0.0,0.25,0.0,0.0,0.25,0.1
4467,12,0.2,0.3333333333333333,0.33916020527361607,0.08333333333333333,0.2,0.1,0.18181818181818182,0.22009176629808014,0.08333333333333333,0.1
4190,5,0.4,0.19999999999999998,0.2772734273550482,0.4,0.4,0.6,0.32499999999999996,0.2772734273550482,0.6,0.3
3853,2,0.5,0.5555555555555556,0.6131471927654584,0.5,0.25,0.5,0.5263157894736842,0.6131471927654584,0.5,0.25
18437,25,0.2,0.06666666666666665,0.13120507751234176,0.04,0.2,0.2,0.18181818181818182,0.15850703974098102,0.08,0.2
2354,5,0.4,0.6,0.5531464700081437,0.4,0.4,0.6,0.475,0.5531464700081437,0.6,0.3
8595,4,0.25,0.2142857142857143,0.19519002499605081,0.25,0.25,0.25,0.23529411764705882,0.19519002499605081,0.25,0.25
17867,7,0.2,0.3333333333333333,0.33916020527361607,0.14285714285714285,0.2,0.14285714285714285,0.2040816326530612,0.27487633291429087,0.14285714285714285,0.1
5259,5,0.0,0.0,0.0,0.0,0.0,0.2,0.0,0.0,0.2,0.1
518,10,0.2,0.3333333333333333,0.33916020527361607,0.1,0.2,0.2,0.21818181818181817,0.28634598975246917,0.2,0.2
15499,7,0.0,0.0,0.0,0.0,0.0,0.2857142857142857,0.1020408163265306,0.0979129253499678,0.2857142857142857,0.2
16098,2,0.5,0.0,0.0,0.5,0.2,0.5,0.0,0.0,0.5,0.1
14036,2,0.5,0.4444444444444445,0.3868528072345415,0.5,0.2,1.0,0.4736842105263158,0.3868528072345415,1.0,0.2
9333,27,0.2,0.13333333333333333,0.14606834984270645,0.037037037037037035,0.2,0.2,0.21818181818181817,0.1731866333482261,0.07407407407407407,0.2
1790,5,0.0,0.0,0.0,0.0,0.0,0.4,0.0,0.0,0.4,0.2
4237,7,0.2,0.13333333333333333,0.14606834984270645,0.14285714285714285,0.2,0.14285714285714285,0.14285714285714285,0.11838279295536291,0.14285714285714285,0.1
7081,10,0.4,0.3333333333333333,0.31564845247951445,0.2,0.4,0.2,0.2727272727272727,0.20483424751859083,0.2,0.2
4706,20,0.6,0.6666666666666666,0.6843515475204854,0.15,0.6,0.3,0.45454545454545453,0.44409732781325567,0.15,0.3
14516,4,0.0,0.0,0.0,0.0,0.0,0.0,0.0,0.0,0.0,0.0
12804,12,0.2,0.3333333333333333,0.33916020527361607,0.08333333333333333,0.2,0.3,0.34545454545454546,0.37185395737611554,0.25,0.3
14025,8,0.8,0.8000000000000002,0.8304198973631919,0.5,0.8,0.5,0.6153846153846153,0.6193198671454698,0.5,0.4
14712,10,0.2,0.3333333333333333,0.33916020527361607,0.1,0.2,0.1,0.18181818181818182,0.22009176629808014,0.1,0.1
10406,8,0.6,0.5333333333333333,0.5147714448836773,0.375,0.6,0.5,0.44230769230769235,0.38391202314388534,0.5,0.4
10886,8,0.0,0.0,0.0,0.0,0.0,0.0,0.0,0.0,0.0,0.0
3464,7,0.2,0.26666666666666666,0.2139862647345275,0.14285714285714285,0.2,0.14285714285714285,0.18367346938775508,0.17342765698823942,0.14285714285714285,0.1
19678,11,0.0,0.0,0.0,0.0,0.0,0.0,0.0,0.0,0.0,0.0
12458,15,0.4,0.5333333333333333,0.5087403079104241,0.13333333333333333,0.4,0.3,0.41818181818181815,0.4085359184257955,0.2,0.3
2634,3,0.0,0.0,0.0,0.0,0.0,0.0,0.0,0.0,0.0,0.0
9892,8,0.2,0.26666666666666666,0.2139862647345275,0.125,0.2,0.25,0.17307692307692307,0.1595890771248963,0.25,0.2
2471,55,0.6,0.6666666666666666,0.6548086577531306,0.05454545454545454,0.6,0.5,0.5818181818181819,0.5695785062497354,0.09090909090909091,0.5
422,3,0.6666666666666666,0.5833333333333334,0.5307212739772434,0.6666666666666666,0.4,0.6666666666666666,0.6296296296296297,0.5307212739772434,0.6666666666666666,0.2
8473,13,0.0,0.0,0.0,0.0,0.0,0.1,0.036363636363636355,0.06625422345438903,0.07692307692307693,0.1
7761,12,0.4,0.39999999999999997,0.4703652827859578,0.16666666666666666,0.4,0.4,0.38181818181818183,0.4409203293308674,0.3333333333333333,0.4
19850,9,0.0,0.0,0.0,0.0,0.0,0.0,0.0,0.0,0.0,0.0
985,1,0.0,0.0,0.0,0.0,0.0,0.0,0.0,0.0,0.0,0.0
10194,6,0.0,0.0,0.0,0.0,0.0,0.0,0.0,0.0,0.0,0.0
18900,5,0.2,0.19999999999999998,0.16958010263680803,0.2,0.2,0.4,0.2,0.16958010263680803,0.4,0.2
20451,22,0.0,0.0,0.0,0.0,0.0,0.3,0.2,0.21801641453242443,0.13636363636363635,0.3
13763,2,0.5,0.0,0.0,0.5,0.2,0.5,0.0,0.0,0.5,0.1
7740,1,1.0,0.0,0.0,1.0,0.2,1.0,0.0,0.0,1.0,0.14285714285714285
3605,30,0.8,0.8666666666666666,0.8539316501572936,0.13333333333333333,0.8,0.8,0.8363636363636363,0.8389574121760601,0.26666666666666666,0.8
4750,4,0.0,0.0,0.0,0.0,0.0,0.0,0.0,0.0,0.0,0.0
18517,2,1.0,1.0,1.0,1.0,0.4,1.0,1.0,1.0,1.0,0.3333333333333333
7714,4,0.0,0.0,0.0,0.0,0.0,0.0,0.0,0.0,0.0,0.0
11287,4,0.5,0.5714285714285715,0.5855700749881524,0.5,0.4,0.75,0.5294117647058824,0.5855700749881524,0.75,0.3
20505,6,0.4,0.5333333333333333,0.5087403079104241,0.3333333333333333,0.4,0.3333333333333333,0.4,0.4539036202482201,0.3333333333333333,0.2
13238,7,0.0,0.0,0.0,0.0,0.0,0.0,0.0,0.0,0.0,0.0
12395,14,0.0,0.0,0.0,0.0,0.0,0.2,0.16363636363636364,0.1517621910780354,0.14285714285714285,0.2
13192,6,0.0,0.0,0.0,0.0,0.0,0.0,0.0,0.0,0.0,0.0
11521,7,0.0,0.0,0.0,0.0,0.0,0.0,0.0,0.0,0.0,0.0
3148,1,0.0,0.0,0.0,0.0,0.0,0.0,0.0,0.0,0.0,0.0
12846,15,0.0,0.0,0.0,0.0,0.0,0.1,0.018181818181818177,0.0636207881989517,0.06666666666666667,0.1
20501,5,0.0,0.0,0.0,0.0,0.0,0.0,0.0,0.0,0.0,0.0
482,7,0.2,0.13333333333333333,0.14606834984270645,0.14285714285714285,0.2,0.2857142857142857,0.14285714285714285,0.11838279295536291,0.2857142857142857,0.2
17950,9,0.0,0.0,0.0,0.0,0.0,0.0,0.0,0.0,0.0,0.0
6545,9,0.4,0.4000000000000001,0.3600546145772339,0.2222222222222222,0.4,0.5555555555555556,0.3888888888888889,0.3944302147886044,0.5555555555555556,0.5
2764,13,0.0,0.0,0.0,0.0,0.0,0.1,0.018181818181818177,0.0636207881989517,0.07692307692307693,0.1
13771,12,0.0,0.0,0.0,0.0,0.0,0.0,0.0,0.0,0.0,0.0
28,7,0.2,0.13333333333333333,0.14606834984270645,0.14285714285714285,0.2,0.2857142857142857,0.24489795918367344,0.2162957183053307,0.2857142857142857,0.2
8810,7,0.2,0.3333333333333333,0.33916020527361607,0.14285714285714285,0.2,0.2857142857142857,0.2040816326530612,0.27487633291429087,0.2857142857142857,0.2
11983,15,0.2,0.13333333333333333,0.14606834984270645,0.06666666666666667,0.2,0.3,0.29090909090909095,0.24655055544758617,0.2,0.3
11012,7,0.2,0.26666666666666666,0.2139862647345275,0.14285714285714285,0.2,0.14285714285714285,0.18367346938775508,0.17342765698823942,0.14285714285714285,0.1
10243,8,0.2,0.06666666666666665,0.13120507751234176,0.125,0.2,0.125,0.11538461538461538,0.09785159463516041,0.125,0.1
14448,9,0.4,0.4666666666666666,0.38356636737133554,0.2222222222222222,0.4,0.2222222222222222,0.3148148148148148,0.26582000527739175,0.2222222222222222,0.2
16267,6,0.2,0.26666666666666666,0.2139862647345275,0.16666666666666666,0.2,0.16666666666666666,0.2,0.1909208661789346,0.16666666666666666,0.1
4636,30,0.4,0.26666666666666666,0.3007851801491498,0.06666666666666667,0.4,0.4,0.34545454545454546,0.3308744461818273,0.13333333333333333,0.4
7842,13,0.2,0.3333333333333333,0.33916020527361607,0.07692307692307693,0.2,0.3,0.32727272727272727,0.36792125721353275,0.23076923076923078,0.3
10081,11,0.8,0.7333333333333334,0.7860137352654724,0.36363636363636365,0.8,0.4,0.5636363636363636,0.510069131458292,0.36363636363636365,0.4
9364,8,0.0,0.0,0.0,0.0,0.0,0.125,0.07692307692307693,0.08431423425588572,0.125,0.1
13240,13,0.4,0.5333333333333333,0.5087403079104241,0.15384615384615385,0.4,0.7,0.6000000000000001,0.6812060741152736,0.5384615384615384,0.7
8835,14,0.2,0.26666666666666666,0.2139862647345275,0.07142857142857142,0.2,0.1,0.16363636363636364,0.1388624438735545,0.07142857142857142,0.1
16967,1,0.0,0.0,0.0,0.0,0.0,0.0,0.0,0.0,0.0,0.0
16053,1,0.0,0.0,0.0,0.0,0.0,0.0,0.0,0.0,0.0,0.0
12824,10,0.6,0.6,0.529634717214042,0.3,0.6,0.4,0.45454545454545464,0.40731747959109704,0.4,0.4
11903,1,1.0,0.0,0.0,1.0,0.3333333333333333,1.0,0.0,0.0,1.0,0.3333333333333333
20338,5,0.0,0.0,0.0,0.0,0.0,0.2,0.0,0.0,0.2,0.1
10312,10,0.2,0.13333333333333333,0.14606834984270645,0.1,0.2,0.3,0.2545454545454545,0.2394408568026151,0.3,0.3
8820,16,0.0,0.0,0.0,0.0,0.0,0.1,0.09090909090909091,0.07839826897867533,0.0625,0.1
8491,12,0.2,0.13333333333333333,0.14606834984270645,0.08333333333333333,0.2,0.3,0.2545454545454545,0.2394408568026151,0.25,0.3
13205,2,0.0,0.0,0.0,0.0,0.0,0.5,0.0,0.0,0.5,0.1
14916,11,0.2,0.3333333333333333,0.33916020527361607,0.09090909090909091,0.2,0.5,0.4181818181818182,0.5049059675118445,0.45454545454545453,0.5
15582,16,0.4,0.3333333333333333,0.34519134224686926,0.125,0.4,0.6,0.49090909090909085,0.5056427642465515,0.375,0.6
16938,8,0.2,0.19999999999999998,0.16958010263680803,0.125,0.2,0.25,0.21153846153846154,0.20626588994627676,0.25,0.2
16401,12,0.2,0.13333333333333333,0.14606834984270645,0.08333333333333333,0.2,0.1,0.12727272727272726,0.09478836436955078,0.08333333333333333,0.1
11598,3,0.6666666666666666,0.33333333333333337,0.29608191096586517,0.6666666666666666,0.4,0.6666666666666666,0.3333333333333333,0.29608191096586517,0.6666666666666666,0.2
7489,1,0.0,0.0,0.0,0.0,0.0,0.0,0.0,0.0,0.0,0.0
3468,5,0.2,0.06666666666666665,0.13120507751234176,0.2,0.2,0.2,0.15,0.13120507751234176,0.2,0.1
14821,26,0.4,0.6,0.5531464700081437,0.07692307692307693,0.4,0.2,0.34545454545454546,0.3589542101716347,0.07692307692307693,0.2
1593,13,0.4,0.3333333333333333,0.31564845247951445,0.15384615384615385,0.4,0.5,0.43636363636363634,0.41628452663299514,0.38461538461538464,0.5
17542,6,0.6,0.6,0.6399453854227659,0.5,0.6,0.6666666666666666,0.5333333333333333,0.5709662133861837,0.6666666666666666,0.4
10043,15,0.0,0.0,0.0,0.0,0.0,0.0,0.0,0.0,0.0,0.0
13844,11,0.2,0.06666666666666665,0.13120507751234176,0.09090909090909091,0.2,0.2,0.14545454545454545,0.15139734109601,0.18181818181818182,0.2
6895,9,0.0,0.0,0.0,0.0,0.0,0.0,0.0,0.0,0.0,0.0
19465,3,0.0,0.0,0.0,0.0,0.0,0.0,0.0,0.0,0.0,0.0
16881,4,0.0,0.0,0.0,0.0,0.0,0.0,0.0,0.0,0.0,0.0
11761,13,0.6,0.39999999999999997,0.4468535299918562,0.23076923076923078,0.6,0.4,0.45454545454545453,0.3633412872595718,0.3076923076923077,0.4
10503,5,0.2,0.3333333333333333,0.33916020527361607,0.2,0.2,0.4,0.25,0.33916020527361607,0.4,0.2
20178,8,0.4,0.4666666666666666,0.38356636737133554,0.25,0.4,0.5,0.4230769230769231,0.37616043716109254,0.5,0.4
6725,4,0.25,0.2142857142857143,0.19519002499605081,0.25,0.2,0.5,0.23529411764705882,0.19519002499605081,0.5,0.2
4591,6,0.0,0.0,0.0,0.0,0.0,0.3333333333333333,0.0,0.0,0.3333333333333333,0.2
8908,7,0.0,0.0,0.0,0.0,0.0,0.14285714285714285,0.1020408163265306,0.0979129253499678,0.14285714285714285,0.1
10895,40,0.2,0.13333333333333333,0.14606834984270645,0.025,0.2,0.2,0.14545454545454545,0.15840915256850246,0.05,0.2
2947,1,0.0,0.0,0.0,0.0,0.0,0.0,0.0,0.0,0.0,0.0
3961,3,0.3333333333333333,0.4166666666666667,0.46927872602275644,0.3333333333333333,0.2,0.6666666666666666,0.37037037037037035,0.46927872602275644,0.6666666666666666,0.2
5897,1,0.0,0.0,0.0,0.0,0.0,1.0,0.0,0.0,1.0,0.1
16759,6,0.2,0.26666666666666666,0.2139862647345275,0.16666666666666666,0.2,0.16666666666666666,0.2,0.1909208661789346,0.16666666666666666,0.1
4777,17,0.2,0.26666666666666666,0.2139862647345275,0.058823529411764705,0.2,0.1,0.16363636363636364,0.1388624438735545,0.058823529411764705,0.1
18042,9,0.4,0.3333333333333333,0.31564845247951445,0.2222222222222222,0.4,0.2222222222222222,0.27777777777777773,0.21875138291954285,0.2222222222222222,0.2
6126,19,0.6,0.6,0.529634717214042,0.15789473684210525,0.6,0.5,0.5636363636363637,0.48649183542828267,0.2631578947368421,0.5
10241,26,0.8,0.8000000000000002,0.8304198973631919,0.15384615384615385,0.8,0.4,0.5818181818181818,0.5388856921828065,0.15384615384615385,0.4
11671,18,0.0,0.0,0.0,0.0,0.0,0.0,0.0,0.0,0.0,0.0
763,12,0.2,0.26666666666666666,0.2139862647345275,0.08333333333333333,0.2,0.5,0.36363636363636365,0.4165669464423478,0.4166666666666667,0.5
12149,20,0.2,0.19999999999999998,0.16958010263680803,0.05,0.2,0.1,0.14545454545454548,0.11004588314904007,0.05,0.1
811,1,0.0,0.0,0.0,0.0,0.0,0.0,0.0,0.0,0.0,0.0
12339,2,0.0,0.0,0.0,0.0,0.0,0.0,0.0,0.0,0.0,0.0
8489,1,0.0,0.0,0.0,0.0,0.0,0.0,0.0,0.0,0.0,0.0
585,3,0.0,0.0,0.0,0.0,0.0,0.0,0.0,0.0,0.0,0.0
9592,12,0.0,0.0,0.0,0.0,0.0,0.2,0.054545454545454536,0.12987501165334073,0.16666666666666666,0.2
19214,2,0.0,0.0,0.0,0.0,0.0,0.5,0.0,0.0,0.5,0.1
506,3,0.0,0.0,0.0,0.0,0.0,0.0,0.0,0.0,0.0,0.0
11659,18,0.2,0.06666666666666665,0.13120507751234176,0.05555555555555555,0.2,0.4,0.3090909090909091,0.3031595321740454,0.2222222222222222,0.4
20321,10,0.6,0.39999999999999997,0.4468535299918562,0.3,0.6,0.5,0.45454545454545464,0.42302937529594076,0.5,0.5
12161,3,0.0,0.0,0.0,0.0,0.0,0.6666666666666666,0.0,0.0,0.6666666666666666,0.2
19099,11,0.0,0.0,0.0,0.0,0.0,0.0,0.0,0.0,0.0,0.0
20084,1,1.0,0.0,0.0,1.0,0.2,1.0,0.0,0.0,1.0,0.1
12968,6,0.6,0.6666666666666666,0.6843515475204854,0.5,0.6,0.8333333333333334,0.6666666666666666,0.7183750273402225,0.8333333333333334,0.5
1699,5,0.2,0.06666666666666665,0.13120507751234176,0.2,0.2,0.2,0.15,0.13120507751234176,0.2,0.1
8119,4,0.25,0.0,0.0,0.25,0.2,0.5,0.0,0.0,0.5,0.2
14643,9,0.2,0.26666666666666666,0.2139862647345275,0.1111111111111111,0.2,0.1111111111111111,0.16666666666666666,0.14829723057014907,0.1111111111111111,0.1
4529,20,0.4,0.4666666666666666,0.38356636737133554,0.1,0.4,0.4,0.4727272727272727,0.4006705181006299,0.2,0.4
1895,2,0.5,0.0,0.0,0.5,0.2,0.5,0.0,0.0,0.5,0.1
13234,9,0.6,0.39999999999999997,0.4468535299918562,0.3333333333333333,0.6,0.4444444444444444,0.4444444444444445,0.38382802882359623,0.4444444444444444,0.4
17032,2,0.5,0.0,0.0,0.5,0.2,0.5,0.0,0.0,0.5,0.1
13336,3,0.6666666666666666,0.4166666666666667,0.46927872602275644,0.6666666666666666,0.4,0.6666666666666666,0.37037037037037035,0.46927872602275644,0.6666666666666666,0.2
9768,17,0.2,0.26666666666666666,0.2139862647345275,0.058823529411764705,0.2,0.1,0.16363636363636364,0.1388624438735545,0.058823529411764705,0.1
17034,3,0.3333333333333333,0.25,0.23463936301137822,0.3333333333333333,0.2,1.0,0.2962962962962963,0.23463936301137822,1.0,0.3
16242,9,0.4,0.4666666666666666,0.38356636737133554,0.2222222222222222,0.4,0.3333333333333333,0.40740740740740744,0.3495449192765852,0.3333333333333333,0.3
15021,4,0.0,0.0,0.0,0.0,0.0,0.0,0.0,0.0,0.0,0.0
11008,12,0.8,0.9333333333333332,0.8687949224876582,0.3333333333333333,0.8,0.6,0.7454545454545456,0.7065836017263629,0.5,0.6
5969,7,0.0,0.0,0.0,0.0,0.0,0.0,0.0,0.0,0.0,0.0
13663,22,0.2,0.06666666666666665,0.13120507751234176,0.045454545454545456,0.2,0.3,0.21818181818181817,0.22476126319537001,0.13636363636363635,0.3
9118,9,0.0,0.0,0.0,0.0,0.0,0.0,0.0,0.0,0.0,0.0
2127,15,0.6,0.6,0.6399453854227659,0.2,0.6,0.5,0.5636363636363636,0.5580759111248785,0.3333333333333333,0.5
13735,15,0.4,0.6,0.5531464700081437,0.13333333333333333,0.4,0.3,0.3818181818181818,0.42520843362602373,0.2,0.3
15739,2,1.0,1.0,1.0,1.0,0.4,1.0,1.0,1.0,1.0,0.2
19137,6,0.2,0.06666666666666665,0.13120507751234176,0.16666666666666666,0.2,0.3333333333333333,0.24444444444444446,0.22485174766247445,0.3333333333333333,0.2
6314,10,0.2,0.3333333333333333,0.33916020527361607,0.1,0.2,0.1,0.18181818181818182,0.22009176629808014,0.1,0.1
16662,7,0.4,0.3333333333333333,0.31564845247951445,0.2857142857142857,0.4,0.42857142857142855,0.3061224489795918,0.2558209594125083,0.42857142857142855,0.3
15262,5,0.2,0.19999999999999998,0.16958010263680803,0.2,0.2,0.2,0.2,0.16958010263680803,0.2,0.1
12770,4,0.25,0.35714285714285715,0.39038004999210163,0.25,0.2,0.5,0.2941176470588235,0.39038004999210163,0.5,0.2
6589,6,0.4,0.39999999999999997,0.4703652827859578,0.3333333333333333,0.4,0.6666666666666666,0.35555555555555557,0.4196650066367769,0.6666666666666666,0.4
15450,15,0.2,0.13333333333333333,0.14606834984270645,0.06666666666666667,0.2,0.1,0.12727272727272726,0.09478836436955078,0.06666666666666667,0.1
12924,5,0.2,0.3333333333333333,0.33916020527361607,0.2,0.2,0.4,0.25,0.33916020527361607,0.4,0.2
10679,8,0.4,0.6,0.5531464700081437,0.25,0.4,0.5,0.4615384615384615,0.5026317885449212,0.5,0.4
2526,9,0.6,0.6,0.6399453854227659,0.3333333333333333,0.6,0.4444444444444444,0.4814814814814814,0.5142521154617875,0.4444444444444444,0.4
9523,5,0.0,0.0,0.0,0.0,0.0,0.0,0.0,0.0,0.0,0.0
6647,9,0.0,0.0,0.0,0.0,0.0,0.0,0.0,0.0,0.0,0.0
3215,17,0.4,0.3333333333333333,0.31564845247951445,0.11764705882352941,0.4,0.3,0.32727272727272727,0.27426546945536806,0.17647058823529413,0.3
15455,12,0.2,0.3333333333333333,0.33916020527361607,0.08333333333333333,0.2,0.2,0.21818181818181817,0.28634598975246917,0.16666666666666666,0.2
7664,25,0.8,0.6666666666666666,0.6608397947263838,0.16,0.8,0.5,0.6363636363636365,0.5072380780124417,0.2,0.5
9205,2,0.0,0.0,0.0,0.0,0.0,0.0,0.0,0.0,0.0,0.0
12861,3,0.0,0.0,0.0,0.0,0.0,0.3333333333333333,0.0,0.0,0.3333333333333333,0.1
17884,12,0.2,0.3333333333333333,0.33916020527361607,0.08333333333333333,0.2,0.1,0.18181818181818182,0.22009176629808014,0.08333333333333333,0.1
16450,8,0.4,0.5333333333333333,0.5087403079104241,0.25,0.4,0.25,0.34615384615384615,0.37941405415148566,0.25,0.2
17579,7,0.6,0.7999999999999999,0.7227265726449518,0.42857142857142855,0.6,0.7142857142857143,0.5510204081632653,0.5857421563596757,0.7142857142857143,0.5
6522,25,0.2,0.3333333333333333,0.33916020527361607,0.04,0.2,0.3,0.2909090909090909,0.35970991185182927,0.12,0.3
19886,16,0.4,0.19999999999999998,0.2772734273550482,0.125,0.4,0.2,0.23636363636363633,0.17993148201117173,0.125,0.2
15653,8,0.2,0.3333333333333333,0.33916020527361607,0.125,0.2,0.125,0.1923076923076923,0.2529427027676571,0.125,0.1
29,14,0.2,0.19999999999999998,0.16958010263680803,0.07142857142857142,0.2,0.1,0.14545454545454548,0.11004588314904007,0.07142857142857142,0.1
17546,6,0.4,0.4000000000000001,0.3600546145772339,0.3333333333333333,0.4,0.3333333333333333,0.35555555555555557,0.32124463208930526,0.3333333333333333,0.2
6636,8,0.4,0.5333333333333333,0.5087403079104241,0.25,0.4,0.25,0.34615384615384615,0.37941405415148566,0.25,0.2
19824,13,0.2,0.3333333333333333,0.33916020527361607,0.07692307692307693,0.2,0.3,0.2909090909090909,0.35970991185182927,0.23076923076923078,0.3
6097,18,0.0,0.0,0.0,0.0,0.0,0.0,0.0,0.0,0.0,0.0
6082,18,0.2,0.19999999999999998,0.16958010263680803,0.05555555555555555,0.2,0.2,0.2,0.17947710508581735,0.1111111111111111,0.2
14544,13,0.4,0.4666666666666666,0.48522855511632257,0.15384615384615385,0.4,0.3,0.4,0.3932783996463063,0.23076923076923078,0.3
17541,7,0.2,0.3333333333333333,0.33916020527361607,0.14285714285714285,0.2,0.2857142857142857,0.2040816326530612,0.27487633291429087,0.2857142857142857,0.2
15147,1,0.0,0.0,0.0,0.0,0.0,0.0,0.0,0.0,0.0,0.0
17777,3,0.0,0.0,0.0,0.0,0.0,0.0,0.0,0.0,0.0,0.0
11911,14,0.0,0.0,0.0,0.0,0.0,0.0,0.0,0.0,0.0,0.0
1152,32,0.4,0.26666666666666666,0.3007851801491498,0.0625,0.4,0.3,0.2727272727272727,0.2588097889896127,0.09375,0.3
7948,6,0.2,0.06666666666666665,0.13120507751234176,0.16666666666666666,0.2,0.3333333333333333,0.13333333333333333,0.11706259313796352,0.3333333333333333,0.2
6724,9,0.2,0.3333333333333333,0.33916020527361607,0.1111111111111111,0.2,0.1111111111111111,0.18518518518518517,0.23504554941448538,0.1111111111111111,0.1
20058,9,0.6,0.6,0.6399453854227659,0.3333333333333333,0.6,0.3333333333333333,0.4444444444444444,0.44349635474070687,0.3333333333333333,0.3
18432,11,0.0,0.0,0.0,0.0,0.0,0.1,0.018181818181818177,0.0636207881989517,0.09090909090909091,0.1
19435,10,0.2,0.06666666666666665,0.13120507751234176,0.1,0.2,0.4,0.29090909090909095,0.30052609691860804,0.4,0.4
4425,12,0.0,0.0,0.0,0.0,0.0,0.2,0.054545454545454536,0.12987501165334073,0.16666666666666666,0.2
1877,8,0.2,0.3333333333333333,0.33916020527361607,0.125,0.2,0.125,0.1923076923076923,0.2529427027676571,0.125,0.1
16540,30,0.0,0.0,0.0,0.0,0.0,0.1,0.07272727272727274,0.07336392209936006,0.03333333333333333,0.1
15358,20,0.6,0.7999999999999999,0.7227265726449518,0.15,0.6,0.3,0.49090909090909096,0.46900009332067477,0.15,0.3
15660,2,0.5,0.5555555555555556,0.6131471927654584,0.5,0.2,0.5,0.5263157894736842,0.6131471927654584,0.5,0.1
4161,4,0.0,0.0,0.0,0.0,0.0,0.75,0.0,0.0,0.75,0.3
9725,8,0.6,0.6666666666666666,0.6843515475204854,0.375,0.6,0.75,0.6153846153846154,0.6744921473460478,0.75,0.6
14050,14,0.2,0.3333333333333333,0.33916020527361607,0.07142857142857142,0.2,0.1,0.18181818181818182,0.22009176629808014,0.07142857142857142,0.1
13855,33,0.4,0.39999999999999997,0.4703652827859578,0.06060606060606061,0.4,0.3,0.32727272727272727,0.37148910739409013,0.09090909090909091,0.3
12126,15,0.2,0.19999999999999998,0.16958010263680803,0.06666666666666667,0.2,0.2,0.23636363636363636,0.1884441521277154,0.13333333333333333,0.2
8663,4,0.25,0.35714285714285715,0.39038004999210163,0.25,0.2,0.5,0.2941176470588235,0.39038004999210163,0.5,0.2
2932,6,0.2,0.06666666666666665,0.13120507751234176,0.16666666666666666,0.2,0.16666666666666666,0.13333333333333333,0.11706259313796352,0.16666666666666666,0.1
3633,12,0.4,0.39999999999999997,0.4703652827859578,0.16666666666666666,0.4,0.3,0.34545454545454546,0.3746661058764783,0.25,0.3
6596,4,0.75,0.5714285714285715,0.5855700749881524,0.75,0.6,0.75,0.5294117647058824,0.5855700749881524,0.75,0.5
11960,3,0.3333333333333333,0.0,0.0,0.3333333333333333,0.2,0.3333333333333333,0.0,0.0,0.3333333333333333,0.1
11696,1,1.0,0.0,0.0,1.0,0.2,1.0,0.0,0.0,1.0,0.1
18784,3,0.0,0.0,0.0,0.0,0.0,0.0,0.0,0.0,0.0,0.0
9964,7,0.0,0.0,0.0,0.0,0.0,0.0,0.0,0.0,0.0,0.0
18669,12,0.6,0.7333333333333334,0.6992148198508501,0.25,0.6,0.6,0.6909090909090909,0.674935987555998,0.5,0.6
3024,8,0.0,0.0,0.0,0.0,0.0,0.125,0.0,0.0,0.125,0.1
7691,14,1.0,1.0,1.0,0.35714285714285715,1.0,0.8,0.890909090909091,0.8579809428223729,0.5714285714285714,0.8
4763,13,0.4,0.4000000000000001,0.3600546145772339,0.15384615384615385,0.4,0.6,0.5090909090909091,0.5152880109744814,0.46153846153846156,0.6
11854,3,0.0,0.0,0.0,0.0,0.0,0.6666666666666666,0.0,0.0,0.6666666666666666,0.2
13179,10,0.6,0.7999999999999999,0.7227265726449518,0.3,0.6,0.5,0.6,0.6086182388744239,0.5,0.5
9595,48,1.0,1.0,1.0,0.10416666666666667,1.0,0.9,0.9818181818181819,0.9363792118010482,0.1875,0.9
12985,15,0.0,0.0,0.0,0.0,0.0,0.1,0.05454545454545456,0.06943122193677725,0.06666666666666667,0.1
12771,8,0.0,0.0,0.0,0.0,0.0,0.25,0.09615384615384615,0.0901000086523677,0.25,0.2
13747,4,0.5,0.2142857142857143,0.19519002499605081,0.5,0.4,0.5,0.23529411764705882,0.19519002499605081,0.5,0.2
2902,9,0.2,0.26666666666666666,0.2139862647345275,0.1111111111111111,0.2,0.1111111111111111,0.16666666666666666,0.14829723057014907,0.1111111111111111,0.1
526,1,1.0,0.0,0.0,1.0,0.2,1.0,0.0,0.0,1.0,0.2
13569,3,0.0,0.0,0.0,0.0,0.0,0.0,0.0,0.0,0.0,0.0
9282,13,1.0,1.0,1.0,0.38461538461538464,1.0,0.8,0.8909090909090908,0.8603818544462509,0.6153846153846154,0.8
3023,28,0.4,0.4666666666666666,0.48522855511632257,0.07142857142857142,0.4,0.3,0.3272727272727272,0.3785009188665826,0.10714285714285714,0.3
19322,5,0.0,0.0,0.0,0.0,0.0,0.2,0.0,0.0,0.2,0.1
15839,8,0.0,0.0,0.0,0.0,0.0,0.125,0.057692307692307696,0.07979453856244816,0.125,0.1
15042,9,0.0,0.0,0.0,0.0,0.0,0.1111111111111111,0.09259259259259259,0.08372491399919348,0.1111111111111111,0.1
15355,11,1.0,1.0,1.0,0.45454545454545453,1.0,0.8,0.8727272727272727,0.8553475075669357,0.7272727272727273,0.8
795,7,0.0,0.0,0.0,0.0,0.0,0.2857142857142857,0.18367346938775508,0.18953836965473142,0.2857142857142857,0.2
12162,8,0.2,0.3333333333333333,0.33916020527361607,0.125,0.2,0.125,0.1923076923076923,0.2529427027676571,0.125,0.1
20125,5,0.2,0.19999999999999998,0.16958010263680803,0.2,0.2,0.4,0.2,0.16958010263680803,0.4,0.2
14350,1,1.0,1.0,1.0,1.0,0.3333333333333333,1.0,1.0,1.0,1.0,0.3333333333333333
7579,5,0.0,0.0,0.0,0.0,0.0,0.0,0.0,0.0,0.0,0.0
10873,5,0.6,0.5333333333333333,0.6164336326286642,0.6,0.6,1.0,0.575,0.6164336326286642,1.0,0.5
17849,4,0.25,0.28571428571428575,0.2463023887407299,0.25,0.2,0.25,0.2647058823529412,0.2463023887407299,0.25,0.14285714285714285
17657,10,0.0,0.0,0.0,0.0,0.0,0.0,0.0,0.0,0.0,0.0
3890,7,0.6,0.6666666666666666,0.6843515475204854,0.42857142857142855,0.6,0.5714285714285714,0.5102040816326531,0.5546406709327601,0.5714285714285714,0.4
6507,4,0.0,0.0,0.0,0.0,0.0,0.0,0.0,0.0,0.0,0.0
12388,3,0.6666666666666666,0.75,0.7653606369886217,0.6666666666666666,0.4,0.6666666666666666,0.7037037037037036,0.7653606369886217,0.6666666666666666,0.2
20,19,0.4,0.4666666666666666,0.48522855511632257,0.10526315789473684,0.4,0.3,0.3272727272727272,0.3785009188665826,0.15789473684210525,0.3
15860,18,0.2,0.26666666666666666,0.2139862647345275,0.05555555555555555,0.2,0.3,0.2727272727272727,0.28088150105118154,0.16666666666666666,0.3
16806,10,0.4,0.19999999999999998,0.2772734273550482,0.2,0.4,0.2,0.23636363636363633,0.17993148201117173,0.2,0.2
18552,7,0.2,0.26666666666666666,0.2139862647345275,0.14285714285714285,0.2,0.14285714285714285,0.18367346938775508,0.17342765698823942,0.14285714285714285,0.1
7901,7,0.2,0.3333333333333333,0.33916020527361607,0.14285714285714285,0.2,0.2857142857142857,0.2040816326530612,0.27487633291429087,0.2857142857142857,0.2
10404,32,1.0,1.0,1.0,0.15625,1.0,1.0,1.0,1.0,0.3125,1.0
19809,13,0.6,0.7999999999999999,0.7227265726449518,0.23076923076923078,0.6,0.4,0.5818181818181819,0.5473983622993501,0.3076923076923077,0.4
13113,11,0.4,0.3333333333333333,0.34519134224686926,0.18181818181818182,0.4,0.2,0.2727272727272727,0.22400556151517548,0.18181818181818182,0.2
2951,4,0.0,0.0,0.0,0.0,0.0,0.0,0.0,0.0,0.0,0.0
11664,6,0.2,0.26666666666666666,0.2139862647345275,0.16666666666666666,0.2,0.16666666666666666,0.2,0.1909208661789346,0.16666666666666666,0.1
15918,9,0.4,0.6,0.5531464700081437,0.2222222222222222,0.4,0.5555555555555556,0.5555555555555555,0.6161719711764037,0.5555555555555556,0.5
15728,14,0.0,0.0,0.0,0.0,0.0,0.1,0.05454545454545456,0.06943122193677725,0.07142857142857142,0.1
5267,11,0.0,0.0,0.0,0.0,0.0,0.1,0.07272727272727274,0.07336392209936006,0.09090909090909091,0.1
14961,1,1.0,1.0,1.0,1.0,0.3333333333333333,1.0,1.0,1.0,1.0,0.3333333333333333
14190,39,0.4,0.6,0.5531464700081437,0.05128205128205128,0.4,0.3,0.41818181818181815,0.43231813227099475,0.07692307692307693,0.3
15187,17,0.2,0.26666666666666666,0.2139862647345275,0.058823529411764705,0.2,0.1,0.16363636363636364,0.1388624438735545,0.058823529411764705,0.1
17462,3,0.0,0.0,0.0,0.0,0.0,0.0,0.0,0.0,0.0,0.0
10051,6,0.0,0.0,0.0,0.0,0.0,0.0,0.0,0.0,0.0,0.0
10203,29,0.0,0.0,0.0,0.0,0.0,0.0,0.0,0.0,0.0,0.0
13464,8,0.2,0.06666666666666665,0.13120507751234176,0.125,0.2,0.25,0.21153846153846154,0.1879516032875281,0.25,0.2
7264,6,0.2,0.06666666666666665,0.13120507751234176,0.16666666666666666,0.2,0.16666666666666666,0.13333333333333333,0.11706259313796352,0.16666666666666666,0.1
9255,3,0.3333333333333333,0.4166666666666667,0.46927872602275644,0.3333333333333333,0.2,0.3333333333333333,0.37037037037037035,0.46927872602275644,0.3333333333333333,0.1
7002,2,0.0,0.0,0.0,0.0,0.0,0.0,0.0,0.0,0.0,0.0
17458,18,0.4,0.4666666666666666,0.48522855511632257,0.1111111111111111,0.4,0.4,0.45454545454545453,0.46270962158308354,0.2222222222222222,0.4
3127,2,1.0,0.4444444444444445,0.3868528072345415,1.0,0.5,1.0,0.4736842105263158,0.3868528072345415,1.0,0.5
15176,12,0.2,0.13333333333333333,0.14606834984270645,0.08333333333333333,0.2,0.2,0.18181818181818182,0.16421958630632802,0.16666666666666666,0.2
17313,6,0.2,0.13333333333333333,0.14606834984270645,0.16666666666666666,0.2,0.5,0.26666666666666666,0.23811292043488155,0.5,0.3
7321,1,1.0,1.0,1.0,1.0,0.2,1.0,1.0,1.0,1.0,0.1
19658,15,0.2,0.13333333333333333,0.14606834984270645,0.06666666666666667,0.2,0.2,0.2,0.16815228646891084,0.13333333333333333,0.2
5604,8,0.0,0.0,0.0,0.0,0.0,0.0,0.0,0.0,0.0,0.0
14406,13,0.2,0.19999999999999998,0.16958010263680803,0.07692307692307693,0.2,0.2,0.16363636363636364,0.1736666713479918,0.15384615384615385,0.2
10137,26,0.4,0.26666666666666666,0.3007851801491498,0.07692307692307693,0.4,0.4,0.3818181818181818,0.33798414482679834,0.15384615384615385,0.4
12988,17,0.6,0.6,0.6399453854227659,0.17647058823529413,0.6,0.7,0.6545454545454545,0.6969179698201173,0.4117647058823529,0.7
16804,3,0.3333333333333333,0.25,0.23463936301137822,0.3333333333333333,0.2,1.0,0.2962962962962963,0.23463936301137822,1.0,0.3
2384,6,0.2,0.3333333333333333,0.33916020527361607,0.16666666666666666,0.2,0.16666666666666666,0.2222222222222222,0.30260241349881345,0.16666666666666666,0.1
2885,20,1.0,1.0,1.0,0.25,1.0,0.7,0.8545454545454546,0.7917267193679839,0.35,0.7
4315,33,0.4,0.6,0.5531464700081437,0.06060606060606061,0.4,0.2,0.34545454545454546,0.3589542101716347,0.06060606060606061,0.2
5021,13,0.6,0.46666666666666673,0.4912596920895757,0.23076923076923078,0.6,0.6,0.5818181818181819,0.5328776402545679,0.46153846153846156,0.6
1109,16,0.2,0.13333333333333333,0.14606834984270645,0.0625,0.2,0.6,0.4,0.44585678903770415,0.375,0.6
13477,11,0.0,0.0,0.0,0.0,0.0,0.0,0.0,0.0,0.0,0.0
11738,10,0.0,0.0,0.0,0.0,0.0,0.2,0.09090909090909091,0.13698471029831175,0.2,0.2
11484,10,0.6,0.46666666666666673,0.4912596920895757,0.3,0.6,0.3,0.4,0.31879392588472627,0.3,0.3
16549,8,0.6,0.6666666666666666,0.6843515475204854,0.375,0.6,0.625,0.5576923076923077,0.5946976087835997,0.625,0.5
600,17,0.2,0.13333333333333333,0.14606834984270645,0.058823529411764705,0.2,0.3333333333333333,0.2545454545454546,0.2537257399688699,0.17647058823529413,0.3333333333333333
13257,11,0.4,0.6,0.5531464700081437,0.18181818181818182,0.4,0.3,0.4,0.4283854321084119,0.2727272727272727,0.3
16210,33,0.0,0.0,0.0,0.0,0.0,0.1,0.07272727272727274,0.07336392209936006,0.030303030303030304,0.1
18535,1,1.0,1.0,1.0,1.0,0.2,1.0,1.0,1.0,1.0,0.16666666666666666
6087,5,1.0,1.0,1.0,1.0,1.0,1.0,1.0,1.0,1.0,0.5
226,10,0.0,0.0,0.0,0.0,0.0,0.0,0.0,0.0,0.0,0.0
9746,11,0.4,0.19999999999999998,0.2772734273550482,0.18181818181818182,0.4,0.2,0.23636363636363633,0.17993148201117173,0.18181818181818182,0.2
15075,3,1.0,0.5833333333333334,0.5307212739772434,1.0,0.6,1.0,0.6296296296296297,0.5307212739772434,1.0,0.5
12489,30,0.6,0.6,0.6399453854227659,0.1,0.6,0.4,0.509090909090909,0.4886446891881013,0.13333333333333333,0.4
1044,12,0.0,0.0,0.0,0.0,0.0,0.1,0.07272727272727274,0.07336392209936006,0.08333333333333333,0.1
6788,12,0.2,0.13333333333333333,0.14606834984270645,0.08333333333333333,0.2,0.1,0.12727272727272726,0.09478836436955078,0.08333333333333333,0.1
3908,10,0.4,0.39999999999999997,0.4703652827859578,0.2,0.4,0.2,0.29090909090909095,0.3052348839397011,0.2,0.2
20111,1,0.0,0.0,0.0,0.0,0.0,0.0,0.0,0.0,0.0,0.0
7944,5,0.0,0.0,0.0,0.0,0.0,0.0,0.0,0.0,0.0,0.0
2272,9,0.2,0.26666666666666666,0.2139862647345275,0.1111111111111111,0.2,0.1111111111111111,0.16666666666666666,0.14829723057014907,0.1111111111111111,0.1
13872,13,0.0,0.0,0.0,0.0,0.0,0.1,0.036363636363636355,0.06625422345438903,0.07692307692307693,0.1
10771,11,0.4,0.3333333333333333,0.31564845247951445,0.18181818181818182,0.4,0.3,0.34545454545454546,0.2781981696179509,0.2727272727272727,0.3
1795,27,0.2,0.26666666666666666,0.2139862647345275,0.037037037037037035,0.2,0.2,0.23636363636363636,0.21222636597291453,0.07407407407407407,0.2
5207,6,0.0,0.0,0.0,0.0,0.0,0.16666666666666666,0.0,0.0,0.16666666666666666,0.1
6614,10,0.2,0.19999999999999998,0.16958010263680803,0.1,0.2,0.4,0.30909090909090914,0.32149616226344435,0.4,0.4
18301,7,0.8,0.7333333333333334,0.7860137352654724,0.5714285714285714,0.8,1.0,0.7346938775510203,0.7349468987069968,1.0,0.7
15097,3,0.0,0.0,0.0,0.0,0.0,0.6666666666666666,0.0,0.0,0.6666666666666666,0.2
17547,5,0.2,0.3333333333333333,0.33916020527361607,0.2,0.2,0.4,0.25,0.33916020527361607,0.4,0.2
14170,18,0.6,0.6666666666666666,0.6548086577531306,0.16666666666666666,0.6,0.6,0.5818181818181818,0.6281649475693719,0.3333333333333333,0.6
1513,5,0.0,0.0,0.0,0.0,0.0,0.0,0.0,0.0,0.0,0.0
17481,18,0.6,0.5333333333333333,0.6164336326286642,0.16666666666666666,0.6,0.5,0.5272727272727272,0.5420423054868788,0.2777777777777778,0.5
16340,14,0.0,0.0,0.0,0.0,0.0,0.3,0.12727272727272726,0.2032389337527008,0.21428571428571427,0.3
19663,22,0.4,0.5333333333333333,0.5087403079104241,0.09090909090909091,0.4,0.2,0.32727272727272727,0.3301376494471202,0.09090909090909091,0.2
2330,10,0.2,0.19999999999999998,0.16958010263680803,0.1,0.2,0.1,0.14545454545454548,0.11004588314904007,0.1,0.1
8503,10,0.4,0.26666666666666666,0.3007851801491498,0.2,0.4,0.3333333333333333,0.2545454545454545,0.26836379988737025,0.2,0.3333333333333333
18205,15,0.0,0.0,0.0,0.0,0.0,0.1,0.05454545454545456,0.06943122193677725,0.06666666666666667,0.1
5632,5,0.2,0.19999999999999998,0.16958010263680803,0.2,0.2,0.2,0.2,0.16958010263680803,0.2,0.1
17502,18,0.6,0.6666666666666666,0.6843515475204854,0.16666666666666666,0.6,0.5,0.5818181818181819,0.58874982024632,0.2777777777777778,0.5
13815,5,0.2,0.19999999999999998,0.16958010263680803,0.2,0.2,0.2,0.2,0.16958010263680803,0.2,0.1
743,2,0.0,0.0,0.0,0.0,0.0,0.0,0.0,0.0,0.0,0.0
3081,13,0.6,0.6,0.6399453854227659,0.23076923076923078,0.6,0.3,0.43636363636363634,0.4152807670887412,0.23076923076923078,0.3
15733,8,0.4,0.26666666666666666,0.3007851801491498,0.25,0.4,0.25,0.2692307692307692,0.22432294601898897,0.25,0.2
17132,13,0.2,0.26666666666666666,0.2139862647345275,0.07692307692307693,0.2,0.2,0.21818181818181823,0.20829366581033176,0.15384615384615385,0.2
9270,19,0.8,0.8000000000000002,0.8304198973631919,0.21052631578947367,0.8,0.6,0.709090909090909,0.6816808362189438,0.3157894736842105,0.6
6421,7,0.0,0.0,0.0,0.0,0.0,0.2857142857142857,0.08163265306122448,0.09162544430476363,0.2857142857142857,0.2
5611,13,0.2,0.26666666666666666,0.2139862647345275,0.07692307692307693,0.2,0.1,0.16363636363636364,0.1388624438735545,0.07692307692307693,0.1
15325,1,1.0,0.0,0.0,1.0,0.2,1.0,0.0,0.0,1.0,0.1
18026,33,0.6,0.5333333333333333,0.6164336326286642,0.09090909090909091,0.6,0.6,0.6,0.6141069626790935,0.18181818181818182,0.6
8558,17,0.8,0.9333333333333332,0.8687949224876582,0.23529411764705882,0.8,0.6,0.7454545454545456,0.7065836017263629,0.35294117647058826,0.6
4677,12,0.4,0.4666666666666666,0.38356636737133554,0.16666666666666666,0.4,0.3,0.34545454545454546,0.3151625504769836,0.25,0.3
2659,7,0.0,0.0,0.0,0.0,0.0,0.0,0.0,0.0,0.0,0.0
9299,5,0.0,0.0,0.0,0.0,0.0,0.0,0.0,0.0,0.0,0.0
6204,4,0.25,0.2142857142857143,0.19519002499605081,0.25,0.2,0.5,0.23529411764705882,0.19519002499605081,0.5,0.2
10857,9,0.4,0.6,0.5531464700081437,0.2222222222222222,0.4,0.2222222222222222,0.3518518518518518,0.38334277998463445,0.2222222222222222,0.2
19063,6,0.0,0.0,0.0,0.0,0.0,0.0,0.0,0.0,0.0,0.0
1585,10,0.4,0.19999999999999998,0.2772734273550482,0.2,0.4,0.2,0.23636363636363633,0.17993148201117173,0.2,0.2
11497,19,0.0,0.0,0.0,0.0,0.0,0.0,0.0,0.0,0.0,0.0
1280,17,0.2,0.19999999999999998,0.16958010263680803,0.058823529411764705,0.2,0.2,0.21818181818181823,0.18340980524840012,0.11764705882352941,0.2
12761,8,0.2,0.06666666666666665,0.13120507751234176,0.125,0.2,0.25,0.17307692307692307,0.17764613319760858,0.25,0.2
6209,8,0.0,0.0,0.0,0.0,0.0,0.0,0.0,0.0,0.0,0.0
1773,3,0.0,0.0,0.0,0.0,0.0,0.3333333333333333,0.0,0.0,0.3333333333333333,0.1
8181,2,0.5,0.0,0.0,0.5,0.2,0.5,0.0,0.0,0.5,0.1
17190,2,1.0,1.0,1.0,1.0,0.4,1.0,1.0,1.0,1.0,0.2
13972,4,0.5,0.5714285714285715,0.5855700749881524,0.5,0.4,0.75,0.5294117647058824,0.5855700749881524,0.75,0.3
16228,2,0.5,0.5555555555555556,0.6131471927654584,0.5,0.3333333333333333,0.5,0.5263157894736842,0.6131471927654584,0.5,0.3333333333333333
8854,4,0.5,0.6428571428571429,0.6366824387328316,0.5,0.4,0.75,0.5588235294117646,0.6366824387328316,0.75,0.3
20065,3,0.3333333333333333,0.33333333333333337,0.29608191096586517,0.3333333333333333,0.2,0.3333333333333333,0.3333333333333333,0.29608191096586517,0.3333333333333333,0.1
13790,12,0.4,0.39999999999999997,0.4703652827859578,0.16666666666666666,0.4,0.3,0.36363636363636365,0.37859880603906115,0.25,0.3
19808,8,0.4,0.5333333333333333,0.5087403079104241,0.25,0.4,0.25,0.34615384615384615,0.37941405415148566,0.25,0.2
6847,9,0.0,0.0,0.0,0.0,0.0,0.2222222222222222,0.07407407407407407,0.07834851647149513,0.2222222222222222,0.2
20388,14,0.0,0.0,0.0,0.0,0.0,0.0,0.0,0.0,0.0,0.0
9730,7,0.2,0.19999999999999998,0.16958010263680803,0.14285714285714285,0.2,0.14285714285714285,0.16326530612244897,0.13743816645714543,0.14285714285714285,0.125
8374,8,0.0,0.0,0.0,0.0,0.0,0.125,0.057692307692307696,0.07979453856244816,0.125,0.1
18220,6,0.0,0.0,0.0,0.0,0.0,0.0,0.0,0.0,0.0,0.0
9502,7,0.2,0.3333333333333333,0.33916020527361607,0.14285714285714285,0.2,0.14285714285714285,0.2040816326530612,0.27487633291429087,0.14285714285714285,0.1
3779,28,0.4,0.6,0.5531464700081437,0.07142857142857142,0.4,0.7,0.6181818181818182,0.7100226348397881,0.25,0.7
17651,12,0.0,0.0,0.0,0.0,0.0,0.0,0.0,0.0,0.0,0.0
8883,10,0.6,0.6,0.6399453854227659,0.3,0.6,0.6,0.6545454545454544,0.6364741801035538,0.6,0.6
6605,14,0.6,0.6,0.529634717214042,0.21428571428571427,0.6,0.5,0.6000000000000001,0.4954588824701807,0.35714285714285715,0.5
14223,18,0.4,0.4666666666666666,0.48522855511632257,0.1111111111111111,0.4,0.3,0.3272727272727272,0.3785009188665826,0.16666666666666666,0.3
14147,3,0.6666666666666666,0.33333333333333337,0.29608191096586517,0.6666666666666666,0.4,0.6666666666666666,0.3333333333333333,0.29608191096586517,0.6666666666666666,0.2
8585,15,0.6,0.6,0.529634717214042,0.2,0.6,0.4,0.5272727272727273,0.42209496037082067,0.26666666666666666,0.4
7073,1,0.0,0.0,0.0,0.0,0.0,0.0,0.0,0.0,0.0,0.0
14454,9,0.2,0.3333333333333333,0.33916020527361607,0.1111111111111111,0.2,0.1111111111111111,0.18518518518518517,0.23504554941448538,0.1111111111111111,0.1
7301,4,1.0,0.8571428571428572,0.8318724637288825,1.0,0.8,1.0,0.7941176470588235,0.8318724637288825,1.0,0.8
17263,15,0.2,0.06666666666666665,0.13120507751234176,0.06666666666666667,0.2,0.1,0.10909090909090909,0.08514311764162097,0.06666666666666667,0.1
6368,2,1.0,1.0,1.0,1.0,0.4,1.0,1.0,1.0,1.0,0.2
18838,6,0.6,0.5333333333333333,0.5147714448836773,0.5,0.6,0.6666666666666666,0.6222222222222222,0.5670738205908158,0.6666666666666666,0.5
14048,1,0.0,0.0,0.0,0.0,0.0,0.0,0.0,0.0,0.0,0.0
15904,5,0.8,0.6666666666666666,0.6608397947263838,0.8,0.8,1.0,0.7500000000000001,0.6608397947263838,1.0,0.5
16014,30,0.4,0.4666666666666666,0.48522855511632257,0.06666666666666667,0.4,0.4,0.43636363636363645,0.45953262310069537,0.13333333333333333,0.4
12784,16,0.8,0.8666666666666666,0.8539316501572936,0.25,0.8,0.6,0.6545454545454545,0.6840182226156366,0.375,0.6
20332,6,0.0,0.0,0.0,0.0,0.0,0.0,0.0,0.0,0.0,0.0
16051,4,0.0,0.0,0.0,0.0,0.0,0.25,0.0,0.0,0.25,0.1
11210,6,0.0,0.0,0.0,0.0,0.0,0.0,0.0,0.0,0.0,0.0
12974,8,0.0,0.0,0.0,0.0,0.0,0.0,0.0,0.0,0.0,0.0
12190,10,0.0,0.0,0.0,0.0,0.0,0.1,0.09090909090909091,0.07839826897867533,0.1,0.1
8116,8,0.0,0.0,0.0,0.0,0.0,0.0,0.0,0.0,0.0,0.0
118,9,0.2,0.19999999999999998,0.16958010263680803,0.1111111111111111,0.2,0.1111111111111111,0.14814814814814814,0.11752277470724269,0.1111111111111111,0.1
1664,2,1.0,0.5555555555555556,0.6131471927654584,1.0,0.5,1.0,0.5263157894736842,0.6131471927654584,1.0,0.5
2539,7,0.2,0.19999999999999998,0.16958010263680803,0.14285714285714285,0.2,0.2857142857142857,0.16326530612244897,0.13743816645714543,0.2857142857142857,0.2
8499,29,0.6,0.46666666666666673,0.4912596920895757,0.10344827586206896,0.6,0.6,0.5636363636363637,0.5278432933752526,0.20689655172413793,0.6
1952,8,0.2,0.06666666666666665,0.13120507751234176,0.125,0.2,0.25,0.17307692307692307,0.17764613319760858,0.25,0.2
19833,9,0.0,0.0,0.0,0.0,0.0,0.1111111111111111,0.05555555555555556,0.07414861528507453,0.1111111111111111,0.1
14846,8,0.0,0.0,0.0,0.0,0.0,0.0,0.0,0.0,0.0,0.0
16373,13,0.2,0.06666666666666665,0.13120507751234176,0.07692307692307693,0.2,0.2,0.2,0.1635413866202963,0.15384615384615385,0.2
4525,2,0.5,0.0,0.0,0.5,0.2,0.5,0.0,0.0,0.5,0.1
3858,13,0.6,0.6,0.529634717214042,0.23076923076923078,0.6,0.3,0.43636363636363645,0.34369669139214537,0.23076923076923078,0.3
5043,1,1.0,1.0,1.0,1.0,1.0,1.0,1.0,1.0,1.0,1.0
13933,9,0.4,0.19999999999999998,0.2772734273550482,0.2222222222222222,0.4,0.3333333333333333,0.2962962962962963,0.26630525411635353,0.3333333333333333,0.3
11345,5,0.0,0.0,0.0,0.0,0.0,0.0,0.0,0.0,0.0,0.0
11550,10,0.6,0.7999999999999999,0.7227265726449518,0.3,0.6,0.3,0.49090909090909096,0.46900009332067477,0.3,0.3
12184,1,0.0,0.0,0.0,0.0,0.0,0.0,0.0,0.0,0.0,0.0
8541,24,0.8,0.8000000000000002,0.8304198973631919,0.16666666666666666,0.8,0.5,0.6363636363636364,0.6083169141195838,0.20833333333333334,0.5
15166,14,0.2,0.3333333333333333,0.33916020527361607,0.07142857142857142,0.2,0.2,0.2,0.2837125544970318,0.14285714285714285,0.2
6767,3,0.6666666666666666,0.75,0.7653606369886217,0.6666666666666666,0.4,1.0,0.7037037037037036,0.7653606369886217,1.0,0.3
1213,5,1.0,0.9333333333333332,1.0,0.8,1.0,1.0,0.8500000000000001,1.0,0.8,1.0
15983,12,0.2,0.26666666666666666,0.2139862647345275,0.08333333333333333,0.2,0.2,0.21818181818181823,0.20829366581033176,0.16666666666666666,0.2
2815,5,0.0,0.0,0.0,0.0,0.0,0.0,0.0,0.0,0.0,0.0
6108,4,0.0,0.0,0.0,0.0,0.0,0.25,0.0,0.0,0.25,0.1
15327,24,0.4,0.4666666666666666,0.48522855511632257,0.08333333333333333,0.4,0.4,0.41818181818181815,0.45449827622138006,0.16666666666666666,0.4
9511,9,0.4,0.6,0.5531464700081437,0.2222222222222222,0.4,0.4444444444444444,0.4814814814814814,0.5378234547049086,0.4444444444444444,0.4
8111,10,0.4,0.4666666666666666,0.48522855511632257,0.2,0.4,0.3,0.36363636363636365,0.3843113526044082,0.3,0.3
17851,8,0.0,0.0,0.0,0.0,0.0,0.0,0.0,0.0,0.0,0.0
10429,9,0.0,0.0,0.0,0.0,0.0,0.0,0.0,0.0,0.0,0.0
756,16,0.0,0.0,0.0,0.0,0.0,0.1,0.018181818181818177,0.0636207881989517,0.0625,0.1
17168,17,0.2,0.06666666666666665,0.13120507751234176,0.058823529411764705,0.2,0.2,0.16363636363636364,0.15457433957839825,0.11764705882352941,0.2
9759,4,0.5,0.5,0.4414924137367807,0.5,0.4,1.0,0.5,0.4414924137367807,1.0,0.4
14880,31,0.0,0.0,0.0,0.0,0.0,0.0,0.0,0.0,0.0,0.0
12750,14,0.4,0.3333333333333333,0.34519134224686926,0.14285714285714285,0.4,0.5,0.49090909090909096,0.4451989745299881,0.35714285714285715,0.5
9820,1,0.0,0.0,0.0,0.0,0.0,1.0,0.0,0.0,1.0,0.1
7056,6,0.2,0.3333333333333333,0.33916020527361607,0.16666666666666666,0.2,0.16666666666666666,0.2222222222222222,0.30260241349881345,0.16666666666666666,0.1
13474,3,0.3333333333333333,0.0,0.0,0.3333333333333333,0.2,0.3333333333333333,0.0,0.0,0.3333333333333333,0.1
13106,6,0.2,0.19999999999999998,0.16958010263680803,0.16666666666666666,0.2,0.3333333333333333,0.2888888888888889,0.25909036127391766,0.3333333333333333,0.2
14748,10,0.0,0.0,0.0,0.0,0.0,0.1,0.07272727272727274,0.07336392209936006,0.1,0.1
7955,8,0.6,0.6666666666666666,0.6843515475204854,0.375,0.6,0.375,0.4807692307692307,0.510383374527714,0.375,0.3
14452,8,0.2,0.3333333333333333,0.33916020527361607,0.125,0.2,0.25,0.25,0.3327372413301053,0.25,0.2
9246,4,0.25,0.2142857142857143,0.19519002499605081,0.25,0.2,0.75,0.23529411764705882,0.19519002499605081,0.75,0.3
3077,5,0.0,0.0,0.0,0.0,0.0,0.8,0.0,0.0,0.8,0.4444444444444444
784,5,0.4,0.3333333333333333,0.34519134224686926,0.4,0.4,0.8,0.375,0.34519134224686926,0.8,0.4
10899,2,0.0,0.0,0.0,0.0,0.0,0.0,0.0,0.0,0.0,0.0
15994,2,0.0,0.0,0.0,0.0,0.0,0.0,0.0,0.0,0.0,0.0
17943,11,0.2,0.19999999999999998,0.16958010263680803,0.09090909090909091,0.2,0.2,0.18181818181818182,0.1763001066034291,0.18181818181818182,0.2
4958,10,0.6,0.7333333333333334,0.6992148198508501,0.3,0.6,0.6,0.5999999999999999,0.6569815082938864,0.6,0.6
18210,24,0.6,0.7333333333333334,0.6992148198508501,0.125,0.6,0.4,0.5454545454545454,0.5271064966405455,0.16666666666666666,0.4
469,14,0.6,0.5333333333333333,0.6164336326286642,0.21428571428571427,0.6,0.3,0.41818181818181815,0.4000232483092519,0.21428571428571427,0.3
19282,9,0.6,0.7333333333333334,0.6992148198508501,0.3333333333333333,0.6,0.4444444444444444,0.574074074074074,0.5682963021961281,0.4444444444444444,0.4
15236,7,0.2,0.13333333333333333,0.14606834984270645,0.14285714285714285,0.2,0.2857142857142857,0.14285714285714285,0.11838279295536291,0.2857142857142857,0.2
6348,3,0.6666666666666666,0.25,0.23463936301137822,0.6666666666666666,0.4,0.6666666666666666,0.2962962962962963,0.23463936301137822,0.6666666666666666,0.2
19726,16,0.2,0.06666666666666665,0.13120507751234176,0.0625,0.2,0.4,0.2545454545454545,0.29155904987670994,0.25,0.4
7641,9,0.6,0.6666666666666666,0.6843515475204854,0.3333333333333333,0.6,0.6666666666666666,0.5555555555555555,0.6191751866097684,0.6666666666666666,0.6
7796,1,0.0,0.0,0.0,0.0,0.0,0.0,0.0,0.0,0.0,0.0
2361,5,0.4,0.39999999999999997,0.4703652827859578,0.4,0.4,0.8,0.4,0.4703652827859578,0.8,0.4
1665,4,0.25,0.14285714285714288,0.16812753627111746,0.25,0.2,0.25,0.20588235294117643,0.16812753627111746,0.25,0.1
1272,10,0.0,0.0,0.0,0.0,0.0,0.0,0.0,0.0,0.0,0.0
18500,1,0.0,0.0,0.0,0.0,0.0,1.0,0.0,0.0,1.0,0.1
11962,1,0.0,0.0,0.0,0.0,0.0,0.0,0.0,0.0,0.0,0.0
18221,6,0.0,0.0,0.0,0.0,0.0,0.16666666666666666,0.0,0.0,0.16666666666666666,0.1
10878,6,0.6,0.6666666666666666,0.6548086577531306,0.5,0.6,0.5,0.5555555555555556,0.5842273861585908,0.5,0.3
3183,21,0.2,0.13333333333333333,0.14606834984270645,0.047619047619047616,0.2,0.2,0.21818181818181817,0.1731866333482261,0.09523809523809523,0.2
10704,10,0.2,0.3333333333333333,0.33916020527361607,0.1,0.2,0.2,0.23636363636363636,0.2895229882348574,0.2,0.2
14808,19,0.4,0.3333333333333333,0.34519134224686926,0.10526315789473684,0.4,0.4,0.38181818181818183,0.3660246186928025,0.21052631578947367,0.4
12378,6,0.2,0.13333333333333333,0.14606834984270645,0.16666666666666666,0.2,0.3333333333333333,0.26666666666666666,0.23811292043488155,0.3333333333333333,0.2
3955,10,0.2,0.06666666666666665,0.13120507751234176,0.1,0.2,0.2,0.2,0.1635413866202963,0.2,0.2
10988,11,0.0,0.0,0.0,0.0,0.0,0.0,0.0,0.0,0.0,0.0
15523,6,0.0,0.0,0.0,0.0,0.0,0.16666666666666666,0.0,0.0,0.16666666666666666,0.1
18848,7,0.0,0.0,0.0,0.0,0.0,0.0,0.0,0.0,0.0,0.0
11247,17,0.2,0.13333333333333333,0.14606834984270645,0.058823529411764705,0.2,0.4,0.2727272727272727,0.30120429660463977,0.23529411764705882,0.4
765,8,0.2,0.3333333333333333,0.33916020527361607,0.125,0.2,0.125,0.1923076923076923,0.2529427027676571,0.125,0.1
17163,16,0.4,0.5333333333333333,0.5087403079104241,0.125,0.4,0.3,0.41818181818181815,0.4085359184257955,0.1875,0.3
19648,1,1.0,0.0,0.0,1.0,0.2,1.0,0.0,0.0,1.0,0.1
18189,24,0.6,0.7333333333333334,0.6992148198508501,0.125,0.6,0.4,0.5636363636363636,0.5321408435198608,0.16666666666666666,0.4
2703,8,0.6,0.5333333333333333,0.5147714448836773,0.375,0.6,1.0,0.673076923076923,0.6381208046145869,1.0,0.8
3883,13,0.0,0.0,0.0,0.0,0.0,0.0,0.0,0.0,0.0,0.0
8928,2,0.0,0.0,0.0,0.0,0.0,0.0,0.0,0.0,0.0,0.0
710,2,1.0,1.0,1.0,1.0,0.4,1.0,1.0,1.0,1.0,0.25
14208,13,0.2,0.13333333333333333,0.14606834984270645,0.07692307692307693,0.2,0.1,0.12727272727272726,0.09478836436955078,0.07692307692307693,0.1
3290,11,0.0,0.0,0.0,0.0,0.0,0.0,0.0,0.0,0.0,0.0
8163,11,0.2,0.3333333333333333,0.33916020527361607,0.09090909090909091,0.2,0.2,0.23636363636363636,0.2895229882348574,0.18181818181818182,0.2
10746,19,0.8,0.8666666666666666,0.8539316501572936,0.21052631578947367,0.8,0.5,0.6727272727272727,0.6275071330616558,0.2631578947368421,0.5
11083,5,0.6,0.6,0.6399453854227659,0.6,0.6,0.6,0.6,0.6399453854227659,0.6,0.3
1309,9,0.0,0.0,0.0,0.0,0.0,0.1111111111111111,0.07407407407407407,0.07834851647149513,0.1111111111111111,0.1
2940,11,0.4,0.5333333333333333,0.5087403079104241,0.18181818181818182,0.4,0.3,0.4,0.40350157154648025,0.2727272727272727,0.3
10152,11,0.2,0.3333333333333333,0.33916020527361607,0.09090909090909091,0.2,0.2,0.2727272727272727,0.2984900352767555,0.18181818181818182,0.2
15127,4,0.0,0.0,0.0,0.0,0.0,0.5,0.0,0.0,0.5,0.2222222222222222
9723,30,0.4,0.19999999999999998,0.2772734273550482,0.06666666666666667,0.4,0.4,0.34545454545454546,0.3219505391887988,0.13333333333333333,0.4
7384,6,0.4,0.5333333333333333,0.5087403079104241,0.3333333333333333,0.4,0.5,0.4,0.4539036202482201,0.5,0.3
14535,16,0.4,0.4666666666666666,0.48522855511632257,0.125,0.4,0.2,0.3090909090909091,0.31488013066763093,0.125,0.2
8228,12,0.4,0.6,0.5531464700081437,0.16666666666666666,0.4,0.5,0.5090909090909091,0.5704044892860389,0.4166666666666667,0.5
13441,4,0.25,0.2142857142857143,0.19519002499605081,0.25,0.2,0.25,0.23529411764705882,0.19519002499605081,0.25,0.1
17844,15,0.6,0.6,0.529634717214042,0.2,0.6,0.3,0.43636363636363645,0.34369669139214537,0.2,0.3
11722,6,0.0,0.0,0.0,0.0,0.0,0.0,0.0,0.0,0.0,0.0
11634,8,0.2,0.19999999999999998,0.16958010263680803,0.125,0.2,0.375,0.21153846153846154,0.20626588994627676,0.375,0.3
18200,7,0.6,0.6,0.6399453854227659,0.42857142857142855,0.6,0.7142857142857143,0.5918367346938775,0.6165641057516339,0.7142857142857143,0.5
13649,1,1.0,0.0,0.0,1.0,0.2,1.0,0.0,0.0,1.0,0.14285714285714285
10436,4,0.0,0.0,0.0,0.0,0.0,0.0,0.0,0.0,0.0,0.0
8280,1,1.0,1.0,1.0,1.0,0.2,1.0,1.0,1.0,1.0,0.1
2320,8,0.6,0.7999999999999999,0.7227265726449518,0.375,0.6,0.625,0.6538461538461539,0.703111904094716,0.625,0.5
4882,4,0.0,0.0,0.0,0.0,0.0,0.0,0.0,0.0,0.0,0.0
14047,23,0.0,0.0,0.0,0.0,0.0,0.0,0.0,0.0,0.0,0.0
2718,1,1.0,0.0,0.0,1.0,0.3333333333333333,1.0,0.0,0.0,1.0,0.3333333333333333
14440,8,0.4,0.19999999999999998,0.2772734273550482,0.25,0.4,0.375,0.32692307692307687,0.29110232150880205,0.375,0.3
12025,8,0.0,0.0,0.0,0.0,0.0,0.125,0.057692307692307696,0.07979453856244816,0.125,0.1
15006,4,0.25,0.14285714285714288,0.16812753627111746,0.25,0.2,0.5,0.20588235294117643,0.16812753627111746,0.5,0.2
3283,24,0.0,0.0,0.0,0.0,0.0,0.1,0.018181818181818177,0.0636207881989517,0.041666666666666664,0.1
8363,9,0.4,0.4666666666666666,0.48522855511632257,0.2222222222222222,0.4,0.2222222222222222,0.31481481481481477,0.3362741576267856,0.2222222222222222,0.2
17619,3,0.3333333333333333,0.0,0.0,0.3333333333333333,0.2,0.3333333333333333,0.0,0.0,0.3333333333333333,0.1
5727,14,0.0,0.0,0.0,0.0,0.0,0.0,0.0,0.0,0.0,0.0
4358,14,0.4,0.3333333333333333,0.31564845247951445,0.14285714285714285,0.4,0.4,0.3818181818181818,0.34445239307233994,0.2857142857142857,0.4
8752,8,0.0,0.0,0.0,0.0,0.0,0.0,0.0,0.0,0.0,0.0
8683,11,0.0,0.0,0.0,0.0,0.0,0.0,0.0,0.0,0.0,0.0
2814,18,0.8,0.7333333333333334,0.7860137352654724,0.2222222222222222,0.8,0.7,0.7090909090909091,0.7183424120903081,0.3888888888888889,0.7
2740,3,0.0,0.0,0.0,0.0,0.0,0.3333333333333333,0.0,0.0,0.3333333333333333,0.1
14248,6,0.2,0.3333333333333333,0.33916020527361607,0.16666666666666666,0.2,0.16666666666666666,0.2222222222222222,0.30260241349881345,0.16666666666666666,0.1
14937,29,0.8,0.7333333333333334,0.7860137352654724,0.13793103448275862,0.8,0.6,0.7272727272727273,0.6618313225363274,0.20689655172413793,0.6
8539,2,0.0,0.0,0.0,0.0,0.0,0.0,0.0,0.0,0.0,0.0
5573,2,0.5,0.0,0.0,0.5,0.2,0.5,0.0,0.0,0.5,0.1
11511,15,0.2,0.06666666666666665,0.13120507751234176,0.06666666666666667,0.2,0.2,0.14545454545454545,0.15139734109601,0.13333333333333333,0.2
12436,31,0.4,0.4666666666666666,0.48522855511632257,0.06451612903225806,0.4,0.2,0.3090909090909091,0.31488013066763093,0.06451612903225806,0.2
2928,2,0.5,0.5555555555555556,0.6131471927654584,0.5,0.2,1.0,0.5263157894736842,0.6131471927654584,1.0,0.2857142857142857
19487,6,0.0,0.0,0.0,0.0,0.0,0.16666666666666666,0.0,0.0,0.16666666666666666,0.1
14173,3,0.0,0.0,0.0,0.0,0.0,0.0,0.0,0.0,0.0,0.0
8072,13,0.6,0.39999999999999997,0.4468535299918562,0.23076923076923078,0.6,0.6,0.5818181818181819,0.5079937796926363,0.46153846153846156,0.6
7849,13,0.2,0.3333333333333333,0.33916020527361607,0.07692307692307693,0.2,0.2,0.2,0.2837125544970318,0.15384615384615385,0.2
5623,13,0.4,0.6,0.5531464700081437,0.15384615384615385,0.4,0.3,0.3818181818181818,0.42520843362602373,0.23076923076923078,0.3
12512,5,0.0,0.0,0.0,0.0,0.0,0.2,0.0,0.0,0.2,0.1
4493,8,0.0,0.0,0.0,0.0,0.0,0.25,0.057692307692307696,0.07979453856244816,0.25,0.2
13836,33,0.4,0.3333333333333333,0.31564845247951445,0.06060606060606061,0.4,0.3,0.36363636363636365,0.28323251649726616,0.09090909090909091,0.3
20583,9,0.4,0.4666666666666666,0.38356636737133554,0.2222222222222222,0.4,0.3333333333333333,0.3888888888888889,0.3441685217488869,0.3333333333333333,0.3
3793,19,0.0,0.0,0.0,0.0,0.0,0.1,0.07272727272727274,0.07336392209936006,0.05263157894736842,0.1
7770,7,0.2,0.3333333333333333,0.33916020527361607,0.14285714285714285,0.2,0.2857142857142857,0.2040816326530612,0.27487633291429087,0.2857142857142857,0.2
3422,22,0.8,0.6666666666666666,0.6608397947263838,0.18181818181818182,0.8,0.7,0.6545454545454548,0.6281460426238844,0.3181818181818182,0.7
9995,16,0.4,0.39999999999999997,0.4703652827859578,0.125,0.4,0.2,0.29090909090909095,0.3052348839397011,0.125,0.2
7300,34,0.4,0.4000000000000001,0.3600546145772339,0.058823529411764705,0.4,0.3,0.34545454545454546,0.3030820301798825,0.08823529411764706,0.3
14090,10,0.2,0.26666666666666666,0.2139862647345275,0.1,0.2,0.3,0.2545454545454545,0.2758471541718662,0.3,0.3
864,2,0.0,0.0,0.0,0.0,0.0,1.0,0.0,0.0,1.0,0.2
12718,12,0.8,0.8000000000000002,0.8304198973631919,0.3333333333333333,0.8,0.7,0.7454545454545454,0.7503359712972107,0.5833333333333334,0.7
4439,7,0.6,0.7333333333333334,0.6992148198508501,0.42857142857142855,0.6,0.5714285714285714,0.5306122448979591,0.5666867828578932,0.5714285714285714,0.4
15761,7,0.8,0.9333333333333332,0.8687949224876582,0.5714285714285714,0.8,0.6666666666666666,0.6938775510204082,0.7751482523375255,0.5714285714285714,0.6666666666666666
16651,13,0.8,0.8000000000000002,0.8304198973631919,0.3076923076923077,0.8,0.6,0.7272727272727273,0.6867151830982591,0.46153846153846156,0.6
14302,2,0.0,0.0,0.0,0.0,0.0,0.0,0.0,0.0,0.0,0.0
11878,6,0.0,0.0,0.0,0.0,0.0,0.16666666666666666,0.0,0.0,0.16666666666666666,0.1
361,3,0.6666666666666666,0.25,0.23463936301137822,0.6666666666666666,0.4,0.6666666666666666,0.2962962962962963,0.23463936301137822,0.6666666666666666,0.2
11684,16,0.4,0.4666666666666666,0.38356636737133554,0.125,0.4,0.3,0.38181818181818183,0.3222722491219546,0.1875,0.3
18165,8,0.0,0.0,0.0,0.0,0.0,0.0,0.0,0.0,0.0,0.0
4955,3,0.0,0.0,0.0,0.0,0.0,0.0,0.0,0.0,0.0,0.0
14335,4,0.0,0.0,0.0,0.0,0.0,0.0,0.0,0.0,0.0,0.0
18125,5,0.6,0.39999999999999997,0.4468535299918562,0.6,0.6,0.8,0.525,0.4468535299918562,0.8,0.4
2949,7,0.0,0.0,0.0,0.0,0.0,0.14285714285714285,0.1020408163265306,0.0979129253499678,0.14285714285714285,0.1
12887,10,0.2,0.13333333333333333,0.14606834984270645,0.1,0.2,0.1,0.12727272727272726,0.09478836436955078,0.1,0.1
8051,11,0.2,0.3333333333333333,0.33916020527361607,0.09090909090909091,0.2,0.1,0.18181818181818182,0.22009176629808014,0.09090909090909091,0.1
6624,38,0.2,0.3333333333333333,0.33916020527361607,0.02631578947368421,0.2,0.2,0.21818181818181817,0.28634598975246917,0.05263157894736842,0.2
18670,10,0.2,0.26666666666666666,0.2139862647345275,0.1,0.2,0.4,0.34545454545454546,0.3529461582433961,0.4,0.4
16168,10,0.0,0.0,0.0,0.0,0.0,0.1,0.05454545454545456,0.06943122193677725,0.1,0.1
15456,15,0.2,0.19999999999999998,0.16958010263680803,0.06666666666666667,0.2,0.1,0.14545454545454548,0.11004588314904007,0.06666666666666667,0.1
15462,9,0.2,0.06666666666666665,0.13120507751234176,0.1111111111111111,0.2,0.2222222222222222,0.18518518518518517,0.16927654709047393,0.2222222222222222,0.2
11509,1,1.0,0.0,0.0,1.0,0.2,1.0,0.0,0.0,1.0,0.1
4701,10,0.4,0.3333333333333333,0.34519134224686926,0.2,0.4,0.3,0.34545454545454546,0.2973694836145355,0.3,0.3
3059,1,0.0,0.0,0.0,0.0,0.0,0.0,0.0,0.0,0.0,0.0
13709,11,0.2,0.3333333333333333,0.33916020527361607,0.09090909090909091,0.2,0.2,0.2,0.2837125544970318,0.18181818181818182,0.2
7307,3,0.0,0.0,0.0,0.0,0.0,0.0,0.0,0.0,0.0,0.0
19723,19,1.0,1.0,1.0,0.2631578947368421,1.0,0.5,0.7272727272727273,0.6489315753318466,0.2631578947368421,0.5
11360,9,0.2,0.3333333333333333,0.33916020527361607,0.1111111111111111,0.2,0.1111111111111111,0.18518518518518517,0.23504554941448538,0.1111111111111111,0.1
19918,2,0.5,0.4444444444444445,0.3868528072345415,0.5,0.2,0.5,0.4736842105263158,0.3868528072345415,0.5,0.1
10374,9,0.2,0.13333333333333333,0.14606834984270645,0.1111111111111111,0.2,0.1111111111111111,0.12962962962962962,0.10122860821230019,0.1111111111111111,0.1
869,2,0.0,0.0,0.0,0.0,0.0,0.5,0.0,0.0,0.5,0.1
5441,2,0.0,0.0,0.0,0.0,0.0,0.0,0.0,0.0,0.0,0.0
2817,15,0.0,0.0,0.0,0.0,0.0,0.4,0.21818181818181823,0.2816372027313761,0.26666666666666666,0.4
13395,18,0.4,0.19999999999999998,0.2772734273550482,0.1111111111111111,0.4,0.4,0.309090909090909,0.31298349214690063,0.2222222222222222,0.4
8016,7,1.0,1.0,1.0,0.7142857142857143,1.0,0.8571428571428571,0.9183673469387754,0.9083745556952364,0.8571428571428571,0.6
2162,14,0.2,0.19999999999999998,0.16958010263680803,0.07142857142857142,0.2,0.1,0.14545454545454548,0.11004588314904007,0.07142857142857142,0.1
2874,5,0.2,0.3333333333333333,0.33916020527361607,0.2,0.2,0.2,0.25,0.33916020527361607,0.2,0.1
1494,2,0.0,0.0,0.0,0.0,0.0,0.0,0.0,0.0,0.0,0.0
9677,11,0.4,0.19999999999999998,0.2772734273550482,0.18181818181818182,0.4,0.3,0.3272727272727272,0.25832975098984706,0.2727272727272727,0.3
4649,5,0.4,0.4666666666666666,0.48522855511632257,0.4,0.4,0.6,0.425,0.48522855511632257,0.6,0.3
16502,9,0.2,0.19999999999999998,0.16958010263680803,0.1111111111111111,0.2,0.4444444444444444,0.27777777777777773,0.27200344942751675,0.4444444444444444,0.4
6330,18,0.8,0.8666666666666666,0.8539316501572936,0.2222222222222222,0.8,0.5,0.6545454545454547,0.623574432899073,0.2777777777777778,0.5
10242,10,0.2,0.26666666666666666,0.2139862647345275,0.1,0.2,0.1,0.16363636363636364,0.1388624438735545,0.1,0.1
340,5,0.4,0.4000000000000001,0.3600546145772339,0.4,0.4,0.6,0.4,0.3600546145772339,0.6,0.3
14716,8,0.0,0.0,0.0,0.0,0.0,0.25,0.13461538461538464,0.1641087728183339,0.25,0.2
19802,10,0.6,0.6666666666666666,0.6548086577531306,0.3,0.6,0.4,0.5454545454545454,0.5033242827953462,0.4,0.4
4549,20,0.4,0.39999999999999997,0.4703652827859578,0.1,0.4,0.3,0.34545454545454546,0.3746661058764783,0.15,0.3
19969,7,0.2,0.3333333333333333,0.33916020527361607,0.14285714285714285,0.2,0.2857142857142857,0.2040816326530612,0.27487633291429087,0.2857142857142857,0.2
18111,7,0.2,0.26666666666666666,0.2139862647345275,0.14285714285714285,0.2,0.2857142857142857,0.2653061224489796,0.265053101293003,0.2857142857142857,0.2
177,2,1.0,0.5555555555555556,0.6131471927654584,1.0,0.4,1.0,0.5263157894736842,0.6131471927654584,1.0,0.25
5429,18,0.0,0.0,0.0,0.0,0.0,0.0,0.0,0.0,0.0,0.0
11831,17,0.4,0.4666666666666666,0.48522855511632257,0.11764705882352941,0.4,0.4,0.43636363636363645,0.45767527470376823,0.23529411764705882,0.4
14956,14,0.2,0.13333333333333333,0.14606834984270645,0.07142857142857142,0.2,0.2,0.21818181818181817,0.1731866333482261,0.14285714285714285,0.2
3774,20,0.2,0.26666666666666666,0.2139862647345275,0.05,0.2,0.3,0.2727272727272727,0.2784805894273035,0.15,0.3
14309,3,0.3333333333333333,0.4166666666666667,0.46927872602275644,0.3333333333333333,0.2,0.3333333333333333,0.37037037037037035,0.46927872602275644,0.3333333333333333,0.1
4919,4,0.75,0.6428571428571428,0.6096199500078983,0.75,0.6,0.75,0.7058823529411765,0.6096199500078983,0.75,0.3
20562,7,0.4,0.3333333333333333,0.34519134224686926,0.2857142857142857,0.4,0.42857142857142855,0.3061224489795918,0.2797643380184692,0.42857142857142855,0.3
725,10,0.0,0.0,0.0,0.0,0.0,0.0,0.0,0.0,0.0,0.0
4644,25,0.0,0.0,0.0,0.0,0.0,0.1,0.018181818181818177,0.0636207881989517,0.04,0.1
19907,3,0.6666666666666666,0.0,0.0,0.6666666666666666,0.4,0.6666666666666666,0.0,0.0,0.6666666666666666,0.2
3203,8,0.4,0.5333333333333333,0.5087403079104241,0.25,0.4,0.375,0.34615384615384615,0.37941405415148566,0.375,0.3
15690,15,0.2,0.19999999999999998,0.16958010263680803,0.06666666666666667,0.2,0.1,0.14545454545454548,0.11004588314904007,0.06666666666666667,0.1
183,20,0.0,0.0,0.0,0.0,0.0,0.0,0.0,0.0,0.0,0.0
7839,13,1.0,1.0,1.0,0.38461538461538464,1.0,0.7,0.8181818181818182,0.7846170207230129,0.5384615384615384,0.7
6869,9,0.6,0.6666666666666666,0.6548086577531306,0.3333333333333333,0.6,0.7777777777777778,0.6666666666666665,0.6866261235257974,0.7777777777777778,0.7
12098,3,0.0,0.0,0.0,0.0,0.0,0.3333333333333333,0.0,0.0,0.3333333333333333,0.1
8599,27,0.4,0.4666666666666666,0.38356636737133554,0.07407407407407407,0.4,0.2,0.30909090909090914,0.24890832702259458,0.07407407407407407,0.2
3914,8,0.0,0.0,0.0,0.0,0.0,0.25,0.13461538461538464,0.1641087728183339,0.25,0.2
13725,12,0.2,0.3333333333333333,0.33916020527361607,0.08333333333333333,0.2,0.1,0.18181818181818182,0.22009176629808014,0.08333333333333333,0.1
1331,2,0.5,0.5555555555555556,0.6131471927654584,0.5,0.5,0.5,0.5263157894736842,0.6131471927654584,0.5,0.5
11623,4,0.25,0.2142857142857143,0.19519002499605081,0.25,0.2,0.25,0.23529411764705882,0.19519002499605081,0.25,0.1
158,10,0.0,0.0,0.0,0.0,0.0,0.0,0.0,0.0,0.0,0.0
16069,11,0.0,0.0,0.0,0.0,0.0,0.1,0.07272727272727274,0.07336392209936006,0.09090909090909091,0.1
16934,6,0.0,0.0,0.0,0.0,0.0,0.16666666666666666,0.0,0.0,0.16666666666666666,0.1
14602,3,0.0,0.0,0.0,0.0,0.0,0.0,0.0,0.0,0.0,0.0
9732,1,1.0,1.0,1.0,1.0,0.2,1.0,1.0,1.0,1.0,0.14285714285714285
2402,16,0.2,0.3333333333333333,0.33916020527361607,0.0625,0.2,0.2,0.2545454545454545,0.29345568839744024,0.125,0.2
9610,24,0.0,0.0,0.0,0.0,0.0,0.2,0.12727272727272726,0.14465249243306436,0.08333333333333333,0.2
13938,9,0.4,0.5333333333333333,0.5087403079104241,0.2222222222222222,0.4,0.3333333333333333,0.4259259259259259,0.43629323812092147,0.3333333333333333,0.3
11005,20,0.0,0.0,0.0,0.0,0.0,0.1,0.07272727272727274,0.07336392209936006,0.05,0.1
15795,15,0.2,0.19999999999999998,0.16958010263680803,0.06666666666666667,0.2,0.1,0.14545454545454548,0.11004588314904007,0.06666666666666667,0.1
9107,11,0.6,0.6666666666666666,0.6843515475204854,0.2727272727272727,0.6,0.6,0.6363636363636364,0.6581810421830973,0.5454545454545454,0.6
11126,7,0.2,0.3333333333333333,0.33916020527361607,0.14285714285714285,0.2,0.14285714285714285,0.2040816326530612,0.27487633291429087,0.14285714285714285,0.1
531,10,0.4,0.3333333333333333,0.34519134224686926,0.2,0.4,0.4,0.41818181818181815,0.3718350524306281,0.4,0.4
5330,12,0.4,0.4666666666666666,0.48522855511632257,0.16666666666666666,0.4,0.5,0.45454545454545464,0.5212960629027199,0.4166666666666667,0.5
19538,18,0.0,0.0,0.0,0.0,0.0,0.1,0.05454545454545456,0.06943122193677725,0.05555555555555555,0.1
8626,26,0.2,0.06666666666666665,0.13120507751234176,0.038461538461538464,0.2,0.2,0.14545454545454545,0.15139734109601,0.07692307692307693,0.2
17635,30,0.4,0.3333333333333333,0.31564845247951445,0.06666666666666667,0.4,0.7,0.5454545454545455,0.5559026721867442,0.23333333333333334,0.7
7359,3,0.3333333333333333,0.0,0.0,0.3333333333333333,0.2,0.6666666666666666,0.0,0.0,0.6666666666666666,0.25
174,3,0.3333333333333333,0.4166666666666667,0.46927872602275644,0.3333333333333333,0.2,0.3333333333333333,0.37037037037037035,0.46927872602275644,0.3333333333333333,0.1
14572,12,0.4,0.6,0.5531464700081437,0.16666666666666666,0.4,0.2,0.34545454545454546,0.3589542101716347,0.16666666666666666,0.2
8766,3,0.3333333333333333,0.0,0.0,0.3333333333333333,0.2,0.6666666666666666,0.0,0.0,0.6666666666666666,0.2
5688,20,0.4,0.19999999999999998,0.2772734273550482,0.1,0.4,0.6,0.49090909090909096,0.4673791184803734,0.3,0.6
18399,10,0.4,0.39999999999999997,0.4703652827859578,0.2,0.4,0.3,0.34545454545454546,0.3746661058764783,0.3,0.3
18672,9,0.4,0.26666666666666666,0.3007851801491498,0.2222222222222222,0.4,0.2222222222222222,0.25925925925925924,0.2084508053262215,0.2222222222222222,0.2
13684,14,0.0,0.0,0.0,0.0,0.0,0.0,0.0,0.0,0.0,0.0
6775,3,0.3333333333333333,0.4166666666666667,0.46927872602275644,0.3333333333333333,0.2,0.3333333333333333,0.37037037037037035,0.46927872602275644,0.3333333333333333,0.1
1384,44,0.8,0.8000000000000002,0.8304198973631919,0.09090909090909091,0.8,0.8,0.7999999999999999,0.8205228949141826,0.18181818181818182,0.8
2602,6,0.0,0.0,0.0,0.0,0.0,0.3333333333333333,0.0,0.0,0.3333333333333333,0.2
12171,7,0.0,0.0,0.0,0.0,0.0,0.0,0.0,0.0,0.0,0.0
10493,1,0.0,0.0,0.0,0.0,0.0,0.0,0.0,0.0,0.0,0.0
8139,8,0.2,0.3333333333333333,0.33916020527361607,0.125,0.2,0.375,0.2692307692307692,0.33725693702354287,0.375,0.3
5369,1,0.0,0.0,0.0,0.0,0.0,0.0,0.0,0.0,0.0,0.0
6570,2,0.0,0.0,0.0,0.0,0.0,0.5,0.0,0.0,0.5,0.1
14162,3,0.0,0.0,0.0,0.0,0.0,0.0,0.0,0.0,0.0,0.0
12132,5,0.0,0.0,0.0,0.0,0.0,0.0,0.0,0.0,0.0,0.0
865,7,0.4,0.39999999999999997,0.4703652827859578,0.2857142857142857,0.4,0.2857142857142857,0.32653061224489793,0.3812130139445206,0.2857142857142857,0.2
9777,12,0.6,0.39999999999999997,0.4468535299918562,0.25,0.6,0.5,0.509090909090909,0.4346298575932762,0.4166666666666667,0.5
4017,4,0.0,0.0,0.0,0.0,0.0,0.0,0.0,0.0,0.0,0.0
19836,7,0.0,0.0,0.0,0.0,0.0,0.0,0.0,0.0,0.0,0.0
3045,3,0.3333333333333333,0.4166666666666667,0.46927872602275644,0.3333333333333333,0.2,0.6666666666666666,0.37037037037037035,0.46927872602275644,0.6666666666666666,0.2
2941,5,0.4,0.39999999999999997,0.4703652827859578,0.4,0.4,0.4,0.4,0.4703652827859578,0.4,0.2
18398,5,0.0,0.0,0.0,0.0,0.0,0.0,0.0,0.0,0.0,0.0
20581,12,0.6,0.5333333333333333,0.5147714448836773,0.25,0.6,0.3,0.4181818181818182,0.3340514446642156,0.25,0.3
1531,17,0.4,0.4666666666666666,0.48522855511632257,0.11764705882352941,0.4,0.3,0.3272727272727272,0.3785009188665826,0.17647058823529413,0.3
8659,4,0.75,0.5714285714285715,0.5855700749881524,0.75,0.6,0.75,0.5294117647058824,0.5855700749881524,0.75,0.3
5078,7,0.2,0.3333333333333333,0.33916020527361607,0.14285714285714285,0.2,0.42857142857142855,0.2857142857142857,0.3665017772190545,0.42857142857142855,0.3
4552,3,1.0,1.0,1.0,1.0,0.6,1.0,1.0,1.0,1.0,0.6
3291,2,0.0,0.0,0.0,0.0,0.0,0.5,0.0,0.0,0.5,0.1
5598,13,0.4,0.4666666666666666,0.48522855511632257,0.15384615384615385,0.4,0.5,0.509090909090909,0.5328965452000555,0.38461538461538464,0.5
6908,13,0.4,0.39999999999999997,0.4703652827859578,0.15384615384615385,0.4,0.2,0.29090909090909095,0.3052348839397011,0.15384615384615385,0.2
19451,13,0.4,0.4666666666666666,0.48522855511632257,0.15384615384615385,0.4,0.2,0.3090909090909091,0.31488013066763093,0.15384615384615385,0.2
19147,4,0.25,0.28571428571428575,0.2463023887407299,0.25,0.2,0.5,0.2647058823529412,0.2463023887407299,0.5,0.2
2816,21,0.0,0.0,0.0,0.0,0.0,0.1,0.05454545454545456,0.06943122193677725,0.047619047619047616,0.1
20365,9,0.2,0.06666666666666665,0.13120507751234176,0.1111111111111111,0.2,0.1111111111111111,0.1111111111111111,0.09092803061897882,0.1111111111111111,0.1
16469,7,0.4,0.4666666666666666,0.38356636737133554,0.2857142857142857,0.4,0.42857142857142855,0.42857142857142855,0.4024912677501485,0.42857142857142855,0.3
15259,3,0.3333333333333333,0.0,0.0,0.3333333333333333,0.2,0.3333333333333333,0.0,0.0,0.3333333333333333,0.1
2227,23,0.2,0.3333333333333333,0.33916020527361607,0.043478260869565216,0.2,0.1,0.18181818181818182,0.22009176629808014,0.043478260869565216,0.1
13718,10,0.0,0.0,0.0,0.0,0.0,0.0,0.0,0.0,0.0,0.0
14507,9,0.2,0.3333333333333333,0.33916020527361607,0.1111111111111111,0.2,0.2222222222222222,0.25925925925925924,0.3133940658859805,0.2222222222222222,0.2
11719,7,0.4,0.6,0.5531464700081437,0.2857142857142857,0.4,0.2857142857142857,0.38775510204081626,0.4483039899025303,0.2857142857142857,0.2
3824,28,0.0,0.0,0.0,0.0,0.0,0.3,0.2,0.21801641453242443,0.10714285714285714,0.3
15215,10,0.4,0.3333333333333333,0.34519134224686926,0.2,0.4,0.3,0.32727272727272727,0.29343678345195273,0.3,0.3
11252,4,0.5,0.6428571428571429,0.6366824387328316,0.5,0.4,0.5,0.5588235294117646,0.6366824387328316,0.5,0.2
8438,13,0.0,0.0,0.0,0.0,0.0,0.1,0.036363636363636355,0.06625422345438903,0.07692307692307693,0.1
3618,3,1.0,0.6666666666666667,0.7039180890341346,1.0,0.6,1.0,0.6666666666666666,0.7039180890341346,1.0,0.3
10142,13,0.0,0.0,0.0,0.0,0.0,0.0,0.0,0.0,0.0,0.0
12835,1,1.0,1.0,1.0,1.0,0.2,1.0,1.0,1.0,1.0,0.1
9670,13,0.2,0.19999999999999998,0.16958010263680803,0.07692307692307693,0.2,0.4,0.3272727272727273,0.32542886242602714,0.3076923076923077,0.4
11778,7,0.2,0.3333333333333333,0.33916020527361607,0.14285714285714285,0.2,0.2857142857142857,0.2040816326530612,0.27487633291429087,0.2857142857142857,0.2
19686,13,0.4,0.5333333333333333,0.5087403079104241,0.15384615384615385,0.4,0.3,0.41818181818181815,0.4085359184257955,0.23076923076923078,0.3
751,5,0.0,0.0,0.0,0.0,0.0,0.4,0.0,0.0,0.4,0.2
14770,1,1.0,0.0,0.0,1.0,0.2,1.0,0.0,0.0,1.0,0.1
9981,2,0.0,0.0,0.0,0.0,0.0,0.0,0.0,0.0,0.0,0.0
17391,15,0.2,0.3333333333333333,0.33916020527361607,0.06666666666666667,0.2,0.3,0.32727272727272727,0.36792125721353275,0.2,0.3
18850,14,0.0,0.0,0.0,0.0,0.0,0.1,0.018181818181818177,0.0636207881989517,0.07142857142857142,0.1
2185,9,0.0,0.0,0.0,0.0,0.0,0.0,0.0,0.0,0.0,0.0
17656,6,0.0,0.0,0.0,0.0,0.0,0.0,0.0,0.0,0.0,0.0
25,14,0.8,0.8000000000000002,0.8304198973631919,0.2857142857142857,0.8,0.7,0.7636363636363636,0.7542686714597936,0.5,0.7
963,23,0.4,0.5333333333333333,0.5087403079104241,0.08695652173913043,0.4,0.2,0.32727272727272727,0.3301376494471202,0.08695652173913043,0.2
6422,8,0.2,0.06666666666666665,0.13120507751234176,0.125,0.2,0.25,0.11538461538461538,0.09785159463516041,0.25,0.2
14156,11,0.2,0.06666666666666665,0.13120507751234176,0.09090909090909091,0.2,0.3,0.23636363636363636,0.22793826167775824,0.2727272727272727,0.3
16695,22,0.8,0.8666666666666666,0.8539316501572936,0.18181818181818182,0.8,0.4,0.6000000000000001,0.5541432109622958,0.18181818181818182,0.4
10911,8,0.0,0.0,0.0,0.0,0.0,0.0,0.0,0.0,0.0,0.0
7940,5,0.0,0.0,0.0,0.0,0.0,0.2,0.0,0.0,0.2,0.1
14989,6,0.6,0.46666666666666673,0.4912596920895757,0.5,0.6,1.0,0.6000000000000001,0.5460963797517797,1.0,0.6
6286,9,0.0,0.0,0.0,0.0,0.0,0.1111111111111111,0.07407407407407407,0.07834851647149513,0.1111111111111111,0.1
12243,5,0.2,0.13333333333333333,0.14606834984270645,0.2,0.2,0.2,0.175,0.14606834984270645,0.2,0.1
49,9,0.4,0.4000000000000001,0.3600546145772339,0.2222222222222222,0.4,0.3333333333333333,0.2962962962962963,0.24952583878244924,0.3333333333333333,0.3
14009,6,0.4,0.5333333333333333,0.5087403079104241,0.3333333333333333,0.4,0.3333333333333333,0.4,0.4539036202482201,0.3333333333333333,0.2
3968,11,0.2,0.3333333333333333,0.33916020527361607,0.09090909090909091,0.2,0.1,0.18181818181818182,0.22009176629808014,0.09090909090909091,0.1
10607,4,0.0,0.0,0.0,0.0,0.0,0.25,0.0,0.0,0.25,0.1
13657,12,0.2,0.26666666666666666,0.2139862647345275,0.08333333333333333,0.2,0.1,0.16363636363636364,0.1388624438735545,0.08333333333333333,0.1
13433,6,0.0,0.0,0.0,0.0,0.0,0.16666666666666666,0.0,0.0,0.16666666666666666,0.1
1661,10,0.0,0.0,0.0,0.0,0.0,0.0,0.0,0.0,0.0,0.0
4408,7,0.4,0.3333333333333333,0.31564845247951445,0.2857142857142857,0.4,0.7142857142857143,0.38775510204081626,0.347446403717272,0.7142857142857143,0.5
19776,20,0.0,0.0,0.0,0.0,0.0,0.0,0.0,0.0,0.0,0.0
744,14,0.2,0.19999999999999998,0.16958010263680803,0.07142857142857142,0.2,0.3,0.2,0.23992089480238077,0.21428571428571427,0.3
9385,3,0.6666666666666666,0.0,0.0,0.6666666666666666,0.4,0.6666666666666666,0.0,0.0,0.6666666666666666,0.25
19946,4,0.5,0.5,0.5585075862632192,0.5,0.4,0.5,0.49999999999999994,0.5585075862632192,0.5,0.2
19731,11,0.6,0.6666666666666666,0.6843515475204854,0.2727272727272727,0.6,0.6,0.6545454545454544,0.6621137423456801,0.5454545454545454,0.6
5812,7,0.0,0.0,0.0,0.0,0.0,0.0,0.0,0.0,0.0,0.0
5174,8,0.0,0.0,0.0,0.0,0.0,0.0,0.0,0.0,0.0,0.0
18035,6,0.2,0.19999999999999998,0.16958010263680803,0.16666666666666666,0.2,0.16666666666666666,0.17777777777777778,0.15130120674940672,0.16666666666666666,0.1
9665,14,0.0,0.0,0.0,0.0,0.0,0.1,0.05454545454545456,0.06943122193677725,0.07142857142857142,0.1
14896,7,0.2,0.3333333333333333,0.33916020527361607,0.14285714285714285,0.2,0.14285714285714285,0.2040816326530612,0.27487633291429087,0.14285714285714285,0.1
14928,9,0.2,0.3333333333333333,0.33916020527361607,0.1111111111111111,0.2,0.2222222222222222,0.25925925925925924,0.3133940658859805,0.2222222222222222,0.2
9363,6,0.0,0.0,0.0,0.0,0.0,0.0,0.0,0.0,0.0,0.0
5915,13,0.2,0.19999999999999998,0.16958010263680803,0.07692307692307693,0.2,0.2,0.2,0.17947710508581735,0.15384615384615385,0.2
7910,4,0.0,0.0,0.0,0.0,0.0,0.0,0.0,0.0,0.0,0.0
13558,22,0.2,0.06666666666666665,0.13120507751234176,0.045454545454545456,0.2,0.3,0.2,0.2221278279399327,0.13636363636363635,0.3
4130,10,0.2,0.06666666666666665,0.13120507751234176,0.1,0.2,0.3,0.2,0.2221278279399327,0.3,0.3
11027,10,0.4,0.39999999999999997,0.4703652827859578,0.2,0.4,0.3,0.38181818181818183,0.3836331529183764,0.3,0.3
18956,4,0.5,0.2142857142857143,0.19519002499605081,0.5,0.4,0.5,0.23529411764705882,0.19519002499605081,0.5,0.2
15449,9,0.4,0.3333333333333333,0.31564845247951445,0.2222222222222222,0.4,0.3333333333333333,0.3333333333333333,0.2928999982046174,0.3333333333333333,0.3
12241,6,0.2,0.13333333333333333,0.14606834984270645,0.16666666666666666,0.2,0.3333333333333333,0.15555555555555556,0.13032376591037065,0.3333333333333333,0.2
2010,1,0.0,0.0,0.0,0.0,0.0,1.0,0.0,0.0,1.0,0.1
1581,11,0.4,0.19999999999999998,0.2772734273550482,0.18181818181818182,0.4,0.2,0.23636363636363633,0.17993148201117173,0.18181818181818182,0.2
5404,25,0.2,0.3333333333333333,0.33916020527361607,0.04,0.2,0.1,0.18181818181818182,0.22009176629808014,0.04,0.1
514,5,0.0,0.0,0.0,0.0,0.0,0.2,0.0,0.0,0.2,0.1
14865,4,0.5,0.35714285714285715,0.39038004999210163,0.5,0.4,0.75,0.2941176470588235,0.39038004999210163,0.75,0.3
18474,14,0.2,0.06666666666666665,0.13120507751234176,0.07142857142857142,0.2,0.1,0.10909090909090909,0.08514311764162097,0.07142857142857142,0.1
17710,8,0.0,0.0,0.0,0.0,0.0,0.125,0.09615384615384615,0.0901000086523677,0.125,0.1
11826,19,0.4,0.26666666666666666,0.3007851801491498,0.10526315789473684,0.4,0.2,0.2545454545454545,0.19518900079066104,0.10526315789473684,0.2
17781,18,0.2,0.06666666666666665,0.13120507751234176,0.05555555555555555,0.2,0.1,0.10909090909090909,0.08514311764162097,0.05555555555555555,0.1
18949,14,0.2,0.26666666666666666,0.2139862647345275,0.07142857142857142,0.2,0.3,0.3272727272727272,0.2906246349515899,0.21428571428571427,0.3
2042,17,0.4,0.5333333333333333,0.5087403079104241,0.11764705882352941,0.4,0.5,0.5454545454545454,0.5513310624619328,0.29411764705882354,0.5
15991,6,0.4,0.3333333333333333,0.31564845247951445,0.3333333333333333,0.4,0.8333333333333334,0.4444444444444444,0.3894141271842883,0.8333333333333334,0.5
6805,9,0.6,0.46666666666666673,0.4912596920895757,0.3333333333333333,0.6,0.4444444444444444,0.40740740740740744,0.3404538694014281,0.4444444444444444,0.4
11492,14,0.0,0.0,0.0,0.0,0.0,0.2,0.1272727272727273,0.1427951440361373,0.14285714285714285,0.2
8704,28,0.4,0.5333333333333333,0.5087403079104241,0.07142857142857142,0.4,0.3,0.36363636363636365,0.39639187290150923,0.10714285714285714,0.3
7976,2,0.5,0.5555555555555556,0.6131471927654584,0.5,0.2,0.5,0.5263157894736842,0.6131471927654584,0.5,0.1
13869,8,0.0,0.0,0.0,0.0,0.0,0.0,0.0,0.0,0.0,0.0
14981,29,0.4,0.39999999999999997,0.4703652827859578,0.06896551724137931,0.4,0.6,0.490909090909091,0.5829393865084943,0.20689655172413793,0.6
18065,13,0.4,0.6,0.5531464700081437,0.15384615384615385,0.4,0.3,0.36363636363636365,0.4225749983705864,0.23076923076923078,0.3
1011,1,1.0,1.0,1.0,1.0,0.3333333333333333,1.0,1.0,1.0,1.0,0.3333333333333333
16489,4,0.0,0.0,0.0,0.0,0.0,0.25,0.0,0.0,0.25,0.1
5030,11,0.0,0.0,0.0,0.0,0.0,0.1,0.036363636363636355,0.06625422345438903,0.09090909090909091,0.1
2631,8,0.6,0.6,0.6399453854227659,0.375,0.6,0.625,0.596153846153846,0.64137442160498,0.625,0.5
9078,9,0.4,0.26666666666666666,0.3007851801491498,0.2222222222222222,0.4,0.3333333333333333,0.31481481481481477,0.282599420611296,0.3333333333333333,0.3
7418,10,0.4,0.5333333333333333,0.5087403079104241,0.2,0.4,0.3,0.4,0.40350157154648025,0.3,0.3
19948,32,0.2,0.26666666666666666,0.2139862647345275,0.03125,0.2,0.1,0.16363636363636364,0.1388624438735545,0.03125,0.1
19725,7,0.2,0.19999999999999998,0.16958010263680803,0.14285714285714285,0.2,0.2857142857142857,0.2448979591836735,0.22906361076190904,0.2857142857142857,0.2
966,8,0.2,0.3333333333333333,0.33916020527361607,0.125,0.2,0.125,0.1923076923076923,0.2529427027676571,0.125,0.1
108,23,0.2,0.3333333333333333,0.33916020527361607,0.043478260869565216,0.2,0.2,0.2,0.2837125544970318,0.08695652173913043,0.2
14320,6,0.0,0.0,0.0,0.0,0.0,0.16666666666666666,0.0,0.0,0.16666666666666666,0.1
20112,2,0.0,0.0,0.0,0.0,0.0,0.5,0.0,0.0,0.5,0.1
14835,4,0.25,0.28571428571428575,0.2463023887407299,0.25,0.2,0.25,0.2647058823529412,0.2463023887407299,0.25,0.1
10295,2,0.0,0.0,0.0,0.0,0.0,0.5,0.0,0.0,0.5,0.14285714285714285
12264,15,0.6,0.6,0.6399453854227659,0.2,0.6,0.3,0.43636363636363634,0.4152807670887412,0.2,0.3
16516,2,0.0,0.0,0.0,0.0,0.0,1.0,0.0,0.0,1.0,0.2
12058,5,0.0,0.0,0.0,0.0,0.0,0.4,0.0,0.0,0.4,0.2
7088,13,0.2,0.3333333333333333,0.33916020527361607,0.07692307692307693,0.2,0.1,0.18181818181818182,0.22009176629808014,0.07692307692307693,0.1
10347,17,0.6,0.7333333333333334,0.6992148198508501,0.17647058823529413,0.6,0.4,0.5272727272727272,0.5231737964779627,0.23529411764705882,0.4
2712,3,0.0,0.0,0.0,0.0,0.0,0.3333333333333333,0.0,0.0,0.3333333333333333,0.1
17409,1,1.0,1.0,1.0,1.0,0.2,1.0,1.0,1.0,1.0,0.16666666666666666
5283,9,0.8,0.7333333333333334,0.7860137352654724,0.4444444444444444,0.8,0.6666666666666666,0.7407407407407407,0.7067983934236957,0.6666666666666666,0.6
9198,5,0.0,0.0,0.0,0.0,0.0,0.0,0.0,0.0,0.0,0.0
11928,18,0.2,0.19999999999999998,0.16958010263680803,0.05555555555555555,0.2,0.4,0.29090909090909095,0.3183191637810561,0.2222222222222222,0.4
6095,5,0.0,0.0,0.0,0.0,0.0,0.0,0.0,0.0,0.0,0.0
976,12,0.2,0.06666666666666665,0.13120507751234176,0.08333333333333333,0.2,0.1,0.10909090909090909,0.08514311764162097,0.08333333333333333,0.1
19227,21,0.6,0.5333333333333333,0.6164336326286642,0.14285714285714285,0.6,0.4,0.45454545454545453,0.4662774717636409,0.19047619047619047,0.4
4908,12,0.4,0.4666666666666666,0.48522855511632257,0.16666666666666666,0.4,0.3,0.3272727272727272,0.3785009188665826,0.25,0.3
16887,12,0.2,0.19999999999999998,0.16958010263680803,0.08333333333333333,0.2,0.1,0.14545454545454548,0.11004588314904007,0.08333333333333333,0.1
1550,1,1.0,0.0,0.0,1.0,0.2,1.0,0.0,0.0,1.0,0.125
10437,19,0.2,0.3333333333333333,0.33916020527361607,0.05263157894736842,0.2,0.2,0.23636363636363636,0.2895229882348574,0.10526315789473684,0.2
20555,3,1.0,1.0,1.0,1.0,0.6,1.0,1.0,1.0,1.0,0.3
16077,2,0.5,0.5555555555555556,0.6131471927654584,0.5,0.2,0.5,0.5263157894736842,0.6131471927654584,0.5,0.16666666666666666
8633,5,0.4,0.39999999999999997,0.4703652827859578,0.4,0.4,0.8,0.4,0.4703652827859578,0.8,0.4444444444444444
1351,37,0.2,0.19999999999999998,0.16958010263680803,0.02702702702702703,0.2,0.4,0.32727272727272727,0.3241295975188817,0.10810810810810811,0.4
7042,10,0.0,0.0,0.0,0.0,0.0,0.1,0.036363636363636355,0.06625422345438903,0.1,0.1
10576,6,0.2,0.06666666666666665,0.13120507751234176,0.16666666666666666,0.2,0.16666666666666666,0.13333333333333333,0.11706259313796352,0.16666666666666666,0.1
18656,7,0.4,0.4666666666666666,0.48522855511632257,0.2857142857142857,0.4,0.2857142857142857,0.346938775510204,0.3932591258696538,0.2857142857142857,0.2
3047,5,0.4,0.19999999999999998,0.2772734273550482,0.4,0.4,0.4,0.32499999999999996,0.2772734273550482,0.4,0.2
9183,7,0.4,0.5333333333333333,0.5087403079104241,0.2857142857142857,0.4,0.2857142857142857,0.36734693877551017,0.4123144993714362,0.2857142857142857,0.2
20485,16,0.2,0.3333333333333333,0.33916020527361607,0.0625,0.2,0.1,0.18181818181818182,0.22009176629808014,0.0625,0.1
17792,12,1.0,1.0,1.0,0.4166666666666667,1.0,0.5555555555555556,0.7272727272727273,0.6930221935231563,0.4166666666666667,0.5555555555555556
19005,24,0.4,0.6,0.5531464700081437,0.08333333333333333,0.4,0.4,0.47272727272727266,0.501749354207772,0.16666666666666666,0.4
11166,6,0.4,0.6,0.5531464700081437,0.3333333333333333,0.4,0.3333333333333333,0.4222222222222222,0.4935232796777481,0.3333333333333333,0.2
2754,4,0.5,0.28571428571428575,0.2463023887407299,0.5,0.4,0.5,0.2647058823529412,0.2463023887407299,0.5,0.2
16674,8,0.2,0.13333333333333333,0.14606834984270645,0.125,0.2,0.25,0.1346153846153846,0.1089364926177559,0.25,0.2
8865,5,0.0,0.0,0.0,0.0,0.0,0.0,0.0,0.0,0.0,0.0
9381,18,0.6,0.6666666666666666,0.6843515475204854,0.16666666666666666,0.6,0.6,0.6363636363636364,0.6581810421830973,0.3333333333333333,0.6
9052,4,0.5,0.28571428571428575,0.2463023887407299,0.5,0.4,0.5,0.2647058823529412,0.2463023887407299,0.5,0.2
13450,10,0.0,0.0,0.0,0.0,0.0,0.0,0.0,0.0,0.0,0.0
8986,7,0.0,0.0,0.0,0.0,0.0,0.14285714285714285,0.1020408163265306,0.0979129253499678,0.14285714285714285,0.1
19293,1,1.0,1.0,1.0,1.0,0.2,1.0,1.0,1.0,1.0,0.1
10680,4,0.5,0.28571428571428575,0.2463023887407299,0.5,0.4,0.5,0.2647058823529412,0.2463023887407299,0.5,0.2
16836,25,0.6,0.7999999999999999,0.7227265726449518,0.12,0.6,0.7,0.6909090909090909,0.7467045958894681,0.28,0.7
17984,8,0.4,0.4666666666666666,0.48522855511632257,0.25,0.4,0.25,0.3269230769230769,0.3618791953854131,0.25,0.2
20428,12,0.2,0.19999999999999998,0.16958010263680803,0.08333333333333333,0.2,0.2,0.23636363636363636,0.1884441521277154,0.16666666666666666,0.2
15652,1,0.0,0.0,0.0,0.0,0.0,0.0,0.0,0.0,0.0,0.0
13991,14,0.2,0.06666666666666665,0.13120507751234176,0.07142857142857142,0.2,0.3,0.18181818181818182,0.21819512777734992,0.21428571428571427,0.3
15871,4,0.0,0.0,0.0,0.0,0.0,0.25,0.0,0.0,0.25,0.1
13412,40,0.4,0.39999999999999997,0.4703652827859578,0.05,0.4,0.2,0.29090909090909095,0.3052348839397011,0.05,0.2
8612,8,0.0,0.0,0.0,0.0,0.0,0.0,0.0,0.0,0.0,0.0
4447,13,0.0,0.0,0.0,0.0,0.0,0.0,0.0,0.0,0.0,0.0
14080,1,1.0,0.0,0.0,1.0,0.2,1.0,0.0,0.0,1.0,0.16666666666666666
6825,16,0.4,0.4666666666666666,0.38356636737133554,0.125,0.4,0.4,0.4181818181818182,0.39092738420022155,0.25,0.4
7087,16,0.4,0.4666666666666666,0.48522855511632257,0.125,0.4,0.4,0.43636363636363645,0.45767527470376823,0.25,0.4
10484,7,0.4,0.39999999999999997,0.4703652827859578,0.2857142857142857,0.4,0.42857142857142855,0.32653061224489793,0.3812130139445206,0.42857142857142855,0.3
15629,2,0.0,0.0,0.0,0.0,0.0,0.0,0.0,0.0,0.0,0.0
6092,10,0.4,0.3333333333333333,0.34519134224686926,0.2,0.4,0.2,0.2727272727272727,0.22400556151517548,0.2,0.2
8767,7,0.8,0.8000000000000002,0.8304198973631919,0.5714285714285714,0.8,1.0,0.7551020408163264,0.7709363892380909,1.0,0.7
5431,18,0.2,0.26666666666666666,0.2139862647345275,0.05555555555555555,0.2,0.2,0.23636363636363636,0.21222636597291453,0.1111111111111111,0.2
1976,2,0.0,0.0,0.0,0.0,0.0,0.5,0.0,0.0,0.5,0.1
9703,4,0.0,0.0,0.0,0.0,0.0,0.0,0.0,0.0,0.0,0.0
16185,4,0.0,0.0,0.0,0.0,0.0,0.25,0.0,0.0,0.25,0.1
48,8,0.0,0.0,0.0,0.0,0.0,0.125,0.057692307692307696,0.07979453856244816,0.125,0.1
4962,2,0.0,0.0,0.0,0.0,0.0,0.0,0.0,0.0,0.0,0.0
12060,18,0.8,0.8666666666666666,0.8539316501572936,0.2222222222222222,0.8,0.8,0.8545454545454546,0.8415908474314975,0.4444444444444444,0.8
18438,3,0.0,0.0,0.0,0.0,0.0,0.0,0.0,0.0,0.0,0.0
8991,18,0.6,0.5333333333333333,0.6164336326286642,0.16666666666666666,0.6,0.7,0.6727272727272727,0.6874708847784535,0.3888888888888889,0.7
12960,8,0.0,0.0,0.0,0.0,0.0,0.0,0.0,0.0,0.0,0.0
13976,5,0.0,0.0,0.0,0.0,0.0,0.0,0.0,0.0,0.0,0.0
17268,4,0.0,0.0,0.0,0.0,0.0,0.0,0.0,0.0,0.0,0.0
17908,2,0.0,0.0,0.0,0.0,0.0,0.0,0.0,0.0,0.0,0.0
11479,18,1.0,1.0,1.0,0.2777777777777778,1.0,0.8,0.8727272727272727,0.8553475075669357,0.4444444444444444,0.8
726,19,0.8,0.8666666666666666,0.8539316501572936,0.21052631578947367,0.8,0.6,0.7636363636363637,0.7059054020403311,0.3157894736842105,0.6
30,9,0.8,0.7333333333333334,0.7860137352654724,0.4444444444444444,0.8,0.4444444444444444,0.5740740740740741,0.5447249629530071,0.4444444444444444,0.4
16636,7,0.2,0.26666666666666666,0.2139862647345275,0.14285714285714285,0.2,0.42857142857142855,0.2857142857142857,0.27134058233820724,0.42857142857142855,0.3
17758,3,0.0,0.0,0.0,0.0,0.0,0.0,0.0,0.0,0.0,0.0
16026,13,0.6,0.5333333333333333,0.5147714448836773,0.23076923076923078,0.6,0.3,0.4181818181818182,0.3340514446642156,0.23076923076923078,0.3
10824,5,0.0,0.0,0.0,0.0,0.0,0.0,0.0,0.0,0.0,0.0
17770,15,0.2,0.13333333333333333,0.14606834984270645,0.06666666666666667,0.2,0.1,0.12727272727272726,0.09478836436955078,0.06666666666666667,0.1
3025,7,0.0,0.0,0.0,0.0,0.0,0.0,0.0,0.0,0.0,0.0
6287,17,0.2,0.3333333333333333,0.33916020527361607,0.058823529411764705,0.2,0.3,0.32727272727272727,0.36792125721353275,0.17647058823529413,0.3
9833,5,0.2,0.26666666666666666,0.2139862647345275,0.2,0.2,0.2,0.225,0.2139862647345275,0.2,0.1
16570,8,0.0,0.0,0.0,0.0,0.0,0.0,0.0,0.0,0.0,0.0
15542,13,0.2,0.06666666666666665,0.13120507751234176,0.07692307692307693,0.2,0.1,0.10909090909090909,0.08514311764162097,0.07692307692307693,0.1
16791,9,0.0,0.0,0.0,0.0,0.0,0.0,0.0,0.0,0.0,0.0
6794,4,0.0,0.0,0.0,0.0,0.0,0.0,0.0,0.0,0.0,0.0
453,1,0.0,0.0,0.0,0.0,0.0,0.0,0.0,0.0,0.0,0.0
13704,13,0.2,0.3333333333333333,0.33916020527361607,0.07692307692307693,0.2,0.2,0.2,0.2837125544970318,0.15384615384615385,0.2
241,11,0.0,0.0,0.0,0.0,0.0,0.2,0.10909090909090909,0.14201905717762703,0.18181818181818182,0.2
16235,12,0.0,0.0,0.0,0.0,0.0,0.3,0.18181818181818182,0.2153829792769871,0.25,0.3
17166,7,0.2,0.3333333333333333,0.33916020527361607,0.14285714285714285,0.2,0.2857142857142857,0.2857142857142857,0.3665017772190545,0.2857142857142857,0.2
5175,9,0.6,0.6666666666666666,0.6548086577531306,0.3333333333333333,0.6,0.3333333333333333,0.4629629629629629,0.45379693233402824,0.3333333333333333,0.3
3495,7,0.2,0.06666666666666665,0.13120507751234176,0.14285714285714285,0.2,0.2857142857142857,0.12244897959183672,0.10633668103022983,0.2857142857142857,0.2
19720,3,0.3333333333333333,0.25,0.23463936301137822,0.3333333333333333,0.2,1.0,0.2962962962962963,0.23463936301137822,1.0,0.3
19105,5,0.0,0.0,0.0,0.0,0.0,0.0,0.0,0.0,0.0,0.0
16531,7,0.0,0.0,0.0,0.0,0.0,0.0,0.0,0.0,0.0,0.0
833,5,0.0,0.0,0.0,0.0,0.0,0.0,0.0,0.0,0.0,0.0
11512,4,0.25,0.28571428571428575,0.2463023887407299,0.25,0.2,0.5,0.2647058823529412,0.2463023887407299,0.5,0.2222222222222222
10483,9,0.0,0.0,0.0,0.0,0.0,0.2222222222222222,0.07407407407407407,0.07834851647149513,0.2222222222222222,0.2
15198,5,0.0,0.0,0.0,0.0,0.0,0.2,0.0,0.0,0.2,0.1
17899,10,0.0,0.0,0.0,0.0,0.0,0.1,0.036363636363636355,0.06625422345438903,0.1,0.1
9020,10,0.0,0.0,0.0,0.0,0.0,0.0,0.0,0.0,0.0,0.0
11735,23,0.2,0.3333333333333333,0.33916020527361607,0.043478260869565216,0.2,0.1,0.18181818181818182,0.22009176629808014,0.043478260869565216,0.1
5982,6,0.2,0.3333333333333333,0.33916020527361607,0.16666666666666666,0.2,0.16666666666666666,0.2222222222222222,0.30260241349881345,0.16666666666666666,0.1
4859,15,0.0,0.0,0.0,0.0,0.0,0.0,0.0,0.0,0.0,0.0
18807,10,0.0,0.0,0.0,0.0,0.0,0.0,0.0,0.0,0.0,0.0
4157,4,0.5,0.6428571428571429,0.6366824387328316,0.5,0.4,0.75,0.5588235294117646,0.6366824387328316,0.75,0.3
2385,16,0.4,0.4666666666666666,0.38356636737133554,0.125,0.4,0.3,0.36363636363636365,0.31833954895937183,0.1875,0.3
7287,11,0.2,0.13333333333333333,0.14606834984270645,0.09090909090909091,0.2,0.1,0.12727272727272726,0.09478836436955078,0.09090909090909091,0.1
605,5,0.0,0.0,0.0,0.0,0.0,0.0,0.0,0.0,0.0,0.0
18511,1,1.0,1.0,1.0,1.0,1.0,1.0,1.0,1.0,1.0,1.0
14656,1,1.0,1.0,1.0,1.0,0.2,1.0,1.0,1.0,1.0,0.1111111111111111
19875,12,0.2,0.3333333333333333,0.33916020527361607,0.08333333333333333,0.2,0.1,0.18181818181818182,0.22009176629808014,0.08333333333333333,0.1
7200,1,0.0,0.0,0.0,0.0,0.0,1.0,0.0,0.0,1.0,0.16666666666666666
19710,9,0.0,0.0,0.0,0.0,0.0,0.0,0.0,0.0,0.0,0.0
12444,7,0.2,0.26666666666666666,0.2139862647345275,0.14285714285714285,0.2,0.14285714285714285,0.18367346938775508,0.17342765698823942,0.14285714285714285,0.1
17214,13,0.8,0.8666666666666666,0.8539316501572936,0.3076923076923077,0.8,0.4,0.6000000000000001,0.5541432109622958,0.3076923076923077,0.4
945,26,0.4,0.6,0.5531464700081437,0.07692307692307693,0.4,0.5,0.5454545454545454,0.5769706247040591,0.19230769230769232,0.5
17111,12,1.0,1.0,1.0,0.4166666666666667,1.0,0.6,0.8,0.7222954974312067,0.5,0.6
1753,17,0.6,0.7999999999999999,0.7227265726449518,0.17647058823529413,0.6,0.6,0.6363636363636365,0.6754160255557639,0.35294117647058826,0.6
8074,13,0.8,0.6666666666666666,0.6608397947263838,0.3076923076923077,0.8,0.4,0.5454545454545455,0.4288398090337664,0.3076923076923077,0.4
2262,12,0.2,0.19999999999999998,0.16958010263680803,0.08333333333333333,0.2,0.1,0.14545454545454548,0.11004588314904007,0.08333333333333333,0.1
14177,11,0.4,0.39999999999999997,0.4703652827859578,0.18181818181818182,0.4,0.4,0.41818181818181815,0.44988737637276544,0.36363636363636365,0.4
12536,30,0.2,0.3333333333333333,0.33916020527361607,0.03333333333333333,0.2,0.1,0.18181818181818182,0.22009176629808014,0.03333333333333333,0.1
1321,20,0.4,0.5333333333333333,0.5087403079104241,0.1,0.4,0.2,0.32727272727272727,0.3301376494471202,0.1,0.2
7823,9,0.8,0.8666666666666666,0.8539316501572936,0.4444444444444444,0.8,0.5555555555555556,0.6666666666666667,0.6659422005959306,0.5555555555555556,0.5
10085,20,0.4,0.3333333333333333,0.31564845247951445,0.1,0.4,0.2,0.2727272727272727,0.20483424751859083,0.1,0.2
16884,13,0.4,0.6,0.5531464700081437,0.15384615384615385,0.4,0.3,0.41818181818181815,0.43231813227099475,0.23076923076923078,0.3
18406,9,0.0,0.0,0.0,0.0,0.0,0.1111111111111111,0.0,0.0,0.1111111111111111,0.1
16650,10,0.0,0.0,0.0,0.0,0.0,0.0,0.0,0.0,0.0,0.0
9444,12,0.2,0.26666666666666666,0.2139862647345275,0.08333333333333333,0.2,0.3,0.23636363636363641,0.27191445400928344,0.25,0.3
7343,8,0.0,0.0,0.0,0.0,0.0,0.25,0.07692307692307693,0.08431423425588572,0.25,0.2
14564,8,0.0,0.0,0.0,0.0,0.0,0.0,0.0,0.0,0.0,0.0
2181,5,0.2,0.06666666666666665,0.13120507751234176,0.2,0.2,0.4,0.15,0.13120507751234176,0.4,0.2
1076,5,0.0,0.0,0.0,0.0,0.0,0.2,0.0,0.0,0.2,0.1
18962,8,0.2,0.13333333333333333,0.14606834984270645,0.125,0.2,0.125,0.1346153846153846,0.1089364926177559,0.125,0.1
12425,14,0.0,0.0,0.0,0.0,0.0,0.1,0.05454545454545456,0.06943122193677725,0.07142857142857142,0.1
344,17,0.4,0.4666666666666666,0.48522855511632257,0.11764705882352941,0.4,0.3,0.34545454545454546,0.38113435412202,0.17647058823529413,0.3
12528,7,0.0,0.0,0.0,0.0,0.0,0.0,0.0,0.0,0.0,0.0
13685,4,0.25,0.2142857142857143,0.19519002499605081,0.25,0.2,0.25,0.23529411764705882,0.19519002499605081,0.25,0.1
10115,1,0.0,0.0,0.0,0.0,0.0,0.0,0.0,0.0,0.0,0.0
1279,19,0.4,0.4000000000000001,0.3600546145772339,0.10526315789473684,0.4,0.3,0.38181818181818183,0.31204907722178055,0.15789473684210525,0.3
4491,3,0.0,0.0,0.0,0.0,0.0,0.3333333333333333,0.0,0.0,0.3333333333333333,0.1
9391,28,0.4,0.4666666666666666,0.48522855511632257,0.07142857142857142,0.4,0.4,0.4,0.4505655760587972,0.14285714285714285,0.4
11293,6,0.0,0.0,0.0,0.0,0.0,0.0,0.0,0.0,0.0,0.0
6000,21,0.6,0.6666666666666666,0.6843515475204854,0.14285714285714285,0.6,0.5,0.5818181818181819,0.58874982024632,0.23809523809523808,0.5
17245,9,0.0,0.0,0.0,0.0,0.0,0.1111111111111111,0.0,0.0,0.1111111111111111,0.1
18093,14,0.2,0.13333333333333333,0.14606834984270645,0.07142857142857142,0.2,0.1,0.12727272727272726,0.09478836436955078,0.07142857142857142,0.1
17672,9,0.0,0.0,0.0,0.0,0.0,0.1111111111111111,0.07407407407407407,0.07834851647149513,0.1111111111111111,0.1
17946,17,0.0,0.0,0.0,0.0,0.0,0.2,0.14545454545454548,0.14782949091545258,0.11764705882352941,0.2
14023,17,0.6,0.6,0.6399453854227659,0.17647058823529413,0.6,0.5,0.5636363636363636,0.5580759111248785,0.29411764705882354,0.5
11919,21,0.2,0.13333333333333333,0.14606834984270645,0.047619047619047616,0.2,0.1,0.12727272727272726,0.09478836436955078,0.047619047619047616,0.1
10950,21,0.2,0.13333333333333333,0.14606834984270645,0.047619047619047616,0.2,0.1111111111111111,0.12727272727272726,0.10122860821230019,0.047619047619047616,0.1111111111111111
16003,7,0.4,0.3333333333333333,0.34519134224686926,0.2857142857142857,0.4,0.42857142857142855,0.4081632653061224,0.37767726336843704,0.42857142857142855,0.3
11416,5,0.2,0.3333333333333333,0.33916020527361607,0.2,0.2,0.2,0.25,0.33916020527361607,0.2,0.14285714285714285
2735,4,0.0,0.0,0.0,0.0,0.0,0.25,0.0,0.0,0.25,0.1
10507,7,0.8,0.6666666666666666,0.6608397947263838,0.5714285714285714,0.8,1.0,0.7959183673469388,0.7251236670857091,1.0,0.7
14272,15,0.8,0.8000000000000002,0.8304198973631919,0.26666666666666666,0.8,0.7,0.7272727272727272,0.7453016244178955,0.4666666666666667,0.7
11444,13,0.4,0.26666666666666666,0.3007851801491498,0.15384615384615385,0.4,0.2,0.2545454545454545,0.19518900079066104,0.15384615384615385,0.2
5753,5,0.6,0.7999999999999999,0.7227265726449518,0.6,0.6,0.8,0.675,0.7227265726449518,0.8,0.4
12665,11,0.0,0.0,0.0,0.0,0.0,0.0,0.0,0.0,0.0,0.0
15830,6,0.0,0.0,0.0,0.0,0.0,0.0,0.0,0.0,0.0,0.0
10993,4,0.5,0.6428571428571429,0.6366824387328316,0.5,0.4,0.5,0.5588235294117646,0.6366824387328316,0.5,0.2
14370,12,1.0,0.6,1.0,0.16666666666666666,1.0,1.0,0.34545454545454546,1.0,0.16666666666666666,1.0
7450,8,0.0,0.0,0.0,0.0,0.0,0.125,0.057692307692307696,0.07979453856244816,0.125,0.1
1775,10,0.2,0.13333333333333333,0.14606834984270645,0.1,0.2,0.2,0.21818181818181817,0.1731866333482261,0.2,0.2
20251,2,0.0,0.0,0.0,0.0,0.0,0.0,0.0,0.0,0.0,0.0
4267,11,0.0,0.0,0.0,0.0,0.0,0.0,0.0,0.0,0.0,0.0
18879,4,0.75,0.42857142857142866,0.41442992501184733,0.75,0.6,0.75,0.47058823529411764,0.41442992501184733,0.75,0.3
12932,10,0.6,0.7999999999999999,0.7227265726449518,0.3,0.6,0.4,0.5818181818181819,0.5473983622993501,0.4,0.4
13293,3,0.0,0.0,0.0,0.0,0.0,1.0,0.0,0.0,1.0,0.3
4414,4,0.0,0.0,0.0,0.0,0.0,0.25,0.0,0.0,0.25,0.1
569,27,0.2,0.3333333333333333,0.33916020527361607,0.037037037037037035,0.2,0.3,0.3090909090909091,0.3647442587311445,0.1111111111111111,0.3
5999,31,0.2,0.13333333333333333,0.14606834984270645,0.03225806451612903,0.2,0.2,0.14545454545454545,0.15840915256850246,0.06451612903225806,0.2
3449,4,0.25,0.35714285714285715,0.39038004999210163,0.25,0.2,0.5,0.2941176470588235,0.39038004999210163,0.5,0.2
19159,3,0.0,0.0,0.0,0.0,0.0,0.6666666666666666,0.0,0.0,0.6666666666666666,0.2
16367,11,0.0,0.0,0.0,0.0,0.0,0.0,0.0,0.0,0.0,0.0
11856,4,0.0,0.0,0.0,0.0,0.0,0.0,0.0,0.0,0.0,0.0
4234,9,0.4,0.4666666666666666,0.38356636737133554,0.2222222222222222,0.4,0.3333333333333333,0.3888888888888889,0.3441685217488869,0.3333333333333333,0.3
159,4,0.5,0.6428571428571429,0.6366824387328316,0.5,0.4,0.75,0.5588235294117646,0.6366824387328316,0.75,0.3
738,4,0.0,0.0,0.0,0.0,0.0,0.0,0.0,0.0,0.0,0.0
13181,4,0.25,0.2142857142857143,0.19519002499605081,0.25,0.2,0.25,0.23529411764705882,0.19519002499605081,0.25,0.14285714285714285
11721,42,0.4,0.6,0.5531464700081437,0.047619047619047616,0.4,0.4,0.43636363636363645,0.494639655562801,0.09523809523809523,0.4
12371,4,0.0,0.0,0.0,0.0,0.0,0.0,0.0,0.0,0.0,0.0
11035,9,0.4,0.6,0.5531464700081437,0.2222222222222222,0.4,0.5555555555555556,0.5555555555555555,0.6161719711764037,0.5555555555555556,0.5
15061,11,0.2,0.06666666666666665,0.13120507751234176,0.09090909090909091,0.2,0.2,0.18181818181818182,0.15850703974098102,0.18181818181818182,0.2
5366,4,0.0,0.0,0.0,0.0,0.0,0.25,0.0,0.0,0.25,0.1
3626,9,0.2,0.06666666666666665,0.13120507751234176,0.1111111111111111,0.2,0.1111111111111111,0.1111111111111111,0.09092803061897882,0.1111111111111111,0.1
11949,6,0.4,0.19999999999999998,0.2772734273550482,0.3333333333333333,0.4,0.5,0.28888888888888886,0.24738635904833414,0.5,0.3
15800,11,0.2,0.3333333333333333,0.33916020527361607,0.09090909090909091,0.2,0.2,0.21818181818181817,0.28634598975246917,0.18181818181818182,0.2
19869,9,0.2,0.19999999999999998,0.16958010263680803,0.1111111111111111,0.2,0.1111111111111111,0.14814814814814814,0.11752277470724269,0.1111111111111111,0.1
11092,12,0.4,0.4000000000000001,0.3600546145772339,0.16666666666666666,0.4,0.4,0.38181818181818183,0.370635518541417,0.3333333333333333,0.4
8480,7,0.0,0.0,0.0,0.0,0.0,0.0,0.0,0.0,0.0,0.0
416,12,0.0,0.0,0.0,0.0,0.0,0.1,0.07272727272727274,0.07336392209936006,0.08333333333333333,0.1
10418,9,0.0,0.0,0.0,0.0,0.0,0.0,0.0,0.0,0.0,0.0
14651,26,0.2,0.26666666666666666,0.2139862647345275,0.038461538461538464,0.2,0.1,0.16363636363636364,0.1388624438735545,0.038461538461538464,0.1
19964,8,0.2,0.3333333333333333,0.33916020527361607,0.125,0.2,0.125,0.1923076923076923,0.2529427027676571,0.125,0.1
11992,9,0.4,0.6,0.5531464700081437,0.2222222222222222,0.4,0.2222222222222222,0.3518518518518518,0.38334277998463445,0.2222222222222222,0.2
508,1,1.0,1.0,1.0,1.0,0.2,1.0,1.0,1.0,1.0,0.125
8269,18,0.6,0.7333333333333334,0.6992148198508501,0.16666666666666666,0.6,0.4,0.509090909090909,0.5199967979955745,0.2222222222222222,0.4
19035,23,0.0,0.0,0.0,0.0,0.0,0.0,0.0,0.0,0.0,0.0
5266,14,0.0,0.0,0.0,0.0,0.0,0.0,0.0,0.0,0.0,0.0
10488,13,0.0,0.0,0.0,0.0,0.0,0.2,0.07272727272727274,0.13305201013572895,0.15384615384615385,0.2
7878,16,0.4,0.4666666666666666,0.38356636737133554,0.125,0.4,0.2,0.30909090909090914,0.24890832702259458,0.125,0.2
8360,5,0.2,0.06666666666666665,0.13120507751234176,0.2,0.2,0.4,0.15,0.13120507751234176,0.4,0.2
13764,5,0.0,0.0,0.0,0.0,0.0,0.0,0.0,0.0,0.0,0.0
13443,1,1.0,1.0,1.0,1.0,0.2,1.0,1.0,1.0,1.0,0.2
6052,1,1.0,0.0,0.0,1.0,0.2,1.0,0.0,0.0,1.0,0.16666666666666666
5674,4,0.0,0.0,0.0,0.0,0.0,0.0,0.0,0.0,0.0,0.0
9841,9,0.2,0.26666666666666666,0.2139862647345275,0.1111111111111111,0.2,0.2222222222222222,0.25925925925925924,0.23202214456934253,0.2222222222222222,0.2
12735,4,0.0,0.0,0.0,0.0,0.0,0.0,0.0,0.0,0.0,0.0
4916,2,0.5,0.0,0.0,0.5,0.2,0.5,0.0,0.0,0.5,0.1
1415,14,0.2,0.26666666666666666,0.2139862647345275,0.07142857142857142,0.2,0.1,0.16363636363636364,0.1388624438735545,0.07142857142857142,0.1
15706,25,0.2,0.13333333333333333,0.14606834984270645,0.04,0.2,0.3,0.29090909090909095,0.24655055544758617,0.12,0.3
2259,13,0.4,0.26666666666666666,0.3007851801491498,0.15384615384615385,0.4,0.6,0.45454545454545464,0.4728935033594544,0.46153846153846156,0.6
20377,5,0.0,0.0,0.0,0.0,0.0,0.0,0.0,0.0,0.0,0.0
13406,20,0.0,0.0,0.0,0.0,0.0,0.1,0.036363636363636355,0.06625422345438903,0.05,0.1
1567,4,1.0,0.8571428571428572,0.8318724637288825,1.0,0.8,1.0,0.7941176470588235,0.8318724637288825,1.0,0.5
15574,4,0.0,0.0,0.0,0.0,0.0,0.0,0.0,0.0,0.0,0.0
7876,17,0.2,0.3333333333333333,0.33916020527361607,0.058823529411764705,0.2,0.1,0.18181818181818182,0.22009176629808014,0.058823529411764705,0.1
19021,17,0.0,0.0,0.0,0.0,0.0,0.0,0.0,0.0,0.0,0.0
627,9,0.8,0.9333333333333332,0.8687949224876582,0.4444444444444444,0.8,0.6666666666666666,0.7962962962962964,0.764167593374866,0.6666666666666666,0.6
12202,5,0.6,0.7999999999999999,0.7227265726449518,0.6,0.6,0.6,0.675,0.7227265726449518,0.6,0.3
5389,3,0.3333333333333333,0.4166666666666667,0.46927872602275644,0.3333333333333333,0.2,0.6666666666666666,0.37037037037037035,0.46927872602275644,0.6666666666666666,0.2
12137,22,0.2,0.06666666666666665,0.13120507751234176,0.045454545454545456,0.2,0.3,0.2545454545454546,0.23297260855707355,0.13636363636363635,0.3
4056,1,1.0,1.0,1.0,1.0,0.2,1.0,1.0,1.0,1.0,0.1
14277,3,0.0,0.0,0.0,0.0,0.0,0.0,0.0,0.0,0.0,0.0
15588,8,0.4,0.6,0.5531464700081437,0.25,0.4,0.625,0.5384615384615384,0.5869460228008069,0.625,0.5
9780,1,1.0,0.0,0.0,1.0,0.2,1.0,0.0,0.0,1.0,0.14285714285714285
10351,1,0.0,0.0,0.0,0.0,0.0,1.0,0.0,0.0,1.0,0.1
16942,4,0.0,0.0,0.0,0.0,0.0,0.0,0.0,0.0,0.0,0.0
3560,31,0.8,0.8000000000000002,0.8304198973631919,0.12903225806451613,0.8,0.5,0.618181818181818,0.6051399156371955,0.16129032258064516,0.5
9855,6,0.6,0.6,0.6399453854227659,0.5,0.6,0.5,0.5333333333333333,0.5709662133861837,0.5,0.42857142857142855
19818,17,0.4,0.4000000000000001,0.3600546145772339,0.11764705882352941,0.4,0.4,0.4,0.3756698654207322,0.23529411764705882,0.4
9411,7,0.6,0.6666666666666666,0.6843515475204854,0.42857142857142855,0.6,0.5714285714285714,0.6122448979591836,0.6525535962827279,0.5714285714285714,0.4
9629,14,0.2,0.19999999999999998,0.16958010263680803,0.07142857142857142,0.2,0.2,0.23636363636363636,0.1884441521277154,0.14285714285714285,0.2
19262,8,0.8,0.8000000000000002,0.8304198973631919,0.5,0.8,0.625,0.7115384615384615,0.7094198757978375,0.625,0.5
14088,30,0.4,0.6,0.5531464700081437,0.06666666666666667,0.4,0.5,0.4727272727272727,0.5621931439243355,0.16666666666666666,0.5
4243,26,0.6,0.5333333333333333,0.5147714448836773,0.11538461538461539,0.6,0.4,0.49090909090909096,0.40741536676357565,0.15384615384615385,0.4
7893,5,0.8,0.8666666666666666,0.8539316501572936,0.8,0.8,1.0,0.8250000000000001,0.8539316501572936,1.0,0.8333333333333334
3060,12,0.6,0.7999999999999999,0.7227265726449518,0.25,0.6,0.6,0.7090909090909091,0.6901935063354874,0.5,0.6
15781,8,0.2,0.3333333333333333,0.33916020527361607,0.125,0.2,0.125,0.1923076923076923,0.2529427027676571,0.125,0.1
13728,2,0.0,0.0,0.0,0.0,0.0,0.5,0.0,0.0,0.5,0.1
17528,11,0.2,0.19999999999999998,0.16958010263680803,0.09090909090909091,0.2,0.2,0.16363636363636364,0.1736666713479918,0.18181818181818182,0.2
1638,7,0.2,0.3333333333333333,0.33916020527361607,0.14285714285714285,0.2,0.2857142857142857,0.2040816326530612,0.27487633291429087,0.2857142857142857,0.2
19845,12,1.0,1.0,1.0,0.4166666666666667,1.0,0.7,0.8363636363636363,0.7909506325094736,0.5833333333333334,0.7
15223,11,0.2,0.3333333333333333,0.33916020527361607,0.09090909090909091,0.2,0.2,0.21818181818181817,0.28634598975246917,0.18181818181818182,0.2
7975,13,0.2,0.3333333333333333,0.33916020527361607,0.07692307692307693,0.2,0.3,0.3090909090909091,0.36288691033421744,0.23076923076923078,0.3
17947,6,0.6,0.6,0.529634717214042,0.5,0.6,0.5,0.5333333333333334,0.472545838838712,0.5,0.3
1543,13,0.6,0.46666666666666673,0.4912596920895757,0.23076923076923078,0.6,0.6,0.6,0.5368103404171507,0.46153846153846156,0.6
14202,11,0.4,0.4666666666666666,0.38356636737133554,0.18181818181818182,0.4,0.2,0.30909090909090914,0.24890832702259458,0.18181818181818182,0.2
4928,11,0.6,0.39999999999999997,0.4468535299918562,0.2727272727272727,0.6,0.3,0.38181818181818183,0.28997736516021183,0.2727272727272727,0.3
18272,9,0.0,0.0,0.0,0.0,0.0,0.0,0.0,0.0,0.0,0.0
959,14,0.4,0.6,0.5531464700081437,0.14285714285714285,0.4,0.3,0.4,0.4283854321084119,0.21428571428571427,0.3
15016,30,0.0,0.0,0.0,0.0,0.0,0.3,0.16363636363636364,0.21145027911440428,0.1,0.3
13070,7,0.6,0.6,0.6399453854227659,0.42857142857142855,0.6,0.42857142857142855,0.48979591836734687,0.5186511804016661,0.42857142857142855,0.3
13980,14,0.4,0.26666666666666666,0.3007851801491498,0.14285714285714285,0.4,0.4,0.34545454545454546,0.3321737110889728,0.2857142857142857,0.4
11144,16,0.0,0.0,0.0,0.0,0.0,0.0,0.0,0.0,0.0,0.0
15546,16,0.0,0.0,0.0,0.0,0.0,0.0,0.0,0.0,0.0,0.0
7560,11,0.2,0.19999999999999998,0.16958010263680803,0.09090909090909091,0.2,0.2,0.23636363636363636,0.1884441521277154,0.18181818181818182,0.2
1049,8,0.2,0.26666666666666666,0.2139862647345275,0.125,0.2,0.625,0.3076923076923077,0.32369784994323014,0.625,0.5
14045,26,0.4,0.6,0.5531464700081437,0.07692307692307693,0.4,0.2,0.34545454545454546,0.3589542101716347,0.07692307692307693,0.2
2280,7,0.0,0.0,0.0,0.0,0.0,0.0,0.0,0.0,0.0,0.0
15484,15,0.2,0.06666666666666665,0.13120507751234176,0.06666666666666667,0.2,0.3,0.2,0.22082856303278725,0.2,0.3
13002,9,0.2,0.19999999999999998,0.16958010263680803,0.1111111111111111,0.2,0.1111111111111111,0.14814814814814814,0.11752277470724269,0.1111111111111111,0.1
1511,7,0.2,0.3333333333333333,0.33916020527361607,0.14285714285714285,0.2,0.14285714285714285,0.2040816326530612,0.27487633291429087,0.14285714285714285,0.1
20520,5,0.2,0.26666666666666666,0.2139862647345275,0.2,0.2,0.2,0.225,0.2139862647345275,0.2,0.1
14383,3,0.0,0.0,0.0,0.0,0.0,0.0,0.0,0.0,0.0,0.0
16346,15,0.0,0.0,0.0,0.0,0.0,0.1,0.05454545454545456,0.06943122193677725,0.06666666666666667,0.1
2405,10,0.0,0.0,0.0,0.0,0.0,0.0,0.0,0.0,0.0,0.0
20588,7,0.4,0.39999999999999997,0.4703652827859578,0.2857142857142857,0.4,0.42857142857142855,0.32653061224489793,0.3812130139445206,0.42857142857142855,0.3
10659,8,0.4,0.3333333333333333,0.31564845247951445,0.25,0.4,0.5,0.4230769230769231,0.39951661681991835,0.5,0.4
5647,11,0.8,0.7333333333333334,0.7860137352654724,0.36363636363636365,0.8,0.7,0.7454545454545456,0.7241528458281336,0.6363636363636364,0.7
2066,8,0.4,0.39999999999999997,0.4703652827859578,0.25,0.4,0.375,0.3076923076923077,0.35079429740281753,0.375,0.3
14217,3,0.3333333333333333,0.25,0.23463936301137822,0.3333333333333333,0.2,0.3333333333333333,0.2962962962962963,0.23463936301137822,0.3333333333333333,0.1
7330,10,0.4,0.5333333333333333,0.5087403079104241,0.2,0.4,0.5,0.49090909090909085,0.5415879285615244,0.5,0.5
12298,19,0.4,0.3333333333333333,0.31564845247951445,0.10526315789473684,0.4,0.3,0.34545454545454546,0.2781981696179509,0.15789473684210525,0.3
932,9,0.0,0.0,0.0,0.0,0.0,0.0,0.0,0.0,0.0,0.0
5565,5,0.0,0.0,0.0,0.0,0.0,0.0,0.0,0.0,0.0,0.0
8049,5,0.2,0.26666666666666666,0.2139862647345275,0.2,0.2,0.6,0.225,0.2139862647345275,0.6,0.3
2176,8,0.2,0.3333333333333333,0.33916020527361607,0.125,0.2,0.125,0.1923076923076923,0.2529427027676571,0.125,0.1
13692,15,0.4,0.5333333333333333,0.5087403079104241,0.13333333333333333,0.4,0.4,0.4,0.46318965958284913,0.26666666666666666,0.4
4336,4,1.0,0.6428571428571428,0.6096199500078983,1.0,0.8,1.0,0.7058823529411765,0.6096199500078983,1.0,0.4
17983,17,0.0,0.0,0.0,0.0,0.0,0.3,0.14545454545454548,0.206415932235089,0.17647058823529413,0.3
18791,11,0.2,0.06666666666666665,0.13120507751234176,0.09090909090909091,0.2,0.2,0.14545454545454545,0.15139734109601,0.18181818181818182,0.2
10245,5,0.2,0.3333333333333333,0.33916020527361607,0.2,0.2,0.8,0.25,0.33916020527361607,0.8,0.4
5072,10,0.2,0.3333333333333333,0.33916020527361607,0.1,0.2,0.2,0.2545454545454545,0.29345568839744024,0.2,0.2
19827,25,0.4,0.4666666666666666,0.38356636737133554,0.08,0.4,0.2,0.30909090909090914,0.24890832702259458,0.08,0.2
18238,6,0.2,0.13333333333333333,0.14606834984270645,0.16666666666666666,0.2,0.16666666666666666,0.15555555555555556,0.13032376591037065,0.16666666666666666,0.1
80,5,0.2,0.13333333333333333,0.14606834984270645,0.2,0.2,0.4,0.175,0.14606834984270645,0.4,0.2
14975,5,0.0,0.0,0.0,0.0,0.0,0.0,0.0,0.0,0.0,0.0
10631,7,0.0,0.0,0.0,0.0,0.0,0.0,0.0,0.0,0.0,0.0
11477,8,0.0,0.0,0.0,0.0,0.0,0.125,0.07692307692307693,0.08431423425588572,0.125,0.1
6014,15,0.0,0.0,0.0,0.0,0.0,0.0,0.0,0.0,0.0,0.0
9008,29,0.0,0.0,0.0,0.0,0.0,0.2,0.07272727272727274,0.13305201013572895,0.06896551724137931,0.2
3471,7,0.0,0.0,0.0,0.0,0.0,0.0,0.0,0.0,0.0,0.0
17711,7,0.0,0.0,0.0,0.0,0.0,0.0,0.0,0.0,0.0,0.0
1672,11,0.4,0.4666666666666666,0.48522855511632257,0.18181818181818182,0.4,0.4,0.43636363636363645,0.45953262310069537,0.36363636363636365,0.4
13625,6,0.25,0.26666666666666666,0.2463023887407299,0.16666666666666666,0.25,0.25,0.2,0.2463023887407299,0.16666666666666666,0.25
2423,3,0.0,0.0,0.0,0.0,0.0,0.6666666666666666,0.0,0.0,0.6666666666666666,0.2
512,7,0.0,0.0,0.0,0.0,0.0,0.14285714285714285,0.0,0.0,0.14285714285714285,0.1
17963,3,0.3333333333333333,0.0,0.0,0.3333333333333333,0.2,0.6666666666666666,0.0,0.0,0.6666666666666666,0.25
10847,13,0.2,0.26666666666666666,0.2139862647345275,0.07692307692307693,0.2,0.1,0.16363636363636364,0.1388624438735545,0.07692307692307693,0.1
17376,6,0.0,0.0,0.0,0.0,0.0,0.0,0.0,0.0,0.0,0.0
18928,5,0.0,0.0,0.0,0.0,0.0,0.0,0.0,0.0,0.0,0.0
16906,4,0.5,0.35714285714285715,0.36331756126716824,0.5,0.4,0.5,0.4411764705882352,0.36331756126716824,0.5,0.2
12317,9,0.0,0.0,0.0,0.0,0.0,0.3333333333333333,0.14814814814814814,0.157873529284268,0.3333333333333333,0.3
11404,3,0.6666666666666666,0.4166666666666667,0.46927872602275644,0.6666666666666666,0.4,1.0,0.37037037037037035,0.46927872602275644,1.0,0.3
11581,8,0.4,0.6,0.5531464700081437,0.25,0.4,0.25,0.36538461538461536,0.4125317798925535,0.25,0.2
16869,18,0.0,0.0,0.0,0.0,0.0,0.0,0.0,0.0,0.0,0.0
8232,13,0.0,0.0,0.0,0.0,0.0,0.1,0.018181818181818177,0.0636207881989517,0.07692307692307693,0.1
19395,9,0.2,0.19999999999999998,0.16958010263680803,0.1111111111111111,0.2,0.1111111111111111,0.14814814814814814,0.11752277470724269,0.1111111111111111,0.1
20368,10,0.0,0.0,0.0,0.0,0.0,0.0,0.0,0.0,0.0,0.0
12210,2,1.0,0.4444444444444445,0.3868528072345415,1.0,0.4,1.0,0.4736842105263158,0.3868528072345415,1.0,0.2
10564,13,0.8,0.7333333333333334,0.7860137352654724,0.3076923076923077,0.8,0.7,0.7818181818181817,0.7312625444731046,0.5384615384615384,0.7
14709,6,0.0,0.0,0.0,0.0,0.0,0.0,0.0,0.0,0.0,0.0
7618,10,0.2,0.19999999999999998,0.16958010263680803,0.1,0.2,0.1,0.14545454545454548,0.11004588314904007,0.1,0.1
18740,6,0.2,0.19999999999999998,0.16958010263680803,0.16666666666666666,0.2,0.3333333333333333,0.2888888888888889,0.25909036127391766,0.3333333333333333,0.2
4266,7,0.2,0.19999999999999998,0.16958010263680803,0.14285714285714285,0.2,0.2857142857142857,0.2653061224489796,0.23535109180711322,0.2857142857142857,0.2
2221,15,0.2,0.3333333333333333,0.33916020527361607,0.06666666666666667,0.2,0.3,0.34545454545454546,0.37185395737611554,0.2,0.3
15155,5,0.4,0.4000000000000001,0.3600546145772339,0.4,0.4,0.4,0.4,0.3600546145772339,0.4,0.2
16878,6,0.2,0.13333333333333333,0.14606834984270645,0.16666666666666666,0.2,0.16666666666666666,0.15555555555555556,0.13032376591037065,0.16666666666666666,0.1
18133,7,0.0,0.0,0.0,0.0,0.0,0.14285714285714285,0.0,0.0,0.14285714285714285,0.1
20610,1,1.0,0.0,0.0,1.0,0.2,1.0,0.0,0.0,1.0,0.2
16844,6,0.6,0.39999999999999997,0.4468535299918562,0.5,0.6,0.6666666666666666,0.5777777777777778,0.5064767203222518,0.6666666666666666,0.4
17253,8,0.0,0.0,0.0,0.0,0.0,0.125,0.09615384615384615,0.0901000086523677,0.125,0.1
11686,10,0.4,0.3333333333333333,0.31564845247951445,0.2,0.4,0.4,0.4,0.3494867399516552,0.4,0.4
18218,6,0.0,0.0,0.0,0.0,0.0,0.0,0.0,0.0,0.0,0.0
12865,10,0.0,0.0,0.0,0.0,0.0,0.0,0.0,0.0,0.0,0.0
12848,19,0.8,0.9333333333333332,0.8687949224876582,0.21052631578947367,0.8,0.6,0.7454545454545456,0.7084409501232899,0.3157894736842105,0.6
20459,5,0.2,0.3333333333333333,0.33916020527361607,0.2,0.2,0.4,0.25,0.33916020527361607,0.4,0.2
4586,26,0.6,0.6666666666666666,0.6548086577531306,0.11538461538461539,0.6,0.5,0.5636363636363636,0.5669450709942979,0.19230769230769232,0.5
6441,6,0.0,0.0,0.0,0.0,0.0,0.0,0.0,0.0,0.0,0.0
14941,1,0.0,0.0,0.0,0.0,0.0,0.0,0.0,0.0,0.0,0.0
6180,19,0.0,0.0,0.0,0.0,0.0,0.0,0.0,0.0,0.0,0.0
17064,4,0.0,0.0,0.0,0.0,0.0,0.5,0.0,0.0,0.5,0.2
14053,8,0.0,0.0,0.0,0.0,0.0,0.0,0.0,0.0,0.0,0.0
4014,1,1.0,0.0,0.0,1.0,0.2,1.0,0.0,0.0,1.0,0.1
14588,5,0.0,0.0,0.0,0.0,0.0,0.0,0.0,0.0,0.0,0.0
12841,6,0.2,0.13333333333333333,0.14606834984270645,0.16666666666666666,0.2,0.16666666666666666,0.15555555555555556,0.13032376591037065,0.16666666666666666,0.1
122,15,0.2,0.13333333333333333,0.14606834984270645,0.06666666666666667,0.2,0.2,0.21818181818181817,0.1731866333482261,0.13333333333333333,0.2
4323,29,0.2,0.19999999999999998,0.16958010263680803,0.034482758620689655,0.2,0.2,0.21818181818181823,0.18340980524840012,0.06896551724137931,0.2
15032,13,0.6,0.7999999999999999,0.7227265726449518,0.23076923076923078,0.6,0.4,0.5818181818181819,0.5473983622993501,0.3076923076923077,0.4
11438,2,0.5,0.5555555555555556,0.6131471927654584,0.5,0.2,0.5,0.5263157894736842,0.6131471927654584,0.5,0.1
6511,31,0.2,0.3333333333333333,0.33916020527361607,0.03225806451612903,0.2,0.3,0.3090909090909091,0.3647442587311445,0.0967741935483871,0.3
18450,23,0.2,0.13333333333333333,0.14606834984270645,0.043478260869565216,0.2,0.2,0.1636363636363636,0.16104258782393982,0.08695652173913043,0.2
5680,4,0.0,0.0,0.0,0.0,0.0,0.0,0.0,0.0,0.0,0.0
19570,18,0.4,0.6,0.5531464700081437,0.1111111111111111,0.4,0.3,0.4,0.4283854321084119,0.16666666666666666,0.3
10210,10,0.4,0.6,0.5531464700081437,0.2,0.4,0.3,0.36363636363636365,0.4225749983705864,0.3,0.3
14019,1,0.0,0.0,0.0,0.0,0.0,0.0,0.0,0.0,0.0,0.0
2640,2,1.0,0.0,0.0,1.0,0.4,1.0,0.0,0.0,1.0,0.2
4054,8,0.0,0.0,0.0,0.0,0.0,0.0,0.0,0.0,0.0,0.0
4314,5,0.0,0.0,0.0,0.0,0.0,0.2,0.0,0.0,0.2,0.1
4441,5,0.4,0.26666666666666666,0.3007851801491498,0.4,0.4,0.4,0.35,0.3007851801491498,0.4,0.2
6676,4,0.25,0.14285714285714288,0.16812753627111746,0.25,0.2,0.25,0.20588235294117643,0.16812753627111746,0.25,0.1
19879,8,0.0,0.0,0.0,0.0,0.0,0.125,0.0,0.0,0.125,0.1
8126,7,0.6,0.7999999999999999,0.7227265726449518,0.42857142857142855,0.6,0.5714285714285714,0.6326530612244897,0.6773676006644395,0.5714285714285714,0.4
2827,5,0.2,0.3333333333333333,0.33916020527361607,0.2,0.2,0.4,0.25,0.33916020527361607,0.4,0.2
19622,14,0.4,0.26666666666666666,0.3007851801491498,0.14285714285714285,0.4,0.2,0.2545454545454545,0.19518900079066104,0.14285714285714285,0.2
1808,7,0.4,0.3333333333333333,0.34519134224686926,0.2857142857142857,0.4,0.2857142857142857,0.3061224489795918,0.2797643380184692,0.2857142857142857,0.2
6861,13,0.6,0.39999999999999997,0.4468535299918562,0.23076923076923078,0.6,0.6,0.5454545454545455,0.5014276442746161,0.46153846153846156,0.6
18820,9,0.8,0.8000000000000002,0.8304198973631919,0.4444444444444444,0.8,0.5555555555555556,0.6851851851851851,0.659224332815107,0.5555555555555556,0.5
17583,7,0.0,0.0,0.0,0.0,0.0,0.14285714285714285,0.0,0.0,0.14285714285714285,0.1
16164,9,0.4,0.39999999999999997,0.4703652827859578,0.2222222222222222,0.4,0.5555555555555556,0.4629629629629629,0.4880470105041527,0.5555555555555556,0.5
4613,20,0.2,0.19999999999999998,0.16958010263680803,0.05,0.2,0.2,0.16363636363636364,0.1736666713479918,0.1,0.2
2188,4,0.75,0.7857142857142858,0.8048099750039491,0.75,0.6,1.0,0.764705882352941,0.8048099750039491,1.0,0.5714285714285714
4449,5,0.0,0.0,0.0,0.0,0.0,0.0,0.0,0.0,0.0,0.0
19078,23,0.4,0.4666666666666666,0.48522855511632257,0.08695652173913043,0.4,0.4,0.4181818181818182,0.456899187845258,0.17391304347826086,0.4
9641,32,0.4,0.3333333333333333,0.31564845247951445,0.0625,0.4,0.7,0.5454545454545455,0.5559026721867442,0.21875,0.7
10065,3,0.3333333333333333,0.33333333333333337,0.29608191096586517,0.3333333333333333,0.2,0.6666666666666666,0.3333333333333333,0.29608191096586517,0.6666666666666666,0.2
6338,12,0.2,0.3333333333333333,0.33916020527361607,0.08333333333333333,0.2,0.1,0.18181818181818182,0.22009176629808014,0.08333333333333333,0.1
12601,17,0.6,0.6666666666666666,0.6548086577531306,0.17647058823529413,0.6,0.6,0.5818181818181818,0.6281649475693719,0.35294117647058826,0.6
1407,8,0.0,0.0,0.0,0.0,0.0,0.0,0.0,0.0,0.0,0.0
2338,8,0.6,0.5333333333333333,0.5147714448836773,0.375,0.6,0.375,0.44230769230769235,0.38391202314388534,0.375,0.3
11204,12,0.6,0.5333333333333333,0.6164336326286642,0.25,0.6,0.3,0.41818181818181815,0.4000232483092519,0.25,0.3
5018,5,0.4,0.6,0.5531464700081437,0.4,0.4,0.4,0.475,0.5531464700081437,0.4,0.2
9686,13,0.2,0.19999999999999998,0.16958010263680803,0.07692307692307693,0.2,0.2,0.18181818181818182,0.1763001066034291,0.15384615384615385,0.2
18168,13,0.2,0.19999999999999998,0.16958010263680803,0.07692307692307693,0.2,0.1,0.14545454545454548,0.11004588314904007,0.07692307692307693,0.1
16925,8,0.0,0.0,0.0,0.0,0.0,0.0,0.0,0.0,0.0,0.0
14722,7,0.2,0.19999999999999998,0.16958010263680803,0.14285714285714285,0.2,0.14285714285714285,0.16326530612244897,0.13743816645714543,0.14285714285714285,0.1
15753,17,0.2,0.3333333333333333,0.33916020527361607,0.058823529411764705,0.2,0.3,0.3090909090909091,0.36288691033421744,0.17647058823529413,0.3
7979,2,0.0,0.0,0.0,0.0,0.0,0.0,0.0,0.0,0.0,0.0
11558,13,0.4,0.4666666666666666,0.48522855511632257,0.15384615384615385,0.4,0.3,0.34545454545454546,0.38113435412202,0.23076923076923078,0.3
6903,8,0.4,0.4666666666666666,0.48522855511632257,0.25,0.4,0.25,0.3269230769230769,0.3618791953854131,0.25,0.2
3344,14,0.6,0.7999999999999999,0.7227265726449518,0.21428571428571427,0.6,0.5,0.6000000000000001,0.6110191504983018,0.35714285714285715,0.5
309,18,0.4,0.4666666666666666,0.38356636737133554,0.1111111111111111,0.4,0.5,0.43636363636363634,0.4521472607752954,0.2777777777777778,0.5
2294,11,0.2,0.3333333333333333,0.33916020527361607,0.09090909090909091,0.2,0.2,0.23636363636363636,0.2895229882348574,0.18181818181818182,0.2
13399,1,1.0,0.0,0.0,1.0,0.2,1.0,0.0,0.0,1.0,0.1
11820,13,0.8,0.9333333333333332,0.8687949224876582,0.3076923076923077,0.8,0.8,0.8727272727272729,0.8512360941594272,0.6153846153846154,0.8
1470,15,1.0,1.0,1.0,0.3333333333333333,1.0,0.8,0.8909090909090908,0.8603818544462509,0.5333333333333333,0.8
5907,8,0.6,0.7999999999999999,0.7227265726449518,0.375,0.6,0.75,0.673076923076923,0.7088976784911979,0.75,0.6
2695,9,0.2,0.06666666666666665,0.13120507751234176,0.1111111111111111,0.2,0.1111111111111111,0.1111111111111111,0.09092803061897882,0.1111111111111111,0.1
6898,10,0.0,0.0,0.0,0.0,0.0,0.0,0.0,0.0,0.0,0.0
7713,31,0.2,0.19999999999999998,0.16958010263680803,0.03225806451612903,0.2,0.2,0.18181818181818182,0.1763001066034291,0.06451612903225806,0.2
3575,18,0.2,0.06666666666666665,0.13120507751234176,0.05555555555555555,0.2,0.4,0.29090909090909095,0.30052609691860804,0.2222222222222222,0.4
7119,24,0.2,0.26666666666666666,0.2139862647345275,0.041666666666666664,0.2,0.5,0.34545454545454546,0.4115325995630325,0.20833333333333334,0.5
4531,5,0.4,0.4666666666666666,0.48522855511632257,0.4,0.4,0.4,0.425,0.48522855511632257,0.4,0.2
11538,3,0.3333333333333333,0.25,0.23463936301137822,0.3333333333333333,0.2,0.6666666666666666,0.2962962962962963,0.23463936301137822,0.6666666666666666,0.2
3436,1,1.0,1.0,1.0,1.0,0.2,1.0,1.0,1.0,1.0,0.1
19453,11,0.4,0.4666666666666666,0.38356636737133554,0.18181818181818182,0.4,0.3,0.38181818181818183,0.3222722491219546,0.2727272727272727,0.3
1372,1,0.0,0.0,0.0,0.0,0.0,0.0,0.0,0.0,0.0,0.0
7024,11,0.2,0.26666666666666666,0.2139862647345275,0.09090909090909091,0.2,0.1,0.16363636363636364,0.1388624438735545,0.09090909090909091,0.1
8044,4,0.0,0.0,0.0,0.0,0.0,0.0,0.0,0.0,0.0,0.0
15613,16,0.0,0.0,0.0,0.0,0.0,0.1,0.09090909090909091,0.07839826897867533,0.0625,0.1
515,7,0.0,0.0,0.0,0.0,0.0,0.0,0.0,0.0,0.0,0.0
18440,20,0.2,0.3333333333333333,0.33916020527361607,0.05,0.2,0.5,0.4181818181818182,0.5049059675118445,0.25,0.5
15445,13,0.2,0.3333333333333333,0.33916020527361607,0.07692307692307693,0.2,0.2,0.2,0.2837125544970318,0.15384615384615385,0.2
16920,1,1.0,0.0,0.0,1.0,0.2,1.0,0.0,0.0,1.0,0.2
14143,9,0.2,0.19999999999999998,0.16958010263680803,0.1111111111111111,0.2,0.4444444444444444,0.24074074074074073,0.26242715071339784,0.4444444444444444,0.4
15937,11,0.2,0.26666666666666666,0.2139862647345275,0.09090909090909091,0.2,0.1,0.16363636363636364,0.1388624438735545,0.09090909090909091,0.1
12031,19,0.4,0.3333333333333333,0.31564845247951445,0.10526315789473684,0.4,0.4,0.3272727272727272,0.33470925917193156,0.21052631578947367,0.4
10981,5,0.0,0.0,0.0,0.0,0.0,0.0,0.0,0.0,0.0,0.0
8007,3,0.6666666666666666,0.4166666666666667,0.46927872602275644,0.6666666666666666,0.4,0.6666666666666666,0.37037037037037035,0.46927872602275644,0.6666666666666666,0.2
1818,16,0.4,0.39999999999999997,0.4703652827859578,0.125,0.4,0.3,0.34545454545454546,0.3746661058764783,0.1875,0.3
564,3,0.6666666666666666,0.75,0.7653606369886217,0.6666666666666666,0.4,0.6666666666666666,0.7037037037037036,0.7653606369886217,0.6666666666666666,0.4
10896,8,0.0,0.0,0.0,0.0,0.0,0.0,0.0,0.0,0.0,0.0
14463,5,0.2,0.26666666666666666,0.2139862647345275,0.2,0.2,0.6,0.225,0.2139862647345275,0.6,0.3
8424,7,0.2,0.3333333333333333,0.33916020527361607,0.14285714285714285,0.2,0.2857142857142857,0.3061224489795918,0.3727892582642587,0.2857142857142857,0.2
10974,1,0.0,0.0,0.0,0.0,0.0,0.0,0.0,0.0,0.0,0.0
6809,2,0.0,0.0,0.0,0.0,0.0,0.5,0.0,0.0,0.5,0.1
18651,5,0.0,0.0,0.0,0.0,0.0,0.0,0.0,0.0,0.0,0.0
1754,19,0.0,0.0,0.0,0.0,0.0,0.0,0.0,0.0,0.0,0.0
806,12,0.0,0.0,0.0,0.0,0.0,0.0,0.0,0.0,0.0,0.0
18689,1,1.0,1.0,1.0,1.0,0.2,1.0,1.0,1.0,1.0,0.2
9328,41,0.8,0.8000000000000002,0.8304198973631919,0.0975609756097561,0.8,0.7,0.7636363636363637,0.7529694065526481,0.17073170731707318,0.7
8439,14,0.4,0.19999999999999998,0.2772734273550482,0.14285714285714285,0.4,0.5,0.41818181818181815,0.3953144612881588,0.35714285714285715,0.5
3894,5,0.2,0.26666666666666666,0.2139862647345275,0.2,0.2,0.4,0.225,0.2139862647345275,0.4,0.2
2887,7,0.0,0.0,0.0,0.0,0.0,0.2857142857142857,0.0,0.0,0.2857142857142857,0.2
13930,8,0.4,0.6,0.5531464700081437,0.25,0.4,0.5,0.4999999999999999,0.5766405527108873,0.5,0.4
15984,15,0.4,0.6,0.5531464700081437,0.13333333333333333,0.4,0.3,0.36363636363636365,0.4225749983705864,0.2,0.3
9394,43,0.4,0.5333333333333333,0.5087403079104241,0.046511627906976744,0.4,0.4,0.45454545454545453,0.4729327934832575,0.09302325581395349,0.4
5154,11,0.2,0.06666666666666665,0.13120507751234176,0.09090909090909091,0.2,0.1,0.10909090909090909,0.08514311764162097,0.09090909090909091,0.1
13981,14,0.6,0.7333333333333334,0.6992148198508501,0.21428571428571427,0.6,0.5,0.618181818181818,0.601572065456638,0.35714285714285715,0.5
18332,6,0.0,0.0,0.0,0.0,0.0,0.0,0.0,0.0,0.0,0.0
4950,13,0.0,0.0,0.0,0.0,0.0,0.2,0.14545454545454548,0.14782949091545258,0.15384615384615385,0.2
19241,8,0.0,0.0,0.0,0.0,0.0,0.25,0.057692307692307696,0.07979453856244816,0.25,0.2
6580,4,0.5,0.28571428571428575,0.2463023887407299,0.5,0.4,1.0,0.2647058823529412,0.2463023887407299,1.0,0.4444444444444444
16328,10,0.6,0.5333333333333333,0.5147714448836773,0.3,0.6,0.7,0.6545454545454545,0.61886564587798,0.7,0.7
6270,5,0.2,0.13333333333333333,0.14606834984270645,0.2,0.2,0.4,0.175,0.14606834984270645,0.4,0.2
8795,5,0.2,0.3333333333333333,0.33916020527361607,0.2,0.2,0.4,0.25,0.33916020527361607,0.4,0.2
5723,23,0.0,0.0,0.0,0.0,0.0,0.0,0.0,0.0,0.0,0.0
179,1,1.0,1.0,1.0,1.0,0.2,1.0,1.0,1.0,1.0,0.1
17750,5,0.6,0.39999999999999997,0.4468535299918562,0.6,0.6,0.6,0.525,0.4468535299918562,0.6,0.375
19874,14,0.2,0.3333333333333333,0.33916020527361607,0.07142857142857142,0.2,0.2,0.23636363636363636,0.2895229882348574,0.14285714285714285,0.2
6100,13,0.2,0.13333333333333333,0.14606834984270645,0.07692307692307693,0.2,0.2,0.2,0.16815228646891084,0.15384615384615385,0.2
15734,12,0.4,0.5333333333333333,0.5087403079104241,0.16666666666666666,0.4,0.2,0.32727272727272727,0.3301376494471202,0.16666666666666666,0.2
8158,1,0.0,0.0,0.0,0.0,0.0,0.0,0.0,0.0,0.0,0.0
17938,6,0.6,0.7333333333333334,0.6992148198508501,0.5,0.6,0.5,0.5777777777777777,0.6238470455881188,0.5,0.3
1525,10,0.2,0.3333333333333333,0.33916020527361607,0.1,0.2,0.2,0.2545454545454545,0.29345568839744024,0.2,0.2
7615,4,0.75,0.5,0.5585075862632192,0.75,0.6,1.0,0.49999999999999994,0.5585075862632192,1.0,0.4
19699,2,0.0,0.0,0.0,0.0,0.0,1.0,0.0,0.0,1.0,0.2
18520,13,0.4,0.6,0.5531464700081437,0.15384615384615385,0.4,0.4,0.43636363636363645,0.494639655562801,0.3076923076923077,0.4
5160,8,0.0,0.0,0.0,0.0,0.0,0.0,0.0,0.0,0.0,0.0
3486,3,1.0,1.0,1.0,1.0,0.6,1.0,1.0,1.0,1.0,0.6
7352,11,0.4,0.3333333333333333,0.34519134224686926,0.18181818181818182,0.4,0.3,0.3090909090909091,0.2902597849695645,0.2727272727272727,0.3
17648,8,0.0,0.0,0.0,0.0,0.0,0.0,0.0,0.0,0.0,0.0
467,13,0.0,0.0,0.0,0.0,0.0,0.1,0.018181818181818177,0.0636207881989517,0.07692307692307693,0.1
11015,13,0.0,0.0,0.0,0.0,0.0,0.1,0.05454545454545456,0.06943122193677725,0.07692307692307693,0.1
19847,14,0.2,0.06666666666666665,0.13120507751234176,0.07142857142857142,0.2,0.1,0.10909090909090909,0.08514311764162097,0.07142857142857142,0.1
19131,1,0.0,0.0,0.0,0.0,0.0,1.0,0.0,0.0,1.0,0.1
8777,8,0.2,0.06666666666666665,0.13120507751234176,0.125,0.2,0.25,0.1923076923076923,0.1821658288910461,0.25,0.2
5824,10,0.8,0.8666666666666666,0.8539316501572936,0.4,0.8,0.4,0.6000000000000001,0.5541432109622958,0.4,0.4
19803,6,0.2,0.13333333333333333,0.14606834984270645,0.16666666666666666,0.2,0.16666666666666666,0.15555555555555556,0.13032376591037065,0.16666666666666666,0.1
8577,12,0.0,0.0,0.0,0.0,0.0,0.1,0.09090909090909091,0.07839826897867533,0.08333333333333333,0.1
838,11,0.2,0.19999999999999998,0.16958010263680803,0.09090909090909091,0.2,0.1,0.14545454545454548,0.11004588314904007,0.09090909090909091,0.1
19924,7,0.6,0.39999999999999997,0.4468535299918562,0.42857142857142855,0.6,0.5714285714285714,0.5306122448979592,0.46007056579270594,0.5714285714285714,0.4
8521,23,0.2,0.13333333333333333,0.14606834984270645,0.043478260869565216,0.2,0.3,0.2545454545454545,0.2394408568026151,0.13043478260869565,0.3
7985,20,0.0,0.0,0.0,0.0,0.0,0.0,0.0,0.0,0.0,0.0
641,7,0.0,0.0,0.0,0.0,0.0,0.0,0.0,0.0,0.0,0.0
1088,10,0.2,0.26666666666666666,0.2139862647345275,0.1,0.2,0.2,0.21818181818181823,0.20829366581033176,0.2,0.2
835,4,0.5,0.28571428571428575,0.2463023887407299,0.5,0.4,1.0,0.2647058823529412,0.2463023887407299,1.0,0.4
6497,2,0.5,0.0,0.0,0.5,0.2,1.0,0.0,0.0,1.0,0.2
4900,12,0.2,0.19999999999999998,0.16958010263680803,0.08333333333333333,0.2,0.1,0.14545454545454548,0.11004588314904007,0.08333333333333333,0.1
11362,8,0.0,0.0,0.0,0.0,0.0,0.125,0.057692307692307696,0.07979453856244816,0.125,0.1
14086,1,0.0,0.0,0.0,0.0,0.0,0.0,0.0,0.0,0.0,0.0
14812,6,0.4,0.6,0.5531464700081437,0.3333333333333333,0.4,0.5,0.4222222222222222,0.4935232796777481,0.5,0.3
8545,11,0.6,0.7999999999999999,0.7227265726449518,0.2727272727272727,0.6,0.3,0.49090909090909096,0.46900009332067477,0.2727272727272727,0.3
18728,14,0.4,0.6,0.5531464700081437,0.14285714285714285,0.4,0.6,0.5272727272727272,0.6316243658611128,0.42857142857142855,0.6
11574,3,0.0,0.0,0.0,0.0,0.0,0.0,0.0,0.0,0.0,0.0
4107,3,0.3333333333333333,0.25,0.23463936301137822,0.3333333333333333,0.2,0.3333333333333333,0.2962962962962963,0.23463936301137822,0.3333333333333333,0.1
18910,11,0.6,0.6,0.529634717214042,0.2727272727272727,0.6,0.4,0.45454545454545464,0.40731747959109704,0.36363636363636365,0.4
16151,8,1.0,1.0,1.0,0.625,1.0,0.875,0.9423076923076923,0.9202054614375519,0.875,0.875
14799,3,0.0,0.0,0.0,0.0,0.0,0.6666666666666666,0.0,0.0,0.6666666666666666,0.2
6198,3,0.3333333333333333,0.0,0.0,0.3333333333333333,0.2,0.6666666666666666,0.0,0.0,0.6666666666666666,0.2
14281,18,0.0,0.0,0.0,0.0,0.0,0.0,0.0,0.0,0.0,0.0
7911,8,0.0,0.0,0.0,0.0,0.0,0.0,0.0,0.0,0.0,0.0
4407,8,0.6,0.6,0.529634717214042,0.375,0.6,0.375,0.46153846153846156,0.3949969211264808,0.375,0.3
3704,6,0.0,0.0,0.0,0.0,0.0,0.16666666666666666,0.0,0.0,0.16666666666666666,0.1
4695,18,0.2,0.3333333333333333,0.33916020527361607,0.05555555555555555,0.2,0.2,0.18181818181818182,0.33916020527361607,0.05555555555555555,0.2
6508,3,0.6666666666666666,0.4166666666666667,0.46927872602275644,0.6666666666666666,0.4,0.6666666666666666,0.37037037037037035,0.46927872602275644,0.6666666666666666,0.2
8313,18,0.2,0.13333333333333333,0.14606834984270645,0.05555555555555555,0.2,0.1,0.12727272727272726,0.09478836436955078,0.05555555555555555,0.1
1246,2,0.0,0.0,0.0,0.0,0.0,0.0,0.0,0.0,0.0,0.0
18645,6,0.2,0.3333333333333333,0.33916020527361607,0.16666666666666666,0.2,0.16666666666666666,0.2222222222222222,0.30260241349881345,0.16666666666666666,0.1
7407,14,0.0,0.0,0.0,0.0,0.0,0.0,0.0,0.0,0.0,0.0
17498,4,0.0,0.0,0.0,0.0,0.0,0.0,0.0,0.0,0.0,0.0
13320,11,0.2,0.19999999999999998,0.16958010263680803,0.09090909090909091,0.2,0.2,0.21818181818181823,0.18340980524840012,0.18181818181818182,0.2
13211,9,0.6,0.46666666666666673,0.4912596920895757,0.3333333333333333,0.6,0.7777777777777778,0.6296296296296297,0.5766759151571912,0.7777777777777778,0.7
8472,4,0.25,0.35714285714285715,0.39038004999210163,0.25,0.2,0.25,0.2941176470588235,0.39038004999210163,0.25,0.1
12868,26,0.2,0.26666666666666666,0.2139862647345275,0.038461538461538464,0.2,0.1,0.16363636363636364,0.1388624438735545,0.038461538461538464,0.1
3912,19,0.0,0.0,0.0,0.0,0.0,0.0,0.0,0.0,0.0,0.0
15431,17,0.6,0.6666666666666666,0.6843515475204854,0.17647058823529413,0.6,0.3,0.45454545454545453,0.44409732781325567,0.17647058823529413,0.3
2254,12,0.4,0.3333333333333333,0.31564845247951445,0.16666666666666666,0.4,0.6,0.45454545454545464,0.47750440320806886,0.5,0.6
8751,9,0.6,0.39999999999999997,0.4468535299918562,0.3333333333333333,0.6,0.4444444444444444,0.4629629629629629,0.3880279300100168,0.4444444444444444,0.4444444444444444
1814,23,1.0,1.0,1.0,0.21739130434782608,1.0,0.9,0.9090909090909091,0.9216017310213247,0.391304347826087,0.9
7580,7,0.0,0.0,0.0,0.0,0.0,0.2857142857142857,0.1020408163265306,0.0979129253499678,0.2857142857142857,0.2
249,19,0.2,0.3333333333333333,0.33916020527361607,0.05263157894736842,0.2,0.1,0.18181818181818182,0.22009176629808014,0.05263157894736842,0.1
3885,11,0.0,0.0,0.0,0.0,0.0,0.2,0.09090909090909091,0.13698471029831175,0.18181818181818182,0.2
2114,18,0.0,0.0,0.0,0.0,0.0,0.2222222222222222,0.14545454545454548,0.157873529284268,0.1111111111111111,0.2222222222222222
1154,15,0.0,0.0,0.0,0.0,0.0,0.0,0.0,0.0,0.0,0.0
11717,4,0.0,0.0,0.0,0.0,0.0,0.0,0.0,0.0,0.0,0.0
6613,9,1.0,1.0,1.0,0.5555555555555556,1.0,1.0,0.9444444444444445,0.9258513847149255,1.0,0.9
3499,9,0.6,0.7333333333333334,0.6992148198508501,0.3333333333333333,0.6,0.7777777777777778,0.6666666666666665,0.7132006782022833,0.7777777777777778,0.7
12350,1,1.0,0.0,0.0,1.0,0.3333333333333333,1.0,0.0,0.0,1.0,0.3333333333333333
14108,3,0.0,0.0,0.0,0.0,0.0,0.0,0.0,0.0,0.0,0.0
20601,14,0.2,0.3333333333333333,0.33916020527361607,0.07142857142857142,0.2,0.1,0.18181818181818182,0.22009176629808014,0.07142857142857142,0.1
8656,6,0.2,0.3333333333333333,0.33916020527361607,0.16666666666666666,0.2,0.3333333333333333,0.2222222222222222,0.30260241349881345,0.3333333333333333,0.2
2507,34,0.6,0.6666666666666666,0.6843515475204854,0.08823529411764706,0.6,0.6,0.6181818181818182,0.65554760692766,0.17647058823529413,0.6
19460,8,0.0,0.0,0.0,0.0,0.0,0.0,0.0,0.0,0.0,0.0
19128,22,1.0,1.0,1.0,0.22727272727272727,1.0,0.9,0.9272727272727272,0.92663607790064,0.4090909090909091,0.9
12143,17,0.0,0.0,0.0,0.0,0.0,0.2,0.10909090909090909,0.13961814555374907,0.11764705882352941,0.2
17297,3,0.0,0.0,0.0,0.0,0.0,0.0,0.0,0.0,0.0,0.0
2535,5,0.0,0.0,0.0,0.0,0.0,0.0,0.0,0.0,0.0,0.0
13917,6,0.2,0.06666666666666665,0.13120507751234176,0.16666666666666666,0.2,0.6666666666666666,0.24444444444444446,0.22485174766247445,0.6666666666666666,0.4
10369,26,0.6,0.7333333333333334,0.6992148198508501,0.11538461538461539,0.6,0.5,0.5818181818181817,0.5933607200949346,0.19230769230769232,0.5
6461,1,0.0,0.0,0.0,0.0,0.0,0.0,0.0,0.0,0.0,0.0
4360,7,0.2,0.19999999999999998,0.16958010263680803,0.14285714285714285,0.2,0.42857142857142855,0.2653061224489796,0.23535109180711322,0.42857142857142855,0.3
1591,11,0.2,0.06666666666666665,0.13120507751234176,0.09090909090909091,0.2,0.2,0.14545454545454545,0.15139734109601,0.18181818181818182,0.2
13371,3,0.0,0.0,0.0,0.0,0.0,0.0,0.0,0.0,0.0,0.0
7412,14,0.4,0.26666666666666666,0.3007851801491498,0.14285714285714285,0.4,0.6,0.49090909090909085,0.4800032020044253,0.42857142857142855,0.6
2531,5,0.2,0.19999999999999998,0.16958010263680803,0.2,0.2,0.2,0.2,0.16958010263680803,0.2,0.1
3335,10,0.2,0.26666666666666666,0.2139862647345275,0.1,0.2,0.1,0.16363636363636364,0.1388624438735545,0.1,0.1
3941,33,0.0,0.0,0.0,0.0,0.0,0.0,0.0,0.0,0.0,0.0
131,7,0.0,0.0,0.0,0.0,0.0,0.0,0.0,0.0,0.0,0.0
11117,24,0.4,0.6,0.5531464700081437,0.08333333333333333,0.4,0.3,0.41818181818181815,0.43231813227099475,0.125,0.3
10392,8,0.4,0.6,0.5531464700081437,0.25,0.4,0.375,0.36538461538461536,0.4125317798925535,0.375,0.3
18376,8,0.0,0.0,0.0,0.0,0.0,0.125,0.057692307692307696,0.07979453856244816,0.125,0.1
5823,3,0.3333333333333333,0.0,0.0,0.3333333333333333,0.2,0.3333333333333333,0.0,0.0,0.3333333333333333,0.1
19865,32,1.0,1.0,1.0,0.15625,1.0,0.8,0.8727272727272727,0.8572048559638626,0.25,0.8
1142,8,0.0,0.0,0.0,0.0,0.0,0.0,0.0,0.0,0.0,0.0
7117,13,0.2,0.06666666666666665,0.13120507751234176,0.07692307692307693,0.2,0.1,0.10909090909090909,0.08514311764162097,0.07692307692307693,0.1
15265,45,0.8,0.8000000000000002,0.8304198973631919,0.08888888888888889,0.8,0.8,0.818181818181818,0.8236998933965708,0.17777777777777778,0.8
6232,3,0.3333333333333333,0.4166666666666667,0.46927872602275644,0.3333333333333333,0.2,0.6666666666666666,0.37037037037037035,0.46927872602275644,0.6666666666666666,0.2
12249,9,0.4,0.3333333333333333,0.34519134224686926,0.2222222222222222,0.4,0.3333333333333333,0.37037037037037035,0.32295017518832136,0.3333333333333333,0.3
18654,1,1.0,0.0,0.0,1.0,0.2,1.0,0.0,0.0,1.0,0.1
9202,5,0.4,0.3333333333333333,0.34519134224686926,0.4,0.4,0.8,0.375,0.34519134224686926,0.8,0.4
14458,39,0.0,0.0,0.0,0.0,0.0,0.1,0.05454545454545456,0.06943122193677725,0.02564102564102564,0.1
15982,33,0.6,0.6666666666666666,0.6843515475204854,0.09090909090909091,0.6,0.5,0.5090909090909091,0.5739723394665964,0.15151515151515152,0.5
1797,1,0.0,0.0,0.0,0.0,0.0,0.0,0.0,0.0,0.0,0.0
14955,12,0.0,0.0,0.0,0.0,0.0,0.1,0.018181818181818177,0.0636207881989517,0.08333333333333333,0.1
16135,11,0.2,0.3333333333333333,0.33916020527361607,0.09090909090909091,0.2,0.1,0.18181818181818182,0.22009176629808014,0.09090909090909091,0.1
8639,26,0.4,0.6,0.5531464700081437,0.07692307692307693,0.4,0.3,0.36363636363636365,0.4225749983705864,0.11538461538461539,0.3
10416,5,0.0,0.0,0.0,0.0,0.0,0.0,0.0,0.0,0.0,0.0
994,18,0.4,0.19999999999999998,0.2772734273550482,0.1111111111111111,0.4,0.3,0.2727272727272727,0.24618570546556073,0.16666666666666666,0.3
10610,40,0.2,0.26666666666666666,0.2139862647345275,0.025,0.2,0.3,0.21818181818181823,0.2687374555268952,0.075,0.3
15481,4,0.0,0.0,0.0,0.0,0.0,0.0,0.0,0.0,0.0,0.0
3759,8,0.6,0.46666666666666673,0.4912596920895757,0.375,0.6,0.75,0.5961538461538461,0.540791407286066,0.75,0.6
14139,5,0.4,0.4000000000000001,0.3600546145772339,0.4,0.4,0.6,0.4,0.3600546145772339,0.6,0.3
9726,21,0.4,0.4666666666666666,0.38356636737133554,0.09523809523809523,0.4,0.5,0.509090909090909,0.466924741555019,0.23809523809523808,0.5
2896,12,0.2,0.19999999999999998,0.16958010263680803,0.08333333333333333,0.2,0.2,0.16363636363636364,0.1736666713479918,0.16666666666666666,0.2
16861,18,0.0,0.0,0.0,0.0,0.0,0.0,0.0,0.0,0.0,0.0
10497,9,1.0,1.0,1.0,0.5555555555555556,1.0,1.0,1.0,1.0,1.0,0.9
1833,1,0.0,0.0,0.0,0.0,0.0,0.0,0.0,0.0,0.0,0.0
1143,3,0.0,0.0,0.0,0.0,0.0,0.3333333333333333,0.0,0.0,0.3333333333333333,0.1
19318,21,0.2,0.3333333333333333,0.33916020527361607,0.047619047619047616,0.2,0.3,0.29090909090909095,0.3621108234757072,0.14285714285714285,0.3
9924,9,0.4,0.6,0.5531464700081437,0.2222222222222222,0.4,0.2222222222222222,0.3518518518518518,0.38334277998463445,0.2222222222222222,0.2
8219,4,0.25,0.14285714285714288,0.16812753627111746,0.25,0.2,0.25,0.20588235294117643,0.16812753627111746,0.25,0.1
15879,5,1.0,0.7999999999999999,1.0,0.6,1.0,1.0,0.675,1.0,0.6,1.0
7293,5,0.0,0.0,0.0,0.0,0.0,0.2,0.0,0.0,0.2,0.1
19031,7,0.6,0.39999999999999997,0.4468535299918562,0.42857142857142855,0.6,0.7142857142857143,0.6122448979591836,0.5516960100974696,0.7142857142857143,0.5
14091,21,0.0,0.0,0.0,0.0,0.0,0.1,0.09090909090909091,0.07839826897867533,0.047619047619047616,0.1
10816,6,0.0,0.0,0.0,0.0,0.0,0.0,0.0,0.0,0.0,0.0
3993,6,0.6,0.46666666666666673,0.4912596920895757,0.5,0.6,0.8333333333333334,0.6000000000000001,0.5460963797517797,0.8333333333333334,0.5
8905,6,0.6,0.5333333333333333,0.6164336326286642,0.5,0.6,0.8333333333333334,0.5111111111111111,0.5499887725471476,0.8333333333333334,0.5
11844,14,0.0,0.0,0.0,0.0,0.0,0.0,0.0,0.0,0.0,0.0
11667,7,0.2,0.26666666666666666,0.2139862647345275,0.14285714285714285,0.2,0.14285714285714285,0.18367346938775508,0.17342765698823942,0.14285714285714285,0.1
7110,4,0.0,0.0,0.0,0.0,0.0,0.75,0.0,0.0,0.75,0.3
13074,16,0.6,0.6666666666666666,0.6548086577531306,0.1875,0.6,0.8,0.7272727272727273,0.7759944384848244,0.5,0.8
9258,7,0.0,0.0,0.0,0.0,0.0,0.0,0.0,0.0,0.0,0.0
15940,11,0.4,0.4666666666666666,0.38356636737133554,0.18181818181818182,0.4,0.4,0.45454545454545453,0.39673781793804713,0.36363636363636365,0.4
4634,1,1.0,1.0,1.0,1.0,0.2,1.0,1.0,1.0,1.0,0.16666666666666666
20095,6,0.0,0.0,0.0,0.0,0.0,0.0,0.0,0.0,0.0,0.0
13964,5,0.0,0.0,0.0,0.0,0.0,0.4,0.0,0.0,0.4,0.2
1572,21,0.0,0.0,0.0,0.0,0.0,0.1,0.07272727272727274,0.07336392209936006,0.047619047619047616,0.1
2087,13,0.4,0.3333333333333333,0.34519134224686926,0.15384615384615385,0.4,0.3,0.29090909090909095,0.28762634971412715,0.23076923076923078,0.3
9420,1,0.0,0.0,0.0,0.0,0.0,0.0,0.0,0.0,0.0,0.0
7867,6,0.4,0.6,0.5531464700081437,0.3333333333333333,0.4,0.5,0.5333333333333333,0.601312434202259,0.5,0.3
12936,1,0.0,0.0,0.0,0.0,0.0,0.0,0.0,0.0,0.0,0.0
18259,5,0.0,0.0,0.0,0.0,0.0,0.4,0.0,0.0,0.4,0.2
4390,11,0.6,0.7333333333333334,0.6992148198508501,0.2727272727272727,0.6,0.6,0.6181818181818182,0.6601585067762745,0.5454545454545454,0.6
19354,13,0.4,0.19999999999999998,0.2772734273550482,0.15384615384615385,0.4,0.2,0.23636363636363633,0.17993148201117173,0.15384615384615385,0.2
13638,6,0.2,0.3333333333333333,0.33916020527361607,0.16666666666666666,0.2,0.3333333333333333,0.2222222222222222,0.30260241349881345,0.3333333333333333,0.2
13087,16,0.4,0.4000000000000001,0.3600546145772339,0.125,0.4,0.5,0.45454545454545464,0.4451010873575095,0.3125,0.5
12546,13,0.4,0.5333333333333333,0.5087403079104241,0.15384615384615385,0.4,0.4,0.4,0.46318965958284913,0.3076923076923077,0.4
18761,31,0.6,0.6,0.6399453854227659,0.0967741935483871,0.6,0.5,0.5454545454545454,0.5572998242663681,0.16129032258064516,0.5
9944,12,0.0,0.0,0.0,0.0,0.0,0.2,0.12727272727272726,0.14465249243306436,0.16666666666666666,0.2
17532,20,0.4,0.6,0.5531464700081437,0.1,0.4,0.3,0.36363636363636365,0.4225749983705864,0.15,0.3
14409,5,0.2,0.19999999999999998,0.16958010263680803,0.2,0.2,0.2,0.2,0.16958010263680803,0.2,0.1
10234,15,0.2,0.13333333333333333,0.14606834984270645,0.06666666666666667,0.2,0.2,0.1636363636363636,0.16104258782393982,0.13333333333333333,0.2
6765,15,0.2,0.3333333333333333,0.33916020527361607,0.06666666666666667,0.2,0.2,0.2,0.2837125544970318,0.13333333333333333,0.2
603,8,0.0,0.0,0.0,0.0,0.0,0.375,0.13461538461538464,0.1641087728183339,0.375,0.3
17259,15,0.2,0.19999999999999998,0.16958010263680803,0.06666666666666667,0.2,0.1,0.14545454545454548,0.11004588314904007,0.06666666666666667,0.1
5808,6,0.4,0.26666666666666666,0.3007851801491498,0.3333333333333333,0.4,0.5,0.3111111111111111,0.26836379988737025,0.5,0.3
6420,4,0.5,0.35714285714285715,0.36331756126716824,0.5,0.4,0.5,0.4411764705882352,0.36331756126716824,0.5,0.2
8069,16,0.0,0.0,0.0,0.0,0.0,0.0,0.0,0.0,0.0,0.0
13447,12,0.0,0.0,0.0,0.0,0.0,0.1,0.05454545454545456,0.06943122193677725,0.08333333333333333,0.1
14097,14,0.2,0.19999999999999998,0.16958010263680803,0.07142857142857142,0.2,0.4,0.29090909090909095,0.31646181538412904,0.2857142857142857,0.4
205,21,0.6,0.46666666666666673,0.4912596920895757,0.14285714285714285,0.6,0.4,0.45454545454545453,0.3882251478215035,0.19047619047619047,0.4
13553,20,0.2,0.19999999999999998,0.16958010263680803,0.05,0.2,0.1,0.14545454545454548,0.11004588314904007,0.05,0.1
11529,5,0.8,0.8000000000000002,0.8304198973631919,0.8,0.8,0.8,0.7999999999999999,0.8304198973631919,0.8,0.4444444444444444
7905,20,0.2,0.3333333333333333,0.33916020527361607,0.05,0.2,0.2,0.23636363636363636,0.2895229882348574,0.1,0.2
14585,1,0.0,0.0,0.0,0.0,0.0,0.0,0.0,0.0,0.0,0.0
16666,7,0.2,0.26666666666666666,0.2139862647345275,0.14285714285714285,0.2,0.14285714285714285,0.18367346938775508,0.17342765698823942,0.14285714285714285,0.1
12248,8,0.4,0.6,0.5531464700081437,0.25,0.4,0.375,0.4230769230769231,0.49232631845500163,0.375,0.3
2369,4,0.0,0.0,0.0,0.0,0.0,0.0,0.0,0.0,0.0,0.0
20184,14,0.2,0.13333333333333333,0.14606834984270645,0.07142857142857142,0.2,0.1,0.12727272727272726,0.09478836436955078,0.07142857142857142,0.1
3297,7,0.0,0.0,0.0,0.0,0.0,0.14285714285714285,0.08163265306122448,0.09162544430476363,0.14285714285714285,0.1
15163,12,0.8,0.8000000000000002,0.8304198973631919,0.3333333333333333,0.8,0.5,0.6,0.6025064803817581,0.4166666666666667,0.5
1389,10,0.0,0.0,0.0,0.0,0.0,0.1,0.018181818181818177,0.0636207881989517,0.1,0.1
20069,40,0.2,0.3333333333333333,0.33916020527361607,0.025,0.2,0.2,0.23636363636363636,0.2895229882348574,0.05,0.2
10159,19,0.4,0.6,0.5531464700081437,0.10526315789473684,0.4,0.3,0.4,0.4283854321084119,0.15789473684210525,0.3
16446,17,0.4,0.19999999999999998,0.2772734273550482,0.11764705882352941,0.4,0.3,0.3272727272727272,0.25832975098984706,0.17647058823529413,0.3
8515,4,0.5,0.5,0.4414924137367807,0.5,0.4,0.75,0.5,0.4414924137367807,0.75,0.3
18972,6,0.0,0.0,0.0,0.0,0.0,0.3333333333333333,0.1111111111111111,0.10778915452451095,0.3333333333333333,0.2
5879,2,0.0,0.0,0.0,0.0,0.0,0.0,0.0,0.0,0.0,0.0
13895,6,0.0,0.0,0.0,0.0,0.0,0.16666666666666666,0.1111111111111111,0.10778915452451095,0.16666666666666666,0.1
17687,5,0.2,0.06666666666666665,0.13120507751234176,0.2,0.2,0.2,0.15,0.13120507751234176,0.2,0.1
2236,8,0.4,0.6,0.5531464700081437,0.25,0.4,0.375,0.44230769230769224,0.4968460141484392,0.375,0.3
3777,7,0.2,0.26666666666666666,0.2139862647345275,0.14285714285714285,0.2,0.14285714285714285,0.18367346938775508,0.17342765698823942,0.14285714285714285,0.1
6940,8,0.4,0.3333333333333333,0.34519134224686926,0.25,0.4,0.5,0.28846153846153844,0.25744067176005675,0.5,0.4
14999,13,0.6,0.39999999999999997,0.4468535299918562,0.23076923076923078,0.6,0.7,0.6363636363636364,0.5774250016294135,0.5384615384615384,0.7
1314,11,0.4,0.3333333333333333,0.34519134224686926,0.18181818181818182,0.4,0.3,0.36363636363636365,0.30240383049385083,0.2727272727272727,0.3
12313,11,0.4,0.6,0.5531464700081437,0.18181818181818182,0.4,0.3,0.41818181818181815,0.43231813227099475,0.2727272727272727,0.3
15195,2,1.0,0.5555555555555556,0.6131471927654584,1.0,0.4,1.0,0.5263157894736842,0.6131471927654584,1.0,0.2
4020,1,1.0,0.0,0.0,1.0,0.2,1.0,0.0,0.0,1.0,0.1
9799,18,0.0,0.0,0.0,0.0,0.0,0.1,0.036363636363636355,0.06625422345438903,0.05555555555555555,0.1
8247,12,0.8,0.8666666666666666,0.8539316501572936,0.3333333333333333,0.8,0.6,0.690909090909091,0.6898286563534621,0.5,0.6
17377,15,0.6,0.6666666666666666,0.6548086577531306,0.2,0.6,0.6,0.5636363636363636,0.6242322474067891,0.4,0.6
8311,3,0.3333333333333333,0.4166666666666667,0.46927872602275644,0.3333333333333333,0.2,0.6666666666666666,0.37037037037037035,0.46927872602275644,0.6666666666666666,0.2
17527,15,0.2,0.26666666666666666,0.2139862647345275,0.06666666666666667,0.2,0.1,0.16363636363636364,0.1388624438735545,0.06666666666666667,0.1
2164,4,0.75,0.6428571428571429,0.6366824387328316,0.75,0.6,0.75,0.5588235294117646,0.6366824387328316,0.75,0.3
5687,12,0.8,0.7333333333333334,0.7860137352654724,0.3333333333333333,0.8,0.7,0.7090909090909091,0.7183424120903081,0.5833333333333334,0.7
18871,8,0.0,0.0,0.0,0.0,0.0,0.0,0.0,0.0,0.0,0.0
12891,5,0.0,0.0,0.0,0.0,0.0,0.0,0.0,0.0,0.0,0.0
11264,7,0.4,0.3333333333333333,0.34519134224686926,0.2857142857142857,0.4,0.2857142857142857,0.3061224489795918,0.2797643380184692,0.2857142857142857,0.2
16932,12,0.6,0.6,0.6399453854227659,0.25,0.6,0.5,0.5818181818181819,0.5631102580041938,0.4166666666666667,0.5
1960,3,0.6666666666666666,0.5833333333333334,0.5307212739772434,0.6666666666666666,0.4,0.6666666666666666,0.6296296296296297,0.5307212739772434,0.6666666666666666,0.2
504,6,0.2,0.19999999999999998,0.16958010263680803,0.16666666666666666,0.2,0.5,0.2888888888888889,0.25909036127391766,0.5,0.3
9095,4,0.0,0.0,0.0,0.0,0.0,0.0,0.0,0.0,0.0,0.0
1770,7,0.2,0.3333333333333333,0.33916020527361607,0.14285714285714285,0.2,0.42857142857142855,0.3061224489795918,0.3727892582642587,0.42857142857142855,0.3
7473,6,0.0,0.0,0.0,0.0,0.0,0.16666666666666666,0.1111111111111111,0.10778915452451095,0.16666666666666666,0.1
12753,7,0.0,0.0,0.0,0.0,0.0,0.2857142857142857,0.08163265306122448,0.09162544430476363,0.2857142857142857,0.2
7836,9,0.0,0.0,0.0,0.0,0.0,0.1111111111111111,0.07407407407407407,0.07834851647149513,0.1111111111111111,0.1
16279,21,0.6,0.6666666666666666,0.6843515475204854,0.14285714285714285,0.6,0.4,0.5272727272727272,0.5174612499126158,0.19047619047619047,0.4
14014,17,0.4,0.3333333333333333,0.31564845247951445,0.11764705882352941,0.4,0.4,0.41818181818181815,0.3526637384340434,0.23529411764705882,0.4
10048,2,1.0,1.0,1.0,1.0,0.4,1.0,1.0,1.0,1.0,0.2
1634,13,0.4,0.5333333333333333,0.5087403079104241,0.15384615384615385,0.4,0.4,0.45454545454545453,0.47479014188018454,0.3076923076923077,0.4
16433,5,0.6,0.6666666666666666,0.6548086577531306,0.6,0.6,1.0,0.625,0.6548086577531306,1.0,0.5
12889,12,0.0,0.0,0.0,0.0,0.0,0.0,0.0,0.0,0.0,0.0
18734,21,0.6,0.5333333333333333,0.5147714448836773,0.14285714285714285,0.6,0.5,0.5272727272727273,0.4760705018418426,0.23809523809523808,0.5
7825,19,0.2,0.26666666666666666,0.2139862647345275,0.05263157894736842,0.2,0.1,0.16363636363636364,0.1388624438735545,0.05263157894736842,0.1
17678,8,0.4,0.4000000000000001,0.3600546145772339,0.25,0.4,0.625,0.5384615384615384,0.5227343512133538,0.625,0.5
10567,8,0.6,0.6,0.6399453854227659,0.375,0.6,0.75,0.5384615384615384,0.5615798830425318,0.75,0.6
13083,4,1.0,0.7857142857142858,0.8048099750039491,1.0,0.8,1.0,0.764705882352941,0.8048099750039491,1.0,0.4
17362,14,0.0,0.0,0.0,0.0,0.0,0.1,0.07272727272727274,0.07336392209936006,0.07142857142857142,0.1
12963,30,0.8,0.7333333333333334,0.7860137352654724,0.13333333333333333,0.8,0.6,0.6727272727272727,0.652088188635919,0.2,0.6
10609,4,0.5,0.35714285714285715,0.36331756126716824,0.5,0.4,0.5,0.4411764705882352,0.36331756126716824,0.5,0.2
16554,10,0.4,0.26666666666666666,0.3007851801491498,0.2,0.4,0.4,0.34545454545454546,0.3321737110889728,0.4,0.4
3938,8,0.0,0.0,0.0,0.0,0.0,0.25,0.09615384615384615,0.0901000086523677,0.25,0.2
18544,3,0.0,0.0,0.0,0.0,0.0,0.3333333333333333,0.0,0.0,0.3333333333333333,0.1
13377,17,0.6,0.7333333333333334,0.6992148198508501,0.17647058823529413,0.6,0.4,0.5454545454545454,0.5271064966405455,0.23529411764705882,0.4
2373,27,0.2,0.26666666666666666,0.2139862647345275,0.037037037037037035,0.2,0.3,0.2727272727272727,0.2784805894273035,0.1111111111111111,0.3
12986,12,0.2,0.13333333333333333,0.14606834984270645,0.08333333333333333,0.2,0.2,0.1636363636363636,0.16104258782393982,0.16666666666666666,0.2
15723,18,0.2,0.3333333333333333,0.33916020527361607,0.05555555555555555,0.2,0.3,0.3090909090909091,0.36288691033421744,0.16666666666666666,0.3
6012,3,0.6666666666666666,0.0,0.0,0.6666666666666666,0.4,1.0,0.0,0.0,1.0,0.5
20587,4,0.25,0.0,0.0,0.25,0.2,0.25,0.0,0.0,0.25,0.1
2713,2,0.0,0.0,0.0,0.0,0.0,0.0,0.0,0.0,0.0,0.0
7915,3,0.3333333333333333,0.0,0.0,0.3333333333333333,0.2,0.6666666666666666,0.0,0.0,0.6666666666666666,0.2
8792,12,0.4,0.4666666666666666,0.38356636737133554,0.16666666666666666,0.4,0.3,0.4,0.3273065960012699,0.25,0.3
6466,13,0.2,0.3333333333333333,0.33916020527361607,0.07692307692307693,0.2,0.1,0.18181818181818182,0.22009176629808014,0.07692307692307693,0.1
13977,1,0.0,0.0,0.0,0.0,0.0,0.0,0.0,0.0,0.0,0.0
10372,1,1.0,0.0,0.0,1.0,0.25,1.0,0.0,0.0,1.0,0.25
14241,4,0.25,0.28571428571428575,0.2463023887407299,0.25,0.2,0.25,0.2647058823529412,0.2463023887407299,0.25,0.16666666666666666
5474,4,0.0,0.0,0.0,0.0,0.0,0.25,0.0,0.0,0.25,0.1
13733,16,0.2,0.3333333333333333,0.33916020527361607,0.0625,0.2,0.2,0.2727272727272727,0.2984900352767555,0.125,0.2
353,6,0.6,0.6,0.529634717214042,0.5,0.6,0.5,0.5333333333333334,0.472545838838712,0.5,0.42857142857142855
17997,3,0.3333333333333333,0.33333333333333337,0.29608191096586517,0.3333333333333333,0.2,0.3333333333333333,0.3333333333333333,0.29608191096586517,0.3333333333333333,0.1
12653,13,0.4,0.4666666666666666,0.48522855511632257,0.15384615384615385,0.4,0.4,0.41818181818181815,0.45449827622138006,0.3076923076923077,0.4
7585,17,0.2,0.26666666666666666,0.2139862647345275,0.058823529411764705,0.2,0.2,0.18181818181818182,0.2024832320725062,0.11764705882352941,0.2
14449,8,0.0,0.0,0.0,0.0,0.0,0.125,0.057692307692307696,0.07979453856244816,0.125,0.1
17408,6,0.0,0.0,0.0,0.0,0.0,0.0,0.0,0.0,0.0,0.0
12700,2,0.5,0.4444444444444445,0.3868528072345415,0.5,0.2,0.5,0.4736842105263158,0.3868528072345415,0.5,0.16666666666666666
15709,29,0.6,0.6666666666666666,0.6843515475204854,0.10344827586206896,0.6,0.6,0.5636363636363636,0.6434035614033737,0.20689655172413793,0.6
14873,23,0.0,0.0,0.0,0.0,0.0,0.0,0.0,0.0,0.0,0.0
16423,1,1.0,0.0,0.0,1.0,0.2,1.0,0.0,0.0,1.0,0.125
10457,3,0.6666666666666666,0.25,0.23463936301137822,0.6666666666666666,0.4,1.0,0.2962962962962963,0.23463936301137822,1.0,0.3
18199,14,0.2,0.3333333333333333,0.33916020527361607,0.07142857142857142,0.2,0.2,0.2,0.2837125544970318,0.14285714285714285,0.2
1412,7,0.0,0.0,0.0,0.0,0.0,0.0,0.0,0.0,0.0,0.0
4752,10,0.0,0.0,0.0,0.0,0.0,0.2,0.09090909090909091,0.13698471029831175,0.2,0.2
16067,26,0.2,0.26666666666666666,0.2139862647345275,0.038461538461538464,0.2,0.1,0.16363636363636364,0.1388624438735545,0.038461538461538464,0.1
7292,10,0.6,0.6,0.529634717214042,0.3,0.6,0.4,0.5090909090909091,0.4170606134915054,0.4,0.4
2327,16,0.8,0.8000000000000002,0.8304198973631919,0.25,0.8,0.6,0.7454545454545454,0.6906478832608418,0.375,0.6
319,13,0.8,0.8666666666666666,0.8539316501572936,0.3076923076923077,0.8,0.5,0.6363636363636364,0.6203974344166848,0.38461538461538464,0.5
15174,9,0.2,0.3333333333333333,0.33916020527361607,0.1111111111111111,0.2,0.1111111111111111,0.18518518518518517,0.23504554941448538,0.1111111111111111,0.1
4782,12,0.2,0.06666666666666665,0.13120507751234176,0.08333333333333333,0.2,0.1,0.10909090909090909,0.08514311764162097,0.08333333333333333,0.1
12411,4,0.0,0.0,0.0,0.0,0.0,0.0,0.0,0.0,0.0,0.0
19580,10,0.4,0.5333333333333333,0.5087403079104241,0.2,0.4,0.3,0.36363636363636365,0.39639187290150923,0.3,0.3
15183,20,0.6,0.7333333333333334,0.6992148198508501,0.15,0.6,0.3,0.47272727272727266,0.4537425745411855,0.15,0.3
5662,7,0.0,0.0,0.0,0.0,0.0,0.2857142857142857,0.1020408163265306,0.0979129253499678,0.2857142857142857,0.2
8896,4,0.0,0.0,0.0,0.0,0.0,0.0,0.0,0.0,0.0,0.0
137,10,0.2,0.13333333333333333,0.14606834984270645,0.1,0.2,0.1,0.12727272727272726,0.09478836436955078,0.1,0.1
10740,33,0.6,0.6,0.529634717214042,0.09090909090909091,0.6,0.6,0.6181818181818183,0.5590796706691324,0.18181818181818182,0.6
6015,6,0.4,0.39999999999999997,0.4703652827859578,0.3333333333333333,0.4,0.3333333333333333,0.35555555555555557,0.4196650066367769,0.3333333333333333,0.2857142857142857
17407,16,0.2,0.19999999999999998,0.16958010263680803,0.0625,0.2,0.2,0.21818181818181823,0.18340980524840012,0.125,0.2
8407,12,0.6,0.7333333333333334,0.6992148198508501,0.25,0.6,0.6,0.6181818181818182,0.6620158551732016,0.5,0.6
17260,17,0.2,0.26666666666666666,0.2139862647345275,0.058823529411764705,0.2,0.1,0.16363636363636364,0.1388624438735545,0.058823529411764705,0.1
16298,3,0.0,0.0,0.0,0.0,0.0,0.0,0.0,0.0,0.0,0.0
6986,9,0.2,0.26666666666666666,0.2139862647345275,0.1111111111111111,0.2,0.3333333333333333,0.20370370370370372,0.21905299129122965,0.3333333333333333,0.3
261,4,0.0,0.0,0.0,0.0,0.0,0.25,0.0,0.0,0.25,0.1
4115,4,0.75,0.5714285714285715,0.5855700749881524,0.75,0.6,0.75,0.5294117647058824,0.5855700749881524,0.75,0.3
17925,8,0.2,0.19999999999999998,0.16958010263680803,0.125,0.2,0.25,0.15384615384615385,0.12647135138382856,0.25,0.2
16348,9,0.8,0.8666666666666666,0.8539316501572936,0.4444444444444444,0.8,0.6666666666666666,0.6666666666666667,0.6659422005959306,0.6666666666666666,0.6
10938,9,0.2,0.19999999999999998,0.16958010263680803,0.1111111111111111,0.2,0.1111111111111111,0.14814814814814814,0.11752277470724269,0.1111111111111111,0.1
8720,24,0.2,0.06666666666666665,0.13120507751234176,0.041666666666666664,0.2,0.2,0.18181818181818182,0.15850703974098102,0.08333333333333333,0.2
8673,3,0.3333333333333333,0.0,0.0,0.3333333333333333,0.2,1.0,0.0,0.0,1.0,0.3
18303,11,0.2,0.13333333333333333,0.14606834984270645,0.09090909090909091,0.2,0.2,0.2,0.16815228646891084,0.18181818181818182,0.2
10780,6,0.0,0.0,0.0,0.0,0.0,0.0,0.0,0.0,0.0,0.0
6802,14,0.4,0.19999999999999998,0.2772734273550482,0.14285714285714285,0.4,0.3,0.2545454545454545,0.2435522702101234,0.21428571428571427,0.3
16797,8,0.4,0.6,0.5531464700081437,0.25,0.4,0.5,0.4999999999999999,0.5766405527108873,0.5,0.5
16001,6,0.2,0.26666666666666666,0.2139862647345275,0.16666666666666666,0.2,0.16666666666666666,0.2,0.1909208661789346,0.16666666666666666,0.1
10646,1,0.0,0.0,0.0,0.0,0.0,1.0,0.0,0.0,1.0,0.1
8409,3,0.0,0.0,0.0,0.0,0.0,0.3333333333333333,0.0,0.0,0.3333333333333333,0.125
802,14,0.6,0.6666666666666666,0.6548086577531306,0.21428571428571427,0.6,0.3,0.45454545454545453,0.424926013816671,0.21428571428571427,0.3
9070,6,0.2,0.3333333333333333,0.33916020527361607,0.16666666666666666,0.2,0.16666666666666666,0.2222222222222222,0.30260241349881345,0.16666666666666666,0.1
13819,23,0.6,0.7999999999999999,0.7227265726449518,0.13043478260869565,0.6,0.4,0.5636363636363636,0.5423640154200349,0.17391304347826086,0.4
3296,26,1.0,1.0,1.0,0.19230769230769232,1.0,0.8,0.9272727272727274,0.866947989864271,0.3076923076923077,0.8
5205,9,0.6,0.5333333333333333,0.6164336326286642,0.3333333333333333,0.6,0.4444444444444444,0.4259259259259259,0.4272021882457644,0.4444444444444444,0.4
15492,4,0.0,0.0,0.0,0.0,0.0,0.5,0.0,0.0,0.5,0.2
14460,10,0.2,0.06666666666666665,0.13120507751234176,0.1,0.2,0.2,0.14545454545454545,0.15139734109601,0.2,0.2
5541,2,1.0,0.5555555555555556,0.6131471927654584,1.0,0.4,1.0,0.5263157894736842,0.6131471927654584,1.0,0.3333333333333333
5576,11,0.0,0.0,0.0,0.0,0.0,0.0,0.0,0.0,0.0,0.0
8918,16,0.4,0.4666666666666666,0.38356636737133554,0.125,0.4,0.3,0.3272727272727273,0.31252911522154625,0.1875,0.3
3962,17,0.4,0.4000000000000001,0.3600546145772339,0.11764705882352941,0.4,0.3,0.38181818181818183,0.31204907722178055,0.17647058823529413,0.3
14397,17,0.0,0.0,0.0,0.0,0.0,0.1,0.036363636363636355,0.06625422345438903,0.058823529411764705,0.1
4250,3,0.3333333333333333,0.4166666666666667,0.46927872602275644,0.3333333333333333,0.2,0.3333333333333333,0.37037037037037035,0.46927872602275644,0.3333333333333333,0.1
17742,17,0.0,0.0,0.0,0.0,0.0,0.1,0.09090909090909091,0.07839826897867533,0.058823529411764705,0.1
7565,9,0.2,0.26666666666666666,0.2139862647345275,0.1111111111111111,0.2,0.2222222222222222,0.16666666666666666,0.14829723057014907,0.2222222222222222,0.2
20477,2,0.0,0.0,0.0,0.0,0.0,0.5,0.0,0.0,0.5,0.1
19296,13,0.4,0.6,0.5531464700081437,0.15384615384615385,0.4,0.2,0.34545454545454546,0.3589542101716347,0.15384615384615385,0.2
5895,7,0.0,0.0,0.0,0.0,0.0,0.0,0.0,0.0,0.0,0.0
4448,12,0.0,0.0,0.0,0.0,0.0,0.1,0.05454545454545456,0.06943122193677725,0.08333333333333333,0.1
20424,15,0.2,0.3333333333333333,0.33916020527361607,0.06666666666666667,0.2,0.2,0.23636363636363636,0.2895229882348574,0.13333333333333333,0.2
12666,10,0.0,0.0,0.0,0.0,0.0,0.0,0.0,0.0,0.0,0.0
7741,8,0.2,0.3333333333333333,0.33916020527361607,0.125,0.2,0.16666666666666666,0.1923076923076923,0.30260241349881345,0.125,0.16666666666666666
16792,10,0.2,0.13333333333333333,0.14606834984270645,0.1,0.2,0.2,0.2,0.16815228646891084,0.2,0.2
7739,4,0.0,0.0,0.0,0.0,0.0,0.25,0.0,0.0,0.25,0.1
8469,6,0.2,0.13333333333333333,0.14606834984270645,0.16666666666666666,0.2,0.3333333333333333,0.26666666666666666,0.23811292043488155,0.3333333333333333,0.2
6774,19,0.6,0.5333333333333333,0.5147714448836773,0.15789473684210525,0.6,0.3,0.4181818181818182,0.3340514446642156,0.15789473684210525,0.3
15916,38,0.2,0.06666666666666665,0.13120507751234176,0.02631578947368421,0.2,0.1,0.10909090909090909,0.08514311764162097,0.02631578947368421,0.1
20087,5,0.2,0.13333333333333333,0.14606834984270645,0.2,0.2,0.4,0.175,0.14606834984270645,0.4,0.2
20330,3,0.3333333333333333,0.4166666666666667,0.46927872602275644,0.3333333333333333,0.2,0.3333333333333333,0.37037037037037035,0.46927872602275644,0.3333333333333333,0.1
13338,14,0.8,0.8000000000000002,0.8304198973631919,0.2857142857142857,0.8,0.6,0.6727272727272727,0.6745711375739728,0.42857142857142855,0.6
15465,9,0.4,0.6,0.5531464700081437,0.2222222222222222,0.4,0.2222222222222222,0.3518518518518518,0.38334277998463445,0.2222222222222222,0.2
6053,14,0.8,0.8000000000000002,0.8304198973631919,0.2857142857142857,0.8,0.6,0.6909090909090909,0.6785038377365556,0.42857142857142855,0.6
14857,17,0.6,0.6,0.6399453854227659,0.17647058823529413,0.6,0.4,0.49090909090909096,0.48471198902551843,0.23529411764705882,0.4
15667,8,0.0,0.0,0.0,0.0,0.0,0.0,0.0,0.0,0.0,0.0
15901,12,0.0,0.0,0.0,0.0,0.0,0.0,0.0,0.0,0.0,0.0
14317,10,0.2,0.26666666666666666,0.2139862647345275,0.1,0.2,0.3,0.3272727272727272,0.2906246349515899,0.3,0.3
7771,6,0.2,0.13333333333333333,0.14606834984270645,0.16666666666666666,0.2,0.16666666666666666,0.15555555555555556,0.13032376591037065,0.16666666666666666,0.1
16379,9,0.6,0.39999999999999997,0.4468535299918562,0.3333333333333333,0.6,0.4444444444444444,0.3888888888888889,0.3096794135385217,0.4444444444444444,0.4
11888,3,1.0,0.25,0.23463936301137822,1.0,0.6,1.0,0.2962962962962963,0.23463936301137822,1.0,0.3333333333333333
11991,1,1.0,0.0,0.0,1.0,0.2,1.0,0.0,0.0,1.0,0.1
15688,13,0.4,0.5333333333333333,0.5087403079104241,0.15384615384615385,0.4,0.4,0.45454545454545453,0.4729327934832575,0.3076923076923077,0.4
19689,27,0.8,0.8000000000000002,0.8304198973631919,0.14814814814814814,0.8,0.5,0.6727272727272727,0.6172839611614818,0.18518518518518517,0.5
7606,7,0.2,0.26666666666666666,0.2139862647345275,0.14285714285714285,0.2,0.14285714285714285,0.18367346938775508,0.17342765698823942,0.14285714285714285,0.1
1685,5,0.4,0.6,0.5531464700081437,0.4,0.4,0.4,0.475,0.5531464700081437,0.4,0.2857142857142857
5206,2,0.0,0.0,0.0,0.0,0.0,0.5,0.0,0.0,0.5,0.1
11439,12,0.2,0.13333333333333333,0.14606834984270645,0.08333333333333333,0.2,0.2,0.2,0.16815228646891084,0.16666666666666666,0.2
495,10,0.0,0.0,0.0,0.0,0.0,0.0,0.0,0.0,0.0,0.0
3015,25,0.6,0.7999999999999999,0.7227265726449518,0.12,0.6,0.6,0.6000000000000001,0.6683063269107928,0.24,0.6
10060,2,0.5,0.0,0.0,0.5,0.2,1.0,0.0,0.0,1.0,0.2
3065,7,0.0,0.0,0.0,0.0,0.0,0.0,0.0,0.0,0.0,0.0
1906,20,0.8,0.8666666666666666,0.8539316501572936,0.2,0.8,0.6,0.7636363636363637,0.7059054020403311,0.3,0.6
11428,5,0.0,0.0,0.0,0.0,0.0,0.0,0.0,0.0,0.0,0.0
17045,21,0.4,0.6,0.5531464700081437,0.09523809523809523,0.4,0.3,0.41818181818181815,0.43231813227099475,0.14285714285714285,0.3
2518,14,0.0,0.0,0.0,0.0,0.0,0.0,0.0,0.0,0.0,0.0
16793,15,0.0,0.0,0.0,0.0,0.0,0.1,0.07272727272727274,0.07336392209936006,0.06666666666666667,0.1
4838,7,0.2,0.3333333333333333,0.33916020527361607,0.14285714285714285,0.2,0.14285714285714285,0.2040816326530612,0.27487633291429087,0.14285714285714285,0.1
2246,10,0.4,0.26666666666666666,0.3007851801491498,0.2,0.4,0.2,0.2545454545454545,0.19518900079066104,0.2,0.2
5073,14,0.8,0.9333333333333332,0.8687949224876582,0.2857142857142857,0.8,0.9,0.890909090909091,0.914856882358379,0.6428571428571429,0.9
2276,6,0.2,0.3333333333333333,0.33916020527361607,0.16666666666666666,0.2,0.3333333333333333,0.2222222222222222,0.30260241349881345,0.3333333333333333,0.2
13829,1,0.0,0.0,0.0,0.0,0.0,0.0,0.0,0.0,0.0,0.0
3329,17,0.4,0.39999999999999997,0.4703652827859578,0.11764705882352941,0.4,0.5,0.49090909090909096,0.5232512984721255,0.29411764705882354,0.5
14324,11,0.4,0.5333333333333333,0.5087403079104241,0.18181818181818182,0.4,0.3,0.36363636363636365,0.39639187290150923,0.2727272727272727,0.3
12029,27,0.6666666666666666,0.5333333333333333,0.7039180890341346,0.07407407407407407,0.6666666666666666,0.6666666666666666,0.32727272727272727,0.7039180890341346,0.07407407407407407,0.6666666666666666
6043,1,0.0,0.0,0.0,0.0,0.0,0.0,0.0,0.0,0.0,0.0
16165,9,0.0,0.0,0.0,0.0,0.0,0.0,0.0,0.0,0.0,0.0
17169,13,0.2,0.26666666666666666,0.2139862647345275,0.07692307692307693,0.2,0.2,0.21818181818181823,0.20829366581033176,0.15384615384615385,0.2
6880,2,0.5,0.5555555555555556,0.6131471927654584,0.5,0.2,1.0,0.5263157894736842,0.6131471927654584,1.0,0.25
16106,6,0.0,0.0,0.0,0.0,0.0,0.0,0.0,0.0,0.0,0.0
13402,11,0.2,0.26666666666666666,0.2139862647345275,0.09090909090909091,0.2,0.2,0.23636363636363636,0.21222636597291453,0.18181818181818182,0.2
1310,4,0.25,0.35714285714285715,0.39038004999210163,0.25,0.2,0.5,0.2941176470588235,0.39038004999210163,0.5,0.2
3594,2,0.5,0.5555555555555556,0.6131471927654584,0.5,0.2,0.5,0.5263157894736842,0.6131471927654584,0.5,0.1
10122,4,0.25,0.0,0.0,0.25,0.2,0.5,0.0,0.0,0.5,0.3333333333333333
14645,13,0.2,0.19999999999999998,0.16958010263680803,0.07692307692307693,0.2,0.2,0.21818181818181823,0.18340980524840012,0.15384615384615385,0.2
19124,3,0.3333333333333333,0.0,0.0,0.3333333333333333,0.2,0.3333333333333333,0.0,0.0,0.3333333333333333,0.1
12259,16,0.0,0.0,0.0,0.0,0.0,0.2,0.14545454545454548,0.14782949091545258,0.125,0.2
8899,2,1.0,1.0,1.0,1.0,0.4,1.0,1.0,1.0,1.0,0.2
15834,1,1.0,1.0,1.0,1.0,0.2,1.0,1.0,1.0,1.0,0.1
9945,13,0.2,0.06666666666666665,0.13120507751234176,0.07692307692307693,0.2,0.4,0.2727272727272727,0.2965933967560252,0.3076923076923077,0.4
14759,4,0.0,0.0,0.0,0.0,0.0,0.25,0.0,0.0,0.25,0.1
7716,1,0.0,0.0,0.0,0.0,0.0,1.0,0.0,0.0,1.0,0.1
12994,9,0.6,0.6666666666666666,0.6548086577531306,0.3333333333333333,0.6,0.5555555555555556,0.537037037037037,0.5321454488055234,0.5555555555555556,0.5
1607,4,0.25,0.28571428571428575,0.2463023887407299,0.25,0.2,0.25,0.2647058823529412,0.2463023887407299,0.25,0.1
4648,5,0.2,0.3333333333333333,0.33916020527361607,0.2,0.2,0.2,0.25,0.33916020527361607,0.2,0.1
14413,12,0.0,0.0,0.0,0.0,0.0,0.1,0.07272727272727274,0.07336392209936006,0.08333333333333333,0.1
14764,20,0.2,0.26666666666666666,0.2139862647345275,0.05,0.2,0.1,0.16363636363636364,0.1388624438735545,0.05,0.1
248,3,0.3333333333333333,0.25,0.23463936301137822,0.3333333333333333,0.2,1.0,0.2962962962962963,0.23463936301137822,1.0,0.3
15992,3,0.3333333333333333,0.4166666666666667,0.46927872602275644,0.3333333333333333,0.2,0.6666666666666666,0.37037037037037035,0.46927872602275644,0.6666666666666666,0.2
18397,13,0.0,0.0,0.0,0.0,0.0,0.0,0.0,0.0,0.0,0.0
5070,16,0.2,0.3333333333333333,0.33916020527361607,0.0625,0.2,0.1,0.18181818181818182,0.22009176629808014,0.0625,0.1
17330,1,1.0,1.0,1.0,1.0,1.0,1.0,1.0,1.0,1.0,1.0
5192,24,0.2,0.3333333333333333,0.33916020527361607,0.041666666666666664,0.2,0.1,0.18181818181818182,0.22009176629808014,0.041666666666666664,0.1
1251,14,0.2,0.26666666666666666,0.2139862647345275,0.07142857142857142,0.2,0.1,0.16363636363636364,0.1388624438735545,0.07142857142857142,0.1
5660,18,0.0,0.0,0.0,0.0,0.0,0.1,0.05454545454545456,0.06943122193677725,0.05555555555555555,0.1
1772,8,0.2,0.19999999999999998,0.16958010263680803,0.125,0.2,0.125,0.15384615384615385,0.12647135138382856,0.125,0.1
14788,14,0.0,0.0,0.0,0.0,0.0,0.1,0.018181818181818177,0.0636207881989517,0.07142857142857142,0.1
807,15,0.2,0.3333333333333333,0.33916020527361607,0.06666666666666667,0.2,0.3,0.3090909090909091,0.3647442587311445,0.2,0.3
16525,4,0.25,0.2142857142857143,0.19519002499605081,0.25,0.2,0.25,0.23529411764705882,0.19519002499605081,0.25,0.1
13080,3,0.6666666666666666,0.33333333333333337,0.29608191096586517,0.6666666666666666,0.4,0.6666666666666666,0.3333333333333333,0.29608191096586517,0.6666666666666666,0.2
6846,8,0.0,0.0,0.0,0.0,0.0,0.125,0.07692307692307693,0.08431423425588572,0.125,0.1
14935,25,0.4,0.19999999999999998,0.2772734273550482,0.08,0.4,0.4,0.3636363636363636,0.32272662604730906,0.16,0.4
20457,9,0.4,0.4666666666666666,0.48522855511632257,0.2222222222222222,0.4,0.2222222222222222,0.31481481481481477,0.3362741576267856,0.2222222222222222,0.2
5240,7,0.6,0.6666666666666666,0.6548086577531306,0.42857142857142855,0.6,0.5714285714285714,0.5918367346938775,0.6223227366315628,0.5714285714285714,0.4
12373,11,0.0,0.0,0.0,0.0,0.0,0.0,0.0,0.0,0.0,0.0
4619,12,0.0,0.0,0.0,0.0,0.0,0.0,0.0,0.0,0.0,0.0
15373,4,0.5,0.35714285714285715,0.39038004999210163,0.5,0.4,0.75,0.2941176470588235,0.39038004999210163,0.75,0.3
11315,1,0.0,0.0,0.0,0.0,0.0,1.0,0.0,0.0,1.0,0.1
20116,17,0.4,0.26666666666666666,0.3007851801491498,0.11764705882352941,0.4,0.3,0.3272727272727272,0.26855292289002114,0.17647058823529413,0.3
9720,3,0.0,0.0,0.0,0.0,0.0,0.0,0.0,0.0,0.0,0.0
16075,9,0.8,0.9333333333333332,0.8687949224876582,0.4444444444444444,0.8,0.6666666666666666,0.7777777777777778,0.7599676921884454,0.6666666666666666,0.6
15766,28,0.6,0.5333333333333333,0.6164336326286642,0.10714285714285714,0.6,0.6,0.5272727272727272,0.5993294818993699,0.21428571428571427,0.6
2749,14,0.4,0.6,0.5531464700081437,0.14285714285714285,0.4,0.5,0.509090909090909,0.568003577662161,0.35714285714285715,0.5
4121,15,0.0,0.0,0.0,0.0,0.0,0.0,0.0,0.0,0.0,0.0
18647,7,0.6,0.7999999999999999,0.7227265726449518,0.42857142857142855,0.6,0.42857142857142855,0.5510204081632653,0.5857421563596757,0.42857142857142855,0.3
6770,5,0.0,0.0,0.0,0.0,0.0,0.0,0.0,0.0,0.0,0.0
14101,2,1.0,1.0,1.0,1.0,1.0,1.0,1.0,1.0,1.0,1.0
10041,7,0.4,0.26666666666666666,0.3007851801491498,0.2857142857142857,0.4,0.2857142857142857,0.2857142857142857,0.24377484748737527,0.2857142857142857,0.2
12708,13,0.2,0.13333333333333333,0.14606834984270645,0.07692307692307693,0.2,0.2,0.2,0.16815228646891084,0.15384615384615385,0.2
6040,2,1.0,0.0,0.0,1.0,0.4,1.0,0.0,0.0,1.0,0.2
5954,6,0.4,0.5333333333333333,0.5087403079104241,0.3333333333333333,0.4,0.3333333333333333,0.4,0.4539036202482201,0.3333333333333333,0.2
14964,4,0.0,0.0,0.0,0.0,0.0,0.0,0.0,0.0,0.0,0.0
5702,6,0.0,0.0,0.0,0.0,0.0,0.16666666666666666,0.0,0.0,0.16666666666666666,0.1
13262,23,0.2,0.13333333333333333,0.14606834984270645,0.043478260869565216,0.2,0.2,0.14545454545454545,0.15840915256850246,0.08695652173913043,0.2
1542,14,0.0,0.0,0.0,0.0,0.0,0.0,0.0,0.0,0.0,0.0
16082,35,0.6,0.5333333333333333,0.6164336326286642,0.08571428571428572,0.6,0.4,0.47272727272727266,0.4694544702460291,0.11428571428571428,0.4
6852,14,1.0,1.0,1.0,0.35714285714285715,1.0,0.6,0.8,0.7222954974312067,0.42857142857142855,0.6
11271,1,0.0,0.0,0.0,0.0,0.0,0.0,0.0,0.0,0.0,0.0
17324,9,0.0,0.0,0.0,0.0,0.0,0.0,0.0,0.0,0.0,0.0
5748,7,0.0,0.0,0.0,0.0,0.0,0.0,0.0,0.0,0.0,0.0
5449,21,0.4,0.3333333333333333,0.31564845247951445,0.09523809523809523,0.4,0.4,0.4,0.34762939155472816,0.19047619047619047,0.4
6753,6,0.0,0.0,0.0,0.0,0.0,0.3333333333333333,0.0,0.0,0.3333333333333333,0.2
6728,2,0.0,0.0,0.0,0.0,0.0,0.0,0.0,0.0,0.0,0.0
6393,11,0.2,0.19999999999999998,0.16958010263680803,0.09090909090909091,0.2,0.3,0.23636363636363641,0.2470305934473518,0.2727272727272727,0.3
16160,7,0.4,0.4666666666666666,0.38356636737133554,0.2857142857142857,0.4,0.42857142857142855,0.3469387755102041,0.3108658234453848,0.42857142857142855,0.3
5901,5,0.2,0.06666666666666665,0.13120507751234176,0.2,0.2,0.4,0.15,0.13120507751234176,0.4,0.2
10232,15,0.2,0.26666666666666666,0.2139862647345275,0.06666666666666667,0.2,0.2,0.21818181818181823,0.20829366581033176,0.13333333333333333,0.2
6588,2,0.0,0.0,0.0,0.0,0.0,0.0,0.0,0.0,0.0,0.0
14195,7,0.4,0.6,0.5531464700081437,0.2857142857142857,0.4,0.2857142857142857,0.38775510204081626,0.4483039899025303,0.2857142857142857,0.2
3531,6,0.4,0.4666666666666666,0.48522855511632257,0.3333333333333333,0.4,0.3333333333333333,0.37777777777777777,0.4329261794091841,0.3333333333333333,0.2
6007,13,0.4,0.3333333333333333,0.31564845247951445,0.15384615384615385,0.4,0.4,0.43636363636363634,0.3565964385966262,0.3076923076923077,0.4
10098,10,0.0,0.0,0.0,0.0,0.0,0.0,0.0,0.0,0.0,0.0
13103,7,0.2,0.26666666666666666,0.2139862647345275,0.14285714285714285,0.2,0.14285714285714285,0.18367346938775508,0.17342765698823942,0.14285714285714285,0.1
20382,8,0.2,0.19999999999999998,0.16958010263680803,0.125,0.2,0.25,0.21153846153846154,0.20626588994627676,0.25,0.2
6323,7,0.0,0.0,0.0,0.0,0.0,0.0,0.0,0.0,0.0,0.0
12355,6,0.4,0.3333333333333333,0.31564845247951445,0.3333333333333333,0.4,0.5,0.3333333333333333,0.2816249726597773,0.5,0.3
19971,5,0.0,0.0,0.0,0.0,0.0,0.0,0.0,0.0,0.0,0.0
16133,20,0.4,0.39999999999999997,0.4703652827859578,0.1,0.4,0.5,0.4181818181818182,0.5084738176924019,0.25,0.5
8923,3,0.3333333333333333,0.4166666666666667,0.46927872602275644,0.3333333333333333,0.2,0.3333333333333333,0.37037037037037035,0.46927872602275644,0.3333333333333333,0.1
19135,6,0.4,0.4666666666666666,0.38356636737133554,0.3333333333333333,0.4,0.8333333333333334,0.3777777777777778,0.34222207292834134,0.8333333333333334,0.5
15642,3,0.0,0.0,0.0,0.0,0.0,0.3333333333333333,0.0,0.0,0.3333333333333333,0.1
13468,14,0.4,0.5333333333333333,0.5087403079104241,0.14285714285714285,0.4,0.2,0.32727272727272727,0.3301376494471202,0.14285714285714285,0.2
7039,20,0.8,0.8666666666666666,0.8539316501572936,0.2,0.8,0.6,0.7636363636363637,0.7059054020403311,0.3,0.6
14046,2,0.5,0.4444444444444445,0.3868528072345415,0.5,0.2,0.5,0.4736842105263158,0.3868528072345415,0.5,0.1
7645,12,0.6,0.7333333333333334,0.6992148198508501,0.25,0.6,0.3,0.47272727272727266,0.4537425745411855,0.25,0.3
14421,7,0.6,0.6,0.6399453854227659,0.42857142857142855,0.6,0.5714285714285714,0.5714285714285714,0.6102766247064297,0.5714285714285714,0.4
2379,23,0.0,0.0,0.0,0.0,0.0,0.2,0.054545454545454536,0.12987501165334073,0.08695652173913043,0.2
2558,5,0.0,0.0,0.0,0.0,0.0,0.0,0.0,0.0,0.0,0.0
15267,2,1.0,0.5555555555555556,0.6131471927654584,1.0,0.5,1.0,0.5263157894736842,0.6131471927654584,1.0,0.5
18754,2,0.0,0.0,0.0,0.0,0.0,0.0,0.0,0.0,0.0,0.0
14435,4,0.25,0.35714285714285715,0.39038004999210163,0.25,0.2,0.25,0.2941176470588235,0.39038004999210163,0.25,0.1
15672,2,1.0,0.4444444444444445,0.3868528072345415,1.0,0.4,1.0,0.4736842105263158,0.3868528072345415,1.0,0.2857142857142857
2204,18,0.6,0.6666666666666666,0.6548086577531306,0.16666666666666666,0.6,0.8,0.7272727272727273,0.7759944384848244,0.4444444444444444,0.8
2589,8,0.0,0.0,0.0,0.0,0.0,0.0,0.0,0.0,0.0,0.0
8075,8,0.2,0.13333333333333333,0.14606834984270645,0.125,0.2,0.125,0.1346153846153846,0.1089364926177559,0.125,0.1
19140,6,0.0,0.0,0.0,0.0,0.0,0.0,0.0,0.0,0.0,0.0
19154,12,0.6,0.7333333333333334,0.6992148198508501,0.25,0.6,0.4,0.509090909090909,0.5199967979955745,0.3333333333333333,0.4
17316,25,0.6,0.7333333333333334,0.6992148198508501,0.12,0.6,0.6,0.6181818181818182,0.6620158551732016,0.24,0.6
19859,2,0.0,0.0,0.0,0.0,0.0,0.0,0.0,0.0,0.0,0.0
6944,6,0.2,0.26666666666666666,0.2139862647345275,0.16666666666666666,0.2,0.16666666666666666,0.2,0.1909208661789346,0.16666666666666666,0.1
16313,25,0.2,0.06666666666666665,0.13120507751234176,0.04,0.2,0.3,0.2545454545454546,0.23297260855707355,0.12,0.3
4265,50,0.8,0.9333333333333332,0.8687949224876582,0.08,0.8,0.6,0.7272727272727273,0.7058075148678526,0.12,0.6
6921,8,0.0,0.0,0.0,0.0,0.0,0.25,0.0,0.0,0.25,0.2
11619,9,0.0,0.0,0.0,0.0,0.0,0.2222222222222222,0.09259259259259259,0.08372491399919348,0.2222222222222222,0.2
486,8,0.4,0.6,0.5531464700081437,0.25,0.4,0.25,0.36538461538461536,0.4125317798925535,0.25,0.2
1479,11,0.2,0.26666666666666666,0.2139862647345275,0.09090909090909091,0.2,0.3,0.3090909090909091,0.28669193478900706,0.2727272727272727,0.3
16548,13,0.8,0.6666666666666666,0.6608397947263838,0.3076923076923077,0.8,0.6,0.7090909090909091,0.5806020001118017,0.46153846153846156,0.6
11940,32,0.6,0.6666666666666666,0.6843515475204854,0.09375,0.6,0.5,0.5636363636363636,0.5837154733670048,0.15625,0.5
6652,11,0.2,0.26666666666666666,0.2139862647345275,0.09090909090909091,0.2,0.1,0.16363636363636364,0.1388624438735545,0.09090909090909091,0.1
13983,12,0.0,0.0,0.0,0.0,0.0,0.0,0.0,0.0,0.0,0.0
18652,13,0.6,0.6666666666666666,0.6843515475204854,0.23076923076923078,0.6,0.4,0.5454545454545454,0.522495596791931,0.3076923076923077,0.4
5791,7,0.2,0.26666666666666666,0.2139862647345275,0.14285714285714285,0.2,0.14285714285714285,0.18367346938775508,0.17342765698823942,0.14285714285714285,0.1
20475,7,0.0,0.0,0.0,0.0,0.0,0.14285714285714285,0.0,0.0,0.14285714285714285,0.1
20039,11,0.2,0.3333333333333333,0.33916020527361607,0.09090909090909091,0.2,0.1,0.18181818181818182,0.22009176629808014,0.09090909090909091,0.1
4747,12,0.0,0.0,0.0,0.0,0.0,0.0,0.0,0.0,0.0,0.0
11121,23,0.6,0.6,0.529634717214042,0.13043478260869565,0.6,0.3,0.43636363636363645,0.34369669139214537,0.13043478260869565,0.3
1503,9,0.2,0.06666666666666665,0.13120507751234176,0.1111111111111111,0.2,0.1111111111111111,0.1111111111111111,0.09092803061897882,0.1111111111111111,0.1
6593,16,0.6,0.7333333333333334,0.6992148198508501,0.1875,0.6,0.5,0.5454545454545454,0.5867945846769144,0.3125,0.5
6361,34,0.2,0.3333333333333333,0.33916020527361607,0.029411764705882353,0.2,0.3,0.2727272727272727,0.3557772116892464,0.08823529411764706,0.3
18193,25,1.0,1.0,1.0,0.2,1.0,0.9,0.9454545454545454,0.9305687780632228,0.36,0.9
18261,12,0.2,0.13333333333333333,0.14606834984270645,0.08333333333333333,0.2,0.4,0.34545454545454546,0.3159817773843634,0.3333333333333333,0.4
11882,8,0.2,0.13333333333333333,0.14606834984270645,0.125,0.2,0.125,0.1346153846153846,0.1089364926177559,0.125,0.1
20506,6,0.2,0.26666666666666666,0.2139862647345275,0.16666666666666666,0.2,0.5,0.3111111111111111,0.29871002070344554,0.5,0.3
124,8,0.4,0.26666666666666666,0.3007851801491498,0.25,0.4,0.5,0.44230769230769224,0.39873718892724236,0.5,0.4
7807,38,0.2,0.13333333333333333,0.14606834984270645,0.02631578947368421,0.2,0.2,0.21818181818181817,0.1731866333482261,0.05263157894736842,0.2
1987,2,0.5,0.5555555555555556,0.6131471927654584,0.5,0.2,0.5,0.5263157894736842,0.6131471927654584,0.5,0.14285714285714285
7050,4,0.25,0.28571428571428575,0.2463023887407299,0.25,0.2,0.25,0.2647058823529412,0.2463023887407299,0.25,0.1
10970,11,0.2,0.3333333333333333,0.33916020527361607,0.09090909090909091,0.2,0.2,0.21818181818181817,0.28634598975246917,0.18181818181818182,0.2
10808,14,0.6,0.7333333333333334,0.6992148198508501,0.21428571428571427,0.6,0.5,0.5818181818181817,0.5933607200949346,0.35714285714285715,0.5
16704,7,0.2,0.13333333333333333,0.14606834984270645,0.14285714285714285,0.2,0.2857142857142857,0.14285714285714285,0.11838279295536291,0.2857142857142857,0.2
8640,5,0.0,0.0,0.0,0.0,0.0,0.0,0.0,0.0,0.0,0.0
17782,2,0.0,0.0,0.0,0.0,0.0,1.0,0.0,0.0,1.0,0.2
13108,4,0.0,0.0,0.0,0.0,0.0,0.25,0.0,0.0,0.25,0.1
18083,7,0.0,0.0,0.0,0.0,0.0,0.0,0.0,0.0,0.0,0.0
16607,1,0.0,0.0,0.0,0.0,0.0,0.0,0.0,0.0,0.0,0.0
6749,2,0.0,0.0,0.0,0.0,0.0,0.0,0.0,0.0,0.0,0.0
962,4,0.0,0.0,0.0,0.0,0.0,0.25,0.0,0.0,0.25,0.1
18809,25,0.0,0.0,0.0,0.0,0.0,0.2,0.09090909090909091,0.13568544539116628,0.08,0.2
18178,20,0.0,0.0,0.0,0.0,0.0,0.0,0.0,0.0,0.0,0.0
5176,7,0.2,0.26666666666666666,0.2139862647345275,0.14285714285714285,0.2,0.2857142857142857,0.2653061224489796,0.265053101293003,0.2857142857142857,0.2
12416,12,0.2,0.06666666666666665,0.13120507751234176,0.08333333333333333,0.2,0.2,0.12727272727272726,0.14876390584057267,0.16666666666666666,0.2
4855,2,1.0,0.0,0.0,1.0,0.4,1.0,0.0,0.0,1.0,0.2
17749,29,0.6,0.46666666666666673,0.4912596920895757,0.10344827586206896,0.6,0.7,0.6545454545454547,0.6062415623539279,0.2413793103448276,0.7
19712,12,0.0,0.0,0.0,0.0,0.0,0.0,0.0,0.0,0.0,0.0
16330,3,0.3333333333333333,0.4166666666666667,0.46927872602275644,0.3333333333333333,0.2,1.0,0.37037037037037035,0.46927872602275644,1.0,0.3
4126,13,0.2,0.19999999999999998,0.16958010263680803,0.07692307692307693,0.2,0.2,0.21818181818181823,0.18340980524840012,0.15384615384615385,0.2
7898,9,0.0,0.0,0.0,0.0,0.0,0.0,0.0,0.0,0.0,0.0
15000,17,0.0,0.0,0.0,0.0,0.0,0.1,0.05454545454545456,0.06943122193677725,0.058823529411764705,0.1
5006,1,0.0,0.0,0.0,0.0,0.0,0.0,0.0,0.0,0.0,0.0
11419,9,0.2,0.13333333333333333,0.14606834984270645,0.1111111111111111,0.2,0.2222222222222222,0.18518518518518517,0.17537722349737472,0.2222222222222222,0.2
5807,2,0.0,0.0,0.0,0.0,0.0,0.0,0.0,0.0,0.0,0.0
7425,14,0.8,0.9333333333333332,0.8687949224876582,0.2857142857142857,0.8,0.7,0.8181818181818183,0.78180487222265,0.5,0.7
1334,7,0.4,0.4000000000000001,0.3600546145772339,0.2857142857142857,0.4,0.5714285714285714,0.32653061224489793,0.29181044994360233,0.5714285714285714,0.4
13369,14,0.6,0.6,0.529634717214042,0.21428571428571427,0.6,0.4,0.49090909090909096,0.4131279133289226,0.2857142857142857,0.4
19645,4,0.0,0.0,0.0,0.0,0.0,0.0,0.0,0.0,0.0,0.0
15084,3,0.6666666666666666,0.75,0.7653606369886217,0.6666666666666666,0.6666666666666666,0.6666666666666666,0.7037037037037036,0.7653606369886217,0.6666666666666666,0.6666666666666666
8220,9,0.0,0.0,0.0,0.0,0.0,0.3333333333333333,0.16666666666666666,0.22325289247765026,0.3333333333333333,0.3
9844,10,0.0,0.0,0.0,0.0,0.0,0.0,0.0,0.0,0.0,0.0
2742,8,0.4,0.3333333333333333,0.31564845247951445,0.25,0.4,0.5,0.4230769230769231,0.39951661681991835,0.5,0.4
9839,28,0.8,0.8000000000000002,0.8304198973631919,0.14285714285714285,0.8,0.5,0.6545454545454544,0.6122496142821665,0.17857142857142858,0.5
2192,12,0.2,0.19999999999999998,0.16958010263680803,0.08333333333333333,0.2,0.3,0.23636363636363641,0.2470305934473518,0.25,0.3
4302,2,0.0,0.0,0.0,0.0,0.0,0.0,0.0,0.0,0.0,0.0
6573,10,0.4,0.26666666666666666,0.3007851801491498,0.2,0.4,0.3,0.34545454545454546,0.2735872697693364,0.3,0.3
14905,24,0.2,0.26666666666666666,0.2139862647345275,0.041666666666666664,0.2,0.2,0.2,0.2051166673279435,0.08333333333333333,0.2
2987,7,0.0,0.0,0.0,0.0,0.0,0.42857142857142855,0.08163265306122448,0.09162544430476363,0.42857142857142855,0.3
907,15,0.4,0.6,0.5531464700081437,0.13333333333333333,0.4,0.3,0.3818181818181818,0.42520843362602373,0.2,0.3
2417,10,0.4,0.5333333333333333,0.5087403079104241,0.2,0.4,0.2,0.32727272727272727,0.3301376494471202,0.2,0.2
1395,3,0.3333333333333333,0.0,0.0,0.3333333333333333,0.2,1.0,0.0,0.0,1.0,0.3
3932,1,1.0,1.0,1.0,1.0,1.0,1.0,1.0,1.0,1.0,1.0
3294,5,0.8,0.7333333333333334,0.7860137352654724,0.8,0.8,0.8,0.775,0.7860137352654724,0.8,0.4
6181,15,0.8,0.9333333333333332,0.8687949224876582,0.26666666666666666,0.8,0.4,0.6181818181818183,0.5637884576902256,0.26666666666666666,0.4
10208,6,0.2,0.19999999999999998,0.16958010263680803,0.16666666666666666,0.2,0.3333333333333333,0.17777777777777778,0.15130120674940672,0.3333333333333333,0.2
3868,5,0.0,0.0,0.0,0.0,0.0,0.0,0.0,0.0,0.0,0.0
14946,13,0.2,0.26666666666666666,0.2139862647345275,0.07692307692307693,0.2,0.1,0.16363636363636364,0.1388624438735545,0.07692307692307693,0.1
17834,14,0.4,0.6,0.5531464700081437,0.14285714285714285,0.4,0.2,0.34545454545454546,0.3589542101716347,0.14285714285714285,0.2
6200,6,0.6,0.6666666666666666,0.6548086577531306,0.5,0.6,0.5,0.5555555555555556,0.5842273861585908,0.5,0.42857142857142855
18194,13,0.6,0.7999999999999999,0.7227265726449518,0.23076923076923078,0.6,0.4,0.5818181818181819,0.5473983622993501,0.3076923076923077,0.4
11543,2,0.0,0.0,0.0,0.0,0.0,0.0,0.0,0.0,0.0,0.0
18115,7,0.4,0.3333333333333333,0.31564845247951445,0.2857142857142857,0.4,0.42857142857142855,0.38775510204081626,0.347446403717272,0.42857142857142855,0.3
10845,6,0.0,0.0,0.0,0.0,0.0,0.3333333333333333,0.0,0.0,0.3333333333333333,0.2
6172,12,0.2,0.26666666666666666,0.2139862647345275,0.08333333333333333,0.2,0.2,0.18181818181818182,0.2024832320725062,0.16666666666666666,0.2
5322,13,0.0,0.0,0.0,0.0,0.0,0.0,0.0,0.0,0.0,0.0
4745,8,0.0,0.0,0.0,0.0,0.0,0.0,0.0,0.0,0.0,0.0
6905,3,0.3333333333333333,0.4166666666666667,0.46927872602275644,0.3333333333333333,0.2,0.6666666666666666,0.37037037037037035,0.46927872602275644,0.6666666666666666,0.2
7912,7,0.2,0.3333333333333333,0.33916020527361607,0.14285714285714285,0.2,0.14285714285714285,0.2040816326530612,0.27487633291429087,0.14285714285714285,0.1
10067,8,0.4,0.4666666666666666,0.38356636737133554,0.25,0.4,0.375,0.3846153846153846,0.36585496707117304,0.375,0.3
14957,5,0.2,0.06666666666666665,0.13120507751234176,0.2,0.2,0.6,0.15,0.13120507751234176,0.6,0.3
11740,13,0.2,0.3333333333333333,0.33916020527361607,0.07692307692307693,0.2,0.2,0.2,0.2837125544970318,0.15384615384615385,0.2
16816,4,0.0,0.0,0.0,0.0,0.0,0.25,0.0,0.0,0.25,0.1
4418,6,0.0,0.0,0.0,0.0,0.0,0.3333333333333333,0.0,0.0,0.3333333333333333,0.2
4148,8,0.2,0.06666666666666665,0.13120507751234176,0.125,0.2,0.125,0.11538461538461538,0.09785159463516041,0.125,0.1
6011,15,0.4,0.3333333333333333,0.31564845247951445,0.13333333333333333,0.4,0.3,0.36363636363636365,0.28323251649726616,0.2,0.3
4840,3,0.0,0.0,0.0,0.0,0.0,0.0,0.0,0.0,0.0,0.0
10038,14,0.4,0.4000000000000001,0.3600546145772339,0.14285714285714285,0.4,0.3,0.34545454545454546,0.3030820301798825,0.21428571428571427,0.3
8911,2,0.0,0.0,0.0,0.0,0.0,1.0,0.0,0.0,1.0,0.2
982,8,0.2,0.3333333333333333,0.33916020527361607,0.125,0.2,0.125,0.1923076923076923,0.2529427027676571,0.125,0.1
14976,10,0.2,0.19999999999999998,0.16958010263680803,0.1,0.2,0.2,0.16363636363636364,0.1736666713479918,0.2,0.2
7022,7,0.2,0.3333333333333333,0.33916020527361607,0.14285714285714285,0.2,0.14285714285714285,0.2040816326530612,0.27487633291429087,0.14285714285714285,0.1
234,13,0.4,0.3333333333333333,0.31564845247951445,0.15384615384615385,0.4,0.3,0.36363636363636365,0.28323251649726616,0.23076923076923078,0.3
14562,7,0.2,0.13333333333333333,0.14606834984270645,0.14285714285714285,0.2,0.2857142857142857,0.24489795918367344,0.2162957183053307,0.2857142857142857,0.2
19449,10,0.2,0.19999999999999998,0.16958010263680803,0.1,0.2,0.2,0.16363636363636364,0.1736666713479918,0.2,0.2
9305,9,0.6,0.5333333333333333,0.6164336326286642,0.3333333333333333,0.6,0.4444444444444444,0.5185185185185185,0.5109271022449579,0.4444444444444444,0.4
10682,7,0.0,0.0,0.0,0.0,0.0,0.0,0.0,0.0,0.0,0.0
5041,8,0.0,0.0,0.0,0.0,0.0,0.0,0.0,0.0,0.0,0.0
10512,8,0.2,0.3333333333333333,0.33916020527361607,0.125,0.2,0.25,0.1923076923076923,0.2529427027676571,0.25,0.2
18580,10,0.0,0.0,0.0,0.0,0.0,0.1,0.018181818181818177,0.0636207881989517,0.1,0.1
11018,21,0.4,0.19999999999999998,0.2772734273550482,0.09523809523809523,0.4,0.4,0.3818181818181818,0.3277609729266243,0.19047619047619047,0.4
10324,15,0.0,0.0,0.0,0.0,0.0,0.1,0.036363636363636355,0.06625422345438903,0.06666666666666667,0.1
812,1,1.0,0.0,0.0,1.0,0.2,1.0,0.0,0.0,1.0,0.2
5190,23,0.6,0.6666666666666666,0.6548086577531306,0.13043478260869565,0.6,0.5,0.5818181818181819,0.5677211578528083,0.21739130434782608,0.5
14150,1,0.0,0.0,0.0,0.0,0.0,0.0,0.0,0.0,0.0,0.0
6389,9,0.0,0.0,0.0,0.0,0.0,0.0,0.0,0.0,0.0,0.0
1929,5,0.4,0.4666666666666666,0.38356636737133554,0.4,0.4,0.6,0.42500000000000004,0.38356636737133554,0.6,0.3
5516,5,0.0,0.0,0.0,0.0,0.0,0.0,0.0,0.0,0.0,0.0
15038,5,0.0,0.0,0.0,0.0,0.0,0.0,0.0,0.0,0.0,0.0
10129,9,0.2,0.13333333333333333,0.14606834984270645,0.1111111111111111,0.2,0.3333333333333333,0.25925925925925924,0.2537257399688699,0.3333333333333333,0.3
13570,9,0.0,0.0,0.0,0.0,0.0,0.0,0.0,0.0,0.0,0.0
10360,12,0.4,0.4666666666666666,0.48522855511632257,0.16666666666666666,0.4,0.3,0.3272727272727272,0.3785009188665826,0.25,0.3
437,6,0.2,0.06666666666666665,0.13120507751234176,0.16666666666666666,0.2,0.8333333333333334,0.24444444444444446,0.22485174766247445,0.8333333333333334,0.5
7943,11,0.2,0.19999999999999998,0.16958010263680803,0.09090909090909091,0.2,0.2,0.21818181818181823,0.18340980524840012,0.18181818181818182,0.2
13140,6,0.2,0.3333333333333333,0.33916020527361607,0.16666666666666666,0.2,0.5,0.3333333333333333,0.4103915680233244,0.5,0.3
7596,6,0.0,0.0,0.0,0.0,0.0,0.16666666666666666,0.0,0.0,0.16666666666666666,0.1
11233,33,0.6,0.6666666666666666,0.6843515475204854,0.09090909090909091,0.6,0.4,0.49090909090909096,0.5103515512676448,0.12121212121212122,0.4
15320,40,0.4,0.3333333333333333,0.34519134224686926,0.05,0.4,0.3,0.36363636363636365,0.30240383049385083,0.075,0.3
19316,1,1.0,1.0,1.0,1.0,0.2,1.0,1.0,1.0,1.0,0.1
15197,9,0.0,0.0,0.0,0.0,0.0,0.2222222222222222,0.07407407407407407,0.07834851647149513,0.2222222222222222,0.2
14445,9,0.2,0.3333333333333333,0.33916020527361607,0.1111111111111111,0.2,0.2222222222222222,0.18518518518518517,0.23504554941448538,0.2222222222222222,0.2
19269,18,0.6,0.6666666666666666,0.6843515475204854,0.16666666666666666,0.6,0.4,0.5272727272727272,0.5174612499126158,0.2222222222222222,0.4
17534,7,0.4,0.6,0.5531464700081437,0.2857142857142857,0.4,0.42857142857142855,0.38775510204081626,0.4483039899025303,0.42857142857142855,0.3
6211,17,0.4,0.39999999999999997,0.4703652827859578,0.11764705882352941,0.4,0.5,0.47272727272727283,0.5193185983095426,0.29411764705882354,0.5
9936,11,0.0,0.0,0.0,0.0,0.0,0.0,0.0,0.0,0.0,0.0
18245,6,0.0,0.0,0.0,0.0,0.0,0.0,0.0,0.0,0.0,0.0
15973,4,0.25,0.35714285714285715,0.39038004999210163,0.25,0.2,0.25,0.2941176470588235,0.39038004999210163,0.25,0.1
10480,10,0.4,0.39999999999999997,0.4703652827859578,0.2,0.4,0.2,0.29090909090909095,0.3052348839397011,0.2,0.2
19750,38,0.4,0.4666666666666666,0.38356636737133554,0.05263157894736842,0.4,0.2,0.30909090909090914,0.24890832702259458,0.05263157894736842,0.2
20005,24,0.8,0.7333333333333334,0.7860137352654724,0.16666666666666666,0.8,0.6,0.6545454545454547,0.6457545768494583,0.25,0.6
1342,4,0.25,0.35714285714285715,0.39038004999210163,0.25,0.2,0.25,0.2941176470588235,0.39038004999210163,0.25,0.1
18626,15,0.4,0.39999999999999997,0.4703652827859578,0.13333333333333333,0.4,0.2,0.29090909090909095,0.3052348839397011,0.13333333333333333,0.2
16822,3,0.3333333333333333,0.0,0.0,0.3333333333333333,0.2,0.3333333333333333,0.0,0.0,0.3333333333333333,0.1
6472,7,0.0,0.0,0.0,0.0,0.0,0.14285714285714285,0.08163265306122448,0.09162544430476363,0.14285714285714285,0.1
15783,15,0.4,0.4666666666666666,0.48522855511632257,0.13333333333333333,0.4,0.3,0.36363636363636365,0.3843113526044082,0.2,0.3
13905,2,1.0,1.0,1.0,1.0,0.4,1.0,1.0,1.0,1.0,0.2
14814,21,0.0,0.0,0.0,0.0,0.0,0.0,0.0,0.0,0.0,0.0
16569,6,0.2,0.3333333333333333,0.33916020527361607,0.16666666666666666,0.2,0.3333333333333333,0.3333333333333333,0.4103915680233244,0.3333333333333333,0.2
18308,13,0.2,0.19999999999999998,0.16958010263680803,0.07692307692307693,0.2,0.1,0.14545454545454548,0.11004588314904007,0.07692307692307693,0.1
14422,7,0.6,0.6666666666666666,0.6548086577531306,0.42857142857142855,0.6,0.7142857142857143,0.5918367346938775,0.6223227366315628,0.7142857142857143,0.5
173,25,0.4,0.26666666666666666,0.3007851801491498,0.08,0.4,0.3,0.3272727272727272,0.26855292289002114,0.12,0.3
8501,3,0.0,0.0,0.0,0.0,0.0,0.0,0.0,0.0,0.0,0.0
2998,13,0.0,0.0,0.0,0.0,0.0,0.0,0.0,0.0,0.0,0.0
9337,6,0.0,0.0,0.0,0.0,0.0,0.0,0.0,0.0,0.0,0.0
7655,5,0.0,0.0,0.0,0.0,0.0,0.0,0.0,0.0,0.0,0.0
8285,5,0.0,0.0,0.0,0.0,0.0,0.2,0.0,0.0,0.2,0.1
694,12,0.2,0.06666666666666665,0.13120507751234176,0.08333333333333333,0.2,0.2,0.18181818181818182,0.15850703974098102,0.16666666666666666,0.2
9347,14,0.2,0.3333333333333333,0.33916020527361607,0.07142857142857142,0.2,0.2,0.21818181818181817,0.28634598975246917,0.14285714285714285,0.2
18461,17,0.4,0.26666666666666666,0.3007851801491498,0.11764705882352941,0.4,0.5,0.36363636363636365,0.394495234380779,0.29411764705882354,0.5
10891,8,0.4,0.4666666666666666,0.38356636737133554,0.25,0.4,0.25,0.3269230769230769,0.2860604285087249,0.25,0.2
18773,2,0.5,0.4444444444444445,0.3868528072345415,0.5,0.2,0.5,0.4736842105263158,0.3868528072345415,0.5,0.1
2242,7,0.0,0.0,0.0,0.0,0.0,0.0,0.0,0.0,0.0,0.0
13368,23,0.4,0.4666666666666666,0.48522855511632257,0.08695652173913043,0.4,0.3,0.3272727272727272,0.3785009188665826,0.13043478260869565,0.3
17108,22,0.6,0.7999999999999999,0.7227265726449518,0.13636363636363635,0.6,0.3,0.49090909090909096,0.46900009332067477,0.13636363636363635,0.3
13398,12,0.2,0.06666666666666665,0.13120507751234176,0.08333333333333333,0.2,0.2,0.2,0.1635413866202963,0.16666666666666666,0.2
4779,1,1.0,0.0,0.0,1.0,0.2,1.0,0.0,0.0,1.0,0.1
11181,5,0.2,0.13333333333333333,0.14606834984270645,0.2,0.2,0.4,0.175,0.14606834984270645,0.4,0.2
13096,1,1.0,0.0,0.0,1.0,0.2,1.0,0.0,0.0,1.0,0.1
19317,15,0.4,0.3333333333333333,0.31564845247951445,0.13333333333333333,0.4,0.3,0.36363636363636365,0.28323251649726616,0.2,0.3
15383,17,0.6,0.6666666666666666,0.6548086577531306,0.17647058823529413,0.6,0.3,0.45454545454545453,0.424926013816671,0.17647058823529413,0.3
11502,5,0.0,0.0,0.0,0.0,0.0,0.4,0.0,0.0,0.4,0.2
10767,6,0.2,0.3333333333333333,0.33916020527361607,0.16666666666666666,0.2,0.5,0.2222222222222222,0.30260241349881345,0.5,0.3
5940,6,0.2,0.26666666666666666,0.2139862647345275,0.16666666666666666,0.2,0.16666666666666666,0.2,0.1909208661789346,0.16666666666666666,0.1
906,20,0.2,0.3333333333333333,0.33916020527361607,0.05,0.2,0.3,0.2909090909090909,0.35970991185182927,0.15,0.3
5690,27,0.6,0.5333333333333333,0.5147714448836773,0.1111111111111111,0.6,0.4,0.45454545454545453,0.40030566811860463,0.14814814814814814,0.4
4276,8,0.2,0.06666666666666665,0.13120507751234176,0.125,0.2,0.125,0.11538461538461538,0.09785159463516041,0.125,0.1
8353,3,0.6666666666666666,0.6666666666666667,0.7039180890341346,0.6666666666666666,0.4,1.0,0.6666666666666666,0.7039180890341346,1.0,0.3333333333333333
5333,10,0.0,0.0,0.0,0.0,0.0,0.0,0.0,0.0,0.0,0.0
5996,1,1.0,1.0,1.0,1.0,0.2,1.0,1.0,1.0,1.0,0.1
13350,4,0.25,0.0,0.0,0.25,0.2,0.5,0.0,0.0,0.5,0.2
1113,1,0.0,0.0,0.0,0.0,0.0,0.0,0.0,0.0,0.0,0.0
20028,7,0.0,0.0,0.0,0.0,0.0,0.0,0.0,0.0,0.0,0.0
8743,6,0.2,0.06666666666666665,0.13120507751234176,0.16666666666666666,0.2,0.3333333333333333,0.13333333333333333,0.11706259313796352,0.3333333333333333,0.2
10665,11,0.2,0.3333333333333333,0.33916020527361607,0.09090909090909091,0.2,0.2,0.2545454545454545,0.29345568839744024,0.18181818181818182,0.2
11737,3,0.6666666666666666,0.25,0.23463936301137822,0.6666666666666666,0.4,0.6666666666666666,0.2962962962962963,0.23463936301137822,0.6666666666666666,0.2
14079,5,0.0,0.0,0.0,0.0,0.0,0.4,0.0,0.0,0.4,0.2
6154,8,0.6,0.7999999999999999,0.7227265726449518,0.375,0.6,0.5,0.5192307692307693,0.5390031312763821,0.5,0.4
7599,7,0.2,0.26666666666666666,0.2139862647345275,0.14285714285714285,0.2,0.2857142857142857,0.2653061224489796,0.265053101293003,0.2857142857142857,0.2
15979,7,0.0,0.0,0.0,0.0,0.0,0.0,0.0,0.0,0.0,0.0
3185,9,1.0,1.0,1.0,0.5555555555555556,1.0,0.8888888888888888,0.9629629629629629,0.9292442392789194,0.8888888888888888,0.8
2834,17,0.6,0.6666666666666666,0.6843515475204854,0.17647058823529413,0.6,0.4,0.5454545454545454,0.522495596791931,0.23529411764705882,0.4
13226,16,0.2,0.3333333333333333,0.33916020527361607,0.0625,0.2,0.2,0.2,0.2837125544970318,0.125,0.2
19931,10,0.4,0.6,0.5531464700081437,0.2,0.4,0.2,0.34545454545454546,0.3589542101716347,0.2,0.2
11398,8,0.6,0.7999999999999999,0.7227265726449518,0.375,0.6,0.5,0.5192307692307693,0.5390031312763821,0.5,0.4
1067,9,0.6,0.7333333333333334,0.6992148198508501,0.3333333333333333,0.6,0.4444444444444444,0.574074074074074,0.5682963021961281,0.4444444444444444,0.4
17982,16,0.2,0.13333333333333333,0.14606834984270645,0.0625,0.2,0.1,0.12727272727272726,0.09478836436955078,0.0625,0.1
16923,11,0.0,0.0,0.0,0.0,0.0,0.0,0.0,0.0,0.0,0.0
578,10,0.4,0.6,0.5531464700081437,0.2,0.4,0.3,0.3818181818181818,0.42520843362602373,0.3,0.3
11227,4,0.5,0.14285714285714288,0.16812753627111746,0.5,0.4,0.5,0.20588235294117643,0.16812753627111746,0.5,0.2222222222222222
10299,11,0.4,0.3333333333333333,0.34519134224686926,0.18181818181818182,0.4,0.2,0.2727272727272727,0.22400556151517548,0.18181818181818182,0.2
18742,9,0.4,0.4000000000000001,0.3600546145772339,0.2222222222222222,0.4,0.3333333333333333,0.37037037037037035,0.32787435525394437,0.3333333333333333,0.3
785,7,0.0,0.0,0.0,0.0,0.0,0.0,0.0,0.0,0.0,0.0
708,3,0.0,0.0,0.0,0.0,0.0,0.0,0.0,0.0,0.0,0.0
14464,7,0.4,0.19999999999999998,0.2772734273550482,0.2857142857142857,0.4,0.42857142857142855,0.26530612244897955,0.22471947398559272,0.42857142857142855,0.3
3338,5,0.2,0.13333333333333333,0.14606834984270645,0.2,0.2,0.4,0.175,0.14606834984270645,0.4,0.2
12398,11,0.4,0.6,0.5531464700081437,0.18181818181818182,0.4,0.2,0.34545454545454546,0.3589542101716347,0.18181818181818182,0.2
12933,14,0.2,0.06666666666666665,0.13120507751234176,0.07142857142857142,0.2,0.2,0.18181818181818182,0.15850703974098102,0.14285714285714285,0.2
3949,5,0.2,0.13333333333333333,0.14606834984270645,0.2,0.2,0.4,0.175,0.14606834984270645,0.4,0.2
17004,1,1.0,0.0,0.0,1.0,0.2,1.0,0.0,0.0,1.0,0.125
2147,5,0.0,0.0,0.0,0.0,0.0,0.4,0.0,0.0,0.4,0.2
6701,1,0.0,0.0,0.0,0.0,0.0,0.0,0.0,0.0,0.0,0.0
16032,6,0.2,0.13333333333333333,0.14606834984270645,0.16666666666666666,0.2,0.16666666666666666,0.15555555555555556,0.13032376591037065,0.16666666666666666,0.16666666666666666
2432,7,0.0,0.0,0.0,0.0,0.0,0.0,0.0,0.0,0.0,0.0
14717,4,0.0,0.0,0.0,0.0,0.0,0.0,0.0,0.0,0.0,0.0
423,6,0.8,0.8666666666666666,0.8539316501572936,0.6666666666666666,0.8,0.8333333333333334,0.8444444444444446,0.8696762340896294,0.8333333333333334,0.5
9151,4,0.25,0.35714285714285715,0.39038004999210163,0.25,0.2,0.25,0.2941176470588235,0.39038004999210163,0.25,0.1
10267,13,0.6,0.7333333333333334,0.6992148198508501,0.23076923076923078,0.6,0.3,0.47272727272727266,0.4537425745411855,0.23076923076923078,0.3
15820,9,0.2,0.26666666666666666,0.2139862647345275,0.1111111111111111,0.2,0.1111111111111111,0.16666666666666666,0.14829723057014907,0.1111111111111111,0.1
15791,12,0.2,0.3333333333333333,0.33916020527361607,0.08333333333333333,0.2,0.3,0.34545454545454546,0.37185395737611554,0.25,0.3
6035,2,0.0,0.0,0.0,0.0,0.0,0.0,0.0,0.0,0.0,0.0
8359,14,0.2,0.19999999999999998,0.16958010263680803,0.07142857142857142,0.2,0.1,0.14545454545454548,0.11004588314904007,0.07142857142857142,0.1
14887,2,0.5,0.5555555555555556,0.6131471927654584,0.5,0.2,0.5,0.5263157894736842,0.6131471927654584,0.5,0.1
12341,3,0.0,0.0,0.0,0.0,0.0,0.0,0.0,0.0,0.0,0.0
782,3,0.6666666666666666,0.75,0.7653606369886217,0.6666666666666666,0.4,0.6666666666666666,0.7037037037037036,0.7653606369886217,0.6666666666666666,0.2
10252,8,0.0,0.0,0.0,0.0,0.0,0.0,0.0,0.0,0.0,0.0
16590,18,0.6,0.7999999999999999,0.7227265726449518,0.16666666666666666,0.6,0.4,0.5454545454545454,0.538431315257452,0.2222222222222222,0.4
13490,16,0.8,0.6666666666666666,0.6608397947263838,0.25,0.8,0.6,0.6545454545454547,0.5708588662113934,0.375,0.6
8366,4,0.0,0.0,0.0,0.0,0.0,0.25,0.0,0.0,0.25,0.1
6688,4,0.0,0.0,0.0,0.0,0.0,0.25,0.0,0.0,0.25,0.1
10577,15,0.2,0.13333333333333333,0.14606834984270645,0.06666666666666667,0.2,0.4,0.30909090909090914,0.31017134364653787,0.26666666666666666,0.4
17485,3,0.3333333333333333,0.0,0.0,0.3333333333333333,0.2,0.3333333333333333,0.0,0.0,0.3333333333333333,0.1
20174,8,0.0,0.0,0.0,0.0,0.0,0.25,0.0,0.0,0.25,0.2
10005,15,0.2,0.13333333333333333,0.14606834984270645,0.06666666666666667,0.2,0.2,0.1636363636363636,0.16104258782393982,0.13333333333333333,0.2
14702,17,0.2,0.3333333333333333,0.33916020527361607,0.058823529411764705,0.2,0.1,0.18181818181818182,0.22009176629808014,0.058823529411764705,0.1
17879,11,0.4,0.5333333333333333,0.5087403079104241,0.18181818181818182,0.4,0.5,0.509090909090909,0.5442213638169617,0.45454545454545453,0.5
14418,9,0.2,0.3333333333333333,0.33916020527361607,0.1111111111111111,0.2,0.1111111111111111,0.18518518518518517,0.23504554941448538,0.1111111111111111,0.1
16909,9,0.2,0.3333333333333333,0.33916020527361607,0.1111111111111111,0.2,0.4444444444444444,0.2962962962962963,0.38414982660706115,0.4444444444444444,0.4
7945,3,0.0,0.0,0.0,0.0,0.0,0.0,0.0,0.0,0.0,0.0
1873,6,0.0,0.0,0.0,0.0,0.0,0.16666666666666666,0.0,0.0,0.16666666666666666,0.1
126,4,0.5,0.6428571428571429,0.6366824387328316,0.5,0.4,0.75,0.5588235294117646,0.6366824387328316,0.75,0.375
6866,3,0.6666666666666666,0.4166666666666667,0.46927872602275644,0.6666666666666666,0.4,0.6666666666666666,0.37037037037037035,0.46927872602275644,0.6666666666666666,0.2
8597,14,0.2,0.19999999999999998,0.16958010263680803,0.07142857142857142,0.2,0.1,0.14545454545454548,0.11004588314904007,0.07142857142857142,0.1
2425,1,0.0,0.0,0.0,0.0,0.0,0.0,0.0,0.0,0.0,0.0
19687,7,0.0,0.0,0.0,0.0,0.0,0.0,0.0,0.0,0.0,0.0
15424,16,0.0,0.0,0.0,0.0,0.0,0.1,0.07272727272727274,0.07336392209936006,0.0625,0.1
10537,3,0.0,0.0,0.0,0.0,0.0,0.0,0.0,0.0,0.0,0.0
13319,3,0.6666666666666666,0.4166666666666667,0.46927872602275644,0.6666666666666666,0.4,0.6666666666666666,0.37037037037037035,0.46927872602275644,0.6666666666666666,0.2
14569,1,0.0,0.0,0.0,0.0,0.0,0.0,0.0,0.0,0.0,0.0
2639,9,0.0,0.0,0.0,0.0,0.0,0.0,0.0,0.0,0.0,0.0
17829,14,0.2,0.19999999999999998,0.16958010263680803,0.07142857142857142,0.2,0.3,0.2545454545454546,0.24966402870278911,0.21428571428571427,0.3
11685,3,0.6666666666666666,0.4166666666666667,0.46927872602275644,0.6666666666666666,0.4,1.0,0.37037037037037035,0.46927872602275644,1.0,0.3
6142,6,0.0,0.0,0.0,0.0,0.0,0.16666666666666666,0.0,0.0,0.16666666666666666,0.1
16572,16,0.0,0.0,0.0,0.0,0.0,0.1,0.09090909090909091,0.07839826897867533,0.0625,0.1
1728,7,0.2,0.3333333333333333,0.33916020527361607,0.14285714285714285,0.2,0.14285714285714285,0.2040816326530612,0.27487633291429087,0.14285714285714285,0.1
10108,25,0.6,0.5333333333333333,0.6164336326286642,0.12,0.6,0.6,0.618181818181818,0.6180396628416763,0.24,0.6
12642,1,0.0,0.0,0.0,0.0,0.0,0.0,0.0,0.0,0.0,0.0
9015,6,0.0,0.0,0.0,0.0,0.0,0.0,0.0,0.0,0.0,0.0
4905,10,0.4,0.5333333333333333,0.5087403079104241,0.2,0.4,0.4,0.45454545454545453,0.4729327934832575,0.4,0.4
5526,12,0.6,0.6,0.6399453854227659,0.25,0.6,0.4,0.49090909090909096,0.48471198902551843,0.3333333333333333,0.4
8293,4,0.0,0.0,0.0,0.0,0.0,0.25,0.0,0.0,0.25,0.1
9038,1,1.0,0.0,0.0,1.0,0.2,1.0,0.0,0.0,1.0,0.1111111111111111
17427,10,0.0,0.0,0.0,0.0,0.0,0.0,0.0,0.0,0.0,0.0
16172,6,0.0,0.0,0.0,0.0,0.0,0.0,0.0,0.0,0.0,0.0
8930,3,0.3333333333333333,0.4166666666666667,0.46927872602275644,0.3333333333333333,0.2,0.6666666666666666,0.37037037037037035,0.46927872602275644,0.6666666666666666,0.2
11957,32,0.8,0.9333333333333332,0.8687949224876582,0.125,0.8,0.5,0.6545454545454547,0.6300426811446146,0.15625,0.5
7286,15,0.0,0.0,0.0,0.0,0.0,0.3,0.18181818181818182,0.2153829792769871,0.2,0.3
6070,10,0.2,0.19999999999999998,0.16958010263680803,0.1,0.2,0.1,0.14545454545454548,0.11004588314904007,0.1,0.1
143,8,0.0,0.0,0.0,0.0,0.0,0.0,0.0,0.0,0.0,0.0
10109,11,0.4,0.5333333333333333,0.5087403079104241,0.18181818181818182,0.4,0.2,0.32727272727272727,0.3301376494471202,0.18181818181818182,0.2
13435,3,0.0,0.0,0.0,0.0,0.0,0.0,0.0,0.0,0.0,0.0
10443,1,0.0,0.0,0.0,0.0,0.0,1.0,0.0,0.0,1.0,0.1
243,18,0.0,0.0,0.0,0.0,0.0,0.0,0.0,0.0,0.0,0.0
14792,4,0.25,0.35714285714285715,0.39038004999210163,0.25,0.2,0.25,0.2941176470588235,0.39038004999210163,0.25,0.1
6505,24,0.6,0.6666666666666666,0.6843515475204854,0.125,0.6,0.5,0.5636363636363636,0.5837154733670048,0.20833333333333334,0.5
2465,13,0.4,0.4666666666666666,0.38356636737133554,0.15384615384615385,0.4,0.3,0.34545454545454546,0.3151625504769836,0.23076923076923078,0.3
8973,18,0.2,0.3333333333333333,0.33916020527361607,0.05555555555555555,0.2,0.1,0.18181818181818182,0.22009176629808014,0.05555555555555555,0.1
11595,11,0.2,0.26666666666666666,0.2139862647345275,0.09090909090909091,0.2,0.1,0.16363636363636364,0.1388624438735545,0.09090909090909091,0.1
3465,13,0.4,0.26666666666666666,0.3007851801491498,0.15384615384615385,0.4,0.2,0.2545454545454545,0.19518900079066104,0.15384615384615385,0.2
317,26,0.4,0.5333333333333333,0.5087403079104241,0.07692307692307693,0.4,0.3,0.41818181818181815,0.4085359184257955,0.11538461538461539,0.3
3985,9,0.4,0.4666666666666666,0.48522855511632257,0.2222222222222222,0.4,0.2222222222222222,0.31481481481481477,0.3362741576267856,0.2222222222222222,0.2222222222222222
4835,3,0.6666666666666666,0.25,0.23463936301137822,0.6666666666666666,0.4,0.6666666666666666,0.2962962962962963,0.23463936301137822,0.6666666666666666,0.2
19896,5,0.2,0.3333333333333333,0.33916020527361607,0.2,0.2,0.4,0.25,0.33916020527361607,0.4,0.2
9465,15,0.4,0.4666666666666666,0.48522855511632257,0.13333333333333333,0.4,0.6,0.5454545454545455,0.5996943318813953,0.4,0.6
15272,13,0.2,0.3333333333333333,0.33916020527361607,0.07692307692307693,0.2,0.2,0.21818181818181817,0.28634598975246917,0.15384615384615385,0.2
18408,7,0.4,0.39999999999999997,0.4703652827859578,0.2857142857142857,0.4,0.2857142857142857,0.32653061224489793,0.3812130139445206,0.2857142857142857,0.2
5381,4,0.0,0.0,0.0,0.0,0.0,0.0,0.0,0.0,0.0,0.0
12293,22,0.2,0.3333333333333333,0.33916020527361607,0.045454545454545456,0.2,0.2,0.23636363636363636,0.2895229882348574,0.09090909090909091,0.2
4596,8,0.2,0.26666666666666666,0.2139862647345275,0.125,0.2,0.125,0.17307692307692307,0.1595890771248963,0.125,0.1
20611,8,0.0,0.0,0.0,0.0,0.0,0.125,0.09615384615384615,0.0901000086523677,0.125,0.1
10387,9,0.0,0.0,0.0,0.0,0.0,0.0,0.0,0.0,0.0,0.0
10316,23,0.6,0.5333333333333333,0.6164336326286642,0.13043478260869565,0.6,0.5,0.5454545454545454,0.5446757407423163,0.21739130434782608,0.5
0,27,0.4,0.4666666666666666,0.48522855511632257,0.07407407407407407,0.4,0.5,0.43636363636363634,0.5181190644203317,0.18518518518518517,0.5
5145,7,0.2,0.26666666666666666,0.2139862647345275,0.14285714285714285,0.2,0.14285714285714285,0.18367346938775508,0.17342765698823942,0.14285714285714285,0.1
4209,5,0.2,0.3333333333333333,0.33916020527361607,0.2,0.2,0.2,0.25,0.33916020527361607,0.2,0.1
12687,11,0.4,0.39999999999999997,0.4703652827859578,0.18181818181818182,0.4,0.5,0.47272727272727283,0.5193185983095426,0.45454545454545453,0.5
12231,2,0.5,0.4444444444444445,0.3868528072345415,0.5,0.2,1.0,0.4736842105263158,0.3868528072345415,1.0,0.2
10788,7,0.0,0.0,0.0,0.0,0.0,0.2857142857142857,0.0,0.0,0.2857142857142857,0.2
1948,11,0.0,0.0,0.0,0.0,0.0,0.0,0.0,0.0,0.0,0.0
11377,24,0.2,0.19999999999999998,0.16958010263680803,0.041666666666666664,0.2,0.1,0.14545454545454548,0.11004588314904007,0.041666666666666664,0.1
18696,5,0.0,0.0,0.0,0.0,0.0,0.0,0.0,0.0,0.0,0.0
4037,11,0.2,0.13333333333333333,0.14606834984270645,0.09090909090909091,0.2,0.2,0.18181818181818182,0.16421958630632802,0.18181818181818182,0.2
144,3,0.3333333333333333,0.25,0.23463936301137822,0.3333333333333333,0.2,0.3333333333333333,0.2962962962962963,0.23463936301137822,0.3333333333333333,0.1
9877,5,0.0,0.0,0.0,0.0,0.0,0.0,0.0,0.0,0.0,0.0
575,18,0.0,0.0,0.0,0.0,0.0,0.3,0.14545454545454545,0.20827328063201603,0.16666666666666666,0.3
9287,7,0.4,0.4000000000000001,0.3600546145772339,0.2857142857142857,0.4,0.2857142857142857,0.32653061224489793,0.29181044994360233,0.2857142857142857,0.2
12225,3,1.0,1.0,1.0,1.0,0.75,1.0,1.0,1.0,1.0,0.75
4365,25,0.0,0.0,0.0,0.0,0.0,0.0,0.0,0.0,0.0,0.0
991,4,0.0,0.0,0.0,0.0,0.0,0.0,0.0,0.0,0.0,0.0
2604,8,0.2,0.26666666666666666,0.2139862647345275,0.125,0.2,0.25,0.25,0.243903311380782,0.25,0.2
85,5,0.0,0.0,0.0,0.0,0.0,0.4,0.0,0.0,0.4,0.2
16582,4,0.25,0.35714285714285715,0.39038004999210163,0.25,0.2,0.25,0.2941176470588235,0.39038004999210163,0.25,0.1
2857,24,0.0,0.0,0.0,0.0,0.0,0.3,0.21818181818181823,0.22119341301481263,0.125,0.3
17738,8,0.8,0.8666666666666666,0.8539316501572936,0.5,0.8,0.625,0.6346153846153847,0.6368547259115426,0.625,0.5
17164,1,0.0,0.0,0.0,0.0,0.0,0.0,0.0,0.0,0.0,0.0
9663,4,0.0,0.0,0.0,0.0,0.0,0.0,0.0,0.0,0.0,0.0
18747,8,0.0,0.0,0.0,0.0,0.0,0.25,0.09615384615384615,0.0901000086523677,0.25,0.2
4611,32,0.4,0.4666666666666666,0.38356636737133554,0.0625,0.4,0.4,0.45454545454545453,0.39673781793804713,0.125,0.4
7218,9,0.4,0.4666666666666666,0.38356636737133554,0.2222222222222222,0.4,0.5555555555555556,0.48148148148148145,0.42789343574808036,0.5555555555555556,0.5
8400,8,0.0,0.0,0.0,0.0,0.0,0.0,0.0,0.0,0.0,0.0
20534,11,0.0,0.0,0.0,0.0,0.0,0.0,0.0,0.0,0.0,0.0
15013,10,0.0,0.0,0.0,0.0,0.0,0.2,0.10909090909090909,0.13961814555374907,0.2,0.2
2689,2,1.0,0.0,0.0,1.0,0.4,1.0,0.0,0.0,1.0,0.2
819,8,0.4,0.3333333333333333,0.34519134224686926,0.25,0.4,0.375,0.3846153846153846,0.3475406804124244,0.375,0.3
10433,19,0.0,0.0,0.0,0.0,0.0,0.3,0.2,0.21801641453242443,0.15789473684210525,0.3
10490,3,0.3333333333333333,0.0,0.0,0.3333333333333333,0.2,0.3333333333333333,0.0,0.0,0.3333333333333333,0.1
2152,8,0.0,0.0,0.0,0.0,0.0,0.125,0.0,0.0,0.125,0.1
12599,11,0.0,0.0,0.0,0.0,0.0,0.0,0.0,0.0,0.0,0.0
16665,10,0.4,0.3333333333333333,0.31564845247951445,0.2,0.4,0.5,0.45454545454545453,0.4202172267955779,0.5,0.5
13607,3,0.3333333333333333,0.0,0.0,0.3333333333333333,0.2,0.3333333333333333,0.0,0.0,0.3333333333333333,0.1
11599,10,0.4,0.4666666666666666,0.38356636737133554,0.2,0.4,0.4,0.4,0.38459377241376086,0.4,0.4
5851,8,0.6,0.7999999999999999,0.7227265726449518,0.375,0.6,0.5,0.5192307692307693,0.6448244864271548,0.375,0.5
15476,19,0.2,0.3333333333333333,0.33916020527361607,0.05263157894736842,0.2,0.4,0.29090909090909095,0.4193979998881981,0.21052631578947367,0.4
11205,7,0.2,0.3333333333333333,0.33916020527361607,0.14285714285714285,0.2,0.42857142857142855,0.38775510204081626,0.4644147025690223,0.42857142857142855,0.3
19253,13,0.4,0.6,0.5531464700081437,0.15384615384615385,0.4,0.2,0.34545454545454546,0.3589542101716347,0.15384615384615385,0.2
5455,10,0.8,0.8000000000000002,0.8304198973631919,0.4,0.8,0.6,0.6727272727272727,0.6745711375739728,0.6,0.6
19051,4,0.0,0.0,0.0,0.0,0.0,0.0,0.0,0.0,0.0,0.0
1658,9,0.0,0.0,0.0,0.0,0.0,0.0,0.0,0.0,0.0,0.0
18082,34,0.4,0.5333333333333333,0.5087403079104241,0.058823529411764705,0.4,0.4,0.45454545454545453,0.47479014188018454,0.11764705882352941,0.4
17796,11,0.0,0.0,0.0,0.0,0.0,0.0,0.0,0.0,0.0,0.0
112,5,0.2,0.06666666666666665,0.13120507751234176,0.2,0.2,0.6,0.15,0.13120507751234176,0.6,0.3
11948,9,0.0,0.0,0.0,0.0,0.0,0.0,0.0,0.0,0.0,0.0
20356,4,0.25,0.2142857142857143,0.19519002499605081,0.25,0.2,0.5,0.23529411764705882,0.19519002499605081,0.5,0.2
6038,17,0.2,0.3333333333333333,0.33916020527361607,0.058823529411764705,0.2,0.2,0.2727272727272727,0.2984900352767555,0.11764705882352941,0.2
1294,7,0.6,0.5333333333333333,0.5147714448836773,0.42857142857142855,0.6,1.0,0.6530612244897959,0.6067408741303462,1.0,0.7
5343,43,0.4,0.39999999999999997,0.4703652827859578,0.046511627906976744,0.4,0.3,0.36363636363636365,0.37859880603906115,0.06976744186046512,0.3
13128,1,0.0,0.0,0.0,0.0,0.0,0.0,0.0,0.0,0.0,0.0
11843,7,0.6,0.6666666666666666,0.6843515475204854,0.42857142857142855,0.6,0.42857142857142855,0.5102040816326531,0.5546406709327601,0.42857142857142855,0.3
5780,15,0.4,0.26666666666666666,0.3007851801491498,0.13333333333333333,0.4,0.3,0.2727272727272727,0.2588097889896127,0.2,0.3
6357,8,0.0,0.0,0.0,0.0,0.0,0.125,0.09615384615384615,0.0901000086523677,0.125,0.1
15924,12,0.6,0.6666666666666666,0.6548086577531306,0.25,0.6,0.3,0.45454545454545453,0.424926013816671,0.25,0.3
7314,8,0.0,0.0,0.0,0.0,0.0,0.125,0.057692307692307696,0.07979453856244816,0.125,0.1
15859,32,0.2,0.13333333333333333,0.14606834984270645,0.03125,0.2,0.2,0.1636363636363636,0.16104258782393982,0.0625,0.2
14780,5,0.2,0.3333333333333333,0.33916020527361607,0.2,0.2,0.4,0.25,0.33916020527361607,0.4,0.2
7099,15,0.4,0.4666666666666666,0.48522855511632257,0.13333333333333333,0.4,0.2,0.3090909090909091,0.31488013066763093,0.13333333333333333,0.2
10328,16,0.0,0.0,0.0,0.0,0.0,0.1,0.07272727272727274,0.07336392209936006,0.0625,0.1
19198,33,0.4,0.3333333333333333,0.34519134224686926,0.06060606060606061,0.4,0.2,0.2727272727272727,0.22400556151517548,0.06060606060606061,0.2
12483,9,0.4,0.5333333333333333,0.5087403079104241,0.2222222222222222,0.4,0.2222222222222222,0.3333333333333333,0.352568324121728,0.2222222222222222,0.2
14842,20,0.4,0.3333333333333333,0.31564845247951445,0.1,0.4,0.4,0.41818181818181815,0.3526637384340434,0.2,0.4
10599,10,0.0,0.0,0.0,0.0,0.0,0.0,0.0,0.0,0.0,0.0
3123,10,0.0,0.0,0.0,0.0,0.0,0.1,0.036363636363636355,0.06625422345438903,0.1,0.1
9822,16,0.2,0.3333333333333333,0.33916020527361607,0.0625,0.2,0.4,0.36363636363636365,0.4354747455750672,0.25,0.4
14446,11,0.0,0.0,0.0,0.0,0.0,0.0,0.0,0.0,0.0,0.0
3040,29,0.6,0.5333333333333333,0.6164336326286642,0.10344827586206896,0.6,0.6,0.6363636363636364,0.6212166613240645,0.20689655172413793,0.6
10465,11,0.6,0.7333333333333334,0.6992148198508501,0.2727272727272727,0.6,0.3,0.47272727272727266,0.4537425745411855,0.2727272727272727,0.3
7863,3,0.3333333333333333,0.0,0.0,0.3333333333333333,0.2,0.3333333333333333,0.0,0.0,0.3333333333333333,0.1
12134,4,0.0,0.0,0.0,0.0,0.0,0.25,0.0,0.0,0.25,0.1
19693,3,0.0,0.0,0.0,0.0,0.0,0.0,0.0,0.0,0.0,0.0
433,5,0.2,0.3333333333333333,0.33916020527361607,0.2,0.2,0.4,0.25,0.33916020527361607,0.4,0.2
1812,21,0.6,0.7999999999999999,0.7227265726449518,0.14285714285714285,0.6,0.6,0.7090909090909091,0.6901935063354874,0.2857142857142857,0.6
12600,7,0.0,0.0,0.0,0.0,0.0,0.0,0.0,0.0,0.0,0.0
19173,10,0.0,0.0,0.0,0.0,0.0,0.1,0.036363636363636355,0.06625422345438903,0.1,0.1
1963,10,0.0,0.0,0.0,0.0,0.0,0.125,0.09090909090909091,0.0901000086523677,0.1,0.125
16916,32,0.6,0.6666666666666666,0.6843515475204854,0.09375,0.6,0.6,0.6727272727272727,0.6652907408280683,0.1875,0.6
11914,21,0.4,0.4000000000000001,0.3600546145772339,0.09523809523809523,0.4,0.4,0.41818181818181815,0.37830330067616963,0.19047619047619047,0.4
18080,18,0.4,0.3333333333333333,0.34519134224686926,0.1111111111111111,0.4,0.2,0.2727272727272727,0.22400556151517548,0.1111111111111111,0.2
18286,4,0.75,0.8571428571428572,0.8318724637288825,0.75,0.6,0.75,0.7941176470588235,0.8318724637288825,0.75,0.3
9005,10,0.4,0.6,0.5531464700081437,0.2,0.4,0.4,0.4181818181818182,0.49200622030736363,0.4,0.4
8187,6,0.4,0.4666666666666666,0.48522855511632257,0.3333333333333333,0.4,0.5,0.37777777777777777,0.4329261794091841,0.5,0.3
17428,1,0.0,0.0,0.0,0.0,0.0,0.0,0.0,0.0,0.0,0.0
7335,9,0.6,0.6,0.529634717214042,0.3333333333333333,0.6,0.3333333333333333,0.4444444444444445,0.367048613489692,0.3333333333333333,0.3
8399,7,0.2,0.19999999999999998,0.16958010263680803,0.14285714285714285,0.2,0.14285714285714285,0.16326530612244897,0.13743816645714543,0.14285714285714285,0.1
12580,6,0.0,0.0,0.0,0.0,0.0,0.0,0.0,0.0,0.0,0.0
18212,4,0.5,0.14285714285714288,0.16812753627111746,0.5,0.4,0.5,0.20588235294117643,0.16812753627111746,0.5,0.2
18265,43,0.4,0.3333333333333333,0.31564845247951445,0.046511627906976744,0.4,0.3,0.34545454545454546,0.2781981696179509,0.06976744186046512,0.3
20229,10,0.2,0.19999999999999998,0.16958010263680803,0.1,0.2,0.1,0.14545454545454548,0.11004588314904007,0.1,0.1
18271,6,0.4,0.3333333333333333,0.34519134224686926,0.3333333333333333,0.4,0.8333333333333334,0.4444444444444444,0.41577261384140907,0.8333333333333334,0.5
6891,17,0.2,0.13333333333333333,0.14606834984270645,0.058823529411764705,0.2,0.2,0.14545454545454545,0.15840915256850246,0.11764705882352941,0.2
7798,1,0.0,0.0,0.0,0.0,0.0,1.0,0.0,0.0,1.0,0.1
2174,5,0.4,0.39999999999999997,0.4703652827859578,0.4,0.4,0.4,0.4,0.4703652827859578,0.4,0.2
13896,7,0.2,0.3333333333333333,0.33916020527361607,0.14285714285714285,0.2,0.2857142857142857,0.2040816326530612,0.27487633291429087,0.2857142857142857,0.2
642,22,0.2,0.3333333333333333,0.33916020527361607,0.045454545454545456,0.2,0.1,0.18181818181818182,0.22009176629808014,0.045454545454545456,0.1
2593,9,0.0,0.0,0.0,0.0,0.0,0.2222222222222222,0.16666666666666666,0.1620734304706886,0.2222222222222222,0.2
15372,7,0.8,0.6666666666666666,0.6608397947263838,0.5714285714285714,0.8,0.8571428571428571,0.7142857142857143,0.6334982227809454,0.8571428571428571,0.6
1478,5,0.4,0.4000000000000001,0.3600546145772339,0.4,0.4,0.8,0.4,0.3600546145772339,0.8,0.4
10391,1,1.0,1.0,1.0,1.0,0.3333333333333333,1.0,1.0,1.0,1.0,0.3333333333333333
2245,5,1.0,1.0,1.0,1.0,1.0,1.0,1.0,1.0,1.0,0.8333333333333334
6173,5,0.4,0.4666666666666666,0.48522855511632257,0.4,0.4,0.6,0.425,0.48522855511632257,0.6,0.3
2704,5,0.0,0.0,0.0,0.0,0.0,0.0,0.0,0.0,0.0,0.0
8068,8,0.4,0.4000000000000001,0.3600546145772339,0.25,0.4,0.25,0.3076923076923077,0.2685255697426522,0.25,0.2
7782,2,0.0,0.0,0.0,0.0,0.0,0.5,0.0,0.0,0.5,0.1
4436,16,0.4,0.3333333333333333,0.34519134224686926,0.125,0.4,0.4,0.38181818181818183,0.3660246186928025,0.25,0.4
11051,2,0.0,0.0,0.0,0.0,0.0,0.0,0.0,0.0,0.0,0.0
311,33,0.0,0.0,0.0,0.0,0.0,0.2,0.09090909090909091,0.13568544539116628,0.06060606060606061,0.2
6084,7,0.4,0.5333333333333333,0.5087403079104241,0.2857142857142857,0.4,0.5714285714285714,0.4489795918367347,0.5039399436761999,0.5714285714285714,0.4
6997,8,0.0,0.0,0.0,0.0,0.0,0.0,0.0,0.0,0.0,0.0
7184,20,0.6,0.39999999999999997,0.4468535299918562,0.15,0.6,0.4,0.4727272727272727,0.36837563413888713,0.2,0.4
19764,15,0.2,0.13333333333333333,0.14606834984270645,0.06666666666666667,0.2,0.1,0.12727272727272726,0.09478836436955078,0.06666666666666667,0.1
14939,4,0.5,0.5,0.5585075862632192,0.5,0.4,0.5,0.49999999999999994,0.5585075862632192,0.5,0.2
20355,9,0.2,0.3333333333333333,0.33916020527361607,0.1111111111111111,0.2,0.2222222222222222,0.27777777777777773,0.3187704634136788,0.2222222222222222,0.2
10189,9,0.0,0.0,0.0,0.0,0.0,0.1111111111111111,0.0,0.0,0.1111111111111111,0.1
3494,20,0.6,0.7999999999999999,0.7227265726449518,0.15,0.6,0.4,0.5636363636363636,0.5423640154200349,0.2,0.4
3543,9,0.4,0.4666666666666666,0.38356636737133554,0.2222222222222222,0.4,0.3333333333333333,0.3888888888888889,0.3441685217488869,0.3333333333333333,0.3
1077,3,0.0,0.0,0.0,0.0,0.0,0.3333333333333333,0.0,0.0,0.3333333333333333,0.1
6950,2,0.5,0.5555555555555556,0.6131471927654584,0.5,0.2,1.0,0.5263157894736842,0.6131471927654584,1.0,0.2
16664,15,0.4,0.6,0.5531464700081437,0.13333333333333333,0.4,0.4,0.43636363636363645,0.494639655562801,0.26666666666666666,0.4
6559,1,1.0,0.0,0.0,1.0,0.2,1.0,0.0,0.0,1.0,0.1
17757,8,0.4,0.3333333333333333,0.31564845247951445,0.25,0.4,0.375,0.28846153846153844,0.23540784400158446,0.375,0.3
6480,11,0.6,0.6,0.6399453854227659,0.2727272727272727,0.6,0.6,0.6363636363636364,0.6332971816211657,0.5454545454545454,0.6
8678,14,0.2,0.13333333333333333,0.14606834984270645,0.07142857142857142,0.2,0.1,0.12727272727272726,0.09478836436955078,0.07142857142857142,0.1
876,9,0.4,0.3333333333333333,0.31564845247951445,0.2222222222222222,0.4,0.3333333333333333,0.3333333333333333,0.2928999982046174,0.3333333333333333,0.3
2206,19,0.4,0.6,0.5531464700081437,0.10526315789473684,0.4,0.2,0.34545454545454546,0.3589542101716347,0.10526315789473684,0.2
18141,14,0.6,0.5333333333333333,0.6164336326286642,0.21428571428571427,0.6,0.5,0.5818181818181818,0.5517854393872873,0.35714285714285715,0.5
15989,2,0.0,0.0,0.0,0.0,0.0,0.0,0.0,0.0,0.0,0.0
10477,7,0.4,0.5333333333333333,0.5087403079104241,0.2857142857142857,0.4,0.2857142857142857,0.36734693877551017,0.4123144993714362,0.2857142857142857,0.2
12289,9,0.4,0.3333333333333333,0.34519134224686926,0.2222222222222222,0.4,0.3333333333333333,0.3333333333333333,0.3133738764742024,0.3333333333333333,0.3
110,11,0.2,0.3333333333333333,0.33916020527361607,0.09090909090909091,0.2,0.3,0.2727272727272727,0.3570764765963919,0.2727272727272727,0.3
11442,24,0.2,0.3333333333333333,0.33916020527361607,0.041666666666666664,0.2,0.4,0.29090909090909095,0.4193979998881981,0.16666666666666666,0.4
17592,11,0.2,0.3333333333333333,0.33916020527361607,0.09090909090909091,0.2,0.1,0.18181818181818182,0.22009176629808014,0.09090909090909091,0.1
1105,6,0.2,0.19999999999999998,0.16958010263680803,0.16666666666666666,0.2,0.16666666666666666,0.17777777777777778,0.15130120674940672,0.16666666666666666,0.1
362,1,1.0,1.0,1.0,1.0,0.2,1.0,1.0,1.0,1.0,0.16666666666666666
14586,5,0.2,0.19999999999999998,0.16958010263680803,0.2,0.2,0.2,0.2,0.16958010263680803,0.2,0.1
11355,18,1.0,1.0,1.0,0.2777777777777778,1.0,0.8,0.9090909090909091,0.8630152897016882,0.4444444444444444,0.8
16054,7,0.4,0.5333333333333333,0.5087403079104241,0.2857142857142857,0.4,0.5714285714285714,0.4489795918367347,0.5039399436761999,0.5714285714285714,0.4
13137,9,0.2,0.26666666666666666,0.2139862647345275,0.1111111111111111,0.2,0.2222222222222222,0.25925925925925924,0.23202214456934253,0.2222222222222222,0.2
2728,25,1.0,1.0,1.0,0.2,1.0,0.6,0.7454545454545454,0.7125523635307983,0.24,0.6
15845,5,0.4,0.5333333333333333,0.5087403079104241,0.4,0.4,0.4,0.45,0.5087403079104241,0.4,0.2
6736,2,0.5,0.0,0.0,0.5,0.2,1.0,0.0,0.0,1.0,0.2
5759,24,0.6,0.6,0.529634717214042,0.125,0.6,0.5,0.5090909090909091,0.4767487015278743,0.20833333333333334,0.5
7419,5,0.0,0.0,0.0,0.0,0.0,0.0,0.0,0.0,0.0,0.0
1046,10,0.0,0.0,0.0,0.0,0.0,0.0,0.0,0.0,0.0,0.0
19310,8,0.8,0.6666666666666666,0.6608397947263838,0.5,0.8,0.625,0.6730769230769231,0.5829485244140089,0.625,0.5
8296,19,0.8,0.6666666666666666,0.6608397947263838,0.21052631578947367,0.8,0.8,0.8,0.7162874455029681,0.42105263157894735,0.8
7140,14,0.4,0.3333333333333333,0.31564845247951445,0.14285714285714285,0.4,0.3,0.32727272727272727,0.27426546945536806,0.21428571428571427,0.3
3785,9,0.0,0.0,0.0,0.0,0.0,0.0,0.0,0.0,0.0,0.0
1015,5,0.0,0.0,0.0,0.0,0.0,0.0,0.0,0.0,0.0,0.0
218,19,0.6,0.6666666666666666,0.6843515475204854,0.15789473684210525,0.6,0.5,0.5636363636363636,0.5861163849908827,0.2631578947368421,0.5
9911,5,0.2,0.06666666666666665,0.13120507751234176,0.2,0.2,0.8,0.15,0.13120507751234176,0.8,0.4
147,13,0.2,0.19999999999999998,0.16958010263680803,0.07692307692307693,0.2,0.2,0.18181818181818182,0.1763001066034291,0.15384615384615385,0.2
11725,1,1.0,0.0,0.0,1.0,0.25,1.0,0.0,0.0,1.0,0.25
12403,2,0.5,0.5555555555555556,0.6131471927654584,0.5,0.2,0.5,0.5263157894736842,0.6131471927654584,0.5,0.1
5089,15,0.6,0.6,0.6399453854227659,0.2,0.6,0.6,0.6000000000000001,0.6267310462031455,0.4,0.6
19719,11,0.0,0.0,0.0,0.0,0.0,0.0,0.0,0.0,0.0,0.0
9413,5,0.0,0.0,0.0,0.0,0.0,0.2,0.0,0.0,0.2,0.1
7275,7,0.2,0.13333333333333333,0.14606834984270645,0.14285714285714285,0.2,0.5714285714285714,0.22448979591836735,0.21000823726012655,0.5714285714285714,0.4
17067,6,0.4,0.39999999999999997,0.4703652827859578,0.3333333333333333,0.4,0.5,0.35555555555555557,0.4196650066367769,0.5,0.3
9454,10,0.4,0.4666666666666666,0.48522855511632257,0.2,0.4,0.2,0.3090909090909091,0.31488013066763093,0.2,0.2
3986,6,0.2,0.26666666666666666,0.2139862647345275,0.16666666666666666,0.2,0.16666666666666666,0.2,0.1909208661789346,0.16666666666666666,0.1
18315,3,0.0,0.0,0.0,0.0,0.0,0.0,0.0,0.0,0.0,0.0
18501,11,0.2,0.26666666666666666,0.2139862647345275,0.09090909090909091,0.2,0.4,0.309090909090909,0.34713572450557056,0.36363636363636365,0.4
7094,14,0.6,0.6,0.6399453854227659,0.21428571428571427,0.6,0.7,0.6909090909090909,0.7027284035579429,0.5,0.7
17569,19,0.0,0.0,0.0,0.0,0.0,0.1,0.036363636363636355,0.06625422345438903,0.05263157894736842,0.1
7914,3,0.3333333333333333,0.4166666666666667,0.46927872602275644,0.3333333333333333,0.2,0.6666666666666666,0.37037037037037035,0.46927872602275644,0.6666666666666666,0.2
5161,13,0.4,0.26666666666666666,0.3007851801491498,0.15384615384615385,0.4,0.2,0.2545454545454545,0.19518900079066104,0.15384615384615385,0.2
7858,13,0.6,0.6,0.6399453854227659,0.23076923076923078,0.6,0.4,0.509090909090909,0.4886446891881013,0.3076923076923077,0.4
13883,1,0.0,0.0,0.0,0.0,0.0,0.0,0.0,0.0,0.0,0.0
19482,13,0.2,0.06666666666666665,0.13120507751234176,0.07692307692307693,0.2,0.2,0.2,0.1635413866202963,0.15384615384615385,0.2
5251,4,0.25,0.2142857142857143,0.19519002499605081,0.25,0.2,0.25,0.23529411764705882,0.19519002499605081,0.25,0.1
8623,3,0.0,0.0,0.0,0.0,0.0,0.3333333333333333,0.0,0.0,0.3333333333333333,0.1
6118,8,0.2,0.19999999999999998,0.16958010263680803,0.125,0.2,0.25,0.25,0.21657136003619626,0.25,0.2
13737,10,0.4,0.3333333333333333,0.34519134224686926,0.2,0.4,0.3,0.32727272727272727,0.29343678345195273,0.3,0.3
8679,17,0.4,0.3333333333333333,0.31564845247951445,0.11764705882352941,0.4,0.4,0.36363636363636365,0.3418189578169026,0.23529411764705882,0.4
8859,6,0.4,0.3333333333333333,0.31564845247951445,0.3333333333333333,0.4,0.6666666666666666,0.3333333333333333,0.2816249726597773,0.6666666666666666,0.4
15519,7,0.4,0.6,0.5531464700081437,0.2857142857142857,0.4,0.5714285714285714,0.4693877551020407,0.539929434207294,0.5714285714285714,0.4
8143,6,0.4,0.4666666666666666,0.48522855511632257,0.3333333333333333,0.4,0.3333333333333333,0.37777777777777777,0.4329261794091841,0.3333333333333333,0.2
12705,13,0.8,0.9333333333333332,0.8687949224876582,0.3076923076923077,0.8,0.6,0.7090909090909091,0.7007731679885374,0.46153846153846156,0.6
749,11,0.6,0.7999999999999999,0.7227265726449518,0.2727272727272727,0.6,0.6,0.7090909090909091,0.6901935063354874,0.5454545454545454,0.6
4423,19,0.4,0.3333333333333333,0.34519134224686926,0.10526315789473684,0.4,0.3,0.34545454545454546,0.2973694836145355,0.15789473684210525,0.3
11896,5,0.6,0.6666666666666666,0.6548086577531306,0.6,0.6,0.8,0.625,0.6548086577531306,0.8,0.4
20073,4,0.0,0.0,0.0,0.0,0.0,0.0,0.0,0.0,0.0,0.0
995,9,0.2,0.13333333333333333,0.14606834984270645,0.1111111111111111,0.2,0.5555555555555556,0.35185185185185186,0.33745065396806334,0.5555555555555556,0.5
15274,3,0.0,0.0,0.0,0.0,0.0,0.0,0.0,0.0,0.0,0.0
17282,3,0.0,0.0,0.0,0.0,0.0,0.0,0.0,0.0,0.0,0.0
19977,4,0.0,0.0,0.0,0.0,0.0,0.25,0.0,0.0,0.25,0.1
8764,5,0.6,0.6,0.529634717214042,0.6,0.6,1.0,0.6000000000000001,0.529634717214042,1.0,0.5555555555555556
2401,3,0.3333333333333333,0.33333333333333337,0.29608191096586517,0.3333333333333333,0.2,0.3333333333333333,0.3333333333333333,0.29608191096586517,0.3333333333333333,0.1
4258,9,0.6,0.7333333333333334,0.6992148198508501,0.3333333333333333,0.6,0.6666666666666666,0.611111111111111,0.6390520629172087,0.6666666666666666,0.6
14869,7,0.0,0.0,0.0,0.0,0.0,0.0,0.0,0.0,0.0,0.0
8906,4,0.0,0.0,0.0,0.0,0.0,0.25,0.0,0.0,0.25,0.1
7841,2,1.0,0.0,0.0,1.0,0.4,1.0,0.0,0.0,1.0,0.2
14982,6,0.2,0.3333333333333333,0.33916020527361607,0.16666666666666666,0.2,0.5,0.3333333333333333,0.4103915680233244,0.5,0.3
1683,31,0.4,0.4666666666666666,0.38356636737133554,0.06451612903225806,0.4,0.5,0.509090909090909,0.466924741555019,0.16129032258064516,0.5
7787,28,0.0,0.0,0.0,0.0,0.0,0.0,0.0,0.0,0.0,0.0
2786,25,0.2,0.06666666666666665,0.13120507751234176,0.04,0.2,0.1,0.10909090909090909,0.08514311764162097,0.04,0.1
3043,15,0.0,0.0,0.0,0.0,0.0,0.0,0.0,0.0,0.0,0.0
15976,2,0.0,0.0,0.0,0.0,0.0,0.5,0.0,0.0,0.5,0.1
1947,5,0.0,0.0,0.0,0.0,0.0,0.0,0.0,0.0,0.0,0.0
13627,20,0.6,0.5333333333333333,0.6164336326286642,0.15,0.6,0.5,0.5272727272727272,0.539641393863001,0.25,0.5
15935,1,1.0,0.0,0.0,1.0,0.2,1.0,0.0,0.0,1.0,0.1
16320,11,0.2,0.3333333333333333,0.33916020527361607,0.09090909090909091,0.2,0.1,0.18181818181818182,0.22009176629808014,0.09090909090909091,0.1
13344,12,0.4,0.4666666666666666,0.38356636737133554,0.16666666666666666,0.4,0.3,0.36363636363636365,0.31833954895937183,0.25,0.3
13591,19,0.4,0.6,0.5531464700081437,0.10526315789473684,0.4,0.3,0.3818181818181818,0.42520843362602373,0.15789473684210525,0.3
5550,3,0.6666666666666666,0.75,0.7653606369886217,0.6666666666666666,0.4,0.6666666666666666,0.7037037037037036,0.7653606369886217,0.6666666666666666,0.2
18605,3,0.0,0.0,0.0,0.0,0.0,0.6666666666666666,0.0,0.0,0.6666666666666666,0.2
20077,6,0.2,0.3333333333333333,0.33916020527361607,0.16666666666666666,0.2,0.16666666666666666,0.2222222222222222,0.30260241349881345,0.16666666666666666,0.1
3309,16,0.4,0.6,0.5531464700081437,0.125,0.4,0.4,0.509090909090909,0.5107164012496701,0.25,0.4
10423,2,1.0,1.0,1.0,1.0,0.4,1.0,1.0,1.0,1.0,0.2
13207,2,0.5,0.0,0.0,0.5,0.2,0.5,0.0,0.0,0.5,0.2
1295,3,0.3333333333333333,0.4166666666666667,0.46927872602275644,0.3333333333333333,0.2,0.3333333333333333,0.37037037037037035,0.46927872602275644,0.3333333333333333,0.1
16254,4,0.25,0.35714285714285715,0.39038004999210163,0.25,0.2,0.75,0.2941176470588235,0.39038004999210163,0.75,0.3
7223,3,0.3333333333333333,0.0,0.0,0.3333333333333333,0.2,0.3333333333333333,0.0,0.0,0.3333333333333333,0.1
3316,6,0.0,0.0,0.0,0.0,0.0,0.0,0.0,0.0,0.0,0.0
6230,3,0.0,0.0,0.0,0.0,0.0,0.3333333333333333,0.0,0.0,0.3333333333333333,0.1
8135,21,0.6,0.6666666666666666,0.6843515475204854,0.14285714285714285,0.6,0.5,0.5636363636363636,0.5861163849908827,0.23809523809523808,0.5
3646,10,0.4,0.4666666666666666,0.48522855511632257,0.2,0.4,0.2,0.3090909090909091,0.31488013066763093,0.2,0.2
2911,11,0.4,0.4666666666666666,0.48522855511632257,0.18181818181818182,0.4,0.2,0.3090909090909091,0.31488013066763093,0.18181818181818182,0.2
20089,13,0.6,0.5333333333333333,0.5147714448836773,0.23076923076923078,0.6,0.3,0.4181818181818182,0.3340514446642156,0.23076923076923078,0.3
9105,12,0.2,0.06666666666666665,0.13120507751234176,0.08333333333333333,0.2,0.2,0.18181818181818182,0.15850703974098102,0.16666666666666666,0.2
5110,14,0.2,0.13333333333333333,0.14606834984270645,0.07142857142857142,0.2,0.3,0.2727272727272727,0.24261785528500332,0.21428571428571427,0.3
6262,7,0.0,0.0,0.0,0.0,0.0,0.0,0.0,0.0,0.0,0.0
17126,9,0.4,0.3333333333333333,0.34519134224686926,0.2222222222222222,0.4,0.5555555555555556,0.4444444444444445,0.4624781536667782,0.5555555555555556,0.5
13802,5,0.2,0.13333333333333333,0.14606834984270645,0.2,0.2,0.8,0.175,0.14606834984270645,0.8,0.4
17716,30,0.0,0.0,0.0,0.0,0.0,0.1,0.09090909090909091,0.07839826897867533,0.03333333333333333,0.1
11781,16,0.6,0.6666666666666666,0.6843515475204854,0.1875,0.6,0.3,0.45454545454545453,0.44409732781325567,0.1875,0.3
18640,8,0.2,0.13333333333333333,0.14606834984270645,0.125,0.2,0.125,0.1346153846153846,0.1089364926177559,0.125,0.1
7095,10,0.2,0.13333333333333333,0.14606834984270645,0.1,0.2,0.2,0.2,0.16815228646891084,0.2,0.2
16192,5,0.0,0.0,0.0,0.0,0.0,0.2,0.0,0.0,0.2,0.1
7452,9,0.4,0.4666666666666666,0.48522855511632257,0.2222222222222222,0.4,0.3333333333333333,0.31481481481481477,0.3362741576267856,0.3333333333333333,0.3
17414,3,1.0,0.5833333333333334,0.5307212739772434,1.0,0.6,1.0,0.6296296296296297,0.5307212739772434,1.0,0.6
20253,9,0.2,0.19999999999999998,0.16958010263680803,0.1111111111111111,0.2,0.1111111111111111,0.14814814814814814,0.11752277470724269,0.1111111111111111,0.1
7270,7,0.2,0.26666666666666666,0.2139862647345275,0.14285714285714285,0.2,0.2857142857142857,0.18367346938775508,0.17342765698823942,0.2857142857142857,0.2
1205,16,0.2,0.13333333333333333,0.14606834984270645,0.0625,0.2,0.1,0.12727272727272726,0.09478836436955078,0.0625,0.1
3072,2,0.0,0.0,0.0,0.0,0.0,0.0,0.0,0.0,0.0,0.0
11662,5,0.4,0.3333333333333333,0.34519134224686926,0.4,0.4,0.8,0.375,0.34519134224686926,0.8,0.4
8617,3,0.0,0.0,0.0,0.0,0.0,0.0,0.0,0.0,0.0,0.0
18147,1,1.0,1.0,1.0,1.0,0.2,1.0,1.0,1.0,1.0,0.2
13470,17,0.0,0.0,0.0,0.0,0.0,0.0,0.0,0.0,0.0,0.0
18072,6,0.0,0.0,0.0,0.0,0.0,0.16666666666666666,0.0,0.0,0.16666666666666666,0.1
14919,8,0.4,0.26666666666666666,0.3007851801491498,0.25,0.4,0.75,0.4230769230769231,0.39421749323380484,0.75,0.6
5157,6,0.0,0.0,0.0,0.0,0.0,0.16666666666666666,0.0,0.0,0.16666666666666666,0.1
18181,15,0.0,0.0,0.0,0.0,0.0,0.0,0.0,0.0,0.0,0.0
9490,4,0.0,0.0,0.0,0.0,0.0,0.0,0.0,0.0,0.0,0.0
9415,9,0.0,0.0,0.0,0.0,0.0,0.0,0.0,0.0,0.0,0.0
3566,4,0.25,0.14285714285714288,0.16812753627111746,0.25,0.2,0.25,0.20588235294117643,0.16812753627111746,0.25,0.1
16812,32,0.2,0.3333333333333333,0.33916020527361607,0.03125,0.2,0.5,0.4181818181818182,0.5049059675118445,0.15625,0.5
17145,3,0.0,0.0,0.0,0.0,0.0,0.6666666666666666,0.0,0.0,0.6666666666666666,0.2
12886,5,0.2,0.3333333333333333,0.33916020527361607,0.2,0.2,0.4,0.25,0.33916020527361607,0.4,0.2
19649,5,0.0,0.0,0.0,0.0,0.0,0.0,0.0,0.0,0.0,0.0
9549,3,0.3333333333333333,0.0,0.0,0.3333333333333333,0.2,1.0,0.0,0.0,1.0,0.3
13631,6,0.2,0.26666666666666666,0.2139862647345275,0.16666666666666666,0.2,0.16666666666666666,0.2,0.1909208661789346,0.16666666666666666,0.1
15880,12,0.6,0.6,0.529634717214042,0.25,0.6,0.5,0.6000000000000001,0.4954588824701807,0.4166666666666667,0.5
6674,18,0.2,0.06666666666666665,0.13120507751234176,0.05555555555555555,0.2,0.1,0.10909090909090909,0.08514311764162097,0.05555555555555555,0.1
171,2,0.5,0.5555555555555556,0.6131471927654584,0.5,0.2,0.5,0.5263157894736842,0.6131471927654584,0.5,0.1
3103,7,0.0,0.0,0.0,0.0,0.0,0.14285714285714285,0.0,0.0,0.14285714285714285,0.1
16377,11,0.0,0.0,0.0,0.0,0.0,0.0,0.0,0.0,0.0,0.0
19897,7,0.2,0.3333333333333333,0.33916020527361607,0.14285714285714285,0.2,0.14285714285714285,0.2040816326530612,0.27487633291429087,0.14285714285714285,0.1
15670,11,0.2,0.3333333333333333,0.33916020527361607,0.09090909090909091,0.2,0.3,0.32727272727272727,0.36792125721353275,0.2727272727272727,0.3
18863,11,0.4,0.3333333333333333,0.31564845247951445,0.18181818181818182,0.4,0.4,0.41818181818181815,0.3526637384340434,0.36363636363636365,0.4
8421,6,0.2,0.13333333333333333,0.14606834984270645,0.16666666666666666,0.2,0.16666666666666666,0.15555555555555556,0.13032376591037065,0.16666666666666666,0.1
2563,2,0.5,0.0,0.0,0.5,0.2,0.5,0.0,0.0,0.5,0.2
19525,9,0.0,0.0,0.0,0.0,0.0,0.0,0.0,0.0,0.0,0.0
11950,21,0.6,0.6,0.529634717214042,0.14285714285714285,0.6,0.5,0.5454545454545455,0.48571574856977234,0.23809523809523808,0.5
3151,11,0.0,0.0,0.0,0.0,0.0,0.0,0.0,0.0,0.0,0.0
15957,1,0.0,0.0,0.0,0.0,0.0,0.0,0.0,0.0,0.0,0.0
11062,44,0.6,0.6666666666666666,0.6843515475204854,0.06818181818181818,0.6,0.3,0.45454545454545453,0.44409732781325567,0.06818181818181818,0.3
19861,12,0.2,0.3333333333333333,0.33916020527361607,0.08333333333333333,0.2,0.2,0.21818181818181817,0.28634598975246917,0.16666666666666666,0.2
14653,5,0.2,0.3333333333333333,0.33916020527361607,0.2,0.2,0.2,0.25,0.33916020527361607,0.2,0.1
6973,10,0.6,0.5333333333333333,0.6164336326286642,0.3,0.6,0.3,0.41818181818181815,0.4000232483092519,0.3,0.3
3385,4,0.25,0.28571428571428575,0.2463023887407299,0.25,0.2,0.75,0.2647058823529412,0.2463023887407299,0.75,0.3333333333333333
6781,7,0.6,0.7999999999999999,0.7227265726449518,0.42857142857142855,0.6,0.7142857142857143,0.6326530612244897,0.6773676006644395,0.7142857142857143,0.5
11321,2,0.0,0.0,0.0,0.0,0.0,0.0,0.0,0.0,0.0,0.0
13793,7,0.2,0.26666666666666666,0.2139862647345275,0.14285714285714285,0.2,0.2857142857142857,0.2653061224489796,0.265053101293003,0.2857142857142857,0.2
8221,9,0.0,0.0,0.0,0.0,0.0,0.0,0.0,0.0,0.0,0.0
6512,15,0.8,0.6666666666666666,0.6608397947263838,0.26666666666666666,0.8,0.5,0.6181818181818183,0.5022037311331264,0.3333333333333333,0.5
8002,5,0.0,0.0,0.0,0.0,0.0,0.2,0.0,0.0,0.2,0.1
14997,24,0.4,0.3333333333333333,0.34519134224686926,0.08333333333333333,0.4,0.3,0.32727272727272727,0.29343678345195273,0.125,0.3
2802,12,0.2,0.3333333333333333,0.33916020527361607,0.08333333333333333,0.2,0.2,0.2727272727272727,0.2984900352767555,0.16666666666666666,0.2
3189,5,0.0,0.0,0.0,0.0,0.0,0.0,0.0,0.0,0.0,0.0
6955,7,0.2,0.3333333333333333,0.33916020527361607,0.14285714285714285,0.2,0.2857142857142857,0.2040816326530612,0.27487633291429087,0.2857142857142857,0.2
13139,12,0.4,0.26666666666666666,0.3007851801491498,0.16666666666666666,0.4,0.2,0.2545454545454545,0.19518900079066104,0.16666666666666666,0.2
9210,24,0.6,0.7999999999999999,0.7227265726449518,0.125,0.6,0.4,0.5636363636363636,0.5423640154200349,0.16666666666666666,0.4
14578,9,0.0,0.0,0.0,0.0,0.0,0.0,0.0,0.0,0.0,0.0
7001,11,0.0,0.0,0.0,0.0,0.0,0.3,0.18181818181818182,0.2140837143698416,0.2727272727272727,0.3
17958,13,1.0,1.0,1.0,0.38461538461538464,1.0,0.6,0.8181818181818182,0.727329844310522,0.46153846153846156,0.6
5195,12,0.8,0.8666666666666666,0.8539316501572936,0.3333333333333333,0.8,0.6,0.6909090909090909,0.6911279212606076,0.5,0.6
7098,5,0.0,0.0,0.0,0.0,0.0,0.2,0.0,0.0,0.2,0.1
13636,8,0.0,0.0,0.0,0.0,0.0,0.25,0.13461538461538464,0.1641087728183339,0.25,0.2
7426,2,0.5,0.0,0.0,0.5,0.25,0.5,0.0,0.0,0.5,0.25
1681,9,0.0,0.0,0.0,0.0,0.0,0.1111111111111111,0.07407407407407407,0.07834851647149513,0.1111111111111111,0.1
19058,11,0.6,0.39999999999999997,0.4468535299918562,0.2727272727272727,0.6,0.5,0.49090909090909096,0.4295955107139609,0.45454545454545453,0.5
9366,6,0.4,0.3333333333333333,0.34519134224686926,0.3333333333333333,0.4,0.6666666666666666,0.3333333333333333,0.30798345931689813,0.6666666666666666,0.4
13458,23,0.4,0.6,0.5531464700081437,0.08695652173913043,0.4,0.3,0.36363636363636365,0.4225749983705864,0.13043478260869565,0.3
3581,11,0.4,0.26666666666666666,0.3007851801491498,0.18181818181818182,0.4,0.3,0.3272727272727272,0.26855292289002114,0.2727272727272727,0.3
19445,9,0.2,0.26666666666666666,0.2139862647345275,0.1111111111111111,0.2,0.1111111111111111,0.16666666666666666,0.14829723057014907,0.1111111111111111,0.1
17235,12,0.4,0.6,0.5531464700081437,0.16666666666666666,0.4,0.2,0.34545454545454546,0.3589542101716347,0.16666666666666666,0.2
10212,4,0.25,0.28571428571428575,0.2463023887407299,0.25,0.2,0.25,0.2647058823529412,0.2463023887407299,0.25,0.1
10562,6,0.0,0.0,0.0,0.0,0.0,0.0,0.0,0.0,0.0,0.0
17932,11,0.4,0.5333333333333333,0.5087403079104241,0.18181818181818182,0.4,0.3,0.36363636363636365,0.39639187290150923,0.2727272727272727,0.3
11865,7,0.4,0.4000000000000001,0.3600546145772339,0.2857142857142857,0.4,0.7142857142857143,0.42857142857142855,0.3897233752935701,0.7142857142857143,0.5
14176,7,0.2,0.19999999999999998,0.16958010263680803,0.14285714285714285,0.2,0.2857142857142857,0.2653061224489796,0.23535109180711322,0.2857142857142857,0.2
12638,7,0.0,0.0,0.0,0.0,0.0,0.2857142857142857,0.08163265306122448,0.09162544430476363,0.2857142857142857,0.2
20296,7,0.0,0.0,0.0,0.0,0.0,0.42857142857142855,0.18367346938775508,0.18953836965473142,0.42857142857142855,0.3
13173,13,0.0,0.0,0.0,0.0,0.0,0.0,0.0,0.0,0.0,0.0
17642,9,0.2,0.26666666666666666,0.2139862647345275,0.1111111111111111,0.2,0.4444444444444444,0.2962962962962963,0.3007943623267187,0.4444444444444444,0.4
17140,10,0.6,0.7999999999999999,0.7227265726449518,0.3,0.6,0.4,0.5636363636363636,0.5423640154200349,0.4,0.4
5170,7,0.4,0.3333333333333333,0.31564845247951445,0.2857142857142857,0.4,0.7142857142857143,0.48979591836734687,0.44535932906723974,0.7142857142857143,0.5
19534,6,0.0,0.0,0.0,0.0,0.0,0.0,0.0,0.0,0.0,0.0
3466,3,0.3333333333333333,0.4166666666666667,0.46927872602275644,0.3333333333333333,0.2,0.3333333333333333,0.37037037037037035,0.46927872602275644,0.3333333333333333,0.1
13544,7,0.4,0.6,0.5531464700081437,0.2857142857142857,0.4,0.2857142857142857,0.38775510204081626,0.4483039899025303,0.2857142857142857,0.2
1265,12,0.0,0.0,0.0,0.0,0.0,0.1,0.036363636363636355,0.06625422345438903,0.08333333333333333,0.1
15678,6,0.0,0.0,0.0,0.0,0.0,0.0,0.0,0.0,0.0,0.0
979,6,0.2,0.3333333333333333,0.33916020527361607,0.16666666666666666,0.2,0.3333333333333333,0.2222222222222222,0.30260241349881345,0.3333333333333333,0.2
4703,4,0.25,0.35714285714285715,0.39038004999210163,0.25,0.2,0.25,0.2941176470588235,0.39038004999210163,0.25,0.1
874,2,1.0,1.0,1.0,1.0,0.4,1.0,1.0,1.0,1.0,0.4
15833,15,0.6,0.46666666666666673,0.4912596920895757,0.2,0.6,0.3,0.4,0.31879392588472627,0.2,0.3
11715,12,0.2,0.13333333333333333,0.14606834984270645,0.08333333333333333,0.2,0.1,0.12727272727272726,0.09478836436955078,0.08333333333333333,0.1
3733,10,0.2,0.26666666666666666,0.2139862647345275,0.1,0.2,0.2,0.2,0.2051166673279435,0.2,0.2
7834,9,0.2,0.3333333333333333,0.33916020527361607,0.1111111111111111,0.2,0.1111111111111111,0.18518518518518517,0.23504554941448538,0.1111111111111111,0.1
11708,7,0.2,0.06666666666666665,0.13120507751234176,0.14285714285714285,0.2,0.14285714285714285,0.12244897959183672,0.10633668103022983,0.14285714285714285,0.1
10045,11,0.0,0.0,0.0,0.0,0.0,0.2,0.10909090909090909,0.14201905717762703,0.18181818181818182,0.2
8707,7,0.2,0.3333333333333333,0.33916020527361607,0.14285714285714285,0.2,0.14285714285714285,0.2040816326530612,0.27487633291429087,0.14285714285714285,0.1
15339,5,0.0,0.0,0.0,0.0,0.0,0.0,0.0,0.0,0.0,0.0
14490,3,0.0,0.0,0.0,0.0,0.0,0.0,0.0,0.0,0.0,0.0
944,2,0.0,0.0,0.0,0.0,0.0,1.0,0.0,0.0,1.0,0.2222222222222222
14250,6,0.0,0.0,0.0,0.0,0.0,0.0,0.0,0.0,0.0,0.0
6176,3,0.3333333333333333,0.25,0.23463936301137822,0.3333333333333333,0.2,0.3333333333333333,0.2962962962962963,0.23463936301137822,0.3333333333333333,0.1
412,5,0.0,0.0,0.0,0.0,0.0,0.2,0.0,0.0,0.2,0.1
9570,5,0.2,0.26666666666666666,0.2139862647345275,0.2,0.2,0.2,0.225,0.2139862647345275,0.2,0.1
2872,11,0.0,0.0,0.0,0.0,0.0,0.0,0.0,0.0,0.0,0.0
8549,1,1.0,1.0,1.0,1.0,0.2,1.0,1.0,1.0,1.0,0.1111111111111111
13228,5,0.0,0.0,0.0,0.0,0.0,0.0,0.0,0.0,0.0,0.0
6205,32,0.8,0.8666666666666666,0.8539316501572936,0.125,0.8,0.5,0.6909090909090909,0.6325414799409711,0.15625,0.5
8851,10,0.2,0.19999999999999998,0.16958010263680803,0.1,0.2,0.2,0.2,0.17947710508581735,0.2,0.2
1568,12,0.4,0.26666666666666666,0.3007851801491498,0.16666666666666666,0.4,0.3,0.2727272727272727,0.2588097889896127,0.25,0.3
8829,21,0.2,0.06666666666666665,0.13120507751234176,0.047619047619047616,0.2,0.4,0.2727272727272727,0.2965933967560252,0.19047619047619047,0.4
7620,15,0.2,0.26666666666666666,0.2139862647345275,0.06666666666666667,0.2,0.2,0.21818181818181823,0.20829366581033176,0.13333333333333333,0.2
7603,13,0.2,0.06666666666666665,0.13120507751234176,0.07692307692307693,0.2,0.3,0.2727272727272727,0.23690530871965637,0.23076923076923078,0.3
3098,5,0.4,0.3333333333333333,0.34519134224686926,0.4,0.4,0.8,0.375,0.34519134224686926,0.8,0.4
8942,21,0.0,0.0,0.0,0.0,0.0,0.0,0.0,0.0,0.0,0.0
11560,8,0.0,0.0,0.0,0.0,0.0,0.125,0.057692307692307696,0.07979453856244816,0.125,0.1
19390,1,0.0,0.0,0.0,0.0,0.0,1.0,0.0,0.0,1.0,0.16666666666666666
3976,13,0.4,0.6,0.5531464700081437,0.15384615384615385,0.4,0.4,0.39999999999999997,0.4888292218249754,0.3076923076923077,0.4
13370,12,0.2,0.3333333333333333,0.33916020527361607,0.08333333333333333,0.2,0.5,0.38181818181818183,0.4977962688668735,0.4166666666666667,0.5
2594,15,0.2,0.26666666666666666,0.2139862647345275,0.06666666666666667,0.2,0.2,0.18181818181818182,0.2024832320725062,0.13333333333333333,0.2
17423,12,0.2,0.3333333333333333,0.33916020527361607,0.08333333333333333,0.2,0.1,0.18181818181818182,0.22009176629808014,0.08333333333333333,0.1
6692,6,0.0,0.0,0.0,0.0,0.0,0.3333333333333333,0.1111111111111111,0.10778915452451095,0.3333333333333333,0.2
17610,16,0.2,0.19999999999999998,0.16958010263680803,0.0625,0.2,0.2,0.2,0.17947710508581735,0.125,0.2
2357,8,0.2,0.26666666666666666,0.2139862647345275,0.125,0.2,0.375,0.3076923076923077,0.32369784994323014,0.375,0.3
16158,3,0.3333333333333333,0.4166666666666667,0.46927872602275644,0.3333333333333333,0.2,0.3333333333333333,0.37037037037037035,0.46927872602275644,0.3333333333333333,0.1
419,1,0.0,0.0,0.0,0.0,0.0,0.0,0.0,0.0,0.0,0.0
3009,6,0.2,0.13333333333333333,0.14606834984270645,0.16666666666666666,0.2,0.3333333333333333,0.26666666666666666,0.23811292043488155,0.3333333333333333,0.2
3476,13,0.4,0.6,0.5531464700081437,0.15384615384615385,0.4,0.3,0.4,0.4283854321084119,0.23076923076923078,0.3
1312,2,0.5,0.0,0.0,0.5,0.2,1.0,0.0,0.0,1.0,0.2
11065,19,0.2,0.13333333333333333,0.14606834984270645,0.05263157894736842,0.2,0.2,0.2,0.16815228646891084,0.10526315789473684,0.2
20376,6,0.2,0.19999999999999998,0.16958010263680803,0.16666666666666666,0.2,0.3333333333333333,0.17777777777777778,0.15130120674940672,0.3333333333333333,0.2
5299,8,0.4,0.3333333333333333,0.31564845247951445,0.25,0.4,0.25,0.28846153846153844,0.23540784400158446,0.25,0.2
2769,8,0.4,0.26666666666666666,0.3007851801491498,0.25,0.4,0.375,0.2692307692307692,0.22432294601898897,0.375,0.3
10141,14,0.2,0.13333333333333333,0.14606834984270645,0.07142857142857142,0.2,0.3,0.23636363636363633,0.23680742154717777,0.21428571428571427,0.3
13536,5,0.8,0.9333333333333332,0.8687949224876582,0.8,0.8,0.8,0.8500000000000001,0.8687949224876582,0.8,0.4
7666,6,0.2,0.13333333333333333,0.14606834984270645,0.16666666666666666,0.2,0.6666666666666666,0.26666666666666666,0.23811292043488155,0.6666666666666666,0.4
3239,3,0.3333333333333333,0.33333333333333337,0.29608191096586517,0.3333333333333333,0.2,0.6666666666666666,0.3333333333333333,0.29608191096586517,0.6666666666666666,0.2
1359,2,0.5,0.5555555555555556,0.6131471927654584,0.5,0.2,0.5,0.5263157894736842,0.6131471927654584,0.5,0.14285714285714285
14786,7,0.0,0.0,0.0,0.0,0.0,0.0,0.0,0.0,0.0,0.0
2784,12,0.0,0.0,0.0,0.0,0.0,0.0,0.0,0.0,0.0,0.0
17002,3,0.3333333333333333,0.0,0.0,0.3333333333333333,0.2,0.6666666666666666,0.0,0.0,0.6666666666666666,0.2
7902,3,0.6666666666666666,0.0,0.0,0.6666666666666666,0.4,0.6666666666666666,0.0,0.0,0.6666666666666666,0.2
11467,6,0.2,0.19999999999999998,0.16958010263680803,0.16666666666666666,0.2,0.3333333333333333,0.17777777777777778,0.15130120674940672,0.3333333333333333,0.2
6304,7,0.6,0.7999999999999999,0.7227265726449518,0.42857142857142855,0.6,0.7142857142857143,0.6530612244897959,0.6836550817096435,0.7142857142857143,0.5
15470,1,1.0,0.0,0.0,1.0,0.2,1.0,0.0,0.0,1.0,0.2
19518,13,0.6,0.46666666666666673,0.4912596920895757,0.23076923076923078,0.6,0.6,0.5090909090909091,0.5181001594748442,0.46153846153846156,0.6
9545,7,0.0,0.0,0.0,0.0,0.0,0.14285714285714285,0.0,0.0,0.14285714285714285,0.1
15201,6,0.2,0.06666666666666665,0.13120507751234176,0.16666666666666666,0.2,0.6666666666666666,0.13333333333333333,0.11706259313796352,0.6666666666666666,0.4
2792,11,0.2,0.19999999999999998,0.16958010263680803,0.09090909090909091,0.2,0.3,0.2545454545454546,0.24966402870278911,0.2727272727272727,0.3
14994,4,0.0,0.0,0.0,0.0,0.0,0.25,0.0,0.0,0.25,0.1
9212,15,0.2,0.13333333333333333,0.14606834984270645,0.06666666666666667,0.2,0.4,0.32727272727272727,0.3128047789019752,0.26666666666666666,0.4
15299,7,0.2,0.3333333333333333,0.33916020527361607,0.14285714285714285,0.2,0.42857142857142855,0.2040816326530612,0.27487633291429087,0.42857142857142855,0.3
640,13,0.0,0.0,0.0,0.0,0.0,0.2,0.09090909090909091,0.13568544539116628,0.15384615384615385,0.2
17398,13,0.2,0.3333333333333333,0.33916020527361607,0.07692307692307693,0.2,0.1,0.18181818181818182,0.22009176629808014,0.07692307692307693,0.1
19307,13,0.4,0.4000000000000001,0.3600546145772339,0.15384615384615385,0.4,0.3,0.30909090909090914,0.2972715964420569,0.23076923076923078,0.3
12649,14,0.8,0.8000000000000002,0.8304198973631919,0.2857142857142857,0.8,0.5,0.6545454545454544,0.6122496142821665,0.35714285714285715,0.5
8037,13,0.0,0.0,0.0,0.0,0.0,0.0,0.0,0.0,0.0,0.0
4939,12,0.0,0.0,0.0,0.0,0.0,0.1,0.018181818181818177,0.0636207881989517,0.08333333333333333,0.1
5169,15,0.2,0.13333333333333333,0.14606834984270645,0.06666666666666667,0.2,0.1,0.12727272727272726,0.09478836436955078,0.06666666666666667,0.1
10732,5,0.0,0.0,0.0,0.0,0.0,0.0,0.0,0.0,0.0,0.0
9238,7,0.6,0.5333333333333333,0.6164336326286642,0.42857142857142855,0.6,0.5714285714285714,0.5714285714285714,0.5975087322498513,0.5714285714285714,0.4
8791,2,1.0,0.5555555555555556,0.6131471927654584,1.0,0.4,1.0,0.5263157894736842,0.6131471927654584,1.0,0.2
15322,13,0.4,0.3333333333333333,0.31564845247951445,0.15384615384615385,0.4,0.4,0.43636363636363634,0.3565964385966262,0.3076923076923077,0.4
6718,3,0.0,0.0,0.0,0.0,0.0,0.0,0.0,0.0,0.0,0.0
2642,13,0.0,0.0,0.0,0.0,0.0,0.0,0.0,0.0,0.0,0.0
14187,15,0.0,0.0,0.0,0.0,0.0,0.0,0.0,0.0,0.0,0.0
15488,7,0.0,0.0,0.0,0.0,0.0,0.0,0.0,0.0,0.0,0.0
5995,16,0.4,0.19999999999999998,0.2772734273550482,0.125,0.4,0.2,0.23636363636363633,0.17993148201117173,0.125,0.2
16146,8,0.2,0.19999999999999998,0.16958010263680803,0.125,0.2,0.375,0.21153846153846154,0.20626588994627676,0.375,0.3
10867,7,0.2,0.3333333333333333,0.33916020527361607,0.14285714285714285,0.2,0.14285714285714285,0.2040816326530612,0.27487633291429087,0.14285714285714285,0.1
169,7,0.4,0.39999999999999997,0.4703652827859578,0.2857142857142857,0.4,0.2857142857142857,0.32653061224489793,0.3812130139445206,0.2857142857142857,0.2
19929,22,0.0,0.0,0.0,0.0,0.0,0.0,0.0,0.0,0.0,0.0
12303,7,0.4,0.19999999999999998,0.2772734273550482,0.2857142857142857,0.4,0.2857142857142857,0.26530612244897955,0.22471947398559272,0.2857142857142857,0.2
5300,11,0.0,0.0,0.0,0.0,0.0,0.1,0.09090909090909091,0.07839826897867533,0.09090909090909091,0.1
9783,6,0.0,0.0,0.0,0.0,0.0,0.3333333333333333,0.1111111111111111,0.10778915452451095,0.3333333333333333,0.2
425,12,0.4,0.5333333333333333,0.5087403079104241,0.16666666666666666,0.4,0.2,0.32727272727272727,0.3301376494471202,0.16666666666666666,0.2
17852,3,0.3333333333333333,0.33333333333333337,0.29608191096586517,0.3333333333333333,0.2,0.3333333333333333,0.3333333333333333,0.29608191096586517,0.3333333333333333,0.1
7515,7,0.4,0.39999999999999997,0.4703652827859578,0.2857142857142857,0.4,0.42857142857142855,0.32653061224489793,0.3812130139445206,0.42857142857142855,0.3
5009,9,1.0,1.0,1.0,0.5555555555555556,1.0,0.6666666666666666,0.8333333333333333,0.7767471075223497,0.6666666666666666,0.6
11334,7,0.6,0.6,0.529634717214042,0.42857142857142855,0.6,0.5,0.489795918367347,0.472545838838712,0.42857142857142855,0.5
19753,10,0.2,0.19999999999999998,0.16958010263680803,0.1,0.2,0.1,0.14545454545454548,0.11004588314904007,0.1,0.1
10325,18,0.4,0.39999999999999997,0.4703652827859578,0.1111111111111111,0.4,0.2,0.29090909090909095,0.3052348839397011,0.1111111111111111,0.2
5105,10,0.0,0.0,0.0,0.0,0.0,0.1,0.09090909090909091,0.07839826897867533,0.1,0.1
20213,23,0.2,0.26666666666666666,0.2139862647345275,0.043478260869565216,0.2,0.3,0.2545454545454546,0.2745478892647208,0.13043478260869565,0.3
12338,2,0.0,0.0,0.0,0.0,0.0,0.0,0.0,0.0,0.0,0.0
5189,9,0.4,0.4000000000000001,0.3600546145772339,0.2222222222222222,0.4,0.4444444444444444,0.4259259259259259,0.4020229705390189,0.4444444444444444,0.4
3003,3,1.0,0.75,1.0,0.6666666666666666,1.0,1.0,0.7037037037037036,1.0,0.6666666666666666,1.0
15765,23,0.2,0.19999999999999998,0.16958010263680803,0.043478260869565216,0.2,0.1,0.14545454545454548,0.11004588314904007,0.043478260869565216,0.1
7353,13,0.2,0.06666666666666665,0.13120507751234176,0.07692307692307693,0.2,0.2,0.14545454545454545,0.15139734109601,0.15384615384615385,0.2
11482,8,0.0,0.0,0.0,0.0,0.0,0.0,0.0,0.0,0.0,0.0
16451,13,0.2,0.3333333333333333,0.33916020527361607,0.07692307692307693,0.2,0.1,0.18181818181818182,0.22009176629808014,0.07692307692307693,0.1
2803,6,0.2,0.3333333333333333,0.33916020527361607,0.16666666666666666,0.2,0.16666666666666666,0.2222222222222222,0.30260241349881345,0.16666666666666666,0.1
11311,15,0.2,0.3333333333333333,0.33916020527361607,0.06666666666666667,0.2,0.3,0.2545454545454545,0.35314377643380906,0.2,0.3
13970,7,0.0,0.0,0.0,0.0,0.0,0.14285714285714285,0.0,0.0,0.14285714285714285,0.1
2430,22,0.4,0.19999999999999998,0.2772734273550482,0.09090909090909091,0.4,0.4,0.3636363636363636,0.32272662604730906,0.18181818181818182,0.4
90,9,0.2,0.3333333333333333,0.33916020527361607,0.1111111111111111,0.2,0.1111111111111111,0.18518518518518517,0.23504554941448538,0.1111111111111111,0.1
3725,28,0.2,0.26666666666666666,0.2139862647345275,0.03571428571428571,0.2,0.1111111111111111,0.16363636363636364,0.14829723057014907,0.03571428571428571,0.1111111111111111
3692,4,0.5,0.6428571428571429,0.6366824387328316,0.5,0.4,0.5,0.5588235294117646,0.6366824387328316,0.5,0.3333333333333333
18331,5,0.0,0.0,0.0,0.0,0.0,0.0,0.0,0.0,0.0,0.0
14031,10,0.2,0.19999999999999998,0.16958010263680803,0.1,0.2,0.1,0.14545454545454548,0.11004588314904007,0.1,0.1
13942,14,1.0,1.0,1.0,0.35714285714285715,1.0,0.9,0.9636363636363636,0.933745776545611,0.6428571428571429,0.9
19916,8,0.2,0.3333333333333333,0.33916020527361607,0.125,0.2,0.125,0.1923076923076923,0.2529427027676571,0.125,0.1
20551,12,0.0,0.0,0.0,0.0,0.0,0.0,0.0,0.0,0.0,0.0
15532,4,0.3333333333333333,0.28571428571428575,0.29608191096586517,0.25,0.3333333333333333,0.3333333333333333,0.2647058823529412,0.29608191096586517,0.25,0.3333333333333333
8993,6,0.2,0.06666666666666665,0.13120507751234176,0.16666666666666666,0.2,0.3333333333333333,0.24444444444444446,0.22485174766247445,0.3333333333333333,0.2
5603,2,0.5,0.0,0.0,0.5,0.2,0.5,0.0,0.0,0.5,0.1
12431,11,0.0,0.0,0.0,0.0,0.0,0.0,0.0,0.0,0.0,0.0
5432,1,1.0,1.0,1.0,1.0,0.2,1.0,1.0,1.0,1.0,0.1
12412,12,0.2,0.26666666666666666,0.2139862647345275,0.08333333333333333,0.2,0.1,0.16363636363636364,0.1388624438735545,0.08333333333333333,0.1
16521,14,0.0,0.0,0.0,0.0,0.0,0.1,0.07272727272727274,0.07336392209936006,0.07142857142857142,0.1
12130,12,0.2,0.26666666666666666,0.2139862647345275,0.08333333333333333,0.2,0.1,0.16363636363636364,0.1388624438735545,0.08333333333333333,0.1
6009,12,0.2,0.13333333333333333,0.14606834984270645,0.08333333333333333,0.2,0.1,0.12727272727272726,0.09478836436955078,0.08333333333333333,0.1
13549,2,1.0,0.4444444444444445,0.3868528072345415,1.0,0.4,1.0,0.4736842105263158,0.3868528072345415,1.0,0.2
18789,10,0.6,0.7333333333333334,0.6992148198508501,0.3,0.6,0.3,0.47272727272727266,0.4537425745411855,0.3,0.3
3944,3,0.0,0.0,0.0,0.0,0.0,0.0,0.0,0.0,0.0,0.0
1663,15,0.6,0.5333333333333333,0.6164336326286642,0.2,0.6,0.5,0.4727272727272727,0.5298982599625927,0.3333333333333333,0.5
3830,12,0.0,0.0,0.0,0.0,0.0,0.0,0.0,0.0,0.0,0.0
3786,2,1.0,0.5555555555555556,0.6131471927654584,1.0,0.4,1.0,0.5263157894736842,0.6131471927654584,1.0,0.25
9878,9,0.0,0.0,0.0,0.0,0.0,0.0,0.0,0.0,0.0,0.0
14694,2,0.5,0.5555555555555556,0.6131471927654584,0.5,0.2,0.5,0.5263157894736842,0.6131471927654584,0.5,0.1
9903,10,0.4,0.6,0.5531464700081437,0.2,0.4,0.3,0.36363636363636365,0.4225749983705864,0.3,0.3
553,3,0.3333333333333333,0.4166666666666667,0.46927872602275644,0.3333333333333333,0.2,0.3333333333333333,0.37037037037037035,0.46927872602275644,0.3333333333333333,0.1
10719,6,0.2,0.26666666666666666,0.2139862647345275,0.16666666666666666,0.2,0.16666666666666666,0.2,0.1909208661789346,0.16666666666666666,0.1
5484,20,0.2,0.13333333333333333,0.14606834984270645,0.05,0.2,0.3,0.23636363636363636,0.23440650992329984,0.15,0.3
13325,26,0.0,0.0,0.0,0.0,0.0,0.3,0.14545454545454548,0.206415932235089,0.11538461538461539,0.3
13049,3,0.3333333333333333,0.25,0.23463936301137822,0.3333333333333333,0.2,0.3333333333333333,0.2962962962962963,0.23463936301137822,0.3333333333333333,0.1
2981,9,0.0,0.0,0.0,0.0,0.0,0.2222222222222222,0.05555555555555556,0.07414861528507453,0.2222222222222222,0.2
11625,3,0.3333333333333333,0.0,0.0,0.3333333333333333,0.2,0.6666666666666666,0.0,0.0,0.6666666666666666,0.2
9084,22,0.2,0.13333333333333333,0.14606834984270645,0.045454545454545456,0.2,0.1,0.12727272727272726,0.09478836436955078,0.045454545454545456,0.1
6591,12,0.0,0.0,0.0,0.0,0.0,0.0,0.0,0.0,0.0,0.0
2085,5,0.4,0.5333333333333333,0.5087403079104241,0.4,0.4,0.6,0.45,0.5087403079104241,0.6,0.3
19673,11,0.2,0.06666666666666665,0.13120507751234176,0.09090909090909091,0.2,0.1,0.10909090909090909,0.08514311764162097,0.09090909090909091,0.1
11785,9,0.6,0.7333333333333334,0.6992148198508501,0.3333333333333333,0.6,0.3333333333333333,0.4814814814814814,0.4845713881969347,0.3333333333333333,0.3
16111,6,0.2,0.13333333333333333,0.14606834984270645,0.16666666666666666,0.2,0.3333333333333333,0.15555555555555556,0.13032376591037065,0.3333333333333333,0.2
6386,3,0.6666666666666666,0.4166666666666667,0.46927872602275644,0.6666666666666666,0.4,1.0,0.37037037037037035,0.46927872602275644,1.0,0.3
16384,12,0.75,0.6,0.6096199500078983,0.25,0.75,0.75,0.43636363636363645,0.6096199500078983,0.25,0.75
12584,14,0.8,0.8666666666666666,0.8539316501572936,0.2857142857142857,0.8,0.8,0.8545454545454546,0.8415908474314975,0.5714285714285714,0.8
19156,13,0.2,0.13333333333333333,0.14606834984270645,0.07692307692307693,0.2,0.2,0.14545454545454545,0.15840915256850246,0.15384615384615385,0.2
9628,3,0.3333333333333333,0.0,0.0,0.3333333333333333,0.2,0.3333333333333333,0.0,0.0,0.3333333333333333,0.1
17037,15,0.0,0.0,0.0,0.0,0.0,0.0,0.0,0.0,0.0,0.0
123,34,0.4,0.6,0.5531464700081437,0.058823529411764705,0.4,0.4,0.39999999999999997,0.4888292218249754,0.11764705882352941,0.4
7561,11,0.2,0.06666666666666665,0.13120507751234176,0.09090909090909091,0.2,0.2,0.18181818181818182,0.15850703974098102,0.18181818181818182,0.2
5596,9,0.4,0.4666666666666666,0.48522855511632257,0.2222222222222222,0.4,0.4444444444444444,0.48148148148148145,0.49834758809747426,0.4444444444444444,0.4
14493,19,0.2,0.06666666666666665,0.13120507751234176,0.05263157894736842,0.2,0.1,0.10909090909090909,0.08514311764162097,0.05263157894736842,0.1
3518,13,0.0,0.0,0.0,0.0,0.0,0.0,0.0,0.0,0.0,0.0
9268,5,0.6,0.7333333333333334,0.6992148198508501,0.6,0.6,0.8,0.6499999999999999,0.6992148198508501,0.8,0.4
13567,3,0.0,0.0,0.0,0.0,0.0,0.3333333333333333,0.0,0.0,0.3333333333333333,0.1
7016,11,0.2,0.19999999999999998,0.16958010263680803,0.09090909090909091,0.2,0.2,0.18181818181818182,0.1763001066034291,0.18181818181818182,0.2
17862,28,0.2,0.19999999999999998,0.16958010263680803,0.03571428571428571,0.2,0.2,0.16363636363636364,0.1736666713479918,0.07142857142857142,0.2
6311,14,0.4,0.39999999999999997,0.4703652827859578,0.14285714285714285,0.4,0.3,0.32727272727272727,0.37148910739409013,0.21428571428571427,0.3
2089,32,0.8,0.9333333333333332,0.8687949224876582,0.125,0.8,0.7,0.8,0.7791714369672127,0.21875,0.7
3469,8,0.8,0.9333333333333332,0.8687949224876582,0.5,0.8,0.5,0.6538461538461539,0.6479396238941381,0.5,0.4
12837,5,0.2,0.13333333333333333,0.14606834984270645,0.2,0.2,0.2,0.175,0.14606834984270645,0.2,0.1
3450,7,0.6,0.7999999999999999,0.7227265726449518,0.42857142857142855,0.6,0.7142857142857143,0.5510204081632653,0.5857421563596757,0.7142857142857143,0.5
20272,3,1.0,0.75,0.7653606369886217,1.0,0.6,1.0,0.7037037037037036,0.7653606369886217,1.0,0.3
16491,9,0.2,0.26666666666666666,0.2139862647345275,0.1111111111111111,0.2,0.2222222222222222,0.20370370370370372,0.21905299129122965,0.2222222222222222,0.2
10757,8,0.6,0.5333333333333333,0.6164336326286642,0.375,0.6,0.625,0.4999999999999999,0.5395253285830216,0.625,0.5
6482,15,0.2,0.3333333333333333,0.33916020527361607,0.06666666666666667,0.2,0.2,0.21818181818181817,0.28634598975246917,0.13333333333333333,0.2
18327,14,0.4,0.4000000000000001,0.3600546145772339,0.14285714285714285,0.4,0.3,0.32727272727272727,0.2999050316974943,0.21428571428571427,0.3
8039,14,0.4,0.19999999999999998,0.2772734273550482,0.14285714285714285,0.4,0.4,0.29090909090909084,0.30980649366451246,0.2857142857142857,0.4
1496,12,0.0,0.0,0.0,0.0,0.0,0.1,0.07272727272727274,0.07336392209936006,0.08333333333333333,0.1
20225,11,0.4,0.6,0.5531464700081437,0.18181818181818182,0.4,0.2,0.34545454545454546,0.3589542101716347,0.18181818181818182,0.2
20298,15,0.2,0.26666666666666666,0.2139862647345275,0.06666666666666667,0.2,0.1,0.16363636363636364,0.1388624438735545,0.06666666666666667,0.1
7790,8,0.4,0.4666666666666666,0.48522855511632257,0.25,0.4,0.5,0.40384615384615385,0.4461934296412988,0.5,0.4
18995,4,0.5,0.42857142857142866,0.41442992501184733,0.5,0.4,0.5,0.47058823529411764,0.41442992501184733,0.5,0.2
14083,11,0.4,0.3333333333333333,0.31564845247951445,0.18181818181818182,0.4,0.5,0.4181818181818182,0.41310752815060686,0.45454545454545453,0.5
4169,3,0.3333333333333333,0.33333333333333337,0.29608191096586517,0.3333333333333333,0.2,0.3333333333333333,0.3333333333333333,0.29608191096586517,0.3333333333333333,0.1
4420,9,0.0,0.0,0.0,0.0,0.0,0.0,0.0,0.0,0.0,0.0
2315,8,0.6,0.7333333333333334,0.6992148198508501,0.375,0.6,0.625,0.6346153846153846,0.6855770453286433,0.625,0.5
15504,31,0.0,0.0,0.0,0.0,0.0,0.1,0.05454545454545456,0.06943122193677725,0.03225806451612903,0.1
18675,8,0.0,0.0,0.0,0.0,0.0,0.125,0.0,0.0,0.125,0.1
5498,14,0.8,0.7333333333333334,0.7860137352654724,0.2857142857142857,0.8,0.7,0.7090909090909091,0.7183424120903081,0.5,0.7
20510,12,0.2,0.13333333333333333,0.14606834984270645,0.08333333333333333,0.2,0.2,0.14545454545454545,0.15840915256850246,0.16666666666666666,0.2
92,4,0.5,0.5,0.5585075862632192,0.5,0.4,0.75,0.49999999999999994,0.5585075862632192,0.75,0.3333333333333333
4485,2,0.5,0.0,0.0,0.5,0.2,0.5,0.0,0.0,0.5,0.1
14700,3,0.0,0.0,0.0,0.0,0.0,0.0,0.0,0.0,0.0,0.0
14431,5,0.2,0.06666666666666665,0.13120507751234176,0.2,0.2,0.6,0.15,0.13120507751234176,0.6,0.3
5738,16,0.4,0.4666666666666666,0.38356636737133554,0.125,0.4,0.3,0.36363636363636365,0.31833954895937183,0.1875,0.3
19485,11,0.2,0.3333333333333333,0.33916020527361607,0.09090909090909091,0.2,0.1,0.18181818181818182,0.22009176629808014,0.09090909090909091,0.1
19020,5,0.2,0.3333333333333333,0.33916020527361607,0.2,0.2,0.2,0.25,0.33916020527361607,0.2,0.1
2696,8,0.0,0.0,0.0,0.0,0.0,0.0,0.0,0.0,0.0,0.0
6547,25,0.8,0.8666666666666666,0.8539316501572936,0.16,0.8,0.5,0.6909090909090909,0.6325414799409711,0.2,0.5
8594,34,0.6,0.6,0.6399453854227659,0.08823529411764706,0.6,0.5,0.6,0.5670429581667765,0.14705882352941177,0.5
18953,15,0.2,0.3333333333333333,0.33916020527361607,0.06666666666666667,0.2,0.1,0.18181818181818182,0.22009176629808014,0.06666666666666667,0.1
14681,2,0.0,0.0,0.0,0.0,0.0,0.0,0.0,0.0,0.0,0.0
1850,17,0.4,0.4666666666666666,0.38356636737133554,0.11764705882352941,0.4,0.4,0.38181818181818183,0.3819603371583235,0.23529411764705882,0.4
11280,6,0.2,0.13333333333333333,0.14606834984270645,0.16666666666666666,0.2,0.16666666666666666,0.15555555555555556,0.13032376591037065,0.16666666666666666,0.1
19529,6,0.0,0.0,0.0,0.0,0.0,0.0,0.0,0.0,0.0,0.0
10305,3,0.6666666666666666,0.75,0.7653606369886217,0.6666666666666666,0.4,0.6666666666666666,0.7037037037037036,0.7653606369886217,0.6666666666666666,0.2
648,13,0.2,0.06666666666666665,0.13120507751234176,0.07692307692307693,0.2,0.2,0.18181818181818182,0.15850703974098102,0.15384615384615385,0.2
3473,4,0.5,0.42857142857142866,0.41442992501184733,0.5,0.4,0.5,0.47058823529411764,0.41442992501184733,0.5,0.2
20002,9,0.4,0.39999999999999997,0.4703652827859578,0.2222222222222222,0.4,0.2222222222222222,0.2962962962962963,0.32597358003346416,0.2222222222222222,0.2
12537,10,0.2,0.26666666666666666,0.2139862647345275,0.1,0.2,0.2,0.18181818181818182,0.2024832320725062,0.2,0.2
10435,11,0.4,0.6,0.5531464700081437,0.18181818181818182,0.4,0.42857142857142855,0.41818181818181815,0.539929434207294,0.2727272727272727,0.42857142857142855
19171,15,0.0,0.0,0.0,0.0,0.0,0.0,0.0,0.0,0.0,0.0
992,7,0.2,0.26666666666666666,0.2139862647345275,0.14285714285714285,0.2,0.2857142857142857,0.2857142857142857,0.27134058233820724,0.2857142857142857,0.2
7080,23,1.0,1.0,1.0,0.21739130434782608,1.0,0.6,0.7454545454545454,0.7125523635307983,0.2608695652173913,0.6
9631,6,0.0,0.0,0.0,0.0,0.0,0.16666666666666666,0.0,0.0,0.16666666666666666,0.1
1574,9,0.0,0.0,0.0,0.0,0.0,0.0,0.0,0.0,0.0,0.0
19589,5,0.2,0.3333333333333333,0.33916020527361607,0.2,0.2,0.4,0.25,0.33916020527361607,0.4,0.2
2645,17,0.4,0.4666666666666666,0.48522855511632257,0.11764705882352941,0.4,0.3,0.3272727272727272,0.3785009188665826,0.17647058823529413,0.3
17038,1,1.0,0.0,0.0,1.0,0.2,1.0,0.0,0.0,1.0,0.1
3262,17,0.4,0.4000000000000001,0.3600546145772339,0.11764705882352941,0.4,0.3,0.36363636363636365,0.30701473034246535,0.17647058823529413,0.3
9006,9,0.0,0.0,0.0,0.0,0.0,0.1111111111111111,0.07407407407407407,0.07834851647149513,0.1111111111111111,0.1
17082,9,0.4,0.6,0.5531464700081437,0.2222222222222222,0.4,0.3333333333333333,0.4444444444444444,0.4670676939838279,0.3333333333333333,0.3
18302,8,0.0,0.0,0.0,0.0,0.0,0.125,0.07692307692307693,0.08431423425588572,0.125,0.1
2343,18,0.6,0.7999999999999999,0.7227265726449518,0.16666666666666666,0.6,0.4,0.5272727272727273,0.5352543167750639,0.2222222222222222,0.4
2208,21,0.2,0.26666666666666666,0.2139862647345275,0.047619047619047616,0.2,0.2,0.18181818181818182,0.2024832320725062,0.09523809523809523,0.2
18964,2,0.0,0.0,0.0,0.0,0.0,0.0,0.0,0.0,0.0,0.0
16452,13,0.4,0.6,0.5531464700081437,0.15384615384615385,0.4,0.5,0.5090909090909091,0.5704044892860389,0.38461538461538464,0.5
7995,9,0.8,0.9333333333333332,0.8687949224876582,0.4444444444444444,0.8,0.7142857142857143,0.7037037037037037,0.7957503936198024,0.5555555555555556,0.7142857142857143
4742,2,0.5,0.4444444444444445,0.3868528072345415,0.5,0.2,0.5,0.4736842105263158,0.3868528072345415,0.5,0.1
12539,20,0.2,0.3333333333333333,0.33916020527361607,0.05,0.2,0.1,0.18181818181818182,0.22009176629808014,0.05,0.1
19603,4,0.0,0.0,0.0,0.0,0.0,0.0,0.0,0.0,0.0,0.0
11388,9,0.2,0.13333333333333333,0.14606834984270645,0.1111111111111111,0.2,0.1111111111111111,0.12962962962962962,0.10122860821230019,0.1111111111111111,0.1
11152,14,0.2,0.3333333333333333,0.33916020527361607,0.07142857142857142,0.2,0.1,0.18181818181818182,0.22009176629808014,0.07142857142857142,0.1
2966,5,0.0,0.0,0.0,0.0,0.0,0.0,0.0,0.0,0.0,0.0
8771,9,0.2,0.3333333333333333,0.33916020527361607,0.1111111111111111,0.2,0.4444444444444444,0.3518518518518518,0.397118979885174,0.4444444444444444,0.4
14823,11,0.2,0.3333333333333333,0.33916020527361607,0.09090909090909091,0.2,0.4,0.34545454545454546,0.4291411337886065,0.36363636363636365,0.4
544,16,0.0,0.0,0.0,0.0,0.0,0.0,0.0,0.0,0.0,0.0
10876,6,0.4,0.3333333333333333,0.31564845247951445,0.3333333333333333,0.4,0.8333333333333334,0.3333333333333333,0.2816249726597773,0.8333333333333334,0.5
8229,31,0.4,0.39999999999999997,0.4703652827859578,0.06451612903225806,0.4,0.4,0.41818181818181815,0.44988737637276544,0.12903225806451613,0.4
1785,18,0.4,0.4000000000000001,0.3600546145772339,0.1111111111111111,0.4,0.3,0.36363636363636365,0.30701473034246535,0.16666666666666666,0.3
4769,3,0.6666666666666666,0.6666666666666667,0.7039180890341346,0.6666666666666666,0.4,1.0,0.6666666666666666,0.7039180890341346,1.0,0.42857142857142855
4430,8,0.0,0.0,0.0,0.0,0.0,0.125,0.0,0.0,0.125,0.1
7241,2,1.0,0.0,0.0,1.0,0.4,1.0,0.0,0.0,1.0,0.2
19976,9,0.0,0.0,0.0,0.0,0.0,0.0,0.0,0.0,0.0,0.0
15517,1,1.0,0.0,0.0,1.0,0.2,1.0,0.0,0.0,1.0,0.16666666666666666
13927,14,0.2,0.3333333333333333,0.33916020527361607,0.07142857142857142,0.2,0.1,0.18181818181818182,0.22009176629808014,0.07142857142857142,0.1
4378,1,1.0,0.0,0.0,1.0,0.25,1.0,0.0,0.0,1.0,0.25
9007,11,0.0,0.0,0.0,0.0,0.0,0.0,0.0,0.0,0.0,0.0
14471,10,0.4,0.5333333333333333,0.5087403079104241,0.2,0.4,0.2,0.32727272727272727,0.3301376494471202,0.2,0.2
11190,3,0.0,0.0,0.0,0.0,0.0,0.3333333333333333,0.0,0.0,0.3333333333333333,0.1
10511,6,0.4,0.4000000000000001,0.3600546145772339,0.3333333333333333,0.4,0.3333333333333333,0.35555555555555557,0.32124463208930526,0.3333333333333333,0.2
10546,9,0.2,0.06666666666666665,0.13120507751234176,0.1111111111111111,0.2,0.3333333333333333,0.20370370370370372,0.23583240662513397,0.3333333333333333,0.3
8436,7,0.2,0.06666666666666665,0.13120507751234176,0.14285714285714285,0.2,0.2857142857142857,0.12244897959183672,0.10633668103022983,0.2857142857142857,0.2
5977,13,0.2,0.13333333333333333,0.14606834984270645,0.07692307692307693,0.2,0.3,0.2,0.22784037450527972,0.23076923076923078,0.3
1583,15,0.4,0.4000000000000001,0.3600546145772339,0.13333333333333333,0.4,0.3,0.32727272727272727,0.2999050316974943,0.2,0.3
16378,3,0.0,0.0,0.0,0.0,0.0,0.0,0.0,0.0,0.0,0.0
5363,30,0.4,0.4666666666666666,0.48522855511632257,0.06666666666666667,0.4,0.4,0.4727272727272727,0.4666423217456664,0.13333333333333333,0.4
10578,7,0.4,0.6,0.5531464700081437,0.2857142857142857,0.4,0.5714285714285714,0.4693877551020407,0.539929434207294,0.5714285714285714,0.4
16870,4,0.25,0.28571428571428575,0.2463023887407299,0.25,0.2,0.25,0.2647058823529412,0.2463023887407299,0.25,0.1
19514,17,0.2,0.26666666666666666,0.2139862647345275,0.058823529411764705,0.2,0.2,0.21818181818181823,0.20829366581033176,0.11764705882352941,0.2
16134,15,0.2,0.13333333333333333,0.14606834984270645,0.06666666666666667,0.2,0.2,0.18181818181818182,0.16421958630632802,0.13333333333333333,0.2
4346,2,0.0,0.0,0.0,0.0,0.0,0.0,0.0,0.0,0.0,0.0
1695,3,0.6666666666666666,0.25,0.23463936301137822,0.6666666666666666,0.4,0.6666666666666666,0.2962962962962963,0.23463936301137822,0.6666666666666666,0.2
5855,13,0.2,0.19999999999999998,0.16958010263680803,0.07692307692307693,0.2,0.3,0.21818181818181823,0.24309789328476902,0.23076923076923078,0.3
18682,21,0.4,0.4666666666666666,0.48522855511632257,0.09523809523809523,0.4,0.3,0.34545454545454546,0.38113435412202,0.14285714285714285,0.3
6419,6,0.2,0.3333333333333333,0.33916020527361607,0.16666666666666666,0.2,0.16666666666666666,0.2222222222222222,0.30260241349881345,0.16666666666666666,0.1
19644,1,0.0,0.0,0.0,0.0,0.0,0.0,0.0,0.0,0.0,0.0
18383,14,1.0,1.0,1.0,0.35714285714285715,1.0,0.6,0.8,0.7222954974312067,0.42857142857142855,0.6
9319,9,0.8,0.8666666666666666,0.8539316501572936,0.4444444444444444,0.8,0.5555555555555556,0.7037037037037037,0.6755184993100495,0.5555555555555556,0.5
5588,10,0.0,0.0,0.0,0.0,0.0,0.0,0.0,0.0,0.0,0.0
746,3,0.6666666666666666,0.6666666666666667,0.7039180890341346,0.6666666666666666,0.4,0.6666666666666666,0.6666666666666666,0.7039180890341346,0.6666666666666666,0.2
13359,11,0.0,0.0,0.0,0.0,0.0,0.0,0.0,0.0,0.0,0.0
8279,5,0.0,0.0,0.0,0.0,0.0,0.2,0.0,0.0,0.2,0.1
11447,4,0.0,0.0,0.0,0.0,0.0,0.0,0.0,0.0,0.0,0.0
11838,12,0.0,0.0,0.0,0.0,0.0,0.3,0.16363636363636364,0.20904936749052633,0.25,0.3
18022,20,0.0,0.0,0.0,0.0,0.0,0.1,0.07272727272727274,0.07336392209936006,0.05,0.1
20074,2,0.0,0.0,0.0,0.0,0.0,0.5,0.0,0.0,0.5,0.1
18614,9,0.4,0.39999999999999997,0.4703652827859578,0.2222222222222222,0.4,0.3333333333333333,0.35185185185185186,0.40012219531853865,0.3333333333333333,0.3
2837,17,0.2,0.06666666666666665,0.13120507751234176,0.058823529411764705,0.2,0.3,0.21818181818181817,0.22476126319537001,0.17647058823529413,0.3
20444,13,0.6,0.39999999999999997,0.4468535299918562,0.23076923076923078,0.6,0.5,0.49090909090909096,0.4295955107139609,0.38461538461538464,0.5
16681,5,0.4,0.26666666666666666,0.3007851801491498,0.4,0.4,0.4,0.35,0.3007851801491498,0.4,0.2
3995,5,0.0,0.0,0.0,0.0,0.0,0.2,0.0,0.0,0.2,0.1
17128,9,0.0,0.0,0.0,0.0,0.0,0.1111111111111111,0.0,0.0,0.1111111111111111,0.1
3326,7,0.4,0.6,0.5531464700081437,0.2857142857142857,0.4,0.42857142857142855,0.48979591836734687,0.546216915252498,0.42857142857142855,0.3
11430,10,0.6,0.7999999999999999,0.7227265726449518,0.3,0.6,0.4,0.5454545454545454,0.538431315257452,0.4,0.4
493,1,1.0,1.0,1.0,1.0,0.25,1.0,1.0,1.0,1.0,0.25
8603,14,0.4,0.4666666666666666,0.48522855511632257,0.14285714285714285,0.4,0.3,0.38181818181818183,0.38824405276699103,0.21428571428571427,0.3
15769,5,0.0,0.0,0.0,0.0,0.0,0.2,0.0,0.0,0.2,0.1
5792,7,0.0,0.0,0.0,0.0,0.0,0.0,0.0,0.0,0.0,0.0
12410,12,0.2,0.26666666666666666,0.2139862647345275,0.08333333333333333,0.2,0.3,0.3090909090909091,0.28669193478900706,0.25,0.3
17160,6,0.2,0.13333333333333333,0.14606834984270645,0.16666666666666666,0.2,0.3333333333333333,0.15555555555555556,0.13032376591037065,0.3333333333333333,0.2
83,29,1.0,1.0,1.0,0.1724137931034483,1.0,0.6,0.7454545454545454,0.7125523635307983,0.20689655172413793,0.6
9744,14,0.2,0.3333333333333333,0.33916020527361607,0.07142857142857142,0.2,0.1,0.18181818181818182,0.22009176629808014,0.07142857142857142,0.1
16595,3,0.0,0.0,0.0,0.0,0.0,0.3333333333333333,0.0,0.0,0.3333333333333333,0.1
18856,6,0.4,0.5333333333333333,0.5087403079104241,0.3333333333333333,0.4,0.6666666666666666,0.5111111111111111,0.561692774772731,0.6666666666666666,0.4
4011,9,0.2,0.26666666666666666,0.2139862647345275,0.1111111111111111,0.2,0.1111111111111111,0.16666666666666666,0.14829723057014907,0.1111111111111111,0.1
11524,15,0.4,0.4000000000000001,0.3600546145772339,0.13333333333333333,0.4,0.3,0.30909090909090914,0.2972715964420569,0.2,0.3
8935,5,0.0,0.0,0.0,0.0,0.0,0.0,0.0,0.0,0.0,0.0
5347,7,0.6,0.39999999999999997,0.4468535299918562,0.42857142857142855,0.6,0.7142857142857143,0.5102040816326531,0.4537830847475018,0.7142857142857143,0.5
1401,6,0.2,0.19999999999999998,0.16958010263680803,0.16666666666666666,0.2,0.16666666666666666,0.17777777777777778,0.15130120674940672,0.16666666666666666,0.1
19350,8,0.0,0.0,0.0,0.0,0.0,0.125,0.07692307692307693,0.08431423425588572,0.125,0.1
16633,1,0.0,0.0,0.0,0.0,0.0,1.0,0.0,0.0,1.0,0.1111111111111111
8615,26,0.4,0.4666666666666666,0.48522855511632257,0.07692307692307693,0.4,0.5,0.4727272727272727,0.5263304097820353,0.19230769230769232,0.5
14066,35,0.6,0.6666666666666666,0.6843515475204854,0.08571428571428572,0.6,0.7,0.6909090909090909,0.72891152902702,0.2,0.7
8634,8,0.0,0.0,0.0,0.0,0.0,0.0,0.0,0.0,0.0,0.0
4362,2,0.5,0.4444444444444445,0.3868528072345415,0.5,0.2,0.5,0.4736842105263158,0.3868528072345415,0.5,0.1
4982,4,0.0,0.0,0.0,0.0,0.0,0.0,0.0,0.0,0.0,0.0
11413,4,0.25,0.35714285714285715,0.39038004999210163,0.25,0.2,0.25,0.2941176470588235,0.39038004999210163,0.25,0.1
12028,5,0.6,0.5333333333333333,0.5147714448836773,0.6,0.6,1.0,0.5750000000000001,0.5147714448836773,1.0,0.5
370,51,0.2,0.26666666666666666,0.2139862647345275,0.0196078431372549,0.2,0.3,0.2545454545454546,0.2745478892647208,0.058823529411764705,0.3
2439,8,0.8,0.7333333333333334,0.7860137352654724,0.5,0.8,0.5,0.5961538461538461,0.5862021414044021,0.5,0.4
12389,3,0.3333333333333333,0.33333333333333337,0.29608191096586517,0.3333333333333333,0.2,1.0,0.3333333333333333,0.29608191096586517,1.0,0.3
8450,9,1.0,0.7999999999999999,1.0,0.3333333333333333,1.0,1.0,0.5,1.0,0.3333333333333333,1.0
6340,1,1.0,0.0,0.0,1.0,0.2,1.0,0.0,0.0,1.0,0.125
7090,3,0.3333333333333333,0.33333333333333337,0.29608191096586517,0.3333333333333333,0.2,1.0,0.3333333333333333,0.29608191096586517,1.0,0.3
14341,7,0.0,0.0,0.0,0.0,0.0,0.2857142857142857,0.1020408163265306,0.0979129253499678,0.2857142857142857,0.2
5811,11,0.4,0.4000000000000001,0.3600546145772339,0.18181818181818182,0.4,0.2,0.29090909090909095,0.23365080824310527,0.18181818181818182,0.2
18628,13,0.0,0.0,0.0,0.0,0.0,0.0,0.0,0.0,0.0,0.0
9096,4,0.25,0.2142857142857143,0.19519002499605081,0.25,0.2,0.25,0.23529411764705882,0.19519002499605081,0.25,0.1
15573,20,0.2,0.19999999999999998,0.16958010263680803,0.05,0.2,0.2,0.18181818181818182,0.1763001066034291,0.1,0.2
17706,15,0.2,0.3333333333333333,0.33916020527361607,0.06666666666666667,0.2,0.1,0.18181818181818182,0.22009176629808014,0.06666666666666667,0.1
13206,10,0.0,0.0,0.0,0.0,0.0,0.0,0.0,0.0,0.0,0.0
19539,5,0.0,0.0,0.0,0.0,0.0,0.0,0.0,0.0,0.0,0.0
579,12,0.0,0.0,0.0,0.0,0.0,0.0,0.0,0.0,0.0,0.0
4367,7,0.0,0.0,0.0,0.0,0.0,0.0,0.0,0.0,0.0,0.0
10258,7,0.0,0.0,0.0,0.0,0.0,0.0,0.0,0.0,0.0,0.0
4095,10,0.0,0.0,0.0,0.0,0.0,0.0,0.0,0.0,0.0,0.0
2546,23,0.8,0.7333333333333334,0.7860137352654724,0.17391304347826086,0.8,0.8,0.7818181818181817,0.7917063341896682,0.34782608695652173,0.8
10254,17,0.0,0.0,0.0,0.0,0.0,0.1,0.018181818181818177,0.0636207881989517,0.058823529411764705,0.1
10686,5,0.2,0.06666666666666665,0.13120507751234176,0.2,0.2,0.2,0.15,0.13120507751234176,0.2,0.1
4098,19,0.0,0.0,0.0,0.0,0.0,0.1,0.036363636363636355,0.06625422345438903,0.05263157894736842,0.1
19399,10,0.2,0.13333333333333333,0.14606834984270645,0.1,0.2,0.2,0.18181818181818182,0.16421958630632802,0.2,0.2
12594,19,0.4,0.6,0.5531464700081437,0.10526315789473684,0.4,0.5,0.5272727272727272,0.5743371894486218,0.2631578947368421,0.5
7682,10,0.2,0.26666666666666666,0.2139862647345275,0.1,0.2,0.2,0.18181818181818182,0.2024832320725062,0.2,0.2
13095,8,0.0,0.0,0.0,0.0,0.0,0.125,0.07692307692307693,0.08431423425588572,0.125,0.1
17007,18,0.4,0.39999999999999997,0.4703652827859578,0.1111111111111111,0.4,0.3,0.38181818181818183,0.3836331529183764,0.16666666666666666,0.3
1347,2,0.5,0.0,0.0,0.5,0.2,1.0,0.0,0.0,1.0,0.2
16827,9,0.0,0.0,0.0,0.0,0.0,0.0,0.0,0.0,0.0,0.0
4076,2,0.0,0.0,0.0,0.0,0.0,0.0,0.0,0.0,0.0,0.0
13750,27,0.2,0.3333333333333333,0.33916020527361607,0.037037037037037035,0.2,0.2,0.23636363636363636,0.2895229882348574,0.07407407407407407,0.2
5767,8,0.2,0.13333333333333333,0.14606834984270645,0.125,0.2,0.25,0.1346153846153846,0.1089364926177559,0.25,0.2
13724,23,0.4,0.4666666666666666,0.38356636737133554,0.08695652173913043,0.4,0.5,0.49090909090909096,0.46299204139243616,0.21739130434782608,0.5
15600,10,0.2,0.13333333333333333,0.14606834984270645,0.1,0.2,0.1,0.12727272727272726,0.09478836436955078,0.1,0.1
5056,3,0.0,0.0,0.0,0.0,0.0,0.0,0.0,0.0,0.0,0.0
8177,14,0.2,0.13333333333333333,0.14606834984270645,0.07142857142857142,0.2,0.1,0.12727272727272726,0.09478836436955078,0.07142857142857142,0.1
12551,7,0.4,0.19999999999999998,0.2772734273550482,0.2857142857142857,0.4,0.2857142857142857,0.26530612244897955,0.22471947398559272,0.2857142857142857,0.2
13772,29,0.0,0.0,0.0,0.0,0.0,0.2,0.09090909090909091,0.13698471029831175,0.06896551724137931,0.2
6093,9,0.0,0.0,0.0,0.0,0.0,0.3333333333333333,0.22222222222222224,0.23622204575576314,0.3333333333333333,0.3
18413,3,0.0,0.0,0.0,0.0,0.0,0.3333333333333333,0.0,0.0,0.3333333333333333,0.1
4150,2,0.5,0.0,0.0,0.5,0.2,0.5,0.0,0.0,0.5,0.1
20447,8,0.2,0.3333333333333333,0.33916020527361607,0.125,0.2,0.25,0.28846153846153844,0.34304271142002485,0.25,0.2
14361,7,0.2,0.3333333333333333,0.33916020527361607,0.14285714285714285,0.2,0.5714285714285714,0.2857142857142857,0.3665017772190545,0.5714285714285714,0.4
17820,11,0.6,0.6666666666666666,0.6548086577531306,0.2727272727272727,0.6,0.5,0.6181818181818182,0.5766882048947064,0.45454545454545453,0.5
4123,11,0.6,0.5333333333333333,0.5147714448836773,0.2727272727272727,0.6,0.3,0.4181818181818182,0.3340514446642156,0.2727272727272727,0.3
13543,6,0.4,0.26666666666666666,0.3007851801491498,0.3333333333333333,0.4,0.6666666666666666,0.3111111111111111,0.26836379988737025,0.6666666666666666,0.4
19714,12,0.4,0.6,0.5531464700081437,0.16666666666666666,0.4,0.3,0.43636363636363634,0.43735247915031,0.25,0.3
12129,10,0.2,0.3333333333333333,0.33916020527361607,0.1,0.2,0.5,0.36363636363636365,0.4927619219875582,0.5,0.5
443,22,0.4,0.5333333333333333,0.5087403079104241,0.09090909090909091,0.4,0.3,0.38181818181818183,0.3995688713838974,0.13636363636363635,0.3
5752,3,0.6666666666666666,0.75,0.7653606369886217,0.6666666666666666,0.4,0.6666666666666666,0.7037037037037036,0.7653606369886217,0.6666666666666666,0.2
5357,11,0.2,0.26666666666666666,0.2139862647345275,0.09090909090909091,0.2,0.3,0.2545454545454546,0.2745478892647208,0.2727272727272727,0.3
8669,7,0.2,0.06666666666666665,0.13120507751234176,0.14285714285714285,0.2,0.42857142857142855,0.12244897959183672,0.10633668103022983,0.42857142857142855,0.3
5710,30,0.6,0.6,0.6399453854227659,0.1,0.6,0.5,0.5272727272727273,0.5509662124799075,0.16666666666666666,0.5
20617,9,0.8,0.8666666666666666,0.8539316501572936,0.4444444444444444,0.8,0.4444444444444444,0.6111111111111112,0.591793585310856,0.4444444444444444,0.4
11832,14,0.2,0.06666666666666665,0.13120507751234176,0.07142857142857142,0.2,0.1,0.10909090909090909,0.08514311764162097,0.07142857142857142,0.1
12598,4,1.0,1.0,1.0,1.0,0.8,1.0,1.0,1.0,1.0,0.4
10017,2,1.0,0.4444444444444445,0.3868528072345415,1.0,0.4,1.0,0.4736842105263158,0.3868528072345415,1.0,0.4
5805,7,0.4,0.5333333333333333,0.5087403079104241,0.2857142857142857,0.4,0.2857142857142857,0.36734693877551017,0.4123144993714362,0.2857142857142857,0.2
441,3,0.3333333333333333,0.33333333333333337,0.29608191096586517,0.3333333333333333,0.2,0.3333333333333333,0.3333333333333333,0.29608191096586517,0.3333333333333333,0.1
6525,8,0.0,0.0,0.0,0.0,0.0,0.125,0.057692307692307696,0.07979453856244816,0.125,0.1
8171,9,0.4,0.39999999999999997,0.4703652827859578,0.2222222222222222,0.4,0.5555555555555556,0.3888888888888889,0.4708779560396193,0.5555555555555556,0.5
7926,7,0.2,0.06666666666666665,0.13120507751234176,0.14285714285714285,0.2,0.2857142857142857,0.12244897959183672,0.10633668103022983,0.2857142857142857,0.2
16922,19,0.4,0.4666666666666666,0.38356636737133554,0.10526315789473684,0.4,0.2,0.30909090909090914,0.24890832702259458,0.10526315789473684,0.2
6748,6,0.2,0.19999999999999998,0.16958010263680803,0.16666666666666666,0.2,0.3333333333333333,0.17777777777777778,0.15130120674940672,0.3333333333333333,0.2
19708,8,0.0,0.0,0.0,0.0,0.0,0.125,0.07692307692307693,0.08431423425588572,0.125,0.1
850,7,0.0,0.0,0.0,0.0,0.0,0.2857142857142857,0.08163265306122448,0.09162544430476363,0.2857142857142857,0.2
15677,3,0.6666666666666666,0.25,0.23463936301137822,0.6666666666666666,0.5,0.6666666666666666,0.2962962962962963,0.23463936301137822,0.6666666666666666,0.5
18611,14,0.6,0.6666666666666666,0.6548086577531306,0.21428571428571427,0.6,0.4,0.49090909090909096,0.49118023727106,0.2857142857142857,0.4
6663,5,0.0,0.0,0.0,0.0,0.0,0.0,0.0,0.0,0.0,0.0
13124,7,0.0,0.0,0.0,0.0,0.0,0.0,0.0,0.0,0.0,0.0
4680,14,0.6,0.6666666666666666,0.6843515475204854,0.21428571428571427,0.6,0.5,0.5636363636363636,0.5837154733670048,0.35714285714285715,0.5
9176,4,0.0,0.0,0.0,0.0,0.0,0.25,0.0,0.0,0.25,0.1
4545,1,1.0,1.0,1.0,1.0,0.2,1.0,1.0,1.0,1.0,0.1
1729,12,0.0,0.0,0.0,0.0,0.0,0.1,0.05454545454545456,0.06943122193677725,0.08333333333333333,0.1
2882,3,0.0,0.0,0.0,0.0,0.0,0.0,0.0,0.0,0.0,0.0
15591,5,0.4,0.6,0.5531464700081437,0.4,0.4,0.4,0.475,0.5531464700081437,0.4,0.2
15234,28,0.2,0.3333333333333333,0.33916020527361607,0.03571428571428571,0.2,0.1,0.18181818181818182,0.22009176629808014,0.03571428571428571,0.1
957,2,0.5,0.0,0.0,0.5,0.2,1.0,0.0,0.0,1.0,0.2
17697,32,0.0,0.0,0.0,0.0,0.0,0.0,0.0,0.0,0.0,0.0
7435,10,0.2,0.19999999999999998,0.16958010263680803,0.1,0.2,0.2,0.23636363636363636,0.1884441521277154,0.2,0.2
16778,17,0.0,0.0,0.0,0.0,0.0,0.2,0.054545454545454536,0.12987501165334073,0.11764705882352941,0.2
1423,3,0.0,0.0,0.0,0.0,0.0,0.3333333333333333,0.0,0.0,0.3333333333333333,0.1
15068,11,0.0,0.0,0.0,0.0,0.0,0.0,0.0,0.0,0.0,0.0
18373,12,0.0,0.0,0.0,0.0,0.0,0.0,0.0,0.0,0.0,0.0
7500,10,0.2,0.06666666666666665,0.13120507751234176,0.1,0.2,0.2,0.16363636363636364,0.15457433957839825,0.2,0.2
9773,19,0.0,0.0,0.0,0.0,0.0,0.1,0.09090909090909091,0.07839826897867533,0.05263157894736842,0.1
2884,1,0.0,0.0,0.0,0.0,0.0,0.0,0.0,0.0,0.0,0.0
19757,2,0.0,0.0,0.0,0.0,0.0,0.0,0.0,0.0,0.0,0.0
2733,5,0.2,0.19999999999999998,0.16958010263680803,0.2,0.2,0.4,0.2,0.16958010263680803,0.4,0.2
20397,4,0.0,0.0,0.0,0.0,0.0,0.25,0.0,0.0,0.25,0.1
3557,13,0.0,0.0,0.0,0.0,0.0,0.1,0.036363636363636355,0.06625422345438903,0.07692307692307693,0.1
18192,19,0.0,0.0,0.0,0.0,0.0,0.1,0.09090909090909091,0.07839826897867533,0.05263157894736842,0.1
4631,1,1.0,1.0,1.0,1.0,0.2,1.0,1.0,1.0,1.0,0.1
20267,17,0.2,0.3333333333333333,0.33916020527361607,0.058823529411764705,0.2,0.4,0.34545454545454546,0.4315420454124844,0.23529411764705882,0.4
162,9,0.6,0.6,0.6399453854227659,0.3333333333333333,0.6,0.6666666666666666,0.6666666666666665,0.67971840049647,0.6666666666666666,0.6
16558,17,0.2,0.13333333333333333,0.14606834984270645,0.058823529411764705,0.2,0.4,0.2545454545454545,0.29802729812225154,0.23529411764705882,0.4
7373,10,0.4,0.5333333333333333,0.5087403079104241,0.2,0.4,0.2,0.32727272727272727,0.3301376494471202,0.2,0.2
2419,3,0.6666666666666666,0.0,0.0,0.6666666666666666,0.4,1.0,0.0,0.0,1.0,0.3
6929,5,0.0,0.0,0.0,0.0,0.0,0.4,0.0,0.0,0.4,0.25
19404,3,0.0,0.0,0.0,0.0,0.0,0.3333333333333333,0.0,0.0,0.3333333333333333,0.1
5840,9,0.4,0.4666666666666666,0.48522855511632257,0.2222222222222222,0.4,0.3333333333333333,0.31481481481481477,0.3362741576267856,0.3333333333333333,0.3
3144,7,0.6,0.6,0.6399453854227659,0.42857142857142855,0.6,0.5714285714285714,0.48979591836734687,0.5186511804016661,0.5714285714285714,0.4
11330,12,0.2,0.19999999999999998,0.16958010263680803,0.08333333333333333,0.2,0.2,0.2,0.17947710508581735,0.16666666666666666,0.2
16762,18,0.0,0.0,0.0,0.0,0.0,0.1,0.036363636363636355,0.06625422345438903,0.05555555555555555,0.1
9062,1,1.0,1.0,1.0,1.0,0.2,1.0,1.0,1.0,1.0,0.2
5303,9,0.4,0.5333333333333333,0.5087403079104241,0.2222222222222222,0.4,0.2222222222222222,0.3333333333333333,0.352568324121728,0.2222222222222222,0.2
9231,6,0.0,0.0,0.0,0.0,0.0,0.0,0.0,0.0,0.0,0.0
17448,1,1.0,1.0,1.0,1.0,0.3333333333333333,1.0,1.0,1.0,1.0,0.3333333333333333
13279,11,0.4,0.39999999999999997,0.4703652827859578,0.18181818181818182,0.4,0.2,0.29090909090909095,0.3052348839397011,0.18181818181818182,0.2
13007,11,0.4,0.6,0.5531464700081437,0.18181818181818182,0.4,0.6,0.5636363636363636,0.6405914129030108,0.5454545454545454,0.6
2717,2,0.5,0.0,0.0,0.5,0.2,1.0,0.0,0.0,1.0,0.2
19588,7,0.4,0.39999999999999997,0.4703652827859578,0.2857142857142857,0.4,0.2857142857142857,0.32653061224489793,0.3812130139445206,0.2857142857142857,0.2
17220,15,0.0,0.0,0.0,0.0,0.0,0.0,0.0,0.0,0.0,0.0
18643,17,0.4,0.3333333333333333,0.31564845247951445,0.11764705882352941,0.4,0.3,0.32727272727272727,0.27426546945536806,0.17647058823529413,0.3
9401,1,1.0,1.0,1.0,1.0,0.2,1.0,1.0,1.0,1.0,0.1
14920,5,0.6,0.6,0.6399453854227659,0.6,0.6,0.8,0.6,0.6399453854227659,0.8,0.4
8997,3,0.6666666666666666,0.4166666666666667,0.46927872602275644,0.6666666666666666,0.4,1.0,0.37037037037037035,0.46927872602275644,1.0,0.3
2965,19,0.4,0.4666666666666666,0.48522855511632257,0.10526315789473684,0.4,0.3,0.36363636363636365,0.3843113526044082,0.15789473684210525,0.3
17319,18,0.0,0.0,0.0,0.0,0.0,0.0,0.0,0.0,0.0,0.0
2263,9,0.4,0.26666666666666666,0.3007851801491498,0.2222222222222222,0.4,0.3333333333333333,0.3518518518518518,0.292175719325415,0.3333333333333333,0.3
19030,22,0.4,0.4000000000000001,0.3600546145772339,0.09090909090909091,0.4,0.2,0.29090909090909095,0.23365080824310527,0.09090909090909091,0.2
19646,18,0.6,0.6,0.6399453854227659,0.16666666666666666,0.6,0.6,0.5636363636363636,0.618519700841442,0.3333333333333333,0.6
9627,5,0.2,0.3333333333333333,0.33916020527361607,0.2,0.2,0.2,0.25,0.33916020527361607,0.2,0.1
14847,3,0.3333333333333333,0.33333333333333337,0.29608191096586517,0.3333333333333333,0.2,0.3333333333333333,0.3333333333333333,0.29608191096586517,0.3333333333333333,0.14285714285714285
3193,20,0.6,0.6,0.6399453854227659,0.15,0.6,0.5,0.5818181818181819,0.5631102580041938,0.25,0.5
12929,7,0.4,0.5333333333333333,0.5087403079104241,0.2857142857142857,0.4,0.2857142857142857,0.36734693877551017,0.4123144993714362,0.2857142857142857,0.2
4856,10,0.4,0.4666666666666666,0.48522855511632257,0.2,0.4,0.4,0.43636363636363645,0.45953262310069537,0.4,0.4
6964,5,0.2,0.3333333333333333,0.33916020527361607,0.2,0.2,0.2,0.25,0.33916020527361607,0.2,0.1
12588,7,0.6,0.6,0.6399453854227659,0.42857142857142855,0.6,0.42857142857142855,0.48979591836734687,0.5186511804016661,0.42857142857142855,0.3
5799,2,0.0,0.0,0.0,0.0,0.0,0.0,0.0,0.0,0.0,0.0
5983,25,0.4,0.6,0.5531464700081437,0.08,0.4,0.3,0.36363636363636365,0.4225749983705864,0.12,0.3
2616,2,0.5,0.0,0.0,0.5,0.2,1.0,0.0,0.0,1.0,0.2
16732,10,0.2,0.19999999999999998,0.16958010263680803,0.1,0.2,0.1,0.14545454545454548,0.11004588314904007,0.1,0.1
1851,6,0.2,0.06666666666666665,0.13120507751234176,0.16666666666666666,0.2,0.3333333333333333,0.24444444444444446,0.22485174766247445,0.3333333333333333,0.2
7124,23,0.2,0.3333333333333333,0.33916020527361607,0.043478260869565216,0.2,0.2,0.2,0.2837125544970318,0.08695652173913043,0.2
12542,2,0.0,0.0,0.0,0.0,0.0,0.0,0.0,0.0,0.0,0.0
11622,2,1.0,0.4444444444444445,0.3868528072345415,1.0,0.4,1.0,0.4736842105263158,0.3868528072345415,1.0,0.3333333333333333
400,5,0.0,0.0,0.0,0.0,0.0,0.2,0.0,0.0,0.2,0.1
3171,1,1.0,0.0,0.0,1.0,0.2,1.0,0.0,0.0,1.0,0.1
16126,7,0.6,0.7999999999999999,0.7227265726449518,0.42857142857142855,0.6,0.5714285714285714,0.6326530612244897,0.6773676006644395,0.5714285714285714,0.4444444444444444
1433,10,0.6,0.7999999999999999,0.7227265726449518,0.3,0.6,0.6,0.6000000000000001,0.6683063269107928,0.6,0.6
2847,12,0.6,0.5333333333333333,0.5147714448836773,0.25,0.6,0.3,0.4181818181818182,0.3340514446642156,0.25,0.3
3530,2,0.0,0.0,0.0,0.0,0.0,0.5,0.0,0.0,0.5,0.1
16969,6,0.4,0.3333333333333333,0.31564845247951445,0.3333333333333333,0.4,0.3333333333333333,0.3333333333333333,0.2816249726597773,0.3333333333333333,0.2
7874,9,0.0,0.0,0.0,0.0,0.0,0.0,0.0,0.0,0.0,0.0
6229,5,0.6,0.6,0.6399453854227659,0.6,0.6,0.8,0.6,0.6399453854227659,0.8,0.4
11757,6,0.2,0.19999999999999998,0.16958010263680803,0.16666666666666666,0.2,0.16666666666666666,0.17777777777777778,0.15130120674940672,0.16666666666666666,0.1
2371,5,0.0,0.0,0.0,0.0,0.0,0.0,0.0,0.0,0.0,0.0
11573,20,0.6,0.6666666666666666,0.6843515475204854,0.15,0.6,0.5,0.5454545454545454,0.579782773204422,0.25,0.5
9917,8,0.4,0.3333333333333333,0.31564845247951445,0.25,0.4,0.625,0.4230769230769231,0.39951661681991835,0.625,0.5
9971,7,0.0,0.0,0.0,0.0,0.0,0.0,0.0,0.0,0.0,0.0
5088,8,0.2,0.3333333333333333,0.33916020527361607,0.125,0.2,0.125,0.1923076923076923,0.2529427027676571,0.125,0.1
9604,2,0.5,0.0,0.0,0.5,0.2,0.5,0.0,0.0,0.5,0.1
19415,10,0.2,0.13333333333333333,0.14606834984270645,0.1,0.2,0.3,0.1818181818181818,0.22466337602289152,0.3,0.3
10011,2,0.5,0.4444444444444445,0.3868528072345415,0.5,0.2,0.5,0.4736842105263158,0.3868528072345415,0.5,0.1
16294,5,0.0,0.0,0.0,0.0,0.0,0.0,0.0,0.0,0.0,0.0
3933,15,0.4,0.19999999999999998,0.2772734273550482,0.13333333333333333,0.4,0.4,0.29090909090909084,0.30980649366451246,0.26666666666666666,0.4
19554,4,0.75,0.7857142857142858,0.8048099750039491,0.75,0.6,0.75,0.764705882352941,0.8048099750039491,0.75,0.3
9695,5,0.0,0.0,0.0,0.0,0.0,0.4,0.0,0.0,0.4,0.2
20297,2,0.5,0.0,0.0,0.5,0.2,1.0,0.0,0.0,1.0,0.2
13702,10,0.8,0.9333333333333332,0.8687949224876582,0.4,0.8,0.4,0.6181818181818183,0.5637884576902256,0.4,0.4
8757,6,0.0,0.0,0.0,0.0,0.0,0.0,0.0,0.0,0.0,0.0
4180,5,0.4,0.6,0.5531464700081437,0.4,0.4,0.4,0.475,0.5531464700081437,0.4,0.2
13678,13,0.0,0.0,0.0,0.0,0.0,0.1,0.018181818181818177,0.0636207881989517,0.07692307692307693,0.1
8839,5,0.0,0.0,0.0,0.0,0.0,0.0,0.0,0.0,0.0,0.0
19856,15,0.2,0.3333333333333333,0.33916020527361607,0.06666666666666667,0.2,0.3,0.2727272727272727,0.3570764765963919,0.2,0.3
11918,21,0.6,0.6666666666666666,0.6843515475204854,0.14285714285714285,0.6,0.6,0.5818181818181818,0.6473362615659566,0.2857142857142857,0.6
9712,15,0.2,0.13333333333333333,0.14606834984270645,0.06666666666666667,0.2,0.4,0.30909090909090914,0.31017134364653787,0.26666666666666666,0.4
12696,2,1.0,0.0,0.0,1.0,0.5,1.0,0.0,0.0,1.0,0.5
3232,13,0.0,0.0,0.0,0.0,0.0,0.1,0.07272727272727274,0.07336392209936006,0.07692307692307693,0.1
6981,5,0.0,0.0,0.0,0.0,0.0,0.0,0.0,0.0,0.0,0.0
12878,3,0.6666666666666666,0.6666666666666667,0.7039180890341346,0.6666666666666666,0.6666666666666666,0.6666666666666666,0.6666666666666666,0.7039180890341346,0.6666666666666666,0.6666666666666666
9966,11,0.4,0.3333333333333333,0.31564845247951445,0.18181818181818182,0.4,0.3,0.3090909090909091,0.27108847097297983,0.2727272727272727,0.3
2355,1,0.0,0.0,0.0,0.0,0.0,0.0,0.0,0.0,0.0,0.0
1887,8,0.0,0.0,0.0,0.0,0.0,0.125,0.09615384615384615,0.0901000086523677,0.125,0.1
7688,12,0.6,0.6,0.529634717214042,0.25,0.6,0.4,0.5090909090909091,0.4170606134915054,0.3333333333333333,0.4
11783,26,0.0,0.0,0.0,0.0,0.0,0.2,0.12727272727272726,0.14465249243306436,0.07692307692307693,0.2
16680,16,0.2,0.19999999999999998,0.16958010263680803,0.0625,0.2,0.2,0.2,0.17947710508581735,0.125,0.2
8144,6,0.0,0.0,0.0,0.0,0.0,0.0,0.0,0.0,0.0,0.0
18374,9,0.2,0.26666666666666666,0.2139862647345275,0.1111111111111111,0.2,0.2222222222222222,0.20370370370370372,0.21905299129122965,0.2222222222222222,0.2
12703,9,0.0,0.0,0.0,0.0,0.0,0.0,0.0,0.0,0.0,0.0
12742,16,0.2,0.19999999999999998,0.16958010263680803,0.0625,0.2,0.1,0.14545454545454548,0.11004588314904007,0.0625,0.1
6366,22,0.2,0.3333333333333333,0.33916020527361607,0.045454545454545456,0.2,0.4,0.3818181818181818,0.43810818083050457,0.18181818181818182,0.4
6703,4,0.25,0.14285714285714288,0.16812753627111746,0.25,0.2,0.25,0.20588235294117643,0.16812753627111746,0.25,0.1
11969,22,0.8,0.8666666666666666,0.8539316501572936,0.18181818181818182,0.8,0.6,0.7636363636363637,0.7059054020403311,0.2727272727272727,0.6
16975,2,0.0,0.0,0.0,0.0,0.0,0.0,0.0,0.0,0.0,0.0
8041,18,0.4,0.4666666666666666,0.38356636737133554,0.1111111111111111,0.4,0.4,0.4727272727272727,0.4006705181006299,0.2222222222222222,0.4
9466,3,0.0,0.0,0.0,0.0,0.0,0.0,0.0,0.0,0.0,0.0
3317,6,0.0,0.0,0.0,0.0,0.0,0.0,0.0,0.0,0.0,0.0
9113,1,0.0,0.0,0.0,0.0,0.0,0.0,0.0,0.0,0.0,0.0
2715,5,0.0,0.0,0.0,0.0,0.0,0.0,0.0,0.0,0.0,0.0
8288,4,0.5,0.5,0.5585075862632192,0.5,0.4,1.0,0.49999999999999994,0.5585075862632192,1.0,0.4
6046,11,0.0,0.0,0.0,0.0,0.0,0.0,0.0,0.0,0.0,0.0
16155,5,0.4,0.3333333333333333,0.34519134224686926,0.4,0.4,0.6,0.375,0.34519134224686926,0.6,0.3
18701,8,0.2,0.06666666666666665,0.13120507751234176,0.125,0.2,0.25,0.21153846153846154,0.1879516032875281,0.25,0.2
8172,6,0.0,0.0,0.0,0.0,0.0,0.0,0.0,0.0,0.0,0.0
18594,6,0.0,0.0,0.0,0.0,0.0,0.0,0.0,0.0,0.0,0.0
15379,11,0.0,0.0,0.0,0.0,0.0,0.1,0.036363636363636355,0.06625422345438903,0.09090909090909091,0.1
20343,29,0.2,0.26666666666666666,0.2139862647345275,0.034482758620689655,0.2,0.2,0.2,0.2051166673279435,0.06896551724137931,0.2
8040,9,0.2,0.13333333333333333,0.14606834984270645,0.1111111111111111,0.2,0.3333333333333333,0.27777777777777773,0.2591021374965682,0.3333333333333333,0.3
11782,14,0.6,0.5333333333333333,0.5147714448836773,0.21428571428571427,0.6,0.3,0.4181818181818182,0.3340514446642156,0.21428571428571427,0.3
16264,10,0.8,0.8000000000000002,0.8304198973631919,0.4,0.8,0.5,0.6545454545454544,0.6122496142821665,0.5,0.5
16090,28,0.4,0.3333333333333333,0.31564845247951445,0.07142857142857142,0.4,0.5,0.45454545454545453,0.4189179618884325,0.17857142857142858,0.5
9593,10,0.2,0.19999999999999998,0.16958010263680803,0.1,0.2,0.2,0.18181818181818182,0.1763001066034291,0.2,0.2
4775,18,0.4,0.39999999999999997,0.4703652827859578,0.1111111111111111,0.4,0.5,0.4181818181818182,0.5084738176924019,0.2777777777777778,0.5
8289,1,1.0,0.0,0.0,1.0,0.2,1.0,0.0,0.0,1.0,0.1
16354,2,0.5,0.5555555555555556,0.6131471927654584,0.5,0.2,0.5,0.5263157894736842,0.6131471927654584,0.5,0.1
6364,3,0.3333333333333333,0.4166666666666667,0.46927872602275644,0.3333333333333333,0.2,0.6666666666666666,0.37037037037037035,0.46927872602275644,0.6666666666666666,0.2
6225,22,0.2,0.3333333333333333,0.33916020527361607,0.045454545454545456,0.2,0.2,0.2545454545454545,0.29345568839744024,0.09090909090909091,0.2
12756,1,1.0,1.0,1.0,1.0,0.2,1.0,1.0,1.0,1.0,0.2
2091,9,0.2,0.19999999999999998,0.16958010263680803,0.1111111111111111,0.2,0.1111111111111111,0.14814814814814814,0.11752277470724269,0.1111111111111111,0.1
11871,2,0.5,0.0,0.0,0.5,0.2,0.5,0.0,0.0,0.5,0.1
9586,17,0.4,0.6,0.5531464700081437,0.11764705882352941,0.4,0.5,0.5272727272727272,0.5743371894486218,0.29411764705882354,0.5
13264,1,1.0,0.0,0.0,1.0,0.2,1.0,0.0,0.0,1.0,0.1
19431,15,0.4,0.39999999999999997,0.4703652827859578,0.13333333333333333,0.4,0.3,0.34545454545454546,0.3746661058764783,0.2,0.3
11325,21,0.4,0.39999999999999997,0.4703652827859578,0.09523809523809523,0.4,0.4,0.4,0.4472539411173281,0.19047619047619047,0.4
4949,15,0.0,0.0,0.0,0.0,0.0,0.0,0.0,0.0,0.0,0.0
2711,21,0.6,0.7999999999999999,0.7227265726449518,0.14285714285714285,0.6,0.4,0.5818181818181819,0.5473983622993501,0.19047619047619047,0.4
9611,37,0.2,0.3333333333333333,0.33916020527361607,0.02702702702702703,0.2,0.3,0.2909090909090909,0.35970991185182927,0.08108108108108109,0.3
19484,25,0.4,0.3333333333333333,0.34519134224686926,0.08,0.4,0.3,0.32727272727272727,0.29343678345195273,0.12,0.3
7493,11,0.2,0.13333333333333333,0.14606834984270645,0.09090909090909091,0.2,0.4,0.3090909090909091,0.3088720787393924,0.36363636363636365,0.4
5234,10,0.0,0.0,0.0,0.0,0.0,0.1,0.036363636363636355,0.06625422345438903,0.1,0.1
4981,5,0.0,0.0,0.0,0.0,0.0,0.2,0.0,0.0,0.2,0.1
12234,5,0.0,0.0,0.0,0.0,0.0,0.4,0.0,0.0,0.4,0.25
1453,4,0.75,0.42857142857142866,0.41442992501184733,0.75,0.6,1.0,0.47058823529411764,0.41442992501184733,1.0,0.5
13679,8,0.2,0.19999999999999998,0.16958010263680803,0.125,0.2,0.125,0.15384615384615385,0.12647135138382856,0.125,0.1
10301,11,0.2,0.3333333333333333,0.33916020527361607,0.09090909090909091,0.2,0.2,0.2,0.2837125544970318,0.18181818181818182,0.2
5610,3,0.6666666666666666,0.4166666666666667,0.46927872602275644,0.6666666666666666,0.4,0.6666666666666666,0.37037037037037035,0.46927872602275644,0.6666666666666666,0.2
9996,22,0.6,0.6,0.6399453854227659,0.13636363636363635,0.6,0.6,0.6,0.6243301345792676,0.2727272727272727,0.6
17334,4,0.5,0.42857142857142866,0.41442992501184733,0.5,0.4,0.75,0.47058823529411764,0.41442992501184733,0.75,0.3
16964,6,0.6,0.6,0.6399453854227659,0.5,0.6,0.5,0.5333333333333333,0.5709662133861837,0.5,0.3
15654,8,0.4,0.3333333333333333,0.34519134224686926,0.25,0.4,0.25,0.28846153846153844,0.25744067176005675,0.25,0.2
13753,4,0.0,0.0,0.0,0.0,0.0,0.0,0.0,0.0,0.0,0.0
20421,2,1.0,0.5555555555555556,0.6131471927654584,1.0,0.4,1.0,0.5263157894736842,0.6131471927654584,1.0,0.2
7843,4,0.0,0.0,0.0,0.0,0.0,0.0,0.0,0.0,0.0,0.0
5571,28,0.0,0.0,0.0,0.0,0.0,0.0,0.0,0.0,0.0,0.0
14630,3,0.0,0.0,0.0,0.0,0.0,0.0,0.0,0.0,0.0,0.0
10539,8,0.0,0.0,0.0,0.0,0.0,0.125,0.07692307692307693,0.08431423425588572,0.125,0.1
15467,10,0.2,0.13333333333333333,0.14606834984270645,0.1,0.2,0.5,0.34545454545454546,0.3764255671009269,0.5,0.5
9414,5,1.0,1.0,1.0,1.0,1.0,1.0,1.0,1.0,1.0,0.625
6719,5,0.2,0.3333333333333333,0.33916020527361607,0.2,0.2,0.4,0.25,0.33916020527361607,0.4,0.2
16658,6,0.2,0.3333333333333333,0.33916020527361607,0.16666666666666666,0.2,0.16666666666666666,0.2222222222222222,0.30260241349881345,0.16666666666666666,0.1
6325,9,0.2,0.3333333333333333,0.33916020527361607,0.1111111111111111,0.2,0.1111111111111111,0.18518518518518517,0.23504554941448538,0.1111111111111111,0.1
2734,9,0.4,0.4000000000000001,0.3600546145772339,0.2222222222222222,0.4,0.4444444444444444,0.40740740740740744,0.398630115975025,0.4444444444444444,0.4
4868,4,0.0,0.0,0.0,0.0,0.0,0.0,0.0,0.0,0.0,0.0
2022,24,0.0,0.0,0.0,0.0,0.0,0.0,0.0,0.0,0.0,0.0
355,22,1.0,1.0,1.0,0.22727272727272727,1.0,0.9,0.9818181818181819,0.9363792118010482,0.4090909090909091,0.9
17922,7,0.2,0.19999999999999998,0.16958010263680803,0.14285714285714285,0.2,0.14285714285714285,0.16326530612244897,0.13743816645714543,0.14285714285714285,0.1
18808,50,0.6,0.6666666666666666,0.6843515475204854,0.06,0.6,0.5,0.5636363636363636,0.5837154733670048,0.1,0.5
18005,15,0.0,0.0,0.0,0.0,0.0,0.0,0.0,0.0,0.0,0.0
18655,1,0.0,0.0,0.0,0.0,0.0,0.0,0.0,0.0,0.0,0.0
7464,3,0.6666666666666666,0.4166666666666667,0.46927872602275644,0.6666666666666666,0.4,0.6666666666666666,0.37037037037037035,0.46927872602275644,0.6666666666666666,0.2
2637,22,0.4,0.6,0.5531464700081437,0.09090909090909091,0.4,0.2,0.34545454545454546,0.3589542101716347,0.09090909090909091,0.2
184,20,0.4,0.19999999999999998,0.2772734273550482,0.1,0.4,0.5,0.41818181818181815,0.3953144612881588,0.25,0.5
3621,6,0.6,0.39999999999999997,0.4468535299918562,0.5,0.6,0.6666666666666666,0.5777777777777778,0.5064767203222518,0.6666666666666666,0.4
3569,10,0.4,0.4666666666666666,0.38356636737133554,0.2,0.4,0.6,0.5454545454545455,0.5337225282363589,0.6,0.6
11436,17,0.4,0.39999999999999997,0.4703652827859578,0.11764705882352941,0.4,0.4,0.38181818181818183,0.4422195942380128,0.23529411764705882,0.4
6074,20,0.2,0.19999999999999998,0.16958010263680803,0.05,0.2,0.5,0.36363636363636365,0.3806801328545301,0.2,0.5
11646,12,0.2,0.26666666666666666,0.2139862647345275,0.08333333333333333,0.2,0.1,0.16363636363636364,0.1388624438735545,0.08333333333333333,0.1
20315,3,0.3333333333333333,0.4166666666666667,0.46927872602275644,0.3333333333333333,0.2,0.6666666666666666,0.37037037037037035,0.46927872602275644,0.6666666666666666,0.2
5711,14,0.4,0.6,0.5531464700081437,0.14285714285714285,0.4,0.3,0.3818181818181818,0.42520843362602373,0.21428571428571427,0.3
10550,16,0.2,0.13333333333333333,0.14606834984270645,0.0625,0.2,0.1,0.12727272727272726,0.09478836436955078,0.0625,0.1
2962,15,0.2,0.06666666666666665,0.13120507751234176,0.06666666666666667,0.2,0.2,0.12727272727272726,0.14876390584057267,0.13333333333333333,0.2
904,9,0.2,0.26666666666666666,0.2139862647345275,0.1111111111111111,0.2,0.3333333333333333,0.20370370370370372,0.21905299129122965,0.3333333333333333,0.3
6264,25,0.8,0.8000000000000002,0.8304198973631919,0.16,0.8,0.5,0.6545454545454544,0.6122496142821665,0.2,0.5
6513,2,0.5,0.0,0.0,0.5,0.2,0.5,0.0,0.0,0.5,0.2
3740,9,0.2,0.26666666666666666,0.2139862647345275,0.1111111111111111,0.2,0.1111111111111111,0.16666666666666666,0.14829723057014907,0.1111111111111111,0.1
9339,22,0.2,0.06666666666666665,0.13120507751234176,0.045454545454545456,0.2,0.3,0.2727272727272727,0.23690530871965637,0.13636363636363635,0.3
14514,9,0.0,0.0,0.0,0.0,0.0,0.1111111111111111,0.03703703703703703,0.0707557607210806,0.1111111111111111,0.1
16025,23,0.4,0.3333333333333333,0.34519134224686926,0.08695652173913043,0.4,0.5,0.43636363636363634,0.43545584062957976,0.21739130434782608,0.5
413,8,0.0,0.0,0.0,0.0,0.0,0.0,0.0,0.0,0.0,0.0
18087,8,0.2,0.3333333333333333,0.33916020527361607,0.125,0.2,0.125,0.1923076923076923,0.2529427027676571,0.125,0.1
17784,1,0.0,0.0,0.0,0.0,0.0,0.0,0.0,0.0,0.0,0.0
16653,9,0.2,0.19999999999999998,0.16958010263680803,0.1111111111111111,0.2,0.1111111111111111,0.14814814814814814,0.11752277470724269,0.1111111111111111,0.1
5151,4,0.25,0.35714285714285715,0.39038004999210163,0.25,0.2,0.25,0.2941176470588235,0.39038004999210163,0.25,0.1
5918,18,0.2,0.3333333333333333,0.33916020527361607,0.05555555555555555,0.2,0.3,0.2545454545454545,0.35314377643380906,0.16666666666666666,0.3
12636,4,0.0,0.0,0.0,0.0,0.0,0.25,0.0,0.0,0.25,0.1
14415,3,0.0,0.0,0.0,0.0,0.0,0.3333333333333333,0.0,0.0,0.3333333333333333,0.14285714285714285
9498,2,0.0,0.0,0.0,0.0,0.0,0.0,0.0,0.0,0.0,0.0
9550,14,0.2,0.26666666666666666,0.2139862647345275,0.07142857142857142,0.2,0.2,0.18181818181818182,0.2024832320725062,0.14285714285714285,0.2
13584,18,0.4,0.6,0.5531464700081437,0.1111111111111111,0.4,0.5,0.5454545454545454,0.5769706247040591,0.2777777777777778,0.5
8814,3,0.0,0.0,0.0,0.0,0.0,0.0,0.0,0.0,0.0,0.0
19446,14,0.2,0.3333333333333333,0.33916020527361607,0.07142857142857142,0.2,0.1,0.18181818181818182,0.22009176629808014,0.07142857142857142,0.1
11609,16,0.4,0.4666666666666666,0.48522855511632257,0.125,0.4,0.4,0.45454545454545453,0.46270962158308354,0.25,0.4
4188,7,0.4,0.5333333333333333,0.5087403079104241,0.2857142857142857,0.4,0.42857142857142855,0.4693877551020407,0.510227424721404,0.42857142857142855,0.3
11297,11,0.6,0.6666666666666666,0.6843515475204854,0.2727272727272727,0.6,0.4,0.5454545454545454,0.522495596791931,0.36363636363636365,0.4
17971,5,0.4,0.6,0.5531464700081437,0.4,0.4,0.6,0.475,0.5531464700081437,0.6,0.3
12752,8,0.0,0.0,0.0,0.0,0.0,0.0,0.0,0.0,0.0,0.0
15816,13,0.2,0.13333333333333333,0.14606834984270645,0.07692307692307693,0.2,0.3,0.2727272727272727,0.24261785528500332,0.23076923076923078,0.3
5784,2,0.5,0.0,0.0,0.5,0.2,0.5,0.0,0.0,0.5,0.1
19923,2,0.5,0.0,0.0,0.5,0.2,0.5,0.0,0.0,0.5,0.1
1116,9,0.2,0.3333333333333333,0.33916020527361607,0.1111111111111111,0.2,0.1111111111111111,0.18518518518518517,0.23504554941448538,0.1111111111111111,0.1
403,15,0.2,0.06666666666666665,0.13120507751234176,0.06666666666666667,0.2,0.2,0.16363636363636364,0.15457433957839825,0.13333333333333333,0.2
8983,22,0.2,0.13333333333333333,0.14606834984270645,0.045454545454545456,0.2,0.3,0.21818181818181817,0.23047380976071705,0.13636363636363635,0.3
16652,23,0.4,0.5333333333333333,0.5087403079104241,0.08695652173913043,0.4,0.5,0.45454545454545464,0.533376583199821,0.21739130434782608,0.5
7856,8,0.0,0.0,0.0,0.0,0.0,0.0,0.0,0.0,0.0,0.0
5052,2,0.5,0.5555555555555556,0.6131471927654584,0.5,0.2,0.5,0.5263157894736842,0.6131471927654584,0.5,0.14285714285714285
19239,18,0.6,0.7999999999999999,0.7227265726449518,0.16666666666666666,0.6,0.3,0.49090909090909096,0.46900009332067477,0.16666666666666666,0.3
14809,8,0.2,0.3333333333333333,0.33916020527361607,0.125,0.2,0.125,0.1923076923076923,0.2529427027676571,0.125,0.1
8730,10,0.0,0.0,0.0,0.0,0.0,0.0,0.0,0.0,0.0,0.0
3687,1,1.0,0.0,0.0,1.0,0.5,1.0,0.0,0.0,1.0,0.5
2199,7,0.0,0.0,0.0,0.0,0.0,0.0,0.0,0.0,0.0,0.0
14439,14,0.4,0.4000000000000001,0.3600546145772339,0.14285714285714285,0.4,0.2,0.29090909090909095,0.23365080824310527,0.14285714285714285,0.2
11656,12,0.6,0.7999999999999999,0.7227265726449518,0.25,0.6,0.3,0.49090909090909096,0.46900009332067477,0.25,0.3
3663,6,0.2,0.26666666666666666,0.2139862647345275,0.16666666666666666,0.2,0.16666666666666666,0.2,0.1909208661789346,0.16666666666666666,0.1
10293,18,0.0,0.0,0.0,0.0,0.0,0.0,0.0,0.0,0.0,0.0
19420,11,0.2,0.3333333333333333,0.33916020527361607,0.09090909090909091,0.2,0.5,0.39999999999999997,0.5017289690294563,0.45454545454545453,0.5
8257,20,0.0,0.0,0.0,0.0,0.0,0.1,0.018181818181818177,0.0636207881989517,0.05,0.1
16360,3,0.3333333333333333,0.25,0.23463936301137822,0.3333333333333333,0.2,0.6666666666666666,0.2962962962962963,0.23463936301137822,0.6666666666666666,0.25
14668,7,0.0,0.0,0.0,0.0,0.0,0.42857142857142855,0.0,0.0,0.42857142857142855,0.3
1018,19,0.6,0.6,0.6399453854227659,0.15789473684210525,0.6,0.4,0.45454545454545453,0.4789015552876929,0.21052631578947367,0.4
15694,10,0.6,0.46666666666666673,0.4912596920895757,0.3,0.6,0.4,0.49090909090909096,0.39719219486340157,0.4,0.4
6276,14,0.8,0.7333333333333334,0.7860137352654724,0.2857142857142857,0.8,0.7,0.7090909090909091,0.716485063693381,0.5,0.7
18219,3,1.0,0.4166666666666667,0.46927872602275644,1.0,0.6,1.0,0.37037037037037035,0.46927872602275644,1.0,0.42857142857142855
3266,4,0.75,0.6428571428571428,0.6096199500078983,0.75,0.6,0.75,0.7058823529411765,0.6096199500078983,0.75,0.375
14352,2,1.0,1.0,1.0,1.0,1.0,1.0,1.0,1.0,1.0,1.0
670,7,0.0,0.0,0.0,0.0,0.0,0.0,0.0,0.0,0.0,0.0
19149,7,0.6,0.5333333333333333,0.6164336326286642,0.42857142857142855,0.6,0.7142857142857143,0.5714285714285714,0.5975087322498513,0.7142857142857143,0.5
3854,12,0.8,0.8666666666666666,0.8539316501572936,0.3333333333333333,0.8,0.7,0.7272727272727273,0.7573821447149967,0.5833333333333334,0.7
773,2,0.5,0.4444444444444445,0.3868528072345415,0.5,0.2,0.5,0.4736842105263158,0.3868528072345415,0.5,0.1
5826,2,0.5,0.5555555555555556,0.6131471927654584,0.5,0.2,0.5,0.5263157894736842,0.6131471927654584,0.5,0.1
15083,16,0.4,0.5333333333333333,0.5087403079104241,0.125,0.4,0.2,0.32727272727272727,0.3301376494471202,0.125,0.2
13227,14,0.0,0.0,0.0,0.0,0.0,0.2,0.07272727272727274,0.13305201013572895,0.14285714285714285,0.2
12500,20,0.6,0.6666666666666666,0.6548086577531306,0.15,0.6,0.7,0.6363636363636365,0.6975961695061491,0.35,0.7
7203,11,0.2,0.19999999999999998,0.16958010263680803,0.09090909090909091,0.2,0.4,0.2727272727272727,0.31328481690174087,0.36363636363636365,0.4
12573,12,0.2,0.3333333333333333,0.33916020527361607,0.08333333333333333,0.2,0.1,0.18181818181818182,0.22009176629808014,0.08333333333333333,0.1
7847,1,1.0,1.0,1.0,1.0,0.2,1.0,1.0,1.0,1.0,0.1
9589,8,0.4,0.19999999999999998,0.2772734273550482,0.25,0.4,0.5,0.3461538461538461,0.296888095905284,0.5,0.4
9837,15,0.4,0.3333333333333333,0.34519134224686926,0.13333333333333333,0.4,0.4,0.43636363636363634,0.3757677525932108,0.26666666666666666,0.4
12618,9,0.6,0.7333333333333334,0.6992148198508501,0.3333333333333333,0.6,0.4444444444444444,0.574074074074074,0.5682963021961281,0.4444444444444444,0.4
17873,17,1.0,1.0,1.0,0.29411764705882354,1.0,0.7,0.8363636363636364,0.7885497208855957,0.4117647058823529,0.7
16220,7,0.2,0.13333333333333333,0.14606834984270645,0.14285714285714285,0.2,0.14285714285714285,0.14285714285714285,0.11838279295536291,0.14285714285714285,0.1
11590,10,0.2,0.3333333333333333,0.33916020527361607,0.1,0.2,0.2,0.2727272727272727,0.2984900352767555,0.2,0.2
1444,2,1.0,1.0,1.0,1.0,0.4,1.0,1.0,1.0,1.0,0.4
8243,12,0.0,0.0,0.0,0.0,0.0,0.0,0.0,0.0,0.0,0.0
18674,5,0.2,0.19999999999999998,0.16958010263680803,0.2,0.2,0.4,0.2,0.16958010263680803,0.4,0.2
14848,18,0.2,0.13333333333333333,0.14606834984270645,0.05555555555555555,0.2,0.2,0.1636363636363636,0.16104258782393982,0.1111111111111111,0.2
5200,9,0.2,0.06666666666666665,0.13120507751234176,0.1111111111111111,0.2,0.1111111111111111,0.1111111111111111,0.09092803061897882,0.1111111111111111,0.1
6479,3,0.0,0.0,0.0,0.0,0.0,0.0,0.0,0.0,0.0,0.0
15722,5,0.4,0.4000000000000001,0.3600546145772339,0.4,0.4,0.4,0.4,0.3600546145772339,0.4,0.2
4045,17,0.6,0.6666666666666666,0.6843515475204854,0.17647058823529413,0.6,0.6,0.5636363636363636,0.6434035614033737,0.35294117647058826,0.6
14727,14,0.6,0.7333333333333334,0.6992148198508501,0.21428571428571427,0.6,0.5,0.5818181818181818,0.5957616317188125,0.35714285714285715,0.5
14604,2,0.5,0.0,0.0,0.5,0.2,0.5,0.0,0.0,0.5,0.1
2350,9,0.4,0.5333333333333333,0.5087403079104241,0.2222222222222222,0.4,0.3333333333333333,0.3888888888888889,0.42671693940680255,0.3333333333333333,0.3
12311,3,0.3333333333333333,0.33333333333333337,0.29608191096586517,0.3333333333333333,0.2,0.3333333333333333,0.3333333333333333,0.29608191096586517,0.3333333333333333,0.1
9700,3,0.6666666666666666,0.75,0.7653606369886217,0.6666666666666666,0.4,0.6666666666666666,0.7037037037037036,0.7653606369886217,0.6666666666666666,0.2
17057,5,0.4,0.6,0.5531464700081437,0.4,0.4,0.4,0.475,0.5531464700081437,0.4,0.2
40,20,1.0,1.0,1.0,0.25,1.0,0.6,0.7454545454545454,0.7125523635307983,0.3,0.6
8286,7,0.2,0.06666666666666665,0.13120507751234176,0.14285714285714285,0.2,0.14285714285714285,0.12244897959183672,0.10633668103022983,0.14285714285714285,0.1
3085,19,0.2,0.13333333333333333,0.14606834984270645,0.05263157894736842,0.2,0.1,0.12727272727272726,0.09478836436955078,0.05263157894736842,0.1
857,10,0.4,0.4666666666666666,0.38356636737133554,0.2,0.4,0.3,0.4,0.3273065960012699,0.3,0.3
19123,6,0.2,0.06666666666666665,0.13120507751234176,0.16666666666666666,0.2,0.3333333333333333,0.13333333333333333,0.11706259313796352,0.3333333333333333,0.2
16928,2,0.5,0.0,0.0,0.5,0.2,1.0,0.0,0.0,1.0,0.3333333333333333
17071,11,0.2,0.3333333333333333,0.33916020527361607,0.09090909090909091,0.2,0.2,0.23636363636363636,0.2895229882348574,0.18181818181818182,0.2
3497,2,0.0,0.0,0.0,0.0,0.0,0.5,0.0,0.0,0.5,0.1
3520,5,0.2,0.13333333333333333,0.14606834984270645,0.2,0.2,0.6,0.175,0.14606834984270645,0.6,0.3
13102,2,1.0,0.4444444444444445,0.3868528072345415,1.0,0.4,1.0,0.4736842105263158,0.3868528072345415,1.0,0.3333333333333333
6868,14,0.2,0.06666666666666665,0.13120507751234176,0.07142857142857142,0.2,0.4,0.2727272727272727,0.29419248513214724,0.2857142857142857,0.4
9003,16,0.8,0.8000000000000002,0.8304198973631919,0.25,0.8,0.7,0.7636363636363636,0.7542686714597936,0.4375,0.7
615,4,0.25,0.35714285714285715,0.39038004999210163,0.25,0.2,0.5,0.2941176470588235,0.39038004999210163,0.5,0.2
12183,5,0.2,0.19999999999999998,0.16958010263680803,0.2,0.2,0.2,0.2,0.16958010263680803,0.2,0.2
239,12,0.0,0.0,0.0,0.0,0.0,0.1,0.018181818181818177,0.0636207881989517,0.08333333333333333,0.1
2104,6,0.0,0.0,0.0,0.0,0.0,0.0,0.0,0.0,0.0,0.0
6730,15,0.6,0.6,0.6399453854227659,0.2,0.6,0.5,0.5454545454545454,0.5548989126424904,0.3333333333333333,0.5
12013,14,0.0,0.0,0.0,0.0,0.0,0.2,0.09090909090909091,0.13698471029831175,0.14285714285714285,0.2
18116,16,0.2,0.13333333333333333,0.14606834984270645,0.0625,0.2,0.3,0.21818181818181817,0.23047380976071705,0.1875,0.3
17474,31,0.8,0.8000000000000002,0.8304198973631919,0.12903225806451613,0.8,0.8,0.8363636363636363,0.8263333286520081,0.25806451612903225,0.8
9757,21,0.6,0.5333333333333333,0.6164336326286642,0.14285714285714285,0.6,0.4,0.49090909090909085,0.47338717040861195,0.19047619047619047,0.4
7831,2,0.0,0.0,0.0,0.0,0.0,0.0,0.0,0.0,0.0,0.0
15792,2,0.0,0.0,0.0,0.0,0.0,0.0,0.0,0.0,0.0,0.0
3942,1,1.0,1.0,1.0,1.0,0.2,1.0,1.0,1.0,1.0,0.2
5171,6,0.0,0.0,0.0,0.0,0.0,0.3333333333333333,0.0,0.0,0.3333333333333333,0.2
7556,25,0.8,0.8666666666666666,0.8539316501572936,0.16,0.8,0.7,0.7454545454545454,0.7605591431973848,0.28,0.7
18011,7,0.4,0.5333333333333333,0.5087403079104241,0.2857142857142857,0.4,0.2857142857142857,0.36734693877551017,0.4123144993714362,0.2857142857142857,0.2
10642,8,0.6,0.6,0.529634717214042,0.375,0.6,0.5,0.46153846153846156,0.3949969211264808,0.5,0.4
8415,13,0.2,0.3333333333333333,0.33916020527361607,0.07692307692307693,0.2,0.1,0.18181818181818182,0.22009176629808014,0.07692307692307693,0.1
11705,5,0.6,0.5333333333333333,0.6164336326286642,0.6,0.6,0.6,0.575,0.6164336326286642,0.6,0.3
10473,6,0.0,0.0,0.0,0.0,0.0,0.0,0.0,0.0,0.0,0.0
3996,2,0.0,0.0,0.0,0.0,0.0,0.0,0.0,0.0,0.0,0.0
6561,6,0.4,0.4666666666666666,0.48522855511632257,0.3333333333333333,0.4,0.3333333333333333,0.37777777777777777,0.4329261794091841,0.3333333333333333,0.2
6493,6,0.0,0.0,0.0,0.0,0.0,0.3333333333333333,0.1111111111111111,0.10778915452451095,0.3333333333333333,0.2
6927,7,0.4,0.3333333333333333,0.31564845247951445,0.2857142857142857,0.4,0.5714285714285714,0.38775510204081626,0.347446403717272,0.5714285714285714,0.4
771,20,0.2,0.3333333333333333,0.33916020527361607,0.05,0.2,0.4,0.309090909090909,0.42333070005078094,0.2,0.4
164,3,0.3333333333333333,0.4166666666666667,0.46927872602275644,0.3333333333333333,0.2,1.0,0.37037037037037035,0.46927872602275644,1.0,0.42857142857142855
16112,23,0.4,0.4666666666666666,0.38356636737133554,0.08695652173913043,0.4,0.4,0.4727272727272727,0.4006705181006299,0.17391304347826086,0.4
15085,8,0.4,0.19999999999999998,0.2772734273550482,0.25,0.4,0.625,0.3846153846153846,0.37089686007125017,0.625,0.5
4946,18,0.0,0.0,0.0,0.0,0.0,0.2,0.12727272727272726,0.14465249243306436,0.1111111111111111,0.2
1090,10,0.4,0.5333333333333333,0.5087403079104241,0.2,0.4,0.4,0.4181818181818182,0.4671223597454319,0.4,0.4
16156,8,0.4,0.6,0.5531464700081437,0.25,0.4,0.25,0.36538461538461536,0.4125317798925535,0.25,0.2
9697,9,0.4,0.5333333333333333,0.5087403079104241,0.2222222222222222,0.4,0.2222222222222222,0.3333333333333333,0.352568324121728,0.2222222222222222,0.2
18321,5,0.4,0.39999999999999997,0.4703652827859578,0.4,0.4,0.8,0.4,0.4703652827859578,0.8,0.4
3052,13,0.2,0.3333333333333333,0.33916020527361607,0.07692307692307693,0.2,0.2,0.21818181818181817,0.28634598975246917,0.15384615384615385,0.2
8456,10,0.2,0.3333333333333333,0.33916020527361607,0.1,0.2,0.1,0.18181818181818182,0.22009176629808014,0.1,0.1
6941,4,0.0,0.0,0.0,0.0,0.0,0.25,0.0,0.0,0.25,0.1
17261,19,0.4,0.4000000000000001,0.3600546145772339,0.10526315789473684,0.4,0.5,0.4181818181818182,0.43688974199580605,0.2631578947368421,0.5
5011,9,0.0,0.0,0.0,0.0,0.0,0.1111111111111111,0.05555555555555556,0.07414861528507453,0.1111111111111111,0.1
4085,8,0.0,0.0,0.0,0.0,0.0,0.0,0.0,0.0,0.0,0.0
12602,5,0.2,0.19999999999999998,0.16958010263680803,0.2,0.2,0.2,0.2,0.16958010263680803,0.2,0.1
10112,8,0.2,0.3333333333333333,0.33916020527361607,0.125,0.2,0.25,0.25,0.3327372413301053,0.25,0.2
2650,26,0.6,0.6,0.529634717214042,0.11538461538461539,0.6,0.3,0.43636363636363645,0.34369669139214537,0.11538461538461539,0.3
18217,9,0.2,0.13333333333333333,0.14606834984270645,0.1111111111111111,0.2,0.1111111111111111,0.12962962962962962,0.10122860821230019,0.1111111111111111,0.1
15317,2,0.0,0.0,0.0,0.0,0.0,0.0,0.0,0.0,0.0,0.0
7466,2,0.0,0.0,0.0,0.0,0.0,0.0,0.0,0.0,0.0,0.0
15279,33,0.4,0.5333333333333333,0.5087403079104241,0.06060606060606061,0.4,0.2,0.32727272727272727,0.3301376494471202,0.06060606060606061,0.2
19672,2,0.5,0.0,0.0,0.5,0.2,0.5,0.0,0.0,0.5,0.1
20164,9,0.2,0.13333333333333333,0.14606834984270645,0.1111111111111111,0.2,0.2222222222222222,0.20370370370370372,0.17957712468379533,0.2222222222222222,0.2
16375,8,0.4,0.39999999999999997,0.4703652827859578,0.25,0.4,0.375,0.3653846153846154,0.43058883596526565,0.375,0.3
5396,15,0.0,0.0,0.0,0.0,0.0,0.1,0.036363636363636355,0.06625422345438903,0.06666666666666667,0.1
8454,11,0.2,0.26666666666666666,0.2139862647345275,0.09090909090909091,0.2,0.2,0.2545454545454545,0.21726071285222984,0.18181818181818182,0.2
9558,5,0.0,0.0,0.0,0.0,0.0,0.0,0.0,0.0,0.0,0.0
7922,8,0.6,0.5333333333333333,0.6164336326286642,0.375,0.6,0.375,0.44230769230769224,0.45973079002057343,0.375,0.3
16241,14,0.6,0.7999999999999999,0.7227265726449518,0.21428571428571427,0.6,0.5,0.6181818181818183,0.6136525857537392,0.35714285714285715,0.5
3324,10,0.2,0.3333333333333333,0.33916020527361607,0.1,0.2,0.1,0.18181818181818182,0.22009176629808014,0.1,0.1
440,13,0.2,0.13333333333333333,0.14606834984270645,0.07692307692307693,0.2,0.3,0.1818181818181818,0.22466337602289152,0.23076923076923078,0.3
14186,10,0.2,0.26666666666666666,0.2139862647345275,0.1,0.2,0.1,0.16363636363636364,0.1388624438735545,0.1,0.1
11753,15,0.0,0.0,0.0,0.0,0.0,0.0,0.0,0.0,0.0,0.0
7285,9,0.4,0.6,0.5531464700081437,0.2222222222222222,0.4,0.3333333333333333,0.4259259259259259,0.4616912964561296,0.3333333333333333,0.3
1493,12,0.2,0.19999999999999998,0.16958010263680803,0.08333333333333333,0.2,0.3,0.2,0.23992089480238077,0.25,0.3
17876,3,1.0,0.75,0.7653606369886217,1.0,0.6,1.0,0.7037037037037036,0.7653606369886217,1.0,0.6
11257,11,0.2,0.26666666666666666,0.2139862647345275,0.09090909090909091,0.2,0.2,0.23636363636363636,0.21222636597291453,0.18181818181818182,0.2
9331,4,0.0,0.0,0.0,0.0,0.0,0.0,0.0,0.0,0.0,0.0
5846,12,0.2,0.26666666666666666,0.2139862647345275,0.08333333333333333,0.2,0.1,0.16363636363636364,0.1388624438735545,0.08333333333333333,0.1
19867,9,0.6,0.6666666666666666,0.6843515475204854,0.3333333333333333,0.6,0.3333333333333333,0.4629629629629629,0.4742708106036133,0.3333333333333333,0.3
1704,21,0.6,0.5333333333333333,0.6164336326286642,0.14285714285714285,0.6,0.5,0.49090909090909085,0.5330752584449808,0.23809523809523808,0.5
5843,25,0.2,0.26666666666666666,0.2139862647345275,0.04,0.2,0.3,0.23636363636363641,0.27191445400928344,0.12,0.3
5379,20,1.0,1.0,1.0,0.25,1.0,1.0,1.0,1.0,0.5,1.0
975,6,0.2,0.19999999999999998,0.16958010263680803,0.16666666666666666,0.2,0.16666666666666666,0.17777777777777778,0.15130120674940672,0.16666666666666666,0.1
18466,3,0.0,0.0,0.0,0.0,0.0,0.3333333333333333,0.0,0.0,0.3333333333333333,0.1
8128,8,0.6,0.7999999999999999,0.7227265726449518,0.375,0.6,0.75,0.75,0.7932119127470836,0.75,0.6
11451,19,0.2,0.06666666666666665,0.13120507751234176,0.05263157894736842,0.2,0.1,0.10909090909090909,0.08514311764162097,0.05263157894736842,0.1
6877,4,0.25,0.0,0.0,0.25,0.2,0.25,0.0,0.0,0.25,0.1
9704,5,0.2,0.3333333333333333,0.33916020527361607,0.2,0.2,0.2,0.25,0.33916020527361607,0.2,0.1
9429,5,0.4,0.5333333333333333,0.5087403079104241,0.4,0.4,0.6,0.45,0.5087403079104241,0.6,0.3
9736,9,0.2,0.13333333333333333,0.14606834984270645,0.1111111111111111,0.2,0.2222222222222222,0.16666666666666663,0.17198436893338082,0.2222222222222222,0.2
276,4,0.25,0.28571428571428575,0.2463023887407299,0.25,0.2,0.5,0.2647058823529412,0.2463023887407299,0.5,0.2
1742,8,0.0,0.0,0.0,0.0,0.0,0.0,0.0,0.0,0.0,0.0
12559,3,0.3333333333333333,0.4166666666666667,0.46927872602275644,0.3333333333333333,0.25,0.3333333333333333,0.37037037037037035,0.46927872602275644,0.3333333333333333,0.25
1103,3,0.3333333333333333,0.0,0.0,0.3333333333333333,0.2,0.3333333333333333,0.0,0.0,0.3333333333333333,0.1
5459,12,0.0,0.0,0.0,0.0,0.0,0.1,0.07272727272727274,0.07336392209936006,0.08333333333333333,0.1
12400,18,0.6,0.46666666666666673,0.4912596920895757,0.16666666666666666,0.6,0.5,0.5636363636363636,0.4705561169627616,0.2777777777777778,0.5
18214,3,1.0,0.6666666666666667,0.7039180890341346,1.0,0.6,1.0,0.6666666666666666,0.7039180890341346,1.0,0.42857142857142855
12855,5,0.6,0.7999999999999999,0.7227265726449518,0.6,0.6,0.8,0.675,0.7227265726449518,0.8,0.5
5044,1,0.0,0.0,0.0,0.0,0.0,0.0,0.0,0.0,0.0,0.0
11356,6,0.0,0.0,0.0,0.0,0.0,0.0,0.0,0.0,0.0,0.0
1181,5,0.2,0.13333333333333333,0.14606834984270645,0.2,0.2,0.2,0.175,0.14606834984270645,0.2,0.1
10996,2,0.0,0.0,0.0,0.0,0.0,0.5,0.0,0.0,0.5,0.1
18927,2,0.5,0.0,0.0,0.5,0.2,0.5,0.0,0.0,0.5,0.1
1712,7,0.6,0.7999999999999999,0.7227265726449518,0.42857142857142855,0.6,0.8571428571428571,0.6326530612244897,0.6773676006644395,0.8571428571428571,0.6
11194,5,0.2,0.3333333333333333,0.33916020527361607,0.2,0.2,0.2,0.25,0.33916020527361607,0.2,0.1
12154,12,0.2,0.06666666666666665,0.13120507751234176,0.08333333333333333,0.2,0.1,0.10909090909090909,0.08514311764162097,0.08333333333333333,0.1
8645,11,0.2,0.06666666666666665,0.13120507751234176,0.09090909090909091,0.2,0.25,0.18181818181818182,0.1821658288910461,0.18181818181818182,0.25
1291,5,0.0,0.0,0.0,0.0,0.0,0.2,0.0,0.0,0.2,0.1
17115,3,0.3333333333333333,0.0,0.0,0.3333333333333333,0.2,0.3333333333333333,0.0,0.0,0.3333333333333333,0.1
1304,20,0.0,0.0,0.0,0.0,0.0,0.0,0.0,0.0,0.0,0.0
4070,5,0.2,0.13333333333333333,0.14606834984270645,0.2,0.2,0.4,0.175,0.14606834984270645,0.4,0.2
3742,6,0.4,0.3333333333333333,0.31564845247951445,0.3333333333333333,0.4,0.5,0.3333333333333333,0.2816249726597773,0.5,0.3
18505,5,0.0,0.0,0.0,0.0,0.0,0.2,0.0,0.0,0.2,0.1
14386,22,0.2,0.19999999999999998,0.16958010263680803,0.045454545454545456,0.2,0.1,0.14545454545454548,0.11004588314904007,0.045454545454545456,0.1
91,4,0.5,0.5714285714285715,0.5855700749881524,0.5,0.4,0.75,0.5294117647058824,0.5855700749881524,0.75,0.3
8065,20,0.8,0.9333333333333332,0.8687949224876582,0.2,0.8,0.4,0.6181818181818183,0.5637884576902256,0.2,0.4
1578,22,0.2,0.26666666666666666,0.2139862647345275,0.045454545454545456,0.2,0.2,0.23636363636363636,0.21222636597291453,0.09090909090909091,0.2
3671,11,0.8,0.7333333333333334,0.7860137352654724,0.36363636363636365,0.8,0.9,0.8363636363636363,0.8611375561264454,0.8181818181818182,0.9
15423,18,0.6,0.39999999999999997,0.4468535299918562,0.16666666666666666,0.6,0.5,0.5272727272727273,0.4378068560756644,0.2777777777777778,0.5
16953,1,1.0,1.0,1.0,1.0,0.2,1.0,1.0,1.0,1.0,0.14285714285714285
2240,12,0.0,0.0,0.0,0.0,0.0,0.1,0.036363636363636355,0.06625422345438903,0.08333333333333333,0.1
17073,11,0.0,0.0,0.0,0.0,0.0,0.0,0.0,0.0,0.0,0.0
6768,2,1.0,1.0,1.0,1.0,0.4,1.0,1.0,1.0,1.0,0.2857142857142857
645,8,0.0,0.0,0.0,0.0,0.0,0.0,0.0,0.0,0.0,0.0
15190,13,0.2,0.3333333333333333,0.33916020527361607,0.07692307692307693,0.2,0.2,0.2,0.2837125544970318,0.15384615384615385,0.2
8130,4,0.75,0.5,0.5585075862632192,0.75,0.6,1.0,0.49999999999999994,0.5585075862632192,1.0,0.4
14256,2,0.5,0.4444444444444445,0.3868528072345415,0.5,0.2,0.5,0.4736842105263158,0.3868528072345415,0.5,0.1
5653,11,0.0,0.0,0.0,0.0,0.0,0.1,0.018181818181818177,0.0636207881989517,0.09090909090909091,0.1
14783,14,0.6,0.39999999999999997,0.4468535299918562,0.21428571428571427,0.6,0.5,0.5454545454545454,0.44173955623824723,0.35714285714285715,0.5
17965,14,0.6,0.39999999999999997,0.4468535299918562,0.21428571428571427,0.6,0.5,0.509090909090909,0.4346298575932762,0.35714285714285715,0.5
14560,8,0.8,0.8666666666666666,0.8539316501572936,0.5,0.8,0.625,0.7307692307692308,0.7269547345639102,0.625,0.5
13461,12,0.4,0.5333333333333333,0.5087403079104241,0.16666666666666666,0.4,0.3,0.4,0.40350157154648025,0.25,0.3
1021,11,0.2,0.06666666666666665,0.13120507751234176,0.09090909090909091,0.2,0.5,0.34545454545454546,0.3699573188553853,0.45454545454545453,0.5
5746,7,0.2,0.26666666666666666,0.2139862647345275,0.14285714285714285,0.2,0.2857142857142857,0.18367346938775508,0.17342765698823942,0.2857142857142857,0.2
3391,10,0.0,0.0,0.0,0.0,0.0,0.0,0.0,0.0,0.0,0.0
2503,6,0.2,0.3333333333333333,0.33916020527361607,0.16666666666666666,0.2,0.5,0.3333333333333333,0.4103915680233244,0.5,0.3
9711,12,0.0,0.0,0.0,0.0,0.0,0.0,0.0,0.0,0.0,0.0
15813,18,0.2,0.3333333333333333,0.33916020527361607,0.05555555555555555,0.2,0.2,0.21818181818181817,0.28634598975246917,0.1111111111111111,0.2
6530,18,0.6,0.6,0.6399453854227659,0.16666666666666666,0.6,0.5,0.5636363636363636,0.5580759111248785,0.2777777777777778,0.5
16081,18,0.2,0.3333333333333333,0.33916020527361607,0.05555555555555555,0.2,0.1,0.18181818181818182,0.22009176629808014,0.05555555555555555,0.1
18897,19,0.8,0.8000000000000002,0.8304198973631919,0.21052631578947367,0.8,0.6,0.6727272727272727,0.6745711375739728,0.3157894736842105,0.6
17996,13,0.6,0.5333333333333333,0.6164336326286642,0.23076923076923078,0.6,0.6,0.5636363636363636,0.608296528941268,0.46153846153846156,0.6
16342,14,0.0,0.0,0.0,0.0,0.0,0.0,0.0,0.0,0.0,0.0
13311,2,1.0,0.4444444444444445,0.3868528072345415,1.0,0.6666666666666666,1.0,0.4736842105263158,0.3868528072345415,1.0,0.6666666666666666
12396,8,0.0,0.0,0.0,0.0,0.0,0.0,0.0,0.0,0.0,0.0
17536,6,0.6,0.6,0.529634717214042,0.5,0.6,0.8333333333333334,0.6444444444444445,0.5803349933632229,0.8333333333333334,0.5
1627,17,0.2,0.3333333333333333,0.33916020527361607,0.058823529411764705,0.2,0.2,0.2,0.2837125544970318,0.11764705882352941,0.2
8344,8,0.2,0.3333333333333333,0.33916020527361607,0.125,0.2,0.125,0.1923076923076923,0.2529427027676571,0.125,0.1
8137,8,0.0,0.0,0.0,0.0,0.0,0.0,0.0,0.0,0.0,0.0
2376,5,0.0,0.0,0.0,0.0,0.0,0.0,0.0,0.0,0.0,0.0
4594,6,0.0,0.0,0.0,0.0,0.0,0.0,0.0,0.0,0.0,0.0
12869,19,0.6,0.7999999999999999,0.7227265726449518,0.15789473684210525,0.6,0.4,0.5636363636363636,0.5423640154200349,0.21052631578947367,0.4
17860,9,0.0,0.0,0.0,0.0,0.0,0.1111111111111111,0.09259259259259259,0.08372491399919348,0.1111111111111111,0.1
15282,8,0.6,0.5333333333333333,0.6164336326286642,0.375,0.6,0.5,0.5384615384615384,0.549830798672941,0.5,0.4
16693,13,0.6,0.6666666666666666,0.6843515475204854,0.23076923076923078,0.6,0.3,0.45454545454545453,0.44409732781325567,0.23076923076923078,0.3
3934,1,1.0,1.0,1.0,1.0,0.3333333333333333,1.0,1.0,1.0,1.0,0.3333333333333333
18166,5,0.4,0.3333333333333333,0.34519134224686926,0.4,0.4,0.4,0.375,0.34519134224686926,0.4,0.2
9073,23,0.2,0.26666666666666666,0.2139862647345275,0.043478260869565216,0.2,0.3,0.2909090909090909,0.28351493630661884,0.13043478260869565,0.3
10862,6,0.4,0.6,0.5531464700081437,0.3333333333333333,0.4,0.8333333333333334,0.4222222222222222,0.4935232796777481,0.8333333333333334,0.5
15179,4,0.75,0.8571428571428572,0.8318724637288825,0.75,0.6,0.75,0.7941176470588235,0.8318724637288825,0.75,0.6
13446,12,0.2,0.26666666666666666,0.2139862647345275,0.08333333333333333,0.2,0.1,0.16363636363636364,0.1388624438735545,0.08333333333333333,0.1
18051,10,0.4,0.4666666666666666,0.38356636737133554,0.2,0.4,0.4,0.4727272727272727,0.4006705181006299,0.4,0.4
15773,6,0.0,0.0,0.0,0.0,0.0,0.0,0.0,0.0,0.0,0.0
315,9,0.2,0.3333333333333333,0.33916020527361607,0.1111111111111111,0.2,0.1111111111111111,0.18518518518518517,0.23504554941448538,0.1111111111111111,0.1
12176,13,0.0,0.0,0.0,0.0,0.0,0.0,0.0,0.0,0.0,0.0
15130,12,0.6,0.7999999999999999,0.7227265726449518,0.25,0.6,0.3,0.49090909090909096,0.46900009332067477,0.25,0.3
3600,7,0.4,0.5333333333333333,0.5087403079104241,0.2857142857142857,0.4,0.42857142857142855,0.4693877551020407,0.510227424721404,0.42857142857142855,0.3
7537,7,0.0,0.0,0.0,0.0,0.0,0.0,0.0,0.0,0.0,0.0
9795,30,0.6,0.7999999999999999,0.7227265726449518,0.1,0.6,0.4,0.5272727272727273,0.5352543167750639,0.13333333333333333,0.4
2328,5,0.4,0.3333333333333333,0.34519134224686926,0.4,0.4,0.4,0.375,0.34519134224686926,0.4,0.4
12673,3,0.6666666666666666,0.75,0.7653606369886217,0.6666666666666666,0.4,0.6666666666666666,0.7037037037037036,0.7653606369886217,0.6666666666666666,0.2
4837,17,0.6,0.7999999999999999,0.7227265726449518,0.17647058823529413,0.6,0.5,0.5818181818181819,0.6059848036189865,0.29411764705882354,0.5
4843,15,0.0,0.0,0.0,0.0,0.0,0.1,0.05454545454545456,0.06943122193677725,0.06666666666666667,0.1
2904,15,0.6,0.7333333333333334,0.6992148198508501,0.2,0.6,0.4,0.5454545454545454,0.5271064966405455,0.26666666666666666,0.4
16217,2,0.5,0.4444444444444445,0.3868528072345415,0.5,0.2,0.5,0.4736842105263158,0.3868528072345415,0.5,0.1
8337,9,0.4,0.3333333333333333,0.31564845247951445,0.2222222222222222,0.4,0.3333333333333333,0.31481481481481477,0.28950714364062347,0.3333333333333333,0.3
14754,20,0.4,0.4666666666666666,0.38356636737133554,0.1,0.4,0.3,0.36363636363636365,0.31833954895937183,0.15,0.3
4295,21,0.8,0.8000000000000002,0.8304198973631919,0.19047619047619047,0.8,0.8,0.7636363636363636,0.8115558478722846,0.38095238095238093,0.8
7151,12,0.2,0.19999999999999998,0.16958010263680803,0.08333333333333333,0.2,0.4,0.29090909090909095,0.3183191637810561,0.3333333333333333,0.4
15293,29,0.4,0.26666666666666666,0.3007851801491498,0.06896551724137931,0.4,0.2,0.2545454545454545,0.19518900079066104,0.06896551724137931,0.2
4661,9,0.2,0.3333333333333333,0.33916020527361607,0.1111111111111111,0.2,0.3333333333333333,0.3518518518518518,0.397118979885174,0.3333333333333333,0.3
1292,12,0.6,0.6666666666666666,0.6548086577531306,0.25,0.6,0.4,0.509090909090909,0.4943572357534482,0.3333333333333333,0.4
5362,29,0.8,0.8666666666666666,0.8539316501572936,0.13793103448275862,0.8,0.6,0.7272727272727273,0.6987957033953601,0.20689655172413793,0.6
3801,9,0.0,0.0,0.0,0.0,0.0,0.2222222222222222,0.09259259259259259,0.14490437600615513,0.2222222222222222,0.2
2466,7,0.4,0.26666666666666666,0.3007851801491498,0.2857142857142857,0.4,0.5714285714285714,0.38775510204081626,0.3416877728373431,0.5714285714285714,0.4
19384,13,0.0,0.0,0.0,0.0,0.0,0.0,0.0,0.0,0.0,0.0
1693,27,0.2,0.26666666666666666,0.2139862647345275,0.037037037037037035,0.2,0.2,0.2545454545454545,0.21726071285222984,0.07407407407407407,0.2
5970,16,0.0,0.0,0.0,0.0,0.0,0.0,0.0,0.0,0.0,0.0
10890,7,0.4,0.26666666666666666,0.3007851801491498,0.2857142857142857,0.4,0.42857142857142855,0.2857142857142857,0.24377484748737527,0.42857142857142855,0.3
8332,5,0.2,0.13333333333333333,0.14606834984270645,0.2,0.2,0.4,0.175,0.14606834984270645,0.4,0.2
4534,20,0.8,0.6666666666666666,0.6608397947263838,0.2,0.8,0.8,0.7454545454545456,0.7065443116025597,0.4,0.8
18533,18,0.2,0.13333333333333333,0.14606834984270645,0.05555555555555555,0.2,0.2,0.14545454545454545,0.15840915256850246,0.1111111111111111,0.2
15360,21,0.4,0.5333333333333333,0.5087403079104241,0.09523809523809523,0.4,0.3,0.34545454545454546,0.3937584376460719,0.14285714285714285,0.3
20474,7,0.4,0.3333333333333333,0.31564845247951445,0.2857142857142857,0.4,0.2857142857142857,0.3061224489795918,0.2558209594125083,0.2857142857142857,0.2
12506,17,0.2,0.26666666666666666,0.2139862647345275,0.058823529411764705,0.2,0.1,0.16363636363636364,0.1388624438735545,0.058823529411764705,0.1
10570,3,0.3333333333333333,0.33333333333333337,0.29608191096586517,0.3333333333333333,0.2,0.3333333333333333,0.3333333333333333,0.29608191096586517,0.3333333333333333,0.1
11087,16,0.2,0.3333333333333333,0.33916020527361607,0.0625,0.2,0.1,0.18181818181818182,0.22009176629808014,0.0625,0.1
7336,16,0.2,0.06666666666666665,0.13120507751234176,0.0625,0.2,0.3,0.2,0.22082856303278725,0.1875,0.3
4793,5,0.6,0.7999999999999999,0.7227265726449518,0.6,0.6,0.8,0.675,0.7227265726449518,0.8,0.4
16649,7,0.0,0.0,0.0,0.0,0.0,0.0,0.0,0.0,0.0,0.0
17184,14,0.4,0.4666666666666666,0.38356636737133554,0.14285714285714285,0.4,0.5,0.49090909090909096,0.46299204139243616,0.35714285714285715,0.5
8736,6,0.4,0.39999999999999997,0.4703652827859578,0.3333333333333333,0.4,0.5,0.4666666666666667,0.5274541611612878,0.5,0.42857142857142855
6509,3,0.0,0.0,0.0,0.0,0.0,0.0,0.0,0.0,0.0,0.0
14763,44,0.2,0.19999999999999998,0.16958010263680803,0.022727272727272728,0.2,0.2,0.21818181818181823,0.18340980524840012,0.045454545454545456,0.2
16479,11,0.6,0.39999999999999997,0.4468535299918562,0.2727272727272727,0.6,0.3,0.38181818181818183,0.28997736516021183,0.2727272727272727,0.3
1990,16,0.0,0.0,0.0,0.0,0.0,0.2,0.07272727272727274,0.13305201013572895,0.125,0.2
2214,8,0.0,0.0,0.0,0.0,0.0,0.125,0.07692307692307693,0.08431423425588572,0.125,0.1
7563,6,0.0,0.0,0.0,0.0,0.0,0.0,0.0,0.0,0.0,0.0
7086,13,0.6,0.46666666666666673,0.4912596920895757,0.23076923076923078,0.6,0.5,0.5272727272727273,0.46158906992086357,0.38461538461538464,0.5
13969,9,0.0,0.0,0.0,0.0,0.0,0.2222222222222222,0.09259259259259259,0.14490437600615513,0.2222222222222222,0.2
14913,8,0.2,0.13333333333333333,0.14606834984270645,0.125,0.2,0.25,0.1923076923076923,0.18873103118020407,0.25,0.2
7041,4,0.5,0.5,0.5585075862632192,0.5,0.4,0.75,0.49999999999999994,0.5585075862632192,0.75,0.3
10934,7,0.2,0.3333333333333333,0.33916020527361607,0.14285714285714285,0.2,0.14285714285714285,0.2040816326530612,0.27487633291429087,0.14285714285714285,0.1
4918,13,0.2,0.06666666666666665,0.13120507751234176,0.07692307692307693,0.2,0.1,0.10909090909090909,0.08514311764162097,0.07692307692307693,0.1
10810,36,0.2,0.06666666666666665,0.13120507751234176,0.027777777777777776,0.2,0.2,0.18181818181818182,0.15850703974098102,0.05555555555555555,0.2
17637,2,1.0,0.5555555555555556,0.6131471927654584,1.0,0.4,1.0,0.5263157894736842,0.6131471927654584,1.0,0.2
18251,7,0.6,0.6666666666666666,0.6843515475204854,0.42857142857142855,0.6,0.5714285714285714,0.6122448979591836,0.6525535962827279,0.5714285714285714,0.4
9636,11,0.2,0.19999999999999998,0.16958010263680803,0.09090909090909091,0.2,0.2,0.16363636363636364,0.1736666713479918,0.18181818181818182,0.2
5520,20,0.2,0.3333333333333333,0.33916020527361607,0.05,0.2,0.2,0.2,0.2837125544970318,0.1,0.2
18127,3,0.6666666666666666,0.75,0.7653606369886217,0.6666666666666666,0.4,0.6666666666666666,0.7037037037037036,0.7653606369886217,0.6666666666666666,0.2
16208,2,0.5,0.4444444444444445,0.3868528072345415,0.5,0.2,0.5,0.4736842105263158,0.3868528072345415,0.5,0.1111111111111111
14889,9,0.0,0.0,0.0,0.0,0.0,0.3333333333333333,0.12962962962962962,0.15448067472027407,0.3333333333333333,0.3
6763,7,0.0,0.0,0.0,0.0,0.0,0.0,0.0,0.0,0.0,0.0
18612,10,0.8,0.9333333333333332,0.8687949224876582,0.4,0.8,0.4,0.6181818181818183,0.5637884576902256,0.4,0.4
19949,7,0.4,0.4666666666666666,0.48522855511632257,0.2857142857142857,0.4,0.42857142857142855,0.4489795918367347,0.49117205121962165,0.42857142857142855,0.3
14917,18,0.2,0.13333333333333333,0.14606834984270645,0.05555555555555555,0.2,0.3,0.2727272727272727,0.24261785528500332,0.16666666666666666,0.3
6738,29,0.6,0.6666666666666666,0.6843515475204854,0.10344827586206896,0.6,0.7,0.6727272727272727,0.7257345305446319,0.2413793103448276,0.7
8165,17,0.2,0.13333333333333333,0.14606834984270645,0.058823529411764705,0.2,0.2,0.2,0.16815228646891084,0.11764705882352941,0.2
19774,7,0.0,0.0,0.0,0.0,0.0,0.0,0.0,0.0,0.0,0.0
10389,22,0.2,0.26666666666666666,0.2139862647345275,0.045454545454545456,0.2,0.1,0.16363636363636364,0.1388624438735545,0.045454545454545456,0.1
14836,9,0.2,0.26666666666666666,0.2139862647345275,0.1111111111111111,0.2,0.3333333333333333,0.2962962962962963,0.3007943623267187,0.3333333333333333,0.3
10651,12,0.2,0.3333333333333333,0.33916020527361607,0.08333333333333333,0.2,0.1,0.18181818181818182,0.22009176629808014,0.08333333333333333,0.1
20248,2,0.0,0.0,0.0,0.0,0.0,0.0,0.0,0.0,0.0,0.0
15472,2,0.0,0.0,0.0,0.0,0.0,0.0,0.0,0.0,0.0,0.0
16944,11,0.6,0.7999999999999999,0.7227265726449518,0.2727272727272727,0.6,0.4,0.5454545454545454,0.538431315257452,0.36363636363636365,0.4
6554,2,1.0,0.5555555555555556,0.6131471927654584,1.0,0.4,1.0,0.5263157894736842,0.6131471927654584,1.0,0.2
12659,21,0.2,0.26666666666666666,0.2139862647345275,0.047619047619047616,0.2,0.1,0.16363636363636364,0.1388624438735545,0.047619047619047616,0.1
7256,2,0.0,0.0,0.0,0.0,0.0,0.0,0.0,0.0,0.0,0.0
16524,9,0.4,0.4000000000000001,0.3600546145772339,0.2222222222222222,0.4,0.4444444444444444,0.37037037037037035,0.32787435525394437,0.4444444444444444,0.4
15219,8,0.4,0.4000000000000001,0.3600546145772339,0.25,0.4,0.5,0.44230769230769224,0.43263434256098604,0.5,0.4
17229,5,0.4,0.4000000000000001,0.3600546145772339,0.4,0.4,0.4,0.4,0.3600546145772339,0.4,0.2
10524,2,0.0,0.0,0.0,0.0,0.0,0.5,0.0,0.0,0.5,0.1
11564,13,0.4,0.39999999999999997,0.4703652827859578,0.15384615384615385,0.4,0.2,0.29090909090909095,0.3052348839397011,0.15384615384615385,0.2
16583,4,0.25,0.2142857142857143,0.19519002499605081,0.25,0.2,0.75,0.23529411764705882,0.19519002499605081,0.75,0.3
3012,3,0.3333333333333333,0.4166666666666667,0.46927872602275644,0.3333333333333333,0.2,0.6666666666666666,0.37037037037037035,0.46927872602275644,0.6666666666666666,0.2222222222222222
16038,2,1.0,0.0,0.0,1.0,0.4,1.0,0.0,0.0,1.0,0.2
9449,10,0.2,0.06666666666666665,0.13120507751234176,0.1,0.2,0.2,0.18181818181818182,0.15850703974098102,0.2,0.2
9933,13,0.4,0.3333333333333333,0.34519134224686926,0.15384615384615385,0.4,0.3,0.3090909090909091,0.2902597849695645,0.23076923076923078,0.3
1763,41,0.0,0.0,0.0,0.0,0.0,0.0,0.0,0.0,0.0,0.0
3107,1,1.0,1.0,1.0,1.0,0.2,1.0,1.0,1.0,1.0,0.1
18356,8,0.2,0.13333333333333333,0.14606834984270645,0.125,0.2,0.125,0.1346153846153846,0.1089364926177559,0.125,0.1
2691,4,0.25,0.0,0.0,0.25,0.2,0.25,0.0,0.0,0.25,0.1
7102,11,0.4,0.4666666666666666,0.38356636737133554,0.18181818181818182,0.4,0.4,0.43636363636363645,0.3917034710587319,0.36363636363636365,0.4
14488,13,0.2,0.06666666666666665,0.13120507751234176,0.07692307692307693,0.2,0.1,0.10909090909090909,0.08514311764162097,0.07692307692307693,0.1
5569,4,0.0,0.0,0.0,0.0,0.0,0.0,0.0,0.0,0.0,0.0
15730,8,0.0,0.0,0.0,0.0,0.0,0.0,0.0,0.0,0.0,0.0
16682,8,0.0,0.0,0.0,0.0,0.0,0.25,0.057692307692307696,0.07979453856244816,0.25,0.2
2600,5,0.2,0.3333333333333333,0.33916020527361607,0.2,0.2,0.4,0.25,0.33916020527361607,0.4,0.2
1776,32,0.2,0.06666666666666665,0.13120507751234176,0.03125,0.2,0.2,0.2,0.1635413866202963,0.0625,0.2
18418,3,0.0,0.0,0.0,0.0,0.0,0.6666666666666666,0.0,0.0,0.6666666666666666,0.2
15482,2,0.0,0.0,0.0,0.0,0.0,1.0,0.0,0.0,1.0,0.2
1153,19,0.8,0.8666666666666666,0.8539316501572936,0.21052631578947367,0.8,0.4,0.6000000000000001,0.5541432109622958,0.21052631578947367,0.4
16456,2,0.0,0.0,0.0,0.0,0.0,0.0,0.0,0.0,0.0,0.0
4711,7,0.6,0.6666666666666666,0.6548086577531306,0.42857142857142855,0.6,0.8571428571428571,0.693877551020408,0.7202356619815306,0.8571428571428571,0.6
15335,16,0.0,0.0,0.0,0.0,0.0,0.1,0.05454545454545456,0.06943122193677725,0.0625,0.1
4156,14,0.0,0.0,0.0,0.0,0.0,0.1,0.09090909090909091,0.07839826897867533,0.07142857142857142,0.1
11466,16,0.0,0.0,0.0,0.0,0.0,0.1,0.018181818181818177,0.0636207881989517,0.0625,0.1
10647,13,0.2,0.19999999999999998,0.16958010263680803,0.07692307692307693,0.2,0.3,0.2727272727272727,0.2546983755821044,0.23076923076923078,0.3
5218,6,0.0,0.0,0.0,0.0,0.0,0.5,0.0,0.0,0.5,0.3
7781,13,0.2,0.13333333333333333,0.14606834984270645,0.07692307692307693,0.2,0.3,0.29090909090909095,0.24655055544758617,0.23076923076923078,0.3
19684,8,0.0,0.0,0.0,0.0,0.0,0.0,0.0,0.0,0.0,0.0
2601,5,0.2,0.3333333333333333,0.33916020527361607,0.2,0.2,0.4,0.25,0.33916020527361607,0.4,0.2
13484,7,0.2,0.06666666666666665,0.13120507751234176,0.14285714285714285,0.2,0.2857142857142857,0.12244897959183672,0.10633668103022983,0.2857142857142857,0.2
5992,2,1.0,1.0,1.0,1.0,0.4,1.0,1.0,1.0,1.0,0.2
5956,4,0.0,0.0,0.0,0.0,0.0,0.0,0.0,0.0,0.0,0.0
3808,8,0.2,0.3333333333333333,0.33916020527361607,0.125,0.2,0.375,0.25,0.3327372413301053,0.375,0.3
15559,3,0.3333333333333333,0.33333333333333337,0.29608191096586517,0.3333333333333333,0.2,0.3333333333333333,0.3333333333333333,0.29608191096586517,0.3333333333333333,0.1
15487,17,0.2,0.06666666666666665,0.13120507751234176,0.058823529411764705,0.2,0.2,0.2,0.1635413866202963,0.11764705882352941,0.2
5365,7,0.0,0.0,0.0,0.0,0.0,0.0,0.0,0.0,0.0,0.0
16979,11,0.0,0.0,0.0,0.0,0.0,0.0,0.0,0.0,0.0,0.0
16718,43,0.4,0.39999999999999997,0.4703652827859578,0.046511627906976744,0.4,0.3,0.34545454545454546,0.3746661058764783,0.06976744186046512,0.3
11508,5,0.6,0.6666666666666666,0.6843515475204854,0.6,0.6,1.0,0.625,0.6843515475204854,1.0,0.625
8121,15,0.8,0.8666666666666666,0.8539316501572936,0.26666666666666666,0.8,0.4,0.6000000000000001,0.5541432109622958,0.26666666666666666,0.4
8559,11,0.2,0.13333333333333333,0.14606834984270645,0.09090909090909091,0.2,0.3,0.2545454545454545,0.2394408568026151,0.2727272727272727,0.3
7382,8,0.2,0.06666666666666665,0.13120507751234176,0.125,0.2,0.25,0.11538461538461538,0.09785159463516041,0.25,0.2
4640,9,0.0,0.0,0.0,0.0,0.0,0.1111111111111111,0.05555555555555556,0.07414861528507453,0.1111111111111111,0.1
10219,21,0.0,0.0,0.0,0.0,0.0,0.0,0.0,0.0,0.0,0.0
6318,26,0.4,0.39999999999999997,0.4703652827859578,0.07692307692307693,0.4,0.4,0.36363636363636365,0.43828689407543003,0.15384615384615385,0.4
7795,11,0.2,0.26666666666666666,0.2139862647345275,0.09090909090909091,0.2,0.2,0.18181818181818182,0.2024832320725062,0.18181818181818182,0.2
8904,8,0.2,0.06666666666666665,0.13120507751234176,0.125,0.2,0.375,0.25,0.26196036745349427,0.375,0.3
5249,10,0.2,0.06666666666666665,0.13120507751234176,0.1,0.2,0.4,0.3090909090909091,0.3031595321740454,0.4,0.4
4847,3,0.0,0.0,0.0,0.0,0.0,0.0,0.0,0.0,0.0,0.0
4969,2,0.5,0.0,0.0,0.5,0.2,0.5,0.0,0.0,0.5,0.1
10561,4,0.0,0.0,0.0,0.0,0.0,0.0,0.0,0.0,0.0,0.0
10261,9,0.4,0.19999999999999998,0.2772734273550482,0.2222222222222222,0.4,0.3333333333333333,0.33333333333333326,0.2758815528304725,0.3333333333333333,0.3
17870,3,1.0,0.75,0.7653606369886217,1.0,0.6,1.0,0.7037037037037036,0.7653606369886217,1.0,0.3
11452,2,1.0,0.4444444444444445,0.3868528072345415,1.0,0.4,1.0,0.4736842105263158,0.3868528072345415,1.0,0.2
5280,6,0.8,0.8666666666666666,0.8539316501572936,0.6666666666666666,0.8,0.8333333333333334,0.7333333333333334,0.7618870795651185,0.8333333333333334,0.5
4809,17,0.2,0.19999999999999998,0.16958010263680803,0.058823529411764705,0.2,0.2,0.2,0.17947710508581735,0.11764705882352941,0.2
12715,11,0.0,0.0,0.0,0.0,0.0,0.0,0.0,0.0,0.0,0.0
1744,4,0.5,0.6428571428571429,0.6366824387328316,0.5,0.4,0.75,0.5588235294117646,0.6366824387328316,0.75,0.3
10939,24,0.0,0.0,0.0,0.0,0.0,0.2,0.1272727272727273,0.1427951440361373,0.08333333333333333,0.2
8867,22,0.4,0.4666666666666666,0.38356636737133554,0.09090909090909091,0.4,0.2,0.30909090909090914,0.24890832702259458,0.09090909090909091,0.2
5204,4,0.75,0.7142857142857143,0.7536976112592699,0.75,0.6,1.0,0.7352941176470588,0.7536976112592699,1.0,0.4
3870,4,0.25,0.35714285714285715,0.39038004999210163,0.25,0.2,0.25,0.2941176470588235,0.39038004999210163,0.25,0.1
13904,5,0.0,0.0,0.0,0.0,0.0,0.0,0.0,0.0,0.0,0.0
14299,13,0.2,0.06666666666666665,0.13120507751234176,0.07692307692307693,0.2,0.4,0.29090909090909095,0.29922683201146255,0.3076923076923077,0.4
15572,13,0.0,0.0,0.0,0.0,0.0,0.0,0.0,0.0,0.0,0.0
3816,3,0.3333333333333333,0.4166666666666667,0.46927872602275644,0.3333333333333333,0.2,0.6666666666666666,0.37037037037037035,0.46927872602275644,0.6666666666666666,0.2
5665,7,0.6,0.39999999999999997,0.4468535299918562,0.42857142857142855,0.6,0.5714285714285714,0.42857142857142855,0.3621576404427382,0.5714285714285714,0.4
6529,7,0.2,0.06666666666666665,0.13120507751234176,0.14285714285714285,0.2,0.42857142857142855,0.3061224489795918,0.2958750506849613,0.42857142857142855,0.3
15656,10,0.4,0.6,0.5531464700081437,0.2,0.4,0.3,0.4,0.4283854321084119,0.3,0.3
11922,13,0.0,0.0,0.0,0.0,0.0,0.0,0.0,0.0,0.0,0.0
3729,11,0.6,0.6,0.6399453854227659,0.2727272727272727,0.6,0.4,0.45454545454545453,0.4789015552876929,0.36363636363636365,0.4
618,7,0.4,0.3333333333333333,0.31564845247951445,0.2857142857142857,0.4,0.5714285714285714,0.3061224489795918,0.2558209594125083,0.5714285714285714,0.4
7495,16,0.4,0.4000000000000001,0.3600546145772339,0.125,0.4,0.3,0.36363636363636365,0.30701473034246535,0.1875,0.3
10202,7,0.6,0.6,0.6399453854227659,0.42857142857142855,0.6,0.42857142857142855,0.48979591836734687,0.5186511804016661,0.42857142857142855,0.3
15347,14,0.6,0.7333333333333334,0.6992148198508501,0.21428571428571427,0.6,0.3,0.47272727272727266,0.4537425745411855,0.21428571428571427,0.3
17600,9,0.8,0.8000000000000002,0.8304198973631919,0.4444444444444444,0.8,0.5555555555555556,0.6851851851851851,0.659224332815107,0.5555555555555556,0.5
12547,14,0.0,0.0,0.0,0.0,0.0,0.1,0.05454545454545456,0.06943122193677725,0.07142857142857142,0.1
1666,13,0.4,0.3333333333333333,0.31564845247951445,0.15384615384615385,0.4,0.2,0.2727272727272727,0.20483424751859083,0.15384615384615385,0.2
20606,11,0.2,0.26666666666666666,0.2139862647345275,0.09090909090909091,0.2,0.2,0.18181818181818182,0.2024832320725062,0.18181818181818182,0.2
9889,6,0.0,0.0,0.0,0.0,0.0,0.0,0.0,0.0,0.0,0.0
10012,7,0.6,0.7333333333333334,0.6992148198508501,0.42857142857142855,0.6,0.6666666666666666,0.6326530612244897,0.7316362001126296,0.5714285714285714,0.6666666666666666
17289,5,0.0,0.0,0.0,0.0,0.0,0.0,0.0,0.0,0.0,0.0
7964,6,0.6,0.5333333333333333,0.5147714448836773,0.5,0.6,0.6666666666666666,0.5111111111111112,0.4592846660663049,0.6666666666666666,0.4
11229,24,0.4,0.26666666666666666,0.3007851801491498,0.08333333333333333,0.4,0.4,0.3818181818181818,0.33798414482679834,0.16666666666666666,0.4
8342,3,0.3333333333333333,0.0,0.0,0.3333333333333333,0.2,0.3333333333333333,0.0,0.0,0.3333333333333333,0.1
10471,8,0.2,0.13333333333333333,0.14606834984270645,0.125,0.2,0.25,0.23076923076923075,0.19903650127012357,0.25,0.2
8988,14,0.0,0.0,0.0,0.0,0.0,0.0,0.0,0.0,0.0,0.0
14243,9,0.4,0.6,0.5531464700081437,0.2222222222222222,0.4,0.3333333333333333,0.4259259259259259,0.4616912964561296,0.3333333333333333,0.3
7737,12,0.0,0.0,0.0,0.0,0.0,0.0,0.0,0.0,0.0,0.0
14018,10,0.0,0.0,0.0,0.0,0.0,0.1,0.05454545454545456,0.06943122193677725,0.1,0.1
13303,14,0.2,0.19999999999999998,0.16958010263680803,0.07142857142857142,0.2,0.2,0.2,0.17947710508581735,0.14285714285714285,0.2
12999,6,0.2,0.13333333333333333,0.14606834984270645,0.16666666666666666,0.2,0.5,0.15555555555555556,0.13032376591037065,0.5,0.3
1286,4,1.0,0.6428571428571428,0.6096199500078983,1.0,0.8,1.0,0.7058823529411765,0.6096199500078983,1.0,0.6666666666666666
10290,7,0.2,0.13333333333333333,0.14606834984270645,0.14285714285714285,0.2,0.14285714285714285,0.14285714285714285,0.11838279295536291,0.14285714285714285,0.1
769,14,0.2,0.3333333333333333,0.33916020527361607,0.07142857142857142,0.2,0.2,0.2545454545454545,0.29345568839744024,0.14285714285714285,0.2
1643,5,0.2,0.06666666666666665,0.13120507751234176,0.2,0.2,0.2,0.15,0.13120507751234176,0.2,0.1
19546,5,0.0,0.0,0.0,0.0,0.0,0.0,0.0,0.0,0.0,0.0
20476,3,0.0,0.0,0.0,0.0,0.0,0.0,0.0,0.0,0.0,0.0
4671,1,0.0,0.0,0.0,0.0,0.0,0.0,0.0,0.0,0.0,0.0
7020,15,0.2,0.19999999999999998,0.16958010263680803,0.06666666666666667,0.2,0.1,0.14545454545454548,0.11004588314904007,0.06666666666666667,0.1
9648,12,0.2,0.3333333333333333,0.33916020527361607,0.08333333333333333,0.2,0.2,0.2,0.2837125544970318,0.16666666666666666,0.2
3820,2,0.5,0.5555555555555556,0.6131471927654584,0.5,0.25,0.5,0.5263157894736842,0.6131471927654584,0.5,0.25
9926,3,0.0,0.0,0.0,0.0,0.0,0.0,0.0,0.0,0.0,0.0
3877,11,0.6,0.7333333333333334,0.6992148198508501,0.2727272727272727,0.6,0.6,0.6545454545454544,0.667826288911027,0.5454545454545454,0.6
18709,3,0.0,0.0,0.0,0.0,0.0,0.0,0.0,0.0,0.0,0.0
17858,8,0.4,0.3333333333333333,0.31564845247951445,0.25,0.4,0.25,0.28846153846153844,0.23540784400158446,0.25,0.2
6501,3,0.6666666666666666,0.33333333333333337,0.29608191096586517,0.6666666666666666,0.4,0.6666666666666666,0.3333333333333333,0.29608191096586517,0.6666666666666666,0.2857142857142857
17148,8,0.6,0.7999999999999999,0.7227265726449518,0.375,0.6,0.5,0.6153846153846154,0.6291031399287498,0.5,0.4
17483,19,0.2,0.19999999999999998,0.16958010263680803,0.05263157894736842,0.2,0.2,0.23636363636363636,0.1884441521277154,0.10526315789473684,0.2
12322,11,0.0,0.0,0.0,0.0,0.0,0.1,0.05454545454545456,0.06943122193677725,0.09090909090909091,0.1
9941,3,0.0,0.0,0.0,0.0,0.0,0.0,0.0,0.0,0.0,0.0
12043,3,0.0,0.0,0.0,0.0,0.0,0.0,0.0,0.0,0.0,0.0
13525,9,0.2,0.26666666666666666,0.2139862647345275,0.1111111111111111,0.2,0.3333333333333333,0.24074074074074073,0.22664574704164417,0.3333333333333333,0.3
4133,6,0.0,0.0,0.0,0.0,0.0,0.0,0.0,0.0,0.0,0.0
11453,3,0.6666666666666666,0.25,0.23463936301137822,0.6666666666666666,0.4,1.0,0.2962962962962963,0.23463936301137822,1.0,0.3
1519,3,0.0,0.0,0.0,0.0,0.0,0.3333333333333333,0.0,0.0,0.3333333333333333,0.1
2370,19,0.2,0.3333333333333333,0.33916020527361607,0.05263157894736842,0.2,0.1,0.18181818181818182,0.22009176629808014,0.05263157894736842,0.1
856,7,0.0,0.0,0.0,0.0,0.0,0.42857142857142855,0.08163265306122448,0.09162544430476363,0.42857142857142855,0.3
13691,5,0.0,0.0,0.0,0.0,0.0,0.2,0.0,0.0,0.2,0.1
17861,2,0.0,0.0,0.0,0.0,0.0,0.0,0.0,0.0,0.0,0.0
18060,16,0.0,0.0,0.0,0.0,0.0,0.0,0.0,0.0,0.0,0.0
15731,4,0.0,0.0,0.0,0.0,0.0,0.25,0.0,0.0,0.25,0.1
855,7,0.0,0.0,0.0,0.0,0.0,0.2857142857142857,0.18367346938775508,0.18953836965473142,0.2857142857142857,0.2
116,16,0.4,0.4666666666666666,0.48522855511632257,0.125,0.4,0.2,0.3090909090909091,0.31488013066763093,0.125,0.2
20022,5,0.0,0.0,0.0,0.0,0.0,0.0,0.0,0.0,0.0,0.0
7003,18,0.6,0.7333333333333334,0.6992148198508501,0.16666666666666666,0.6,0.3,0.47272727272727266,0.4537425745411855,0.16666666666666666,0.3
17691,29,0.6,0.7333333333333334,0.6992148198508501,0.10344827586206896,0.6,0.4,0.5636363636363636,0.5321408435198608,0.13793103448275862,0.4
3502,16,0.8,0.8000000000000002,0.8304198973631919,0.25,0.8,0.6,0.7272727272727273,0.6867151830982591,0.375,0.6
9668,5,0.0,0.0,0.0,0.0,0.0,0.0,0.0,0.0,0.0,0.0
3139,4,1.0,0.6428571428571429,1.0,0.5,1.0,1.0,0.5588235294117646,1.0,0.5,1.0
3378,3,0.3333333333333333,0.33333333333333337,0.29608191096586517,0.3333333333333333,0.2,0.6666666666666666,0.3333333333333333,0.29608191096586517,0.6666666666666666,0.2
5894,3,1.0,1.0,1.0,1.0,0.6,1.0,1.0,1.0,1.0,0.42857142857142855
10677,2,0.0,0.0,0.0,0.0,0.0,0.5,0.0,0.0,0.5,0.1
17850,1,1.0,1.0,1.0,1.0,0.2,1.0,1.0,1.0,1.0,0.16666666666666666
9524,11,0.0,0.0,0.0,0.0,0.0,0.2,0.054545454545454536,0.12987501165334073,0.18181818181818182,0.2
2760,8,0.4,0.19999999999999998,0.2772734273550482,0.25,0.4,0.625,0.32692307692307687,0.29110232150880205,0.625,0.5
9982,14,0.2,0.19999999999999998,0.16958010263680803,0.07142857142857142,0.2,0.2,0.16363636363636364,0.1736666713479918,0.14285714285714285,0.2
5075,16,0.0,0.0,0.0,0.0,0.0,0.0,0.0,0.0,0.0,0.0
1554,26,0.6,0.39999999999999997,0.4468535299918562,0.11538461538461539,0.6,0.4,0.45454545454545453,0.3633412872595718,0.15384615384615385,0.4
11383,15,0.8,0.8666666666666666,0.8539316501572936,0.26666666666666666,0.8,0.6,0.7636363636363637,0.7059054020403311,0.4,0.6
20241,3,0.6666666666666666,0.6666666666666667,0.7039180890341346,0.6666666666666666,0.4,0.6666666666666666,0.6666666666666666,0.7039180890341346,0.6666666666666666,0.2
15119,1,1.0,0.0,0.0,1.0,0.2,1.0,0.0,0.0,1.0,0.1
9596,3,0.0,0.0,0.0,0.0,0.0,0.0,0.0,0.0,0.0,0.0
16006,12,0.2,0.13333333333333333,0.14606834984270645,0.08333333333333333,0.2,0.3,0.23636363636363633,0.23680742154717777,0.25,0.3
2651,12,0.6,0.5333333333333333,0.6164336326286642,0.25,0.6,0.4,0.509090909090909,0.4784215172879272,0.3333333333333333,0.4
11791,15,0.0,0.0,0.0,0.0,0.0,0.2,0.16363636363636364,0.1517621910780354,0.13333333333333333,0.2
9242,10,0.2,0.06666666666666665,0.13120507751234176,0.1,0.2,0.3,0.21818181818181817,0.22476126319537001,0.3,0.3
5307,12,1.0,1.0,1.0,0.4166666666666667,1.0,1.0,1.0,1.0,0.8333333333333334,1.0
17440,10,0.0,0.0,0.0,0.0,0.0,0.1,0.036363636363636355,0.06625422345438903,0.1,0.1
7076,2,0.5,0.0,0.0,0.5,0.2,1.0,0.0,0.0,1.0,0.2
3231,18,0.0,0.0,0.0,0.0,0.0,0.3,0.14545454545454548,0.206415932235089,0.16666666666666666,0.3
16036,4,0.25,0.35714285714285715,0.39038004999210163,0.25,0.2,0.25,0.2941176470588235,0.39038004999210163,0.25,0.1
4895,6,0.2,0.06666666666666665,0.13120507751234176,0.16666666666666666,0.2,0.16666666666666666,0.13333333333333333,0.11706259313796352,0.16666666666666666,0.1
19122,8,0.0,0.0,0.0,0.0,0.0,0.125,0.057692307692307696,0.07979453856244816,0.125,0.1
7155,10,0.0,0.0,0.0,0.0,0.0,0.0,0.0,0.0,0.0,0.0
17348,10,0.8,0.9333333333333332,0.8687949224876582,0.4,0.8,0.4,0.6181818181818183,0.5637884576902256,0.4,0.4
13945,14,0.0,0.0,0.0,0.0,0.0,0.1,0.09090909090909091,0.07839826897867533,0.07142857142857142,0.1
10288,12,0.0,0.0,0.0,0.0,0.0,0.0,0.0,0.0,0.0,0.0
14484,5,0.2,0.26666666666666666,0.2139862647345275,0.2,0.2,0.2,0.225,0.2139862647345275,0.2,0.1
634,1,1.0,1.0,1.0,1.0,1.0,1.0,1.0,1.0,1.0,1.0
478,17,0.6,0.6,0.529634717214042,0.17647058823529413,0.6,0.5,0.6000000000000001,0.4954588824701807,0.29411764705882354,0.5
14680,10,0.2,0.19999999999999998,0.16958010263680803,0.1,0.2,0.1,0.14545454545454548,0.11004588314904007,0.1,0.1
265,4,0.25,0.28571428571428575,0.2463023887407299,0.25,0.2,0.75,0.2647058823529412,0.2463023887407299,0.75,0.3
16361,14,0.4,0.6,0.5531464700081437,0.14285714285714285,0.4,0.3,0.43636363636363634,0.43735247915031,0.21428571428571427,0.3
13133,16,0.2,0.19999999999999998,0.16958010263680803,0.0625,0.2,0.2,0.21818181818181823,0.18340980524840012,0.125,0.2
5568,7,0.4,0.4000000000000001,0.3600546145772339,0.2857142857142857,0.4,0.42857142857142855,0.32653061224489793,0.29181044994360233,0.42857142857142855,0.3
15644,13,0.6,0.6666666666666666,0.6843515475204854,0.23076923076923078,0.6,0.5,0.5636363636363636,0.5837154733670048,0.38461538461538464,0.5
10932,1,1.0,1.0,1.0,1.0,0.5,1.0,1.0,1.0,1.0,0.5
7908,17,0.4,0.4666666666666666,0.48522855511632257,0.11764705882352941,0.4,0.3,0.4,0.3932783996463063,0.17647058823529413,0.3
9908,6,0.4,0.5333333333333333,0.5087403079104241,0.3333333333333333,0.4,0.3333333333333333,0.4,0.4539036202482201,0.3333333333333333,0.2
14581,28,0.8,0.9333333333333332,0.8687949224876582,0.14285714285714285,0.8,0.7,0.7272727272727273,0.7630946912803436,0.25,0.7
14639,6,0.2,0.13333333333333333,0.14606834984270645,0.16666666666666666,0.2,0.16666666666666666,0.15555555555555556,0.13032376591037065,0.16666666666666666,0.1
5373,3,0.0,0.0,0.0,0.0,0.0,0.3333333333333333,0.0,0.0,0.3333333333333333,0.1
17644,8,0.8,0.8666666666666666,0.8539316501572936,0.5,0.8,0.5,0.6346153846153847,0.6368547259115426,0.5,0.4
11333,12,0.0,0.0,0.0,0.0,0.0,0.0,0.0,0.0,0.0,0.0
1516,22,0.2,0.3333333333333333,0.33916020527361607,0.045454545454545456,0.2,0.3,0.2545454545454545,0.35314377643380906,0.13636363636363635,0.3
9776,14,0.0,0.0,0.0,0.0,0.0,0.3,0.16363636363636364,0.20904936749052633,0.21428571428571427,0.3
19364,6,0.0,0.0,0.0,0.0,0.0,0.16666666666666666,0.0,0.0,0.16666666666666666,0.1
5838,6,0.0,0.0,0.0,0.0,0.0,0.16666666666666666,0.1111111111111111,0.10778915452451095,0.16666666666666666,0.1
10237,18,0.0,0.0,0.0,0.0,0.0,0.0,0.0,0.0,0.0,0.0
3905,1,0.0,0.0,0.0,0.0,0.0,0.0,0.0,0.0,0.0,0.0
19676,10,0.8,0.8666666666666666,0.8539316501572936,0.4,0.8,0.4,0.6000000000000001,0.5541432109622958,0.4,0.4
736,7,0.0,0.0,0.0,0.0,0.0,0.0,0.0,0.0,0.0,0.0
2195,2,1.0,0.4444444444444445,0.3868528072345415,1.0,0.4,1.0,0.4736842105263158,0.3868528072345415,1.0,0.4
10802,7,0.0,0.0,0.0,0.0,0.0,0.2857142857142857,0.08163265306122448,0.09162544430476363,0.2857142857142857,0.2
13884,15,0.2,0.3333333333333333,0.33916020527361607,0.06666666666666667,0.2,0.1,0.18181818181818182,0.22009176629808014,0.06666666666666667,0.1
19405,12,0.2,0.3333333333333333,0.33916020527361607,0.08333333333333333,0.2,0.1,0.18181818181818182,0.22009176629808014,0.08333333333333333,0.1
12452,31,0.6,0.7999999999999999,0.7227265726449518,0.0967741935483871,0.6,0.5,0.6545454545454545,0.6207622843987102,0.16129032258064516,0.5
7036,5,0.4,0.4666666666666666,0.38356636737133554,0.4,0.4,0.6,0.42500000000000004,0.38356636737133554,0.6,0.3
11693,7,0.6,0.6666666666666666,0.6843515475204854,0.42857142857142855,0.6,0.42857142857142855,0.5102040816326531,0.5546406709327601,0.42857142857142855,0.3
20591,42,0.0,0.0,0.0,0.0,0.0,0.0,0.0,0.0,0.0,0.0
16332,13,0.0,0.0,0.0,0.0,0.0,0.3,0.14545454545454548,0.206415932235089,0.23076923076923078,0.3
1703,11,0.0,0.0,0.0,0.0,0.0,0.0,0.0,0.0,0.0,0.0
18349,12,0.4,0.6,0.5531464700081437,0.16666666666666666,0.4,0.6,0.5272727272727272,0.6316243658611128,0.5,0.6
16575,4,0.0,0.0,0.0,0.0,0.0,0.25,0.0,0.0,0.25,0.1
16263,7,0.2,0.19999999999999998,0.16958010263680803,0.14285714285714285,0.2,0.14285714285714285,0.16326530612244897,0.13743816645714543,0.14285714285714285,0.1
19486,4,0.0,0.0,0.0,0.0,0.0,0.25,0.0,0.0,0.25,0.1
6459,20,0.4,0.19999999999999998,0.2772734273550482,0.1,0.4,0.3,0.2545454545454545,0.2435522702101234,0.15,0.3
13852,1,1.0,0.0,0.0,1.0,0.2,1.0,0.0,0.0,1.0,0.14285714285714285
13038,30,0.8,0.8000000000000002,0.8304198973631919,0.13333333333333333,0.8,0.7,0.7818181818181817,0.756902106715231,0.23333333333333334,0.7
13422,15,0.2,0.3333333333333333,0.33916020527361607,0.06666666666666667,0.2,0.3,0.3090909090909091,0.3647442587311445,0.2,0.3
9474,3,1.0,0.75,0.7653606369886217,1.0,0.6,1.0,0.7037037037037036,0.7653606369886217,1.0,0.3
11245,7,0.2,0.19999999999999998,0.16958010263680803,0.14285714285714285,0.2,0.2857142857142857,0.2653061224489796,0.23535109180711322,0.2857142857142857,0.2222222222222222
2396,5,0.2,0.3333333333333333,0.33916020527361607,0.2,0.2,0.2,0.25,0.33916020527361607,0.2,0.1
4931,24,0.4,0.3333333333333333,0.31564845247951445,0.08333333333333333,0.4,0.4,0.41818181818181815,0.3526637384340434,0.16666666666666666,0.4
8254,7,0.0,0.0,0.0,0.0,0.0,0.0,0.0,0.0,0.0,0.0
7449,9,0.2,0.06666666666666665,0.13120507751234176,0.1111111111111111,0.2,0.2222222222222222,0.1111111111111111,0.09092803061897882,0.2222222222222222,0.2
84,3,0.6666666666666666,0.4166666666666667,0.46927872602275644,0.6666666666666666,0.4,1.0,0.37037037037037035,0.46927872602275644,1.0,0.3
9614,12,1.0,1.0,1.0,0.4166666666666667,1.0,0.8,0.9272727272727274,0.866947989864271,0.6666666666666666,0.8
7509,5,0.2,0.3333333333333333,0.33916020527361607,0.2,0.2,0.4,0.25,0.33916020527361607,0.4,0.2
15025,16,0.4,0.6,0.5531464700081437,0.125,0.4,0.3,0.43636363636363634,0.43735247915031,0.1875,0.3
20189,11,0.8,0.7333333333333334,0.7860137352654724,0.36363636363636365,0.8,0.7,0.7454545454545456,0.7241528458281336,0.6363636363636364,0.7
9416,6,0.2,0.06666666666666665,0.13120507751234176,0.16666666666666666,0.2,0.16666666666666666,0.13333333333333333,0.11706259313796352,0.16666666666666666,0.1
17999,2,1.0,0.0,0.0,1.0,0.4,1.0,0.0,0.0,1.0,0.2
5844,5,0.0,0.0,0.0,0.0,0.0,0.0,0.0,0.0,0.0,0.0
1798,9,0.0,0.0,0.0,0.0,0.0,0.3333333333333333,0.20370370370370372,0.2328291911917692,0.3333333333333333,0.3
13716,10,0.6,0.5333333333333333,0.6164336326286642,0.3,0.6,0.5,0.5818181818181818,0.5517854393872873,0.5,0.5
12650,1,0.0,0.0,0.0,0.0,0.0,0.0,0.0,0.0,0.0,0.0
14459,19,0.0,0.0,0.0,0.0,0.0,0.0,0.0,0.0,0.0,0.0
7038,3,0.6666666666666666,0.25,0.23463936301137822,0.6666666666666666,0.4,0.6666666666666666,0.2962962962962963,0.23463936301137822,0.6666666666666666,0.2
9778,3,0.3333333333333333,0.33333333333333337,0.29608191096586517,0.3333333333333333,0.2,0.3333333333333333,0.3333333333333333,0.29608191096586517,0.3333333333333333,0.1
9089,8,0.0,0.0,0.0,0.0,0.0,0.125,0.0,0.0,0.125,0.1
8801,10,0.0,0.0,0.0,0.0,0.0,0.0,0.0,0.0,0.0,0.0
6374,11,0.6,0.6,0.529634717214042,0.2727272727272727,0.6,0.6,0.6545454545454547,0.564890104406958,0.5454545454545454,0.6
4932,12,0.4,0.39999999999999997,0.4703652827859578,0.16666666666666666,0.4,0.4,0.43636363636363645,0.4530643748551536,0.3333333333333333,0.4
7701,7,0.0,0.0,0.0,0.0,0.0,0.14285714285714285,0.0,0.0,0.14285714285714285,0.1
9708,10,0.2,0.26666666666666666,0.2139862647345275,0.1,0.2,0.2,0.2545454545454545,0.21726071285222984,0.2,0.2
11758,12,0.4,0.6,0.5531464700081437,0.16666666666666666,0.4,0.4,0.49090909090909096,0.5067837010870873,0.3333333333333333,0.4
5997,17,0.2,0.3333333333333333,0.33916020527361607,0.058823529411764705,0.2,0.2,0.23636363636363636,0.2895229882348574,0.11764705882352941,0.2
14184,10,0.2,0.13333333333333333,0.14606834984270645,0.1,0.2,0.2,0.1636363636363636,0.16104258782393982,0.2,0.2
19685,7,0.4,0.4666666666666666,0.38356636737133554,0.2857142857142857,0.4,0.2857142857142857,0.3469387755102041,0.3108658234453848,0.2857142857142857,0.2
13487,7,0.2,0.13333333333333333,0.14606834984270645,0.14285714285714285,0.2,0.5714285714285714,0.24489795918367344,0.2162957183053307,0.5714285714285714,0.4
1425,1,1.0,1.0,1.0,1.0,0.2,1.0,1.0,1.0,1.0,0.1
4635,35,0.2,0.3333333333333333,0.33916020527361607,0.02857142857142857,0.2,0.1,0.18181818181818182,0.22009176629808014,0.02857142857142857,0.1
7358,5,0.8,0.9333333333333332,0.8687949224876582,0.8,0.8,1.0,0.8500000000000001,0.8687949224876582,1.0,0.5
10317,2,1.0,0.0,0.0,1.0,0.5,1.0,0.0,0.0,1.0,0.5
8025,5,0.6,0.7333333333333334,0.6992148198508501,0.6,0.6,0.8,0.6499999999999999,0.6992148198508501,0.8,0.4
7478,4,0.5,0.5,0.5585075862632192,0.5,0.4,0.5,0.49999999999999994,0.5585075862632192,0.5,0.2
2868,14,0.2,0.3333333333333333,0.33916020527361607,0.07142857142857142,0.2,0.3,0.34545454545454546,0.37185395737611554,0.21428571428571427,0.3
2649,1,1.0,1.0,1.0,1.0,0.5,1.0,1.0,1.0,1.0,0.5
19277,3,0.3333333333333333,0.4166666666666667,0.46927872602275644,0.3333333333333333,0.2,0.3333333333333333,0.37037037037037035,0.46927872602275644,0.3333333333333333,0.1
3552,10,0.4,0.6,0.5531464700081437,0.2,0.4,0.2,0.34545454545454546,0.3589542101716347,0.2,0.2
6639,6,0.6,0.39999999999999997,0.4468535299918562,0.5,0.6,0.8333333333333334,0.5777777777777778,0.5064767203222518,0.8333333333333334,0.5
2529,3,0.0,0.0,0.0,0.0,0.0,0.0,0.0,0.0,0.0,0.0
1967,1,1.0,0.0,0.0,1.0,0.5,1.0,0.0,0.0,1.0,0.5
2290,6,0.0,0.0,0.0,0.0,0.0,0.16666666666666666,0.0,0.0,0.16666666666666666,0.1
10595,11,0.4,0.3333333333333333,0.31564845247951445,0.18181818181818182,0.4,0.6,0.5272727272727273,0.4922818839877925,0.5454545454545454,0.6
17909,6,0.8,0.9333333333333332,0.8687949224876582,0.6666666666666666,0.8,1.0,0.8666666666666667,0.8829374068620365,1.0,0.75
18079,5,0.4,0.39999999999999997,0.4703652827859578,0.4,0.4,0.4,0.4,0.4703652827859578,0.4,0.2
3220,10,0.2,0.26666666666666666,0.2139862647345275,0.1,0.2,0.2,0.2,0.2051166673279435,0.2,0.2
9901,23,0.0,0.0,0.0,0.0,0.0,0.2,0.14545454545454548,0.14782949091545258,0.08695652173913043,0.2
2362,5,0.2,0.19999999999999998,0.16958010263680803,0.2,0.2,0.6,0.2,0.16958010263680803,0.6,0.3
18875,26,0.8,0.8000000000000002,0.8304198973631919,0.15384615384615385,0.8,0.5,0.6545454545454544,0.6122496142821665,0.19230769230769232,0.5
1162,3,0.6666666666666666,0.25,0.23463936301137822,0.6666666666666666,0.4,1.0,0.2962962962962963,0.23463936301137822,1.0,0.3
12693,2,0.0,0.0,0.0,0.0,0.0,0.0,0.0,0.0,0.0,0.0
18794,23,0.8,0.8666666666666666,0.8539316501572936,0.17391304347826086,0.8,0.9,0.8727272727272727,0.9052116356304492,0.391304347826087,0.9
14212,5,0.2,0.3333333333333333,0.33916020527361607,0.2,0.2,0.6,0.25,0.33916020527361607,0.6,0.3
14798,12,0.8,0.8000000000000002,0.8304198973631919,0.3333333333333333,0.8,0.6,0.709090909090909,0.6816808362189438,0.5,0.6
14641,1,0.0,0.0,0.0,0.0,0.0,0.0,0.0,0.0,0.0,0.0
3649,4,0.0,0.0,0.0,0.0,0.0,0.0,0.0,0.0,0.0,0.0
3008,10,0.8,0.7333333333333334,0.7860137352654724,0.4,0.8,0.5,0.6363636363636364,0.5834330535576521,0.5,0.5
18264,17,0.4,0.3333333333333333,0.31564845247951445,0.11764705882352941,0.4,0.3,0.32727272727272727,0.27426546945536806,0.17647058823529413,0.3
11183,27,0.6,0.6,0.6399453854227659,0.1111111111111111,0.6,0.3,0.43636363636363634,0.4152807670887412,0.1111111111111111,0.3
12894,10,0.4,0.5333333333333333,0.5087403079104241,0.2,0.4,0.3,0.41818181818181815,0.4085359184257955,0.3,0.3
722,2,0.0,0.0,0.0,0.0,0.0,0.0,0.0,0.0,0.0,0.0
9,12,0.2,0.19999999999999998,0.16958010263680803,0.08333333333333333,0.2,0.2,0.23636363636363636,0.1884441521277154,0.16666666666666666,0.2
10541,42,0.2,0.13333333333333333,0.14606834984270645,0.023809523809523808,0.2,0.5,0.3272727272727272,0.37249286693834405,0.11904761904761904,0.5
1620,7,0.0,0.0,0.0,0.0,0.0,0.14285714285714285,0.1020408163265306,0.0979129253499678,0.14285714285714285,0.1
343,6,0.0,0.0,0.0,0.0,0.0,0.0,0.0,0.0,0.0,0.0
19174,7,0.0,0.0,0.0,0.0,0.0,0.0,0.0,0.0,0.0,0.0
9705,8,0.4,0.39999999999999997,0.4703652827859578,0.25,0.4,0.25,0.3076923076923077,0.35079429740281753,0.25,0.2
16468,1,0.0,0.0,0.0,0.0,0.0,0.0,0.0,0.0,0.0,0.0
8586,2,0.0,0.0,0.0,0.0,0.0,0.0,0.0,0.0,0.0,0.0
13286,3,0.3333333333333333,0.4166666666666667,0.46927872602275644,0.3333333333333333,0.2,0.3333333333333333,0.37037037037037035,0.46927872602275644,0.3333333333333333,0.1
6369,7,0.4,0.39999999999999997,0.4703652827859578,0.2857142857142857,0.4,0.5714285714285714,0.4081632653061224,0.4728384582492843,0.5714285714285714,0.4
798,9,0.2,0.3333333333333333,0.33916020527361607,0.1111111111111111,0.2,0.1111111111111111,0.18518518518518517,0.23504554941448538,0.1111111111111111,0.1
3327,5,0.0,0.0,0.0,0.0,0.0,0.0,0.0,0.0,0.0,0.0
7075,11,0.4,0.6,0.5531464700081437,0.18181818181818182,0.4,0.3,0.43636363636363634,0.43735247915031,0.2727272727272727,0.3
11352,3,0.0,0.0,0.0,0.0,0.0,0.0,0.0,0.0,0.0,0.0
5769,8,0.0,0.0,0.0,0.0,0.0,0.0,0.0,0.0,0.0,0.0
15076,4,0.25,0.0,0.0,0.25,0.2,0.25,0.0,0.0,0.25,0.1
2581,12,0.6,0.6666666666666666,0.6548086577531306,0.25,0.6,0.3,0.45454545454545453,0.424926013816671,0.25,0.3
13221,17,0.4,0.6,0.5531464700081437,0.11764705882352941,0.4,0.2,0.34545454545454546,0.3589542101716347,0.11764705882352941,0.2
2736,2,0.5,0.5555555555555556,0.6131471927654584,0.5,0.2,0.5,0.5263157894736842,0.6131471927654584,0.5,0.1
18372,7,0.2,0.13333333333333333,0.14606834984270645,0.14285714285714285,0.2,0.14285714285714285,0.14285714285714285,0.11838279295536291,0.14285714285714285,0.1
1156,7,0.4,0.4000000000000001,0.3600546145772339,0.2857142857142857,0.4,0.5714285714285714,0.4081632653061224,0.38343589424836594,0.5714285714285714,0.4
8947,7,0.4,0.39999999999999997,0.4703652827859578,0.2857142857142857,0.4,0.42857142857142855,0.32653061224489793,0.3812130139445206,0.42857142857142855,0.3
236,26,0.2,0.19999999999999998,0.16958010263680803,0.038461538461538464,0.2,0.1,0.14545454545454548,0.11004588314904007,0.038461538461538464,0.1
5375,16,0.8,0.9333333333333332,0.8687949224876582,0.25,0.8,0.6,0.7454545454545456,0.7065836017263629,0.375,0.6
7523,6,0.0,0.0,0.0,0.0,0.0,0.16666666666666666,0.0,0.0,0.16666666666666666,0.1
16229,6,0.2,0.06666666666666665,0.13120507751234176,0.16666666666666666,0.2,0.3333333333333333,0.13333333333333333,0.11706259313796352,0.3333333333333333,0.2
4966,5,1.0,1.0,1.0,1.0,1.0,1.0,1.0,1.0,1.0,0.5
13541,15,0.2,0.3333333333333333,0.33916020527361607,0.06666666666666667,0.2,0.1,0.18181818181818182,0.22009176629808014,0.06666666666666667,0.1
12256,8,0.4,0.19999999999999998,0.2772734273550482,0.25,0.4,0.25,0.24999999999999994,0.20678808725291628,0.25,0.2
12044,3,0.0,0.0,0.0,0.0,0.0,0.0,0.0,0.0,0.0,0.0
7924,6,0.8,0.7333333333333334,0.7860137352654724,0.6666666666666666,0.8,1.0,0.8,0.8090791338210652,1.0,0.6
15506,11,0.2,0.06666666666666665,0.13120507751234176,0.09090909090909091,0.2,0.2,0.16363636363636364,0.15457433957839825,0.18181818181818182,0.2
1141,7,0.6,0.6666666666666666,0.6843515475204854,0.42857142857142855,0.6,0.5714285714285714,0.6122448979591836,0.6525535962827279,0.5714285714285714,0.4
4356,1,0.0,0.0,0.0,0.0,0.0,1.0,0.0,0.0,1.0,0.1
10166,1,0.0,0.0,0.0,0.0,0.0,0.0,0.0,0.0,0.0,0.0
1288,3,0.0,0.0,0.0,0.0,0.0,0.3333333333333333,0.0,0.0,0.3333333333333333,0.1
17,8,0.0,0.0,0.0,0.0,0.0,0.125,0.09615384615384615,0.0901000086523677,0.125,0.1
14280,16,0.6,0.7333333333333334,0.6992148198508501,0.1875,0.6,0.3,0.47272727272727266,0.4537425745411855,0.1875,0.3
270,6,0.2,0.26666666666666666,0.2139862647345275,0.16666666666666666,0.2,0.16666666666666666,0.2,0.1909208661789346,0.16666666666666666,0.1
17675,5,0.6,0.6666666666666666,0.6548086577531306,0.6,0.6,0.6,0.625,0.6548086577531306,0.6,0.3
2532,10,0.8,0.9333333333333332,0.8687949224876582,0.4,0.8,0.7,0.7454545454545454,0.7670273914429264,0.7,0.7
1561,1,1.0,0.0,0.0,1.0,0.25,1.0,0.0,0.0,1.0,0.25
16144,3,1.0,0.6666666666666667,0.7039180890341346,1.0,0.6,1.0,0.6666666666666666,0.7039180890341346,1.0,0.6
18573,5,0.2,0.26666666666666666,0.2139862647345275,0.2,0.2,0.2,0.225,0.2139862647345275,0.2,0.1
18412,9,0.0,0.0,0.0,0.0,0.0,0.3333333333333333,0.12962962962962962,0.15249713175656968,0.3333333333333333,0.3
2888,7,0.4,0.3333333333333333,0.34519134224686926,0.2857142857142857,0.4,0.42857142857142855,0.3061224489795918,0.2797643380184692,0.42857142857142855,0.3
14312,7,0.2,0.19999999999999998,0.16958010263680803,0.14285714285714285,0.2,0.2857142857142857,0.16326530612244897,0.13743816645714543,0.2857142857142857,0.2
3226,7,0.0,0.0,0.0,0.0,0.0,0.0,0.0,0.0,0.0,0.0
18528,8,0.2,0.3333333333333333,0.33916020527361607,0.125,0.2,0.25,0.1923076923076923,0.2529427027676571,0.25,0.2
797,6,0.4,0.4666666666666666,0.48522855511632257,0.3333333333333333,0.4,0.5,0.37777777777777777,0.4329261794091841,0.5,0.3
19761,12,0.4,0.3333333333333333,0.34519134224686926,0.16666666666666666,0.4,0.4,0.43636363636363634,0.3757677525932108,0.3333333333333333,0.4
1448,9,0.0,0.0,0.0,0.0,0.0,0.1111111111111111,0.09259259259259259,0.08372491399919348,0.1111111111111111,0.1
8239,9,0.0,0.0,0.0,0.0,0.0,0.0,0.0,0.0,0.0,0.0
11417,4,0.75,0.5,0.4414924137367807,0.75,0.6,0.75,0.5,0.4414924137367807,0.75,0.5
2522,7,0.8,0.9333333333333332,0.8687949224876582,0.5714285714285714,0.8,0.8571428571428571,0.7959183673469388,0.8020378746650065,0.8571428571428571,0.6
20082,3,0.6666666666666666,0.4166666666666667,0.46927872602275644,0.6666666666666666,0.4,1.0,0.37037037037037035,0.46927872602275644,1.0,0.3
11518,21,0.8,0.7333333333333334,0.7860137352654724,0.19047619047619047,0.8,0.4,0.5636363636363636,0.510069131458292,0.19047619047619047,0.4
8768,3,0.3333333333333333,0.4166666666666667,0.46927872602275644,0.3333333333333333,0.2,0.3333333333333333,0.37037037037037035,0.46927872602275644,0.3333333333333333,0.1
3919,12,0.2,0.19999999999999998,0.16958010263680803,0.08333333333333333,0.2,0.1,0.14545454545454548,0.11004588314904007,0.08333333333333333,0.1
6385,3,0.6666666666666666,0.0,0.0,0.6666666666666666,0.4,1.0,0.0,0.0,1.0,0.3
16030,6,0.2,0.26666666666666666,0.2139862647345275,0.16666666666666666,0.2,0.5,0.2,0.1909208661789346,0.5,0.3
697,1,0.0,0.0,0.0,0.0,0.0,1.0,0.0,0.0,1.0,0.1
9497,11,0.0,0.0,0.0,0.0,0.0,0.0,0.0,0.0,0.0,0.0
16153,7,0.0,0.0,0.0,0.0,0.0,0.0,0.0,0.0,0.0,0.0
14962,12,0.2,0.3333333333333333,0.33916020527361607,0.08333333333333333,0.2,0.1,0.18181818181818182,0.22009176629808014,0.08333333333333333,0.1
17746,5,0.4,0.39999999999999997,0.4703652827859578,0.4,0.4,0.6,0.4,0.4703652827859578,0.6,0.3
1560,14,0.0,0.0,0.0,0.0,0.0,0.0,0.0,0.0,0.0,0.0
4383,19,0.6,0.7333333333333334,0.6992148198508501,0.15789473684210525,0.6,0.8,0.7454545454545454,0.8048109992093389,0.42105263157894735,0.8
19661,6,0.0,0.0,0.0,0.0,0.0,0.0,0.0,0.0,0.0,0.0
19050,21,1.0,1.0,1.0,0.23809523809523808,1.0,1.0,0.890909090909091,1.0,0.3333333333333333,1.0
4844,17,0.6,0.6666666666666666,0.6843515475204854,0.17647058823529413,0.6,0.4,0.5272727272727272,0.5174612499126158,0.23529411764705882,0.4
3958,4,0.0,0.0,0.0,0.0,0.0,0.25,0.0,0.0,0.25,0.1
15794,3,0.3333333333333333,0.33333333333333337,0.29608191096586517,0.3333333333333333,0.2,0.6666666666666666,0.3333333333333333,0.29608191096586517,0.6666666666666666,0.2
9764,3,0.6666666666666666,0.75,0.7653606369886217,0.6666666666666666,0.4,1.0,0.7037037037037036,0.7653606369886217,1.0,0.3
20420,14,0.4,0.4666666666666666,0.48522855511632257,0.14285714285714285,0.4,0.4,0.43636363636363645,0.45767527470376823,0.2857142857142857,0.4
142,3,0.3333333333333333,0.4166666666666667,0.46927872602275644,0.3333333333333333,0.2,0.3333333333333333,0.37037037037037035,0.46927872602275644,0.3333333333333333,0.1
6990,8,0.0,0.0,0.0,0.0,0.0,0.125,0.0,0.0,0.125,0.1
7752,5,0.4,0.4000000000000001,0.3600546145772339,0.4,0.4,0.4,0.4,0.3600546145772339,0.4,0.2
12097,7,0.2,0.26666666666666666,0.2139862647345275,0.14285714285714285,0.2,0.14285714285714285,0.18367346938775508,0.17342765698823942,0.14285714285714285,0.1
20375,3,0.3333333333333333,0.4166666666666667,0.46927872602275644,0.3333333333333333,0.2,0.3333333333333333,0.37037037037037035,0.46927872602275644,0.3333333333333333,0.1
3836,3,0.0,0.0,0.0,0.0,0.0,0.0,0.0,0.0,0.0,0.0
8614,6,0.8,0.8666666666666666,0.8539316501572936,0.6666666666666666,0.8,1.0,0.7333333333333334,0.7618870795651185,1.0,0.6
4739,8,0.4,0.6,0.5531464700081437,0.25,0.4,0.375,0.4230769230769231,0.49232631845500163,0.375,0.3
9435,5,0.4,0.19999999999999998,0.2772734273550482,0.4,0.4,0.4,0.32499999999999996,0.2772734273550482,0.4,0.2
6360,12,0.2,0.13333333333333333,0.14606834984270645,0.08333333333333333,0.2,0.1,0.12727272727272726,0.09478836436955078,0.08333333333333333,0.1
20024,15,0.8,0.6666666666666666,0.6608397947263838,0.26666666666666666,0.8,0.9,0.8181818181818182,0.7799082337019198,0.6,0.9
19627,2,0.0,0.0,0.0,0.0,0.0,0.5,0.0,0.0,0.5,0.1
11437,5,0.6,0.6666666666666666,0.6843515475204854,0.6,0.6,0.6,0.625,0.6843515475204854,0.6,0.3
6897,9,0.2,0.19999999999999998,0.16958010263680803,0.1111111111111111,0.2,0.3333333333333333,0.24074074074074073,0.26242715071339784,0.3333333333333333,0.3
7612,4,0.0,0.0,0.0,0.0,0.0,0.25,0.0,0.0,0.25,0.1
15480,9,0.6,0.7999999999999999,0.7227265726449518,0.3333333333333333,0.6,0.4444444444444444,0.5925925925925926,0.5845904686910707,0.4444444444444444,0.4
12462,7,0.8,0.7333333333333334,0.7860137352654724,0.5714285714285714,0.8,0.8571428571428571,0.8163265306122448,0.8265723430117604,0.8571428571428571,0.6666666666666666
3287,20,0.6,0.6666666666666666,0.6843515475204854,0.15,0.6,0.6,0.6727272727272727,0.6652907408280683,0.3,0.6
2061,9,0.0,0.0,0.0,0.0,0.0,0.1111111111111111,0.07407407407407407,0.07834851647149513,0.1111111111111111,0.1
4246,1,1.0,0.0,0.0,1.0,0.2,1.0,0.0,0.0,1.0,0.1
17417,5,0.4,0.3333333333333333,0.31564845247951445,0.4,0.4,0.4,0.375,0.31564845247951445,0.4,0.2
12935,6,0.4,0.26666666666666666,0.3007851801491498,0.3333333333333333,0.4,0.3333333333333333,0.3111111111111111,0.26836379988737025,0.3333333333333333,0.2
9190,11,0.4,0.6,0.5531464700081437,0.18181818181818182,0.4,0.5,0.5636363636363636,0.5801476231864473,0.45454545454545453,0.5
1879,1,0.0,0.0,0.0,0.0,0.0,0.0,0.0,0.0,0.0,0.0
8700,8,0.2,0.19999999999999998,0.16958010263680803,0.125,0.2,0.375,0.23076923076923078,0.21078558563971428,0.375,0.3
7892,17,0.6,0.7999999999999999,0.7227265726449518,0.17647058823529413,0.6,0.4,0.5090909090909091,0.5326208815196265,0.23529411764705882,0.4
15511,14,0.6,0.7999999999999999,0.7227265726449518,0.21428571428571427,0.6,0.5,0.6545454545454545,0.6207622843987102,0.35714285714285715,0.5
13588,6,0.2,0.06666666666666665,0.13120507751234176,0.16666666666666666,0.2,0.16666666666666666,0.13333333333333333,0.11706259313796352,0.16666666666666666,0.1
11159,8,0.2,0.3333333333333333,0.33916020527361607,0.125,0.2,0.5,0.3269230769230769,0.41705147558599104,0.5,0.4
18411,2,1.0,0.0,0.0,1.0,0.4,1.0,0.0,0.0,1.0,0.2
16994,3,0.3333333333333333,0.0,0.0,0.3333333333333333,0.2,1.0,0.0,0.0,1.0,0.375
16945,4,0.25,0.2142857142857143,0.19519002499605081,0.25,0.2,0.25,0.23529411764705882,0.19519002499605081,0.25,0.1
10422,4,0.75,0.8571428571428572,0.8318724637288825,0.75,0.6,0.75,0.7941176470588235,0.8318724637288825,0.75,0.3
741,5,0.0,0.0,0.0,0.0,0.0,0.0,0.0,0.0,0.0,0.0
13546,5,0.2,0.3333333333333333,0.33916020527361607,0.2,0.2,0.2,0.25,0.33916020527361607,0.2,0.1
15173,7,0.0,0.0,0.0,0.0,0.0,0.14285714285714285,0.1020408163265306,0.0979129253499678,0.14285714285714285,0.1
20300,3,0.0,0.0,0.0,0.0,0.0,0.3333333333333333,0.0,0.0,0.3333333333333333,0.1
12679,10,0.6,0.6666666666666666,0.6548086577531306,0.3,0.6,0.4,0.49090909090909096,0.49118023727106,0.4,0.4
8402,12,0.0,0.0,0.0,0.0,0.0,0.0,0.0,0.0,0.0,0.0
20216,4,0.25,0.14285714285714288,0.16812753627111746,0.25,0.2,0.75,0.20588235294117643,0.16812753627111746,0.75,0.3
12329,3,0.0,0.0,0.0,0.0,0.0,0.0,0.0,0.0,0.0,0.0
20473,11,0.4,0.3333333333333333,0.31564845247951445,0.18181818181818182,0.4,0.3,0.34545454545454546,0.2781981696179509,0.2727272727272727,0.3
936,15,0.0,0.0,0.0,0.0,0.0,0.1,0.018181818181818177,0.0636207881989517,0.06666666666666667,0.1
19838,19,0.6,0.5333333333333333,0.6164336326286642,0.15789473684210525,0.6,0.5,0.5272727272727272,0.5420423054868788,0.2631578947368421,0.5
15237,15,0.6,0.6666666666666666,0.6843515475204854,0.2,0.6,0.7,0.6545454545454545,0.721801830382049,0.4666666666666667,0.7
1828,14,0.2,0.13333333333333333,0.14606834984270645,0.07142857142857142,0.2,0.1,0.12727272727272726,0.09478836436955078,0.07142857142857142,0.1
13068,12,0.0,0.0,0.0,0.0,0.0,0.0,0.0,0.0,0.0,0.0
13054,10,0.2,0.3333333333333333,0.33916020527361607,0.1,0.2,0.2,0.21818181818181817,0.28634598975246917,0.2,0.2
12105,5,0.6,0.7333333333333334,0.6992148198508501,0.6,0.6,0.6,0.6499999999999999,0.6992148198508501,0.6,0.3
7832,18,0.0,0.0,0.0,0.0,0.0,0.0,0.0,0.0,0.0,0.0
6473,5,0.4,0.19999999999999998,0.2772734273550482,0.4,0.4,0.6,0.32499999999999996,0.2772734273550482,0.6,0.3
12788,10,0.2,0.06666666666666665,0.13120507751234176,0.1,0.2,0.2,0.14545454545454545,0.15139734109601,0.2,0.2
3924,5,0.6,0.6666666666666666,0.6548086577531306,0.6,0.6,0.6,0.625,0.6548086577531306,0.6,0.3
100,14,0.0,0.0,0.0,0.0,0.0,0.1,0.036363636363636355,0.06625422345438903,0.07142857142857142,0.1
10544,3,0.0,0.0,0.0,0.0,0.0,0.0,0.0,0.0,0.0,0.0
5388,1,1.0,0.0,0.0,1.0,0.2,1.0,0.0,0.0,1.0,0.2
8077,7,0.0,0.0,0.0,0.0,0.0,0.0,0.0,0.0,0.0,0.0
6956,5,0.4,0.6,0.5531464700081437,0.4,0.4,0.8,0.475,0.5531464700081437,0.8,0.4
651,1,0.0,0.0,0.0,0.0,0.0,0.0,0.0,0.0,0.0,0.0
1830,9,0.6,0.6,0.529634717214042,0.3333333333333333,0.6,0.4444444444444444,0.5370370370370371,0.4507735274888854,0.4444444444444444,0.4444444444444444
7762,16,0.2,0.3333333333333333,0.33916020527361607,0.0625,0.2,0.2,0.2,0.2837125544970318,0.125,0.2
19536,2,0.0,0.0,0.0,0.0,0.0,0.0,0.0,0.0,0.0,0.0
4083,5,0.0,0.0,0.0,0.0,0.0,0.2,0.0,0.0,0.2,0.1
9536,7,0.2,0.13333333333333333,0.14606834984270645,0.14285714285714285,0.2,0.2857142857142857,0.14285714285714285,0.11838279295536291,0.2857142857142857,0.2
19734,2,0.0,0.0,0.0,0.0,0.0,0.0,0.0,0.0,0.0,0.0
10191,13,0.4,0.3333333333333333,0.34519134224686926,0.15384615384615385,0.4,0.3,0.36363636363636365,0.30240383049385083,0.23076923076923078,0.3
16708,1,0.0,0.0,0.0,0.0,0.0,0.0,0.0,0.0,0.0,0.0
14104,6,0.4,0.6,0.5531464700081437,0.3333333333333333,0.4,0.5,0.4222222222222222,0.4935232796777481,0.5,0.3
10329,29,0.0,0.0,0.0,0.0,0.0,0.2,0.054545454545454536,0.12987501165334073,0.06896551724137931,0.2
6574,4,0.25,0.28571428571428575,0.2463023887407299,0.25,0.2,0.25,0.2647058823529412,0.2463023887407299,0.25,0.1
12640,17,0.2,0.3333333333333333,0.33916020527361607,0.058823529411764705,0.2,0.2,0.21818181818181817,0.28634598975246917,0.11764705882352941,0.2
7026,7,0.0,0.0,0.0,0.0,0.0,0.0,0.0,0.0,0.0,0.0
12088,16,0.6,0.6666666666666666,0.6548086577531306,0.1875,0.6,0.4,0.4727272727272727,0.48854680201562267,0.25,0.4
16526,1,1.0,1.0,1.0,1.0,0.2,1.0,1.0,1.0,1.0,0.14285714285714285
7833,9,0.4,0.39999999999999997,0.4703652827859578,0.2222222222222222,0.4,0.5555555555555556,0.5,0.5588027712252334,0.5555555555555556,0.5
9642,30,0.4,0.4666666666666666,0.38356636737133554,0.06666666666666667,0.4,0.5,0.49090909090909096,0.46299204139243616,0.16666666666666666,0.5
19834,30,0.6,0.6,0.6399453854227659,0.1,0.6,0.6,0.5818181818181818,0.6235540477207573,0.2,0.6
2773,1,0.0,0.0,0.0,0.0,0.0,0.0,0.0,0.0,0.0,0.0
7046,9,0.6,0.6666666666666666,0.6548086577531306,0.3333333333333333,0.6,0.4444444444444444,0.5185185185185185,0.5279455476191027,0.4444444444444444,0.4
1481,15,0.2,0.13333333333333333,0.14606834984270645,0.06666666666666667,0.2,0.2,0.1636363636363636,0.16104258782393982,0.13333333333333333,0.2
11102,4,0.25,0.35714285714285715,0.39038004999210163,0.25,0.2,0.25,0.2941176470588235,0.39038004999210163,0.25,0.1
8474,26,0.6,0.46666666666666673,0.4912596920895757,0.11538461538461539,0.6,0.5,0.4727272727272727,0.4518459360204552,0.19230769230769232,0.5
5622,6,0.4,0.5333333333333333,0.5087403079104241,0.3333333333333333,0.4,0.6666666666666666,0.4,0.4539036202482201,0.6666666666666666,0.4
5437,18,0.4,0.6,0.5531464700081437,0.1111111111111111,0.4,0.5,0.5272727272727273,0.5730379245414763,0.2777777777777778,0.5
7299,5,0.2,0.13333333333333333,0.14606834984270645,0.2,0.2,0.4,0.175,0.14606834984270645,0.4,0.3333333333333333
1424,9,0.0,0.0,0.0,0.0,0.0,0.0,0.0,0.0,0.0,0.0
3020,28,0.6,0.7999999999999999,0.7227265726449518,0.10714285714285714,0.6,0.4,0.5454545454545454,0.538431315257452,0.14285714285714285,0.4
9775,3,1.0,0.5833333333333334,0.5307212739772434,1.0,0.6,1.0,0.6296296296296297,0.5307212739772434,1.0,0.5
341,6,0.2,0.06666666666666665,0.13120507751234176,0.16666666666666666,0.2,0.16666666666666666,0.13333333333333333,0.11706259313796352,0.16666666666666666,0.1
5185,5,0.0,0.0,0.0,0.0,0.0,0.2,0.0,0.0,0.2,0.1
9368,1,0.0,0.0,0.0,0.0,0.0,0.0,0.0,0.0,0.0,0.0
3555,7,0.0,0.0,0.0,0.0,0.0,0.0,0.0,0.0,0.0,0.0
18512,3,0.3333333333333333,0.0,0.0,0.3333333333333333,0.2,0.3333333333333333,0.0,0.0,0.3333333333333333,0.1
6372,12,0.6,0.7333333333333334,0.6992148198508501,0.25,0.6,0.7,0.6909090909090908,0.7353797772725617,0.5833333333333334,0.7
3679,35,0.4,0.26666666666666666,0.3007851801491498,0.05714285714285714,0.4,0.3,0.2909090909090909,0.26144322424505007,0.08571428571428572,0.3
14215,12,0.6,0.6666666666666666,0.6548086577531306,0.25,0.6,0.4,0.49090909090909096,0.49118023727106,0.3333333333333333,0.4
8057,12,0.0,0.0,0.0,0.0,0.0,0.0,0.0,0.0,0.0,0.0
5613,2,1.0,0.4444444444444445,0.3868528072345415,1.0,0.4,1.0,0.4736842105263158,0.3868528072345415,1.0,0.2
16787,9,0.0,0.0,0.0,0.0,0.0,0.1111111111111111,0.07407407407407407,0.07834851647149513,0.1111111111111111,0.1
20228,11,0.2,0.26666666666666666,0.2139862647345275,0.09090909090909091,0.2,0.1,0.16363636363636364,0.1388624438735545,0.09090909090909091,0.1
10975,12,0.0,0.0,0.0,0.0,0.0,0.1,0.09090909090909091,0.07839826897867533,0.08333333333333333,0.1
12713,4,0.0,0.0,0.0,0.0,0.0,0.25,0.0,0.0,0.25,0.1
6190,34,0.8,0.9333333333333332,0.8687949224876582,0.11764705882352941,0.8,0.5,0.6545454545454547,0.6300426811446146,0.14705882352941177,0.5
10107,41,0.6,0.5333333333333333,0.5147714448836773,0.07317073170731707,0.6,0.5,0.5272727272727273,0.4736695902179647,0.12195121951219512,0.5
7609,9,0.2,0.06666666666666665,0.13120507751234176,0.1111111111111111,0.2,0.2222222222222222,0.18518518518518517,0.16927654709047393,0.2222222222222222,0.2
18858,4,0.0,0.0,0.0,0.0,0.0,0.25,0.0,0.0,0.25,0.1
13578,9,0.0,0.0,0.0,0.0,0.0,0.2222222222222222,0.09259259259259259,0.14490437600615513,0.2222222222222222,0.2
14584,13,0.6,0.6666666666666666,0.6843515475204854,0.23076923076923078,0.6,0.5,0.5272727272727272,0.5771493379489846,0.38461538461538464,0.5
491,2,0.0,0.0,0.0,0.0,0.0,0.0,0.0,0.0,0.0,0.0
149,13,0.0,0.0,0.0,0.0,0.0,0.1,0.036363636363636355,0.06625422345438903,0.07692307692307693,0.1
9741,5,0.2,0.3333333333333333,0.33916020527361607,0.2,0.2,0.4,0.25,0.33916020527361607,0.4,0.2
16543,7,0.2,0.3333333333333333,0.33916020527361607,0.14285714285714285,0.2,0.14285714285714285,0.2040816326530612,0.27487633291429087,0.14285714285714285,0.1
20276,2,1.0,0.5555555555555556,0.6131471927654584,1.0,0.4,1.0,0.5263157894736842,0.6131471927654584,1.0,0.2
18510,4,0.25,0.35714285714285715,0.39038004999210163,0.25,0.2,0.25,0.2941176470588235,0.39038004999210163,0.25,0.1
8250,6,0.4,0.4666666666666666,0.38356636737133554,0.3333333333333333,0.4,0.6666666666666666,0.48888888888888893,0.4500112274528522,0.6666666666666666,0.4444444444444444
18502,21,0.4,0.3333333333333333,0.31564845247951445,0.09523809523809523,0.4,0.3,0.36363636363636365,0.28323251649726616,0.14285714285714285,0.3
18311,14,0.4,0.19999999999999998,0.2772734273550482,0.14285714285714285,0.4,0.4,0.3818181818181818,0.3277609729266243,0.2857142857142857,0.4
1870,25,0.0,0.0,0.0,0.0,0.0,0.1,0.09090909090909091,0.07839826897867533,0.04,0.1
121,4,0.25,0.28571428571428575,0.2463023887407299,0.25,0.2,0.25,0.2647058823529412,0.2463023887407299,0.25,0.1
730,6,0.0,0.0,0.0,0.0,0.0,0.0,0.0,0.0,0.0,0.0
6370,7,0.8,0.9333333333333332,0.8687949224876582,0.5714285714285714,0.8,0.7142857142857143,0.6938775510204082,0.7041249493150387,0.7142857142857143,0.5
18143,26,0.8,0.8000000000000002,0.8304198973631919,0.15384615384615385,0.8,0.8,0.7818181818181817,0.8165901947515998,0.3076923076923077,0.8
13218,19,0.6,0.5333333333333333,0.6164336326286642,0.15789473684210525,0.6,0.4,0.509090909090909,0.4784215172879272,0.21052631578947367,0.4
13621,8,0.2,0.13333333333333333,0.14606834984270645,0.125,0.2,0.25,0.23076923076923075,0.19903650127012357,0.25,0.2
8186,20,0.4,0.5333333333333333,0.5087403079104241,0.1,0.4,0.2,0.32727272727272727,0.3301376494471202,0.1,0.2
16110,6,0.4,0.39999999999999997,0.4703652827859578,0.3333333333333333,0.4,1.0,0.4666666666666667,0.5274541611612878,1.0,0.6
5960,4,1.0,1.0,1.0,1.0,0.8,1.0,1.0,1.0,1.0,0.5
11328,23,0.6,0.7999999999999999,0.7227265726449518,0.13043478260869565,0.6,0.4,0.5818181818181819,0.5473983622993501,0.17391304347826086,0.4
12195,9,0.0,0.0,0.0,0.0,0.0,0.1111111111111111,0.07407407407407407,0.07834851647149513,0.1111111111111111,0.1
10352,9,0.0,0.0,0.0,0.0,0.0,0.1111111111111111,0.05555555555555556,0.07414861528507453,0.1111111111111111,0.1
18281,25,1.0,1.0,1.0,0.2,1.0,0.8,0.890909090909091,0.8579809428223729,0.32,0.8
1865,21,0.2,0.06666666666666665,0.13120507751234176,0.047619047619047616,0.2,0.3,0.2545454545454546,0.23297260855707355,0.14285714285714285,0.3
18763,11,0.2,0.3333333333333333,0.33916020527361607,0.09090909090909091,0.2,0.3,0.23636363636363633,0.3499667779514209,0.2727272727272727,0.3
6671,9,0.0,0.0,0.0,0.0,0.0,0.0,0.0,0.0,0.0,0.0
9418,3,0.0,0.0,0.0,0.0,0.0,0.0,0.0,0.0,0.0,0.0
14558,9,0.2,0.19999999999999998,0.16958010263680803,0.1111111111111111,0.2,0.2222222222222222,0.22222222222222224,0.1958712911787378,0.2222222222222222,0.2
7728,13,0.4,0.39999999999999997,0.4703652827859578,0.15384615384615385,0.4,0.3,0.36363636363636365,0.37859880603906115,0.23076923076923078,0.3
19452,33,0.4,0.5333333333333333,0.5087403079104241,0.06060606060606061,0.4,0.3,0.41818181818181815,0.4085359184257955,0.09090909090909091,0.3
3412,3,0.0,0.0,0.0,0.0,0.0,0.0,0.0,0.0,0.0,0.0
5557,4,0.75,0.7142857142857143,0.7536976112592699,0.75,0.6,0.75,0.7352941176470588,0.7536976112592699,0.75,0.3
18196,19,0.2,0.06666666666666665,0.13120507751234176,0.05263157894736842,0.2,0.4,0.2727272727272727,0.29419248513214724,0.21052631578947367,0.4
2988,13,0.4,0.4666666666666666,0.48522855511632257,0.15384615384615385,0.4,0.2,0.3090909090909091,0.31488013066763093,0.15384615384615385,0.2
6443,8,0.2,0.26666666666666666,0.2139862647345275,0.125,0.2,0.25,0.2692307692307692,0.249689085777264,0.25,0.2
8485,12,0.8,0.8666666666666666,0.8539316501572936,0.3333333333333333,0.8,0.5,0.6727272727272727,0.6275071330616558,0.4166666666666667,0.5
2035,7,0.2,0.3333333333333333,0.33916020527361607,0.14285714285714285,0.2,0.42857142857142855,0.2857142857142857,0.3665017772190545,0.42857142857142855,0.375
18542,1,0.0,0.0,0.0,0.0,0.0,0.0,0.0,0.0,0.0,0.0
5156,2,0.5,0.5555555555555556,0.6131471927654584,0.5,0.2,0.5,0.5263157894736842,0.6131471927654584,0.5,0.1
15942,7,0.2,0.3333333333333333,0.33916020527361607,0.14285714285714285,0.2,0.16666666666666666,0.2040816326530612,0.30260241349881345,0.14285714285714285,0.16666666666666666
19638,11,0.4,0.6,0.5531464700081437,0.18181818181818182,0.4,0.2,0.34545454545454546,0.3589542101716347,0.18181818181818182,0.2
6367,13,0.6,0.7999999999999999,0.7227265726449518,0.23076923076923078,0.6,0.3,0.49090909090909096,0.46900009332067477,0.23076923076923078,0.3
10760,2,0.0,0.0,0.0,0.0,0.0,0.5,0.0,0.0,0.5,0.1
12639,11,0.0,0.0,0.0,0.0,0.0,0.0,0.0,0.0,0.0,0.0
14899,2,0.5,0.0,0.0,0.5,0.2,0.5,0.0,0.0,0.5,0.1
17868,12,0.2,0.13333333333333333,0.14606834984270645,0.08333333333333333,0.2,0.3,0.21818181818181817,0.23047380976071705,0.25,0.3
2613,15,0.2,0.13333333333333333,0.14606834984270645,0.06666666666666667,0.2,0.1,0.12727272727272726,0.09478836436955078,0.06666666666666667,0.1
1767,1,1.0,0.0,0.0,1.0,0.2,1.0,0.0,0.0,1.0,0.1
18054,5,0.2,0.3333333333333333,0.33916020527361607,0.2,0.2,0.2,0.25,0.33916020527361607,0.2,0.1
2753,3,0.0,0.0,0.0,0.0,0.0,0.0,0.0,0.0,0.0,0.0
13791,6,0.2,0.26666666666666666,0.2139862647345275,0.16666666666666666,0.2,0.16666666666666666,0.2,0.1909208661789346,0.16666666666666666,0.1
1167,15,0.0,0.0,0.0,0.0,0.0,0.2,0.10909090909090909,0.14201905717762703,0.13333333333333333,0.2
2296,24,0.6,0.46666666666666673,0.4912596920895757,0.125,0.6,0.5,0.509090909090909,0.4584120714384754,0.20833333333333334,0.5
17480,6,0.4,0.4666666666666666,0.38356636737133554,0.3333333333333333,0.4,0.5,0.3777777777777778,0.34222207292834134,0.5,0.3
3749,10,0.2,0.06666666666666665,0.13120507751234176,0.1,0.2,0.1,0.10909090909090909,0.08514311764162097,0.1,0.1
15594,6,0.4,0.5333333333333333,0.5087403079104241,0.3333333333333333,0.4,0.3333333333333333,0.4,0.4539036202482201,0.3333333333333333,0.2
8560,3,0.0,0.0,0.0,0.0,0.0,0.0,0.0,0.0,0.0,0.0
5644,16,0.6,0.7333333333333334,0.6992148198508501,0.1875,0.6,0.7,0.6727272727272727,0.7314470771099788,0.4375,0.7
16912,3,0.0,0.0,0.0,0.0,0.0,0.0,0.0,0.0,0.0,0.0
19176,6,0.0,0.0,0.0,0.0,0.0,0.0,0.0,0.0,0.0,0.0
8870,8,0.4,0.4666666666666666,0.48522855511632257,0.25,0.4,0.25,0.3269230769230769,0.3618791953854131,0.25,0.2
14505,2,1.0,0.4444444444444445,0.3868528072345415,1.0,0.4,1.0,0.4736842105263158,0.3868528072345415,1.0,0.2
1617,15,0.4,0.19999999999999998,0.2772734273550482,0.13333333333333333,0.4,0.4,0.3454545454545454,0.31954962756492084,0.26666666666666666,0.4
5527,18,0.0,0.0,0.0,0.0,0.0,0.0,0.0,0.0,0.0,0.0
19111,9,0.4,0.4000000000000001,0.3600546145772339,0.2222222222222222,0.4,0.3333333333333333,0.37037037037037035,0.32787435525394437,0.3333333333333333,0.3
11786,5,0.2,0.06666666666666665,0.13120507751234176,0.2,0.2,0.6,0.15,0.13120507751234176,0.6,0.3333333333333333
15632,2,0.5,0.0,0.0,0.5,0.2,1.0,0.0,0.0,1.0,0.2
3393,2,0.0,0.0,0.0,0.0,0.0,0.0,0.0,0.0,0.0,0.0
3337,5,0.6,0.6666666666666666,0.6548086577531306,0.6,0.6,0.8,0.625,0.6548086577531306,0.8,0.4
1263,10,0.0,0.0,0.0,0.0,0.0,0.1,0.09090909090909091,0.07839826897867533,0.1,0.1
14093,15,0.6,0.6,0.529634717214042,0.2,0.6,0.5,0.6000000000000001,0.4954588824701807,0.3333333333333333,0.5
5980,23,0.4,0.39999999999999997,0.4703652827859578,0.08695652173913043,0.4,0.4,0.36363636363636365,0.43828689407543003,0.17391304347826086,0.4
3109,14,0.0,0.0,0.0,0.0,0.0,0.0,0.0,0.0,0.0,0.0
7188,26,0.6,0.6666666666666666,0.6548086577531306,0.11538461538461539,0.6,0.6,0.6545454545454544,0.6429424283490954,0.23076923076923078,0.6
13894,43,0.6,0.5333333333333333,0.6164336326286642,0.06976744186046512,0.6,0.5,0.509090909090909,0.5370079586075637,0.11627906976744186,0.5
1532,16,0.2,0.3333333333333333,0.33916020527361607,0.0625,0.2,0.3,0.2727272727272727,0.3557772116892464,0.1875,0.3
4271,13,0.2,0.3333333333333333,0.33916020527361607,0.07692307692307693,0.2,0.1,0.18181818181818182,0.22009176629808014,0.07692307692307693,0.1
88,16,0.2,0.3333333333333333,0.33916020527361607,0.0625,0.2,0.3,0.2727272727272727,0.3570764765963919,0.1875,0.3
18129,24,0.4,0.6,0.5531464700081437,0.08333333333333333,0.4,0.3,0.4,0.4283854321084119,0.125,0.3
8500,6,0.0,0.0,0.0,0.0,0.0,0.5,0.1111111111111111,0.10778915452451095,0.5,0.3
6996,12,0.4,0.26666666666666666,0.3007851801491498,0.16666666666666666,0.4,0.3,0.3272727272727272,0.26855292289002114,0.25,0.3
16297,5,0.0,0.0,0.0,0.0,0.0,0.2,0.0,0.0,0.2,0.1
3369,7,0.2,0.19999999999999998,0.16958010263680803,0.14285714285714285,0.2,0.2857142857142857,0.2448979591836735,0.22906361076190904,0.2857142857142857,0.2
19118,18,1.0,1.0,1.0,0.2777777777777778,1.0,0.8,0.9454545454545454,0.8701249883466592,0.4444444444444444,0.8
8011,1,0.0,0.0,0.0,0.0,0.0,0.0,0.0,0.0,0.0,0.0
11367,17,0.2,0.13333333333333333,0.14606834984270645,0.058823529411764705,0.2,0.2,0.14545454545454545,0.15840915256850246,0.11764705882352941,0.2
5244,6,0.2,0.26666666666666666,0.2139862647345275,0.16666666666666666,0.2,0.3333333333333333,0.3111111111111111,0.29871002070344554,0.3333333333333333,0.2
19115,22,0.0,0.0,0.0,0.0,0.0,0.2,0.07272727272727274,0.13305201013572895,0.09090909090909091,0.2
19957,2,0.0,0.0,0.0,0.0,0.0,0.0,0.0,0.0,0.0,0.0
17033,2,0.0,0.0,0.0,0.0,0.0,0.0,0.0,0.0,0.0,0.0
9605,6,0.2,0.06666666666666665,0.13120507751234176,0.16666666666666666,0.2,0.16666666666666666,0.13333333333333333,0.11706259313796352,0.16666666666666666,0.1
19697,2,0.5,0.0,0.0,0.5,0.2,0.5,0.0,0.0,0.5,0.1
19730,21,0.8,0.7333333333333334,0.7860137352654724,0.19047619047619047,0.8,0.4,0.5636363636363636,0.510069131458292,0.19047619047619047,0.4
10284,7,0.4,0.3333333333333333,0.31564845247951445,0.2857142857142857,0.4,0.5714285714285714,0.3061224489795918,0.2558209594125083,0.5714285714285714,0.4
8843,11,0.6,0.39999999999999997,0.4468535299918562,0.2727272727272727,0.6,0.4,0.4727272727272727,0.36837563413888713,0.36363636363636365,0.4
468,4,0.5,0.42857142857142866,0.41442992501184733,0.5,0.4,0.5,0.47058823529411764,0.41442992501184733,0.5,0.2
2124,21,0.6,0.7333333333333334,0.6992148198508501,0.14285714285714285,0.6,0.4,0.5636363636363636,0.5321408435198608,0.19047619047619047,0.4
955,2,0.0,0.0,0.0,0.0,0.0,0.0,0.0,0.0,0.0,0.0
6485,12,0.6,0.6666666666666666,0.6843515475204854,0.25,0.6,0.5,0.5454545454545454,0.579782773204422,0.4166666666666667,0.5
10190,14,0.2,0.19999999999999998,0.16958010263680803,0.07142857142857142,0.2,0.1,0.14545454545454548,0.11004588314904007,0.07142857142857142,0.1
15313,5,0.0,0.0,0.0,0.0,0.0,0.0,0.0,0.0,0.0,0.0
9380,31,0.4,0.4666666666666666,0.38356636737133554,0.06451612903225806,0.4,0.5,0.4727272727272727,0.4603586061369988,0.16129032258064516,0.5
1547,17,0.2,0.13333333333333333,0.14606834984270645,0.058823529411764705,0.2,0.2,0.21818181818181817,0.1731866333482261,0.11764705882352941,0.2
2441,6,0.2,0.06666666666666665,0.13120507751234176,0.16666666666666666,0.2,0.16666666666666666,0.13333333333333333,0.11706259313796352,0.16666666666666666,0.1
9222,3,0.6666666666666666,0.25,0.23463936301137822,0.6666666666666666,0.4,0.6666666666666666,0.2962962962962963,0.23463936301137822,0.6666666666666666,0.2222222222222222
18084,43,0.4,0.26666666666666666,0.3007851801491498,0.046511627906976744,0.4,0.6,0.43636363636363634,0.4678591564801391,0.13953488372093023,0.6
7034,5,0.6,0.7333333333333334,0.6992148198508501,0.6,0.6,0.8,0.6499999999999999,0.6992148198508501,0.8,0.4
11282,27,0.4,0.5333333333333333,0.5087403079104241,0.07407407407407407,0.4,0.3,0.36363636363636365,0.39639187290150923,0.1111111111111111,0.3
17125,8,0.4,0.4000000000000001,0.3600546145772339,0.25,0.4,0.25,0.3076923076923077,0.2685255697426522,0.25,0.2
13673,1,1.0,0.0,0.0,1.0,0.2,1.0,0.0,0.0,1.0,0.1
20413,6,0.6,0.5333333333333333,0.5147714448836773,0.5,0.6,0.6666666666666666,0.6222222222222222,0.5670738205908158,0.6666666666666666,0.4
11729,16,0.2,0.3333333333333333,0.33916020527361607,0.0625,0.2,0.2,0.21818181818181817,0.28634598975246917,0.125,0.2
8276,8,0.2,0.26666666666666666,0.2139862647345275,0.125,0.2,0.375,0.3461538461538461,0.33400332003314975,0.375,0.3
16363,8,0.4,0.6,0.5531464700081437,0.25,0.4,0.25,0.36538461538461536,0.4125317798925535,0.25,0.2
1345,18,0.6,0.6666666666666666,0.6843515475204854,0.16666666666666666,0.6,0.3,0.45454545454545453,0.44409732781325567,0.16666666666666666,0.3
9348,21,1.0,1.0,1.0,0.23809523809523808,1.0,0.8,0.8363636363636363,0.8482378089219647,0.38095238095238093,0.8
4213,8,0.6,0.46666666666666673,0.4912596920895757,0.375,0.6,0.625,0.5,0.4506913986336984,0.625,0.5
12605,3,0.6666666666666666,0.75,0.7653606369886217,0.6666666666666666,0.4,1.0,0.7037037037037036,0.7653606369886217,1.0,0.3
6840,6,0.6,0.7333333333333334,0.6992148198508501,0.5,0.6,0.6666666666666666,0.5777777777777777,0.6238470455881188,0.6666666666666666,0.4
6429,7,0.0,0.0,0.0,0.0,0.0,0.0,0.0,0.0,0.0,0.0
14274,14,0.2,0.13333333333333333,0.14606834984270645,0.07142857142857142,0.2,0.1,0.12727272727272726,0.09478836436955078,0.07142857142857142,0.1
10155,2,0.0,0.0,0.0,0.0,0.0,0.0,0.0,0.0,0.0,0.0
2877,8,0.4,0.6,0.5531464700081437,0.25,0.4,0.375,0.4615384615384615,0.5026317885449212,0.375,0.3
4066,16,0.2,0.19999999999999998,0.16958010263680803,0.0625,0.2,0.3,0.23636363636363641,0.2470305934473518,0.1875,0.3
15419,14,0.4,0.6,0.5531464700081437,0.14285714285714285,0.4,0.2,0.34545454545454546,0.3589542101716347,0.14285714285714285,0.2
7357,4,0.25,0.2142857142857143,0.19519002499605081,0.25,0.2,0.25,0.23529411764705882,0.19519002499605081,0.25,0.1111111111111111
14536,3,0.3333333333333333,0.33333333333333337,0.29608191096586517,0.3333333333333333,0.2,0.3333333333333333,0.3333333333333333,0.29608191096586517,0.3333333333333333,0.1
18860,7,0.4,0.4666666666666666,0.38356636737133554,0.2857142857142857,0.4,0.2857142857142857,0.3469387755102041,0.3108658234453848,0.2857142857142857,0.2
1710,8,0.6,0.6666666666666666,0.6548086577531306,0.375,0.6,0.625,0.6346153846153846,0.6582450939840574,0.625,0.5
16300,17,1.0,1.0,1.0,0.29411764705882354,1.0,0.7,0.890909090909091,0.800693766409882,0.4117647058823529,0.7
18877,19,0.0,0.0,0.0,0.0,0.0,0.0,0.0,0.0,0.0,0.0
16901,12,0.0,0.0,0.0,0.0,0.0,0.1,0.05454545454545456,0.06943122193677725,0.08333333333333333,0.1
12424,12,0.8,0.7333333333333334,0.7860137352654724,0.3333333333333333,0.8,0.8,0.8181818181818182,0.7975167679274936,0.6666666666666666,0.8
14655,5,0.0,0.0,0.0,0.0,0.0,0.2,0.0,0.0,0.2,0.1
16678,9,0.4,0.3333333333333333,0.31564845247951445,0.2222222222222222,0.4,0.3333333333333333,0.3518518518518518,0.29709989939103804,0.3333333333333333,0.3
3863,25,0.4,0.26666666666666666,0.3007851801491498,0.08,0.4,0.3,0.3090909090909091,0.2646202227274383,0.12,0.3
8427,5,0.4,0.4666666666666666,0.48522855511632257,0.4,0.4,0.6,0.425,0.48522855511632257,0.6,0.3
15856,10,0.2,0.3333333333333333,0.33916020527361607,0.1,0.2,0.3,0.34545454545454546,0.37185395737611554,0.3,0.3
12426,4,0.25,0.35714285714285715,0.39038004999210163,0.25,0.2,0.25,0.2941176470588235,0.39038004999210163,0.25,0.1
17866,23,0.2,0.3333333333333333,0.33916020527361607,0.043478260869565216,0.2,0.1,0.18181818181818182,0.22009176629808014,0.043478260869565216,0.1
15610,1,0.0,0.0,0.0,0.0,0.0,0.0,0.0,0.0,0.0,0.0
11432,9,0.6,0.5333333333333333,0.6164336326286642,0.3333333333333333,0.6,0.6666666666666666,0.6296296296296295,0.6600313794375335,0.6666666666666666,0.6
19258,17,0.0,0.0,0.0,0.0,0.0,0.1,0.018181818181818177,0.0636207881989517,0.058823529411764705,0.1
5709,7,0.4,0.39999999999999997,0.4703652827859578,0.2857142857142857,0.4,0.42857142857142855,0.4081632653061224,0.4728384582492843,0.42857142857142855,0.3
4478,7,0.4,0.5333333333333333,0.5087403079104241,0.2857142857142857,0.4,0.2857142857142857,0.36734693877551017,0.4123144993714362,0.2857142857142857,0.2
9957,4,0.25,0.35714285714285715,0.39038004999210163,0.25,0.2,0.5,0.2941176470588235,0.39038004999210163,0.5,0.2
10456,11,0.4,0.6,0.5531464700081437,0.18181818181818182,0.4,0.3,0.41818181818181815,0.43231813227099475,0.2727272727272727,0.3
6289,6,0.4,0.6,0.5531464700081437,0.3333333333333333,0.4,0.3333333333333333,0.4222222222222222,0.4935232796777481,0.3333333333333333,0.2
3030,16,0.2,0.3333333333333333,0.33916020527361607,0.0625,0.2,0.2,0.2545454545454545,0.29345568839744024,0.125,0.2
6814,2,1.0,1.0,1.0,1.0,0.4,1.0,1.0,1.0,1.0,0.2222222222222222
11801,18,0.4,0.6,0.5531464700081437,0.1111111111111111,0.4,0.4,0.43636363636363634,0.4959389204699464,0.2222222222222222,0.4
13237,8,0.2,0.06666666666666665,0.13120507751234176,0.125,0.2,0.25,0.1923076923076923,0.1821658288910461,0.25,0.2
176,27,0.4,0.5333333333333333,0.5087403079104241,0.07407407407407407,0.4,0.4,0.47272727272727266,0.4779671403625727,0.14814814814814814,0.4
4822,14,0.2,0.3333333333333333,0.33916020527361607,0.07142857142857142,0.2,0.3,0.2727272727272727,0.3557772116892464,0.21428571428571427,0.3
4088,7,0.0,0.0,0.0,0.0,0.0,0.0,0.0,0.0,0.0,0.0
1348,12,0.4,0.3333333333333333,0.31564845247951445,0.16666666666666666,0.4,0.3,0.34545454545454546,0.2781981696179509,0.25,0.3
766,24,0.2,0.3333333333333333,0.33916020527361607,0.041666666666666664,0.2,0.3,0.32727272727272727,0.36792125721353275,0.125,0.3
136,6,0.6,0.39999999999999997,0.4468535299918562,0.5,0.6,0.8333333333333334,0.4666666666666667,0.39868756579774084,0.8333333333333334,0.5
9864,3,0.6666666666666666,0.75,0.7653606369886217,0.6666666666666666,0.4,1.0,0.7037037037037036,0.7653606369886217,1.0,0.3
11340,8,0.4,0.19999999999999998,0.2772734273550482,0.25,0.4,0.5,0.423076923076923,0.38120233016116967,0.5,0.4
698,8,0.0,0.0,0.0,0.0,0.0,0.0,0.0,0.0,0.0,0.0
3162,2,0.0,0.0,0.0,0.0,0.0,0.0,0.0,0.0,0.0,0.0
2582,6,0.0,0.0,0.0,0.0,0.0,0.3333333333333333,0.1111111111111111,0.10778915452451095,0.3333333333333333,0.2
18478,1,1.0,1.0,1.0,1.0,0.2,1.0,1.0,1.0,1.0,0.1
10458,28,0.0,0.0,0.0,0.0,0.0,0.2,0.10909090909090909,0.14201905717762703,0.07142857142857142,0.2
3432,10,0.2,0.06666666666666665,0.13120507751234176,0.1,0.2,0.1,0.10909090909090909,0.08514311764162097,0.1,0.1
11163,10,0.4,0.39999999999999997,0.4703652827859578,0.2,0.4,0.5,0.43636363636363634,0.5135081645717171,0.5,0.5
14670,17,0.2,0.13333333333333333,0.14606834984270645,0.058823529411764705,0.2,0.1,0.12727272727272726,0.09478836436955078,0.058823529411764705,0.1
10758,9,0.6,0.5333333333333333,0.5147714448836773,0.3333333333333333,0.6,0.5555555555555556,0.5740740740740742,0.5146215651806386,0.5555555555555556,0.5
3881,30,1.0,1.0,1.0,0.16666666666666666,1.0,0.8,0.890909090909091,0.8579809428223729,0.26666666666666666,0.8
7569,7,0.0,0.0,0.0,0.0,0.0,0.0,0.0,0.0,0.0,0.0
13125,12,0.4,0.19999999999999998,0.2772734273550482,0.16666666666666666,0.4,0.6,0.49090909090909096,0.4673791184803734,0.5,0.6
5184,33,0.6,0.46666666666666673,0.4912596920895757,0.09090909090909091,0.6,0.7,0.5818181818181819,0.5914640815742043,0.21212121212121213,0.7
10322,4,0.0,0.0,0.0,0.0,0.0,0.0,0.0,0.0,0.0,0.0
16818,34,0.8,0.9333333333333332,0.8687949224876582,0.11764705882352941,0.8,0.7,0.781818181818182,0.772837825180752,0.20588235294117646,0.7
484,8,0.8,0.8666666666666666,0.8539316501572936,0.5,0.8,0.75,0.7307692307692308,0.7269547345639102,0.75,0.6666666666666666
18861,1,1.0,0.0,0.0,1.0,0.3333333333333333,1.0,0.0,0.0,1.0,0.3333333333333333
16337,11,0.4,0.5333333333333333,0.5087403079104241,0.18181818181818182,0.4,0.2,0.32727272727272727,0.3301376494471202,0.18181818181818182,0.2
8122,5,0.0,0.0,0.0,0.0,0.0,0.2,0.0,0.0,0.2,0.1
7582,1,1.0,0.0,0.0,1.0,0.2,1.0,0.0,0.0,1.0,0.1
7436,3,0.6666666666666666,0.75,0.7653606369886217,0.6666666666666666,0.4,0.6666666666666666,0.7037037037037036,0.7653606369886217,0.6666666666666666,0.2
14171,2,0.0,0.0,0.0,0.0,0.0,0.0,0.0,0.0,0.0,0.0
8934,1,0.0,0.0,0.0,0.0,0.0,0.0,0.0,0.0,0.0,0.0
20574,24,0.4,0.19999999999999998,0.2772734273550482,0.08333333333333333,0.4,0.3,0.309090909090909,0.2532954041105318,0.125,0.3
10584,5,0.2,0.26666666666666666,0.2139862647345275,0.2,0.2,0.2,0.225,0.2139862647345275,0.2,0.1
4487,8,0.2,0.13333333333333333,0.14606834984270645,0.125,0.2,0.25,0.23076923076923075,0.19903650127012357,0.25,0.2
19440,1,1.0,1.0,1.0,1.0,1.0,1.0,1.0,1.0,1.0,1.0
5097,5,0.4,0.4666666666666666,0.38356636737133554,0.4,0.4,0.6,0.42500000000000004,0.38356636737133554,0.6,0.3
17840,8,0.0,0.0,0.0,0.0,0.0,0.0,0.0,0.0,0.0,0.0
20055,7,0.4,0.19999999999999998,0.2772734273550482,0.2857142857142857,0.4,0.8571428571428571,0.4489795918367346,0.41425784364032414,0.8571428571428571,0.6
7674,11,0.4,0.3333333333333333,0.31564845247951445,0.18181818181818182,0.4,0.2,0.2727272727272727,0.20483424751859083,0.18181818181818182,0.2
7363,13,0.2,0.26666666666666666,0.2139862647345275,0.07692307692307693,0.2,0.1,0.16363636363636364,0.1388624438735545,0.07692307692307693,0.1
10452,5,0.4,0.26666666666666666,0.3007851801491498,0.4,0.4,0.6,0.35,0.3007851801491498,0.6,0.3
19668,7,0.0,0.0,0.0,0.0,0.0,0.14285714285714285,0.1020408163265306,0.0979129253499678,0.14285714285714285,0.1
19441,6,0.4,0.4666666666666666,0.38356636737133554,0.3333333333333333,0.4,0.5,0.3777777777777778,0.34222207292834134,0.5,0.3
12818,5,0.6,0.7333333333333334,0.6992148198508501,0.6,0.6,0.8,0.6499999999999999,0.6992148198508501,0.8,0.4
5331,4,0.75,0.8571428571428572,0.8318724637288825,0.75,0.6,1.0,0.7941176470588235,0.8318724637288825,1.0,0.4
5919,8,1.0,1.0,1.0,0.625,1.0,0.875,0.8653846153846153,0.8358912271816661,0.875,0.7
8081,7,0.0,0.0,0.0,0.0,0.0,0.0,0.0,0.0,0.0,0.0
89,25,0.6,0.7999999999999999,0.7227265726449518,0.12,0.6,0.6,0.6545454545454545,0.6804503724350791,0.24,0.6
12272,2,0.0,0.0,0.0,0.0,0.0,1.0,0.0,0.0,1.0,0.2
3313,3,0.0,0.0,0.0,0.0,0.0,0.0,0.0,0.0,0.0,0.0
11730,6,0.4,0.4666666666666666,0.38356636737133554,0.3333333333333333,0.4,0.5,0.3777777777777778,0.34222207292834134,0.5,0.3
1311,22,0.8,0.8000000000000002,0.8304198973631919,0.18181818181818182,0.8,0.8,0.818181818181818,0.8236998933965708,0.36363636363636365,0.8
12133,14,0.0,0.0,0.0,0.0,0.0,0.0,0.0,0.0,0.0,0.0
3307,23,0.0,0.0,0.0,0.0,0.0,0.0,0.0,0.0,0.0,0.0
20166,15,0.0,0.0,0.0,0.0,0.0,0.2,0.10909090909090909,0.13961814555374907,0.13333333333333333,0.2
4715,12,0.4,0.6,0.5531464700081437,0.16666666666666666,0.4,0.2,0.34545454545454546,0.3589542101716347,0.16666666666666666,0.2
19437,1,1.0,1.0,1.0,1.0,0.2,1.0,1.0,1.0,1.0,0.1
4392,5,0.25,0.3333333333333333,0.39038004999210163,0.2,0.25,0.25,0.25,0.39038004999210163,0.2,0.25
4877,5,0.2,0.3333333333333333,0.33916020527361607,0.2,0.2,0.4,0.25,0.33916020527361607,0.4,0.2
9675,13,0.0,0.0,0.0,0.0,0.0,0.0,0.0,0.0,0.0,0.0
15720,23,0.6,0.5333333333333333,0.6164336326286642,0.13043478260869565,0.6,0.6,0.618181818181818,0.6180396628416763,0.2608695652173913,0.6
3249,11,0.8,0.8000000000000002,0.8304198973631919,0.36363636363636365,0.8,0.4,0.5818181818181818,0.5388856921828065,0.36363636363636365,0.4
6098,7,0.4,0.5333333333333333,0.5087403079104241,0.2857142857142857,0.4,0.2857142857142857,0.36734693877551017,0.4123144993714362,0.2857142857142857,0.2
14410,9,0.2,0.3333333333333333,0.33916020527361607,0.1111111111111111,0.2,0.3333333333333333,0.31481481481481477,0.38952622413475946,0.3333333333333333,0.3
4866,19,0.2,0.06666666666666665,0.13120507751234176,0.05263157894736842,0.2,0.2,0.16363636363636364,0.15457433957839825,0.10526315789473684,0.2
4089,14,0.6,0.7999999999999999,0.7227265726449518,0.21428571428571427,0.6,0.3,0.49090909090909096,0.46900009332067477,0.21428571428571427,0.3
4073,21,0.2,0.3333333333333333,0.33916020527361607,0.047619047619047616,0.2,0.1,0.18181818181818182,0.22009176629808014,0.047619047619047616,0.1
17104,2,0.0,0.0,0.0,0.0,0.0,0.5,0.0,0.0,0.5,0.1
1175,1,0.0,0.0,0.0,0.0,0.0,0.0,0.0,0.0,0.0,0.0
7207,12,0.6,0.6,0.6399453854227659,0.25,0.6,0.5,0.5454545454545454,0.5548989126424904,0.4166666666666667,0.5
19898,3,0.3333333333333333,0.0,0.0,0.3333333333333333,0.2,0.6666666666666666,0.0,0.0,0.6666666666666666,0.2
16383,6,0.0,0.0,0.0,0.0,0.0,0.16666666666666666,0.0,0.0,0.16666666666666666,0.1
18387,1,1.0,0.0,0.0,1.0,0.2,1.0,0.0,0.0,1.0,0.1
1367,9,0.2,0.19999999999999998,0.16958010263680803,0.1111111111111111,0.2,0.1111111111111111,0.14814814814814814,0.11752277470724269,0.1111111111111111,0.1
19732,20,0.2,0.26666666666666666,0.2139862647345275,0.05,0.2,0.2,0.2,0.2051166673279435,0.1,0.2
6184,1,1.0,0.0,0.0,1.0,0.2,1.0,0.0,0.0,1.0,0.1
7704,12,0.6,0.6666666666666666,0.6548086577531306,0.25,0.6,0.4,0.4727272727272727,0.48854680201562267,0.3333333333333333,0.4
20308,16,0.0,0.0,0.0,0.0,0.0,0.1,0.036363636363636355,0.06625422345438903,0.0625,0.1
7018,2,0.5,0.4444444444444445,0.3868528072345415,0.5,0.2,0.5,0.4736842105263158,0.3868528072345415,0.5,0.1
14683,34,0.8,0.7333333333333334,0.7860137352654724,0.11764705882352941,0.8,0.8,0.8181818181818182,0.7975167679274936,0.23529411764705882,0.8
1048,5,0.2,0.26666666666666666,0.2139862647345275,0.2,0.2,0.2,0.225,0.2139862647345275,0.2,0.1
1819,19,0.4,0.4666666666666666,0.38356636737133554,0.10526315789473684,0.4,0.5,0.5272727272727273,0.4701017400374072,0.2631578947368421,0.5
9040,6,0.0,0.0,0.0,0.0,0.0,0.16666666666666666,0.0,0.0,0.16666666666666666,0.1
12808,8,0.4,0.39999999999999997,0.4703652827859578,0.25,0.4,0.375,0.3076923076923077,0.35079429740281753,0.375,0.3
15188,1,0.0,0.0,0.0,0.0,0.0,0.0,0.0,0.0,0.0,0.0
4224,14,0.4,0.4666666666666666,0.48522855511632257,0.14285714285714285,0.4,0.3,0.36363636363636365,0.3843113526044082,0.21428571428571427,0.3
7746,10,0.0,0.0,0.0,0.0,0.0,0.3,0.18181818181818182,0.2140837143698416,0.3,0.3
19472,15,0.4,0.39999999999999997,0.4703652827859578,0.13333333333333333,0.4,0.2,0.29090909090909095,0.3052348839397011,0.13333333333333333,0.2
20316,10,0.0,0.0,0.0,0.0,0.0,0.3,0.2,0.21801641453242443,0.3,0.3
6470,10,0.6,0.6,0.529634717214042,0.3,0.6,0.5,0.5636363636363637,0.4883491838252097,0.5,0.5
19233,15,0.4,0.19999999999999998,0.2772734273550482,0.13333333333333333,0.4,0.4,0.3818181818181818,0.3277609729266243,0.26666666666666666,0.4
8185,2,0.0,0.0,0.0,0.0,0.0,0.0,0.0,0.0,0.0,0.0
18000,7,0.0,0.0,0.0,0.0,0.0,0.0,0.0,0.0,0.0,0.0
16352,21,0.4,0.6,0.5531464700081437,0.09523809523809523,0.4,0.5,0.5454545454545454,0.5769706247040591,0.23809523809523808,0.5
19365,1,0.0,0.0,0.0,0.0,0.0,0.0,0.0,0.0,0.0,0.0
12919,7,0.4,0.19999999999999998,0.2772734273550482,0.2857142857142857,0.4,0.5714285714285714,0.26530612244897955,0.22471947398559272,0.5714285714285714,0.4
3251,7,0.0,0.0,0.0,0.0,0.0,0.14285714285714285,0.0,0.0,0.14285714285714285,0.1
15712,20,0.6,0.6666666666666666,0.6843515475204854,0.15,0.6,0.3,0.45454545454545453,0.44409732781325567,0.15,0.3
17501,10,0.6,0.6,0.6399453854227659,0.3,0.6,0.5,0.6,0.5670429581667765,0.5,0.5
4831,10,0.0,0.0,0.0,0.0,0.0,0.2,0.07272727272727274,0.13305201013572895,0.2,0.2
9077,3,1.0,1.0,1.0,1.0,0.6,1.0,1.0,1.0,1.0,0.3
5833,7,0.0,0.0,0.0,0.0,0.0,0.2857142857142857,0.18367346938775508,0.18953836965473142,0.2857142857142857,0.2
9384,5,0.2,0.3333333333333333,0.33916020527361607,0.2,0.2,0.2,0.25,0.33916020527361607,0.2,0.1
16852,23,0.2,0.06666666666666665,0.13120507751234176,0.043478260869565216,0.2,0.2,0.12727272727272726,0.14876390584057267,0.08695652173913043,0.2
2622,13,0.6,0.46666666666666673,0.4912596920895757,0.23076923076923078,0.6,0.5,0.5272727272727273,0.46158906992086357,0.38461538461538464,0.5
19832,4,0.0,0.0,0.0,0.0,0.0,0.25,0.0,0.0,0.25,0.1
5775,5,0.4,0.5333333333333333,0.5087403079104241,0.4,0.4,0.6,0.45,0.5087403079104241,0.6,0.375
4645,1,0.0,0.0,0.0,0.0,0.0,0.0,0.0,0.0,0.0,0.0
12879,10,0.6,0.5333333333333333,0.5147714448836773,0.3,0.6,0.4,0.5090909090909091,0.4124497136428909,0.4,0.4
14642,4,0.0,0.0,0.0,0.0,0.0,0.25,0.0,0.0,0.25,0.1
16501,7,0.6,0.6,0.6399453854227659,0.42857142857142855,0.6,0.5,0.48979591836734687,0.5709662133861837,0.42857142857142855,0.5
15842,19,0.0,0.0,0.0,0.0,0.0,0.1,0.09090909090909091,0.07839826897867533,0.05263157894736842,0.1
4846,16,0.6,0.5333333333333333,0.6164336326286642,0.1875,0.6,0.6,0.6,0.6141069626790935,0.375,0.6
14384,6,0.0,0.0,0.0,0.0,0.0,0.0,0.0,0.0,0.0,0.0
17155,4,0.25,0.35714285714285715,0.39038004999210163,0.25,0.2,0.25,0.2941176470588235,0.39038004999210163,0.25,0.1
9431,25,0.6,0.7333333333333334,0.6992148198508501,0.12,0.6,0.5,0.5818181818181817,0.5933607200949346,0.2,0.5
2618,14,0.4,0.4000000000000001,0.3600546145772339,0.14285714285714285,0.4,0.2,0.29090909090909095,0.23365080824310527,0.14285714285714285,0.2
5426,3,0.3333333333333333,0.0,0.0,0.3333333333333333,0.2,0.3333333333333333,0.0,0.0,0.3333333333333333,0.1
258,29,0.4,0.26666666666666666,0.3007851801491498,0.06896551724137931,0.4,0.6,0.49090909090909085,0.4800032020044253,0.20689655172413793,0.6
14008,15,0.6,0.7999999999999999,0.7227265726449518,0.2,0.6,0.5,0.5454545454545455,0.5988751049740155,0.3333333333333333,0.5
7015,14,0.4,0.3333333333333333,0.31564845247951445,0.14285714285714285,0.4,0.4,0.34545454545454546,0.33788625765431973,0.2857142857142857,0.4
15811,18,0.2,0.19999999999999998,0.16958010263680803,0.05555555555555555,0.2,0.4,0.29090909090909095,0.31646181538412904,0.2222222222222222,0.4
20458,33,1.0,1.0,1.0,0.15151515151515152,1.0,0.7,0.8545454545454546,0.793584067764911,0.21212121212121213,0.7
5268,3,0.3333333333333333,0.4166666666666667,0.46927872602275644,0.3333333333333333,0.2,0.6666666666666666,0.37037037037037035,0.46927872602275644,0.6666666666666666,0.2
5125,11,0.6,0.6666666666666666,0.6548086577531306,0.2727272727272727,0.6,0.4,0.509090909090909,0.4943572357534482,0.36363636363636365,0.4
3511,2,0.5,0.0,0.0,0.5,0.2,0.5,0.0,0.0,0.5,0.1
13153,6,0.2,0.13333333333333333,0.14606834984270645,0.16666666666666666,0.2,0.16666666666666666,0.15555555555555556,0.13032376591037065,0.16666666666666666,0.1
1022,3,0.0,0.0,0.0,0.0,0.0,1.0,0.0,0.0,1.0,0.3
2451,5,0.2,0.13333333333333333,0.14606834984270645,0.2,0.2,0.2,0.175,0.14606834984270645,0.2,0.1
8298,10,0.2,0.26666666666666666,0.2139862647345275,0.1,0.2,0.4,0.3272727272727272,0.35031272298795874,0.4,0.4
19168,2,0.0,0.0,0.0,0.0,0.0,0.0,0.0,0.0,0.0,0.0
13542,11,0.2,0.3333333333333333,0.33916020527361607,0.09090909090909091,0.2,0.2,0.2,0.2837125544970318,0.18181818181818182,0.2
5679,2,0.0,0.0,0.0,0.0,0.0,0.0,0.0,0.0,0.0,0.0
18769,12,0.6,0.7333333333333334,0.6992148198508501,0.25,0.6,0.4,0.509090909090909,0.5199967979955745,0.3333333333333333,0.4
11915,15,0.4,0.3333333333333333,0.31564845247951445,0.13333333333333333,0.4,0.2,0.2727272727272727,0.20483424751859083,0.13333333333333333,0.2
10897,3,0.3333333333333333,0.0,0.0,0.3333333333333333,0.2,1.0,0.0,0.0,1.0,0.3
5295,6,0.2,0.3333333333333333,0.33916020527361607,0.16666666666666666,0.2,0.3333333333333333,0.2222222222222222,0.30260241349881345,0.3333333333333333,0.2
8619,6,0.2,0.13333333333333333,0.14606834984270645,0.16666666666666666,0.2,0.3333333333333333,0.15555555555555556,0.13032376591037065,0.3333333333333333,0.2
1932,16,0.4,0.3333333333333333,0.34519134224686926,0.125,0.4,0.2,0.2727272727272727,0.22400556151517548,0.125,0.2
2562,2,0.0,0.0,0.0,0.0,0.0,0.0,0.0,0.0,0.0,0.0
20517,2,0.5,0.0,0.0,0.5,0.2,0.5,0.0,0.0,0.5,0.1
19583,11,0.6,0.6,0.6399453854227659,0.2727272727272727,0.6,0.3,0.43636363636363634,0.4152807670887412,0.2727272727272727,0.3
12051,5,0.4,0.39999999999999997,0.4703652827859578,0.4,0.4,0.4,0.4,0.4703652827859578,0.4,0.2
2852,10,0.0,0.0,0.0,0.0,0.0,0.0,0.0,0.0,0.0,0.0
18952,5,0.0,0.0,0.0,0.0,0.0,0.0,0.0,0.0,0.0,0.0
2068,30,0.0,0.0,0.0,0.0,0.0,0.0,0.0,0.0,0.0,0.0
17118,8,0.0,0.0,0.0,0.0,0.0,0.125,0.057692307692307696,0.07979453856244816,0.125,0.1
10055,7,0.0,0.0,0.0,0.0,0.0,0.0,0.0,0.0,0.0,0.0
11750,6,0.0,0.0,0.0,0.0,0.0,0.0,0.0,0.0,0.0,0.0
13834,18,0.2,0.13333333333333333,0.14606834984270645,0.05555555555555555,0.2,0.1,0.12727272727272726,0.09478836436955078,0.05555555555555555,0.1
13111,2,1.0,0.4444444444444445,0.3868528072345415,1.0,0.4,1.0,0.4736842105263158,0.3868528072345415,1.0,0.2
9802,11,0.2,0.26666666666666666,0.2139862647345275,0.09090909090909091,0.2,0.2,0.23636363636363636,0.21222636597291453,0.18181818181818182,0.2
19765,6,0.2,0.06666666666666665,0.13120507751234176,0.16666666666666666,0.2,0.3333333333333333,0.24444444444444446,0.22485174766247445,0.3333333333333333,0.2
5620,14,0.0,0.0,0.0,0.0,0.0,0.2,0.054545454545454536,0.12987501165334073,0.14285714285714285,0.2
11095,2,0.0,0.0,0.0,0.0,0.0,0.0,0.0,0.0,0.0,0.0
19334,19,0.2,0.19999999999999998,0.16958010263680803,0.05263157894736842,0.2,0.2,0.16363636363636364,0.1736666713479918,0.10526315789473684,0.2
3105,3,1.0,0.75,0.7653606369886217,1.0,0.6,1.0,0.7037037037037036,0.7653606369886217,1.0,0.3
4341,12,0.6,0.7333333333333334,0.6992148198508501,0.25,0.6,0.6,0.6727272727272726,0.6717589890736099,0.5,0.6
7481,13,0.4,0.4666666666666666,0.48522855511632257,0.15384615384615385,0.4,0.2,0.3090909090909091,0.31488013066763093,0.15384615384615385,0.2
18244,6,0.0,0.0,0.0,0.0,0.0,0.16666666666666666,0.0,0.0,0.16666666666666666,0.1
5003,6,0.6,0.6666666666666666,0.6843515475204854,0.5,0.6,0.8333333333333334,0.5555555555555556,0.6105858728157116,0.8333333333333334,0.5
15438,3,0.3333333333333333,0.33333333333333337,0.29608191096586517,0.3333333333333333,0.2,0.3333333333333333,0.3333333333333333,0.29608191096586517,0.3333333333333333,0.1
14382,22,0.6,0.5333333333333333,0.6164336326286642,0.13636363636363635,0.6,0.4,0.43636363636363634,0.46364403650820357,0.18181818181818182,0.4
1914,3,0.3333333333333333,0.25,0.23463936301137822,0.3333333333333333,0.2,0.3333333333333333,0.2962962962962963,0.23463936301137822,0.3333333333333333,0.1
15235,12,0.0,0.0,0.0,0.0,0.0,0.0,0.0,0.0,0.0,0.0
19279,35,0.6,0.7333333333333334,0.6992148198508501,0.08571428571428572,0.6,0.7,0.7090909090909091,0.7385567757549498,0.2,0.7
19541,1,1.0,1.0,1.0,1.0,0.2,1.0,1.0,1.0,1.0,0.1
3247,21,0.8,0.8000000000000002,0.8304198973631919,0.19047619047619047,0.8,0.5,0.6545454545454544,0.6122496142821665,0.23809523809523808,0.5
15526,8,0.4,0.4666666666666666,0.48522855511632257,0.25,0.4,0.5,0.3846153846153846,0.4416737339478612,0.5,0.4
12354,8,0.2,0.26666666666666666,0.2139862647345275,0.125,0.2,0.25,0.23076923076923078,0.23938361568734448,0.25,0.2
11618,7,0.2,0.06666666666666665,0.13120507751234176,0.14285714285714285,0.2,0.2857142857142857,0.22448979591836735,0.20424960638019765,0.2857142857142857,0.2
17588,14,0.2,0.13333333333333333,0.14606834984270645,0.07142857142857142,0.2,0.4,0.32727272727272727,0.3128047789019752,0.2857142857142857,0.4
7192,2,0.0,0.0,0.0,0.0,0.0,0.0,0.0,0.0,0.0,0.0
11921,3,0.3333333333333333,0.33333333333333337,0.29608191096586517,0.3333333333333333,0.2,0.6666666666666666,0.3333333333333333,0.29608191096586517,0.6666666666666666,0.2
2926,6,0.8,0.8000000000000002,0.8304198973631919,0.6666666666666666,0.8,0.6666666666666666,0.711111111111111,0.7409096387260823,0.6666666666666666,0.4
20035,4,0.0,0.0,0.0,0.0,0.0,0.0,0.0,0.0,0.0,0.0
8528,26,0.8,0.7333333333333334,0.7860137352654724,0.15384615384615385,0.8,0.6,0.6181818181818182,0.6399441431116328,0.23076923076923078,0.6
1965,4,0.25,0.35714285714285715,0.39038004999210163,0.25,0.2,0.25,0.2941176470588235,0.39038004999210163,0.25,0.1
17735,11,0.0,0.0,0.0,0.0,0.0,0.0,0.0,0.0,0.0,0.0
20201,29,0.2,0.3333333333333333,0.33916020527361607,0.034482758620689655,0.2,0.1,0.18181818181818182,0.22009176629808014,0.034482758620689655,0.1
19772,18,0.4,0.5333333333333333,0.5087403079104241,0.1111111111111111,0.4,0.4,0.4,0.46318965958284913,0.2222222222222222,0.4
12221,3,0.6666666666666666,0.25,0.23463936301137822,0.6666666666666666,0.4,1.0,0.2962962962962963,0.23463936301137822,1.0,0.3
17732,1,1.0,1.0,1.0,1.0,0.2,1.0,1.0,1.0,1.0,0.1111111111111111
9386,15,0.0,0.0,0.0,0.0,0.0,0.2,0.14545454545454548,0.14782949091545258,0.13333333333333333,0.2
20033,30,0.6,0.6,0.529634717214042,0.1,0.6,0.3,0.43636363636363645,0.34369669139214537,0.1,0.3
8713,18,0.4,0.4666666666666666,0.48522855511632257,0.1111111111111111,0.4,0.3,0.3272727272727272,0.3785009188665826,0.16666666666666666,0.3
19459,3,1.0,0.25,0.23463936301137822,1.0,0.6,1.0,0.2962962962962963,0.23463936301137822,1.0,0.6
1369,5,0.2,0.3333333333333333,0.33916020527361607,0.2,0.2,0.6,0.25,0.33916020527361607,0.6,0.3
16825,9,0.0,0.0,0.0,0.0,0.0,0.0,0.0,0.0,0.0,0.0
16173,6,0.4,0.5333333333333333,0.5087403079104241,0.3333333333333333,0.4,0.5,0.4,0.4539036202482201,0.5,0.3
11412,6,0.0,0.0,0.0,0.0,0.0,0.0,0.0,0.0,0.0,0.0
1746,17,0.2,0.06666666666666665,0.13120507751234176,0.058823529411764705,0.2,0.3,0.2,0.2221278279399327,0.17647058823529413,0.3
19202,6,0.2,0.19999999999999998,0.16958010263680803,0.16666666666666666,0.2,0.16666666666666666,0.17777777777777778,0.15130120674940672,0.16666666666666666,0.1
10003,7,0.0,0.0,0.0,0.0,0.0,0.2857142857142857,0.08163265306122448,0.09162544430476363,0.2857142857142857,0.2
17857,8,0.6,0.6666666666666666,0.6548086577531306,0.375,0.6,0.625,0.5769230769230769,0.5784505554216093,0.625,0.5
18641,2,1.0,1.0,1.0,1.0,0.4,1.0,1.0,1.0,1.0,0.2
5758,19,0.4,0.5333333333333333,0.5087403079104241,0.10526315789473684,0.4,0.6,0.5818181818181819,0.6175852859163219,0.3157894736842105,0.6
20244,3,0.6666666666666666,0.5833333333333334,0.5307212739772434,0.6666666666666666,0.4,0.6666666666666666,0.6296296296296297,0.5307212739772434,0.6666666666666666,0.2
15093,6,0.0,0.0,0.0,0.0,0.0,0.0,0.0,0.0,0.0,0.0
19411,5,0.0,0.0,0.0,0.0,0.0,0.0,0.0,0.0,0.0,0.0
6974,16,0.8,0.9333333333333332,0.8687949224876582,0.25,0.8,0.4,0.6181818181818183,0.5637884576902256,0.25,0.4
10160,6,0.0,0.0,0.0,0.0,0.0,0.3333333333333333,0.1111111111111111,0.10778915452451095,0.3333333333333333,0.2
14474,18,0.6,0.6,0.529634717214042,0.16666666666666666,0.6,0.5,0.5090909090909091,0.4767487015278743,0.2777777777777778,0.5
9853,3,0.3333333333333333,0.0,0.0,0.3333333333333333,0.2,0.3333333333333333,0.0,0.0,0.3333333333333333,0.1
20110,3,0.3333333333333333,0.33333333333333337,0.29608191096586517,0.3333333333333333,0.2,0.3333333333333333,0.3333333333333333,0.29608191096586517,0.3333333333333333,0.1
11179,2,0.5,0.5555555555555556,0.6131471927654584,0.5,0.2,1.0,0.5263157894736842,0.6131471927654584,1.0,0.2
2607,4,0.75,0.5,0.4414924137367807,0.75,0.6,1.0,0.5,0.4414924137367807,1.0,0.5
16639,6,0.8,0.9333333333333332,0.8687949224876582,0.6666666666666666,0.8,0.8333333333333334,0.7555555555555556,0.7751482523375255,0.8333333333333334,0.5
16863,2,0.0,0.0,0.0,0.0,0.0,0.5,0.0,0.0,0.5,0.1
6396,5,0.0,0.0,0.0,0.0,0.0,0.2,0.0,0.0,0.2,0.1
5370,12,0.4,0.3333333333333333,0.34519134224686926,0.16666666666666666,0.4,0.5,0.38181818181818183,0.42331179510529343,0.4166666666666667,0.5
7248,5,0.8,0.9333333333333332,0.8687949224876582,0.8,0.8,0.8,0.8500000000000001,0.8687949224876582,0.8,0.8
7542,8,0.2,0.26666666666666666,0.2139862647345275,0.125,0.2,0.375,0.23076923076923078,0.23938361568734448,0.375,0.3
11119,18,0.6,0.6,0.6399453854227659,0.16666666666666666,0.6,0.3,0.43636363636363634,0.4152807670887412,0.16666666666666666,0.3
6091,16,0.4,0.3333333333333333,0.34519134224686926,0.125,0.4,0.4,0.43636363636363634,0.3757677525932108,0.25,0.4
19225,3,0.3333333333333333,0.0,0.0,0.3333333333333333,0.2,0.6666666666666666,0.0,0.0,0.6666666666666666,0.2
10586,10,0.4,0.39999999999999997,0.4703652827859578,0.2,0.4,0.3,0.30909090909090914,0.3688556721386528,0.3,0.3
18737,9,0.0,0.0,0.0,0.0,0.0,0.1111111111111111,0.03703703703703703,0.0707557607210806,0.1111111111111111,0.1
1409,1,1.0,0.0,0.0,1.0,0.2,1.0,0.0,0.0,1.0,0.1
16119,18,0.2,0.3333333333333333,0.33916020527361607,0.05555555555555555,0.2,0.3,0.34545454545454546,0.37185395737611554,0.16666666666666666,0.3
18347,9,0.4,0.4000000000000001,0.3600546145772339,0.2222222222222222,0.4,0.2222222222222222,0.2962962962962963,0.24952583878244924,0.2222222222222222,0.2
3360,41,0.6,0.6,0.6399453854227659,0.07317073170731707,0.6,0.3,0.43636363636363634,0.4152807670887412,0.07317073170731707,0.3
6548,2,0.0,0.0,0.0,0.0,0.0,0.0,0.0,0.0,0.0,0.0
14017,2,1.0,0.0,0.0,1.0,0.5,1.0,0.0,0.0,1.0,0.5
20101,21,0.2,0.3333333333333333,0.33916020527361607,0.047619047619047616,0.2,0.1,0.18181818181818182,0.22009176629808014,0.047619047619047616,0.1
19849,21,0.6,0.7999999999999999,0.7227265726449518,0.14285714285714285,0.6,0.3,0.49090909090909096,0.46900009332067477,0.14285714285714285,0.3
2549,23,0.6,0.7333333333333334,0.6992148198508501,0.13043478260869565,0.6,0.6,0.6909090909090909,0.674935987555998,0.2608695652173913,0.6
8790,2,0.5,0.0,0.0,0.5,0.2,0.5,0.0,0.0,0.5,0.1
15329,8,0.2,0.06666666666666665,0.13120507751234176,0.125,0.2,0.125,0.11538461538461538,0.09785159463516041,0.125,0.1
11003,13,0.2,0.3333333333333333,0.33916020527361607,0.07692307692307693,0.2,0.2,0.2545454545454545,0.29345568839744024,0.15384615384615385,0.2
8522,3,0.3333333333333333,0.0,0.0,0.3333333333333333,0.2,0.6666666666666666,0.0,0.0,0.6666666666666666,0.2
6189,25,0.2,0.3333333333333333,0.33916020527361607,0.04,0.2,0.2,0.2727272727272727,0.2984900352767555,0.08,0.2
16677,7,0.6,0.7333333333333334,0.6992148198508501,0.42857142857142855,0.6,0.5714285714285714,0.5306122448979591,0.5666867828578932,0.5714285714285714,0.4
19805,2,0.0,0.0,0.0,0.0,0.0,0.0,0.0,0.0,0.0,0.0
1329,2,0.5,0.0,0.0,0.5,0.2,1.0,0.0,0.0,1.0,0.2857142857142857
17806,6,0.0,0.0,0.0,0.0,0.0,0.16666666666666666,0.0,0.0,0.16666666666666666,0.1
9134,12,0.4,0.4000000000000001,0.3600546145772339,0.16666666666666666,0.4,0.3,0.30909090909090914,0.2972715964420569,0.25,0.3
4109,8,0.2,0.06666666666666665,0.13120507751234176,0.125,0.2,0.125,0.11538461538461538,0.09785159463516041,0.125,0.1
5233,4,0.0,0.0,0.0,0.0,0.0,0.0,0.0,0.0,0.0,0.0
7697,3,0.0,0.0,0.0,0.0,0.0,0.0,0.0,0.0,0.0,0.0
2701,12,0.0,0.0,0.0,0.0,0.0,0.1,0.036363636363636355,0.06625422345438903,0.08333333333333333,0.1
2135,27,1.0,1.0,1.0,0.18518518518518517,1.0,0.8,0.8545454545454546,0.8521705090845475,0.2962962962962963,0.8
15210,26,0.2,0.19999999999999998,0.16958010263680803,0.038461538461538464,0.2,0.3,0.2545454545454545,0.2520649403266671,0.11538461538461539,0.3
2514,11,0.8,0.7333333333333334,0.7860137352654724,0.36363636363636365,0.8,0.6,0.7272727272727273,0.6618313225363274,0.5454545454545454,0.6
7512,29,0.2,0.26666666666666666,0.2139862647345275,0.034482758620689655,0.2,0.2,0.2545454545454545,0.21726071285222984,0.06896551724137931,0.2
16561,1,1.0,0.0,0.0,1.0,0.2,1.0,0.0,0.0,1.0,0.1
17698,4,0.0,0.0,0.0,0.0,0.0,0.25,0.0,0.0,0.25,0.1
9503,4,0.25,0.0,0.0,0.25,0.2,0.25,0.0,0.0,0.25,0.1
10414,3,0.0,0.0,0.0,0.0,0.0,0.0,0.0,0.0,0.0,0.0
10500,3,0.0,0.0,0.0,0.0,0.0,0.3333333333333333,0.0,0.0,0.3333333333333333,0.1
19097,2,1.0,1.0,1.0,1.0,0.4,1.0,1.0,1.0,1.0,0.2
4043,24,0.4,0.39999999999999997,0.4703652827859578,0.08333333333333333,0.4,0.4,0.4,0.4472539411173281,0.16666666666666666,0.4
15716,5,0.0,0.0,0.0,0.0,0.0,0.0,0.0,0.0,0.0,0.0
17072,1,1.0,0.0,0.0,1.0,0.2,1.0,0.0,0.0,1.0,0.1
13575,17,0.4,0.4666666666666666,0.38356636737133554,0.11764705882352941,0.4,0.6,0.5090909090909091,0.5266128295913879,0.35294117647058826,0.6
14369,3,0.6666666666666666,0.75,0.7653606369886217,0.6666666666666666,0.4,1.0,0.7037037037037036,0.7653606369886217,1.0,0.3
7799,4,0.0,0.0,0.0,0.0,0.0,0.0,0.0,0.0,0.0,0.0
18602,6,0.2,0.3333333333333333,0.33916020527361607,0.16666666666666666,0.2,0.16666666666666666,0.2222222222222222,0.30260241349881345,0.16666666666666666,0.1
13361,3,0.3333333333333333,0.4166666666666667,0.46927872602275644,0.3333333333333333,0.2,0.6666666666666666,0.37037037037037035,0.46927872602275644,0.6666666666666666,0.2
7251,40,0.2,0.3333333333333333,0.33916020527361607,0.025,0.2,0.2,0.2545454545454545,0.29345568839744024,0.05,0.2
16035,5,0.4,0.39999999999999997,0.4703652827859578,0.4,0.4,0.8,0.4,0.4703652827859578,0.8,0.4444444444444444
7959,3,0.0,0.0,0.0,0.0,0.0,0.0,0.0,0.0,0.0,0.0
7851,12,0.0,0.0,0.0,0.0,0.0,0.0,0.0,0.0,0.0,0.0
1923,18,0.6,0.7999999999999999,0.7227265726449518,0.16666666666666666,0.6,0.6,0.6727272727272727,0.6830838076905164,0.3333333333333333,0.6
12125,7,0.4,0.4666666666666666,0.48522855511632257,0.2857142857142857,0.4,0.42857142857142855,0.346938775510204,0.3932591258696538,0.42857142857142855,0.3
8816,5,0.2,0.3333333333333333,0.33916020527361607,0.2,0.2,0.2,0.25,0.33916020527361607,0.2,0.1
3096,16,0.4,0.39999999999999997,0.4703652827859578,0.125,0.4,0.2,0.29090909090909095,0.3052348839397011,0.125,0.2
18465,16,0.2,0.19999999999999998,0.16958010263680803,0.0625,0.2,0.2,0.23636363636363636,0.1884441521277154,0.125,0.2
16425,5,0.2,0.3333333333333333,0.33916020527361607,0.2,0.2,0.2,0.25,0.33916020527361607,0.2,0.1
3892,10,0.4,0.4666666666666666,0.48522855511632257,0.2,0.4,0.3,0.3272727272727272,0.3785009188665826,0.3,0.3
912,10,0.6,0.5333333333333333,0.5147714448836773,0.3,0.6,0.5,0.5636363636363637,0.4818809355796681,0.5,0.5
3544,5,0.0,0.0,0.0,0.0,0.0,0.0,0.0,0.0,0.0,0.0
11160,5,0.4,0.4666666666666666,0.38356636737133554,0.4,0.4,0.4,0.42500000000000004,0.38356636737133554,0.4,0.2
8880,5,0.0,0.0,0.0,0.0,0.0,0.0,0.0,0.0,0.0,0.0
940,7,0.2,0.26666666666666666,0.2139862647345275,0.14285714285714285,0.2,0.14285714285714285,0.18367346938775508,0.17342765698823942,0.14285714285714285,0.1
16431,4,0.0,0.0,0.0,0.0,0.0,0.0,0.0,0.0,0.0,0.0
12265,18,0.2,0.3333333333333333,0.33916020527361607,0.05555555555555555,0.2,0.3,0.2727272727272727,0.3557772116892464,0.16666666666666666,0.3
1447,11,0.4,0.6,0.5531464700081437,0.18181818181818182,0.4,0.4,0.4181818181818182,0.49200622030736363,0.36363636363636365,0.4
10879,4,1.0,0.6428571428571428,0.6096199500078983,1.0,0.8,1.0,0.7058823529411765,0.6096199500078983,1.0,0.4
10485,1,0.0,0.0,0.0,0.0,0.0,1.0,0.0,0.0,1.0,0.1
12375,3,0.3333333333333333,0.0,0.0,0.3333333333333333,0.2,0.3333333333333333,0.0,0.0,0.3333333333333333,0.1111111111111111
11953,8,0.0,0.0,0.0,0.0,0.0,0.0,0.0,0.0,0.0,0.0
18154,27,0.6,0.5333333333333333,0.5147714448836773,0.1111111111111111,0.6,0.6,0.5818181818181819,0.5431008121547419,0.2222222222222222,0.6
11613,12,0.0,0.0,0.0,0.0,0.0,0.1,0.018181818181818177,0.0636207881989517,0.08333333333333333,0.1
9714,9,0.0,0.0,0.0,0.0,0.0,0.1111111111111111,0.05555555555555556,0.07414861528507453,0.1111111111111111,0.1
6022,11,0.6,0.7333333333333334,0.6992148198508501,0.2727272727272727,0.6,0.8,0.7454545454545454,0.8048109992093389,0.7272727272727273,0.8
887,6,0.0,0.0,0.0,0.0,0.0,0.0,0.0,0.0,0.0,0.0
5885,21,0.4,0.3333333333333333,0.31564845247951445,0.09523809523809523,0.4,0.5,0.38181818181818183,0.4041404811087088,0.23809523809523808,0.5
7424,12,0.2,0.3333333333333333,0.33916020527361607,0.08333333333333333,0.2,0.1,0.18181818181818182,0.22009176629808014,0.08333333333333333,0.1
16668,13,0.4,0.3333333333333333,0.34519134224686926,0.15384615384615385,0.4,0.2,0.2727272727272727,0.22400556151517548,0.15384615384615385,0.2
2905,8,0.4,0.4666666666666666,0.48522855511632257,0.25,0.4,0.375,0.3846153846153846,0.4416737339478612,0.375,0.3
2939,1,1.0,1.0,1.0,1.0,0.2,1.0,1.0,1.0,1.0,0.1
12746,12,0.2,0.3333333333333333,0.33916020527361607,0.08333333333333333,0.2,0.2,0.23636363636363636,0.2895229882348574,0.16666666666666666,0.2
6971,1,1.0,1.0,1.0,1.0,0.3333333333333333,1.0,1.0,1.0,1.0,0.3333333333333333
3304,13,0.0,0.0,0.0,0.0,0.0,0.0,0.0,0.0,0.0,0.0
1734,14,0.4,0.39999999999999997,0.4703652827859578,0.14285714285714285,0.4,0.6,0.5272727272727272,0.5900490851534653,0.42857142857142855,0.6
10133,12,0.2,0.13333333333333333,0.14606834984270645,0.08333333333333333,0.2,0.1,0.12727272727272726,0.09478836436955078,0.08333333333333333,0.1
9530,17,0.2,0.3333333333333333,0.33916020527361607,0.058823529411764705,0.2,0.1,0.18181818181818182,0.22009176629808014,0.058823529411764705,0.1
12151,1,0.0,0.0,0.0,0.0,0.0,0.0,0.0,0.0,0.0,0.0
4909,2,0.0,0.0,0.0,0.0,0.0,0.0,0.0,0.0,0.0,0.0
14275,10,0.0,0.0,0.0,0.0,0.0,0.1,0.036363636363636355,0.06625422345438903,0.1,0.1
12646,24,0.2,0.3333333333333333,0.33916020527361607,0.041666666666666664,0.2,0.2,0.23636363636363636,0.2895229882348574,0.08333333333333333,0.2
14457,11,0.0,0.0,0.0,0.0,0.0,0.1,0.09090909090909091,0.07839826897867533,0.09090909090909091,0.1
7439,10,0.6,0.6,0.529634717214042,0.3,0.6,0.5,0.5272727272727273,0.47938213678331165,0.5,0.5
2031,9,0.2,0.3333333333333333,0.33916020527361607,0.1111111111111111,0.2,0.1111111111111111,0.18518518518518517,0.23504554941448538,0.1111111111111111,0.1
15132,21,0.0,0.0,0.0,0.0,0.0,0.1,0.09090909090909091,0.07839826897867533,0.047619047619047616,0.1
842,13,0.0,0.0,0.0,0.0,0.0,0.1,0.09090909090909091,0.07839826897867533,0.07692307692307693,0.1
8270,7,0.2,0.3333333333333333,0.33916020527361607,0.14285714285714285,0.2,0.14285714285714285,0.2040816326530612,0.27487633291429087,0.14285714285714285,0.1
20163,10,0.2,0.3333333333333333,0.33916020527361607,0.1,0.2,0.3,0.2909090909090909,0.35970991185182927,0.3,0.3
7845,9,1.0,1.0,1.0,0.5555555555555556,1.0,0.5555555555555556,0.7407407407407407,0.6930221935231563,0.5555555555555556,0.5
15893,9,0.2,0.19999999999999998,0.16958010263680803,0.1111111111111111,0.2,0.1111111111111111,0.14814814814814814,0.11752277470724269,0.1111111111111111,0.1
3578,7,0.8,0.9333333333333332,0.8687949224876582,0.5714285714285714,0.8,0.5714285714285714,0.6938775510204082,0.7041249493150387,0.5714285714285714,0.4
8910,8,0.2,0.19999999999999998,0.16958010263680803,0.125,0.2,0.375,0.25,0.21657136003619626,0.375,0.3
9439,27,0.4,0.39999999999999997,0.4703652827859578,0.07407407407407407,0.4,0.2,0.29090909090909095,0.3052348839397011,0.07407407407407407,0.2
13255,1,0.0,0.0,0.0,0.0,0.0,0.0,0.0,0.0,0.0,0.0
424,6,0.0,0.0,0.0,0.0,0.0,0.16666666666666666,0.1111111111111111,0.10778915452451095,0.16666666666666666,0.1
2626,4,0.5,0.28571428571428575,0.2463023887407299,0.5,0.4,0.5,0.2647058823529412,0.2463023887407299,0.5,0.2
18771,1,0.0,0.0,0.0,0.0,0.0,0.0,0.0,0.0,0.0,0.0
10523,15,0.6,0.5333333333333333,0.5147714448836773,0.2,0.6,0.5,0.5636363636363637,0.4818809355796681,0.3333333333333333,0.5
15249,5,0.0,0.0,0.0,0.0,0.0,0.0,0.0,0.0,0.0,0.0
61,1,1.0,1.0,1.0,1.0,0.2,1.0,1.0,1.0,1.0,0.2
14121,8,0.4,0.3333333333333333,0.34519134224686926,0.25,0.4,0.5,0.36538461538461536,0.34175490601594244,0.5,0.4
6042,2,0.0,0.0,0.0,0.0,0.0,0.0,0.0,0.0,0.0,0.0
18132,12,0.2,0.19999999999999998,0.16958010263680803,0.08333333333333333,0.2,0.2,0.16363636363636364,0.1736666713479918,0.16666666666666666,0.2
10118,1,0.0,0.0,0.0,0.0,0.0,0.0,0.0,0.0,0.0,0.0
17044,10,0.2,0.13333333333333333,0.14606834984270645,0.1,0.2,0.2,0.2,0.16815228646891084,0.2,0.2
11766,9,0.2,0.26666666666666666,0.2139862647345275,0.1111111111111111,0.2,0.3333333333333333,0.24074074074074073,0.22664574704164417,0.3333333333333333,0.3
8124,1,1.0,0.0,0.0,1.0,0.2,1.0,0.0,0.0,1.0,0.2
4579,14,0.4,0.3333333333333333,0.31564845247951445,0.14285714285714285,0.4,0.4,0.36363636363636365,0.3418189578169026,0.2857142857142857,0.4
2732,15,0.0,0.0,0.0,0.0,0.0,0.2,0.1272727272727273,0.1427951440361373,0.13333333333333333,0.2
13223,1,0.0,0.0,0.0,0.0,0.0,1.0,0.0,0.0,1.0,0.16666666666666666
2653,1,0.0,0.0,0.0,0.0,0.0,0.0,0.0,0.0,0.0,0.0
4991,2,0.5,0.0,0.0,0.5,0.2,0.5,0.0,0.0,0.5,0.16666666666666666
15315,15,0.6,0.7999999999999999,0.7227265726449518,0.2,0.6,0.3,0.49090909090909096,0.46900009332067477,0.2,0.3
7006,8,0.2,0.26666666666666666,0.2139862647345275,0.125,0.2,0.5,0.40384615384615374,0.41379785859559787,0.5,0.4
14138,10,0.6,0.6,0.6399453854227659,0.3,0.6,0.8,0.7090909090909091,0.7663491917568946,0.8,0.8
20482,4,0.25,0.28571428571428575,0.2463023887407299,0.25,0.2,0.5,0.2647058823529412,0.2463023887407299,0.5,0.2
20462,12,0.0,0.0,0.0,0.0,0.0,0.1,0.09090909090909091,0.07839826897867533,0.08333333333333333,0.1
17577,4,0.0,0.0,0.0,0.0,0.0,0.25,0.0,0.0,0.25,0.1
3416,8,0.0,0.0,0.0,0.0,0.0,0.0,0.0,0.0,0.0,0.0
17602,28,0.8,0.9333333333333332,0.8687949224876582,0.14285714285714285,0.8,0.7,0.8363636363636364,0.7849818707050382,0.25,0.7
12925,10,0.2,0.13333333333333333,0.14606834984270645,0.1,0.2,0.1,0.12727272727272726,0.09478836436955078,0.1,0.1
15683,13,0.0,0.0,0.0,0.0,0.0,0.0,0.0,0.0,0.0,0.0
13520,9,0.0,0.0,0.0,0.0,0.0,0.0,0.0,0.0,0.0,0.0
15685,10,1.0,1.0,1.0,0.5,1.0,0.9,0.9818181818181819,0.9363792118010482,0.9,0.9
8719,5,0.2,0.13333333333333333,0.14606834984270645,0.2,0.2,0.4,0.175,0.14606834984270645,0.4,0.2
13025,15,0.8,0.9333333333333332,0.8687949224876582,0.26666666666666666,0.8,0.9,0.890909090909091,0.914856882358379,0.6,0.9
16820,16,0.0,0.0,0.0,0.0,0.0,0.0,0.0,0.0,0.0,0.0
2077,29,1.0,1.0,1.0,0.1724137931034483,1.0,0.8,0.9272727272727274,0.866947989864271,0.27586206896551724,0.8
1320,5,0.6,0.46666666666666673,0.4912596920895757,0.6,0.6,0.6,0.55,0.4912596920895757,0.6,0.6
14485,2,0.0,0.0,0.0,0.0,0.0,0.0,0.0,0.0,0.0,0.0
13911,7,0.0,0.0,0.0,0.0,0.0,0.14285714285714285,0.0,0.0,0.14285714285714285,0.1
9927,7,0.2,0.26666666666666666,0.2139862647345275,0.14285714285714285,0.2,0.14285714285714285,0.18367346938775508,0.17342765698823942,0.14285714285714285,0.1
11808,19,0.0,0.0,0.0,0.0,0.0,0.0,0.0,0.0,0.0,0.0
7348,8,0.0,0.0,0.0,0.0,0.0,0.125,0.09615384615384615,0.0901000086523677,0.125,0.1
19080,6,0.2,0.13333333333333333,0.14606834984270645,0.16666666666666666,0.2,0.3333333333333333,0.15555555555555556,0.13032376591037065,0.3333333333333333,0.2
16647,4,0.0,0.0,0.0,0.0,0.0,0.0,0.0,0.0,0.0,0.0
12839,4,0.0,0.0,0.0,0.0,0.0,0.0,0.0,0.0,0.0,0.0
13740,13,0.6,0.5333333333333333,0.5147714448836773,0.23076923076923078,0.6,0.3,0.4181818181818182,0.3340514446642156,0.23076923076923078,0.3
6477,18,0.4,0.4000000000000001,0.3600546145772339,0.1111111111111111,0.4,0.3,0.30909090909090914,0.2972715964420569,0.16666666666666666,0.3
2050,23,0.8,0.9333333333333332,0.8687949224876582,0.17391304347826086,0.8,0.7,0.8181818181818183,0.78180487222265,0.30434782608695654,0.7
1360,4,0.0,0.0,0.0,0.0,0.0,0.25,0.0,0.0,0.25,0.1
4184,15,0.4,0.6,0.5531464700081437,0.13333333333333333,0.4,0.3,0.4,0.4283854321084119,0.2,0.3
18049,3,0.6666666666666666,0.33333333333333337,0.29608191096586517,0.6666666666666666,0.4,1.0,0.3333333333333333,0.29608191096586517,1.0,0.3
15047,32,0.6,0.6666666666666666,0.6843515475204854,0.09375,0.6,0.3,0.45454545454545453,0.44409732781325567,0.09375,0.3
12174,8,0.4,0.3333333333333333,0.31564845247951445,0.25,0.4,0.25,0.28846153846153844,0.23540784400158446,0.25,0.2
9103,1,1.0,1.0,1.0,1.0,0.5,1.0,1.0,1.0,1.0,0.5
19885,7,0.0,0.0,0.0,0.0,0.0,0.0,0.0,0.0,0.0,0.0
1242,4,0.25,0.35714285714285715,0.39038004999210163,0.25,0.2,0.25,0.2941176470588235,0.39038004999210163,0.25,0.1
5950,24,0.6,0.7333333333333334,0.6992148198508501,0.125,0.6,0.5,0.5272727272727272,0.5836175861945262,0.20833333333333334,0.5
18224,6,1.0,1.0,1.0,0.8333333333333334,1.0,1.0,1.0,1.0,1.0,0.6
16824,13,0.0,0.0,0.0,0.0,0.0,0.1,0.036363636363636355,0.06625422345438903,0.07692307692307693,0.1
9930,6,0.0,0.0,0.0,0.0,0.0,0.3333333333333333,0.0,0.0,0.3333333333333333,0.2
9934,6,0.0,0.0,0.0,0.0,0.0,0.0,0.0,0.0,0.0,0.0
19252,10,0.4,0.3333333333333333,0.34519134224686926,0.2,0.4,0.3,0.36363636363636365,0.30240383049385083,0.3,0.3
8584,27,0.2,0.3333333333333333,0.33916020527361607,0.037037037037037035,0.2,0.1,0.18181818181818182,0.22009176629808014,0.037037037037037035,0.1
10573,3,0.3333333333333333,0.4166666666666667,0.46927872602275644,0.3333333333333333,0.2,0.3333333333333333,0.37037037037037035,0.46927872602275644,0.3333333333333333,0.1
18424,9,0.4,0.5333333333333333,0.5087403079104241,0.2222222222222222,0.4,0.2222222222222222,0.3333333333333333,0.352568324121728,0.2222222222222222,0.2
3191,29,0.8,0.7333333333333334,0.7860137352654724,0.13793103448275862,0.8,0.5,0.5818181818181819,0.5736899196572437,0.1724137931034483,0.5
17627,26,0.6,0.6666666666666666,0.6548086577531306,0.11538461538461539,0.6,0.8,0.7272727272727273,0.7759944384848244,0.3076923076923077,0.8
10225,16,0.0,0.0,0.0,0.0,0.0,0.1,0.05454545454545456,0.06943122193677725,0.0625,0.1
14796,10,0.4,0.3333333333333333,0.31564845247951445,0.2,0.4,0.3,0.32727272727272727,0.27426546945536806,0.3,0.3
11217,5,0.0,0.0,0.0,0.0,0.0,0.0,0.0,0.0,0.0,0.0
6078,10,0.0,0.0,0.0,0.0,0.0,0.1,0.018181818181818177,0.0636207881989517,0.1,0.1
1631,10,0.6,0.6666666666666666,0.6843515475204854,0.3,0.6,0.5,0.5272727272727272,0.5771493379489846,0.5,0.5
7514,4,0.5,0.42857142857142866,0.41442992501184733,0.5,0.4,0.5,0.47058823529411764,0.41442992501184733,0.5,0.2
5975,6,0.2,0.26666666666666666,0.2139862647345275,0.16666666666666666,0.2,0.16666666666666666,0.2,0.1909208661789346,0.16666666666666666,0.1
5465,6,0.0,0.0,0.0,0.0,0.0,0.0,0.0,0.0,0.0,0.0
16991,7,0.2,0.19999999999999998,0.16958010263680803,0.14285714285714285,0.2,0.14285714285714285,0.16326530612244897,0.13743816645714543,0.14285714285714285,0.1
20392,15,0.4,0.39999999999999997,0.4703652827859578,0.13333333333333333,0.4,0.2,0.29090909090909095,0.3052348839397011,0.13333333333333333,0.2
12046,24,0.6,0.6666666666666666,0.6843515475204854,0.125,0.6,0.4,0.4727272727272727,0.5077181160122074,0.16666666666666666,0.4
12353,4,0.25,0.35714285714285715,0.39038004999210163,0.25,0.2,0.25,0.2941176470588235,0.39038004999210163,0.25,0.1
13843,6,0.0,0.0,0.0,0.0,0.0,0.16666666666666666,0.0,0.0,0.16666666666666666,0.1111111111111111
15091,1,1.0,0.0,0.0,1.0,0.2,1.0,0.0,0.0,1.0,0.1
4870,14,0.8,0.8000000000000002,0.8304198973631919,0.2857142857142857,0.8,0.4,0.5818181818181818,0.5388856921828065,0.2857142857142857,0.4
981,17,0.2,0.13333333333333333,0.14606834984270645,0.058823529411764705,0.2,0.2,0.14545454545454545,0.15840915256850246,0.11764705882352941,0.2
19505,8,0.8,0.8666666666666666,0.8539316501572936,0.5,0.8,0.875,0.8076923076923077,0.8112689688197959,0.875,0.7
9193,5,0.2,0.06666666666666665,0.13120507751234176,0.2,0.2,0.6,0.15,0.13120507751234176,0.6,0.3
9316,33,0.4,0.19999999999999998,0.2772734273550482,0.06060606060606061,0.4,0.5,0.4363636363636363,0.39794789654359614,0.15151515151515152,0.5
5537,15,0.2,0.19999999999999998,0.16958010263680803,0.06666666666666667,0.2,0.1,0.14545454545454548,0.11004588314904007,0.06666666666666667,0.1
3434,2,1.0,0.4444444444444445,0.3868528072345415,1.0,0.4,1.0,0.4736842105263158,0.3868528072345415,1.0,0.25
11207,8,0.2,0.13333333333333333,0.14606834984270645,0.125,0.2,0.25,0.23076923076923075,0.19903650127012357,0.25,0.2
5903,9,0.0,0.0,0.0,0.0,0.0,0.1111111111111111,0.07407407407407407,0.07834851647149513,0.1111111111111111,0.1
9992,21,0.4,0.3333333333333333,0.31564845247951445,0.09523809523809523,0.4,0.4,0.36363636363636365,0.3418189578169026,0.19047619047619047,0.4
8574,23,0.4,0.39999999999999997,0.4703652827859578,0.08695652173913043,0.4,0.3,0.36363636363636365,0.37859880603906115,0.13043478260869565,0.3
7963,5,0.0,0.0,0.0,0.0,0.0,0.0,0.0,0.0,0.0,0.0
2654,3,0.3333333333333333,0.4166666666666667,0.46927872602275644,0.3333333333333333,0.2,0.3333333333333333,0.37037037037037035,0.46927872602275644,0.3333333333333333,0.1
5320,1,0.0,0.0,0.0,0.0,0.0,0.0,0.0,0.0,0.0,0.0
20586,11,0.0,0.0,0.0,0.0,0.0,0.3,0.14545454545454548,0.206415932235089,0.2727272727272727,0.3
14304,14,0.8,0.9333333333333332,0.8687949224876582,0.2857142857142857,0.8,0.8,0.8,0.8364586133797037,0.5714285714285714,0.8
11604,8,0.0,0.0,0.0,0.0,0.0,0.0,0.0,0.0,0.0,0.0
4624,19,0.2,0.26666666666666666,0.2139862647345275,0.05263157894736842,0.2,0.4,0.32727272727272727,0.34791181136408084,0.21052631578947367,0.4
20068,14,0.2,0.06666666666666665,0.13120507751234176,0.07142857142857142,0.2,0.2,0.18181818181818182,0.15850703974098102,0.14285714285714285,0.2
5010,36,0.8,0.8666666666666666,0.8539316501572936,0.1111111111111111,0.8,0.6,0.7272727272727273,0.6969383549984332,0.16666666666666666,0.6
7631,5,0.6,0.46666666666666673,0.4912596920895757,0.6,0.6,1.0,0.55,0.4912596920895757,1.0,0.5
4297,4,0.75,0.8571428571428572,0.8318724637288825,0.75,0.6,0.75,0.7941176470588235,0.8318724637288825,0.75,0.5
17183,31,0.8,0.9333333333333332,0.8687949224876582,0.12903225806451613,0.8,0.5,0.6545454545454547,0.6300426811446146,0.16129032258064516,0.5
12880,12,0.0,0.0,0.0,0.0,0.0,0.3,0.16363636363636364,0.21145027911440428,0.25,0.3
3688,22,0.0,0.0,0.0,0.0,0.0,0.1,0.05454545454545456,0.06943122193677725,0.045454545454545456,0.1
14800,12,0.0,0.0,0.0,0.0,0.0,0.0,0.0,0.0,0.0,0.0
1545,1,0.0,0.0,0.0,0.0,0.0,0.0,0.0,0.0,0.0,0.0
9112,12,0.2,0.19999999999999998,0.16958010263680803,0.08333333333333333,0.2,0.1,0.14545454545454548,0.11004588314904007,0.08333333333333333,0.1
111,3,0.6666666666666666,0.33333333333333337,0.29608191096586517,0.6666666666666666,0.4,0.6666666666666666,0.3333333333333333,0.29608191096586517,0.6666666666666666,0.25
2473,15,0.6,0.6666666666666666,0.6843515475204854,0.2,0.6,0.5,0.6181818181818182,0.5958595188912911,0.3333333333333333,0.5
4940,15,0.0,0.0,0.0,0.0,0.0,0.0,0.0,0.0,0.0,0.0
15063,16,0.2,0.19999999999999998,0.16958010263680803,0.0625,0.2,0.3,0.27272727272727276,0.25284102718517737,0.1875,0.3
15058,14,0.6,0.6666666666666666,0.6843515475204854,0.21428571428571427,0.6,0.4,0.509090909090909,0.5135285497500329,0.2857142857142857,0.4
9229,6,0.4,0.4666666666666666,0.48522855511632257,0.3333333333333333,0.4,0.6666666666666666,0.37777777777777777,0.4329261794091841,0.6666666666666666,0.4
7061,6,0.6,0.5333333333333333,0.6164336326286642,0.5,0.6,0.6666666666666666,0.5111111111111111,0.5499887725471476,0.6666666666666666,0.4
2844,9,0.8,0.9333333333333332,0.8687949224876582,0.4444444444444444,0.8,0.7777777777777778,0.8518518518518519,0.8383162086599405,0.7777777777777778,0.7
6555,18,1.0,1.0,1.0,0.2777777777777778,1.0,0.8,0.9090909090909091,0.8643145546088338,0.4444444444444444,0.8
6881,12,0.2,0.3333333333333333,0.33916020527361607,0.08333333333333333,0.2,0.4,0.29090909090909095,0.4193979998881981,0.3333333333333333,0.4
13455,8,0.2,0.3333333333333333,0.33916020527361607,0.125,0.2,0.125,0.1923076923076923,0.2529427027676571,0.125,0.1
10096,6,0.8,0.7333333333333334,0.7860137352654724,0.6666666666666666,0.8,1.0,0.8,0.8090791338210652,1.0,0.75
392,15,0.2,0.3333333333333333,0.33916020527361607,0.06666666666666667,0.2,0.1,0.18181818181818182,0.22009176629808014,0.06666666666666667,0.1
12802,3,0.6666666666666666,0.4166666666666667,0.46927872602275644,0.6666666666666666,0.4,0.6666666666666666,0.37037037037037035,0.46927872602275644,0.6666666666666666,0.2
20323,16,0.4,0.4000000000000001,0.3600546145772339,0.125,0.4,0.2,0.29090909090909095,0.23365080824310527,0.125,0.2
1492,22,0.0,0.0,0.0,0.0,0.0,0.0,0.0,0.0,0.0,0.0
18492,1,1.0,1.0,1.0,1.0,0.2,1.0,1.0,1.0,1.0,0.2
791,10,0.4,0.3333333333333333,0.34519134224686926,0.2,0.4,0.5,0.43636363636363645,0.4330549290057018,0.5,0.5
2919,10,0.4,0.3333333333333333,0.31564845247951445,0.2,0.4,0.3,0.34545454545454546,0.2781981696179509,0.3,0.3
1050,19,0.6,0.6,0.6399453854227659,0.15789473684210525,0.6,0.5,0.6,0.5670429581667765,0.2631578947368421,0.5
653,11,0.4,0.19999999999999998,0.2772734273550482,0.18181818181818182,0.4,0.2,0.23636363636363633,0.17993148201117173,0.18181818181818182,0.2
20102,12,0.2,0.13333333333333333,0.14606834984270645,0.08333333333333333,0.2,0.1,0.12727272727272726,0.09478836436955078,0.08333333333333333,0.1
7977,1,0.0,0.0,0.0,0.0,0.0,0.0,0.0,0.0,0.0,0.0
2845,5,0.6,0.5333333333333333,0.5147714448836773,0.6,0.6,0.6,0.5750000000000001,0.5147714448836773,0.6,0.3
1477,17,0.4,0.4666666666666666,0.48522855511632257,0.11764705882352941,0.4,0.2,0.3090909090909091,0.31488013066763093,0.11764705882352941,0.2
13373,8,0.0,0.0,0.0,0.0,0.0,0.0,0.0,0.0,0.0,0.0
16687,5,0.2,0.3333333333333333,0.33916020527361607,0.2,0.2,0.2,0.25,0.33916020527361607,0.2,0.1
2496,6,0.2,0.19999999999999998,0.16958010263680803,0.16666666666666666,0.2,0.5,0.2888888888888889,0.25909036127391766,0.5,0.3
12575,7,0.0,0.0,0.0,0.0,0.0,0.2857142857142857,0.08163265306122448,0.09162544430476363,0.2857142857142857,0.2
10594,9,1.0,1.0,1.0,0.5555555555555556,1.0,0.5555555555555556,0.7407407407407407,0.6930221935231563,0.5555555555555556,0.5
2414,9,0.4,0.3333333333333333,0.34519134224686926,0.2222222222222222,0.4,0.4444444444444444,0.37037037037037035,0.32295017518832136,0.4444444444444444,0.4
3930,21,0.0,0.0,0.0,0.0,0.0,0.0,0.0,0.0,0.0,0.0
20394,9,0.2,0.26666666666666666,0.2139862647345275,0.1111111111111111,0.2,0.1111111111111111,0.16666666666666666,0.14829723057014907,0.1111111111111111,0.1
17934,6,0.0,0.0,0.0,0.0,0.0,0.0,0.0,0.0,0.0,0.0
4165,8,0.2,0.13333333333333333,0.14606834984270645,0.125,0.2,0.375,0.1346153846153846,0.1089364926177559,0.375,0.3
18340,12,0.4,0.3333333333333333,0.34519134224686926,0.16666666666666666,0.4,0.3,0.3090909090909091,0.2902597849695645,0.25,0.3
18664,12,0.6,0.46666666666666673,0.4912596920895757,0.25,0.6,0.4,0.49090909090909096,0.39719219486340157,0.3333333333333333,0.4
10487,2,0.5,0.0,0.0,0.5,0.2,1.0,0.0,0.0,1.0,0.2
13719,11,0.2,0.3333333333333333,0.33916020527361607,0.09090909090909091,0.2,0.2,0.2545454545454545,0.29345568839744024,0.18181818181818182,0.2
19368,20,0.2,0.19999999999999998,0.16958010263680803,0.05,0.2,0.2,0.21818181818181823,0.18340980524840012,0.1,0.2
11762,4,0.25,0.0,0.0,0.25,0.2,0.25,0.0,0.0,0.25,0.1
15757,9,0.0,0.0,0.0,0.0,0.0,0.1111111111111111,0.07407407407407407,0.07834851647149513,0.1111111111111111,0.1
6105,8,0.4,0.4000000000000001,0.3600546145772339,0.25,0.4,0.5,0.40384615384615385,0.35862557839501985,0.5,0.4
17117,15,0.0,0.0,0.0,0.0,0.0,0.1,0.036363636363636355,0.06625422345438903,0.06666666666666667,0.1
13929,8,0.0,0.0,0.0,0.0,0.0,0.0,0.0,0.0,0.0,0.0
15453,17,0.2,0.06666666666666665,0.13120507751234176,0.058823529411764705,0.2,0.3,0.2545454545454546,0.23297260855707355,0.17647058823529413,0.3
17833,29,0.6,0.6666666666666666,0.6548086577531306,0.10344827586206896,0.6,0.5,0.5818181818181819,0.5695785062497354,0.1724137931034483,0.5
17122,18,0.2,0.26666666666666666,0.2139862647345275,0.05555555555555555,0.2,0.1,0.16363636363636364,0.1388624438735545,0.05555555555555555,0.1
13846,11,0.2,0.3333333333333333,0.33916020527361607,0.09090909090909091,0.2,0.2,0.23636363636363636,0.2895229882348574,0.18181818181818182,0.2
6148,21,0.2,0.3333333333333333,0.33916020527361607,0.047619047619047616,0.2,0.1,0.18181818181818182,0.22009176629808014,0.047619047619047616,0.1
1004,21,0.4,0.19999999999999998,0.2772734273550482,0.09523809523809523,0.4,0.5,0.34545454545454546,0.3792377156012897,0.23809523809523808,0.5
5948,8,0.0,0.0,0.0,0.0,0.0,0.0,0.0,0.0,0.0,0.0
17952,11,0.2,0.3333333333333333,0.33916020527361607,0.09090909090909091,0.2,0.2,0.23636363636363636,0.2895229882348574,0.18181818181818182,0.2
3364,3,0.0,0.0,0.0,0.0,0.0,0.0,0.0,0.0,0.0,0.0
13669,5,0.2,0.3333333333333333,0.33916020527361607,0.2,0.2,0.4,0.25,0.33916020527361607,0.4,0.2
5928,2,0.0,0.0,0.0,0.0,0.0,0.0,0.0,0.0,0.0,0.0
10735,9,0.2,0.06666666666666665,0.13120507751234176,0.1111111111111111,0.2,0.2222222222222222,0.18518518518518517,0.16927654709047393,0.2222222222222222,0.2
12356,3,0.3333333333333333,0.0,0.0,0.3333333333333333,0.2,0.6666666666666666,0.0,0.0,0.6666666666666666,0.2222222222222222
17340,7,0.4,0.39999999999999997,0.4703652827859578,0.2857142857142857,0.4,0.2857142857142857,0.32653061224489793,0.3812130139445206,0.2857142857142857,0.2
14922,5,0.2,0.26666666666666666,0.2139862647345275,0.2,0.2,0.2,0.225,0.2139862647345275,0.2,0.1
17243,6,0.0,0.0,0.0,0.0,0.0,0.0,0.0,0.0,0.0,0.0
1429,16,0.6,0.39999999999999997,0.4468535299918562,0.1875,0.6,0.4,0.4,0.3535981533591635,0.25,0.4
17990,7,0.2,0.06666666666666665,0.13120507751234176,0.14285714285714285,0.2,0.14285714285714285,0.12244897959183672,0.10633668103022983,0.14285714285714285,0.1
9068,5,0.0,0.0,0.0,0.0,0.0,0.0,0.0,0.0,0.0,0.0
2839,14,0.4,0.6,0.5531464700081437,0.14285714285714285,0.4,0.2,0.34545454545454546,0.3589542101716347,0.14285714285714285,0.2
9847,2,0.0,0.0,0.0,0.0,0.0,1.0,0.0,0.0,1.0,0.2
19220,3,0.6666666666666666,0.4166666666666667,0.46927872602275644,0.6666666666666666,0.4,0.6666666666666666,0.37037037037037035,0.46927872602275644,0.6666666666666666,0.3333333333333333
1297,5,0.0,0.0,0.0,0.0,0.0,0.0,0.0,0.0,0.0,0.0
3212,1,1.0,0.0,0.0,1.0,0.2,1.0,0.0,0.0,1.0,0.1
8995,21,0.0,0.0,0.0,0.0,0.0,0.2,0.09090909090909091,0.13568544539116628,0.09523809523809523,0.2
5553,1,0.0,0.0,0.0,0.0,0.0,0.0,0.0,0.0,0.0,0.0
13949,7,1.0,1.0,1.0,0.7142857142857143,1.0,1.0,1.0,1.0,1.0,0.7
2893,22,0.0,0.0,0.0,0.0,0.0,0.0,0.0,0.0,0.0,0.0
4566,4,0.0,0.0,0.0,0.0,0.0,0.0,0.0,0.0,0.0,0.0
10459,35,0.2,0.26666666666666666,0.2139862647345275,0.02857142857142857,0.2,0.1,0.16363636363636364,0.1388624438735545,0.02857142857142857,0.1
17596,1,0.0,0.0,0.0,0.0,0.0,0.0,0.0,0.0,0.0,0.0
5028,4,0.5,0.6428571428571429,0.6366824387328316,0.5,0.4,0.75,0.5588235294117646,0.6366824387328316,0.75,0.3
10063,2,0.5,0.5555555555555556,0.6131471927654584,0.5,0.2,0.5,0.5263157894736842,0.6131471927654584,0.5,0.1
17299,17,0.2,0.3333333333333333,0.33916020527361607,0.058823529411764705,0.2,0.1,0.18181818181818182,0.22009176629808014,0.058823529411764705,0.1
13618,11,0.4,0.39999999999999997,0.4703652827859578,0.18181818181818182,0.4,0.2,0.29090909090909095,0.3052348839397011,0.18181818181818182,0.2
15031,14,0.8,0.8666666666666666,0.8539316501572936,0.2857142857142857,0.8,0.5,0.6727272727272727,0.6275071330616558,0.35714285714285715,0.5
8774,15,0.6,0.7333333333333334,0.6992148198508501,0.2,0.6,0.6,0.6181818181818182,0.6620158551732016,0.4,0.6
9322,10,0.2,0.26666666666666666,0.2139862647345275,0.1,0.2,0.3,0.2727272727272727,0.2784805894273035,0.3,0.3
6785,10,0.2,0.3333333333333333,0.33916020527361607,0.1,0.2,0.1,0.18181818181818182,0.22009176629808014,0.1,0.1
6331,25,0.6,0.6666666666666666,0.6548086577531306,0.12,0.6,0.3,0.45454545454545453,0.424926013816671,0.12,0.3
7888,8,0.6,0.7333333333333334,0.6992148198508501,0.375,0.6,0.75,0.5769230769230769,0.6057825067661952,0.75,0.6
9163,12,0.4,0.4666666666666666,0.48522855511632257,0.16666666666666666,0.4,0.6,0.5454545454545455,0.5996943318813953,0.5,0.6
7516,13,0.4,0.39999999999999997,0.4703652827859578,0.15384615384615385,0.4,0.3,0.38181818181818183,0.3836331529183764,0.23076923076923078,0.3
1612,9,0.2,0.06666666666666665,0.13120507751234176,0.1111111111111111,0.2,0.1111111111111111,0.1111111111111111,0.09092803061897882,0.1111111111111111,0.1
588,5,0.2,0.19999999999999998,0.16958010263680803,0.2,0.2,0.6,0.2,0.16958010263680803,0.6,0.3
13572,6,0.0,0.0,0.0,0.0,0.0,0.16666666666666666,0.0,0.0,0.16666666666666666,0.1
1091,1,0.0,0.0,0.0,0.0,0.0,0.0,0.0,0.0,0.0,0.0
2663,19,0.0,0.0,0.0,0.0,0.0,0.2,0.054545454545454536,0.12987501165334073,0.10526315789473684,0.2
17572,11,0.8,0.9333333333333332,0.8687949224876582,0.36363636363636365,0.8,0.7,0.7636363636363637,0.7702043899253146,0.6363636363636364,0.7
15596,4,0.0,0.0,0.0,0.0,0.0,0.0,0.0,0.0,0.0,0.0
1451,13,0.4,0.3333333333333333,0.34519134224686926,0.15384615384615385,0.4,0.4,0.4,0.3686580539482398,0.3076923076923077,0.4
16474,7,1.0,1.0,1.0,0.7142857142857143,1.0,1.0,1.0,1.0,1.0,0.7
12139,1,0.0,0.0,0.0,0.0,0.0,0.0,0.0,0.0,0.0,0.0
16602,6,0.4,0.39999999999999997,0.4703652827859578,0.3333333333333333,0.4,0.3333333333333333,0.35555555555555557,0.4196650066367769,0.3333333333333333,0.2
9280,36,0.2,0.19999999999999998,0.16958010263680803,0.027777777777777776,0.2,0.1,0.14545454545454548,0.11004588314904007,0.027777777777777776,0.1
14827,11,0.2,0.3333333333333333,0.33916020527361607,0.09090909090909091,0.2,0.2,0.2545454545454545,0.29345568839744024,0.18181818181818182,0.2
1890,6,0.2,0.3333333333333333,0.33916020527361607,0.16666666666666666,0.2,0.6666666666666666,0.3333333333333333,0.4103915680233244,0.6666666666666666,0.4
14239,5,0.2,0.06666666666666665,0.13120507751234176,0.2,0.2,0.2,0.15,0.13120507751234176,0.2,0.1
14470,30,0.6,0.6666666666666666,0.6548086577531306,0.1,0.6,0.4,0.49090909090909096,0.49118023727106,0.13333333333333333,0.4
12627,1,0.0,0.0,0.0,0.0,0.0,1.0,0.0,0.0,1.0,0.1
4397,6,0.4,0.4666666666666666,0.48522855511632257,0.3333333333333333,0.4,0.3333333333333333,0.37777777777777777,0.4329261794091841,0.3333333333333333,0.2
12724,8,0.2,0.26666666666666666,0.2139862647345275,0.125,0.2,0.25,0.25,0.243903311380782,0.25,0.2
16227,22,1.0,1.0,1.0,0.22727272727272727,1.0,0.9,0.9454545454545454,0.9305687780632228,0.4090909090909091,0.9
14547,2,0.0,0.0,0.0,0.0,0.0,0.0,0.0,0.0,0.0,0.0
229,3,1.0,0.4166666666666667,0.46927872602275644,1.0,0.6,1.0,0.37037037037037035,0.46927872602275644,1.0,0.3
292,10,0.4,0.5333333333333333,0.5087403079104241,0.2,0.4,0.3,0.4,0.40350157154648025,0.3,0.3
13232,7,0.2,0.19999999999999998,0.16958010263680803,0.14285714285714285,0.2,0.14285714285714285,0.16326530612244897,0.13743816645714543,0.14285714285714285,0.1
20450,52,1.0,1.0,1.0,0.09615384615384616,1.0,0.9,0.9636363636363636,0.933745776545611,0.17307692307692307,0.9
3606,6,0.4,0.4666666666666666,0.48522855511632257,0.3333333333333333,0.4,0.3333333333333333,0.37777777777777777,0.4329261794091841,0.3333333333333333,0.2
7106,5,0.2,0.06666666666666665,0.13120507751234176,0.2,0.2,0.4,0.15,0.13120507751234176,0.4,0.2
13296,4,0.25,0.2142857142857143,0.19519002499605081,0.25,0.2,0.25,0.23529411764705882,0.19519002499605081,0.25,0.1
2159,8,0.2,0.26666666666666666,0.2139862647345275,0.125,0.2,0.25,0.23076923076923078,0.23938361568734448,0.25,0.2
15194,4,0.75,0.7142857142857143,0.7536976112592699,0.75,0.6,0.75,0.7352941176470588,0.7536976112592699,0.75,0.375
14257,8,0.8,0.8666666666666666,0.8539316501572936,0.5,0.8,1.0,0.8653846153846153,0.891063507382244,1.0,0.8888888888888888
18368,12,0.0,0.0,0.0,0.0,0.0,0.0,0.0,0.0,0.0,0.0
2866,1,0.0,0.0,0.0,0.0,0.0,0.0,0.0,0.0,0.0,0.0
8411,1,0.0,0.0,0.0,0.0,0.0,1.0,0.0,0.0,1.0,0.1
15900,9,0.4,0.4000000000000001,0.3600546145772339,0.2222222222222222,0.4,0.4444444444444444,0.4259259259259259,0.4040065135027233,0.4444444444444444,0.4
14884,15,0.6,0.7333333333333334,0.6992148198508501,0.2,0.6,0.4,0.5636363636363636,0.5321408435198608,0.26666666666666666,0.4
6281,15,0.4,0.6,0.5531464700081437,0.13333333333333333,0.4,0.2,0.34545454545454546,0.3589542101716347,0.13333333333333333,0.2
15641,18,0.6,0.7999999999999999,0.7227265726449518,0.16666666666666666,0.6,0.4,0.5272727272727273,0.5352543167750639,0.2222222222222222,0.4
6668,16,0.4,0.5333333333333333,0.5087403079104241,0.125,0.4,0.4,0.47272727272727266,0.4779671403625727,0.25,0.4
14128,2,0.5,0.0,0.0,0.5,0.2,1.0,0.0,0.0,1.0,0.2222222222222222
15199,8,0.0,0.0,0.0,0.0,0.0,0.125,0.07692307692307693,0.08431423425588572,0.125,0.1
9395,8,0.6,0.7999999999999999,0.7227265726449518,0.375,0.6,0.375,0.5192307692307693,0.5390031312763821,0.375,0.3
19106,11,0.0,0.0,0.0,0.0,0.0,0.0,0.0,0.0,0.0,0.0
793,13,0.4,0.26666666666666666,0.3007851801491498,0.15384615384615385,0.4,0.5,0.43636363636363645,0.4092727151605027,0.38461538461538464,0.5
4459,37,0.0,0.0,0.0,0.0,0.0,0.0,0.0,0.0,0.0,0.0
6342,14,0.0,0.0,0.0,0.0,0.0,0.0,0.0,0.0,0.0,0.0
10872,10,0.2,0.06666666666666665,0.13120507751234176,0.1,0.2,0.2,0.16363636363636364,0.15457433957839825,0.2,0.2
12036,14,0.0,0.0,0.0,0.0,0.0,0.1,0.09090909090909091,0.07839826897867533,0.07142857142857142,0.1
10363,2,0.0,0.0,0.0,0.0,0.0,0.0,0.0,0.0,0.0,0.0
