dataset,keyset,method_a,method_b,feature,n,rho,p_value
dunnhumby,0,recency,frequency,n_baskets,4504,-0.14281155879838206,5.909903058075428e-22
dunnhumby,0,recency,frequency,avg_basket_size,4504,-0.13449498406514251,1.2470240521221338e-19
dunnhumby,0,recency,frequency,repeat_rate,4504,-0.19902217699957606,1.8356685321769753e-41
dunnhumby,0,recency,frequency,adjacent_basket_jaccard,4504,-0.14374469659954772,3.176327434475302e-22
dunnhumby,0,recency,frequency,recency_frequency_disagreement,4504,-0.13270041848336028,3.791822426228069e-19
dunnhumby,0,recency,frequency,recent_basket_novelty,4504,0.06125590753124932,3.893348518482202e-05
dunnhumby,0,recency,frequency,popularity_profile,4504,-0.007377392929648163,0.6206143976547849
dunnhumby,0,recency,frequency,neighbor_similarity,4504,-0.05137904797704503,0.0005617006381244174
dunnhumby,0,recency,frequency,cooccurrence_support,4467,-0.01200522496017935,0.4224482700122665
dunnhumby,0,recency,frequency,transition_predictability,4503,0.05929378684460978,6.854743215110783e-05
dunnhumby,0,recency,racf,n_baskets,4504,-0.12521127805619137,3.339391369077099e-17
dunnhumby,0,recency,racf,avg_basket_size,4504,-0.13195434205502232,5.993872280985546e-19
dunnhumby,0,recency,racf,repeat_rate,4504,-0.18692661137901526,1.074246430970221e-36
dunnhumby,0,recency,racf,adjacent_basket_jaccard,4504,-0.14413318694617594,2.4498055895418744e-22
dunnhumby,0,recency,racf,recency_frequency_disagreement,4504,-0.12325037599539408,1.0329954092405245e-16
dunnhumby,0,recency,racf,recent_basket_novelty,4504,0.05094300153865365,0.0006258646242032457
dunnhumby,0,recency,racf,popularity_profile,4504,-0.007794998980346175,0.6009745885709457
dunnhumby,0,recency,racf,neighbor_similarity,4504,-0.03573334507094243,0.016474471985486485
dunnhumby,0,recency,racf,cooccurrence_support,4467,-0.004376686660395135,0.7699516829028465
dunnhumby,0,recency,racf,transition_predictability,4503,0.06288050550271507,2.4153690115678922e-05
dunnhumby,0,recency,tifuknn,n_baskets,4504,-0.1252442697944484,3.276041509488381e-17
dunnhumby,0,recency,tifuknn,avg_basket_size,4504,-0.17160306206395112,4.142828547170584e-31
dunnhumby,0,recency,tifuknn,repeat_rate,4504,-0.22803070200467426,3.2591777688977676e-54
dunnhumby,0,recency,tifuknn,adjacent_basket_jaccard,4504,-0.19072796745536374,3.6909000700920207e-38
dunnhumby,0,recency,tifuknn,recency_frequency_disagreement,4504,-0.13059510444519867,1.3711500663464886e-18
dunnhumby,0,recency,tifuknn,recent_basket_novelty,4504,0.07594469913384277,3.3476278563911056e-07
dunnhumby,0,recency,tifuknn,popularity_profile,4504,-0.0469691207969564,0.0016157432758307118
dunnhumby,0,recency,tifuknn,neighbor_similarity,4504,-0.06538230131583016,1.1261890554950069e-05
dunnhumby,0,recency,tifuknn,cooccurrence_support,4467,-0.04312934487715344,0.003937683602994218
dunnhumby,0,recency,tifuknn,transition_predictability,4503,0.02131036497603459,0.15277887484111483
dunnhumby,0,recency,triple2vec,n_baskets,4504,-0.16904906572409262,3.159800142525617e-30
dunnhumby,0,recency,triple2vec,avg_basket_size,4504,-0.09672666275590819,7.771387381665597e-11
dunnhumby,0,recency,triple2vec,repeat_rate,4504,-0.20391684438111085,1.7526809869181783e-43
dunnhumby,0,recency,triple2vec,adjacent_basket_jaccard,4504,-0.12531360943540096,3.146735247611234e-17
dunnhumby,0,recency,triple2vec,recency_frequency_disagreement,4504,-0.12233291269454212,1.7413736632344101e-16
dunnhumby,0,recency,triple2vec,recent_basket_novelty,4504,0.061063894718889185,4.11723829604122e-05
dunnhumby,0,recency,triple2vec,popularity_profile,4504,-0.017934070263732758,0.22884041576540023
dunnhumby,0,recency,triple2vec,neighbor_similarity,4504,-0.06495227286401091,1.2860580498522641e-05
dunnhumby,0,recency,triple2vec,cooccurrence_support,4467,-0.009965293773768284,0.5054962994958176
dunnhumby,0,recency,triple2vec,transition_predictability,4503,0.047192783406317294,0.0015363467359760627
dunnhumby,0,recency,sets2sets,n_baskets,4504,-0.03018464173905632,0.04280104267956359
dunnhumby,0,recency,sets2sets,avg_basket_size,4504,0.03382600080527111,0.023198794005300703
dunnhumby,0,recency,sets2sets,repeat_rate,4504,0.08822283350912917,3.016082416981448e-09
dunnhumby,0,recency,sets2sets,adjacent_basket_jaccard,4504,0.13064206550508478,1.3326968506932783e-18
dunnhumby,0,recency,sets2sets,recency_frequency_disagreement,4504,-0.07466101696231021,5.268976876365224e-07
dunnhumby,0,recency,sets2sets,recent_basket_novelty,4504,-0.13412511312538344,1.5702045823416677e-19
dunnhumby,0,recency,sets2sets,popularity_profile,4504,0.021564876977815842,0.14788984590688575
dunnhumby,0,recency,sets2sets,neighbor_similarity,4504,-0.005467213038082497,0.7137565238297365
dunnhumby,0,recency,sets2sets,cooccurrence_support,4467,0.011884601453281352,0.42712531997980097
dunnhumby,0,recency,sets2sets,transition_predictability,4503,0.08481914114285419,1.1950455034590272e-08
dunnhumby,0,recency,dnntsp,n_baskets,4504,-0.1050955797809795,1.5405552696835084e-12
dunnhumby,0,recency,dnntsp,avg_basket_size,4504,-0.1526112088001705,7.07839126321288e-25
dunnhumby,0,recency,dnntsp,repeat_rate,4504,-0.11236533831438722,3.9413979187937366e-14
dunnhumby,0,recency,dnntsp,adjacent_basket_jaccard,4504,-0.04003198756532685,0.00721073290588321
dunnhumby,0,recency,dnntsp,recency_frequency_disagreement,4504,-0.142093410743599,9.503585458274427e-22
dunnhumby,0,recency,dnntsp,recent_basket_novelty,4504,0.002585920321846936,0.8622599932364289
dunnhumby,0,recency,dnntsp,popularity_profile,4504,-0.00980246218714588,0.5107344304968726
dunnhumby,0,recency,dnntsp,neighbor_similarity,4504,-0.020723521461803594,0.1643597781910629
dunnhumby,0,recency,dnntsp,cooccurrence_support,4467,-0.020407969433218175,0.1726495493345626
dunnhumby,0,recency,dnntsp,transition_predictability,4503,0.05537249311215932,0.00020115753828827597
dunnhumby,0,frequency,racf,n_baskets,4504,0.042268266901858746,0.004551365951037663
dunnhumby,0,frequency,racf,avg_basket_size,4504,-0.02663666458971164,0.07386370513187102
dunnhumby,0,frequency,racf,repeat_rate,4504,0.02011290924831267,0.1771519215645836
dunnhumby,0,frequency,racf,adjacent_basket_jaccard,4504,-0.020288435009413294,0.17340104892150346
dunnhumby,0,frequency,racf,recency_frequency_disagreement,4504,-0.003056644518705294,0.8375091540774359
dunnhumby,0,frequency,racf,recent_basket_novelty,4504,-0.026750059490671576,0.07264274003531214
dunnhumby,0,frequency,racf,popularity_profile,4504,0.012262611318780462,0.4106393695911793
dunnhumby,0,frequency,racf,neighbor_similarity,4504,0.05338425116456675,0.00033801306859251336
dunnhumby,0,frequency,racf,cooccurrence_support,4467,0.035258473939792756,0.0184433437392288
dunnhumby,0,frequency,racf,transition_predictability,4503,0.019744875862432523,0.18526096547612028
dunnhumby,0,frequency,tifuknn,n_baskets,4504,0.04775494898358317,0.0013465842511216272
dunnhumby,0,frequency,tifuknn,avg_basket_size,4504,-0.03877139008269395,0.009260735504713262
dunnhumby,0,frequency,tifuknn,repeat_rate,4504,0.0036604144121283352,0.8059997795103645
dunnhumby,0,frequency,tifuknn,adjacent_basket_jaccard,4504,-0.03333038309012431,0.025295220654054464
dunnhumby,0,frequency,tifuknn,recency_frequency_disagreement,4504,0.009026523947330771,0.5447598890094113
dunnhumby,0,frequency,tifuknn,recent_basket_novelty,4504,0.011847298380726859,0.42667093047536186
dunnhumby,0,frequency,tifuknn,popularity_profile,4504,-0.04598083681520957,0.0020243609666118086
dunnhumby,0,frequency,tifuknn,neighbor_similarity,4504,0.00038049917012031526,0.9796330851233531
dunnhumby,0,frequency,tifuknn,cooccurrence_support,4467,-0.03335998654567483,0.025771889873094186
dunnhumby,0,frequency,tifuknn,transition_predictability,4503,-0.05004600406758915,0.0007808940327127508
dunnhumby,0,frequency,triple2vec,n_baskets,4504,-0.036652316205147216,0.0138956998918999
dunnhumby,0,frequency,triple2vec,avg_basket_size,4504,0.05363186527789278,0.00031708569293229617
dunnhumby,0,frequency,triple2vec,repeat_rate,4504,-0.007866550191043117,0.5976379211505531
dunnhumby,0,frequency,triple2vec,adjacent_basket_jaccard,4504,0.02671312020984643,0.07303865233118192
dunnhumby,0,frequency,triple2vec,recency_frequency_disagreement,4504,0.0236642715393353,0.11230115072735788
dunnhumby,0,frequency,triple2vec,recent_basket_novelty,4504,-0.010079333586673142,0.49886789555155076
dunnhumby,0,frequency,triple2vec,popularity_profile,4504,-0.011950613542349504,0.4226491262624913
dunnhumby,0,frequency,triple2vec,neighbor_similarity,4504,-0.006449632652856423,0.6652101217261857
dunnhumby,0,frequency,triple2vec,cooccurrence_support,4467,0.020846014432296764,0.16361443329063077
dunnhumby,0,frequency,triple2vec,transition_predictability,4503,-0.006267879206481563,0.6741278186529134
dunnhumby,0,frequency,sets2sets,n_baskets,4504,0.1017591625145596,7.640959987207024e-12
dunnhumby,0,frequency,sets2sets,avg_basket_size,4504,0.15914420498587237,6.1854892822197026e-27
dunnhumby,0,frequency,sets2sets,repeat_rate,4504,0.25975567367460856,2.3289509761008532e-70
dunnhumby,0,frequency,sets2sets,adjacent_basket_jaccard,4504,0.239479429824896,9.054707297000723e-60
dunnhumby,0,frequency,sets2sets,recency_frequency_disagreement,4504,0.06350261284676999,1.9999220725520543e-05
dunnhumby,0,frequency,sets2sets,recent_basket_novelty,4504,-0.1672142895294565,1.3335818262905614e-29
dunnhumby,0,frequency,sets2sets,popularity_profile,4504,0.029650467084668137,0.04661487471053911
dunnhumby,0,frequency,sets2sets,neighbor_similarity,4504,0.036787173663384784,0.013548911095320953
dunnhumby,0,frequency,sets2sets,cooccurrence_support,4467,0.02041653733967063,0.1724693222587401
dunnhumby,0,frequency,sets2sets,transition_predictability,4503,0.012320154415863682,0.40849876426392595
dunnhumby,0,frequency,dnntsp,n_baskets,4504,0.006338754293228284,0.6706240420784839
dunnhumby,0,frequency,dnntsp,avg_basket_size,4504,-0.00799990099055325,0.5914419045975169
dunnhumby,0,frequency,dnntsp,repeat_rate,4504,0.07177338524991707,1.4232092038273964e-06
dunnhumby,0,frequency,dnntsp,adjacent_basket_jaccard,4504,0.10400887633926136,2.6098949092097828e-12
dunnhumby,0,frequency,dnntsp,recency_frequency_disagreement,4504,-0.01609936756708944,0.280040486576517
dunnhumby,0,frequency,dnntsp,recent_basket_novelty,4504,-0.05512733751848456,0.0002143410764212215
dunnhumby,0,frequency,dnntsp,popularity_profile,4504,-0.009954180471315728,0.5042136710518139
dunnhumby,0,frequency,dnntsp,neighbor_similarity,4504,0.014580743710942364,0.3279155711393381
dunnhumby,0,frequency,dnntsp,cooccurrence_support,4467,-0.02242016149082908,0.13407238291753434
dunnhumby,0,frequency,dnntsp,transition_predictability,4503,-0.0027213539478328184,0.855139778127426
dunnhumby,0,racf,tifuknn,n_baskets,4504,0.024532134509590155,0.09972514155899992
dunnhumby,0,racf,tifuknn,avg_basket_size,4504,-0.03428019189139875,0.02141173047716753
dunnhumby,0,racf,tifuknn,repeat_rate,4504,-0.008337606448617533,0.575884273662182
dunnhumby,0,racf,tifuknn,adjacent_basket_jaccard,4504,-0.029337349075434137,0.048980552265175996
dunnhumby,0,racf,tifuknn,recency_frequency_disagreement,4504,0.0010738732023039112,0.9425624109040955
dunnhumby,0,racf,tifuknn,recent_basket_novelty,4504,0.02969704380096876,0.04627132755914301
dunnhumby,0,racf,tifuknn,popularity_profile,4504,-0.03853759648891542,0.009693586182627141
dunnhumby,0,racf,tifuknn,neighbor_similarity,4504,-0.020686214143376767,0.1651208430516199
dunnhumby,0,racf,tifuknn,cooccurrence_support,4467,-0.04371666793812529,0.0034733404637488858
dunnhumby,0,racf,tifuknn,transition_predictability,4503,-0.051217709933810605,0.0005855173208725072
dunnhumby,0,racf,triple2vec,n_baskets,4504,-0.0526861227492698,0.00040418149471056904
dunnhumby,0,racf,triple2vec,avg_basket_size,4504,0.06046633408547603,4.894748175599416e-05
dunnhumby,0,racf,triple2vec,repeat_rate,4504,-0.012915276121751581,0.3861811716628015
dunnhumby,0,racf,triple2vec,adjacent_basket_jaccard,4504,0.032118863850608255,0.031121629529454728
dunnhumby,0,racf,triple2vec,recency_frequency_disagreement,4504,0.019091558460008335,0.200182828226853
dunnhumby,0,racf,triple2vec,recent_basket_novelty,4504,0.0021267922588353474,0.8865322504133959
dunnhumby,0,racf,triple2vec,popularity_profile,4504,-0.0057809542414675565,0.6981151490596105
dunnhumby,0,racf,triple2vec,neighbor_similarity,4504,-0.01958869469337689,0.18871341744090958
dunnhumby,0,racf,triple2vec,cooccurrence_support,4467,0.007859834377364493,0.5994594634880985
dunnhumby,0,racf,triple2vec,transition_predictability,4503,-0.018077967750341435,0.22517821742818672
dunnhumby,0,racf,sets2sets,n_baskets,4504,0.09214309669561101,5.815192000425705e-10
dunnhumby,0,racf,sets2sets,avg_basket_size,4504,0.15256351078201386,7.32212582667698e-25
dunnhumby,0,racf,sets2sets,repeat_rate,4504,0.25315658105548616,8.321116092638041e-67
dunnhumby,0,racf,sets2sets,adjacent_basket_jaccard,4504,0.23899806770011656,1.572432981676141e-59
dunnhumby,0,racf,sets2sets,recency_frequency_disagreement,4504,0.05036202700465776,0.000721973065191917
dunnhumby,0,racf,sets2sets,recent_basket_novelty,4504,-0.15929595695914167,5.527096030973502e-27
dunnhumby,0,racf,sets2sets,popularity_profile,4504,0.025902021600477523,0.08218586550760869
dunnhumby,0,racf,sets2sets,neighbor_similarity,4504,0.029508222460746615,0.04767737446952259
dunnhumby,0,racf,sets2sets,cooccurrence_support,4467,0.014266201812802153,0.3404522286288296
dunnhumby,0,racf,sets2sets,transition_predictability,4503,0.007003338627307469,0.6384764083416665
dunnhumby,0,racf,dnntsp,n_baskets,4504,-0.006170653442105206,0.6788646275419625
dunnhumby,0,racf,dnntsp,avg_basket_size,4504,-0.009682197927000487,0.5159344475742872
dunnhumby,0,racf,dnntsp,repeat_rate,4504,0.06601533869435088,9.249259501535793e-06
dunnhumby,0,racf,dnntsp,adjacent_basket_jaccard,4504,0.10742763580427238,4.880247882233989e-13
dunnhumby,0,racf,dnntsp,recency_frequency_disagreement,4504,-0.02518266473406039,0.09105588886382911
dunnhumby,0,racf,dnntsp,recent_basket_novelty,4504,-0.04368767991558168,0.003361938652334328
dunnhumby,0,racf,dnntsp,popularity_profile,4504,-0.004780094789992795,0.7484273048083097
dunnhumby,0,racf,dnntsp,neighbor_similarity,4504,0.0016762868927138353,0.9104526879011678
dunnhumby,0,racf,dnntsp,cooccurrence_support,4467,-0.02617028578365033,0.0803053230538551
dunnhumby,0,racf,dnntsp,transition_predictability,4503,-0.0017688832445488178,0.9055391973035333
dunnhumby,0,tifuknn,triple2vec,n_baskets,4504,-0.07675269286626607,2.506784661938658e-07
dunnhumby,0,tifuknn,triple2vec,avg_basket_size,4504,0.06821886210362071,4.597536178402228e-06
dunnhumby,0,tifuknn,triple2vec,repeat_rate,4504,-0.013797079056194315,0.3545839715688399
dunnhumby,0,tifuknn,triple2vec,adjacent_basket_jaccard,4504,0.048222079572172886,0.0012068432972544131
dunnhumby,0,tifuknn,triple2vec,recency_frequency_disagreement,4504,-0.005202841080588369,0.727030964007316
dunnhumby,0,tifuknn,triple2vec,recent_basket_novelty,4504,-0.004773199175232601,0.7487779728056125
dunnhumby,0,tifuknn,triple2vec,popularity_profile,4504,0.03524676038443898,0.018003137400039917
dunnhumby,0,tifuknn,triple2vec,neighbor_similarity,4504,0.0028138080639979446,0.850259122974135
dunnhumby,0,tifuknn,triple2vec,cooccurrence_support,4467,0.047992679255571866,0.0013339609734683308
dunnhumby,0,tifuknn,triple2vec,transition_predictability,4503,0.03480854825559955,0.01949822919550762
dunnhumby,0,tifuknn,sets2sets,n_baskets,4504,0.08921373356282582,2.0025694953248834e-09
dunnhumby,0,tifuknn,sets2sets,avg_basket_size,4504,0.17650625513568557,7.664535162480985e-33
dunnhumby,0,tifuknn,sets2sets,repeat_rate,4504,0.2760445229074741,1.4074850235600484e-79
dunnhumby,0,tifuknn,sets2sets,adjacent_basket_jaccard,4504,0.2701691189528305,3.531523062275379e-76
dunnhumby,0,tifuknn,sets2sets,recency_frequency_disagreement,4504,0.0528841692594539,0.00038427556487070414
dunnhumby,0,tifuknn,sets2sets,recent_basket_novelty,4504,-0.18009870348279056,3.822448555295597e-34
dunnhumby,0,tifuknn,sets2sets,popularity_profile,4504,0.06303175579721074,2.3037612952807956e-05
dunnhumby,0,tifuknn,sets2sets,neighbor_similarity,4504,0.051970128204583854,0.00048446655994839393
dunnhumby,0,tifuknn,sets2sets,cooccurrence_support,4467,0.05173381193653575,0.0005421648952127226
dunnhumby,0,tifuknn,sets2sets,transition_predictability,4503,0.050083219589409686,0.0007738545308905214
dunnhumby,0,tifuknn,dnntsp,n_baskets,4504,-0.014147143331018755,0.3425062484044813
dunnhumby,0,tifuknn,dnntsp,avg_basket_size,4504,0.014527436788507774,0.32968729599526314
dunnhumby,0,tifuknn,dnntsp,repeat_rate,4504,0.08571563249466946,8.334821446049471e-09
dunnhumby,0,tifuknn,dnntsp,adjacent_basket_jaccard,4504,0.14193081439772243,1.0579137390659273e-21
dunnhumby,0,tifuknn,dnntsp,recency_frequency_disagreement,4504,-0.028682061684846827,0.054258413519208945
dunnhumby,0,tifuknn,dnntsp,recent_basket_novelty,4504,-0.07027089098523452,2.352236271308006e-06
dunnhumby,0,tifuknn,dnntsp,popularity_profile,4504,0.02869557200256884,0.0541449904946031
dunnhumby,0,tifuknn,dnntsp,neighbor_similarity,4504,0.029021308272478084,0.05146964929950022
dunnhumby,0,tifuknn,dnntsp,cooccurrence_support,4467,0.010966104549224177,0.46371501083569944
dunnhumby,0,tifuknn,dnntsp,transition_predictability,4503,0.04048155087006417,0.006590657451201184
dunnhumby,0,triple2vec,sets2sets,n_baskets,4504,0.12262111895086417,1.4785347621690755e-16
dunnhumby,0,triple2vec,sets2sets,avg_basket_size,4504,0.12271978914542825,1.3978635490793738e-16
dunnhumby,0,triple2vec,sets2sets,repeat_rate,4504,0.26436697667029596,6.646286082080164e-73
dunnhumby,0,triple2vec,sets2sets,adjacent_basket_jaccard,4504,0.22652819809049216,1.6595835797472092e-53
dunnhumby,0,triple2vec,sets2sets,recency_frequency_disagreement,4504,0.04835972281299955,0.001168297850537714
dunnhumby,0,triple2vec,sets2sets,recent_basket_novelty,4504,-0.16590019227771743,3.7028984838155376e-29
dunnhumby,0,triple2vec,sets2sets,popularity_profile,4504,0.035018353663678614,0.018762577593388806
dunnhumby,0,triple2vec,sets2sets,neighbor_similarity,4504,0.047938845847836704,0.0012898806222386445
dunnhumby,0,triple2vec,sets2sets,cooccurrence_support,4467,0.01757933154916539,0.24011978109039053
dunnhumby,0,triple2vec,sets2sets,transition_predictability,4503,0.02368850198466623,0.11197365346525938
dunnhumby,0,triple2vec,dnntsp,n_baskets,4504,0.03448844095365907,0.02063324127622938
dunnhumby,0,triple2vec,dnntsp,avg_basket_size,4504,-0.049473444066616315,0.0008957783505287964
dunnhumby,0,triple2vec,dnntsp,repeat_rate,4504,0.07670068893439758,2.5541128269724446e-07
dunnhumby,0,triple2vec,dnntsp,adjacent_basket_jaccard,4504,0.08594309146901921,7.609433255470043e-09
dunnhumby,0,triple2vec,dnntsp,recency_frequency_disagreement,4504,-0.03203002760635316,0.031590894507584254
dunnhumby,0,triple2vec,dnntsp,recent_basket_novelty,4504,-0.05369243117870354,0.0003121547690476143
dunnhumby,0,triple2vec,dnntsp,popularity_profile,4504,-0.0060785733322585,0.6833949490065429
dunnhumby,0,triple2vec,dnntsp,neighbor_similarity,4504,0.022092108330762097,0.1382308180453919
dunnhumby,0,triple2vec,dnntsp,cooccurrence_support,4467,-0.030923156613583764,0.03876392915858075
dunnhumby,0,triple2vec,dnntsp,transition_predictability,4503,0.0020004676048044566,0.8932420250040675
dunnhumby,0,sets2sets,dnntsp,n_baskets,4504,-0.08648141124816058,6.128625832974287e-09
dunnhumby,0,sets2sets,dnntsp,avg_basket_size,4504,-0.19464360269855616,1.0625572415612578e-39
dunnhumby,0,sets2sets,dnntsp,repeat_rate,4504,-0.2041276104468863,1.4306455348824149e-43
dunnhumby,0,sets2sets,dnntsp,adjacent_basket_jaccard,4504,-0.16401449671523985,1.579873898824332e-28
dunnhumby,0,sets2sets,dnntsp,recency_frequency_disagreement,4504,-0.0928117015646771,4.361494707175445e-10
dunnhumby,0,sets2sets,dnntsp,recent_basket_novelty,4504,0.13010474069534564,1.8442191096919345e-18
dunnhumby,0,sets2sets,dnntsp,popularity_profile,4504,-0.026227533384253345,0.07840909969505276
dunnhumby,0,sets2sets,dnntsp,neighbor_similarity,4504,-0.017001879299081597,0.2539559663941816
dunnhumby,0,sets2sets,dnntsp,cooccurrence_support,4467,-0.03610906172567512,0.015800860282369694
dunnhumby,0,sets2sets,dnntsp,transition_predictability,4503,-0.015421558238255856,0.3008424057541055
dunnhumby,1,recency,frequency,n_baskets,4504,-0.1474661178183748,2.562449541711261e-23
dunnhumby,1,recency,frequency,avg_basket_size,4504,-0.14352785635897813,3.6706843190496166e-22
dunnhumby,1,recency,frequency,repeat_rate,4504,-0.20413922986775457,1.414713119179054e-43
dunnhumby,1,recency,frequency,adjacent_basket_jaccard,4504,-0.1335985866855771,2.1774314774444334e-19
dunnhumby,1,recency,frequency,recency_frequency_disagreement,4504,-0.15432439934393222,2.0831252648367395e-25
dunnhumby,1,recency,frequency,recent_basket_novelty,4504,0.047000923859978054,0.0016039529131148577
dunnhumby,1,recency,frequency,popularity_profile,4504,-0.0401525189890434,0.007037837878044012
dunnhumby,1,recency,frequency,neighbor_similarity,4504,-0.09785090354765542,4.675166300301378e-11
dunnhumby,1,recency,frequency,cooccurrence_support,4473,-0.05582667862558774,0.00018727900003885972
dunnhumby,1,recency,frequency,transition_predictability,4503,0.040820232759688234,0.006151429600101448
dunnhumby,1,recency,racf,n_baskets,4504,-0.13240962150195087,4.534109808525659e-19
dunnhumby,1,recency,racf,avg_basket_size,4504,-0.14225588685799515,8.536990667037524e-22
dunnhumby,1,recency,racf,repeat_rate,4504,-0.19451854531560112,1.19145546627445e-39
dunnhumby,1,recency,racf,adjacent_basket_jaccard,4504,-0.12881173091642248,4.007764514284211e-18
dunnhumby,1,recency,racf,recency_frequency_disagreement,4504,-0.13821208303062535,1.1872873405250983e-20
dunnhumby,1,recency,racf,recent_basket_novelty,4504,0.046280846955351757,0.001891270581036865
dunnhumby,1,recency,racf,popularity_profile,4504,-0.05117356102842794,0.0005911342089258367
dunnhumby,1,recency,racf,neighbor_similarity,4504,-0.09013149798685646,1.3650432533649882e-09
dunnhumby,1,recency,racf,cooccurrence_support,4473,-0.05508869671142129,0.00022769143857477814
dunnhumby,1,recency,racf,transition_predictability,4503,0.028349943486038094,0.057137172489012886
dunnhumby,1,recency,tifuknn,n_baskets,4504,-0.13342076459822635,2.430915947245681e-19
dunnhumby,1,recency,tifuknn,avg_basket_size,4504,-0.17027167334462268,1.1994838018560054e-30
dunnhumby,1,recency,tifuknn,repeat_rate,4504,-0.21970353573344015,2.3245198807289985e-50
dunnhumby,1,recency,tifuknn,adjacent_basket_jaccard,4504,-0.16410447001497996,1.4747866030648246e-28
dunnhumby,1,recency,tifuknn,recency_frequency_disagreement,4504,-0.1438236124296814,3.0132707266491318e-22
dunnhumby,1,recency,tifuknn,recent_basket_novelty,4504,0.0699396372763485,2.6242693013003083e-06
dunnhumby,1,recency,tifuknn,popularity_profile,4504,-0.048807789146683545,0.0010505599517448617
dunnhumby,1,recency,tifuknn,neighbor_similarity,4504,-0.09961344289038167,2.0833954779618518e-11
dunnhumby,1,recency,tifuknn,cooccurrence_support,4473,-0.06131457066158196,4.070107525394856e-05
dunnhumby,1,recency,tifuknn,transition_predictability,4503,0.022496756511421318,0.13119578647233718
dunnhumby,1,recency,triple2vec,n_baskets,4504,-0.15342957997270754,3.953115169047967e-25
dunnhumby,1,recency,triple2vec,avg_basket_size,4504,-0.11058114225118669,9.911391480689555e-14
dunnhumby,1,recency,triple2vec,repeat_rate,4504,-0.20530720069968253,4.573588888368027e-44
dunnhumby,1,recency,triple2vec,adjacent_basket_jaccard,4504,-0.1360805975828504,4.60961675599482e-20
dunnhumby,1,recency,triple2vec,recency_frequency_disagreement,4504,-0.12978631694077772,2.2342998680195054e-18
dunnhumby,1,recency,triple2vec,recent_basket_novelty,4504,0.05147086903131615,0.0005489945068424874
dunnhumby,1,recency,triple2vec,popularity_profile,4504,-0.04178780890282417,0.00503316063714766
dunnhumby,1,recency,triple2vec,neighbor_similarity,4504,-0.0946844178525843,1.927732670270883e-10
dunnhumby,1,recency,triple2vec,cooccurrence_support,4473,-0.04717837238731049,0.0015984566574932205
dunnhumby,1,recency,triple2vec,transition_predictability,4503,0.0374350654832148,0.011996727243898364
dunnhumby,1,recency,sets2sets,n_baskets,4504,-0.027567931461471656,0.06431746478214222
dunnhumby,1,recency,sets2sets,avg_basket_size,4504,0.05305385771839988,0.00036795241456179744
dunnhumby,1,recency,sets2sets,repeat_rate,4504,0.07593914927560005,3.354251837187675e-07
dunnhumby,1,recency,sets2sets,adjacent_basket_jaccard,4504,0.11211331444466072,4.493718959383856e-14
dunnhumby,1,recency,sets2sets,recency_frequency_disagreement,4504,-0.05539424662495665,0.0001996695384149584
dunnhumby,1,recency,sets2sets,recent_basket_novelty,4504,-0.11906218304360738,1.0853992407910508e-15
dunnhumby,1,recency,sets2sets,popularity_profile,4504,-0.03540664736453912,0.017487666220615268
dunnhumby,1,recency,sets2sets,neighbor_similarity,4504,-0.03090600774624436,0.03807197715651964
dunnhumby,1,recency,sets2sets,cooccurrence_support,4473,-0.019075250229442262,0.20212469408012393
dunnhumby,1,recency,sets2sets,transition_predictability,4503,0.06037027510739831,5.041738603898949e-05
dunnhumby,1,recency,dnntsp,n_baskets,4504,-0.06023839113806582,5.226480716308542e-05
dunnhumby,1,recency,dnntsp,avg_basket_size,4504,-0.09633807901478723,9.251301745923045e-11
dunnhumby,1,recency,dnntsp,repeat_rate,4504,-0.06797288565742621,4.975911639724851e-06
dunnhumby,1,recency,dnntsp,adjacent_basket_jaccard,4504,-0.022192700158445443,0.13644443042340637
dunnhumby,1,recency,dnntsp,recency_frequency_disagreement,4504,-0.10176377593174513,7.624326695447912e-12
dunnhumby,1,recency,dnntsp,recent_basket_novelty,4504,-0.034747187339206266,0.01970043837245268
dunnhumby,1,recency,dnntsp,popularity_profile,4504,-0.053284229528069584,0.00034682725561980046
dunnhumby,1,recency,dnntsp,neighbor_similarity,4504,-0.08654014519436411,5.985137508844073e-09
dunnhumby,1,recency,dnntsp,cooccurrence_support,4473,-0.07239113823536478,1.256199226502306e-06
dunnhumby,1,recency,dnntsp,transition_predictability,4503,0.02608174973379,0.08011626996416571
dunnhumby,1,frequency,racf,n_baskets,4504,0.0385632090878304,0.009645302721917359
dunnhumby,1,frequency,racf,avg_basket_size,4504,-0.011586365096815142,0.4369271642086998
dunnhumby,1,frequency,racf,repeat_rate,4504,0.009143927297481366,0.5395402694339486
dunnhumby,1,frequency,racf,adjacent_basket_jaccard,4504,-0.015746195104869375,0.29072686770009754
dunnhumby,1,frequency,racf,recency_frequency_disagreement,4504,0.032954687998188216,0.02699177304217412
dunnhumby,1,frequency,racf,recent_basket_novelty,4504,-0.001745787746512401,0.9067565544036302
dunnhumby,1,frequency,racf,popularity_profile,4504,-0.024867388049849587,0.09517860664251551
dunnhumby,1,frequency,racf,neighbor_similarity,4504,0.02060523402793902,0.16678194853154846
dunnhumby,1,frequency,racf,cooccurrence_support,4473,-0.003145142453952118,0.8334410279331037
dunnhumby,1,frequency,racf,transition_predictability,4503,-0.012429972962908754,0.40433368949676873
dunnhumby,1,frequency,tifuknn,n_baskets,4504,0.04413673932158584,0.0030493416513447972
dunnhumby,1,frequency,tifuknn,avg_basket_size,4504,-0.007387542688700333,0.6201337611064403
dunnhumby,1,frequency,tifuknn,repeat_rate,4504,0.01215932955199155,0.41459238617834504
dunnhumby,1,frequency,tifuknn,adjacent_basket_jaccard,4504,-0.026418860028830485,0.07625592443413676
dunnhumby,1,frequency,tifuknn,recency_frequency_disagreement,4504,0.04501607393421746,0.00251272259621194
dunnhumby,1,frequency,tifuknn,recent_basket_novelty,4504,0.02356239600459171,0.11385597846796101
dunnhumby,1,frequency,tifuknn,popularity_profile,4504,-0.008130388247378306,0.5854076631901075
dunnhumby,1,frequency,tifuknn,neighbor_similarity,4504,0.011554080005333771,0.4382059538716103
dunnhumby,1,frequency,tifuknn,cooccurrence_support,4473,-0.01002137231404321,0.5028171232996081
dunnhumby,1,frequency,tifuknn,transition_predictability,4503,-0.01809405538475012,0.22476569478788416
dunnhumby,1,frequency,triple2vec,n_baskets,4504,-0.0101958680952412,0.493917458347354
dunnhumby,1,frequency,triple2vec,avg_basket_size,4504,0.05044318145911133,0.00070777031933491
dunnhumby,1,frequency,triple2vec,repeat_rate,4504,-0.0030517435747316707,0.8377660654396714
dunnhumby,1,frequency,triple2vec,adjacent_basket_jaccard,4504,-0.009386191766164662,0.5288492050421665
dunnhumby,1,frequency,triple2vec,recency_frequency_disagreement,4504,0.03631339564119464,0.014802047655401785
dunnhumby,1,frequency,triple2vec,recent_basket_novelty,4504,-0.007516509290254521,0.6140407922999719
dunnhumby,1,frequency,triple2vec,popularity_profile,4504,0.0028172689827314686,0.8500771261368362
dunnhumby,1,frequency,triple2vec,neighbor_similarity,4504,0.010122586706812488,0.497027413211924
dunnhumby,1,frequency,triple2vec,cooccurrence_support,4473,0.02328865536658522,0.11939154715866006
dunnhumby,1,frequency,triple2vec,transition_predictability,4503,0.01094239113101609,0.46288738590501777
dunnhumby,1,frequency,sets2sets,n_baskets,4504,0.10932804086001528,1.8776247173407225e-13
dunnhumby,1,frequency,sets2sets,avg_basket_size,4504,0.1740426763575221,5.774605981341929e-32
dunnhumby,1,frequency,sets2sets,repeat_rate,4504,0.25235129638875914,2.221632261397024e-66
dunnhumby,1,frequency,sets2sets,adjacent_basket_jaccard,4504,0.21834239930299848,9.577698589720759e-50
dunnhumby,1,frequency,sets2sets,recency_frequency_disagreement,4504,0.08095840794334716,5.307388823365977e-08
dunnhumby,1,frequency,sets2sets,recent_basket_novelty,4504,-0.15282134628372335,6.096837609328105e-25
dunnhumby,1,frequency,sets2sets,popularity_profile,4504,0.018539610013474202,0.21350360350629882
dunnhumby,1,frequency,sets2sets,neighbor_similarity,4504,0.06267615085684453,2.561819350456646e-05
dunnhumby,1,frequency,sets2sets,cooccurrence_support,4473,0.038574585846249364,0.009876415583867046
dunnhumby,1,frequency,sets2sets,transition_predictability,4503,0.03400584120554825,0.022491237666444817
dunnhumby,1,frequency,dnntsp,n_baskets,4504,0.0928375861165942,4.313017196831217e-10
dunnhumby,1,frequency,dnntsp,avg_basket_size,4504,0.0815075696263061,4.3083907332342334e-08
dunnhumby,1,frequency,dnntsp,repeat_rate,4504,0.16531394309006434,5.824143084035192e-29
dunnhumby,1,frequency,dnntsp,adjacent_basket_jaccard,4504,0.13627586575866055,4.0745787886441913e-20
dunnhumby,1,frequency,dnntsp,recency_frequency_disagreement,4504,0.06329848204450139,2.1266402063672536e-05
dunnhumby,1,frequency,dnntsp,recent_basket_novelty,4504,-0.09985112549620029,1.8662324295014503e-11
dunnhumby,1,frequency,dnntsp,popularity_profile,4504,-0.012643474344006197,0.3962568328924342
dunnhumby,1,frequency,dnntsp,neighbor_similarity,4504,0.012013437969236897,0.4202144184885098
dunnhumby,1,frequency,dnntsp,cooccurrence_support,4473,-0.01911718906268096,0.20113434753433096
dunnhumby,1,frequency,dnntsp,transition_predictability,4503,0.005751410606252842,0.6996144446046291
dunnhumby,1,racf,tifuknn,n_baskets,4504,0.023495180399871682,0.11489106953958274
dunnhumby,1,racf,tifuknn,avg_basket_size,4504,0.004585370108180833,0.7583495389260915
dunnhumby,1,racf,tifuknn,repeat_rate,4504,0.010665485791140593,0.4742370612790666
dunnhumby,1,racf,tifuknn,adjacent_basket_jaccard,4504,-0.020617358520541088,0.16653244858637004
dunnhumby,1,racf,tifuknn,recency_frequency_disagreement,4504,0.028434452048750333,0.05637251575644589
dunnhumby,1,racf,tifuknn,recent_basket_novelty,4504,0.02183050413178091,0.14296093338020854
dunnhumby,1,racf,tifuknn,popularity_profile,4504,0.011156399436301638,0.4541332754876757
dunnhumby,1,racf,tifuknn,neighbor_similarity,4504,-0.002040660406752928,0.8910982841620162
dunnhumby,1,racf,tifuknn,cooccurrence_support,4473,-0.002427729805756204,0.8710518035117428
dunnhumby,1,racf,tifuknn,transition_predictability,4503,-0.005250313136506911,0.7246704991189217
dunnhumby,1,racf,triple2vec,n_baskets,4504,-0.026253063973674537,0.07811895181612678
dunnhumby,1,racf,triple2vec,avg_basket_size,4504,0.06142013415602443,3.711070749809379e-05
dunnhumby,1,racf,triple2vec,repeat_rate,4504,-0.0036969702023028368,0.8041015402527601
dunnhumby,1,racf,triple2vec,adjacent_basket_jaccard,4504,-0.0018072700072524588,0.9034885379725255
dunnhumby,1,racf,triple2vec,recency_frequency_disagreement,4504,0.022812663757006444,0.12582519858823976
dunnhumby,1,racf,triple2vec,recent_basket_novelty,4504,-0.0037494660976930424,0.8013775975988454
dunnhumby,1,racf,triple2vec,popularity_profile,4504,0.02149646513739079,0.14918006151411745
dunnhumby,1,racf,triple2vec,neighbor_similarity,4504,0.00898821816685353,0.5464683294457002
dunnhumby,1,racf,triple2vec,cooccurrence_support,4473,0.02867867395742196,0.05512341847453172
dunnhumby,1,racf,triple2vec,transition_predictability,4503,0.017767376325734857,0.2332486433037295
dunnhumby,1,racf,sets2sets,n_baskets,4504,0.10166209547609707,7.999284808330221e-12
dunnhumby,1,racf,sets2sets,avg_basket_size,4504,0.17397413470542092,6.105741031146754e-32
dunnhumby,1,racf,sets2sets,repeat_rate,4504,0.25101777832241307,1.1208576618521594e-65
dunnhumby,1,racf,sets2sets,adjacent_basket_jaccard,4504,0.22109445744091638,5.415456054099704e-51
dunnhumby,1,racf,sets2sets,recency_frequency_disagreement,4504,0.07289328130690217,9.723152222914513e-07
dunnhumby,1,racf,sets2sets,recent_basket_novelty,4504,-0.1545554101575227,1.7644805849661608e-25
dunnhumby,1,racf,sets2sets,popularity_profile,4504,0.028166008710768995,0.05874149126539672
dunnhumby,1,racf,sets2sets,neighbor_similarity,4504,0.05873323053554004,8.013155459383953e-05
dunnhumby,1,racf,sets2sets,cooccurrence_support,4473,0.03944241262949409,0.008334318690281225
dunnhumby,1,racf,sets2sets,transition_predictability,4503,0.039235373048444655,0.00845972470398436
dunnhumby,1,racf,dnntsp,n_baskets,4504,0.08525786314856056,1.000401750783068e-08
dunnhumby,1,racf,dnntsp,avg_basket_size,4504,0.07902172723362977,1.0954885095500979e-07
dunnhumby,1,racf,dnntsp,repeat_rate,4504,0.16218286846030716,6.360203331804674e-28
dunnhumby,1,racf,dnntsp,adjacent_basket_jaccard,4504,0.13794320495723025,1.4105300251570285e-20
dunnhumby,1,racf,dnntsp,recency_frequency_disagreement,4504,0.05654660366741321,0.0001464981069935511
dunnhumby,1,racf,dnntsp,recent_basket_novelty,4504,-0.09767621621584038,5.0612025051093343e-11
dunnhumby,1,racf,dnntsp,popularity_profile,4504,-0.0024225591424470974,0.8708825769793457
dunnhumby,1,racf,dnntsp,neighbor_similarity,4504,0.00977379658898046,0.5119713906049514
dunnhumby,1,racf,dnntsp,cooccurrence_support,4473,-0.0193876057450227,0.19483357391236764
dunnhumby,1,racf,dnntsp,transition_predictability,4503,0.006501667670342914,0.6627105144546281
dunnhumby,1,tifuknn,triple2vec,n_baskets,4504,-0.05103648366551661,0.0006115602495980355
dunnhumby,1,tifuknn,triple2vec,avg_basket_size,4504,0.04013153134191436,0.007067673170382299
dunnhumby,1,tifuknn,triple2vec,repeat_rate,4504,-0.016999816914285114,0.2540135792497126
dunnhumby,1,tifuknn,triple2vec,adjacent_basket_jaccard,4504,0.013032859362044671,0.38187126660906623
dunnhumby,1,tifuknn,triple2vec,recency_frequency_disagreement,4504,-0.023492030109261496,0.11493976360353944
dunnhumby,1,tifuknn,triple2vec,recent_basket_novelty,4504,-0.02339194339841925,0.11649526978620527
dunnhumby,1,tifuknn,triple2vec,popularity_profile,4504,0.009506457393003473,0.5235822402195242
dunnhumby,1,tifuknn,triple2vec,neighbor_similarity,4504,0.009358351595169321,0.5300722807217391
dunnhumby,1,tifuknn,triple2vec,cooccurrence_support,4473,0.031474759632459916,0.03529300461049376
dunnhumby,1,tifuknn,triple2vec,transition_predictability,4503,0.029847457782241477,0.045200289536316794
dunnhumby,1,tifuknn,sets2sets,n_baskets,4504,0.09483897036432191,1.800840696817952e-10
dunnhumby,1,tifuknn,sets2sets,avg_basket_size,4504,0.18494252848313691,6.064572425397381e-36
dunnhumby,1,tifuknn,sets2sets,repeat_rate,4504,0.2522137746418826,2.6263481999066365e-66
dunnhumby,1,tifuknn,sets2sets,adjacent_basket_jaccard,4504,0.23511628701094647,1.2880738720524028e-57
dunnhumby,1,tifuknn,sets2sets,recency_frequency_disagreement,4504,0.07036366965599763,2.281033396425275e-06
dunnhumby,1,tifuknn,sets2sets,recent_basket_novelty,4504,-0.16067139059196966,1.9828497984973407e-27
dunnhumby,1,tifuknn,sets2sets,popularity_profile,4504,0.014587847492221412,0.32767993492214575
dunnhumby,1,tifuknn,sets2sets,neighbor_similarity,4504,0.05254891245343283,0.00041853294038540816
dunnhumby,1,tifuknn,sets2sets,cooccurrence_support,4473,0.03133450507966702,0.03611805359805676
dunnhumby,1,tifuknn,sets2sets,transition_predictability,4503,0.03580634854242939,0.01626711122365969
dunnhumby,1,tifuknn,dnntsp,n_baskets,4504,0.06679262441711892,7.24562432619594e-06
dunnhumby,1,tifuknn,dnntsp,avg_basket_size,4504,0.07734289463412702,2.0256360498515449e-07
dunnhumby,1,tifuknn,dnntsp,repeat_rate,4504,0.1449194375727261,1.4451091243236821e-22
dunnhumby,1,tifuknn,dnntsp,adjacent_basket_jaccard,4504,0.14429211344915646,2.202416673592773e-22
dunnhumby,1,tifuknn,dnntsp,recency_frequency_disagreement,4504,0.044453526189447895,0.0028450191036289373
dunnhumby,1,tifuknn,dnntsp,recent_basket_novelty,4504,-0.10238106762636048,5.690965355871392e-12
dunnhumby,1,tifuknn,dnntsp,popularity_profile,4504,-0.013895581852968216,0.3511586076086063
dunnhumby,1,tifuknn,dnntsp,neighbor_similarity,4504,0.005399806822884474,0.7171330419555944
dunnhumby,1,tifuknn,dnntsp,cooccurrence_support,4473,-0.022644489756314574,0.12996359875842012
dunnhumby,1,tifuknn,dnntsp,transition_predictability,4503,0.004855626862330612,0.7446170155745786
dunnhumby,1,triple2vec,sets2sets,n_baskets,4504,0.10905203338166278,2.1592564343487895e-13
dunnhumby,1,triple2vec,sets2sets,avg_basket_size,4504,0.14830320789647533,1.4414314408793212e-23
dunnhumby,1,triple2vec,sets2sets,repeat_rate,4504,0.24600379263891659,4.517085483746883e-63
dunnhumby,1,triple2vec,sets2sets,adjacent_basket_jaccard,4504,0.21598874341160904,1.083313461480392e-48
dunnhumby,1,triple2vec,sets2sets,recency_frequency_disagreement,4504,0.0661261392855885,8.934345143380389e-06
dunnhumby,1,triple2vec,sets2sets,recent_basket_novelty,4504,-0.14732806615628505,2.816584658163043e-23
dunnhumby,1,triple2vec,sets2sets,popularity_profile,4504,0.018567598681552205,0.2128130961986121
dunnhumby,1,triple2vec,sets2sets,neighbor_similarity,4504,0.05408988126705348,0.0002815353215426942
dunnhumby,1,triple2vec,sets2sets,cooccurrence_support,4473,0.028342401757072807,0.05803880951023253
dunnhumby,1,triple2vec,sets2sets,transition_predictability,4503,0.032023844706242366,0.03164270274058534
dunnhumby,1,triple2vec,dnntsp,n_baskets,4504,0.1009487670506117,1.1187793973435232e-11
dunnhumby,1,triple2vec,dnntsp,avg_basket_size,4504,0.034696109820825716,0.019881605110497205
dunnhumby,1,triple2vec,dnntsp,repeat_rate,4504,0.1503450840081752,3.493256480773889e-24
dunnhumby,1,triple2vec,dnntsp,adjacent_basket_jaccard,4504,0.12411111183053108,6.306401272906354e-17
dunnhumby,1,triple2vec,dnntsp,recency_frequency_disagreement,4504,0.045217268399234165,0.002402769748428506
dunnhumby,1,triple2vec,dnntsp,recent_basket_novelty,4504,-0.09176783829500659,6.828052811886025e-10
dunnhumby,1,triple2vec,dnntsp,popularity_profile,4504,-0.019070644546811698,0.20067624696244668
dunnhumby,1,triple2vec,dnntsp,neighbor_similarity,4504,0.0037665276654437825,0.8004928131368396
dunnhumby,1,triple2vec,dnntsp,cooccurrence_support,4473,-0.0364355772994339,0.014811426878239132
dunnhumby,1,triple2vec,dnntsp,transition_predictability,4503,-0.009192234800524777,0.5374450619821882
dunnhumby,1,sets2sets,dnntsp,n_baskets,4504,-0.03711642830039051,0.012734147172467982
dunnhumby,1,sets2sets,dnntsp,avg_basket_size,4504,-0.174218870253911,5.002953842669747e-32
dunnhumby,1,sets2sets,dnntsp,repeat_rate,4504,-0.15468228190948038,1.6105450911780977e-25
dunnhumby,1,sets2sets,dnntsp,adjacent_basket_jaccard,4504,-0.13943608543922562,5.395765740712214e-21
dunnhumby,1,sets2sets,dnntsp,recency_frequency_disagreement,4504,-0.0516131945825165,0.0005298275182253171
dunnhumby,1,sets2sets,dnntsp,recent_basket_novelty,4504,0.09485961228166928,1.7845231748301012e-10
dunnhumby,1,sets2sets,dnntsp,popularity_profile,4504,-0.03331557811273648,0.025360287796838663
dunnhumby,1,sets2sets,dnntsp,neighbor_similarity,4504,-0.060468027252456646,4.8923604136636624e-05
dunnhumby,1,sets2sets,dnntsp,cooccurrence_support,4473,-0.06494505208542219,1.3805475924404093e-05
dunnhumby,1,sets2sets,dnntsp,transition_predictability,4503,-0.047175848178255986,0.0015423710138747762
dunnhumby,2,recency,frequency,n_baskets,4504,-0.1260819862740064,2.0109660281197437e-17
dunnhumby,2,recency,frequency,avg_basket_size,4504,-0.14785401396810077,1.9636011612143947e-23
dunnhumby,2,recency,frequency,repeat_rate,4504,-0.2065354196237921,1.3845072614088468e-44
dunnhumby,2,recency,frequency,adjacent_basket_jaccard,4504,-0.1412933679292537,1.6086869706228792e-21
dunnhumby,2,recency,frequency,recency_frequency_disagreement,4504,-0.13617348189157397,4.346972052385296e-20
dunnhumby,2,recency,frequency,recent_basket_novelty,4504,0.04074977266206846,0.006234816973723176
dunnhumby,2,recency,frequency,popularity_profile,4504,-0.054925438894503,0.00022610498979234862
dunnhumby,2,recency,frequency,neighbor_similarity,4504,-0.05933536479548859,6.761912619327823e-05
dunnhumby,2,recency,frequency,cooccurrence_support,4463,-0.045575348982972684,0.002323539595828891
dunnhumby,2,recency,frequency,transition_predictability,4504,0.05155309803916613,0.0005378434023371355
dunnhumby,2,recency,racf,n_baskets,4504,-0.1177730969323115,2.2023397461112055e-15
dunnhumby,2,recency,racf,avg_basket_size,4504,-0.13902839143088963,7.022247173096694e-21
dunnhumby,2,recency,racf,repeat_rate,4504,-0.19692863746857048,1.2934882905718082e-40
dunnhumby,2,recency,racf,adjacent_basket_jaccard,4504,-0.13444799431524562,1.2841182745096543e-19
dunnhumby,2,recency,racf,recency_frequency_disagreement,4504,-0.12642922346991728,1.6411037921364955e-17
dunnhumby,2,recency,racf,recent_basket_novelty,4504,0.03603253341581618,0.015592189871267535
dunnhumby,2,recency,racf,popularity_profile,4504,-0.0497340716423434,0.0008411533312304726
dunnhumby,2,recency,racf,neighbor_similarity,4504,-0.05501557224823061,0.00022078029180093943
dunnhumby,2,recency,racf,cooccurrence_support,4463,-0.0406607308982407,0.006593023473689169
dunnhumby,2,recency,racf,transition_predictability,4504,0.05175185816571495,0.0005117548003633787
dunnhumby,2,recency,tifuknn,n_baskets,4504,-0.12243711296302312,1.6414195407210565e-16
dunnhumby,2,recency,tifuknn,avg_basket_size,4504,-0.16745969298026042,1.1010049966991861e-29
dunnhumby,2,recency,tifuknn,repeat_rate,4504,-0.22830045950584615,2.4302389021280985e-54
dunnhumby,2,recency,tifuknn,adjacent_basket_jaccard,4504,-0.16610330388548303,3.1639349099412556e-29
dunnhumby,2,recency,tifuknn,recency_frequency_disagreement,4504,-0.13222777927177964,5.069406371834404e-19
dunnhumby,2,recency,tifuknn,recent_basket_novelty,4504,0.05424062383100175,0.0002706762909162379
dunnhumby,2,recency,tifuknn,popularity_profile,4504,-0.06454249073604672,1.4583731318025393e-05
dunnhumby,2,recency,tifuknn,neighbor_similarity,4504,-0.07058381743872322,2.120264884911248e-06
dunnhumby,2,recency,tifuknn,cooccurrence_support,4463,-0.05712846090567697,0.0001342352578681867
dunnhumby,2,recency,tifuknn,transition_predictability,4504,0.029566946736542962,0.04723629068902853
dunnhumby,2,recency,triple2vec,n_baskets,4504,-0.15031720078068309,3.56200588746188e-24
dunnhumby,2,recency,triple2vec,avg_basket_size,4504,-0.11380606438754555,1.8518980287499458e-14
dunnhumby,2,recency,triple2vec,repeat_rate,4504,-0.21095537783222815,1.7621426306521068e-46
dunnhumby,2,recency,triple2vec,adjacent_basket_jaccard,4504,-0.13210445944579774,5.467468510359638e-19
dunnhumby,2,recency,triple2vec,recency_frequency_disagreement,4504,-0.11868458103063893,1.3364389016465238e-15
dunnhumby,2,recency,triple2vec,recent_basket_novelty,4504,0.044220363924060396,0.0029941438220849534
dunnhumby,2,recency,triple2vec,popularity_profile,4504,-0.044489049599899494,0.0028229039142050713
dunnhumby,2,recency,triple2vec,neighbor_similarity,4504,-0.06407286144249512,1.682906102714027e-05
dunnhumby,2,recency,triple2vec,cooccurrence_support,4463,-0.038790187069072904,0.009551561420487166
dunnhumby,2,recency,triple2vec,transition_predictability,4504,0.04707179783274344,0.0015779620440165456
dunnhumby,2,recency,sets2sets,n_baskets,4504,-0.024686750808771498,0.0976072472417678
dunnhumby,2,recency,sets2sets,avg_basket_size,4504,0.037569099453627366,0.01168483882570573
dunnhumby,2,recency,sets2sets,repeat_rate,4504,0.062119244435828766,3.0219060067891724e-05
dunnhumby,2,recency,sets2sets,adjacent_basket_jaccard,4504,0.09798768067892695,4.39315067353757e-11
dunnhumby,2,recency,sets2sets,recency_frequency_disagreement,4504,-0.05559333364304598,0.00018934599586375588
dunnhumby,2,recency,sets2sets,recent_basket_novelty,4504,-0.13019598447294553,1.7454071468085294e-18
dunnhumby,2,recency,sets2sets,popularity_profile,4504,-0.0234653138669511,0.11535336945121538
dunnhumby,2,recency,sets2sets,neighbor_similarity,4504,-0.027954653734463698,0.06066430382955093
dunnhumby,2,recency,sets2sets,cooccurrence_support,4463,-0.03170263285277537,0.03418732809882945
dunnhumby,2,recency,sets2sets,transition_predictability,4504,0.07251643271426136,1.105997534572228e-06
dunnhumby,2,recency,dnntsp,n_baskets,4504,-0.021064475164862324,0.15752631577352302
dunnhumby,2,recency,dnntsp,avg_basket_size,4504,-0.1651756572953574,6.479211536771154e-29
dunnhumby,2,recency,dnntsp,repeat_rate,4504,-0.08298507778637769,2.4419942749355637e-08
dunnhumby,2,recency,dnntsp,adjacent_basket_jaccard,4504,-0.06064902555644809,4.6433801205392125e-05
dunnhumby,2,recency,dnntsp,recency_frequency_disagreement,4504,-0.10386580860033598,2.7963390656612335e-12
dunnhumby,2,recency,dnntsp,recent_basket_novelty,4504,-0.03322301987594611,0.02577036798737967
dunnhumby,2,recency,dnntsp,popularity_profile,4504,-0.04352380755310534,0.0034830921117684453
dunnhumby,2,recency,dnntsp,neighbor_similarity,4504,-0.037420374322220555,0.01202080606031937
dunnhumby,2,recency,dnntsp,cooccurrence_support,4463,-0.0670643476400747,7.323140018145889e-06
dunnhumby,2,recency,dnntsp,transition_predictability,4504,0.031368353936229755,0.035280703336008135
dunnhumby,2,frequency,racf,n_baskets,4504,0.008142943634071819,0.5848285635985782
dunnhumby,2,frequency,racf,avg_basket_size,4504,0.008802979540480786,0.5547672358526915
dunnhumby,2,frequency,racf,repeat_rate,4504,0.01588644794090944,0.28645067907381216
dunnhumby,2,frequency,racf,adjacent_basket_jaccard,4504,0.02408746608522543,0.10602079443028335
dunnhumby,2,frequency,racf,recency_frequency_disagreement,4504,0.0061992100400060065,0.6774619927275287
dunnhumby,2,frequency,racf,recent_basket_novelty,4504,-0.017885556986049465,0.2301022231094386
dunnhumby,2,frequency,racf,popularity_profile,4504,-0.0053025529109305925,0.7220144321475832
dunnhumby,2,frequency,racf,neighbor_similarity,4504,0.006923509154501446,0.6422708770407196
dunnhumby,2,frequency,racf,cooccurrence_support,4463,0.0032675200668504257,0.8272511867463309
dunnhumby,2,frequency,racf,transition_predictability,4504,0.018397916930094724,0.21702411581907724
dunnhumby,2,frequency,tifuknn,n_baskets,4504,0.018053523724787388,0.22575449889713128
dunnhumby,2,frequency,tifuknn,avg_basket_size,4504,0.017565369240027433,0.2385542700801404
dunnhumby,2,frequency,tifuknn,repeat_rate,4504,0.02162611515409407,0.14674216777187474
dunnhumby,2,frequency,tifuknn,adjacent_basket_jaccard,4504,0.011409152009007354,0.4439728865789404
dunnhumby,2,frequency,tifuknn,recency_frequency_disagreement,4504,0.02458535861666767,0.09899199362964736
dunnhumby,2,frequency,tifuknn,recent_basket_novelty,4504,-0.0024741905197414827,0.8681556435748679
dunnhumby,2,frequency,tifuknn,popularity_profile,4504,-0.004774241414353956,0.7487249676846619
dunnhumby,2,frequency,tifuknn,neighbor_similarity,4504,-0.0041260114062348354,0.7819117464219298
dunnhumby,2,frequency,tifuknn,cooccurrence_support,4463,-0.005944584259080653,0.69134953556936
dunnhumby,2,frequency,tifuknn,transition_predictability,4504,-0.029533952414432543,0.04748369007124145
dunnhumby,2,frequency,triple2vec,n_baskets,4504,-0.032346398588705666,0.02994689853342088
dunnhumby,2,frequency,triple2vec,avg_basket_size,4504,0.05883393403826823,7.78967820751677e-05
dunnhumby,2,frequency,triple2vec,repeat_rate,4504,-0.002138821599213941,0.8858948453617617
dunnhumby,2,frequency,triple2vec,adjacent_basket_jaccard,4504,0.013469064732110703,0.36614182310445864
dunnhumby,2,frequency,triple2vec,recency_frequency_disagreement,4504,0.03376165122233107,0.023462176128328977
dunnhumby,2,frequency,triple2vec,recent_basket_novelty,4504,-0.0008967878977844457,0.9520215141499127
dunnhumby,2,frequency,triple2vec,popularity_profile,4504,0.009694719293511532,0.5153917679228601
dunnhumby,2,frequency,triple2vec,neighbor_similarity,4504,0.005807066798685221,0.6968189741699009
dunnhumby,2,frequency,triple2vec,cooccurrence_support,4463,0.014703665949848139,0.32606711036882774
dunnhumby,2,frequency,triple2vec,transition_predictability,4504,0.007912566560498388,0.5954964836157601
dunnhumby,2,frequency,sets2sets,n_baskets,4504,0.10194093893215586,7.011729859867195e-12
dunnhumby,2,frequency,sets2sets,avg_basket_size,4504,0.18946816668964053,1.1370316197056154e-37
dunnhumby,2,frequency,sets2sets,repeat_rate,4504,0.27165267978820323,4.983548209332814e-77
dunnhumby,2,frequency,sets2sets,adjacent_basket_jaccard,4504,0.23025501575226195,2.8652831474354286e-55
dunnhumby,2,frequency,sets2sets,recency_frequency_disagreement,4504,0.07938877182973514,9.561315640735403e-08
dunnhumby,2,frequency,sets2sets,recent_basket_novelty,4504,-0.16753300330430476,1.0396828355606208e-29
dunnhumby,2,frequency,sets2sets,popularity_profile,4504,0.04104084635651869,0.005874183303215885
dunnhumby,2,frequency,sets2sets,neighbor_similarity,4504,0.045986100202530196,0.002021953798812108
dunnhumby,2,frequency,sets2sets,cooccurrence_support,4463,0.025812935735474687,0.08466178740626108
dunnhumby,2,frequency,sets2sets,transition_predictability,4504,0.03683975697769028,0.013415777278893223
dunnhumby,2,frequency,dnntsp,n_baskets,4504,0.09645101740621526,8.794896442314698e-11
dunnhumby,2,frequency,dnntsp,avg_basket_size,4504,-0.012226081497571095,0.4120349506820762
dunnhumby,2,frequency,dnntsp,repeat_rate,4504,0.12991809776056204,2.0638611722919957e-18
dunnhumby,2,frequency,dnntsp,adjacent_basket_jaccard,4504,0.08985372743764254,1.5335410162007436e-09
dunnhumby,2,frequency,dnntsp,recency_frequency_disagreement,4504,0.020352788411620065,0.17204082598962253
dunnhumby,2,frequency,dnntsp,recent_basket_novelty,4504,-0.07545988900507272,3.9765580528917054e-07
dunnhumby,2,frequency,dnntsp,popularity_profile,4504,0.0023215015651009215,0.876224390390073
dunnhumby,2,frequency,dnntsp,neighbor_similarity,4504,0.01669002915242966,0.2627709650285087
dunnhumby,2,frequency,dnntsp,cooccurrence_support,4463,-0.03141175880876056,0.03586857778567278
dunnhumby,2,frequency,dnntsp,transition_predictability,4504,-0.0043389923737937154,0.7709608172096993
dunnhumby,2,racf,tifuknn,n_baskets,4504,0.008941529268836018,0.548554239141724
dunnhumby,2,racf,tifuknn,avg_basket_size,4504,0.010304617754094993,0.48932153601111017
dunnhumby,2,racf,tifuknn,repeat_rate,4504,0.013952978034962824,0.34917239577830583
dunnhumby,2,racf,tifuknn,adjacent_basket_jaccard,4504,0.005299154702450941,0.7221852019128135
dunnhumby,2,racf,tifuknn,recency_frequency_disagreement,4504,0.009488485934734692,0.5243675771660267
dunnhumby,2,racf,tifuknn,recent_basket_novelty,4504,0.003866566208648563,0.7953101640560194
dunnhumby,2,racf,tifuknn,popularity_profile,4504,-0.0030550437607291155,0.8375930651743385
dunnhumby,2,racf,tifuknn,neighbor_similarity,4504,-0.003129046941880402,0.8337157937368097
dunnhumby,2,racf,tifuknn,cooccurrence_support,4463,-0.004441148964352106,0.7667624677505706
dunnhumby,2,racf,tifuknn,transition_predictability,4504,-0.028779829837494306,0.05344207665555532
dunnhumby,2,racf,triple2vec,n_baskets,4504,-0.045175158168350805,0.0024254119316189328
dunnhumby,2,racf,triple2vec,avg_basket_size,4504,0.06431136933202723,1.5650474695026635e-05
dunnhumby,2,racf,triple2vec,repeat_rate,4504,-0.014126783541692242,0.3432014053348621
dunnhumby,2,racf,triple2vec,adjacent_basket_jaccard,4504,0.006096697625053231,0.6825023300631616
dunnhumby,2,racf,triple2vec,recency_frequency_disagreement,4504,0.028188382838240714,0.05854093591142069
dunnhumby,2,racf,triple2vec,recent_basket_novelty,4504,0.007142504034637438,0.631782341618752
dunnhumby,2,racf,triple2vec,popularity_profile,4504,0.008302463545169995,0.577494221519826
dunnhumby,2,racf,triple2vec,neighbor_similarity,4504,-0.002883722485042281,0.8465841435432389
dunnhumby,2,racf,triple2vec,cooccurrence_support,4463,0.010228139490699931,0.49452826153124163
dunnhumby,2,racf,triple2vec,transition_predictability,4504,-0.0013480526609825879,0.927933412892475
dunnhumby,2,racf,sets2sets,n_baskets,4504,0.09708555958010644,6.611707815083431e-11
dunnhumby,2,racf,sets2sets,avg_basket_size,4504,0.18384950615472678,1.5605582120440186e-35
dunnhumby,2,racf,sets2sets,repeat_rate,4504,0.2641565431173394,8.705888090516599e-73
dunnhumby,2,racf,sets2sets,adjacent_basket_jaccard,4504,0.22411243164315883,2.217134836508929e-52
dunnhumby,2,racf,sets2sets,recency_frequency_disagreement,4504,0.07646090830093467,2.783726064983317e-07
dunnhumby,2,racf,sets2sets,recent_basket_novelty,4504,-0.16260895952776006,4.606752200111397e-28
dunnhumby,2,racf,sets2sets,popularity_profile,4504,0.0404613386688026,0.006611713799707546
dunnhumby,2,racf,sets2sets,neighbor_similarity,4504,0.043294695129785205,0.003659140983057133
dunnhumby,2,racf,sets2sets,cooccurrence_support,4463,0.02346868756506892,0.11697018242395076
dunnhumby,2,racf,sets2sets,transition_predictability,4504,0.033011106470080244,0.026730896489823464
dunnhumby,2,racf,dnntsp,n_baskets,4504,0.08993280183881984,1.4836133239295894e-09
dunnhumby,2,racf,dnntsp,avg_basket_size,4504,-0.010573234642462188,0.47806873481736467
dunnhumby,2,racf,dnntsp,repeat_rate,4504,0.12437470813421579,5.4181189121594164e-17
dunnhumby,2,racf,dnntsp,adjacent_basket_jaccard,4504,0.0893935340130101,1.858273609439825e-09
dunnhumby,2,racf,dnntsp,recency_frequency_disagreement,4504,0.016583524433240727,0.26582932769321016
dunnhumby,2,racf,dnntsp,recent_basket_novelty,4504,-0.07923666711351829,1.0116644264598282e-07
dunnhumby,2,racf,dnntsp,popularity_profile,4504,0.0005652226150666524,0.9697493876807146
dunnhumby,2,racf,dnntsp,neighbor_similarity,4504,0.018292500433210915,0.2196702481528495
dunnhumby,2,racf,dnntsp,cooccurrence_support,4463,-0.03187941629218489,0.033198781199019416
dunnhumby,2,racf,dnntsp,transition_predictability,4504,-0.00924643031999739,0.5350036645221531
dunnhumby,2,tifuknn,triple2vec,n_baskets,4504,-0.057251507651426684,0.00012087673057461732
dunnhumby,2,tifuknn,triple2vec,avg_basket_size,4504,0.028852339711265957,0.05284328376769727
dunnhumby,2,tifuknn,triple2vec,repeat_rate,4504,-0.0324754456222852,0.02929773463429759
dunnhumby,2,tifuknn,triple2vec,adjacent_basket_jaccard,4504,0.0032523192485201576,0.8272661605145694
dunnhumby,2,tifuknn,triple2vec,recency_frequency_disagreement,4504,-0.00362862412138621,0.8076514896850031
dunnhumby,2,tifuknn,triple2vec,recent_basket_novelty,4504,0.0041075208314107275,0.7828645606118371
dunnhumby,2,tifuknn,triple2vec,popularity_profile,4504,0.009767811761384167,0.5122298411911583
dunnhumby,2,tifuknn,triple2vec,neighbor_similarity,4504,0.0006459479627717445,0.9654315160547229
dunnhumby,2,tifuknn,triple2vec,cooccurrence_support,4463,0.015362699944946615,0.30484972681792827
dunnhumby,2,tifuknn,triple2vec,transition_predictability,4504,0.0370578219519376,0.012875921177613613
dunnhumby,2,tifuknn,sets2sets,n_baskets,4504,0.09964188581230765,2.0561593356032045e-11
dunnhumby,2,tifuknn,sets2sets,avg_basket_size,4504,0.19192749369174214,1.2550732730143463e-38
dunnhumby,2,tifuknn,sets2sets,repeat_rate,4504,0.27572113763468753,2.1764847000019506e-79
dunnhumby,2,tifuknn,sets2sets,adjacent_basket_jaccard,4504,0.23856771088541598,2.5728635708904483e-59
dunnhumby,2,tifuknn,sets2sets,recency_frequency_disagreement,4504,0.07602496175764704,3.253231113167946e-07
dunnhumby,2,tifuknn,sets2sets,recent_basket_novelty,4504,-0.1758013098075073,1.3701514444071825e-32
dunnhumby,2,tifuknn,sets2sets,popularity_profile,4504,0.04282713448057647,0.004043741277127118
dunnhumby,2,tifuknn,sets2sets,neighbor_similarity,4504,0.04612700055515881,0.001958482092379905
dunnhumby,2,tifuknn,sets2sets,cooccurrence_support,4463,0.030557621044044636,0.04121826128607253
dunnhumby,2,tifuknn,sets2sets,transition_predictability,4504,0.05364134648595189,0.0003163090058295053
dunnhumby,2,tifuknn,dnntsp,n_baskets,4504,0.08917434067001548,2.035611142733584e-09
dunnhumby,2,tifuknn,dnntsp,avg_basket_size,4504,-0.025839731966580987,0.08292512857156338
dunnhumby,2,tifuknn,dnntsp,repeat_rate,4504,0.11945104911015658,8.754564852809829e-16
dunnhumby,2,tifuknn,dnntsp,adjacent_basket_jaccard,4504,0.08959439098897305,1.7090447958279802e-09
dunnhumby,2,tifuknn,dnntsp,recency_frequency_disagreement,4504,0.007305679652167721,0.6240149484325055
dunnhumby,2,tifuknn,dnntsp,recent_basket_novelty,4504,-0.08215768424659649,3.360038914946305e-08
dunnhumby,2,tifuknn,dnntsp,popularity_profile,4504,0.00512385626855437,0.7310130456920032
dunnhumby,2,tifuknn,dnntsp,neighbor_similarity,4504,0.018615361228424405,0.21163847359148183
dunnhumby,2,tifuknn,dnntsp,cooccurrence_support,4463,-0.026513576306378815,0.07654858317954233
dunnhumby,2,tifuknn,dnntsp,transition_predictability,4504,0.014363305854612098,0.33518124244173453
dunnhumby,2,triple2vec,sets2sets,n_baskets,4504,0.12800174809408374,6.491363559241087e-18
dunnhumby,2,triple2vec,sets2sets,avg_basket_size,4504,0.1391539745879183,6.4753970267241024e-21
dunnhumby,2,triple2vec,sets2sets,repeat_rate,4504,0.2636284057618644,1.7122692128590842e-72
dunnhumby,2,triple2vec,sets2sets,adjacent_basket_jaccard,4504,0.21165570587914417,8.744946554722184e-47
dunnhumby,2,triple2vec,sets2sets,recency_frequency_disagreement,4504,0.061817564490263155,3.302887598809641e-05
dunnhumby,2,triple2vec,sets2sets,recent_basket_novelty,4504,-0.1576318206106155,1.8873687230939948e-26
dunnhumby,2,triple2vec,sets2sets,popularity_profile,4504,0.03240778573714632,0.029636568474553513
dunnhumby,2,triple2vec,sets2sets,neighbor_similarity,4504,0.04741451307454647,0.0014576644487366186
dunnhumby,2,triple2vec,sets2sets,cooccurrence_support,4463,0.01663842924514645,0.2664361075992999
dunnhumby,2,triple2vec,sets2sets,transition_predictability,4504,0.026209274246469613,0.07861714690126388
dunnhumby,2,triple2vec,dnntsp,n_baskets,4504,0.1249457272398909,3.8952752303922694e-17
dunnhumby,2,triple2vec,dnntsp,avg_basket_size,4504,-0.06198920211241293,3.1401221265532514e-05
dunnhumby,2,triple2vec,dnntsp,repeat_rate,4504,0.12313592741213254,1.1027637155704871e-16
dunnhumby,2,triple2vec,dnntsp,adjacent_basket_jaccard,4504,0.0738522750345496,6.985607877536658e-07
dunnhumby,2,triple2vec,dnntsp,recency_frequency_disagreement,4504,-4.6269523832452614e-05,0.9975230740515934
dunnhumby,2,triple2vec,dnntsp,recent_basket_novelty,4504,-0.07130492483473272,1.6663601629693538e-06
dunnhumby,2,triple2vec,dnntsp,popularity_profile,4504,0.0031614924505647844,0.8320171341655461
dunnhumby,2,triple2vec,dnntsp,neighbor_similarity,4504,0.02702641484824069,0.06973618373215815
dunnhumby,2,triple2vec,dnntsp,cooccurrence_support,4463,-0.032591105111040256,0.029462690099323906
dunnhumby,2,triple2vec,dnntsp,transition_predictability,4504,-0.006036298158324958,0.6854787140517301
dunnhumby,2,sets2sets,dnntsp,n_baskets,4504,0.00011264526924576872,0.9939698583436709
dunnhumby,2,sets2sets,dnntsp,avg_basket_size,4504,-0.2379658724778387,5.113890275545508e-59
dunnhumby,2,sets2sets,dnntsp,repeat_rate,4504,-0.17797820022434624,2.260954548680547e-33
dunnhumby,2,sets2sets,dnntsp,adjacent_basket_jaccard,4504,-0.1835112775639576,2.0882333115794277e-35
dunnhumby,2,sets2sets,dnntsp,recency_frequency_disagreement,4504,-0.06778493201895197,5.284941604048365e-06
dunnhumby,2,sets2sets,dnntsp,recent_basket_novelty,4504,0.11331408497092366,2.3993905260547164e-14
dunnhumby,2,sets2sets,dnntsp,popularity_profile,4504,-0.039476535441660104,0.00805774315987943
dunnhumby,2,sets2sets,dnntsp,neighbor_similarity,4504,-0.031530628859053875,0.034343321479062335
dunnhumby,2,sets2sets,dnntsp,cooccurrence_support,4463,-0.06392542017459273,1.9220662023013123e-05
dunnhumby,2,sets2sets,dnntsp,transition_predictability,4504,-0.05197043358533764,0.0004844293497938783
instacart,0,recency,frequency,n_baskets,4124,-0.17876915922494307,5.841162447731844e-31
instacart,0,recency,frequency,avg_basket_size,4124,-0.14235642698890688,4.0792735459260614e-20
instacart,0,recency,frequency,repeat_rate,4124,-0.1995060437600888,2.7345468453939847e-38
instacart,0,recency,frequency,adjacent_basket_jaccard,4124,-0.11851300903026031,2.2524732896271813e-14
instacart,0,recency,frequency,recency_frequency_disagreement,4124,-0.14594200814800046,4.519814081154925e-21
instacart,0,recency,frequency,recent_basket_novelty,4124,0.03451327019157203,0.02666585892461166
instacart,0,recency,frequency,popularity_profile,4124,0.004979893507657554,0.7491914257561703
instacart,0,recency,frequency,neighbor_similarity,4124,0.04180933855816178,0.007246731763744346
instacart,0,recency,frequency,cooccurrence_support,4112,0.002240694754241381,0.8857841415350907
instacart,0,recency,frequency,transition_predictability,4116,0.03256147674050305,0.0367135369333962
instacart,0,recency,racf,n_baskets,4124,-0.17790694619868005,1.1294715958243158e-30
instacart,0,recency,racf,avg_basket_size,4124,-0.14784698151659997,1.3728377787560052e-21
instacart,0,recency,racf,repeat_rate,4124,-0.19594578326963183,5.702733463960232e-37
instacart,0,recency,racf,adjacent_basket_jaccard,4124,-0.11086043647418883,9.392086553310601e-13
instacart,0,recency,racf,recency_frequency_disagreement,4124,-0.15404101357050118,2.5550578903275635e-23
instacart,0,recency,racf,recent_basket_novelty,4124,0.03155832437008408,0.042712063296702074
instacart,0,recency,racf,popularity_profile,4124,0.001798798055328875,0.9080639051428325
instacart,0,recency,racf,neighbor_similarity,4124,0.04540445239135552,0.0035407308105121467
instacart,0,recency,racf,cooccurrence_support,4112,0.0012324292333261383,0.9370283461513383
instacart,0,recency,racf,transition_predictability,4116,0.02877659018137848,0.06489015059006607
instacart,0,recency,tifuknn,n_baskets,4124,-0.17543686457497243,7.332352305031724e-30
instacart,0,recency,tifuknn,avg_basket_size,4124,-0.15329631637901414,4.161777632165394e-23
instacart,0,recency,tifuknn,repeat_rate,4124,-0.20492745369836915,2.394039305552809e-40
instacart,0,recency,tifuknn,adjacent_basket_jaccard,4124,-0.13534114725739935,2.5706348175225438e-18
instacart,0,recency,tifuknn,recency_frequency_disagreement,4124,-0.14542074170369587,6.244983785907931e-21
instacart,0,recency,tifuknn,recent_basket_novelty,4124,0.035791172129340125,0.021533881113925662
instacart,0,recency,tifuknn,popularity_profile,4124,-0.002405127019108852,0.8772890269768766
instacart,0,recency,tifuknn,neighbor_similarity,4124,0.03795183761889944,0.014795570380641476
instacart,0,recency,tifuknn,cooccurrence_support,4112,-0.004378268142972606,0.7789620648921898
instacart,0,recency,tifuknn,transition_predictability,4116,0.0212920447037307,0.17201631444187565
instacart,0,recency,triple2vec,n_baskets,4124,-0.06622282854406288,2.080183665288474e-05
instacart,0,recency,triple2vec,avg_basket_size,4124,0.01501293428931363,0.33511194289962554
instacart,0,recency,triple2vec,repeat_rate,4124,-0.12024054829816942,9.37677516989764e-15
instacart,0,recency,triple2vec,adjacent_basket_jaccard,4124,-0.14794161993390065,1.2933941723917202e-21
instacart,0,recency,triple2vec,recency_frequency_disagreement,4124,-0.02678498557937363,0.08545508919521667
instacart,0,recency,triple2vec,recent_basket_novelty,4124,0.005164448906347267,0.7402259074928641
instacart,0,recency,triple2vec,popularity_profile,4124,0.023632269386240714,0.1291713182129626
instacart,0,recency,triple2vec,neighbor_similarity,4124,0.04835379923751491,0.001895866682162452
instacart,0,recency,triple2vec,cooccurrence_support,4112,0.025190446692759147,0.10628915244780755
instacart,0,recency,triple2vec,transition_predictability,4116,0.04387705297078415,0.004870447397445387
instacart,0,recency,sets2sets,n_baskets,4124,-0.09629897217716034,5.766121693488523e-10
instacart,0,recency,sets2sets,avg_basket_size,4124,-0.033570100150342036,0.031101519052636264
instacart,0,recency,sets2sets,repeat_rate,4124,-0.08748870497206389,1.8286941397487245e-08
instacart,0,recency,sets2sets,adjacent_basket_jaccard,4124,-0.035637012751408924,0.0221035182526222
instacart,0,recency,sets2sets,recency_frequency_disagreement,4124,-0.0947157870080817,1.098797657501164e-09
instacart,0,recency,sets2sets,recent_basket_novelty,4124,-0.019279726860343495,0.21577076065193462
instacart,0,recency,sets2sets,popularity_profile,4124,0.17078127359060283,2.3123654360558326e-28
instacart,0,recency,sets2sets,neighbor_similarity,4124,0.20885979132743493,7.069663932350739e-42
instacart,0,recency,sets2sets,cooccurrence_support,4112,0.1936617691748068,4.8895693629665714e-36
instacart,0,recency,sets2sets,transition_predictability,4116,0.18154701113310068,7.808906923927466e-32
instacart,0,recency,dnntsp,n_baskets,4124,-0.20131869464972862,5.69460449428082e-39
instacart,0,recency,dnntsp,avg_basket_size,4124,-0.14720423501257335,2.0558613795188468e-21
instacart,0,recency,dnntsp,repeat_rate,4124,-0.19116546369147266,3.07266667546697e-35
instacart,0,recency,dnntsp,adjacent_basket_jaccard,4124,-0.05932758401132841,0.0001377776220535161
instacart,0,recency,dnntsp,recency_frequency_disagreement,4124,-0.1823462269410313,3.65463598041289e-32
instacart,0,recency,dnntsp,recent_basket_novelty,4124,0.031031431840878178,0.04629825746781365
instacart,0,recency,dnntsp,popularity_profile,4124,-0.06298465717785691,5.1753144923685165e-05
instacart,0,recency,dnntsp,neighbor_similarity,4124,-0.013457534725603543,0.3875888900101653
instacart,0,recency,dnntsp,cooccurrence_support,4112,-0.06390101665382239,4.1209775940261566e-05
instacart,0,recency,dnntsp,transition_predictability,4116,-0.02512060313492057,0.10709176733869197
instacart,0,frequency,racf,n_baskets,4124,0.025253223596149614,0.10491302251237396
instacart,0,frequency,racf,avg_basket_size,4124,-0.030213776747479673,0.05236335452674895
instacart,0,frequency,racf,repeat_rate,4124,0.026080477047154212,0.09400821896411887
instacart,0,frequency,racf,adjacent_basket_jaccard,4124,0.011505489764329812,0.46011084010380987
instacart,0,frequency,racf,recency_frequency_disagreement,4124,-0.02247264771386031,0.1490481671774426
instacart,0,frequency,racf,recent_basket_novelty,4124,-0.018989862249523756,0.22275372575600236
instacart,0,frequency,racf,popularity_profile,4124,-0.007771277795074502,0.6178391988001664
instacart,0,frequency,racf,neighbor_similarity,4124,0.01779746696470384,0.25317626425664724
instacart,0,frequency,racf,cooccurrence_support,4112,-0.001623468753241992,0.9171112955177408
instacart,0,frequency,racf,transition_predictability,4116,0.0006190651145986084,0.9683285395203207
instacart,0,frequency,tifuknn,n_baskets,4124,0.03641677348868362,0.01935133505453287
instacart,0,frequency,tifuknn,avg_basket_size,4124,0.003728600130626683,0.8108164451974373
instacart,0,frequency,tifuknn,repeat_rate,4124,0.028429084544200133,0.06792784614482471
instacart,0,frequency,tifuknn,adjacent_basket_jaccard,4124,-0.006104186171536552,0.6951426334783574
instacart,0,frequency,tifuknn,recency_frequency_disagreement,4124,0.024938525580288706,0.10931598449716957
instacart,0,frequency,tifuknn,recent_basket_novelty,4124,-0.01841033823162885,0.23719625110935352
instacart,0,frequency,tifuknn,popularity_profile,4124,-0.002453009960716129,0.8748659366379918
instacart,0,frequency,tifuknn,neighbor_similarity,4124,0.005107943581855776,0.7429671996833718
instacart,0,frequency,tifuknn,cooccurrence_support,4112,-0.0036461545561567326,0.815187679799134
instacart,0,frequency,tifuknn,transition_predictability,4116,-0.007985756714084738,0.608519974821439
instacart,0,frequency,triple2vec,n_baskets,4124,0.13642178323701154,1.376773623217362e-18
instacart,0,frequency,triple2vec,avg_basket_size,4124,0.21013956372074408,2.2119624131075258e-42
instacart,0,frequency,triple2vec,repeat_rate,4124,0.08383406855723902,6.985304098295412e-08
instacart,0,frequency,triple2vec,adjacent_basket_jaccard,4124,-0.06368859587057897,4.260227431934363e-05
instacart,0,frequency,triple2vec,recency_frequency_disagreement,4124,0.16536011750479201,1.1385321686377531e-26
instacart,0,frequency,triple2vec,recent_basket_novelty,4124,-0.028839851154141716,0.0640441805009119
instacart,0,frequency,triple2vec,popularity_profile,4124,0.0351368785818103,0.024042712370125004
instacart,0,frequency,triple2vec,neighbor_similarity,4124,0.02521981728474723,0.10537362953095777
instacart,0,frequency,triple2vec,cooccurrence_support,4112,0.03773519456873748,0.015525164491428774
instacart,0,frequency,triple2vec,transition_predictability,4116,0.02237011330196534,0.15130933796641832
instacart,0,frequency,sets2sets,n_baskets,4124,0.060901541865235394,9.098850218474018e-05
instacart,0,frequency,sets2sets,avg_basket_size,4124,0.10280942551799638,3.64596704290444e-11
instacart,0,frequency,sets2sets,repeat_rate,4124,0.09522443227075744,8.942109291587297e-10
instacart,0,frequency,sets2sets,adjacent_basket_jaccard,4124,0.07714053162454138,7.059142348030902e-07
instacart,0,frequency,sets2sets,recency_frequency_disagreement,4124,0.046384766854741,0.002887615314289744
instacart,0,frequency,sets2sets,recent_basket_novelty,4124,-0.05206304213362014,0.0008238383265740428
instacart,0,frequency,sets2sets,popularity_profile,4124,0.20477149186751067,2.7488857785951373e-40
instacart,0,frequency,sets2sets,neighbor_similarity,4124,0.20507573066901566,2.0990265480889536e-40
instacart,0,frequency,sets2sets,cooccurrence_support,4112,0.2310369108473575,5.919794569561217e-51
instacart,0,frequency,sets2sets,transition_predictability,4116,0.18428374865133682,9.137355731662356e-33
instacart,0,frequency,dnntsp,n_baskets,4124,-0.04791259316392485,0.0020860216038292878
instacart,0,frequency,dnntsp,avg_basket_size,4124,0.004362357572046016,0.77943152385977
instacart,0,frequency,dnntsp,repeat_rate,4124,-0.003939312074909672,0.8003450860332422
instacart,0,frequency,dnntsp,adjacent_basket_jaccard,4124,0.07357985774310087,2.243438503523742e-06
instacart,0,frequency,dnntsp,recency_frequency_disagreement,4124,-0.03864800052497847,0.013061546186503478
instacart,0,frequency,dnntsp,recent_basket_novelty,4124,-0.0010681665070450563,0.9453278037869692
instacart,0,frequency,dnntsp,popularity_profile,4124,-0.09213131560923565,3.0788175193811134e-09
instacart,0,frequency,dnntsp,neighbor_similarity,4124,-0.0659631384548139,2.2413889815789868e-05
instacart,0,frequency,dnntsp,cooccurrence_support,4112,-0.09025232127212403,6.731326562447604e-09
instacart,0,frequency,dnntsp,transition_predictability,4116,-0.07964190900113455,3.119392586514771e-07
instacart,0,racf,tifuknn,n_baskets,4124,0.027710818982064504,0.07518304729185687
instacart,0,racf,tifuknn,avg_basket_size,4124,0.023020334054898683,0.13938738170959306
instacart,0,racf,tifuknn,repeat_rate,4124,0.012595887643282755,0.41870249554858674
instacart,0,racf,tifuknn,adjacent_basket_jaccard,4124,-0.022873546741259156,0.1419280446890667
instacart,0,racf,tifuknn,recency_frequency_disagreement,4124,0.043249709160723813,0.005471415560793425
instacart,0,racf,tifuknn,recent_basket_novelty,4124,-0.0021593719113104566,0.8897429431286504
instacart,0,racf,tifuknn,popularity_profile,4124,-0.008616473593814875,0.5801412015438301
instacart,0,racf,tifuknn,neighbor_similarity,4124,-0.011097365866590492,0.4761795221387163
instacart,0,racf,tifuknn,cooccurrence_support,4112,-0.011008200825863517,0.48037080094052376
instacart,0,racf,tifuknn,transition_predictability,4116,-0.011345160112325578,0.4668198382975871
instacart,0,racf,triple2vec,n_baskets,4124,0.1268201276423521,2.9650595752129446e-16
instacart,0,racf,triple2vec,avg_basket_size,4124,0.21583071651022354,1.1488198754303653e-44
instacart,0,racf,triple2vec,repeat_rate,4124,0.06978484998778703,7.271575580651791e-06
instacart,0,racf,triple2vec,adjacent_basket_jaccard,4124,-0.07500680265386984,1.4202004846770839e-06
instacart,0,racf,triple2vec,recency_frequency_disagreement,4124,0.17316253793484693,4.0059447610845104e-29
instacart,0,racf,triple2vec,recent_basket_novelty,4124,-0.017112567718647543,0.2719039008803184
instacart,0,racf,triple2vec,popularity_profile,4124,0.03695522687741783,0.017630132985457816
instacart,0,racf,triple2vec,neighbor_similarity,4124,0.010027447392517505,0.5197262926508999
instacart,0,racf,triple2vec,cooccurrence_support,4112,0.034834528252670575,0.025498958456710987
instacart,0,racf,triple2vec,transition_predictability,4116,0.02156151381687319,0.16665187176059212
instacart,0,racf,sets2sets,n_baskets,4124,0.06313141500701103,4.970384857160772e-05
instacart,0,racf,sets2sets,avg_basket_size,4124,0.11064073645030208,1.041577097415968e-12
instacart,0,racf,sets2sets,repeat_rate,4124,0.09315692847326006,2.0523317295740067e-09
instacart,0,racf,sets2sets,adjacent_basket_jaccard,4124,0.07170281879029919,4.0426778479074095e-06
instacart,0,racf,sets2sets,recency_frequency_disagreement,4124,0.054388116719747776,0.0004754060523594926
instacart,0,racf,sets2sets,recent_basket_novelty,4124,-0.05054093071371976,0.0011673185890921397
instacart,0,racf,sets2sets,popularity_profile,4124,0.20910651769600988,5.65421747007047e-42
instacart,0,racf,sets2sets,neighbor_similarity,4124,0.2058598732348032,1.0453027082076591e-40
instacart,0,racf,sets2sets,cooccurrence_support,4112,0.23539423298726453,7.015609052162961e-53
instacart,0,racf,sets2sets,transition_predictability,4116,0.1909472800383082,4.269675408822853e-35
instacart,0,racf,dnntsp,n_baskets,4124,-0.05972209629010949,0.00012428364074849364
instacart,0,racf,dnntsp,avg_basket_size,4124,0.017152331367185907,0.2707913548202433
instacart,0,racf,dnntsp,repeat_rate,4124,-0.019893114270360415,0.2015166008095073
instacart,0,racf,dnntsp,adjacent_basket_jaccard,4124,0.06252998966665012,5.862211683776778e-05
instacart,0,racf,dnntsp,recency_frequency_disagreement,4124,-0.027825088666524864,0.07398820878712603
instacart,0,racf,dnntsp,recent_basket_novelty,4124,0.007253847025525971,0.6414336902546549
instacart,0,racf,dnntsp,popularity_profile,4124,-0.08937246546477294,8.970799888905556e-09
instacart,0,racf,dnntsp,neighbor_similarity,4124,-0.07569246480462988,1.1367478532208921e-06
instacart,0,racf,dnntsp,cooccurrence_support,4112,-0.08920394654549636,1.0050256934783654e-08
instacart,0,racf,dnntsp,transition_predictability,4116,-0.07299105011225038,2.7636110339239205e-06
instacart,0,tifuknn,triple2vec,n_baskets,4124,0.11701130365140133,4.7758508099537586e-14
instacart,0,tifuknn,triple2vec,avg_basket_size,4124,0.2045498757805149,3.3447682484727908e-40
instacart,0,tifuknn,triple2vec,repeat_rate,4124,0.07287948644404946,2.7994026026739584e-06
instacart,0,tifuknn,triple2vec,adjacent_basket_jaccard,4124,-0.047769187914053816,0.002151496634646745
instacart,0,tifuknn,triple2vec,recency_frequency_disagreement,4124,0.14486641299850753,8.79599233574833e-21
instacart,0,tifuknn,triple2vec,recent_basket_novelty,4124,-0.023660514016386622,0.12871420848320195
instacart,0,tifuknn,triple2vec,popularity_profile,4124,0.05700436885028118,0.00024967152991849036
instacart,0,tifuknn,triple2vec,neighbor_similarity,4124,0.03612637961936326,0.020339174968662076
instacart,0,tifuknn,triple2vec,cooccurrence_support,4112,0.05782074397090051,0.0002074848149197085
instacart,0,tifuknn,triple2vec,transition_predictability,4116,0.04231756958856361,0.0066211719523499015
instacart,0,tifuknn,sets2sets,n_baskets,4124,0.045750185777898335,0.00329644322127729
instacart,0,tifuknn,sets2sets,avg_basket_size,4124,0.10288250479650456,3.531168003600248e-11
instacart,0,tifuknn,sets2sets,repeat_rate,4124,0.08218304817650122,1.25702198042375e-07
instacart,0,tifuknn,sets2sets,adjacent_basket_jaccard,4124,0.07950945827439239,3.178965972304115e-07
instacart,0,tifuknn,sets2sets,recency_frequency_disagreement,4124,0.03417228496599623,0.02820204643126672
instacart,0,tifuknn,sets2sets,recent_basket_novelty,4124,-0.04460156888362797,0.0041727573337209094
instacart,0,tifuknn,sets2sets,popularity_profile,4124,0.20537619369568186,1.6074932576483174e-40
instacart,0,tifuknn,sets2sets,neighbor_similarity,4124,0.20496955123933067,2.306325814215884e-40
instacart,0,tifuknn,sets2sets,cooccurrence_support,4112,0.23329451951303132,6.015282796268399e-52
instacart,0,tifuknn,sets2sets,transition_predictability,4116,0.19502458170481538,1.4489950366801314e-36
instacart,0,tifuknn,dnntsp,n_baskets,4124,-0.06579333471174495,2.3531491860290285e-05
instacart,0,tifuknn,dnntsp,avg_basket_size,4124,-0.0031552051855151973,0.839477989824414
instacart,0,tifuknn,dnntsp,repeat_rate,4124,-0.016902795444594238,0.2778248646865523
instacart,0,tifuknn,dnntsp,adjacent_basket_jaccard,4124,0.08214217543600635,1.2752584568573034e-07
instacart,0,tifuknn,dnntsp,recency_frequency_disagreement,4124,-0.061376050544194184,8.013567111669591e-05
instacart,0,tifuknn,dnntsp,recent_basket_novelty,4124,0.0030544747643305743,0.8445362734299308
instacart,0,tifuknn,dnntsp,popularity_profile,4124,-0.07550443644593346,1.2085382728364417e-06
instacart,0,tifuknn,dnntsp,neighbor_similarity,4124,-0.05800094438408826,0.00019397634366877302
instacart,0,tifuknn,dnntsp,cooccurrence_support,4112,-0.07357653579390087,2.3232881618811273e-06
instacart,0,tifuknn,dnntsp,transition_predictability,4116,-0.05536612957717013,0.0003798237696418954
instacart,0,triple2vec,sets2sets,n_baskets,4124,-0.038798188963893615,0.012711920636506505
instacart,0,triple2vec,sets2sets,avg_basket_size,4124,-0.03927992683475682,0.01164570371130876
instacart,0,triple2vec,sets2sets,repeat_rate,4124,0.02763457787423135,0.07598897200706115
instacart,0,triple2vec,sets2sets,adjacent_basket_jaccard,4124,0.11326870412449999,2.9818251533917107e-13
instacart,0,triple2vec,sets2sets,recency_frequency_disagreement,4124,-0.06930008192057364,8.414956486592789e-06
instacart,0,triple2vec,sets2sets,recent_basket_novelty,4124,-0.021581830876706433,0.16584115655159326
instacart,0,triple2vec,sets2sets,popularity_profile,4124,0.17266528507409482,5.788951830388907e-29
instacart,0,triple2vec,sets2sets,neighbor_similarity,4124,0.1930591203251452,6.413278789050087e-36
instacart,0,triple2vec,sets2sets,cooccurrence_support,4112,0.20094896555272854,1.0069830025237397e-38
instacart,0,triple2vec,sets2sets,transition_predictability,4116,0.17314902354891723,4.574574136495892e-29
instacart,0,triple2vec,dnntsp,n_baskets,4124,-0.1515025397465441,1.3344529459980466e-22
instacart,0,triple2vec,dnntsp,avg_basket_size,4124,-0.16006062845866587,4.527488628678915e-25
instacart,0,triple2vec,dnntsp,repeat_rate,4124,-0.07319588646277136,2.5335800683379953e-06
instacart,0,triple2vec,dnntsp,adjacent_basket_jaccard,4124,0.11425343949384298,1.852169441148033e-13
instacart,0,triple2vec,dnntsp,recency_frequency_disagreement,4124,-0.16561059503056674,9.536894524587873e-27
instacart,0,triple2vec,dnntsp,recent_basket_novelty,4124,0.025758860511912042,0.09813458718996254
instacart,0,triple2vec,dnntsp,popularity_profile,4124,-0.10305102174902268,3.279758327036337e-11
instacart,0,triple2vec,dnntsp,neighbor_similarity,4124,-0.07292141430972489,2.7626983408691305e-06
instacart,0,triple2vec,dnntsp,cooccurrence_support,4112,-0.10460835509846568,1.7630028545938973e-11
instacart,0,triple2vec,dnntsp,transition_predictability,4116,-0.07799572329496385,5.4426774123548e-07
instacart,0,sets2sets,dnntsp,n_baskets,4124,-0.0857458700568094,3.4887837394271906e-08
instacart,0,sets2sets,dnntsp,avg_basket_size,4124,-0.10146242826379095,6.549099380582508e-11
instacart,0,sets2sets,dnntsp,repeat_rate,4124,-0.09134251242284096,4.193420750771296e-09
instacart,0,sets2sets,dnntsp,adjacent_basket_jaccard,4124,-0.029433319025357948,0.058758435801157693
instacart,0,sets2sets,dnntsp,recency_frequency_disagreement,4124,-0.0708917958112252,5.191167961720399e-06
instacart,0,sets2sets,dnntsp,recent_basket_novelty,4124,0.044082830801203655,0.004633804644653731
instacart,0,sets2sets,dnntsp,popularity_profile,4124,-0.2592486704776377,2.5345179587634723e-64
instacart,0,sets2sets,dnntsp,neighbor_similarity,4124,-0.24870480958127808,3.5186242430022194e-59
instacart,0,sets2sets,dnntsp,cooccurrence_support,4112,-0.2883869551624204,1.3812169766554138e-79
instacart,0,sets2sets,dnntsp,transition_predictability,4116,-0.23549305622589325,5.651325796577979e-53
instacart,1,recency,frequency,n_baskets,4124,-0.19336741022242662,4.961677769022374e-36
instacart,1,recency,frequency,avg_basket_size,4124,-0.1467969210105068,2.6529286770893703e-21
instacart,1,recency,frequency,repeat_rate,4124,-0.2276672806871253,1.245592278999565e-49
instacart,1,recency,frequency,adjacent_basket_jaccard,4124,-0.14923492765046587,5.704881863532312e-22
instacart,1,recency,frequency,recency_frequency_disagreement,4124,-0.1257508851442832,5.263190974104206e-16
instacart,1,recency,frequency,recent_basket_novelty,4124,0.06513714780491595,2.836886441846459e-05
instacart,1,recency,frequency,popularity_profile,4124,-0.018109871292685948,0.24493933344328356
instacart,1,recency,frequency,neighbor_similarity,4124,-0.004036634916671868,0.7955205747780322
instacart,1,recency,frequency,cooccurrence_support,4111,-0.021484767513571833,0.1684255074957733
instacart,1,recency,frequency,transition_predictability,4116,-0.007062606220382086,0.6505652960728727
instacart,1,recency,racf,n_baskets,4124,-0.18135313665960298,7.934689374316781e-32
instacart,1,recency,racf,avg_basket_size,4124,-0.13894032177197044,3.150406227276107e-19
instacart,1,recency,racf,repeat_rate,4124,-0.2175026847756536,2.3795063265018368e-45
instacart,1,recency,racf,adjacent_basket_jaccard,4124,-0.14995139301316804,3.6136911769272703e-22
instacart,1,recency,racf,recency_frequency_disagreement,4124,-0.11992992488498233,1.098738309525538e-14
instacart,1,recency,racf,recent_basket_novelty,4124,0.05908448129132995,0.00014676751185749642
instacart,1,recency,racf,popularity_profile,4124,-0.018563421865906815,0.23331844346021977
instacart,1,recency,racf,neighbor_similarity,4124,-0.0033063172670911908,0.8319022148465857
instacart,1,recency,racf,cooccurrence_support,4111,-0.01984057993126002,0.20342344037239257
instacart,1,recency,racf,transition_predictability,4116,-0.007697797844135434,0.6215055704196122
instacart,1,recency,tifuknn,n_baskets,4124,-0.18986343749247353,8.937746362880958e-35
instacart,1,recency,tifuknn,avg_basket_size,4124,-0.15301534559926974,4.999713281355941e-23
instacart,1,recency,tifuknn,repeat_rate,4124,-0.23668531983269786,1.3085924066908262e-53
instacart,1,recency,tifuknn,adjacent_basket_jaccard,4124,-0.1750878773276891,9.529254043855479e-30
instacart,1,recency,tifuknn,recency_frequency_disagreement,4124,-0.11406632196063157,2.0282121328965924e-13
instacart,1,recency,tifuknn,recent_basket_novelty,4124,0.07025607222392719,6.303532639720032e-06
instacart,1,recency,tifuknn,popularity_profile,4124,-0.019462768778188373,0.2114431842748602
instacart,1,recency,tifuknn,neighbor_similarity,4124,-0.008262574912216372,0.5957948679911904
instacart,1,recency,tifuknn,cooccurrence_support,4111,-0.02118217723622401,0.17450218278286453
instacart,1,recency,tifuknn,transition_predictability,4116,-0.013870702857875093,0.3736473260412774
instacart,1,recency,triple2vec,n_baskets,4124,-0.1761742893128313,4.206923781481734e-30
instacart,1,recency,triple2vec,avg_basket_size,4124,-0.09915993788498868,1.7514107172757923e-10
instacart,1,recency,triple2vec,repeat_rate,4124,-0.21607737526621376,9.114647128284622e-45
instacart,1,recency,triple2vec,adjacent_basket_jaccard,4124,-0.15655904142165902,4.821137298013904e-24
instacart,1,recency,triple2vec,recency_frequency_disagreement,4124,-0.0975353400391493,3.4598552149844875e-10
instacart,1,recency,triple2vec,recent_basket_novelty,4124,0.059407594700953775,0.00013493407246074592
instacart,1,recency,triple2vec,popularity_profile,4124,-0.005776161197736681,0.7107668774278934
instacart,1,recency,triple2vec,neighbor_similarity,4124,-0.0025885840541758545,0.8680117154759972
instacart,1,recency,triple2vec,cooccurrence_support,4111,-0.008217422448131778,0.5983840149033792
instacart,1,recency,triple2vec,transition_predictability,4116,-0.001765644683784612,0.9098383118320327
instacart,1,recency,sets2sets,n_baskets,4124,-0.06573976464699907,2.3894938252141235e-05
instacart,1,recency,sets2sets,avg_basket_size,4124,-0.05911463951702658,0.0001456229997293096
instacart,1,recency,sets2sets,repeat_rate,4124,-0.0705037082550264,5.845516894977191e-06
instacart,1,recency,sets2sets,adjacent_basket_jaccard,4124,-0.039258866779839995,0.011690603151583514
instacart,1,recency,sets2sets,recency_frequency_disagreement,4124,-0.10007653700855383,1.1870500227973474e-10
instacart,1,recency,sets2sets,recent_basket_novelty,4124,-0.04756675438101683,0.002247131213823465
instacart,1,recency,sets2sets,popularity_profile,4124,0.1565146523261569,4.966172209783262e-24
instacart,1,recency,sets2sets,neighbor_similarity,4124,0.17395687871408375,2.2196326866690228e-29
instacart,1,recency,sets2sets,cooccurrence_support,4111,0.16977358601332093,5.836609889010844e-28
instacart,1,recency,sets2sets,transition_predictability,4116,0.1463578157689041,3.8087042272931745e-21
instacart,1,recency,dnntsp,n_baskets,4124,-0.19762425835810965,1.3718778438276292e-37
instacart,1,recency,dnntsp,avg_basket_size,4124,-0.13294885146524646,1.0060199384019589e-17
instacart,1,recency,dnntsp,repeat_rate,4124,-0.2133605085170323,1.1480718464350318e-43
instacart,1,recency,dnntsp,adjacent_basket_jaccard,4124,-0.09734250842993582,3.7483186900585256e-10
instacart,1,recency,dnntsp,recency_frequency_disagreement,4124,-0.1374995174806018,7.349131821273098e-19
instacart,1,recency,dnntsp,recent_basket_novelty,4124,0.04747489246825132,0.002291800310656781
instacart,1,recency,dnntsp,popularity_profile,4124,-0.07038246884303086,6.065627261654084e-06
instacart,1,recency,dnntsp,neighbor_similarity,4124,-0.04098360358645077,0.008483177499850413
instacart,1,recency,dnntsp,cooccurrence_support,4111,-0.0717672997387234,4.103890441711745e-06
instacart,1,recency,dnntsp,transition_predictability,4116,-0.04392091151531715,0.004827917277455144
instacart,1,frequency,racf,n_baskets,4124,0.059503065613762375,0.0001316133974970095
instacart,1,frequency,racf,avg_basket_size,4124,0.02428005819762171,0.1190003858958506
instacart,1,frequency,racf,repeat_rate,4124,0.0587012933213355,0.00016206657860155812
instacart,1,frequency,racf,adjacent_basket_jaccard,4124,0.01717621103829502,0.27012472703129203
instacart,1,frequency,racf,recency_frequency_disagreement,4124,0.01854125904942915,0.23387705749769072
instacart,1,frequency,racf,recent_basket_novelty,4124,-0.046631998996657605,0.0027412744180132036
instacart,1,frequency,racf,popularity_profile,4124,0.02342535354365657,0.13255857080080938
instacart,1,frequency,racf,neighbor_similarity,4124,0.013958611514265622,0.3701612818249229
instacart,1,frequency,racf,cooccurrence_support,4111,0.0289712443322608,0.06325759968952657
instacart,1,frequency,racf,transition_predictability,4116,0.015380169384134643,0.323892865094382
instacart,1,frequency,tifuknn,n_baskets,4124,0.05005528045970979,0.0013021291525114435
instacart,1,frequency,tifuknn,avg_basket_size,4124,-0.0006222122469708573,0.9681366943979282
instacart,1,frequency,tifuknn,repeat_rate,4124,0.024023038598075377,0.12295809310937843
instacart,1,frequency,tifuknn,adjacent_basket_jaccard,4124,-0.036827874211651124,0.0180246357277486
instacart,1,frequency,tifuknn,recency_frequency_disagreement,4124,0.04584989953066804,0.0032288960172350955
instacart,1,frequency,tifuknn,recent_basket_novelty,4124,-0.014240708710493589,0.3605674609325643
instacart,1,frequency,tifuknn,popularity_profile,4124,-0.00988896890217108,0.5255089351461117
instacart,1,frequency,tifuknn,neighbor_similarity,4124,0.00450532379575153,0.7723989908336397
instacart,1,frequency,tifuknn,cooccurrence_support,4111,-0.0006673949233805733,0.9658781780196792
instacart,1,frequency,tifuknn,transition_predictability,4116,-0.009318248885780376,0.5500711408095698
instacart,1,frequency,triple2vec,n_baskets,4124,0.0240050469872274,0.12323893979581689
instacart,1,frequency,triple2vec,avg_basket_size,4124,0.09320906785013926,2.0102166542775833e-09
instacart,1,frequency,triple2vec,repeat_rate,4124,0.01261490633247389,0.4180002626192111
instacart,1,frequency,triple2vec,adjacent_basket_jaccard,4124,-0.017866210675364945,0.2513474029828834
instacart,1,frequency,triple2vec,recency_frequency_disagreement,4124,0.061026141022968494,8.801155888488562e-05
instacart,1,frequency,triple2vec,recent_basket_novelty,4124,-0.0011978649452685937,0.9387017839225629
instacart,1,frequency,triple2vec,popularity_profile,4124,0.026948765707557675,0.08355961533778004
instacart,1,frequency,triple2vec,neighbor_similarity,4124,0.009158160130267441,0.5565616752335705
instacart,1,frequency,triple2vec,cooccurrence_support,4111,0.032435828233135094,0.03756174850694293
instacart,1,frequency,triple2vec,transition_predictability,4116,0.019444782986108272,0.2123096350987879
instacart,1,frequency,sets2sets,n_baskets,4124,0.10667683938762802,6.50433592633747e-12
instacart,1,frequency,sets2sets,avg_basket_size,4124,0.08983222251466927,7.522766463591302e-09
instacart,1,frequency,sets2sets,repeat_rate,4124,0.14008966909299891,1.5926485346732324e-19
instacart,1,frequency,sets2sets,adjacent_basket_jaccard,4124,0.10935615513182902,1.8994557452357636e-12
instacart,1,frequency,sets2sets,recency_frequency_disagreement,4124,0.02524058907123368,0.10508703942145464
instacart,1,frequency,sets2sets,recent_basket_novelty,4124,-0.10679849845476433,6.154784753041627e-12
instacart,1,frequency,sets2sets,popularity_profile,4124,0.2002698005552985,1.4144090088687197e-38
instacart,1,frequency,sets2sets,neighbor_similarity,4124,0.2094157595051438,4.271564271621817e-42
instacart,1,frequency,sets2sets,cooccurrence_support,4111,0.21980044804539065,3.697260069097847e-46
instacart,1,frequency,sets2sets,transition_predictability,4116,0.17742440031508563,1.855640698879952e-30
instacart,1,frequency,dnntsp,n_baskets,4124,-0.020716025992509855,0.1834889461477005
instacart,1,frequency,dnntsp,avg_basket_size,4124,0.01321573893884159,0.3961745564685102
instacart,1,frequency,dnntsp,repeat_rate,4124,0.0022038912547217983,0.8874847648509023
instacart,1,frequency,dnntsp,adjacent_basket_jaccard,4124,0.06606295884431304,2.1780664136706098e-05
instacart,1,frequency,dnntsp,recency_frequency_disagreement,4124,-0.02124957264229798,0.17245635451594357
instacart,1,frequency,dnntsp,recent_basket_novelty,4124,-0.02509441838007583,0.10711695960076661
instacart,1,frequency,dnntsp,popularity_profile,4124,-0.08696827849758434,2.2206376487408213e-08
instacart,1,frequency,dnntsp,neighbor_similarity,4124,-0.05442684370875554,0.00047098784992653065
instacart,1,frequency,dnntsp,cooccurrence_support,4111,-0.08421607053027567,6.385533184120569e-08
instacart,1,frequency,dnntsp,transition_predictability,4116,-0.06437374085065274,3.580615565309109e-05
instacart,1,racf,tifuknn,n_baskets,4124,0.02114290320228943,0.17462141903861583
instacart,1,racf,tifuknn,avg_basket_size,4124,-0.0060717297133130455,0.6966829489037414
instacart,1,racf,tifuknn,repeat_rate,4124,-0.0015947016460727912,0.9184565085598879
instacart,1,racf,tifuknn,adjacent_basket_jaccard,4124,-0.03578169316395887,0.021568534717134893
instacart,1,racf,tifuknn,recency_frequency_disagreement,4124,0.03502761759082776,0.024485463158209937
instacart,1,racf,tifuknn,recent_basket_novelty,4124,0.005903012619066161,0.7047099362264896
instacart,1,racf,tifuknn,popularity_profile,4124,-0.018274194750295996,0.24068299999030543
instacart,1,racf,tifuknn,neighbor_similarity,4124,-0.003841432405143941,0.8052048923929018
instacart,1,racf,tifuknn,cooccurrence_support,4111,-0.01071926962332676,0.49202034237988357
instacart,1,racf,tifuknn,transition_predictability,4116,-0.012888361338590257,0.40843566024615374
instacart,1,racf,triple2vec,n_baskets,4124,0.0025232446977196104,0.8713138729679133
instacart,1,racf,triple2vec,avg_basket_size,4124,0.08138352738202925,1.664053688522839e-07
instacart,1,racf,triple2vec,repeat_rate,4124,-0.011213475061335895,0.4715770196028939
instacart,1,racf,triple2vec,adjacent_basket_jaccard,4124,-0.021905629212015495,0.15957977862016817
instacart,1,racf,triple2vec,recency_frequency_disagreement,4124,0.05577822689957196,0.0003387723678710269
instacart,1,racf,triple2vec,recent_basket_novelty,4124,0.011980320916887777,0.441803590086397
instacart,1,racf,triple2vec,popularity_profile,4124,0.009674697985849974,0.534520934794167
instacart,1,racf,triple2vec,neighbor_similarity,4124,-0.003335593627973508,0.8304362692203754
instacart,1,racf,triple2vec,cooccurrence_support,4111,0.010750748026083857,0.49074972643664383
instacart,1,racf,triple2vec,transition_predictability,4116,0.011615881235836107,0.45625482293052955
instacart,1,racf,sets2sets,n_baskets,4124,0.09837734540515956,2.434505665699642e-10
instacart,1,racf,sets2sets,avg_basket_size,4124,0.08667149964695632,2.4794501469532665e-08
instacart,1,racf,sets2sets,repeat_rate,4124,0.1307253205899259,3.497823231612698e-17
instacart,1,racf,sets2sets,adjacent_basket_jaccard,4124,0.10868736719045256,2.5899378552529096e-12
instacart,1,racf,sets2sets,recency_frequency_disagreement,4124,0.02362066290179144,0.12935952200753212
instacart,1,racf,sets2sets,recent_basket_novelty,4124,-0.09975557399272547,1.3607914033881812e-10
instacart,1,racf,sets2sets,popularity_profile,4124,0.2016695431833991,4.1957257637643225e-39
instacart,1,racf,sets2sets,neighbor_similarity,4124,0.21125502666198306,7.984074693544229e-43
instacart,1,racf,sets2sets,cooccurrence_support,4111,0.22013009195772457,2.6993600264711575e-46
instacart,1,racf,sets2sets,transition_predictability,4116,0.18129304810748018,9.512856674644666e-32
instacart,1,racf,dnntsp,n_baskets,4124,-0.03531224639658372,0.02334658726030159
instacart,1,racf,dnntsp,avg_basket_size,4124,0.006498209830772741,0.6765450037558205
instacart,1,racf,dnntsp,repeat_rate,4124,-0.012159091157435246,0.4350205819848648
instacart,1,racf,dnntsp,adjacent_basket_jaccard,4124,0.06358584129694789,4.3835035114315484e-05
instacart,1,racf,dnntsp,recency_frequency_disagreement,4124,-0.025426373292555867,0.10255117856168153
instacart,1,racf,dnntsp,recent_basket_novelty,4124,-0.013737625180595884,0.3777864458022193
instacart,1,racf,dnntsp,popularity_profile,4124,-0.08619197816895072,2.960617051870869e-08
instacart,1,racf,dnntsp,neighbor_similarity,4124,-0.05194080233066393,0.0008475035884243869
instacart,1,racf,dnntsp,cooccurrence_support,4111,-0.08455942406729929,5.6423159078700964e-08
instacart,1,racf,dnntsp,transition_predictability,4116,-0.064381617226617,3.5727263812957264e-05
instacart,1,tifuknn,triple2vec,n_baskets,4124,-0.01832279645386663,0.23943415033325124
instacart,1,tifuknn,triple2vec,avg_basket_size,4124,0.07352983083053637,2.279348385651339e-06
instacart,1,tifuknn,triple2vec,repeat_rate,4124,-0.006491496918692975,0.6768602419920903
instacart,1,tifuknn,triple2vec,adjacent_basket_jaccard,4124,0.00898280036115852,0.5641437371445419
instacart,1,tifuknn,triple2vec,recency_frequency_disagreement,4124,0.009595998348981269,0.5378504221348601
instacart,1,tifuknn,triple2vec,recent_basket_novelty,4124,0.0004550562904454248,0.9766938204713935
instacart,1,tifuknn,triple2vec,popularity_profile,4124,0.032880206432137245,0.03473414279334369
instacart,1,tifuknn,triple2vec,neighbor_similarity,4124,0.011330716355744008,0.46695462858040815
instacart,1,tifuknn,triple2vec,cooccurrence_support,4111,0.033806414267235664,0.03019454578606659
instacart,1,tifuknn,triple2vec,transition_predictability,4116,0.02512120963995908,0.1070832907136539
instacart,1,tifuknn,sets2sets,n_baskets,4124,0.08933478629679813,9.100811820961527e-09
instacart,1,tifuknn,sets2sets,avg_basket_size,4124,0.08946636295872279,8.654610739224214e-09
instacart,1,tifuknn,sets2sets,repeat_rate,4124,0.1327608364303219,1.1187285337836702e-17
instacart,1,tifuknn,sets2sets,adjacent_basket_jaccard,4124,0.12181990266395935,4.161828432057329e-15
instacart,1,tifuknn,sets2sets,recency_frequency_disagreement,4124,0.002460101365686096,0.8745071790551489
instacart,1,tifuknn,sets2sets,recent_basket_novelty,4124,-0.11105236914589349,8.579048749604127e-13
instacart,1,tifuknn,sets2sets,popularity_profile,4124,0.20440959317779092,3.78662311141301e-40
instacart,1,tifuknn,sets2sets,neighbor_similarity,4124,0.21828514594780118,1.1337538595326903e-45
instacart,1,tifuknn,sets2sets,cooccurrence_support,4111,0.2238385875169293,7.565935620702418e-48
instacart,1,tifuknn,sets2sets,transition_predictability,4116,0.18914714151859627,1.8561183833593982e-34
instacart,1,tifuknn,dnntsp,n_baskets,4124,-0.05093377831130122,0.0010678322986862304
instacart,1,tifuknn,dnntsp,avg_basket_size,4124,0.014892202032972384,0.33901355526756927
instacart,1,tifuknn,dnntsp,repeat_rate,4124,-0.010426337761433608,0.5032545660539276
instacart,1,tifuknn,dnntsp,adjacent_basket_jaccard,4124,0.0847823326158338,4.959598945700183e-08
instacart,1,tifuknn,dnntsp,recency_frequency_disagreement,4124,-0.04355058493220536,0.005154327671469281
instacart,1,tifuknn,dnntsp,recent_basket_novelty,4124,-0.020142174274697375,0.19592916526532933
instacart,1,tifuknn,dnntsp,popularity_profile,4124,-0.07740983461259959,6.454522645551291e-07
instacart,1,tifuknn,dnntsp,neighbor_similarity,4124,-0.04637080768937748,0.0028960868109468452
instacart,1,tifuknn,dnntsp,cooccurrence_support,4111,-0.07787870872162517,5.749973286587509e-07
instacart,1,tifuknn,dnntsp,transition_predictability,4116,-0.05153570496835404,0.0009412551957495791
instacart,1,triple2vec,sets2sets,n_baskets,4124,0.08951214618348224,8.504395406411323e-09
instacart,1,triple2vec,sets2sets,avg_basket_size,4124,0.0507227072527016,0.0011202658182973928
instacart,1,triple2vec,sets2sets,repeat_rate,4124,0.12857546177442344,1.143689835090787e-16
instacart,1,triple2vec,sets2sets,adjacent_basket_jaccard,4124,0.11905542421061138,1.712963093866391e-14
instacart,1,triple2vec,sets2sets,recency_frequency_disagreement,4124,0.0003628779531796604,0.9814138674235723
instacart,1,triple2vec,sets2sets,recent_basket_novelty,4124,-0.10182694500736002,5.5933228046642805e-11
instacart,1,triple2vec,sets2sets,popularity_profile,4124,0.194219469430705,2.435625661022444e-36
instacart,1,triple2vec,sets2sets,neighbor_similarity,4124,0.2123598365695801,2.893321184106112e-43
instacart,1,triple2vec,sets2sets,cooccurrence_support,4111,0.21125358021331572,1.0773527064829362e-42
instacart,1,triple2vec,sets2sets,transition_predictability,4116,0.17713079082888272,2.3185567185476023e-30
instacart,1,triple2vec,dnntsp,n_baskets,4124,-0.041793904099065936,0.007268274862720117
instacart,1,triple2vec,dnntsp,avg_basket_size,4124,-0.04012249196479736,0.009970295203885645
instacart,1,triple2vec,dnntsp,repeat_rate,4124,-0.009445652817883142,0.5442397806989281
instacart,1,triple2vec,dnntsp,adjacent_basket_jaccard,4124,0.08007880618114319,2.6154021188318217e-07
instacart,1,triple2vec,dnntsp,recency_frequency_disagreement,4124,-0.05634721844257569,0.00029425441240058355
instacart,1,triple2vec,dnntsp,recent_basket_novelty,4124,-0.018459672023859168,0.23594162165857768
instacart,1,triple2vec,dnntsp,popularity_profile,4124,-0.0913011796801822,4.261562692363834e-09
instacart,1,triple2vec,dnntsp,neighbor_similarity,4124,-0.048569594864768174,0.0018087784295052485
instacart,1,triple2vec,dnntsp,cooccurrence_support,4111,-0.09362351637497429,1.8071648919757937e-09
instacart,1,triple2vec,dnntsp,transition_predictability,4116,-0.0681014434907726,1.22623563722278e-05
instacart,1,sets2sets,dnntsp,n_baskets,4124,-0.11436054022266938,1.75825445256882e-13
instacart,1,sets2sets,dnntsp,avg_basket_size,4124,-0.07593627923282051,1.0497463875671588e-06
instacart,1,sets2sets,dnntsp,repeat_rate,4124,-0.12814557742694582,1.445969094761355e-16
instacart,1,sets2sets,dnntsp,adjacent_basket_jaccard,4124,-0.05201683388121997,0.0008327111195677916
instacart,1,sets2sets,dnntsp,recency_frequency_disagreement,4124,-0.037429681996988644,0.016226221983959985
instacart,1,sets2sets,dnntsp,recent_basket_novelty,4124,0.08775134235826501,1.6572824020680854e-08
instacart,1,sets2sets,dnntsp,popularity_profile,4124,-0.2634084827087742,2.03391433923001e-66
instacart,1,sets2sets,dnntsp,neighbor_similarity,4124,-0.24828492952410952,5.574114084067918e-59
instacart,1,sets2sets,dnntsp,cooccurrence_support,4111,-0.2788521782548283,2.64087438939703e-74
instacart,1,sets2sets,dnntsp,transition_predictability,4116,-0.22458201192240865,3.2195143357126683e-48
instacart,2,recency,frequency,n_baskets,4124,-0.15263169696092097,6.419214035283441e-23
instacart,2,recency,frequency,avg_basket_size,4124,-0.13921281362638382,2.6813622577468424e-19
instacart,2,recency,frequency,repeat_rate,4124,-0.16527396083687063,1.2099900021508145e-26
instacart,2,recency,frequency,adjacent_basket_jaccard,4124,-0.10928408960977642,1.9641684604449994e-12
instacart,2,recency,frequency,recency_frequency_disagreement,4124,-0.14244067059187498,3.8762534086023826e-20
instacart,2,recency,frequency,recent_basket_novelty,4124,0.023358476342985632,0.1336679448110289
instacart,2,recency,frequency,popularity_profile,4124,-0.014869032276517279,0.33976563375211455
instacart,2,recency,frequency,neighbor_similarity,4124,0.03855000117525255,0.01329423846628948
instacart,2,recency,frequency,cooccurrence_support,4109,-0.014985088373800972,0.3368901451468964
instacart,2,recency,frequency,transition_predictability,4116,0.012081604505446207,0.438398166249963
instacart,2,recency,racf,n_baskets,4124,-0.150380834997574,2.745540532717049e-22
instacart,2,recency,racf,avg_basket_size,4124,-0.1396922362657321,2.0176210373962837e-19
instacart,2,recency,racf,repeat_rate,4124,-0.16565068660202306,9.270025974493921e-27
instacart,2,recency,racf,adjacent_basket_jaccard,4124,-0.11164985319999556,6.465417156957169e-13
instacart,2,recency,racf,recency_frequency_disagreement,4124,-0.1415491494650076,6.642925451351672e-20
instacart,2,recency,racf,recent_basket_novelty,4124,0.023116955761935627,0.1377342051197494
instacart,2,recency,racf,popularity_profile,4124,-0.002323135385822452,0.8814408273647056
instacart,2,recency,racf,neighbor_similarity,4124,0.0449712023470381,0.0038700585200938825
instacart,2,recency,racf,cooccurrence_support,4109,-0.0071284933540597395,0.6478049112083261
instacart,2,recency,racf,transition_predictability,4116,0.022146905823289972,0.1554328247259204
instacart,2,recency,tifuknn,n_baskets,4124,-0.15379026833715448,3.012032779511087e-23
instacart,2,recency,tifuknn,avg_basket_size,4124,-0.14529199581195565,6.762882917550226e-21
instacart,2,recency,tifuknn,repeat_rate,4124,-0.1762854090027705,3.8682564840792625e-30
instacart,2,recency,tifuknn,adjacent_basket_jaccard,4124,-0.13397635232207797,5.615730482186594e-18
instacart,2,recency,tifuknn,recency_frequency_disagreement,4124,-0.1369747585859708,9.982794476537606e-19
instacart,2,recency,tifuknn,recent_basket_novelty,4124,0.023846239642880233,0.12573966466562111
instacart,2,recency,tifuknn,popularity_profile,4124,-0.0011000251565802483,0.9436998444388041
instacart,2,recency,tifuknn,neighbor_similarity,4124,0.04222329248954763,0.0066899033738461915
instacart,2,recency,tifuknn,cooccurrence_support,4109,-0.006296503879635524,0.6865830614764173
instacart,2,recency,tifuknn,transition_predictability,4116,0.016738236934730734,0.28299824687098607
instacart,2,recency,triple2vec,n_baskets,4124,0.02281640157629711,0.14292670072093122
instacart,2,recency,triple2vec,avg_basket_size,4124,0.07420272536844193,1.839415433977957e-06
instacart,2,recency,triple2vec,repeat_rate,4124,-0.03790082404788214,0.014930268768536044
instacart,2,recency,triple2vec,adjacent_basket_jaccard,4124,-0.16007489806390476,4.483559298017404e-25
instacart,2,recency,triple2vec,recency_frequency_disagreement,4124,0.03222294346143664,0.03852590233221331
instacart,2,recency,triple2vec,recent_basket_novelty,4124,-0.052838605641191534,0.0006874093665336328
instacart,2,recency,triple2vec,popularity_profile,4124,0.013410322668648878,0.3892563243923509
instacart,2,recency,triple2vec,neighbor_similarity,4124,0.03639904889349444,0.01941040562510233
instacart,2,recency,triple2vec,cooccurrence_support,4109,0.01661597433539795,0.28694018244005415
instacart,2,recency,triple2vec,transition_predictability,4116,0.02651909669602991,0.08891611123726077
instacart,2,recency,sets2sets,n_baskets,4124,-0.050627401292790225,0.0011447125958456278
instacart,2,recency,sets2sets,avg_basket_size,4124,-0.05104705215944236,0.0010406381059995373
instacart,2,recency,sets2sets,repeat_rate,4124,-0.037416316044108534,0.016264385997985728
instacart,2,recency,sets2sets,adjacent_basket_jaccard,4124,-0.008264172986402068,0.5957237510453702
instacart,2,recency,sets2sets,recency_frequency_disagreement,4124,-0.10975183273700381,1.5797041205473285e-12
instacart,2,recency,sets2sets,recent_basket_novelty,4124,-0.06449925252692913,3.396682742874076e-05
instacart,2,recency,sets2sets,popularity_profile,4124,0.15518730602971229,1.2000431661365911e-23
instacart,2,recency,sets2sets,neighbor_similarity,4124,0.20330243119647476,1.004952471027921e-39
instacart,2,recency,sets2sets,cooccurrence_support,4109,0.16922398601000668,8.941800052586325e-28
instacart,2,recency,sets2sets,transition_predictability,4116,0.16538572310021993,1.2504849832696617e-26
instacart,2,recency,dnntsp,n_baskets,4124,-0.14788421709369767,1.3410206329706053e-21
instacart,2,recency,dnntsp,avg_basket_size,4124,-0.14631846416527403,3.575998669669517e-21
instacart,2,recency,dnntsp,repeat_rate,4124,-0.1537030926510311,3.189154110977204e-23
instacart,2,recency,dnntsp,adjacent_basket_jaccard,4124,-0.06666079834557054,1.833019210775619e-05
instacart,2,recency,dnntsp,recency_frequency_disagreement,4124,-0.1461864142427111,3.882481747011282e-21
instacart,2,recency,dnntsp,recent_basket_novelty,4124,0.009850948328141913,0.5271023508906497
instacart,2,recency,dnntsp,popularity_profile,4124,-0.0859844398258335,3.195896361738591e-08
instacart,2,recency,dnntsp,neighbor_similarity,4124,-0.037054155263344504,0.01732892210251353
instacart,2,recency,dnntsp,cooccurrence_support,4109,-0.08832500003831832,1.4186131346522146e-08
instacart,2,recency,dnntsp,transition_predictability,4116,-0.04670410303638293,0.0027258224653952815
instacart,2,frequency,racf,n_baskets,4124,0.01174934413945447,0.4506564233808439
instacart,2,frequency,racf,avg_basket_size,4124,-0.009734599364226028,0.5319937186030291
instacart,2,frequency,racf,repeat_rate,4124,0.004084504600406338,0.7931504191905294
instacart,2,frequency,racf,adjacent_basket_jaccard,4124,0.0015870621644453811,0.9188457932579956
instacart,2,frequency,racf,recency_frequency_disagreement,4124,-0.009067270994626096,0.5604852625683943
instacart,2,frequency,racf,recent_basket_novelty,4124,-0.011246390610675278,0.4702767406366418
instacart,2,frequency,racf,popularity_profile,4124,0.047649506680872256,0.0022075760204721957
instacart,2,frequency,racf,neighbor_similarity,4124,0.01970152335838041,0.2058931648426976
instacart,2,frequency,racf,cooccurrence_support,4109,0.0286497699351973,0.06631169332892653
instacart,2,frequency,racf,transition_predictability,4116,0.03423522744203533,0.028065187073253936
instacart,2,frequency,tifuknn,n_baskets,4124,0.027608021978387996,0.07627133642408729
instacart,2,frequency,tifuknn,avg_basket_size,4124,0.014065587880784637,0.36650462521039584
instacart,2,frequency,tifuknn,repeat_rate,4124,0.012228205081899236,0.4324144124860061
instacart,2,frequency,tifuknn,adjacent_basket_jaccard,4124,-0.028787650675157154,0.06452731684855727
instacart,2,frequency,tifuknn,recency_frequency_disagreement,4124,0.03604801881674667,0.020613157932583004
instacart,2,frequency,tifuknn,recent_basket_novelty,4124,-0.007409879097407752,0.6342790785795898
instacart,2,frequency,tifuknn,popularity_profile,4124,0.021370937946835804,0.17001748947852338
instacart,2,frequency,tifuknn,neighbor_similarity,4124,0.006022172105118496,0.6990372607871391
instacart,2,frequency,tifuknn,cooccurrence_support,4109,0.015969561210178725,0.30610630968494457
instacart,2,frequency,tifuknn,transition_predictability,4116,0.000657783810494793,0.9663488253737618
instacart,2,frequency,triple2vec,n_baskets,4124,0.21378565289527499,7.741039303726058e-44
instacart,2,frequency,triple2vec,avg_basket_size,4124,0.2700426370258418,7.713500130762658e-70
instacart,2,frequency,triple2vec,repeat_rate,4124,0.1428853972463041,2.959037530823749e-20
instacart,2,frequency,triple2vec,adjacent_basket_jaccard,4124,-0.08812977697307607,1.4374388897729121e-08
instacart,2,frequency,triple2vec,recency_frequency_disagreement,4124,0.23418117632471067,1.732703453511975e-52
instacart,2,frequency,triple2vec,recent_basket_novelty,4124,-0.0935110312738903,1.782364628140202e-09
instacart,2,frequency,triple2vec,popularity_profile,4124,0.03941417486636402,0.0113630685060069
instacart,2,frequency,triple2vec,neighbor_similarity,4124,0.00769067286339004,0.6214897306726895
instacart,2,frequency,triple2vec,cooccurrence_support,4109,0.0439471557158776,0.004838676649650277
instacart,2,frequency,triple2vec,transition_predictability,4116,0.014068083193834579,0.36688515346569384
instacart,2,frequency,sets2sets,n_baskets,4124,0.09228989322036531,2.892500651299499e-09
instacart,2,frequency,sets2sets,avg_basket_size,4124,0.0658041502910277,2.3458754290352012e-05
instacart,2,frequency,sets2sets,repeat_rate,4124,0.12434293580053296,1.112192526194862e-15
instacart,2,frequency,sets2sets,adjacent_basket_jaccard,4124,0.09859119039038068,2.2255596943668444e-10
instacart,2,frequency,sets2sets,recency_frequency_disagreement,4124,0.009445601075055108,0.5442419861329051
instacart,2,frequency,sets2sets,recent_basket_novelty,4124,-0.10287055149950063,3.5497003165522197e-11
instacart,2,frequency,sets2sets,popularity_profile,4124,0.19920414336511466,3.5459774124195087e-38
instacart,2,frequency,sets2sets,neighbor_similarity,4124,0.2054854036707323,1.4587766740860392e-40
instacart,2,frequency,sets2sets,cooccurrence_support,4109,0.2155510787205489,2.136985210104275e-44
instacart,2,frequency,sets2sets,transition_predictability,4116,0.1846580556115656,6.795742074723037e-33
instacart,2,frequency,dnntsp,n_baskets,4124,-0.009655405896581022,0.5353361480379888
instacart,2,frequency,dnntsp,avg_basket_size,4124,-0.024253749143511617,0.11940086143118767
instacart,2,frequency,dnntsp,repeat_rate,4124,0.0055252444790763675,0.7228013294227076
instacart,2,frequency,dnntsp,adjacent_basket_jaccard,4124,0.05322330698686514,0.0006278204572314183
instacart,2,frequency,dnntsp,recency_frequency_disagreement,4124,-0.02675754160014906,0.08577607903615025
instacart,2,frequency,dnntsp,recent_basket_novelty,4124,-0.023751897905259237,0.12724386240387373
instacart,2,frequency,dnntsp,popularity_profile,4124,-0.09548558700557075,8.041156492427326e-10
instacart,2,frequency,dnntsp,neighbor_similarity,4124,-0.09158107759955322,3.820351716436239e-09
instacart,2,frequency,dnntsp,cooccurrence_support,4109,-0.09085974901950186,5.393798493914704e-09
instacart,2,frequency,dnntsp,transition_predictability,4116,-0.07619553413067442,9.878872230796933e-07
instacart,2,racf,tifuknn,n_baskets,4124,0.017335247391748507,0.2657137506572744
instacart,2,racf,tifuknn,avg_basket_size,4124,0.025734809571811856,0.09844888573544006
instacart,2,racf,tifuknn,repeat_rate,4124,0.005367036587432245,0.7304248961800162
instacart,2,racf,tifuknn,adjacent_basket_jaccard,4124,-0.029119638242471522,0.06150527266786998
instacart,2,racf,tifuknn,recency_frequency_disagreement,4124,0.04447889752208381,0.004277863261936664
instacart,2,racf,tifuknn,recent_basket_novelty,4124,-0.004613283839324793,0.7671007397688231
instacart,2,racf,tifuknn,popularity_profile,4124,-0.001014436559587501,0.9480738879464091
instacart,2,racf,tifuknn,neighbor_similarity,4124,-0.0035871553901353757,0.8178647162071957
instacart,2,racf,tifuknn,cooccurrence_support,4109,0.003171232636837235,0.8389635704139218
instacart,2,racf,tifuknn,transition_predictability,4116,-0.013072940102192508,0.401755894011815
instacart,2,racf,triple2vec,n_baskets,4124,0.209314898722501,4.6808993078487765e-42
instacart,2,racf,triple2vec,avg_basket_size,4124,0.27106210087161675,2.253559443059825e-70
instacart,2,racf,triple2vec,repeat_rate,4124,0.13777405917233604,6.258057415862516e-19
instacart,2,racf,triple2vec,adjacent_basket_jaccard,4124,-0.09140835915507062,4.087048526535172e-09
instacart,2,racf,triple2vec,recency_frequency_disagreement,4124,0.23746806204655804,5.79961275370138e-54
instacart,2,racf,triple2vec,recent_basket_novelty,4124,-0.08809559027626963,1.45607374325505e-08
instacart,2,racf,triple2vec,popularity_profile,4124,0.019981260006734072,0.19952599930030912
instacart,2,racf,triple2vec,neighbor_similarity,4124,0.001130583054031815,0.9421385735554277
instacart,2,racf,triple2vec,cooccurrence_support,4109,0.03062256000941112,0.04966772824667555
instacart,2,racf,triple2vec,transition_predictability,4116,0.0035710214247089136,0.8188426398908283
instacart,2,racf,sets2sets,n_baskets,4124,0.09052758002696855,5.754763857506942e-09
instacart,2,racf,sets2sets,avg_basket_size,4124,0.06952466491585477,7.865388194625857e-06
instacart,2,racf,sets2sets,repeat_rate,4124,0.12225255225951037,3.32539671849951e-15
instacart,2,racf,sets2sets,adjacent_basket_jaccard,4124,0.09590825974720152,6.767248027799773e-10
instacart,2,racf,sets2sets,recency_frequency_disagreement,4124,0.010174994326224193,0.5136012750983798
instacart,2,racf,sets2sets,recent_basket_novelty,4124,-0.09816505604669258,2.660830711601761e-10
instacart,2,racf,sets2sets,popularity_profile,4124,0.18993058450768083,8.460502224817143e-35
instacart,2,racf,sets2sets,neighbor_similarity,4124,0.20357053115981677,7.938283347940434e-40
instacart,2,racf,sets2sets,cooccurrence_support,4109,0.21311475344022368,2.0461115626182954e-43
instacart,2,racf,sets2sets,transition_predictability,4116,0.18143021790240021,8.551207231652677e-32
instacart,2,racf,dnntsp,n_baskets,4124,-0.020991960714491532,0.17771966207648018
instacart,2,racf,dnntsp,avg_basket_size,4124,-0.021444469554188186,0.1685524789540885
instacart,2,racf,dnntsp,repeat_rate,4124,-0.005293003480165413,0.7340015495541306
instacart,2,racf,dnntsp,adjacent_basket_jaccard,4124,0.04997042139345912,0.0013271096583462741
instacart,2,racf,dnntsp,recency_frequency_disagreement,4124,-0.025119938161341733,0.10676033757891643
instacart,2,racf,dnntsp,recent_basket_novelty,4124,-0.014706964954449642,0.34505612340329406
instacart,2,racf,dnntsp,popularity_profile,4124,-0.11940370053207035,1.4358573158421877e-14
instacart,2,racf,dnntsp,neighbor_similarity,4124,-0.10320063838043367,3.0712826234248146e-11
instacart,2,racf,dnntsp,cooccurrence_support,4109,-0.10851350905101338,3.072600514777205e-12
instacart,2,racf,dnntsp,transition_predictability,4116,-0.09304221625871209,2.2261105367074214e-09
instacart,2,tifuknn,triple2vec,n_baskets,4124,0.20022799244345266,1.4664862529453361e-38
instacart,2,tifuknn,triple2vec,avg_basket_size,4124,0.25190406227892836,1.0268411572873235e-60
instacart,2,tifuknn,triple2vec,repeat_rate,4124,0.14167179410828365,6.169706317399716e-20
instacart,2,tifuknn,triple2vec,adjacent_basket_jaccard,4124,-0.06547541909840429,2.576794045806249e-05
instacart,2,tifuknn,triple2vec,recency_frequency_disagreement,4124,0.20406964337163228,5.112935620175191e-40
instacart,2,tifuknn,triple2vec,recent_basket_novelty,4124,-0.08815942891794779,1.4214636032102769e-08
instacart,2,tifuknn,triple2vec,popularity_profile,4124,0.02716128570105824,0.08115095217533808
instacart,2,tifuknn,triple2vec,neighbor_similarity,4124,0.007291682978609077,0.6396956876819113
instacart,2,tifuknn,triple2vec,cooccurrence_support,4109,0.034696293586552164,0.02614328025128853
instacart,2,tifuknn,triple2vec,transition_predictability,4116,0.01755931475335521,0.2600465537448715
instacart,2,tifuknn,sets2sets,n_baskets,4124,0.08585562307017745,3.350946288802304e-08
instacart,2,tifuknn,sets2sets,avg_basket_size,4124,0.05657454614877075,0.00027805015470715015
instacart,2,tifuknn,sets2sets,repeat_rate,4124,0.12207986472124122,3.637284937461386e-15
instacart,2,tifuknn,sets2sets,adjacent_basket_jaccard,4124,0.10744001440021664,4.594796836137603e-12
instacart,2,tifuknn,sets2sets,recency_frequency_disagreement,4124,-0.010777331804009116,0.4889919373312279
instacart,2,tifuknn,sets2sets,recent_basket_novelty,4124,-0.10201840130941427,5.147412162451256e-11
instacart,2,tifuknn,sets2sets,popularity_profile,4124,0.18312579173307628,1.9823978889705033e-32
instacart,2,tifuknn,sets2sets,neighbor_similarity,4124,0.2060984651558099,8.450241759726852e-41
instacart,2,tifuknn,sets2sets,cooccurrence_support,4109,0.2061067071946988,1.1637245996241574e-40
instacart,2,tifuknn,sets2sets,transition_predictability,4116,0.1854345248126887,3.6696206584667786e-33
instacart,2,tifuknn,dnntsp,n_baskets,4124,-0.02640908719997408,0.08993695941741109
instacart,2,tifuknn,dnntsp,avg_basket_size,4124,-0.03142507717111609,0.04359604695318958
instacart,2,tifuknn,dnntsp,repeat_rate,4124,-0.0022175164645960167,0.8867938276692382
instacart,2,tifuknn,dnntsp,adjacent_basket_jaccard,4124,0.06372269423362159,4.22005087023931e-05
instacart,2,tifuknn,dnntsp,recency_frequency_disagreement,4124,-0.0452451720481408,0.00365872117017457
instacart,2,tifuknn,dnntsp,recent_basket_novelty,4124,-0.01594400111677413,0.3059994134167513
instacart,2,tifuknn,dnntsp,popularity_profile,4124,-0.11176971874341766,6.107643487354199e-13
instacart,2,tifuknn,dnntsp,neighbor_similarity,4124,-0.0916797431422263,3.6756828775015753e-09
instacart,2,tifuknn,dnntsp,cooccurrence_support,4109,-0.10177033029913336,6.20863976350373e-11
instacart,2,tifuknn,dnntsp,transition_predictability,4116,-0.0794494891838721,3.3309917010855436e-07
instacart,2,triple2vec,sets2sets,n_baskets,4124,-0.08808707682200535,1.4607507073820535e-08
instacart,2,triple2vec,sets2sets,avg_basket_size,4124,-0.14619580412533847,3.859855764670728e-21
instacart,2,triple2vec,sets2sets,repeat_rate,4124,-0.007226879093436872,0.6426736687588683
instacart,2,triple2vec,sets2sets,adjacent_basket_jaccard,4124,0.15042961061962667,2.6610504485443926e-22
instacart,2,triple2vec,sets2sets,recency_frequency_disagreement,4124,-0.1663252707984194,5.744032982469248e-27
instacart,2,triple2vec,sets2sets,recent_basket_novelty,4124,-0.01639982868209331,0.2923767753725104
instacart,2,triple2vec,sets2sets,popularity_profile,4124,0.14955471146455512,4.6543668636243315e-22
instacart,2,triple2vec,sets2sets,neighbor_similarity,4124,0.18323526333927528,1.8188223612418714e-32
instacart,2,triple2vec,sets2sets,cooccurrence_support,4109,0.16370530994443552,4.47577450135031e-26
instacart,2,triple2vec,sets2sets,transition_predictability,4116,0.15572101525574872,9.302277459575187e-24
instacart,2,triple2vec,dnntsp,n_baskets,4124,-0.18537122088008584,3.352154754965321e-33
instacart,2,triple2vec,dnntsp,avg_basket_size,4124,-0.2425752413624149,2.6645566388175807e-56
instacart,2,triple2vec,dnntsp,repeat_rate,4124,-0.1170494374019291,4.6861239830873226e-14
instacart,2,triple2vec,dnntsp,adjacent_basket_jaccard,4124,0.11133685893021324,7.499450243384517e-13
instacart,2,triple2vec,dnntsp,recency_frequency_disagreement,4124,-0.2087108906513405,8.088998457398423e-42
instacart,2,triple2vec,dnntsp,recent_basket_novelty,4124,0.05926003235181451,0.00014022221873417982
instacart,2,triple2vec,dnntsp,popularity_profile,4124,-0.11187453559944596,5.810762906345079e-13
instacart,2,triple2vec,dnntsp,neighbor_similarity,4124,-0.07919280953157246,3.541367594900572e-07
instacart,2,triple2vec,dnntsp,cooccurrence_support,4109,-0.11133017153081463,8.275440143651737e-13
instacart,2,triple2vec,dnntsp,transition_predictability,4116,-0.0725550718652128,3.1686211711549535e-06
instacart,2,sets2sets,dnntsp,n_baskets,4124,-0.09279361671399373,2.3705965720098453e-09
instacart,2,sets2sets,dnntsp,avg_basket_size,4124,-0.07696054857957652,7.493255044132241e-07
instacart,2,sets2sets,dnntsp,repeat_rate,4124,-0.11874776296038021,2.0010680800547812e-14
instacart,2,sets2sets,dnntsp,adjacent_basket_jaccard,4124,-0.06217769685804299,6.452880764882231e-05
instacart,2,sets2sets,dnntsp,recency_frequency_disagreement,4124,-0.0241728140732457,0.12063947325118532
instacart,2,sets2sets,dnntsp,recent_basket_novelty,4124,0.08254324074725455,1.1068514636447391e-07
instacart,2,sets2sets,dnntsp,popularity_profile,4124,-0.2585508338614147,5.645759256584545e-64
instacart,2,sets2sets,dnntsp,neighbor_similarity,4124,-0.26080361660468665,4.217135998339186e-65
instacart,2,sets2sets,dnntsp,cooccurrence_support,4109,-0.2759726933634487,1.0117384392554176e-72
instacart,2,sets2sets,dnntsp,transition_predictability,4116,-0.22950417628730643,2.4730057220097795e-50
retailrocket,0,recency,frequency,n_baskets,170,0.17025687357110414,0.026436955453347243
retailrocket,0,recency,frequency,avg_basket_size,170,0.14912369587869437,0.052275717101210414
retailrocket,0,recency,frequency,repeat_rate,170,0.07335953710961388,0.3417484963869184
retailrocket,0,recency,frequency,adjacent_basket_jaccard,50,-0.034519435502156026,0.8118916236998672
retailrocket,0,recency,frequency,recency_frequency_disagreement,170,-0.04379488238789006,0.5706634492901366
retailrocket,0,recency,frequency,recent_basket_novelty,50,0.07707213159379282,0.5947325739682534
retailrocket,0,recency,frequency,popularity_profile,170,0.00692319328707127,0.9286031125281399
retailrocket,0,recency,frequency,neighbor_similarity,170,-0.012718282229609102,0.8692515001819091
retailrocket,0,recency,frequency,cooccurrence_support,45,-0.04183470535832623,0.7849623530254779
retailrocket,0,recency,frequency,transition_predictability,9,0.225,0.5605332292358429
retailrocket,0,recency,racf,n_baskets,170,0.004121439580235126,0.9574604088723386
retailrocket,0,recency,racf,avg_basket_size,170,0.17235031839573142,0.024611997359848436
retailrocket,0,recency,racf,repeat_rate,170,-0.03432387374434209,0.6567839915938107
retailrocket,0,recency,racf,adjacent_basket_jaccard,50,-0.0477898346568873,0.7417275734158923
retailrocket,0,recency,racf,recency_frequency_disagreement,170,-0.05617842331799665,0.4668292314790765
retailrocket,0,recency,racf,recent_basket_novelty,50,0.09766175711941213,0.49985239043598617
retailrocket,0,recency,racf,popularity_profile,170,-0.015061130876728255,0.8454435609236154
retailrocket,0,recency,racf,neighbor_similarity,170,0.03433406789676081,0.6566885374999898
retailrocket,0,recency,racf,cooccurrence_support,45,-0.10629538945439579,0.48708129101946485
retailrocket,0,recency,racf,transition_predictability,9,-0.26,0.4992699768497242
retailrocket,0,recency,tifuknn,n_baskets,170,-0.033449680229197545,0.6649901093478372
retailrocket,0,recency,tifuknn,avg_basket_size,170,0.21120935788835427,0.005696194151342849
retailrocket,0,recency,tifuknn,repeat_rate,170,-0.0233685086940979,0.7622850943540134
retailrocket,0,recency,tifuknn,adjacent_basket_jaccard,50,0.01777326943470838,0.9024975888847865
retailrocket,0,recency,tifuknn,recency_frequency_disagreement,170,-0.05839079292224172,0.4494385149659065
retailrocket,0,recency,tifuknn,recent_basket_novelty,50,0.02761583549014642,0.8490186951553853
retailrocket,0,recency,tifuknn,popularity_profile,170,0.035620770403659026,0.6446853753877899
retailrocket,0,recency,tifuknn,neighbor_similarity,170,0.1148368833063448,0.13591409603711269
retailrocket,0,recency,tifuknn,cooccurrence_support,45,0.05724069511179456,0.7087886922216806
retailrocket,0,recency,tifuknn,transition_predictability,9,-0.33999999999999997,0.3706595401668402
retailrocket,0,recency,triple2vec,n_baskets,170,-0.051974428767729355,0.5008715677809796
retailrocket,0,recency,triple2vec,avg_basket_size,170,0.06383412369192364,0.4082379754327199
retailrocket,0,recency,triple2vec,repeat_rate,170,-0.010961006174976435,0.8871875218245828
retailrocket,0,recency,triple2vec,adjacent_basket_jaccard,50,0.030763589190025243,0.8320449672390645
retailrocket,0,recency,triple2vec,recency_frequency_disagreement,170,-0.04068628943553859,0.5983403725983314
retailrocket,0,recency,triple2vec,recent_basket_novelty,50,0.018552836451476956,0.8982430152380441
retailrocket,0,recency,triple2vec,popularity_profile,170,0.004116192806307839,0.9575145128588234
retailrocket,0,recency,triple2vec,neighbor_similarity,170,0.014859342350095346,0.847488952092784
retailrocket,0,recency,triple2vec,cooccurrence_support,45,-0.21476039632762617,0.156568309683708
retailrocket,0,recency,triple2vec,transition_predictability,9,0.11000000000000001,0.778157130258871
retailrocket,0,recency,sets2sets,n_baskets,170,0.024102778911277784,0.7550492489155247
retailrocket,0,recency,sets2sets,avg_basket_size,170,0.037880629645005805,0.6238260559223912
retailrocket,0,recency,sets2sets,repeat_rate,170,0.07323399820433756,0.3425774843162601
retailrocket,0,recency,sets2sets,adjacent_basket_jaccard,50,0.11531819009488446,0.4251815817362481
retailrocket,0,recency,sets2sets,recency_frequency_disagreement,170,-0.031403448808501384,0.6843530198417648
retailrocket,0,recency,sets2sets,recent_basket_novelty,50,-0.07623763958058748,0.5987398917233608
retailrocket,0,recency,sets2sets,popularity_profile,170,0.0527073713174323,0.4948441649271744
retailrocket,0,recency,sets2sets,neighbor_similarity,170,0.025544241226919912,0.7409067156116536
retailrocket,0,recency,sets2sets,cooccurrence_support,45,-0.07764421473718221,0.6121809340983281
retailrocket,0,recency,sets2sets,transition_predictability,9,0.11000000000000001,0.778157130258871
retailrocket,0,recency,dnntsp,n_baskets,170,-0.3860454131192602,2.0008429897916847e-07
retailrocket,0,recency,dnntsp,avg_basket_size,170,-0.1864416457679012,0.014918539846365113
retailrocket,0,recency,dnntsp,repeat_rate,170,-0.19940428454181655,0.009134831188539583
retailrocket,0,recency,dnntsp,adjacent_basket_jaccard,50,0.29149286920078127,0.03998812604106254
retailrocket,0,recency,dnntsp,recency_frequency_disagreement,170,-0.24507746799687533,0.0012769465383205292
retailrocket,0,recency,dnntsp,recent_basket_novelty,50,-0.1751986452876742,0.22362449679727509
retailrocket,0,recency,dnntsp,popularity_profile,170,-0.22728186718821708,0.002876486974918708
retailrocket,0,recency,dnntsp,neighbor_similarity,170,-0.38824040911895097,1.6826195500482245e-07
retailrocket,0,recency,dnntsp,cooccurrence_support,45,-0.34718543775867194,0.019457083817372677
retailrocket,0,recency,dnntsp,transition_predictability,9,-0.5051814855409226,0.16537300075794273
retailrocket,0,frequency,racf,n_baskets,170,-0.15087199455706135,0.049544818672112904
retailrocket,0,frequency,racf,avg_basket_size,170,0.07037372867542416,0.3618094146770573
retailrocket,0,frequency,racf,repeat_rate,170,-0.10895833089274495,0.15725155147503256
retailrocket,0,frequency,racf,adjacent_basket_jaccard,50,-0.04212552562452524,0.7714587288887653
retailrocket,0,frequency,racf,recency_frequency_disagreement,170,-0.026270305138806748,0.7338155136154869
retailrocket,0,frequency,racf,recent_basket_novelty,50,0.05823828835247227,0.6878809822689039
retailrocket,0,frequency,racf,popularity_profile,170,-0.0253079007384992,0.7432197143195849
retailrocket,0,frequency,racf,neighbor_similarity,170,0.05022194468612808,0.5154380942150165
retailrocket,0,frequency,racf,cooccurrence_support,45,-0.09505866652089279,0.5345089800823981
retailrocket,0,frequency,racf,transition_predictability,9,-0.42843765419184593,0.24992077576679075
retailrocket,0,frequency,tifuknn,n_baskets,170,-0.17705394371802824,0.02090211367183093
retailrocket,0,frequency,tifuknn,avg_basket_size,170,0.0018880600629689567,0.9805050821349615
retailrocket,0,frequency,tifuknn,repeat_rate,170,-0.11908286640102189,0.12193460008481317
retailrocket,0,frequency,tifuknn,adjacent_basket_jaccard,50,-0.0023822607388582226,0.9869000604693543
retailrocket,0,frequency,tifuknn,recency_frequency_disagreement,170,-0.005812427367278131,0.9400346757414502
retailrocket,0,frequency,tifuknn,recent_basket_novelty,50,-0.03814008359758518,0.7925771662069818
retailrocket,0,frequency,tifuknn,popularity_profile,170,0.013823786064924841,0.8580014087642518
retailrocket,0,frequency,tifuknn,neighbor_similarity,170,0.079140507480563,0.30495618878743186
retailrocket,0,frequency,tifuknn,cooccurrence_support,45,0.011460400699215086,0.940439312984529
retailrocket,0,frequency,tifuknn,transition_predictability,9,-0.45,0.22421610749233659
retailrocket,0,frequency,triple2vec,n_baskets,170,-0.1631092292547313,0.03356598585398374
retailrocket,0,frequency,triple2vec,avg_basket_size,170,-0.06460653341461271,0.4025778817611342
retailrocket,0,frequency,triple2vec,repeat_rate,170,-0.11511946057370857,0.13494721112241284
retailrocket,0,frequency,triple2vec,adjacent_basket_jaccard,50,-0.030361152820767557,0.8342109825755248
retailrocket,0,frequency,triple2vec,recency_frequency_disagreement,170,-0.005443910074189055,0.9438301326566807
retailrocket,0,frequency,triple2vec,recent_basket_novelty,50,0.014615360118759675,0.9197587649692093
retailrocket,0,frequency,triple2vec,popularity_profile,170,-0.009121606812434901,0.9060231367065125
retailrocket,0,frequency,triple2vec,neighbor_similarity,170,0.008521538495945205,0.9121797633141444
retailrocket,0,frequency,triple2vec,cooccurrence_support,45,-0.2722703413763835,0.07038850585414741
retailrocket,0,frequency,triple2vec,transition_predictability,9,0.0,1.0
retailrocket,0,frequency,sets2sets,n_baskets,170,-0.1414005081366673,0.0658729404750416
retailrocket,0,frequency,sets2sets,avg_basket_size,170,-0.1330444345419994,0.0837042281639208
retailrocket,0,frequency,sets2sets,repeat_rate,170,-0.038229049535525604,0.6206359003973945
retailrocket,0,frequency,sets2sets,adjacent_basket_jaccard,50,0.09526789992471812,0.5104695653851861
retailrocket,0,frequency,sets2sets,recency_frequency_disagreement,170,0.012063158773664946,0.8759308731299349
retailrocket,0,frequency,sets2sets,recent_basket_novelty,50,-0.13784299886427306,0.3397741649652861
retailrocket,0,frequency,sets2sets,popularity_profile,170,0.03401508874912282,0.6596779591341914
retailrocket,0,frequency,sets2sets,neighbor_similarity,170,0.011834818753669239,0.8782610200129874
retailrocket,0,frequency,sets2sets,cooccurrence_support,45,-0.10051042252635296,0.5112209228688385
retailrocket,0,frequency,sets2sets,transition_predictability,9,-0.08,0.8378920350874255
retailrocket,0,frequency,dnntsp,n_baskets,170,-0.42579338843436154,7.096747589257856e-09
retailrocket,0,frequency,dnntsp,avg_basket_size,170,-0.2074266708616024,0.006644739352303453
retailrocket,0,frequency,dnntsp,repeat_rate,170,-0.2118774579473369,0.005541849698751534
retailrocket,0,frequency,dnntsp,adjacent_basket_jaccard,50,0.30268537122424255,0.032632654131743544
retailrocket,0,frequency,dnntsp,recency_frequency_disagreement,170,-0.23064414380715131,0.002478530772451754
retailrocket,0,frequency,dnntsp,recent_basket_novelty,50,-0.2017507620272354,0.16001959405915697
retailrocket,0,frequency,dnntsp,popularity_profile,170,-0.22444906656172137,0.003255697935789616
retailrocket,0,frequency,dnntsp,neighbor_similarity,170,-0.3668121454937461,8.656663546483822e-07
retailrocket,0,frequency,dnntsp,cooccurrence_support,45,-0.2912887228950381,0.05221373492935588
retailrocket,0,frequency,dnntsp,transition_predictability,9,-0.5411718511499506,0.13241150723527112
retailrocket,0,racf,tifuknn,n_baskets,170,-0.07774478105295132,0.3135911600792365
retailrocket,0,racf,tifuknn,avg_basket_size,170,-0.016763939242080538,0.8282257700558022
retailrocket,0,racf,tifuknn,repeat_rate,170,-0.04316513802618482,0.5762212273153373
retailrocket,0,racf,tifuknn,adjacent_basket_jaccard,50,0.014038015570823103,0.9229187370195253
retailrocket,0,racf,tifuknn,recency_frequency_disagreement,170,0.01459796306543401,0.8501398858958322
retailrocket,0,racf,tifuknn,recent_basket_novelty,50,-0.06275650095102961,0.6650446719899418
retailrocket,0,racf,tifuknn,popularity_profile,170,0.0366569429767914,0.6350854035918874
retailrocket,0,racf,tifuknn,neighbor_similarity,170,0.07437246484310886,0.3351062959057465
retailrocket,0,racf,tifuknn,cooccurrence_support,45,0.07779460324814355,0.6114900200052835
retailrocket,0,racf,tifuknn,transition_predictability,9,0.0,1.0
retailrocket,0,racf,triple2vec,n_baskets,170,-0.08689946285963557,0.25982537913300574
retailrocket,0,racf,triple2vec,avg_basket_size,170,-0.1270242673189698,0.09880641299221489
retailrocket,0,racf,triple2vec,repeat_rate,170,-0.05508970627021065,0.4755212285548359
retailrocket,0,racf,triple2vec,adjacent_basket_jaccard,50,-0.00808503915794393,0.9555610885613712
retailrocket,0,racf,triple2vec,recency_frequency_disagreement,170,0.01675577915521133,0.8283080921870312
retailrocket,0,racf,triple2vec,recent_basket_novelty,50,-0.023771736436151686,0.8698389020204857
retailrocket,0,racf,triple2vec,popularity_profile,170,0.02041375494649356,0.791605311096759
retailrocket,0,racf,triple2vec,neighbor_similarity,170,-0.013140122154993149,0.8649554493112224
retailrocket,0,racf,triple2vec,cooccurrence_support,45,-0.19511432253186575,0.1989947334153113
retailrocket,0,racf,triple2vec,transition_predictability,9,0.1625,0.6761560833813824
retailrocket,0,racf,sets2sets,n_baskets,170,-0.03876967633717616,0.61569987215055
retailrocket,0,racf,sets2sets,avg_basket_size,170,-0.12633297092388626,0.10067051320915872
retailrocket,0,racf,sets2sets,repeat_rate,170,0.05137367125750937,0.5058405428862042
retailrocket,0,racf,sets2sets,adjacent_basket_jaccard,50,0.11762820128286845,0.41590312168971
retailrocket,0,racf,sets2sets,recency_frequency_disagreement,170,0.02919579371072859,0.7054761834696079
retailrocket,0,racf,sets2sets,recent_basket_novelty,50,-0.17048417040068384,0.2365302909837802
retailrocket,0,racf,sets2sets,popularity_profile,170,0.0630513789504455,0.41402145085155584
retailrocket,0,racf,sets2sets,neighbor_similarity,170,0.023767946187363456,0.7583462496499435
retailrocket,0,racf,sets2sets,cooccurrence_support,45,0.02314826152976754,0.880028028699215
retailrocket,0,racf,sets2sets,transition_predictability,9,0.24404676504598818,0.5268510036564502
retailrocket,0,racf,dnntsp,n_baskets,170,-0.401591543960253,5.707686381274882e-08
retailrocket,0,racf,dnntsp,avg_basket_size,170,-0.1981489902961256,0.009591443794690442
retailrocket,0,racf,dnntsp,repeat_rate,170,-0.1992617262784822,0.009185700197279023
retailrocket,0,racf,dnntsp,adjacent_basket_jaccard,50,0.3225810681049169,0.02232724306268493
retailrocket,0,racf,dnntsp,recency_frequency_disagreement,170,-0.23580965005425655,0.001963665003179287
retailrocket,0,racf,dnntsp,recent_basket_novelty,50,-0.22612084248673475,0.11433542189958457
retailrocket,0,racf,dnntsp,popularity_profile,170,-0.22413706854506568,0.0033001095818292955
retailrocket,0,racf,dnntsp,neighbor_similarity,170,-0.37684618546487364,4.0792735231041926e-07
retailrocket,0,racf,dnntsp,cooccurrence_support,45,-0.2551494901681782,0.09073066643601962
retailrocket,0,racf,dnntsp,transition_predictability,9,-0.46242935578411226,0.21008724492624906
retailrocket,0,tifuknn,triple2vec,n_baskets,170,0.03190571103467737,0.6795805715984046
retailrocket,0,tifuknn,triple2vec,avg_basket_size,170,-0.03384338997947051,0.6612893289358555
retailrocket,0,tifuknn,triple2vec,repeat_rate,170,0.05024963936771833,0.5152062150244927
retailrocket,0,tifuknn,triple2vec,adjacent_basket_jaccard,50,0.030763589190025243,0.8320449672390645
retailrocket,0,tifuknn,triple2vec,recency_frequency_disagreement,170,-0.006902109152093614,0.9288199736548668
retailrocket,0,tifuknn,triple2vec,recent_basket_novelty,50,0.018552836451476956,0.8982430152380441
retailrocket,0,tifuknn,triple2vec,popularity_profile,170,-0.0081759248399483,0.9157281129128975
retailrocket,0,tifuknn,triple2vec,neighbor_similarity,170,-0.056429116640405244,0.46484021559786903
retailrocket,0,tifuknn,triple2vec,cooccurrence_support,45,-0.1412296743467779,0.35476447828762236
retailrocket,0,tifuknn,triple2vec,transition_predictability,9,0.24404676504598818,0.5268510036564502
retailrocket,0,tifuknn,sets2sets,n_baskets,170,0.07538107129295754,0.32857490288638114
retailrocket,0,tifuknn,sets2sets,avg_basket_size,170,-0.05378143817719887,0.4860813768560568
retailrocket,0,tifuknn,sets2sets,repeat_rate,170,0.1649264969969634,0.0316143233430822
retailrocket,0,tifuknn,sets2sets,adjacent_basket_jaccard,50,0.1467862684209776,0.30905530456874597
retailrocket,0,tifuknn,sets2sets,recency_frequency_disagreement,170,0.007779550483808938,0.9197996584239934
retailrocket,0,tifuknn,sets2sets,recent_basket_novelty,50,-0.11685032080842504,0.4190145738664074
retailrocket,0,tifuknn,sets2sets,popularity_profile,170,0.03911269455728172,0.6125769405478108
retailrocket,0,tifuknn,sets2sets,neighbor_similarity,170,-0.027055152262363012,0.7261754442487782
retailrocket,0,tifuknn,sets2sets,cooccurrence_support,45,0.029318404813358193,0.8483842584386604
retailrocket,0,tifuknn,sets2sets,transition_predictability,9,0.4,0.28610510190831273
retailrocket,0,tifuknn,dnntsp,n_baskets,170,-0.37876677126331304,3.521882714928409e-07
retailrocket,0,tifuknn,dnntsp,avg_basket_size,170,-0.17966099900521218,0.019061897937408655
retailrocket,0,tifuknn,dnntsp,repeat_rate,170,-0.19321991200558478,0.011585357943334006
retailrocket,0,tifuknn,dnntsp,adjacent_basket_jaccard,50,0.2912629550144786,0.04015242307052901
retailrocket,0,tifuknn,dnntsp,recency_frequency_disagreement,170,-0.24358511677637254,0.0013700757064155863
retailrocket,0,tifuknn,dnntsp,recent_basket_novelty,50,-0.17535000480844112,0.22321839939602212
retailrocket,0,tifuknn,dnntsp,popularity_profile,170,-0.24173691099524208,0.001494003201179405
retailrocket,0,tifuknn,dnntsp,neighbor_similarity,170,-0.40211422398637564,5.46581647746556e-08
retailrocket,0,tifuknn,dnntsp,cooccurrence_support,45,-0.36244890257653833,0.014413186165821316
retailrocket,0,tifuknn,dnntsp,transition_predictability,9,-0.30987534150481755,0.41708340057551174
retailrocket,0,triple2vec,sets2sets,n_baskets,170,0.045084750956959095,0.5593594504598014
retailrocket,0,triple2vec,sets2sets,avg_basket_size,170,-0.03203738043949964,0.6783315542326102
retailrocket,0,triple2vec,sets2sets,repeat_rate,170,0.028784500211005183,0.7094370722072196
retailrocket,0,triple2vec,sets2sets,adjacent_basket_jaccard,50,0.01963509509786383,0.8923411861087416
retailrocket,0,triple2vec,sets2sets,recency_frequency_disagreement,170,0.014598294129296687,0.850136527145643
retailrocket,0,triple2vec,sets2sets,recent_basket_novelty,50,-0.06267094151349081,0.6654744096326295
retailrocket,0,triple2vec,sets2sets,popularity_profile,170,0.035980617775167305,0.6413446830887131
retailrocket,0,triple2vec,sets2sets,neighbor_similarity,170,0.014747647481546727,0.848621564753683
retailrocket,0,triple2vec,sets2sets,cooccurrence_support,45,0.0724150127339042,0.6364084188579404
retailrocket,0,triple2vec,sets2sets,transition_predictability,9,0.0,1.0
retailrocket,0,triple2vec,dnntsp,n_baskets,170,-0.39413090088094727,1.0504650218942964e-07
retailrocket,0,triple2vec,dnntsp,avg_basket_size,170,-0.21731860598516692,0.004417706092882454
retailrocket,0,triple2vec,dnntsp,repeat_rate,170,-0.19466020306371115,0.01096809200090257
retailrocket,0,triple2vec,dnntsp,adjacent_basket_jaccard,50,0.3225810681049169,0.02232724306268493
retailrocket,0,triple2vec,dnntsp,recency_frequency_disagreement,170,-0.2331039023341454,0.0022197709179703875
retailrocket,0,triple2vec,dnntsp,recent_basket_novelty,50,-0.22612084248673475,0.11433542189958457
retailrocket,0,triple2vec,dnntsp,popularity_profile,170,-0.23834019937124382,0.001748779550168528
retailrocket,0,triple2vec,dnntsp,neighbor_similarity,170,-0.40139769185619073,5.799977753242029e-08
retailrocket,0,triple2vec,dnntsp,cooccurrence_support,45,-0.21254359881293386,0.1609933030156428
retailrocket,0,triple2vec,dnntsp,transition_predictability,9,-0.5387063629237596,0.13453343395540404
retailrocket,0,sets2sets,dnntsp,n_baskets,170,-0.4033984532813788,4.9126226374272875e-08
retailrocket,0,sets2sets,dnntsp,avg_basket_size,170,-0.17472048669161144,0.0226773750051018
retailrocket,0,sets2sets,dnntsp,repeat_rate,170,-0.2253548360475492,0.003129806056310303
retailrocket,0,sets2sets,dnntsp,adjacent_basket_jaccard,50,0.2208325759437495,0.12328698397553711
retailrocket,0,sets2sets,dnntsp,recency_frequency_disagreement,170,-0.2403581483759487,0.00159302747153134
retailrocket,0,sets2sets,dnntsp,recent_basket_novelty,50,-0.12070921781159412,0.40370983642448544
retailrocket,0,sets2sets,dnntsp,popularity_profile,170,-0.2517050506661969,0.0009293232707445444
retailrocket,0,sets2sets,dnntsp,neighbor_similarity,170,-0.3929523879196691,1.1551450603214575e-07
retailrocket,0,sets2sets,dnntsp,cooccurrence_support,45,-0.32994729268303613,0.026865643819495456
retailrocket,0,sets2sets,dnntsp,transition_predictability,9,-0.5387063629237596,0.13453343395540404
retailrocket,1,recency,frequency,n_baskets,170,-0.08984671051246032,0.24394897758867634
retailrocket,1,recency,frequency,avg_basket_size,170,-0.009553138965100965,0.9015991059088458
retailrocket,1,recency,frequency,repeat_rate,170,-0.20393335839795207,0.007643155558408542
retailrocket,1,recency,frequency,adjacent_basket_jaccard,58,-0.20578846123984784,0.12119899694341382
retailrocket,1,recency,frequency,recency_frequency_disagreement,170,0.0,1.0
retailrocket,1,recency,frequency,recent_basket_novelty,58,-0.049945723952761964,0.7096490042077481
retailrocket,1,recency,frequency,popularity_profile,170,0.05569941484292804,0.47064269213190146
retailrocket,1,recency,frequency,neighbor_similarity,170,0.05732192586098871,0.4577946957177864
retailrocket,1,recency,frequency,cooccurrence_support,39,-0.2707397553826021,0.09550305703507767
retailrocket,1,recency,frequency,transition_predictability,9,,
retailrocket,1,recency,racf,n_baskets,170,-0.15934465881810794,0.03793538958646749
retailrocket,1,recency,racf,avg_basket_size,170,0.046572396014444135,0.5464574530903348
retailrocket,1,recency,racf,repeat_rate,170,-0.21710748925762843,0.004457180606407292
retailrocket,1,recency,racf,adjacent_basket_jaccard,58,-0.19131529294998104,0.15025736598790404
retailrocket,1,recency,racf,recency_frequency_disagreement,170,-0.00929350327662834,0.9042605147435105
retailrocket,1,recency,racf,recent_basket_novelty,58,0.016182632796528706,0.9040330175377489
retailrocket,1,recency,racf,popularity_profile,170,-0.08922949293232374,0.24721662768586528
retailrocket,1,recency,racf,neighbor_similarity,170,-0.05194283284959626,0.5011322631167777
retailrocket,1,recency,racf,cooccurrence_support,39,-0.18563707149807956,0.2578643572553285
retailrocket,1,recency,racf,transition_predictability,9,,
retailrocket,1,recency,tifuknn,n_baskets,170,-0.10872273836307196,0.15815633585491415
retailrocket,1,recency,tifuknn,avg_basket_size,170,0.2278812911932347,0.002801559792535513
retailrocket,1,recency,tifuknn,repeat_rate,170,-0.06712833712678677,0.3844258253249878
retailrocket,1,recency,tifuknn,adjacent_basket_jaccard,58,,
retailrocket,1,recency,tifuknn,recency_frequency_disagreement,170,-0.054934475228368904,0.4767676735967079
retailrocket,1,recency,tifuknn,recent_basket_novelty,58,,
retailrocket,1,recency,tifuknn,popularity_profile,170,-0.07561976373942003,0.32704126360859564
retailrocket,1,recency,tifuknn,neighbor_similarity,170,-0.06746173983625599,0.3820636832838378
retailrocket,1,recency,tifuknn,cooccurrence_support,39,0.05974381985721155,0.717887120362376
retailrocket,1,recency,tifuknn,transition_predictability,9,,
retailrocket,1,recency,triple2vec,n_baskets,170,-0.1537713794036219,0.045277764149583975
retailrocket,1,recency,triple2vec,avg_basket_size,170,0.08782008505671793,0.2547917788361164
retailrocket,1,recency,triple2vec,repeat_rate,170,-0.23856845831426124,0.0017304909062395108
retailrocket,1,recency,triple2vec,adjacent_basket_jaccard,58,-0.25850692020505356,0.05007562984624087
retailrocket,1,recency,triple2vec,recency_frequency_disagreement,170,-0.02787994443418964,0.7181755345223095
retailrocket,1,recency,triple2vec,recent_basket_novelty,58,0.06157321464142248,0.6461223211151585
retailrocket,1,recency,triple2vec,popularity_profile,170,-0.08607045662984993,0.2644160762961159
retailrocket,1,recency,triple2vec,neighbor_similarity,170,-0.06653350113252501,0.3886621376631253
retailrocket,1,recency,triple2vec,cooccurrence_support,39,-0.21453814230168441,0.18967814859854235
retailrocket,1,recency,triple2vec,transition_predictability,9,,
retailrocket,1,recency,sets2sets,n_baskets,170,-0.08538999276488096,0.2682253828902014
retailrocket,1,recency,sets2sets,avg_basket_size,170,0.261390982925986,0.0005752254858136469
retailrocket,1,recency,sets2sets,repeat_rate,170,-0.057998068983499386,0.4524987433758232
retailrocket,1,recency,sets2sets,adjacent_basket_jaccard,58,-0.11118461908944768,0.406027489255827
retailrocket,1,recency,sets2sets,recency_frequency_disagreement,170,-0.046466574056982735,0.5473703735135926
retailrocket,1,recency,sets2sets,recent_basket_novelty,58,-0.143606972249495,0.28217043420385535
retailrocket,1,recency,sets2sets,popularity_profile,170,0.04301885265727088,0.5775158752891214
retailrocket,1,recency,sets2sets,neighbor_similarity,170,0.05535882822765714,0.47336448781022133
retailrocket,1,recency,sets2sets,cooccurrence_support,39,-0.06287363500796037,0.7037617736002479
retailrocket,1,recency,sets2sets,transition_predictability,9,,
retailrocket,1,recency,dnntsp,n_baskets,170,-0.5062329834961291,1.8878134018331435e-12
retailrocket,1,recency,dnntsp,avg_basket_size,170,-0.41063519590123254,2.6698757476239393e-08
retailrocket,1,recency,dnntsp,repeat_rate,170,-0.16416589592773026,0.032419112587215186
retailrocket,1,recency,dnntsp,adjacent_basket_jaccard,58,0.39083385420664796,0.002418512222434554
retailrocket,1,recency,dnntsp,recency_frequency_disagreement,170,-0.3503336725488627,2.821834274673202e-06
retailrocket,1,recency,dnntsp,recent_basket_novelty,58,-0.5010494805245554,6.174763752189819e-05
retailrocket,1,recency,dnntsp,popularity_profile,170,-0.2121016424757541,0.005490903022726815
retailrocket,1,recency,dnntsp,neighbor_similarity,170,-0.4154872655817043,1.759488787615613e-08
retailrocket,1,recency,dnntsp,cooccurrence_support,39,-0.0489625319756624,0.7672300315570498
retailrocket,1,recency,dnntsp,transition_predictability,9,-0.2713602101199873,0.47999783935789797
retailrocket,1,frequency,racf,n_baskets,170,-0.1142695021330001,0.1378714819996446
retailrocket,1,frequency,racf,avg_basket_size,170,0.06152317804975269,0.4254503601737496
retailrocket,1,frequency,racf,repeat_rate,170,-0.0924219692175223,0.23064001971556075
retailrocket,1,frequency,racf,adjacent_basket_jaccard,58,-0.047669927380345464,0.7223330391252014
retailrocket,1,frequency,racf,recency_frequency_disagreement,170,-0.010474861305103961,0.8921599944917604
retailrocket,1,frequency,racf,recent_basket_novelty,58,0.08917815035371038,0.5056000907762301
retailrocket,1,frequency,racf,popularity_profile,170,-0.14492207677950047,0.0593517951957548
retailrocket,1,frequency,racf,neighbor_similarity,170,-0.10394934322465704,0.17733969474152275
retailrocket,1,frequency,racf,cooccurrence_support,39,-0.01683734632416566,0.9189668517466492
retailrocket,1,frequency,racf,transition_predictability,9,,
retailrocket,1,frequency,tifuknn,n_baskets,170,-0.0098630653739727,0.8984236265319185
retailrocket,1,frequency,tifuknn,avg_basket_size,170,0.1681852796858151,0.028355706812302272
retailrocket,1,frequency,tifuknn,repeat_rate,170,0.10136688472960628,0.1884084498162319
retailrocket,1,frequency,tifuknn,adjacent_basket_jaccard,58,0.20578846123984784,0.12119899694341382
retailrocket,1,frequency,tifuknn,recency_frequency_disagreement,170,-0.03931003328424404,0.6107834648573871
retailrocket,1,frequency,tifuknn,recent_basket_novelty,58,0.049945723952761964,0.7096490042077481
retailrocket,1,frequency,tifuknn,popularity_profile,170,-0.09045684471511344,0.24074849547368254
retailrocket,1,frequency,tifuknn,neighbor_similarity,170,-0.08662028528817686,0.2613652034058253
retailrocket,1,frequency,tifuknn,cooccurrence_support,39,0.22908143581977533,0.1606758032126401
retailrocket,1,frequency,tifuknn,transition_predictability,9,,
retailrocket,1,frequency,triple2vec,n_baskets,170,-0.1067070752740752,0.1660577301266895
retailrocket,1,frequency,triple2vec,avg_basket_size,170,0.10525326882757008,0.17193672922265513
retailrocket,1,frequency,triple2vec,repeat_rate,170,-0.11754045579216467,0.12687802506047857
retailrocket,1,frequency,triple2vec,adjacent_basket_jaccard,58,-0.09003245179243345,0.5015152311871527
retailrocket,1,frequency,triple2vec,recency_frequency_disagreement,170,-0.03142409816469164,0.6841565635916371
retailrocket,1,frequency,triple2vec,recent_basket_novelty,58,0.12040667934656714,0.36795546101583354
retailrocket,1,frequency,triple2vec,popularity_profile,170,-0.14064880266874497,0.06733810207688065
retailrocket,1,frequency,triple2vec,neighbor_similarity,170,-0.118870171729704,0.12260727793580443
retailrocket,1,frequency,triple2vec,cooccurrence_support,39,-0.06770902463311244,0.6821317409892864
retailrocket,1,frequency,triple2vec,transition_predictability,9,,
retailrocket,1,frequency,sets2sets,n_baskets,170,-0.02839242482071862,0.7132201459616972
retailrocket,1,frequency,sets2sets,avg_basket_size,170,0.3056980527370841,5.0373885253631895e-05
retailrocket,1,frequency,sets2sets,repeat_rate,170,0.0910150746416292,0.23784605976054596
retailrocket,1,frequency,sets2sets,adjacent_basket_jaccard,58,0.07851634556433311,0.5579753994606051
retailrocket,1,frequency,sets2sets,recency_frequency_disagreement,170,-0.05237349694115273,0.4975850299055412
retailrocket,1,frequency,sets2sets,recent_basket_novelty,58,-0.11740578091239526,0.3800997361111068
retailrocket,1,frequency,sets2sets,popularity_profile,170,0.004173209926695262,0.9569265708745995
retailrocket,1,frequency,sets2sets,neighbor_similarity,170,0.017885360318736696,0.8169305986109923
retailrocket,1,frequency,sets2sets,cooccurrence_support,39,0.1340593776949392,0.4158488051302658
retailrocket,1,frequency,sets2sets,transition_predictability,9,,
retailrocket,1,frequency,dnntsp,n_baskets,170,-0.48490798468380364,2.070694734393514e-11
retailrocket,1,frequency,dnntsp,avg_basket_size,170,-0.41231208125071206,2.3132662485278934e-08
retailrocket,1,frequency,dnntsp,repeat_rate,170,-0.10363536677799212,0.17865921451534897
retailrocket,1,frequency,dnntsp,adjacent_basket_jaccard,58,0.5447514992212499,9.827520201063697e-06
retailrocket,1,frequency,dnntsp,recency_frequency_disagreement,170,-0.35438522688840723,2.123289818785532e-06
retailrocket,1,frequency,dnntsp,recent_basket_novelty,58,-0.47895065144973265,0.00014275209191282593
retailrocket,1,frequency,dnntsp,popularity_profile,170,-0.23244792696079358,0.002286263938349023
retailrocket,1,frequency,dnntsp,neighbor_similarity,170,-0.4388100860784248,2.156526031880379e-09
retailrocket,1,frequency,dnntsp,cooccurrence_support,39,0.15807317797482995,0.3364971130835953
retailrocket,1,frequency,dnntsp,transition_predictability,9,-0.2713602101199873,0.47999783935789797
retailrocket,1,racf,tifuknn,n_baskets,170,0.1209363641069175,0.11619306032008286
retailrocket,1,racf,tifuknn,avg_basket_size,170,0.13904854074032144,0.0705457630395616
retailrocket,1,racf,tifuknn,repeat_rate,170,0.2342245915856129,0.002110223800040407
retailrocket,1,racf,tifuknn,adjacent_basket_jaccard,58,0.19131529294998104,0.15025736598790404
retailrocket,1,racf,tifuknn,recency_frequency_disagreement,170,-0.03696330671895301,0.6322585060916277
retailrocket,1,racf,tifuknn,recent_basket_novelty,58,-0.016182632796528706,0.9040330175377489
retailrocket,1,racf,tifuknn,popularity_profile,170,0.05641358121506327,0.46496333866833195
retailrocket,1,racf,tifuknn,neighbor_similarity,170,0.013289267098679678,0.8634374847557716
retailrocket,1,racf,tifuknn,cooccurrence_support,39,0.37903738534532616,0.017330070639367052
retailrocket,1,racf,tifuknn,transition_predictability,9,,
retailrocket,1,racf,triple2vec,n_baskets,170,0.008805089510088298,0.9092698911807664
retailrocket,1,racf,triple2vec,avg_basket_size,170,0.05848242114303823,0.44872619633866506
retailrocket,1,racf,triple2vec,repeat_rate,170,-0.03356535779111403,0.6639019224039239
retailrocket,1,racf,triple2vec,adjacent_basket_jaccard,58,-0.05328451228531775,0.6911821120326623
retailrocket,1,racf,triple2vec,recency_frequency_disagreement,170,-0.027468210818699226,0.7221653003464662
retailrocket,1,racf,triple2vec,recent_basket_novelty,58,0.049945723952761964,0.7096490042077481
retailrocket,1,racf,triple2vec,popularity_profile,170,0.0060671231678127045,0.9374122798806273
retailrocket,1,racf,triple2vec,neighbor_similarity,170,-0.019780314292449447,0.7979307617842137
retailrocket,1,racf,triple2vec,cooccurrence_support,39,-0.1057879264935633,0.5215529644339794
retailrocket,1,racf,triple2vec,transition_predictability,9,,
retailrocket,1,racf,sets2sets,n_baskets,170,0.09078911010706125,0.23901796556813218
retailrocket,1,racf,sets2sets,avg_basket_size,170,0.2641843687693906,0.0004991993498572381
retailrocket,1,racf,sets2sets,repeat_rate,170,0.19668365405767735,0.010149875285250002
retailrocket,1,racf,sets2sets,adjacent_basket_jaccard,58,0.12257371927702405,0.35933366442598513
retailrocket,1,racf,sets2sets,recency_frequency_disagreement,170,-0.04512373557852535,0.5590194852791863
retailrocket,1,racf,sets2sets,recent_basket_novelty,58,-0.19385627339474648,0.14481326972587333
retailrocket,1,racf,sets2sets,popularity_profile,170,0.15979941470839323,0.03738333531912092
retailrocket,1,racf,sets2sets,neighbor_similarity,170,0.12961106009512346,0.09207222478563999
retailrocket,1,racf,sets2sets,cooccurrence_support,39,0.13858462958373738,0.40013877872484804
retailrocket,1,racf,sets2sets,transition_predictability,9,,
retailrocket,1,racf,dnntsp,n_baskets,170,-0.46304337796862977,2.0445960139178033e-10
retailrocket,1,racf,dnntsp,avg_basket_size,170,-0.3805063295608907,3.080541750303274e-07
retailrocket,1,racf,dnntsp,repeat_rate,170,-0.08130569963022116,0.2918731001220766
retailrocket,1,racf,dnntsp,adjacent_basket_jaccard,58,0.5390325085029163,1.2684692258792513e-05
retailrocket,1,racf,dnntsp,recency_frequency_disagreement,170,-0.36262385617759146,1.176292714931249e-06
retailrocket,1,racf,dnntsp,recent_basket_novelty,58,-0.49300161822808886,8.434476261860263e-05
retailrocket,1,racf,dnntsp,popularity_profile,170,-0.19583534179698883,0.01048610855463715
retailrocket,1,racf,dnntsp,neighbor_similarity,170,-0.417521693167614,1.474322632785677e-08
retailrocket,1,racf,dnntsp,cooccurrence_support,39,0.11685045393114872,0.4786837018374269
retailrocket,1,racf,dnntsp,transition_predictability,9,-0.2713602101199873,0.47999783935789797
retailrocket,1,tifuknn,triple2vec,n_baskets,170,-0.11222197798588686,0.14511452224969165
retailrocket,1,tifuknn,triple2vec,avg_basket_size,170,-0.08648917926584948,0.26209048144431285
retailrocket,1,tifuknn,triple2vec,repeat_rate,170,-0.2626740773815291,0.000539066964187517
retailrocket,1,tifuknn,triple2vec,adjacent_basket_jaccard,58,-0.25850692020505356,0.05007562984624087
retailrocket,1,tifuknn,triple2vec,recency_frequency_disagreement,170,0.012320663070780601,0.8733043920143058
retailrocket,1,tifuknn,triple2vec,recent_basket_novelty,58,0.06157321464142248,0.6461223211151585
retailrocket,1,tifuknn,triple2vec,popularity_profile,170,-0.05046299811707907,0.5134216283700107
retailrocket,1,tifuknn,triple2vec,neighbor_similarity,170,-0.03053492742945248,0.692635085008669
retailrocket,1,tifuknn,triple2vec,cooccurrence_support,39,-0.3649792455120262,0.02233727242559905
retailrocket,1,tifuknn,triple2vec,transition_predictability,9,,
retailrocket,1,tifuknn,sets2sets,n_baskets,170,-0.017690964618634238,0.818885961675065
retailrocket,1,tifuknn,sets2sets,avg_basket_size,170,0.12437220051938949,0.10610914215120108
retailrocket,1,tifuknn,sets2sets,repeat_rate,170,-0.016949599402364512,0.8263532650787779
retailrocket,1,tifuknn,sets2sets,adjacent_basket_jaccard,58,-0.11118461908944768,0.406027489255827
retailrocket,1,tifuknn,sets2sets,recency_frequency_disagreement,170,-0.010474915279063721,0.8921594421888084
retailrocket,1,tifuknn,sets2sets,recent_basket_novelty,58,-0.143606972249495,0.28217043420385535
retailrocket,1,tifuknn,sets2sets,popularity_profile,170,0.10033998843895518,0.19294741117381056
retailrocket,1,tifuknn,sets2sets,neighbor_similarity,170,0.10903193901473397,0.15696966084360647
retailrocket,1,tifuknn,sets2sets,cooccurrence_support,39,-0.1100472484760917,0.504826358787051
retailrocket,1,tifuknn,sets2sets,transition_predictability,9,,
retailrocket,1,tifuknn,dnntsp,n_baskets,170,-0.49809711426242614,4.800743703451772e-12
retailrocket,1,tifuknn,dnntsp,avg_basket_size,170,-0.42148881396449533,1.0408082755457182e-08
retailrocket,1,tifuknn,dnntsp,repeat_rate,170,-0.1591867689353433,0.03812866128454603
retailrocket,1,tifuknn,dnntsp,adjacent_basket_jaccard,58,0.39083385420664796,0.002418512222434554
retailrocket,1,tifuknn,dnntsp,recency_frequency_disagreement,170,-0.3462384400633864,3.7467632253814805e-06
retailrocket,1,tifuknn,dnntsp,recent_basket_novelty,58,-0.5010494805245554,6.174763752189819e-05
retailrocket,1,tifuknn,dnntsp,popularity_profile,170,-0.21237481017333293,0.005429391257102633
retailrocket,1,tifuknn,dnntsp,neighbor_similarity,170,-0.41634251697784674,1.633673557364371e-08
retailrocket,1,tifuknn,dnntsp,cooccurrence_support,39,-0.14508859292525916,0.3781692779424415
retailrocket,1,tifuknn,dnntsp,transition_predictability,9,-0.2713602101199873,0.47999783935789797
retailrocket,1,triple2vec,sets2sets,n_baskets,170,0.07277858499908565,0.34559545867109276
retailrocket,1,triple2vec,sets2sets,avg_basket_size,170,0.18532332914238958,0.015542301442601878
retailrocket,1,triple2vec,sets2sets,repeat_rate,170,0.19276297560710098,0.011787469678492426
retailrocket,1,triple2vec,sets2sets,adjacent_basket_jaccard,58,0.12076290677617074,0.36652963190555565
retailrocket,1,triple2vec,sets2sets,recency_frequency_disagreement,170,-0.01965581899504385,0.7991755162084837
retailrocket,1,triple2vec,sets2sets,recent_basket_novelty,58,-0.16620711296598714,0.2124212372699303
retailrocket,1,triple2vec,sets2sets,popularity_profile,170,0.13409758111730014,0.08126346543474446
retailrocket,1,triple2vec,sets2sets,neighbor_similarity,170,0.1265793618737212,0.10000295303213137
retailrocket,1,triple2vec,sets2sets,cooccurrence_support,39,0.19958039772530378,0.22317522060995676
retailrocket,1,triple2vec,sets2sets,transition_predictability,9,,
retailrocket,1,triple2vec,dnntsp,n_baskets,170,-0.4657505461487064,1.553287740052193e-10
retailrocket,1,triple2vec,dnntsp,avg_basket_size,170,-0.39718774100836496,8.196394563146178e-08
retailrocket,1,triple2vec,dnntsp,repeat_rate,170,-0.07098734273028068,0.35762809250476746
retailrocket,1,triple2vec,dnntsp,adjacent_basket_jaccard,58,0.5793875797216431,1.8860776368824751e-06
retailrocket,1,triple2vec,dnntsp,recency_frequency_disagreement,170,-0.35438550302560334,2.1232483740177074e-06
retailrocket,1,triple2vec,dnntsp,recent_basket_novelty,58,-0.5309765704580889,1.8030943145123874e-05
retailrocket,1,triple2vec,dnntsp,popularity_profile,170,-0.19790905593329725,0.009680980096122577
retailrocket,1,triple2vec,dnntsp,neighbor_similarity,170,-0.4113371134063686,2.514602262569739e-08
retailrocket,1,triple2vec,dnntsp,cooccurrence_support,39,0.1643930981863631,0.3172826904121066
retailrocket,1,triple2vec,dnntsp,transition_predictability,9,-0.2713602101199873,0.47999783935789797
retailrocket,1,sets2sets,dnntsp,n_baskets,170,-0.47370850896654537,6.82793751348162e-11
retailrocket,1,sets2sets,dnntsp,avg_basket_size,170,-0.4684325612107057,1.1802428588672995e-10
retailrocket,1,sets2sets,dnntsp,repeat_rate,170,-0.13656333745836002,0.0757724803607241
retailrocket,1,sets2sets,dnntsp,adjacent_basket_jaccard,58,0.44548447566609756,0.00045783350143520184
retailrocket,1,sets2sets,dnntsp,recency_frequency_disagreement,170,-0.33809191667959865,6.5085231670526316e-06
retailrocket,1,sets2sets,dnntsp,recent_basket_novelty,58,-0.4164789538975554,0.001146445005579455
retailrocket,1,sets2sets,dnntsp,popularity_profile,170,-0.22890807056963175,0.002677307900637762
retailrocket,1,sets2sets,dnntsp,neighbor_similarity,170,-0.4336825385653723,3.468525379238733e-09
retailrocket,1,sets2sets,dnntsp,cooccurrence_support,39,-0.040707921182215806,0.8056422956979767
retailrocket,1,sets2sets,dnntsp,transition_predictability,9,-0.2713602101199873,0.47999783935789797
retailrocket,2,recency,frequency,n_baskets,170,0.0,1.0
retailrocket,2,recency,frequency,avg_basket_size,170,0.14744726749824363,0.055010370808097994
retailrocket,2,recency,frequency,repeat_rate,170,0.1656917330254707,0.03082182937349069
retailrocket,2,recency,frequency,adjacent_basket_jaccard,46,0.17457398425825893,0.2458980480845363
retailrocket,2,recency,frequency,recency_frequency_disagreement,170,0.0,1.0
retailrocket,2,recency,frequency,recent_basket_novelty,46,-0.1710025146628154,0.2558431815187703
retailrocket,2,recency,frequency,popularity_profile,170,0.08521451740124793,0.2692137417253791
retailrocket,2,recency,frequency,neighbor_similarity,170,0.11018874071538398,0.15258928423123028
retailrocket,2,recency,frequency,cooccurrence_support,45,0.16979092168247376,0.26482441611133395
retailrocket,2,recency,frequency,transition_predictability,13,0.16355112715421938,0.593416275992892
retailrocket,2,recency,racf,n_baskets,170,-0.0992915766813396,0.19766308620414388
retailrocket,2,recency,racf,avg_basket_size,170,0.04507580626294934,0.5594374666378776
retailrocket,2,recency,racf,repeat_rate,170,-0.05896527680752328,0.4449829809040067
retailrocket,2,recency,racf,adjacent_basket_jaccard,46,-0.026857536039732146,0.8593705524765614
retailrocket,2,recency,racf,recency_frequency_disagreement,170,-0.05721527212022582,0.45863320713188405
retailrocket,2,recency,racf,recent_basket_novelty,46,0.06351521973190286,0.6749605644239554
retailrocket,2,recency,racf,popularity_profile,170,-0.06681379621536403,0.38666242931211037
retailrocket,2,recency,racf,neighbor_similarity,170,-0.03763083079137503,0.6261175463342867
retailrocket,2,recency,racf,cooccurrence_support,45,0.07107532893080015,0.6426775191148105
retailrocket,2,recency,racf,transition_predictability,13,0.16355112715421938,0.593416275992892
retailrocket,2,recency,tifuknn,n_baskets,170,-0.0369939180936431,0.6319763385924909
retailrocket,2,recency,tifuknn,avg_basket_size,170,0.002734820848917405,0.9717650217704887
retailrocket,2,recency,tifuknn,repeat_rate,170,0.034852597265251875,0.6518405824586424
retailrocket,2,recency,tifuknn,adjacent_basket_jaccard,46,0.13440699402068587,0.37316771282553296
retailrocket,2,recency,tifuknn,recency_frequency_disagreement,170,-0.05081964691752546,0.5104456650718909
retailrocket,2,recency,tifuknn,recent_basket_novelty,46,-0.14670381377271932,0.3306089682970118
retailrocket,2,recency,tifuknn,popularity_profile,170,-0.006958793541143613,0.9282369576175097
retailrocket,2,recency,tifuknn,neighbor_similarity,170,-0.008481888058615187,0.9125867600368724
retailrocket,2,recency,tifuknn,cooccurrence_support,45,0.3271609880506328,0.028259450162499096
retailrocket,2,recency,tifuknn,transition_predictability,13,0.16355112715421938,0.593416275992892
retailrocket,2,recency,triple2vec,n_baskets,170,-0.06044883709488511,0.43359312694200236
retailrocket,2,recency,triple2vec,avg_basket_size,170,-0.05802491933715232,0.4522891461325995
retailrocket,2,recency,triple2vec,repeat_rate,170,-0.037176322807519355,0.630296082807085
retailrocket,2,recency,triple2vec,adjacent_basket_jaccard,46,-0.026857536039732146,0.8593705524765614
retailrocket,2,recency,triple2vec,recency_frequency_disagreement,170,-0.03432131702826113,0.656807932563412
retailrocket,2,recency,triple2vec,recent_basket_novelty,46,0.06351521973190286,0.6749605644239554
retailrocket,2,recency,triple2vec,popularity_profile,170,-0.06723965428085996,0.38363616598213957
retailrocket,2,recency,triple2vec,neighbor_similarity,170,-0.04990534505510166,0.518092697234882
retailrocket,2,recency,triple2vec,cooccurrence_support,45,0.12610965707392383,0.4091067296802201
retailrocket,2,recency,triple2vec,transition_predictability,13,0.16355112715421938,0.593416275992892
retailrocket,2,recency,sets2sets,n_baskets,170,-0.11983310525145836,0.11958467234844977
retailrocket,2,recency,sets2sets,avg_basket_size,170,0.12637197822337914,0.10056459478156597
retailrocket,2,recency,sets2sets,repeat_rate,170,-0.07163135431159243,0.3532721985782563
retailrocket,2,recency,sets2sets,adjacent_basket_jaccard,46,-0.026857536039732146,0.8593705524765614
retailrocket,2,recency,sets2sets,recency_frequency_disagreement,170,-0.06864288612213632,0.37376654977609136
retailrocket,2,recency,sets2sets,recent_basket_novelty,46,0.06351521973190286,0.6749605644239554
retailrocket,2,recency,sets2sets,popularity_profile,170,-0.03779100727686963,0.6246477792323608
retailrocket,2,recency,sets2sets,neighbor_similarity,170,-0.012709525785763657,0.8693407174791437
retailrocket,2,recency,sets2sets,cooccurrence_support,45,-0.030443134181601342,0.8426398679071276
retailrocket,2,recency,sets2sets,transition_predictability,13,0.16355112715421938,0.593416275992892
retailrocket,2,recency,dnntsp,n_baskets,170,-0.4224737624789545,9.539414274922092e-09
retailrocket,2,recency,dnntsp,avg_basket_size,170,-0.3707009176954879,6.486553225315668e-07
retailrocket,2,recency,dnntsp,repeat_rate,170,-0.11629840483352967,0.13097001331126262
retailrocket,2,recency,dnntsp,adjacent_basket_jaccard,46,0.4129638809613392,0.004340457507242648
retailrocket,2,recency,dnntsp,recency_frequency_disagreement,170,-0.30510005543461327,5.219944300697179e-05
retailrocket,2,recency,dnntsp,recent_basket_novelty,46,-0.4460922531048383,0.0018883709507879565
retailrocket,2,recency,dnntsp,popularity_profile,170,-0.16774565714953305,0.028777843399473826
retailrocket,2,recency,dnntsp,neighbor_similarity,170,-0.35063871842778416,2.7624270850400006e-06
retailrocket,2,recency,dnntsp,cooccurrence_support,45,-0.15057293756054477,0.32349856153504597
retailrocket,2,recency,dnntsp,transition_predictability,13,-0.16720257373023498,0.5850785358421022
retailrocket,2,frequency,racf,n_baskets,170,-0.09662888381267952,0.21001410160701764
retailrocket,2,frequency,racf,avg_basket_size,170,-0.028576101215300458,0.7114470043405946
retailrocket,2,frequency,racf,repeat_rate,170,-0.14130673670519267,0.06605427805777278
retailrocket,2,frequency,racf,adjacent_basket_jaccard,46,-0.20143152029799108,0.1794715956421418
retailrocket,2,frequency,racf,recency_frequency_disagreement,170,-0.05721553162522119,0.4586311658692924
retailrocket,2,frequency,racf,recent_basket_novelty,46,0.2345177343947183,0.11670147840449666
retailrocket,2,frequency,racf,popularity_profile,170,-0.10978058562658118,0.15412416645713511
retailrocket,2,frequency,racf,neighbor_similarity,170,-0.09294701188247047,0.22799059368224528
retailrocket,2,frequency,racf,cooccurrence_support,45,-0.01457556047785169,0.9242914960883477
retailrocket,2,frequency,racf,transition_predictability,13,,
retailrocket,2,frequency,tifuknn,n_baskets,170,-0.063629887805095,0.4097423985202563
retailrocket,2,frequency,tifuknn,avg_basket_size,170,-0.12794826926478028,0.09635758134958007
retailrocket,2,frequency,tifuknn,repeat_rate,170,-0.12065699019361716,0.1170447385229364
retailrocket,2,frequency,tifuknn,adjacent_basket_jaccard,46,-0.17457398425825893,0.2458980480845363
retailrocket,2,frequency,tifuknn,recency_frequency_disagreement,170,-0.038143514746817216,0.6214184109549927
retailrocket,2,frequency,tifuknn,recent_basket_novelty,46,0.1710025146628154,0.2558431815187703
retailrocket,2,frequency,tifuknn,popularity_profile,170,-0.0654567069005287,0.39640216117141214
retailrocket,2,frequency,tifuknn,neighbor_similarity,170,-0.09279219103743798,0.2287695936515309
retailrocket,2,frequency,tifuknn,cooccurrence_support,45,0.1303445026172215,0.3934254954830003
retailrocket,2,frequency,tifuknn,transition_predictability,13,-0.16355112715421938,0.593416275992892
retailrocket,2,frequency,triple2vec,n_baskets,170,-0.02859313305859388,0.7112826636119266
retailrocket,2,frequency,triple2vec,avg_basket_size,170,-0.06927932107336802,0.3693419947288865
retailrocket,2,frequency,triple2vec,repeat_rate,170,-0.044863956912692474,0.5612867578429797
retailrocket,2,frequency,triple2vec,adjacent_basket_jaccard,46,-0.08967806508755456,0.5533928528625132
retailrocket,2,frequency,triple2vec,recency_frequency_disagreement,170,-0.041028169777674005,0.5952671131332483
retailrocket,2,frequency,triple2vec,recent_basket_novelty,46,0.10899754132577005,0.4708694468233663
retailrocket,2,frequency,triple2vec,popularity_profile,170,-0.08768914858068584,0.2555035586629082
retailrocket,2,frequency,triple2vec,neighbor_similarity,170,-0.07021461342521101,0.3628986042970844
retailrocket,2,frequency,triple2vec,cooccurrence_support,45,0.12855574956027147,0.40000576663026144
retailrocket,2,frequency,triple2vec,transition_predictability,13,0.16355112715421938,0.593416275992892
retailrocket,2,frequency,sets2sets,n_baskets,170,-0.1379606466329884,0.07279650954535086
retailrocket,2,frequency,sets2sets,avg_basket_size,170,0.00852893008395625,0.9121038939839544
retailrocket,2,frequency,sets2sets,repeat_rate,170,-0.19832613875856667,0.009525807644547513
retailrocket,2,frequency,sets2sets,adjacent_basket_jaccard,46,-0.24291915433057357,0.10380389110725617
retailrocket,2,frequency,sets2sets,recency_frequency_disagreement,170,-0.05744001641294206,0.45686726366196995
retailrocket,2,frequency,sets2sets,recent_basket_novelty,46,0.27823056601578144,0.06116841052842179
retailrocket,2,frequency,sets2sets,popularity_profile,170,-0.08677032293084712,0.2605368844371371
retailrocket,2,frequency,sets2sets,neighbor_similarity,170,-0.0844819598548384,0.27336658424640536
retailrocket,2,frequency,sets2sets,cooccurrence_support,45,-0.16512682156538228,0.2783666052880207
retailrocket,2,frequency,sets2sets,transition_predictability,13,-0.16355112715421938,0.593416275992892
retailrocket,2,frequency,dnntsp,n_baskets,170,-0.4076957744296567,3.42621825644161e-08
retailrocket,2,frequency,dnntsp,avg_basket_size,170,-0.3780187861080321,3.7297009011092266e-07
retailrocket,2,frequency,dnntsp,repeat_rate,170,-0.120255483953583,0.1182772376564227
retailrocket,2,frequency,dnntsp,adjacent_basket_jaccard,46,0.3523753131246685,0.0163168489105965
retailrocket,2,frequency,dnntsp,recency_frequency_disagreement,170,-0.30882664256837117,4.176121444133818e-05
retailrocket,2,frequency,dnntsp,recent_basket_novelty,46,-0.3907770818367918,0.007250113561771218
retailrocket,2,frequency,dnntsp,popularity_profile,170,-0.1793426775764952,0.019278789757181586
retailrocket,2,frequency,dnntsp,neighbor_similarity,170,-0.36161613316652885,1.2655378682817421e-06
retailrocket,2,frequency,dnntsp,cooccurrence_support,45,-0.15057293756054477,0.32349856153504597
retailrocket,2,frequency,dnntsp,transition_predictability,13,-0.16720257373023498,0.5850785358421022
retailrocket,2,racf,tifuknn,n_baskets,170,0.04652790167357549,0.5468412123190531
retailrocket,2,racf,tifuknn,avg_basket_size,170,-0.13954104167222003,0.06954559670630306
retailrocket,2,racf,tifuknn,repeat_rate,170,0.02889045678557776,0.70841592673268
retailrocket,2,racf,tifuknn,adjacent_basket_jaccard,46,0.026857536039732146,0.8593705524765614
retailrocket,2,racf,tifuknn,recency_frequency_disagreement,170,0.026652146327838983,0.7300951756973925
retailrocket,2,racf,tifuknn,recent_basket_novelty,46,-0.06351521973190286,0.6749605644239554
retailrocket,2,racf,tifuknn,popularity_profile,170,0.061380347419820715,0.42652779056938805
retailrocket,2,racf,tifuknn,neighbor_similarity,170,-0.001914629681235698,0.9802307962650227
retailrocket,2,racf,tifuknn,cooccurrence_support,45,0.12639129291043977,0.4080528592762711
retailrocket,2,racf,tifuknn,transition_predictability,13,-0.16355112715421938,0.593416275992892
retailrocket,2,racf,triple2vec,n_baskets,170,0.10676300542183283,0.16583458728200595
retailrocket,2,racf,triple2vec,avg_basket_size,170,-0.08689001847552635,0.25987736838782927
retailrocket,2,racf,triple2vec,repeat_rate,170,0.15069717283109907,0.0498124470776404
retailrocket,2,racf,triple2vec,adjacent_basket_jaccard,46,0.13440699402068587,0.37316771282553296
retailrocket,2,racf,triple2vec,recency_frequency_disagreement,170,0.015341986571775518,0.8425984408449669
retailrocket,2,racf,triple2vec,recent_basket_novelty,46,-0.14670381377271932,0.3306089682970118
retailrocket,2,racf,triple2vec,popularity_profile,170,0.01289099180795488,0.8674921424339651
retailrocket,2,racf,triple2vec,neighbor_similarity,170,0.018713427064818322,0.8086141287651744
retailrocket,2,racf,triple2vec,cooccurrence_support,45,0.21018515236851096,0.16580035143005709
retailrocket,2,racf,triple2vec,transition_predictability,13,0.16355112715421938,0.593416275992892
retailrocket,2,racf,sets2sets,n_baskets,170,-0.10676300542183283,0.16583458728200595
retailrocket,2,racf,sets2sets,avg_basket_size,170,0.05889081970403713,0.4455590371952639
retailrocket,2,racf,sets2sets,repeat_rate,170,-0.15069717283109907,0.0498124470776404
retailrocket,2,racf,sets2sets,adjacent_basket_jaccard,46,-0.13440699402068587,0.37316771282553296
retailrocket,2,racf,sets2sets,recency_frequency_disagreement,170,-0.015341986571775518,0.8425984408449669
retailrocket,2,racf,sets2sets,recent_basket_novelty,46,0.14670381377271932,0.3306089682970118
retailrocket,2,racf,sets2sets,popularity_profile,170,0.01473498624823276,0.8487499722775419
retailrocket,2,racf,sets2sets,neighbor_similarity,170,-0.00908546306381628,0.9063938124562162
retailrocket,2,racf,sets2sets,cooccurrence_support,45,-0.21018515236851096,0.16580035143005709
retailrocket,2,racf,sets2sets,transition_predictability,13,-0.16355112715421938,0.593416275992892
retailrocket,2,racf,dnntsp,n_baskets,170,-0.3974366069691291,8.031598421913835e-08
retailrocket,2,racf,dnntsp,avg_basket_size,170,-0.37225745364879675,5.772783252529413e-07
retailrocket,2,racf,dnntsp,repeat_rate,170,-0.08864447600169173,0.2503417275703525
retailrocket,2,racf,dnntsp,adjacent_basket_jaccard,46,0.5076325039560641,0.00031701473332604465
retailrocket,2,racf,dnntsp,recency_frequency_disagreement,170,-0.29717426085876797,8.30681413769973e-05
retailrocket,2,racf,dnntsp,recent_basket_novelty,46,-0.5668637639825292,4.0047555555985504e-05
retailrocket,2,racf,dnntsp,popularity_profile,170,-0.15389837286039348,0.045098113444983004
retailrocket,2,racf,dnntsp,neighbor_similarity,170,-0.3411503832050032,5.299493795831107e-06
retailrocket,2,racf,dnntsp,cooccurrence_support,45,-0.13554541177645973,0.37465567819974555
retailrocket,2,racf,dnntsp,transition_predictability,13,-0.16720257373023498,0.5850785358421022
retailrocket,2,tifuknn,triple2vec,n_baskets,170,-0.0013585773534431093,0.985971519635521
retailrocket,2,tifuknn,triple2vec,avg_basket_size,170,-0.014932423908667093,0.8467480563769999
retailrocket,2,tifuknn,triple2vec,repeat_rate,170,-0.0034717473396097347,0.964161341755687
retailrocket,2,tifuknn,triple2vec,adjacent_basket_jaccard,46,-0.026857536039732146,0.8593705524765614
retailrocket,2,tifuknn,triple2vec,recency_frequency_disagreement,170,0.0,1.0
retailrocket,2,tifuknn,triple2vec,recent_basket_novelty,46,0.06351521973190286,0.6749605644239554
retailrocket,2,tifuknn,triple2vec,popularity_profile,170,-0.0600076240803707,0.43696291421147404
retailrocket,2,tifuknn,triple2vec,neighbor_similarity,170,-0.01989376886619419,0.796796840142684
retailrocket,2,tifuknn,triple2vec,cooccurrence_support,45,-0.03125857527575138,0.8384801494024934
retailrocket,2,tifuknn,triple2vec,transition_predictability,13,0.16355112715421938,0.593416275992892
retailrocket,2,tifuknn,sets2sets,n_baskets,170,-0.12419075106375896,0.1066238850491329
retailrocket,2,tifuknn,sets2sets,avg_basket_size,170,0.17120630388155395,0.02559541194188922
retailrocket,2,tifuknn,sets2sets,repeat_rate,170,-0.14208579271952193,0.06456002939127338
retailrocket,2,tifuknn,sets2sets,adjacent_basket_jaccard,46,-0.1728089923123104,0.2507796477949775
retailrocket,2,tifuknn,sets2sets,recency_frequency_disagreement,170,-0.03586456748673721,0.6424212699674097
retailrocket,2,tifuknn,sets2sets,recent_basket_novelty,46,0.23752046039392655,0.11195921192291276
retailrocket,2,tifuknn,sets2sets,popularity_profile,170,-0.043587015095126545,0.5724951719991616
retailrocket,2,tifuknn,sets2sets,neighbor_similarity,170,-0.005313050685863836,0.9451781966254267
retailrocket,2,tifuknn,sets2sets,cooccurrence_support,45,-0.2749298829482443,0.06758145597527945
retailrocket,2,tifuknn,sets2sets,transition_predictability,13,,
retailrocket,2,tifuknn,dnntsp,n_baskets,170,-0.41520029749408466,1.8037558448842114e-08
retailrocket,2,tifuknn,dnntsp,avg_basket_size,170,-0.36534001045745423,9.646532207195663e-07
retailrocket,2,tifuknn,dnntsp,repeat_rate,170,-0.10969382098768528,0.1544519415815988
retailrocket,2,tifuknn,dnntsp,adjacent_basket_jaccard,46,0.4129638809613392,0.004340457507242648
retailrocket,2,tifuknn,dnntsp,recency_frequency_disagreement,170,-0.30194642234295915,6.289942433965031e-05
retailrocket,2,tifuknn,dnntsp,recent_basket_novelty,46,-0.4460922531048383,0.0018883709507879565
retailrocket,2,tifuknn,dnntsp,popularity_profile,170,-0.16825162443268582,0.028292462345150503
retailrocket,2,tifuknn,dnntsp,neighbor_similarity,170,-0.3499570966734375,2.8968480996663473e-06
retailrocket,2,tifuknn,dnntsp,cooccurrence_support,45,-0.25357008811897763,0.09281587840039457
retailrocket,2,tifuknn,dnntsp,transition_predictability,13,-0.16720257373023498,0.5850785358421022
retailrocket,2,triple2vec,sets2sets,n_baskets,170,-0.12418721004097473,0.10663394983814065
retailrocket,2,triple2vec,sets2sets,avg_basket_size,170,0.18753193375607746,0.014331567767276922
retailrocket,2,triple2vec,sets2sets,repeat_rate,170,-0.1408152661825339,0.06701137496491584
retailrocket,2,triple2vec,sets2sets,adjacent_basket_jaccard,46,-0.13440699402068587,0.37316771282553296
retailrocket,2,triple2vec,sets2sets,recency_frequency_disagreement,170,-0.0358635448884396,0.6424307598234202
retailrocket,2,triple2vec,sets2sets,recent_basket_novelty,46,0.14670381377271932,0.3306089682970118
retailrocket,2,triple2vec,sets2sets,popularity_profile,170,0.021874424913209258,0.7770716303827561
retailrocket,2,triple2vec,sets2sets,neighbor_similarity,170,0.01628132174066467,0.8330977883181376
retailrocket,2,triple2vec,sets2sets,cooccurrence_support,45,-0.25369175181220516,0.09265394407160807
retailrocket,2,triple2vec,sets2sets,transition_predictability,13,-0.16355112715421938,0.593416275992892
retailrocket,2,triple2vec,dnntsp,n_baskets,170,-0.4092384223213218,3.0067354210989185e-08
retailrocket,2,triple2vec,dnntsp,avg_basket_size,170,-0.35134527001324284,2.629361773032518e-06
retailrocket,2,triple2vec,dnntsp,repeat_rate,170,-0.09405717428578804,0.2224595150095078
retailrocket,2,triple2vec,dnntsp,adjacent_basket_jaccard,46,0.5076325039560641,0.00031701473332604465
retailrocket,2,triple2vec,dnntsp,recency_frequency_disagreement,170,-0.3049946361445251,5.252763835063367e-05
retailrocket,2,triple2vec,dnntsp,recent_basket_novelty,46,-0.5668637639825292,4.0047555555985504e-05
retailrocket,2,triple2vec,dnntsp,popularity_profile,170,-0.1543755570013631,0.044428382286621056
retailrocket,2,triple2vec,dnntsp,neighbor_similarity,170,-0.3413716093624799,5.220861257139718e-06
retailrocket,2,triple2vec,dnntsp,cooccurrence_support,45,-0.19498458494065546,0.19929944886025364
retailrocket,2,triple2vec,dnntsp,transition_predictability,13,-0.16720257373023498,0.5850785358421022
retailrocket,2,sets2sets,dnntsp,n_baskets,170,-0.3857433200861962,2.048913038159103e-07
retailrocket,2,sets2sets,dnntsp,avg_basket_size,170,-0.4016244223241159,5.692173799491292e-08
retailrocket,2,sets2sets,dnntsp,repeat_rate,170,-0.08120458305638077,0.29247564401553844
retailrocket,2,sets2sets,dnntsp,adjacent_basket_jaccard,46,0.5076325039560641,0.00031701473332604465
retailrocket,2,sets2sets,dnntsp,recency_frequency_disagreement,170,-0.2904979436353999,0.00012159319699941838
retailrocket,2,sets2sets,dnntsp,recent_basket_novelty,46,-0.5668637639825292,4.0047555555985504e-05
retailrocket,2,sets2sets,dnntsp,popularity_profile,170,-0.15840890122547602,0.039092998540411115
retailrocket,2,sets2sets,dnntsp,neighbor_similarity,170,-0.3453836248350726,3.9731857458219826e-06
retailrocket,2,sets2sets,dnntsp,cooccurrence_support,45,-0.07670816728568645,0.6164887824800154
retailrocket,2,sets2sets,dnntsp,transition_predictability,13,-0.16720257373023498,0.5850785358421022
sam,0,recency,frequency,n_baskets,3678,-0.18053260534580648,2.5691776580065746e-28
sam,0,recency,frequency,avg_basket_size,3678,-0.15055924616932392,4.3043647292094e-20
sam,0,recency,frequency,repeat_rate,3678,-0.11678308372859124,1.208460242296647e-12
sam,0,recency,frequency,adjacent_basket_jaccard,3678,-0.07391688231738613,7.209184775829442e-06
sam,0,recency,frequency,recency_frequency_disagreement,3678,-0.17716108495704114,2.5840812077664733e-27
sam,0,recency,frequency,recent_basket_novelty,3678,0.01365829464703676,0.4076223298416216
sam,0,recency,frequency,popularity_profile,3678,-0.08279337475046183,4.954744885039517e-07
sam,0,recency,frequency,neighbor_similarity,3678,-0.0742918805869365,6.475254727453385e-06
sam,0,recency,frequency,cooccurrence_support,3193,-0.09884926800744048,2.1788548675586887e-08
sam,0,recency,frequency,transition_predictability,3120,0.03798368781305189,0.033873970531029154
sam,0,recency,racf,n_baskets,3678,-0.16713944895465385,1.8863051533490955e-24
sam,0,recency,racf,avg_basket_size,3678,-0.17452304079537584,1.523736731322347e-26
sam,0,recency,racf,repeat_rate,3678,-0.08624637575573156,1.6186294011125343e-07
sam,0,recency,racf,adjacent_basket_jaccard,3678,-0.04533834601724568,0.0059578486156871896
sam,0,recency,racf,recency_frequency_disagreement,3678,-0.18069769909601557,2.2918917293067535e-28
sam,0,recency,racf,recent_basket_novelty,3678,-0.017999834398603767,0.2751212753309961
sam,0,recency,racf,popularity_profile,3678,-0.07254467574054643,1.0632706884310065e-05
sam,0,recency,racf,neighbor_similarity,3678,-0.053720513587031865,0.0011172369316850787
sam,0,recency,racf,cooccurrence_support,3193,-0.08451636991322536,1.7319371643556973e-06
sam,0,recency,racf,transition_predictability,3120,0.05713658257119213,0.0014089791317546249
sam,0,recency,tifuknn,n_baskets,3678,-0.21566061654137342,5.841864168905608e-40
sam,0,recency,tifuknn,avg_basket_size,3678,-0.17308354996065808,3.965550275801615e-26
sam,0,recency,tifuknn,repeat_rate,3678,-0.13612260893943845,1.1213603400293793e-16
sam,0,recency,tifuknn,adjacent_basket_jaccard,3678,-0.08204866120261303,6.271069262105829e-07
sam,0,recency,tifuknn,recency_frequency_disagreement,3678,-0.19680842960055256,1.9461060599697846e-33
sam,0,recency,tifuknn,recent_basket_novelty,3678,0.023335094656733255,0.15709669846676258
sam,0,recency,tifuknn,popularity_profile,3678,-0.10295654620756414,3.887714496256477e-10
sam,0,recency,tifuknn,neighbor_similarity,3678,-0.07896373852607448,1.62889340354668e-06
sam,0,recency,tifuknn,cooccurrence_support,3193,-0.11646650878051973,4.0831510234489123e-11
sam,0,recency,tifuknn,transition_predictability,3120,0.018473133703588013,0.30229345828481125
sam,0,recency,triple2vec,n_baskets,3678,-0.21267293397854703,6.96896812811001e-39
sam,0,recency,triple2vec,avg_basket_size,3678,-0.1548225571181727,3.613993168434381e-21
sam,0,recency,triple2vec,repeat_rate,3678,-0.1365928806921661,8.789720661337938e-17
sam,0,recency,triple2vec,adjacent_basket_jaccard,3678,-0.08191133522331792,6.548081456150833e-07
sam,0,recency,triple2vec,recency_frequency_disagreement,3678,-0.18615920178759882,4.925307801610599e-30
sam,0,recency,triple2vec,recent_basket_novelty,3678,0.02445105499639236,0.1381836656961703
sam,0,recency,triple2vec,popularity_profile,3678,-0.07774365081451395,2.353530614522035e-06
sam,0,recency,triple2vec,neighbor_similarity,3678,-0.04453873014930233,0.006901891387613412
sam,0,recency,triple2vec,cooccurrence_support,3193,-0.09422748957388144,9.593216147134369e-08
sam,0,recency,triple2vec,transition_predictability,3120,0.04660804854989718,0.009220846416648597
sam,0,recency,sets2sets,n_baskets,3678,-0.1297559985622665,2.789206042070941e-15
sam,0,recency,sets2sets,avg_basket_size,3678,-0.11060514300846491,1.7417252900061186e-11
sam,0,recency,sets2sets,repeat_rate,3678,-0.08541445618421006,2.1278039650508462e-07
sam,0,recency,sets2sets,adjacent_basket_jaccard,3678,-0.05167704061019546,0.0017181781978778338
sam,0,recency,sets2sets,recency_frequency_disagreement,3678,-0.12768775510053923,7.663588606838585e-15
sam,0,recency,sets2sets,recent_basket_novelty,3678,-0.014572696227837972,0.37695010540730456
sam,0,recency,sets2sets,popularity_profile,3678,-0.03294108791376146,0.04575730085010848
sam,0,recency,sets2sets,neighbor_similarity,3678,0.015895590237007484,0.3351735944933727
sam,0,recency,sets2sets,cooccurrence_support,3193,-0.03733225833818971,0.03490751070104996
sam,0,recency,sets2sets,transition_predictability,3120,0.05331274817354172,0.002893671160864897
sam,0,recency,dnntsp,n_baskets,3678,-0.033621448516570014,0.04145930483357063
sam,0,recency,dnntsp,avg_basket_size,3678,-0.16907366936349794,5.451434499770916e-25
sam,0,recency,dnntsp,repeat_rate,3678,0.08299868585581698,4.641502923867403e-07
sam,0,recency,dnntsp,adjacent_basket_jaccard,3678,0.1031825101233428,3.557990763237425e-10
sam,0,recency,dnntsp,recency_frequency_disagreement,3678,-0.13154972588042774,1.1456604561588671e-15
sam,0,recency,dnntsp,recent_basket_novelty,3678,-0.1517982926762719,2.1105172760372787e-20
sam,0,recency,dnntsp,popularity_profile,3678,-0.010315327673455573,0.5317133617084798
sam,0,recency,dnntsp,neighbor_similarity,3678,0.013174354389489466,0.4244401535335125
sam,0,recency,dnntsp,cooccurrence_support,3193,0.0012983638359007309,0.9415375689095287
sam,0,recency,dnntsp,transition_predictability,3120,0.13384822481868375,6.042352467501697e-14
sam,0,frequency,racf,n_baskets,3678,0.0006305428329078126,0.9695065087588544
sam,0,frequency,racf,avg_basket_size,3678,-0.05228556936428274,0.0015137762366708176
sam,0,frequency,racf,repeat_rate,3678,0.047619688282190833,0.003869298632400889
sam,0,frequency,racf,adjacent_basket_jaccard,3678,0.051403342343812594,0.0018181386281492904
sam,0,frequency,racf,recency_frequency_disagreement,3678,-0.028896365877109406,0.07973355688355459
sam,0,frequency,racf,recent_basket_novelty,3678,-0.05420161597059225,0.0010074453810248133
sam,0,frequency,racf,popularity_profile,3678,0.018435629686565373,0.2636645233775988
sam,0,frequency,racf,neighbor_similarity,3678,0.03990091345763922,0.015520824693226982
sam,0,frequency,racf,cooccurrence_support,3193,0.014371186276542693,0.41691136338765666
sam,0,frequency,racf,transition_predictability,3120,0.03415153946685285,0.056469696891523
sam,0,frequency,tifuknn,n_baskets,3678,-0.004178029582270235,0.8000380042165247
sam,0,frequency,tifuknn,avg_basket_size,3678,0.014190147793835699,0.38960505125501244
sam,0,frequency,tifuknn,repeat_rate,3678,0.00907707838111972,0.5821016893670994
sam,0,frequency,tifuknn,adjacent_basket_jaccard,3678,0.004754831423975026,0.7731419256139735
sam,0,frequency,tifuknn,recency_frequency_disagreement,3678,0.0167941245329521,0.3085683057862544
sam,0,frequency,tifuknn,recent_basket_novelty,3678,-0.009597477968949483,0.5606548137308893
sam,0,frequency,tifuknn,popularity_profile,3678,0.011339587308152174,0.4917709672978363
sam,0,frequency,tifuknn,neighbor_similarity,3678,0.01967839289088975,0.2328161738779845
sam,0,frequency,tifuknn,cooccurrence_support,3193,0.006321652010765676,0.7210326701094867
sam,0,frequency,tifuknn,transition_predictability,3120,-0.021844262375341546,0.22253664474967239
sam,0,frequency,triple2vec,n_baskets,3678,-0.08021746344026126,1.109745823027285e-06
sam,0,frequency,triple2vec,avg_basket_size,3678,-0.01340877656710396,0.416243444557835
sam,0,frequency,triple2vec,repeat_rate,3678,-0.048114830308700896,0.00351499496227813
sam,0,frequency,triple2vec,adjacent_basket_jaccard,3678,-0.014197549388737678,0.3893577771961587
sam,0,frequency,triple2vec,recency_frequency_disagreement,3678,-0.03327858373054141,0.04358052442597448
sam,0,frequency,triple2vec,recent_basket_novelty,3678,0.030274791751893924,0.06637875547317947
sam,0,frequency,triple2vec,popularity_profile,3678,-0.018306542225173986,0.2670233111216349
sam,0,frequency,triple2vec,neighbor_similarity,3678,0.016447370525994164,0.3186654386609485
sam,0,frequency,triple2vec,cooccurrence_support,3193,-0.027548627002482683,0.11962106064489562
sam,0,frequency,triple2vec,transition_predictability,3120,-0.004627838870756788,0.796102220536033
sam,0,frequency,sets2sets,n_baskets,3678,0.047199055336502455,0.004195433613138482
sam,0,frequency,sets2sets,avg_basket_size,3678,0.045931934719680344,0.005334058049285079
sam,0,frequency,sets2sets,repeat_rate,3678,0.033497333270879316,0.04221685777616808
sam,0,frequency,sets2sets,adjacent_basket_jaccard,3678,0.025690798824315998,0.1192842331657052
sam,0,frequency,sets2sets,recency_frequency_disagreement,3678,0.05592196738724806,0.0006913797277802892
sam,0,frequency,sets2sets,recent_basket_novelty,3678,-0.03383281254947847,0.0401957021735588
sam,0,frequency,sets2sets,popularity_profile,3678,0.06676328976864579,5.075864154234156e-05
sam,0,frequency,sets2sets,neighbor_similarity,3678,0.1028274284807841,4.0893158822553143e-10
sam,0,frequency,sets2sets,cooccurrence_support,3193,0.0715146231933993,5.240182933594728e-05
sam,0,frequency,sets2sets,transition_predictability,3120,0.019964564696685675,0.2649257907206223
sam,0,frequency,dnntsp,n_baskets,3678,0.10581853281405816,1.247698142229196e-10
sam,0,frequency,dnntsp,avg_basket_size,3678,-0.05542423691855832,0.00077176030667646
sam,0,frequency,dnntsp,repeat_rate,3678,0.1933042470105315,2.6991656887030537e-32
sam,0,frequency,dnntsp,adjacent_basket_jaccard,3678,0.1841765718777406,2.0133340883384887e-29
sam,0,frequency,dnntsp,recency_frequency_disagreement,3678,0.0068017431227485985,0.6800707520156317
sam,0,frequency,dnntsp,recent_basket_novelty,3678,-0.17440235432148213,1.651484551927613e-26
sam,0,frequency,dnntsp,popularity_profile,3678,0.0488341576265144,0.00305268500911513
sam,0,frequency,dnntsp,neighbor_similarity,3678,0.05634410300474394,0.000629377289634964
sam,0,frequency,dnntsp,cooccurrence_support,3193,0.06891915330513271,9.719106690299752e-05
sam,0,frequency,dnntsp,transition_predictability,3120,0.10788439125909569,1.5285969287298543e-09
sam,0,racf,tifuknn,n_baskets,3678,-0.008923457193647951,0.5885052291692805
sam,0,racf,tifuknn,avg_basket_size,3678,0.05335800093404054,0.0012071595261468609
sam,0,racf,tifuknn,repeat_rate,3678,-0.03263691174121245,0.04779693278368538
sam,0,racf,tifuknn,adjacent_basket_jaccard,3678,-0.04324411927849225,0.008717444162526726
sam,0,racf,tifuknn,recency_frequency_disagreement,3678,0.030373139343743288,0.06550091484432287
sam,0,racf,tifuknn,recent_basket_novelty,3678,0.035549612363468555,0.031090791897678043
sam,0,racf,tifuknn,popularity_profile,3678,-0.008108123434550358,0.6230230877108005
sam,0,racf,tifuknn,neighbor_similarity,3678,-0.008026342283083509,0.6265332606783706
sam,0,racf,tifuknn,cooccurrence_support,3193,-0.010196924061310663,0.5646265049965742
sam,0,racf,tifuknn,transition_predictability,3120,-0.04898777013001089,0.006202969941032603
sam,0,racf,triple2vec,n_baskets,3678,-0.07826189678660542,2.0142661925618023e-06
sam,0,racf,triple2vec,avg_basket_size,3678,0.02371728039403105,0.15041027954146177
sam,0,racf,triple2vec,repeat_rate,3678,-0.077971673444102,2.1979973964206885e-06
sam,0,racf,triple2vec,adjacent_basket_jaccard,3678,-0.04822042338383333,0.0034433642648820715
sam,0,racf,triple2vec,recency_frequency_disagreement,3678,-0.01181331525538869,0.47385682038668675
sam,0,racf,triple2vec,recent_basket_novelty,3678,0.05923509959949693,0.00032521789921801834
sam,0,racf,triple2vec,popularity_profile,3678,-0.03338859938789476,0.04289011711066493
sam,0,racf,triple2vec,neighbor_similarity,3678,-0.009034421609263134,0.5838765273282962
sam,0,racf,triple2vec,cooccurrence_support,3193,-0.027898171717421857,0.11499783827558258
sam,0,racf,triple2vec,transition_predictability,3120,-0.023158632746666505,0.1959329395623445
sam,0,racf,sets2sets,n_baskets,3678,0.043213805111809445,0.008764647002642458
sam,0,racf,sets2sets,avg_basket_size,3678,0.08590929371973838,1.8088774860279704e-07
sam,0,racf,sets2sets,repeat_rate,3678,-0.0026485253411975386,0.8724324626561821
sam,0,racf,sets2sets,adjacent_basket_jaccard,3678,-0.011983618745548801,0.4675054754639286
sam,0,racf,sets2sets,recency_frequency_disagreement,3678,0.07357531821197541,7.946339224754298e-06
sam,0,racf,sets2sets,recent_basket_novelty,3678,0.00391677663558479,0.8123007007672454
sam,0,racf,sets2sets,popularity_profile,3678,0.05313653425247787,0.001265336100590263
sam,0,racf,sets2sets,neighbor_similarity,3678,0.08099654696005715,8.717811017117422e-07
sam,0,racf,sets2sets,cooccurrence_support,3193,0.07221429650084754,4.420562831038306e-05
sam,0,racf,sets2sets,transition_predictability,3120,-0.00240643829222814,0.8931158070414402
sam,0,racf,dnntsp,n_baskets,3678,0.10243690560413958,4.763157902208709e-10
sam,0,racf,dnntsp,avg_basket_size,3678,-0.03904464213514867,0.01788358919365671
sam,0,racf,dnntsp,repeat_rate,3678,0.1715097452385545,1.1177516232902325e-25
sam,0,racf,dnntsp,adjacent_basket_jaccard,3678,0.15900541055953024,2.9672805489036613e-22
sam,0,racf,dnntsp,recency_frequency_disagreement,3678,0.011233733751883532,0.49582293786822695
sam,0,racf,dnntsp,recent_basket_novelty,3678,-0.14898494453416092,1.0554374897790683e-19
sam,0,racf,dnntsp,popularity_profile,3678,0.029219988789870976,0.07641672086501741
sam,0,racf,dnntsp,neighbor_similarity,3678,0.037570530521457896,0.02269372592870572
sam,0,racf,dnntsp,cooccurrence_support,3193,0.061833370551074227,0.00047233623044724566
sam,0,racf,dnntsp,transition_predictability,3120,0.09673278142745771,6.172403174236609e-08
sam,0,tifuknn,triple2vec,n_baskets,3678,-0.059268169772384464,0.0003227162304342453
sam,0,tifuknn,triple2vec,avg_basket_size,3678,-0.02742689614497322,0.09629378849649643
sam,0,tifuknn,triple2vec,repeat_rate,3678,-0.043272075361448566,0.008674114561110134
sam,0,tifuknn,triple2vec,adjacent_basket_jaccard,3678,-0.016449184622151267,0.31861205747835153
sam,0,tifuknn,triple2vec,recency_frequency_disagreement,3678,-0.04160532585318102,0.011620858553076036
sam,0,tifuknn,triple2vec,recent_basket_novelty,3678,0.02907557932166334,0.0778826201473491
sam,0,tifuknn,triple2vec,popularity_profile,3678,-0.01204091528694664,0.4653792944973446
sam,0,tifuknn,triple2vec,neighbor_similarity,3678,0.004432098455159914,0.7881595607919543
sam,0,tifuknn,triple2vec,cooccurrence_support,3193,-0.006238296829719848,0.7245603646036619
sam,0,tifuknn,triple2vec,transition_predictability,3120,0.023347007478614377,0.19231951995057656
sam,0,tifuknn,sets2sets,n_baskets,3678,0.06639979757573951,5.577792909602424e-05
sam,0,tifuknn,sets2sets,avg_basket_size,3678,0.04365141129029884,0.008104903570020267
sam,0,tifuknn,sets2sets,repeat_rate,3678,0.027356276192772363,0.09715421513683245
sam,0,tifuknn,sets2sets,adjacent_basket_jaccard,3678,0.013782916725076045,0.4033566412424012
sam,0,tifuknn,sets2sets,recency_frequency_disagreement,3678,0.05894965909902928,0.00034757736654468795
sam,0,tifuknn,sets2sets,recent_basket_novelty,3678,-0.02584039932029392,0.1171476200473329
sam,0,tifuknn,sets2sets,popularity_profile,3678,0.05776619639642662,0.0004565134233601835
sam,0,tifuknn,sets2sets,neighbor_similarity,3678,0.08634947789522511,1.5644072870132222e-07
sam,0,tifuknn,sets2sets,cooccurrence_support,3193,0.06755316340753509,0.00013341298247844475
sam,0,tifuknn,sets2sets,transition_predictability,3120,0.03023694510642269,0.09128592078188279
sam,0,tifuknn,dnntsp,n_baskets,3678,0.12842030923931808,5.367455636406984e-15
sam,0,tifuknn,dnntsp,avg_basket_size,3678,-0.0519833425284448,0.0016123168223095474
sam,0,tifuknn,dnntsp,repeat_rate,3678,0.1979176873005826,8.376907512858873e-34
sam,0,tifuknn,dnntsp,adjacent_basket_jaccard,3678,0.17646839709745823,4.1287683816169126e-27
sam,0,tifuknn,dnntsp,recency_frequency_disagreement,3678,0.01490351280939254,0.3662133276689904
sam,0,tifuknn,dnntsp,recent_basket_novelty,3678,-0.17434863954198346,1.7117026152993088e-26
sam,0,tifuknn,dnntsp,popularity_profile,3678,0.04856144852035614,0.0032210020873342337
sam,0,tifuknn,dnntsp,neighbor_similarity,3678,0.0500695214798431,0.002386166723715519
sam,0,tifuknn,dnntsp,cooccurrence_support,3193,0.07857961646782258,8.772597046734292e-06
sam,0,tifuknn,dnntsp,transition_predictability,3120,0.1214027451048633,1.0200161375871043e-11
sam,0,triple2vec,sets2sets,n_baskets,3678,0.11347654213042205,5.130390217068382e-12
sam,0,triple2vec,sets2sets,avg_basket_size,3678,0.0652661276170342,7.462358959362482e-05
sam,0,triple2vec,sets2sets,repeat_rate,3678,0.059574317798096646,0.0003003967434475688
sam,0,triple2vec,sets2sets,adjacent_basket_jaccard,3678,0.024809976969858084,0.13248901069876437
sam,0,triple2vec,sets2sets,recency_frequency_disagreement,3678,0.09270734120577699,1.775133417666611e-08
sam,0,triple2vec,sets2sets,recent_basket_novelty,3678,-0.05025740064821011,0.0022973680282194404
sam,0,triple2vec,sets2sets,popularity_profile,3678,0.07277079714522348,9.977846035089673e-06
sam,0,triple2vec,sets2sets,neighbor_similarity,3678,0.086053012789785,1.7252585117033198e-07
sam,0,triple2vec,sets2sets,cooccurrence_support,3193,0.08369136597421159,2.184344460239557e-06
sam,0,triple2vec,sets2sets,transition_predictability,3120,0.007737650590961754,0.6657160348109942
sam,0,triple2vec,dnntsp,n_baskets,3678,0.15326289618423802,9.019243338044499e-21
sam,0,triple2vec,dnntsp,avg_basket_size,3678,-0.047437864538278404,0.004007340480014895
sam,0,triple2vec,dnntsp,repeat_rate,3678,0.21657577071455278,2.7133842303594487e-40
sam,0,triple2vec,dnntsp,adjacent_basket_jaccard,3678,0.18837564941027332,1.001482527312487e-30
sam,0,triple2vec,dnntsp,recency_frequency_disagreement,3678,0.032796930132306924,0.04671461632459012
sam,0,triple2vec,dnntsp,recent_basket_novelty,3678,-0.18800918127011418,1.3050342791262038e-30
sam,0,triple2vec,dnntsp,popularity_profile,3678,0.049115298049894195,0.0028875936431443576
sam,0,triple2vec,dnntsp,neighbor_similarity,3678,0.0471757933589688,0.00421417678219557
sam,0,triple2vec,dnntsp,cooccurrence_support,3193,0.07701624260556782,1.3204005787187172e-05
sam,0,triple2vec,dnntsp,transition_predictability,3120,0.0982372525624506,3.833856024274337e-08
sam,0,sets2sets,dnntsp,n_baskets,3678,0.082785714774536,4.966817436100875e-07
sam,0,sets2sets,dnntsp,avg_basket_size,3678,-0.08585174855825906,1.8434450717377372e-07
sam,0,sets2sets,dnntsp,repeat_rate,3678,0.18113333436154658,1.6946689228301704e-28
sam,0,sets2sets,dnntsp,adjacent_basket_jaccard,3678,0.1748967640343259,1.1870706857118152e-26
sam,0,sets2sets,dnntsp,recency_frequency_disagreement,3678,-0.02552113162345923,0.12174425006018673
sam,0,sets2sets,dnntsp,recent_basket_novelty,3678,-0.1592431299913826,2.5690042188941294e-22
sam,0,sets2sets,dnntsp,popularity_profile,3678,0.007901398328449124,0.6319123918729763
sam,0,sets2sets,dnntsp,neighbor_similarity,3678,-0.014238995738894115,0.38797489312226185
sam,0,sets2sets,dnntsp,cooccurrence_support,3193,0.03102951194111375,0.07958330922028452
sam,0,sets2sets,dnntsp,transition_predictability,3120,0.10029496334197191,1.9760271213826513e-08
sam,1,recency,frequency,n_baskets,3678,-0.1797435697947096,4.427824509722444e-28
sam,1,recency,frequency,avg_basket_size,3678,-0.138145110644399,3.91057629611452e-17
sam,1,recency,frequency,repeat_rate,3678,-0.12931042721350777,3.472514662342813e-15
sam,1,recency,frequency,adjacent_basket_jaccard,3678,-0.08518970287427695,2.2899956312830514e-07
sam,1,recency,frequency,recency_frequency_disagreement,3678,-0.15484002917683368,3.5769634461260415e-21
sam,1,recency,frequency,recent_basket_novelty,3678,-0.0035410608170838363,0.8300162863154782
sam,1,recency,frequency,popularity_profile,3678,-0.07593178740762369,4.024956306972804e-06
sam,1,recency,frequency,neighbor_similarity,3678,-0.06436976542741432,9.363228355871076e-05
sam,1,recency,frequency,cooccurrence_support,3211,-0.0826121802809842,2.766071312394789e-06
sam,1,recency,frequency,transition_predictability,3158,0.0443298000811315,0.01272408834607853
sam,1,recency,racf,n_baskets,3678,-0.18053219880631147,2.5698999549047774e-28
sam,1,recency,racf,avg_basket_size,3678,-0.16304097767934456,2.492621200704876e-23
sam,1,recency,racf,repeat_rate,3678,-0.09772145573741596,2.8734490560481473e-09
sam,1,recency,racf,adjacent_basket_jaccard,3678,-0.054513241378762796,0.0009417514709370707
sam,1,recency,racf,recency_frequency_disagreement,3678,-0.17071674128904832,1.8770961702248856e-25
sam,1,recency,racf,recent_basket_novelty,3678,-0.027370211057928535,0.09698394924202637
sam,1,recency,racf,popularity_profile,3678,-0.06893325036064475,2.8627534115244714e-05
sam,1,recency,racf,neighbor_similarity,3678,-0.05570883319943578,0.0007247971894367792
sam,1,recency,racf,cooccurrence_support,3211,-0.07193836910825807,4.500920395210809e-05
sam,1,recency,racf,transition_predictability,3158,0.05209783570639507,0.0034057539297182343
sam,1,recency,tifuknn,n_baskets,3678,-0.2123200397752126,9.316650036422681e-39
sam,1,recency,tifuknn,avg_basket_size,3678,-0.16312869390024876,2.3602907082323296e-23
sam,1,recency,tifuknn,repeat_rate,3678,-0.14022362423179613,1.3030138020292235e-17
sam,1,recency,tifuknn,adjacent_basket_jaccard,3678,-0.0871487128419353,1.199690704974449e-07
sam,1,recency,tifuknn,recency_frequency_disagreement,3678,-0.17832537249733973,1.170444067879794e-27
sam,1,recency,tifuknn,recent_basket_novelty,3678,0.0017931829132461165,0.9134297976725367
sam,1,recency,tifuknn,popularity_profile,3678,-0.0848604846561281,2.5493055558985026e-07
sam,1,recency,tifuknn,neighbor_similarity,3678,-0.06174378592159379,0.00017907064863235993
sam,1,recency,tifuknn,cooccurrence_support,3211,-0.11476731307085358,6.919230869831958e-11
sam,1,recency,tifuknn,transition_predictability,3158,0.03269756340941041,0.06617464307670541
sam,1,recency,triple2vec,n_baskets,3678,-0.21286164628707288,5.965506529346048e-39
sam,1,recency,triple2vec,avg_basket_size,3678,-0.12883314846855143,4.3874787991256844e-15
sam,1,recency,triple2vec,repeat_rate,3678,-0.1369940593996814,7.135976847046286e-17
sam,1,recency,triple2vec,adjacent_basket_jaccard,3678,-0.07580575169614057,4.1761936951914435e-06
sam,1,recency,triple2vec,recency_frequency_disagreement,3678,-0.1634425699877048,1.94126303773203e-23
sam,1,recency,triple2vec,recent_basket_novelty,3678,0.002195725513799164,0.8941000590993691
sam,1,recency,triple2vec,popularity_profile,3678,-0.061196673490045914,0.00020434434647966922
sam,1,recency,triple2vec,neighbor_similarity,3678,-0.04062708087720524,0.013736900288905918
sam,1,recency,triple2vec,cooccurrence_support,3211,-0.0860787404421347,1.0349171193224788e-06
sam,1,recency,triple2vec,transition_predictability,3158,0.06104409137877737,0.0005985249738893499
sam,1,recency,sets2sets,n_baskets,3678,-0.14786737146695916,1.9833941401702363e-19
sam,1,recency,sets2sets,avg_basket_size,3678,-0.12419430962868405,4.072064407202157e-14
sam,1,recency,sets2sets,repeat_rate,3678,-0.09009619831980109,4.417385550898105e-08
sam,1,recency,sets2sets,adjacent_basket_jaccard,3678,-0.06209575881687241,0.0001643972893428871
sam,1,recency,sets2sets,recency_frequency_disagreement,3678,-0.13614405850699746,1.1089933278810474e-16
sam,1,recency,sets2sets,recent_basket_novelty,3678,-0.03101584276186896,0.0599969638651492
sam,1,recency,sets2sets,popularity_profile,3678,-0.04135546349725751,0.012131866423345268
sam,1,recency,sets2sets,neighbor_similarity,3678,-0.009698221402645958,0.5565475631706405
sam,1,recency,sets2sets,cooccurrence_support,3211,-0.04304741271581204,0.014707919943178629
sam,1,recency,sets2sets,transition_predictability,3158,0.05362404481014546,0.002574564211840619
sam,1,recency,dnntsp,n_baskets,3678,-0.02039802149437363,0.21616983600888054
sam,1,recency,dnntsp,avg_basket_size,3678,-0.11690935025755018,1.1426157708731733e-12
sam,1,recency,dnntsp,repeat_rate,3678,0.049227554413961705,0.0028239817096350744
sam,1,recency,dnntsp,adjacent_basket_jaccard,3678,0.06240479462206956,0.00015245361716093245
sam,1,recency,dnntsp,recency_frequency_disagreement,3678,-0.10207251046858072,5.488903452325879e-10
sam,1,recency,dnntsp,recent_basket_novelty,3678,-0.12487194280858807,2.955857113542329e-14
sam,1,recency,dnntsp,popularity_profile,3678,0.0012606678322981315,0.9390776749045947
sam,1,recency,dnntsp,neighbor_similarity,3678,0.044755933656981425,0.0066329993360145865
sam,1,recency,dnntsp,cooccurrence_support,3211,0.025280234865235007,0.15208860320253692
sam,1,recency,dnntsp,transition_predictability,3158,0.10457524954234292,3.849125495445265e-09
sam,1,frequency,racf,n_baskets,3678,-0.026060805621376377,0.11405461022773368
sam,1,frequency,racf,avg_basket_size,3678,-0.06039462394727921,0.0002475086496004659
sam,1,frequency,racf,repeat_rate,3678,0.04349015476175196,0.008342661206015817
sam,1,frequency,racf,adjacent_basket_jaccard,3678,0.056813323143949296,0.0005665479925059246
sam,1,frequency,racf,recency_frequency_disagreement,3678,-0.0522344075006082,0.0015300576300518718
sam,1,frequency,racf,recent_basket_novelty,3678,-0.035003418265192876,0.03377360880472651
sam,1,frequency,racf,popularity_profile,3678,0.008714242061868327,0.5972780724198585
sam,1,frequency,racf,neighbor_similarity,3678,0.02136774871127622,0.1951178259383679
sam,1,frequency,racf,cooccurrence_support,3211,0.006721681322216765,0.7033927085109777
sam,1,frequency,racf,transition_predictability,3158,0.02999107827313371,0.09197063140357102
sam,1,frequency,tifuknn,n_baskets,3678,0.0031324271672964663,0.8493822504980011
sam,1,frequency,tifuknn,avg_basket_size,3678,0.022865336829285376,0.1656208530427264
sam,1,frequency,tifuknn,repeat_rate,3678,0.019220562498321898,0.2438686121496992
sam,1,frequency,tifuknn,adjacent_basket_jaccard,3678,0.008408197850295476,0.610217095473826
sam,1,frequency,tifuknn,recency_frequency_disagreement,3678,0.026355612842184597,0.11001841129387635
sam,1,frequency,tifuknn,recent_basket_novelty,3678,-0.017748176046220247,0.28188971824826436
sam,1,frequency,tifuknn,popularity_profile,3678,0.011822861792064456,0.47349953934084144
sam,1,frequency,tifuknn,neighbor_similarity,3678,0.02105711775342136,0.20169111831484404
sam,1,frequency,tifuknn,cooccurrence_support,3211,-0.01501744011608016,0.3949414767783195
sam,1,frequency,tifuknn,transition_predictability,3158,-0.01673400497522663,0.34717698936025176
sam,1,frequency,triple2vec,n_baskets,3678,-0.06932999501069885,2.573473575497049e-05
sam,1,frequency,triple2vec,avg_basket_size,3678,0.011668060615988435,0.47931123833942635
sam,1,frequency,triple2vec,repeat_rate,3678,-0.03193382315801255,0.05280518327217912
sam,1,frequency,triple2vec,adjacent_basket_jaccard,3678,-0.0032756092326825244,0.8425855903376213
sam,1,frequency,triple2vec,recency_frequency_disagreement,3678,-0.03081205977654967,0.061699021073583
sam,1,frequency,triple2vec,recent_basket_novelty,3678,0.02022394694716371,0.22011573376020993
sam,1,frequency,triple2vec,popularity_profile,3678,0.012093355119233472,0.4634380558408231
sam,1,frequency,triple2vec,neighbor_similarity,3678,0.0029691718731505116,0.8571454078421235
sam,1,frequency,triple2vec,cooccurrence_support,3211,-0.02168213921555866,0.2193346314178665
sam,1,frequency,triple2vec,transition_predictability,3158,0.007845027048270283,0.6594359478252392
sam,1,frequency,sets2sets,n_baskets,3678,0.08440929688484308,2.95114430689958e-07
sam,1,frequency,sets2sets,avg_basket_size,3678,0.050054076461883173,0.002393604556159346
sam,1,frequency,sets2sets,repeat_rate,3678,0.06317747452644808,0.0001260650013007479
sam,1,frequency,sets2sets,adjacent_basket_jaccard,3678,0.021042382365327208,0.20200689728576085
sam,1,frequency,sets2sets,recency_frequency_disagreement,3678,0.08008240729641015,1.156901887725512e-06
sam,1,frequency,sets2sets,recent_basket_novelty,3678,-0.03551159070452554,0.03127143989314743
sam,1,frequency,sets2sets,popularity_profile,3678,0.06613074949647081,5.979198441789845e-05
sam,1,frequency,sets2sets,neighbor_similarity,3678,0.08517368777332139,2.3019977636958675e-07
sam,1,frequency,sets2sets,cooccurrence_support,3211,0.07461860308626561,2.3103653692731068e-05
sam,1,frequency,sets2sets,transition_predictability,3158,0.023974097716051766,0.17800901177918066
sam,1,frequency,dnntsp,n_baskets,3678,0.1492962695071921,8.845751907382492e-20
sam,1,frequency,dnntsp,avg_basket_size,3678,0.015765721698223843,0.33913766117324695
sam,1,frequency,dnntsp,repeat_rate,3678,0.1753633577180369,8.68474111219915e-27
sam,1,frequency,dnntsp,adjacent_basket_jaccard,3678,0.14417515419750618,1.540298371314204e-18
sam,1,frequency,dnntsp,recency_frequency_disagreement,3678,0.04758126166356708,0.0038981072963485664
sam,1,frequency,dnntsp,recent_basket_novelty,3678,-0.1320314974370344,9.002403775824203e-16
sam,1,frequency,dnntsp,popularity_profile,3678,0.08143571561165382,7.601540318700366e-07
sam,1,frequency,dnntsp,neighbor_similarity,3678,0.10656508686618622,9.22954877240534e-11
sam,1,frequency,dnntsp,cooccurrence_support,3211,0.10634511851540208,1.532478927195554e-09
sam,1,frequency,dnntsp,transition_predictability,3158,0.070292007027033,7.702835391651676e-05
sam,1,racf,tifuknn,n_baskets,3678,0.02420465581766238,0.14220092187654643
sam,1,racf,tifuknn,avg_basket_size,3678,0.07293395429544479,9.529443687613535e-06
sam,1,racf,tifuknn,repeat_rate,3678,-0.012774203102894035,0.43864747158576045
sam,1,racf,tifuknn,adjacent_basket_jaccard,3678,-0.035208807227270475,0.032742415165393945
sam,1,racf,tifuknn,recency_frequency_disagreement,3678,0.06508886651328294,7.806620634185805e-05
sam,1,racf,tifuknn,recent_basket_novelty,3678,0.009228214027752422,0.5758336896037273
sam,1,racf,tifuknn,popularity_profile,3678,0.004693532899789146,0.7759879765765155
sam,1,racf,tifuknn,neighbor_similarity,3678,0.008129439983203013,0.6221095493304392
sam,1,racf,tifuknn,cooccurrence_support,3211,-0.02486681950408833,0.15890479263230217
sam,1,racf,tifuknn,transition_predictability,3158,-0.033739508676458196,0.05798419351828437
sam,1,racf,triple2vec,n_baskets,3678,-0.04777186455122216,0.0037571002644121846
sam,1,racf,triple2vec,avg_basket_size,3678,0.05738612634630001,0.0004977669992270284
sam,1,racf,triple2vec,repeat_rate,3678,-0.06937666573473085,2.541332070852681e-05
sam,1,racf,triple2vec,adjacent_basket_jaccard,3678,-0.05119744945671956,0.0018968259160786428
sam,1,racf,triple2vec,recency_frequency_disagreement,3678,0.013784948248340933,0.40328732636975473
sam,1,racf,triple2vec,recent_basket_novelty,3678,0.051045631195737066,0.001956836663295836
sam,1,racf,triple2vec,popularity_profile,3678,0.004267892711745139,0.7958312056377969
sam,1,racf,triple2vec,neighbor_similarity,3678,-0.003852032423015043,0.8153469203660533
sam,1,racf,triple2vec,cooccurrence_support,3211,-0.028209962918906678,0.10999123022950912
sam,1,racf,triple2vec,transition_predictability,3158,0.004134497265059955,0.8163426248934595
sam,1,racf,sets2sets,n_baskets,3678,0.09534281022226411,6.895697324760424e-09
sam,1,racf,sets2sets,avg_basket_size,3678,0.09509116597592558,7.55558663067327e-09
sam,1,racf,sets2sets,repeat_rate,3678,0.02706418155991321,0.10077852430595965
sam,1,racf,sets2sets,adjacent_basket_jaccard,3678,-0.017672852554928235,0.2839373414945634
sam,1,racf,sets2sets,recency_frequency_disagreement,3678,0.10938323034935363,2.902728498733401e-11
sam,1,racf,sets2sets,recent_basket_novelty,3678,-0.007296127721065908,0.6582430351810817
sam,1,racf,sets2sets,popularity_profile,3678,0.0658951369694325,6.353033500663757e-05
sam,1,racf,sets2sets,neighbor_similarity,3678,0.07555957904194414,4.487434735534923e-06
sam,1,racf,sets2sets,cooccurrence_support,3211,0.07070997826069936,6.064432445883071e-05
sam,1,racf,sets2sets,transition_predictability,3158,0.004136944987740929,0.8162358370269498
sam,1,racf,dnntsp,n_baskets,3678,0.15558977291740977,2.2966364253519044e-21
sam,1,racf,dnntsp,avg_basket_size,3678,0.035921252590928765,0.0293717052887203
sam,1,racf,dnntsp,repeat_rate,3678,0.1501624200803462,5.401185663348599e-20
sam,1,racf,dnntsp,adjacent_basket_jaccard,3678,0.11368170440086431,4.695790489433816e-12
sam,1,racf,dnntsp,recency_frequency_disagreement,3678,0.06033090431544067,0.00025128137592399116
sam,1,racf,dnntsp,recent_basket_novelty,3678,-0.11016700067946027,2.0931439954741885e-11
sam,1,racf,dnntsp,popularity_profile,3678,0.07067539136782049,1.7857287931187873e-05
sam,1,racf,dnntsp,neighbor_similarity,3678,0.09819067862671069,2.411779398692147e-09
sam,1,racf,dnntsp,cooccurrence_support,3211,0.0980340210563823,2.6003440638889185e-08
sam,1,racf,dnntsp,transition_predictability,3158,0.05920728129211725,0.000872145717409941
sam,1,tifuknn,triple2vec,n_baskets,3678,-0.06019393642546391,0.00025957424379102273
sam,1,tifuknn,triple2vec,avg_basket_size,3678,-0.0065693175821387294,0.6904274104440034
sam,1,tifuknn,triple2vec,repeat_rate,3678,-0.04593046659140695,0.005335525243829715
sam,1,tifuknn,triple2vec,adjacent_basket_jaccard,3678,-0.009694204933985227,0.5567110311998993
sam,1,tifuknn,triple2vec,recency_frequency_disagreement,3678,-0.04051173194703984,0.014007580060585605
sam,1,tifuknn,triple2vec,recent_basket_novelty,3678,0.03005329238898444,0.0683913444317448
sam,1,tifuknn,triple2vec,popularity_profile,3678,-0.0005428936955014866,0.9737436289188135
sam,1,tifuknn,triple2vec,neighbor_similarity,3678,-0.010189303193864201,0.5367390032336345
sam,1,tifuknn,triple2vec,cooccurrence_support,3211,-0.01037363477320672,0.5567900234817165
sam,1,tifuknn,triple2vec,transition_predictability,3158,0.028692826741756265,0.1069362458242253
sam,1,tifuknn,sets2sets,n_baskets,3678,0.07108145249276025,1.5972170007427914e-05
sam,1,tifuknn,sets2sets,avg_basket_size,3678,0.03157352994419244,0.0555370180889485
sam,1,tifuknn,sets2sets,repeat_rate,3678,0.030871992351370198,0.06119434829867528
sam,1,tifuknn,sets2sets,adjacent_basket_jaccard,3678,0.0007870718334154231,0.9619418273408507
sam,1,tifuknn,sets2sets,recency_frequency_disagreement,3678,0.05301015237204063,0.0012996838405766758
sam,1,tifuknn,sets2sets,recent_basket_novelty,3678,-0.011852009695090452,0.47240959017208295
sam,1,tifuknn,sets2sets,popularity_profile,3678,0.04138001728391885,0.012080782751441919
sam,1,tifuknn,sets2sets,neighbor_similarity,3678,0.060922863973025286,0.00021821579425185505
sam,1,tifuknn,sets2sets,cooccurrence_support,3211,0.07161602663959694,4.869427038232622e-05
sam,1,tifuknn,sets2sets,transition_predictability,3158,0.029700187994544474,0.09516859231235336
sam,1,tifuknn,dnntsp,n_baskets,3678,0.1530181628347578,1.0402054650576837e-20
sam,1,tifuknn,dnntsp,avg_basket_size,3678,0.0012321713313878284,0.9404521925789164
sam,1,tifuknn,dnntsp,repeat_rate,3678,0.16144539958145868,6.688001169498992e-23
sam,1,tifuknn,dnntsp,adjacent_basket_jaccard,3678,0.12991907803539698,2.5737627589810604e-15
sam,1,tifuknn,dnntsp,recency_frequency_disagreement,3678,0.03558611578770718,0.030918200409558297
sam,1,tifuknn,dnntsp,recent_basket_novelty,3678,-0.12326487165928054,6.301101818387038e-14
sam,1,tifuknn,dnntsp,popularity_profile,3678,0.06921584689021114,2.653722351338343e-05
sam,1,tifuknn,dnntsp,neighbor_similarity,3678,0.08689478130405537,1.305586854591761e-07
sam,1,tifuknn,dnntsp,cooccurrence_support,3211,0.113599263285175,1.0780498690753706e-10
sam,1,tifuknn,dnntsp,transition_predictability,3158,0.07703292850015092,1.4664018456254736e-05
sam,1,triple2vec,sets2sets,n_baskets,3678,0.12995441124378906,2.5292896548446415e-15
sam,1,triple2vec,sets2sets,avg_basket_size,3678,0.04983506058166846,0.002501384084881413
sam,1,triple2vec,sets2sets,repeat_rate,3678,0.0729520109557484,9.481018508202074e-06
sam,1,triple2vec,sets2sets,adjacent_basket_jaccard,3678,0.012510199454525108,0.4481685837088798
sam,1,triple2vec,sets2sets,recency_frequency_disagreement,3678,0.099651977826369,1.3905341608026023e-09
sam,1,triple2vec,sets2sets,recent_basket_novelty,3678,-0.043322886155468074,0.008595854464867892
sam,1,triple2vec,sets2sets,popularity_profile,3678,0.05183140766148494,0.001664053473661373
sam,1,triple2vec,sets2sets,neighbor_similarity,3678,0.07268089489579141,1.0233459047021325e-05
sam,1,triple2vec,sets2sets,cooccurrence_support,3211,0.08019650520802646,5.365858668684889e-06
sam,1,triple2vec,sets2sets,transition_predictability,3158,0.012367293959202871,0.48721516508734375
sam,1,triple2vec,dnntsp,n_baskets,3678,0.18685728859512465,2.988705107182482e-30
sam,1,triple2vec,dnntsp,avg_basket_size,3678,0.018371678412611475,0.26532484287227
sam,1,triple2vec,dnntsp,repeat_rate,3678,0.18578285611412831,6.442248858828838e-30
sam,1,triple2vec,dnntsp,adjacent_basket_jaccard,3678,0.13861582791531765,3.0533864910502196e-17
sam,1,triple2vec,dnntsp,recency_frequency_disagreement,3678,0.06951693842082257,2.44700990310376e-05
sam,1,triple2vec,dnntsp,recent_basket_novelty,3678,-0.13600051783354436,1.1943861885572524e-16
sam,1,triple2vec,dnntsp,popularity_profile,3678,0.07214873475022889,1.1879338574014142e-05
sam,1,triple2vec,dnntsp,neighbor_similarity,3678,0.0900390689327301,4.5051226162950686e-08
sam,1,triple2vec,dnntsp,cooccurrence_support,3211,0.12039599137483294,7.670332346396744e-12
sam,1,triple2vec,dnntsp,transition_predictability,3158,0.053213404884839596,0.0027777371470040597
sam,1,sets2sets,dnntsp,n_baskets,3678,0.11988178841270176,3.0030384002019293e-13
sam,1,sets2sets,dnntsp,avg_basket_size,3678,-0.002479390113387273,0.8805157095213862
sam,1,sets2sets,dnntsp,repeat_rate,3678,0.14446537682383057,1.3135983265300661e-18
sam,1,sets2sets,dnntsp,adjacent_basket_jaccard,3678,0.13003667794440343,2.4286524486460556e-15
sam,1,sets2sets,dnntsp,recency_frequency_disagreement,3678,0.02052444078488091,0.21333626457011437
sam,1,sets2sets,dnntsp,recent_basket_novelty,3678,-0.11127365351321274,1.313987899071336e-11
sam,1,sets2sets,dnntsp,popularity_profile,3678,0.04210156373687754,0.010662255257475618
sam,1,sets2sets,dnntsp,neighbor_similarity,3678,0.047710394173677485,0.0038020611588401227
sam,1,sets2sets,dnntsp,cooccurrence_support,3211,0.07066716191661175,6.12726723379987e-05
sam,1,sets2sets,dnntsp,transition_predictability,3158,0.05866136537355066,0.0009735039107000707
sam,2,recency,frequency,n_baskets,3678,-0.16952240796633133,4.078657907802156e-25
sam,2,recency,frequency,avg_basket_size,3678,-0.15952765951738468,2.1613178668647537e-22
sam,2,recency,frequency,repeat_rate,3678,-0.11142280959855506,1.2336311401588629e-11
sam,2,recency,frequency,adjacent_basket_jaccard,3678,-0.06884448758025209,2.9315758316662085e-05
sam,2,recency,frequency,recency_frequency_disagreement,3678,-0.18101757193492932,1.8363575132511828e-28
sam,2,recency,frequency,recent_basket_novelty,3678,0.0006048644199682283,0.9707477666010558
sam,2,recency,frequency,popularity_profile,3678,-0.07341746391144423,8.310856929334168e-06
sam,2,recency,frequency,neighbor_similarity,3678,-0.04698149385466628,0.004373722420696165
sam,2,recency,frequency,cooccurrence_support,3235,-0.08480834500223032,1.361978220158848e-06
sam,2,recency,frequency,transition_predictability,3151,0.05574568772124894,0.0017456352934152937
sam,2,recency,racf,n_baskets,3678,-0.17081420898693916,1.7614615248274545e-25
sam,2,recency,racf,avg_basket_size,3678,-0.1845541467865028,1.541689593482914e-29
sam,2,recency,racf,repeat_rate,3678,-0.0771760793435514,2.7878790219952197e-06
sam,2,recency,racf,adjacent_basket_jaccard,3678,-0.03367027057459449,0.04116448285630083
sam,2,recency,racf,recency_frequency_disagreement,3678,-0.1937464510948133,1.9422865879584454e-32
sam,2,recency,racf,recent_basket_novelty,3678,-0.02882177409457002,0.08051441040016628
sam,2,recency,racf,popularity_profile,3678,-0.07676365634523157,3.1506845050212074e-06
sam,2,recency,racf,neighbor_similarity,3678,-0.04330187147346506,0.008628144984151572
sam,2,recency,racf,cooccurrence_support,3235,-0.08432833849547958,1.5626581621018917e-06
sam,2,recency,racf,transition_predictability,3151,0.06366986290628292,0.00034857157200103816
sam,2,recency,tifuknn,n_baskets,3678,-0.17556562801579903,7.582357402733575e-27
sam,2,recency,tifuknn,avg_basket_size,3678,-0.1686532966184127,7.148660921388124e-25
sam,2,recency,tifuknn,repeat_rate,3678,-0.10347018746480235,3.177489759538386e-10
sam,2,recency,tifuknn,adjacent_basket_jaccard,3678,-0.06485918165265475,8.275051559045194e-05
sam,2,recency,tifuknn,recency_frequency_disagreement,3678,-0.17539220087901908,8.518335683354711e-27
sam,2,recency,tifuknn,recent_basket_novelty,3678,-0.014655881967726492,0.3742321833497487
sam,2,recency,tifuknn,popularity_profile,3678,-0.07699686517513057,2.9403172364208728e-06
sam,2,recency,tifuknn,neighbor_similarity,3678,-0.038225180699299095,0.020433929387302048
sam,2,recency,tifuknn,cooccurrence_support,3235,-0.09717160543501235,3.0628024531548765e-08
sam,2,recency,tifuknn,transition_predictability,3151,0.04782012524678694,0.007257436395222053
sam,2,recency,triple2vec,n_baskets,3678,-0.1909998252739732,1.480406020770063e-31
sam,2,recency,triple2vec,avg_basket_size,3678,-0.17090389889127,1.661302795865533e-25
sam,2,recency,triple2vec,repeat_rate,3678,-0.11229783083387569,8.505101517950069e-12
sam,2,recency,triple2vec,adjacent_basket_jaccard,3678,-0.05833792026446554,0.0004004244721070252
sam,2,recency,triple2vec,recency_frequency_disagreement,3678,-0.19270241910428934,4.218681861249992e-32
sam,2,recency,triple2vec,recent_basket_novelty,3678,0.0015683316924896375,0.9242500268380549
sam,2,recency,triple2vec,popularity_profile,3678,-0.07392247136540822,7.1976843309030085e-06
sam,2,recency,triple2vec,neighbor_similarity,3678,-0.034308029002848336,0.0374734958564668
sam,2,recency,triple2vec,cooccurrence_support,3235,-0.09044603596352516,2.565156597740717e-07
sam,2,recency,triple2vec,transition_predictability,3151,0.05629835284369226,0.0015696296513961515
sam,2,recency,sets2sets,n_baskets,3678,-0.13507631357876,1.921978382416019e-16
sam,2,recency,sets2sets,avg_basket_size,3678,-0.14375432369784003,1.9391509210300484e-18
sam,2,recency,sets2sets,repeat_rate,3678,-0.08142003071491323,7.638922147825651e-07
sam,2,recency,sets2sets,adjacent_basket_jaccard,3678,-0.053033780970472295,0.0012931974572046895
sam,2,recency,sets2sets,recency_frequency_disagreement,3678,-0.14184606108744213,5.462149606996952e-18
sam,2,recency,sets2sets,recent_basket_novelty,3678,-0.019446742366027735,0.23836321850759074
sam,2,recency,sets2sets,popularity_profile,3678,-0.04643012646280805,0.004856709987730234
sam,2,recency,sets2sets,neighbor_similarity,3678,-0.0011719354016247075,0.9433582279027606
sam,2,recency,sets2sets,cooccurrence_support,3235,-0.05141788192013454,0.003441212309257163
sam,2,recency,sets2sets,transition_predictability,3151,0.06788132923550838,0.0001371113801138683
sam,2,recency,dnntsp,n_baskets,3678,-0.017784163767864604,0.2809149571519814
sam,2,recency,dnntsp,avg_basket_size,3678,-0.11918738783737114,4.1155808647493306e-13
sam,2,recency,dnntsp,repeat_rate,3678,0.06601624043604536,6.158205459945857e-05
sam,2,recency,dnntsp,adjacent_basket_jaccard,3678,0.07493567754796587,5.378876887858753e-06
sam,2,recency,dnntsp,recency_frequency_disagreement,3678,-0.09432312573746779,9.971933068418099e-09
sam,2,recency,dnntsp,recent_basket_novelty,3678,-0.14844388921941387,1.433300039098066e-19
sam,2,recency,dnntsp,popularity_profile,3678,0.008082296103428019,0.6241307168257446
sam,2,recency,dnntsp,neighbor_similarity,3678,0.03260200558931495,0.04803580588592081
sam,2,recency,dnntsp,cooccurrence_support,3235,-0.0013608792775908962,0.9383268709429404
sam,2,recency,dnntsp,transition_predictability,3151,0.10286635669419725,7.1508548491341006e-09
sam,2,frequency,racf,n_baskets,3678,-0.012459690747253732,0.4500034261013026
sam,2,frequency,racf,avg_basket_size,3678,-0.06466999744108153,8.680700675480259e-05
sam,2,frequency,racf,repeat_rate,3678,0.05121347998097639,0.0018905889930448613
sam,2,frequency,racf,adjacent_basket_jaccard,3678,0.05621633041262683,0.0006475759117731252
sam,2,frequency,racf,recency_frequency_disagreement,3678,-0.048358517651560025,0.0033516904538806336
sam,2,frequency,racf,recent_basket_novelty,3678,-0.05087647092939324,0.0020257512369790897
sam,2,frequency,racf,popularity_profile,3678,-0.012894485381766836,0.43434839717553786
sam,2,frequency,racf,neighbor_similarity,3678,0.012569095242463758,0.4460344361472337
sam,2,frequency,racf,cooccurrence_support,3235,0.002459489933300519,0.8887905907952086
sam,2,frequency,racf,transition_predictability,3151,0.024241748196440198,0.1736905131106629
sam,2,frequency,tifuknn,n_baskets,3678,0.03842733529729179,0.019776962009851958
sam,2,frequency,tifuknn,avg_basket_size,3678,0.017095172434844666,0.29997547233461014
sam,2,frequency,tifuknn,repeat_rate,3678,0.037980105528105754,0.021255830758003604
sam,2,frequency,tifuknn,adjacent_basket_jaccard,3678,0.013970111835492544,0.3969996002695989
sam,2,frequency,tifuknn,recency_frequency_disagreement,3678,0.04709898219921892,0.004276607313744778
sam,2,frequency,tifuknn,recent_basket_novelty,3678,-0.03521753919298107,0.03269917855357934
sam,2,frequency,tifuknn,popularity_profile,3678,0.011813150774508322,0.47386297741442773
sam,2,frequency,tifuknn,neighbor_similarity,3678,0.02646475966590339,0.10855302093590118
sam,2,frequency,tifuknn,cooccurrence_support,3235,-0.00509386425002425,0.7721116055110984
sam,2,frequency,tifuknn,transition_predictability,3151,-0.009105198588944104,0.6094092407441376
sam,2,frequency,triple2vec,n_baskets,3678,-0.04495286776294243,0.006397378653728058
sam,2,frequency,triple2vec,avg_basket_size,3678,-0.009150406443459429,0.579056599853534
sam,2,frequency,triple2vec,repeat_rate,3678,-0.020524399264158208,0.21333719079855507
sam,2,frequency,triple2vec,adjacent_basket_jaccard,3678,-0.003748340561141692,0.8202314285519468
sam,2,frequency,triple2vec,recency_frequency_disagreement,3678,-0.021202007972751805,0.1986052695605917
sam,2,frequency,triple2vec,recent_basket_novelty,3678,0.009682805713160809,0.5571751004794686
sam,2,frequency,triple2vec,popularity_profile,3678,0.010730478631077102,0.5153281837901267
sam,2,frequency,triple2vec,neighbor_similarity,3678,0.02503688670488373,0.12898369542562627
sam,2,frequency,triple2vec,cooccurrence_support,3235,0.005194674966886997,0.7677298476558887
sam,2,frequency,triple2vec,transition_predictability,3151,0.013225571606775104,0.45800307995638967
sam,2,frequency,sets2sets,n_baskets,3678,0.054491967071813134,0.0009461069733091332
sam,2,frequency,sets2sets,avg_basket_size,3678,0.01975569104884955,0.23098574199480978
sam,2,frequency,sets2sets,repeat_rate,3678,0.03857405195632895,0.01931177602326939
sam,2,frequency,sets2sets,adjacent_basket_jaccard,3678,0.017261040163495528,0.29530989689920567
sam,2,frequency,sets2sets,recency_frequency_disagreement,3678,0.05954307984986768,0.000302606106400416
sam,2,frequency,sets2sets,recent_basket_novelty,3678,-0.0318335060292862,0.053554293533256324
sam,2,frequency,sets2sets,popularity_profile,3678,0.04972585103109677,0.002556768940594021
sam,2,frequency,sets2sets,neighbor_similarity,3678,0.06772633897014453,3.9447744999141097e-05
sam,2,frequency,sets2sets,cooccurrence_support,3235,0.06235360554840387,0.00038732552753969676
sam,2,frequency,sets2sets,transition_predictability,3151,0.019117348153253628,0.2833603909392715
sam,2,frequency,dnntsp,n_baskets,3678,0.13152489543535584,1.1599561743709352e-15
sam,2,frequency,dnntsp,avg_basket_size,3678,0.0009588846238147975,0.9536424823945933
sam,2,frequency,dnntsp,repeat_rate,3678,0.1777954361480449,1.6795703504294865e-27
sam,2,frequency,dnntsp,adjacent_basket_jaccard,3678,0.1497403686337423,6.871372822875157e-20
sam,2,frequency,dnntsp,recency_frequency_disagreement,3678,0.046072286693885224,0.005195465694769882
sam,2,frequency,dnntsp,recent_basket_novelty,3678,-0.15831710661035453,4.498334840506633e-22
sam,2,frequency,dnntsp,popularity_profile,3678,0.07094913977011118,1.6564553818557745e-05
sam,2,frequency,dnntsp,neighbor_similarity,3678,0.06964182001523864,2.3658468450701355e-05
sam,2,frequency,dnntsp,cooccurrence_support,3235,0.07076841093901816,5.6111161961222305e-05
sam,2,frequency,dnntsp,transition_predictability,3151,0.05292934154074124,0.0029583983118359595
sam,2,racf,tifuknn,n_baskets,3678,0.053632667125798346,0.0011384405645952585
sam,2,racf,tifuknn,avg_basket_size,3678,0.06166130150175239,0.00018268305091564767
sam,2,racf,tifuknn,repeat_rate,3678,0.003864824313016824,0.8147448383061059
sam,2,racf,tifuknn,adjacent_basket_jaccard,3678,-0.02333706574816913,0.15706164530306793
sam,2,racf,tifuknn,recency_frequency_disagreement,3678,0.07747272535203698,2.552074009270182e-06
sam,2,racf,tifuknn,recent_basket_novelty,3678,-0.0022620891715181336,0.8909190507655416
sam,2,racf,tifuknn,popularity_profile,3678,0.024653868674192333,0.1349430916019591
sam,2,racf,tifuknn,neighbor_similarity,3678,0.030145569721012653,0.0675468816739144
sam,2,racf,tifuknn,cooccurrence_support,3235,0.0030471055002350353,0.8624597755494214
sam,2,racf,tifuknn,transition_predictability,3151,-0.022079263316147676,0.21532641195157642
sam,2,racf,triple2vec,n_baskets,3678,-0.024250786806006373,0.14144206531761144
sam,2,racf,triple2vec,avg_basket_size,3678,0.031326256596382475,0.057479228204093465
sam,2,racf,triple2vec,repeat_rate,3678,-0.06035430287653552,0.0002498897682621614
sam,2,racf,triple2vec,adjacent_basket_jaccard,3678,-0.05082373538435157,0.0020476861815517415
sam,2,racf,triple2vec,recency_frequency_disagreement,3678,0.015454904497859351,0.34874647566036265
sam,2,racf,triple2vec,recent_basket_novelty,3678,0.05042448173181592,0.002220951992673235
sam,2,racf,triple2vec,popularity_profile,3678,0.015961884310224973,0.3331616036625924
sam,2,racf,triple2vec,neighbor_similarity,3678,0.02597716198578678,0.11522074575730906
sam,2,racf,triple2vec,cooccurrence_support,3235,-0.0031065924603582234,0.8598021805229111
sam,2,racf,triple2vec,transition_predictability,3151,-0.0019806731978550757,0.9115064033052664
sam,2,racf,sets2sets,n_baskets,3678,0.06308532544906542,0.00012896940625033897
sam,2,racf,sets2sets,avg_basket_size,3678,0.06108514122521547,0.0002098916338309209
sam,2,racf,sets2sets,repeat_rate,3678,-0.0023133981600378926,0.888460857352658
sam,2,racf,sets2sets,adjacent_basket_jaccard,3678,-0.029886606349365283,0.06993872958343335
sam,2,racf,sets2sets,recency_frequency_disagreement,3678,0.08971146151878684,5.0418085851837006e-08
sam,2,racf,sets2sets,recent_basket_novelty,3678,0.005335060398751983,0.7463581390020987
sam,2,racf,sets2sets,popularity_profile,3678,0.056604183392828814,0.0005937940946212544
sam,2,racf,sets2sets,neighbor_similarity,3678,0.06150777731994788,0.00018958968503608275
sam,2,racf,sets2sets,cooccurrence_support,3235,0.04984540255960117,0.0045721506750039526
sam,2,racf,sets2sets,transition_predictability,3151,9.189115543035647e-05,0.9958860055454908
sam,2,racf,dnntsp,n_baskets,3678,0.13592214600217767,1.2437119940897697e-16
sam,2,racf,dnntsp,avg_basket_size,3678,0.022968017588071273,0.16372853298751533
sam,2,racf,dnntsp,repeat_rate,3678,0.15363728833703566,7.247765300975336e-21
sam,2,racf,dnntsp,adjacent_basket_jaccard,3678,0.1230719919460721,6.895807343233033e-14
sam,2,racf,dnntsp,recency_frequency_disagreement,3678,0.06252369217646105,0.00014807982864859095
sam,2,racf,dnntsp,recent_basket_novelty,3678,-0.13498072614134723,2.018532243373258e-16
sam,2,racf,dnntsp,popularity_profile,3678,0.07328055586884302,8.639892612101788e-06
sam,2,racf,dnntsp,neighbor_similarity,3678,0.0688535107049213,2.924508597829932e-05
sam,2,racf,dnntsp,cooccurrence_support,3235,0.06566201890928967,0.00018604187648437652
sam,2,racf,dnntsp,transition_predictability,3151,0.045607620903759735,0.010453845841667152
sam,2,tifuknn,triple2vec,n_baskets,3678,-0.0705420228007452,1.85213766877861e-05
sam,2,tifuknn,triple2vec,avg_basket_size,3678,-0.03619460962788206,0.028160006568812044
sam,2,tifuknn,triple2vec,repeat_rate,3678,-0.053561177289402705,0.0011559699429526174
sam,2,tifuknn,triple2vec,adjacent_basket_jaccard,3678,-0.021483905100907308,0.19270060981832554
sam,2,tifuknn,triple2vec,recency_frequency_disagreement,3678,-0.06152313144801934,0.0001888880598335267
sam,2,tifuknn,triple2vec,recent_basket_novelty,3678,0.04405151197741567,0.007540970762642877
sam,2,tifuknn,triple2vec,popularity_profile,3678,-0.011949323554365635,0.4687806843285799
sam,2,tifuknn,triple2vec,neighbor_similarity,3678,-0.004160807700144161,0.8008448857420768
sam,2,tifuknn,triple2vec,cooccurrence_support,3235,-0.01076124259500675,0.5406376565856318
sam,2,tifuknn,triple2vec,transition_predictability,3151,0.012158350371521003,0.49508186357523687
sam,2,tifuknn,sets2sets,n_baskets,3678,0.014730635136719558,0.3718001421840652
sam,2,tifuknn,sets2sets,avg_basket_size,3678,0.00537585406088577,0.7444861256820776
sam,2,tifuknn,sets2sets,repeat_rate,3678,-0.005907543275458061,0.7202286183813518
sam,2,tifuknn,sets2sets,adjacent_basket_jaccard,3678,-0.008034195238415514,0.6261958308247895
sam,2,tifuknn,sets2sets,recency_frequency_disagreement,3678,0.013437098677578741,0.41525950756435204
sam,2,tifuknn,sets2sets,recent_basket_novelty,3678,0.006946069793992761,0.6736697735631897
sam,2,tifuknn,sets2sets,popularity_profile,3678,0.023058619224065897,0.16207238803790336
sam,2,tifuknn,sets2sets,neighbor_similarity,3678,0.0362863947175166,0.02776292890154353
sam,2,tifuknn,sets2sets,cooccurrence_support,3235,0.04348732292756868,0.013374237877836438
sam,2,tifuknn,sets2sets,transition_predictability,3151,0.022875063681491708,0.19923923733192136
sam,2,tifuknn,dnntsp,n_baskets,3678,0.11116705079297683,1.3745370749956618e-11
sam,2,tifuknn,dnntsp,avg_basket_size,3678,-0.010577391429536464,0.521339587279708
sam,2,tifuknn,dnntsp,repeat_rate,3678,0.15267643412345852,1.2689676350520112e-20
sam,2,tifuknn,dnntsp,adjacent_basket_jaccard,3678,0.13019411651158388,2.2469242915971194e-15
sam,2,tifuknn,dnntsp,recency_frequency_disagreement,3678,0.02327969879250478,0.15808426405604392
sam,2,tifuknn,dnntsp,recent_basket_novelty,3678,-0.13561868237999183,1.4543725354779437e-16
sam,2,tifuknn,dnntsp,popularity_profile,3678,0.05740213887682997,0.0004959610660047792
sam,2,tifuknn,dnntsp,neighbor_similarity,3678,0.04574181374415481,0.005527117196972111
sam,2,tifuknn,dnntsp,cooccurrence_support,3235,0.06748441135069663,0.000122428892536347
sam,2,tifuknn,dnntsp,transition_predictability,3151,0.05805459625938735,0.0011130223196450604
sam,2,triple2vec,sets2sets,n_baskets,3678,0.09198554254603258,2.289632136997443e-08
sam,2,triple2vec,sets2sets,avg_basket_size,3678,0.041630344249167825,0.011570758656696323
sam,2,triple2vec,sets2sets,repeat_rate,3678,0.046850169795744065,0.004484635756479106
sam,2,triple2vec,sets2sets,adjacent_basket_jaccard,3678,0.009395847269117946,0.5689189811226107
sam,2,triple2vec,sets2sets,recency_frequency_disagreement,3678,0.08336558043650365,4.128652796266433e-07
sam,2,triple2vec,sets2sets,recent_basket_novelty,3678,-0.03343402091904121,0.04260778027366556
sam,2,triple2vec,sets2sets,popularity_profile,3678,0.04132524081397494,0.012195006782909499
sam,2,triple2vec,sets2sets,neighbor_similarity,3678,0.04701537972617658,0.004345509523501357
sam,2,triple2vec,sets2sets,cooccurrence_support,3235,0.06400313002066899,0.0002698581989015929
sam,2,triple2vec,sets2sets,transition_predictability,3151,0.0034032236409665077,0.8485565209601673
sam,2,triple2vec,dnntsp,n_baskets,3678,0.16035439990104883,1.3058006595898312e-22
sam,2,triple2vec,dnntsp,avg_basket_size,3678,0.022579240231005358,0.17098010243070053
sam,2,triple2vec,dnntsp,repeat_rate,3678,0.19180508011939987,8.187718268546488e-32
sam,2,triple2vec,dnntsp,adjacent_basket_jaccard,3678,0.15098120922050756,3.3790318119603073e-20
sam,2,triple2vec,dnntsp,recency_frequency_disagreement,3678,0.07252044337518398,1.0705270196270467e-05
sam,2,triple2vec,dnntsp,recent_basket_novelty,3678,-0.1694233231750163,4.348780448073078e-25
sam,2,triple2vec,dnntsp,popularity_profile,3678,0.0677204379248821,3.95091267843159e-05
sam,2,triple2vec,dnntsp,neighbor_similarity,3678,0.05644960407310896,0.0006147104783551079
sam,2,triple2vec,dnntsp,cooccurrence_support,3235,0.07270850082821123,3.483263957089488e-05
sam,2,triple2vec,dnntsp,transition_predictability,3151,0.04187740446101146,0.018731334730061527
sam,2,sets2sets,dnntsp,n_baskets,3678,0.1029725896740103,3.8633523290680354e-10
sam,2,sets2sets,dnntsp,avg_basket_size,3678,-0.010152374803177891,0.5382161554461316
sam,2,sets2sets,dnntsp,repeat_rate,3678,0.15808884084685432,5.161756894636384e-22
sam,2,sets2sets,dnntsp,adjacent_basket_jaccard,3678,0.14219466924792243,4.525403714372438e-18
sam,2,sets2sets,dnntsp,recency_frequency_disagreement,3678,0.017855617505363092,0.2789863526090823
sam,2,sets2sets,dnntsp,recent_basket_novelty,3678,-0.1402300563845357,1.2985562886558373e-17
sam,2,sets2sets,dnntsp,popularity_profile,3678,0.04550560864823111,0.005775742115076906
sam,2,sets2sets,dnntsp,neighbor_similarity,3678,0.031513326744315104,0.05600477803169004
sam,2,sets2sets,dnntsp,cooccurrence_support,3235,0.03899221915786206,0.02657194648231253
sam,2,sets2sets,dnntsp,transition_predictability,3151,0.03429236661291947,0.054259129692343824
tafeng,0,recency,frequency,n_baskets,4073,-0.13863778124461346,6.215893005697864e-19
tafeng,0,recency,frequency,avg_basket_size,4073,-0.032115865268776904,0.04040973419377079
tafeng,0,recency,frequency,repeat_rate,4073,-0.14870179230712463,1.4237977575679826e-21
tafeng,0,recency,frequency,adjacent_basket_jaccard,2801,-0.08963939194501074,2.0184540544441894e-06
tafeng,0,recency,frequency,recency_frequency_disagreement,4073,-0.09937159216256534,2.074927815386596e-10
tafeng,0,recency,frequency,recent_basket_novelty,2801,0.07574766550121684,5.998190307503572e-05
tafeng,0,recency,frequency,popularity_profile,4073,-0.016713147208154224,0.2862513881885892
tafeng,0,recency,frequency,neighbor_similarity,4073,-0.014932538024503773,0.3407136784437583
tafeng,0,recency,frequency,cooccurrence_support,3843,-0.019116083349425078,0.23611008483822693
tafeng,0,recency,frequency,transition_predictability,4023,0.00980153468069608,0.5342674807969869
tafeng,0,recency,racf,n_baskets,4073,-0.12537217328945938,9.70711303116948e-16
tafeng,0,recency,racf,avg_basket_size,4073,-0.061856622075450146,7.806485635866514e-05
tafeng,0,recency,racf,repeat_rate,4073,-0.13249754931391183,2.0510483086358128e-17
tafeng,0,recency,racf,adjacent_basket_jaccard,2801,-0.08788043105335139,3.193527613866989e-06
tafeng,0,recency,racf,recency_frequency_disagreement,4073,-0.10651218808761044,9.431557185262439e-12
tafeng,0,recency,racf,recent_basket_novelty,2801,0.06332083349623978,0.0007991439833718693
tafeng,0,recency,racf,popularity_profile,4073,-0.009850829258236288,0.5296746201038841
tafeng,0,recency,racf,neighbor_similarity,4073,0.0006329286611418523,0.9677892577991515
tafeng,0,recency,racf,cooccurrence_support,3843,-0.016210494547631616,0.3150610695340135
tafeng,0,recency,racf,transition_predictability,4023,-0.002812111599791589,0.8584802527481045
tafeng,0,recency,tifuknn,n_baskets,4073,-0.11049133826661046,1.5375616090796387e-12
tafeng,0,recency,tifuknn,avg_basket_size,4073,-0.06063647729927084,0.00010785783989488756
tafeng,0,recency,tifuknn,repeat_rate,4073,-0.15846311746043382,2.5806989067830935e-24
tafeng,0,recency,tifuknn,adjacent_basket_jaccard,2801,-0.1399524665420531,1.0049608110351606e-13
tafeng,0,recency,tifuknn,recency_frequency_disagreement,4073,-0.09072906648415993,6.61082901462985e-09
tafeng,0,recency,tifuknn,recent_basket_novelty,2801,0.12367689613755711,5.1049604478812365e-11
tafeng,0,recency,tifuknn,popularity_profile,4073,0.009870863334515461,0.5288378352792145
tafeng,0,recency,tifuknn,neighbor_similarity,4073,0.010257685361998328,0.5128139641087245
tafeng,0,recency,tifuknn,cooccurrence_support,3843,0.003592381284416912,0.8238258691352136
tafeng,0,recency,tifuknn,transition_predictability,4023,0.002999558735215389,0.8491565738663143
tafeng,0,recency,triple2vec,n_baskets,4073,-0.15205439813119315,1.7060074816910352e-22
tafeng,0,recency,triple2vec,avg_basket_size,4073,-0.020314143491489082,0.19491153117882276
tafeng,0,recency,triple2vec,repeat_rate,4073,-0.14291410300332794,4.951588874219967e-20
tafeng,0,recency,triple2vec,adjacent_basket_jaccard,2801,-0.07868687518915764,3.0584790147673986e-05
tafeng,0,recency,triple2vec,recency_frequency_disagreement,4073,-0.09861524374422548,2.843543670567012e-10
tafeng,0,recency,triple2vec,recent_basket_novelty,2801,0.06432513810201324,0.0006582985914408366
tafeng,0,recency,triple2vec,popularity_profile,4073,-0.02107382808526163,0.17873200042517495
tafeng,0,recency,triple2vec,neighbor_similarity,4073,-0.012403853269843317,0.42870937529479547
tafeng,0,recency,triple2vec,cooccurrence_support,3843,-0.03053917603190579,0.05835677408396533
tafeng,0,recency,triple2vec,transition_predictability,4023,0.0013188178110252044,0.9333562893049763
tafeng,0,recency,sets2sets,n_baskets,4073,-0.10586520699499444,1.2588570811111169e-11
tafeng,0,recency,sets2sets,avg_basket_size,4073,0.02981306390811232,0.057104464686331645
tafeng,0,recency,sets2sets,repeat_rate,4073,0.0023637452042177816,0.8801269649464896
tafeng,0,recency,sets2sets,adjacent_basket_jaccard,2801,0.0930560600674224,8.078873043569424e-07
tafeng,0,recency,sets2sets,recency_frequency_disagreement,4073,-0.06228701450026794,6.955483545046425e-05
tafeng,0,recency,sets2sets,recent_basket_novelty,2801,-0.11836425923830703,3.3067217631202175e-10
tafeng,0,recency,sets2sets,popularity_profile,4073,-0.07518039121166953,1.5603830659624704e-06
tafeng,0,recency,sets2sets,neighbor_similarity,4073,-0.04472439781139547,0.0043054975484353945
tafeng,0,recency,sets2sets,cooccurrence_support,3843,-0.0863964721474098,8.132037349366102e-08
tafeng,0,recency,sets2sets,transition_predictability,4023,-0.04170748260709569,0.008151852537269858
tafeng,0,recency,dnntsp,n_baskets,4073,-0.09944125494347594,2.015332142689618e-10
tafeng,0,recency,dnntsp,avg_basket_size,4073,0.038804823603965595,0.013260375659207032
tafeng,0,recency,dnntsp,repeat_rate,4073,-0.010098308342604353,0.5193852922149393
tafeng,0,recency,dnntsp,adjacent_basket_jaccard,2801,0.0653510922857646,0.0005385163209299154
tafeng,0,recency,dnntsp,recency_frequency_disagreement,4073,-0.042073577447696485,0.007242069567499113
tafeng,0,recency,dnntsp,recent_basket_novelty,2801,-0.10400848071271276,3.446283050678512e-08
tafeng,0,recency,dnntsp,popularity_profile,4073,-0.07858055106009809,5.133850519108929e-07
tafeng,0,recency,dnntsp,neighbor_similarity,4073,-0.0611666090896917,9.37914821082719e-05
tafeng,0,recency,dnntsp,cooccurrence_support,3843,-0.10233757414569299,2.034145126085129e-10
tafeng,0,recency,dnntsp,transition_predictability,4023,-0.05608670052624005,0.00037210769921328834
tafeng,0,frequency,racf,n_baskets,4073,-0.002022119470762357,0.8973479118687537
tafeng,0,frequency,racf,avg_basket_size,4073,-0.0537731828659875,0.0005964175172045165
tafeng,0,frequency,racf,repeat_rate,4073,-0.010490645825405728,0.503287190571795
tafeng,0,frequency,racf,adjacent_basket_jaccard,2801,-0.01334804656866451,0.4800920746512233
tafeng,0,frequency,racf,recency_frequency_disagreement,4073,-0.03271812340212858,0.03679867925706002
tafeng,0,frequency,racf,recent_basket_novelty,2801,-0.004266214385044493,0.821444559556568
tafeng,0,frequency,racf,popularity_profile,4073,0.007157200946029108,0.647930804305634
tafeng,0,frequency,racf,neighbor_similarity,4073,0.02884931758490991,0.0656240221401072
tafeng,0,frequency,racf,cooccurrence_support,3843,0.001881304961089855,0.9071866284717086
tafeng,0,frequency,racf,transition_predictability,4023,-0.013514825204245413,0.3914563584628329
tafeng,0,frequency,tifuknn,n_baskets,4073,0.034794316983805855,0.026380362454224895
tafeng,0,frequency,tifuknn,avg_basket_size,4073,-0.02228315123809919,0.15506920197335264
tafeng,0,frequency,tifuknn,repeat_rate,4073,-0.007635318928459243,0.6261562588528649
tafeng,0,frequency,tifuknn,adjacent_basket_jaccard,2801,-0.04031748339407314,0.03286761615237451
tafeng,0,frequency,tifuknn,recency_frequency_disagreement,4073,0.01926618036864709,0.21895730044375175
tafeng,0,frequency,tifuknn,recent_basket_novelty,2801,0.0351433507929428,0.06292973812553576
tafeng,0,frequency,tifuknn,popularity_profile,4073,0.013363802162256515,0.39385068752236574
tafeng,0,frequency,tifuknn,neighbor_similarity,4073,0.024824202395920293,0.11318464452945878
tafeng,0,frequency,tifuknn,cooccurrence_support,3843,0.011166398266166546,0.4889228750924969
tafeng,0,frequency,tifuknn,transition_predictability,4023,-0.011346268258070495,0.4718571238242807
tafeng,0,frequency,triple2vec,n_baskets,4073,-0.024670719735872326,0.11543125598054454
tafeng,0,frequency,triple2vec,avg_basket_size,4073,0.019505546147823922,0.2132856547963106
tafeng,0,frequency,triple2vec,repeat_rate,4073,-0.004156406438457962,0.7908693903724493
tafeng,0,frequency,triple2vec,adjacent_basket_jaccard,2801,0.019206218489536724,0.3095727112709862
tafeng,0,frequency,triple2vec,recency_frequency_disagreement,4073,-0.0016048504189012031,0.9184469004097214
tafeng,0,frequency,triple2vec,recent_basket_novelty,2801,-0.022827439307523036,0.2271440806375282
tafeng,0,frequency,triple2vec,popularity_profile,4073,-0.01706461345654001,0.27623783935890556
tafeng,0,frequency,triple2vec,neighbor_similarity,4073,-0.013985733862457257,0.37221069948165864
tafeng,0,frequency,triple2vec,cooccurrence_support,3843,-0.024984984477042442,0.12147660933135271
tafeng,0,frequency,triple2vec,transition_predictability,4023,-0.024085410519260764,0.1266578161093748
tafeng,0,frequency,sets2sets,n_baskets,4073,-0.027329537944182532,0.08116552458084936
tafeng,0,frequency,sets2sets,avg_basket_size,4073,0.03387517605404167,0.030627998165170065
tafeng,0,frequency,sets2sets,repeat_rate,4073,0.06771870906962262,1.5221997462367762e-05
tafeng,0,frequency,sets2sets,adjacent_basket_jaccard,2801,0.12406862274938103,4.4337560307372605e-11
tafeng,0,frequency,sets2sets,recency_frequency_disagreement,4073,-0.017917513243554246,0.2529399797672889
tafeng,0,frequency,sets2sets,recent_basket_novelty,2801,-0.13800730927729712,2.203502716734558e-13
tafeng,0,frequency,sets2sets,popularity_profile,4073,-0.0622665774363023,6.993825549711418e-05
tafeng,0,frequency,sets2sets,neighbor_similarity,4073,-0.028038814271441174,0.07357596403206543
tafeng,0,frequency,sets2sets,cooccurrence_support,3843,-0.07769439828952365,1.420195302035103e-06
tafeng,0,frequency,sets2sets,transition_predictability,4023,-0.048841318859225054,0.0019433827379668198
tafeng,0,frequency,dnntsp,n_baskets,4073,-0.01378355432512208,0.3791632809037546
tafeng,0,frequency,dnntsp,avg_basket_size,4073,0.057461340908755286,0.00024341326361474637
tafeng,0,frequency,dnntsp,repeat_rate,4073,0.07354015753738519,2.623884905184651e-06
tafeng,0,frequency,dnntsp,adjacent_basket_jaccard,2801,0.12022239296800984,1.7361816799137286e-10
tafeng,0,frequency,dnntsp,recency_frequency_disagreement,4073,0.017385346961962322,0.26731064182252756
tafeng,0,frequency,dnntsp,recent_basket_novelty,2801,-0.14617696824825469,7.563783661736796e-15
tafeng,0,frequency,dnntsp,popularity_profile,4073,-0.06720375386139234,1.766851297157284e-05
tafeng,0,frequency,dnntsp,neighbor_similarity,4073,-0.03686090840874158,0.018645546513286072
tafeng,0,frequency,dnntsp,cooccurrence_support,3843,-0.08820819350090627,4.3236241724045965e-08
tafeng,0,frequency,dnntsp,transition_predictability,4023,-0.05345708021162432,0.0006938430478844805
tafeng,0,racf,tifuknn,n_baskets,4073,0.029320212768679566,0.061338760746183364
tafeng,0,racf,tifuknn,avg_basket_size,4073,0.021124401890624686,0.1776914574940442
tafeng,0,racf,tifuknn,repeat_rate,4073,-0.015247577331414857,0.3306233066452715
tafeng,0,racf,tifuknn,adjacent_basket_jaccard,2801,-0.05058982894591939,0.007407211113172534
tafeng,0,racf,tifuknn,recency_frequency_disagreement,4073,0.03735464084640569,0.01712208071632116
tafeng,0,racf,tifuknn,recent_basket_novelty,2801,0.0495277836687175,0.008749989303327762
tafeng,0,racf,tifuknn,popularity_profile,4073,0.0017582979760763582,0.9106804292344208
tafeng,0,racf,tifuknn,neighbor_similarity,4073,0.000645129108182493,0.9671687048240668
tafeng,0,racf,tifuknn,cooccurrence_support,3843,0.010259127704714991,0.5249113424669445
tafeng,0,racf,tifuknn,transition_predictability,4023,0.00023573562298447932,0.9880741553937791
tafeng,0,racf,triple2vec,n_baskets,4073,-0.029782988551415986,0.05735570130469058
tafeng,0,racf,triple2vec,avg_basket_size,4073,0.0546393348294019,0.00048551834018608785
tafeng,0,racf,triple2vec,repeat_rate,4073,-0.004798347499199724,0.7594991269036551
tafeng,0,racf,triple2vec,adjacent_basket_jaccard,2801,0.016334575681400128,0.3874941769811131
tafeng,0,racf,triple2vec,recency_frequency_disagreement,4073,0.02207030740398827,0.15905187107328114
tafeng,0,racf,triple2vec,recent_basket_novelty,2801,-0.006971501135222489,0.7122746990992392
tafeng,0,racf,triple2vec,popularity_profile,4073,-0.016820084728833288,0.283179043205826
tafeng,0,racf,triple2vec,neighbor_similarity,4073,-0.03228671252411686,0.039356057738080014
tafeng,0,racf,triple2vec,cooccurrence_support,3843,-0.02351441169810138,0.14499739890371915
tafeng,0,racf,triple2vec,transition_predictability,4023,-0.020645439143107312,0.19046206908560903
tafeng,0,racf,sets2sets,n_baskets,4073,-0.04346142562601852,0.005534271926378841
tafeng,0,racf,sets2sets,avg_basket_size,4073,0.045936091707735834,0.003364700926524809
tafeng,0,racf,sets2sets,repeat_rate,4073,0.05889849863742238,0.0001692238806853502
tafeng,0,racf,sets2sets,adjacent_basket_jaccard,2801,0.124185710818894,4.250456963420868e-11
tafeng,0,racf,sets2sets,recency_frequency_disagreement,4073,-0.015232142947843499,0.33111310443632347
tafeng,0,racf,sets2sets,recent_basket_novelty,2801,-0.1325682068686987,1.8668980212468406e-12
tafeng,0,racf,sets2sets,popularity_profile,4073,-0.06307097424010116,5.626091975226771e-05
tafeng,0,racf,sets2sets,neighbor_similarity,4073,-0.033714603737063455,0.031427357263384845
tafeng,0,racf,sets2sets,cooccurrence_support,3843,-0.07979449924645111,7.311365665715816e-07
tafeng,0,racf,sets2sets,transition_predictability,4023,-0.047001544251599865,0.002864708984504072
tafeng,0,racf,dnntsp,n_baskets,4073,-0.01028822355056046,0.5115597961130626
tafeng,0,racf,dnntsp,avg_basket_size,4073,0.06946073083704875,9.122686329000587e-06
tafeng,0,racf,dnntsp,repeat_rate,4073,0.07855975727759619,5.169599524116603e-07
tafeng,0,racf,dnntsp,adjacent_basket_jaccard,2801,0.12372510705717903,5.017277497137436e-11
tafeng,0,racf,dnntsp,recency_frequency_disagreement,4073,0.028108007182192172,0.07286770177299208
tafeng,0,racf,dnntsp,recent_basket_novelty,2801,-0.1445015285794208,1.534551932704258e-14
tafeng,0,racf,dnntsp,popularity_profile,4073,-0.06798078468104328,1.4104395249219412e-05
tafeng,0,racf,dnntsp,neighbor_similarity,4073,-0.045739481541926516,0.003503364588574238
tafeng,0,racf,dnntsp,cooccurrence_support,3843,-0.08734664538496585,5.8477982936747306e-08
tafeng,0,racf,dnntsp,transition_predictability,4023,-0.05295156453359087,0.0007797665363487189
tafeng,0,tifuknn,triple2vec,n_baskets,4073,-0.05078373749474771,0.0011864475860461797
tafeng,0,tifuknn,triple2vec,avg_basket_size,4073,0.03658543655906577,0.019546047798909935
tafeng,0,tifuknn,triple2vec,repeat_rate,4073,0.011101481094426605,0.47875802027562187
tafeng,0,tifuknn,triple2vec,adjacent_basket_jaccard,2801,0.06335012983552508,0.0007946672650245919
tafeng,0,tifuknn,triple2vec,recency_frequency_disagreement,4073,-0.013350132737630235,0.3943347074724748
tafeng,0,tifuknn,triple2vec,recent_basket_novelty,2801,-0.062405225877071625,0.0009514237794744743
tafeng,0,tifuknn,triple2vec,popularity_profile,4073,-0.02633084742861976,0.09291612464164047
tafeng,0,tifuknn,triple2vec,neighbor_similarity,4073,-0.037206217438328096,0.01756815209532253
tafeng,0,tifuknn,triple2vec,cooccurrence_support,3843,-0.03622451498610726,0.02472744628709217
tafeng,0,tifuknn,triple2vec,transition_predictability,4023,-0.014022986373371366,0.37389291240293476
tafeng,0,tifuknn,sets2sets,n_baskets,4073,-0.04679942774779176,0.002813039299741711
tafeng,0,tifuknn,sets2sets,avg_basket_size,4073,0.051711220999793424,0.0009620052510169188
tafeng,0,tifuknn,sets2sets,repeat_rate,4073,0.08427960619093228,7.177741467241192e-08
tafeng,0,tifuknn,sets2sets,adjacent_basket_jaccard,2801,0.1661168067580212,8.809402970726226e-19
tafeng,0,tifuknn,sets2sets,recency_frequency_disagreement,4073,-0.018776944470687163,0.23088450888097248
tafeng,0,tifuknn,sets2sets,recent_basket_novelty,2801,-0.16434828821338165,2.0637963135109997e-18
tafeng,0,tifuknn,sets2sets,popularity_profile,4073,-0.07603507222248065,1.1851337290131618e-06
tafeng,0,tifuknn,sets2sets,neighbor_similarity,4073,-0.04495014752204278,0.0041139336667042024
tafeng,0,tifuknn,sets2sets,cooccurrence_support,3843,-0.08552152603169423,1.0983608814662926e-07
tafeng,0,tifuknn,sets2sets,transition_predictability,4023,-0.045591443547584855,0.003823845898113723
tafeng,0,tifuknn,dnntsp,n_baskets,4073,-0.027213258248448655,0.08246835236921825
tafeng,0,tifuknn,dnntsp,avg_basket_size,4073,0.06687698694954684,1.9410527701803697e-05
tafeng,0,tifuknn,dnntsp,repeat_rate,4073,0.08942963004694572,1.0835075367103722e-08
tafeng,0,tifuknn,dnntsp,adjacent_basket_jaccard,2801,0.15499184030493915,1.595994588393106e-16
tafeng,0,tifuknn,dnntsp,recency_frequency_disagreement,4073,0.015824537680133793,0.31265046573598676
tafeng,0,tifuknn,dnntsp,recent_basket_novelty,2801,-0.16785381151483775,3.7830049174177436e-19
tafeng,0,tifuknn,dnntsp,popularity_profile,4073,-0.07375647899413429,2.451566827169584e-06
tafeng,0,tifuknn,dnntsp,neighbor_similarity,4073,-0.05422996334362643,0.0005352911475103184
tafeng,0,tifuknn,dnntsp,cooccurrence_support,3843,-0.09212839047017127,1.0556884312907865e-08
tafeng,0,tifuknn,dnntsp,transition_predictability,4023,-0.05173487101248787,0.0010286451340782452
tafeng,0,triple2vec,sets2sets,n_baskets,4073,-0.017322640478679686,0.26904021453622956
tafeng,0,triple2vec,sets2sets,avg_basket_size,4073,0.008273014833841628,0.5976164511877246
tafeng,0,triple2vec,sets2sets,repeat_rate,4073,0.07802474271968186,6.1764420670197e-07
tafeng,0,triple2vec,sets2sets,adjacent_basket_jaccard,2801,0.12439088074956589,3.946975474703505e-11
tafeng,0,triple2vec,sets2sets,recency_frequency_disagreement,4073,-0.024642089446142885,0.11585418657784356
tafeng,0,triple2vec,sets2sets,recent_basket_novelty,2801,-0.1294853680532967,6.033220398678114e-12
tafeng,0,triple2vec,sets2sets,popularity_profile,4073,-0.04797451035604888,0.002194526867463262
tafeng,0,triple2vec,sets2sets,neighbor_similarity,4073,-0.008854327686576466,0.5721272647326088
tafeng,0,triple2vec,sets2sets,cooccurrence_support,3843,-0.05313533945850651,0.0009834507451395743
tafeng,0,triple2vec,sets2sets,transition_predictability,4023,-0.03881920334627803,0.013802861161009707
tafeng,0,triple2vec,dnntsp,n_baskets,4073,-0.003714799076268583,0.8126515564835878
tafeng,0,triple2vec,dnntsp,avg_basket_size,4073,0.03879175000710581,0.013291429095925072
tafeng,0,triple2vec,dnntsp,repeat_rate,4073,0.08058059189860067,2.612446050098461e-07
tafeng,0,triple2vec,dnntsp,adjacent_basket_jaccard,2801,0.11299373678571632,2.0139489099610133e-09
tafeng,0,triple2vec,dnntsp,recency_frequency_disagreement,4073,0.01427199991341843,0.3625026480398237
tafeng,0,triple2vec,dnntsp,recent_basket_novelty,2801,-0.13539126840563967,6.224733047818812e-13
tafeng,0,triple2vec,dnntsp,popularity_profile,4073,-0.05345817806196764,0.0006422896718896591
tafeng,0,triple2vec,dnntsp,neighbor_similarity,4073,-0.025500121713451174,0.1036979527977829
tafeng,0,triple2vec,dnntsp,cooccurrence_support,3843,-0.06852453345586307,2.1226348764579804e-05
tafeng,0,triple2vec,dnntsp,transition_predictability,4023,-0.047629426675728156,0.002512983641282518
tafeng,0,sets2sets,dnntsp,n_baskets,4073,0.009199360923082751,0.5572467086257565
tafeng,0,sets2sets,dnntsp,avg_basket_size,4073,0.034355733536813884,0.028339155072588964
tafeng,0,sets2sets,dnntsp,repeat_rate,4073,-6.045474783731251e-05,0.9969225338813423
tafeng,0,sets2sets,dnntsp,adjacent_basket_jaccard,2801,-0.022493202432275882,0.23402276923888093
tafeng,0,sets2sets,dnntsp,recency_frequency_disagreement,4073,0.035813074911386356,0.022276253802283354
tafeng,0,sets2sets,dnntsp,recent_basket_novelty,2801,0.0004123477122999108,0.9825966887346692
tafeng,0,sets2sets,dnntsp,popularity_profile,4073,-0.0028474190704244886,0.8558440302209276
tafeng,0,sets2sets,dnntsp,neighbor_similarity,4073,-0.011495842926698483,0.46327522026314194
tafeng,0,sets2sets,dnntsp,cooccurrence_support,3843,-0.025732029712934822,0.11072935553365426
tafeng,0,sets2sets,dnntsp,transition_predictability,4023,-0.016998421857005144,0.2810766767886824
tafeng,1,recency,frequency,n_baskets,4073,-0.1477380982415849,2.5967222416824888e-21
tafeng,1,recency,frequency,avg_basket_size,4073,-0.03871792967319908,0.013467981734662442
tafeng,1,recency,frequency,repeat_rate,4073,-0.17123435003515106,3.566806761586644e-28
tafeng,1,recency,frequency,adjacent_basket_jaccard,2802,-0.10530851194537458,2.3043197256904974e-08
tafeng,1,recency,frequency,recency_frequency_disagreement,4073,-0.1186253768460788,3.073512900588923e-14
tafeng,1,recency,frequency,recent_basket_novelty,2802,0.0798328157310596,2.3293199643768004e-05
tafeng,1,recency,frequency,popularity_profile,4073,-0.008952558604713725,0.5678716042020013
tafeng,1,recency,frequency,neighbor_similarity,4073,-0.007635947309039094,0.6261278489084217
tafeng,1,recency,frequency,cooccurrence_support,3881,-0.017250036276997394,0.2826564928243838
tafeng,1,recency,frequency,transition_predictability,4029,0.014908431310138895,0.34411658887823626
tafeng,1,recency,racf,n_baskets,4073,-0.14450921170133782,1.8888332025531575e-20
tafeng,1,recency,racf,avg_basket_size,4073,-0.06186098830911298,7.797378401088642e-05
tafeng,1,recency,racf,repeat_rate,4073,-0.15728708181609702,5.64369861233249e-24
tafeng,1,recency,racf,adjacent_basket_jaccard,2802,-0.0964763521964485,3.1120529101851414e-07
tafeng,1,recency,racf,recency_frequency_disagreement,4073,-0.1298817340615181,8.664741444134345e-17
tafeng,1,recency,racf,recent_basket_novelty,2802,0.07152773658511555,0.00015100648525346872
tafeng,1,recency,racf,popularity_profile,4073,-0.00014998396150975774,0.992365121367295
tafeng,1,recency,racf,neighbor_similarity,4073,0.005379571314910174,0.7314317079471578
tafeng,1,recency,racf,cooccurrence_support,3881,-0.01624743144038258,0.31157731059060195
tafeng,1,recency,racf,transition_predictability,4029,0.009040891523591174,0.5661715999198074
tafeng,1,recency,tifuknn,n_baskets,4073,-0.11879103760368376,2.829977865821571e-14
tafeng,1,recency,tifuknn,avg_basket_size,4073,-0.05650354445330377,0.0003087626148216848
tafeng,1,recency,tifuknn,repeat_rate,4073,-0.158378149514169,2.7313491217789645e-24
tafeng,1,recency,tifuknn,adjacent_basket_jaccard,2802,-0.12923967748786677,6.559982279438409e-12
tafeng,1,recency,tifuknn,recency_frequency_disagreement,4073,-0.10404306461383661,2.8125216339076883e-11
tafeng,1,recency,tifuknn,recent_basket_novelty,2802,0.11147425645813543,3.286950415526368e-09
tafeng,1,recency,tifuknn,popularity_profile,4073,0.009788603993172107,0.5322779329029943
tafeng,1,recency,tifuknn,neighbor_similarity,4073,0.011701401260155479,0.45531684516657844
tafeng,1,recency,tifuknn,cooccurrence_support,3881,-0.00577295834451428,0.7191993777501104
tafeng,1,recency,tifuknn,transition_predictability,4029,0.020684289762198927,0.18929889052620144
tafeng,1,recency,triple2vec,n_baskets,4073,-0.14249178710589624,6.379197043858069e-20
tafeng,1,recency,triple2vec,avg_basket_size,4073,-0.02917345624115552,0.06264870954238132
tafeng,1,recency,triple2vec,repeat_rate,4073,-0.15399700140004752,4.8797861010459487e-23
tafeng,1,recency,triple2vec,adjacent_basket_jaccard,2802,-0.09890347293072975,1.5553942905657608e-07
tafeng,1,recency,triple2vec,recency_frequency_disagreement,4073,-0.11025034384443341,1.7193044668836918e-12
tafeng,1,recency,triple2vec,recent_basket_novelty,2802,0.07727246102311477,4.228387325204516e-05
tafeng,1,recency,triple2vec,popularity_profile,4073,-0.004625432067835004,0.7679126615969082
tafeng,1,recency,triple2vec,neighbor_similarity,4073,-0.001028548676507561,0.9476788475939992
tafeng,1,recency,triple2vec,cooccurrence_support,3881,-0.023522895957144636,0.142879362904482
tafeng,1,recency,triple2vec,transition_predictability,4029,0.01995400498788094,0.20540511161211036
tafeng,1,recency,sets2sets,n_baskets,4073,-0.1099147518181169,2.0079107769933123e-12
tafeng,1,recency,sets2sets,avg_basket_size,4073,0.05515666817328004,0.0004287853743042373
tafeng,1,recency,sets2sets,repeat_rate,4073,-0.01427017537692974,0.36256401666390514
tafeng,1,recency,sets2sets,adjacent_basket_jaccard,2802,0.0788953419714096,2.9036473266638672e-05
tafeng,1,recency,sets2sets,recency_frequency_disagreement,4073,-0.06762443413335718,1.5644288328180153e-05
tafeng,1,recency,sets2sets,recent_basket_novelty,2802,-0.11025762177883601,4.868307159306261e-09
tafeng,1,recency,sets2sets,popularity_profile,4073,-0.05144434932187565,0.0010221846082381619
tafeng,1,recency,sets2sets,neighbor_similarity,4073,-0.042185971454101655,0.0070879522272910556
tafeng,1,recency,sets2sets,cooccurrence_support,3881,-0.06784773051955109,2.3341191548129604e-05
tafeng,1,recency,sets2sets,transition_predictability,4029,-0.01805893818210401,0.25178766070698066
tafeng,1,recency,dnntsp,n_baskets,4073,-0.09807732373712427,3.552820578524775e-10
tafeng,1,recency,dnntsp,avg_basket_size,4073,0.07506104037808559,1.6211106076673703e-06
tafeng,1,recency,dnntsp,repeat_rate,4073,-0.024356151606474436,0.12014519093982123
tafeng,1,recency,dnntsp,adjacent_basket_jaccard,2802,0.05840979356619746,0.0019806354668292204
tafeng,1,recency,dnntsp,recency_frequency_disagreement,4073,-0.03029728541838412,0.05318387922887693
tafeng,1,recency,dnntsp,recent_basket_novelty,2802,-0.10038113000605217,1.0114804397064637e-07
tafeng,1,recency,dnntsp,popularity_profile,4073,-0.04206905877827142,0.007248328061897895
tafeng,1,recency,dnntsp,neighbor_similarity,4073,-0.048094728711064155,0.0021388467238994493
tafeng,1,recency,dnntsp,cooccurrence_support,3881,-0.06213441444907231,0.0001073604106521631
tafeng,1,recency,dnntsp,transition_predictability,4029,-0.020857953321778963,0.18560956364313266
tafeng,1,frequency,racf,n_baskets,4073,-0.03728331281440826,0.017335194732350456
tafeng,1,frequency,racf,avg_basket_size,4073,-0.029784742983870214,0.057341020334072804
tafeng,1,frequency,racf,repeat_rate,4073,-0.030563963356476195,0.05112240242255505
tafeng,1,frequency,racf,adjacent_basket_jaccard,2802,-0.004669973565751581,0.8048377536296738
tafeng,1,frequency,racf,recency_frequency_disagreement,4073,-0.04149888321260842,0.00807806825283983
tafeng,1,frequency,racf,recent_basket_novelty,2802,-0.005721961877241375,0.7620779450187486
tafeng,1,frequency,racf,popularity_profile,4073,0.005008515618055753,0.7493112591475329
tafeng,1,frequency,racf,neighbor_similarity,4073,0.012816525190457591,0.41350913741478246
tafeng,1,frequency,racf,cooccurrence_support,3881,-0.010589821578814843,0.5095572775162798
tafeng,1,frequency,racf,transition_predictability,4029,-0.005500273279628484,0.727073636024276
tafeng,1,frequency,tifuknn,n_baskets,4073,0.019856446008896633,0.20516405067430576
tafeng,1,frequency,tifuknn,avg_basket_size,4073,-0.021952007141509706,0.16129866963260592
tafeng,1,frequency,tifuknn,repeat_rate,4073,-0.0066378691937508125,0.6719276955912156
tafeng,1,frequency,tifuknn,adjacent_basket_jaccard,2802,-0.02611554267267299,0.16696649925532997
tafeng,1,frequency,tifuknn,recency_frequency_disagreement,4073,0.015259318607330584,0.33025102069644063
tafeng,1,frequency,tifuknn,recent_basket_novelty,2802,0.030546439576438177,0.10596496314995452
tafeng,1,frequency,tifuknn,popularity_profile,4073,0.015272869423339802,0.3298216961656224
tafeng,1,frequency,tifuknn,neighbor_similarity,4073,0.023412582588751195,0.13519168239448356
tafeng,1,frequency,tifuknn,cooccurrence_support,3881,0.01497022064893559,0.35114961878281037
tafeng,1,frequency,tifuknn,transition_predictability,4029,0.013551872868385616,0.3898057840474741
tafeng,1,frequency,triple2vec,n_baskets,4073,-0.03053694499652413,0.05132816832227476
tafeng,1,frequency,triple2vec,avg_basket_size,4073,0.023612294255057738,0.1318912822668622
tafeng,1,frequency,triple2vec,repeat_rate,4073,-0.01548070475556554,0.32328223787051324
tafeng,1,frequency,triple2vec,adjacent_basket_jaccard,2802,-0.002851447826092521,0.8800772627129937
tafeng,1,frequency,triple2vec,recency_frequency_disagreement,4073,-0.00456190506005515,0.771010629543569
tafeng,1,frequency,triple2vec,recent_basket_novelty,2802,0.01009374176079361,0.5932885884718593
tafeng,1,frequency,triple2vec,popularity_profile,4073,-0.009794263876590914,0.5320408733933517
tafeng,1,frequency,triple2vec,neighbor_similarity,4073,0.0011029268100040737,0.9439013408030335
tafeng,1,frequency,triple2vec,cooccurrence_support,3881,-0.014625071222388965,0.36236750320120203
tafeng,1,frequency,triple2vec,transition_predictability,4029,-0.0063231140054548825,0.6882468444532541
tafeng,1,frequency,sets2sets,n_baskets,4073,-0.016692399521572903,0.28685007260352824
tafeng,1,frequency,sets2sets,avg_basket_size,4073,0.0706039279953545,6.476871371706805e-06
tafeng,1,frequency,sets2sets,repeat_rate,4073,0.07737408142233618,7.656893994630864e-07
tafeng,1,frequency,sets2sets,adjacent_basket_jaccard,2802,0.139643270189514,1.1280214359502678e-13
tafeng,1,frequency,sets2sets,recency_frequency_disagreement,4073,0.007700814839112063,0.623198089851066
tafeng,1,frequency,sets2sets,recent_basket_novelty,2802,-0.13628821823047177,4.328275807466087e-13
tafeng,1,frequency,sets2sets,popularity_profile,4073,-0.041377002922123755,0.008266093194768898
tafeng,1,frequency,sets2sets,neighbor_similarity,4073,-0.017733368122869346,0.257850510932108
tafeng,1,frequency,sets2sets,cooccurrence_support,3881,-0.041641778012311004,0.009473536295867212
tafeng,1,frequency,sets2sets,transition_predictability,4029,-0.026720207045513332,0.0899188919085069
tafeng,1,frequency,dnntsp,n_baskets,4073,-0.004690992529000768,0.7647194120015113
tafeng,1,frequency,dnntsp,avg_basket_size,4073,0.0998251542400439,1.7157121322558128e-10
tafeng,1,frequency,dnntsp,repeat_rate,4073,0.07871168796981934,4.913827813336695e-07
tafeng,1,frequency,dnntsp,adjacent_basket_jaccard,2802,0.12966863185984107,5.582678920332526e-12
tafeng,1,frequency,dnntsp,recency_frequency_disagreement,4073,0.050788750837073904,0.001185114063320363
tafeng,1,frequency,dnntsp,recent_basket_novelty,2802,-0.14042197659604122,8.21732538628626e-14
tafeng,1,frequency,dnntsp,popularity_profile,4073,-0.04005792229990346,0.010565802049293993
tafeng,1,frequency,dnntsp,neighbor_similarity,4073,-0.027131662620511664,0.0833926501553784
tafeng,1,frequency,dnntsp,cooccurrence_support,3881,-0.04608452618294734,0.004084518558690928
tafeng,1,frequency,dnntsp,transition_predictability,4029,-0.03489220224881129,0.026777306369373827
tafeng,1,racf,tifuknn,n_baskets,4073,0.0522627922942464,0.0008478823778334748
tafeng,1,racf,tifuknn,avg_basket_size,4073,0.005851710537396119,0.7088916278733939
tafeng,1,racf,tifuknn,repeat_rate,4073,0.016940336309319896,0.2797509497220021
tafeng,1,racf,tifuknn,adjacent_basket_jaccard,2802,-0.02674619989736734,0.15695045806029206
tafeng,1,racf,tifuknn,recency_frequency_disagreement,4073,0.04799710459171602,0.00218396186992138
tafeng,1,racf,tifuknn,recent_basket_novelty,2802,0.041022395734291534,0.02989933609765312
tafeng,1,racf,tifuknn,popularity_profile,4073,0.0006996215605986031,0.9643972958106006
tafeng,1,racf,tifuknn,neighbor_similarity,4073,0.002973958052985452,0.8495126063046412
tafeng,1,racf,tifuknn,cooccurrence_support,3881,0.020606778965383682,0.1993249754964388
tafeng,1,racf,tifuknn,transition_predictability,4029,0.013636316217752013,0.38685840247098713
tafeng,1,racf,triple2vec,n_baskets,4073,-0.0004289961368614234,0.978164500898222
tafeng,1,racf,triple2vec,avg_basket_size,4073,0.03543922889421034,0.023712859441244783
tafeng,1,racf,triple2vec,repeat_rate,4073,0.008650849199577442,0.5809904378108371
tafeng,1,racf,triple2vec,adjacent_basket_jaccard,2802,0.01072676057510978,0.5703253064017317
tafeng,1,racf,triple2vec,recency_frequency_disagreement,4073,0.024308109086580897,0.12087820768896927
tafeng,1,racf,triple2vec,recent_basket_novelty,2802,0.007794505852969468,0.6800345949489108
tafeng,1,racf,triple2vec,popularity_profile,4073,0.0014091278044215032,0.9283642482910245
tafeng,1,racf,triple2vec,neighbor_similarity,4073,-0.0009305582957094569,0.9526573517476498
tafeng,1,racf,triple2vec,cooccurrence_support,3881,0.009671162859092452,0.5469671794567328
tafeng,1,racf,triple2vec,transition_predictability,4029,0.00643689183681061,0.6829394219976085
tafeng,1,racf,sets2sets,n_baskets,4073,-0.01262957310562754,0.42035538649207127
tafeng,1,racf,sets2sets,avg_basket_size,4073,0.07847751238457601,5.313362151917532e-07
tafeng,1,racf,sets2sets,repeat_rate,4073,0.07806503767165934,6.09446015039095e-07
tafeng,1,racf,sets2sets,adjacent_basket_jaccard,2802,0.13339721994313758,1.3431197484606864e-12
tafeng,1,racf,sets2sets,recency_frequency_disagreement,4073,0.012357374503546579,0.4304414814785189
tafeng,1,racf,sets2sets,recent_basket_novelty,2802,-0.1316585578911674,2.6230611889823693e-12
tafeng,1,racf,sets2sets,popularity_profile,4073,-0.05017693129767936,0.001358483958304621
tafeng,1,racf,sets2sets,neighbor_similarity,4073,-0.02736805197838254,0.08073770336921958
tafeng,1,racf,sets2sets,cooccurrence_support,3881,-0.048847126518909385,0.0023353348915386664
tafeng,1,racf,sets2sets,transition_predictability,4029,-0.03027328244137474,0.05467844254547793
tafeng,1,racf,dnntsp,n_baskets,4073,0.008801241749910326,0.5744333959700694
tafeng,1,racf,dnntsp,avg_basket_size,4073,0.10134176152849685,9.030712022012627e-11
tafeng,1,racf,dnntsp,repeat_rate,4073,0.08396675274539046,8.023595461992901e-08
tafeng,1,racf,dnntsp,adjacent_basket_jaccard,2802,0.12363215341922884,5.146994722567638e-11
tafeng,1,racf,dnntsp,recency_frequency_disagreement,4073,0.054293808584613884,0.0005272278862657847
tafeng,1,racf,dnntsp,recent_basket_novelty,2802,-0.13581220746470077,5.224169800239447e-13
tafeng,1,racf,dnntsp,popularity_profile,4073,-0.0505181840609605,0.0012590967364189442
tafeng,1,racf,dnntsp,neighbor_similarity,4073,-0.035928842309441815,0.02184700667880746
tafeng,1,racf,dnntsp,cooccurrence_support,3881,-0.04914902099277247,0.0021932474371311513
tafeng,1,racf,dnntsp,transition_predictability,4029,-0.03727034625560434,0.017991117832565375
tafeng,1,tifuknn,triple2vec,n_baskets,4073,-0.04334217052669018,0.0056652743384657134
tafeng,1,tifuknn,triple2vec,avg_basket_size,4073,0.03224433173127593,0.03961523640102542
tafeng,1,tifuknn,triple2vec,repeat_rate,4073,-0.01046634879334387,0.5042764189498472
tafeng,1,tifuknn,triple2vec,adjacent_basket_jaccard,2802,0.023004321084534575,0.2234799567629103
tafeng,1,tifuknn,triple2vec,recency_frequency_disagreement,4073,-0.014754243140057188,0.34651072791067083
tafeng,1,tifuknn,triple2vec,recent_basket_novelty,2802,-0.016298667090126024,0.38845386586225683
tafeng,1,tifuknn,triple2vec,popularity_profile,4073,-0.013652658470355664,0.3837068548193139
tafeng,1,tifuknn,triple2vec,neighbor_similarity,4073,-0.010705657561484687,0.49457805320388104
tafeng,1,tifuknn,triple2vec,cooccurrence_support,3881,-0.022975932772075148,0.1524087348526596
tafeng,1,tifuknn,triple2vec,transition_predictability,4029,-0.0003585692295448542,0.9818473733215547
tafeng,1,tifuknn,sets2sets,n_baskets,4073,-0.039881035675723125,0.010913966238413356
tafeng,1,tifuknn,sets2sets,avg_basket_size,4073,0.08166575957979944,1.7985984718765763e-07
tafeng,1,tifuknn,sets2sets,repeat_rate,4073,0.07431219884100856,2.0572403536916013e-06
tafeng,1,tifuknn,sets2sets,adjacent_basket_jaccard,2802,0.1493269986831031,1.9337334974590523e-15
tafeng,1,tifuknn,sets2sets,recency_frequency_disagreement,4073,-0.006246378077988061,0.6902426829583048
tafeng,1,tifuknn,sets2sets,recent_basket_novelty,2802,-0.14311736405183073,2.70732073982923e-14
tafeng,1,tifuknn,sets2sets,popularity_profile,4073,-0.052141582764729084,0.0008718282437247799
tafeng,1,tifuknn,sets2sets,neighbor_similarity,4073,-0.03566031223610221,0.022853880605972238
tafeng,1,tifuknn,sets2sets,cooccurrence_support,3881,-0.05615636188361203,0.0004651784316615791
tafeng,1,tifuknn,sets2sets,transition_predictability,4029,-0.03121459343114827,0.047569334708781726
tafeng,1,tifuknn,dnntsp,n_baskets,4073,-0.02116706995914584,0.17681708528806367
tafeng,1,tifuknn,dnntsp,avg_basket_size,4073,0.10786265644523214,5.133620907443244e-12
tafeng,1,tifuknn,dnntsp,repeat_rate,4073,0.07524835701951015,1.526784286146773e-06
tafeng,1,tifuknn,dnntsp,adjacent_basket_jaccard,2802,0.1341299233567366,1.0103453889574175e-12
tafeng,1,tifuknn,dnntsp,recency_frequency_disagreement,4073,0.03964971312823562,0.011384638061090966
tafeng,1,tifuknn,dnntsp,recent_basket_novelty,2802,-0.14306063605167257,2.7719367672188322e-14
tafeng,1,tifuknn,dnntsp,popularity_profile,4073,-0.038875307062327356,0.0130940599342139
tafeng,1,tifuknn,dnntsp,neighbor_similarity,4073,-0.03899796054652262,0.012809034582768138
tafeng,1,tifuknn,dnntsp,cooccurrence_support,3881,-0.04633845587044495,0.0038844125670509633
tafeng,1,tifuknn,dnntsp,transition_predictability,4029,-0.03462217782415719,0.027977693960293842
tafeng,1,triple2vec,sets2sets,n_baskets,4073,-0.003511875830727832,0.822710600188725
tafeng,1,triple2vec,sets2sets,avg_basket_size,4073,0.051041994494307755,0.0011195262324962423
tafeng,1,triple2vec,sets2sets,repeat_rate,4073,0.09685700289537422,5.862282836746391e-10
tafeng,1,triple2vec,sets2sets,adjacent_basket_jaccard,2802,0.1484346108238877,2.845407475872746e-15
tafeng,1,triple2vec,sets2sets,recency_frequency_disagreement,4073,0.0028203152216501005,0.8572014026816879
tafeng,1,triple2vec,sets2sets,recent_basket_novelty,2802,-0.1532763552742265,3.401995254033497e-16
tafeng,1,triple2vec,sets2sets,popularity_profile,4073,-0.043734719317737654,0.005244306809017905
tafeng,1,triple2vec,sets2sets,neighbor_similarity,4073,-0.017680405464873695,0.2592750047646577
tafeng,1,triple2vec,sets2sets,cooccurrence_support,3881,-0.03572048366712445,0.02606135500800481
tafeng,1,triple2vec,sets2sets,transition_predictability,4029,-0.02977104213174453,0.05882063302285104
tafeng,1,triple2vec,dnntsp,n_baskets,4073,0.010881441750633799,0.487518133274466
tafeng,1,triple2vec,dnntsp,avg_basket_size,4073,0.07991433929079304,3.2776225245505753e-07
tafeng,1,triple2vec,dnntsp,repeat_rate,4073,0.08612345147395019,3.692793616763287e-08
tafeng,1,triple2vec,dnntsp,adjacent_basket_jaccard,2802,0.12382085695144505,4.8093515352890855e-11
tafeng,1,triple2vec,dnntsp,recency_frequency_disagreement,4073,0.052199450937113326,0.0008603188155824345
tafeng,1,triple2vec,dnntsp,recent_basket_novelty,2802,-0.1394357424105554,1.2270288313846305e-13
tafeng,1,triple2vec,dnntsp,popularity_profile,4073,-0.04327027529556246,0.005745596246348049
tafeng,1,triple2vec,dnntsp,neighbor_similarity,4073,-0.0338773108840683,0.03061748925403113
tafeng,1,triple2vec,dnntsp,cooccurrence_support,3881,-0.0413961736457271,0.009904088723524083
tafeng,1,triple2vec,dnntsp,transition_predictability,4029,-0.03957036761321302,0.012007973973529042
tafeng,1,sets2sets,dnntsp,n_baskets,4073,0.022356883431844683,0.15370734636672614
tafeng,1,sets2sets,dnntsp,avg_basket_size,4073,0.047023680175735015,0.0026839422978267467
tafeng,1,sets2sets,dnntsp,repeat_rate,4073,-0.009417804443150615,0.547924125881952
tafeng,1,sets2sets,dnntsp,adjacent_basket_jaccard,2802,-0.035875342906398676,0.05759256284483318
tafeng,1,sets2sets,dnntsp,recency_frequency_disagreement,4073,0.0717071979599252,4.630887226557925e-06
tafeng,1,sets2sets,dnntsp,recent_basket_novelty,2802,0.01417681096975996,0.4531721718079331
tafeng,1,sets2sets,dnntsp,popularity_profile,4073,-0.004366368677333994,0.7805689255078261
tafeng,1,sets2sets,dnntsp,neighbor_similarity,4073,-0.0329812655106603,0.03530934569163023
tafeng,1,sets2sets,dnntsp,cooccurrence_support,3881,-0.01634357896308652,0.30872218854309125
tafeng,1,sets2sets,dnntsp,transition_predictability,4029,-0.011696680913849301,0.4579450473295741
tafeng,2,recency,frequency,n_baskets,4073,-0.13668808870138302,1.9195828022309664e-18
tafeng,2,recency,frequency,avg_basket_size,4073,-0.013636078231950705,0.3842847457036085
tafeng,2,recency,frequency,repeat_rate,4073,-0.14919811601672903,1.0431851182189137e-21
tafeng,2,recency,frequency,adjacent_basket_jaccard,2813,-0.09251571087631848,8.869826363595858e-07
tafeng,2,recency,frequency,recency_frequency_disagreement,4073,-0.0981829719218704,3.40109927339107e-10
tafeng,2,recency,frequency,recent_basket_novelty,2813,0.09212374618778447,9.86701232098112e-07
tafeng,2,recency,frequency,popularity_profile,4073,-0.0242013456179488,0.12251969147737557
tafeng,2,recency,frequency,neighbor_similarity,4073,-0.02852232525385047,0.06874255344482055
tafeng,2,recency,frequency,cooccurrence_support,3853,-0.03613260277144579,0.024906684442296434
tafeng,2,recency,frequency,transition_predictability,4027,-0.0139350609264152,0.37665922705590726
tafeng,2,recency,racf,n_baskets,4073,-0.1293232350041262,1.1741838276143231e-16
tafeng,2,recency,racf,avg_basket_size,4073,-0.043003901647530596,0.006052215617539242
tafeng,2,recency,racf,repeat_rate,4073,-0.14189477446585247,9.114515027299981e-20
tafeng,2,recency,racf,adjacent_basket_jaccard,2813,-0.09884310184316483,1.4968186607501093e-07
tafeng,2,recency,racf,recency_frequency_disagreement,4073,-0.10288352841279967,4.657623359819386e-11
tafeng,2,recency,racf,recent_basket_novelty,2813,0.09659092451579421,2.8562929671058524e-07
tafeng,2,recency,racf,popularity_profile,4073,-0.033083485617168916,0.03474482796529353
tafeng,2,recency,racf,neighbor_similarity,4073,-0.014181791810260299,0.36554459932064165
tafeng,2,recency,racf,cooccurrence_support,3853,-0.03378691034575328,0.03597963461249969
tafeng,2,recency,racf,transition_predictability,4027,-0.021819064509904677,0.16625337042467608
tafeng,2,recency,tifuknn,n_baskets,4073,-0.08466445202208937,6.255149914278901e-08
tafeng,2,recency,tifuknn,avg_basket_size,4073,-0.06911572722611346,1.0105862931968709e-05
tafeng,2,recency,tifuknn,repeat_rate,4073,-0.13437386370195648,7.167200550679545e-18
tafeng,2,recency,tifuknn,adjacent_basket_jaccard,2813,-0.13222397305365796,1.9131194797496302e-12
tafeng,2,recency,tifuknn,recency_frequency_disagreement,4073,-0.09084791453857728,6.316575091733118e-09
tafeng,2,recency,tifuknn,recent_basket_novelty,2813,0.12915294669759292,6.1665455071398725e-12
tafeng,2,recency,tifuknn,popularity_profile,4073,0.0027083270433195744,0.8628142523606783
tafeng,2,recency,tifuknn,neighbor_similarity,4073,0.020020588338276475,0.20144307601546313
tafeng,2,recency,tifuknn,cooccurrence_support,3853,0.003208275005728672,0.8421988608883944
tafeng,2,recency,tifuknn,transition_predictability,4027,0.005581314061139717,0.7232823429085747
tafeng,2,recency,triple2vec,n_baskets,4073,-0.152764374245189,1.0817764767153148e-22
tafeng,2,recency,triple2vec,avg_basket_size,4073,-0.011409922009451344,0.46662455186483165
tafeng,2,recency,triple2vec,repeat_rate,4073,-0.14660755353837557,5.2284674137596056e-21
tafeng,2,recency,triple2vec,adjacent_basket_jaccard,2813,-0.08107886241305186,1.666718708033335e-05
tafeng,2,recency,triple2vec,recency_frequency_disagreement,4073,-0.10468646496329966,2.1208068910514955e-11
tafeng,2,recency,triple2vec,recent_basket_novelty,2813,0.07054058804723283,0.00018088724990455944
tafeng,2,recency,triple2vec,popularity_profile,4073,-0.03825430334044714,0.014624922773602542
tafeng,2,recency,triple2vec,neighbor_similarity,4073,-0.02649322639512252,0.09091761572936345
tafeng,2,recency,triple2vec,cooccurrence_support,3853,-0.05047767535603293,0.0017228881638369816
tafeng,2,recency,triple2vec,transition_predictability,4027,-0.018934904851682033,0.22962782368339257
tafeng,2,recency,sets2sets,n_baskets,4073,-0.09363419752619694,2.1366466252483885e-09
tafeng,2,recency,sets2sets,avg_basket_size,4073,0.0506892314726948,0.0012118464267322979
tafeng,2,recency,sets2sets,repeat_rate,4073,-0.0035974302815979793,0.8184659535476755
tafeng,2,recency,sets2sets,adjacent_basket_jaccard,2813,0.056170514512444904,0.0028807434389726085
tafeng,2,recency,sets2sets,recency_frequency_disagreement,4073,-0.05971254519406777,0.00013723951630356464
tafeng,2,recency,sets2sets,recent_basket_novelty,2813,-0.08448047521715531,7.234064673713056e-06
tafeng,2,recency,sets2sets,popularity_profile,4073,-0.08428056188080221,7.17529491330986e-08
tafeng,2,recency,sets2sets,neighbor_similarity,4073,-0.06860824763766214,1.1737755281093789e-05
tafeng,2,recency,sets2sets,cooccurrence_support,3853,-0.09630761731549371,2.097813471794345e-09
tafeng,2,recency,sets2sets,transition_predictability,4027,-0.04201495617744263,0.007663146755326318
tafeng,2,recency,dnntsp,n_baskets,4073,-0.09106570780646618,5.810049560454022e-09
tafeng,2,recency,dnntsp,avg_basket_size,4073,0.041564931519568644,0.007977782634008107
tafeng,2,recency,dnntsp,repeat_rate,4073,-0.04213960692445064,0.007151168098729947
tafeng,2,recency,dnntsp,adjacent_basket_jaccard,2813,0.0025509503629337366,0.8924247439732811
tafeng,2,recency,dnntsp,recency_frequency_disagreement,4073,-0.047436952966076223,0.0024601143495370124
tafeng,2,recency,dnntsp,recent_basket_novelty,2813,-0.04711792489339503,0.012443722149525363
tafeng,2,recency,dnntsp,popularity_profile,4073,-0.06447669249910128,3.822934038471334e-05
tafeng,2,recency,dnntsp,neighbor_similarity,4073,-0.07585017205439552,1.2581127009248822e-06
tafeng,2,recency,dnntsp,cooccurrence_support,3853,-0.07126659889695754,9.515762833979921e-06
tafeng,2,recency,dnntsp,transition_predictability,4027,-0.04536478367684502,0.003984623849119075
tafeng,2,frequency,racf,n_baskets,4073,-0.017470452758744603,0.26497549824425776
tafeng,2,frequency,racf,avg_basket_size,4073,-0.039582342119667366,0.011525063311088846
tafeng,2,frequency,racf,repeat_rate,4073,-0.024420598416541442,0.11916735256276262
tafeng,2,frequency,racf,adjacent_basket_jaccard,2813,-0.03001689503960578,0.1114568949619158
tafeng,2,frequency,racf,recency_frequency_disagreement,4073,-0.028333933809604656,0.07059385022572391
tafeng,2,frequency,racf,recent_basket_novelty,2813,0.02977205145190463,0.11440719926943965
tafeng,2,frequency,racf,popularity_profile,4073,-0.013004508599769427,0.4066921063741731
tafeng,2,frequency,racf,neighbor_similarity,4073,0.014901203382709734,0.34172796456133725
tafeng,2,frequency,racf,cooccurrence_support,3853,-0.011197026138287594,0.48716554560083514
tafeng,2,frequency,racf,transition_predictability,4027,-0.011316881908049721,0.4727856112576905
tafeng,2,frequency,tifuknn,n_baskets,4073,0.05166252602484758,0.0009727352365646742
tafeng,2,frequency,tifuknn,avg_basket_size,4073,-0.04314371524833853,0.0058894877263879555
tafeng,2,frequency,tifuknn,repeat_rate,4073,0.017004451095667353,0.27793475736406226
tafeng,2,frequency,tifuknn,adjacent_basket_jaccard,2813,-0.02706038115795899,0.15133103570520207
tafeng,2,frequency,tifuknn,recency_frequency_disagreement,4073,0.01580884945009017,0.313130496364421
tafeng,2,frequency,tifuknn,recent_basket_novelty,2813,0.00823788851259112,0.662305673684483
tafeng,2,frequency,tifuknn,popularity_profile,4073,0.038114419940738956,0.014990777614782166
tafeng,2,frequency,tifuknn,neighbor_similarity,4073,0.05229854255654718,0.0008409369651551382
tafeng,2,frequency,tifuknn,cooccurrence_support,3853,0.04389866805839256,0.006423698294974265
tafeng,2,frequency,tifuknn,transition_predictability,4027,0.018424855936382645,0.24242269551021334
tafeng,2,frequency,triple2vec,n_baskets,4073,-0.043722352228394025,0.005257126007330112
tafeng,2,frequency,triple2vec,avg_basket_size,4073,0.010258209394677966,0.5127924291959411
tafeng,2,frequency,triple2vec,repeat_rate,4073,-0.02487156196892404,0.1124984127584775
tafeng,2,frequency,triple2vec,adjacent_basket_jaccard,2813,0.0056438263247796045,0.7647836077178924
tafeng,2,frequency,triple2vec,recency_frequency_disagreement,4073,-0.02327681561015853,0.13747151938242352
tafeng,2,frequency,triple2vec,recent_basket_novelty,2813,-0.02572450100508699,0.17257126488630245
tafeng,2,frequency,triple2vec,popularity_profile,4073,-0.018149257559790372,0.24685320426260907
tafeng,2,frequency,triple2vec,neighbor_similarity,4073,-0.011542445037369462,0.46146421424869466
tafeng,2,frequency,triple2vec,cooccurrence_support,3853,-0.026419252289985425,0.10107502299012214
tafeng,2,frequency,triple2vec,transition_predictability,4027,-0.011874282768077312,0.45125851179970666
tafeng,2,frequency,sets2sets,n_baskets,4073,-0.009374997756217241,0.5497449138133557
tafeng,2,frequency,sets2sets,avg_basket_size,4073,0.05298563709290622,0.0007172868383569261
tafeng,2,frequency,sets2sets,repeat_rate,4073,0.0693168571148844,9.521043056493418e-06
tafeng,2,frequency,sets2sets,adjacent_basket_jaccard,2813,0.09510186887332074,4.3446609005183344e-07
tafeng,2,frequency,sets2sets,recency_frequency_disagreement,4073,-0.0013486950578799667,0.9314287226053604
tafeng,2,frequency,sets2sets,recent_basket_novelty,2813,-0.12804939238337582,9.328052803138529e-12
tafeng,2,frequency,sets2sets,popularity_profile,4073,-0.06744607606157016,1.6473943981283566e-05
tafeng,2,frequency,sets2sets,neighbor_similarity,4073,-0.04939136179543108,0.0016153730256142208
tafeng,2,frequency,sets2sets,cooccurrence_support,3853,-0.07882898363616704,9.625102940060071e-07
tafeng,2,frequency,sets2sets,transition_predictability,4027,-0.03478628184978603,0.02728102028577853
tafeng,2,frequency,dnntsp,n_baskets,4073,0.010261803898048615,0.512644727220426
tafeng,2,frequency,dnntsp,avg_basket_size,4073,0.059037758623245465,0.00016329650368650256
tafeng,2,frequency,dnntsp,repeat_rate,4073,0.06617410541399879,2.3727823653909902e-05
tafeng,2,frequency,dnntsp,adjacent_basket_jaccard,2813,0.08267298353031323,1.1316577598871187e-05
tafeng,2,frequency,dnntsp,recency_frequency_disagreement,4073,0.03233124887855938,0.039085248977762325
tafeng,2,frequency,dnntsp,recent_basket_novelty,2813,-0.11995963087163403,1.7408626834895473e-10
tafeng,2,frequency,dnntsp,popularity_profile,4073,-0.048520821910025665,0.0019517644370368617
tafeng,2,frequency,dnntsp,neighbor_similarity,4073,-0.06027479575955319,0.00011857193136682592
tafeng,2,frequency,dnntsp,cooccurrence_support,3853,-0.053050504280985504,0.0009869145567926636
tafeng,2,frequency,dnntsp,transition_predictability,4027,-0.03257897436701935,0.03870357986120633
tafeng,2,racf,tifuknn,n_baskets,4073,0.06235806877837487,6.823719854195153e-05
tafeng,2,racf,tifuknn,avg_basket_size,4073,-0.010563655890002393,0.5003208379832924
tafeng,2,racf,tifuknn,repeat_rate,4073,0.035252101050349684,0.02446165278959638
tafeng,2,racf,tifuknn,adjacent_basket_jaccard,2813,-0.005495984113600664,0.770770555807158
tafeng,2,racf,tifuknn,recency_frequency_disagreement,4073,0.02912502324677025,0.0630860650568009
tafeng,2,racf,tifuknn,recent_basket_novelty,2813,-0.012601901948350914,0.5040661614863566
tafeng,2,racf,tifuknn,popularity_profile,4073,0.051316008378756196,0.0010523489981966836
tafeng,2,racf,tifuknn,neighbor_similarity,4073,0.04475778977793274,0.004276661899725407
tafeng,2,racf,tifuknn,cooccurrence_support,3853,0.05292868777469767,0.0010138468999130012
tafeng,2,racf,tifuknn,transition_predictability,4027,0.03656828291697817,0.020306848639764775
tafeng,2,racf,triple2vec,n_baskets,4073,-0.026058780882568917,0.09634349937127348
tafeng,2,racf,triple2vec,avg_basket_size,4073,0.02130517232447439,0.17400900626108354
tafeng,2,racf,triple2vec,repeat_rate,4073,-0.00614648561528689,0.6949456286271039
tafeng,2,racf,triple2vec,adjacent_basket_jaccard,2813,0.02520855799046224,0.18134584072304893
tafeng,2,racf,triple2vec,recency_frequency_disagreement,4073,-0.01171585441623292,0.45476018815303354
tafeng,2,racf,triple2vec,recent_basket_novelty,2813,-0.04424135577031629,0.01894727102494128
tafeng,2,racf,triple2vec,popularity_profile,4073,-0.01607318656545097,0.30510699617704884
tafeng,2,racf,triple2vec,neighbor_similarity,4073,-0.014187799892737135,0.36534150406545496
tafeng,2,racf,triple2vec,cooccurrence_support,3853,-0.028323858841161682,0.07876180213244671
tafeng,2,racf,triple2vec,transition_predictability,4027,-0.0005711641436051178,0.9710957318901992
tafeng,2,racf,sets2sets,n_baskets,4073,-0.0066485650360085715,0.6714299768834819
tafeng,2,racf,sets2sets,avg_basket_size,4073,0.061171101510081385,9.368004110425953e-05
tafeng,2,racf,sets2sets,repeat_rate,4073,0.07690444966336767,8.931956447252421e-07
tafeng,2,racf,sets2sets,adjacent_basket_jaccard,2813,0.10854071548022864,7.868521195171868e-09
tafeng,2,racf,sets2sets,recency_frequency_disagreement,4073,0.0034386223292605074,0.8263490859171143
tafeng,2,racf,sets2sets,recent_basket_novelty,2813,-0.1335632797637673,1.1385048213924424e-12
tafeng,2,racf,sets2sets,popularity_profile,4073,-0.06681903995626706,1.97360420354622e-05
tafeng,2,racf,sets2sets,neighbor_similarity,4073,-0.05549616122605255,0.0003949851420969246
tafeng,2,racf,sets2sets,cooccurrence_support,3853,-0.08449622073696247,1.4997657586920789e-07
tafeng,2,racf,sets2sets,transition_predictability,4027,-0.03476652762821405,0.02736868128793988
tafeng,2,racf,dnntsp,n_baskets,4073,0.01514169502247136,0.33399282083562354
tafeng,2,racf,dnntsp,avg_basket_size,4073,0.06119762963657047,9.302451672860523e-05
tafeng,2,racf,dnntsp,repeat_rate,4073,0.07625332515589608,1.1042244881567306e-06
tafeng,2,racf,dnntsp,adjacent_basket_jaccard,2813,0.09347273831509187,6.825870174022346e-07
tafeng,2,racf,dnntsp,recency_frequency_disagreement,4073,0.03015118448774831,0.05434240395527689
tafeng,2,racf,dnntsp,recent_basket_novelty,2813,-0.13125680318660224,2.7740070631437894e-12
tafeng,2,racf,dnntsp,popularity_profile,4073,-0.04448765108350255,0.004515046185660923
tafeng,2,racf,dnntsp,neighbor_similarity,4073,-0.05718084246522539,0.00026106660703445705
tafeng,2,racf,dnntsp,cooccurrence_support,3853,-0.05315149382338592,0.0009650905134849865
tafeng,2,racf,dnntsp,transition_predictability,4027,-0.02786679822094793,0.07703019786995671
tafeng,2,tifuknn,triple2vec,n_baskets,4073,-0.07489297681209076,1.710487085617236e-06
tafeng,2,tifuknn,triple2vec,avg_basket_size,4073,0.03675273811799106,0.018994728478940542
tafeng,2,tifuknn,triple2vec,repeat_rate,4073,-0.0291567444658688,0.06279933472531575
tafeng,2,tifuknn,triple2vec,adjacent_basket_jaccard,2813,0.03106116946403943,0.09954183393197658
tafeng,2,tifuknn,triple2vec,recency_frequency_disagreement,4073,-0.026333809554645118,0.09287935464845982
tafeng,2,tifuknn,triple2vec,recent_basket_novelty,2813,-0.03582482066671417,0.05745514200652222
tafeng,2,tifuknn,triple2vec,popularity_profile,4073,-0.0489656698340395,0.0017725710425910716
tafeng,2,tifuknn,triple2vec,neighbor_similarity,4073,-0.05287904647809217,0.0007352919435995913
tafeng,2,tifuknn,triple2vec,cooccurrence_support,3853,-0.05923405511049578,0.00023429216072274903
tafeng,2,tifuknn,triple2vec,transition_predictability,4027,-0.017846880845780243,0.25751778479386206
tafeng,2,tifuknn,sets2sets,n_baskets,4073,-0.03490463195277523,0.02590648732295253
tafeng,2,tifuknn,sets2sets,avg_basket_size,4073,0.07341881224267648,2.725573258589271e-06
tafeng,2,tifuknn,sets2sets,repeat_rate,4073,0.07169252948041462,4.651737108407068e-06
tafeng,2,tifuknn,sets2sets,adjacent_basket_jaccard,2813,0.12111859186982216,1.1580075621572587e-10
tafeng,2,tifuknn,sets2sets,recency_frequency_disagreement,4073,-0.0038054053337054088,0.8081699965563309
tafeng,2,tifuknn,sets2sets,recent_basket_novelty,2813,-0.13937579628526833,1.1264674129550888e-13
tafeng,2,tifuknn,sets2sets,popularity_profile,4073,-0.08745751989770915,2.2635755949668343e-08
tafeng,2,tifuknn,sets2sets,neighbor_similarity,4073,-0.07389868234163133,2.3442635552057322e-06
tafeng,2,tifuknn,sets2sets,cooccurrence_support,3853,-0.09586052853239486,2.490019983802518e-09
tafeng,2,tifuknn,sets2sets,transition_predictability,4027,-0.046515409802589135,0.003152256150333736
tafeng,2,tifuknn,dnntsp,n_baskets,4073,-0.019102449176306203,0.22289868159710627
tafeng,2,tifuknn,dnntsp,avg_basket_size,4073,0.08178184109645949,1.7277100394498634e-07
tafeng,2,tifuknn,dnntsp,repeat_rate,4073,0.05618604949136734,0.00033382481706416197
tafeng,2,tifuknn,dnntsp,adjacent_basket_jaccard,2813,0.09773586651468057,2.0601993384428195e-07
tafeng,2,tifuknn,dnntsp,recency_frequency_disagreement,4073,0.023830618070940005,0.12835508079462557
tafeng,2,tifuknn,dnntsp,recent_basket_novelty,2813,-0.11746443535958748,4.1329879445034755e-10
tafeng,2,tifuknn,dnntsp,popularity_profile,4073,-0.06743396046427995,1.6531796008761894e-05
tafeng,2,tifuknn,dnntsp,neighbor_similarity,4073,-0.0841365794418221,7.553139215997507e-08
tafeng,2,tifuknn,dnntsp,cooccurrence_support,3853,-0.06815488821379066,2.2947093007812056e-05
tafeng,2,tifuknn,dnntsp,transition_predictability,4027,-0.0439454732142227,0.005283810166617584
tafeng,2,triple2vec,sets2sets,n_baskets,4073,0.02435628892972523,0.12014310070537397
tafeng,2,triple2vec,sets2sets,avg_basket_size,4073,0.03648620741685563,0.01987960310502619
tafeng,2,triple2vec,sets2sets,repeat_rate,4073,0.09719906546154072,5.097642967812698e-10
tafeng,2,triple2vec,sets2sets,adjacent_basket_jaccard,2813,0.09851919282653376,1.6440337442585481e-07
tafeng,2,triple2vec,sets2sets,recency_frequency_disagreement,4073,0.014318500772871615,0.36094077839292926
tafeng,2,triple2vec,sets2sets,recent_basket_novelty,2813,-0.12707838189435547,1.3386989850262393e-11
tafeng,2,triple2vec,sets2sets,popularity_profile,4073,-0.047070001834475114,0.0026579599400223886
tafeng,2,triple2vec,sets2sets,neighbor_similarity,4073,-0.03172589733119505,0.042904672464916076
tafeng,2,triple2vec,sets2sets,cooccurrence_support,3853,-0.052763261428397455,0.0010515104464295564
tafeng,2,triple2vec,sets2sets,transition_predictability,4027,-0.026958635033046928,0.08716637922099314
tafeng,2,triple2vec,dnntsp,n_baskets,4073,0.044041738597353663,0.004934978243609439
tafeng,2,triple2vec,dnntsp,avg_basket_size,4073,0.03730257219549987,0.01727742356030161
tafeng,2,triple2vec,dnntsp,repeat_rate,4073,0.08691984572899428,2.75956475649662e-08
tafeng,2,triple2vec,dnntsp,adjacent_basket_jaccard,2813,0.07975265615880062,2.2879006335862366e-05
tafeng,2,triple2vec,dnntsp,recency_frequency_disagreement,4073,0.0389774054701429,0.012856414788768013
tafeng,2,triple2vec,dnntsp,recent_basket_novelty,2813,-0.11076725228024153,3.853433681674212e-09
tafeng,2,triple2vec,dnntsp,popularity_profile,4073,-0.03321867797335064,0.03401006691687578
tafeng,2,triple2vec,dnntsp,neighbor_similarity,4073,-0.041579516882914974,0.007955787487838529
tafeng,2,triple2vec,dnntsp,cooccurrence_support,3853,-0.026875563247658083,0.09531683857718119
tafeng,2,triple2vec,dnntsp,transition_predictability,4027,-0.02163232058552874,0.16991025383751626
tafeng,2,sets2sets,dnntsp,n_baskets,4073,0.015248868026427187,0.3305823687189592
tafeng,2,sets2sets,dnntsp,avg_basket_size,4073,-0.007186068854798774,0.6466072740872701
tafeng,2,sets2sets,dnntsp,repeat_rate,4073,-0.024407306803992574,0.11936851150175115
tafeng,2,sets2sets,dnntsp,adjacent_basket_jaccard,2813,-0.04136070243643182,0.028261219289590103
tafeng,2,sets2sets,dnntsp,recency_frequency_disagreement,4073,0.018006234045076838,0.250597490127004
tafeng,2,sets2sets,dnntsp,recent_basket_novelty,2813,0.031647829889915956,0.0933074498792272
tafeng,2,sets2sets,dnntsp,popularity_profile,4073,0.019769704778733892,0.20715045881126218
tafeng,2,sets2sets,dnntsp,neighbor_similarity,4073,-0.01272665722923791,0.4167918608652973
tafeng,2,sets2sets,dnntsp,cooccurrence_support,3853,0.029644349756317526,0.06578184688882283
tafeng,2,sets2sets,dnntsp,transition_predictability,4027,-0.006323919389718498,0.6882825984940879
taobao,0,recency,frequency,n_baskets,5677,-0.029428401777160423,0.02660256856112092
taobao,0,recency,frequency,avg_basket_size,5677,0.01673283544742426,0.20746718503095032
taobao,0,recency,frequency,repeat_rate,5677,-0.09511482520632122,6.909400749448901e-13
taobao,0,recency,frequency,adjacent_basket_jaccard,5677,-0.07618924053859295,9.04999687150849e-09
taobao,0,recency,frequency,recency_frequency_disagreement,5677,0.014561337950067732,0.27266184366887525
taobao,0,recency,frequency,recent_basket_novelty,5677,0.00420487336306565,0.7514321893157189
taobao,0,recency,frequency,popularity_profile,5677,-0.013148154403527507,0.32193771363610413
taobao,0,recency,frequency,neighbor_similarity,5677,-0.08346018242531954,3.0153955084116667e-10
taobao,0,recency,frequency,cooccurrence_support,3600,0.018022584169153297,0.2796671706600475
taobao,0,recency,frequency,transition_predictability,2626,0.042749901576289745,0.028476675783009216
taobao,0,recency,racf,n_baskets,5677,-0.03704927211145583,0.005240710218011242
taobao,0,recency,racf,avg_basket_size,5677,0.0055613886546755295,0.6752609857685853
taobao,0,recency,racf,repeat_rate,5677,-0.08913034472701885,1.7258272451164114e-11
taobao,0,recency,racf,adjacent_basket_jaccard,5677,-0.07031206641273116,1.1383934939363769e-07
taobao,0,recency,racf,recency_frequency_disagreement,5677,0.008399219551865351,0.5269176183168052
taobao,0,recency,racf,recent_basket_novelty,5677,-0.0010640131816909398,0.9361168693851435
taobao,0,recency,racf,popularity_profile,5677,-0.007012105008566735,0.5973443620745185
taobao,0,recency,racf,neighbor_similarity,5677,-0.0874126886028968,4.1852771321970334e-11
taobao,0,recency,racf,cooccurrence_support,3600,0.009841726697545657,0.5549809405664603
taobao,0,recency,racf,transition_predictability,2626,0.029542348246073734,0.13015453980368857
taobao,0,recency,tifuknn,n_baskets,5677,-0.01905938593709847,0.1510421306580181
taobao,0,recency,tifuknn,avg_basket_size,5677,0.008066451365457396,0.543419739669881
taobao,0,recency,tifuknn,repeat_rate,5677,-0.08189779503524429,6.422987953385335e-10
taobao,0,recency,tifuknn,adjacent_basket_jaccard,5677,-0.07612526005439689,9.31264391924128e-09
taobao,0,recency,tifuknn,recency_frequency_disagreement,5677,0.012596199262114843,0.3426713581612536
taobao,0,recency,tifuknn,recent_basket_novelty,5677,-0.017502574058842504,0.18731717449550803
taobao,0,recency,tifuknn,popularity_profile,5677,-0.02352258975734176,0.0763638737764653
taobao,0,recency,tifuknn,neighbor_similarity,5677,-0.11064996496430207,6.225971521323853e-17
taobao,0,recency,tifuknn,cooccurrence_support,3600,-0.007471125998030397,0.6540679369958078
taobao,0,recency,tifuknn,transition_predictability,2626,0.040384143232026506,0.0385156422238744
taobao,0,recency,triple2vec,n_baskets,5677,-0.048794349202933525,0.00023522319125086495
taobao,0,recency,triple2vec,avg_basket_size,5677,0.0168035848940999,0.2055520106886782
taobao,0,recency,triple2vec,repeat_rate,5677,-0.10246485140675231,1.002183034654261e-14
taobao,0,recency,triple2vec,adjacent_basket_jaccard,5677,-0.08266229302568717,4.4442685734239216e-10
taobao,0,recency,triple2vec,recency_frequency_disagreement,5677,0.005927839675611611,0.6552044798947473
taobao,0,recency,triple2vec,recent_basket_novelty,5677,0.012716309572528447,0.3380884061486241
taobao,0,recency,triple2vec,popularity_profile,5677,-0.01488818435975211,0.26204177171439985
taobao,0,recency,triple2vec,neighbor_similarity,5677,-0.056506482424397146,2.04430351091341e-05
taobao,0,recency,triple2vec,cooccurrence_support,3600,-0.00795672861607823,0.6331873294702566
taobao,0,recency,triple2vec,transition_predictability,2626,0.0843790862421235,1.4936058184030945e-05
taobao,0,recency,sets2sets,n_baskets,5677,-0.008173260217879967,0.5380951326432645
taobao,0,recency,sets2sets,avg_basket_size,5677,0.00730559859152901,0.5820911272041385
taobao,0,recency,sets2sets,repeat_rate,5677,-0.03454844226488686,0.009233481430838101
taobao,0,recency,sets2sets,adjacent_basket_jaccard,5677,-0.028711271645576467,0.030522320181578938
taobao,0,recency,sets2sets,recency_frequency_disagreement,5677,0.009850878600692892,0.45804033911955977
taobao,0,recency,sets2sets,recent_basket_novelty,5677,-0.030328794317610895,0.022302755900569324
taobao,0,recency,sets2sets,popularity_profile,5677,0.0011245349646014644,0.9324916014578197
taobao,0,recency,sets2sets,neighbor_similarity,5677,-0.07792445630021774,4.129181689424237e-09
taobao,0,recency,sets2sets,cooccurrence_support,3600,0.026735232053660993,0.10874855063324658
taobao,0,recency,sets2sets,transition_predictability,2626,0.02769560985538312,0.1559443746542293
taobao,0,recency,dnntsp,n_baskets,5677,0.007911954841864549,0.5511677658880092
taobao,0,recency,dnntsp,avg_basket_size,5677,0.02803559520160721,0.03465932916721228
taobao,0,recency,dnntsp,repeat_rate,5677,-0.024078618574261017,0.06966418990719728
taobao,0,recency,dnntsp,adjacent_basket_jaccard,5677,-0.020433694650347643,0.12370273055666649
taobao,0,recency,dnntsp,recency_frequency_disagreement,5677,0.027563400769999035,0.03782689268162877
taobao,0,recency,dnntsp,recent_basket_novelty,5677,-0.030632491319510485,0.020995519674250236
taobao,0,recency,dnntsp,popularity_profile,5677,-0.0022284771950790705,0.8666857208030273
taobao,0,recency,dnntsp,neighbor_similarity,5677,-0.08176749425342432,6.836807223655198e-10
taobao,0,recency,dnntsp,cooccurrence_support,3600,0.06103993719381881,0.0002477820006881124
taobao,0,recency,dnntsp,transition_predictability,2626,0.029227200696000842,0.1343047075732067
taobao,0,frequency,racf,n_baskets,5677,-0.025325554189880337,0.05638324130111227
taobao,0,frequency,racf,avg_basket_size,5677,-0.023700517151943656,0.07416508026717267
taobao,0,frequency,racf,repeat_rate,5677,0.004589904999276798,0.7295260590324208
taobao,0,frequency,racf,adjacent_basket_jaccard,5677,0.006367599278628221,0.6314609861463355
taobao,0,frequency,racf,recency_frequency_disagreement,5677,-0.014129752886111131,0.28713068646967
taobao,0,frequency,racf,recent_basket_novelty,5677,-0.011717403036324243,0.3774017315881172
taobao,0,frequency,racf,popularity_profile,5677,0.01277812075224945,0.3357453366039287
taobao,0,frequency,racf,neighbor_similarity,5677,-0.000471852255941078,0.9716457292240042
taobao,0,frequency,racf,cooccurrence_support,3600,-0.006177990544711984,0.7109695704789386
taobao,0,frequency,racf,transition_predictability,2626,-0.009716452011333055,0.618702892954308
taobao,0,frequency,tifuknn,n_baskets,5677,0.008279849965895697,0.5328076733031077
taobao,0,frequency,tifuknn,avg_basket_size,5677,-0.014465532353790186,0.2758298454340029
taobao,0,frequency,tifuknn,repeat_rate,5677,0.03754111576796559,0.00467021214218597
taobao,0,frequency,tifuknn,adjacent_basket_jaccard,5677,0.02203520140542671,0.0968948711256043
taobao,0,frequency,tifuknn,recency_frequency_disagreement,5677,-0.015627664657421336,0.23907875073953067
taobao,0,frequency,tifuknn,recent_basket_novelty,5677,-0.025424572017250107,0.05542567929358418
taobao,0,frequency,tifuknn,popularity_profile,5677,-0.00831734417441567,0.530954014612199
taobao,0,frequency,tifuknn,neighbor_similarity,5677,-0.0053130083192978435,0.6889886657354516
taobao,0,frequency,tifuknn,cooccurrence_support,3600,-0.02862132460256083,0.08597280721958081
taobao,0,frequency,tifuknn,transition_predictability,2626,-0.009593418352956353,0.6231525551629116
taobao,0,frequency,triple2vec,n_baskets,5677,-0.022020910026802124,0.09711168304968266
taobao,0,frequency,triple2vec,avg_basket_size,5677,0.005604029356869917,0.6729149533261258
taobao,0,frequency,triple2vec,repeat_rate,5677,-0.013707276276595345,0.3017875123430428
taobao,0,frequency,triple2vec,adjacent_basket_jaccard,5677,-0.0161376707479643,0.22409227608970855
taobao,0,frequency,triple2vec,recency_frequency_disagreement,5677,-0.010858959605015577,0.41334479916693645
taobao,0,frequency,triple2vec,recent_basket_novelty,5677,0.0067812380743716,0.609468954492695
taobao,0,frequency,triple2vec,popularity_profile,5677,-4.260115791785711e-05,0.9974395015288924
taobao,0,frequency,triple2vec,neighbor_similarity,5677,0.044072024860186555,0.000895261249419207
taobao,0,frequency,triple2vec,cooccurrence_support,3600,-0.031226368167411447,0.06101479054604091
taobao,0,frequency,triple2vec,transition_predictability,2626,0.05645609922573217,0.0038037295402035282
taobao,0,frequency,sets2sets,n_baskets,5677,0.019362919911997248,0.14463902023787542
taobao,0,frequency,sets2sets,avg_basket_size,5677,-0.001472806177979858,0.9116595762523209
taobao,0,frequency,sets2sets,repeat_rate,5677,0.05288381168451047,6.70582676434138e-05
taobao,0,frequency,sets2sets,adjacent_basket_jaccard,5677,0.04176761530506873,0.001645617194325938
taobao,0,frequency,sets2sets,recency_frequency_disagreement,5677,-0.003593651408282525,0.7866155944906953
taobao,0,frequency,sets2sets,recent_basket_novelty,5677,-0.0345240344575935,0.009283167357397763
taobao,0,frequency,sets2sets,popularity_profile,5677,0.013019353000409543,0.3267012347083358
taobao,0,frequency,sets2sets,neighbor_similarity,5677,-0.010877195180558312,0.41256080734474876
taobao,0,frequency,sets2sets,cooccurrence_support,3600,0.02633670422872574,0.11412346727087068
taobao,0,frequency,sets2sets,transition_predictability,2626,-0.006260916072235273,0.7484468602618406
taobao,0,frequency,dnntsp,n_baskets,5677,0.035521307279551655,0.007436470068226882
taobao,0,frequency,dnntsp,avg_basket_size,5677,0.015433918640497068,0.2449531965018449
taobao,0,frequency,dnntsp,repeat_rate,5677,0.06114439139385146,4.021335203788366e-06
taobao,0,frequency,dnntsp,adjacent_basket_jaccard,5677,0.047430234897042955,0.00035036551329037434
taobao,0,frequency,dnntsp,recency_frequency_disagreement,5677,0.016628582268298837,0.2103128345422238
taobao,0,frequency,dnntsp,recent_basket_novelty,5677,-0.04098084085482543,0.0020126825859883572
taobao,0,frequency,dnntsp,popularity_profile,5677,0.012253991246143688,0.35594521455697525
taobao,0,frequency,dnntsp,neighbor_similarity,5677,-0.012125920517883216,0.3609951890759209
taobao,0,frequency,dnntsp,cooccurrence_support,3600,0.05469616534163187,0.0010267663845913595
taobao,0,frequency,dnntsp,transition_predictability,2626,0.004933104891412993,0.8005188034976899
taobao,0,racf,tifuknn,n_baskets,5677,0.023247921452226684,0.07986226213497837
taobao,0,racf,tifuknn,avg_basket_size,5677,0.0010372756479673725,0.9377188797550742
taobao,0,racf,tifuknn,repeat_rate,5677,0.03424897827534618,0.009859798527559
taobao,0,racf,tifuknn,adjacent_basket_jaccard,5677,0.015614047312840416,0.23948835840484325
taobao,0,racf,tifuknn,recency_frequency_disagreement,5677,-0.00504952001544947,0.7036640129438405
taobao,0,racf,tifuknn,recent_basket_novelty,5677,-0.017435498001567382,0.18901340976831613
taobao,0,racf,tifuknn,popularity_profile,5677,-0.017098126893008304,0.19771683103465845
taobao,0,racf,tifuknn,neighbor_similarity,5677,-0.0022052761134706586,0.8680608956420772
taobao,0,racf,tifuknn,cooccurrence_support,3600,-0.02250555990219608,0.17700455392898035
taobao,0,racf,tifuknn,transition_predictability,2626,-0.001906111269262411,0.9222250498697918
taobao,0,racf,triple2vec,n_baskets,5677,-0.003396822685177171,0.7980427754028677
taobao,0,racf,triple2vec,avg_basket_size,5677,0.024025145364250117,0.07028678075933993
taobao,0,racf,triple2vec,repeat_rate,5677,-0.014615576996063888,0.2708793978263788
taobao,0,racf,triple2vec,adjacent_basket_jaccard,5677,-0.0177467218205174,0.1812379764094545
taobao,0,racf,triple2vec,recency_frequency_disagreement,5677,0.003885986364094486,0.7697288049913705
taobao,0,racf,triple2vec,recent_basket_novelty,5677,0.013233112358608886,0.31882060716239835
taobao,0,racf,triple2vec,popularity_profile,5677,-0.010246358423939466,0.44019081384052117
taobao,0,racf,triple2vec,neighbor_similarity,5677,0.04234749392581438,0.0014156664095935155
taobao,0,racf,triple2vec,cooccurrence_support,3600,-0.015923625217429967,0.3395037323573735
taobao,0,racf,triple2vec,transition_predictability,2626,0.06492454410130553,0.0008717248308091844
taobao,0,racf,sets2sets,n_baskets,5677,0.03322903933680874,0.012286367819283894
taobao,0,racf,sets2sets,avg_basket_size,5677,0.005233907039735759,0.6933823482068449
taobao,0,racf,sets2sets,repeat_rate,5677,0.055441874298270154,2.920080614315516e-05
taobao,0,racf,sets2sets,adjacent_basket_jaccard,5677,0.04274286973083423,0.0012762760880814868
taobao,0,racf,sets2sets,recency_frequency_disagreement,5677,0.00017284359457741,0.9896116903866208
taobao,0,racf,sets2sets,recent_basket_novelty,5677,-0.036277196834198014,0.0062639483116345065
taobao,0,racf,sets2sets,popularity_profile,5677,0.009646197180403056,0.4674355085683706
taobao,0,racf,sets2sets,neighbor_similarity,5677,-0.007157748180442889,0.589752376206304
taobao,0,racf,sets2sets,cooccurrence_support,3600,0.03295414996996749,0.04803040725376186
taobao,0,racf,sets2sets,transition_predictability,2626,0.00926606826826151,0.6350583768995401
taobao,0,racf,dnntsp,n_baskets,5677,0.05113522435323846,0.0001159658357571318
taobao,0,racf,dnntsp,avg_basket_size,5677,0.0297245764124114,0.025115232798508247
taobao,0,racf,dnntsp,repeat_rate,5677,0.06766152109634528,3.3476798898705886e-07
taobao,0,racf,dnntsp,adjacent_basket_jaccard,5677,0.0525079396060615,7.554339794025084e-05
taobao,0,racf,dnntsp,recency_frequency_disagreement,5677,0.02702823743495047,0.04171125026250483
taobao,0,racf,dnntsp,recent_basket_novelty,5677,-0.04152586114929531,0.0017512617442080156
taobao,0,racf,dnntsp,popularity_profile,5677,0.007317921137979746,0.5814547066593805
taobao,0,racf,dnntsp,neighbor_similarity,5677,-0.002724731606061799,0.8373748973637343
taobao,0,racf,dnntsp,cooccurrence_support,3600,0.0722800195592915,1.418527411501045e-05
taobao,0,racf,dnntsp,transition_predictability,2626,0.023063254694007936,0.23742016741464014
taobao,0,tifuknn,triple2vec,n_baskets,5677,-0.0340246239121258,0.010353539088033364
taobao,0,tifuknn,triple2vec,avg_basket_size,5677,0.011542600569306859,0.384560191536901
taobao,0,tifuknn,triple2vec,repeat_rate,5677,-0.048498024285782954,0.0002567091272925225
taobao,0,tifuknn,triple2vec,adjacent_basket_jaccard,5677,-0.033836406326159425,0.010784594231815362
taobao,0,tifuknn,triple2vec,recency_frequency_disagreement,5677,-0.0017964502092105033,0.8923545993934552
taobao,0,tifuknn,triple2vec,recent_basket_novelty,5677,0.037374859720952586,0.004856438311140886
taobao,0,tifuknn,triple2vec,popularity_profile,5677,0.00957406856949314,0.4707715882378253
taobao,0,tifuknn,triple2vec,neighbor_similarity,5677,0.04308668102576117,0.0011654791048170431
taobao,0,tifuknn,triple2vec,cooccurrence_support,3600,0.0017049551450319378,0.9185488298924015
taobao,0,tifuknn,triple2vec,transition_predictability,2626,0.05834973852660321,0.0027785712224884457
taobao,0,tifuknn,sets2sets,n_baskets,5677,0.010539637673913319,0.4272156096150639
taobao,0,tifuknn,sets2sets,avg_basket_size,5677,-0.0010023601135011118,0.9398112630559581
taobao,0,tifuknn,sets2sets,repeat_rate,5677,0.027913736368985014,0.03545428789526014
taobao,0,tifuknn,sets2sets,adjacent_basket_jaccard,5677,0.028456779064952507,0.03202785763104702
taobao,0,tifuknn,sets2sets,recency_frequency_disagreement,5677,0.003065537834843298,0.817372841346488
taobao,0,tifuknn,sets2sets,recent_basket_novelty,5677,-0.022842415130852736,0.08526404488160658
taobao,0,tifuknn,sets2sets,popularity_profile,5677,0.02304326296708022,0.08255272320003167
taobao,0,tifuknn,sets2sets,neighbor_similarity,5677,-0.0020546675233093017,0.8769972950811056
taobao,0,tifuknn,sets2sets,cooccurrence_support,3600,0.04211318693660553,0.011503011675438869
taobao,0,tifuknn,sets2sets,transition_predictability,2626,0.00340384875223501,0.8615935302578929
taobao,0,tifuknn,dnntsp,n_baskets,5677,0.02629250110416138,0.04759827913422357
taobao,0,tifuknn,dnntsp,avg_basket_size,5677,0.018928573060875926,0.15386733879579376
taobao,0,tifuknn,dnntsp,repeat_rate,5677,0.028315747729317345,0.0328892587464109
taobao,0,tifuknn,dnntsp,adjacent_basket_jaccard,5677,0.02755830105361502,0.03786240348255622
taobao,0,tifuknn,dnntsp,recency_frequency_disagreement,5677,0.01994883844022079,0.13286970168982493
taobao,0,tifuknn,dnntsp,recent_basket_novelty,5677,-0.02056377901124008,0.12132922445073437
taobao,0,tifuknn,dnntsp,popularity_profile,5677,0.017587182421180715,0.18519363778987272
taobao,0,tifuknn,dnntsp,neighbor_similarity,5677,-0.005726639710837725,0.6661868788349776
taobao,0,tifuknn,dnntsp,cooccurrence_support,3600,0.07253536651399338,1.3224946083462346e-05
taobao,0,tifuknn,dnntsp,transition_predictability,2626,0.007319689784243073,0.7077196928193796
taobao,0,triple2vec,sets2sets,n_baskets,5677,0.03501615878418076,0.008326116582929371
taobao,0,triple2vec,sets2sets,avg_basket_size,5677,-0.009470203454181753,0.4755985340206309
taobao,0,triple2vec,sets2sets,repeat_rate,5677,0.06551653536448326,7.787383100163047e-07
taobao,0,triple2vec,sets2sets,adjacent_basket_jaccard,5677,0.054445026970607005,4.054553363605394e-05
taobao,0,triple2vec,sets2sets,recency_frequency_disagreement,5677,0.00336168419686802,0.8000874278947182
taobao,0,triple2vec,sets2sets,recent_basket_novelty,5677,-0.048010816359714346,0.0002960787963111335
taobao,0,triple2vec,sets2sets,popularity_profile,5677,0.014823454542062872,0.26412199020702193
taobao,0,triple2vec,sets2sets,neighbor_similarity,5677,-0.0377046950362509,0.004493316856423463
taobao,0,triple2vec,sets2sets,cooccurrence_support,3600,0.036796329439909604,0.02726096060082493
taobao,0,triple2vec,sets2sets,transition_predictability,2626,-0.037736344844711195,0.05316865951453937
taobao,0,triple2vec,dnntsp,n_baskets,5677,0.04832828352561291,0.000269831871159912
taobao,0,triple2vec,dnntsp,avg_basket_size,5677,0.008895067668434183,0.5028117184219371
taobao,0,triple2vec,dnntsp,repeat_rate,5677,0.06663463763588728,5.031059703304996e-07
taobao,0,triple2vec,dnntsp,adjacent_basket_jaccard,5677,0.053318087346755076,5.837826485594823e-05
taobao,0,triple2vec,dnntsp,recency_frequency_disagreement,5677,0.024099584606201367,0.06942132005220007
taobao,0,triple2vec,dnntsp,recent_basket_novelty,5677,-0.0486188720028175,0.0002477335632437076
taobao,0,triple2vec,dnntsp,popularity_profile,5677,0.007547383798971221,0.5696635577350926
taobao,0,triple2vec,dnntsp,neighbor_similarity,5677,-0.04316335809100455,0.0011420131166893137
taobao,0,triple2vec,dnntsp,cooccurrence_support,3600,0.07000660456340688,2.6212760321533508e-05
taobao,0,triple2vec,dnntsp,transition_predictability,2626,-0.02627814202742538,0.1782374194154406
taobao,0,sets2sets,dnntsp,n_baskets,5677,0.03209545823000585,0.015591043631268885
taobao,0,sets2sets,dnntsp,avg_basket_size,5677,0.05659077316526656,1.9868713162771425e-05
taobao,0,sets2sets,dnntsp,repeat_rate,5677,0.029133436351679445,0.028158820806096656
taobao,0,sets2sets,dnntsp,adjacent_basket_jaccard,5677,0.025797545837370685,0.051939611078243735
taobao,0,sets2sets,dnntsp,recency_frequency_disagreement,5677,0.049455445464213627,0.00019321681953627406
taobao,0,sets2sets,dnntsp,recent_basket_novelty,5677,-0.006435766799334809,0.6278134822394855
taobao,0,sets2sets,dnntsp,popularity_profile,5677,-0.012520939355347373,0.34556312653214405
taobao,0,sets2sets,dnntsp,neighbor_similarity,5677,-0.0028413154634040977,0.830520018901847
taobao,0,sets2sets,dnntsp,cooccurrence_support,3600,0.080558885756911,1.3002101462944941e-06
taobao,0,sets2sets,dnntsp,transition_predictability,2626,0.03099915765008698,0.11224970379572796
taobao,1,recency,frequency,n_baskets,5677,-0.02671270511494768,0.04415589678664295
taobao,1,recency,frequency,avg_basket_size,5677,0.02482709181500706,0.06141508618890932
taobao,1,recency,frequency,repeat_rate,5677,-0.0921550012226823,3.481458704235273e-12
taobao,1,recency,frequency,adjacent_basket_jaccard,5677,-0.07972197100718807,1.7991606242509359e-09
taobao,1,recency,frequency,recency_frequency_disagreement,5677,0.013384085228728432,0.3133303206872736
taobao,1,recency,frequency,recent_basket_novelty,5677,-0.008417292385607528,0.5260287552117222
taobao,1,recency,frequency,popularity_profile,5677,-0.04254899111569828,0.0013429639837032835
taobao,1,recency,frequency,neighbor_similarity,5677,-0.09108906648995482,6.156890038731959e-12
taobao,1,recency,frequency,cooccurrence_support,3607,0.026657792641849153,0.10943199719038839
taobao,1,recency,frequency,transition_predictability,2686,0.04328394725031173,0.024879511157270925
taobao,1,recency,racf,n_baskets,5677,-0.03427851780143082,0.009796377969481594
taobao,1,recency,racf,avg_basket_size,5677,0.016686673923477436,0.20872372598650804
taobao,1,recency,racf,repeat_rate,5677,-0.0819481929541005,6.269571523077524e-10
taobao,1,recency,racf,adjacent_basket_jaccard,5677,-0.07496398809333117,1.5589995069247737e-08
taobao,1,recency,racf,recency_frequency_disagreement,5677,0.011577539051307454,0.38312280090268624
taobao,1,recency,racf,recent_basket_novelty,5677,-0.011567162021554578,0.3835493743970836
taobao,1,recency,racf,popularity_profile,5677,-0.04432397954377485,0.0008361713181760195
taobao,1,recency,racf,neighbor_similarity,5677,-0.11792516920268165,4.907465642098243e-19
taobao,1,recency,racf,cooccurrence_support,3607,0.016994603841671656,0.30754494825930656
taobao,1,recency,racf,transition_predictability,2686,0.026113828749976205,0.17605799722302648
taobao,1,recency,tifuknn,n_baskets,5677,-0.027526392481872886,0.03808523630817167
taobao,1,recency,tifuknn,avg_basket_size,5677,0.028372447323910043,0.032540590205636336
taobao,1,recency,tifuknn,repeat_rate,5677,-0.09400005231176622,1.2779557643080212e-12
taobao,1,recency,tifuknn,adjacent_basket_jaccard,5677,-0.08579031116993194,9.515100610505283e-11
taobao,1,recency,tifuknn,recency_frequency_disagreement,5677,0.016102560951314827,0.22510194169034659
taobao,1,recency,tifuknn,recent_basket_novelty,5677,-0.023759604948498776,0.07344642923462857
taobao,1,recency,tifuknn,popularity_profile,5677,-0.052256642201422086,8.177199291936298e-05
taobao,1,recency,tifuknn,neighbor_similarity,5677,-0.13895756656969788,7.088984026526166e-26
taobao,1,recency,tifuknn,cooccurrence_support,3607,0.018919887049882626,0.2559548160692971
taobao,1,recency,tifuknn,transition_predictability,2686,0.02493024763971854,0.1964783309997913
taobao,1,recency,triple2vec,n_baskets,5677,-0.04673836010072117,0.00042718756860750926
taobao,1,recency,triple2vec,avg_basket_size,5677,0.007877894478035948,0.5528831762469417
taobao,1,recency,triple2vec,repeat_rate,5677,-0.10722067741904966,5.486186990389568e-16
taobao,1,recency,triple2vec,adjacent_basket_jaccard,5677,-0.0883492344863033,2.5873671904075797e-11
taobao,1,recency,triple2vec,recency_frequency_disagreement,5677,-0.006709313202428048,0.6132685071443695
taobao,1,recency,triple2vec,recent_basket_novelty,5677,-0.005947334456024332,0.6541442704024588
taobao,1,recency,triple2vec,popularity_profile,5677,-0.021587342281196898,0.10387556171154975
taobao,1,recency,triple2vec,neighbor_similarity,5677,-0.0557601540188298,2.626535412726902e-05
taobao,1,recency,triple2vec,cooccurrence_support,3607,0.02364446937132272,0.15567959393805478
taobao,1,recency,triple2vec,transition_predictability,2686,0.08998879880167417,2.995544895396917e-06
taobao,1,recency,sets2sets,n_baskets,5677,-0.006615922587866943,0.6182175547952496
taobao,1,recency,sets2sets,avg_basket_size,5677,0.010758821265525922,0.41766568491109124
taobao,1,recency,sets2sets,repeat_rate,5677,-0.028154557563975623,0.03389799812659659
taobao,1,recency,sets2sets,adjacent_basket_jaccard,5677,-0.03356792746679502,0.011427059370716485
taobao,1,recency,sets2sets,recency_frequency_disagreement,5677,0.01650652239019158,0.2136802845512587
taobao,1,recency,sets2sets,recent_basket_novelty,5677,-0.03362051004752039,0.01129861896220608
taobao,1,recency,sets2sets,popularity_profile,5677,-0.03211658918255777,0.015522911157871928
taobao,1,recency,sets2sets,neighbor_similarity,5677,-0.09560620525760377,5.256954331314788e-13
taobao,1,recency,sets2sets,cooccurrence_support,3607,0.030859043945622285,0.06386217897902652
taobao,1,recency,sets2sets,transition_predictability,2686,0.027001682869240377,0.1618099808964549
taobao,1,recency,dnntsp,n_baskets,5677,0.009037827242269368,0.49598102796359667
taobao,1,recency,dnntsp,avg_basket_size,5677,0.026332304637923673,0.04726281181387276
taobao,1,recency,dnntsp,repeat_rate,5677,-0.012509703095462822,0.3459961961497442
taobao,1,recency,dnntsp,adjacent_basket_jaccard,5677,-0.01669102005620728,0.20860518738109193
taobao,1,recency,dnntsp,recency_frequency_disagreement,5677,0.029528639445225525,0.0260908941328479
taobao,1,recency,dnntsp,recent_basket_novelty,5677,-0.04558401177662978,0.0005912508918136454
taobao,1,recency,dnntsp,popularity_profile,5677,-0.029530749333169515,0.026080216008195944
taobao,1,recency,dnntsp,neighbor_similarity,5677,-0.09388219969384191,1.3632329386395008e-12
taobao,1,recency,dnntsp,cooccurrence_support,3607,0.05645707619560965,0.000693219790397981
taobao,1,recency,dnntsp,transition_predictability,2686,0.042142593524078766,0.02895766459900553
taobao,1,frequency,racf,n_baskets,5677,-0.022045756941038434,0.09673498361626091
taobao,1,frequency,racf,avg_basket_size,5677,-0.007371910235978166,0.5786701828583471
taobao,1,frequency,racf,repeat_rate,5677,0.016541481878217492,0.21271185439927007
taobao,1,frequency,racf,adjacent_basket_jaccard,5677,0.006700291848946726,0.6137458122501604
taobao,1,frequency,racf,recency_frequency_disagreement,5677,0.0027153627156965353,0.8379263113117272
taobao,1,frequency,racf,recent_basket_novelty,5677,-0.012218131215242003,0.3573547068411933
taobao,1,frequency,racf,popularity_profile,5677,-0.008635765400918767,0.5153447021822228
taobao,1,frequency,racf,neighbor_similarity,5677,-0.05749033764498669,1.4623099883842713e-05
taobao,1,frequency,racf,cooccurrence_support,3607,-0.011626181216255261,0.48515823813784964
taobao,1,frequency,racf,transition_predictability,2686,-0.0215657480210683,0.2638704319602808
taobao,1,frequency,tifuknn,n_baskets,5677,0.0030660087556962996,0.8173452817174987
taobao,1,frequency,tifuknn,avg_basket_size,5677,-0.013737919638331916,0.3007079588096484
taobao,1,frequency,tifuknn,repeat_rate,5677,0.017751657547380697,0.18111660643794977
taobao,1,frequency,tifuknn,adjacent_basket_jaccard,5677,0.01262621751474721,0.34152227119338097
taobao,1,frequency,tifuknn,recency_frequency_disagreement,5677,-0.013174272419964267,0.32097733389724137
taobao,1,frequency,tifuknn,recent_basket_novelty,5677,-0.005846877924225872,0.6596149452979092
taobao,1,frequency,tifuknn,popularity_profile,5677,0.004216764069244445,0.7507525649949094
taobao,1,frequency,tifuknn,neighbor_similarity,5677,-0.022214837094563438,0.0942025243957011
taobao,1,frequency,tifuknn,cooccurrence_support,3607,-0.014069572295856553,0.3982540137598283
taobao,1,frequency,tifuknn,transition_predictability,2686,-0.028572662336870377,0.13875643116020117
taobao,1,frequency,triple2vec,n_baskets,5677,-0.03838024264264587,0.0038252814692258954
taobao,1,frequency,triple2vec,avg_basket_size,5677,-0.035372619778639376,0.007689040322332889
taobao,1,frequency,triple2vec,repeat_rate,5677,-0.0363853799308974,0.006110498466860022
taobao,1,frequency,triple2vec,adjacent_basket_jaccard,5677,-0.022865752774515948,0.08494535181152428
taobao,1,frequency,triple2vec,recency_frequency_disagreement,5677,-0.047135482098124695,0.00038136224886683225
taobao,1,frequency,triple2vec,recent_basket_novelty,5677,0.011419955690897236,0.3896319266543541
taobao,1,frequency,triple2vec,popularity_profile,5677,0.03584658684942563,0.006909693460741204
taobao,1,frequency,triple2vec,neighbor_similarity,5677,0.05042154761921038,0.000144325067339863
taobao,1,frequency,triple2vec,cooccurrence_support,3607,-0.00949133198157828,0.5687804098374581
taobao,1,frequency,triple2vec,transition_predictability,2686,0.06023706459690239,0.0017885515237563276
taobao,1,frequency,sets2sets,n_baskets,5677,0.018389321613529186,0.16593891848293835
taobao,1,frequency,sets2sets,avg_basket_size,5677,-0.005058110843677955,0.7031837544272292
taobao,1,frequency,sets2sets,repeat_rate,5677,0.05373356345392293,5.1078424505028725e-05
taobao,1,frequency,sets2sets,adjacent_basket_jaccard,5677,0.04077831091650238,0.002118624896973284
taobao,1,frequency,sets2sets,recency_frequency_disagreement,5677,0.006745721791845351,0.611343854955751
taobao,1,frequency,sets2sets,recent_basket_novelty,5677,-0.029506759160326648,0.026201853004926355
taobao,1,frequency,sets2sets,popularity_profile,5677,0.002615788095180852,0.843791725338417
taobao,1,frequency,sets2sets,neighbor_similarity,5677,-0.02745557558019589,0.038583770339732
taobao,1,frequency,sets2sets,cooccurrence_support,3607,0.026449571185675626,0.11223125039376619
taobao,1,frequency,sets2sets,transition_predictability,2686,-2.6216764939795375e-05,0.9989163979154465
taobao,1,frequency,dnntsp,n_baskets,5677,0.028968283214657057,0.029063964090764696
taobao,1,frequency,dnntsp,avg_basket_size,5677,0.00646507441496395,0.6262480747834587
taobao,1,frequency,dnntsp,repeat_rate,5677,0.06324124801321697,1.8542663855109886e-06
taobao,1,frequency,dnntsp,adjacent_basket_jaccard,5677,0.0457465121986666,0.0005650537370958513
taobao,1,frequency,dnntsp,recency_frequency_disagreement,5677,0.01624797590569223,0.2209412594361003
taobao,1,frequency,dnntsp,recent_basket_novelty,5677,-0.0430211650819599,0.0011858814721188967
taobao,1,frequency,dnntsp,popularity_profile,5677,0.0009438675036240197,0.9433174735584783
taobao,1,frequency,dnntsp,neighbor_similarity,5677,-0.023545796336488678,0.07607411189569738
taobao,1,frequency,dnntsp,cooccurrence_support,3607,0.03152209774371231,0.058360799680625415
taobao,1,frequency,dnntsp,transition_predictability,2686,0.011103369431945728,0.5651559507953439
taobao,1,racf,tifuknn,n_baskets,5677,0.012793128077710249,0.33517803608345853
taobao,1,racf,tifuknn,avg_basket_size,5677,-0.005580220886925,0.6742244718051928
taobao,1,racf,tifuknn,repeat_rate,5677,0.008446580278408139,0.5245899386256838
taobao,1,racf,tifuknn,adjacent_basket_jaccard,5677,0.008800371423560008,0.5073699713463946
taobao,1,racf,tifuknn,recency_frequency_disagreement,5677,-0.016417906092116033,0.2161493274579661
taobao,1,racf,tifuknn,recent_basket_novelty,5677,0.0005117946297235027,0.9692466776107627
taobao,1,racf,tifuknn,popularity_profile,5677,0.013398279216383131,0.3128173603506196
taobao,1,racf,tifuknn,neighbor_similarity,5677,0.015183644595354104,0.2526904515748829
taobao,1,racf,tifuknn,cooccurrence_support,3607,-0.008851057685888182,0.5951376842681391
taobao,1,racf,tifuknn,transition_predictability,2686,-0.011393736623165316,0.5550275376987954
taobao,1,racf,triple2vec,n_baskets,5677,-0.019930006944742205,0.1332360728177154
taobao,1,racf,triple2vec,avg_basket_size,5677,-0.023946375640436952,0.07121220669401168
taobao,1,racf,triple2vec,repeat_rate,5677,-0.04126281559967296,0.0018732666264569728
taobao,1,racf,triple2vec,adjacent_basket_jaccard,5677,-0.022561435347700717,0.0891774036492451
taobao,1,racf,triple2vec,recency_frequency_disagreement,5677,-0.04176960374739601,0.0016447731058993327
taobao,1,racf,triple2vec,recent_basket_novelty,5677,0.017831740106831372,0.17915579028398876
taobao,1,racf,triple2vec,popularity_profile,5677,0.03901657310641327,0.0032799015004796274
taobao,1,racf,triple2vec,neighbor_similarity,5677,0.08355660291508793,2.876611268131517e-10
taobao,1,racf,triple2vec,cooccurrence_support,3607,0.0025498564933396856,0.878329486998481
taobao,1,racf,triple2vec,transition_predictability,2686,0.07449395558877628,0.00011138819594171885
taobao,1,racf,sets2sets,n_baskets,5677,0.03275109194205429,0.013595458427293698
taobao,1,racf,sets2sets,avg_basket_size,5677,-0.004332495175202194,0.7441480167141202
taobao,1,racf,sets2sets,repeat_rate,5677,0.04874759094436005,0.00023849753601036037
taobao,1,racf,sets2sets,adjacent_basket_jaccard,5677,0.03827805811534049,0.003920164257495665
taobao,1,racf,sets2sets,recency_frequency_disagreement,5677,0.006315532226342785,0.634253048902274
taobao,1,racf,sets2sets,recent_basket_novelty,5677,-0.022737482235663194,0.08670894367223135
taobao,1,racf,sets2sets,popularity_profile,5677,0.0031941367938337593,0.8098553603554152
taobao,1,racf,sets2sets,neighbor_similarity,5677,0.0009901856024163657,0.940540943430346
taobao,1,racf,sets2sets,cooccurrence_support,3607,0.02981592936081068,0.07337813553489941
taobao,1,racf,sets2sets,transition_predictability,2686,0.009993760820366467,0.6046572547217597
taobao,1,racf,dnntsp,n_baskets,5677,0.043878623256636703,0.0009432188778597544
taobao,1,racf,dnntsp,avg_basket_size,5677,0.011602777067220241,0.38208654307241086
taobao,1,racf,dnntsp,repeat_rate,5677,0.062387845679183075,2.5484571987769018e-06
taobao,1,racf,dnntsp,adjacent_basket_jaccard,5677,0.04894872996983859,0.00022470934687479315
taobao,1,racf,dnntsp,recency_frequency_disagreement,5677,0.020432987921661358,0.12371572370565945
taobao,1,racf,dnntsp,recent_basket_novelty,5677,-0.041872811891871836,0.0016015044847342047
taobao,1,racf,dnntsp,popularity_profile,5677,0.0032756128367939005,0.8051015460017431
taobao,1,racf,dnntsp,neighbor_similarity,5677,0.00797052058028559,0.5482243022221049
taobao,1,racf,dnntsp,cooccurrence_support,3607,0.043568112597617926,0.008871604913327183
taobao,1,racf,dnntsp,transition_predictability,2686,0.02860725707225875,0.13827882505035805
taobao,1,tifuknn,triple2vec,n_baskets,5677,-0.031131024549125804,0.018994134574479533
taobao,1,tifuknn,triple2vec,avg_basket_size,5677,-0.020331060821939688,0.12560082232806916
taobao,1,tifuknn,triple2vec,repeat_rate,5677,-0.04249466756786616,0.0013622177558661565
taobao,1,tifuknn,triple2vec,adjacent_basket_jaccard,5677,-0.02973964409289469,0.02504152862237811
taobao,1,tifuknn,triple2vec,recency_frequency_disagreement,5677,-0.022787468427877707,0.08601820051903782
taobao,1,tifuknn,triple2vec,recent_basket_novelty,5677,0.012972693598223763,0.3284380982781807
taobao,1,tifuknn,triple2vec,popularity_profile,5677,0.025991798065048262,0.0501978495286678
taobao,1,tifuknn,triple2vec,neighbor_similarity,5677,0.06848723265234571,2.4023470614552667e-07
taobao,1,tifuknn,triple2vec,cooccurrence_support,3607,0.0025042925203571775,0.880487170024377
taobao,1,tifuknn,triple2vec,transition_predictability,2686,0.08138247049740092,2.4126228399529432e-05
taobao,1,tifuknn,sets2sets,n_baskets,5677,0.014978424691935811,0.25916065199939686
taobao,1,tifuknn,sets2sets,avg_basket_size,5677,-0.004477706473397569,0.7358876817364002
taobao,1,tifuknn,sets2sets,repeat_rate,5677,0.04605159857704947,0.0005187653870786573
taobao,1,tifuknn,sets2sets,adjacent_basket_jaccard,5677,0.03494443246396691,0.008459872432518566
taobao,1,tifuknn,sets2sets,recency_frequency_disagreement,5677,0.012749737340179597,0.3368199628114066
taobao,1,tifuknn,sets2sets,recent_basket_novelty,5677,-0.028048593955002393,0.03457543583250617
taobao,1,tifuknn,sets2sets,popularity_profile,5677,-0.0016418902156708668,0.9015666787282703
taobao,1,tifuknn,sets2sets,neighbor_similarity,5677,-0.008025840427073152,0.5454511233333531
taobao,1,tifuknn,sets2sets,cooccurrence_support,3607,0.027195770591550105,0.10245473861296261
taobao,1,tifuknn,sets2sets,transition_predictability,2686,0.015360901543156023,0.4261598000054875
taobao,1,tifuknn,dnntsp,n_baskets,5677,0.028389443087108602,0.032436695004431484
taobao,1,tifuknn,dnntsp,avg_basket_size,5677,0.00834412860585818,0.529631837520876
taobao,1,tifuknn,dnntsp,repeat_rate,5677,0.053248264730107644,5.96980927434144e-05
taobao,1,tifuknn,dnntsp,adjacent_basket_jaccard,5677,0.040997694791744956,0.0020040891914044345
taobao,1,tifuknn,dnntsp,recency_frequency_disagreement,5677,0.022676544596337403,0.08755707006735099
taobao,1,tifuknn,dnntsp,recent_basket_novelty,5677,-0.038067718494917954,0.004122231759553747
taobao,1,tifuknn,dnntsp,popularity_profile,5677,-0.001227328199917239,0.9263375111745518
taobao,1,tifuknn,dnntsp,neighbor_similarity,5677,-0.005553664647187855,0.6756862884280381
taobao,1,tifuknn,dnntsp,cooccurrence_support,3607,0.0463491123291849,0.005366315372667095
taobao,1,tifuknn,dnntsp,transition_predictability,2686,0.023061565203734993,0.23216289311397786
taobao,1,triple2vec,sets2sets,n_baskets,5677,0.03756881054907098,0.004639826518912961
taobao,1,triple2vec,sets2sets,avg_basket_size,5677,0.0037515734499548835,0.7774801751477807
taobao,1,triple2vec,sets2sets,repeat_rate,5677,0.07716638388838155,5.8297549235637605e-09
taobao,1,triple2vec,sets2sets,adjacent_basket_jaccard,5677,0.05444504583000767,4.0545283943960445e-05
taobao,1,triple2vec,sets2sets,recency_frequency_disagreement,5677,0.026362883195216513,0.047006445512305574
taobao,1,triple2vec,sets2sets,recent_basket_novelty,5677,-0.03897028772821792,0.003317044013494595
taobao,1,triple2vec,sets2sets,popularity_profile,5677,-0.017662497652462184,0.18331836782915076
taobao,1,triple2vec,sets2sets,neighbor_similarity,5677,-0.05880218696370317,9.277469055176847e-06
taobao,1,triple2vec,sets2sets,cooccurrence_support,3607,0.015144002630447722,0.3632128877414026
taobao,1,triple2vec,sets2sets,transition_predictability,2686,-0.05035588865418742,0.009048469971690854
taobao,1,triple2vec,dnntsp,n_baskets,5677,0.04648469252477624,0.000459096736678746
taobao,1,triple2vec,dnntsp,avg_basket_size,5677,0.01744533575338633,0.18876392432467706
taobao,1,triple2vec,dnntsp,repeat_rate,5677,0.08119971170859662,8.96446883306608e-10
taobao,1,triple2vec,dnntsp,adjacent_basket_jaccard,5677,0.0584141603821198,1.062449175564523e-05
taobao,1,triple2vec,dnntsp,recency_frequency_disagreement,5677,0.03734065059141875,0.004895579775633451
taobao,1,triple2vec,dnntsp,recent_basket_novelty,5677,-0.04886615212928227,0.00023027703777444073
taobao,1,triple2vec,dnntsp,popularity_profile,5677,-0.015934654015943274,0.2299754194494768
taobao,1,triple2vec,dnntsp,neighbor_similarity,5677,-0.055531468375051095,2.8344396043664567e-05
taobao,1,triple2vec,dnntsp,cooccurrence_support,3607,0.03542481946433996,0.03337981391964851
taobao,1,triple2vec,dnntsp,transition_predictability,2686,-0.03296548986760633,0.0876067778242525
taobao,1,sets2sets,dnntsp,n_baskets,5677,0.014388558638373884,0.2783932517112323
taobao,1,sets2sets,dnntsp,avg_basket_size,5677,0.03586442379878428,0.0068818011617903735
taobao,1,sets2sets,dnntsp,repeat_rate,5677,0.04272134070063456,0.0012835275562623674
taobao,1,sets2sets,dnntsp,adjacent_basket_jaccard,5677,0.041014864811018265,0.001995369262647086
taobao,1,sets2sets,dnntsp,recency_frequency_disagreement,5677,0.013370056908117758,0.31383783751483435
taobao,1,sets2sets,dnntsp,recent_basket_novelty,5677,-0.05090088368290346,0.00012464085112665906
taobao,1,sets2sets,dnntsp,popularity_profile,5677,-0.0003611163664294221,0.9782981134213529
taobao,1,sets2sets,dnntsp,neighbor_similarity,5677,-0.004972435350725622,0.707978594190003
taobao,1,sets2sets,dnntsp,cooccurrence_support,3607,0.045660088042502565,0.0060927521642346405
taobao,1,sets2sets,dnntsp,transition_predictability,2686,0.031284085415532494,0.10501959291588685
taobao,2,recency,frequency,n_baskets,5677,-0.020891199218726477,0.11551272216963403
taobao,2,recency,frequency,avg_basket_size,5677,0.029449537863179682,0.02649396189085429
taobao,2,recency,frequency,repeat_rate,5677,-0.06319427531903161,1.8872057081368937e-06
taobao,2,recency,frequency,adjacent_basket_jaccard,5677,-0.051114913633256834,0.00011669457111176934
taobao,2,recency,frequency,recency_frequency_disagreement,5677,0.029100056387723724,0.02833978017180797
taobao,2,recency,frequency,recent_basket_novelty,5677,-0.017630394791045643,0.18411596808780292
taobao,2,recency,frequency,popularity_profile,5677,-0.03266130891656784,0.013854675989311718
taobao,2,recency,frequency,neighbor_similarity,5677,-0.08751384170930726,3.974383476615393e-11
taobao,2,recency,frequency,cooccurrence_support,3622,0.008627581916217807,0.6037156475509253
taobao,2,recency,frequency,transition_predictability,2667,0.05087201730385554,0.008597600107264809
taobao,2,recency,racf,n_baskets,5677,-0.026657659794924404,0.04459452331544607
taobao,2,recency,racf,avg_basket_size,5677,0.02180453771906292,0.10044184114599336
taobao,2,recency,racf,repeat_rate,5677,-0.05668935014062261,1.9216535803195584e-05
taobao,2,recency,racf,adjacent_basket_jaccard,5677,-0.04541596967708003,0.0006195269486900272
taobao,2,recency,racf,recency_frequency_disagreement,5677,0.030793320903723595,0.020330666877817958
taobao,2,recency,racf,recent_basket_novelty,5677,-0.031674608829262235,0.017003863207850092
taobao,2,recency,racf,popularity_profile,5677,-0.030829371322860944,0.020184182594395902
taobao,2,recency,racf,neighbor_similarity,5677,-0.10715037548044205,5.7323796744792975e-16
taobao,2,recency,racf,cooccurrence_support,3622,0.01073862355028952,0.5182283805428136
taobao,2,recency,racf,transition_predictability,2667,0.04316700523471828,0.02579608435651393
taobao,2,recency,tifuknn,n_baskets,5677,-0.022714335482529553,0.08703031440554695
taobao,2,recency,tifuknn,avg_basket_size,5677,0.022463421864084298,0.0905760462069126
taobao,2,recency,tifuknn,repeat_rate,5677,-0.08494299480798309,1.4525065738161393e-10
taobao,2,recency,tifuknn,adjacent_basket_jaccard,5677,-0.06999993606052299,1.2952178010704652e-07
taobao,2,recency,tifuknn,recency_frequency_disagreement,5677,0.033987725784296895,0.01043681479702129
taobao,2,recency,tifuknn,recent_basket_novelty,5677,-0.022464053720099714,0.09056697351276505
taobao,2,recency,tifuknn,popularity_profile,5677,-0.044976073200597655,0.000699614021554677
taobao,2,recency,tifuknn,neighbor_similarity,5677,-0.12776456257880375,4.286170244880225e-22
taobao,2,recency,tifuknn,cooccurrence_support,3622,0.006152648827084082,0.7112626155077427
taobao,2,recency,tifuknn,transition_predictability,2667,0.03519880903687314,0.06914314441337303
taobao,2,recency,triple2vec,n_baskets,5677,-0.04644481499510891,0.000464310733191948
taobao,2,recency,triple2vec,avg_basket_size,5677,0.0038272459299462883,0.7731134899894799
taobao,2,recency,triple2vec,repeat_rate,5677,-0.09741284842226407,1.9015974592662198e-13
taobao,2,recency,triple2vec,adjacent_basket_jaccard,5677,-0.07277181573266413,4.0392536887919586e-08
taobao,2,recency,triple2vec,recency_frequency_disagreement,5677,0.010091281394871697,0.44714204424794946
taobao,2,recency,triple2vec,recent_basket_novelty,5677,-0.008243180873705954,0.5346237001350773
taobao,2,recency,triple2vec,popularity_profile,5677,-0.015058228187434429,0.2566310932965858
taobao,2,recency,triple2vec,neighbor_similarity,5677,-0.052835936054310674,6.808660793921431e-05
taobao,2,recency,triple2vec,cooccurrence_support,3622,-0.006135184618131671,0.7120456062575257
taobao,2,recency,triple2vec,transition_predictability,2667,0.08929034065420756,3.8692133670548725e-06
taobao,2,recency,sets2sets,n_baskets,5677,-0.0049331113804685816,0.7101832603340295
taobao,2,recency,sets2sets,avg_basket_size,5677,0.015000764236332537,0.2584508138476465
taobao,2,recency,sets2sets,repeat_rate,5677,-0.010054320232413688,0.44880796866222106
taobao,2,recency,sets2sets,adjacent_basket_jaccard,5677,-0.0007443774692249891,0.9552833147325962
taobao,2,recency,sets2sets,recency_frequency_disagreement,5677,0.026586829803866174,0.04516433090548462
taobao,2,recency,sets2sets,recent_basket_novelty,5677,-0.06231695152972817,2.616201958802187e-06
taobao,2,recency,sets2sets,popularity_profile,5677,-0.021312399032652234,0.1083552363103076
taobao,2,recency,sets2sets,neighbor_similarity,5677,-0.08671347453495351,5.973758259852013e-11
taobao,2,recency,sets2sets,cooccurrence_support,3622,0.004811362062973706,0.7722261790309131
taobao,2,recency,sets2sets,transition_predictability,2667,0.05105821936468346,0.008357284123017972
taobao,2,recency,dnntsp,n_baskets,5677,0.010011888649681368,0.45072479241183494
taobao,2,recency,dnntsp,avg_basket_size,5677,0.02743761160547263,0.03871111043969036
taobao,2,recency,dnntsp,repeat_rate,5677,-0.00016320827619245094,0.9901907658236548
taobao,2,recency,dnntsp,adjacent_basket_jaccard,5677,-0.0005866795620946225,0.9647496441380394
taobao,2,recency,dnntsp,recency_frequency_disagreement,5677,0.038727599756098824,0.00351813659475015
taobao,2,recency,dnntsp,recent_basket_novelty,5677,-0.06402425935738279,1.3801175497976704e-06
taobao,2,recency,dnntsp,popularity_profile,5677,-0.02422399821884051,0.0679943800640598
taobao,2,recency,dnntsp,neighbor_similarity,5677,-0.0883724246675222,2.5565761207349268e-11
taobao,2,recency,dnntsp,cooccurrence_support,3622,0.026119534388913384,0.11602504165789791
taobao,2,recency,dnntsp,transition_predictability,2667,0.056216434082849744,0.003682854804307493
taobao,2,frequency,racf,n_baskets,5677,-0.03001375228526798,0.023733032685671673
taobao,2,frequency,racf,avg_basket_size,5677,-0.026344116664928457,0.04716364244326189
taobao,2,frequency,racf,repeat_rate,5677,0.006039095095009888,0.6491633281357814
taobao,2,frequency,racf,adjacent_basket_jaccard,5677,0.009308119202202201,0.483185022964551
taobao,2,frequency,racf,recency_frequency_disagreement,5677,-0.00951571296082922,0.47348022749303165
taobao,2,frequency,racf,recent_basket_novelty,5677,-0.025014301208396015,0.059483308724613465
taobao,2,frequency,racf,popularity_profile,5677,0.003990454543259303,0.763720100674174
taobao,2,frequency,racf,neighbor_similarity,5677,-0.038442113122700045,0.003768850834533398
taobao,2,frequency,racf,cooccurrence_support,3622,-0.0034281675554272543,0.8365979878408161
taobao,2,frequency,racf,transition_predictability,2667,-0.01662002341426703,0.39091187630584445
taobao,2,frequency,tifuknn,n_baskets,5677,-0.007041210871281495,0.5958236037205118
taobao,2,frequency,tifuknn,avg_basket_size,5677,-0.011348591476297926,0.39260168166649556
taobao,2,frequency,tifuknn,repeat_rate,5677,-0.01119839772720783,0.39889651006615656
taobao,2,frequency,tifuknn,adjacent_basket_jaccard,5677,-0.01033863177085674,0.4360842980435433
taobao,2,frequency,tifuknn,recency_frequency_disagreement,5677,-0.0076673031993226394,0.563547106591626
taobao,2,frequency,tifuknn,recent_basket_novelty,5677,0.004430148805087577,0.7385896898997173
taobao,2,frequency,tifuknn,popularity_profile,5677,-0.0042386791122753014,0.7495004971907177
taobao,2,frequency,tifuknn,neighbor_similarity,5677,-0.014160339624224107,0.28608852336330787
taobao,2,frequency,tifuknn,cooccurrence_support,3622,-0.009692258542692924,0.5598111237433026
taobao,2,frequency,tifuknn,transition_predictability,2667,-0.027795006353779076,0.15128083411206353
taobao,2,frequency,triple2vec,n_baskets,5677,-0.04016569584506176,0.0024709674108452924
taobao,2,frequency,triple2vec,avg_basket_size,5677,-0.042232907021894146,0.0014586117396379638
taobao,2,frequency,triple2vec,repeat_rate,5677,-0.04990414303570163,0.0001688388387542997
taobao,2,frequency,triple2vec,adjacent_basket_jaccard,5677,-0.03530277651896516,0.007810312456324459
taobao,2,frequency,triple2vec,recency_frequency_disagreement,5677,-0.03243842343159189,0.014517127459940776
taobao,2,frequency,triple2vec,recent_basket_novelty,5677,0.015504931503205026,0.24278841554735722
taobao,2,frequency,triple2vec,popularity_profile,5677,0.023542179302658162,0.07611921580890604
taobao,2,frequency,triple2vec,neighbor_similarity,5677,0.0497131575888755,0.00017883865657085187
taobao,2,frequency,triple2vec,cooccurrence_support,3622,-0.016394242199508295,0.32394604402194815
taobao,2,frequency,triple2vec,transition_predictability,2667,0.055247107005892956,0.004317676073176061
taobao,2,frequency,sets2sets,n_baskets,5677,0.00893994315448258,0.5006591950679853
taobao,2,frequency,sets2sets,avg_basket_size,5677,-0.0047258976658533,0.7218402329329543
taobao,2,frequency,sets2sets,repeat_rate,5677,0.04651311180229878,0.0004554142983392845
taobao,2,frequency,sets2sets,adjacent_basket_jaccard,5677,0.04592882372987194,0.0005369510862914133
taobao,2,frequency,sets2sets,recency_frequency_disagreement,5677,0.0017396912471761203,0.8957359253616264
taobao,2,frequency,sets2sets,recent_basket_novelty,5677,-0.05874350529579316,9.470151054563954e-06
taobao,2,frequency,sets2sets,popularity_profile,5677,0.005635879489954784,0.6711646755789293
taobao,2,frequency,sets2sets,neighbor_similarity,5677,-0.02823891389326537,0.03336683975793944
taobao,2,frequency,sets2sets,cooccurrence_support,3622,0.00889357094502312,0.5926027719441839
taobao,2,frequency,sets2sets,transition_predictability,2667,0.012975078011310792,0.5029941617348694
taobao,2,frequency,dnntsp,n_baskets,5677,0.02620898339571445,0.04830868106361438
taobao,2,frequency,dnntsp,avg_basket_size,5677,0.008150089197074896,0.5392480213037271
taobao,2,frequency,dnntsp,repeat_rate,5677,0.06014497418619356,5.7662769885908564e-06
taobao,2,frequency,dnntsp,adjacent_basket_jaccard,5677,0.047090674519792874,0.00038629278418286366
taobao,2,frequency,dnntsp,recency_frequency_disagreement,5677,0.01674065771728006,0.20725480349811873
taobao,2,frequency,dnntsp,recent_basket_novelty,5677,-0.05915134394015899,8.206179655337889e-06
taobao,2,frequency,dnntsp,popularity_profile,5677,0.004112429645647946,0.7567224338684105
taobao,2,frequency,dnntsp,neighbor_similarity,5677,-0.025139872180413345,0.05821602013549835
taobao,2,frequency,dnntsp,cooccurrence_support,3622,0.03418858640082025,0.03964153971619605
taobao,2,frequency,dnntsp,transition_predictability,2667,0.012843617631031127,0.5073309282613101
taobao,2,racf,tifuknn,n_baskets,5677,0.015429233307648942,0.2450965005035805
taobao,2,racf,tifuknn,avg_basket_size,5677,0.0021367337870515767,0.872125853653539
taobao,2,racf,tifuknn,repeat_rate,5677,-0.009984709140761713,0.4519550429320063
taobao,2,racf,tifuknn,adjacent_basket_jaccard,5677,-0.012382371422078263,0.35092796771955237
taobao,2,racf,tifuknn,recency_frequency_disagreement,5677,-0.0025905193312946552,0.845281566848944
taobao,2,racf,tifuknn,recent_basket_novelty,5677,0.018487527721501636,0.16368901282341417
taobao,2,racf,tifuknn,popularity_profile,5677,-0.0014416696635451024,0.913519768430597
taobao,2,racf,tifuknn,neighbor_similarity,5677,0.018719771568019638,0.15845984680207958
taobao,2,racf,tifuknn,cooccurrence_support,3622,-0.005001283616125234,0.7634979863420657
taobao,2,racf,tifuknn,transition_predictability,2667,-0.01366206741973535,0.480653191966135
taobao,2,racf,triple2vec,n_baskets,5677,-0.022632865303810985,0.08816910285970889
taobao,2,racf,triple2vec,avg_basket_size,5677,-0.02684051707815544,0.043151455487025286
taobao,2,racf,triple2vec,repeat_rate,5677,-0.047241534786689215,0.0003699257447942141
taobao,2,racf,triple2vec,adjacent_basket_jaccard,5677,-0.03652487553942014,0.0059176331121751575
taobao,2,racf,triple2vec,recency_frequency_disagreement,5677,-0.031146422166913178,0.018935070141302884
taobao,2,racf,triple2vec,recent_basket_novelty,5677,0.02599681143459982,0.050153553106842344
taobao,2,racf,triple2vec,popularity_profile,5677,0.02525066070975839,0.057116617515252516
taobao,2,racf,triple2vec,neighbor_similarity,5677,0.07126850845709365,7.639537493800358e-08
taobao,2,racf,triple2vec,cooccurrence_support,3622,-0.0077921063612319385,0.6392140243468556
taobao,2,racf,triple2vec,transition_predictability,2667,0.06580284299499788,0.0006729985602312383
taobao,2,racf,sets2sets,n_baskets,5677,0.018246925196361497,0.16924242262884917
taobao,2,racf,sets2sets,avg_basket_size,5677,0.0008755627420230856,0.9474132372065682
taobao,2,racf,sets2sets,repeat_rate,5677,0.051617743920874565,9.986438950401333e-05
taobao,2,racf,sets2sets,adjacent_basket_jaccard,5677,0.053296947992178274,5.877490866441574e-05
taobao,2,racf,sets2sets,recency_frequency_disagreement,5677,-3.1715845274806025e-05,0.9980937505124428
taobao,2,racf,sets2sets,recent_basket_novelty,5677,-0.059189957212359666,8.095243742375214e-06
taobao,2,racf,sets2sets,popularity_profile,5677,0.011215811265670016,0.39816358681561803
taobao,2,racf,sets2sets,neighbor_similarity,5677,-0.0028732717681048663,0.8286432833520787
taobao,2,racf,sets2sets,cooccurrence_support,3622,0.018184539942743615,0.2739050447272773
taobao,2,racf,sets2sets,transition_predictability,2667,0.028681956371977995,0.1386511667963469
taobao,2,racf,dnntsp,n_baskets,5677,0.037031910477334444,0.0052619521117827925
taobao,2,racf,dnntsp,avg_basket_size,5677,0.01578834063721268,0.23428292321221
taobao,2,racf,dnntsp,repeat_rate,5677,0.06413683008440184,1.3223783724589095e-06
taobao,2,racf,dnntsp,adjacent_basket_jaccard,5677,0.054338472449728635,4.197980998218191e-05
taobao,2,racf,dnntsp,recency_frequency_disagreement,5677,0.018988864852951565,0.1525602477902199
taobao,2,racf,dnntsp,recent_basket_novelty,5677,-0.056919574402326534,1.7771862261888372e-05
taobao,2,racf,dnntsp,popularity_profile,5677,0.007125825941717796,0.5914125881175595
taobao,2,racf,dnntsp,neighbor_similarity,5677,-0.002326570847764336,0.8608760181020525
taobao,2,racf,dnntsp,cooccurrence_support,3622,0.04415616384374955,0.007864512458839243
taobao,2,racf,dnntsp,transition_predictability,2667,0.028200159667473246,0.14540704734559637
taobao,2,tifuknn,triple2vec,n_baskets,5677,-0.03004142791470809,0.023604275408711066
taobao,2,tifuknn,triple2vec,avg_basket_size,5677,-0.013104469520194402,0.3235482271876635
taobao,2,tifuknn,triple2vec,repeat_rate,5677,-0.02903409989764368,0.028700289907574682
taobao,2,tifuknn,triple2vec,adjacent_basket_jaccard,5677,-0.013695235065711416,0.3022124244150298
taobao,2,tifuknn,triple2vec,recency_frequency_disagreement,5677,-0.01622636472428774,0.22155609741405388
taobao,2,tifuknn,triple2vec,recent_basket_novelty,5677,0.0021613098578145548,0.870667955889356
taobao,2,tifuknn,triple2vec,popularity_profile,5677,0.02729557145271776,0.03973060885533574
taobao,2,tifuknn,triple2vec,neighbor_similarity,5677,0.057257128926409565,1.583938736679358e-05
taobao,2,tifuknn,triple2vec,cooccurrence_support,3622,0.005878122342504455,0.7236054688830634
taobao,2,tifuknn,triple2vec,transition_predictability,2667,0.07933887347943985,4.0987040195930324e-05
taobao,2,tifuknn,sets2sets,n_baskets,5677,0.00960417519384734,0.4693775069501184
taobao,2,tifuknn,sets2sets,avg_basket_size,5677,-0.002777935557360465,0.8342450559398024
taobao,2,tifuknn,sets2sets,repeat_rate,5677,0.053284368087443044,5.90121585983394e-05
taobao,2,tifuknn,sets2sets,adjacent_basket_jaccard,5677,0.05340988783666555,5.668500044949614e-05
taobao,2,tifuknn,sets2sets,recency_frequency_disagreement,5677,0.008539329306128857,0.5200468216630758
taobao,2,tifuknn,sets2sets,recent_basket_novelty,5677,-0.05935756859760646,7.630093576929224e-06
taobao,2,tifuknn,sets2sets,popularity_profile,5677,0.012180859693616233,0.3588233964307096
taobao,2,tifuknn,sets2sets,neighbor_similarity,5677,-0.011638918847599284,0.3806055790611259
taobao,2,tifuknn,sets2sets,cooccurrence_support,3622,0.014348815577227853,0.3879714932330509
taobao,2,tifuknn,sets2sets,transition_predictability,2667,0.03090432174968507,0.11057254958550913
taobao,2,tifuknn,dnntsp,n_baskets,5677,0.024215640855842005,0.06808947182784746
taobao,2,tifuknn,dnntsp,avg_basket_size,5677,0.009624867949081833,0.4684206578454513
taobao,2,tifuknn,dnntsp,repeat_rate,5677,0.06223954195333499,2.692145519690661e-06
taobao,2,tifuknn,dnntsp,adjacent_basket_jaccard,5677,0.05467823102438625,3.756702275903499e-05
taobao,2,tifuknn,dnntsp,recency_frequency_disagreement,5677,0.021372003309251323,0.10737134471113945
taobao,2,tifuknn,dnntsp,recent_basket_novelty,5677,-0.05905190227840857,8.498603395882325e-06
taobao,2,tifuknn,dnntsp,popularity_profile,5677,0.007586962604746064,0.5676413555108195
taobao,2,tifuknn,dnntsp,neighbor_similarity,5677,-0.009680333151892189,0.46586123681605707
taobao,2,tifuknn,dnntsp,cooccurrence_support,3622,0.03467315618729164,0.03692036757301681
taobao,2,tifuknn,dnntsp,transition_predictability,2667,0.03560536163795921,0.06599041124354017
taobao,2,triple2vec,sets2sets,n_baskets,5677,0.03325008573221804,0.012231379804879367
taobao,2,triple2vec,sets2sets,avg_basket_size,5677,0.009764094792773043,0.46201084900020273
taobao,2,triple2vec,sets2sets,repeat_rate,5677,0.07776479877649288,4.441476804874241e-09
taobao,2,triple2vec,sets2sets,adjacent_basket_jaccard,5677,0.06438528957500568,1.2030463191346615e-06
taobao,2,triple2vec,sets2sets,recency_frequency_disagreement,5677,0.021120144168054064,0.11157747390828215
taobao,2,triple2vec,sets2sets,recent_basket_novelty,5677,-0.062116996362877215,2.816711974353766e-06
taobao,2,triple2vec,sets2sets,popularity_profile,5677,-0.008697634827492005,0.5123396782095769
taobao,2,triple2vec,sets2sets,neighbor_similarity,5677,-0.05447251931952754,4.0183089032616496e-05
taobao,2,triple2vec,sets2sets,cooccurrence_support,3622,0.010014353956799145,0.546840377214058
taobao,2,triple2vec,sets2sets,transition_predictability,2667,-0.035252924811954085,0.06871648430024492
taobao,2,triple2vec,dnntsp,n_baskets,5677,0.044202705199819024,0.0008641466384968035
taobao,2,triple2vec,dnntsp,avg_basket_size,5677,0.022400833616676247,0.09147836664545332
taobao,2,triple2vec,dnntsp,repeat_rate,5677,0.08716085284910921,4.7590259833601804e-11
taobao,2,triple2vec,dnntsp,adjacent_basket_jaccard,5677,0.06501044630669538,9.468427977569188e-07
taobao,2,triple2vec,dnntsp,recency_frequency_disagreement,5677,0.03284480860786259,0.01332946194069861
taobao,2,triple2vec,dnntsp,recent_basket_novelty,5677,-0.06363154453890013,1.6011305061679577e-06
taobao,2,triple2vec,dnntsp,popularity_profile,5677,-0.0092920520781722,0.48394062034562846
taobao,2,triple2vec,dnntsp,neighbor_similarity,5677,-0.05457312274622173,3.8882818402028694e-05
taobao,2,triple2vec,dnntsp,cooccurrence_support,3622,0.036299588536626966,0.02891921767565804
taobao,2,triple2vec,dnntsp,transition_predictability,2667,-0.026524897669751815,0.1708667150284931
taobao,2,sets2sets,dnntsp,n_baskets,5677,0.012104661269866965,0.36183779273758454
taobao,2,sets2sets,dnntsp,avg_basket_size,5677,0.043117292171174916,0.0011560580567125608
taobao,2,sets2sets,dnntsp,repeat_rate,5677,0.03781465072924748,0.004377844878215937
taobao,2,sets2sets,dnntsp,adjacent_basket_jaccard,5677,0.022601550305919343,0.08861000637907854
taobao,2,sets2sets,dnntsp,recency_frequency_disagreement,5677,0.020530211996879908,0.12193824870987545
taobao,2,sets2sets,dnntsp,recent_basket_novelty,5677,-0.030615944065229793,0.02106498716844382
taobao,2,sets2sets,dnntsp,popularity_profile,5677,0.005457136263162207,0.6810100680154514
taobao,2,sets2sets,dnntsp,neighbor_similarity,5677,0.003335965257100576,0.8015848414131095
taobao,2,sets2sets,dnntsp,cooccurrence_support,3622,0.0734622807778004,9.61572604149661e-06
taobao,2,sets2sets,dnntsp,transition_predictability,2667,0.018528119836084517,0.3388291138524505
tmall,0,recency,frequency,n_baskets,4675,-0.006992779464785507,0.6326487159491206
tmall,0,recency,frequency,avg_basket_size,4675,0.008091799631462974,0.5801746813135991
tmall,0,recency,frequency,repeat_rate,4675,-0.029546209374084677,0.04337379863617616
tmall,0,recency,frequency,adjacent_basket_jaccard,4675,-0.02809977912942653,0.05471165855811726
tmall,0,recency,frequency,recency_frequency_disagreement,4675,-0.010305988087199541,0.4811266734282579
tmall,0,recency,frequency,recent_basket_novelty,4675,-0.006867228781014273,0.6387696843035929
tmall,0,recency,frequency,popularity_profile,4675,-0.0048241731637599225,0.7415801103497134
tmall,0,recency,frequency,neighbor_similarity,4675,-0.003680317016217996,0.801372326969157
tmall,0,recency,frequency,cooccurrence_support,2508,-0.007646995753589759,0.7018860497590861
tmall,0,recency,frequency,transition_predictability,2153,-0.001527280793653296,0.9435367374718042
tmall,0,recency,racf,n_baskets,4675,-0.012805071833504064,0.38139145191134116
tmall,0,recency,racf,avg_basket_size,4675,-0.02063237877847838,0.15839487919832101
tmall,0,recency,racf,repeat_rate,4675,-0.03716570730785337,0.011042044086454402
tmall,0,recency,racf,adjacent_basket_jaccard,4675,-0.024275341216484676,0.09699450858760614
tmall,0,recency,racf,recency_frequency_disagreement,4675,-0.010212420719670663,0.48511763289446175
tmall,0,recency,racf,recent_basket_novelty,4675,-0.003697530208720455,0.8004628884530987
tmall,0,recency,racf,popularity_profile,4675,0.01577831636660704,0.28076393994732757
tmall,0,recency,racf,neighbor_similarity,4675,0.009427824566533748,0.5192773487090507
tmall,0,recency,racf,cooccurrence_support,2508,0.01693944278159452,0.39645794096721476
tmall,0,recency,racf,transition_predictability,2153,0.014267928318416109,0.5081716900566433
tmall,0,recency,tifuknn,n_baskets,4675,-0.023020484885683742,0.11553609602121928
tmall,0,recency,tifuknn,avg_basket_size,4675,-0.03164447609668277,0.030493391794891453
tmall,0,recency,tifuknn,repeat_rate,4675,-0.005526855040887739,0.7055829911153972
tmall,0,recency,tifuknn,adjacent_basket_jaccard,4675,-0.002942655495041219,0.840583104338082
tmall,0,recency,tifuknn,recency_frequency_disagreement,4675,-0.04276472538462351,0.003449545839151738
tmall,0,recency,tifuknn,recent_basket_novelty,4675,-0.04049729001053005,0.00561672049191734
tmall,0,recency,tifuknn,popularity_profile,4675,0.013513257543920654,0.35561639663675715
tmall,0,recency,tifuknn,neighbor_similarity,4675,0.007355605120587641,0.6151019074180026
tmall,0,recency,tifuknn,cooccurrence_support,2508,-0.004907048084097288,0.8059735995352667
tmall,0,recency,tifuknn,transition_predictability,2153,0.0021397364349768342,0.920957920369124
tmall,0,recency,triple2vec,n_baskets,4675,-0.029386360129261543,0.04452030331465516
tmall,0,recency,triple2vec,avg_basket_size,4675,-0.0038735422191329303,0.7911792260046024
tmall,0,recency,triple2vec,repeat_rate,4675,-0.046466406724796114,0.0014831536522112055
tmall,0,recency,triple2vec,adjacent_basket_jaccard,4675,-0.033454069173388036,0.02217154590757415
tmall,0,recency,triple2vec,recency_frequency_disagreement,4675,-0.01652803710625789,0.25853416271504087
tmall,0,recency,triple2vec,recent_basket_novelty,4675,-0.0051185560199367465,0.7264252238053412
tmall,0,recency,triple2vec,popularity_profile,4675,0.007049336921183365,0.6298995356415193
tmall,0,recency,triple2vec,neighbor_similarity,4675,-0.004084456414477653,0.7800936525898949
tmall,0,recency,triple2vec,cooccurrence_support,2508,-0.015397284988793947,0.4408513767708413
tmall,0,recency,triple2vec,transition_predictability,2153,-0.009966918657985113,0.6439291359112511
tmall,0,recency,sets2sets,n_baskets,4675,-0.01982963606828558,0.17522593498286593
tmall,0,recency,sets2sets,avg_basket_size,4675,-0.007710481631180886,0.5981497650756521
tmall,0,recency,sets2sets,repeat_rate,4675,-0.029086630275983526,0.04673903762745559
tmall,0,recency,sets2sets,adjacent_basket_jaccard,4675,-0.02305408528127618,0.11500568396685468
tmall,0,recency,sets2sets,recency_frequency_disagreement,4675,-0.02049169153771439,0.16125272835985718
tmall,0,recency,sets2sets,recent_basket_novelty,4675,-0.015623993644323672,0.2854961473234828
tmall,0,recency,sets2sets,popularity_profile,4675,0.004042965143584499,0.7822709681559001
tmall,0,recency,sets2sets,neighbor_similarity,4675,-0.0037798300216835322,0.7961184325400401
tmall,0,recency,sets2sets,cooccurrence_support,2508,-0.011202153210024686,0.5749740862510127
tmall,0,recency,sets2sets,transition_predictability,2153,-0.002423287032127244,0.9105249443099785
tmall,0,recency,dnntsp,n_baskets,4675,-0.023826083588918762,0.10333852207565217
tmall,0,recency,dnntsp,avg_basket_size,4675,0.01699831015617634,0.24522932075748385
tmall,0,recency,dnntsp,repeat_rate,4675,0.03043921090007284,0.037417853821903754
tmall,0,recency,dnntsp,adjacent_basket_jaccard,4675,0.038788162358658056,0.007992425810688271
tmall,0,recency,dnntsp,recency_frequency_disagreement,4675,-0.03822946774193658,0.008944789135096385
tmall,0,recency,dnntsp,recent_basket_novelty,4675,-0.02717252497580444,0.06320599893690017
tmall,0,recency,dnntsp,popularity_profile,4675,0.024999469003944827,0.08742817062547269
tmall,0,recency,dnntsp,neighbor_similarity,4675,0.027482396821614682,0.06025364259916313
tmall,0,recency,dnntsp,cooccurrence_support,2508,0.03145385384775603,0.11529999511981588
tmall,0,recency,dnntsp,transition_predictability,2153,0.013302495835811688,0.537293841493347
tmall,0,frequency,racf,n_baskets,4675,-0.014643980820469532,0.31680116143075326
tmall,0,frequency,racf,avg_basket_size,4675,-0.01891083570052673,0.1960875842867481
tmall,0,frequency,racf,repeat_rate,4675,-0.0038227973591748268,0.7938527640509758
tmall,0,frequency,racf,adjacent_basket_jaccard,4675,0.010568805020178942,0.47001287117247803
tmall,0,frequency,racf,recency_frequency_disagreement,4675,-0.010699267468936778,0.4645490829044163
tmall,0,frequency,racf,recent_basket_novelty,4675,-0.01816944829701517,0.2142042226288182
tmall,0,frequency,racf,popularity_profile,4675,0.03897680557472684,0.007691987864507834
tmall,0,frequency,racf,neighbor_similarity,4675,0.032224950728199746,0.027571437475293593
tmall,0,frequency,racf,cooccurrence_support,2508,0.02610015206313347,0.1913265381958125
tmall,0,frequency,racf,transition_predictability,2153,0.01015941899958807,0.6375408930766766
tmall,0,frequency,tifuknn,n_baskets,4675,-0.02904712876322797,0.047038268032748756
tmall,0,frequency,tifuknn,avg_basket_size,4675,-0.029658957426124396,0.042580205714233155
tmall,0,frequency,tifuknn,repeat_rate,4675,-0.006840575238772891,0.640072314085727
tmall,0,frequency,tifuknn,adjacent_basket_jaccard,4675,-0.004498735983450821,0.7584508386383113
tmall,0,frequency,tifuknn,recency_frequency_disagreement,4675,-0.031491116725197554,0.031308391556650675
tmall,0,frequency,tifuknn,recent_basket_novelty,4675,-0.02564111120356113,0.07960132342623005
tmall,0,frequency,tifuknn,popularity_profile,4675,0.02129559984741327,0.14543673028344264
tmall,0,frequency,tifuknn,neighbor_similarity,4675,0.02097148457272616,0.15166420028620636
tmall,0,frequency,tifuknn,cooccurrence_support,2508,0.006873758753728128,0.730793752983069
tmall,0,frequency,tifuknn,transition_predictability,2153,0.007509177061144428,0.7276662467054698
tmall,0,frequency,triple2vec,n_baskets,4675,-0.053123021403192965,0.00027924864794348723
tmall,0,frequency,triple2vec,avg_basket_size,4675,-0.02640563889306087,0.07102925723037551
tmall,0,frequency,triple2vec,repeat_rate,4675,-0.045591502895723904,0.0018204584408178137
tmall,0,frequency,triple2vec,adjacent_basket_jaccard,4675,-0.024950978390667927,0.08804405196739452
tmall,0,frequency,triple2vec,recency_frequency_disagreement,4675,-0.03510098975571822,0.01639095864826177
tmall,0,frequency,triple2vec,recent_basket_novelty,4675,-0.008386325004732314,0.5664665713273553
tmall,0,frequency,triple2vec,popularity_profile,4675,0.022085607204995184,0.131078892459798
tmall,0,frequency,triple2vec,neighbor_similarity,4675,0.013334059350328177,0.3620323470762219
tmall,0,frequency,triple2vec,cooccurrence_support,2508,-0.012833114023010867,0.5206215542749502
tmall,0,frequency,triple2vec,transition_predictability,2153,-0.003892429030608469,0.8567552025289978
tmall,0,frequency,sets2sets,n_baskets,4675,-0.031835142266477476,0.02950559304623705
tmall,0,frequency,sets2sets,avg_basket_size,4675,-0.018292575452483546,0.2111146935010296
tmall,0,frequency,sets2sets,repeat_rate,4675,0.006864964176074005,0.6388803183655194
tmall,0,frequency,sets2sets,adjacent_basket_jaccard,4675,0.01163450594520609,0.42643228555742185
tmall,0,frequency,sets2sets,recency_frequency_disagreement,4675,-0.01488734623694819,0.3088247393262969
tmall,0,frequency,sets2sets,recent_basket_novelty,4675,-0.03733727600389835,0.010676719535298612
tmall,0,frequency,sets2sets,popularity_profile,4675,0.03581695127731753,0.01432223920830187
tmall,0,frequency,sets2sets,neighbor_similarity,4675,0.0062629896201790965,0.6685672798675989
tmall,0,frequency,sets2sets,cooccurrence_support,2508,0.027020787756453366,0.17612857272159999
tmall,0,frequency,sets2sets,transition_predictability,2153,-0.0043273406910386255,0.8409528611339938
tmall,0,frequency,dnntsp,n_baskets,4675,-0.016305995351250904,0.26498687762673034
tmall,0,frequency,dnntsp,avg_basket_size,4675,0.008167174267436685,0.5766517504534863
tmall,0,frequency,dnntsp,repeat_rate,4675,0.045570643675728904,0.0018292991560691734
tmall,0,frequency,dnntsp,adjacent_basket_jaccard,4675,0.054161916631634804,0.00021139524246155587
tmall,0,frequency,dnntsp,recency_frequency_disagreement,4675,-0.025117901465740437,0.08593855648059034
tmall,0,frequency,dnntsp,recent_basket_novelty,4675,-0.03389598972742079,0.020468370661373997
tmall,0,frequency,dnntsp,popularity_profile,4675,0.03114093343341047,0.033239679528444546
tmall,0,frequency,dnntsp,neighbor_similarity,4675,0.02800690019034123,0.05551718527647973
tmall,0,frequency,dnntsp,cooccurrence_support,2508,0.03365623977905963,0.09196166745361824
tmall,0,frequency,dnntsp,transition_predictability,2153,0.01867967583293185,0.3863162156284259
tmall,0,racf,tifuknn,n_baskets,4675,-0.028234569710233696,0.05355998872971151
tmall,0,racf,tifuknn,avg_basket_size,4675,-0.01873086499139997,0.20037866543119287
tmall,0,racf,tifuknn,repeat_rate,4675,-0.009713520374970669,0.5066966940055428
tmall,0,racf,tifuknn,adjacent_basket_jaccard,4675,-0.006507469502510517,0.6564445914871211
tmall,0,racf,tifuknn,recency_frequency_disagreement,4675,-0.04145434763426291,0.00458459195841548
tmall,0,racf,tifuknn,recent_basket_novelty,4675,-0.005438889807624804,0.7100553138748003
tmall,0,racf,tifuknn,popularity_profile,4675,-0.014407779296461485,0.3246708466015549
tmall,0,racf,tifuknn,neighbor_similarity,4675,-0.0014733992068010821,0.9197764888713438
tmall,0,racf,tifuknn,cooccurrence_support,2508,-0.030227148488433178,0.130187019535139
tmall,0,racf,tifuknn,transition_predictability,2153,-0.009288802667695772,0.6666403866474453
tmall,0,racf,triple2vec,n_baskets,4675,-0.04127735513546765,0.004761443003264171
tmall,0,racf,triple2vec,avg_basket_size,4675,-0.018668215497066466,0.2018883950623149
tmall,0,racf,triple2vec,repeat_rate,4675,-0.038056146033516,0.009260171309445737
tmall,0,racf,triple2vec,adjacent_basket_jaccard,4675,-0.0275672863642475,0.05946508692693661
tmall,0,racf,triple2vec,recency_frequency_disagreement,4675,-0.02338090129141094,0.1099459612022332
tmall,0,racf,triple2vec,recent_basket_novelty,4675,0.012536196738639458,0.39147029690820445
tmall,0,racf,triple2vec,popularity_profile,4675,-0.01365945654673002,0.3504353936636775
tmall,0,racf,triple2vec,neighbor_similarity,4675,-0.01505399174276823,0.303440079529008
tmall,0,racf,triple2vec,cooccurrence_support,2508,-0.04572064885375005,0.022036213532819662
tmall,0,racf,triple2vec,transition_predictability,2153,-0.023802588159519307,0.26960816880116795
tmall,0,racf,sets2sets,n_baskets,4675,0.005095317893621624,0.7276177332209817
tmall,0,racf,sets2sets,avg_basket_size,4675,0.005845476537743138,0.6894695866347518
tmall,0,racf,sets2sets,repeat_rate,4675,0.011990710430673249,0.41240840776716325
tmall,0,racf,sets2sets,adjacent_basket_jaccard,4675,-0.00179067036523838,0.9025801777537883
tmall,0,racf,sets2sets,recency_frequency_disagreement,4675,0.0033255978680500407,0.8201716898224835
tmall,0,racf,sets2sets,recent_basket_novelty,4675,-0.0026298471950201266,0.8573368074354535
tmall,0,racf,sets2sets,popularity_profile,4675,-0.02047327551875605,0.16162968549521797
tmall,0,racf,sets2sets,neighbor_similarity,4675,-0.0210483217893858,0.15016981680676625
tmall,0,racf,sets2sets,cooccurrence_support,2508,-0.018684826089256562,0.34960792272859553
tmall,0,racf,sets2sets,transition_predictability,2153,-0.005950297253028634,0.7825953337314369
tmall,0,racf,dnntsp,n_baskets,4675,-0.01861226169430236,0.203243765216099
tmall,0,racf,dnntsp,avg_basket_size,4675,0.006089654247296012,0.6772151037671388
tmall,0,racf,dnntsp,repeat_rate,4675,0.05460189257502555,0.0001876135169268149
tmall,0,racf,dnntsp,adjacent_basket_jaccard,4675,0.058745738645103476,5.8426715271256205e-05
tmall,0,racf,dnntsp,recency_frequency_disagreement,4675,-0.021999808819328618,0.13258289416504299
tmall,0,racf,dnntsp,recent_basket_novelty,4675,-0.03158115310272476,0.030827675150328394
tmall,0,racf,dnntsp,popularity_profile,4675,0.01859710517314339,0.20361203944814568
tmall,0,racf,dnntsp,neighbor_similarity,4675,0.014640295036735456,0.31692299426969983
tmall,0,racf,dnntsp,cooccurrence_support,2508,0.019416285801505912,0.33106386725609993
tmall,0,racf,dnntsp,transition_predictability,2153,0.012919918595676629,0.5490617598335594
tmall,0,tifuknn,triple2vec,n_baskets,4675,-0.00888444531231525,0.5436423148623153
tmall,0,tifuknn,triple2vec,avg_basket_size,4675,0.02114438636185658,0.1483173083311436
tmall,0,tifuknn,triple2vec,repeat_rate,4675,-0.018124953820394904,0.2153286655809458
tmall,0,tifuknn,triple2vec,adjacent_basket_jaccard,4675,-0.005363561364953676,0.7138931161719206
tmall,0,tifuknn,triple2vec,recency_frequency_disagreement,4675,0.025675369081414743,0.07919999557478029
tmall,0,tifuknn,triple2vec,recent_basket_novelty,4675,0.014524523762696175,0.3207654262595015
tmall,0,tifuknn,triple2vec,popularity_profile,4675,-0.000898494373001107,0.9510269441950556
tmall,0,tifuknn,triple2vec,neighbor_similarity,4675,-0.005930942021146113,0.6851708808514161
tmall,0,tifuknn,triple2vec,cooccurrence_support,2508,-0.008225908744664452,0.6805193129251841
tmall,0,tifuknn,triple2vec,transition_predictability,2153,-0.013373600402210232,0.5351207340566115
tmall,0,tifuknn,sets2sets,n_baskets,4675,0.01992802507858676,0.1730940388101236
tmall,0,tifuknn,sets2sets,avg_basket_size,4675,0.0283098486367314,0.052925649774523395
tmall,0,tifuknn,sets2sets,repeat_rate,4675,0.02113801713365451,0.14843958982320304
tmall,0,tifuknn,sets2sets,adjacent_basket_jaccard,4675,0.021004684230811314,0.15101712700659517
tmall,0,tifuknn,sets2sets,recency_frequency_disagreement,4675,0.022957639694974993,0.11653332257032874
tmall,0,tifuknn,sets2sets,recent_basket_novelty,4675,-0.005551467063633882,0.7043334786220687
tmall,0,tifuknn,sets2sets,popularity_profile,4675,-0.005304168460728204,0.716924157153255
tmall,0,tifuknn,sets2sets,neighbor_similarity,4675,-0.0136702730375879,0.3500539893074246
tmall,0,tifuknn,sets2sets,cooccurrence_support,2508,0.003270339684251703,0.8699695270770474
tmall,0,tifuknn,sets2sets,transition_predictability,2153,0.002281243823585032,0.9157494768650101
tmall,0,tifuknn,dnntsp,n_baskets,4675,-0.009397010922926148,0.5206437986076516
tmall,0,tifuknn,dnntsp,avg_basket_size,4675,0.020032103030182675,0.17086003488079987
tmall,0,tifuknn,dnntsp,repeat_rate,4675,0.04835047923302796,0.0009431289822816663
tmall,0,tifuknn,dnntsp,adjacent_basket_jaccard,4675,0.05529566072139422,0.00015515691181037828
tmall,0,tifuknn,dnntsp,recency_frequency_disagreement,4675,-0.015266355683704257,0.2966690807414811
tmall,0,tifuknn,dnntsp,recent_basket_novelty,4675,-0.01644643560322279,0.2608927983417779
tmall,0,tifuknn,dnntsp,popularity_profile,4675,0.028289260051101595,0.05309851312688424
tmall,0,tifuknn,dnntsp,neighbor_similarity,4675,0.02715508984359509,0.06337560587981736
tmall,0,tifuknn,dnntsp,cooccurrence_support,2508,0.04108776982075875,0.03963662407163158
tmall,0,tifuknn,dnntsp,transition_predictability,2153,0.009976076604799697,0.6436246225946454
tmall,0,triple2vec,sets2sets,n_baskets,4675,0.04759869139436838,0.0011319829056064463
tmall,0,triple2vec,sets2sets,avg_basket_size,4675,0.01863601857419725,0.20266749488210412
tmall,0,triple2vec,sets2sets,repeat_rate,4675,0.06464439798529213,9.714194406499203e-06
tmall,0,triple2vec,sets2sets,adjacent_basket_jaccard,4675,0.04156623918671049,0.0044758802866066835
tmall,0,triple2vec,sets2sets,recency_frequency_disagreement,4675,0.03047002091700086,0.03722544339512195
tmall,0,triple2vec,sets2sets,recent_basket_novelty,4675,-0.023752765602015023,0.10440447211702246
tmall,0,triple2vec,sets2sets,popularity_profile,4675,-0.003060714632529657,0.8342782618176426
tmall,0,triple2vec,sets2sets,neighbor_similarity,4675,-0.00402999283088906,0.7829520603598396
tmall,0,triple2vec,sets2sets,cooccurrence_support,2508,0.021554126199420976,0.28058037668463615
tmall,0,triple2vec,sets2sets,transition_predictability,2153,0.010334427548551517,0.6317563689961567
tmall,0,triple2vec,dnntsp,n_baskets,4675,-0.004238417158864953,0.7720295207428278
tmall,0,triple2vec,dnntsp,avg_basket_size,4675,0.016561596052340942,0.25756846506139525
tmall,0,triple2vec,dnntsp,repeat_rate,4675,0.06061689029088077,3.363851749854744e-05
tmall,0,triple2vec,dnntsp,adjacent_basket_jaccard,4675,0.06160923852117515,2.4939506975524553e-05
tmall,0,triple2vec,dnntsp,recency_frequency_disagreement,4675,-0.019694692373588587,0.17818166903653437
tmall,0,triple2vec,dnntsp,recent_basket_novelty,4675,-0.023318055738773092,0.11090502469414436
tmall,0,triple2vec,dnntsp,popularity_profile,4675,0.025966107584813554,0.07585984640048932
tmall,0,triple2vec,dnntsp,neighbor_similarity,4675,0.026204607966497956,0.07320642236626677
tmall,0,triple2vec,dnntsp,cooccurrence_support,2508,0.03450699288063736,0.08403107777383773
tmall,0,triple2vec,dnntsp,transition_predictability,2153,0.011813160456594083,0.5838041553244924
tmall,0,sets2sets,dnntsp,n_baskets,4675,-0.01664638458081162,0.2551397308862301
tmall,0,sets2sets,dnntsp,avg_basket_size,4675,0.008998914496360758,0.5384626362829952
tmall,0,sets2sets,dnntsp,repeat_rate,4675,0.047306133836080524,0.001214491750140595
tmall,0,sets2sets,dnntsp,adjacent_basket_jaccard,4675,0.05319561181888673,0.0002739124349988238
tmall,0,sets2sets,dnntsp,recency_frequency_disagreement,4675,-0.02494708376804867,0.08809366908605683
tmall,0,sets2sets,dnntsp,recent_basket_novelty,4675,-0.033235234188905484,0.023059644947748828
tmall,0,sets2sets,dnntsp,popularity_profile,4675,0.026053320677661012,0.07488060474414766
tmall,0,sets2sets,dnntsp,neighbor_similarity,4675,0.024407555317657086,0.09518799530342878
tmall,0,sets2sets,dnntsp,cooccurrence_support,2508,0.03074154966644193,0.1237722930785575
tmall,0,sets2sets,dnntsp,transition_predictability,2153,0.01639352449114287,0.4470896608807333
tmall,1,recency,frequency,n_baskets,4675,0.005384781808940402,0.7128112484827851
tmall,1,recency,frequency,avg_basket_size,4675,0.0007494320982333644,0.9591438773514673
tmall,1,recency,frequency,repeat_rate,4675,-0.029047635305658306,0.04703442071829599
tmall,1,recency,frequency,adjacent_basket_jaccard,4675,-0.028739599313891053,0.04942339147016098
tmall,1,recency,frequency,recency_frequency_disagreement,4675,0.004275069057487877,0.7701133595385101
tmall,1,recency,frequency,recent_basket_novelty,4675,0.00622432706557804,0.6704924267215302
tmall,1,recency,frequency,popularity_profile,4675,-0.01074492392779008,0.4626453612611082
tmall,1,recency,frequency,neighbor_similarity,4675,-0.001298321613886937,0.9292824197388354
tmall,1,recency,frequency,cooccurrence_support,2439,-0.0171562193144645,0.3970458284032965
tmall,1,recency,frequency,transition_predictability,2262,0.059990215051534436,0.004315113145925277
tmall,1,recency,racf,n_baskets,4675,-0.023044457529020092,0.1151574704746567
tmall,1,recency,racf,avg_basket_size,4675,-0.03464433582296419,0.017843563364420667
tmall,1,recency,racf,repeat_rate,4675,-0.03562255096782828,0.014859842516744576
tmall,1,recency,racf,adjacent_basket_jaccard,4675,-0.025659511449283575,0.07938556129527446
tmall,1,recency,racf,recency_frequency_disagreement,4675,-0.00965303990979434,0.509346529613812
tmall,1,recency,racf,recent_basket_novelty,4675,0.005895428390081787,0.6869559025538978
tmall,1,recency,racf,popularity_profile,4675,0.013475884098390463,0.35694855069224374
tmall,1,recency,racf,neighbor_similarity,4675,0.0067459512438304975,0.644705782611448
tmall,1,recency,racf,cooccurrence_support,2439,-0.006840020813604841,0.7356392854925715
tmall,1,recency,racf,transition_predictability,2262,0.033635921351410525,0.10975194010491905
tmall,1,recency,tifuknn,n_baskets,4675,-0.0434767256992151,0.0029462850540749037
tmall,1,recency,tifuknn,avg_basket_size,4675,-0.04390715888508281,0.0026755028989855793
tmall,1,recency,tifuknn,repeat_rate,4675,-0.029076951387806717,0.04681220827323929
tmall,1,recency,tifuknn,adjacent_basket_jaccard,4675,-0.014617768160291549,0.3176682832452795
tmall,1,recency,tifuknn,recency_frequency_disagreement,4675,-0.02318781929321189,0.1129135293935686
tmall,1,recency,tifuknn,recent_basket_novelty,4675,0.0035360947716124125,0.809002598192472
tmall,1,recency,tifuknn,popularity_profile,4675,0.013602015791164197,0.3524652458956573
tmall,1,recency,tifuknn,neighbor_similarity,4675,0.011239580284307443,0.44230095328373376
tmall,1,recency,tifuknn,cooccurrence_support,2439,-0.013741194083392798,0.4975751895571382
tmall,1,recency,tifuknn,transition_predictability,2262,0.01954530333632636,0.3528066469802168
tmall,1,recency,triple2vec,n_baskets,4675,-0.00937070596508231,0.5218117716268791
tmall,1,recency,triple2vec,avg_basket_size,4675,-0.034517965472703194,0.01826495879023707
tmall,1,recency,triple2vec,repeat_rate,4675,-0.01902294220609917,0.19344885223420213
tmall,1,recency,triple2vec,adjacent_basket_jaccard,4675,-0.015432120546607189,0.29145458483573944
tmall,1,recency,triple2vec,recency_frequency_disagreement,4675,0.009393528774364729,0.5207983330008823
tmall,1,recency,triple2vec,recent_basket_novelty,4675,0.0026863290567745897,0.8543067071383152
tmall,1,recency,triple2vec,popularity_profile,4675,0.007535136836760399,0.6064993740879507
tmall,1,recency,triple2vec,neighbor_similarity,4675,-0.009226575676329249,0.5282351635592715
tmall,1,recency,triple2vec,cooccurrence_support,2439,-0.005463047699396074,0.7874194880459011
tmall,1,recency,triple2vec,transition_predictability,2262,0.012925853154916983,0.5389208177107121
tmall,1,recency,sets2sets,n_baskets,4675,-0.024677528982588234,0.09158290124960224
tmall,1,recency,sets2sets,avg_basket_size,4675,-0.013793285848424208,0.3457349250967231
tmall,1,recency,sets2sets,repeat_rate,4675,-0.023771690849979953,0.10412849081436307
tmall,1,recency,sets2sets,adjacent_basket_jaccard,4675,-0.021404879383638168,0.1433817836860352
tmall,1,recency,sets2sets,recency_frequency_disagreement,4675,-0.014125340645405549,0.33424660734151324
tmall,1,recency,sets2sets,recent_basket_novelty,4675,-0.008671898500760182,0.5533252283674412
tmall,1,recency,sets2sets,popularity_profile,4675,0.0035195766412584617,0.809877686688289
tmall,1,recency,sets2sets,neighbor_similarity,4675,-0.0017737924070868986,0.9034938971429975
tmall,1,recency,sets2sets,cooccurrence_support,2439,-0.018154675234645885,0.3701431476264291
tmall,1,recency,sets2sets,transition_predictability,2262,0.06409161317875249,0.002290859380232835
tmall,1,recency,dnntsp,n_baskets,4675,-0.010243062450829472,0.4838086909059226
tmall,1,recency,dnntsp,avg_basket_size,4675,0.013287143560122875,0.36372400697993423
tmall,1,recency,dnntsp,repeat_rate,4675,0.020965176342797133,0.1517873882558107
tmall,1,recency,dnntsp,adjacent_basket_jaccard,4675,0.021461754192226602,0.1423211289822848
tmall,1,recency,dnntsp,recency_frequency_disagreement,4675,0.001123568786990416,0.9387807882053023
tmall,1,recency,dnntsp,recent_basket_novelty,4675,-0.03667569135677464,0.012147310924119905
tmall,1,recency,dnntsp,popularity_profile,4675,0.011520257406807833,0.43098849909173964
tmall,1,recency,dnntsp,neighbor_similarity,4675,0.001894984599143271,0.8969358422415987
tmall,1,recency,dnntsp,cooccurrence_support,2439,0.0057933604754847896,0.7749026455781353
tmall,1,recency,dnntsp,transition_predictability,2262,0.03721350021003435,0.07680599956698796
tmall,1,frequency,racf,n_baskets,4675,-0.02487243537426304,0.08904904606714033
tmall,1,frequency,racf,avg_basket_size,4675,-0.041157339587761695,0.00488485025172793
tmall,1,frequency,racf,repeat_rate,4675,-0.00047563831878883134,0.9740632790269679
tmall,1,frequency,racf,adjacent_basket_jaccard,4675,-0.00045694015320327344,0.9750825582131637
tmall,1,frequency,racf,recency_frequency_disagreement,4675,-0.00015307423225830886,0.9916514916571494
tmall,1,frequency,racf,recent_basket_novelty,4675,0.0008995583876343272,0.9509690223328711
tmall,1,frequency,racf,popularity_profile,4675,0.029921301637370487,0.040781056654345754
tmall,1,frequency,racf,neighbor_similarity,4675,0.018593047290452917,0.2037107205292884
tmall,1,frequency,racf,cooccurrence_support,2439,0.010131003014652036,0.6170128168490265
tmall,1,frequency,racf,transition_predictability,2262,0.004672348206488986,0.8242379522965415
tmall,1,frequency,tifuknn,n_baskets,4675,-0.02887433816271242,0.048366187703359244
tmall,1,frequency,tifuknn,avg_basket_size,4675,-0.020705391218609037,0.1569269338807699
tmall,1,frequency,tifuknn,repeat_rate,4675,0.009832913936653472,0.501487036386556
tmall,1,frequency,tifuknn,adjacent_basket_jaccard,4675,0.011721948170629253,0.4229641526666892
tmall,1,frequency,tifuknn,recency_frequency_disagreement,4675,-0.005197416374941954,0.7223833058385576
tmall,1,frequency,tifuknn,recent_basket_novelty,4675,-0.01618157672784868,0.26865068548102544
tmall,1,frequency,tifuknn,popularity_profile,4675,0.02466768419262865,0.09171240844789719
tmall,1,frequency,tifuknn,neighbor_similarity,4675,0.014743414667628432,0.3135259882958339
tmall,1,frequency,tifuknn,cooccurrence_support,2439,0.007383664450342746,0.7155075123262761
tmall,1,frequency,tifuknn,transition_predictability,2262,-0.022889086499225695,0.27652583078301113
tmall,1,frequency,triple2vec,n_baskets,4675,-0.025719619388543356,0.0786840437138824
tmall,1,frequency,triple2vec,avg_basket_size,4675,-0.027158802237862992,0.06333946067114411
tmall,1,frequency,triple2vec,repeat_rate,4675,-0.004272528651072708,0.770246126890437
tmall,1,frequency,triple2vec,adjacent_basket_jaccard,4675,0.005509329855162041,0.706473200655185
tmall,1,frequency,triple2vec,recency_frequency_disagreement,4675,-0.005558590355920179,0.7039719892450202
tmall,1,frequency,triple2vec,recent_basket_novelty,4675,-0.012988725464221728,0.37459954187171896
tmall,1,frequency,triple2vec,popularity_profile,4675,0.02728933398338854,0.06207934256536354
tmall,1,frequency,triple2vec,neighbor_similarity,4675,0.011553092417204867,0.4296761619230458
tmall,1,frequency,triple2vec,cooccurrence_support,2439,0.008555520152797761,0.6727943504054328
tmall,1,frequency,triple2vec,transition_predictability,2262,-0.033317250468429045,0.11315991089123506
tmall,1,frequency,sets2sets,n_baskets,4675,-0.05284094782142732,0.00030092259164644735
tmall,1,frequency,sets2sets,avg_basket_size,4675,-0.038306912927133854,0.008806993650900248
tmall,1,frequency,sets2sets,repeat_rate,4675,0.004534969819549935,0.7565666034048308
tmall,1,frequency,sets2sets,adjacent_basket_jaccard,4675,0.0035932187493195682,0.805978162189892
tmall,1,frequency,sets2sets,recency_frequency_disagreement,4675,-0.03340559311159375,0.022365670363941634
tmall,1,frequency,sets2sets,recent_basket_novelty,4675,-0.009921565870376634,0.49763719108503646
tmall,1,frequency,sets2sets,popularity_profile,4675,0.017677462822402786,0.22687439237704338
tmall,1,frequency,sets2sets,neighbor_similarity,4675,0.00180051803174783,0.9020471156731152
tmall,1,frequency,sets2sets,cooccurrence_support,2439,-0.004563648566980658,0.8217715330916837
tmall,1,frequency,sets2sets,transition_predictability,2262,0.04107428151729736,0.05078911055930771
tmall,1,frequency,dnntsp,n_baskets,4675,-0.016477129829453336,0.2600038630528599
tmall,1,frequency,dnntsp,avg_basket_size,4675,-0.0006875521335844716,0.9625147383275319
tmall,1,frequency,dnntsp,repeat_rate,4675,0.030124197425836448,0.03943415353762126
tmall,1,frequency,dnntsp,adjacent_basket_jaccard,4675,0.028229568388408764,0.053602356324480925
tmall,1,frequency,dnntsp,recency_frequency_disagreement,4675,-0.010247979587987245,0.4835988209755009
tmall,1,frequency,dnntsp,recent_basket_novelty,4675,-0.03327176484022542,0.022909278927603395
tmall,1,frequency,dnntsp,popularity_profile,4675,0.014480523983505451,0.32223372036652775
tmall,1,frequency,dnntsp,neighbor_similarity,4675,0.0005474380367800283,0.9701497225177244
tmall,1,frequency,dnntsp,cooccurrence_support,2439,0.012857868155708642,0.5256225358303195
tmall,1,frequency,dnntsp,transition_predictability,2262,0.012948527489883215,0.5382089342944931
tmall,1,racf,tifuknn,n_baskets,4675,-0.031847330563513424,0.029443394698494104
tmall,1,racf,tifuknn,avg_basket_size,4675,-0.008425779863850295,0.5646420842812201
tmall,1,racf,tifuknn,repeat_rate,4675,-0.013116109007798691,0.36993281793612265
tmall,1,racf,tifuknn,adjacent_basket_jaccard,4675,-0.0016169199700923787,0.9119924305446026
tmall,1,racf,tifuknn,recency_frequency_disagreement,4675,-0.028545229154484996,0.050982573086795234
tmall,1,racf,tifuknn,recent_basket_novelty,4675,0.0027565815097569148,0.8505408521752027
tmall,1,racf,tifuknn,popularity_profile,4675,0.0012449724729392863,0.9321811092979312
tmall,1,racf,tifuknn,neighbor_similarity,4675,0.005193189187144052,0.7225997714367538
tmall,1,racf,tifuknn,cooccurrence_support,2439,-0.01150303980786649,0.5701576263228094
tmall,1,racf,tifuknn,transition_predictability,2262,-0.01918524683142123,0.3617480437872004
tmall,1,racf,triple2vec,n_baskets,4675,-0.016087795041416372,0.2714351976737383
tmall,1,racf,triple2vec,avg_basket_size,4675,0.0004660993383895496,0.9745832651810128
tmall,1,racf,triple2vec,repeat_rate,4675,0.005589014456981224,0.7024287951819721
tmall,1,racf,triple2vec,adjacent_basket_jaccard,4675,0.01337572005183967,0.36053431006343173
tmall,1,racf,triple2vec,recency_frequency_disagreement,4675,-0.012682034911669238,0.3859836106677207
tmall,1,racf,triple2vec,recent_basket_novelty,4675,-0.005512629747483345,0.7063055485640912
tmall,1,racf,triple2vec,popularity_profile,4675,-0.010472227602599297,0.4740803030335171
tmall,1,racf,triple2vec,neighbor_similarity,4675,-0.014504397946610037,0.3214364913705695
tmall,1,racf,triple2vec,cooccurrence_support,2439,-0.0022157383010561788,0.9129082289008945
tmall,1,racf,triple2vec,transition_predictability,2262,-0.03073048477674068,0.14398963809365925
tmall,1,racf,sets2sets,n_baskets,4675,-0.0055548811881896195,0.7041602119496966
tmall,1,racf,sets2sets,avg_basket_size,4675,0.016139216217704453,0.26990599183097097
tmall,1,racf,sets2sets,repeat_rate,4675,0.008214151445998316,0.5744611998686798
tmall,1,racf,sets2sets,adjacent_basket_jaccard,4675,0.01260282351978105,0.38895783353304436
tmall,1,racf,sets2sets,recency_frequency_disagreement,4675,-0.021332121964144805,0.14474745676820275
tmall,1,racf,sets2sets,recent_basket_novelty,4675,-0.015379653417732973,0.2930983485059642
tmall,1,racf,sets2sets,popularity_profile,4675,-0.01769504490819852,0.22641258542827414
tmall,1,racf,sets2sets,neighbor_similarity,4675,-0.02329731354511309,0.11122300920714619
tmall,1,racf,sets2sets,cooccurrence_support,2439,-0.012232270172252343,0.5459642172110211
tmall,1,racf,sets2sets,transition_predictability,2262,0.019144010740142055,0.3627810549244387
tmall,1,racf,dnntsp,n_baskets,4675,-0.01592661294027525,0.27626695735660994
tmall,1,racf,dnntsp,avg_basket_size,4675,0.0056614665186647106,0.698758771087151
tmall,1,racf,dnntsp,repeat_rate,4675,0.040641360472442364,0.005449022197005312
tmall,1,racf,dnntsp,adjacent_basket_jaccard,4675,0.04014274620057766,0.006049403835243898
tmall,1,racf,dnntsp,recency_frequency_disagreement,4675,-0.007698393173323651,0.5987237188991692
tmall,1,racf,dnntsp,recent_basket_novelty,4675,-0.05049669993969049,0.0005524599873004522
tmall,1,racf,dnntsp,popularity_profile,4675,0.0025642243935372288,0.8608599328367376
tmall,1,racf,dnntsp,neighbor_similarity,4675,-0.00767281645747714,0.5999389106000235
tmall,1,racf,dnntsp,cooccurrence_support,2439,-0.000974274538640493,0.9616436429156985
tmall,1,racf,dnntsp,transition_predictability,2262,0.022450151445864076,0.28584340011781173
tmall,1,tifuknn,triple2vec,n_baskets,4675,0.015284498648754894,0.2960953327591894
tmall,1,tifuknn,triple2vec,avg_basket_size,4675,-0.005462671438925775,0.7088452169719492
tmall,1,tifuknn,triple2vec,repeat_rate,4675,0.0031015250993041586,0.8321012685022334
tmall,1,tifuknn,triple2vec,adjacent_basket_jaccard,4675,0.011299858624589348,0.4398572662083794
tmall,1,tifuknn,triple2vec,recency_frequency_disagreement,4675,0.018304336284000283,0.21082128274551062
tmall,1,tifuknn,triple2vec,recent_basket_novelty,4675,-0.005827344975272476,0.6903828556293958
tmall,1,tifuknn,triple2vec,popularity_profile,4675,0.0013501538019265872,0.9264670505035263
tmall,1,tifuknn,triple2vec,neighbor_similarity,4675,-0.020626434116051917,0.15851485514215288
tmall,1,tifuknn,triple2vec,cooccurrence_support,2439,0.004280275474514484,0.8326693447808554
tmall,1,tifuknn,triple2vec,transition_predictability,2262,-0.0049370869082473795,0.8144556365878239
tmall,1,tifuknn,sets2sets,n_baskets,4675,0.012329685461813117,0.3993200805546374
tmall,1,tifuknn,sets2sets,avg_basket_size,4675,0.010692647827993174,0.4648254610066239
tmall,1,tifuknn,sets2sets,repeat_rate,4675,0.010630008084574583,0.4674452678195601
tmall,1,tifuknn,sets2sets,adjacent_basket_jaccard,4675,0.011828543011321167,0.41875880075975935
tmall,1,tifuknn,sets2sets,recency_frequency_disagreement,4675,-0.012551699195931455,0.39088482942751
tmall,1,tifuknn,sets2sets,recent_basket_novelty,4675,-0.015252988181040015,0.29709228620317624
tmall,1,tifuknn,sets2sets,popularity_profile,4675,-0.012156752013342043,0.405965806474166
tmall,1,tifuknn,sets2sets,neighbor_similarity,4675,-0.018478465173373978,0.20651155073013466
tmall,1,tifuknn,sets2sets,cooccurrence_support,2439,-0.015082356814350656,0.45656116243907185
tmall,1,tifuknn,sets2sets,transition_predictability,2262,0.05181114025734286,0.013722129855420435
tmall,1,tifuknn,dnntsp,n_baskets,4675,-0.005739004550249898,0.6948389038101255
tmall,1,tifuknn,dnntsp,avg_basket_size,4675,0.018257789568439736,0.21198426389426606
tmall,1,tifuknn,dnntsp,repeat_rate,4675,0.03449349728470165,0.01834754960363866
tmall,1,tifuknn,dnntsp,adjacent_basket_jaccard,4675,0.031743063700544555,0.029979142222698967
tmall,1,tifuknn,dnntsp,recency_frequency_disagreement,4675,-0.0015704088137379704,0.9145141432074649
tmall,1,tifuknn,dnntsp,recent_basket_novelty,4675,-0.03944049784421248,0.006996061255384692
tmall,1,tifuknn,dnntsp,popularity_profile,4675,0.016737338825795086,0.25255212877656635
tmall,1,tifuknn,dnntsp,neighbor_similarity,4675,0.002486419445997677,0.8650406713271332
tmall,1,tifuknn,dnntsp,cooccurrence_support,2439,0.005348030663796863,0.7917910292467286
tmall,1,tifuknn,dnntsp,transition_predictability,2262,0.02645667484075778,0.20845794669246817
tmall,1,triple2vec,sets2sets,n_baskets,4675,0.009425447895761097,0.5193826777218586
tmall,1,triple2vec,sets2sets,avg_basket_size,4675,0.01611897846451953,0.27050713256925596
tmall,1,triple2vec,sets2sets,repeat_rate,4675,0.013532743664677126,0.3549230706316928
tmall,1,triple2vec,sets2sets,adjacent_basket_jaccard,4675,0.006047868148527787,0.6793062740443718
tmall,1,triple2vec,sets2sets,recency_frequency_disagreement,4675,-0.004505116782772463,0.7581189193165019
tmall,1,triple2vec,sets2sets,recent_basket_novelty,4675,-0.004313202601381632,0.7681212261770496
tmall,1,triple2vec,sets2sets,popularity_profile,4675,-0.00649405809265041,0.6571073025327583
tmall,1,triple2vec,sets2sets,neighbor_similarity,4675,-0.004666266380967238,0.7497510945815624
tmall,1,triple2vec,sets2sets,cooccurrence_support,2439,-0.013227781438349106,0.5137795022760776
tmall,1,triple2vec,sets2sets,transition_predictability,2262,0.06241061524531019,0.0029825215736670246
tmall,1,triple2vec,dnntsp,n_baskets,4675,-0.007824360951558536,0.5927551349435541
tmall,1,triple2vec,dnntsp,avg_basket_size,4675,0.02091138026244332,0.15284102186800205
tmall,1,triple2vec,dnntsp,repeat_rate,4675,0.030884670727754367,0.03471677170578314
tmall,1,triple2vec,dnntsp,adjacent_basket_jaccard,4675,0.0251474279422227,0.08557039027347312
tmall,1,triple2vec,dnntsp,recency_frequency_disagreement,4675,-0.0016312788125348024,0.9112141095901125
tmall,1,triple2vec,dnntsp,recent_basket_novelty,4675,-0.04490576296865472,0.002132620737982562
tmall,1,triple2vec,dnntsp,popularity_profile,4675,0.011095472424033649,0.4481744586378351
tmall,1,triple2vec,dnntsp,neighbor_similarity,4675,0.001122209919672962,0.9388546828330582
tmall,1,triple2vec,dnntsp,cooccurrence_support,2439,0.002446427824787729,0.9038826388161548
tmall,1,triple2vec,dnntsp,transition_predictability,2262,0.0315937891734827,0.13305568129601714
tmall,1,sets2sets,dnntsp,n_baskets,4675,-0.012686594272800446,0.38581283978116676
tmall,1,sets2sets,dnntsp,avg_basket_size,4675,0.0003180109791122266,0.9826570632353513
tmall,1,sets2sets,dnntsp,repeat_rate,4675,0.030623005793089735,0.03628246818695799
tmall,1,sets2sets,dnntsp,adjacent_basket_jaccard,4675,0.029731523991025514,0.04207595613485029
tmall,1,sets2sets,dnntsp,recency_frequency_disagreement,4675,-1.8255169210799656e-05,0.9990043642829032
tmall,1,sets2sets,dnntsp,recent_basket_novelty,4675,-0.03747111177747288,0.01039924152945029
tmall,1,sets2sets,dnntsp,popularity_profile,4675,0.018409949290972324,0.2081996415335258
tmall,1,sets2sets,dnntsp,neighbor_similarity,4675,0.002808423781924318,0.8477640464216649
tmall,1,sets2sets,dnntsp,cooccurrence_support,2439,0.018981448673771096,0.34874512674212166
tmall,1,sets2sets,dnntsp,transition_predictability,2262,0.005394275062382476,0.7976308632512001
tmall,2,recency,frequency,n_baskets,4675,0.0058047166571095375,0.6915232540976677
tmall,2,recency,frequency,avg_basket_size,4675,0.019345909507888514,0.18599282251207733
tmall,2,recency,frequency,repeat_rate,4675,-0.004335589559711464,0.7669524216814595
tmall,2,recency,frequency,adjacent_basket_jaccard,4675,0.006653754753075932,0.6492336930185747
tmall,2,recency,frequency,recency_frequency_disagreement,4675,0.004238022049941184,0.7720501846345521
tmall,2,recency,frequency,recent_basket_novelty,4675,0.0018445836898800738,0.8996623504106305
tmall,2,recency,frequency,popularity_profile,4675,-0.011370146373123577,0.43701760254015454
tmall,2,recency,frequency,neighbor_similarity,4675,-0.012273492593761641,0.4014723265931147
tmall,2,recency,frequency,cooccurrence_support,2470,-0.0034505568429065944,0.8639066958410577
tmall,2,recency,frequency,transition_predictability,2138,-0.007794902090338552,0.7186830945900435
tmall,2,recency,racf,n_baskets,4675,-0.0074914749601223555,0.6085865482013496
tmall,2,recency,racf,avg_basket_size,4675,-0.020998209530432438,0.15114315588773247
tmall,2,recency,racf,repeat_rate,4675,-0.01421686010842071,0.3311240032795023
tmall,2,recency,racf,adjacent_basket_jaccard,4675,-0.013931847145242449,0.3409107843028507
tmall,2,recency,racf,recency_frequency_disagreement,4675,-0.02078133418551448,0.15541103267489198
tmall,2,recency,racf,recent_basket_novelty,4675,0.021410545926016423,0.143275837579035
tmall,2,recency,racf,popularity_profile,4675,0.0050015268292408835,0.7324374809226426
tmall,2,recency,racf,neighbor_similarity,4675,0.01478099635437109,0.3122939363043392
tmall,2,recency,racf,cooccurrence_support,2470,0.01885811938536822,0.34884068935500234
tmall,2,recency,racf,transition_predictability,2138,0.009897121603097707,0.6474038662493403
tmall,2,recency,tifuknn,n_baskets,4675,-0.009425070514782028,0.5193994034613598
tmall,2,recency,tifuknn,avg_basket_size,4675,-0.0258726400520506,0.07692088387229094
tmall,2,recency,tifuknn,repeat_rate,4675,-0.007515412741549936,0.6074418513639016
tmall,2,recency,tifuknn,adjacent_basket_jaccard,4675,-0.0029961629878869486,0.8377242922181733
tmall,2,recency,tifuknn,recency_frequency_disagreement,4675,-0.011975072098062445,0.41301829906396703
tmall,2,recency,tifuknn,recent_basket_novelty,4675,0.02467932399724034,0.091559303861507
tmall,2,recency,tifuknn,popularity_profile,4675,-0.009160612308486646,0.5311882985400117
tmall,2,recency,tifuknn,neighbor_similarity,4675,0.0002718692299773766,0.9851731195561684
tmall,2,recency,tifuknn,cooccurrence_support,2470,-0.0004656971214930028,0.9815441738474345
tmall,2,recency,tifuknn,transition_predictability,2138,-0.04280142191747741,0.047835884717206026
tmall,2,recency,triple2vec,n_baskets,4675,-0.004864099773750746,0.739518646791437
tmall,2,recency,triple2vec,avg_basket_size,4675,-0.009738616861832073,0.5055992700491758
tmall,2,recency,triple2vec,repeat_rate,4675,-0.00023326306486804653,0.9872783835072972
tmall,2,recency,triple2vec,adjacent_basket_jaccard,4675,0.009410984839730114,0.5200238872992172
tmall,2,recency,triple2vec,recency_frequency_disagreement,4675,0.002847881623441968,0.8456518461257081
tmall,2,recency,triple2vec,recent_basket_novelty,4675,0.018072586434656795,0.21665750760848138
tmall,2,recency,triple2vec,popularity_profile,4675,-0.004658211564656083,0.750168658461291
tmall,2,recency,triple2vec,neighbor_similarity,4675,-0.00604189079277353,0.6796056109301323
tmall,2,recency,triple2vec,cooccurrence_support,2470,0.0033699562251465025,0.8670557424459979
tmall,2,recency,triple2vec,transition_predictability,2138,-0.024622692640335637,0.25511072177181726
tmall,2,recency,sets2sets,n_baskets,4675,-0.004134010383248279,0.7774954940565848
tmall,2,recency,sets2sets,avg_basket_size,4675,0.010982994924405453,0.45278939451744116
tmall,2,recency,sets2sets,repeat_rate,4675,-0.00806518892594778,0.581420841664974
tmall,2,recency,sets2sets,adjacent_basket_jaccard,4675,0.000497282286435924,0.9728834705076121
tmall,2,recency,sets2sets,recency_frequency_disagreement,4675,0.006941845425302179,0.6351289011627168
tmall,2,recency,sets2sets,recent_basket_novelty,4675,0.005755873665143765,0.6939871753010716
tmall,2,recency,sets2sets,popularity_profile,4675,-0.014203650448890347,0.33157354266008143
tmall,2,recency,sets2sets,neighbor_similarity,4675,-0.018324943342226334,0.21030788637136616
tmall,2,recency,sets2sets,cooccurrence_support,2470,-0.00398751083065847,0.8429854842535227
tmall,2,recency,sets2sets,transition_predictability,2138,-0.029978463859780445,0.1658506452719768
tmall,2,recency,dnntsp,n_baskets,4675,-0.03188691228105352,0.029242181465246774
tmall,2,recency,dnntsp,avg_basket_size,4675,-0.019783631668809504,0.1762294538493392
tmall,2,recency,dnntsp,repeat_rate,4675,0.013603024409071128,0.3524295391282021
tmall,2,recency,dnntsp,adjacent_basket_jaccard,4675,0.01657892575318884,0.25707076345835306
tmall,2,recency,dnntsp,recency_frequency_disagreement,4675,-0.04209163726171714,0.003995985894185743
tmall,2,recency,dnntsp,recent_basket_novelty,4675,-0.021804395254547367,0.13605823490897118
tmall,2,recency,dnntsp,popularity_profile,4675,0.019327439567770714,0.18641341103057332
tmall,2,recency,dnntsp,neighbor_similarity,4675,0.019606687353832784,0.18012916927131806
tmall,2,recency,dnntsp,cooccurrence_support,2470,-0.0037882037016221033,0.8507389455341166
tmall,2,recency,dnntsp,transition_predictability,2138,-0.017445555405663747,0.42010094415264965
tmall,2,frequency,racf,n_baskets,4675,-0.0010850777526242104,0.940874115863972
tmall,2,frequency,racf,avg_basket_size,4675,-0.025219011189454077,0.08468310618509463
tmall,2,frequency,racf,repeat_rate,4675,0.01454390658818664,0.32012000081303726
tmall,2,frequency,racf,adjacent_basket_jaccard,4675,0.009166644126194794,0.5309179108568638
tmall,2,frequency,racf,recency_frequency_disagreement,4675,-0.029084326503770422,0.046756444998389976
tmall,2,frequency,racf,recent_basket_novelty,4675,0.011750315507795232,0.4218426044823138
tmall,2,frequency,racf,popularity_profile,4675,0.027143683742500868,0.06348676640089616
tmall,2,frequency,racf,neighbor_similarity,4675,0.03573158354878533,0.014556170079895037
tmall,2,frequency,racf,cooccurrence_support,2470,0.03370595009151841,0.09397679528613942
tmall,2,frequency,racf,transition_predictability,2138,0.008155165767313455,0.7062713514978122
tmall,2,frequency,tifuknn,n_baskets,4675,-0.01354570485967756,0.3544623774956608
tmall,2,frequency,tifuknn,avg_basket_size,4675,-0.022756860868943168,0.11976461911765876
tmall,2,frequency,tifuknn,repeat_rate,4675,0.002059206027758302,0.8880606551842412
tmall,2,frequency,tifuknn,adjacent_basket_jaccard,4675,-0.007971825743267298,0.5858028398268365
tmall,2,frequency,tifuknn,recency_frequency_disagreement,4675,-0.015311616017231602,0.29523916569770003
tmall,2,frequency,tifuknn,recent_basket_novelty,4675,0.006223848953926117,0.6705162471870333
tmall,2,frequency,tifuknn,popularity_profile,4675,0.010244028022653902,0.4837674751237242
tmall,2,frequency,tifuknn,neighbor_similarity,4675,0.016107227582954048,0.27085660064538647
tmall,2,frequency,tifuknn,cooccurrence_support,2470,0.009550127752651304,0.6352123650834722
tmall,2,frequency,tifuknn,transition_predictability,2138,-0.0071272402867704684,0.7418802414793297
tmall,2,frequency,triple2vec,n_baskets,4675,-0.025698447949405612,0.0789305573390204
tmall,2,frequency,triple2vec,avg_basket_size,4675,-0.028892706910931085,0.04822354229209461
tmall,2,frequency,triple2vec,repeat_rate,4675,-0.002339006538522929,0.872971964971898
tmall,2,frequency,triple2vec,adjacent_basket_jaccard,4675,-0.003624166708393146,0.8043408264170293
tmall,2,frequency,triple2vec,recency_frequency_disagreement,4675,-0.021774437289467104,0.13659718339466725
tmall,2,frequency,triple2vec,recent_basket_novelty,4675,0.009669838185991972,0.5086098184065401
tmall,2,frequency,triple2vec,popularity_profile,4675,0.017482288320169806,0.232045944743624
tmall,2,frequency,triple2vec,neighbor_similarity,4675,0.016448612616111285,0.26082968073637147
tmall,2,frequency,triple2vec,cooccurrence_support,2470,0.008130269401807833,0.6863089304973102
tmall,2,frequency,triple2vec,transition_predictability,2138,-0.018164229269191125,0.40120841738058133
tmall,2,frequency,sets2sets,n_baskets,4675,-0.0358918535238958,0.014119723613848839
tmall,2,frequency,sets2sets,avg_basket_size,4675,-0.02382055482836944,0.10341860050455116
tmall,2,frequency,sets2sets,repeat_rate,4675,0.0019643986573344096,0.8931827882974812
tmall,2,frequency,sets2sets,adjacent_basket_jaccard,4675,0.0020620303768292786,0.8879081353816298
tmall,2,frequency,sets2sets,recency_frequency_disagreement,4675,-0.017579890107139538,0.22944941981988654
tmall,2,frequency,sets2sets,recent_basket_novelty,4675,0.0032670829342463536,0.823283118973307
tmall,2,frequency,sets2sets,popularity_profile,4675,-0.002776912720634542,0.849451637247167
tmall,2,frequency,sets2sets,neighbor_similarity,4675,-0.011680329010044638,0.4246127881333809
tmall,2,frequency,sets2sets,cooccurrence_support,2470,-0.038138891354885754,0.05806612308485395
tmall,2,frequency,sets2sets,transition_predictability,2138,-0.03708416525999393,0.08647300392195181
tmall,2,frequency,dnntsp,n_baskets,4675,-0.034079068465736446,0.01979690609322481
tmall,2,frequency,dnntsp,avg_basket_size,4675,-0.02398972264318107,0.10099061360381276
tmall,2,frequency,dnntsp,repeat_rate,4675,0.024654397062861926,0.09188743250310821
tmall,2,frequency,dnntsp,adjacent_basket_jaccard,4675,0.017676721720859365,0.22689387271526093
tmall,2,frequency,dnntsp,recency_frequency_disagreement,4675,-0.04325024202784684,0.003098591587109544
tmall,2,frequency,dnntsp,recent_basket_novelty,4675,-0.030133169872328273,0.039375473010122036
tmall,2,frequency,dnntsp,popularity_profile,4675,0.02548418212142512,0.0814609082069795
tmall,2,frequency,dnntsp,neighbor_similarity,4675,0.02508588830929279,0.0863391737021162
tmall,2,frequency,dnntsp,cooccurrence_support,2470,-0.0026615860460097378,0.8948168529318865
tmall,2,frequency,dnntsp,transition_predictability,2138,-0.025017027035836237,0.24757704386927712
tmall,2,racf,tifuknn,n_baskets,4675,-0.008972361070770244,0.5396619590025988
tmall,2,racf,tifuknn,avg_basket_size,4675,-0.001145916387466825,0.9375656112462898
tmall,2,racf,tifuknn,repeat_rate,4675,-0.0031799149146963775,0.8279232660825615
tmall,2,racf,tifuknn,adjacent_basket_jaccard,4675,-0.004698227792578225,0.7480949298937218
tmall,2,racf,tifuknn,recency_frequency_disagreement,4675,0.01332541434910995,0.3623436921207214
tmall,2,racf,tifuknn,recent_basket_novelty,4675,-0.011085682456705074,0.4485750753908292
tmall,2,racf,tifuknn,popularity_profile,4675,-0.016954754020575252,0.24644103315751323
tmall,2,racf,tifuknn,neighbor_similarity,4675,-0.009282430195728457,0.5257411486393985
tmall,2,racf,tifuknn,cooccurrence_support,2470,-0.014978039766875288,0.4568402110462795
tmall,2,racf,tifuknn,transition_predictability,2138,-0.024673999694148786,0.25412159568969495
tmall,2,racf,triple2vec,n_baskets,4675,-0.014709955594074356,0.3146255746416984
tmall,2,racf,triple2vec,avg_basket_size,4675,-0.004415853782470168,0.7627662657699888
tmall,2,racf,triple2vec,repeat_rate,4675,-0.005846769936642656,0.6894044566613096
tmall,2,racf,triple2vec,adjacent_basket_jaccard,4675,0.0012973572795914807,0.9293348079854569
tmall,2,racf,triple2vec,recency_frequency_disagreement,4675,0.010780604679218323,0.4611606264349727
tmall,2,racf,triple2vec,recent_basket_novelty,4675,-0.004257160663629075,0.7710494358720925
tmall,2,racf,triple2vec,popularity_profile,4675,-0.014605432851450398,0.31807687616832087
tmall,2,racf,triple2vec,neighbor_similarity,4675,-0.017667328021734954,0.22714089558902947
tmall,2,racf,triple2vec,cooccurrence_support,2470,-0.023420939095768176,0.24459837241548665
tmall,2,racf,triple2vec,transition_predictability,2138,-0.04042552148382158,0.06163857142905054
tmall,2,racf,sets2sets,n_baskets,4675,-0.008102808842460806,0.5796594940302532
tmall,2,racf,sets2sets,avg_basket_size,4675,0.015622083201773572,0.2855550656084245
tmall,2,racf,sets2sets,repeat_rate,4675,-0.010423986471569854,0.4761192346482094
tmall,2,racf,sets2sets,adjacent_basket_jaccard,4675,-0.005039446164324442,0.7304875940589493
tmall,2,racf,sets2sets,recency_frequency_disagreement,4675,0.03182535669443496,0.029555611734084
tmall,2,racf,sets2sets,recent_basket_novelty,4675,-0.012511744815423068,0.39239483173231693
tmall,2,racf,sets2sets,popularity_profile,4675,-0.030049960649337563,0.03992252141792059
tmall,2,racf,sets2sets,neighbor_similarity,4675,-0.037046590045527454,0.011302171062266858
tmall,2,racf,sets2sets,cooccurrence_support,2470,-0.05259075458177349,0.008943694080090901
tmall,2,racf,sets2sets,transition_predictability,2138,-0.03239909819762524,0.13423639205996954
tmall,2,racf,dnntsp,n_baskets,4675,-0.02060726632661812,0.15890217035809157
tmall,2,racf,dnntsp,avg_basket_size,4675,-0.013177053194917904,0.3677129425305592
tmall,2,racf,dnntsp,repeat_rate,4675,0.019941109850218255,0.1728119841777414
tmall,2,racf,dnntsp,adjacent_basket_jaccard,4675,0.02500731231892708,0.0873288796231643
tmall,2,racf,dnntsp,recency_frequency_disagreement,4675,-0.021500206444853547,0.1416074546942642
tmall,2,racf,dnntsp,recent_basket_novelty,4675,-0.03023094119279117,0.03874083023244989
tmall,2,racf,dnntsp,popularity_profile,4675,0.016017664332394557,0.2735303499827575
tmall,2,racf,dnntsp,neighbor_similarity,4675,0.013782775845549333,0.34610260665789583
tmall,2,racf,dnntsp,cooccurrence_support,2470,-0.020042150304111904,0.3194092858113707
tmall,2,racf,dnntsp,transition_predictability,2138,-0.03948696658157774,0.06793122893586032
tmall,2,tifuknn,triple2vec,n_baskets,4675,-0.0019687517294806733,0.8929475067478794
tmall,2,tifuknn,triple2vec,avg_basket_size,4675,0.019037601619364217,0.19310573962915137
tmall,2,tifuknn,triple2vec,repeat_rate,4675,-0.0011667425758604335,0.9364332936358808
tmall,2,tifuknn,triple2vec,adjacent_basket_jaccard,4675,0.006802744699282788,0.6419230983881341
tmall,2,tifuknn,triple2vec,recency_frequency_disagreement,4675,0.017174091550161173,0.24038164133413997
tmall,2,tifuknn,triple2vec,recent_basket_novelty,4675,0.013443352923136991,0.3581106595791622
tmall,2,tifuknn,triple2vec,popularity_profile,4675,-0.0044974023264896905,0.7585202190383249
tmall,2,tifuknn,triple2vec,neighbor_similarity,4675,-0.01410383987071452,0.3349829487226986
tmall,2,tifuknn,triple2vec,cooccurrence_support,2470,-0.0034080381492173216,0.8655676249485939
tmall,2,tifuknn,triple2vec,transition_predictability,2138,-0.001225210050278406,0.9548488742303594
tmall,2,tifuknn,sets2sets,n_baskets,4675,0.008282784566633393,0.5712679269054441
tmall,2,tifuknn,sets2sets,avg_basket_size,4675,0.027128398662322296,0.06363598277030873
tmall,2,tifuknn,sets2sets,repeat_rate,4675,0.007328919662045166,0.6163851490409065
tmall,2,tifuknn,sets2sets,adjacent_basket_jaccard,4675,0.01644144381174206,0.26103756400477185
tmall,2,tifuknn,sets2sets,recency_frequency_disagreement,4675,0.019818601271260436,0.17546625351757905
tmall,2,tifuknn,sets2sets,recent_basket_novelty,4675,-0.014766783208263468,0.3127595147523036
tmall,2,tifuknn,sets2sets,popularity_profile,4675,-0.016799036685293613,0.25080729763053533
tmall,2,tifuknn,sets2sets,neighbor_similarity,4675,-0.028407811219852617,0.052109575695287354
tmall,2,tifuknn,sets2sets,cooccurrence_support,2470,-0.01837729139271635,0.3612690952312816
tmall,2,tifuknn,sets2sets,transition_predictability,2138,-0.007300161625244284,0.7358487735063168
tmall,2,tifuknn,dnntsp,n_baskets,4675,-0.02454276072216334,0.09336857476630851
tmall,2,tifuknn,dnntsp,avg_basket_size,4675,-0.016441367649528145,0.2610397731956031
tmall,2,tifuknn,dnntsp,repeat_rate,4675,0.02029359180450999,0.16534259883107058
tmall,2,tifuknn,dnntsp,adjacent_basket_jaccard,4675,0.024263783831600126,0.09715371730763808
tmall,2,tifuknn,dnntsp,recency_frequency_disagreement,4675,-0.03260834800140172,0.025776739735754218
tmall,2,tifuknn,dnntsp,recent_basket_novelty,4675,-0.03327642337731058,0.022890164990609998
tmall,2,tifuknn,dnntsp,popularity_profile,4675,0.027690836480712987,0.05833271692500196
tmall,2,tifuknn,dnntsp,neighbor_similarity,4675,0.025700447142646167,0.078907252536494
tmall,2,tifuknn,dnntsp,cooccurrence_support,2470,-0.011999149401394557,0.5511308343534159
tmall,2,tifuknn,dnntsp,transition_predictability,2138,-0.00347367324983633,0.8724682898078107
tmall,2,triple2vec,sets2sets,n_baskets,4675,0.017998947611433256,0.218536085909546
tmall,2,triple2vec,sets2sets,avg_basket_size,4675,0.028904316451655462,0.04813356891619912
tmall,2,triple2vec,sets2sets,repeat_rate,4675,0.008213835694381154,0.5744759102468975
tmall,2,triple2vec,sets2sets,adjacent_basket_jaccard,4675,0.0076979567587116575,0.5987444443118632
tmall,2,triple2vec,sets2sets,recency_frequency_disagreement,4675,0.02286329860967328,0.1180429999130478
tmall,2,triple2vec,sets2sets,recent_basket_novelty,4675,-0.012989481373715434,0.37457174208234534
tmall,2,triple2vec,sets2sets,popularity_profile,4675,-0.011826536925705476,0.4188377165391317
tmall,2,triple2vec,sets2sets,neighbor_similarity,4675,-0.018243413172021612,0.2123443966924938
tmall,2,triple2vec,sets2sets,cooccurrence_support,2470,-0.01936542419328055,0.3360259564157745
tmall,2,triple2vec,sets2sets,transition_predictability,2138,0.0041065840707734495,0.8494877265295244
tmall,2,triple2vec,dnntsp,n_baskets,4675,-0.02200273482894568,0.13253138361672862
tmall,2,triple2vec,dnntsp,avg_basket_size,4675,-0.018974567889871532,0.19458425821051234
tmall,2,triple2vec,dnntsp,repeat_rate,4675,0.01962490766010588,0.1797246721228196
tmall,2,triple2vec,dnntsp,adjacent_basket_jaccard,4675,0.018609095069741562,0.20332066798821377
tmall,2,triple2vec,dnntsp,recency_frequency_disagreement,4675,-0.03324641672206474,0.023013525106530753
tmall,2,triple2vec,dnntsp,recent_basket_novelty,4675,-0.031156336213547395,0.0331526374160941
tmall,2,triple2vec,dnntsp,popularity_profile,4675,0.022238829845697385,0.12842591937836484
tmall,2,triple2vec,dnntsp,neighbor_similarity,4675,0.022625903808961897,0.12190974104338356
tmall,2,triple2vec,dnntsp,cooccurrence_support,2470,-0.011795724288703437,0.5579020908061456
tmall,2,triple2vec,dnntsp,transition_predictability,2138,-0.019012011237081634,0.37958976549788936
tmall,2,sets2sets,dnntsp,n_baskets,4675,-0.03279500827518972,0.024940152103618347
tmall,2,sets2sets,dnntsp,avg_basket_size,4675,-0.020504589988639587,0.16098910574227207
tmall,2,sets2sets,dnntsp,repeat_rate,4675,0.019915829805265624,0.17335722907284282
tmall,2,sets2sets,dnntsp,adjacent_basket_jaccard,4675,0.018198651954526298,0.2134685066958246
tmall,2,sets2sets,dnntsp,recency_frequency_disagreement,4675,-0.04694673507341007,0.001323445159006754
tmall,2,sets2sets,dnntsp,recent_basket_novelty,4675,-0.030543166175605794,0.03677201658977036
tmall,2,sets2sets,dnntsp,popularity_profile,4675,0.02589620284697918,0.07665226714876879
tmall,2,sets2sets,dnntsp,neighbor_similarity,4675,0.029670718558417776,0.042498134873944854
tmall,2,sets2sets,dnntsp,cooccurrence_support,2470,0.0018575087123507059,0.9264836415961208
tmall,2,sets2sets,dnntsp,transition_predictability,2138,-0.013704303849593142,0.5265209218563685
valuedshopper,0,recency,frequency,n_baskets,6214,-0.021667152826451343,0.08766319327718658
valuedshopper,0,recency,frequency,avg_basket_size,6214,-0.12503499615122002,4.4538703312901895e-23
valuedshopper,0,recency,frequency,repeat_rate,6214,-0.15903610565169238,1.7570413805632653e-36
valuedshopper,0,recency,frequency,adjacent_basket_jaccard,6214,-0.1048074161045757,1.200960598870368e-16
valuedshopper,0,recency,frequency,recency_frequency_disagreement,6214,-0.07380238568895447,5.727128618461679e-09
valuedshopper,0,recency,frequency,recent_basket_novelty,6214,-0.004724002710910811,0.7096581574922483
valuedshopper,0,recency,frequency,popularity_profile,6214,-0.01724567921891313,0.17405597766784786
valuedshopper,0,recency,frequency,neighbor_similarity,6214,0.005068326256268127,0.6895595088493524
valuedshopper,0,recency,frequency,cooccurrence_support,6214,0.0012590170008515305,0.9209580103670981
valuedshopper,0,recency,frequency,transition_predictability,6201,0.07018159434206592,3.1613465487449256e-08
valuedshopper,0,recency,racf,n_baskets,6214,-0.017433115746835415,0.16942250257205937
valuedshopper,0,recency,racf,avg_basket_size,6214,-0.12647033048379083,1.4096143503243316e-23
valuedshopper,0,recency,racf,repeat_rate,6214,-0.15314021918841203,6.393836791000106e-34
valuedshopper,0,recency,racf,adjacent_basket_jaccard,6214,-0.09827116804491867,8.238927608142282e-15
valuedshopper,0,recency,racf,recency_frequency_disagreement,6214,-0.08490135585301749,2.0356627362570025e-11
valuedshopper,0,recency,racf,recent_basket_novelty,6214,-0.0066088202762549465,0.6024593533578539
valuedshopper,0,recency,racf,popularity_profile,6214,-0.020079372036303042,0.11349521646091455
valuedshopper,0,recency,racf,neighbor_similarity,6214,0.002959105930053851,0.8155931124936239
valuedshopper,0,recency,racf,cooccurrence_support,6214,0.001143316541986695,0.9282011407117785
valuedshopper,0,recency,racf,transition_predictability,6201,0.06666688864818908,1.4837301268014572e-07
valuedshopper,0,recency,tifuknn,n_baskets,6214,-0.024446196557074664,0.053983648656925974
valuedshopper,0,recency,tifuknn,avg_basket_size,6214,-0.16903966836215786,4.666649485758118e-41
valuedshopper,0,recency,tifuknn,repeat_rate,6214,-0.1926949858612097,4.762985436726789e-53
valuedshopper,0,recency,tifuknn,adjacent_basket_jaccard,6214,-0.13303527115372388,6.167020883603314e-26
valuedshopper,0,recency,tifuknn,recency_frequency_disagreement,6214,-0.09000634602915179,1.1764554297420233e-12
valuedshopper,0,recency,tifuknn,recent_basket_novelty,6214,0.006101275281277719,0.6306126544027832
valuedshopper,0,recency,tifuknn,popularity_profile,6214,-0.05081344911241618,6.140314191240546e-05
valuedshopper,0,recency,tifuknn,neighbor_similarity,6214,-0.01676811294219321,0.18628826653381067
valuedshopper,0,recency,tifuknn,cooccurrence_support,6214,-0.03074824926437748,0.015353267785351513
valuedshopper,0,recency,tifuknn,transition_predictability,6201,0.036717134207760335,0.0038312057198350504
valuedshopper,0,recency,triple2vec,n_baskets,6214,-0.026731941282006406,0.035099996017786024
valuedshopper,0,recency,triple2vec,avg_basket_size,6214,-0.15788241162056244,5.672948328450706e-36
valuedshopper,0,recency,triple2vec,repeat_rate,6214,-0.18036844427318086,1.359310953333348e-46
valuedshopper,0,recency,triple2vec,adjacent_basket_jaccard,6214,-0.12122581671157814,8.845904072055729e-22
valuedshopper,0,recency,triple2vec,recency_frequency_disagreement,6214,-0.08575248235615235,1.2799186492424909e-11
valuedshopper,0,recency,triple2vec,recent_basket_novelty,6214,0.006415085337136261,0.613139045758863
valuedshopper,0,recency,triple2vec,popularity_profile,6214,-0.03530078578219146,0.00538537188674534
valuedshopper,0,recency,triple2vec,neighbor_similarity,6214,-0.010971418903764185,0.3871940098965927
valuedshopper,0,recency,triple2vec,cooccurrence_support,6214,-0.019435186548106553,0.12554923684869626
valuedshopper,0,recency,triple2vec,transition_predictability,6201,0.05270217531797937,3.29356213100017e-05
valuedshopper,0,recency,sets2sets,n_baskets,6214,-0.007910526823674687,0.5329805332257425
valuedshopper,0,recency,sets2sets,avg_basket_size,6214,-0.0615910533665911,1.1810348143116377e-06
valuedshopper,0,recency,sets2sets,repeat_rate,6214,-0.008059665744190182,0.5252866903879276
valuedshopper,0,recency,sets2sets,adjacent_basket_jaccard,6214,0.02386278915030465,0.059976340872378846
valuedshopper,0,recency,sets2sets,recency_frequency_disagreement,6214,-0.10218936652673499,6.7474597020839625e-16
valuedshopper,0,recency,sets2sets,recent_basket_novelty,6214,-0.09980616763656638,3.1271188965172422e-15
valuedshopper,0,recency,sets2sets,popularity_profile,6214,-0.05973847592754574,2.4483859988522447e-06
valuedshopper,0,recency,sets2sets,neighbor_similarity,6214,-0.02935869656092942,0.020648649262314207
valuedshopper,0,recency,sets2sets,cooccurrence_support,6214,-0.053334374495523515,2.5942527905828985e-05
valuedshopper,0,recency,sets2sets,transition_predictability,6201,0.0430875367691657,0.0006890945313723538
valuedshopper,0,recency,dnntsp,n_baskets,6214,-0.03241166051229351,0.010614700535037136
valuedshopper,0,recency,dnntsp,avg_basket_size,6214,-0.14261586324281514,1.3456699025889055e-29
valuedshopper,0,recency,dnntsp,repeat_rate,6214,-0.11771698719029017,1.2780605715569436e-20
valuedshopper,0,recency,dnntsp,adjacent_basket_jaccard,6214,-0.055239758306220015,1.3189239331933085e-05
valuedshopper,0,recency,dnntsp,recency_frequency_disagreement,6214,-0.11030522209060795,2.779236910543225e-18
valuedshopper,0,recency,dnntsp,recent_basket_novelty,6214,-0.023709255288588395,0.06164203284648477
valuedshopper,0,recency,dnntsp,popularity_profile,6214,-0.07725937728474962,1.0729314426416467e-09
valuedshopper,0,recency,dnntsp,neighbor_similarity,6214,-0.04034203107281549,0.0014688210688106281
valuedshopper,0,recency,dnntsp,cooccurrence_support,6214,-0.05979007849948502,2.3998438044656305e-06
valuedshopper,0,recency,dnntsp,transition_predictability,6201,0.026573159648699683,0.0363947914777789
valuedshopper,0,frequency,racf,n_baskets,6214,0.02604065187041442,0.040102479228173664
valuedshopper,0,frequency,racf,avg_basket_size,6214,-0.02073761196898219,0.10213908942798398
valuedshopper,0,frequency,racf,repeat_rate,6214,0.012513549467784631,0.3240007040689108
valuedshopper,0,frequency,racf,adjacent_basket_jaccard,6214,0.01421531059091743,0.26253956425821007
valuedshopper,0,frequency,racf,recency_frequency_disagreement,6214,-0.04759990955792777,0.00017429719660616938
valuedshopper,0,frequency,racf,recent_basket_novelty,6214,-0.01431726852408958,0.2591317281232616
valuedshopper,0,frequency,racf,popularity_profile,6214,0.000899770939621211,0.9434664203044807
valuedshopper,0,frequency,racf,neighbor_similarity,6214,-0.010016283277117942,0.4298584856334323
valuedshopper,0,frequency,racf,cooccurrence_support,6214,0.01756395409846573,0.16624337698498562
valuedshopper,0,frequency,racf,transition_predictability,6201,-0.0007519415440357368,0.9527921866583573
valuedshopper,0,frequency,tifuknn,n_baskets,6214,0.0025738148829767818,0.8392518157033402
valuedshopper,0,frequency,tifuknn,avg_basket_size,6214,-0.07338127185928407,6.988036478067987e-09
valuedshopper,0,frequency,tifuknn,repeat_rate,6214,-0.06139567054726534,1.2766776112739734e-06
valuedshopper,0,frequency,tifuknn,adjacent_basket_jaccard,6214,-0.0567499863136454,7.596620321989993e-06
valuedshopper,0,frequency,tifuknn,recency_frequency_disagreement,6214,-0.019838977259968964,0.11788226036172891
valuedshopper,0,frequency,tifuknn,recent_basket_novelty,6214,0.011303739028805498,0.37297700604864414
valuedshopper,0,frequency,tifuknn,popularity_profile,6214,-0.06239185680364953,8.562507695052582e-07
valuedshopper,0,frequency,tifuknn,neighbor_similarity,6214,-0.02838351976547137,0.025257395590714122
valuedshopper,0,frequency,tifuknn,cooccurrence_support,6214,-0.05300071712183191,2.913972976680418e-05
valuedshopper,0,frequency,tifuknn,transition_predictability,6201,-0.05656982021540205,8.298190123495825e-06
valuedshopper,0,frequency,triple2vec,n_baskets,6214,-0.019939208456238887,0.11603720559924996
valuedshopper,0,frequency,triple2vec,avg_basket_size,6214,-0.07015801251132729,3.091209125405513e-08
valuedshopper,0,frequency,triple2vec,repeat_rate,6214,-0.06376649369237657,4.88556574428168e-07
valuedshopper,0,frequency,triple2vec,adjacent_basket_jaccard,6214,-0.04131600547806576,0.0011234593380932555
valuedshopper,0,frequency,triple2vec,recency_frequency_disagreement,6214,-0.017951422087944657,0.15709175076148724
valuedshopper,0,frequency,triple2vec,recent_basket_novelty,6214,0.03551771800810487,0.00510798403898872
valuedshopper,0,frequency,triple2vec,popularity_profile,6214,-0.04707498131008284,0.00020548033811033185
valuedshopper,0,frequency,triple2vec,neighbor_similarity,6214,-0.020603694105570017,0.10437308422698745
valuedshopper,0,frequency,triple2vec,cooccurrence_support,6214,-0.03966151298040659,0.00176554319925295
valuedshopper,0,frequency,triple2vec,transition_predictability,6201,-0.03876286129269702,0.0022658945678124334
valuedshopper,0,frequency,sets2sets,n_baskets,6214,0.018987805068299293,0.13449160984241706
valuedshopper,0,frequency,sets2sets,avg_basket_size,6214,0.060751269223475915,1.6478088195730176e-06
valuedshopper,0,frequency,sets2sets,repeat_rate,6214,0.14786513039270813,1.028690970187819e-31
valuedshopper,0,frequency,sets2sets,adjacent_basket_jaccard,6214,0.1294041189329482,1.2878556858170807e-24
valuedshopper,0,frequency,sets2sets,recency_frequency_disagreement,6214,-0.02758969061398955,0.029641944586209293
valuedshopper,0,frequency,sets2sets,recent_basket_novelty,6214,-0.08783555397803361,4.033632058376516e-12
valuedshopper,0,frequency,sets2sets,popularity_profile,6214,-0.049503965084975454,9.463416126849994e-05
valuedshopper,0,frequency,sets2sets,neighbor_similarity,6214,-0.03457785894876269,0.006410654420740838
valuedshopper,0,frequency,sets2sets,cooccurrence_support,6214,-0.06024673248215542,2.0086993049137994e-06
valuedshopper,0,frequency,sets2sets,transition_predictability,6201,-0.022150896133293026,0.08113009742150687
valuedshopper,0,frequency,dnntsp,n_baskets,6214,-0.009604156769731972,0.4490794967449938
valuedshopper,0,frequency,dnntsp,avg_basket_size,6214,-0.02902714041939576,0.022125866654966346
valuedshopper,0,frequency,dnntsp,repeat_rate,6214,0.049745183476642064,8.745338129238874e-05
valuedshopper,0,frequency,dnntsp,adjacent_basket_jaccard,6214,0.07179830642638019,1.4620528239194143e-08
valuedshopper,0,frequency,dnntsp,recency_frequency_disagreement,6214,-0.04376288970720682,0.0005590501023927424
valuedshopper,0,frequency,dnntsp,recent_basket_novelty,6214,-0.020235336000661724,0.11071844151798554
valuedshopper,0,frequency,dnntsp,popularity_profile,6214,-0.07472497983119937,3.689354670704567e-09
valuedshopper,0,frequency,dnntsp,neighbor_similarity,6214,-0.051267911893722484,5.2717514473116795e-05
valuedshopper,0,frequency,dnntsp,cooccurrence_support,6214,-0.07515232085689547,3.0041006554956505e-09
valuedshopper,0,frequency,dnntsp,transition_predictability,6201,-0.04834639545649217,0.0001397753098861425
valuedshopper,0,racf,tifuknn,n_baskets,6214,-0.007385205521710211,0.5605271713277686
valuedshopper,0,racf,tifuknn,avg_basket_size,6214,-0.06203385444895085,9.89114028556792e-07
valuedshopper,0,racf,tifuknn,repeat_rate,6214,-0.06343892902119558,5.590314948626847e-07
valuedshopper,0,racf,tifuknn,adjacent_basket_jaccard,6214,-0.05949660906747996,2.6887469992141275e-06
valuedshopper,0,racf,tifuknn,recency_frequency_disagreement,6214,-0.0024477449810404836,0.8470258618131554
valuedshopper,0,racf,tifuknn,recent_basket_novelty,6214,0.013304366357463255,0.2943602465662441
valuedshopper,0,racf,tifuknn,popularity_profile,6214,-0.05989826555608155,2.301053888912996e-06
valuedshopper,0,racf,tifuknn,neighbor_similarity,6214,-0.02421789272576976,0.056266421843293106
valuedshopper,0,racf,tifuknn,cooccurrence_support,6214,-0.06017736872180706,2.063891901137984e-06
valuedshopper,0,racf,tifuknn,transition_predictability,6201,-0.051820330500938976,4.453727101071045e-05
valuedshopper,0,racf,triple2vec,n_baskets,6214,-0.02893456451681011,0.022554401521781266
valuedshopper,0,racf,triple2vec,avg_basket_size,6214,-0.06725830834589354,1.1153992152253847e-07
valuedshopper,0,racf,triple2vec,repeat_rate,6214,-0.07412452963913162,4.9148304636946585e-09
valuedshopper,0,racf,triple2vec,adjacent_basket_jaccard,6214,-0.052883331378994584,3.0351059355637834e-05
valuedshopper,0,racf,triple2vec,recency_frequency_disagreement,6214,-0.0006331538944553997,0.960201433994224
valuedshopper,0,racf,triple2vec,recent_basket_novelty,6214,0.04314247272331255,0.0006694985129196929
valuedshopper,0,racf,triple2vec,popularity_profile,6214,-0.04736183746109041,0.00018784378258536488
valuedshopper,0,racf,triple2vec,neighbor_similarity,6214,-0.023312064386114415,0.06612947049922129
valuedshopper,0,racf,triple2vec,cooccurrence_support,6214,-0.04893765794079166,0.00011374050636603343
valuedshopper,0,racf,triple2vec,transition_predictability,6201,-0.03760448840337257,0.003059758808706092
valuedshopper,0,racf,sets2sets,n_baskets,6214,0.018548657952235557,0.14374053975320394
valuedshopper,0,racf,sets2sets,avg_basket_size,6214,0.062219134465360516,9.180517749436944e-07
valuedshopper,0,racf,sets2sets,repeat_rate,6214,0.1455787304832028,8.788158802344592e-31
valuedshopper,0,racf,sets2sets,adjacent_basket_jaccard,6214,0.12628998900118635,1.630024539935328e-23
valuedshopper,0,racf,sets2sets,recency_frequency_disagreement,6214,-0.020872669750956335,0.09992477994677196
valuedshopper,0,racf,sets2sets,recent_basket_novelty,6214,-0.08781219752247078,4.0868091801311374e-12
valuedshopper,0,racf,sets2sets,popularity_profile,6214,-0.04795091927202666,0.00015599006730671045
valuedshopper,0,racf,sets2sets,neighbor_similarity,6214,-0.03167229786272313,0.012531347182671864
valuedshopper,0,racf,sets2sets,cooccurrence_support,6214,-0.062455851782191756,8.343862215902028e-07
valuedshopper,0,racf,sets2sets,transition_predictability,6201,-0.023037470961198726,0.06967871748220619
valuedshopper,0,racf,dnntsp,n_baskets,6214,-0.012407387060708104,0.32812284344165976
valuedshopper,0,racf,dnntsp,avg_basket_size,6214,-0.024470016276611696,0.053749995422594066
valuedshopper,0,racf,dnntsp,repeat_rate,6214,0.047687298025695005,0.00016955933634217927
valuedshopper,0,racf,dnntsp,adjacent_basket_jaccard,6214,0.07093674772988597,2.1709475620883907e-08
valuedshopper,0,racf,dnntsp,recency_frequency_disagreement,6214,-0.03127939960031584,0.013669663786261638
valuedshopper,0,racf,dnntsp,recent_basket_novelty,6214,-0.01967883820647239,0.12087775890338161
valuedshopper,0,racf,dnntsp,popularity_profile,6214,-0.07458230686047844,3.950336137194361e-09
valuedshopper,0,racf,dnntsp,neighbor_similarity,6214,-0.04508657555986017,0.00037766395539971326
valuedshopper,0,racf,dnntsp,cooccurrence_support,6214,-0.08017926121534515,2.4617147445855026e-10
valuedshopper,0,racf,dnntsp,transition_predictability,6201,-0.04704082931251403,0.00021088936532562302
valuedshopper,0,tifuknn,triple2vec,n_baskets,6214,-0.020313374755198916,0.10934932017141484
valuedshopper,0,tifuknn,triple2vec,avg_basket_size,6214,0.0099038001843173,0.43505659540437236
valuedshopper,0,tifuknn,triple2vec,repeat_rate,6214,0.005954440925120404,0.6388609828353224
valuedshopper,0,tifuknn,triple2vec,adjacent_basket_jaccard,6214,0.013564544129326136,0.285018957657898
valuedshopper,0,tifuknn,triple2vec,recency_frequency_disagreement,6214,0.0016881327367084466,0.8941561956039419
valuedshopper,0,tifuknn,triple2vec,recent_basket_novelty,6214,0.02247647187582132,0.07645042415035612
valuedshopper,0,tifuknn,triple2vec,popularity_profile,6214,0.028700328390753115,0.02367103389122826
valuedshopper,0,tifuknn,triple2vec,neighbor_similarity,6214,0.0018652750962959608,0.8831255599703071
valuedshopper,0,tifuknn,triple2vec,cooccurrence_support,6214,0.02754058517847046,0.029933453157036747
valuedshopper,0,tifuknn,triple2vec,transition_predictability,6201,0.024816811580709374,0.0506843977654129
valuedshopper,0,tifuknn,sets2sets,n_baskets,6214,0.022194221270972016,0.08022014183068239
valuedshopper,0,tifuknn,sets2sets,avg_basket_size,6214,0.1193965652220592,3.594724337868671e-21
valuedshopper,0,tifuknn,sets2sets,repeat_rate,6214,0.19588858165172893,8.53385510276414e-55
valuedshopper,0,tifuknn,sets2sets,adjacent_basket_jaccard,6214,0.16711601825412487,3.728657287731536e-40
valuedshopper,0,tifuknn,sets2sets,recency_frequency_disagreement,6214,-0.007551240695721559,0.5517465865953999
valuedshopper,0,tifuknn,sets2sets,recent_basket_novelty,6214,-0.11018683120348398,3.0201331562031982e-18
valuedshopper,0,tifuknn,sets2sets,popularity_profile,6214,-0.012753473816158656,0.3148095569734499
valuedshopper,0,tifuknn,sets2sets,neighbor_similarity,6214,-0.018922262444461754,0.1358420466315156
valuedshopper,0,tifuknn,sets2sets,cooccurrence_support,6214,-0.029274779648011753,0.021014167890570524
valuedshopper,0,tifuknn,sets2sets,transition_predictability,6201,0.011097052516248896,0.3822794809157243
valuedshopper,0,tifuknn,dnntsp,n_baskets,6214,-0.01724811656800385,0.17399512462477973
valuedshopper,0,tifuknn,dnntsp,avg_basket_size,6214,0.03288204938131182,0.009535428080174598
valuedshopper,0,tifuknn,dnntsp,repeat_rate,6214,0.10398024624828273,2.0816321102863649e-16
valuedshopper,0,tifuknn,dnntsp,adjacent_basket_jaccard,6214,0.11477040361526006,1.1325053518308024e-19
valuedshopper,0,tifuknn,dnntsp,recency_frequency_disagreement,6214,-0.02742703107696228,0.0306170040159547
valuedshopper,0,tifuknn,dnntsp,recent_basket_novelty,6214,-0.039671132067880185,0.0017609904585182646
valuedshopper,0,tifuknn,dnntsp,popularity_profile,6214,-0.031264985832160995,0.013713106841931248
valuedshopper,0,tifuknn,dnntsp,neighbor_similarity,6214,-0.023389889259171022,0.06522961601910197
valuedshopper,0,tifuknn,dnntsp,cooccurrence_support,6214,-0.03728503037282139,0.003286682653555212
valuedshopper,0,tifuknn,dnntsp,transition_predictability,6201,-0.00400953129252669,0.7522500500086013
valuedshopper,0,triple2vec,sets2sets,n_baskets,6214,0.028594869913424435,0.024189224760363965
valuedshopper,0,triple2vec,sets2sets,avg_basket_size,6214,0.10096084740843388,1.494187962173153e-15
valuedshopper,0,triple2vec,sets2sets,repeat_rate,6214,0.18040298164604876,1.3057604546782834e-46
valuedshopper,0,triple2vec,sets2sets,adjacent_basket_jaccard,6214,0.15001488015317588,1.326486859076887e-32
valuedshopper,0,triple2vec,sets2sets,recency_frequency_disagreement,6214,-0.0147277458951611,0.24572250228825113
valuedshopper,0,triple2vec,sets2sets,recent_basket_novelty,6214,-0.1074326819063981,2.0366221212502906e-17
valuedshopper,0,triple2vec,sets2sets,popularity_profile,6214,-0.02701528367494125,0.03320910640380073
valuedshopper,0,triple2vec,sets2sets,neighbor_similarity,6214,-0.02082385246396249,0.10072069417619722
valuedshopper,0,triple2vec,sets2sets,cooccurrence_support,6214,-0.03740406206635272,0.003188443670872008
valuedshopper,0,triple2vec,sets2sets,transition_predictability,6201,-0.0065696069407649065,0.6049925618095122
valuedshopper,0,triple2vec,dnntsp,n_baskets,6214,0.0022244884290923053,0.8608289993183263
valuedshopper,0,triple2vec,dnntsp,avg_basket_size,6214,0.015537923219050355,0.22070133260632813
valuedshopper,0,triple2vec,dnntsp,repeat_rate,6214,0.08965736782152961,1.437026238845172e-12
valuedshopper,0,triple2vec,dnntsp,adjacent_basket_jaccard,6214,0.0960875953200741,3.1860811648206e-14
valuedshopper,0,triple2vec,dnntsp,recency_frequency_disagreement,6214,-0.0321391973684137,0.011288357782203952
valuedshopper,0,triple2vec,dnntsp,recent_basket_novelty,6214,-0.042871762266647045,0.0007237794633683515
valuedshopper,0,triple2vec,dnntsp,popularity_profile,6214,-0.04992718297800724,8.237950559331434e-05
valuedshopper,0,triple2vec,dnntsp,neighbor_similarity,6214,-0.029015774235594774,0.022178096686417823
valuedshopper,0,triple2vec,dnntsp,cooccurrence_support,6214,-0.05101914818112464,5.731619613274113e-05
valuedshopper,0,triple2vec,dnntsp,transition_predictability,6201,-0.021506595563714214,0.09037516770388421
valuedshopper,0,sets2sets,dnntsp,n_baskets,6214,-0.02365454860265812,0.06224472226605802
valuedshopper,0,sets2sets,dnntsp,avg_basket_size,6214,-0.10139033030645903,1.1328529254064493e-15
valuedshopper,0,sets2sets,dnntsp,repeat_rate,6214,-0.12932415014710605,1.375672717190308e-24
valuedshopper,0,sets2sets,dnntsp,adjacent_basket_jaccard,6214,-0.09494465639457546,6.390235141149919e-14
valuedshopper,0,sets2sets,dnntsp,recency_frequency_disagreement,6214,-0.012340185895218148,0.33074967387989374
valuedshopper,0,sets2sets,dnntsp,recent_basket_novelty,6214,0.08494656988242705,1.986321993756e-11
valuedshopper,0,sets2sets,dnntsp,popularity_profile,6214,-0.015913967000699098,0.20973007050003403
valuedshopper,0,sets2sets,dnntsp,neighbor_similarity,6214,-0.004574564990275352,0.7184452951711885
valuedshopper,0,sets2sets,dnntsp,cooccurrence_support,6214,-0.003829936381618598,0.7627662975341505
valuedshopper,0,sets2sets,dnntsp,transition_predictability,6201,-0.01752814414028912,0.16755385574655912
valuedshopper,1,recency,frequency,n_baskets,6214,-0.016499196972976058,0.19344990696559863
valuedshopper,1,recency,frequency,avg_basket_size,6214,-0.12928508864286928,1.4206985382126312e-24
valuedshopper,1,recency,frequency,repeat_rate,6214,-0.1779459685624048,2.232728325723846e-45
valuedshopper,1,recency,frequency,adjacent_basket_jaccard,6214,-0.13262973301513767,8.695955550777617e-26
valuedshopper,1,recency,frequency,recency_frequency_disagreement,6214,-0.07440859806315002,4.292410769321439e-09
valuedshopper,1,recency,frequency,recent_basket_novelty,6214,0.0069592665377907256,0.5833570021360952
valuedshopper,1,recency,frequency,popularity_profile,6214,-0.029694649886212475,0.019240272254462634
valuedshopper,1,recency,frequency,neighbor_similarity,6214,-0.018107706027975432,0.1535104657833629
valuedshopper,1,recency,frequency,cooccurrence_support,6214,-0.018406067671777805,0.1468462588587583
valuedshopper,1,recency,frequency,transition_predictability,6191,0.05217431290364778,4.00492961195018e-05
valuedshopper,1,recency,racf,n_baskets,6214,-0.016562109780937175,0.19175659444639598
valuedshopper,1,recency,racf,avg_basket_size,6214,-0.1284856150347317,2.7404894237095334e-24
valuedshopper,1,recency,racf,repeat_rate,6214,-0.17308510207743358,5.439960481565115e-43
valuedshopper,1,recency,racf,adjacent_basket_jaccard,6214,-0.12613356530711195,1.8486141790795013e-23
valuedshopper,1,recency,racf,recency_frequency_disagreement,6214,-0.0803535325822832,2.250891272867948e-10
valuedshopper,1,recency,racf,recent_basket_novelty,6214,0.0008267493698682617,0.9480476699672149
valuedshopper,1,recency,racf,popularity_profile,6214,-0.03124542666723983,0.013772253048226239
valuedshopper,1,recency,racf,neighbor_similarity,6214,-0.018802667708553128,0.13833311817584187
valuedshopper,1,recency,racf,cooccurrence_support,6214,-0.018067613840755538,0.1544232145874691
valuedshopper,1,recency,racf,transition_predictability,6191,0.052624905666541814,3.432182831733483e-05
valuedshopper,1,recency,tifuknn,n_baskets,6214,-0.01879930599455626,0.13840364534543417
valuedshopper,1,recency,tifuknn,avg_basket_size,6214,-0.17451801101542042,1.0945869795583792e-43
valuedshopper,1,recency,tifuknn,repeat_rate,6214,-0.20920233379662498,2.070690547243638e-62
valuedshopper,1,recency,tifuknn,adjacent_basket_jaccard,6214,-0.15149093792746857,3.193193849141523e-33
valuedshopper,1,recency,tifuknn,recency_frequency_disagreement,6214,-0.1021004602097533,7.149336043456568e-16
valuedshopper,1,recency,tifuknn,recent_basket_novelty,6214,0.019748380089444233,0.11956970073134993
valuedshopper,1,recency,tifuknn,popularity_profile,6214,-0.04844244252072261,0.00013337576448073105
valuedshopper,1,recency,tifuknn,neighbor_similarity,6214,-0.035099594591416,0.005654709914380739
valuedshopper,1,recency,tifuknn,cooccurrence_support,6214,-0.04130539950473672,0.0011267770182438496
valuedshopper,1,recency,tifuknn,transition_predictability,6191,0.0362896733473148,0.0042936517699347036
valuedshopper,1,recency,triple2vec,n_baskets,6214,-0.019337129700838108,0.12746848357117987
valuedshopper,1,recency,triple2vec,avg_basket_size,6214,-0.15709362752851536,1.2578144324794265e-35
valuedshopper,1,recency,triple2vec,repeat_rate,6214,-0.1955519904339162,1.3082558348746256e-54
valuedshopper,1,recency,triple2vec,adjacent_basket_jaccard,6214,-0.14308079490856085,8.80314888226905e-30
valuedshopper,1,recency,triple2vec,recency_frequency_disagreement,6214,-0.09136215544466116,5.368631534435804e-13
valuedshopper,1,recency,triple2vec,recent_basket_novelty,6214,0.01604857020681441,0.2059005294118123
valuedshopper,1,recency,triple2vec,popularity_profile,6214,-0.034853220880809624,0.006001048400026424
valuedshopper,1,recency,triple2vec,neighbor_similarity,6214,-0.019915581135527737,0.1164700800471455
valuedshopper,1,recency,triple2vec,cooccurrence_support,6214,-0.02447454211076342,0.05370569601530805
valuedshopper,1,recency,triple2vec,transition_predictability,6191,0.0448086837813636,0.00042071453618592567
valuedshopper,1,recency,sets2sets,n_baskets,6214,-0.0014324725431653052,0.9101117256976694
valuedshopper,1,recency,sets2sets,avg_basket_size,6214,-0.059948452981416774,2.2565625957102465e-06
valuedshopper,1,recency,sets2sets,repeat_rate,6214,-0.03327936982595246,0.008701203885316911
valuedshopper,1,recency,sets2sets,adjacent_basket_jaccard,6214,-0.016645131950183096,0.18953874935483567
valuedshopper,1,recency,sets2sets,recency_frequency_disagreement,6214,-0.10776103883283893,1.6262532882966197e-17
valuedshopper,1,recency,sets2sets,recent_basket_novelty,6214,-0.08415287482038519,3.050051619409304e-11
valuedshopper,1,recency,sets2sets,popularity_profile,6214,-0.028718540841931074,0.023582525370482516
valuedshopper,1,recency,sets2sets,neighbor_similarity,6214,-0.036567644097892114,0.003939418813096224
valuedshopper,1,recency,sets2sets,cooccurrence_support,6214,-0.038696015995044644,0.002281607861604403
valuedshopper,1,recency,sets2sets,transition_predictability,6191,0.06000228388762353,2.307302020163768e-06
valuedshopper,1,recency,dnntsp,n_baskets,6214,-0.0340227714293701,0.007313632097109317
valuedshopper,1,recency,dnntsp,avg_basket_size,6214,-0.13909390337293095,3.1994920418802623e-28
valuedshopper,1,recency,dnntsp,repeat_rate,6214,-0.12646947060174027,1.4105918329443131e-23
valuedshopper,1,recency,dnntsp,adjacent_basket_jaccard,6214,-0.08277370770369541,6.366651081056142e-11
valuedshopper,1,recency,dnntsp,recency_frequency_disagreement,6214,-0.11206475740342,7.995136358429668e-19
valuedshopper,1,recency,dnntsp,recent_basket_novelty,6214,-0.02658874746390762,0.036090057323865124
valuedshopper,1,recency,dnntsp,popularity_profile,6214,-0.08732983650219195,5.352107905039817e-12
valuedshopper,1,recency,dnntsp,neighbor_similarity,6214,-0.05229680384514151,3.715506196637782e-05
valuedshopper,1,recency,dnntsp,cooccurrence_support,6214,-0.07672542246940024,1.3963992268961224e-09
valuedshopper,1,recency,dnntsp,transition_predictability,6191,0.028350850044727982,0.025699334427079425
valuedshopper,1,frequency,racf,n_baskets,6214,0.01870720814830902,0.14034660707028368
valuedshopper,1,frequency,racf,avg_basket_size,6214,-0.01997978963714195,0.11529667183923151
valuedshopper,1,frequency,racf,repeat_rate,6214,0.010190089613306494,0.42189780975036295
valuedshopper,1,frequency,racf,adjacent_basket_jaccard,6214,0.006241770645874616,0.6227632452279293
valuedshopper,1,frequency,racf,recency_frequency_disagreement,6214,-0.029264458859503795,0.02105950932200421
valuedshopper,1,frequency,racf,recent_basket_novelty,6214,-0.017554037809390473,0.1664827421398582
valuedshopper,1,frequency,racf,popularity_profile,6214,-0.005782397057075262,0.6485825107000909
valuedshopper,1,frequency,racf,neighbor_similarity,6214,-0.00900955284106245,0.477651470918242
valuedshopper,1,frequency,racf,cooccurrence_support,6214,0.001864996885722432,0.8831428669352619
valuedshopper,1,frequency,racf,transition_predictability,6191,0.010957143709165963,0.38869207646074055
valuedshopper,1,frequency,tifuknn,n_baskets,6214,-0.010137394928311984,0.4243021567323727
valuedshopper,1,frequency,tifuknn,avg_basket_size,6214,-0.07262398602245179,9.967080044801571e-09
valuedshopper,1,frequency,tifuknn,repeat_rate,6214,-0.04830975678975585,0.00013915545353650855
valuedshopper,1,frequency,tifuknn,adjacent_basket_jaccard,6214,-0.04241008892885013,0.000825875506497164
valuedshopper,1,frequency,tifuknn,recency_frequency_disagreement,6214,-0.04143825829102825,0.0010858635514709501
valuedshopper,1,frequency,tifuknn,recent_basket_novelty,6214,0.017886863135769416,0.1585894796995941
valuedshopper,1,frequency,tifuknn,popularity_profile,6214,-0.03187293733494431,0.011983073931001204
valuedshopper,1,frequency,tifuknn,neighbor_similarity,6214,-0.018871914993108387,0.1368864936843796
valuedshopper,1,frequency,tifuknn,cooccurrence_support,6214,-0.028412505554329368,0.025108526773241817
valuedshopper,1,frequency,tifuknn,transition_predictability,6191,-0.019129463199223373,0.13232521776063724
valuedshopper,1,frequency,triple2vec,n_baskets,6214,-0.0063382917454972805,0.6173953179548817
valuedshopper,1,frequency,triple2vec,avg_basket_size,6214,-0.07395883899681083,5.317528258800604e-09
valuedshopper,1,frequency,triple2vec,repeat_rate,6214,-0.06231417913270942,8.835318346970599e-07
valuedshopper,1,frequency,triple2vec,adjacent_basket_jaccard,6214,-0.030959403176411653,0.01466326728330453
valuedshopper,1,frequency,triple2vec,recency_frequency_disagreement,6214,-0.0364598031790363,0.004047130382412748
valuedshopper,1,frequency,triple2vec,recent_basket_novelty,6214,0.029381461274337623,0.020550453197614418
valuedshopper,1,frequency,triple2vec,popularity_profile,6214,-0.02140767943722106,0.09152679094673784
valuedshopper,1,frequency,triple2vec,neighbor_similarity,6214,0.0041469616865322445,0.7437917876389677
valuedshopper,1,frequency,triple2vec,cooccurrence_support,6214,-0.014608884341836298,0.2495543641550885
valuedshopper,1,frequency,triple2vec,transition_predictability,6191,-0.014564867448051102,0.2518632274689652
valuedshopper,1,frequency,sets2sets,n_baskets,6214,0.00043342247549427984,0.972750075587137
valuedshopper,1,frequency,sets2sets,avg_basket_size,6214,0.07937216879023894,3.7174878890710046e-10
valuedshopper,1,frequency,sets2sets,repeat_rate,6214,0.15006100257625365,1.269030328075239e-32
valuedshopper,1,frequency,sets2sets,adjacent_basket_jaccard,6214,0.11842290044441472,7.515808262183525e-21
valuedshopper,1,frequency,sets2sets,recency_frequency_disagreement,6214,-0.020146027685945266,0.11230184449033516
valuedshopper,1,frequency,sets2sets,recent_basket_novelty,6214,-0.0865753154868322,8.137568694200082e-12
valuedshopper,1,frequency,sets2sets,popularity_profile,6214,-0.006084853903103123,0.6315328579156899
valuedshopper,1,frequency,sets2sets,neighbor_similarity,6214,-0.020925375010005576,0.09907111434684449
valuedshopper,1,frequency,sets2sets,cooccurrence_support,6214,-0.02453264619114234,0.05313966847662024
valuedshopper,1,frequency,sets2sets,transition_predictability,6191,0.004059601973224016,0.7494549760754529
valuedshopper,1,frequency,dnntsp,n_baskets,6214,-0.031162927757395747,0.014024212459762216
valuedshopper,1,frequency,dnntsp,avg_basket_size,6214,-0.023014998336955455,0.0696587992161315
valuedshopper,1,frequency,dnntsp,repeat_rate,6214,0.055272398486341835,1.3034800623290422e-05
valuedshopper,1,frequency,dnntsp,adjacent_basket_jaccard,6214,0.054465462078709656,1.740809999189913e-05
valuedshopper,1,frequency,dnntsp,recency_frequency_disagreement,6214,-0.046532580483421994,0.00024315549847663098
valuedshopper,1,frequency,dnntsp,recent_basket_novelty,6214,-0.03490732589593246,0.0059233936629733835
valuedshopper,1,frequency,dnntsp,popularity_profile,6214,-0.0809369001973205,1.665709734792893e-10
valuedshopper,1,frequency,dnntsp,neighbor_similarity,6214,-0.04648396118516366,0.0002468316513018301
valuedshopper,1,frequency,dnntsp,cooccurrence_support,6214,-0.07949923761434234,3.484834187692024e-10
valuedshopper,1,frequency,dnntsp,transition_predictability,6191,-0.044901847653781246,0.0004092019322910114
valuedshopper,1,racf,tifuknn,n_baskets,6214,-0.013548918632203191,0.2855742455762459
valuedshopper,1,racf,tifuknn,avg_basket_size,6214,-0.07531909258091694,2.771769532796783e-09
valuedshopper,1,racf,tifuknn,repeat_rate,6214,-0.0576376935887777,5.457563594436469e-06
valuedshopper,1,racf,tifuknn,adjacent_basket_jaccard,6214,-0.04713531151105989,0.00020164672034494603
valuedshopper,1,racf,tifuknn,recency_frequency_disagreement,6214,-0.028282992080265648,0.025779631112899284
valuedshopper,1,racf,tifuknn,recent_basket_novelty,6214,0.03554943510094334,0.0050685280441054295
valuedshopper,1,racf,tifuknn,popularity_profile,6214,-0.031603522505802326,0.012724331758647138
valuedshopper,1,racf,tifuknn,neighbor_similarity,6214,-0.010410258509260807,0.4119387283779007
valuedshopper,1,racf,tifuknn,cooccurrence_support,6214,-0.026314282620510103,0.03805437639635933
valuedshopper,1,racf,tifuknn,transition_predictability,6191,-0.020592719065637352,0.10520228752759421
valuedshopper,1,racf,triple2vec,n_baskets,6214,-0.014977711378355334,0.23779917321175625
valuedshopper,1,racf,triple2vec,avg_basket_size,6214,-0.0739415800264864,5.361275419588781e-09
valuedshopper,1,racf,triple2vec,repeat_rate,6214,-0.07179079976064132,1.46712628571974e-08
valuedshopper,1,racf,triple2vec,adjacent_basket_jaccard,6214,-0.040693116261677285,0.0013343936063078187
valuedshopper,1,racf,triple2vec,recency_frequency_disagreement,6214,-0.02216790030527675,0.08057924847971668
valuedshopper,1,racf,triple2vec,recent_basket_novelty,6214,0.0402895483251425,0.0014899558661032118
valuedshopper,1,racf,triple2vec,popularity_profile,6214,-0.017342871463861095,0.17164168635191898
valuedshopper,1,racf,triple2vec,neighbor_similarity,6214,0.003814189055320301,0.7637126351089008
valuedshopper,1,racf,triple2vec,cooccurrence_support,6214,-0.015425799937597405,0.22405083646910623
valuedshopper,1,racf,triple2vec,transition_predictability,6191,-0.017243803116150175,0.17490215514713503
valuedshopper,1,racf,sets2sets,n_baskets,6214,0.00469807082600575,0.7111802600362114
valuedshopper,1,racf,sets2sets,avg_basket_size,6214,0.07940649968481067,3.6531769210783956e-10
valuedshopper,1,racf,sets2sets,repeat_rate,6214,0.14699985723182288,2.325979448429547e-31
valuedshopper,1,racf,sets2sets,adjacent_basket_jaccard,6214,0.11543169342422789,6.974274866386082e-20
valuedshopper,1,racf,sets2sets,recency_frequency_disagreement,6214,-0.010993985178334158,0.3862182689935826
valuedshopper,1,racf,sets2sets,recent_basket_novelty,6214,-0.08080351608323014,1.7847469949235389e-10
valuedshopper,1,racf,sets2sets,popularity_profile,6214,9.2084609184767e-05,0.9942094269505516
valuedshopper,1,racf,sets2sets,neighbor_similarity,6214,-0.01793404551269678,0.1574938185528084
valuedshopper,1,racf,sets2sets,cooccurrence_support,6214,-0.020087813110710843,0.11334354138396699
valuedshopper,1,racf,sets2sets,transition_predictability,6191,0.003914098543948769,0.7581495627705723
valuedshopper,1,racf,dnntsp,n_baskets,6214,-0.027382758661823017,0.030887114826239837
valuedshopper,1,racf,dnntsp,avg_basket_size,6214,-0.021126319582786306,0.09586968223583155
valuedshopper,1,racf,dnntsp,repeat_rate,6214,0.04773131431707777,0.00016721906738777572
valuedshopper,1,racf,dnntsp,adjacent_basket_jaccard,6214,0.049632741111678584,9.073413330849323e-05
valuedshopper,1,racf,dnntsp,recency_frequency_disagreement,6214,-0.037506714465435104,0.0031058795500644777
valuedshopper,1,racf,dnntsp,recent_basket_novelty,6214,-0.030217428634033712,0.01721552002786497
valuedshopper,1,racf,dnntsp,popularity_profile,6214,-0.07313016127336515,7.864313725098298e-09
valuedshopper,1,racf,dnntsp,neighbor_similarity,6214,-0.03648442570120265,0.004022304601464774
valuedshopper,1,racf,dnntsp,cooccurrence_support,6214,-0.07077142847367063,2.3408135960708647e-08
valuedshopper,1,racf,dnntsp,transition_predictability,6191,-0.04262756545708846,0.000793912602156518
valuedshopper,1,tifuknn,triple2vec,n_baskets,6214,-0.0043741301027188,0.7302896396982818
valuedshopper,1,tifuknn,triple2vec,avg_basket_size,6214,0.0160197826267337,0.20671525360266316
valuedshopper,1,tifuknn,triple2vec,repeat_rate,6214,-0.00227319567184242,0.8578138286496282
valuedshopper,1,tifuknn,triple2vec,adjacent_basket_jaccard,6214,0.0069188505661678555,0.5855455668719032
valuedshopper,1,tifuknn,triple2vec,recency_frequency_disagreement,6214,0.011755630899068103,0.354170938927283
valuedshopper,1,tifuknn,triple2vec,recent_basket_novelty,6214,0.004180535840079168,0.7417911674149449
valuedshopper,1,tifuknn,triple2vec,popularity_profile,6214,0.020457761700334667,0.10685149555504292
valuedshopper,1,tifuknn,triple2vec,neighbor_similarity,6214,0.026288455461124,0.038243812232643726
valuedshopper,1,tifuknn,triple2vec,cooccurrence_support,6214,0.026205595188173825,0.03885699174336345
valuedshopper,1,tifuknn,triple2vec,transition_predictability,6191,0.018719999377885058,0.14081155159380107
valuedshopper,1,tifuknn,sets2sets,n_baskets,6214,0.007647401300994917,0.5466923212328103
valuedshopper,1,tifuknn,sets2sets,avg_basket_size,6214,0.12650891067516745,1.3664410330562907e-23
valuedshopper,1,tifuknn,sets2sets,repeat_rate,6214,0.18550541328130524,3.1489564846067435e-49
valuedshopper,1,tifuknn,sets2sets,adjacent_basket_jaccard,6214,0.14121827081595423,4.7779715147028564e-29
valuedshopper,1,tifuknn,sets2sets,recency_frequency_disagreement,6214,0.005398212151606149,0.6705066428350197
valuedshopper,1,tifuknn,sets2sets,recent_basket_novelty,6214,-0.10480506866765371,1.2028440664443265e-16
valuedshopper,1,tifuknn,sets2sets,popularity_profile,6214,0.01707943497905404,0.17824418690206054
valuedshopper,1,tifuknn,sets2sets,neighbor_similarity,6214,-0.002669986943358068,0.833331890390272
valuedshopper,1,tifuknn,sets2sets,cooccurrence_support,6214,0.0007381095004688738,0.9536110790878228
valuedshopper,1,tifuknn,sets2sets,transition_predictability,6191,0.024515561692770294,0.05374873512551302
valuedshopper,1,tifuknn,dnntsp,n_baskets,6214,-0.02222403649995921,0.07981493304528847
valuedshopper,1,tifuknn,dnntsp,avg_basket_size,6214,0.044725280873787764,0.00042077099434562634
valuedshopper,1,tifuknn,dnntsp,repeat_rate,6214,0.09735065729565415,1.4624446924127408e-14
valuedshopper,1,tifuknn,dnntsp,adjacent_basket_jaccard,6214,0.08508176580246522,1.8456668304780464e-11
valuedshopper,1,tifuknn,dnntsp,recency_frequency_disagreement,6214,-0.010846820057481447,0.3926085390642574
valuedshopper,1,tifuknn,dnntsp,recent_basket_novelty,6214,-0.059699245357380214,2.4859190402607373e-06
valuedshopper,1,tifuknn,dnntsp,popularity_profile,6214,-0.052369311506045395,3.624156937819831e-05
valuedshopper,1,tifuknn,dnntsp,neighbor_similarity,6214,-0.023846209996485138,0.060154391964154175
valuedshopper,1,tifuknn,dnntsp,cooccurrence_support,6214,-0.05206732319285115,4.019238708264158e-05
valuedshopper,1,tifuknn,dnntsp,transition_predictability,6191,-0.022222421683359465,0.08039693758629363
valuedshopper,1,triple2vec,sets2sets,n_baskets,6214,0.009168302593572958,0.469927351710684
valuedshopper,1,triple2vec,sets2sets,avg_basket_size,6214,0.12006794650675962,2.1540691961613443e-21
valuedshopper,1,triple2vec,sets2sets,repeat_rate,6214,0.18119372761479943,5.190995601792043e-47
valuedshopper,1,triple2vec,sets2sets,adjacent_basket_jaccard,6214,0.13377732711505916,3.2793669333429884e-26
valuedshopper,1,triple2vec,sets2sets,recency_frequency_disagreement,6214,0.00278493622143678,0.8262685251578205
valuedshopper,1,triple2vec,sets2sets,recent_basket_novelty,6214,-0.10008840522443167,2.6126655552615606e-15
valuedshopper,1,triple2vec,sets2sets,popularity_profile,6214,0.004690142322866526,0.7116458630825081
valuedshopper,1,triple2vec,sets2sets,neighbor_similarity,6214,-0.017273397862031695,0.17336486597183295
valuedshopper,1,triple2vec,sets2sets,cooccurrence_support,6214,-0.0165635490015344,0.19171798542229493
valuedshopper,1,triple2vec,sets2sets,transition_predictability,6191,0.012198601349832293,0.33722469052024096
valuedshopper,1,triple2vec,dnntsp,n_baskets,6214,-0.022380782908422187,0.07771191941448742
valuedshopper,1,triple2vec,dnntsp,avg_basket_size,6214,0.028970707719028384,0.022386243508303358
valuedshopper,1,triple2vec,dnntsp,repeat_rate,6214,0.10016845036279241,2.4825922640376078e-15
valuedshopper,1,triple2vec,dnntsp,adjacent_basket_jaccard,6214,0.08537315405541782,1.5748490834577027e-11
valuedshopper,1,triple2vec,dnntsp,recency_frequency_disagreement,6214,-0.02163959115344393,0.08806724215871616
valuedshopper,1,triple2vec,dnntsp,recent_basket_novelty,6214,-0.06023977649422984,2.0141695710015924e-06
valuedshopper,1,triple2vec,dnntsp,popularity_profile,6214,-0.06884959542373494,5.5509207024956146e-08
valuedshopper,1,triple2vec,dnntsp,neighbor_similarity,6214,-0.04015636370044399,0.001544852975859722
valuedshopper,1,triple2vec,dnntsp,cooccurrence_support,6214,-0.06728843518379873,1.1009182180176247e-07
valuedshopper,1,triple2vec,dnntsp,transition_predictability,6191,-0.03044841496773929,0.016582258095866668
valuedshopper,1,sets2sets,dnntsp,n_baskets,6214,-0.03127009197528494,0.013697703017119568
valuedshopper,1,sets2sets,dnntsp,avg_basket_size,6214,-0.10668675893020023,3.3868775895610445e-17
valuedshopper,1,sets2sets,dnntsp,repeat_rate,6214,-0.12155325409180259,6.866874446797244e-22
valuedshopper,1,sets2sets,dnntsp,adjacent_basket_jaccard,6214,-0.08356729883856658,4.174784539932722e-11
valuedshopper,1,sets2sets,dnntsp,recency_frequency_disagreement,6214,-0.02077697855704617,0.10148966886007074
valuedshopper,1,sets2sets,dnntsp,recent_basket_novelty,6214,0.0659103192015653,1.9902113177806156e-07
valuedshopper,1,sets2sets,dnntsp,popularity_profile,6214,-0.06570079971663359,2.175467608468877e-07
valuedshopper,1,sets2sets,dnntsp,neighbor_similarity,6214,-0.021504334816201037,0.09007188552695027
valuedshopper,1,sets2sets,dnntsp,cooccurrence_support,6214,-0.0420663469138053,0.0009103975654901579
valuedshopper,1,sets2sets,dnntsp,transition_predictability,6191,-0.03671174310027536,0.003864970630807425
valuedshopper,2,recency,frequency,n_baskets,6214,-0.01467915037296121,0.24728411173630804
valuedshopper,2,recency,frequency,avg_basket_size,6214,-0.14622073299905358,4.828558901884836e-31
valuedshopper,2,recency,frequency,repeat_rate,6214,-0.17283951515020685,7.1505051005962144e-43
valuedshopper,2,recency,frequency,adjacent_basket_jaccard,6214,-0.10935264320804856,5.411202978619536e-18
valuedshopper,2,recency,frequency,recency_frequency_disagreement,6214,-0.05849494069652878,3.947703053751617e-06
valuedshopper,2,recency,frequency,recent_basket_novelty,6214,0.002620432109163928,0.8363811086535093
valuedshopper,2,recency,frequency,popularity_profile,6214,-0.02314415103702191,0.06810583322745524
valuedshopper,2,recency,frequency,neighbor_similarity,6214,0.006223144372136482,0.6238014507939784
valuedshopper,2,recency,frequency,cooccurrence_support,6214,-0.012019150198870196,0.34348575716678054
valuedshopper,2,recency,frequency,transition_predictability,6195,0.052777255173370355,3.2377225131983604e-05
valuedshopper,2,recency,racf,n_baskets,6214,-0.012423311694184015,0.3275023529429337
valuedshopper,2,recency,racf,avg_basket_size,6214,-0.1509167149918823,5.5663652285402466e-33
valuedshopper,2,recency,racf,repeat_rate,6214,-0.17749446003274735,3.7451487383036983e-45
valuedshopper,2,recency,racf,adjacent_basket_jaccard,6214,-0.11232318471177669,6.647087629682284e-19
valuedshopper,2,recency,racf,recency_frequency_disagreement,6214,-0.06614712808220526,1.7991657526850145e-07
valuedshopper,2,recency,racf,recent_basket_novelty,6214,0.0032725886927716706,0.7964659844623155
valuedshopper,2,recency,racf,popularity_profile,6214,-0.026675227336835725,0.035489316507895295
valuedshopper,2,recency,racf,neighbor_similarity,6214,0.0042040052397195205,0.7403937046897119
valuedshopper,2,recency,racf,cooccurrence_support,6214,-0.01331830689976536,0.2938545889045744
valuedshopper,2,recency,racf,transition_predictability,6195,0.04996512427539091,8.3427402432357e-05
valuedshopper,2,recency,tifuknn,n_baskets,6214,-0.0186414122222563,0.1417474811422287
valuedshopper,2,recency,tifuknn,avg_basket_size,6214,-0.19689077952163722,2.3804208308915114e-55
valuedshopper,2,recency,tifuknn,repeat_rate,6214,-0.2076560955481808,1.6914678894472115e-61
valuedshopper,2,recency,tifuknn,adjacent_basket_jaccard,6214,-0.1316871826340723,1.9248320241875832e-25
valuedshopper,2,recency,tifuknn,recency_frequency_disagreement,6214,-0.09297709755874352,2.077342729634617e-13
valuedshopper,2,recency,tifuknn,recent_basket_novelty,6214,0.014653605599110846,0.24810776920558356
valuedshopper,2,recency,tifuknn,popularity_profile,6214,-0.05541575541950416,1.2376692231276167e-05
valuedshopper,2,recency,tifuknn,neighbor_similarity,6214,-0.02069320939934409,0.10287555060831784
valuedshopper,2,recency,tifuknn,cooccurrence_support,6214,-0.03948528955717171,0.0018508881239126306
valuedshopper,2,recency,tifuknn,transition_predictability,6195,0.030113104083091237,0.017777931817167244
valuedshopper,2,recency,triple2vec,n_baskets,6214,-0.023511107167725087,0.06384815487841035
valuedshopper,2,recency,triple2vec,avg_basket_size,6214,-0.1819463107426043,2.1490657135191394e-47
valuedshopper,2,recency,triple2vec,repeat_rate,6214,-0.20314340501806366,7.05563010626989e-59
valuedshopper,2,recency,triple2vec,adjacent_basket_jaccard,6214,-0.1337215550702385,3.4392125071504864e-26
valuedshopper,2,recency,triple2vec,recency_frequency_disagreement,6214,-0.0820982707472986,9.089963663531202e-11
valuedshopper,2,recency,triple2vec,recent_basket_novelty,6214,0.013290557703931482,0.29486169489304104
valuedshopper,2,recency,triple2vec,popularity_profile,6214,-0.04205510080015035,0.0009132936983425825
valuedshopper,2,recency,triple2vec,neighbor_similarity,6214,-0.009936153584798678,0.4335577639737902
valuedshopper,2,recency,triple2vec,cooccurrence_support,6214,-0.02752169483575667,0.030046247827444174
valuedshopper,2,recency,triple2vec,transition_predictability,6195,0.04141888123521124,0.0011111718185198873
valuedshopper,2,recency,sets2sets,n_baskets,6214,-0.02007310471477999,0.11360793539978872
valuedshopper,2,recency,sets2sets,avg_basket_size,6214,-0.06560222148006158,2.2682905981726406e-07
valuedshopper,2,recency,sets2sets,repeat_rate,6214,-0.040712067361287116,0.001327470753223229
valuedshopper,2,recency,sets2sets,adjacent_basket_jaccard,6214,-0.016794972057559622,0.18558387164910528
valuedshopper,2,recency,sets2sets,recency_frequency_disagreement,6214,-0.08877910039218809,2.3695952202633356e-12
valuedshopper,2,recency,sets2sets,recent_basket_novelty,6214,-0.07613381006444866,1.865999206056308e-09
valuedshopper,2,recency,sets2sets,popularity_profile,6214,-0.06104563326030765,1.4669562236936694e-06
valuedshopper,2,recency,sets2sets,neighbor_similarity,6214,-0.0656146502695284,2.2563800237350503e-07
valuedshopper,2,recency,sets2sets,cooccurrence_support,6214,-0.05636228412864685,8.763932185199509e-06
valuedshopper,2,recency,sets2sets,transition_predictability,6195,0.0236755326406639,0.06241352065086357
valuedshopper,2,recency,dnntsp,n_baskets,6214,-0.023778604331253936,0.06088498200105986
valuedshopper,2,recency,dnntsp,avg_basket_size,6214,-0.151785081107268,2.4001025139649858e-33
valuedshopper,2,recency,dnntsp,repeat_rate,6214,-0.133687365905291,3.5409932483455606e-26
valuedshopper,2,recency,dnntsp,adjacent_basket_jaccard,6214,-0.06994416803008212,3.404017200873405e-08
valuedshopper,2,recency,dnntsp,recency_frequency_disagreement,6214,-0.10338966858521362,3.0747039005304633e-16
valuedshopper,2,recency,dnntsp,recent_basket_novelty,6214,-0.019466883087492177,0.12493368522718488
valuedshopper,2,recency,dnntsp,popularity_profile,6214,-0.07912757973431098,4.2087496751619787e-10
valuedshopper,2,recency,dnntsp,neighbor_similarity,6214,-0.04525422695169523,0.0003590956951407808
valuedshopper,2,recency,dnntsp,cooccurrence_support,6214,-0.07269063934793778,9.661759673433116e-09
valuedshopper,2,recency,dnntsp,transition_predictability,6195,0.012993252238649174,0.3065377497262349
valuedshopper,2,frequency,racf,n_baskets,6214,0.011204425955248518,0.3771914689444803
valuedshopper,2,frequency,racf,avg_basket_size,6214,-0.03471407121946765,0.006204993320907396
valuedshopper,2,frequency,racf,repeat_rate,6214,-0.012664621529557819,0.31819318237089445
valuedshopper,2,frequency,racf,adjacent_basket_jaccard,6214,-0.008868145727014295,0.48458982000342965
valuedshopper,2,frequency,racf,recency_frequency_disagreement,6214,-0.03970822932102225,0.0017435330987330697
valuedshopper,2,frequency,racf,recent_basket_novelty,6214,0.0009350391514167183,0.9412544123722233
valuedshopper,2,frequency,racf,popularity_profile,6214,-0.004730671828430248,0.7092668926833205
valuedshopper,2,frequency,racf,neighbor_similarity,6214,-0.01200184619603255,0.3441810202861382
valuedshopper,2,frequency,racf,cooccurrence_support,6214,0.004703421457865818,0.71086610388486
valuedshopper,2,frequency,racf,transition_predictability,6195,0.004116035418174916,0.7460120483312375
valuedshopper,2,frequency,tifuknn,n_baskets,6214,-0.007845309227082936,0.5363628253867643
valuedshopper,2,frequency,tifuknn,avg_basket_size,6214,-0.06979858168990598,3.6343173392427964e-08
valuedshopper,2,frequency,tifuknn,repeat_rate,6214,-0.039766847055798804,0.0017162725904353471
valuedshopper,2,frequency,tifuknn,adjacent_basket_jaccard,6214,-0.02940335242844979,0.020456409491602906
valuedshopper,2,frequency,tifuknn,recency_frequency_disagreement,6214,-0.04864744952508151,0.000124888511164748
valuedshopper,2,frequency,tifuknn,recent_basket_novelty,6214,0.014051608574120704,0.2680756153663253
valuedshopper,2,frequency,tifuknn,popularity_profile,6214,-0.04398689277609948,0.0005235269134595016
valuedshopper,2,frequency,tifuknn,neighbor_similarity,6214,-0.028513301512145248,0.024596743180417335
valuedshopper,2,frequency,tifuknn,cooccurrence_support,6214,-0.03081707086798617,0.015125299898150072
valuedshopper,2,frequency,tifuknn,transition_predictability,6195,-0.03673236065786595,0.0038336510185903692
valuedshopper,2,frequency,triple2vec,n_baskets,6214,-0.016460843186584032,0.19448758021844526
valuedshopper,2,frequency,triple2vec,avg_basket_size,6214,-0.0766599942109651,1.4420477351197174e-09
valuedshopper,2,frequency,triple2vec,repeat_rate,6214,-0.07521152591692049,2.919529805838427e-09
valuedshopper,2,frequency,triple2vec,adjacent_basket_jaccard,6214,-0.06547921881879012,2.389486901949011e-07
valuedshopper,2,frequency,triple2vec,recency_frequency_disagreement,6214,-0.04707753248368509,0.00020531685006774404
valuedshopper,2,frequency,triple2vec,recent_basket_novelty,6214,0.0353332937839717,0.00534295643939287
valuedshopper,2,frequency,triple2vec,popularity_profile,6214,-0.02490945552255204,0.04958864988492948
valuedshopper,2,frequency,triple2vec,neighbor_similarity,6214,-0.026204223101144723,0.03886721528466686
valuedshopper,2,frequency,triple2vec,cooccurrence_support,6214,-0.017351481437255546,0.17142902575440452
valuedshopper,2,frequency,triple2vec,transition_predictability,6195,-0.028026828248211563,0.02738870659223552
valuedshopper,2,frequency,sets2sets,n_baskets,6214,-0.009801743804138865,0.43980409213808846
valuedshopper,2,frequency,sets2sets,avg_basket_size,6214,0.08641371322091003,8.897504956593832e-12
valuedshopper,2,frequency,sets2sets,repeat_rate,6214,0.14608788627692337,5.466777905654475e-31
valuedshopper,2,frequency,sets2sets,adjacent_basket_jaccard,6214,0.10097887523501377,1.4769595530449657e-15
valuedshopper,2,frequency,sets2sets,recency_frequency_disagreement,6214,-0.025192252642952377,0.047056212581941266
valuedshopper,2,frequency,sets2sets,recent_basket_novelty,6214,-0.07716901687356313,1.1219974265180264e-09
valuedshopper,2,frequency,sets2sets,popularity_profile,6214,-0.03376427411324123,0.007771827214532536
valuedshopper,2,frequency,sets2sets,neighbor_similarity,6214,-0.07230133581108535,1.1582616739651618e-08
valuedshopper,2,frequency,sets2sets,cooccurrence_support,6214,-0.043195912528955514,0.0006592407024885505
valuedshopper,2,frequency,sets2sets,transition_predictability,6195,-0.024411774826473876,0.054692837689871356
valuedshopper,2,frequency,dnntsp,n_baskets,6214,-0.003572260882734561,0.7782949139982216
valuedshopper,2,frequency,dnntsp,avg_basket_size,6214,-0.004898694981881393,0.6994348239462472
valuedshopper,2,frequency,dnntsp,repeat_rate,6214,0.05152731990596514,4.829556379014063e-05
valuedshopper,2,frequency,dnntsp,adjacent_basket_jaccard,6214,0.05007524072856149,7.845839027954795e-05
valuedshopper,2,frequency,dnntsp,recency_frequency_disagreement,6214,-0.05165809779020644,4.620188032485055e-05
valuedshopper,2,frequency,dnntsp,recent_basket_novelty,6214,-0.02876047623468758,0.023379819493820286
valuedshopper,2,frequency,dnntsp,popularity_profile,6214,-0.0725602842974797,1.0267630594985551e-08
valuedshopper,2,frequency,dnntsp,neighbor_similarity,6214,-0.065909857886974,1.9906019517133457e-07
valuedshopper,2,frequency,dnntsp,cooccurrence_support,6214,-0.0767020449000151,1.4125454269401348e-09
valuedshopper,2,frequency,dnntsp,transition_predictability,6195,-0.04834672572843533,0.00014080619638578783
valuedshopper,2,racf,tifuknn,n_baskets,6214,-0.010920141904219513,0.3894167521142198
valuedshopper,2,racf,tifuknn,avg_basket_size,6214,-0.05708016641753591,6.721124265216149e-06
valuedshopper,2,racf,tifuknn,repeat_rate,6214,-0.032554851907563374,0.01027519452501249
valuedshopper,2,racf,tifuknn,adjacent_basket_jaccard,6214,-0.02459699044994955,0.052518674403720635
valuedshopper,2,racf,tifuknn,recency_frequency_disagreement,6214,-0.03396914309682313,0.007406647758457095
valuedshopper,2,racf,tifuknn,recent_basket_novelty,6214,0.013567271182723476,0.28492212043188603
valuedshopper,2,racf,tifuknn,popularity_profile,6214,-0.046492944207477946,0.00024614853473470857
valuedshopper,2,racf,tifuknn,neighbor_similarity,6214,-0.025454410342212675,0.04480662701566389
valuedshopper,2,racf,tifuknn,cooccurrence_support,6214,-0.03624405185289433,0.004270682826217509
valuedshopper,2,racf,tifuknn,transition_predictability,6195,-0.035224273408366855,0.005558576273330789
valuedshopper,2,racf,triple2vec,n_baskets,6214,-0.013743110712905855,0.27872503030769535
valuedshopper,2,racf,triple2vec,avg_basket_size,6214,-0.059696210862670955,2.488845125937888e-06
valuedshopper,2,racf,triple2vec,repeat_rate,6214,-0.0623384024754407,8.749358418701414e-07
valuedshopper,2,racf,triple2vec,adjacent_basket_jaccard,6214,-0.05639031522813022,8.674089190270887e-06
valuedshopper,2,racf,triple2vec,recency_frequency_disagreement,6214,-0.02954586388247522,0.019853308894952324
valuedshopper,2,racf,triple2vec,recent_basket_novelty,6214,0.028964674785806558,0.022414236028139498
valuedshopper,2,racf,triple2vec,popularity_profile,6214,-0.025567248361812088,0.0438666536617312
valuedshopper,2,racf,triple2vec,neighbor_similarity,6214,-0.022005744415125223,0.082820489044788
valuedshopper,2,racf,triple2vec,cooccurrence_support,6214,-0.02064315552008031,0.1037108002535319
valuedshopper,2,racf,triple2vec,transition_predictability,6195,-0.022236553413095765,0.08010709789634209
valuedshopper,2,racf,sets2sets,n_baskets,6214,-0.006150466256376257,0.6278595735789341
valuedshopper,2,racf,sets2sets,avg_basket_size,6214,0.09111628374979024,6.194717564763669e-13
valuedshopper,2,racf,sets2sets,repeat_rate,6214,0.1480665069873014,8.501896563035815e-32
valuedshopper,2,racf,sets2sets,adjacent_basket_jaccard,6214,0.10163238182651214,9.687001626173181e-16
valuedshopper,2,racf,sets2sets,recency_frequency_disagreement,6214,-0.01633133768903504,0.19802155610853192
valuedshopper,2,racf,sets2sets,recent_basket_novelty,6214,-0.07799860955710247,7.428073091710841e-10
valuedshopper,2,racf,sets2sets,popularity_profile,6214,-0.031672236682491056,0.01253151769743546
valuedshopper,2,racf,sets2sets,neighbor_similarity,6214,-0.06918249291122565,4.787538851023133e-08
valuedshopper,2,racf,sets2sets,cooccurrence_support,6214,-0.04288917316512564,0.0007201689186357226
valuedshopper,2,racf,sets2sets,transition_predictability,6195,-0.022562348005275023,0.07578036126050548
valuedshopper,2,racf,dnntsp,n_baskets,6214,-0.004951491120858388,0.696355678238989
valuedshopper,2,racf,dnntsp,avg_basket_size,6214,0.008136865736382403,0.5213264997875593
valuedshopper,2,racf,dnntsp,repeat_rate,6214,0.05777561219331011,5.182027099026061e-06
valuedshopper,2,racf,dnntsp,adjacent_basket_jaccard,6214,0.054288669954709975,1.853755602063056e-05
valuedshopper,2,racf,dnntsp,recency_frequency_disagreement,6214,-0.03916587543026768,0.0020153041358786455
valuedshopper,2,racf,dnntsp,recent_basket_novelty,6214,-0.02921655916846898,0.021271060226423995
valuedshopper,2,racf,dnntsp,popularity_profile,6214,-0.07246083840760262,1.075450842445573e-08
valuedshopper,2,racf,dnntsp,neighbor_similarity,6214,-0.06550622528702403,2.3623526147938453e-07
valuedshopper,2,racf,dnntsp,cooccurrence_support,6214,-0.08173095857988097,1.1019126894125151e-10
valuedshopper,2,racf,dnntsp,transition_predictability,6195,-0.04670941559693372,0.00023536024695328535
valuedshopper,2,tifuknn,triple2vec,n_baskets,6214,0.012381170285807845,0.3291460186073685
valuedshopper,2,tifuknn,triple2vec,avg_basket_size,6214,0.009084327668712314,0.4740046089221429
valuedshopper,2,tifuknn,triple2vec,repeat_rate,6214,-0.005161727493090308,0.6841443826675062
valuedshopper,2,tifuknn,triple2vec,adjacent_basket_jaccard,6214,-0.008652700380886301,0.49526509995550727
valuedshopper,2,tifuknn,triple2vec,recency_frequency_disagreement,6214,0.010243788805313828,0.4194558645474017
valuedshopper,2,tifuknn,triple2vec,recent_basket_novelty,6214,0.008783011875357932,0.48879322751749454
valuedshopper,2,tifuknn,triple2vec,popularity_profile,6214,0.025603062469692496,0.04357181411076266
valuedshopper,2,tifuknn,triple2vec,neighbor_similarity,6214,0.019586494156798712,0.12263198843545134
valuedshopper,2,tifuknn,triple2vec,cooccurrence_support,6214,0.018886144985103888,0.1365906696038162
valuedshopper,2,tifuknn,triple2vec,transition_predictability,6195,0.019207322869194795,0.13063297276223446
valuedshopper,2,tifuknn,sets2sets,n_baskets,6214,0.0010967251637890954,0.9311195891136304
valuedshopper,2,tifuknn,sets2sets,avg_basket_size,6214,0.1448553920453782,1.7199579670163843e-30
valuedshopper,2,tifuknn,sets2sets,repeat_rate,6214,0.18784638829671094,1.8673911293189963e-50
valuedshopper,2,tifuknn,sets2sets,adjacent_basket_jaccard,6214,0.13261215339421675,8.826251245066916e-26
valuedshopper,2,tifuknn,sets2sets,recency_frequency_disagreement,6214,0.014070235832235036,0.2674416687694484
valuedshopper,2,tifuknn,sets2sets,recent_basket_novelty,6214,-0.096053013672911,3.254277386500303e-14
valuedshopper,2,tifuknn,sets2sets,popularity_profile,6214,-0.008735020046457612,0.49117141066010683
valuedshopper,2,tifuknn,sets2sets,neighbor_similarity,6214,-0.05174653274373597,4.4835170401754204e-05
valuedshopper,2,tifuknn,sets2sets,cooccurrence_support,6214,-0.023534660108895458,0.0635825564117985
valuedshopper,2,tifuknn,sets2sets,transition_predictability,6195,-0.0049308337469851195,0.6979999791260729
valuedshopper,2,tifuknn,dnntsp,n_baskets,6214,0.0016915201538512063,0.8939450624836757
valuedshopper,2,tifuknn,dnntsp,avg_basket_size,6214,0.05993388470878893,2.2693916185408607e-06
valuedshopper,2,tifuknn,dnntsp,repeat_rate,6214,0.09108229413083879,6.318316362195575e-13
valuedshopper,2,tifuknn,dnntsp,adjacent_basket_jaccard,6214,0.0782691700636747,6.487246172199459e-10
valuedshopper,2,tifuknn,dnntsp,recency_frequency_disagreement,6214,-0.007133843782784257,0.5739475497350741
valuedshopper,2,tifuknn,dnntsp,recent_basket_novelty,6214,-0.04452169748273539,0.00044704216934501206
valuedshopper,2,tifuknn,dnntsp,popularity_profile,6214,-0.036621969313746505,0.00388615051730311
valuedshopper,2,tifuknn,dnntsp,neighbor_similarity,6214,-0.03644205752220297,0.004065108662624445
valuedshopper,2,tifuknn,dnntsp,cooccurrence_support,6214,-0.05167659724482605,4.591275546514581e-05
valuedshopper,2,tifuknn,dnntsp,transition_predictability,6195,-0.02444002606660536,0.05441320106451725
valuedshopper,2,triple2vec,sets2sets,n_baskets,6214,0.0012979661753009526,0.9185211410442269
valuedshopper,2,triple2vec,sets2sets,avg_basket_size,6214,0.1313595552632113,2.533689275210797e-25
valuedshopper,2,triple2vec,sets2sets,repeat_rate,6214,0.18289634916186107,7.02036486279536e-48
valuedshopper,2,triple2vec,sets2sets,adjacent_basket_jaccard,6214,0.1304971651891705,5.20585257423588e-25
valuedshopper,2,triple2vec,sets2sets,recency_frequency_disagreement,6214,0.002900739311386396,0.8191668811626661
valuedshopper,2,triple2vec,sets2sets,recent_basket_novelty,6214,-0.09209322391536358,3.500044675372331e-13
valuedshopper,2,triple2vec,sets2sets,popularity_profile,6214,-0.023950475808234565,0.05904188589594416
valuedshopper,2,triple2vec,sets2sets,neighbor_similarity,6214,-0.060404713022043255,1.8882353611768709e-06
valuedshopper,2,triple2vec,sets2sets,cooccurrence_support,6214,-0.03438881084119325,0.00670625069086299
valuedshopper,2,triple2vec,sets2sets,transition_predictability,6195,-0.01649047528610945,0.19436845664517857
valuedshopper,2,triple2vec,dnntsp,n_baskets,6214,0.004052354879986644,0.749438495959816
valuedshopper,2,triple2vec,dnntsp,avg_basket_size,6214,0.04257913084441073,0.0007870352363671319
valuedshopper,2,triple2vec,dnntsp,repeat_rate,6214,0.09239117768159659,2.9372168669002e-13
valuedshopper,2,triple2vec,dnntsp,adjacent_basket_jaccard,6214,0.09121448952913583,5.850785650910292e-13
valuedshopper,2,triple2vec,dnntsp,recency_frequency_disagreement,6214,-0.02767045053313799,0.029167830609725384
valuedshopper,2,triple2vec,dnntsp,recent_basket_novelty,6214,-0.04587592888805642,0.0002974309006129005
valuedshopper,2,triple2vec,dnntsp,popularity_profile,6214,-0.06076733182773684,1.6374107313255997e-06
valuedshopper,2,triple2vec,dnntsp,neighbor_similarity,6214,-0.05131893289706752,5.1818568682502935e-05
valuedshopper,2,triple2vec,dnntsp,cooccurrence_support,6214,-0.07292385001661801,8.663377362486612e-09
valuedshopper,2,triple2vec,dnntsp,transition_predictability,6195,-0.04232950528214524,0.0008606773345243204
valuedshopper,2,sets2sets,dnntsp,n_baskets,6214,-0.0018265871755667382,0.8855327956670855
valuedshopper,2,sets2sets,dnntsp,avg_basket_size,6214,-0.11567106382059231,5.847752956686063e-20
valuedshopper,2,sets2sets,dnntsp,repeat_rate,6214,-0.1292347889153146,1.4808344498425672e-24
valuedshopper,2,sets2sets,dnntsp,adjacent_basket_jaccard,6214,-0.0776771176320259,8.719831725078914e-10
valuedshopper,2,sets2sets,dnntsp,recency_frequency_disagreement,6214,-0.021190444719783912,0.09486565232846358
valuedshopper,2,sets2sets,dnntsp,recent_basket_novelty,6214,0.06505871422707245,2.8528840548469265e-07
valuedshopper,2,sets2sets,dnntsp,popularity_profile,6214,-0.033197885309772135,0.008866773290106642
valuedshopper,2,sets2sets,dnntsp,neighbor_similarity,6214,0.016063235018546562,0.2054863948233678
valuedshopper,2,sets2sets,dnntsp,cooccurrence_support,6214,-0.02692256572237002,0.033818033270195995
valuedshopper,2,sets2sets,dnntsp,transition_predictability,6195,-0.0173892904050328,0.17115276080225122
