user,total purchases,HR@5,WHR@5,nDCG@5,recall@5,precision@5,HR@10,WHR@10,nDCG@10,recall@10,precision@10
3473,26,0.2,0.3333333333333333,0.33916020527361607,0.038461538461538464,0.2,0.2,0.2545454545454545,0.29345568839744024,0.07692307692307693,0.2
21380,4,0.25,0.2142857142857143,0.19519002499605081,0.25,0.2,0.25,0.23529411764705882,0.19519002499605081,0.25,0.1
18079,15,0.0,0.0,0.0,0.0,0.0,0.0,0.0,0.0,0.0,0.0
28814,26,0.0,0.0,0.0,0.0,0.0,0.1,0.05454545454545456,0.06943122193677725,0.038461538461538464,0.1
17003,19,0.2,0.3333333333333333,0.33916020527361607,0.05263157894736842,0.2,0.2,0.2,0.2837125544970318,0.10526315789473684,0.2
10235,13,0.0,0.0,0.0,0.0,0.0,0.2,0.16363636363636364,0.1517621910780354,0.15384615384615385,0.2
29070,4,0.0,0.0,0.0,0.0,0.0,0.0,0.0,0.0,0.0,0.0
16654,40,0.6,0.5333333333333333,0.6164336326286642,0.075,0.6,0.4,0.49090909090909085,0.47338717040861195,0.1,0.4
8117,16,0.6,0.7999999999999999,0.7227265726449518,0.1875,0.6,0.3,0.49090909090909096,0.46900009332067477,0.1875,0.3
29251,4,0.25,0.28571428571428575,0.2463023887407299,0.25,0.2,0.25,0.2647058823529412,0.2463023887407299,0.25,0.1
21913,12,0.0,0.0,0.0,0.0,0.0,0.0,0.0,0.0,0.0,0.0
28836,6,0.4,0.4666666666666666,0.48522855511632257,0.3333333333333333,0.4,0.5,0.37777777777777777,0.4329261794091841,0.5,0.3
28364,7,0.2,0.3333333333333333,0.33916020527361607,0.14285714285714285,0.2,0.14285714285714285,0.2040816326530612,0.27487633291429087,0.14285714285714285,0.1
27632,20,0.0,0.0,0.0,0.0,0.0,0.2,0.16363636363636364,0.1517621910780354,0.1,0.2
18709,2,0.5,0.5555555555555556,0.6131471927654584,0.5,0.2,0.5,0.5263157894736842,0.6131471927654584,0.5,0.1
6785,32,0.6,0.7333333333333334,0.6992148198508501,0.09375,0.6,0.5,0.5636363636363636,0.5894280199323517,0.15625,0.5
3033,1,0.0,0.0,0.0,0.0,0.0,0.0,0.0,0.0,0.0,0.0
8992,14,0.2,0.3333333333333333,0.33916020527361607,0.07142857142857142,0.2,0.1,0.18181818181818182,0.22009176629808014,0.07142857142857142,0.1
22975,8,0.2,0.26666666666666666,0.2139862647345275,0.125,0.2,0.25,0.25,0.243903311380782,0.25,0.2
16034,7,0.2,0.26666666666666666,0.2139862647345275,0.14285714285714285,0.2,0.14285714285714285,0.18367346938775508,0.17342765698823942,0.14285714285714285,0.1
12536,4,0.0,0.0,0.0,0.0,0.0,0.0,0.0,0.0,0.0,0.0
3467,11,0.0,0.0,0.0,0.0,0.0,0.1,0.07272727272727274,0.07336392209936006,0.09090909090909091,0.1
18883,18,0.2,0.06666666666666665,0.13120507751234176,0.05555555555555555,0.2,0.4,0.29090909090909095,0.29922683201146255,0.2222222222222222,0.4
6424,10,0.2,0.3333333333333333,0.33916020527361607,0.1,0.2,0.1,0.18181818181818182,0.22009176629808014,0.1,0.1
25026,15,0.4,0.3333333333333333,0.34519134224686926,0.13333333333333333,0.4,0.3,0.32727272727272727,0.29343678345195273,0.2,0.3
9868,36,0.2,0.26666666666666666,0.2139862647345275,0.027777777777777776,0.2,0.3,0.2727272727272727,0.28088150105118154,0.08333333333333333,0.3
13257,5,0.4,0.5333333333333333,0.5087403079104241,0.4,0.4,0.6,0.45,0.5087403079104241,0.6,0.3
4707,7,0.4,0.39999999999999997,0.4703652827859578,0.2857142857142857,0.4,0.2857142857142857,0.32653061224489793,0.3812130139445206,0.2857142857142857,0.2
7319,4,0.25,0.35714285714285715,0.39038004999210163,0.25,0.2,0.25,0.2941176470588235,0.39038004999210163,0.25,0.1
10153,4,0.0,0.0,0.0,0.0,0.0,0.0,0.0,0.0,0.0,0.0
13491,4,0.25,0.35714285714285715,0.39038004999210163,0.25,0.2,0.25,0.2941176470588235,0.39038004999210163,0.25,0.1
5634,19,0.6,0.7333333333333334,0.6992148198508501,0.15789473684210525,0.6,0.4,0.49090909090909085,0.5173633627401372,0.21052631578947367,0.4
23159,5,0.0,0.0,0.0,0.0,0.0,0.0,0.0,0.0,0.0,0.0
25173,1,0.0,0.0,0.0,0.0,0.0,0.0,0.0,0.0,0.0,0.0
26247,6,0.2,0.3333333333333333,0.33916020527361607,0.16666666666666666,0.2,0.16666666666666666,0.2222222222222222,0.30260241349881345,0.16666666666666666,0.1
3099,4,0.25,0.35714285714285715,0.39038004999210163,0.25,0.2,0.25,0.2941176470588235,0.39038004999210163,0.25,0.1
25756,3,0.0,0.0,0.0,0.0,0.0,0.0,0.0,0.0,0.0,0.0
4969,22,0.6,0.6666666666666666,0.6548086577531306,0.13636363636363635,0.6,0.3,0.45454545454545453,0.424926013816671,0.13636363636363635,0.3
21011,6,0.2,0.3333333333333333,0.33916020527361607,0.16666666666666666,0.2,0.16666666666666666,0.2222222222222222,0.30260241349881345,0.16666666666666666,0.1
16373,4,0.0,0.0,0.0,0.0,0.0,0.5,0.0,0.0,0.5,0.2
7181,7,0.2,0.26666666666666666,0.2139862647345275,0.14285714285714285,0.2,0.2857142857142857,0.2857142857142857,0.27134058233820724,0.2857142857142857,0.2
3723,5,0.0,0.0,0.0,0.0,0.0,0.0,0.0,0.0,0.0,0.0
26653,12,0.2,0.26666666666666666,0.2139862647345275,0.08333333333333333,0.2,0.2,0.23636363636363636,0.21222636597291453,0.16666666666666666,0.2
27917,1,1.0,0.0,0.0,1.0,0.2,1.0,0.0,0.0,1.0,0.1
14275,8,0.0,0.0,0.0,0.0,0.0,0.0,0.0,0.0,0.0,0.0
16706,35,0.4,0.19999999999999998,0.2772734273550482,0.05714285714285714,0.4,0.4,0.3272727272727272,0.3169161923094835,0.11428571428571428,0.4
25777,2,0.0,0.0,0.0,0.0,0.0,0.0,0.0,0.0,0.0,0.0
10641,22,0.0,0.0,0.0,0.0,0.0,0.1,0.036363636363636355,0.06625422345438903,0.045454545454545456,0.1
25158,31,0.2,0.13333333333333333,0.14606834984270645,0.03225806451612903,0.2,0.2,0.1636363636363636,0.16104258782393982,0.06451612903225806,0.2
18176,25,0.4,0.6,0.5531464700081437,0.08,0.4,0.2,0.34545454545454546,0.3589542101716347,0.08,0.2
12859,5,0.0,0.0,0.0,0.0,0.0,0.0,0.0,0.0,0.0,0.0
29391,35,0.6,0.7333333333333334,0.6992148198508501,0.08571428571428572,0.6,0.4,0.49090909090909085,0.5173633627401372,0.11428571428571428,0.4
14771,27,0.2,0.3333333333333333,0.33916020527361607,0.037037037037037035,0.2,0.2,0.2,0.2837125544970318,0.07407407407407407,0.2
28901,10,0.0,0.0,0.0,0.0,0.0,0.0,0.0,0.0,0.0,0.0
18659,32,0.2,0.3333333333333333,0.33916020527361607,0.03125,0.2,0.3,0.2727272727272727,0.3570764765963919,0.09375,0.3
18614,3,0.3333333333333333,0.4166666666666667,0.46927872602275644,0.3333333333333333,0.2,0.3333333333333333,0.37037037037037035,0.46927872602275644,0.3333333333333333,0.1
10663,1,1.0,1.0,1.0,1.0,0.2,1.0,1.0,1.0,1.0,0.1
20890,2,0.0,0.0,0.0,0.0,0.0,0.0,0.0,0.0,0.0,0.0
1144,10,0.0,0.0,0.0,0.0,0.0,0.0,0.0,0.0,0.0,0.0
12744,5,0.2,0.13333333333333333,0.14606834984270645,0.2,0.2,0.2,0.175,0.14606834984270645,0.2,0.1
2916,2,0.5,0.0,0.0,0.5,0.2,0.5,0.0,0.0,0.5,0.1
11183,19,0.2,0.3333333333333333,0.33916020527361607,0.05263157894736842,0.2,0.1,0.18181818181818182,0.22009176629808014,0.05263157894736842,0.1
27288,9,0.4,0.6,0.5531464700081437,0.2222222222222222,0.4,0.2222222222222222,0.3518518518518518,0.38334277998463445,0.2222222222222222,0.2
16719,18,0.2,0.3333333333333333,0.33916020527361607,0.05555555555555555,0.2,0.3,0.2909090909090909,0.35970991185182927,0.16666666666666666,0.3
29760,31,0.4,0.4000000000000001,0.3600546145772339,0.06451612903225806,0.4,0.3,0.38181818181818183,0.31204907722178055,0.0967741935483871,0.3
13160,10,0.0,0.0,0.0,0.0,0.0,0.0,0.0,0.0,0.0,0.0
24508,6,0.4,0.5333333333333333,0.5087403079104241,0.3333333333333333,0.4,0.3333333333333333,0.4,0.4539036202482201,0.3333333333333333,0.2
15564,1,1.0,1.0,1.0,1.0,0.2,1.0,1.0,1.0,1.0,0.1
30376,25,0.4,0.6,0.5531464700081437,0.08,0.4,0.4,0.45454545454545453,0.5009732673492616,0.16,0.4
14663,21,0.0,0.0,0.0,0.0,0.0,0.0,0.0,0.0,0.0,0.0
18103,1,0.0,0.0,0.0,0.0,0.0,0.0,0.0,0.0,0.0,0.0
18002,2,0.0,0.0,0.0,0.0,0.0,0.0,0.0,0.0,0.0,0.0
23216,8,0.0,0.0,0.0,0.0,0.0,0.0,0.0,0.0,0.0,0.0
13805,8,0.0,0.0,0.0,0.0,0.0,0.0,0.0,0.0,0.0,0.0
27449,4,0.0,0.0,0.0,0.0,0.0,0.0,0.0,0.0,0.0,0.0
7230,10,0.4,0.39999999999999997,0.4703652827859578,0.2,0.4,0.2,0.29090909090909095,0.3052348839397011,0.2,0.2
8337,17,0.0,0.0,0.0,0.0,0.0,0.0,0.0,0.0,0.0,0.0
2919,3,0.6666666666666666,0.6666666666666667,0.7039180890341346,0.6666666666666666,0.4,0.6666666666666666,0.6666666666666666,0.7039180890341346,0.6666666666666666,0.2
8038,26,0.2,0.3333333333333333,0.33916020527361607,0.038461538461538464,0.2,0.3,0.3090909090909091,0.36288691033421744,0.11538461538461539,0.3
2403,20,0.6,0.7333333333333334,0.6992148198508501,0.15,0.6,0.5,0.5818181818181818,0.5957616317188125,0.25,0.5
30901,5,0.2,0.3333333333333333,0.33916020527361607,0.2,0.2,0.2,0.25,0.33916020527361607,0.2,0.1
11275,6,0.4,0.6,0.5531464700081437,0.3333333333333333,0.4,0.3333333333333333,0.4222222222222222,0.4935232796777481,0.3333333333333333,0.2
9998,6,0.2,0.26666666666666666,0.2139862647345275,0.16666666666666666,0.2,0.16666666666666666,0.2,0.1909208661789346,0.16666666666666666,0.1
19165,5,0.0,0.0,0.0,0.0,0.0,0.0,0.0,0.0,0.0,0.0
15693,7,0.6,0.7333333333333334,0.6992148198508501,0.42857142857142855,0.6,0.42857142857142855,0.5306122448979591,0.5666867828578932,0.42857142857142855,0.3
24220,39,0.4,0.6,0.5531464700081437,0.05128205128205128,0.4,0.3,0.41818181818181815,0.43231813227099475,0.07692307692307693,0.3
6492,1,0.0,0.0,0.0,0.0,0.0,0.0,0.0,0.0,0.0,0.0
12442,9,0.0,0.0,0.0,0.0,0.0,0.0,0.0,0.0,0.0,0.0
18723,2,0.0,0.0,0.0,0.0,0.0,0.0,0.0,0.0,0.0,0.0
29068,5,0.2,0.19999999999999998,0.16958010263680803,0.2,0.2,0.6,0.2,0.16958010263680803,0.6,0.3
27092,4,0.0,0.0,0.0,0.0,0.0,0.0,0.0,0.0,0.0,0.0
6681,1,0.0,0.0,0.0,0.0,0.0,0.0,0.0,0.0,0.0,0.0
25117,1,0.0,0.0,0.0,0.0,0.0,0.0,0.0,0.0,0.0,0.0
23975,7,0.4,0.3333333333333333,0.34519134224686926,0.2857142857142857,0.4,0.2857142857142857,0.3061224489795918,0.2797643380184692,0.2857142857142857,0.2
8163,11,0.4,0.6,0.5531464700081437,0.18181818181818182,0.4,0.3,0.3818181818181818,0.42520843362602373,0.2727272727272727,0.3
3672,43,0.0,0.0,0.0,0.0,0.0,0.1,0.018181818181818177,0.0636207881989517,0.023255813953488372,0.1
19388,4,0.25,0.28571428571428575,0.2463023887407299,0.25,0.2,0.25,0.2647058823529412,0.2463023887407299,0.25,0.1
3042,16,0.2,0.19999999999999998,0.16958010263680803,0.0625,0.2,0.1,0.14545454545454548,0.11004588314904007,0.0625,0.1
22854,8,0.2,0.3333333333333333,0.33916020527361607,0.125,0.2,0.25,0.28846153846153844,0.34304271142002485,0.25,0.2
11785,4,0.0,0.0,0.0,0.0,0.0,0.0,0.0,0.0,0.0,0.0
11695,1,0.0,0.0,0.0,0.0,0.0,0.0,0.0,0.0,0.0,0.0
10632,9,0.2,0.3333333333333333,0.33916020527361607,0.1111111111111111,0.2,0.1111111111111111,0.18518518518518517,0.23504554941448538,0.1111111111111111,0.1
12619,2,0.0,0.0,0.0,0.0,0.0,0.5,0.0,0.0,0.5,0.1
20858,6,0.2,0.19999999999999998,0.16958010263680803,0.16666666666666666,0.2,0.16666666666666666,0.17777777777777778,0.15130120674940672,0.16666666666666666,0.1
11306,6,0.0,0.0,0.0,0.0,0.0,0.0,0.0,0.0,0.0,0.0
25354,3,0.0,0.0,0.0,0.0,0.0,0.0,0.0,0.0,0.0,0.0
931,8,0.2,0.19999999999999998,0.16958010263680803,0.125,0.2,0.375,0.3269230769230769,0.300885594292082,0.375,0.3
23621,6,0.0,0.0,0.0,0.0,0.0,0.0,0.0,0.0,0.0,0.0
14240,5,0.2,0.13333333333333333,0.14606834984270645,0.2,0.2,0.2,0.175,0.14606834984270645,0.2,0.1
30060,4,0.0,0.0,0.0,0.0,0.0,0.0,0.0,0.0,0.0,0.0
23766,5,0.2,0.19999999999999998,0.16958010263680803,0.2,0.2,0.2,0.2,0.16958010263680803,0.2,0.1
16593,16,0.0,0.0,0.0,0.0,0.0,0.0,0.0,0.0,0.0,0.0
6982,6,0.0,0.0,0.0,0.0,0.0,0.0,0.0,0.0,0.0,0.0
18938,20,0.4,0.5333333333333333,0.5087403079104241,0.1,0.4,0.3,0.36363636363636365,0.39639187290150923,0.15,0.3
2464,3,0.3333333333333333,0.4166666666666667,0.46927872602275644,0.3333333333333333,0.2,0.3333333333333333,0.37037037037037035,0.46927872602275644,0.3333333333333333,0.1
25404,7,0.0,0.0,0.0,0.0,0.0,0.0,0.0,0.0,0.0,0.0
20142,13,0.4,0.6,0.5531464700081437,0.15384615384615385,0.4,0.3,0.41818181818181815,0.43231813227099475,0.23076923076923078,0.3
14560,4,0.25,0.14285714285714288,0.16812753627111746,0.25,0.2,0.25,0.20588235294117643,0.16812753627111746,0.25,0.1
13834,32,0.4,0.4666666666666666,0.48522855511632257,0.0625,0.4,0.2,0.3090909090909091,0.31488013066763093,0.0625,0.2
19375,5,0.2,0.06666666666666665,0.13120507751234176,0.2,0.2,0.4,0.15,0.13120507751234176,0.4,0.2
24869,8,0.2,0.19999999999999998,0.16958010263680803,0.125,0.2,0.5,0.3076923076923077,0.29636589859864443,0.5,0.4
27602,18,0.2,0.13333333333333333,0.14606834984270645,0.05555555555555555,0.2,0.2,0.14545454545454545,0.15840915256850246,0.1111111111111111,0.2
27452,13,0.4,0.3333333333333333,0.31564845247951445,0.15384615384615385,0.4,0.2,0.2727272727272727,0.20483424751859083,0.15384615384615385,0.2
24615,7,0.2,0.3333333333333333,0.33916020527361607,0.14285714285714285,0.2,0.14285714285714285,0.2040816326530612,0.27487633291429087,0.14285714285714285,0.1
30653,5,0.2,0.3333333333333333,0.33916020527361607,0.2,0.2,0.2,0.25,0.33916020527361607,0.2,0.1
21219,4,0.25,0.35714285714285715,0.39038004999210163,0.25,0.2,0.25,0.2941176470588235,0.39038004999210163,0.25,0.1
22965,8,0.2,0.26666666666666666,0.2139862647345275,0.125,0.2,0.125,0.17307692307692307,0.1595890771248963,0.125,0.1
4585,12,0.2,0.19999999999999998,0.16958010263680803,0.08333333333333333,0.2,0.2,0.23636363636363636,0.1884441521277154,0.16666666666666666,0.2
25563,10,0.0,0.0,0.0,0.0,0.0,0.0,0.0,0.0,0.0,0.0
9766,9,0.0,0.0,0.0,0.0,0.0,0.0,0.0,0.0,0.0,0.0
4981,6,0.2,0.06666666666666665,0.13120507751234176,0.16666666666666666,0.2,0.16666666666666666,0.13333333333333333,0.11706259313796352,0.16666666666666666,0.1
22851,17,0.2,0.06666666666666665,0.13120507751234176,0.058823529411764705,0.2,0.2,0.16363636363636364,0.15457433957839825,0.11764705882352941,0.2
28888,2,0.5,0.5555555555555556,0.6131471927654584,0.5,0.2,0.5,0.5263157894736842,0.6131471927654584,0.5,0.1
2275,7,0.2,0.26666666666666666,0.2139862647345275,0.14285714285714285,0.2,0.14285714285714285,0.18367346938775508,0.17342765698823942,0.14285714285714285,0.1
20673,1,1.0,0.0,0.0,1.0,0.2,1.0,0.0,0.0,1.0,0.1
13612,3,0.0,0.0,0.0,0.0,0.0,0.0,0.0,0.0,0.0,0.0
20767,10,0.0,0.0,0.0,0.0,0.0,0.0,0.0,0.0,0.0,0.0
7259,5,0.6,0.6666666666666666,0.6843515475204854,0.6,0.6,0.6,0.625,0.6843515475204854,0.6,0.3
14295,5,0.2,0.26666666666666666,0.2139862647345275,0.2,0.2,0.4,0.225,0.2139862647345275,0.4,0.2
2578,62,0.8,0.9333333333333332,0.8687949224876582,0.06451612903225806,0.8,0.7,0.7636363636363637,0.7702043899253146,0.11290322580645161,0.7
21480,1,0.0,0.0,0.0,0.0,0.0,0.0,0.0,0.0,0.0,0.0
27644,7,0.4,0.39999999999999997,0.4703652827859578,0.2857142857142857,0.4,0.2857142857142857,0.32653061224489793,0.3812130139445206,0.2857142857142857,0.2
9581,19,0.0,0.0,0.0,0.0,0.0,0.0,0.0,0.0,0.0,0.0
22765,5,0.0,0.0,0.0,0.0,0.0,0.0,0.0,0.0,0.0,0.0
5463,26,0.4,0.6,0.5531464700081437,0.07692307692307693,0.4,0.6,0.5272727272727272,0.6316243658611128,0.23076923076923078,0.6
3464,46,0.8,0.8666666666666666,0.8539316501572936,0.08695652173913043,0.8,0.6,0.7272727272727273,0.6969383549984332,0.13043478260869565,0.6
22262,10,0.2,0.3333333333333333,0.33916020527361607,0.1,0.2,0.1,0.18181818181818182,0.22009176629808014,0.1,0.1
25550,2,0.5,0.5555555555555556,0.6131471927654584,0.5,0.2,0.5,0.5263157894736842,0.6131471927654584,0.5,0.1
24205,13,0.4,0.39999999999999997,0.4703652827859578,0.15384615384615385,0.4,0.3,0.30909090909090914,0.3688556721386528,0.23076923076923078,0.3
17225,13,0.0,0.0,0.0,0.0,0.0,0.0,0.0,0.0,0.0,0.0
24648,9,0.2,0.13333333333333333,0.14606834984270645,0.1111111111111111,0.2,0.1111111111111111,0.12962962962962962,0.10122860821230019,0.1111111111111111,0.1
2589,14,0.2,0.3333333333333333,0.33916020527361607,0.07142857142857142,0.2,0.1,0.18181818181818182,0.22009176629808014,0.07142857142857142,0.1
7664,16,0.4,0.4666666666666666,0.38356636737133554,0.125,0.4,0.2,0.30909090909090914,0.24890832702259458,0.125,0.2
1661,12,0.0,0.0,0.0,0.0,0.0,0.1,0.05454545454545456,0.06943122193677725,0.08333333333333333,0.1
8622,9,0.2,0.3333333333333333,0.33916020527361607,0.1111111111111111,0.2,0.1111111111111111,0.18518518518518517,0.23504554941448538,0.1111111111111111,0.1
27178,7,0.2,0.3333333333333333,0.33916020527361607,0.14285714285714285,0.2,0.14285714285714285,0.2040816326530612,0.27487633291429087,0.14285714285714285,0.1
29081,5,0.4,0.4666666666666666,0.48522855511632257,0.4,0.4,0.4,0.425,0.48522855511632257,0.4,0.2
25320,37,0.2,0.3333333333333333,0.33916020527361607,0.02702702702702703,0.2,0.2,0.2545454545454545,0.29345568839744024,0.05405405405405406,0.2
9110,1,1.0,0.0,0.0,1.0,0.2,1.0,0.0,0.0,1.0,0.1
8300,12,0.0,0.0,0.0,0.0,0.0,0.0,0.0,0.0,0.0,0.0
13119,16,0.6,0.7999999999999999,0.7227265726449518,0.1875,0.6,0.4,0.5090909090909091,0.5326208815196265,0.25,0.4
26092,17,0.2,0.13333333333333333,0.14606834984270645,0.058823529411764705,0.2,0.1,0.12727272727272726,0.09478836436955078,0.058823529411764705,0.1
13699,3,0.0,0.0,0.0,0.0,0.0,0.0,0.0,0.0,0.0,0.0
11058,11,0.0,0.0,0.0,0.0,0.0,0.0,0.0,0.0,0.0,0.0
4849,3,0.0,0.0,0.0,0.0,0.0,0.0,0.0,0.0,0.0,0.0
481,27,0.2,0.19999999999999998,0.16958010263680803,0.037037037037037035,0.2,0.1,0.14545454545454548,0.11004588314904007,0.037037037037037035,0.1
13410,41,0.2,0.3333333333333333,0.33916020527361607,0.024390243902439025,0.2,0.4,0.3818181818181818,0.43810818083050457,0.0975609756097561,0.4
15131,19,0.4,0.39999999999999997,0.4703652827859578,0.10526315789473684,0.4,0.4,0.41818181818181815,0.4480300279758384,0.21052631578947367,0.4
13447,26,0.0,0.0,0.0,0.0,0.0,0.0,0.0,0.0,0.0,0.0
19492,13,0.2,0.06666666666666665,0.13120507751234176,0.07692307692307693,0.2,0.1,0.10909090909090909,0.08514311764162097,0.07692307692307693,0.1
18772,1,0.0,0.0,0.0,0.0,0.0,1.0,0.0,0.0,1.0,0.1
16520,3,0.0,0.0,0.0,0.0,0.0,0.0,0.0,0.0,0.0,0.0
19305,15,0.0,0.0,0.0,0.0,0.0,0.2,0.07272727272727274,0.13305201013572895,0.13333333333333333,0.2
1430,8,0.2,0.26666666666666666,0.2139862647345275,0.125,0.2,0.125,0.17307692307692307,0.1595890771248963,0.125,0.1
11461,9,0.2,0.3333333333333333,0.33916020527361607,0.1111111111111111,0.2,0.2222222222222222,0.25925925925925924,0.3133940658859805,0.2222222222222222,0.2
7382,3,0.3333333333333333,0.4166666666666667,0.46927872602275644,0.3333333333333333,0.2,0.3333333333333333,0.37037037037037035,0.46927872602275644,0.3333333333333333,0.1
2495,2,0.5,0.4444444444444445,0.3868528072345415,0.5,0.2,0.5,0.4736842105263158,0.3868528072345415,0.5,0.1
30952,3,0.0,0.0,0.0,0.0,0.0,0.0,0.0,0.0,0.0,0.0
23686,39,0.4,0.4666666666666666,0.48522855511632257,0.05128205128205128,0.4,0.4,0.4727272727272727,0.4666423217456664,0.10256410256410256,0.4
12067,60,0.0,0.0,0.0,0.0,0.0,0.2,0.10909090909090909,0.13961814555374907,0.03333333333333333,0.2
11439,30,0.4,0.4000000000000001,0.3600546145772339,0.06666666666666667,0.4,0.2,0.29090909090909095,0.23365080824310527,0.06666666666666667,0.2
24961,6,0.2,0.3333333333333333,0.33916020527361607,0.16666666666666666,0.2,0.16666666666666666,0.2222222222222222,0.30260241349881345,0.16666666666666666,0.1
12064,13,0.2,0.3333333333333333,0.33916020527361607,0.07692307692307693,0.2,0.4,0.34545454545454546,0.4315420454124844,0.3076923076923077,0.4
16277,15,0.0,0.0,0.0,0.0,0.0,0.0,0.0,0.0,0.0,0.0
30271,15,0.8,0.9333333333333332,0.8687949224876582,0.26666666666666666,0.8,0.4,0.6181818181818183,0.5637884576902256,0.26666666666666666,0.4
5571,7,0.4,0.6,0.5531464700081437,0.2857142857142857,0.4,0.2857142857142857,0.38775510204081626,0.4483039899025303,0.2857142857142857,0.2
14405,8,0.0,0.0,0.0,0.0,0.0,0.0,0.0,0.0,0.0,0.0
6148,1,0.0,0.0,0.0,0.0,0.0,0.0,0.0,0.0,0.0,0.0
26969,7,0.2,0.3333333333333333,0.33916020527361607,0.14285714285714285,0.2,0.14285714285714285,0.2040816326530612,0.27487633291429087,0.14285714285714285,0.1
19155,5,0.2,0.26666666666666666,0.2139862647345275,0.2,0.2,0.2,0.225,0.2139862647345275,0.2,0.1
12784,7,0.0,0.0,0.0,0.0,0.0,0.0,0.0,0.0,0.0,0.0
246,7,0.0,0.0,0.0,0.0,0.0,0.14285714285714285,0.1020408163265306,0.0979129253499678,0.14285714285714285,0.1
15086,6,0.0,0.0,0.0,0.0,0.0,0.0,0.0,0.0,0.0,0.0
684,21,0.4,0.3333333333333333,0.31564845247951445,0.09523809523809523,0.4,0.2,0.2727272727272727,0.20483424751859083,0.09523809523809523,0.2
3636,34,0.8,0.9333333333333332,0.8687949224876582,0.11764705882352941,0.8,0.5,0.6363636363636365,0.6274092458891773,0.14705882352941177,0.5
12006,5,0.0,0.0,0.0,0.0,0.0,0.0,0.0,0.0,0.0,0.0
22762,11,0.2,0.3333333333333333,0.33916020527361607,0.09090909090909091,0.2,0.1,0.18181818181818182,0.22009176629808014,0.09090909090909091,0.1
30692,4,0.0,0.0,0.0,0.0,0.0,0.0,0.0,0.0,0.0,0.0
28103,2,0.0,0.0,0.0,0.0,0.0,0.0,0.0,0.0,0.0,0.0
16767,47,0.2,0.13333333333333333,0.14606834984270645,0.02127659574468085,0.2,0.2,0.1636363636363636,0.16104258782393982,0.0425531914893617,0.2
1892,10,0.4,0.4666666666666666,0.38356636737133554,0.2,0.4,0.5,0.49090909090909096,0.46299204139243616,0.5,0.5
1548,45,0.4,0.26666666666666666,0.3007851801491498,0.044444444444444446,0.4,0.3,0.3272727272727272,0.26855292289002114,0.06666666666666667,0.3
23375,31,0.2,0.06666666666666665,0.13120507751234176,0.03225806451612903,0.2,0.1,0.10909090909090909,0.08514311764162097,0.03225806451612903,0.1
25812,10,0.2,0.3333333333333333,0.33916020527361607,0.1,0.2,0.2,0.2727272727272727,0.2984900352767555,0.2,0.2
17264,7,0.0,0.0,0.0,0.0,0.0,0.0,0.0,0.0,0.0,0.0
13320,22,0.0,0.0,0.0,0.0,0.0,0.0,0.0,0.0,0.0,0.0
22201,4,0.0,0.0,0.0,0.0,0.0,0.25,0.0,0.0,0.25,0.1
26454,4,0.0,0.0,0.0,0.0,0.0,0.0,0.0,0.0,0.0,0.0
590,3,0.0,0.0,0.0,0.0,0.0,0.3333333333333333,0.0,0.0,0.3333333333333333,0.1
24184,8,0.4,0.4666666666666666,0.48522855511632257,0.25,0.4,0.375,0.3846153846153846,0.4416737339478612,0.375,0.3
5573,27,0.4,0.4666666666666666,0.38356636737133554,0.07407407407407407,0.4,0.4,0.43636363636363645,0.3917034710587319,0.14814814814814814,0.4
9349,7,0.0,0.0,0.0,0.0,0.0,0.0,0.0,0.0,0.0,0.0
23156,6,0.4,0.5333333333333333,0.5087403079104241,0.3333333333333333,0.4,0.3333333333333333,0.4,0.4539036202482201,0.3333333333333333,0.2
4071,1,0.0,0.0,0.0,0.0,0.0,0.0,0.0,0.0,0.0,0.0
1838,25,0.2,0.19999999999999998,0.16958010263680803,0.04,0.2,0.1,0.14545454545454548,0.11004588314904007,0.04,0.1
15939,17,0.4,0.6,0.5531464700081437,0.11764705882352941,0.4,0.2,0.34545454545454546,0.3589542101716347,0.11764705882352941,0.2
11526,13,0.2,0.3333333333333333,0.33916020527361607,0.07692307692307693,0.2,0.1,0.18181818181818182,0.22009176629808014,0.07692307692307693,0.1
26182,14,0.0,0.0,0.0,0.0,0.0,0.1,0.09090909090909091,0.07839826897867533,0.07142857142857142,0.1
27068,3,0.3333333333333333,0.0,0.0,0.3333333333333333,0.2,0.3333333333333333,0.0,0.0,0.3333333333333333,0.1
8105,8,0.2,0.19999999999999998,0.16958010263680803,0.125,0.2,0.25,0.25,0.21657136003619626,0.25,0.2
16838,29,0.0,0.0,0.0,0.0,0.0,0.0,0.0,0.0,0.0,0.0
3178,14,0.4,0.6,0.5531464700081437,0.14285714285714285,0.4,0.3,0.43636363636363634,0.43735247915031,0.21428571428571427,0.3
13759,6,0.0,0.0,0.0,0.0,0.0,0.0,0.0,0.0,0.0,0.0
2229,21,0.2,0.3333333333333333,0.33916020527361607,0.047619047619047616,0.2,0.1,0.18181818181818182,0.22009176629808014,0.047619047619047616,0.1
17312,1,1.0,1.0,1.0,1.0,0.2,1.0,1.0,1.0,1.0,0.1
15487,5,0.0,0.0,0.0,0.0,0.0,0.2,0.0,0.0,0.2,0.1
8758,27,0.2,0.06666666666666665,0.13120507751234176,0.037037037037037035,0.2,0.1,0.10909090909090909,0.08514311764162097,0.037037037037037035,0.1
3009,21,0.4,0.5333333333333333,0.5087403079104241,0.09523809523809523,0.4,0.2,0.32727272727272727,0.3301376494471202,0.09523809523809523,0.2
25281,1,1.0,1.0,1.0,1.0,0.2,1.0,1.0,1.0,1.0,0.1
24549,2,0.0,0.0,0.0,0.0,0.0,0.0,0.0,0.0,0.0,0.0
18696,10,0.6,0.7999999999999999,0.7227265726449518,0.3,0.6,0.5,0.6,0.6086182388744239,0.5,0.5
30578,4,0.0,0.0,0.0,0.0,0.0,0.0,0.0,0.0,0.0,0.0
11551,11,0.4,0.6,0.5531464700081437,0.18181818181818182,0.4,0.2,0.34545454545454546,0.3589542101716347,0.18181818181818182,0.2
12607,35,0.0,0.0,0.0,0.0,0.0,0.1,0.036363636363636355,0.06625422345438903,0.02857142857142857,0.1
30100,5,0.0,0.0,0.0,0.0,0.0,0.0,0.0,0.0,0.0,0.0
25400,15,0.2,0.3333333333333333,0.33916020527361607,0.06666666666666667,0.2,0.1,0.18181818181818182,0.22009176629808014,0.06666666666666667,0.1
14957,1,0.0,0.0,0.0,0.0,0.0,0.0,0.0,0.0,0.0,0.0
19103,1,0.0,0.0,0.0,0.0,0.0,0.0,0.0,0.0,0.0,0.0
19466,4,0.25,0.35714285714285715,0.39038004999210163,0.25,0.2,0.25,0.2941176470588235,0.39038004999210163,0.25,0.1
4884,19,0.4,0.5333333333333333,0.5087403079104241,0.10526315789473684,0.4,0.2,0.32727272727272727,0.3301376494471202,0.10526315789473684,0.2
7655,25,0.4,0.6,0.5531464700081437,0.08,0.4,0.3,0.3818181818181818,0.42520843362602373,0.12,0.3
14475,18,0.4,0.4666666666666666,0.48522855511632257,0.1111111111111111,0.4,0.3,0.3272727272727272,0.3785009188665826,0.16666666666666666,0.3
12395,8,0.4,0.4666666666666666,0.48522855511632257,0.25,0.4,0.375,0.4230769230769231,0.4519792040377808,0.375,0.3
30158,25,0.4,0.4666666666666666,0.48522855511632257,0.08,0.4,0.3,0.34545454545454546,0.38113435412202,0.12,0.3
10350,21,0.2,0.3333333333333333,0.33916020527361607,0.047619047619047616,0.2,0.1,0.18181818181818182,0.22009176629808014,0.047619047619047616,0.1
2920,15,0.4,0.5333333333333333,0.5087403079104241,0.13333333333333333,0.4,0.2,0.32727272727272727,0.3301376494471202,0.13333333333333333,0.2
7357,2,0.5,0.4444444444444445,0.3868528072345415,0.5,0.2,0.5,0.4736842105263158,0.3868528072345415,0.5,0.1
107,26,0.2,0.3333333333333333,0.33916020527361607,0.038461538461538464,0.2,0.1,0.18181818181818182,0.22009176629808014,0.038461538461538464,0.1
27112,20,0.2,0.3333333333333333,0.33916020527361607,0.05,0.2,0.2,0.2727272727272727,0.2984900352767555,0.1,0.2
26180,3,0.0,0.0,0.0,0.0,0.0,0.0,0.0,0.0,0.0,0.0
5364,5,0.0,0.0,0.0,0.0,0.0,0.0,0.0,0.0,0.0,0.0
28662,8,0.0,0.0,0.0,0.0,0.0,0.125,0.09615384615384615,0.0901000086523677,0.125,0.1
21045,30,0.0,0.0,0.0,0.0,0.0,0.1,0.07272727272727274,0.07336392209936006,0.03333333333333333,0.1
10749,3,0.3333333333333333,0.4166666666666667,0.46927872602275644,0.3333333333333333,0.2,0.3333333333333333,0.37037037037037035,0.46927872602275644,0.3333333333333333,0.1
14569,5,0.0,0.0,0.0,0.0,0.0,0.0,0.0,0.0,0.0,0.0
3298,22,0.6,0.6666666666666666,0.6843515475204854,0.13636363636363635,0.6,0.6,0.6363636363636364,0.6581810421830973,0.2727272727272727,0.6
12134,9,0.0,0.0,0.0,0.0,0.0,0.0,0.0,0.0,0.0,0.0
28010,8,0.2,0.13333333333333333,0.14606834984270645,0.125,0.2,0.25,0.23076923076923075,0.19903650127012357,0.25,0.2
12469,1,0.0,0.0,0.0,0.0,0.0,0.0,0.0,0.0,0.0,0.0
13962,1,0.0,0.0,0.0,0.0,0.0,0.0,0.0,0.0,0.0,0.0
21712,6,0.0,0.0,0.0,0.0,0.0,0.16666666666666666,0.0,0.0,0.16666666666666666,0.1
13934,3,0.3333333333333333,0.4166666666666667,0.46927872602275644,0.3333333333333333,0.2,0.3333333333333333,0.37037037037037035,0.46927872602275644,0.3333333333333333,0.1
14656,1,0.0,0.0,0.0,0.0,0.0,0.0,0.0,0.0,0.0,0.0
24367,23,0.2,0.26666666666666666,0.2139862647345275,0.043478260869565216,0.2,0.1,0.16363636363636364,0.1388624438735545,0.043478260869565216,0.1
6535,12,0.2,0.13333333333333333,0.14606834984270645,0.08333333333333333,0.2,0.1,0.12727272727272726,0.09478836436955078,0.08333333333333333,0.1
21687,13,0.4,0.39999999999999997,0.4703652827859578,0.15384615384615385,0.4,0.3,0.32727272727272727,0.37148910739409013,0.23076923076923078,0.3
5093,13,0.0,0.0,0.0,0.0,0.0,0.0,0.0,0.0,0.0,0.0
5281,20,0.0,0.0,0.0,0.0,0.0,0.1,0.07272727272727274,0.07336392209936006,0.05,0.1
6781,2,0.0,0.0,0.0,0.0,0.0,0.0,0.0,0.0,0.0,0.0
19650,2,0.0,0.0,0.0,0.0,0.0,0.0,0.0,0.0,0.0,0.0
18622,3,0.3333333333333333,0.33333333333333337,0.29608191096586517,0.3333333333333333,0.2,0.3333333333333333,0.3333333333333333,0.29608191096586517,0.3333333333333333,0.1
23543,35,0.0,0.0,0.0,0.0,0.0,0.1,0.09090909090909091,0.07839826897867533,0.02857142857142857,0.1
10193,33,0.4,0.39999999999999997,0.4703652827859578,0.06060606060606061,0.4,0.5,0.4181818181818182,0.5084738176924019,0.15151515151515152,0.5
6311,12,0.4,0.6,0.5531464700081437,0.16666666666666666,0.4,0.4,0.49090909090909096,0.5067837010870873,0.3333333333333333,0.4
5576,7,0.2,0.3333333333333333,0.33916020527361607,0.14285714285714285,0.2,0.14285714285714285,0.2040816326530612,0.27487633291429087,0.14285714285714285,0.1
26253,4,0.25,0.35714285714285715,0.39038004999210163,0.25,0.2,0.25,0.2941176470588235,0.39038004999210163,0.25,0.1
1338,17,0.2,0.3333333333333333,0.33916020527361607,0.058823529411764705,0.2,0.1,0.18181818181818182,0.22009176629808014,0.058823529411764705,0.1
29925,9,0.2,0.3333333333333333,0.33916020527361607,0.1111111111111111,0.2,0.1111111111111111,0.18518518518518517,0.23504554941448538,0.1111111111111111,0.1
18761,2,0.5,0.5555555555555556,0.6131471927654584,0.5,0.2,0.5,0.5263157894736842,0.6131471927654584,0.5,0.1
27356,19,0.4,0.6,0.5531464700081437,0.10526315789473684,0.4,0.3,0.41818181818181815,0.43231813227099475,0.15789473684210525,0.3
12157,6,0.0,0.0,0.0,0.0,0.0,0.0,0.0,0.0,0.0,0.0
27142,16,0.4,0.6,0.5531464700081437,0.125,0.4,0.2,0.34545454545454546,0.3589542101716347,0.125,0.2
3078,3,0.3333333333333333,0.25,0.23463936301137822,0.3333333333333333,0.2,0.3333333333333333,0.2962962962962963,0.23463936301137822,0.3333333333333333,0.1
5457,19,0.6,0.6666666666666666,0.6843515475204854,0.15789473684210525,0.6,0.3,0.45454545454545453,0.44409732781325567,0.15789473684210525,0.3
15966,6,0.2,0.06666666666666665,0.13120507751234176,0.16666666666666666,0.2,0.16666666666666666,0.13333333333333333,0.11706259313796352,0.16666666666666666,0.1
26708,2,0.0,0.0,0.0,0.0,0.0,0.0,0.0,0.0,0.0,0.0
7564,2,0.0,0.0,0.0,0.0,0.0,0.0,0.0,0.0,0.0,0.0
10214,15,0.6,0.5333333333333333,0.5147714448836773,0.2,0.6,0.3,0.4181818181818182,0.3340514446642156,0.2,0.3
11626,6,0.0,0.0,0.0,0.0,0.0,0.16666666666666666,0.0,0.0,0.16666666666666666,0.1
17490,19,0.4,0.39999999999999997,0.4703652827859578,0.10526315789473684,0.4,0.3,0.34545454545454546,0.3746661058764783,0.15789473684210525,0.3
22170,4,0.25,0.28571428571428575,0.2463023887407299,0.25,0.2,0.25,0.2647058823529412,0.2463023887407299,0.25,0.1
1903,9,0.0,0.0,0.0,0.0,0.0,0.2222222222222222,0.14814814814814814,0.157873529284268,0.2222222222222222,0.2
9539,40,0.4,0.3333333333333333,0.34519134224686926,0.05,0.4,0.5,0.4181818181818182,0.4322788421471915,0.125,0.5
21516,15,0.2,0.3333333333333333,0.33916020527361607,0.06666666666666667,0.2,0.2,0.23636363636363636,0.2895229882348574,0.13333333333333333,0.2
24677,21,0.6,0.7999999999999999,0.7227265726449518,0.14285714285714285,0.6,0.5,0.5818181818181819,0.604685538711841,0.23809523809523808,0.5
482,27,0.2,0.3333333333333333,0.33916020527361607,0.037037037037037035,0.2,0.1,0.18181818181818182,0.22009176629808014,0.037037037037037035,0.1
4830,34,0.4,0.4666666666666666,0.48522855511632257,0.058823529411764705,0.4,0.4,0.36363636363636365,0.4447551423209717,0.11764705882352941,0.4
2894,1,1.0,1.0,1.0,1.0,0.2,1.0,1.0,1.0,1.0,0.1
1555,8,0.0,0.0,0.0,0.0,0.0,0.125,0.09615384615384615,0.0901000086523677,0.125,0.1
5658,8,0.0,0.0,0.0,0.0,0.0,0.0,0.0,0.0,0.0,0.0
14446,1,1.0,1.0,1.0,1.0,0.2,1.0,1.0,1.0,1.0,0.1
6221,16,0.2,0.13333333333333333,0.14606834984270645,0.0625,0.2,0.3,0.29090909090909095,0.24655055544758617,0.1875,0.3
14729,14,0.0,0.0,0.0,0.0,0.0,0.0,0.0,0.0,0.0,0.0
21826,5,0.2,0.26666666666666666,0.2139862647345275,0.2,0.2,0.4,0.225,0.2139862647345275,0.4,0.2
1640,17,0.0,0.0,0.0,0.0,0.0,0.0,0.0,0.0,0.0,0.0
20231,2,0.0,0.0,0.0,0.0,0.0,0.0,0.0,0.0,0.0,0.0
749,13,0.0,0.0,0.0,0.0,0.0,0.1,0.07272727272727274,0.07336392209936006,0.07692307692307693,0.1
21925,16,0.4,0.6,0.5531464700081437,0.125,0.4,0.2,0.34545454545454546,0.3589542101716347,0.125,0.2
17361,40,0.4,0.4000000000000001,0.3600546145772339,0.05,0.4,0.5,0.4181818181818182,0.43688974199580605,0.125,0.5
30975,22,0.4,0.4666666666666666,0.48522855511632257,0.09090909090909091,0.4,0.2,0.3090909090909091,0.31488013066763093,0.09090909090909091,0.2
27401,19,0.0,0.0,0.0,0.0,0.0,0.0,0.0,0.0,0.0,0.0
18876,7,0.2,0.26666666666666666,0.2139862647345275,0.14285714285714285,0.2,0.14285714285714285,0.18367346938775508,0.17342765698823942,0.14285714285714285,0.1
18624,11,0.2,0.3333333333333333,0.33916020527361607,0.09090909090909091,0.2,0.1,0.18181818181818182,0.22009176629808014,0.09090909090909091,0.1
17252,11,0.2,0.13333333333333333,0.14606834984270645,0.09090909090909091,0.2,0.2,0.2,0.16815228646891084,0.18181818181818182,0.2
11420,3,0.0,0.0,0.0,0.0,0.0,0.0,0.0,0.0,0.0,0.0
26141,27,0.6,0.7999999999999999,0.7227265726449518,0.1111111111111111,0.6,0.4,0.5636363636363636,0.5423640154200349,0.14814814814814814,0.4
29005,3,0.0,0.0,0.0,0.0,0.0,0.0,0.0,0.0,0.0,0.0
14111,12,0.2,0.13333333333333333,0.14606834984270645,0.08333333333333333,0.2,0.1,0.12727272727272726,0.09478836436955078,0.08333333333333333,0.1
19191,5,0.2,0.13333333333333333,0.14606834984270645,0.2,0.2,0.4,0.175,0.14606834984270645,0.4,0.2
3727,17,0.4,0.4000000000000001,0.3600546145772339,0.11764705882352941,0.4,0.4,0.43636363636363645,0.3814802991585578,0.23529411764705882,0.4
24958,21,0.0,0.0,0.0,0.0,0.0,0.1,0.07272727272727274,0.07336392209936006,0.047619047619047616,0.1
17954,3,0.3333333333333333,0.25,0.23463936301137822,0.3333333333333333,0.2,0.6666666666666666,0.2962962962962963,0.23463936301137822,0.6666666666666666,0.2
11427,3,0.0,0.0,0.0,0.0,0.0,0.0,0.0,0.0,0.0,0.0
15129,27,0.0,0.0,0.0,0.0,0.0,0.2,0.12727272727272726,0.14465249243306436,0.07407407407407407,0.2
10076,4,0.25,0.14285714285714288,0.16812753627111746,0.25,0.2,0.25,0.20588235294117643,0.16812753627111746,0.25,0.1
29110,1,1.0,1.0,1.0,1.0,0.2,1.0,1.0,1.0,1.0,0.1
13097,9,0.4,0.6,0.5531464700081437,0.2222222222222222,0.4,0.2222222222222222,0.3518518518518518,0.38334277998463445,0.2222222222222222,0.2
28526,2,0.5,0.0,0.0,0.5,0.2,0.5,0.0,0.0,0.5,0.1
2406,2,0.0,0.0,0.0,0.0,0.0,0.0,0.0,0.0,0.0,0.0
24284,26,1.0,1.0,1.0,0.19230769230769232,1.0,0.8,0.890909090909091,0.8579809428223729,0.3076923076923077,0.8
1947,2,0.5,0.4444444444444445,0.3868528072345415,0.5,0.2,0.5,0.4736842105263158,0.3868528072345415,0.5,0.1
16644,11,0.4,0.5333333333333333,0.5087403079104241,0.18181818181818182,0.4,0.2,0.32727272727272727,0.3301376494471202,0.18181818181818182,0.2
30033,26,0.4,0.5333333333333333,0.5087403079104241,0.07692307692307693,0.4,0.3,0.41818181818181815,0.4085359184257955,0.11538461538461539,0.3
6621,11,0.2,0.3333333333333333,0.33916020527361607,0.09090909090909091,0.2,0.1,0.18181818181818182,0.22009176629808014,0.09090909090909091,0.1
22283,5,0.2,0.3333333333333333,0.33916020527361607,0.2,0.2,0.4,0.25,0.33916020527361607,0.4,0.2
21253,51,0.4,0.6,0.5531464700081437,0.0392156862745098,0.4,0.3,0.3818181818181818,0.42520843362602373,0.058823529411764705,0.3
24254,8,0.2,0.19999999999999998,0.16958010263680803,0.125,0.2,0.25,0.15384615384615385,0.12647135138382856,0.25,0.2
5765,13,0.2,0.3333333333333333,0.33916020527361607,0.07692307692307693,0.2,0.1,0.18181818181818182,0.22009176629808014,0.07692307692307693,0.1
6236,21,0.4,0.3333333333333333,0.31564845247951445,0.09523809523809523,0.4,0.2,0.2727272727272727,0.20483424751859083,0.09523809523809523,0.2
12908,15,0.2,0.06666666666666665,0.13120507751234176,0.06666666666666667,0.2,0.1,0.10909090909090909,0.08514311764162097,0.06666666666666667,0.1
16847,17,0.0,0.0,0.0,0.0,0.0,0.1,0.018181818181818177,0.0636207881989517,0.058823529411764705,0.1
24885,13,0.0,0.0,0.0,0.0,0.0,0.1,0.07272727272727274,0.07336392209936006,0.07692307692307693,0.1
26045,12,0.2,0.3333333333333333,0.33916020527361607,0.08333333333333333,0.2,0.2,0.2727272727272727,0.2984900352767555,0.16666666666666666,0.2
7532,8,0.0,0.0,0.0,0.0,0.0,0.25,0.07692307692307693,0.08431423425588572,0.25,0.2
23676,12,0.0,0.0,0.0,0.0,0.0,0.0,0.0,0.0,0.0,0.0
15768,3,0.0,0.0,0.0,0.0,0.0,0.0,0.0,0.0,0.0,0.0
22497,9,0.0,0.0,0.0,0.0,0.0,0.0,0.0,0.0,0.0,0.0
9979,26,0.2,0.3333333333333333,0.33916020527361607,0.038461538461538464,0.2,0.3,0.32727272727272727,0.36792125721353275,0.11538461538461539,0.3
13416,4,0.25,0.35714285714285715,0.39038004999210163,0.25,0.2,0.25,0.2941176470588235,0.39038004999210163,0.25,0.1
11593,5,0.0,0.0,0.0,0.0,0.0,0.0,0.0,0.0,0.0,0.0
27565,11,0.0,0.0,0.0,0.0,0.0,0.0,0.0,0.0,0.0,0.0
26598,26,0.6,0.7999999999999999,0.7227265726449518,0.11538461538461539,0.6,0.4,0.5272727272727273,0.5352543167750639,0.15384615384615385,0.4
17419,4,0.0,0.0,0.0,0.0,0.0,0.0,0.0,0.0,0.0,0.0
6118,1,0.0,0.0,0.0,0.0,0.0,1.0,0.0,0.0,1.0,0.1
26210,8,0.2,0.06666666666666665,0.13120507751234176,0.125,0.2,0.125,0.11538461538461538,0.09785159463516041,0.125,0.1
997,1,0.0,0.0,0.0,0.0,0.0,0.0,0.0,0.0,0.0,0.0
12302,5,0.0,0.0,0.0,0.0,0.0,0.0,0.0,0.0,0.0,0.0
27219,3,0.6666666666666666,0.75,0.7653606369886217,0.6666666666666666,0.4,0.6666666666666666,0.7037037037037036,0.7653606369886217,0.6666666666666666,0.2
11587,32,0.4,0.4666666666666666,0.38356636737133554,0.0625,0.4,0.5,0.5272727272727273,0.4701017400374072,0.15625,0.5
14706,47,0.2,0.3333333333333333,0.33916020527361607,0.02127659574468085,0.2,0.2,0.2545454545454545,0.29345568839744024,0.0425531914893617,0.2
14736,25,0.6,0.6,0.6399453854227659,0.12,0.6,0.4,0.45454545454545453,0.4789015552876929,0.16,0.4
1677,13,0.2,0.3333333333333333,0.33916020527361607,0.07692307692307693,0.2,0.1,0.18181818181818182,0.22009176629808014,0.07692307692307693,0.1
2018,2,0.0,0.0,0.0,0.0,0.0,0.0,0.0,0.0,0.0,0.0
30723,13,0.0,0.0,0.0,0.0,0.0,0.0,0.0,0.0,0.0,0.0
29727,12193,1.0,1.0,1.0,0.00041007135241532026,1.0,1.0,1.0,1.0,0.0008201427048306405,1.0
14542,7,0.2,0.3333333333333333,0.33916020527361607,0.14285714285714285,0.2,0.14285714285714285,0.2040816326530612,0.27487633291429087,0.14285714285714285,0.1
26997,1,0.0,0.0,0.0,0.0,0.0,0.0,0.0,0.0,0.0,0.0
8977,21,0.4,0.5333333333333333,0.5087403079104241,0.09523809523809523,0.4,0.3,0.38181818181818183,0.3995688713838974,0.14285714285714285,0.3
13311,19,0.6,0.7333333333333334,0.6992148198508501,0.15789473684210525,0.6,0.3,0.47272727272727266,0.4537425745411855,0.15789473684210525,0.3
27061,7,0.0,0.0,0.0,0.0,0.0,0.0,0.0,0.0,0.0,0.0
20584,13,0.6,0.7333333333333334,0.6992148198508501,0.23076923076923078,0.6,0.3,0.47272727272727266,0.4537425745411855,0.23076923076923078,0.3
22746,2,0.0,0.0,0.0,0.0,0.0,0.0,0.0,0.0,0.0,0.0
9674,40,0.4,0.6,0.5531464700081437,0.05,0.4,0.5,0.5090909090909091,0.5704044892860389,0.125,0.5
25861,16,0.4,0.5333333333333333,0.5087403079104241,0.125,0.4,0.2,0.32727272727272727,0.3301376494471202,0.125,0.2
16081,5,0.6,0.7333333333333334,0.6992148198508501,0.6,0.6,0.6,0.6499999999999999,0.6992148198508501,0.6,0.3
13777,18,0.4,0.39999999999999997,0.4703652827859578,0.1111111111111111,0.4,0.2,0.29090909090909095,0.3052348839397011,0.1111111111111111,0.2
19719,6,0.0,0.0,0.0,0.0,0.0,0.0,0.0,0.0,0.0,0.0
9671,2,0.0,0.0,0.0,0.0,0.0,0.0,0.0,0.0,0.0,0.0
5679,10,0.4,0.5333333333333333,0.5087403079104241,0.2,0.4,0.2,0.32727272727272727,0.3301376494471202,0.2,0.2
6623,33,0.0,0.0,0.0,0.0,0.0,0.4,0.2545454545454546,0.28744763646920163,0.12121212121212122,0.4
20837,33,0.2,0.3333333333333333,0.33916020527361607,0.030303030303030304,0.2,0.3,0.2727272727272727,0.3557772116892464,0.09090909090909091,0.3
22115,21,0.4,0.6,0.5531464700081437,0.09523809523809523,0.4,0.2,0.34545454545454546,0.3589542101716347,0.09523809523809523,0.2
12684,9,0.2,0.13333333333333333,0.14606834984270645,0.1111111111111111,0.2,0.1111111111111111,0.12962962962962962,0.10122860821230019,0.1111111111111111,0.1
16967,30,0.6,0.6,0.6399453854227659,0.1,0.6,0.6,0.6545454545454544,0.6364741801035538,0.2,0.6
18684,7,0.4,0.5333333333333333,0.5087403079104241,0.2857142857142857,0.4,0.2857142857142857,0.36734693877551017,0.4123144993714362,0.2857142857142857,0.2
29235,4,0.25,0.2142857142857143,0.19519002499605081,0.25,0.2,0.25,0.23529411764705882,0.19519002499605081,0.25,0.1
18297,1,0.0,0.0,0.0,0.0,0.0,0.0,0.0,0.0,0.0,0.0
8654,3,0.0,0.0,0.0,0.0,0.0,0.0,0.0,0.0,0.0,0.0
3014,14,0.2,0.26666666666666666,0.2139862647345275,0.07142857142857142,0.2,0.1,0.16363636363636364,0.1388624438735545,0.07142857142857142,0.1
8414,7,0.4,0.5333333333333333,0.5087403079104241,0.2857142857142857,0.4,0.2857142857142857,0.36734693877551017,0.4123144993714362,0.2857142857142857,0.2
29525,15,0.2,0.3333333333333333,0.33916020527361607,0.06666666666666667,0.2,0.2,0.23636363636363636,0.2895229882348574,0.13333333333333333,0.2
1649,16,0.2,0.3333333333333333,0.33916020527361607,0.0625,0.2,0.2,0.2727272727272727,0.2984900352767555,0.125,0.2
22637,16,0.4,0.6,0.5531464700081437,0.125,0.4,0.3,0.3818181818181818,0.42520843362602373,0.1875,0.3
7857,20,0.4,0.4000000000000001,0.3600546145772339,0.1,0.4,0.3,0.36363636363636365,0.30701473034246535,0.15,0.3
21354,9,0.0,0.0,0.0,0.0,0.0,0.0,0.0,0.0,0.0,0.0
11775,5,0.4,0.39999999999999997,0.4703652827859578,0.4,0.4,0.4,0.4,0.4703652827859578,0.4,0.2
2962,7,0.4,0.3333333333333333,0.34519134224686926,0.2857142857142857,0.4,0.2857142857142857,0.3061224489795918,0.2797643380184692,0.2857142857142857,0.2
20680,1,0.0,0.0,0.0,0.0,0.0,0.0,0.0,0.0,0.0,0.0
9107,21,0.2,0.06666666666666665,0.13120507751234176,0.047619047619047616,0.2,0.3,0.2545454545454546,0.23297260855707355,0.14285714285714285,0.3
9034,56,0.2,0.19999999999999998,0.16958010263680803,0.017857142857142856,0.2,0.2,0.2,0.17947710508581735,0.03571428571428571,0.2
15849,32,0.6,0.7333333333333334,0.6992148198508501,0.09375,0.6,0.6,0.6181818181818182,0.6620158551732016,0.1875,0.6
2490,4,0.0,0.0,0.0,0.0,0.0,0.0,0.0,0.0,0.0,0.0
23702,30,0.4,0.5333333333333333,0.5087403079104241,0.06666666666666667,0.4,0.3,0.34545454545454546,0.3937584376460719,0.1,0.3
18813,9,0.0,0.0,0.0,0.0,0.0,0.0,0.0,0.0,0.0,0.0
22381,1,0.0,0.0,0.0,0.0,0.0,0.0,0.0,0.0,0.0,0.0
21650,11,0.2,0.3333333333333333,0.33916020527361607,0.09090909090909091,0.2,0.2,0.23636363636363636,0.2895229882348574,0.18181818181818182,0.2
2968,68,0.8,0.8666666666666666,0.8539316501572936,0.058823529411764705,0.8,0.6,0.7272727272727273,0.6969383549984332,0.08823529411764706,0.6
19243,8,0.0,0.0,0.0,0.0,0.0,0.0,0.0,0.0,0.0,0.0
27776,3,0.0,0.0,0.0,0.0,0.0,0.0,0.0,0.0,0.0,0.0
12437,1,1.0,1.0,1.0,1.0,0.2,1.0,1.0,1.0,1.0,0.1
19523,10,0.2,0.3333333333333333,0.33916020527361607,0.1,0.2,0.3,0.29090909090909095,0.3621108234757072,0.3,0.3
23650,26,0.4,0.4666666666666666,0.48522855511632257,0.07692307692307693,0.4,0.5,0.4181818181818182,0.5141863642577489,0.19230769230769232,0.5
19597,14,0.2,0.19999999999999998,0.16958010263680803,0.07142857142857142,0.2,0.2,0.16363636363636364,0.1736666713479918,0.14285714285714285,0.2
16238,12,0.2,0.3333333333333333,0.33916020527361607,0.08333333333333333,0.2,0.2,0.21818181818181817,0.28634598975246917,0.16666666666666666,0.2
12592,38,0.6,0.6666666666666666,0.6548086577531306,0.07894736842105263,0.6,0.6,0.6727272727272727,0.6461194268314836,0.15789473684210525,0.6
842,7,0.0,0.0,0.0,0.0,0.0,0.0,0.0,0.0,0.0,0.0
8813,17,0.0,0.0,0.0,0.0,0.0,0.1,0.05454545454545456,0.06943122193677725,0.058823529411764705,0.1
17731,40,0.4,0.26666666666666666,0.3007851801491498,0.05,0.4,0.4,0.34545454545454546,0.3308744461818273,0.1,0.4
27766,31,0.4,0.39999999999999997,0.4703652827859578,0.06451612903225806,0.4,0.4,0.34545454545454546,0.4351098955930418,0.12903225806451613,0.4
2475,8,0.2,0.19999999999999998,0.16958010263680803,0.125,0.2,0.125,0.15384615384615385,0.12647135138382856,0.125,0.1
1536,29,0.4,0.4666666666666666,0.38356636737133554,0.06896551724137931,0.4,0.2,0.30909090909090914,0.24890832702259458,0.06896551724137931,0.2
29368,5,0.0,0.0,0.0,0.0,0.0,0.0,0.0,0.0,0.0,0.0
12843,5,0.2,0.3333333333333333,0.33916020527361607,0.2,0.2,0.4,0.25,0.33916020527361607,0.4,0.2
9560,20,0.4,0.26666666666666666,0.3007851801491498,0.1,0.4,0.3,0.3090909090909091,0.2646202227274383,0.15,0.3
5456,26,0.6,0.7999999999999999,0.7227265726449518,0.11538461538461539,0.6,0.5,0.5818181818181819,0.6059848036189865,0.19230769230769232,0.5
20809,10,0.0,0.0,0.0,0.0,0.0,0.3,0.14545454545454545,0.20827328063201603,0.3,0.3
24016,6,0.0,0.0,0.0,0.0,0.0,0.0,0.0,0.0,0.0,0.0
16820,20,0.4,0.39999999999999997,0.4703652827859578,0.1,0.4,0.2,0.29090909090909095,0.3052348839397011,0.1,0.2
15785,10,0.2,0.26666666666666666,0.2139862647345275,0.1,0.2,0.1,0.16363636363636364,0.1388624438735545,0.1,0.1
24044,4,0.0,0.0,0.0,0.0,0.0,0.0,0.0,0.0,0.0,0.0
18570,13,0.0,0.0,0.0,0.0,0.0,0.0,0.0,0.0,0.0,0.0
6312,13,0.0,0.0,0.0,0.0,0.0,0.0,0.0,0.0,0.0,0.0
7536,17,0.2,0.3333333333333333,0.33916020527361607,0.058823529411764705,0.2,0.2,0.2727272727272727,0.2984900352767555,0.11764705882352941,0.2
15238,22,0.0,0.0,0.0,0.0,0.0,0.0,0.0,0.0,0.0,0.0
10237,47,0.6,0.7333333333333334,0.6992148198508501,0.06382978723404255,0.6,0.3,0.47272727272727266,0.4537425745411855,0.06382978723404255,0.3
12981,2,0.5,0.0,0.0,0.5,0.2,0.5,0.0,0.0,0.5,0.1
22320,27,0.2,0.26666666666666666,0.2139862647345275,0.037037037037037035,0.2,0.2,0.21818181818181823,0.20829366581033176,0.07407407407407407,0.2
30557,26,0.4,0.4666666666666666,0.38356636737133554,0.07692307692307693,0.4,0.3,0.34545454545454546,0.3151625504769836,0.11538461538461539,0.3
26383,5,0.2,0.3333333333333333,0.33916020527361607,0.2,0.2,0.2,0.25,0.33916020527361607,0.2,0.1
15538,14,0.2,0.3333333333333333,0.33916020527361607,0.07142857142857142,0.2,0.2,0.2545454545454545,0.29345568839744024,0.14285714285714285,0.2
20648,11,0.4,0.4666666666666666,0.48522855511632257,0.18181818181818182,0.4,0.2,0.3090909090909091,0.31488013066763093,0.18181818181818182,0.2
15153,8,0.2,0.3333333333333333,0.33916020527361607,0.125,0.2,0.125,0.1923076923076923,0.2529427027676571,0.125,0.1
15610,8,0.0,0.0,0.0,0.0,0.0,0.0,0.0,0.0,0.0,0.0
18064,1,0.0,0.0,0.0,0.0,0.0,0.0,0.0,0.0,0.0,0.0
25168,7,0.0,0.0,0.0,0.0,0.0,0.0,0.0,0.0,0.0,0.0
8842,2,0.5,0.4444444444444445,0.3868528072345415,0.5,0.2,0.5,0.4736842105263158,0.3868528072345415,0.5,0.1
15992,6,0.2,0.26666666666666666,0.2139862647345275,0.16666666666666666,0.2,0.3333333333333333,0.2,0.1909208661789346,0.3333333333333333,0.2
13199,12,0.2,0.3333333333333333,0.33916020527361607,0.08333333333333333,0.2,0.2,0.21818181818181817,0.28634598975246917,0.16666666666666666,0.2
22145,41,0.2,0.13333333333333333,0.14606834984270645,0.024390243902439025,0.2,0.2,0.18181818181818182,0.16421958630632802,0.04878048780487805,0.2
27151,4,0.75,0.6428571428571429,0.6366824387328316,0.75,0.6,0.75,0.5588235294117646,0.6366824387328316,0.75,0.3
30818,9,0.4,0.39999999999999997,0.4703652827859578,0.2222222222222222,0.4,0.2222222222222222,0.2962962962962963,0.32597358003346416,0.2222222222222222,0.2
21844,1,0.0,0.0,0.0,0.0,0.0,0.0,0.0,0.0,0.0,0.0
6972,7,0.0,0.0,0.0,0.0,0.0,0.0,0.0,0.0,0.0,0.0
18459,2,0.0,0.0,0.0,0.0,0.0,0.0,0.0,0.0,0.0,0.0
27769,7,0.4,0.6,0.5531464700081437,0.2857142857142857,0.4,0.2857142857142857,0.38775510204081626,0.4483039899025303,0.2857142857142857,0.2
9377,7,0.2,0.13333333333333333,0.14606834984270645,0.14285714285714285,0.2,0.2857142857142857,0.14285714285714285,0.11838279295536291,0.2857142857142857,0.2
25029,1,0.0,0.0,0.0,0.0,0.0,0.0,0.0,0.0,0.0,0.0
17713,24,0.0,0.0,0.0,0.0,0.0,0.1,0.09090909090909091,0.07839826897867533,0.041666666666666664,0.1
27798,62,0.6,0.7999999999999999,0.7227265726449518,0.04838709677419355,0.6,0.4,0.5454545454545454,0.538431315257452,0.06451612903225806,0.4
25549,55,0.8,0.9333333333333332,0.8687949224876582,0.07272727272727272,0.8,0.4,0.6181818181818183,0.5637884576902256,0.07272727272727272,0.4
18831,1,1.0,1.0,1.0,1.0,0.2,1.0,1.0,1.0,1.0,0.1
22484,26,0.4,0.4000000000000001,0.3600546145772339,0.07692307692307693,0.4,0.4,0.36363636363636365,0.36670281837883417,0.15384615384615385,0.4
30348,6,0.2,0.3333333333333333,0.33916020527361607,0.16666666666666666,0.2,0.16666666666666666,0.2222222222222222,0.30260241349881345,0.16666666666666666,0.1
5373,1,1.0,0.0,0.0,1.0,0.2,1.0,0.0,0.0,1.0,0.1
23288,16,0.6,0.6666666666666666,0.6548086577531306,0.1875,0.6,0.4,0.509090909090909,0.4943572357534482,0.25,0.4
29629,5,0.2,0.3333333333333333,0.33916020527361607,0.2,0.2,0.2,0.25,0.33916020527361607,0.2,0.1
28971,3,0.0,0.0,0.0,0.0,0.0,0.0,0.0,0.0,0.0,0.0
20194,3,0.0,0.0,0.0,0.0,0.0,0.0,0.0,0.0,0.0,0.0
20662,12,0.2,0.13333333333333333,0.14606834984270645,0.08333333333333333,0.2,0.2,0.1636363636363636,0.16104258782393982,0.16666666666666666,0.2
300,7,0.0,0.0,0.0,0.0,0.0,0.2857142857142857,0.18367346938775508,0.18953836965473142,0.2857142857142857,0.2
6026,6,0.0,0.0,0.0,0.0,0.0,0.0,0.0,0.0,0.0,0.0
27232,5,0.0,0.0,0.0,0.0,0.0,0.0,0.0,0.0,0.0,0.0
4789,4,0.0,0.0,0.0,0.0,0.0,0.0,0.0,0.0,0.0,0.0
19426,11,0.2,0.06666666666666665,0.13120507751234176,0.09090909090909091,0.2,0.1,0.10909090909090909,0.08514311764162097,0.09090909090909091,0.1
25654,55,1.0,1.0,1.0,0.09090909090909091,1.0,0.5,0.7272727272727273,0.6489315753318466,0.09090909090909091,0.5
19273,18,0.4,0.6,0.5531464700081437,0.1111111111111111,0.4,0.2,0.34545454545454546,0.3589542101716347,0.1111111111111111,0.2
89,4,0.25,0.35714285714285715,0.39038004999210163,0.25,0.2,0.25,0.2941176470588235,0.39038004999210163,0.25,0.1
27281,3,0.3333333333333333,0.4166666666666667,0.46927872602275644,0.3333333333333333,0.2,0.6666666666666666,0.37037037037037035,0.46927872602275644,0.6666666666666666,0.2
21915,3,0.3333333333333333,0.4166666666666667,0.46927872602275644,0.3333333333333333,0.2,0.6666666666666666,0.37037037037037035,0.46927872602275644,0.6666666666666666,0.2
13431,10,0.0,0.0,0.0,0.0,0.0,0.1,0.07272727272727274,0.07336392209936006,0.1,0.1
18081,30,0.4,0.5333333333333333,0.5087403079104241,0.06666666666666667,0.4,0.4,0.38181818181818183,0.4600126611004609,0.13333333333333333,0.4
9072,7,0.4,0.6,0.5531464700081437,0.2857142857142857,0.4,0.2857142857142857,0.38775510204081626,0.4483039899025303,0.2857142857142857,0.2
10292,31,0.4,0.3333333333333333,0.31564845247951445,0.06451612903225806,0.4,0.5,0.39999999999999997,0.40807318127129166,0.16129032258064516,0.5
18838,33,0.4,0.6,0.5531464700081437,0.06060606060606061,0.4,0.3,0.41818181818181815,0.43231813227099475,0.09090909090909091,0.3
15846,10,0.6,0.5333333333333333,0.6164336326286642,0.3,0.6,0.5,0.4727272727272727,0.5298982599625927,0.5,0.5
3068,9,0.2,0.19999999999999998,0.16958010263680803,0.1111111111111111,0.2,0.1111111111111111,0.14814814814814814,0.11752277470724269,0.1111111111111111,0.1
21631,1,1.0,1.0,1.0,1.0,0.2,1.0,1.0,1.0,1.0,0.1
3511,5,0.0,0.0,0.0,0.0,0.0,0.0,0.0,0.0,0.0,0.0
16622,12,0.2,0.06666666666666665,0.13120507751234176,0.08333333333333333,0.2,0.1,0.10909090909090909,0.08514311764162097,0.08333333333333333,0.1
10151,19,0.0,0.0,0.0,0.0,0.0,0.1,0.018181818181818177,0.0636207881989517,0.05263157894736842,0.1
5652,4,0.5,0.2142857142857143,0.19519002499605081,0.5,0.4,0.5,0.23529411764705882,0.19519002499605081,0.5,0.2
15244,17,0.6,0.6,0.6399453854227659,0.17647058823529413,0.6,0.4,0.47272727272727266,0.48153499054313026,0.23529411764705882,0.4
30300,2,0.0,0.0,0.0,0.0,0.0,0.0,0.0,0.0,0.0,0.0
3931,29,0.4,0.6,0.5531464700081437,0.06896551724137931,0.4,0.4,0.39999999999999997,0.4888292218249754,0.13793103448275862,0.4
24949,1,1.0,0.0,0.0,1.0,0.2,1.0,0.0,0.0,1.0,0.1
15113,8,0.4,0.19999999999999998,0.2772734273550482,0.25,0.4,0.25,0.24999999999999994,0.20678808725291628,0.25,0.2
24462,10,0.2,0.26666666666666666,0.2139862647345275,0.1,0.2,0.1,0.16363636363636364,0.1388624438735545,0.1,0.1
12588,26,0.4,0.4000000000000001,0.3600546145772339,0.07692307692307693,0.4,0.4,0.4,0.3756698654207322,0.15384615384615385,0.4
15332,5,0.4,0.5333333333333333,0.5087403079104241,0.4,0.4,0.4,0.45,0.5087403079104241,0.4,0.2
540,9,0.0,0.0,0.0,0.0,0.0,0.0,0.0,0.0,0.0,0.0
27601,1,1.0,1.0,1.0,1.0,0.2,1.0,1.0,1.0,1.0,0.1
13746,10,0.0,0.0,0.0,0.0,0.0,0.1,0.07272727272727274,0.07336392209936006,0.1,0.1
31015,1,1.0,1.0,1.0,1.0,0.2,1.0,1.0,1.0,1.0,0.1
23091,17,0.4,0.4666666666666666,0.48522855511632257,0.11764705882352941,0.4,0.2,0.3090909090909091,0.31488013066763093,0.11764705882352941,0.2
24062,15,0.6,0.7333333333333334,0.6992148198508501,0.2,0.6,0.5,0.618181818181818,0.601572065456638,0.3333333333333333,0.5
14263,3,0.3333333333333333,0.4166666666666667,0.46927872602275644,0.3333333333333333,0.2,0.3333333333333333,0.37037037037037035,0.46927872602275644,0.3333333333333333,0.1
28828,2,0.0,0.0,0.0,0.0,0.0,0.0,0.0,0.0,0.0,0.0
16918,13,0.0,0.0,0.0,0.0,0.0,0.0,0.0,0.0,0.0,0.0
13944,1,0.0,0.0,0.0,0.0,0.0,0.0,0.0,0.0,0.0,0.0
5157,37,0.6,0.7333333333333334,0.6992148198508501,0.08108108108108109,0.6,0.5,0.5818181818181818,0.5957616317188125,0.13513513513513514,0.5
16168,5,0.4,0.39999999999999997,0.4703652827859578,0.4,0.4,0.4,0.4,0.4703652827859578,0.4,0.2
24600,6,0.2,0.3333333333333333,0.33916020527361607,0.16666666666666666,0.2,0.16666666666666666,0.2222222222222222,0.30260241349881345,0.16666666666666666,0.1
14106,3,0.0,0.0,0.0,0.0,0.0,0.0,0.0,0.0,0.0,0.0
6806,1,0.0,0.0,0.0,0.0,0.0,0.0,0.0,0.0,0.0,0.0
30193,4,0.25,0.28571428571428575,0.2463023887407299,0.25,0.2,0.25,0.2647058823529412,0.2463023887407299,0.25,0.1
13688,35,0.0,0.0,0.0,0.0,0.0,0.2,0.10909090909090909,0.13961814555374907,0.05714285714285714,0.2
19277,19,0.0,0.0,0.0,0.0,0.0,0.0,0.0,0.0,0.0,0.0
27915,4,0.0,0.0,0.0,0.0,0.0,0.0,0.0,0.0,0.0,0.0
7015,27,0.0,0.0,0.0,0.0,0.0,0.2,0.1272727272727273,0.1427951440361373,0.07407407407407407,0.2
5969,6,0.0,0.0,0.0,0.0,0.0,0.0,0.0,0.0,0.0,0.0
23763,1,0.0,0.0,0.0,0.0,0.0,0.0,0.0,0.0,0.0,0.0
15821,12,0.2,0.13333333333333333,0.14606834984270645,0.08333333333333333,0.2,0.1,0.12727272727272726,0.09478836436955078,0.08333333333333333,0.1
18780,19,0.2,0.13333333333333333,0.14606834984270645,0.05263157894736842,0.2,0.3,0.1818181818181818,0.22466337602289152,0.15789473684210525,0.3
873,7,0.2,0.19999999999999998,0.16958010263680803,0.14285714285714285,0.2,0.14285714285714285,0.16326530612244897,0.13743816645714543,0.14285714285714285,0.1
14399,3,0.3333333333333333,0.4166666666666667,0.46927872602275644,0.3333333333333333,0.2,0.3333333333333333,0.37037037037037035,0.46927872602275644,0.3333333333333333,0.1
22566,77,0.6,0.5333333333333333,0.6164336326286642,0.03896103896103896,0.6,0.5,0.49090909090909085,0.5330752584449808,0.06493506493506493,0.5
4875,4,0.0,0.0,0.0,0.0,0.0,0.25,0.0,0.0,0.25,0.1
17719,12,0.2,0.06666666666666665,0.13120507751234176,0.08333333333333333,0.2,0.2,0.14545454545454545,0.15139734109601,0.16666666666666666,0.2
694,4,0.25,0.35714285714285715,0.39038004999210163,0.25,0.2,0.25,0.2941176470588235,0.39038004999210163,0.25,0.1
4873,16,0.8,0.9333333333333332,0.8687949224876582,0.25,0.8,0.4,0.6181818181818183,0.5637884576902256,0.25,0.4
27140,3,0.0,0.0,0.0,0.0,0.0,0.3333333333333333,0.0,0.0,0.3333333333333333,0.1
11259,2,0.5,0.5555555555555556,0.6131471927654584,0.5,0.2,1.0,0.5263157894736842,0.6131471927654584,1.0,0.2
8600,15,0.0,0.0,0.0,0.0,0.0,0.2,0.10909090909090909,0.13961814555374907,0.13333333333333333,0.2
7069,2,0.0,0.0,0.0,0.0,0.0,0.0,0.0,0.0,0.0,0.0
19665,27,0.6,0.7999999999999999,0.7227265726449518,0.1111111111111111,0.6,0.4,0.5818181818181819,0.5473983622993501,0.14814814814814814,0.4
10779,8,0.2,0.3333333333333333,0.33916020527361607,0.125,0.2,0.25,0.1923076923076923,0.2529427027676571,0.25,0.2
15350,22,0.2,0.3333333333333333,0.33916020527361607,0.045454545454545456,0.2,0.3,0.2727272727272727,0.3557772116892464,0.13636363636363635,0.3
27645,1,0.0,0.0,0.0,0.0,0.0,0.0,0.0,0.0,0.0,0.0
23365,9,0.2,0.19999999999999998,0.16958010263680803,0.1111111111111111,0.2,0.1111111111111111,0.14814814814814814,0.11752277470724269,0.1111111111111111,0.1
30977,1,0.0,0.0,0.0,0.0,0.0,0.0,0.0,0.0,0.0,0.0
14110,25,0.8,0.8000000000000002,0.8304198973631919,0.16,0.8,0.4,0.5818181818181818,0.5388856921828065,0.16,0.4
22390,3,0.0,0.0,0.0,0.0,0.0,0.0,0.0,0.0,0.0,0.0
1433,3,0.3333333333333333,0.4166666666666667,0.46927872602275644,0.3333333333333333,0.2,0.3333333333333333,0.37037037037037035,0.46927872602275644,0.3333333333333333,0.1
7480,1,0.0,0.0,0.0,0.0,0.0,0.0,0.0,0.0,0.0,0.0
21629,31,0.2,0.19999999999999998,0.16958010263680803,0.03225806451612903,0.2,0.3,0.23636363636363636,0.24573132854020635,0.0967741935483871,0.3
4456,6,0.0,0.0,0.0,0.0,0.0,0.16666666666666666,0.0,0.0,0.16666666666666666,0.1
11828,24,0.2,0.13333333333333333,0.14606834984270645,0.041666666666666664,0.2,0.1,0.12727272727272726,0.09478836436955078,0.041666666666666664,0.1
5644,45,0.2,0.3333333333333333,0.33916020527361607,0.022222222222222223,0.2,0.3,0.32727272727272727,0.36792125721353275,0.06666666666666667,0.3
14616,59,0.4,0.26666666666666666,0.3007851801491498,0.03389830508474576,0.4,0.5,0.45454545454545453,0.41320541532308547,0.0847457627118644,0.5
17323,4,0.0,0.0,0.0,0.0,0.0,0.0,0.0,0.0,0.0,0.0
20598,2,0.5,0.0,0.0,0.5,0.2,1.0,0.0,0.0,1.0,0.2
6981,6,0.0,0.0,0.0,0.0,0.0,0.0,0.0,0.0,0.0,0.0
21883,4,0.25,0.35714285714285715,0.39038004999210163,0.25,0.2,0.25,0.2941176470588235,0.39038004999210163,0.25,0.1
8684,1,0.0,0.0,0.0,0.0,0.0,0.0,0.0,0.0,0.0,0.0
12154,27,0.4,0.3333333333333333,0.31564845247951445,0.07407407407407407,0.4,0.2,0.2727272727272727,0.20483424751859083,0.07407407407407407,0.2
23758,10,0.2,0.13333333333333333,0.14606834984270645,0.1,0.2,0.1,0.12727272727272726,0.09478836436955078,0.1,0.1
14372,6,0.2,0.3333333333333333,0.33916020527361607,0.16666666666666666,0.2,0.16666666666666666,0.2222222222222222,0.30260241349881345,0.16666666666666666,0.1
20169,1,0.0,0.0,0.0,0.0,0.0,0.0,0.0,0.0,0.0,0.0
14901,3,0.6666666666666666,0.75,0.7653606369886217,0.6666666666666666,0.4,0.6666666666666666,0.7037037037037036,0.7653606369886217,0.6666666666666666,0.2
15360,1,1.0,0.0,0.0,1.0,0.2,1.0,0.0,0.0,1.0,0.1
8499,5,0.2,0.3333333333333333,0.33916020527361607,0.2,0.2,0.2,0.25,0.33916020527361607,0.2,0.1
27631,17,0.6,0.7999999999999999,0.7227265726449518,0.17647058823529413,0.6,0.4,0.5272727272727273,0.5352543167750639,0.23529411764705882,0.4
27891,4,0.5,0.5714285714285715,0.5855700749881524,0.5,0.4,0.5,0.5294117647058824,0.5855700749881524,0.5,0.2
1991,25,0.2,0.19999999999999998,0.16958010263680803,0.04,0.2,0.2,0.18181818181818182,0.1763001066034291,0.08,0.2
7977,2,0.0,0.0,0.0,0.0,0.0,0.0,0.0,0.0,0.0,0.0
18836,35,0.0,0.0,0.0,0.0,0.0,0.2,0.16363636363636364,0.1517621910780354,0.05714285714285714,0.2
17140,4,0.0,0.0,0.0,0.0,0.0,0.0,0.0,0.0,0.0,0.0
20067,1,0.0,0.0,0.0,0.0,0.0,0.0,0.0,0.0,0.0,0.0
2410,6,0.2,0.19999999999999998,0.16958010263680803,0.16666666666666666,0.2,0.16666666666666666,0.17777777777777778,0.15130120674940672,0.16666666666666666,0.1
27321,7,0.0,0.0,0.0,0.0,0.0,0.0,0.0,0.0,0.0,0.0
17645,34,0.4,0.5333333333333333,0.5087403079104241,0.058823529411764705,0.4,0.4,0.47272727272727266,0.4779671403625727,0.11764705882352941,0.4
2114,8,0.2,0.3333333333333333,0.33916020527361607,0.125,0.2,0.125,0.1923076923076923,0.2529427027676571,0.125,0.1
19951,7,0.0,0.0,0.0,0.0,0.0,0.0,0.0,0.0,0.0,0.0
25258,2,0.0,0.0,0.0,0.0,0.0,0.0,0.0,0.0,0.0,0.0
29562,18,0.2,0.3333333333333333,0.33916020527361607,0.05555555555555555,0.2,0.1,0.18181818181818182,0.22009176629808014,0.05555555555555555,0.1
22967,15,0.2,0.3333333333333333,0.33916020527361607,0.06666666666666667,0.2,0.2,0.2727272727272727,0.2984900352767555,0.13333333333333333,0.2
20538,1,0.0,0.0,0.0,0.0,0.0,0.0,0.0,0.0,0.0,0.0
10634,33,0.4,0.5333333333333333,0.5087403079104241,0.06060606060606061,0.4,0.4,0.49090909090909085,0.48189984052515555,0.12121212121212122,0.4
22867,9,0.2,0.3333333333333333,0.33916020527361607,0.1111111111111111,0.2,0.1111111111111111,0.18518518518518517,0.23504554941448538,0.1111111111111111,0.1
10949,9,0.2,0.3333333333333333,0.33916020527361607,0.1111111111111111,0.2,0.1111111111111111,0.18518518518518517,0.23504554941448538,0.1111111111111111,0.1
1757,6,0.2,0.19999999999999998,0.16958010263680803,0.16666666666666666,0.2,0.16666666666666666,0.17777777777777778,0.15130120674940672,0.16666666666666666,0.1
22446,8,0.0,0.0,0.0,0.0,0.0,0.0,0.0,0.0,0.0,0.0
15825,10,0.2,0.26666666666666666,0.2139862647345275,0.1,0.2,0.1,0.16363636363636364,0.1388624438735545,0.1,0.1
6175,8,0.0,0.0,0.0,0.0,0.0,0.25,0.07692307692307693,0.08431423425588572,0.25,0.2
2964,41,0.4,0.6,0.5531464700081437,0.04878048780487805,0.4,0.2,0.34545454545454546,0.3589542101716347,0.04878048780487805,0.2
1955,16,0.2,0.06666666666666665,0.13120507751234176,0.0625,0.2,0.3,0.21818181818181817,0.22476126319537001,0.1875,0.3
15898,16,0.2,0.26666666666666666,0.2139862647345275,0.0625,0.2,0.1,0.16363636363636364,0.1388624438735545,0.0625,0.1
6012,29,0.6,0.7999999999999999,0.7227265726449518,0.10344827586206896,0.6,0.6,0.7090909090909091,0.6901935063354874,0.20689655172413793,0.6
19787,36,0.8,0.9333333333333332,0.8687949224876582,0.1111111111111111,0.8,0.8,0.8181818181818182,0.8414929602590189,0.2222222222222222,0.8
11417,18,0.4,0.3333333333333333,0.31564845247951445,0.1111111111111111,0.4,0.5,0.38181818181818183,0.4041404811087088,0.2777777777777778,0.5
12226,9,0.2,0.3333333333333333,0.33916020527361607,0.1111111111111111,0.2,0.1111111111111111,0.18518518518518517,0.23504554941448538,0.1111111111111111,0.1
10064,17,0.2,0.13333333333333333,0.14606834984270645,0.058823529411764705,0.2,0.1,0.12727272727272726,0.09478836436955078,0.058823529411764705,0.1
28469,6,0.0,0.0,0.0,0.0,0.0,0.0,0.0,0.0,0.0,0.0
7409,1,1.0,1.0,1.0,1.0,0.2,1.0,1.0,1.0,1.0,0.1
14353,3,0.0,0.0,0.0,0.0,0.0,0.0,0.0,0.0,0.0,0.0
14123,45,0.2,0.26666666666666666,0.2139862647345275,0.022222222222222223,0.2,0.4,0.3636363636363636,0.35687885840597894,0.08888888888888889,0.4
24138,4,0.25,0.35714285714285715,0.39038004999210163,0.25,0.2,0.25,0.2941176470588235,0.39038004999210163,0.25,0.1
28755,2,0.0,0.0,0.0,0.0,0.0,0.5,0.0,0.0,0.5,0.1
6066,12,0.2,0.3333333333333333,0.33916020527361607,0.08333333333333333,0.2,0.1,0.18181818181818182,0.22009176629808014,0.08333333333333333,0.1
11329,5,0.0,0.0,0.0,0.0,0.0,0.0,0.0,0.0,0.0,0.0
15098,11,0.6,0.6666666666666666,0.6548086577531306,0.2727272727272727,0.6,0.4,0.5272727272727272,0.49828993591603105,0.36363636363636365,0.4
8353,6,0.4,0.4666666666666666,0.48522855511632257,0.3333333333333333,0.4,0.3333333333333333,0.37777777777777777,0.4329261794091841,0.3333333333333333,0.2
13193,70,0.6,0.6,0.6399453854227659,0.04285714285714286,0.6,0.3,0.43636363636363634,0.4152807670887412,0.04285714285714286,0.3
27505,21,0.6,0.6666666666666666,0.6843515475204854,0.14285714285714285,0.6,0.3,0.45454545454545453,0.44409732781325567,0.14285714285714285,0.3
19614,3,0.0,0.0,0.0,0.0,0.0,0.0,0.0,0.0,0.0,0.0
15075,7,0.2,0.3333333333333333,0.33916020527361607,0.14285714285714285,0.2,0.2857142857142857,0.3061224489795918,0.3727892582642587,0.2857142857142857,0.2
4180,4,0.0,0.0,0.0,0.0,0.0,0.0,0.0,0.0,0.0,0.0
29104,1,0.0,0.0,0.0,0.0,0.0,0.0,0.0,0.0,0.0,0.0
24748,3,0.0,0.0,0.0,0.0,0.0,0.0,0.0,0.0,0.0,0.0
19094,7,0.0,0.0,0.0,0.0,0.0,0.0,0.0,0.0,0.0,0.0
631,3,0.0,0.0,0.0,0.0,0.0,0.0,0.0,0.0,0.0,0.0
17133,19,0.4,0.6,0.5531464700081437,0.10526315789473684,0.4,0.3,0.43636363636363634,0.43735247915031,0.15789473684210525,0.3
975,6,0.0,0.0,0.0,0.0,0.0,0.0,0.0,0.0,0.0,0.0
11035,4,0.25,0.35714285714285715,0.39038004999210163,0.25,0.2,0.5,0.2941176470588235,0.39038004999210163,0.5,0.2
3320,8,0.4,0.26666666666666666,0.3007851801491498,0.25,0.4,0.25,0.2692307692307692,0.22432294601898897,0.25,0.2
5145,53,0.6,0.7333333333333334,0.6992148198508501,0.05660377358490566,0.6,0.4,0.5636363636363636,0.5321408435198608,0.07547169811320754,0.4
23652,8,0.2,0.26666666666666666,0.2139862647345275,0.125,0.2,0.25,0.25,0.243903311380782,0.25,0.2
5608,2,0.0,0.0,0.0,0.0,0.0,0.0,0.0,0.0,0.0,0.0
11799,35,0.4,0.6,0.5531464700081437,0.05714285714285714,0.4,0.3,0.3818181818181818,0.42520843362602373,0.08571428571428572,0.3
8306,2,0.5,0.4444444444444445,0.3868528072345415,0.5,0.2,0.5,0.4736842105263158,0.3868528072345415,0.5,0.1
22149,5,0.2,0.06666666666666665,0.13120507751234176,0.2,0.2,0.2,0.15,0.13120507751234176,0.2,0.1
2293,4,0.0,0.0,0.0,0.0,0.0,0.0,0.0,0.0,0.0,0.0
18225,52,0.6,0.7999999999999999,0.7227265726449518,0.057692307692307696,0.6,0.4,0.5454545454545454,0.538431315257452,0.07692307692307693,0.4
5045,8,0.2,0.3333333333333333,0.33916020527361607,0.125,0.2,0.125,0.1923076923076923,0.2529427027676571,0.125,0.1
5988,34,0.4,0.5333333333333333,0.5087403079104241,0.058823529411764705,0.4,0.5,0.4727272727272727,0.5384109300791362,0.14705882352941177,0.5
6550,17,0.6,0.7333333333333334,0.6992148198508501,0.17647058823529413,0.6,0.4,0.5272727272727272,0.5231737964779627,0.23529411764705882,0.4
8051,34,0.4,0.6,0.5531464700081437,0.058823529411764705,0.4,0.4,0.47272727272727266,0.5036067026046991,0.11764705882352941,0.4
19017,9,0.4,0.19999999999999998,0.2772734273550482,0.2222222222222222,0.4,0.2222222222222222,0.2407407407407407,0.192156638831279,0.2222222222222222,0.2
1137,13,0.2,0.3333333333333333,0.33916020527361607,0.07692307692307693,0.2,0.3,0.3090909090909091,0.3647442587311445,0.23076923076923078,0.3
5885,6,0.0,0.0,0.0,0.0,0.0,0.0,0.0,0.0,0.0,0.0
20776,6,0.4,0.6,0.5531464700081437,0.3333333333333333,0.4,0.3333333333333333,0.4222222222222222,0.4935232796777481,0.3333333333333333,0.2
1792,2,0.5,0.5555555555555556,0.6131471927654584,0.5,0.2,0.5,0.5263157894736842,0.6131471927654584,0.5,0.1
23426,3,0.6666666666666666,0.33333333333333337,0.29608191096586517,0.6666666666666666,0.4,1.0,0.3333333333333333,0.29608191096586517,1.0,0.3
24698,1,0.0,0.0,0.0,0.0,0.0,0.0,0.0,0.0,0.0,0.0
2566,2,0.0,0.0,0.0,0.0,0.0,0.0,0.0,0.0,0.0,0.0
27108,10,0.4,0.4666666666666666,0.38356636737133554,0.2,0.4,0.3,0.34545454545454546,0.3151625504769836,0.3,0.3
30107,25,0.4,0.6,0.5531464700081437,0.08,0.4,0.4,0.509090909090909,0.5107164012496701,0.16,0.4
24845,47,0.4,0.6,0.5531464700081437,0.0425531914893617,0.4,0.2,0.34545454545454546,0.3589542101716347,0.0425531914893617,0.2
13229,40,0.0,0.0,0.0,0.0,0.0,0.2,0.14545454545454548,0.14782949091545258,0.05,0.2
25599,44,0.4,0.5333333333333333,0.5087403079104241,0.045454545454545456,0.4,0.4,0.49090909090909085,0.48189984052515555,0.09090909090909091,0.4
4759,17,0.2,0.3333333333333333,0.33916020527361607,0.058823529411764705,0.2,0.1,0.18181818181818182,0.22009176629808014,0.058823529411764705,0.1
30232,15,0.6,0.39999999999999997,0.4468535299918562,0.2,0.6,0.4,0.4727272727272727,0.36837563413888713,0.26666666666666666,0.4
22292,22,0.2,0.13333333333333333,0.14606834984270645,0.045454545454545456,0.2,0.4,0.30909090909090914,0.31017134364653787,0.18181818181818182,0.4
137,2,0.0,0.0,0.0,0.0,0.0,0.0,0.0,0.0,0.0,0.0
8573,17,0.4,0.39999999999999997,0.4703652827859578,0.11764705882352941,0.4,0.3,0.32727272727272727,0.37148910739409013,0.17647058823529413,0.3
16536,2,0.5,0.0,0.0,0.5,0.2,0.5,0.0,0.0,0.5,0.1
14355,41,0.2,0.13333333333333333,0.14606834984270645,0.024390243902439025,0.2,0.1,0.12727272727272726,0.09478836436955078,0.024390243902439025,0.1
16367,4,0.0,0.0,0.0,0.0,0.0,0.0,0.0,0.0,0.0,0.0
16816,1,1.0,0.0,0.0,1.0,0.2,1.0,0.0,0.0,1.0,0.1
18912,2,1.0,1.0,1.0,1.0,0.4,1.0,1.0,1.0,1.0,0.2
19140,3,0.3333333333333333,0.4166666666666667,0.46927872602275644,0.3333333333333333,0.2,0.3333333333333333,0.37037037037037035,0.46927872602275644,0.3333333333333333,0.1
5063,14,0.2,0.13333333333333333,0.14606834984270645,0.07142857142857142,0.2,0.2,0.21818181818181817,0.1731866333482261,0.14285714285714285,0.2
8362,26,0.6,0.6666666666666666,0.6843515475204854,0.11538461538461539,0.6,0.3,0.45454545454545453,0.44409732781325567,0.11538461538461539,0.3
9474,18,0.4,0.6,0.5531464700081437,0.1111111111111111,0.4,0.2,0.34545454545454546,0.3589542101716347,0.1111111111111111,0.2
18771,22,0.6,0.6666666666666666,0.6843515475204854,0.13636363636363635,0.6,0.3,0.45454545454545453,0.44409732781325567,0.13636363636363635,0.3
18926,8,0.0,0.0,0.0,0.0,0.0,0.0,0.0,0.0,0.0,0.0
15417,7,0.0,0.0,0.0,0.0,0.0,0.2857142857142857,0.0,0.0,0.2857142857142857,0.2
27723,1,0.0,0.0,0.0,0.0,0.0,0.0,0.0,0.0,0.0,0.0
14379,1,1.0,1.0,1.0,1.0,0.2,1.0,1.0,1.0,1.0,0.1
16340,7,0.2,0.3333333333333333,0.33916020527361607,0.14285714285714285,0.2,0.14285714285714285,0.2040816326530612,0.27487633291429087,0.14285714285714285,0.1
18165,20,0.6,0.7999999999999999,0.7227265726449518,0.15,0.6,0.4,0.5454545454545454,0.538431315257452,0.2,0.4
18315,5,0.2,0.3333333333333333,0.33916020527361607,0.2,0.2,0.2,0.25,0.33916020527361607,0.2,0.1
14424,45,0.8,0.8000000000000002,0.8304198973631919,0.08888888888888889,0.8,0.7,0.7636363636363637,0.7529694065526481,0.15555555555555556,0.7
7109,36,0.8,0.8666666666666666,0.8539316501572936,0.1111111111111111,0.8,0.5,0.6909090909090909,0.6325414799409711,0.1388888888888889,0.5
24269,1,1.0,0.0,0.0,1.0,0.2,1.0,0.0,0.0,1.0,0.1
16985,10,0.4,0.4666666666666666,0.48522855511632257,0.2,0.4,0.3,0.4,0.3932783996463063,0.3,0.3
1933,2,0.0,0.0,0.0,0.0,0.0,0.0,0.0,0.0,0.0,0.0
27603,36,0.2,0.19999999999999998,0.16958010263680803,0.027777777777777776,0.2,0.1,0.14545454545454548,0.11004588314904007,0.027777777777777776,0.1
3730,37,0.2,0.19999999999999998,0.16958010263680803,0.02702702702702703,0.2,0.3,0.2,0.23992089480238077,0.08108108108108109,0.3
3571,5,0.0,0.0,0.0,0.0,0.0,0.0,0.0,0.0,0.0,0.0
30426,38,0.4,0.6,0.5531464700081437,0.05263157894736842,0.4,0.3,0.36363636363636365,0.4225749983705864,0.07894736842105263,0.3
3474,28,0.6,0.5333333333333333,0.6164336326286642,0.10714285714285714,0.6,0.7,0.6000000000000001,0.67269340399873,0.25,0.7
15976,2,0.5,0.5555555555555556,0.6131471927654584,0.5,0.2,1.0,0.5263157894736842,0.6131471927654584,1.0,0.2
16339,6,0.4,0.5333333333333333,0.5087403079104241,0.3333333333333333,0.4,0.3333333333333333,0.4,0.4539036202482201,0.3333333333333333,0.2
4926,9,0.2,0.26666666666666666,0.2139862647345275,0.1111111111111111,0.2,0.1111111111111111,0.16666666666666666,0.14829723057014907,0.1111111111111111,0.1
19279,2,0.0,0.0,0.0,0.0,0.0,0.0,0.0,0.0,0.0,0.0
27872,6,0.2,0.3333333333333333,0.33916020527361607,0.16666666666666666,0.2,0.16666666666666666,0.2222222222222222,0.30260241349881345,0.16666666666666666,0.1
6368,43,0.4,0.5333333333333333,0.5087403079104241,0.046511627906976744,0.4,0.2,0.32727272727272727,0.3301376494471202,0.046511627906976744,0.2
23308,54,0.8,0.7333333333333334,0.7860137352654724,0.07407407407407407,0.8,0.5,0.5818181818181819,0.5736899196572437,0.09259259259259259,0.5
14913,40,0.8,0.8666666666666666,0.8539316501572936,0.1,0.8,0.6,0.7272727272727273,0.6987957033953601,0.15,0.6
26801,6,0.4,0.6,0.5531464700081437,0.3333333333333333,0.4,0.3333333333333333,0.4222222222222222,0.4935232796777481,0.3333333333333333,0.2
14128,60,0.2,0.06666666666666665,0.13120507751234176,0.016666666666666666,0.2,0.2,0.16363636363636364,0.15457433957839825,0.03333333333333333,0.2
26244,14,0.4,0.3333333333333333,0.34519134224686926,0.14285714285714285,0.4,0.3,0.32727272727272727,0.29343678345195273,0.21428571428571427,0.3
4427,3,0.3333333333333333,0.4166666666666667,0.46927872602275644,0.3333333333333333,0.2,0.3333333333333333,0.37037037037037035,0.46927872602275644,0.3333333333333333,0.1
218,48,0.0,0.0,0.0,0.0,0.0,0.0,0.0,0.0,0.0,0.0
18856,27,0.4,0.6,0.5531464700081437,0.07407407407407407,0.4,0.4,0.4181818181818182,0.49200622030736363,0.14814814814814814,0.4
25141,33,0.4,0.26666666666666666,0.3007851801491498,0.06060606060606061,0.4,0.5,0.41818181818181815,0.4042383682811874,0.15151515151515152,0.5
25700,27,0.8,0.9333333333333332,0.8687949224876582,0.14814814814814814,0.8,0.4,0.6181818181818183,0.5637884576902256,0.14814814814814814,0.4
3839,26,0.2,0.13333333333333333,0.14606834984270645,0.038461538461538464,0.2,0.2,0.2,0.16815228646891084,0.07692307692307693,0.2
438,7,0.2,0.19999999999999998,0.16958010263680803,0.14285714285714285,0.2,0.14285714285714285,0.16326530612244897,0.13743816645714543,0.14285714285714285,0.1
3491,5,0.2,0.26666666666666666,0.2139862647345275,0.2,0.2,0.2,0.225,0.2139862647345275,0.2,0.1
24568,8,0.4,0.5333333333333333,0.5087403079104241,0.25,0.4,0.375,0.4230769230769231,0.4637282884073714,0.375,0.3
25875,9,0.6,0.6,0.529634717214042,0.3333333333333333,0.6,0.5555555555555556,0.5925925925925926,0.5249221427739599,0.5555555555555556,0.5
27079,8,0.0,0.0,0.0,0.0,0.0,0.0,0.0,0.0,0.0,0.0
17751,1,0.0,0.0,0.0,0.0,0.0,0.0,0.0,0.0,0.0,0.0
13302,9,0.2,0.13333333333333333,0.14606834984270645,0.1111111111111111,0.2,0.1111111111111111,0.12962962962962962,0.10122860821230019,0.1111111111111111,0.1
10416,6,0.2,0.3333333333333333,0.33916020527361607,0.16666666666666666,0.2,0.16666666666666666,0.2222222222222222,0.30260241349881345,0.16666666666666666,0.1
6513,13,0.4,0.5333333333333333,0.5087403079104241,0.15384615384615385,0.4,0.3,0.41818181818181815,0.4085359184257955,0.23076923076923078,0.3
6515,62,0.4,0.3333333333333333,0.34519134224686926,0.03225806451612903,0.4,0.4,0.41818181818181815,0.3718350524306281,0.06451612903225806,0.4
893,10,0.0,0.0,0.0,0.0,0.0,0.1,0.09090909090909091,0.07839826897867533,0.1,0.1
18145,8,0.2,0.3333333333333333,0.33916020527361607,0.125,0.2,0.125,0.1923076923076923,0.2529427027676571,0.125,0.1
20475,11,0.2,0.3333333333333333,0.33916020527361607,0.09090909090909091,0.2,0.1,0.18181818181818182,0.22009176629808014,0.09090909090909091,0.1
2720,12,0.0,0.0,0.0,0.0,0.0,0.2,0.14545454545454548,0.14782949091545258,0.16666666666666666,0.2
29968,3,0.3333333333333333,0.4166666666666667,0.46927872602275644,0.3333333333333333,0.2,0.3333333333333333,0.37037037037037035,0.46927872602275644,0.3333333333333333,0.1
20416,3,0.0,0.0,0.0,0.0,0.0,0.0,0.0,0.0,0.0,0.0
27033,9,0.2,0.3333333333333333,0.33916020527361607,0.1111111111111111,0.2,0.1111111111111111,0.18518518518518517,0.23504554941448538,0.1111111111111111,0.1
877,7,0.2,0.3333333333333333,0.33916020527361607,0.14285714285714285,0.2,0.2857142857142857,0.2040816326530612,0.27487633291429087,0.2857142857142857,0.2
1523,48,0.4,0.4666666666666666,0.38356636737133554,0.041666666666666664,0.4,0.2,0.30909090909090914,0.24890832702259458,0.041666666666666664,0.2
5707,28,0.4,0.4666666666666666,0.38356636737133554,0.07142857142857142,0.4,0.5,0.43636363636363634,0.4521472607752954,0.17857142857142858,0.5
342,31,0.6,0.7333333333333334,0.6992148198508501,0.0967741935483871,0.6,0.6,0.6181818181818182,0.6601585067762745,0.1935483870967742,0.6
21378,8,0.6,0.6666666666666666,0.6548086577531306,0.375,0.6,0.375,0.4807692307692307,0.4883505467692416,0.375,0.3
6891,6,0.4,0.4666666666666666,0.48522855511632257,0.3333333333333333,0.4,0.5,0.37777777777777777,0.4329261794091841,0.5,0.3
12317,45,0.6,0.5333333333333333,0.6164336326286642,0.06666666666666667,0.6,0.4,0.509090909090909,0.4784215172879272,0.08888888888888889,0.4
28513,3,0.0,0.0,0.0,0.0,0.0,0.0,0.0,0.0,0.0,0.0
19428,2,0.0,0.0,0.0,0.0,0.0,0.0,0.0,0.0,0.0,0.0
20196,3,0.0,0.0,0.0,0.0,0.0,0.0,0.0,0.0,0.0,0.0
23547,36,0.4,0.5333333333333333,0.5087403079104241,0.05555555555555555,0.4,0.3,0.38181818181818183,0.3995688713838974,0.08333333333333333,0.3
23558,1,0.0,0.0,0.0,0.0,0.0,0.0,0.0,0.0,0.0,0.0
21930,33,0.2,0.3333333333333333,0.33916020527361607,0.030303030303030304,0.2,0.2,0.23636363636363636,0.2895229882348574,0.06060606060606061,0.2
11092,5,0.0,0.0,0.0,0.0,0.0,0.0,0.0,0.0,0.0,0.0
17362,17,0.0,0.0,0.0,0.0,0.0,0.1,0.018181818181818177,0.0636207881989517,0.058823529411764705,0.1
4372,5,0.2,0.26666666666666666,0.2139862647345275,0.2,0.2,0.6,0.225,0.2139862647345275,0.6,0.3
1994,13,0.0,0.0,0.0,0.0,0.0,0.1,0.05454545454545456,0.06943122193677725,0.07692307692307693,0.1
22919,5,0.0,0.0,0.0,0.0,0.0,0.0,0.0,0.0,0.0,0.0
30369,5,0.2,0.06666666666666665,0.13120507751234176,0.2,0.2,0.2,0.15,0.13120507751234176,0.2,0.1
17213,31,0.4,0.3333333333333333,0.34519134224686926,0.06451612903225806,0.4,0.4,0.43636363636363634,0.3757677525932108,0.12903225806451613,0.4
21080,13,0.6,0.7333333333333334,0.6992148198508501,0.23076923076923078,0.6,0.5,0.618181818181818,0.601572065456638,0.38461538461538464,0.5
12923,1,1.0,1.0,1.0,1.0,0.2,1.0,1.0,1.0,1.0,0.1
28508,6,0.4,0.3333333333333333,0.34519134224686926,0.3333333333333333,0.4,0.3333333333333333,0.3333333333333333,0.30798345931689813,0.3333333333333333,0.2
13827,24,0.4,0.6,0.5531464700081437,0.08333333333333333,0.4,0.5,0.5454545454545454,0.5769706247040591,0.20833333333333334,0.5
4930,7,0.0,0.0,0.0,0.0,0.0,0.14285714285714285,0.0,0.0,0.14285714285714285,0.1
13387,11,0.2,0.13333333333333333,0.14606834984270645,0.09090909090909091,0.2,0.1,0.12727272727272726,0.09478836436955078,0.09090909090909091,0.1
26917,3,0.6666666666666666,0.75,0.7653606369886217,0.6666666666666666,0.4,0.6666666666666666,0.7037037037037036,0.7653606369886217,0.6666666666666666,0.2
12156,10,0.6,0.46666666666666673,0.4912596920895757,0.3,0.6,0.3,0.4,0.31879392588472627,0.3,0.3
21054,12,0.2,0.3333333333333333,0.33916020527361607,0.08333333333333333,0.2,0.1,0.18181818181818182,0.22009176629808014,0.08333333333333333,0.1
13462,25,0.4,0.4666666666666666,0.48522855511632257,0.08,0.4,0.3,0.36363636363636365,0.3843113526044082,0.12,0.3
9994,18,0.6,0.6666666666666666,0.6843515475204854,0.16666666666666666,0.6,0.4,0.49090909090909096,0.5103515512676448,0.2222222222222222,0.4
4176,3,0.0,0.0,0.0,0.0,0.0,0.0,0.0,0.0,0.0,0.0
12772,31,0.0,0.0,0.0,0.0,0.0,0.0,0.0,0.0,0.0,0.0
343,1,0.0,0.0,0.0,0.0,0.0,0.0,0.0,0.0,0.0,0.0
22125,3,0.0,0.0,0.0,0.0,0.0,0.0,0.0,0.0,0.0,0.0
19585,9,0.2,0.3333333333333333,0.33916020527361607,0.1111111111111111,0.2,0.2222222222222222,0.2222222222222222,0.30580131013556594,0.2222222222222222,0.2
3666,9,0.0,0.0,0.0,0.0,0.0,0.0,0.0,0.0,0.0,0.0
27312,5,0.2,0.26666666666666666,0.2139862647345275,0.2,0.2,0.2,0.225,0.2139862647345275,0.2,0.1
30559,35,0.2,0.13333333333333333,0.14606834984270645,0.02857142857142857,0.2,0.2,0.21818181818181817,0.1731866333482261,0.05714285714285714,0.2
20630,3,0.3333333333333333,0.4166666666666667,0.46927872602275644,0.3333333333333333,0.2,0.3333333333333333,0.37037037037037035,0.46927872602275644,0.3333333333333333,0.1
22490,11,0.2,0.26666666666666666,0.2139862647345275,0.09090909090909091,0.2,0.1,0.16363636363636364,0.1388624438735545,0.09090909090909091,0.1
2280,4,0.0,0.0,0.0,0.0,0.0,0.0,0.0,0.0,0.0,0.0
11983,3,0.0,0.0,0.0,0.0,0.0,0.0,0.0,0.0,0.0,0.0
12834,11,0.6,0.7999999999999999,0.7227265726449518,0.2727272727272727,0.6,0.4,0.5636363636363636,0.5423640154200349,0.36363636363636365,0.4
19433,1,0.0,0.0,0.0,0.0,0.0,0.0,0.0,0.0,0.0,0.0
15906,4,0.0,0.0,0.0,0.0,0.0,0.0,0.0,0.0,0.0,0.0
23965,4,0.25,0.35714285714285715,0.39038004999210163,0.25,0.2,0.25,0.2941176470588235,0.39038004999210163,0.25,0.1
8292,4,0.0,0.0,0.0,0.0,0.0,0.0,0.0,0.0,0.0,0.0
20288,8,0.2,0.13333333333333333,0.14606834984270645,0.125,0.2,0.125,0.1346153846153846,0.1089364926177559,0.125,0.1
27738,3,0.3333333333333333,0.4166666666666667,0.46927872602275644,0.3333333333333333,0.2,0.3333333333333333,0.37037037037037035,0.46927872602275644,0.3333333333333333,0.1
12344,23,0.4,0.4666666666666666,0.48522855511632257,0.08695652173913043,0.4,0.5,0.4727272727272727,0.5263304097820353,0.21739130434782608,0.5
4596,25,0.4,0.5333333333333333,0.5087403079104241,0.08,0.4,0.2,0.32727272727272727,0.3301376494471202,0.08,0.2
7552,14,0.4,0.4000000000000001,0.3600546145772339,0.14285714285714285,0.4,0.3,0.36363636363636365,0.30701473034246535,0.21428571428571427,0.3
15815,2,0.0,0.0,0.0,0.0,0.0,0.0,0.0,0.0,0.0,0.0
7229,11,0.0,0.0,0.0,0.0,0.0,0.0,0.0,0.0,0.0,0.0
5651,13,0.0,0.0,0.0,0.0,0.0,0.2,0.16363636363636364,0.1517621910780354,0.15384615384615385,0.2
20325,10,0.2,0.19999999999999998,0.16958010263680803,0.1,0.2,0.2,0.21818181818181823,0.18340980524840012,0.2,0.2
24179,10,0.2,0.3333333333333333,0.33916020527361607,0.1,0.2,0.1,0.18181818181818182,0.22009176629808014,0.1,0.1
1085,3,0.3333333333333333,0.4166666666666667,0.46927872602275644,0.3333333333333333,0.2,0.6666666666666666,0.37037037037037035,0.46927872602275644,0.6666666666666666,0.2
4335,3,0.0,0.0,0.0,0.0,0.0,0.0,0.0,0.0,0.0,0.0
16759,8,0.0,0.0,0.0,0.0,0.0,0.125,0.057692307692307696,0.07979453856244816,0.125,0.1
2827,30,0.0,0.0,0.0,0.0,0.0,0.1,0.07272727272727274,0.07336392209936006,0.03333333333333333,0.1
5865,36,0.4,0.3333333333333333,0.34519134224686926,0.05555555555555555,0.4,0.3,0.36363636363636365,0.30240383049385083,0.08333333333333333,0.3
21777,1,1.0,1.0,1.0,1.0,0.2,1.0,1.0,1.0,1.0,0.1
24719,16,0.2,0.3333333333333333,0.33916020527361607,0.0625,0.2,0.2,0.2545454545454545,0.29345568839744024,0.125,0.2
14447,7,0.0,0.0,0.0,0.0,0.0,0.0,0.0,0.0,0.0,0.0
8061,7,0.0,0.0,0.0,0.0,0.0,0.2857142857142857,0.0,0.0,0.2857142857142857,0.2
19490,6,0.0,0.0,0.0,0.0,0.0,0.16666666666666666,0.0,0.0,0.16666666666666666,0.1
12787,1,0.0,0.0,0.0,0.0,0.0,0.0,0.0,0.0,0.0,0.0
24578,36,0.8,0.8666666666666666,0.8539316501572936,0.1111111111111111,0.8,0.8,0.7818181818181817,0.8268133666517739,0.2222222222222222,0.8
17106,8,0.0,0.0,0.0,0.0,0.0,0.125,0.09615384615384615,0.0901000086523677,0.125,0.1
7190,9,0.4,0.39999999999999997,0.4703652827859578,0.2222222222222222,0.4,0.2222222222222222,0.2962962962962963,0.32597358003346416,0.2222222222222222,0.2
13676,23,0.2,0.3333333333333333,0.33916020527361607,0.043478260869565216,0.2,0.1,0.18181818181818182,0.22009176629808014,0.043478260869565216,0.1
18915,18,0.4,0.4000000000000001,0.3600546145772339,0.1111111111111111,0.4,0.3,0.36363636363636365,0.30701473034246535,0.16666666666666666,0.3
933,11,0.2,0.3333333333333333,0.33916020527361607,0.09090909090909091,0.2,0.2,0.21818181818181817,0.28634598975246917,0.18181818181818182,0.2
20500,21,0.2,0.26666666666666666,0.2139862647345275,0.047619047619047616,0.2,0.3,0.29090909090909095,0.28165758790969175,0.14285714285714285,0.3
18551,8,0.4,0.3333333333333333,0.31564845247951445,0.25,0.4,0.25,0.28846153846153844,0.23540784400158446,0.25,0.2
18822,6,0.4,0.19999999999999998,0.2772734273550482,0.3333333333333333,0.4,0.5,0.28888888888888886,0.24738635904833414,0.5,0.3
27378,10,0.2,0.06666666666666665,0.13120507751234176,0.1,0.2,0.1,0.10909090909090909,0.08514311764162097,0.1,0.1
28594,1,0.0,0.0,0.0,0.0,0.0,0.0,0.0,0.0,0.0,0.0
15325,2,0.0,0.0,0.0,0.0,0.0,0.0,0.0,0.0,0.0,0.0
25502,5,0.0,0.0,0.0,0.0,0.0,0.0,0.0,0.0,0.0,0.0
5805,6,0.2,0.19999999999999998,0.16958010263680803,0.16666666666666666,0.2,0.3333333333333333,0.17777777777777778,0.15130120674940672,0.3333333333333333,0.2
30422,44,0.4,0.26666666666666666,0.3007851801491498,0.045454545454545456,0.4,0.4,0.3636363636363636,0.33480714634441017,0.09090909090909091,0.4
17150,43,0.6,0.7333333333333334,0.6992148198508501,0.06976744186046512,0.6,0.6,0.6545454545454544,0.667826288911027,0.13953488372093023,0.6
25960,39,0.6,0.7999999999999999,0.7227265726449518,0.07692307692307693,0.6,0.3,0.49090909090909096,0.46900009332067477,0.07692307692307693,0.3
17431,1,0.0,0.0,0.0,0.0,0.0,0.0,0.0,0.0,0.0,0.0
1227,8,0.4,0.3333333333333333,0.34519134224686926,0.25,0.4,0.25,0.28846153846153844,0.25744067176005675,0.25,0.2
19507,1,1.0,1.0,1.0,1.0,0.2,1.0,1.0,1.0,1.0,0.1
27272,23,0.4,0.6,0.5531464700081437,0.08695652173913043,0.4,0.4,0.45454545454545453,0.49857235572538383,0.17391304347826086,0.4
2515,10,0.2,0.3333333333333333,0.33916020527361607,0.1,0.2,0.2,0.21818181818181817,0.28634598975246917,0.2,0.2
5,2,0.0,0.0,0.0,0.0,0.0,0.0,0.0,0.0,0.0,0.0
24809,7,0.0,0.0,0.0,0.0,0.0,0.0,0.0,0.0,0.0,0.0
27353,9,0.4,0.26666666666666666,0.3007851801491498,0.2222222222222222,0.4,0.2222222222222222,0.25925925925925924,0.2084508053262215,0.2222222222222222,0.2
30207,55,0.6,0.6666666666666666,0.6548086577531306,0.05454545454545454,0.6,0.7,0.6545454545454545,0.7026305163854644,0.12727272727272726,0.7
2350,6,0.2,0.06666666666666665,0.13120507751234176,0.16666666666666666,0.2,0.16666666666666666,0.13333333333333333,0.11706259313796352,0.16666666666666666,0.1
24232,9,0.2,0.13333333333333333,0.14606834984270645,0.1111111111111111,0.2,0.3333333333333333,0.25925925925925924,0.2557092829325742,0.3333333333333333,0.3
25018,37,0.4,0.3333333333333333,0.34519134224686926,0.05405405405405406,0.4,0.3,0.34545454545454546,0.2973694836145355,0.08108108108108109,0.3
27510,4,0.25,0.35714285714285715,0.39038004999210163,0.25,0.2,0.25,0.2941176470588235,0.39038004999210163,0.25,0.1
23697,47,0.8,0.9333333333333332,0.8687949224876582,0.0851063829787234,0.8,0.6,0.7454545454545456,0.7065836017263629,0.1276595744680851,0.6
6439,71,0.6,0.6,0.529634717214042,0.04225352112676056,0.6,0.4,0.47272727272727283,0.4099509148465344,0.056338028169014086,0.4
7958,18,0.2,0.13333333333333333,0.14606834984270645,0.05555555555555555,0.2,0.3,0.23636363636363633,0.23680742154717777,0.16666666666666666,0.3
4597,9,0.2,0.26666666666666666,0.2139862647345275,0.1111111111111111,0.2,0.1111111111111111,0.16666666666666666,0.14829723057014907,0.1111111111111111,0.1
2339,63,0.4,0.26666666666666666,0.3007851801491498,0.031746031746031744,0.4,0.4,0.4,0.34301849170611365,0.06349206349206349,0.4
2278,17,0.4,0.4666666666666666,0.48522855511632257,0.11764705882352941,0.4,0.2,0.3090909090909091,0.31488013066763093,0.11764705882352941,0.2
31004,10,0.2,0.3333333333333333,0.33916020527361607,0.1,0.2,0.2,0.2545454545454545,0.29345568839744024,0.2,0.2
6549,1,0.0,0.0,0.0,0.0,0.0,0.0,0.0,0.0,0.0,0.0
11770,13,0.2,0.3333333333333333,0.33916020527361607,0.07692307692307693,0.2,0.2,0.2545454545454545,0.29345568839744024,0.15384615384615385,0.2
22704,6,0.4,0.3333333333333333,0.34519134224686926,0.3333333333333333,0.4,0.3333333333333333,0.3333333333333333,0.30798345931689813,0.3333333333333333,0.2
12296,13,0.6,0.39999999999999997,0.4468535299918562,0.23076923076923078,0.6,0.5,0.5454545454545454,0.44173955623824723,0.38461538461538464,0.5
29566,5,0.0,0.0,0.0,0.0,0.0,0.2,0.0,0.0,0.2,0.1
19043,9,0.2,0.19999999999999998,0.16958010263680803,0.1111111111111111,0.2,0.1111111111111111,0.14814814814814814,0.11752277470724269,0.1111111111111111,0.1
7186,33,0.6,0.6666666666666666,0.6843515475204854,0.09090909090909091,0.6,0.3,0.45454545454545453,0.44409732781325567,0.09090909090909091,0.3
14444,30,0.6,0.5333333333333333,0.6164336326286642,0.1,0.6,0.5,0.5636363636363636,0.5478527392247045,0.16666666666666666,0.5
9740,11,0.4,0.4666666666666666,0.38356636737133554,0.18181818181818182,0.4,0.4,0.36363636363636365,0.37878333867593533,0.36363636363636365,0.4
13477,4,0.25,0.2142857142857143,0.19519002499605081,0.25,0.2,0.25,0.23529411764705882,0.19519002499605081,0.25,0.1
3431,12,0.4,0.6,0.5531464700081437,0.16666666666666666,0.4,0.2,0.34545454545454546,0.3589542101716347,0.16666666666666666,0.2
13095,9,0.2,0.3333333333333333,0.33916020527361607,0.1111111111111111,0.2,0.1111111111111111,0.18518518518518517,0.23504554941448538,0.1111111111111111,0.1
14540,14,0.4,0.5333333333333333,0.5087403079104241,0.14285714285714285,0.4,0.2,0.32727272727272727,0.3301376494471202,0.14285714285714285,0.2
8982,46,0.6,0.6666666666666666,0.6843515475204854,0.06521739130434782,0.6,0.5,0.6181818181818182,0.5958595188912911,0.10869565217391304,0.5
7860,18,0.0,0.0,0.0,0.0,0.0,0.1,0.07272727272727274,0.07336392209936006,0.05555555555555555,0.1
7763,2,0.5,0.5555555555555556,0.6131471927654584,0.5,0.2,0.5,0.5263157894736842,0.6131471927654584,0.5,0.1
2277,3,0.3333333333333333,0.4166666666666667,0.46927872602275644,0.3333333333333333,0.2,0.3333333333333333,0.37037037037037035,0.46927872602275644,0.3333333333333333,0.1
22705,4,0.25,0.35714285714285715,0.39038004999210163,0.25,0.2,0.25,0.2941176470588235,0.39038004999210163,0.25,0.1
8871,17,0.4,0.6,0.5531464700081437,0.11764705882352941,0.4,0.2,0.34545454545454546,0.3589542101716347,0.11764705882352941,0.2
15030,1,0.0,0.0,0.0,0.0,0.0,0.0,0.0,0.0,0.0,0.0
19264,14,0.0,0.0,0.0,0.0,0.0,0.2,0.1272727272727273,0.1427951440361373,0.14285714285714285,0.2
28217,36,0.8,0.8666666666666666,0.8539316501572936,0.1111111111111111,0.8,0.5,0.6545454545454547,0.623574432899073,0.1388888888888889,0.5
4703,34,0.2,0.19999999999999998,0.16958010263680803,0.029411764705882353,0.2,0.2,0.21818181818181823,0.18340980524840012,0.058823529411764705,0.2
18730,6,0.4,0.6,0.5531464700081437,0.3333333333333333,0.4,0.3333333333333333,0.4222222222222222,0.4935232796777481,0.3333333333333333,0.2
25882,22,0.2,0.06666666666666665,0.13120507751234176,0.045454545454545456,0.2,0.1,0.10909090909090909,0.08514311764162097,0.045454545454545456,0.1
15643,6,0.0,0.0,0.0,0.0,0.0,0.0,0.0,0.0,0.0,0.0
13316,4,0.25,0.0,0.0,0.25,0.2,0.25,0.0,0.0,0.25,0.1
8853,9,0.2,0.26666666666666666,0.2139862647345275,0.1111111111111111,0.2,0.1111111111111111,0.16666666666666666,0.14829723057014907,0.1111111111111111,0.1
27111,7,0.0,0.0,0.0,0.0,0.0,0.0,0.0,0.0,0.0,0.0
24210,5,0.0,0.0,0.0,0.0,0.0,0.2,0.0,0.0,0.2,0.1
29221,2,0.0,0.0,0.0,0.0,0.0,0.0,0.0,0.0,0.0,0.0
19627,30,0.6,0.6666666666666666,0.6548086577531306,0.1,0.6,0.4,0.4727272727272727,0.48854680201562267,0.13333333333333333,0.4
9615,38,0.4,0.3333333333333333,0.34519134224686926,0.05263157894736842,0.4,0.3,0.3090909090909091,0.2902597849695645,0.07894736842105263,0.3
1084,15,0.6,0.6,0.6399453854227659,0.2,0.6,0.4,0.45454545454545453,0.4789015552876929,0.26666666666666666,0.4
8668,3,0.0,0.0,0.0,0.0,0.0,0.0,0.0,0.0,0.0,0.0
6042,7,0.2,0.3333333333333333,0.33916020527361607,0.14285714285714285,0.2,0.14285714285714285,0.2040816326530612,0.27487633291429087,0.14285714285714285,0.1
24953,18,0.4,0.3333333333333333,0.34519134224686926,0.1111111111111111,0.4,0.3,0.3090909090909091,0.2902597849695645,0.16666666666666666,0.3
7856,4,0.0,0.0,0.0,0.0,0.0,0.0,0.0,0.0,0.0,0.0
14467,1,0.0,0.0,0.0,0.0,0.0,0.0,0.0,0.0,0.0,0.0
16115,13,0.2,0.3333333333333333,0.33916020527361607,0.07692307692307693,0.2,0.2,0.2727272727272727,0.2984900352767555,0.15384615384615385,0.2
22621,16,0.8,0.9333333333333332,0.8687949224876582,0.25,0.8,0.6,0.7454545454545456,0.7065836017263629,0.375,0.6
20900,18,0.0,0.0,0.0,0.0,0.0,0.0,0.0,0.0,0.0,0.0
22999,19,0.2,0.3333333333333333,0.33916020527361607,0.05263157894736842,0.2,0.1,0.18181818181818182,0.22009176629808014,0.05263157894736842,0.1
23854,6,0.4,0.5333333333333333,0.5087403079104241,0.3333333333333333,0.4,0.3333333333333333,0.4,0.4539036202482201,0.3333333333333333,0.2
17461,29,0.4,0.6,0.5531464700081437,0.06896551724137931,0.4,0.2,0.34545454545454546,0.3589542101716347,0.06896551724137931,0.2
8650,24,0.0,0.0,0.0,0.0,0.0,0.0,0.0,0.0,0.0,0.0
10040,29,0.6,0.6,0.6399453854227659,0.10344827586206896,0.6,0.3,0.43636363636363634,0.4152807670887412,0.10344827586206896,0.3
12021,6,0.2,0.19999999999999998,0.16958010263680803,0.16666666666666666,0.2,0.3333333333333333,0.17777777777777778,0.15130120674940672,0.3333333333333333,0.2
13606,9,0.0,0.0,0.0,0.0,0.0,0.0,0.0,0.0,0.0,0.0
16142,3,0.0,0.0,0.0,0.0,0.0,0.0,0.0,0.0,0.0,0.0
12293,19,0.2,0.3333333333333333,0.33916020527361607,0.05263157894736842,0.2,0.1,0.18181818181818182,0.22009176629808014,0.05263157894736842,0.1
10454,1,0.0,0.0,0.0,0.0,0.0,0.0,0.0,0.0,0.0,0.0
3986,12,0.4,0.39999999999999997,0.4703652827859578,0.16666666666666666,0.4,0.3,0.36363636363636365,0.37859880603906115,0.25,0.3
28034,3,0.3333333333333333,0.0,0.0,0.3333333333333333,0.2,0.3333333333333333,0.0,0.0,0.3333333333333333,0.1
2020,31,0.4,0.3333333333333333,0.34519134224686926,0.06451612903225806,0.4,0.4,0.3272727272727272,0.3538805731685162,0.12903225806451613,0.4
26090,1,0.0,0.0,0.0,0.0,0.0,0.0,0.0,0.0,0.0,0.0
27107,2,0.5,0.0,0.0,0.5,0.2,0.5,0.0,0.0,0.5,0.1
15245,12,0.4,0.4000000000000001,0.3600546145772339,0.16666666666666666,0.4,0.2,0.29090909090909095,0.23365080824310527,0.16666666666666666,0.2
8631,33,0.8,0.8666666666666666,0.8539316501572936,0.12121212121212122,0.8,0.6,0.6727272727272728,0.6871952210980248,0.18181818181818182,0.6
14061,2,0.0,0.0,0.0,0.0,0.0,0.0,0.0,0.0,0.0,0.0
13250,11,0.4,0.19999999999999998,0.2772734273550482,0.18181818181818182,0.4,0.4,0.39999999999999997,0.3316936730892071,0.36363636363636365,0.4
23201,27,0.4,0.39999999999999997,0.4703652827859578,0.07407407407407407,0.4,0.3,0.32727272727272727,0.37148910739409013,0.1111111111111111,0.3
7981,3,0.0,0.0,0.0,0.0,0.0,0.0,0.0,0.0,0.0,0.0
19048,1,0.0,0.0,0.0,0.0,0.0,0.0,0.0,0.0,0.0,0.0
20593,18,0.2,0.3333333333333333,0.33916020527361607,0.05555555555555555,0.2,0.2,0.2,0.2837125544970318,0.1111111111111111,0.2
26316,52,0.8,0.9333333333333332,0.8687949224876582,0.07692307692307693,0.8,0.5,0.6909090909090909,0.6371523797895856,0.09615384615384616,0.5
13747,11,0.6,0.39999999999999997,0.4468535299918562,0.2727272727272727,0.6,0.5,0.509090909090909,0.4327725091963491,0.45454545454545453,0.5
5011,1,1.0,1.0,1.0,1.0,0.2,1.0,1.0,1.0,1.0,0.1
23357,12,0.2,0.06666666666666665,0.13120507751234176,0.08333333333333333,0.2,0.2,0.18181818181818182,0.15850703974098102,0.16666666666666666,0.2
19651,17,0.4,0.5333333333333333,0.5087403079104241,0.11764705882352941,0.4,0.6,0.5818181818181819,0.6175852859163219,0.35294117647058826,0.6
11049,10,0.0,0.0,0.0,0.0,0.0,0.1,0.018181818181818177,0.0636207881989517,0.1,0.1
11156,31,0.6,0.7999999999999999,0.7227265726449518,0.0967741935483871,0.6,0.3,0.49090909090909096,0.46900009332067477,0.0967741935483871,0.3
6862,1,1.0,0.0,0.0,1.0,0.2,1.0,0.0,0.0,1.0,0.1
15570,40,0.4,0.26666666666666666,0.3007851801491498,0.05,0.4,0.3,0.2727272727272727,0.2588097889896127,0.075,0.3
25818,3,0.3333333333333333,0.25,0.23463936301137822,0.3333333333333333,0.2,0.3333333333333333,0.2962962962962963,0.23463936301137822,0.3333333333333333,0.1
5339,6,0.2,0.19999999999999998,0.16958010263680803,0.16666666666666666,0.2,0.16666666666666666,0.17777777777777778,0.15130120674940672,0.16666666666666666,0.1
27494,6,0.2,0.26666666666666666,0.2139862647345275,0.16666666666666666,0.2,0.16666666666666666,0.2,0.1909208661789346,0.16666666666666666,0.1
24230,3,0.0,0.0,0.0,0.0,0.0,0.0,0.0,0.0,0.0,0.0
21628,39,0.2,0.19999999999999998,0.16958010263680803,0.02564102564102564,0.2,0.4,0.29090909090909095,0.3183191637810561,0.10256410256410256,0.4
29357,3,0.3333333333333333,0.4166666666666667,0.46927872602275644,0.3333333333333333,0.2,0.6666666666666666,0.37037037037037035,0.46927872602275644,0.6666666666666666,0.2
27301,8,0.0,0.0,0.0,0.0,0.0,0.125,0.09615384615384615,0.0901000086523677,0.125,0.1
15733,56,0.2,0.26666666666666666,0.2139862647345275,0.017857142857142856,0.2,0.2,0.23636363636363636,0.21222636597291453,0.03571428571428571,0.2
27562,4,0.0,0.0,0.0,0.0,0.0,0.0,0.0,0.0,0.0,0.0
22991,4,0.25,0.2142857142857143,0.19519002499605081,0.25,0.2,0.25,0.23529411764705882,0.19519002499605081,0.25,0.1
29409,2,0.0,0.0,0.0,0.0,0.0,0.0,0.0,0.0,0.0,0.0
24293,39,0.4,0.19999999999999998,0.2772734273550482,0.05128205128205128,0.4,0.3,0.309090909090909,0.2532954041105318,0.07692307692307693,0.3
8432,33,0.4,0.5333333333333333,0.5087403079104241,0.06060606060606061,0.4,0.2,0.32727272727272727,0.3301376494471202,0.06060606060606061,0.2
20439,1,0.0,0.0,0.0,0.0,0.0,0.0,0.0,0.0,0.0,0.0
7714,10,0.2,0.26666666666666666,0.2139862647345275,0.1,0.2,0.1,0.16363636363636364,0.1388624438735545,0.1,0.1
6576,1,0.0,0.0,0.0,0.0,0.0,0.0,0.0,0.0,0.0,0.0
25533,2,0.0,0.0,0.0,0.0,0.0,0.0,0.0,0.0,0.0,0.0
9578,9,0.0,0.0,0.0,0.0,0.0,0.0,0.0,0.0,0.0,0.0
30772,7,0.2,0.3333333333333333,0.33916020527361607,0.14285714285714285,0.2,0.2857142857142857,0.2857142857142857,0.3665017772190545,0.2857142857142857,0.2
22978,4,0.25,0.0,0.0,0.25,0.2,0.25,0.0,0.0,0.25,0.1
24218,5,0.4,0.26666666666666666,0.3007851801491498,0.4,0.4,0.4,0.35,0.3007851801491498,0.4,0.2
11816,34,0.6,0.7999999999999999,0.7227265726449518,0.08823529411764706,0.6,0.6,0.7090909090909091,0.6901935063354874,0.17647058823529413,0.6
28865,1,1.0,1.0,1.0,1.0,0.2,1.0,1.0,1.0,1.0,0.1
11118,13,0.0,0.0,0.0,0.0,0.0,0.0,0.0,0.0,0.0,0.0
4852,32,0.4,0.4666666666666666,0.48522855511632257,0.0625,0.4,0.3,0.36363636363636365,0.3843113526044082,0.09375,0.3
22832,25,0.0,0.0,0.0,0.0,0.0,0.1,0.09090909090909091,0.07839826897867533,0.04,0.1
12492,33,0.6,0.6666666666666666,0.6548086577531306,0.09090909090909091,0.6,0.5,0.5818181818181819,0.5695785062497354,0.15151515151515152,0.5
25465,21,0.2,0.3333333333333333,0.33916020527361607,0.047619047619047616,0.2,0.1,0.18181818181818182,0.22009176629808014,0.047619047619047616,0.1
10778,9,0.4,0.4000000000000001,0.3600546145772339,0.2222222222222222,0.4,0.2222222222222222,0.2962962962962963,0.24952583878244924,0.2222222222222222,0.2
30455,3,0.0,0.0,0.0,0.0,0.0,0.0,0.0,0.0,0.0,0.0
4466,2,0.0,0.0,0.0,0.0,0.0,0.0,0.0,0.0,0.0,0.0
13971,21,0.4,0.6,0.5531464700081437,0.09523809523809523,0.4,0.3,0.41818181818181815,0.43231813227099475,0.14285714285714285,0.3
18806,14,0.4,0.39999999999999997,0.4703652827859578,0.14285714285714285,0.4,0.3,0.36363636363636365,0.37859880603906115,0.21428571428571427,0.3
13200,3,0.0,0.0,0.0,0.0,0.0,0.0,0.0,0.0,0.0,0.0
11629,5,0.2,0.06666666666666665,0.13120507751234176,0.2,0.2,0.2,0.15,0.13120507751234176,0.2,0.1
25759,10,0.0,0.0,0.0,0.0,0.0,0.0,0.0,0.0,0.0,0.0
28381,2,0.0,0.0,0.0,0.0,0.0,0.0,0.0,0.0,0.0,0.0
15624,7,0.2,0.26666666666666666,0.2139862647345275,0.14285714285714285,0.2,0.14285714285714285,0.18367346938775508,0.17342765698823942,0.14285714285714285,0.1
16390,12,0.2,0.3333333333333333,0.33916020527361607,0.08333333333333333,0.2,0.1,0.18181818181818182,0.22009176629808014,0.08333333333333333,0.1
9310,28,0.4,0.4666666666666666,0.48522855511632257,0.07142857142857142,0.4,0.2,0.3090909090909091,0.31488013066763093,0.07142857142857142,0.2
22601,3,0.6666666666666666,0.25,0.23463936301137822,0.6666666666666666,0.4,0.6666666666666666,0.2962962962962963,0.23463936301137822,0.6666666666666666,0.2
3883,13,0.0,0.0,0.0,0.0,0.0,0.3,0.14545454545454545,0.20827328063201603,0.23076923076923078,0.3
15723,4,0.0,0.0,0.0,0.0,0.0,0.25,0.0,0.0,0.25,0.1
13428,3,0.3333333333333333,0.0,0.0,0.3333333333333333,0.2,0.3333333333333333,0.0,0.0,0.3333333333333333,0.1
5061,3,0.3333333333333333,0.4166666666666667,0.46927872602275644,0.3333333333333333,0.2,0.3333333333333333,0.37037037037037035,0.46927872602275644,0.3333333333333333,0.1
13535,52,0.6,0.6666666666666666,0.6843515475204854,0.057692307692307696,0.6,0.4,0.4727272727272727,0.5077181160122074,0.07692307692307693,0.4
9975,51,0.4,0.4666666666666666,0.38356636737133554,0.0392156862745098,0.4,0.4,0.36363636363636365,0.37878333867593533,0.0784313725490196,0.4
19727,14,0.0,0.0,0.0,0.0,0.0,0.0,0.0,0.0,0.0,0.0
19463,19,0.4,0.26666666666666666,0.3007851801491498,0.10526315789473684,0.4,0.3,0.34545454545454546,0.2735872697693364,0.15789473684210525,0.3
8534,34,0.2,0.3333333333333333,0.33916020527361607,0.029411764705882353,0.2,0.2,0.21818181818181817,0.28634598975246917,0.058823529411764705,0.2
20999,1,0.0,0.0,0.0,0.0,0.0,0.0,0.0,0.0,0.0,0.0
6178,6,0.4,0.4666666666666666,0.38356636737133554,0.3333333333333333,0.4,0.3333333333333333,0.3777777777777778,0.34222207292834134,0.3333333333333333,0.2
30760,6,0.4,0.5333333333333333,0.5087403079104241,0.3333333333333333,0.4,0.3333333333333333,0.4,0.4539036202482201,0.3333333333333333,0.2
31075,2,0.5,0.0,0.0,0.5,0.2,0.5,0.0,0.0,0.5,0.1
8645,11,0.2,0.3333333333333333,0.33916020527361607,0.09090909090909091,0.2,0.2,0.23636363636363636,0.2895229882348574,0.18181818181818182,0.2
11085,5,0.0,0.0,0.0,0.0,0.0,0.2,0.0,0.0,0.2,0.1
12362,36,0.6,0.7999999999999999,0.7227265726449518,0.08333333333333333,0.6,0.7,0.7272727272727273,0.7538142945344392,0.19444444444444445,0.7
17676,24,0.4,0.4666666666666666,0.38356636737133554,0.08333333333333333,0.4,0.2,0.30909090909090914,0.24890832702259458,0.08333333333333333,0.2
7273,21,0.6,0.6,0.6399453854227659,0.14285714285714285,0.6,0.4,0.5272727272727272,0.4936790360674165,0.19047619047619047,0.4
25780,9,0.2,0.06666666666666665,0.13120507751234176,0.1111111111111111,0.2,0.1111111111111111,0.1111111111111111,0.09092803061897882,0.1111111111111111,0.1
21392,11,0.2,0.3333333333333333,0.33916020527361607,0.09090909090909091,0.2,0.1,0.18181818181818182,0.22009176629808014,0.09090909090909091,0.1
21404,1,0.0,0.0,0.0,0.0,0.0,0.0,0.0,0.0,0.0,0.0
13181,22,0.2,0.3333333333333333,0.33916020527361607,0.045454545454545456,0.2,0.1,0.18181818181818182,0.22009176629808014,0.045454545454545456,0.1
24684,23,0.0,0.0,0.0,0.0,0.0,0.1,0.018181818181818177,0.0636207881989517,0.043478260869565216,0.1
20541,10,0.6,0.6666666666666666,0.6548086577531306,0.3,0.6,0.3,0.45454545454545453,0.424926013816671,0.3,0.3
7846,8,0.0,0.0,0.0,0.0,0.0,0.0,0.0,0.0,0.0,0.0
18363,16,0.2,0.3333333333333333,0.33916020527361607,0.0625,0.2,0.1,0.18181818181818182,0.22009176629808014,0.0625,0.1
11218,4,0.0,0.0,0.0,0.0,0.0,0.0,0.0,0.0,0.0,0.0
12755,13,0.0,0.0,0.0,0.0,0.0,0.1,0.07272727272727274,0.07336392209936006,0.07692307692307693,0.1
2892,5,0.2,0.06666666666666665,0.13120507751234176,0.2,0.2,0.2,0.15,0.13120507751234176,0.2,0.1
11693,16,0.2,0.13333333333333333,0.14606834984270645,0.0625,0.2,0.4,0.3090909090909091,0.3088720787393924,0.25,0.4
21038,3,0.0,0.0,0.0,0.0,0.0,0.0,0.0,0.0,0.0,0.0
8493,1,0.0,0.0,0.0,0.0,0.0,0.0,0.0,0.0,0.0,0.0
1372,1,0.0,0.0,0.0,0.0,0.0,0.0,0.0,0.0,0.0,0.0
8321,7,0.2,0.13333333333333333,0.14606834984270645,0.14285714285714285,0.2,0.14285714285714285,0.14285714285714285,0.11838279295536291,0.14285714285714285,0.1
25437,13,0.6,0.46666666666666673,0.4912596920895757,0.23076923076923078,0.6,0.3,0.4,0.31879392588472627,0.23076923076923078,0.3
21084,7,0.2,0.3333333333333333,0.33916020527361607,0.14285714285714285,0.2,0.14285714285714285,0.2040816326530612,0.27487633291429087,0.14285714285714285,0.1
15912,14,0.8,0.8000000000000002,0.8304198973631919,0.2857142857142857,0.8,0.4,0.5818181818181818,0.5388856921828065,0.2857142857142857,0.4
13352,37,0.2,0.19999999999999998,0.16958010263680803,0.02702702702702703,0.2,0.2,0.21818181818181823,0.18340980524840012,0.05405405405405406,0.2
3749,13,0.4,0.5333333333333333,0.5087403079104241,0.15384615384615385,0.4,0.2,0.32727272727272727,0.3301376494471202,0.15384615384615385,0.2
28192,20,0.0,0.0,0.0,0.0,0.0,0.1,0.018181818181818177,0.0636207881989517,0.05,0.1
13961,5,0.2,0.3333333333333333,0.33916020527361607,0.2,0.2,0.2,0.25,0.33916020527361607,0.2,0.1
8766,3,0.0,0.0,0.0,0.0,0.0,0.0,0.0,0.0,0.0,0.0
15517,2,0.0,0.0,0.0,0.0,0.0,0.0,0.0,0.0,0.0,0.0
8762,11,0.0,0.0,0.0,0.0,0.0,0.0,0.0,0.0,0.0,0.0
17238,5,0.2,0.3333333333333333,0.33916020527361607,0.2,0.2,0.4,0.25,0.33916020527361607,0.4,0.2
18557,3,0.3333333333333333,0.4166666666666667,0.46927872602275644,0.3333333333333333,0.2,0.3333333333333333,0.37037037037037035,0.46927872602275644,0.3333333333333333,0.1
14757,1,0.0,0.0,0.0,0.0,0.0,0.0,0.0,0.0,0.0,0.0
3070,6,0.2,0.13333333333333333,0.14606834984270645,0.16666666666666666,0.2,0.16666666666666666,0.15555555555555556,0.13032376591037065,0.16666666666666666,0.1
30875,27,0.6,0.6,0.6399453854227659,0.1111111111111111,0.6,0.4,0.5272727272727272,0.4936790360674165,0.14814814814814814,0.4
22673,11,0.4,0.6,0.5531464700081437,0.18181818181818182,0.4,0.2,0.34545454545454546,0.3589542101716347,0.18181818181818182,0.2
20241,13,0.4,0.4000000000000001,0.3600546145772339,0.15384615384615385,0.4,0.2,0.29090909090909095,0.23365080824310527,0.15384615384615385,0.2
14521,15,0.0,0.0,0.0,0.0,0.0,0.0,0.0,0.0,0.0,0.0
5356,10,0.0,0.0,0.0,0.0,0.0,0.0,0.0,0.0,0.0,0.0
6641,20,0.4,0.6,0.5531464700081437,0.1,0.4,0.2,0.34545454545454546,0.3589542101716347,0.1,0.2
18578,5,0.2,0.3333333333333333,0.33916020527361607,0.2,0.2,0.4,0.25,0.33916020527361607,0.4,0.2
29591,6,0.2,0.3333333333333333,0.33916020527361607,0.16666666666666666,0.2,0.5,0.2222222222222222,0.30260241349881345,0.5,0.3
1265,18,0.4,0.39999999999999997,0.4703652827859578,0.1111111111111111,0.4,0.3,0.38181818181818183,0.3836331529183764,0.16666666666666666,0.3
638,41,0.6,0.6666666666666666,0.6548086577531306,0.07317073170731707,0.6,0.4,0.49090909090909096,0.49118023727106,0.0975609756097561,0.4
9026,23,0.2,0.3333333333333333,0.33916020527361607,0.043478260869565216,0.2,0.3,0.34545454545454546,0.37185395737611554,0.13043478260869565,0.3
28999,6,0.0,0.0,0.0,0.0,0.0,0.16666666666666666,0.0,0.0,0.16666666666666666,0.1
11934,2,0.0,0.0,0.0,0.0,0.0,0.0,0.0,0.0,0.0,0.0
9308,46,0.2,0.13333333333333333,0.14606834984270645,0.021739130434782608,0.2,0.1,0.12727272727272726,0.09478836436955078,0.021739130434782608,0.1
2358,87,0.4,0.3333333333333333,0.31564845247951445,0.022988505747126436,0.4,0.4,0.4,0.34762939155472816,0.04597701149425287,0.4
195,2,0.0,0.0,0.0,0.0,0.0,0.0,0.0,0.0,0.0,0.0
20354,5,0.2,0.3333333333333333,0.33916020527361607,0.2,0.2,0.2,0.25,0.33916020527361607,0.2,0.1
22238,2,0.5,0.4444444444444445,0.3868528072345415,0.5,0.2,0.5,0.4736842105263158,0.3868528072345415,0.5,0.1
28069,7,0.4,0.6,0.5531464700081437,0.2857142857142857,0.4,0.2857142857142857,0.38775510204081626,0.4483039899025303,0.2857142857142857,0.2
30740,29,0.8,0.8000000000000002,0.8304198973631919,0.13793103448275862,0.8,0.5,0.618181818181818,0.6051399156371955,0.1724137931034483,0.5
8022,16,0.2,0.13333333333333333,0.14606834984270645,0.0625,0.2,0.1,0.12727272727272726,0.09478836436955078,0.0625,0.1
8221,9,0.4,0.19999999999999998,0.2772734273550482,0.2222222222222222,0.4,0.2222222222222222,0.2407407407407407,0.192156638831279,0.2222222222222222,0.2
1801,56,0.6,0.5333333333333333,0.6164336326286642,0.05357142857142857,0.6,0.6,0.618181818181818,0.6180396628416763,0.10714285714285714,0.6
7764,11,0.2,0.3333333333333333,0.33916020527361607,0.09090909090909091,0.2,0.4,0.3272727272727272,0.42650769853316917,0.36363636363636365,0.4
3277,1,0.0,0.0,0.0,0.0,0.0,0.0,0.0,0.0,0.0,0.0
9927,32,0.4,0.5333333333333333,0.5087403079104241,0.0625,0.4,0.2,0.32727272727272727,0.3301376494471202,0.0625,0.2
30577,50,0.2,0.26666666666666666,0.2139862647345275,0.02,0.2,0.4,0.30909090909090914,0.3452783761086435,0.08,0.4
3875,2,0.5,0.4444444444444445,0.3868528072345415,0.5,0.2,1.0,0.4736842105263158,0.3868528072345415,1.0,0.2
13205,8,0.4,0.4666666666666666,0.38356636737133554,0.25,0.4,0.25,0.3269230769230769,0.2860604285087249,0.25,0.2
17101,5,0.0,0.0,0.0,0.0,0.0,0.0,0.0,0.0,0.0,0.0
20208,5,0.2,0.3333333333333333,0.33916020527361607,0.2,0.2,0.6,0.25,0.33916020527361607,0.6,0.3
774,27,0.6,0.39999999999999997,0.4468535299918562,0.1111111111111111,0.6,0.3,0.38181818181818183,0.28997736516021183,0.1111111111111111,0.3
30438,26,0.6,0.7999999999999999,0.7227265726449518,0.11538461538461539,0.6,0.5,0.6000000000000001,0.6110191504983018,0.19230769230769232,0.5
21703,6,0.4,0.6,0.5531464700081437,0.3333333333333333,0.4,0.3333333333333333,0.4222222222222222,0.4935232796777481,0.3333333333333333,0.2
26996,38,0.6,0.6666666666666666,0.6548086577531306,0.07894736842105263,0.6,0.4,0.4727272727272727,0.48854680201562267,0.10526315789473684,0.4
18370,37,0.4,0.5333333333333333,0.5087403079104241,0.05405405405405406,0.4,0.4,0.45454545454545453,0.47479014188018454,0.10810810810810811,0.4
9785,22,0.2,0.3333333333333333,0.33916020527361607,0.045454545454545456,0.2,0.1,0.18181818181818182,0.22009176629808014,0.045454545454545456,0.1
17780,2,0.5,0.5555555555555556,0.6131471927654584,0.5,0.2,0.5,0.5263157894736842,0.6131471927654584,0.5,0.1
8851,4,0.0,0.0,0.0,0.0,0.0,0.0,0.0,0.0,0.0,0.0
20604,3,0.3333333333333333,0.33333333333333337,0.29608191096586517,0.3333333333333333,0.2,0.6666666666666666,0.3333333333333333,0.29608191096586517,0.6666666666666666,0.2
29864,2,0.5,0.0,0.0,0.5,0.2,0.5,0.0,0.0,0.5,0.1
3463,4,0.0,0.0,0.0,0.0,0.0,0.0,0.0,0.0,0.0,0.0
9398,16,0.0,0.0,0.0,0.0,0.0,0.0,0.0,0.0,0.0,0.0
17786,2,0.0,0.0,0.0,0.0,0.0,0.5,0.0,0.0,0.5,0.1
12997,5,0.0,0.0,0.0,0.0,0.0,0.0,0.0,0.0,0.0,0.0
14676,3,0.0,0.0,0.0,0.0,0.0,0.0,0.0,0.0,0.0,0.0
19814,1,1.0,1.0,1.0,1.0,0.2,1.0,1.0,1.0,1.0,0.1
4330,11,0.2,0.3333333333333333,0.33916020527361607,0.09090909090909091,0.2,0.3,0.32727272727272727,0.36792125721353275,0.2727272727272727,0.3
21622,9,0.2,0.3333333333333333,0.33916020527361607,0.1111111111111111,0.2,0.1111111111111111,0.18518518518518517,0.23504554941448538,0.1111111111111111,0.1
15936,10,0.4,0.6,0.5531464700081437,0.2,0.4,0.2,0.34545454545454546,0.3589542101716347,0.2,0.2
2506,33,0.2,0.3333333333333333,0.33916020527361607,0.030303030303030304,0.2,0.1,0.18181818181818182,0.22009176629808014,0.030303030303030304,0.1
11136,30,0.4,0.3333333333333333,0.31564845247951445,0.06666666666666667,0.4,0.4,0.4,0.34762939155472816,0.13333333333333333,0.4
27390,2,0.0,0.0,0.0,0.0,0.0,0.0,0.0,0.0,0.0,0.0
2494,18,0.4,0.5333333333333333,0.5087403079104241,0.1111111111111111,0.4,0.2,0.32727272727272727,0.3301376494471202,0.1111111111111111,0.2
27165,18,0.4,0.6,0.5531464700081437,0.1111111111111111,0.4,0.3,0.41818181818181815,0.43231813227099475,0.16666666666666666,0.3
11206,25,0.2,0.13333333333333333,0.14606834984270645,0.04,0.2,0.2,0.21818181818181817,0.1731866333482261,0.08,0.2
6866,7,0.4,0.6,0.5531464700081437,0.2857142857142857,0.4,0.5714285714285714,0.48979591836734687,0.546216915252498,0.5714285714285714,0.4
4505,11,0.4,0.6,0.5531464700081437,0.18181818181818182,0.4,0.2,0.34545454545454546,0.3589542101716347,0.18181818181818182,0.2
1096,17,0.8,0.8000000000000002,0.8304198973631919,0.23529411764705882,0.8,0.5,0.6727272727272727,0.6172839611614818,0.29411764705882354,0.5
30221,18,0.0,0.0,0.0,0.0,0.0,0.2,0.07272727272727274,0.13305201013572895,0.1111111111111111,0.2
14164,1,1.0,1.0,1.0,1.0,0.2,1.0,1.0,1.0,1.0,0.1
13270,19,0.4,0.26666666666666666,0.3007851801491498,0.10526315789473684,0.4,0.2,0.2545454545454545,0.19518900079066104,0.10526315789473684,0.2
19202,37,0.6,0.6666666666666666,0.6843515475204854,0.08108108108108109,0.6,0.5,0.5636363636363636,0.5861163849908827,0.13513513513513514,0.5
30813,3,0.3333333333333333,0.4166666666666667,0.46927872602275644,0.3333333333333333,0.2,0.3333333333333333,0.37037037037037035,0.46927872602275644,0.3333333333333333,0.1
10600,2,0.0,0.0,0.0,0.0,0.0,0.0,0.0,0.0,0.0,0.0
8164,2,0.0,0.0,0.0,0.0,0.0,0.0,0.0,0.0,0.0,0.0
30751,2,0.0,0.0,0.0,0.0,0.0,0.0,0.0,0.0,0.0,0.0
18756,44,0.4,0.39999999999999997,0.4703652827859578,0.045454545454545456,0.4,0.4,0.43636363636363645,0.4530643748551536,0.09090909090909091,0.4
10220,12,0.0,0.0,0.0,0.0,0.0,0.0,0.0,0.0,0.0,0.0
19221,3,0.3333333333333333,0.4166666666666667,0.46927872602275644,0.3333333333333333,0.2,0.3333333333333333,0.37037037037037035,0.46927872602275644,0.3333333333333333,0.1
6375,25,0.6,0.6,0.529634717214042,0.12,0.6,0.5,0.5636363636363637,0.48649183542828267,0.2,0.5
2019,15,0.2,0.3333333333333333,0.33916020527361607,0.06666666666666667,0.2,0.1,0.18181818181818182,0.22009176629808014,0.06666666666666667,0.1
6132,50,0.2,0.26666666666666666,0.2139862647345275,0.02,0.2,0.4,0.34545454545454546,0.3529461582433961,0.08,0.4
2285,12,0.2,0.06666666666666665,0.13120507751234176,0.08333333333333333,0.2,0.3,0.2727272727272727,0.23690530871965637,0.25,0.3
21284,3,0.3333333333333333,0.4166666666666667,0.46927872602275644,0.3333333333333333,0.2,1.0,0.37037037037037035,0.46927872602275644,1.0,0.3
24455,2,0.0,0.0,0.0,0.0,0.0,0.0,0.0,0.0,0.0,0.0
14317,11,0.4,0.6,0.5531464700081437,0.18181818181818182,0.4,0.2,0.34545454545454546,0.3589542101716347,0.18181818181818182,0.2
15080,23,0.2,0.3333333333333333,0.33916020527361607,0.043478260869565216,0.2,0.1,0.18181818181818182,0.22009176629808014,0.043478260869565216,0.1
5981,2,0.0,0.0,0.0,0.0,0.0,0.0,0.0,0.0,0.0,0.0
6627,7,0.0,0.0,0.0,0.0,0.0,0.14285714285714285,0.0,0.0,0.14285714285714285,0.1
28369,25,0.2,0.3333333333333333,0.33916020527361607,0.04,0.2,0.2,0.2,0.2837125544970318,0.08,0.2
30341,9,0.0,0.0,0.0,0.0,0.0,0.0,0.0,0.0,0.0,0.0
536,3,0.0,0.0,0.0,0.0,0.0,0.0,0.0,0.0,0.0,0.0
13685,33,0.6,0.6666666666666666,0.6843515475204854,0.09090909090909091,0.6,0.5,0.5090909090909091,0.5739723394665964,0.15151515151515152,0.5
2290,33,0.0,0.0,0.0,0.0,0.0,0.0,0.0,0.0,0.0,0.0
14069,18,0.4,0.6,0.5531464700081437,0.1111111111111111,0.4,0.3,0.3818181818181818,0.42520843362602373,0.16666666666666666,0.3
25677,10,0.0,0.0,0.0,0.0,0.0,0.0,0.0,0.0,0.0,0.0
9293,5,0.0,0.0,0.0,0.0,0.0,0.0,0.0,0.0,0.0,0.0
20676,18,0.0,0.0,0.0,0.0,0.0,0.0,0.0,0.0,0.0,0.0
21723,7,0.0,0.0,0.0,0.0,0.0,0.0,0.0,0.0,0.0,0.0
26066,3,0.0,0.0,0.0,0.0,0.0,0.0,0.0,0.0,0.0,0.0
16791,16,0.2,0.3333333333333333,0.33916020527361607,0.0625,0.2,0.3,0.23636363636363633,0.3499667779514209,0.1875,0.3
5225,20,0.2,0.26666666666666666,0.2139862647345275,0.05,0.2,0.2,0.2,0.2051166673279435,0.1,0.2
2963,3,0.0,0.0,0.0,0.0,0.0,0.0,0.0,0.0,0.0,0.0
13187,11,0.4,0.26666666666666666,0.3007851801491498,0.18181818181818182,0.4,0.3,0.3090909090909091,0.2646202227274383,0.2727272727272727,0.3
25839,1,1.0,1.0,1.0,1.0,0.2,1.0,1.0,1.0,1.0,0.1
10817,3,0.0,0.0,0.0,0.0,0.0,0.0,0.0,0.0,0.0,0.0
5828,26,0.0,0.0,0.0,0.0,0.0,0.0,0.0,0.0,0.0,0.0
18896,29,0.6,0.6,0.6399453854227659,0.10344827586206896,0.6,0.3,0.43636363636363634,0.4152807670887412,0.10344827586206896,0.3
18872,3,0.3333333333333333,0.4166666666666667,0.46927872602275644,0.3333333333333333,0.2,0.3333333333333333,0.37037037037037035,0.46927872602275644,0.3333333333333333,0.1
7547,6,0.2,0.13333333333333333,0.14606834984270645,0.16666666666666666,0.2,0.16666666666666666,0.15555555555555556,0.13032376591037065,0.16666666666666666,0.1
18989,9,0.0,0.0,0.0,0.0,0.0,0.0,0.0,0.0,0.0,0.0
24182,11,0.2,0.3333333333333333,0.33916020527361607,0.09090909090909091,0.2,0.1,0.18181818181818182,0.22009176629808014,0.09090909090909091,0.1
28745,23,0.4,0.6,0.5531464700081437,0.08695652173913043,0.4,0.4,0.43636363636363645,0.494639655562801,0.17391304347826086,0.4
29294,6,0.2,0.06666666666666665,0.13120507751234176,0.16666666666666666,0.2,0.3333333333333333,0.13333333333333333,0.11706259313796352,0.3333333333333333,0.2
24047,1,0.0,0.0,0.0,0.0,0.0,0.0,0.0,0.0,0.0,0.0
3147,11,0.4,0.39999999999999997,0.4703652827859578,0.18181818181818182,0.4,0.2,0.29090909090909095,0.3052348839397011,0.18181818181818182,0.2
12707,9,0.0,0.0,0.0,0.0,0.0,0.0,0.0,0.0,0.0,0.0
27025,2,0.5,0.5555555555555556,0.6131471927654584,0.5,0.2,0.5,0.5263157894736842,0.6131471927654584,0.5,0.1
8679,41,0.6,0.6,0.6399453854227659,0.07317073170731707,0.6,0.6,0.5636363636363636,0.618519700841442,0.14634146341463414,0.6
10738,1,1.0,1.0,1.0,1.0,0.2,1.0,1.0,1.0,1.0,0.1
15716,11,0.4,0.4666666666666666,0.48522855511632257,0.18181818181818182,0.4,0.3,0.4,0.3932783996463063,0.2727272727272727,0.3
6696,1,0.0,0.0,0.0,0.0,0.0,0.0,0.0,0.0,0.0,0.0
13894,1,1.0,1.0,1.0,1.0,0.2,1.0,1.0,1.0,1.0,0.1
19834,1,1.0,0.0,0.0,1.0,0.2,1.0,0.0,0.0,1.0,0.1
30288,2,0.0,0.0,0.0,0.0,0.0,0.0,0.0,0.0,0.0,0.0
15960,13,0.2,0.3333333333333333,0.33916020527361607,0.07692307692307693,0.2,0.1,0.18181818181818182,0.22009176629808014,0.07692307692307693,0.1
10522,59,0.8,0.9333333333333332,0.8687949224876582,0.06779661016949153,0.8,0.5,0.6363636363636365,0.6274092458891773,0.0847457627118644,0.5
16159,5,0.2,0.06666666666666665,0.13120507751234176,0.2,0.2,0.2,0.15,0.13120507751234176,0.2,0.1
22415,5,0.2,0.06666666666666665,0.13120507751234176,0.2,0.2,0.4,0.15,0.13120507751234176,0.4,0.2
4936,5,0.2,0.13333333333333333,0.14606834984270645,0.2,0.2,0.4,0.175,0.14606834984270645,0.4,0.2
10669,1,0.0,0.0,0.0,0.0,0.0,0.0,0.0,0.0,0.0,0.0
24116,3,0.0,0.0,0.0,0.0,0.0,0.0,0.0,0.0,0.0,0.0
14059,19,0.6,0.46666666666666673,0.4912596920895757,0.15789473684210525,0.6,0.5,0.49090909090909096,0.45577863618303804,0.2631578947368421,0.5
27571,17,0.0,0.0,0.0,0.0,0.0,0.2,0.14545454545454548,0.14782949091545258,0.11764705882352941,0.2
14109,2,0.0,0.0,0.0,0.0,0.0,0.0,0.0,0.0,0.0,0.0
2610,8,0.2,0.06666666666666665,0.13120507751234176,0.125,0.2,0.125,0.11538461538461538,0.09785159463516041,0.125,0.1
1367,22,0.4,0.39999999999999997,0.4703652827859578,0.09090909090909091,0.4,0.3,0.34545454545454546,0.3746661058764783,0.13636363636363635,0.3
29424,32,0.8,0.7333333333333334,0.7860137352654724,0.125,0.8,0.6,0.6545454545454545,0.6470538417566039,0.1875,0.6
21157,4,0.0,0.0,0.0,0.0,0.0,0.25,0.0,0.0,0.25,0.1
20585,2,0.5,0.4444444444444445,0.3868528072345415,0.5,0.2,0.5,0.4736842105263158,0.3868528072345415,0.5,0.1
26201,12,0.2,0.26666666666666666,0.2139862647345275,0.08333333333333333,0.2,0.2,0.2,0.2051166673279435,0.16666666666666666,0.2
18442,2,0.0,0.0,0.0,0.0,0.0,0.0,0.0,0.0,0.0,0.0
17942,50,0.6,0.5333333333333333,0.5147714448836773,0.06,0.6,0.5,0.4727272727272727,0.4639264563175563,0.1,0.5
16800,10,0.0,0.0,0.0,0.0,0.0,0.0,0.0,0.0,0.0,0.0
131,13,0.4,0.5333333333333333,0.5087403079104241,0.15384615384615385,0.4,0.3,0.36363636363636365,0.39639187290150923,0.23076923076923078,0.3
25360,1,0.0,0.0,0.0,0.0,0.0,0.0,0.0,0.0,0.0,0.0
23207,3,0.0,0.0,0.0,0.0,0.0,0.0,0.0,0.0,0.0,0.0
12319,24,0.4,0.4666666666666666,0.48522855511632257,0.08333333333333333,0.4,0.2,0.3090909090909091,0.31488013066763093,0.08333333333333333,0.2
13895,40,0.8,0.8000000000000002,0.8304198973631919,0.1,0.8,0.8,0.8363636363636363,0.8263333286520081,0.2,0.8
28139,2,0.5,0.5555555555555556,0.6131471927654584,0.5,0.2,0.5,0.5263157894736842,0.6131471927654584,0.5,0.1
14617,31,0.6,0.6666666666666666,0.6843515475204854,0.0967741935483871,0.6,0.3,0.45454545454545453,0.44409732781325567,0.0967741935483871,0.3
16457,11,0.2,0.13333333333333333,0.14606834984270645,0.09090909090909091,0.2,0.1,0.12727272727272726,0.09478836436955078,0.09090909090909091,0.1
19590,5,0.2,0.19999999999999998,0.16958010263680803,0.2,0.2,0.2,0.2,0.16958010263680803,0.2,0.1
59,2,0.0,0.0,0.0,0.0,0.0,0.5,0.0,0.0,0.5,0.1
3578,4,0.25,0.35714285714285715,0.39038004999210163,0.25,0.2,0.25,0.2941176470588235,0.39038004999210163,0.25,0.1
15125,1,0.0,0.0,0.0,0.0,0.0,0.0,0.0,0.0,0.0,0.0
9143,74,0.8,0.8000000000000002,0.8304198973631919,0.05405405405405406,0.8,0.6,0.7454545454545454,0.6906478832608418,0.08108108108108109,0.6
23164,3,0.3333333333333333,0.0,0.0,0.3333333333333333,0.2,0.3333333333333333,0.0,0.0,0.3333333333333333,0.1
22802,24,0.8,0.8666666666666666,0.8539316501572936,0.16666666666666666,0.8,0.7,0.7636363636363637,0.7631925784528222,0.2916666666666667,0.7
10372,2,0.0,0.0,0.0,0.0,0.0,0.0,0.0,0.0,0.0,0.0
30831,2,0.0,0.0,0.0,0.0,0.0,0.0,0.0,0.0,0.0,0.0
14178,5,0.0,0.0,0.0,0.0,0.0,0.0,0.0,0.0,0.0,0.0
10552,5,0.0,0.0,0.0,0.0,0.0,0.2,0.0,0.0,0.2,0.1
12576,1,1.0,0.0,0.0,1.0,0.2,1.0,0.0,0.0,1.0,0.1
25480,12,0.4,0.5333333333333333,0.5087403079104241,0.16666666666666666,0.4,0.3,0.38181818181818183,0.3995688713838974,0.25,0.3
20394,6,0.2,0.26666666666666666,0.2139862647345275,0.16666666666666666,0.2,0.16666666666666666,0.2,0.1909208661789346,0.16666666666666666,0.1
27567,31,0.8,0.8666666666666666,0.8539316501572936,0.12903225806451613,0.8,0.6,0.7090909090909091,0.6937613565160449,0.1935483870967742,0.6
23601,4,0.25,0.35714285714285715,0.39038004999210163,0.25,0.2,0.25,0.2941176470588235,0.39038004999210163,0.25,0.1
21728,14,0.2,0.19999999999999998,0.16958010263680803,0.07142857142857142,0.2,0.2,0.23636363636363636,0.1884441521277154,0.14285714285714285,0.2
16757,62,0.2,0.19999999999999998,0.16958010263680803,0.016129032258064516,0.2,0.2,0.2,0.17947710508581735,0.03225806451612903,0.2
10160,2,0.5,0.0,0.0,0.5,0.2,0.5,0.0,0.0,0.5,0.1
21986,24,0.2,0.3333333333333333,0.33916020527361607,0.041666666666666664,0.2,0.2,0.21818181818181817,0.28634598975246917,0.08333333333333333,0.2
1427,31,0.2,0.3333333333333333,0.33916020527361607,0.03225806451612903,0.2,0.1,0.18181818181818182,0.22009176629808014,0.03225806451612903,0.1
8680,7,0.2,0.19999999999999998,0.16958010263680803,0.14285714285714285,0.2,0.14285714285714285,0.16326530612244897,0.13743816645714543,0.14285714285714285,0.1
15389,13,0.2,0.06666666666666665,0.13120507751234176,0.07692307692307693,0.2,0.1,0.10909090909090909,0.08514311764162097,0.07692307692307693,0.1
5611,29,0.6,0.7999999999999999,0.7227265726449518,0.10344827586206896,0.6,0.3,0.49090909090909096,0.46900009332067477,0.10344827586206896,0.3
29106,1,0.0,0.0,0.0,0.0,0.0,0.0,0.0,0.0,0.0,0.0
23668,13,0.0,0.0,0.0,0.0,0.0,0.0,0.0,0.0,0.0,0.0
25554,4,0.25,0.14285714285714288,0.16812753627111746,0.25,0.2,0.5,0.20588235294117643,0.16812753627111746,0.5,0.2
25564,1,0.0,0.0,0.0,0.0,0.0,0.0,0.0,0.0,0.0,0.0
27258,5,0.2,0.06666666666666665,0.13120507751234176,0.2,0.2,0.2,0.15,0.13120507751234176,0.2,0.1
9436,3,0.6666666666666666,0.75,0.7653606369886217,0.6666666666666666,0.4,0.6666666666666666,0.7037037037037036,0.7653606369886217,0.6666666666666666,0.2
9481,7,0.2,0.3333333333333333,0.33916020527361607,0.14285714285714285,0.2,0.14285714285714285,0.2040816326530612,0.27487633291429087,0.14285714285714285,0.1
29859,20,0.4,0.5333333333333333,0.5087403079104241,0.1,0.4,0.3,0.4,0.40350157154648025,0.15,0.3
26414,10,0.2,0.3333333333333333,0.33916020527361607,0.1,0.2,0.1,0.18181818181818182,0.22009176629808014,0.1,0.1
29868,6,0.0,0.0,0.0,0.0,0.0,0.16666666666666666,0.0,0.0,0.16666666666666666,0.1
15470,3,0.0,0.0,0.0,0.0,0.0,0.0,0.0,0.0,0.0,0.0
21534,4,0.0,0.0,0.0,0.0,0.0,0.0,0.0,0.0,0.0,0.0
13364,3,0.6666666666666666,0.5833333333333334,0.5307212739772434,0.6666666666666666,0.4,0.6666666666666666,0.6296296296296297,0.5307212739772434,0.6666666666666666,0.2
29455,8,0.4,0.4666666666666666,0.38356636737133554,0.25,0.4,0.25,0.3269230769230769,0.2860604285087249,0.25,0.2
6374,19,0.2,0.13333333333333333,0.14606834984270645,0.05263157894736842,0.2,0.4,0.32727272727272727,0.3128047789019752,0.21052631578947367,0.4
2787,23,0.6,0.6666666666666666,0.6843515475204854,0.13043478260869565,0.6,0.4,0.5454545454545454,0.522495596791931,0.17391304347826086,0.4
7057,5,0.0,0.0,0.0,0.0,0.0,0.0,0.0,0.0,0.0,0.0
25045,5,0.0,0.0,0.0,0.0,0.0,0.0,0.0,0.0,0.0,0.0
22305,13,0.2,0.3333333333333333,0.33916020527361607,0.07692307692307693,0.2,0.4,0.4,0.44128517931289274,0.3076923076923077,0.4
11106,14,0.6,0.6666666666666666,0.6548086577531306,0.21428571428571427,0.6,0.3,0.45454545454545453,0.424926013816671,0.21428571428571427,0.3
17901,17,0.2,0.3333333333333333,0.33916020527361607,0.058823529411764705,0.2,0.1,0.18181818181818182,0.22009176629808014,0.058823529411764705,0.1
129,36,0.2,0.19999999999999998,0.16958010263680803,0.027777777777777776,0.2,0.2,0.18181818181818182,0.1763001066034291,0.05555555555555555,0.2
8445,21,0.8,0.9333333333333332,0.8687949224876582,0.19047619047619047,0.8,0.7,0.7454545454545454,0.7670273914429264,0.3333333333333333,0.7
3628,13,0.2,0.3333333333333333,0.33916020527361607,0.07692307692307693,0.2,0.2,0.2545454545454545,0.29345568839744024,0.15384615384615385,0.2
4164,21,0.6,0.7999999999999999,0.7227265726449518,0.14285714285714285,0.6,0.4,0.5090909090909091,0.5326208815196265,0.19047619047619047,0.4
6468,51,0.8,0.6666666666666666,0.6608397947263838,0.0784313725490196,0.8,0.6,0.6545454545454547,0.5708588662113934,0.11764705882352941,0.6
14388,10,0.2,0.13333333333333333,0.14606834984270645,0.1,0.2,0.2,0.2,0.16815228646891084,0.2,0.2
3899,68,0.2,0.06666666666666665,0.13120507751234176,0.014705882352941176,0.2,0.2,0.2,0.1635413866202963,0.029411764705882353,0.2
1995,3,0.0,0.0,0.0,0.0,0.0,0.0,0.0,0.0,0.0,0.0
10809,2,0.0,0.0,0.0,0.0,0.0,0.0,0.0,0.0,0.0,0.0
321,21,0.4,0.4666666666666666,0.38356636737133554,0.09523809523809523,0.4,0.4,0.4,0.38589303732090635,0.19047619047619047,0.4
25028,3,0.0,0.0,0.0,0.0,0.0,0.3333333333333333,0.0,0.0,0.3333333333333333,0.1
3231,6,0.2,0.3333333333333333,0.33916020527361607,0.16666666666666666,0.2,0.16666666666666666,0.2222222222222222,0.30260241349881345,0.16666666666666666,0.1
725,20,0.2,0.19999999999999998,0.16958010263680803,0.05,0.2,0.1,0.14545454545454548,0.11004588314904007,0.05,0.1
7043,1,0.0,0.0,0.0,0.0,0.0,1.0,0.0,0.0,1.0,0.1
3299,6,0.2,0.26666666666666666,0.2139862647345275,0.16666666666666666,0.2,0.16666666666666666,0.2,0.1909208661789346,0.16666666666666666,0.1
26379,5,0.0,0.0,0.0,0.0,0.0,0.0,0.0,0.0,0.0,0.0
12092,24,0.0,0.0,0.0,0.0,0.0,0.0,0.0,0.0,0.0,0.0
19036,23,0.2,0.19999999999999998,0.16958010263680803,0.043478260869565216,0.2,0.1,0.14545454545454548,0.11004588314904007,0.043478260869565216,0.1
26208,2,0.0,0.0,0.0,0.0,0.0,0.0,0.0,0.0,0.0,0.0
15041,20,0.2,0.26666666666666666,0.2139862647345275,0.05,0.2,0.2,0.23636363636363636,0.21222636597291453,0.1,0.2
26592,8,0.2,0.13333333333333333,0.14606834984270645,0.125,0.2,0.25,0.23076923076923075,0.19903650127012357,0.25,0.2
29705,13,0.0,0.0,0.0,0.0,0.0,0.1,0.036363636363636355,0.06625422345438903,0.07692307692307693,0.1
14453,8,0.4,0.39999999999999997,0.4703652827859578,0.25,0.4,0.375,0.3653846153846154,0.43058883596526565,0.375,0.3
25095,2,0.5,0.5555555555555556,0.6131471927654584,0.5,0.2,0.5,0.5263157894736842,0.6131471927654584,0.5,0.1
30037,4,0.5,0.35714285714285715,0.39038004999210163,0.5,0.4,0.5,0.2941176470588235,0.39038004999210163,0.5,0.2
19005,8,0.4,0.39999999999999997,0.4703652827859578,0.25,0.4,0.25,0.3076923076923077,0.35079429740281753,0.25,0.2
14429,18,0.6,0.5333333333333333,0.6164336326286642,0.16666666666666666,0.6,0.3,0.41818181818181815,0.4000232483092519,0.16666666666666666,0.3
7017,10,0.2,0.26666666666666666,0.2139862647345275,0.1,0.2,0.2,0.2,0.2051166673279435,0.2,0.2
27597,9,0.0,0.0,0.0,0.0,0.0,0.0,0.0,0.0,0.0,0.0
23778,12,0.2,0.3333333333333333,0.33916020527361607,0.08333333333333333,0.2,0.3,0.29090909090909095,0.3621108234757072,0.25,0.3
19414,25,0.6,0.5333333333333333,0.6164336326286642,0.12,0.6,0.5,0.5818181818181818,0.5517854393872873,0.2,0.5
19478,7,0.0,0.0,0.0,0.0,0.0,0.0,0.0,0.0,0.0,0.0
15216,3,0.0,0.0,0.0,0.0,0.0,0.0,0.0,0.0,0.0,0.0
30744,2,1.0,1.0,1.0,1.0,0.4,1.0,1.0,1.0,1.0,0.2
8112,12,0.2,0.19999999999999998,0.16958010263680803,0.08333333333333333,0.2,0.1,0.14545454545454548,0.11004588314904007,0.08333333333333333,0.1
14421,13,0.4,0.4666666666666666,0.38356636737133554,0.15384615384615385,0.4,0.2,0.30909090909090914,0.24890832702259458,0.15384615384615385,0.2
3096,6,0.6,0.6,0.6399453854227659,0.5,0.6,0.6666666666666666,0.5333333333333333,0.5709662133861837,0.6666666666666666,0.4
18112,5,0.2,0.13333333333333333,0.14606834984270645,0.2,0.2,0.4,0.175,0.14606834984270645,0.4,0.2
1339,8,0.0,0.0,0.0,0.0,0.0,0.0,0.0,0.0,0.0,0.0
4211,2,0.0,0.0,0.0,0.0,0.0,0.0,0.0,0.0,0.0,0.0
21806,17,0.2,0.06666666666666665,0.13120507751234176,0.058823529411764705,0.2,0.2,0.2,0.1635413866202963,0.11764705882352941,0.2
19746,14,0.4,0.4000000000000001,0.3600546145772339,0.14285714285714285,0.4,0.2,0.29090909090909095,0.23365080824310527,0.14285714285714285,0.2
25134,2,0.5,0.5555555555555556,0.6131471927654584,0.5,0.2,0.5,0.5263157894736842,0.6131471927654584,0.5,0.1
10365,43,0.8,0.7333333333333334,0.7860137352654724,0.09302325581395349,0.8,0.7,0.7454545454545454,0.7254521107352792,0.16279069767441862,0.7
14208,5,0.2,0.3333333333333333,0.33916020527361607,0.2,0.2,0.2,0.25,0.33916020527361607,0.2,0.1
2713,20,0.2,0.3333333333333333,0.33916020527361607,0.05,0.2,0.1,0.18181818181818182,0.22009176629808014,0.05,0.1
8240,4,0.25,0.0,0.0,0.25,0.2,0.25,0.0,0.0,0.25,0.1
9617,61,0.6,0.6666666666666666,0.6843515475204854,0.04918032786885246,0.6,0.4,0.5454545454545454,0.522495596791931,0.06557377049180328,0.4
24715,3,0.3333333333333333,0.33333333333333337,0.29608191096586517,0.3333333333333333,0.2,0.3333333333333333,0.3333333333333333,0.29608191096586517,0.3333333333333333,0.1
22293,28,0.8,0.8000000000000002,0.8304198973631919,0.14285714285714285,0.8,0.6,0.6727272727272727,0.6745711375739728,0.21428571428571427,0.6
13063,1,1.0,1.0,1.0,1.0,0.2,1.0,1.0,1.0,1.0,0.1
20185,1,0.0,0.0,0.0,0.0,0.0,0.0,0.0,0.0,0.0,0.0
939,5,0.2,0.26666666666666666,0.2139862647345275,0.2,0.2,0.2,0.225,0.2139862647345275,0.2,0.1
10884,2,0.0,0.0,0.0,0.0,0.0,0.0,0.0,0.0,0.0,0.0
21420,22,0.2,0.13333333333333333,0.14606834984270645,0.045454545454545456,0.2,0.1,0.12727272727272726,0.09478836436955078,0.045454545454545456,0.1
26049,3,0.3333333333333333,0.0,0.0,0.3333333333333333,0.2,0.3333333333333333,0.0,0.0,0.3333333333333333,0.1
6307,24,0.6,0.5333333333333333,0.6164336326286642,0.125,0.6,0.5,0.5272727272727272,0.539641393863001,0.20833333333333334,0.5
5941,5,0.0,0.0,0.0,0.0,0.0,0.0,0.0,0.0,0.0,0.0
27740,9,0.2,0.3333333333333333,0.33916020527361607,0.1111111111111111,0.2,0.1111111111111111,0.18518518518518517,0.23504554941448538,0.1111111111111111,0.1
4429,11,0.4,0.39999999999999997,0.4703652827859578,0.18181818181818182,0.4,0.2,0.29090909090909095,0.3052348839397011,0.18181818181818182,0.2
30580,30,0.6,0.7999999999999999,0.7227265726449518,0.1,0.6,0.3,0.49090909090909096,0.46900009332067477,0.1,0.3
2755,7,0.2,0.3333333333333333,0.33916020527361607,0.14285714285714285,0.2,0.2857142857142857,0.2857142857142857,0.3665017772190545,0.2857142857142857,0.2
28890,31,0.6,0.5333333333333333,0.6164336326286642,0.0967741935483871,0.6,0.4,0.509090909090909,0.4784215172879272,0.12903225806451613,0.4
26765,2,0.5,0.0,0.0,0.5,0.2,0.5,0.0,0.0,0.5,0.1
17781,17,1.0,1.0,1.0,0.29411764705882354,1.0,0.6,0.8,0.7222954974312067,0.35294117647058826,0.6
18581,43,0.4,0.3333333333333333,0.31564845247951445,0.046511627906976744,0.4,0.2,0.2727272727272727,0.20483424751859083,0.046511627906976744,0.2
25106,1,1.0,0.0,0.0,1.0,0.2,1.0,0.0,0.0,1.0,0.1
29712,28,0.4,0.4666666666666666,0.38356636737133554,0.07142857142857142,0.4,0.5,0.49090909090909096,0.46429130629958165,0.17857142857142858,0.5
28986,17,0.8,0.7333333333333334,0.7860137352654724,0.23529411764705882,0.8,0.4,0.5636363636363636,0.510069131458292,0.23529411764705882,0.4
19649,31,0.4,0.6,0.5531464700081437,0.06451612903225806,0.4,0.2,0.34545454545454546,0.3589542101716347,0.06451612903225806,0.2
8869,13,0.2,0.26666666666666666,0.2139862647345275,0.07692307692307693,0.2,0.1,0.16363636363636364,0.1388624438735545,0.07692307692307693,0.1
5972,9,0.0,0.0,0.0,0.0,0.0,0.0,0.0,0.0,0.0,0.0
19790,8,0.0,0.0,0.0,0.0,0.0,0.0,0.0,0.0,0.0,0.0
17917,37,0.2,0.3333333333333333,0.33916020527361607,0.02702702702702703,0.2,0.1,0.18181818181818182,0.22009176629808014,0.02702702702702703,0.1
21532,4,0.25,0.35714285714285715,0.39038004999210163,0.25,0.2,0.25,0.2941176470588235,0.39038004999210163,0.25,0.1
4194,25,0.0,0.0,0.0,0.0,0.0,0.0,0.0,0.0,0.0,0.0
1616,34,1.0,1.0,1.0,0.14705882352941177,1.0,0.5,0.7272727272727273,0.6489315753318466,0.14705882352941177,0.5
15783,4,0.0,0.0,0.0,0.0,0.0,0.0,0.0,0.0,0.0,0.0
21673,6,0.2,0.3333333333333333,0.33916020527361607,0.16666666666666666,0.2,0.16666666666666666,0.2222222222222222,0.30260241349881345,0.16666666666666666,0.1
16247,17,0.2,0.3333333333333333,0.33916020527361607,0.058823529411764705,0.2,0.3,0.2727272727272727,0.3557772116892464,0.17647058823529413,0.3
17067,19,0.4,0.5333333333333333,0.5087403079104241,0.10526315789473684,0.4,0.3,0.36363636363636365,0.39639187290150923,0.15789473684210525,0.3
25887,19,0.4,0.4666666666666666,0.48522855511632257,0.10526315789473684,0.4,0.3,0.36363636363636365,0.3843113526044082,0.15789473684210525,0.3
10708,3,0.0,0.0,0.0,0.0,0.0,0.0,0.0,0.0,0.0,0.0
7604,25,0.6,0.5333333333333333,0.6164336326286642,0.12,0.6,0.5,0.5454545454545454,0.5446757407423163,0.2,0.5
12034,6,0.2,0.19999999999999998,0.16958010263680803,0.16666666666666666,0.2,0.3333333333333333,0.2888888888888889,0.25909036127391766,0.3333333333333333,0.2
18280,2,0.0,0.0,0.0,0.0,0.0,0.0,0.0,0.0,0.0,0.0
818,6,0.4,0.39999999999999997,0.4703652827859578,0.3333333333333333,0.4,0.3333333333333333,0.35555555555555557,0.4196650066367769,0.3333333333333333,0.2
23578,4,0.25,0.0,0.0,0.25,0.2,0.25,0.0,0.0,0.25,0.1
3224,44,0.6,0.6666666666666666,0.6843515475204854,0.06818181818181818,0.6,0.6,0.6727272727272727,0.6652907408280683,0.13636363636363635,0.6
2138,22,0.2,0.19999999999999998,0.16958010263680803,0.045454545454545456,0.2,0.2,0.21818181818181823,0.18340980524840012,0.09090909090909091,0.2
13594,2,0.0,0.0,0.0,0.0,0.0,0.0,0.0,0.0,0.0,0.0
28049,3,0.3333333333333333,0.25,0.23463936301137822,0.3333333333333333,0.2,0.3333333333333333,0.2962962962962963,0.23463936301137822,0.3333333333333333,0.1
6644,1,0.0,0.0,0.0,0.0,0.0,0.0,0.0,0.0,0.0,0.0
30596,1,0.0,0.0,0.0,0.0,0.0,0.0,0.0,0.0,0.0,0.0
5210,11,0.4,0.5333333333333333,0.5087403079104241,0.18181818181818182,0.4,0.2,0.32727272727272727,0.3301376494471202,0.18181818181818182,0.2
17469,1,0.0,0.0,0.0,0.0,0.0,0.0,0.0,0.0,0.0,0.0
20400,8,0.2,0.3333333333333333,0.33916020527361607,0.125,0.2,0.125,0.1923076923076923,0.2529427027676571,0.125,0.1
27829,12,0.0,0.0,0.0,0.0,0.0,0.1,0.036363636363636355,0.06625422345438903,0.08333333333333333,0.1
21747,21,0.0,0.0,0.0,0.0,0.0,0.2,0.16363636363636364,0.1517621910780354,0.09523809523809523,0.2
6722,25,0.4,0.6,0.5531464700081437,0.08,0.4,0.2,0.34545454545454546,0.3589542101716347,0.08,0.2
8296,31,0.4,0.19999999999999998,0.2772734273550482,0.06451612903225806,0.4,0.2,0.23636363636363633,0.17993148201117173,0.06451612903225806,0.2
5845,12,0.2,0.06666666666666665,0.13120507751234176,0.08333333333333333,0.2,0.1,0.10909090909090909,0.08514311764162097,0.08333333333333333,0.1
4072,1,1.0,1.0,1.0,1.0,0.2,1.0,1.0,1.0,1.0,0.1
29846,53,0.6,0.6,0.529634717214042,0.05660377358490566,0.6,0.4,0.47272727272727283,0.4099509148465344,0.07547169811320754,0.4
18197,13,0.2,0.3333333333333333,0.33916020527361607,0.07692307692307693,0.2,0.2,0.21818181818181817,0.28634598975246917,0.15384615384615385,0.2
3150,11,0.2,0.13333333333333333,0.14606834984270645,0.09090909090909091,0.2,0.1,0.12727272727272726,0.09478836436955078,0.09090909090909091,0.1
11599,30,0.2,0.06666666666666665,0.13120507751234176,0.03333333333333333,0.2,0.3,0.2,0.22082856303278725,0.1,0.3
11062,31,0.2,0.3333333333333333,0.33916020527361607,0.03225806451612903,0.2,0.3,0.29090909090909095,0.3621108234757072,0.0967741935483871,0.3
30326,8,0.4,0.6,0.5531464700081437,0.25,0.4,0.25,0.36538461538461536,0.4125317798925535,0.25,0.2
21805,8,0.6,0.7999999999999999,0.7227265726449518,0.375,0.6,0.375,0.5192307692307693,0.5390031312763821,0.375,0.3
27222,1,1.0,1.0,1.0,1.0,0.2,1.0,1.0,1.0,1.0,0.1
21053,7,0.2,0.3333333333333333,0.33916020527361607,0.14285714285714285,0.2,0.14285714285714285,0.2040816326530612,0.27487633291429087,0.14285714285714285,0.1
24206,2,0.5,0.5555555555555556,0.6131471927654584,0.5,0.2,0.5,0.5263157894736842,0.6131471927654584,0.5,0.1
12506,3,0.0,0.0,0.0,0.0,0.0,0.0,0.0,0.0,0.0,0.0
21848,16,0.4,0.4000000000000001,0.3600546145772339,0.125,0.4,0.3,0.38181818181818183,0.31204907722178055,0.1875,0.3
12944,26,0.0,0.0,0.0,0.0,0.0,0.2,0.12727272727272726,0.14465249243306436,0.07692307692307693,0.2
11773,5,0.0,0.0,0.0,0.0,0.0,0.0,0.0,0.0,0.0,0.0
7386,6,0.2,0.26666666666666666,0.2139862647345275,0.16666666666666666,0.2,0.3333333333333333,0.2,0.1909208661789346,0.3333333333333333,0.2
22857,2,0.0,0.0,0.0,0.0,0.0,0.0,0.0,0.0,0.0,0.0
15366,6,0.0,0.0,0.0,0.0,0.0,0.0,0.0,0.0,0.0,0.0
28673,9,0.2,0.3333333333333333,0.33916020527361607,0.1111111111111111,0.2,0.2222222222222222,0.2222222222222222,0.30580131013556594,0.2222222222222222,0.2
29759,7,0.4,0.26666666666666666,0.3007851801491498,0.2857142857142857,0.4,0.2857142857142857,0.2857142857142857,0.24377484748737527,0.2857142857142857,0.2
2512,13,0.0,0.0,0.0,0.0,0.0,0.0,0.0,0.0,0.0,0.0
2761,3,0.3333333333333333,0.4166666666666667,0.46927872602275644,0.3333333333333333,0.2,0.3333333333333333,0.37037037037037035,0.46927872602275644,0.3333333333333333,0.1
11384,2,0.5,0.5555555555555556,0.6131471927654584,0.5,0.2,0.5,0.5263157894736842,0.6131471927654584,0.5,0.1
9056,14,0.0,0.0,0.0,0.0,0.0,0.0,0.0,0.0,0.0,0.0
1431,25,0.6,0.6666666666666666,0.6843515475204854,0.12,0.6,0.3,0.45454545454545453,0.44409732781325567,0.12,0.3
2115,6,0.0,0.0,0.0,0.0,0.0,0.3333333333333333,0.1111111111111111,0.10778915452451095,0.3333333333333333,0.2
6837,6,0.2,0.3333333333333333,0.33916020527361607,0.16666666666666666,0.2,0.16666666666666666,0.2222222222222222,0.30260241349881345,0.16666666666666666,0.1
11321,20,0.0,0.0,0.0,0.0,0.0,0.0,0.0,0.0,0.0,0.0
9279,3,0.0,0.0,0.0,0.0,0.0,0.0,0.0,0.0,0.0,0.0
9271,4,0.0,0.0,0.0,0.0,0.0,0.0,0.0,0.0,0.0,0.0
3546,3,0.0,0.0,0.0,0.0,0.0,0.0,0.0,0.0,0.0,0.0
10556,9,0.0,0.0,0.0,0.0,0.0,0.0,0.0,0.0,0.0,0.0
31059,3,0.3333333333333333,0.4166666666666667,0.46927872602275644,0.3333333333333333,0.2,0.3333333333333333,0.37037037037037035,0.46927872602275644,0.3333333333333333,0.1
30248,3,0.0,0.0,0.0,0.0,0.0,0.0,0.0,0.0,0.0,0.0
27365,10,0.0,0.0,0.0,0.0,0.0,0.0,0.0,0.0,0.0,0.0
22635,7,0.4,0.6,0.5531464700081437,0.2857142857142857,0.4,0.42857142857142855,0.38775510204081626,0.4483039899025303,0.42857142857142855,0.3
28488,4,0.25,0.35714285714285715,0.39038004999210163,0.25,0.2,0.5,0.2941176470588235,0.39038004999210163,0.5,0.2
15327,10,0.6,0.6,0.529634717214042,0.3,0.6,0.4,0.5272727272727273,0.42209496037082067,0.4,0.4
4125,1,1.0,0.0,0.0,1.0,0.2,1.0,0.0,0.0,1.0,0.1
275,12,0.0,0.0,0.0,0.0,0.0,0.1,0.018181818181818177,0.0636207881989517,0.08333333333333333,0.1
30166,2,0.0,0.0,0.0,0.0,0.0,0.5,0.0,0.0,0.5,0.1
2497,5,0.0,0.0,0.0,0.0,0.0,0.0,0.0,0.0,0.0,0.0
2573,37,0.6,0.5333333333333333,0.6164336326286642,0.08108108108108109,0.6,0.5,0.5454545454545454,0.5446757407423163,0.13513513513513514,0.5
17376,30,0.0,0.0,0.0,0.0,0.0,0.0,0.0,0.0,0.0,0.0
11465,22,0.0,0.0,0.0,0.0,0.0,0.0,0.0,0.0,0.0,0.0
12603,7,0.0,0.0,0.0,0.0,0.0,0.0,0.0,0.0,0.0,0.0
21370,12,0.6,0.39999999999999997,0.4468535299918562,0.25,0.6,0.4,0.43636363636363645,0.3594085870969891,0.3333333333333333,0.4
4130,8,0.2,0.13333333333333333,0.14606834984270645,0.125,0.2,0.125,0.1346153846153846,0.1089364926177559,0.125,0.1
23860,3,0.6666666666666666,0.6666666666666667,0.7039180890341346,0.6666666666666666,0.4,0.6666666666666666,0.6666666666666666,0.7039180890341346,0.6666666666666666,0.2
4821,23,0.4,0.39999999999999997,0.4703652827859578,0.08695652173913043,0.4,0.2,0.29090909090909095,0.3052348839397011,0.08695652173913043,0.2
14214,7,0.0,0.0,0.0,0.0,0.0,0.0,0.0,0.0,0.0,0.0
21609,3,0.3333333333333333,0.4166666666666667,0.46927872602275644,0.3333333333333333,0.2,0.3333333333333333,0.37037037037037035,0.46927872602275644,0.3333333333333333,0.1
24808,7,0.2,0.3333333333333333,0.33916020527361607,0.14285714285714285,0.2,0.2857142857142857,0.2040816326530612,0.27487633291429087,0.2857142857142857,0.2
4572,15,0.2,0.3333333333333333,0.33916020527361607,0.06666666666666667,0.2,0.1,0.18181818181818182,0.22009176629808014,0.06666666666666667,0.1
24583,34,0.6,0.5333333333333333,0.6164336326286642,0.08823529411764706,0.6,0.4,0.47272727272727266,0.4694544702460291,0.11764705882352941,0.4
13189,8,0.2,0.19999999999999998,0.16958010263680803,0.125,0.2,0.25,0.21153846153846154,0.20626588994627676,0.25,0.2
16694,4,0.25,0.2142857142857143,0.19519002499605081,0.25,0.2,0.25,0.23529411764705882,0.19519002499605081,0.25,0.1
17821,36,0.6,0.6666666666666666,0.6548086577531306,0.08333333333333333,0.6,0.6,0.5636363636363636,0.6242322474067891,0.16666666666666666,0.6
11247,3,0.0,0.0,0.0,0.0,0.0,0.3333333333333333,0.0,0.0,0.3333333333333333,0.1
25000,4,0.25,0.35714285714285715,0.39038004999210163,0.25,0.2,0.25,0.2941176470588235,0.39038004999210163,0.25,0.1
3996,13,0.4,0.39999999999999997,0.4703652827859578,0.15384615384615385,0.4,0.3,0.36363636363636365,0.37859880603906115,0.23076923076923078,0.3
4522,2,0.0,0.0,0.0,0.0,0.0,0.0,0.0,0.0,0.0,0.0
30173,7,0.2,0.3333333333333333,0.33916020527361607,0.14285714285714285,0.2,0.2857142857142857,0.2040816326530612,0.27487633291429087,0.2857142857142857,0.2
4152,19,0.2,0.13333333333333333,0.14606834984270645,0.05263157894736842,0.2,0.1,0.12727272727272726,0.09478836436955078,0.05263157894736842,0.1
20018,34,0.4,0.4666666666666666,0.48522855511632257,0.058823529411764705,0.4,0.3,0.38181818181818183,0.38824405276699103,0.08823529411764706,0.3
12979,3,0.0,0.0,0.0,0.0,0.0,0.0,0.0,0.0,0.0,0.0
6447,16,0.2,0.3333333333333333,0.33916020527361607,0.0625,0.2,0.1,0.18181818181818182,0.22009176629808014,0.0625,0.1
5921,3,0.3333333333333333,0.0,0.0,0.3333333333333333,0.2,0.3333333333333333,0.0,0.0,0.3333333333333333,0.1
9191,20,0.4,0.19999999999999998,0.2772734273550482,0.1,0.4,0.3,0.3272727272727272,0.25832975098984706,0.15,0.3
20309,9,0.0,0.0,0.0,0.0,0.0,0.1111111111111111,0.09259259259259259,0.08372491399919348,0.1111111111111111,0.1
18491,4,0.0,0.0,0.0,0.0,0.0,0.25,0.0,0.0,0.25,0.1
7095,28,0.2,0.3333333333333333,0.33916020527361607,0.03571428571428571,0.2,0.1,0.18181818181818182,0.22009176629808014,0.03571428571428571,0.1
21484,34,0.6,0.7999999999999999,0.7227265726449518,0.08823529411764706,0.6,0.5,0.6363636363636364,0.6168295842361273,0.14705882352941177,0.5
8637,37,0.0,0.0,0.0,0.0,0.0,0.2,0.14545454545454548,0.14782949091545258,0.05405405405405406,0.2
18460,4,0.25,0.2142857142857143,0.19519002499605081,0.25,0.2,0.5,0.23529411764705882,0.19519002499605081,0.5,0.2
20344,7,0.0,0.0,0.0,0.0,0.0,0.14285714285714285,0.0,0.0,0.14285714285714285,0.1
14925,5,0.2,0.3333333333333333,0.33916020527361607,0.2,0.2,0.2,0.25,0.33916020527361607,0.2,0.1
1200,20,0.8,0.8666666666666666,0.8539316501572936,0.2,0.8,0.5,0.6727272727272727,0.6275071330616558,0.25,0.5
6053,6,0.0,0.0,0.0,0.0,0.0,0.0,0.0,0.0,0.0,0.0
5511,5,0.2,0.3333333333333333,0.33916020527361607,0.2,0.2,0.2,0.25,0.33916020527361607,0.2,0.1
30199,18,0.2,0.3333333333333333,0.33916020527361607,0.05555555555555555,0.2,0.2,0.2727272727272727,0.2984900352767555,0.1111111111111111,0.2
27755,1,0.0,0.0,0.0,0.0,0.0,0.0,0.0,0.0,0.0,0.0
10707,21,0.2,0.26666666666666666,0.2139862647345275,0.047619047619047616,0.2,0.1,0.16363636363636364,0.1388624438735545,0.047619047619047616,0.1
2041,14,0.6,0.6666666666666666,0.6548086577531306,0.21428571428571427,0.6,0.3,0.45454545454545453,0.424926013816671,0.21428571428571427,0.3
2560,19,0.4,0.3333333333333333,0.34519134224686926,0.10526315789473684,0.4,0.2,0.2727272727272727,0.22400556151517548,0.10526315789473684,0.2
5614,8,0.0,0.0,0.0,0.0,0.0,0.0,0.0,0.0,0.0,0.0
8315,5,0.4,0.4000000000000001,0.3600546145772339,0.4,0.4,0.4,0.4,0.3600546145772339,0.4,0.2
30807,3,0.3333333333333333,0.4166666666666667,0.46927872602275644,0.3333333333333333,0.2,0.6666666666666666,0.37037037037037035,0.46927872602275644,0.6666666666666666,0.2
7898,42,0.6,0.5333333333333333,0.6164336326286642,0.07142857142857142,0.6,0.4,0.45454545454545453,0.4662774717636409,0.09523809523809523,0.4
23548,4,0.0,0.0,0.0,0.0,0.0,0.5,0.0,0.0,0.5,0.2
7124,22,0.0,0.0,0.0,0.0,0.0,0.1,0.07272727272727274,0.07336392209936006,0.045454545454545456,0.1
16199,2,1.0,0.5555555555555556,0.6131471927654584,1.0,0.4,1.0,0.5263157894736842,0.6131471927654584,1.0,0.2
27697,8,0.2,0.3333333333333333,0.33916020527361607,0.125,0.2,0.125,0.1923076923076923,0.2529427027676571,0.125,0.1
20861,8,0.0,0.0,0.0,0.0,0.0,0.0,0.0,0.0,0.0,0.0
5597,32,0.2,0.3333333333333333,0.33916020527361607,0.03125,0.2,0.3,0.2727272727272727,0.3570764765963919,0.09375,0.3
21589,2,0.0,0.0,0.0,0.0,0.0,0.0,0.0,0.0,0.0,0.0
21146,5,0.0,0.0,0.0,0.0,0.0,0.0,0.0,0.0,0.0,0.0
14921,3,0.3333333333333333,0.4166666666666667,0.46927872602275644,0.3333333333333333,0.2,0.3333333333333333,0.37037037037037035,0.46927872602275644,0.3333333333333333,0.1
30697,18,0.2,0.3333333333333333,0.33916020527361607,0.05555555555555555,0.2,0.1,0.18181818181818182,0.22009176629808014,0.05555555555555555,0.1
23677,6,0.0,0.0,0.0,0.0,0.0,0.0,0.0,0.0,0.0,0.0
5089,1,0.0,0.0,0.0,0.0,0.0,1.0,0.0,0.0,1.0,0.1
17529,13,0.0,0.0,0.0,0.0,0.0,0.1,0.036363636363636355,0.06625422345438903,0.07692307692307693,0.1
5285,10,0.2,0.19999999999999998,0.16958010263680803,0.1,0.2,0.1,0.14545454545454548,0.11004588314904007,0.1,0.1
9722,6,0.2,0.19999999999999998,0.16958010263680803,0.16666666666666666,0.2,0.16666666666666666,0.17777777777777778,0.15130120674940672,0.16666666666666666,0.1
7491,14,0.2,0.13333333333333333,0.14606834984270645,0.07142857142857142,0.2,0.2,0.1636363636363636,0.16104258782393982,0.14285714285714285,0.2
22440,5,0.0,0.0,0.0,0.0,0.0,0.2,0.0,0.0,0.2,0.1
15314,10,0.0,0.0,0.0,0.0,0.0,0.1,0.036363636363636355,0.06625422345438903,0.1,0.1
22607,10,0.6,0.6,0.6399453854227659,0.3,0.6,0.3,0.43636363636363634,0.4152807670887412,0.3,0.3
6906,2,0.0,0.0,0.0,0.0,0.0,0.5,0.0,0.0,0.5,0.1
19010,3,0.3333333333333333,0.4166666666666667,0.46927872602275644,0.3333333333333333,0.2,0.3333333333333333,0.37037037037037035,0.46927872602275644,0.3333333333333333,0.1
8626,2,0.5,0.0,0.0,0.5,0.2,0.5,0.0,0.0,0.5,0.1
25012,6,0.2,0.3333333333333333,0.33916020527361607,0.16666666666666666,0.2,0.16666666666666666,0.2222222222222222,0.30260241349881345,0.16666666666666666,0.1
8084,1,0.0,0.0,0.0,0.0,0.0,0.0,0.0,0.0,0.0,0.0
29155,8,0.2,0.3333333333333333,0.33916020527361607,0.125,0.2,0.125,0.1923076923076923,0.2529427027676571,0.125,0.1
28112,16,0.4,0.3333333333333333,0.34519134224686926,0.125,0.4,0.3,0.32727272727272727,0.29343678345195273,0.1875,0.3
17919,2,0.0,0.0,0.0,0.0,0.0,0.0,0.0,0.0,0.0,0.0
21330,8,0.4,0.4666666666666666,0.48522855511632257,0.25,0.4,0.25,0.3269230769230769,0.3618791953854131,0.25,0.2
21235,5,0.2,0.3333333333333333,0.33916020527361607,0.2,0.2,0.2,0.25,0.33916020527361607,0.2,0.1
16690,25,0.0,0.0,0.0,0.0,0.0,0.0,0.0,0.0,0.0,0.0
17610,9,0.2,0.3333333333333333,0.33916020527361607,0.1111111111111111,0.2,0.2222222222222222,0.18518518518518517,0.23504554941448538,0.2222222222222222,0.2
7713,11,0.4,0.39999999999999997,0.4703652827859578,0.18181818181818182,0.4,0.3,0.32727272727272727,0.37148910739409013,0.2727272727272727,0.3
21148,2,0.5,0.0,0.0,0.5,0.2,1.0,0.0,0.0,1.0,0.2
24445,2,0.0,0.0,0.0,0.0,0.0,0.0,0.0,0.0,0.0,0.0
20342,8,0.4,0.6,0.5531464700081437,0.25,0.4,0.375,0.4615384615384615,0.5026317885449212,0.375,0.3
5363,3,0.0,0.0,0.0,0.0,0.0,0.0,0.0,0.0,0.0,0.0
16559,2,0.5,0.5555555555555556,0.6131471927654584,0.5,0.2,0.5,0.5263157894736842,0.6131471927654584,0.5,0.1
16055,15,0.0,0.0,0.0,0.0,0.0,0.0,0.0,0.0,0.0,0.0
27161,3,0.0,0.0,0.0,0.0,0.0,0.0,0.0,0.0,0.0,0.0
26298,7,0.2,0.26666666666666666,0.2139862647345275,0.14285714285714285,0.2,0.14285714285714285,0.18367346938775508,0.17342765698823942,0.14285714285714285,0.1
19139,9,0.4,0.6,0.5531464700081437,0.2222222222222222,0.4,0.2222222222222222,0.3518518518518518,0.38334277998463445,0.2222222222222222,0.2
3816,3,0.0,0.0,0.0,0.0,0.0,0.0,0.0,0.0,0.0,0.0
18146,40,0.4,0.4666666666666666,0.48522855511632257,0.05,0.4,0.4,0.4,0.4518648409659427,0.1,0.4
7723,2,0.0,0.0,0.0,0.0,0.0,0.0,0.0,0.0,0.0,0.0
21636,5,0.0,0.0,0.0,0.0,0.0,0.0,0.0,0.0,0.0,0.0
9148,2,0.5,0.5555555555555556,0.6131471927654584,0.5,0.2,0.5,0.5263157894736842,0.6131471927654584,0.5,0.1
11283,29,0.4,0.26666666666666666,0.3007851801491498,0.06896551724137931,0.4,0.3,0.3272727272727272,0.26855292289002114,0.10344827586206896,0.3
10437,20,0.4,0.4666666666666666,0.48522855511632257,0.1,0.4,0.4,0.4727272727272727,0.4666423217456664,0.2,0.4
19046,8,0.6,0.6666666666666666,0.6548086577531306,0.375,0.6,0.5,0.5769230769230769,0.5784505554216093,0.5,0.4
16828,29,0.2,0.3333333333333333,0.33916020527361607,0.034482758620689655,0.2,0.1,0.18181818181818182,0.22009176629808014,0.034482758620689655,0.1
29684,21,0.0,0.0,0.0,0.0,0.0,0.0,0.0,0.0,0.0,0.0
19278,42,0.4,0.4666666666666666,0.38356636737133554,0.047619047619047616,0.4,0.4,0.4181818181818182,0.39092738420022155,0.09523809523809523,0.4
28304,23,0.6,0.6666666666666666,0.6548086577531306,0.13043478260869565,0.6,0.3,0.45454545454545453,0.424926013816671,0.13043478260869565,0.3
19533,3,0.6666666666666666,0.4166666666666667,0.46927872602275644,0.6666666666666666,0.4,0.6666666666666666,0.37037037037037035,0.46927872602275644,0.6666666666666666,0.2
10401,18,0.2,0.19999999999999998,0.16958010263680803,0.05555555555555555,0.2,0.3,0.23636363636363636,0.24573132854020635,0.16666666666666666,0.3
6795,5,0.2,0.3333333333333333,0.33916020527361607,0.2,0.2,0.4,0.25,0.33916020527361607,0.4,0.2
19615,1,0.0,0.0,0.0,0.0,0.0,0.0,0.0,0.0,0.0,0.0
29777,24,0.4,0.3333333333333333,0.31564845247951445,0.08333333333333333,0.4,0.3,0.36363636363636365,0.28323251649726616,0.125,0.3
19873,23,0.4,0.6,0.5531464700081437,0.08695652173913043,0.4,0.3,0.36363636363636365,0.4225749983705864,0.13043478260869565,0.3
5793,16,0.2,0.3333333333333333,0.33916020527361607,0.0625,0.2,0.1,0.18181818181818182,0.22009176629808014,0.0625,0.1
15371,2,0.0,0.0,0.0,0.0,0.0,0.0,0.0,0.0,0.0,0.0
28887,10,0.0,0.0,0.0,0.0,0.0,0.1,0.07272727272727274,0.07336392209936006,0.1,0.1
21223,1,0.0,0.0,0.0,0.0,0.0,0.0,0.0,0.0,0.0,0.0
30317,25,0.4,0.6,0.5531464700081437,0.08,0.4,0.3,0.4,0.4283854321084119,0.12,0.3
24373,10,0.4,0.4666666666666666,0.48522855511632257,0.2,0.4,0.2,0.3090909090909091,0.31488013066763093,0.2,0.2
30852,18,0.2,0.13333333333333333,0.14606834984270645,0.05555555555555555,0.2,0.2,0.2,0.16815228646891084,0.1111111111111111,0.2
22911,17,0.2,0.26666666666666666,0.2139862647345275,0.058823529411764705,0.2,0.2,0.21818181818181823,0.20829366581033176,0.11764705882352941,0.2
19519,5,0.0,0.0,0.0,0.0,0.0,0.2,0.0,0.0,0.2,0.1
11100,12,0.6,0.5333333333333333,0.6164336326286642,0.25,0.6,0.3,0.41818181818181815,0.4000232483092519,0.25,0.3
30156,4,0.0,0.0,0.0,0.0,0.0,0.0,0.0,0.0,0.0,0.0
14856,17,0.4,0.3333333333333333,0.31564845247951445,0.11764705882352941,0.4,0.2,0.2727272727272727,0.20483424751859083,0.11764705882352941,0.2
27457,9,0.2,0.3333333333333333,0.33916020527361607,0.1111111111111111,0.2,0.1111111111111111,0.18518518518518517,0.23504554941448538,0.1111111111111111,0.1
24099,1,0.0,0.0,0.0,0.0,0.0,0.0,0.0,0.0,0.0,0.0
11508,12,0.2,0.3333333333333333,0.33916020527361607,0.08333333333333333,0.2,0.2,0.21818181818181817,0.28634598975246917,0.16666666666666666,0.2
12795,18,0.4,0.6,0.5531464700081437,0.1111111111111111,0.4,0.2,0.34545454545454546,0.3589542101716347,0.1111111111111111,0.2
14401,2,0.0,0.0,0.0,0.0,0.0,0.0,0.0,0.0,0.0,0.0
11725,4,0.0,0.0,0.0,0.0,0.0,0.0,0.0,0.0,0.0,0.0
28020,25,0.2,0.3333333333333333,0.33916020527361607,0.04,0.2,0.1,0.18181818181818182,0.22009176629808014,0.04,0.1
18514,2,0.5,0.5555555555555556,0.6131471927654584,0.5,0.2,0.5,0.5263157894736842,0.6131471927654584,0.5,0.1
9538,12,0.0,0.0,0.0,0.0,0.0,0.0,0.0,0.0,0.0,0.0
14236,1,1.0,1.0,1.0,1.0,0.2,1.0,1.0,1.0,1.0,0.1
25748,7,0.2,0.3333333333333333,0.33916020527361607,0.14285714285714285,0.2,0.14285714285714285,0.2040816326530612,0.27487633291429087,0.14285714285714285,0.1
18970,11,0.4,0.4666666666666666,0.48522855511632257,0.18181818181818182,0.4,0.2,0.3090909090909091,0.31488013066763093,0.18181818181818182,0.2
9202,4,0.25,0.28571428571428575,0.2463023887407299,0.25,0.2,0.25,0.2647058823529412,0.2463023887407299,0.25,0.1
25574,11,0.0,0.0,0.0,0.0,0.0,0.0,0.0,0.0,0.0,0.0
15973,3,0.3333333333333333,0.33333333333333337,0.29608191096586517,0.3333333333333333,0.2,0.6666666666666666,0.3333333333333333,0.29608191096586517,0.6666666666666666,0.2
26283,16,0.2,0.19999999999999998,0.16958010263680803,0.0625,0.2,0.2,0.23636363636363636,0.1884441521277154,0.125,0.2
1318,22,0.4,0.4666666666666666,0.48522855511632257,0.09090909090909091,0.4,0.3,0.38181818181818183,0.38824405276699103,0.13636363636363635,0.3
15138,2,0.0,0.0,0.0,0.0,0.0,0.0,0.0,0.0,0.0,0.0
8151,37,0.8,0.8666666666666666,0.8539316501572936,0.10810810810810811,0.8,0.4,0.6000000000000001,0.5541432109622958,0.10810810810810811,0.4
17026,7,0.6,0.6666666666666666,0.6843515475204854,0.42857142857142855,0.6,0.42857142857142855,0.5102040816326531,0.5546406709327601,0.42857142857142855,0.3
9820,10,0.0,0.0,0.0,0.0,0.0,0.0,0.0,0.0,0.0,0.0
4147,7,0.2,0.13333333333333333,0.14606834984270645,0.14285714285714285,0.2,0.14285714285714285,0.14285714285714285,0.11838279295536291,0.14285714285714285,0.1
22488,6,0.0,0.0,0.0,0.0,0.0,0.16666666666666666,0.0,0.0,0.16666666666666666,0.1
29999,60,0.6,0.7333333333333334,0.6992148198508501,0.05,0.6,0.4,0.509090909090909,0.5199967979955745,0.06666666666666667,0.4
3106,13,0.4,0.39999999999999997,0.4703652827859578,0.15384615384615385,0.4,0.3,0.36363636363636365,0.37859880603906115,0.23076923076923078,0.3
29762,27,0.6,0.5333333333333333,0.5147714448836773,0.1111111111111111,0.6,0.4,0.43636363636363645,0.3976722328631673,0.14814814814814814,0.4
13625,23,0.2,0.19999999999999998,0.16958010263680803,0.043478260869565216,0.2,0.2,0.2,0.17947710508581735,0.08695652173913043,0.2
28295,15,0.4,0.19999999999999998,0.2772734273550482,0.13333333333333333,0.4,0.2,0.23636363636363633,0.17993148201117173,0.13333333333333333,0.2
7956,1,1.0,1.0,1.0,1.0,0.2,1.0,1.0,1.0,1.0,0.1
11728,13,0.0,0.0,0.0,0.0,0.0,0.0,0.0,0.0,0.0,0.0
24309,32,0.6,0.5333333333333333,0.6164336326286642,0.09375,0.6,0.4,0.509090909090909,0.4784215172879272,0.125,0.4
28041,7,0.0,0.0,0.0,0.0,0.0,0.14285714285714285,0.0,0.0,0.14285714285714285,0.1
12238,8,0.4,0.3333333333333333,0.31564845247951445,0.25,0.4,0.375,0.3846153846153846,0.32550785265395216,0.375,0.3
23480,13,0.4,0.3333333333333333,0.34519134224686926,0.15384615384615385,0.4,0.2,0.2727272727272727,0.22400556151517548,0.15384615384615385,0.2
23444,8,0.2,0.3333333333333333,0.33916020527361607,0.125,0.2,0.125,0.1923076923076923,0.2529427027676571,0.125,0.1
4714,22,0.0,0.0,0.0,0.0,0.0,0.0,0.0,0.0,0.0,0.0
16284,47,0.4,0.5333333333333333,0.5087403079104241,0.0425531914893617,0.4,0.2,0.32727272727272727,0.3301376494471202,0.0425531914893617,0.2
7568,6,0.0,0.0,0.0,0.0,0.0,0.0,0.0,0.0,0.0,0.0
8864,5,0.4,0.4666666666666666,0.38356636737133554,0.4,0.4,0.4,0.42500000000000004,0.38356636737133554,0.4,0.2
17331,18,0.0,0.0,0.0,0.0,0.0,0.1,0.07272727272727274,0.07336392209936006,0.05555555555555555,0.1
24311,26,0.2,0.26666666666666666,0.2139862647345275,0.038461538461538464,0.2,0.1,0.16363636363636364,0.1388624438735545,0.038461538461538464,0.1
6947,10,0.6,0.7333333333333334,0.6992148198508501,0.3,0.6,0.4,0.509090909090909,0.5199967979955745,0.4,0.4
5521,4,0.25,0.35714285714285715,0.39038004999210163,0.25,0.2,0.25,0.2941176470588235,0.39038004999210163,0.25,0.1
20615,39,0.8,0.8666666666666666,0.8539316501572936,0.10256410256410256,0.8,0.6,0.7272727272727273,0.6969383549984332,0.15384615384615385,0.6
30049,12,0.0,0.0,0.0,0.0,0.0,0.2,0.09090909090909091,0.13698471029831175,0.16666666666666666,0.2
23993,10,0.2,0.19999999999999998,0.16958010263680803,0.1,0.2,0.1,0.14545454545454548,0.11004588314904007,0.1,0.1
1378,6,0.0,0.0,0.0,0.0,0.0,0.0,0.0,0.0,0.0,0.0
9483,10,0.0,0.0,0.0,0.0,0.0,0.3,0.21818181818181823,0.22119341301481263,0.3,0.3
7307,25,0.6,0.5333333333333333,0.6164336326286642,0.12,0.6,0.4,0.43636363636363634,0.46364403650820357,0.16,0.4
14886,2,1.0,0.4444444444444445,0.3868528072345415,1.0,0.4,1.0,0.4736842105263158,0.3868528072345415,1.0,0.2
5013,24,0.4,0.3333333333333333,0.34519134224686926,0.08333333333333333,0.4,0.2,0.2727272727272727,0.22400556151517548,0.08333333333333333,0.2
7963,13,0.2,0.13333333333333333,0.14606834984270645,0.07692307692307693,0.2,0.1,0.12727272727272726,0.09478836436955078,0.07692307692307693,0.1
5812,6,0.2,0.26666666666666666,0.2139862647345275,0.16666666666666666,0.2,0.16666666666666666,0.2,0.1909208661789346,0.16666666666666666,0.1
12271,60,0.6,0.7999999999999999,0.7227265726449518,0.05,0.6,0.6,0.6363636363636365,0.6772733739526909,0.1,0.6
27387,3,0.0,0.0,0.0,0.0,0.0,0.3333333333333333,0.0,0.0,0.3333333333333333,0.1
7651,5,0.0,0.0,0.0,0.0,0.0,0.0,0.0,0.0,0.0,0.0
6867,27,0.2,0.19999999999999998,0.16958010263680803,0.037037037037037035,0.2,0.2,0.2,0.17947710508581735,0.07407407407407407,0.2
22540,3,0.0,0.0,0.0,0.0,0.0,0.0,0.0,0.0,0.0,0.0
1606,5,0.0,0.0,0.0,0.0,0.0,0.0,0.0,0.0,0.0,0.0
874,7,0.2,0.06666666666666665,0.13120507751234176,0.14285714285714285,0.2,0.2857142857142857,0.2040816326530612,0.19796212533499344,0.2857142857142857,0.2
23933,4,0.0,0.0,0.0,0.0,0.0,0.0,0.0,0.0,0.0,0.0
15386,25,0.0,0.0,0.0,0.0,0.0,0.1,0.036363636363636355,0.06625422345438903,0.04,0.1
21189,4,0.25,0.28571428571428575,0.2463023887407299,0.25,0.2,0.25,0.2647058823529412,0.2463023887407299,0.25,0.1
9365,3,0.0,0.0,0.0,0.0,0.0,0.0,0.0,0.0,0.0,0.0
11039,20,0.2,0.06666666666666665,0.13120507751234176,0.05,0.2,0.3,0.21818181818181823,0.227162174819248,0.15,0.3
14940,47,0.6,0.7333333333333334,0.6992148198508501,0.06382978723404255,0.6,0.6,0.6727272727272726,0.6717589890736099,0.1276595744680851,0.6
11945,22,0.4,0.4666666666666666,0.48522855511632257,0.09090909090909091,0.4,0.2,0.3090909090909091,0.31488013066763093,0.09090909090909091,0.2
14001,3,0.3333333333333333,0.25,0.23463936301137822,0.3333333333333333,0.2,0.3333333333333333,0.2962962962962963,0.23463936301137822,0.3333333333333333,0.1
5080,9,0.4,0.6,0.5531464700081437,0.2222222222222222,0.4,0.2222222222222222,0.3518518518518518,0.38334277998463445,0.2222222222222222,0.2
30480,3,0.0,0.0,0.0,0.0,0.0,0.0,0.0,0.0,0.0,0.0
20267,22,0.4,0.5333333333333333,0.5087403079104241,0.09090909090909091,0.4,0.3,0.38181818181818183,0.3995688713838974,0.13636363636363635,0.3
25958,12,0.0,0.0,0.0,0.0,0.0,0.1,0.07272727272727274,0.07336392209936006,0.08333333333333333,0.1
28826,32,0.2,0.3333333333333333,0.33916020527361607,0.03125,0.2,0.3,0.3090909090909091,0.36288691033421744,0.09375,0.3
25605,29,0.4,0.3333333333333333,0.31564845247951445,0.06896551724137931,0.4,0.2,0.2727272727272727,0.20483424751859083,0.06896551724137931,0.2
7638,15,0.6,0.6,0.6399453854227659,0.2,0.6,0.3,0.43636363636363634,0.4152807670887412,0.2,0.3
11557,2,0.0,0.0,0.0,0.0,0.0,0.0,0.0,0.0,0.0,0.0
12972,10,0.2,0.3333333333333333,0.33916020527361607,0.1,0.2,0.2,0.2727272727272727,0.2984900352767555,0.2,0.2
12068,45,0.2,0.26666666666666666,0.2139862647345275,0.022222222222222223,0.2,0.1,0.16363636363636364,0.1388624438735545,0.022222222222222223,0.1
18639,3,0.0,0.0,0.0,0.0,0.0,0.0,0.0,0.0,0.0,0.0
19805,27,0.8,0.7333333333333334,0.7860137352654724,0.14814814814814814,0.8,0.5,0.5818181818181819,0.5736899196572437,0.18518518518518517,0.5
7332,19,0.0,0.0,0.0,0.0,0.0,0.0,0.0,0.0,0.0,0.0
18505,2,0.5,0.5555555555555556,0.6131471927654584,0.5,0.2,0.5,0.5263157894736842,0.6131471927654584,0.5,0.1
25977,16,0.2,0.3333333333333333,0.33916020527361607,0.0625,0.2,0.3,0.2545454545454545,0.35314377643380906,0.1875,0.3
467,28,0.6,0.46666666666666673,0.4912596920895757,0.10714285714285714,0.6,0.4,0.43636363636363645,0.3850481493391153,0.14285714285714285,0.4
15067,1,1.0,1.0,1.0,1.0,0.2,1.0,1.0,1.0,1.0,0.1
23753,26,0.6,0.5333333333333333,0.6164336326286642,0.11538461538461539,0.6,0.3,0.41818181818181815,0.4000232483092519,0.11538461538461539,0.3
11555,3,0.3333333333333333,0.4166666666666667,0.46927872602275644,0.3333333333333333,0.2,0.3333333333333333,0.37037037037037035,0.46927872602275644,0.3333333333333333,0.1
26040,21,0.0,0.0,0.0,0.0,0.0,0.3,0.12727272727272726,0.2032389337527008,0.14285714285714285,0.3
5074,4,0.0,0.0,0.0,0.0,0.0,0.5,0.0,0.0,0.5,0.2
11716,5,0.2,0.13333333333333333,0.14606834984270645,0.2,0.2,0.2,0.175,0.14606834984270645,0.2,0.1
20215,13,0.2,0.26666666666666666,0.2139862647345275,0.07692307692307693,0.2,0.1,0.16363636363636364,0.1388624438735545,0.07692307692307693,0.1
25054,1,0.0,0.0,0.0,0.0,0.0,0.0,0.0,0.0,0.0,0.0
12371,4,0.0,0.0,0.0,0.0,0.0,0.25,0.0,0.0,0.25,0.1
13663,5,0.2,0.3333333333333333,0.33916020527361607,0.2,0.2,0.2,0.25,0.33916020527361607,0.2,0.1
19568,11,0.0,0.0,0.0,0.0,0.0,0.0,0.0,0.0,0.0,0.0
22314,1,0.0,0.0,0.0,0.0,0.0,0.0,0.0,0.0,0.0,0.0
29747,31,0.4,0.3333333333333333,0.34519134224686926,0.06451612903225806,0.4,0.2,0.2727272727272727,0.22400556151517548,0.06451612903225806,0.2
16220,5,0.2,0.3333333333333333,0.33916020527361607,0.2,0.2,0.2,0.25,0.33916020527361607,0.2,0.1
10449,9,0.2,0.26666666666666666,0.2139862647345275,0.1111111111111111,0.2,0.1111111111111111,0.16666666666666666,0.14829723057014907,0.1111111111111111,0.1
3941,15,0.4,0.6,0.5531464700081437,0.13333333333333333,0.4,0.2,0.34545454545454546,0.3589542101716347,0.13333333333333333,0.2
29220,11,0.2,0.3333333333333333,0.33916020527361607,0.09090909090909091,0.2,0.1,0.18181818181818182,0.22009176629808014,0.09090909090909091,0.1
16565,9,0.2,0.13333333333333333,0.14606834984270645,0.1111111111111111,0.2,0.1111111111111111,0.12962962962962962,0.10122860821230019,0.1111111111111111,0.1
26287,2,0.0,0.0,0.0,0.0,0.0,0.0,0.0,0.0,0.0,0.0
24109,32,0.4,0.5333333333333333,0.5087403079104241,0.0625,0.4,0.5,0.49090909090909096,0.5391870169376466,0.15625,0.5
14342,17,0.4,0.3333333333333333,0.31564845247951445,0.11764705882352941,0.4,0.4,0.34545454545454546,0.33788625765431973,0.23529411764705882,0.4
26355,13,0.2,0.3333333333333333,0.33916020527361607,0.07692307692307693,0.2,0.1,0.18181818181818182,0.22009176629808014,0.07692307692307693,0.1
8273,11,0.0,0.0,0.0,0.0,0.0,0.1,0.09090909090909091,0.07839826897867533,0.09090909090909091,0.1
1735,12,0.0,0.0,0.0,0.0,0.0,0.1,0.018181818181818177,0.0636207881989517,0.08333333333333333,0.1
26354,39,0.4,0.3333333333333333,0.31564845247951445,0.05128205128205128,0.4,0.5,0.38181818181818183,0.4041404811087088,0.1282051282051282,0.5
22530,3,0.3333333333333333,0.4166666666666667,0.46927872602275644,0.3333333333333333,0.2,0.6666666666666666,0.37037037037037035,0.46927872602275644,0.6666666666666666,0.2
3057,2,0.5,0.0,0.0,0.5,0.2,0.5,0.0,0.0,0.5,0.1
22186,1,1.0,0.0,0.0,1.0,0.2,1.0,0.0,0.0,1.0,0.1
23478,2,0.0,0.0,0.0,0.0,0.0,0.0,0.0,0.0,0.0,0.0
4841,37,0.8,0.9333333333333332,0.8687949224876582,0.10810810810810811,0.8,0.8,0.8,0.8364586133797037,0.21621621621621623,0.8
29419,17,0.0,0.0,0.0,0.0,0.0,0.0,0.0,0.0,0.0,0.0
7513,22,0.6,0.6666666666666666,0.6548086577531306,0.13636363636363635,0.6,0.6,0.6000000000000001,0.6313419460517601,0.2727272727272727,0.6
7926,5,0.6,0.46666666666666673,0.4912596920895757,0.6,0.6,0.6,0.55,0.4912596920895757,0.6,0.3
10234,6,0.2,0.26666666666666666,0.2139862647345275,0.16666666666666666,0.2,0.16666666666666666,0.2,0.1909208661789346,0.16666666666666666,0.1
7735,5,0.0,0.0,0.0,0.0,0.0,0.2,0.0,0.0,0.2,0.1
10953,3,0.0,0.0,0.0,0.0,0.0,0.0,0.0,0.0,0.0,0.0
547,40,0.0,0.0,0.0,0.0,0.0,0.0,0.0,0.0,0.0,0.0
11544,4,0.25,0.28571428571428575,0.2463023887407299,0.25,0.2,0.25,0.2647058823529412,0.2463023887407299,0.25,0.1
22329,5,0.6,0.46666666666666673,0.4912596920895757,0.6,0.6,0.6,0.55,0.4912596920895757,0.6,0.3
11888,15,0.2,0.06666666666666665,0.13120507751234176,0.06666666666666667,0.2,0.1,0.10909090909090909,0.08514311764162097,0.06666666666666667,0.1
20061,11,0.0,0.0,0.0,0.0,0.0,0.0,0.0,0.0,0.0,0.0
11086,17,0.0,0.0,0.0,0.0,0.0,0.0,0.0,0.0,0.0,0.0
29306,1,1.0,1.0,1.0,1.0,0.2,1.0,1.0,1.0,1.0,0.1
385,14,0.4,0.3333333333333333,0.31564845247951445,0.14285714285714285,0.4,0.2,0.2727272727272727,0.20483424751859083,0.14285714285714285,0.2
14531,34,0.2,0.3333333333333333,0.33916020527361607,0.029411764705882353,0.2,0.1,0.18181818181818182,0.22009176629808014,0.029411764705882353,0.1
2185,6,0.4,0.4666666666666666,0.48522855511632257,0.3333333333333333,0.4,0.3333333333333333,0.37777777777777777,0.4329261794091841,0.3333333333333333,0.2
7242,7,0.2,0.26666666666666666,0.2139862647345275,0.14285714285714285,0.2,0.2857142857142857,0.18367346938775508,0.17342765698823942,0.2857142857142857,0.2
15556,29,0.0,0.0,0.0,0.0,0.0,0.0,0.0,0.0,0.0,0.0
1352,13,0.0,0.0,0.0,0.0,0.0,0.0,0.0,0.0,0.0,0.0
5622,34,0.2,0.06666666666666665,0.13120507751234176,0.029411764705882353,0.2,0.4,0.29090909090909095,0.30052609691860804,0.11764705882352941,0.4
11840,9,0.0,0.0,0.0,0.0,0.0,0.0,0.0,0.0,0.0,0.0
2488,4,0.0,0.0,0.0,0.0,0.0,0.0,0.0,0.0,0.0,0.0
13415,39,0.6,0.7333333333333334,0.6992148198508501,0.07692307692307693,0.6,0.4,0.5454545454545454,0.5271064966405455,0.10256410256410256,0.4
28098,11,0.2,0.26666666666666666,0.2139862647345275,0.09090909090909091,0.2,0.1,0.16363636363636364,0.1388624438735545,0.09090909090909091,0.1
22826,17,0.2,0.3333333333333333,0.33916020527361607,0.058823529411764705,0.2,0.1,0.18181818181818182,0.22009176629808014,0.058823529411764705,0.1
22664,20,0.4,0.6,0.5531464700081437,0.1,0.4,0.2,0.34545454545454546,0.3589542101716347,0.1,0.2
20229,7,0.2,0.26666666666666666,0.2139862647345275,0.14285714285714285,0.2,0.42857142857142855,0.36734693877551017,0.36296602664297084,0.42857142857142855,0.3
6756,7,0.0,0.0,0.0,0.0,0.0,0.14285714285714285,0.0,0.0,0.14285714285714285,0.1
26485,14,0.6,0.7333333333333334,0.6992148198508501,0.21428571428571427,0.6,0.4,0.5636363636363636,0.5321408435198608,0.2857142857142857,0.4
28941,15,0.2,0.3333333333333333,0.33916020527361607,0.06666666666666667,0.2,0.1,0.18181818181818182,0.22009176629808014,0.06666666666666667,0.1
23959,6,0.2,0.26666666666666666,0.2139862647345275,0.16666666666666666,0.2,0.16666666666666666,0.2,0.1909208661789346,0.16666666666666666,0.1
8063,19,0.4,0.3333333333333333,0.34519134224686926,0.10526315789473684,0.4,0.3,0.34545454545454546,0.2973694836145355,0.15789473684210525,0.3
4249,3,0.0,0.0,0.0,0.0,0.0,0.0,0.0,0.0,0.0,0.0
12668,2,0.0,0.0,0.0,0.0,0.0,0.0,0.0,0.0,0.0,0.0
27318,1,1.0,1.0,1.0,1.0,0.2,1.0,1.0,1.0,1.0,0.1
6159,1,0.0,0.0,0.0,0.0,0.0,0.0,0.0,0.0,0.0,0.0
22926,5,0.2,0.19999999999999998,0.16958010263680803,0.2,0.2,0.4,0.2,0.16958010263680803,0.4,0.2
9177,3,0.3333333333333333,0.33333333333333337,0.29608191096586517,0.3333333333333333,0.2,0.6666666666666666,0.3333333333333333,0.29608191096586517,0.6666666666666666,0.2
30571,2,0.5,0.0,0.0,0.5,0.2,0.5,0.0,0.0,0.5,0.1
13999,14,0.4,0.5333333333333333,0.5087403079104241,0.14285714285714285,0.4,0.3,0.38181818181818183,0.3995688713838974,0.21428571428571427,0.3
18779,15,0.6,0.6,0.6399453854227659,0.2,0.6,0.4,0.509090909090909,0.4886446891881013,0.26666666666666666,0.4
17089,18,0.8,0.9333333333333332,0.8687949224876582,0.2222222222222222,0.8,0.5,0.7090909090909091,0.6421867266689009,0.2777777777777778,0.5
12945,2,0.0,0.0,0.0,0.0,0.0,0.0,0.0,0.0,0.0,0.0
21620,1,0.0,0.0,0.0,0.0,0.0,0.0,0.0,0.0,0.0,0.0
2966,21,0.0,0.0,0.0,0.0,0.0,0.0,0.0,0.0,0.0,0.0
7336,21,0.6,0.46666666666666673,0.4912596920895757,0.14285714285714285,0.6,0.5,0.4727272727272727,0.4518459360204552,0.23809523809523808,0.5
13807,14,0.4,0.26666666666666666,0.3007851801491498,0.14285714285714285,0.4,0.2,0.2545454545454545,0.19518900079066104,0.14285714285714285,0.2
14912,4,0.0,0.0,0.0,0.0,0.0,0.25,0.0,0.0,0.25,0.1
30374,3,0.3333333333333333,0.33333333333333337,0.29608191096586517,0.3333333333333333,0.2,0.3333333333333333,0.3333333333333333,0.29608191096586517,0.3333333333333333,0.1
822,11,0.6,0.7999999999999999,0.7227265726449518,0.2727272727272727,0.6,0.3,0.49090909090909096,0.46900009332067477,0.2727272727272727,0.3
3069,7,0.2,0.26666666666666666,0.2139862647345275,0.14285714285714285,0.2,0.14285714285714285,0.18367346938775508,0.17342765698823942,0.14285714285714285,0.1
5574,30,0.2,0.3333333333333333,0.33916020527361607,0.03333333333333333,0.2,0.3,0.29090909090909095,0.3621108234757072,0.1,0.3
4350,6,0.0,0.0,0.0,0.0,0.0,0.0,0.0,0.0,0.0,0.0
5432,41,0.6,0.7999999999999999,0.7227265726449518,0.07317073170731707,0.6,0.4,0.5636363636363636,0.5423640154200349,0.0975609756097561,0.4
13963,2,0.0,0.0,0.0,0.0,0.0,0.0,0.0,0.0,0.0,0.0
15101,10,0.2,0.3333333333333333,0.33916020527361607,0.1,0.2,0.4,0.3818181818181818,0.43810818083050457,0.4,0.4
2321,11,0.2,0.3333333333333333,0.33916020527361607,0.09090909090909091,0.2,0.1,0.18181818181818182,0.22009176629808014,0.09090909090909091,0.1
21946,44,0.6,0.7999999999999999,0.7227265726449518,0.06818181818181818,0.6,0.4,0.5272727272727273,0.5352543167750639,0.09090909090909091,0.4
30844,11,0.4,0.6,0.5531464700081437,0.18181818181818182,0.4,0.2,0.34545454545454546,0.3589542101716347,0.18181818181818182,0.2
7501,7,0.0,0.0,0.0,0.0,0.0,0.0,0.0,0.0,0.0,0.0
14215,22,0.4,0.39999999999999997,0.4703652827859578,0.09090909090909091,0.4,0.5,0.49090909090909096,0.5232512984721255,0.22727272727272727,0.5
1737,49,0.6,0.39999999999999997,0.4468535299918562,0.061224489795918366,0.6,0.3,0.38181818181818183,0.28997736516021183,0.061224489795918366,0.3
779,8,0.0,0.0,0.0,0.0,0.0,0.0,0.0,0.0,0.0,0.0
9942,11,0.6,0.6666666666666666,0.6548086577531306,0.2727272727272727,0.6,0.6,0.6727272727272727,0.6461194268314836,0.5454545454545454,0.6
26799,34,0.4,0.6,0.5531464700081437,0.058823529411764705,0.4,0.3,0.4,0.4283854321084119,0.08823529411764706,0.3
13472,6,0.0,0.0,0.0,0.0,0.0,0.16666666666666666,0.1111111111111111,0.10778915452451095,0.16666666666666666,0.1
22896,5,0.2,0.3333333333333333,0.33916020527361607,0.2,0.2,0.2,0.25,0.33916020527361607,0.2,0.1
17387,12,0.2,0.3333333333333333,0.33916020527361607,0.08333333333333333,0.2,0.2,0.21818181818181817,0.28634598975246917,0.16666666666666666,0.2
21909,9,0.2,0.3333333333333333,0.33916020527361607,0.1111111111111111,0.2,0.2222222222222222,0.27777777777777773,0.3187704634136788,0.2222222222222222,0.2
12266,3,0.0,0.0,0.0,0.0,0.0,0.0,0.0,0.0,0.0,0.0
5949,5,0.0,0.0,0.0,0.0,0.0,0.2,0.0,0.0,0.2,0.1
23643,22,0.2,0.3333333333333333,0.33916020527361607,0.045454545454545456,0.2,0.2,0.21818181818181817,0.28634598975246917,0.09090909090909091,0.2
17883,6,0.2,0.3333333333333333,0.33916020527361607,0.16666666666666666,0.2,0.5,0.2222222222222222,0.30260241349881345,0.5,0.3
2073,9,0.4,0.19999999999999998,0.2772734273550482,0.2222222222222222,0.4,0.3333333333333333,0.2407407407407407,0.192156638831279,0.3333333333333333,0.3
27275,16,0.8,0.8666666666666666,0.8539316501572936,0.25,0.8,0.4,0.6000000000000001,0.5541432109622958,0.25,0.4
2553,29,0.4,0.19999999999999998,0.2772734273550482,0.06896551724137931,0.4,0.3,0.309090909090909,0.2532954041105318,0.10344827586206896,0.3
30477,11,0.2,0.3333333333333333,0.33916020527361607,0.09090909090909091,0.2,0.2,0.2727272727272727,0.2984900352767555,0.18181818181818182,0.2
1968,48,0.4,0.4666666666666666,0.38356636737133554,0.041666666666666664,0.4,0.3,0.34545454545454546,0.3151625504769836,0.0625,0.3
18843,100,0.2,0.3333333333333333,0.33916020527361607,0.01,0.2,0.6,0.45454545454545464,0.5711601909662335,0.06,0.6
197,18,0.2,0.26666666666666666,0.2139862647345275,0.05555555555555555,0.2,0.2,0.18181818181818182,0.2024832320725062,0.1111111111111111,0.2
10562,5,0.2,0.3333333333333333,0.33916020527361607,0.2,0.2,0.2,0.25,0.33916020527361607,0.2,0.1
14021,25,0.6,0.6666666666666666,0.6843515475204854,0.12,0.6,0.4,0.5454545454545454,0.522495596791931,0.16,0.4
555,4,0.25,0.0,0.0,0.25,0.2,0.25,0.0,0.0,0.25,0.1
30534,6,0.0,0.0,0.0,0.0,0.0,0.16666666666666666,0.0,0.0,0.16666666666666666,0.1
16718,5,0.2,0.26666666666666666,0.2139862647345275,0.2,0.2,0.2,0.225,0.2139862647345275,0.2,0.1
2191,22,0.2,0.3333333333333333,0.33916020527361607,0.045454545454545456,0.2,0.2,0.2727272727272727,0.2984900352767555,0.09090909090909091,0.2
12622,12,0.0,0.0,0.0,0.0,0.0,0.0,0.0,0.0,0.0,0.0
12773,16,0.0,0.0,0.0,0.0,0.0,0.1,0.05454545454545456,0.06943122193677725,0.0625,0.1
16686,11,0.2,0.13333333333333333,0.14606834984270645,0.09090909090909091,0.2,0.2,0.18181818181818182,0.16421958630632802,0.18181818181818182,0.2
15289,3,0.0,0.0,0.0,0.0,0.0,0.0,0.0,0.0,0.0,0.0
18751,2,0.5,0.5555555555555556,0.6131471927654584,0.5,0.2,0.5,0.5263157894736842,0.6131471927654584,0.5,0.1
7725,30,0.8,0.8666666666666666,0.8539316501572936,0.13333333333333333,0.8,0.5,0.6545454545454547,0.623574432899073,0.16666666666666666,0.5
12581,17,0.4,0.6,0.5531464700081437,0.11764705882352941,0.4,0.2,0.34545454545454546,0.3589542101716347,0.11764705882352941,0.2
12249,25,0.4,0.4666666666666666,0.48522855511632257,0.08,0.4,0.3,0.4,0.3932783996463063,0.12,0.3
3779,11,0.0,0.0,0.0,0.0,0.0,0.1,0.036363636363636355,0.06625422345438903,0.09090909090909091,0.1
21355,9,0.0,0.0,0.0,0.0,0.0,0.0,0.0,0.0,0.0,0.0
9472,8,0.2,0.06666666666666665,0.13120507751234176,0.125,0.2,0.125,0.11538461538461538,0.09785159463516041,0.125,0.1
17184,34,1.0,1.0,1.0,0.14705882352941177,1.0,0.6,0.7818181818181817,0.7183627972686238,0.17647058823529413,0.6
25153,1,0.0,0.0,0.0,0.0,0.0,0.0,0.0,0.0,0.0,0.0
22523,4,0.0,0.0,0.0,0.0,0.0,0.0,0.0,0.0,0.0,0.0
25619,25,0.4,0.6,0.5531464700081437,0.08,0.4,0.4,0.4181818181818182,0.49200622030736363,0.16,0.4
25926,12,0.4,0.6,0.5531464700081437,0.16666666666666666,0.4,0.3,0.43636363636363634,0.43735247915031,0.25,0.3
21371,5,0.0,0.0,0.0,0.0,0.0,0.2,0.0,0.0,0.2,0.1
30296,2,0.0,0.0,0.0,0.0,0.0,0.5,0.0,0.0,0.5,0.1
8804,3,0.0,0.0,0.0,0.0,0.0,0.0,0.0,0.0,0.0,0.0
7821,21,0.6,0.7999999999999999,0.7227265726449518,0.14285714285714285,0.6,0.5,0.6545454545454545,0.6207622843987102,0.23809523809523808,0.5
25848,2,0.0,0.0,0.0,0.0,0.0,0.0,0.0,0.0,0.0,0.0
17273,6,0.4,0.5333333333333333,0.5087403079104241,0.3333333333333333,0.4,0.3333333333333333,0.4,0.4539036202482201,0.3333333333333333,0.2
6755,12,0.0,0.0,0.0,0.0,0.0,0.0,0.0,0.0,0.0,0.0
4829,15,0.0,0.0,0.0,0.0,0.0,0.1,0.05454545454545456,0.06943122193677725,0.06666666666666667,0.1
12340,10,0.4,0.4666666666666666,0.48522855511632257,0.2,0.4,0.2,0.3090909090909091,0.31488013066763093,0.2,0.2
11424,2,0.0,0.0,0.0,0.0,0.0,0.0,0.0,0.0,0.0,0.0
19379,16,0.4,0.6,0.5531464700081437,0.125,0.4,0.5,0.4727272727272727,0.5621931439243355,0.3125,0.5
5431,14,0.2,0.3333333333333333,0.33916020527361607,0.07142857142857142,0.2,0.1,0.18181818181818182,0.22009176629808014,0.07142857142857142,0.1
5641,13,0.4,0.4000000000000001,0.3600546145772339,0.15384615384615385,0.4,0.2,0.29090909090909095,0.23365080824310527,0.15384615384615385,0.2
14145,3,0.3333333333333333,0.0,0.0,0.3333333333333333,0.2,0.3333333333333333,0.0,0.0,0.3333333333333333,0.1
30669,2,0.5,0.5555555555555556,0.6131471927654584,0.5,0.2,0.5,0.5263157894736842,0.6131471927654584,0.5,0.1
28399,2,1.0,1.0,1.0,1.0,0.4,1.0,1.0,1.0,1.0,0.2
28694,4,0.25,0.28571428571428575,0.2463023887407299,0.25,0.2,0.5,0.2647058823529412,0.2463023887407299,0.5,0.2
886,21,0.4,0.4666666666666666,0.48522855511632257,0.09523809523809523,0.4,0.2,0.3090909090909091,0.31488013066763093,0.09523809523809523,0.2
24330,24,0.4,0.6,0.5531464700081437,0.08333333333333333,0.4,0.3,0.43636363636363634,0.43735247915031,0.125,0.3
14127,6,0.0,0.0,0.0,0.0,0.0,0.0,0.0,0.0,0.0,0.0
5715,2,0.0,0.0,0.0,0.0,0.0,0.5,0.0,0.0,0.5,0.1
29322,11,0.0,0.0,0.0,0.0,0.0,0.1,0.018181818181818177,0.0636207881989517,0.09090909090909091,0.1
15791,14,0.4,0.39999999999999997,0.4703652827859578,0.14285714285714285,0.4,0.3,0.36363636363636365,0.37859880603906115,0.21428571428571427,0.3
11114,4,0.0,0.0,0.0,0.0,0.0,0.25,0.0,0.0,0.25,0.1
251,3,0.6666666666666666,0.75,0.7653606369886217,0.6666666666666666,0.4,0.6666666666666666,0.7037037037037036,0.7653606369886217,0.6666666666666666,0.2
17385,2,0.0,0.0,0.0,0.0,0.0,0.5,0.0,0.0,0.5,0.1
25685,1,1.0,0.0,0.0,1.0,0.2,1.0,0.0,0.0,1.0,0.1
22816,27,0.0,0.0,0.0,0.0,0.0,0.0,0.0,0.0,0.0,0.0
5547,6,0.0,0.0,0.0,0.0,0.0,0.0,0.0,0.0,0.0,0.0
26489,34,0.8,0.8000000000000002,0.8304198973631919,0.11764705882352941,0.8,0.6,0.6909090909090909,0.6785038377365556,0.17647058823529413,0.6
12840,23,0.8,0.8000000000000002,0.8304198973631919,0.17391304347826086,0.8,0.5,0.618181818181818,0.6051399156371955,0.21739130434782608,0.5
10074,35,0.4,0.26666666666666666,0.3007851801491498,0.05714285714285714,0.4,0.3,0.34545454545454546,0.2735872697693364,0.08571428571428572,0.3
6018,15,0.6,0.6666666666666666,0.6548086577531306,0.2,0.6,0.3,0.45454545454545453,0.424926013816671,0.2,0.3
28867,33,0.6,0.6666666666666666,0.6843515475204854,0.09090909090909091,0.6,0.5,0.5818181818181819,0.586892471849393,0.15151515151515152,0.5
13218,5,0.2,0.26666666666666666,0.2139862647345275,0.2,0.2,0.2,0.225,0.2139862647345275,0.2,0.1
10022,5,0.2,0.13333333333333333,0.14606834984270645,0.2,0.2,0.2,0.175,0.14606834984270645,0.2,0.1
21637,14,0.4,0.5333333333333333,0.5087403079104241,0.14285714285714285,0.4,0.3,0.41818181818181815,0.4085359184257955,0.21428571428571427,0.3
9161,1,0.0,0.0,0.0,0.0,0.0,0.0,0.0,0.0,0.0,0.0
18937,24,0.4,0.4666666666666666,0.48522855511632257,0.08333333333333333,0.4,0.2,0.3090909090909091,0.31488013066763093,0.08333333333333333,0.2
4652,26,0.2,0.19999999999999998,0.16958010263680803,0.038461538461538464,0.2,0.3,0.21818181818181823,0.24309789328476902,0.11538461538461539,0.3
6133,40,0.8,0.9333333333333332,0.8687949224876582,0.1,0.8,0.5,0.6545454545454547,0.6300426811446146,0.125,0.5
14562,14,0.0,0.0,0.0,0.0,0.0,0.0,0.0,0.0,0.0,0.0
7394,19,0.2,0.13333333333333333,0.14606834984270645,0.05263157894736842,0.2,0.1,0.12727272727272726,0.09478836436955078,0.05263157894736842,0.1
12503,37,0.4,0.39999999999999997,0.4703652827859578,0.05405405405405406,0.4,0.3,0.38181818181818183,0.3836331529183764,0.08108108108108109,0.3
11649,4,0.0,0.0,0.0,0.0,0.0,0.25,0.0,0.0,0.25,0.1
5425,3,0.0,0.0,0.0,0.0,0.0,0.0,0.0,0.0,0.0,0.0
3469,4,0.25,0.0,0.0,0.25,0.2,0.25,0.0,0.0,0.25,0.1
29694,40,0.6,0.7999999999999999,0.7227265726449518,0.075,0.6,0.5,0.6181818181818183,0.6136525857537392,0.125,0.5
26850,11,0.2,0.3333333333333333,0.33916020527361607,0.09090909090909091,0.2,0.1,0.18181818181818182,0.22009176629808014,0.09090909090909091,0.1
9733,1,1.0,1.0,1.0,1.0,0.2,1.0,1.0,1.0,1.0,0.1
13724,9,0.0,0.0,0.0,0.0,0.0,0.0,0.0,0.0,0.0,0.0
19203,3,0.3333333333333333,0.4166666666666667,0.46927872602275644,0.3333333333333333,0.2,0.6666666666666666,0.37037037037037035,0.46927872602275644,0.6666666666666666,0.2
6419,18,0.2,0.26666666666666666,0.2139862647345275,0.05555555555555555,0.2,0.1,0.16363636363636364,0.1388624438735545,0.05555555555555555,0.1
26388,2,0.0,0.0,0.0,0.0,0.0,0.0,0.0,0.0,0.0,0.0
18098,5,0.2,0.3333333333333333,0.33916020527361607,0.2,0.2,0.2,0.25,0.33916020527361607,0.2,0.1
17396,3,0.0,0.0,0.0,0.0,0.0,0.3333333333333333,0.0,0.0,0.3333333333333333,0.1
21768,12,0.6,0.6666666666666666,0.6843515475204854,0.25,0.6,0.3,0.45454545454545453,0.44409732781325567,0.25,0.3
28802,33,0.6,0.6666666666666666,0.6548086577531306,0.09090909090909091,0.6,0.5,0.5636363636363636,0.5669450709942979,0.15151515151515152,0.5
10307,2,0.0,0.0,0.0,0.0,0.0,0.5,0.0,0.0,0.5,0.1
4312,10,0.4,0.3333333333333333,0.31564845247951445,0.2,0.4,0.3,0.3090909090909091,0.27108847097297983,0.3,0.3
21489,4,0.25,0.28571428571428575,0.2463023887407299,0.25,0.2,0.5,0.2647058823529412,0.2463023887407299,0.5,0.2
25801,3,0.3333333333333333,0.4166666666666667,0.46927872602275644,0.3333333333333333,0.2,0.3333333333333333,0.37037037037037035,0.46927872602275644,0.3333333333333333,0.1
16999,50,0.6,0.7999999999999999,0.7227265726449518,0.06,0.6,0.5,0.5454545454545455,0.5988751049740155,0.1,0.5
16702,12,0.2,0.3333333333333333,0.33916020527361607,0.08333333333333333,0.2,0.1,0.18181818181818182,0.22009176629808014,0.08333333333333333,0.1
8348,23,0.6,0.7999999999999999,0.7227265726449518,0.13043478260869565,0.6,0.3,0.49090909090909096,0.46900009332067477,0.13043478260869565,0.3
12445,2,0.5,0.5555555555555556,0.6131471927654584,0.5,0.2,0.5,0.5263157894736842,0.6131471927654584,0.5,0.1
1052,37,0.8,0.7333333333333334,0.7860137352654724,0.10810810810810811,0.8,0.5,0.6181818181818183,0.5795003533950692,0.13513513513513514,0.5
25530,6,0.0,0.0,0.0,0.0,0.0,0.0,0.0,0.0,0.0,0.0
18808,1,0.0,0.0,0.0,0.0,0.0,0.0,0.0,0.0,0.0,0.0
23494,32,0.6,0.7999999999999999,0.7227265726449518,0.09375,0.6,0.4,0.5818181818181819,0.5473983622993501,0.125,0.4
11539,34,0.8,0.8000000000000002,0.8304198973631919,0.11764705882352941,0.8,0.4,0.5818181818181818,0.5388856921828065,0.11764705882352941,0.4
17471,27,0.4,0.6,0.5531464700081437,0.07407407407407407,0.4,0.3,0.36363636363636365,0.4225749983705864,0.1111111111111111,0.3
12532,1,0.0,0.0,0.0,0.0,0.0,0.0,0.0,0.0,0.0,0.0
25177,10,0.2,0.26666666666666666,0.2139862647345275,0.1,0.2,0.2,0.2545454545454545,0.21726071285222984,0.2,0.2
30068,8,0.2,0.3333333333333333,0.33916020527361607,0.125,0.2,0.125,0.1923076923076923,0.2529427027676571,0.125,0.1
18487,2,0.0,0.0,0.0,0.0,0.0,0.0,0.0,0.0,0.0,0.0
13005,7,0.0,0.0,0.0,0.0,0.0,0.14285714285714285,0.0,0.0,0.14285714285714285,0.1
19161,6,0.2,0.3333333333333333,0.33916020527361607,0.16666666666666666,0.2,0.16666666666666666,0.2222222222222222,0.30260241349881345,0.16666666666666666,0.1
17401,7,0.0,0.0,0.0,0.0,0.0,0.0,0.0,0.0,0.0,0.0
24985,20,0.4,0.19999999999999998,0.2772734273550482,0.1,0.4,0.2,0.23636363636363633,0.17993148201117173,0.1,0.2
17637,5,0.0,0.0,0.0,0.0,0.0,0.0,0.0,0.0,0.0,0.0
23315,8,0.0,0.0,0.0,0.0,0.0,0.125,0.07692307692307693,0.08431423425588572,0.125,0.1
15147,24,0.4,0.39999999999999997,0.4703652827859578,0.08333333333333333,0.4,0.3,0.36363636363636365,0.37859880603906115,0.125,0.3
4129,19,0.4,0.3333333333333333,0.34519134224686926,0.10526315789473684,0.4,0.2,0.2727272727272727,0.22400556151517548,0.10526315789473684,0.2
6383,30,0.4,0.3333333333333333,0.34519134224686926,0.06666666666666667,0.4,0.3,0.36363636363636365,0.30240383049385083,0.1,0.3
12703,2,0.5,0.5555555555555556,0.6131471927654584,0.5,0.2,0.5,0.5263157894736842,0.6131471927654584,0.5,0.1
19785,2,0.0,0.0,0.0,0.0,0.0,0.0,0.0,0.0,0.0,0.0
20692,4,0.25,0.14285714285714288,0.16812753627111746,0.25,0.2,0.5,0.20588235294117643,0.16812753627111746,0.5,0.2
2241,8,0.0,0.0,0.0,0.0,0.0,0.0,0.0,0.0,0.0,0.0
26053,22,0.6,0.6666666666666666,0.6548086577531306,0.13636363636363635,0.6,0.3,0.45454545454545453,0.424926013816671,0.13636363636363635,0.3
2884,3,0.0,0.0,0.0,0.0,0.0,0.0,0.0,0.0,0.0,0.0
2739,2,0.0,0.0,0.0,0.0,0.0,0.0,0.0,0.0,0.0,0.0
8365,21,0.8,0.7333333333333334,0.7860137352654724,0.19047619047619047,0.8,0.4,0.5636363636363636,0.510069131458292,0.19047619047619047,0.4
9768,28,0.4,0.4666666666666666,0.38356636737133554,0.07142857142857142,0.4,0.5,0.45454545454545464,0.45532425925768355,0.17857142857142858,0.5
28430,4,0.0,0.0,0.0,0.0,0.0,0.0,0.0,0.0,0.0,0.0
29757,8,0.0,0.0,0.0,0.0,0.0,0.0,0.0,0.0,0.0,0.0
30291,26,0.6,0.6666666666666666,0.6548086577531306,0.11538461538461539,0.6,0.4,0.4727272727272727,0.48854680201562267,0.15384615384615385,0.4
27664,11,0.6,0.6,0.529634717214042,0.2727272727272727,0.6,0.3,0.43636363636363645,0.34369669139214537,0.2727272727272727,0.3
9828,38,0.4,0.3333333333333333,0.34519134224686926,0.05263157894736842,0.4,0.4,0.4,0.3668007055513128,0.10526315789473684,0.4
23511,1,0.0,0.0,0.0,0.0,0.0,0.0,0.0,0.0,0.0,0.0
21086,3,0.0,0.0,0.0,0.0,0.0,0.0,0.0,0.0,0.0,0.0
20436,5,0.0,0.0,0.0,0.0,0.0,0.2,0.0,0.0,0.2,0.1
18817,58,0.6,0.6,0.6399453854227659,0.05172413793103448,0.6,0.4,0.509090909090909,0.4886446891881013,0.06896551724137931,0.4
23615,27,1.0,1.0,1.0,0.18518518518518517,1.0,0.6,0.7818181818181817,0.7183627972686238,0.2222222222222222,0.6
22836,5,0.0,0.0,0.0,0.0,0.0,0.2,0.0,0.0,0.2,0.1
2942,9,0.0,0.0,0.0,0.0,0.0,0.0,0.0,0.0,0.0,0.0
25411,4,0.25,0.28571428571428575,0.2463023887407299,0.25,0.2,0.25,0.2647058823529412,0.2463023887407299,0.25,0.1
307,5,0.2,0.26666666666666666,0.2139862647345275,0.2,0.2,0.2,0.225,0.2139862647345275,0.2,0.1
10679,13,0.0,0.0,0.0,0.0,0.0,0.0,0.0,0.0,0.0,0.0
17724,17,0.4,0.6,0.5531464700081437,0.11764705882352941,0.4,0.3,0.4,0.4283854321084119,0.17647058823529413,0.3
11528,22,0.0,0.0,0.0,0.0,0.0,0.0,0.0,0.0,0.0,0.0
17844,2,0.0,0.0,0.0,0.0,0.0,0.0,0.0,0.0,0.0,0.0
21902,11,0.0,0.0,0.0,0.0,0.0,0.1,0.09090909090909091,0.07839826897867533,0.09090909090909091,0.1
19713,2,0.0,0.0,0.0,0.0,0.0,0.0,0.0,0.0,0.0,0.0
18724,2,0.0,0.0,0.0,0.0,0.0,0.5,0.0,0.0,0.5,0.1
19170,3,0.0,0.0,0.0,0.0,0.0,0.0,0.0,0.0,0.0,0.0
15455,12,0.2,0.13333333333333333,0.14606834984270645,0.08333333333333333,0.2,0.1,0.12727272727272726,0.09478836436955078,0.08333333333333333,0.1
22032,1,1.0,0.0,0.0,1.0,0.2,1.0,0.0,0.0,1.0,0.1
11978,7,0.0,0.0,0.0,0.0,0.0,0.0,0.0,0.0,0.0,0.0
19773,15,0.0,0.0,0.0,0.0,0.0,0.0,0.0,0.0,0.0,0.0
5678,51,0.8,0.9333333333333332,0.8687949224876582,0.0784313725490196,0.8,0.6,0.781818181818182,0.7155506487682609,0.11764705882352941,0.6
13215,1,0.0,0.0,0.0,0.0,0.0,0.0,0.0,0.0,0.0,0.0
4697,48,0.4,0.6,0.5531464700081437,0.041666666666666664,0.4,0.3,0.3818181818181818,0.42520843362602373,0.0625,0.3
14800,27,0.0,0.0,0.0,0.0,0.0,0.2,0.10909090909090909,0.13961814555374907,0.07407407407407407,0.2
9658,28,0.6,0.6666666666666666,0.6548086577531306,0.10714285714285714,0.6,0.4,0.5454545454545454,0.5033242827953462,0.14285714285714285,0.4
2946,43,0.4,0.39999999999999997,0.4703652827859578,0.046511627906976744,0.4,0.6,0.4727272727272727,0.5779050396291792,0.13953488372093023,0.6
24039,5,0.2,0.3333333333333333,0.33916020527361607,0.2,0.2,0.2,0.25,0.33916020527361607,0.2,0.1
500,2,0.5,0.5555555555555556,0.6131471927654584,0.5,0.2,0.5,0.5263157894736842,0.6131471927654584,0.5,0.1
22116,2,0.0,0.0,0.0,0.0,0.0,0.0,0.0,0.0,0.0,0.0
4367,16,0.2,0.26666666666666666,0.2139862647345275,0.0625,0.2,0.1,0.16363636363636364,0.1388624438735545,0.0625,0.1
25234,12,0.0,0.0,0.0,0.0,0.0,0.0,0.0,0.0,0.0,0.0
4685,3,0.0,0.0,0.0,0.0,0.0,0.0,0.0,0.0,0.0,0.0
8876,17,0.4,0.4666666666666666,0.48522855511632257,0.11764705882352941,0.4,0.4,0.43636363636363645,0.45953262310069537,0.23529411764705882,0.4
15982,7,0.2,0.3333333333333333,0.33916020527361607,0.14285714285714285,0.2,0.2857142857142857,0.3061224489795918,0.3727892582642587,0.2857142857142857,0.2
7913,37,0.4,0.6,0.5531464700081437,0.05405405405405406,0.4,0.3,0.3818181818181818,0.42520843362602373,0.08108108108108109,0.3
16680,38,0.4,0.3333333333333333,0.34519134224686926,0.05263157894736842,0.4,0.2,0.2727272727272727,0.22400556151517548,0.05263157894736842,0.2
15111,7,0.2,0.3333333333333333,0.33916020527361607,0.14285714285714285,0.2,0.14285714285714285,0.2040816326530612,0.27487633291429087,0.14285714285714285,0.1
15724,21,0.4,0.3333333333333333,0.34519134224686926,0.09523809523809523,0.4,0.2,0.2727272727272727,0.22400556151517548,0.09523809523809523,0.2
7223,40,0.4,0.6,0.5531464700081437,0.05,0.4,0.6,0.5272727272727272,0.6316243658611128,0.15,0.6
14250,10,0.2,0.3333333333333333,0.33916020527361607,0.1,0.2,0.1,0.18181818181818182,0.22009176629808014,0.1,0.1
17268,3,0.0,0.0,0.0,0.0,0.0,0.0,0.0,0.0,0.0,0.0
25816,1,0.0,0.0,0.0,0.0,0.0,0.0,0.0,0.0,0.0,0.0
30245,6,0.2,0.3333333333333333,0.33916020527361607,0.16666666666666666,0.2,0.16666666666666666,0.2222222222222222,0.30260241349881345,0.16666666666666666,0.1
30749,1,1.0,1.0,1.0,1.0,0.2,1.0,1.0,1.0,1.0,0.1
18939,20,0.4,0.6,0.5531464700081437,0.1,0.4,0.2,0.34545454545454546,0.3589542101716347,0.1,0.2
23212,46,0.8,0.9333333333333332,0.8687949224876582,0.08695652173913043,0.8,0.5,0.6909090909090909,0.6371523797895856,0.10869565217391304,0.5
1799,23,0.4,0.39999999999999997,0.4703652827859578,0.08695652173913043,0.4,0.3,0.30909090909090914,0.3688556721386528,0.13043478260869565,0.3
25330,20,0.0,0.0,0.0,0.0,0.0,0.0,0.0,0.0,0.0,0.0
19467,7,0.4,0.39999999999999997,0.4703652827859578,0.2857142857142857,0.4,0.2857142857142857,0.32653061224489793,0.3812130139445206,0.2857142857142857,0.2
14652,34,0.6,0.7333333333333334,0.6992148198508501,0.08823529411764706,0.6,0.6,0.6545454545454544,0.6691255538181726,0.17647058823529413,0.6
22623,3,0.0,0.0,0.0,0.0,0.0,0.0,0.0,0.0,0.0,0.0
6436,19,0.6,0.6,0.529634717214042,0.15789473684210525,0.6,0.4,0.5272727272727273,0.42209496037082067,0.21052631578947367,0.4
16784,31,0.4,0.6,0.5531464700081437,0.06451612903225806,0.4,0.5,0.4727272727272727,0.5621931439243355,0.16129032258064516,0.5
4303,2,0.0,0.0,0.0,0.0,0.0,0.0,0.0,0.0,0.0,0.0
25384,20,0.4,0.6,0.5531464700081437,0.1,0.4,0.4,0.43636363636363645,0.494639655562801,0.2,0.4
25772,1,1.0,1.0,1.0,1.0,0.2,1.0,1.0,1.0,1.0,0.1
14078,2,0.0,0.0,0.0,0.0,0.0,0.0,0.0,0.0,0.0,0.0
24222,11,0.6,0.6666666666666666,0.6548086577531306,0.2727272727272727,0.6,0.5,0.5818181818181819,0.5695785062497354,0.45454545454545453,0.5
20540,13,0.2,0.3333333333333333,0.33916020527361607,0.07692307692307693,0.2,0.2,0.23636363636363636,0.2895229882348574,0.15384615384615385,0.2
7314,22,0.2,0.26666666666666666,0.2139862647345275,0.045454545454545456,0.2,0.1,0.16363636363636364,0.1388624438735545,0.045454545454545456,0.1
23026,2,0.5,0.5555555555555556,0.6131471927654584,0.5,0.2,0.5,0.5263157894736842,0.6131471927654584,0.5,0.1
13118,16,0.2,0.13333333333333333,0.14606834984270645,0.0625,0.2,0.1,0.12727272727272726,0.09478836436955078,0.0625,0.1
24261,9,0.0,0.0,0.0,0.0,0.0,0.0,0.0,0.0,0.0,0.0
28684,6,0.0,0.0,0.0,0.0,0.0,0.0,0.0,0.0,0.0,0.0
2857,5,0.4,0.6,0.5531464700081437,0.4,0.4,0.4,0.475,0.5531464700081437,0.4,0.2
27091,11,0.6,0.6666666666666666,0.6548086577531306,0.2727272727272727,0.6,0.4,0.509090909090909,0.4943572357534482,0.36363636363636365,0.4
27454,14,0.2,0.26666666666666666,0.2139862647345275,0.07142857142857142,0.2,0.1,0.16363636363636364,0.1388624438735545,0.07142857142857142,0.1
9836,22,0.0,0.0,0.0,0.0,0.0,0.1,0.05454545454545456,0.06943122193677725,0.045454545454545456,0.1
2320,68,0.8,0.7333333333333334,0.7860137352654724,0.058823529411764705,0.8,0.5,0.6,0.576323354912681,0.07352941176470588,0.5
16317,6,0.0,0.0,0.0,0.0,0.0,0.0,0.0,0.0,0.0,0.0
10498,2,0.0,0.0,0.0,0.0,0.0,0.0,0.0,0.0,0.0,0.0
9203,9,0.4,0.39999999999999997,0.4703652827859578,0.2222222222222222,0.4,0.2222222222222222,0.2962962962962963,0.32597358003346416,0.2222222222222222,0.2
12232,28,0.6,0.6666666666666666,0.6548086577531306,0.10714285714285714,0.6,0.3,0.45454545454545453,0.424926013816671,0.10714285714285714,0.3
21325,1,0.0,0.0,0.0,0.0,0.0,0.0,0.0,0.0,0.0,0.0
3655,8,0.2,0.13333333333333333,0.14606834984270645,0.125,0.2,0.25,0.23076923076923075,0.19903650127012357,0.25,0.2
16647,11,0.4,0.19999999999999998,0.2772734273550482,0.18181818181818182,0.4,0.2,0.23636363636363633,0.17993148201117173,0.18181818181818182,0.2
18547,31,0.0,0.0,0.0,0.0,0.0,0.3,0.16363636363636364,0.21145027911440428,0.0967741935483871,0.3
23072,7,0.2,0.3333333333333333,0.33916020527361607,0.14285714285714285,0.2,0.14285714285714285,0.2040816326530612,0.27487633291429087,0.14285714285714285,0.1
24318,4,0.25,0.35714285714285715,0.39038004999210163,0.25,0.2,0.25,0.2941176470588235,0.39038004999210163,0.25,0.1
7599,14,0.2,0.19999999999999998,0.16958010263680803,0.07142857142857142,0.2,0.3,0.2727272727272727,0.2546983755821044,0.21428571428571427,0.3
3386,2,0.0,0.0,0.0,0.0,0.0,0.5,0.0,0.0,0.5,0.1
10521,18,0.8,0.8666666666666666,0.8539316501572936,0.2222222222222222,0.8,0.6,0.6727272727272728,0.6871952210980248,0.3333333333333333,0.6
6376,19,0.4,0.4666666666666666,0.48522855511632257,0.10526315789473684,0.4,0.3,0.3272727272727272,0.3785009188665826,0.15789473684210525,0.3
14866,68,0.6,0.5333333333333333,0.6164336326286642,0.04411764705882353,0.6,0.3,0.41818181818181815,0.4000232483092519,0.04411764705882353,0.3
3641,8,0.2,0.3333333333333333,0.33916020527361607,0.125,0.2,0.125,0.1923076923076923,0.2529427027676571,0.125,0.1
24804,6,0.2,0.3333333333333333,0.33916020527361607,0.16666666666666666,0.2,0.3333333333333333,0.2222222222222222,0.30260241349881345,0.3333333333333333,0.2
26036,15,0.4,0.39999999999999997,0.4703652827859578,0.13333333333333333,0.4,0.2,0.29090909090909095,0.3052348839397011,0.13333333333333333,0.2
23974,1,0.0,0.0,0.0,0.0,0.0,0.0,0.0,0.0,0.0,0.0
25057,4,0.0,0.0,0.0,0.0,0.0,0.0,0.0,0.0,0.0,0.0
8028,22,0.6,0.7999999999999999,0.7227265726449518,0.13636363636363635,0.6,0.3,0.49090909090909096,0.46900009332067477,0.13636363636363635,0.3
18326,8,0.4,0.5333333333333333,0.5087403079104241,0.25,0.4,0.375,0.34615384615384615,0.37941405415148566,0.375,0.3
25476,2,1.0,0.5555555555555556,0.6131471927654584,1.0,0.4,1.0,0.5263157894736842,0.6131471927654584,1.0,0.2
17427,1,0.0,0.0,0.0,0.0,0.0,0.0,0.0,0.0,0.0,0.0
20731,4,0.25,0.28571428571428575,0.2463023887407299,0.25,0.2,0.5,0.2647058823529412,0.2463023887407299,0.5,0.2
19256,4,0.0,0.0,0.0,0.0,0.0,0.0,0.0,0.0,0.0,0.0
15633,15,0.4,0.3333333333333333,0.31564845247951445,0.13333333333333333,0.4,0.3,0.36363636363636365,0.28323251649726616,0.2,0.3
19537,19,0.6,0.7333333333333334,0.6992148198508501,0.15789473684210525,0.6,0.3,0.47272727272727266,0.4537425745411855,0.15789473684210525,0.3
29236,20,0.0,0.0,0.0,0.0,0.0,0.0,0.0,0.0,0.0,0.0
6496,6,0.0,0.0,0.0,0.0,0.0,0.16666666666666666,0.1111111111111111,0.10778915452451095,0.16666666666666666,0.1
27630,10,0.2,0.13333333333333333,0.14606834984270645,0.1,0.2,0.2,0.21818181818181817,0.1731866333482261,0.2,0.2
25981,7,0.0,0.0,0.0,0.0,0.0,0.0,0.0,0.0,0.0,0.0
13595,5,0.0,0.0,0.0,0.0,0.0,0.0,0.0,0.0,0.0,0.0
23555,1,1.0,1.0,1.0,1.0,0.2,1.0,1.0,1.0,1.0,0.1
25578,11,0.4,0.6,0.5531464700081437,0.18181818181818182,0.4,0.3,0.4,0.4283854321084119,0.2727272727272727,0.3
24332,7,0.2,0.3333333333333333,0.33916020527361607,0.14285714285714285,0.2,0.14285714285714285,0.2040816326530612,0.27487633291429087,0.14285714285714285,0.1
21997,6,0.4,0.4666666666666666,0.38356636737133554,0.3333333333333333,0.4,0.3333333333333333,0.3777777777777778,0.34222207292834134,0.3333333333333333,0.2
13949,39,0.2,0.26666666666666666,0.2139862647345275,0.02564102564102564,0.2,0.3,0.21818181818181823,0.2687374555268952,0.07692307692307693,0.3
25299,6,0.2,0.13333333333333333,0.14606834984270645,0.16666666666666666,0.2,0.16666666666666666,0.15555555555555556,0.13032376591037065,0.16666666666666666,0.1
9512,2,0.0,0.0,0.0,0.0,0.0,0.0,0.0,0.0,0.0,0.0
26672,6,0.2,0.3333333333333333,0.33916020527361607,0.16666666666666666,0.2,0.16666666666666666,0.2222222222222222,0.30260241349881345,0.16666666666666666,0.1
236,4,0.25,0.35714285714285715,0.39038004999210163,0.25,0.2,0.25,0.2941176470588235,0.39038004999210163,0.25,0.1
15922,9,0.0,0.0,0.0,0.0,0.0,0.1111111111111111,0.07407407407407407,0.07834851647149513,0.1111111111111111,0.1
25379,22,0.2,0.3333333333333333,0.33916020527361607,0.045454545454545456,0.2,0.3,0.23636363636363633,0.3499667779514209,0.13636363636363635,0.3
22694,22,0.4,0.5333333333333333,0.5087403079104241,0.09090909090909091,0.4,0.4,0.4181818181818182,0.4671223597454319,0.18181818181818182,0.4
578,3,0.0,0.0,0.0,0.0,0.0,0.0,0.0,0.0,0.0,0.0
26304,14,0.4,0.39999999999999997,0.4703652827859578,0.14285714285714285,0.4,0.4,0.41818181818181815,0.4480300279758384,0.2857142857142857,0.4
11009,2,0.0,0.0,0.0,0.0,0.0,0.0,0.0,0.0,0.0,0.0
29271,2,1.0,0.4444444444444445,0.3868528072345415,1.0,0.4,1.0,0.4736842105263158,0.3868528072345415,1.0,0.2
27028,23,0.4,0.39999999999999997,0.4703652827859578,0.08695652173913043,0.4,0.4,0.36363636363636365,0.43828689407543003,0.17391304347826086,0.4
12257,17,0.6,0.6,0.6399453854227659,0.17647058823529413,0.6,0.6,0.6363636363636364,0.6332971816211657,0.35294117647058826,0.6
2284,16,0.0,0.0,0.0,0.0,0.0,0.0,0.0,0.0,0.0,0.0
16962,13,0.2,0.19999999999999998,0.16958010263680803,0.07692307692307693,0.2,0.2,0.23636363636363636,0.1884441521277154,0.15384615384615385,0.2
8623,1,0.0,0.0,0.0,0.0,0.0,0.0,0.0,0.0,0.0,0.0
8471,16,0.2,0.3333333333333333,0.33916020527361607,0.0625,0.2,0.3,0.32727272727272727,0.36792125721353275,0.1875,0.3
7581,28,0.4,0.4666666666666666,0.48522855511632257,0.07142857142857142,0.4,0.4,0.41818181818181815,0.45449827622138006,0.14285714285714285,0.4
77,3,0.0,0.0,0.0,0.0,0.0,0.0,0.0,0.0,0.0,0.0
29003,3,0.0,0.0,0.0,0.0,0.0,0.0,0.0,0.0,0.0,0.0
472,16,0.6,0.7999999999999999,0.7227265726449518,0.1875,0.6,0.3,0.49090909090909096,0.46900009332067477,0.1875,0.3
25962,30,0.2,0.19999999999999998,0.16958010263680803,0.03333333333333333,0.2,0.1,0.14545454545454548,0.11004588314904007,0.03333333333333333,0.1
22511,23,0.2,0.13333333333333333,0.14606834984270645,0.043478260869565216,0.2,0.2,0.2,0.16815228646891084,0.08695652173913043,0.2
835,4,0.5,0.5,0.5585075862632192,0.5,0.4,0.5,0.49999999999999994,0.5585075862632192,0.5,0.2
5603,14,0.2,0.06666666666666665,0.13120507751234176,0.07142857142857142,0.2,0.2,0.2,0.1635413866202963,0.14285714285714285,0.2
19825,26,0.6,0.6,0.6399453854227659,0.11538461538461539,0.6,0.4,0.5272727272727272,0.4936790360674165,0.15384615384615385,0.4
21808,8,0.2,0.3333333333333333,0.33916020527361607,0.125,0.2,0.125,0.1923076923076923,0.2529427027676571,0.125,0.1
19543,26,0.4,0.6,0.5531464700081437,0.07692307692307693,0.4,0.2,0.34545454545454546,0.3589542101716347,0.07692307692307693,0.2
925,14,0.0,0.0,0.0,0.0,0.0,0.0,0.0,0.0,0.0,0.0
1073,5,0.2,0.19999999999999998,0.16958010263680803,0.2,0.2,0.2,0.2,0.16958010263680803,0.2,0.1
17383,12,0.0,0.0,0.0,0.0,0.0,0.0,0.0,0.0,0.0,0.0
19001,3,0.3333333333333333,0.33333333333333337,0.29608191096586517,0.3333333333333333,0.2,0.6666666666666666,0.3333333333333333,0.29608191096586517,0.6666666666666666,0.2
15263,3,0.3333333333333333,0.0,0.0,0.3333333333333333,0.2,0.3333333333333333,0.0,0.0,0.3333333333333333,0.1
8720,22,0.4,0.4000000000000001,0.3600546145772339,0.09090909090909091,0.4,0.3,0.38181818181818183,0.31204907722178055,0.13636363636363635,0.3
4539,4,0.25,0.35714285714285715,0.39038004999210163,0.25,0.2,0.25,0.2941176470588235,0.39038004999210163,0.25,0.1
27549,6,0.2,0.13333333333333333,0.14606834984270645,0.16666666666666666,0.2,0.16666666666666666,0.15555555555555556,0.13032376591037065,0.16666666666666666,0.1
136,70,0.4,0.26666666666666666,0.3007851801491498,0.02857142857142857,0.4,0.3,0.3272727272727272,0.26855292289002114,0.04285714285714286,0.3
8298,8,0.0,0.0,0.0,0.0,0.0,0.0,0.0,0.0,0.0,0.0
16039,5,0.2,0.26666666666666666,0.2139862647345275,0.2,0.2,0.4,0.225,0.2139862647345275,0.4,0.2
11324,2,0.0,0.0,0.0,0.0,0.0,0.0,0.0,0.0,0.0,0.0
25212,20,0.4,0.5333333333333333,0.5087403079104241,0.1,0.4,0.3,0.4,0.40350157154648025,0.15,0.3
22828,1,0.0,0.0,0.0,0.0,0.0,0.0,0.0,0.0,0.0,0.0
17458,11,0.0,0.0,0.0,0.0,0.0,0.2,0.054545454545454536,0.12987501165334073,0.18181818181818182,0.2
20365,1,0.0,0.0,0.0,0.0,0.0,0.0,0.0,0.0,0.0,0.0
24208,12,0.2,0.3333333333333333,0.33916020527361607,0.08333333333333333,0.2,0.1,0.18181818181818182,0.22009176629808014,0.08333333333333333,0.1
703,14,0.0,0.0,0.0,0.0,0.0,0.0,0.0,0.0,0.0,0.0
18174,27,0.4,0.6,0.5531464700081437,0.07407407407407407,0.4,0.5,0.45454545454545464,0.5582604437617527,0.18518518518518517,0.5
5990,30,0.0,0.0,0.0,0.0,0.0,0.0,0.0,0.0,0.0,0.0
23292,13,0.0,0.0,0.0,0.0,0.0,0.3,0.14545454545454548,0.206415932235089,0.23076923076923078,0.3
30433,6,0.0,0.0,0.0,0.0,0.0,0.16666666666666666,0.0,0.0,0.16666666666666666,0.1
20704,19,0.4,0.3333333333333333,0.34519134224686926,0.10526315789473684,0.4,0.4,0.4,0.3668007055513128,0.21052631578947367,0.4
1213,68,0.2,0.3333333333333333,0.33916020527361607,0.014705882352941176,0.2,0.2,0.21818181818181817,0.28634598975246917,0.029411764705882353,0.2
26568,27,0.6,0.6666666666666666,0.6843515475204854,0.1111111111111111,0.6,0.5,0.6,0.5919268187287082,0.18518518518518517,0.5
25583,13,0.4,0.4666666666666666,0.48522855511632257,0.15384615384615385,0.4,0.2,0.3090909090909091,0.31488013066763093,0.15384615384615385,0.2
8180,7,0.0,0.0,0.0,0.0,0.0,0.0,0.0,0.0,0.0,0.0
2189,3,0.0,0.0,0.0,0.0,0.0,0.0,0.0,0.0,0.0,0.0
22887,2,0.0,0.0,0.0,0.0,0.0,0.0,0.0,0.0,0.0,0.0
14289,14,0.4,0.6,0.5531464700081437,0.14285714285714285,0.4,0.2,0.34545454545454546,0.3589542101716347,0.14285714285714285,0.2
25227,32,0.4,0.3333333333333333,0.34519134224686926,0.0625,0.4,0.2,0.2727272727272727,0.22400556151517548,0.0625,0.2
9383,20,0.4,0.4666666666666666,0.38356636737133554,0.1,0.4,0.2,0.30909090909090914,0.24890832702259458,0.1,0.2
6396,4,0.0,0.0,0.0,0.0,0.0,0.0,0.0,0.0,0.0,0.0
6677,6,0.2,0.13333333333333333,0.14606834984270645,0.16666666666666666,0.2,0.16666666666666666,0.15555555555555556,0.13032376591037065,0.16666666666666666,0.1
1246,14,0.0,0.0,0.0,0.0,0.0,0.1,0.09090909090909091,0.07839826897867533,0.07142857142857142,0.1
12080,41,0.4,0.39999999999999997,0.4703652827859578,0.04878048780487805,0.4,0.5,0.49090909090909096,0.5232512984721255,0.12195121951219512,0.5
1758,2,0.0,0.0,0.0,0.0,0.0,0.0,0.0,0.0,0.0,0.0
12094,11,0.2,0.3333333333333333,0.33916020527361607,0.09090909090909091,0.2,0.2,0.21818181818181817,0.28634598975246917,0.18181818181818182,0.2
14546,21,0.6,0.7999999999999999,0.7227265726449518,0.14285714285714285,0.6,0.3,0.49090909090909096,0.46900009332067477,0.14285714285714285,0.3
14726,3,0.0,0.0,0.0,0.0,0.0,0.0,0.0,0.0,0.0,0.0
14113,26,0.6,0.39999999999999997,0.4468535299918562,0.11538461538461539,0.6,0.5,0.5454545454545454,0.44173955623824723,0.19230769230769232,0.5
14631,3,0.3333333333333333,0.4166666666666667,0.46927872602275644,0.3333333333333333,0.2,0.3333333333333333,0.37037037037037035,0.46927872602275644,0.3333333333333333,0.1
8829,37,0.6,0.39999999999999997,0.4468535299918562,0.08108108108108109,0.6,0.6,0.6,0.5111707781750244,0.16216216216216217,0.6
17489,4,0.0,0.0,0.0,0.0,0.0,0.0,0.0,0.0,0.0,0.0
29907,7,0.4,0.5333333333333333,0.5087403079104241,0.2857142857142857,0.4,0.2857142857142857,0.36734693877551017,0.4123144993714362,0.2857142857142857,0.2
6606,5,0.2,0.06666666666666665,0.13120507751234176,0.2,0.2,0.2,0.15,0.13120507751234176,0.2,0.1
10018,14,0.4,0.4000000000000001,0.3600546145772339,0.14285714285714285,0.4,0.4,0.41818181818181815,0.37644595227924255,0.2857142857142857,0.4
15856,9,0.0,0.0,0.0,0.0,0.0,0.0,0.0,0.0,0.0,0.0
19938,5,0.4,0.26666666666666666,0.3007851801491498,0.4,0.4,0.4,0.35,0.3007851801491498,0.4,0.2
13649,9,0.2,0.13333333333333333,0.14606834984270645,0.1111111111111111,0.2,0.3333333333333333,0.20370370370370372,0.17957712468379533,0.3333333333333333,0.3
13993,6,0.6,0.6666666666666666,0.6548086577531306,0.5,0.6,0.5,0.5555555555555556,0.5842273861585908,0.5,0.3
16957,6,0.2,0.3333333333333333,0.33916020527361607,0.16666666666666666,0.2,0.16666666666666666,0.2222222222222222,0.30260241349881345,0.16666666666666666,0.1
17804,40,0.8,0.7333333333333334,0.7860137352654724,0.1,0.8,0.4,0.5636363636363636,0.510069131458292,0.1,0.4
1698,6,0.2,0.13333333333333333,0.14606834984270645,0.16666666666666666,0.2,0.16666666666666666,0.15555555555555556,0.13032376591037065,0.16666666666666666,0.1
27822,17,0.2,0.3333333333333333,0.33916020527361607,0.058823529411764705,0.2,0.2,0.2727272727272727,0.2984900352767555,0.11764705882352941,0.2
2256,1,0.0,0.0,0.0,0.0,0.0,0.0,0.0,0.0,0.0,0.0
20904,4,0.5,0.6428571428571429,0.6366824387328316,0.5,0.4,0.5,0.5588235294117646,0.6366824387328316,0.5,0.2
15066,5,0.0,0.0,0.0,0.0,0.0,0.0,0.0,0.0,0.0,0.0
30190,14,0.4,0.5333333333333333,0.5087403079104241,0.14285714285714285,0.4,0.2,0.32727272727272727,0.3301376494471202,0.14285714285714285,0.2
417,2,0.0,0.0,0.0,0.0,0.0,0.0,0.0,0.0,0.0,0.0
30551,11,0.0,0.0,0.0,0.0,0.0,0.0,0.0,0.0,0.0,0.0
10184,18,0.4,0.3333333333333333,0.31564845247951445,0.1111111111111111,0.4,0.5,0.43636363636363634,0.41628452663299514,0.2777777777777778,0.5
12489,23,0.0,0.0,0.0,0.0,0.0,0.1,0.036363636363636355,0.06625422345438903,0.043478260869565216,0.1
28357,3,0.0,0.0,0.0,0.0,0.0,0.0,0.0,0.0,0.0,0.0
8304,9,0.4,0.5333333333333333,0.5087403079104241,0.2222222222222222,0.4,0.3333333333333333,0.4259259259259259,0.43629323812092147,0.3333333333333333,0.3
25270,1,1.0,1.0,1.0,1.0,0.2,1.0,1.0,1.0,1.0,0.1
10271,1,1.0,1.0,1.0,1.0,0.2,1.0,1.0,1.0,1.0,0.1
20164,17,0.2,0.06666666666666665,0.13120507751234176,0.058823529411764705,0.2,0.1,0.10909090909090909,0.08514311764162097,0.058823529411764705,0.1
2307,7,0.0,0.0,0.0,0.0,0.0,0.0,0.0,0.0,0.0,0.0
16850,7,0.0,0.0,0.0,0.0,0.0,0.0,0.0,0.0,0.0,0.0
13754,6,0.4,0.5333333333333333,0.5087403079104241,0.3333333333333333,0.4,0.3333333333333333,0.4,0.4539036202482201,0.3333333333333333,0.2
9642,30,0.4,0.6,0.5531464700081437,0.06666666666666667,0.4,0.3,0.3818181818181818,0.42520843362602373,0.1,0.3
5819,11,0.4,0.5333333333333333,0.5087403079104241,0.18181818181818182,0.4,0.2,0.32727272727272727,0.3301376494471202,0.18181818181818182,0.2
30537,6,0.0,0.0,0.0,0.0,0.0,0.16666666666666666,0.0,0.0,0.16666666666666666,0.1
14105,18,0.4,0.3333333333333333,0.34519134224686926,0.1111111111111111,0.4,0.2,0.2727272727272727,0.22400556151517548,0.1111111111111111,0.2
17249,2,0.0,0.0,0.0,0.0,0.0,0.5,0.0,0.0,0.5,0.1
11662,45,0.6,0.6,0.529634717214042,0.06666666666666667,0.6,0.5,0.5454545454545454,0.4833148369458945,0.1111111111111111,0.5
19535,9,0.0,0.0,0.0,0.0,0.0,0.0,0.0,0.0,0.0,0.0
1874,10,0.6,0.46666666666666673,0.4912596920895757,0.3,0.6,0.4,0.49090909090909096,0.39719219486340157,0.4,0.4
4244,10,0.4,0.6,0.5531464700081437,0.2,0.4,0.2,0.34545454545454546,0.3589542101716347,0.2,0.2
29113,1,0.0,0.0,0.0,0.0,0.0,0.0,0.0,0.0,0.0,0.0
29157,3,0.3333333333333333,0.4166666666666667,0.46927872602275644,0.3333333333333333,0.2,0.3333333333333333,0.37037037037037035,0.46927872602275644,0.3333333333333333,0.1
12010,9,0.0,0.0,0.0,0.0,0.0,0.0,0.0,0.0,0.0,0.0
21523,3,0.0,0.0,0.0,0.0,0.0,0.0,0.0,0.0,0.0,0.0
15974,33,0.6,0.7333333333333334,0.6992148198508501,0.09090909090909091,0.6,0.4,0.5636363636363636,0.5321408435198608,0.12121212121212122,0.4
28938,1,0.0,0.0,0.0,0.0,0.0,0.0,0.0,0.0,0.0,0.0
3109,7,0.2,0.26666666666666666,0.2139862647345275,0.14285714285714285,0.2,0.42857142857142855,0.2857142857142857,0.27134058233820724,0.42857142857142855,0.3
30306,16,0.2,0.26666666666666666,0.2139862647345275,0.0625,0.2,0.1,0.16363636363636364,0.1388624438735545,0.0625,0.1
30757,25,0.2,0.19999999999999998,0.16958010263680803,0.04,0.2,0.1,0.14545454545454548,0.11004588314904007,0.04,0.1
10937,26,0.6,0.7999999999999999,0.7227265726449518,0.11538461538461539,0.6,0.4,0.5272727272727273,0.5352543167750639,0.15384615384615385,0.4
12005,3,0.0,0.0,0.0,0.0,0.0,0.3333333333333333,0.0,0.0,0.3333333333333333,0.1
2080,19,0.4,0.5333333333333333,0.5087403079104241,0.10526315789473684,0.4,0.3,0.41818181818181815,0.4085359184257955,0.15789473684210525,0.3
16269,9,0.6,0.6666666666666666,0.6843515475204854,0.3333333333333333,0.6,0.4444444444444444,0.5555555555555555,0.5579957246028068,0.4444444444444444,0.4
6136,19,0.2,0.13333333333333333,0.14606834984270645,0.05263157894736842,0.2,0.1,0.12727272727272726,0.09478836436955078,0.05263157894736842,0.1
5992,12,0.2,0.19999999999999998,0.16958010263680803,0.08333333333333333,0.2,0.3,0.23636363636363641,0.2470305934473518,0.25,0.3
13667,78,0.6,0.7999999999999999,0.7227265726449518,0.038461538461538464,0.6,0.5,0.5818181818181819,0.6059848036189865,0.0641025641025641,0.5
17801,19,0.2,0.3333333333333333,0.33916020527361607,0.05263157894736842,0.2,0.1,0.18181818181818182,0.22009176629808014,0.05263157894736842,0.1
26738,10,0.2,0.3333333333333333,0.33916020527361607,0.1,0.2,0.2,0.2545454545454545,0.29345568839744024,0.2,0.2
24643,1,0.0,0.0,0.0,0.0,0.0,0.0,0.0,0.0,0.0,0.0
13319,7,0.4,0.5333333333333333,0.5087403079104241,0.2857142857142857,0.4,0.2857142857142857,0.36734693877551017,0.4123144993714362,0.2857142857142857,0.2
22456,4,0.5,0.5,0.5585075862632192,0.5,0.4,0.5,0.49999999999999994,0.5585075862632192,0.5,0.2
8049,6,0.0,0.0,0.0,0.0,0.0,0.0,0.0,0.0,0.0,0.0
744,6,0.0,0.0,0.0,0.0,0.0,0.0,0.0,0.0,0.0,0.0
28333,4,0.25,0.14285714285714288,0.16812753627111746,0.25,0.2,0.25,0.20588235294117643,0.16812753627111746,0.25,0.1
10857,45,0.8,0.7333333333333334,0.7860137352654724,0.08888888888888889,0.8,0.7,0.7454545454545456,0.7241528458281336,0.15555555555555556,0.7
25259,13,0.0,0.0,0.0,0.0,0.0,0.0,0.0,0.0,0.0,0.0
2297,6,0.4,0.6,0.5531464700081437,0.3333333333333333,0.4,0.3333333333333333,0.4222222222222222,0.4935232796777481,0.3333333333333333,0.2
10210,2,0.5,0.4444444444444445,0.3868528072345415,0.5,0.2,0.5,0.4736842105263158,0.3868528072345415,0.5,0.1
22361,22,0.2,0.06666666666666665,0.13120507751234176,0.045454545454545456,0.2,0.1,0.10909090909090909,0.08514311764162097,0.045454545454545456,0.1
4246,9,0.4,0.3333333333333333,0.31564845247951445,0.2222222222222222,0.4,0.2222222222222222,0.27777777777777773,0.21875138291954285,0.2222222222222222,0.2
21977,9,0.4,0.6,0.5531464700081437,0.2222222222222222,0.4,0.2222222222222222,0.3518518518518518,0.38334277998463445,0.2222222222222222,0.2
6338,20,0.4,0.5333333333333333,0.5087403079104241,0.1,0.4,0.3,0.41818181818181815,0.4085359184257955,0.15,0.3
30647,25,0.4,0.6,0.5531464700081437,0.08,0.4,0.3,0.41818181818181815,0.43231813227099475,0.12,0.3
1329,9,0.0,0.0,0.0,0.0,0.0,0.0,0.0,0.0,0.0,0.0
24342,6,0.0,0.0,0.0,0.0,0.0,0.0,0.0,0.0,0.0,0.0
16974,34,0.0,0.0,0.0,0.0,0.0,0.2,0.10909090909090909,0.14201905717762703,0.058823529411764705,0.2
27800,4,0.5,0.35714285714285715,0.39038004999210163,0.5,0.4,0.5,0.2941176470588235,0.39038004999210163,0.5,0.2
8612,18,0.0,0.0,0.0,0.0,0.0,0.1,0.09090909090909091,0.07839826897867533,0.05555555555555555,0.1
15016,19,0.4,0.39999999999999997,0.4703652827859578,0.10526315789473684,0.4,0.3,0.38181818181818183,0.3836331529183764,0.15789473684210525,0.3
19137,26,0.4,0.4666666666666666,0.38356636737133554,0.07692307692307693,0.4,0.3,0.34545454545454546,0.3151625504769836,0.11538461538461539,0.3
10561,36,0.6,0.7333333333333334,0.6992148198508501,0.08333333333333333,0.6,0.4,0.5454545454545454,0.5271064966405455,0.1111111111111111,0.4
28318,9,0.4,0.6,0.5531464700081437,0.2222222222222222,0.4,0.2222222222222222,0.3518518518518518,0.38334277998463445,0.2222222222222222,0.2
25229,12,0.2,0.3333333333333333,0.33916020527361607,0.08333333333333333,0.2,0.1,0.18181818181818182,0.22009176629808014,0.08333333333333333,0.1
18676,17,0.6,0.5333333333333333,0.5147714448836773,0.17647058823529413,0.6,0.3,0.4181818181818182,0.3340514446642156,0.17647058823529413,0.3
7104,7,0.0,0.0,0.0,0.0,0.0,0.0,0.0,0.0,0.0,0.0
11220,21,0.8,0.9333333333333332,0.8687949224876582,0.19047619047619047,0.8,0.5,0.6545454545454547,0.6300426811446146,0.23809523809523808,0.5
8491,3,0.0,0.0,0.0,0.0,0.0,0.0,0.0,0.0,0.0,0.0
12652,2,0.0,0.0,0.0,0.0,0.0,0.0,0.0,0.0,0.0,0.0
27994,9,0.2,0.06666666666666665,0.13120507751234176,0.1111111111111111,0.2,0.2222222222222222,0.1111111111111111,0.09092803061897882,0.2222222222222222,0.2
17441,7,0.2,0.13333333333333333,0.14606834984270645,0.14285714285714285,0.2,0.14285714285714285,0.14285714285714285,0.11838279295536291,0.14285714285714285,0.1
4342,4,0.25,0.0,0.0,0.25,0.2,0.25,0.0,0.0,0.25,0.1
592,33,0.6,0.7333333333333334,0.6992148198508501,0.09090909090909091,0.6,0.5,0.6,0.5965377185773227,0.15151515151515152,0.5
11279,3,0.0,0.0,0.0,0.0,0.0,0.0,0.0,0.0,0.0,0.0
28361,1,0.0,0.0,0.0,0.0,0.0,0.0,0.0,0.0,0.0,0.0
31030,31,0.6,0.6,0.6399453854227659,0.0967741935483871,0.6,0.5,0.5272727272727273,0.5509662124799075,0.16129032258064516,0.5
30631,28,0.4,0.39999999999999997,0.4703652827859578,0.07142857142857142,0.4,0.4,0.41818181818181815,0.4480300279758384,0.14285714285714285,0.4
24067,27,0.4,0.19999999999999998,0.2772734273550482,0.07407407407407407,0.4,0.4,0.3636363636363636,0.3245839744442361,0.14814814814814814,0.4
29753,15,0.0,0.0,0.0,0.0,0.0,0.2,0.16363636363636364,0.1517621910780354,0.13333333333333333,0.2
18916,7,0.2,0.13333333333333333,0.14606834984270645,0.14285714285714285,0.2,0.14285714285714285,0.14285714285714285,0.11838279295536291,0.14285714285714285,0.1
22983,27,0.2,0.19999999999999998,0.16958010263680803,0.037037037037037035,0.2,0.1,0.14545454545454548,0.11004588314904007,0.037037037037037035,0.1
11820,2,0.0,0.0,0.0,0.0,0.0,0.0,0.0,0.0,0.0,0.0
14301,9,0.4,0.5333333333333333,0.5087403079104241,0.2222222222222222,0.4,0.3333333333333333,0.3888888888888889,0.42671693940680255,0.3333333333333333,0.3
8055,36,0.6,0.6666666666666666,0.6548086577531306,0.08333333333333333,0.6,0.7,0.6909090909090909,0.7097402150304354,0.19444444444444445,0.7
20282,52,0.2,0.13333333333333333,0.14606834984270645,0.019230769230769232,0.2,0.5,0.36363636363636365,0.37960256558331507,0.09615384615384616,0.5
10115,5,0.0,0.0,0.0,0.0,0.0,0.0,0.0,0.0,0.0,0.0
6659,1,0.0,0.0,0.0,0.0,0.0,0.0,0.0,0.0,0.0,0.0
671,3,0.0,0.0,0.0,0.0,0.0,0.0,0.0,0.0,0.0,0.0
18070,9,0.2,0.19999999999999998,0.16958010263680803,0.1111111111111111,0.2,0.1111111111111111,0.14814814814814814,0.11752277470724269,0.1111111111111111,0.1
25290,24,0.4,0.26666666666666666,0.3007851801491498,0.08333333333333333,0.4,0.2,0.2545454545454545,0.19518900079066104,0.08333333333333333,0.2
3361,10,0.0,0.0,0.0,0.0,0.0,0.1,0.09090909090909091,0.07839826897867533,0.1,0.1
6928,5,0.0,0.0,0.0,0.0,0.0,0.0,0.0,0.0,0.0,0.0
27899,4,0.25,0.35714285714285715,0.39038004999210163,0.25,0.2,0.25,0.2941176470588235,0.39038004999210163,0.25,0.1
9563,25,0.2,0.3333333333333333,0.33916020527361607,0.04,0.2,0.1,0.18181818181818182,0.22009176629808014,0.04,0.1
4137,27,0.6,0.5333333333333333,0.5147714448836773,0.1111111111111111,0.6,0.4,0.5090909090909091,0.4124497136428909,0.14814814814814814,0.4
2830,35,0.4,0.6,0.5531464700081437,0.05714285714285714,0.4,0.3,0.43636363636363634,0.43735247915031,0.08571428571428572,0.3
27110,1,0.0,0.0,0.0,0.0,0.0,0.0,0.0,0.0,0.0,0.0
6274,41,0.8,0.7333333333333334,0.7860137352654724,0.0975609756097561,0.8,0.5,0.6363636363636364,0.5834330535576521,0.12195121951219512,0.5
26876,59,0.2,0.13333333333333333,0.14606834984270645,0.01694915254237288,0.2,0.4,0.32727272727272727,0.3128047789019752,0.06779661016949153,0.4
1551,31,0.6,0.7999999999999999,0.7227265726449518,0.0967741935483871,0.6,0.4,0.5818181818181819,0.5473983622993501,0.12903225806451613,0.4
4670,9,0.0,0.0,0.0,0.0,0.0,0.2222222222222222,0.1111111111111111,0.14910427719257574,0.2222222222222222,0.2
16641,12,0.2,0.3333333333333333,0.33916020527361607,0.08333333333333333,0.2,0.1,0.18181818181818182,0.22009176629808014,0.08333333333333333,0.1
2487,15,0.2,0.3333333333333333,0.33916020527361607,0.06666666666666667,0.2,0.1,0.18181818181818182,0.22009176629808014,0.06666666666666667,0.1
13952,3,0.0,0.0,0.0,0.0,0.0,0.6666666666666666,0.0,0.0,0.6666666666666666,0.2
2732,31,0.8,0.8666666666666666,0.8539316501572936,0.12903225806451613,0.8,0.4,0.6000000000000001,0.5541432109622958,0.12903225806451613,0.4
21021,4,0.0,0.0,0.0,0.0,0.0,0.0,0.0,0.0,0.0,0.0
28331,22,0.2,0.19999999999999998,0.16958010263680803,0.045454545454545456,0.2,0.1,0.14545454545454548,0.11004588314904007,0.045454545454545456,0.1
30514,1,1.0,1.0,1.0,1.0,0.2,1.0,1.0,1.0,1.0,0.1
26495,2,0.0,0.0,0.0,0.0,0.0,0.0,0.0,0.0,0.0,0.0
5790,3,0.0,0.0,0.0,0.0,0.0,0.0,0.0,0.0,0.0,0.0
18692,13,0.4,0.6,0.5531464700081437,0.15384615384615385,0.4,0.5,0.5272727272727272,0.5743371894486218,0.38461538461538464,0.5
861,7,0.2,0.3333333333333333,0.33916020527361607,0.14285714285714285,0.2,0.14285714285714285,0.2040816326530612,0.27487633291429087,0.14285714285714285,0.1
24986,1,1.0,1.0,1.0,1.0,0.2,1.0,1.0,1.0,1.0,0.1
28417,20,0.2,0.13333333333333333,0.14606834984270645,0.05,0.2,0.1,0.12727272727272726,0.09478836436955078,0.05,0.1
8218,15,0.4,0.5333333333333333,0.5087403079104241,0.13333333333333333,0.4,0.4,0.43636363636363634,0.4721567066247472,0.26666666666666666,0.4
6896,36,0.6,0.5333333333333333,0.6164336326286642,0.08333333333333333,0.6,0.6,0.618181818181818,0.6180396628416763,0.16666666666666666,0.6
28226,14,0.2,0.3333333333333333,0.33916020527361607,0.07142857142857142,0.2,0.1,0.18181818181818182,0.22009176629808014,0.07142857142857142,0.1
26926,20,0.2,0.19999999999999998,0.16958010263680803,0.05,0.2,0.1,0.14545454545454548,0.11004588314904007,0.05,0.1
5308,29,0.2,0.26666666666666666,0.2139862647345275,0.034482758620689655,0.2,0.1,0.16363636363636364,0.1388624438735545,0.034482758620689655,0.1
25021,37,0.2,0.06666666666666665,0.13120507751234176,0.02702702702702703,0.2,0.2,0.16363636363636364,0.15457433957839825,0.05405405405405406,0.2
23504,17,0.4,0.4666666666666666,0.38356636737133554,0.11764705882352941,0.4,0.3,0.34545454545454546,0.3151625504769836,0.17647058823529413,0.3
5279,2,0.0,0.0,0.0,0.0,0.0,0.0,0.0,0.0,0.0,0.0
16439,44,0.0,0.0,0.0,0.0,0.0,0.2,0.054545454545454536,0.12987501165334073,0.045454545454545456,0.2
21077,31,0.6,0.6666666666666666,0.6843515475204854,0.0967741935483871,0.6,0.3,0.45454545454545453,0.44409732781325567,0.0967741935483871,0.3
23394,5,0.0,0.0,0.0,0.0,0.0,0.0,0.0,0.0,0.0,0.0
3661,26,0.6,0.7333333333333334,0.6992148198508501,0.11538461538461539,0.6,0.3,0.47272727272727266,0.4537425745411855,0.11538461538461539,0.3
16253,1,0.0,0.0,0.0,0.0,0.0,0.0,0.0,0.0,0.0,0.0
5254,18,0.4,0.3333333333333333,0.34519134224686926,0.1111111111111111,0.4,0.3,0.36363636363636365,0.30240383049385083,0.16666666666666666,0.3
4023,1,0.0,0.0,0.0,0.0,0.0,1.0,0.0,0.0,1.0,0.1
23590,5,0.4,0.19999999999999998,0.2772734273550482,0.4,0.4,0.4,0.32499999999999996,0.2772734273550482,0.4,0.2
13902,6,0.0,0.0,0.0,0.0,0.0,0.0,0.0,0.0,0.0,0.0
27351,41,0.6,0.7999999999999999,0.7227265726449518,0.07317073170731707,0.6,0.6,0.7090909090909091,0.6901935063354874,0.14634146341463414,0.6
7986,42,0.2,0.3333333333333333,0.33916020527361607,0.023809523809523808,0.2,0.1,0.18181818181818182,0.22009176629808014,0.023809523809523808,0.1
1571,6,0.0,0.0,0.0,0.0,0.0,0.16666666666666666,0.1111111111111111,0.10778915452451095,0.16666666666666666,0.1
19113,23,0.4,0.4666666666666666,0.48522855511632257,0.08695652173913043,0.4,0.3,0.34545454545454546,0.38113435412202,0.13043478260869565,0.3
22881,6,0.2,0.06666666666666665,0.13120507751234176,0.16666666666666666,0.2,0.16666666666666666,0.13333333333333333,0.11706259313796352,0.16666666666666666,0.1
28299,6,0.4,0.3333333333333333,0.31564845247951445,0.3333333333333333,0.4,0.5,0.4444444444444444,0.3894141271842883,0.5,0.3
5158,9,0.0,0.0,0.0,0.0,0.0,0.3333333333333333,0.20370370370370372,0.2328291911917692,0.3333333333333333,0.3
29524,1,1.0,1.0,1.0,1.0,0.2,1.0,1.0,1.0,1.0,0.1
1810,10,0.2,0.06666666666666665,0.13120507751234176,0.1,0.2,0.1,0.10909090909090909,0.08514311764162097,0.1,0.1
23416,7,0.4,0.4666666666666666,0.38356636737133554,0.2857142857142857,0.4,0.2857142857142857,0.3469387755102041,0.3108658234453848,0.2857142857142857,0.2
25341,5,0.6,0.7999999999999999,0.7227265726449518,0.6,0.6,0.6,0.675,0.7227265726449518,0.6,0.3
19786,22,0.2,0.3333333333333333,0.33916020527361607,0.045454545454545456,0.2,0.2,0.2727272727272727,0.2984900352767555,0.09090909090909091,0.2
30363,5,0.2,0.06666666666666665,0.13120507751234176,0.2,0.2,0.2,0.15,0.13120507751234176,0.2,0.1
28322,3,0.0,0.0,0.0,0.0,0.0,0.0,0.0,0.0,0.0,0.0
26957,1,0.0,0.0,0.0,0.0,0.0,0.0,0.0,0.0,0.0,0.0
17285,3,0.0,0.0,0.0,0.0,0.0,0.0,0.0,0.0,0.0,0.0
23757,1,0.0,0.0,0.0,0.0,0.0,0.0,0.0,0.0,0.0,0.0
10431,39,0.2,0.3333333333333333,0.33916020527361607,0.02564102564102564,0.2,0.1,0.18181818181818182,0.22009176629808014,0.02564102564102564,0.1
26834,2,0.0,0.0,0.0,0.0,0.0,0.0,0.0,0.0,0.0,0.0
1154,9,0.4,0.3333333333333333,0.31564845247951445,0.2222222222222222,0.4,0.3333333333333333,0.3333333333333333,0.2928999982046174,0.3333333333333333,0.3
30168,6,0.4,0.3333333333333333,0.34519134224686926,0.3333333333333333,0.4,0.3333333333333333,0.3333333333333333,0.30798345931689813,0.3333333333333333,0.2
4770,6,0.0,0.0,0.0,0.0,0.0,0.0,0.0,0.0,0.0,0.0
9810,13,0.0,0.0,0.0,0.0,0.0,0.0,0.0,0.0,0.0,0.0
17818,10,0.2,0.13333333333333333,0.14606834984270645,0.1,0.2,0.3,0.21818181818181823,0.23177307466786254,0.3,0.3
17774,8,0.4,0.6,0.5531464700081437,0.25,0.4,0.375,0.4230769230769231,0.49232631845500163,0.375,0.3
31037,1,1.0,1.0,1.0,1.0,0.2,1.0,1.0,1.0,1.0,0.1
25276,3,0.6666666666666666,0.4166666666666667,0.46927872602275644,0.6666666666666666,0.4,0.6666666666666666,0.37037037037037035,0.46927872602275644,0.6666666666666666,0.2
8519,17,0.4,0.19999999999999998,0.2772734273550482,0.11764705882352941,0.4,0.2,0.23636363636363633,0.17993148201117173,0.11764705882352941,0.2
2446,20,0.2,0.06666666666666665,0.13120507751234176,0.05,0.2,0.1,0.10909090909090909,0.08514311764162097,0.05,0.1
2650,1,0.0,0.0,0.0,0.0,0.0,0.0,0.0,0.0,0.0,0.0
29589,19,0.2,0.3333333333333333,0.33916020527361607,0.05263157894736842,0.2,0.2,0.2727272727272727,0.2984900352767555,0.10526315789473684,0.2
12992,17,0.2,0.06666666666666665,0.13120507751234176,0.058823529411764705,0.2,0.4,0.2727272727272727,0.2965933967560252,0.23529411764705882,0.4
7431,22,0.4,0.4000000000000001,0.3600546145772339,0.09090909090909091,0.4,0.2,0.29090909090909095,0.23365080824310527,0.09090909090909091,0.2
9949,32,0.0,0.0,0.0,0.0,0.0,0.2,0.16363636363636364,0.1517621910780354,0.0625,0.2
28909,50,0.8,0.9333333333333332,0.8687949224876582,0.08,0.8,0.7,0.8,0.7778721720600672,0.14,0.7
30007,9,0.4,0.19999999999999998,0.2772734273550482,0.2222222222222222,0.4,0.3333333333333333,0.33333333333333326,0.2758815528304725,0.3333333333333333,0.3
4428,4,0.0,0.0,0.0,0.0,0.0,0.0,0.0,0.0,0.0,0.0
18022,11,0.4,0.4666666666666666,0.48522855511632257,0.18181818181818182,0.4,0.2,0.3090909090909091,0.31488013066763093,0.18181818181818182,0.2
22720,1,0.0,0.0,0.0,0.0,0.0,0.0,0.0,0.0,0.0,0.0
28449,16,0.2,0.26666666666666666,0.2139862647345275,0.0625,0.2,0.2,0.21818181818181823,0.20829366581033176,0.125,0.2
4381,59,0.6,0.7333333333333334,0.6992148198508501,0.05084745762711865,0.6,0.3,0.47272727272727266,0.4537425745411855,0.05084745762711865,0.3
10615,13,0.0,0.0,0.0,0.0,0.0,0.1,0.018181818181818177,0.0636207881989517,0.07692307692307693,0.1
11412,25,0.4,0.4666666666666666,0.48522855511632257,0.08,0.4,0.2,0.3090909090909091,0.31488013066763093,0.08,0.2
17505,9,0.0,0.0,0.0,0.0,0.0,0.1111111111111111,0.09259259259259259,0.08372491399919348,0.1111111111111111,0.1
29724,2,0.5,0.5555555555555556,0.6131471927654584,0.5,0.2,0.5,0.5263157894736842,0.6131471927654584,0.5,0.1
8614,3,0.3333333333333333,0.0,0.0,0.3333333333333333,0.2,0.3333333333333333,0.0,0.0,0.3333333333333333,0.1
24393,4,0.25,0.2142857142857143,0.19519002499605081,0.25,0.2,0.25,0.23529411764705882,0.19519002499605081,0.25,0.1
30470,7,0.4,0.5333333333333333,0.5087403079104241,0.2857142857142857,0.4,0.42857142857142855,0.36734693877551017,0.4123144993714362,0.42857142857142855,0.3
21220,2,0.0,0.0,0.0,0.0,0.0,0.0,0.0,0.0,0.0,0.0
15159,3,0.0,0.0,0.0,0.0,0.0,0.0,0.0,0.0,0.0,0.0
15188,24,0.2,0.3333333333333333,0.33916020527361607,0.041666666666666664,0.2,0.3,0.2727272727272727,0.3557772116892464,0.125,0.3
13637,4,0.0,0.0,0.0,0.0,0.0,0.0,0.0,0.0,0.0,0.0
17997,5,0.2,0.3333333333333333,0.33916020527361607,0.2,0.2,0.2,0.25,0.33916020527361607,0.2,0.1
13349,40,0.6,0.7333333333333334,0.6992148198508501,0.075,0.6,0.4,0.5454545454545454,0.5271064966405455,0.1,0.4
19592,4,0.5,0.6428571428571429,0.6366824387328316,0.5,0.4,0.5,0.5588235294117646,0.6366824387328316,0.5,0.2
18360,10,0.2,0.3333333333333333,0.33916020527361607,0.1,0.2,0.1,0.18181818181818182,0.22009176629808014,0.1,0.1
7388,35,0.6,0.6666666666666666,0.6548086577531306,0.08571428571428572,0.6,0.4,0.4727272727272727,0.48854680201562267,0.11428571428571428,0.4
17465,10,0.0,0.0,0.0,0.0,0.0,0.1,0.09090909090909091,0.07839826897867533,0.1,0.1
21377,16,0.4,0.5333333333333333,0.5087403079104241,0.125,0.4,0.2,0.32727272727272727,0.3301376494471202,0.125,0.2
22725,11,0.6,0.6666666666666666,0.6548086577531306,0.2727272727272727,0.6,0.3,0.45454545454545453,0.424926013816671,0.2727272727272727,0.3
4026,9,0.2,0.19999999999999998,0.16958010263680803,0.1111111111111111,0.2,0.1111111111111111,0.14814814814814814,0.11752277470724269,0.1111111111111111,0.1
24195,16,0.2,0.26666666666666666,0.2139862647345275,0.0625,0.2,0.2,0.23636363636363636,0.21222636597291453,0.125,0.2
14461,7,0.2,0.3333333333333333,0.33916020527361607,0.14285714285714285,0.2,0.14285714285714285,0.2040816326530612,0.27487633291429087,0.14285714285714285,0.1
29433,2,0.5,0.5555555555555556,0.6131471927654584,0.5,0.2,0.5,0.5263157894736842,0.6131471927654584,0.5,0.1
27733,6,0.2,0.3333333333333333,0.33916020527361607,0.16666666666666666,0.2,0.16666666666666666,0.2222222222222222,0.30260241349881345,0.16666666666666666,0.1
19383,8,0.0,0.0,0.0,0.0,0.0,0.0,0.0,0.0,0.0,0.0
9085,23,0.8,0.9333333333333332,0.8687949224876582,0.17391304347826086,0.8,0.5,0.7090909090909091,0.6421867266689009,0.21739130434782608,0.5
26026,4,0.0,0.0,0.0,0.0,0.0,0.25,0.0,0.0,0.25,0.1
21821,3,0.0,0.0,0.0,0.0,0.0,0.0,0.0,0.0,0.0,0.0
8601,3,0.0,0.0,0.0,0.0,0.0,0.0,0.0,0.0,0.0,0.0
7260,26,0.0,0.0,0.0,0.0,0.0,0.1,0.09090909090909091,0.07839826897867533,0.038461538461538464,0.1
29459,24,0.8,0.9333333333333332,0.8687949224876582,0.16666666666666666,0.8,0.5,0.7090909090909091,0.6421867266689009,0.20833333333333334,0.5
15229,20,0.0,0.0,0.0,0.0,0.0,0.0,0.0,0.0,0.0,0.0
11065,5,0.0,0.0,0.0,0.0,0.0,0.0,0.0,0.0,0.0,0.0
5440,3,0.0,0.0,0.0,0.0,0.0,0.0,0.0,0.0,0.0,0.0
12542,12,0.0,0.0,0.0,0.0,0.0,0.1,0.07272727272727274,0.07336392209936006,0.08333333333333333,0.1
6068,1,0.0,0.0,0.0,0.0,0.0,0.0,0.0,0.0,0.0,0.0
28349,4,0.25,0.35714285714285715,0.39038004999210163,0.25,0.2,0.25,0.2941176470588235,0.39038004999210163,0.25,0.1
30579,3,0.0,0.0,0.0,0.0,0.0,0.3333333333333333,0.0,0.0,0.3333333333333333,0.1
14814,1,0.0,0.0,0.0,0.0,0.0,0.0,0.0,0.0,0.0,0.0
1535,10,0.2,0.3333333333333333,0.33916020527361607,0.1,0.2,0.1,0.18181818181818182,0.22009176629808014,0.1,0.1
17234,6,0.2,0.3333333333333333,0.33916020527361607,0.16666666666666666,0.2,0.16666666666666666,0.2222222222222222,0.30260241349881345,0.16666666666666666,0.1
8924,5,0.0,0.0,0.0,0.0,0.0,0.0,0.0,0.0,0.0,0.0
14117,34,0.6,0.7999999999999999,0.7227265726449518,0.08823529411764706,0.6,0.5,0.5818181818181819,0.6059848036189865,0.14705882352941177,0.5
25627,9,0.2,0.06666666666666665,0.13120507751234176,0.1111111111111111,0.2,0.2222222222222222,0.14814814814814814,0.16168379134005942,0.2222222222222222,0.2
30891,6,0.2,0.3333333333333333,0.33916020527361607,0.16666666666666666,0.2,0.16666666666666666,0.2222222222222222,0.30260241349881345,0.16666666666666666,0.1
20049,1,1.0,1.0,1.0,1.0,0.2,1.0,1.0,1.0,1.0,0.1
4451,5,0.4,0.6,0.5531464700081437,0.4,0.4,0.4,0.475,0.5531464700081437,0.4,0.2
30066,1,0.0,0.0,0.0,0.0,0.0,0.0,0.0,0.0,0.0,0.0
16537,16,0.4,0.6,0.5531464700081437,0.125,0.4,0.2,0.34545454545454546,0.3589542101716347,0.125,0.2
25166,18,0.2,0.3333333333333333,0.33916020527361607,0.05555555555555555,0.2,0.2,0.23636363636363636,0.2895229882348574,0.1111111111111111,0.2
6565,14,0.2,0.3333333333333333,0.33916020527361607,0.07142857142857142,0.2,0.2,0.21818181818181817,0.28634598975246917,0.14285714285714285,0.2
8642,14,0.4,0.39999999999999997,0.4703652827859578,0.14285714285714285,0.4,0.3,0.32727272727272727,0.37148910739409013,0.21428571428571427,0.3
9921,2,0.5,0.5555555555555556,0.6131471927654584,0.5,0.2,0.5,0.5263157894736842,0.6131471927654584,0.5,0.1
25463,1,1.0,1.0,1.0,1.0,0.2,1.0,1.0,1.0,1.0,0.1
11996,1,1.0,1.0,1.0,1.0,0.2,1.0,1.0,1.0,1.0,0.1
4301,9,0.2,0.06666666666666665,0.13120507751234176,0.1111111111111111,0.2,0.1111111111111111,0.1111111111111111,0.09092803061897882,0.1111111111111111,0.1
12822,11,0.2,0.3333333333333333,0.33916020527361607,0.09090909090909091,0.2,0.1,0.18181818181818182,0.22009176629808014,0.09090909090909091,0.1
16910,9,0.0,0.0,0.0,0.0,0.0,0.0,0.0,0.0,0.0,0.0
11201,10,0.6,0.7333333333333334,0.6992148198508501,0.3,0.6,0.4,0.5454545454545454,0.5271064966405455,0.4,0.4
14917,12,0.2,0.06666666666666665,0.13120507751234176,0.08333333333333333,0.2,0.1,0.10909090909090909,0.08514311764162097,0.08333333333333333,0.1
13875,2,0.5,0.5555555555555556,0.6131471927654584,0.5,0.2,1.0,0.5263157894736842,0.6131471927654584,1.0,0.2
23894,16,0.4,0.4666666666666666,0.48522855511632257,0.125,0.4,0.3,0.38181818181818183,0.38824405276699103,0.1875,0.3
14672,35,0.2,0.3333333333333333,0.33916020527361607,0.02857142857142857,0.2,0.2,0.23636363636363636,0.2895229882348574,0.05714285714285714,0.2
4011,7,0.4,0.4000000000000001,0.3600546145772339,0.2857142857142857,0.4,0.2857142857142857,0.32653061224489793,0.29181044994360233,0.2857142857142857,0.2
24073,17,0.2,0.19999999999999998,0.16958010263680803,0.058823529411764705,0.2,0.1,0.14545454545454548,0.11004588314904007,0.058823529411764705,0.1
14251,2,0.0,0.0,0.0,0.0,0.0,0.0,0.0,0.0,0.0,0.0
8380,20,0.8,0.8666666666666666,0.8539316501572936,0.2,0.8,0.5,0.6545454545454547,0.623574432899073,0.25,0.5
26711,5,0.2,0.3333333333333333,0.33916020527361607,0.2,0.2,0.2,0.25,0.33916020527361607,0.2,0.1
9902,15,0.4,0.4666666666666666,0.38356636737133554,0.13333333333333333,0.4,0.2,0.30909090909090914,0.24890832702259458,0.13333333333333333,0.2
4516,8,0.0,0.0,0.0,0.0,0.0,0.0,0.0,0.0,0.0,0.0
4824,11,0.0,0.0,0.0,0.0,0.0,0.0,0.0,0.0,0.0,0.0
87,1,0.0,0.0,0.0,0.0,0.0,0.0,0.0,0.0,0.0,0.0
30562,17,0.2,0.3333333333333333,0.33916020527361607,0.058823529411764705,0.2,0.1,0.18181818181818182,0.22009176629808014,0.058823529411764705,0.1
2228,13,0.2,0.3333333333333333,0.33916020527361607,0.07692307692307693,0.2,0.1,0.18181818181818182,0.22009176629808014,0.07692307692307693,0.1
24112,2,0.0,0.0,0.0,0.0,0.0,0.0,0.0,0.0,0.0,0.0
24211,22,0.2,0.13333333333333333,0.14606834984270645,0.045454545454545456,0.2,0.2,0.2,0.16815228646891084,0.09090909090909091,0.2
4755,22,0.4,0.19999999999999998,0.2772734273550482,0.09090909090909091,0.4,0.7,0.5090909090909091,0.5309999066793251,0.3181818181818182,0.7
8216,3,0.3333333333333333,0.0,0.0,0.3333333333333333,0.2,0.3333333333333333,0.0,0.0,0.3333333333333333,0.1
24790,6,0.2,0.3333333333333333,0.33916020527361607,0.16666666666666666,0.2,0.16666666666666666,0.2222222222222222,0.30260241349881345,0.16666666666666666,0.1
3046,37,0.4,0.3333333333333333,0.34519134224686926,0.05405405405405406,0.4,0.2,0.2727272727272727,0.22400556151517548,0.05405405405405406,0.2
4681,3,0.0,0.0,0.0,0.0,0.0,0.0,0.0,0.0,0.0,0.0
4867,3,0.6666666666666666,0.0,0.0,0.6666666666666666,0.4,0.6666666666666666,0.0,0.0,0.6666666666666666,0.2
7155,1,1.0,1.0,1.0,1.0,0.2,1.0,1.0,1.0,1.0,0.1
560,6,0.0,0.0,0.0,0.0,0.0,0.0,0.0,0.0,0.0,0.0
7481,1,0.0,0.0,0.0,0.0,0.0,0.0,0.0,0.0,0.0,0.0
5215,30,0.0,0.0,0.0,0.0,0.0,0.0,0.0,0.0,0.0,0.0
4529,1,0.0,0.0,0.0,0.0,0.0,0.0,0.0,0.0,0.0,0.0
29985,11,0.2,0.3333333333333333,0.33916020527361607,0.09090909090909091,0.2,0.1,0.18181818181818182,0.22009176629808014,0.09090909090909091,0.1
15208,34,0.2,0.13333333333333333,0.14606834984270645,0.029411764705882353,0.2,0.2,0.1636363636363636,0.16104258782393982,0.058823529411764705,0.2
770,38,0.4,0.4666666666666666,0.48522855511632257,0.05263157894736842,0.4,0.3,0.4,0.3932783996463063,0.07894736842105263,0.3
26104,18,0.0,0.0,0.0,0.0,0.0,0.0,0.0,0.0,0.0,0.0
2768,35,0.8,0.9333333333333332,0.8687949224876582,0.11428571428571428,0.8,0.5,0.7090909090909091,0.6421867266689009,0.14285714285714285,0.5
2368,1,1.0,0.0,0.0,1.0,0.2,1.0,0.0,0.0,1.0,0.1
928,20,0.4,0.26666666666666666,0.3007851801491498,0.1,0.4,0.2,0.2545454545454545,0.19518900079066104,0.1,0.2
4242,4,0.0,0.0,0.0,0.0,0.0,0.0,0.0,0.0,0.0,0.0
26498,5,0.2,0.3333333333333333,0.33916020527361607,0.2,0.2,0.4,0.25,0.33916020527361607,0.4,0.2
24442,15,0.2,0.3333333333333333,0.33916020527361607,0.06666666666666667,0.2,0.1,0.18181818181818182,0.22009176629808014,0.06666666666666667,0.1
23484,14,0.4,0.4666666666666666,0.48522855511632257,0.14285714285714285,0.4,0.2,0.3090909090909091,0.31488013066763093,0.14285714285714285,0.2
18422,13,0.6,0.7999999999999999,0.7227265726449518,0.23076923076923078,0.6,0.4,0.5272727272727273,0.5352543167750639,0.3076923076923077,0.4
22784,7,0.0,0.0,0.0,0.0,0.0,0.0,0.0,0.0,0.0,0.0
18577,16,0.2,0.3333333333333333,0.33916020527361607,0.0625,0.2,0.2,0.2,0.2837125544970318,0.125,0.2
15503,1,0.0,0.0,0.0,0.0,0.0,0.0,0.0,0.0,0.0,0.0
28496,1,1.0,1.0,1.0,1.0,0.2,1.0,1.0,1.0,1.0,0.1
16204,7,0.2,0.3333333333333333,0.33916020527361607,0.14285714285714285,0.2,0.2857142857142857,0.3061224489795918,0.3727892582642587,0.2857142857142857,0.2
736,17,0.2,0.26666666666666666,0.2139862647345275,0.058823529411764705,0.2,0.2,0.2,0.2051166673279435,0.11764705882352941,0.2
23968,53,0.4,0.5333333333333333,0.5087403079104241,0.03773584905660377,0.4,0.3,0.34545454545454546,0.3937584376460719,0.05660377358490566,0.3
3888,9,0.2,0.13333333333333333,0.14606834984270645,0.1111111111111111,0.2,0.1111111111111111,0.12962962962962962,0.10122860821230019,0.1111111111111111,0.1
16927,2,0.0,0.0,0.0,0.0,0.0,0.0,0.0,0.0,0.0,0.0
24420,1,0.0,0.0,0.0,0.0,0.0,0.0,0.0,0.0,0.0,0.0
23943,1,1.0,1.0,1.0,1.0,0.2,1.0,1.0,1.0,1.0,0.1
10921,8,0.0,0.0,0.0,0.0,0.0,0.0,0.0,0.0,0.0,0.0
26755,5,0.0,0.0,0.0,0.0,0.0,0.2,0.0,0.0,0.2,0.1
25137,16,0.2,0.06666666666666665,0.13120507751234176,0.0625,0.2,0.2,0.14545454545454545,0.15139734109601,0.125,0.2
6817,4,0.0,0.0,0.0,0.0,0.0,0.0,0.0,0.0,0.0,0.0
16515,7,0.4,0.3333333333333333,0.34519134224686926,0.2857142857142857,0.4,0.2857142857142857,0.3061224489795918,0.2797643380184692,0.2857142857142857,0.2
22697,26,0.0,0.0,0.0,0.0,0.0,0.2,0.14545454545454548,0.14782949091545258,0.07692307692307693,0.2
14235,7,0.0,0.0,0.0,0.0,0.0,0.0,0.0,0.0,0.0,0.0
29778,6,0.2,0.3333333333333333,0.33916020527361607,0.16666666666666666,0.2,0.16666666666666666,0.2222222222222222,0.30260241349881345,0.16666666666666666,0.1
22693,35,0.0,0.0,0.0,0.0,0.0,0.2,0.10909090909090909,0.13961814555374907,0.05714285714285714,0.2
22636,12,0.6,0.5333333333333333,0.5147714448836773,0.25,0.6,0.3,0.4181818181818182,0.3340514446642156,0.25,0.3
15901,7,0.2,0.06666666666666665,0.13120507751234176,0.14285714285714285,0.2,0.14285714285714285,0.12244897959183672,0.10633668103022983,0.14285714285714285,0.1
18371,1,1.0,1.0,1.0,1.0,0.2,1.0,1.0,1.0,1.0,0.1
11736,6,0.0,0.0,0.0,0.0,0.0,0.16666666666666666,0.1111111111111111,0.10778915452451095,0.16666666666666666,0.1
9964,26,0.2,0.19999999999999998,0.16958010263680803,0.038461538461538464,0.2,0.2,0.23636363636363636,0.1884441521277154,0.07692307692307693,0.2
4592,21,0.4,0.6,0.5531464700081437,0.09523809523809523,0.4,0.3,0.43636363636363634,0.43735247915031,0.14285714285714285,0.3
23293,10,0.0,0.0,0.0,0.0,0.0,0.1,0.018181818181818177,0.0636207881989517,0.1,0.1
17651,15,0.0,0.0,0.0,0.0,0.0,0.0,0.0,0.0,0.0,0.0
28275,5,0.0,0.0,0.0,0.0,0.0,0.0,0.0,0.0,0.0,0.0
6980,1,0.0,0.0,0.0,0.0,0.0,0.0,0.0,0.0,0.0,0.0
19497,10,0.2,0.3333333333333333,0.33916020527361607,0.1,0.2,0.1,0.18181818181818182,0.22009176629808014,0.1,0.1
16214,40,0.4,0.3333333333333333,0.34519134224686926,0.05,0.4,0.3,0.34545454545454546,0.2973694836145355,0.075,0.3
3923,53,0.2,0.3333333333333333,0.33916020527361607,0.018867924528301886,0.2,0.3,0.3090909090909091,0.3647442587311445,0.05660377358490566,0.3
13047,17,0.6,0.6666666666666666,0.6548086577531306,0.17647058823529413,0.6,0.3,0.45454545454545453,0.424926013816671,0.17647058823529413,0.3
8541,11,0.2,0.26666666666666666,0.2139862647345275,0.09090909090909091,0.2,0.2,0.21818181818181823,0.20829366581033176,0.18181818181818182,0.2
19274,3,0.0,0.0,0.0,0.0,0.0,0.0,0.0,0.0,0.0,0.0
4780,9,0.4,0.5333333333333333,0.5087403079104241,0.2222222222222222,0.4,0.2222222222222222,0.3333333333333333,0.352568324121728,0.2222222222222222,0.2
28370,9,0.0,0.0,0.0,0.0,0.0,0.0,0.0,0.0,0.0,0.0
27216,7,0.4,0.6,0.5531464700081437,0.2857142857142857,0.4,0.42857142857142855,0.38775510204081626,0.4483039899025303,0.42857142857142855,0.3
27019,13,0.6,0.7999999999999999,0.7227265726449518,0.23076923076923078,0.6,0.4,0.5454545454545454,0.538431315257452,0.3076923076923077,0.4
23932,7,0.4,0.4000000000000001,0.3600546145772339,0.2857142857142857,0.4,0.5714285714285714,0.42857142857142855,0.3897233752935701,0.5714285714285714,0.4
24343,40,0.4,0.26666666666666666,0.3007851801491498,0.05,0.4,0.3,0.2727272727272727,0.2588097889896127,0.075,0.3
12968,20,0.4,0.4666666666666666,0.38356636737133554,0.1,0.4,0.2,0.30909090909090914,0.24890832702259458,0.1,0.2
12778,1,0.0,0.0,0.0,0.0,0.0,0.0,0.0,0.0,0.0,0.0
1120,6,0.4,0.39999999999999997,0.4703652827859578,0.3333333333333333,0.4,0.3333333333333333,0.35555555555555557,0.4196650066367769,0.3333333333333333,0.2
26070,16,0.6,0.7999999999999999,0.7227265726449518,0.1875,0.6,0.4,0.5636363636363636,0.5423640154200349,0.25,0.4
17388,1,0.0,0.0,0.0,0.0,0.0,0.0,0.0,0.0,0.0,0.0
16900,4,0.0,0.0,0.0,0.0,0.0,0.25,0.0,0.0,0.25,0.1
3627,19,0.4,0.5333333333333333,0.5087403079104241,0.10526315789473684,0.4,0.3,0.4,0.40350157154648025,0.15789473684210525,0.3
1078,17,0.2,0.19999999999999998,0.16958010263680803,0.058823529411764705,0.2,0.1,0.14545454545454548,0.11004588314904007,0.058823529411764705,0.1
25296,2,0.0,0.0,0.0,0.0,0.0,0.0,0.0,0.0,0.0,0.0
13903,1,0.0,0.0,0.0,0.0,0.0,0.0,0.0,0.0,0.0,0.0
1873,6,0.2,0.3333333333333333,0.33916020527361607,0.16666666666666666,0.2,0.16666666666666666,0.2222222222222222,0.30260241349881345,0.16666666666666666,0.1
26450,23,0.6,0.5333333333333333,0.5147714448836773,0.13043478260869565,0.6,0.3,0.4181818181818182,0.3340514446642156,0.13043478260869565,0.3
840,3,0.3333333333333333,0.4166666666666667,0.46927872602275644,0.3333333333333333,0.2,0.3333333333333333,0.37037037037037035,0.46927872602275644,0.3333333333333333,0.1
3536,8,0.4,0.3333333333333333,0.31564845247951445,0.25,0.4,0.5,0.34615384615384615,0.3152023825640326,0.5,0.4
15787,6,0.0,0.0,0.0,0.0,0.0,0.16666666666666666,0.1111111111111111,0.10778915452451095,0.16666666666666666,0.1
2743,33,0.2,0.3333333333333333,0.33916020527361607,0.030303030303030304,0.2,0.3,0.23636363636363633,0.3499667779514209,0.09090909090909091,0.3
22908,1,1.0,0.0,0.0,1.0,0.2,1.0,0.0,0.0,1.0,0.1
4931,6,0.2,0.19999999999999998,0.16958010263680803,0.16666666666666666,0.2,0.16666666666666666,0.17777777777777778,0.15130120674940672,0.16666666666666666,0.1
5877,1,0.0,0.0,0.0,0.0,0.0,0.0,0.0,0.0,0.0,0.0
27071,1,0.0,0.0,0.0,0.0,0.0,0.0,0.0,0.0,0.0,0.0
2871,21,0.0,0.0,0.0,0.0,0.0,0.0,0.0,0.0,0.0,0.0
19485,1,0.0,0.0,0.0,0.0,0.0,0.0,0.0,0.0,0.0,0.0
15524,20,0.6,0.6666666666666666,0.6548086577531306,0.15,0.6,0.5,0.6,0.5727555047321236,0.25,0.5
16905,9,0.2,0.3333333333333333,0.33916020527361607,0.1111111111111111,0.2,0.1111111111111111,0.18518518518518517,0.23504554941448538,0.1111111111111111,0.1
30224,8,0.2,0.19999999999999998,0.16958010263680803,0.125,0.2,0.125,0.15384615384615385,0.12647135138382856,0.125,0.1
14297,13,0.4,0.5333333333333333,0.5087403079104241,0.15384615384615385,0.4,0.3,0.38181818181818183,0.3995688713838974,0.23076923076923078,0.3
14487,7,0.6,0.6666666666666666,0.6843515475204854,0.42857142857142855,0.6,0.42857142857142855,0.5102040816326531,0.5546406709327601,0.42857142857142855,0.3
2907,7,0.2,0.3333333333333333,0.33916020527361607,0.14285714285714285,0.2,0.2857142857142857,0.3061224489795918,0.3727892582642587,0.2857142857142857,0.2
27150,2,0.5,0.0,0.0,0.5,0.2,0.5,0.0,0.0,0.5,0.1
20258,15,0.2,0.26666666666666666,0.2139862647345275,0.06666666666666667,0.2,0.1,0.16363636363636364,0.1388624438735545,0.06666666666666667,0.1
326,3,0.0,0.0,0.0,0.0,0.0,0.0,0.0,0.0,0.0,0.0
2336,9,0.0,0.0,0.0,0.0,0.0,0.0,0.0,0.0,0.0,0.0
6881,34,0.4,0.5333333333333333,0.5087403079104241,0.058823529411764705,0.4,0.2,0.32727272727272727,0.3301376494471202,0.058823529411764705,0.2
9799,7,0.0,0.0,0.0,0.0,0.0,0.0,0.0,0.0,0.0,0.0
1074,7,0.0,0.0,0.0,0.0,0.0,0.2857142857142857,0.08163265306122448,0.09162544430476363,0.2857142857142857,0.2
28411,6,0.0,0.0,0.0,0.0,0.0,0.0,0.0,0.0,0.0,0.0
18091,35,0.2,0.06666666666666665,0.13120507751234176,0.02857142857142857,0.2,0.2,0.16363636363636364,0.15457433957839825,0.05714285714285714,0.2
2681,16,0.2,0.3333333333333333,0.33916020527361607,0.0625,0.2,0.1,0.18181818181818182,0.22009176629808014,0.0625,0.1
3481,10,0.0,0.0,0.0,0.0,0.0,0.0,0.0,0.0,0.0,0.0
4865,2,0.5,0.5555555555555556,0.6131471927654584,0.5,0.2,0.5,0.5263157894736842,0.6131471927654584,0.5,0.1
4003,5,0.2,0.06666666666666665,0.13120507751234176,0.2,0.2,0.4,0.15,0.13120507751234176,0.4,0.2
15833,27,0.6,0.5333333333333333,0.5147714448836773,0.1111111111111111,0.6,0.5,0.5636363636363637,0.4818809355796681,0.18518518518518517,0.5
15490,19,0.6,0.39999999999999997,0.4468535299918562,0.15789473684210525,0.6,0.5,0.49090909090909096,0.4295955107139609,0.2631578947368421,0.5
11856,19,0.2,0.26666666666666666,0.2139862647345275,0.05263157894736842,0.2,0.3,0.2727272727272727,0.2784805894273035,0.15789473684210525,0.3
3529,12,0.0,0.0,0.0,0.0,0.0,0.0,0.0,0.0,0.0,0.0
711,29,0.2,0.06666666666666665,0.13120507751234176,0.034482758620689655,0.2,0.3,0.21818181818181817,0.22476126319537001,0.10344827586206896,0.3
16117,9,0.2,0.3333333333333333,0.33916020527361607,0.1111111111111111,0.2,0.1111111111111111,0.18518518518518517,0.23504554941448538,0.1111111111111111,0.1
580,1,0.0,0.0,0.0,0.0,0.0,0.0,0.0,0.0,0.0,0.0
9378,10,0.2,0.3333333333333333,0.33916020527361607,0.1,0.2,0.2,0.2,0.2837125544970318,0.2,0.2
26945,9,0.2,0.26666666666666666,0.2139862647345275,0.1111111111111111,0.2,0.3333333333333333,0.33333333333333326,0.3103706610408377,0.3333333333333333,0.3
30339,17,0.2,0.3333333333333333,0.33916020527361607,0.058823529411764705,0.2,0.1,0.18181818181818182,0.22009176629808014,0.058823529411764705,0.1
27948,8,0.6,0.7333333333333334,0.6992148198508501,0.375,0.6,0.5,0.4999999999999999,0.5214682725103094,0.5,0.4
7701,3,0.3333333333333333,0.25,0.23463936301137822,0.3333333333333333,0.2,0.3333333333333333,0.2962962962962963,0.23463936301137822,0.3333333333333333,0.1
23841,1,1.0,0.0,0.0,1.0,0.2,1.0,0.0,0.0,1.0,0.1
25186,12,0.2,0.3333333333333333,0.33916020527361607,0.08333333333333333,0.2,0.2,0.2545454545454545,0.29345568839744024,0.16666666666666666,0.2
1328,3,0.0,0.0,0.0,0.0,0.0,0.0,0.0,0.0,0.0,0.0
10453,3,0.0,0.0,0.0,0.0,0.0,0.0,0.0,0.0,0.0,0.0
12720,7,0.2,0.3333333333333333,0.33916020527361607,0.14285714285714285,0.2,0.14285714285714285,0.2040816326530612,0.27487633291429087,0.14285714285714285,0.1
13433,4,0.0,0.0,0.0,0.0,0.0,0.0,0.0,0.0,0.0,0.0
26987,12,0.6,0.6,0.6399453854227659,0.25,0.6,0.5,0.5636363636363636,0.5580759111248785,0.4166666666666667,0.5
19429,11,0.2,0.19999999999999998,0.16958010263680803,0.09090909090909091,0.2,0.1,0.14545454545454548,0.11004588314904007,0.09090909090909091,0.1
18458,1,0.0,0.0,0.0,0.0,0.0,0.0,0.0,0.0,0.0,0.0
10636,12,0.0,0.0,0.0,0.0,0.0,0.0,0.0,0.0,0.0,0.0
5881,31,0.2,0.26666666666666666,0.2139862647345275,0.03225806451612903,0.2,0.3,0.21818181818181823,0.2687374555268952,0.0967741935483871,0.3
10801,75,0.8,0.8666666666666666,0.8539316501572936,0.05333333333333334,0.8,0.7,0.7454545454545454,0.7624164915943119,0.09333333333333334,0.7
15707,2,0.0,0.0,0.0,0.0,0.0,0.0,0.0,0.0,0.0,0.0
22860,5,0.2,0.3333333333333333,0.33916020527361607,0.2,0.2,0.2,0.25,0.33916020527361607,0.2,0.1
14555,1,0.0,0.0,0.0,0.0,0.0,0.0,0.0,0.0,0.0,0.0
5160,97,0.8,0.8000000000000002,0.8304198973631919,0.041237113402061855,0.8,0.5,0.6727272727272727,0.6172839611614818,0.05154639175257732,0.5
29331,9,0.0,0.0,0.0,0.0,0.0,0.0,0.0,0.0,0.0,0.0
26874,10,0.4,0.39999999999999997,0.4703652827859578,0.2,0.4,0.3,0.32727272727272727,0.37148910739409013,0.3,0.3
24713,1,0.0,0.0,0.0,0.0,0.0,0.0,0.0,0.0,0.0,0.0
16478,1,0.0,0.0,0.0,0.0,0.0,0.0,0.0,0.0,0.0,0.0
22163,17,0.2,0.3333333333333333,0.33916020527361607,0.058823529411764705,0.2,0.1,0.18181818181818182,0.22009176629808014,0.058823529411764705,0.1
24896,5,0.0,0.0,0.0,0.0,0.0,0.2,0.0,0.0,0.2,0.1
10559,2,0.0,0.0,0.0,0.0,0.0,0.0,0.0,0.0,0.0,0.0
203,1,0.0,0.0,0.0,0.0,0.0,0.0,0.0,0.0,0.0,0.0
14827,21,0.2,0.13333333333333333,0.14606834984270645,0.047619047619047616,0.2,0.1,0.12727272727272726,0.09478836436955078,0.047619047619047616,0.1
10147,8,0.2,0.3333333333333333,0.33916020527361607,0.125,0.2,0.25,0.1923076923076923,0.2529427027676571,0.25,0.2
13796,39,0.6,0.6666666666666666,0.6548086577531306,0.07692307692307693,0.6,0.5,0.5272727272727272,0.5579780239523999,0.1282051282051282,0.5
12277,28,0.4,0.5333333333333333,0.5087403079104241,0.07142857142857142,0.4,0.3,0.34545454545454546,0.3937584376460719,0.10714285714285714,0.3
7331,22,0.6,0.39999999999999997,0.4468535299918562,0.13636363636363635,0.6,0.4,0.43636363636363645,0.3594085870969891,0.18181818181818182,0.4
24673,2,0.0,0.0,0.0,0.0,0.0,0.0,0.0,0.0,0.0,0.0
9359,3,0.0,0.0,0.0,0.0,0.0,0.0,0.0,0.0,0.0,0.0
25642,47,0.6,0.6,0.6399453854227659,0.06382978723404255,0.6,0.4,0.5272727272727272,0.4936790360674165,0.0851063829787234,0.4
29215,31,0.0,0.0,0.0,0.0,0.0,0.2,0.10909090909090909,0.13961814555374907,0.06451612903225806,0.2
11608,3,0.0,0.0,0.0,0.0,0.0,0.0,0.0,0.0,0.0,0.0
25491,4,0.25,0.35714285714285715,0.39038004999210163,0.25,0.2,0.25,0.2941176470588235,0.39038004999210163,0.25,0.1
7246,40,0.6,0.6666666666666666,0.6548086577531306,0.075,0.6,0.3,0.45454545454545453,0.424926013816671,0.075,0.3
7719,4,0.0,0.0,0.0,0.0,0.0,0.0,0.0,0.0,0.0,0.0
17875,26,0.0,0.0,0.0,0.0,0.0,0.0,0.0,0.0,0.0,0.0
30236,24,0.4,0.5333333333333333,0.5087403079104241,0.08333333333333333,0.4,0.2,0.32727272727272727,0.3301376494471202,0.08333333333333333,0.2
11158,9,0.0,0.0,0.0,0.0,0.0,0.0,0.0,0.0,0.0,0.0
17673,2,0.0,0.0,0.0,0.0,0.0,0.0,0.0,0.0,0.0,0.0
17286,8,0.2,0.19999999999999998,0.16958010263680803,0.125,0.2,0.25,0.15384615384615385,0.12647135138382856,0.25,0.2
19223,18,0.0,0.0,0.0,0.0,0.0,0.0,0.0,0.0,0.0,0.0
25815,9,0.2,0.13333333333333333,0.14606834984270645,0.1111111111111111,0.2,0.1111111111111111,0.12962962962962962,0.10122860821230019,0.1111111111111111,0.1
1980,19,0.4,0.4000000000000001,0.3600546145772339,0.10526315789473684,0.4,0.2,0.29090909090909095,0.23365080824310527,0.10526315789473684,0.2
16210,9,0.2,0.06666666666666665,0.13120507751234176,0.1111111111111111,0.2,0.1111111111111111,0.1111111111111111,0.09092803061897882,0.1111111111111111,0.1
2341,15,0.8,0.8666666666666666,0.8539316501572936,0.26666666666666666,0.8,0.5,0.6909090909090909,0.6325414799409711,0.3333333333333333,0.5
17160,1,0.0,0.0,0.0,0.0,0.0,0.0,0.0,0.0,0.0,0.0
14040,8,0.2,0.3333333333333333,0.33916020527361607,0.125,0.2,0.25,0.28846153846153844,0.34304271142002485,0.25,0.2
12275,6,0.0,0.0,0.0,0.0,0.0,0.16666666666666666,0.0,0.0,0.16666666666666666,0.1
29379,4,0.25,0.35714285714285715,0.39038004999210163,0.25,0.2,0.25,0.2941176470588235,0.39038004999210163,0.25,0.1
16333,22,0.6,0.6666666666666666,0.6548086577531306,0.13636363636363635,0.6,0.7,0.7090909090909091,0.7123736502858726,0.3181818181818182,0.7
19605,7,0.0,0.0,0.0,0.0,0.0,0.0,0.0,0.0,0.0,0.0
10174,14,0.6,0.46666666666666673,0.4912596920895757,0.21428571428571427,0.6,0.3,0.4,0.31879392588472627,0.21428571428571427,0.3
15990,21,0.4,0.6,0.5531464700081437,0.09523809523809523,0.4,0.4,0.43636363636363634,0.4959389204699464,0.19047619047619047,0.4
11907,14,0.6,0.6666666666666666,0.6843515475204854,0.21428571428571427,0.6,0.4,0.509090909090909,0.5135285497500329,0.2857142857142857,0.4
18001,21,0.2,0.26666666666666666,0.2139862647345275,0.047619047619047616,0.2,0.2,0.2,0.2051166673279435,0.09523809523809523,0.2
30208,19,0.4,0.6,0.5531464700081437,0.10526315789473684,0.4,0.2,0.34545454545454546,0.3589542101716347,0.10526315789473684,0.2
29140,13,0.0,0.0,0.0,0.0,0.0,0.0,0.0,0.0,0.0,0.0
10373,9,0.4,0.6,0.5531464700081437,0.2222222222222222,0.4,0.2222222222222222,0.3518518518518518,0.38334277998463445,0.2222222222222222,0.2
16233,4,0.25,0.35714285714285715,0.39038004999210163,0.25,0.2,0.25,0.2941176470588235,0.39038004999210163,0.25,0.1
18387,5,0.2,0.3333333333333333,0.33916020527361607,0.2,0.2,0.4,0.25,0.33916020527361607,0.4,0.2
3265,17,0.4,0.39999999999999997,0.4703652827859578,0.11764705882352941,0.4,0.4,0.45454545454545453,0.45699707501773645,0.23529411764705882,0.4
16651,15,0.2,0.13333333333333333,0.14606834984270645,0.06666666666666667,0.2,0.1,0.12727272727272726,0.09478836436955078,0.06666666666666667,0.1
21965,3,0.6666666666666666,0.75,0.7653606369886217,0.6666666666666666,0.4,0.6666666666666666,0.7037037037037036,0.7653606369886217,0.6666666666666666,0.2
10643,5,0.2,0.13333333333333333,0.14606834984270645,0.2,0.2,0.4,0.175,0.14606834984270645,0.4,0.2
5993,3,0.0,0.0,0.0,0.0,0.0,0.0,0.0,0.0,0.0,0.0
24692,6,0.0,0.0,0.0,0.0,0.0,0.0,0.0,0.0,0.0,0.0
19612,47,0.8,0.9333333333333332,0.8687949224876582,0.0851063829787234,0.8,0.6,0.7272727272727273,0.7058075148678526,0.1276595744680851,0.6
12865,5,0.2,0.06666666666666665,0.13120507751234176,0.2,0.2,0.2,0.15,0.13120507751234176,0.2,0.1
14661,2,0.5,0.0,0.0,0.5,0.2,1.0,0.0,0.0,1.0,0.2
21419,14,0.0,0.0,0.0,0.0,0.0,0.0,0.0,0.0,0.0,0.0
10323,15,0.4,0.4666666666666666,0.38356636737133554,0.13333333333333333,0.4,0.2,0.30909090909090914,0.24890832702259458,0.13333333333333333,0.2
5653,2,0.0,0.0,0.0,0.0,0.0,0.0,0.0,0.0,0.0,0.0
19088,3,0.3333333333333333,0.4166666666666667,0.46927872602275644,0.3333333333333333,0.2,0.3333333333333333,0.37037037037037035,0.46927872602275644,0.3333333333333333,0.1
25067,25,0.4,0.4666666666666666,0.48522855511632257,0.08,0.4,0.2,0.3090909090909091,0.31488013066763093,0.08,0.2
19777,1,0.0,0.0,0.0,0.0,0.0,0.0,0.0,0.0,0.0,0.0
1216,2,0.0,0.0,0.0,0.0,0.0,0.0,0.0,0.0,0.0,0.0
15631,20,0.6,0.7333333333333334,0.6992148198508501,0.15,0.6,0.4,0.5454545454545454,0.5271064966405455,0.2,0.4
28072,3,0.3333333333333333,0.25,0.23463936301137822,0.3333333333333333,0.2,0.3333333333333333,0.2962962962962963,0.23463936301137822,0.3333333333333333,0.1
23735,2,0.0,0.0,0.0,0.0,0.0,0.0,0.0,0.0,0.0,0.0
11212,4,0.0,0.0,0.0,0.0,0.0,0.0,0.0,0.0,0.0,0.0
2169,6,0.0,0.0,0.0,0.0,0.0,0.0,0.0,0.0,0.0,0.0
5004,40,0.4,0.4666666666666666,0.48522855511632257,0.05,0.4,0.4,0.4181818181818182,0.456899187845258,0.1,0.4
20112,13,0.4,0.3333333333333333,0.31564845247951445,0.15384615384615385,0.4,0.2,0.2727272727272727,0.20483424751859083,0.15384615384615385,0.2
9525,16,0.2,0.26666666666666666,0.2139862647345275,0.0625,0.2,0.2,0.2,0.2051166673279435,0.125,0.2
29861,9,0.2,0.3333333333333333,0.33916020527361607,0.1111111111111111,0.2,0.1111111111111111,0.18518518518518517,0.23504554941448538,0.1111111111111111,0.1
13853,8,0.2,0.26666666666666666,0.2139862647345275,0.125,0.2,0.125,0.17307692307692307,0.1595890771248963,0.125,0.1
14581,11,0.4,0.19999999999999998,0.2772734273550482,0.18181818181818182,0.4,0.3,0.2727272727272727,0.24618570546556073,0.2727272727272727,0.3
244,9,0.0,0.0,0.0,0.0,0.0,0.1111111111111111,0.0,0.0,0.1111111111111111,0.1
27,3,0.3333333333333333,0.4166666666666667,0.46927872602275644,0.3333333333333333,0.2,0.3333333333333333,0.37037037037037035,0.46927872602275644,0.3333333333333333,0.1
13534,11,0.0,0.0,0.0,0.0,0.0,0.0,0.0,0.0,0.0,0.0
30814,5,0.0,0.0,0.0,0.0,0.0,0.0,0.0,0.0,0.0,0.0
26928,5,0.0,0.0,0.0,0.0,0.0,0.0,0.0,0.0,0.0,0.0
348,4,0.0,0.0,0.0,0.0,0.0,0.0,0.0,0.0,0.0,0.0
22858,4,0.25,0.28571428571428575,0.2463023887407299,0.25,0.2,0.25,0.2647058823529412,0.2463023887407299,0.25,0.1
22610,39,0.2,0.3333333333333333,0.33916020527361607,0.02564102564102564,0.2,0.3,0.3090909090909091,0.36288691033421744,0.07692307692307693,0.3
21513,4,0.25,0.35714285714285715,0.39038004999210163,0.25,0.2,0.25,0.2941176470588235,0.39038004999210163,0.25,0.1
19836,1,0.0,0.0,0.0,0.0,0.0,0.0,0.0,0.0,0.0,0.0
20808,9,0.0,0.0,0.0,0.0,0.0,0.0,0.0,0.0,0.0,0.0
29229,6,0.6,0.6666666666666666,0.6548086577531306,0.5,0.6,0.5,0.5555555555555556,0.5842273861585908,0.5,0.3
25659,4,0.0,0.0,0.0,0.0,0.0,0.0,0.0,0.0,0.0,0.0
23679,7,0.2,0.19999999999999998,0.16958010263680803,0.14285714285714285,0.2,0.2857142857142857,0.2448979591836735,0.22906361076190904,0.2857142857142857,0.2
12904,19,0.0,0.0,0.0,0.0,0.0,0.1,0.036363636363636355,0.06625422345438903,0.05263157894736842,0.1
23125,2,0.0,0.0,0.0,0.0,0.0,0.0,0.0,0.0,0.0,0.0
15559,4,0.0,0.0,0.0,0.0,0.0,0.0,0.0,0.0,0.0,0.0
30963,1,0.0,0.0,0.0,0.0,0.0,0.0,0.0,0.0,0.0,0.0
19063,10,0.2,0.26666666666666666,0.2139862647345275,0.1,0.2,0.1,0.16363636363636364,0.1388624438735545,0.1,0.1
14395,7,0.2,0.3333333333333333,0.33916020527361607,0.14285714285714285,0.2,0.14285714285714285,0.2040816326530612,0.27487633291429087,0.14285714285714285,0.1
16423,11,0.4,0.5333333333333333,0.5087403079104241,0.18181818181818182,0.4,0.2,0.32727272727272727,0.3301376494471202,0.18181818181818182,0.2
27207,4,0.25,0.0,0.0,0.25,0.2,0.25,0.0,0.0,0.25,0.1
6451,1,0.0,0.0,0.0,0.0,0.0,0.0,0.0,0.0,0.0,0.0
20454,1,0.0,0.0,0.0,0.0,0.0,0.0,0.0,0.0,0.0,0.0
1005,6,0.2,0.3333333333333333,0.33916020527361607,0.16666666666666666,0.2,0.16666666666666666,0.2222222222222222,0.30260241349881345,0.16666666666666666,0.1
28611,5,0.2,0.3333333333333333,0.33916020527361607,0.2,0.2,0.2,0.25,0.33916020527361607,0.2,0.1
28515,16,0.0,0.0,0.0,0.0,0.0,0.1,0.05454545454545456,0.06943122193677725,0.0625,0.1
9583,5,0.0,0.0,0.0,0.0,0.0,0.0,0.0,0.0,0.0,0.0
27828,1,0.0,0.0,0.0,0.0,0.0,0.0,0.0,0.0,0.0,0.0
28150,22,0.6,0.6,0.6399453854227659,0.13636363636363635,0.6,0.5,0.49090909090909085,0.5451557787420819,0.22727272727272727,0.5
13935,14,0.2,0.3333333333333333,0.33916020527361607,0.07142857142857142,0.2,0.2,0.2545454545454545,0.29345568839744024,0.14285714285714285,0.2
22326,17,0.4,0.4666666666666666,0.48522855511632257,0.11764705882352941,0.4,0.3,0.3272727272727272,0.3785009188665826,0.17647058823529413,0.3
25120,4,0.25,0.35714285714285715,0.39038004999210163,0.25,0.2,0.25,0.2941176470588235,0.39038004999210163,0.25,0.1
8390,6,0.0,0.0,0.0,0.0,0.0,0.0,0.0,0.0,0.0,0.0
28154,30,0.4,0.26666666666666666,0.3007851801491498,0.06666666666666667,0.4,0.2,0.2545454545454545,0.19518900079066104,0.06666666666666667,0.2
27523,1,0.0,0.0,0.0,0.0,0.0,1.0,0.0,0.0,1.0,0.1
14014,11,0.2,0.06666666666666665,0.13120507751234176,0.09090909090909091,0.2,0.1,0.10909090909090909,0.08514311764162097,0.09090909090909091,0.1
24528,15,0.2,0.3333333333333333,0.33916020527361607,0.06666666666666667,0.2,0.1,0.18181818181818182,0.22009176629808014,0.06666666666666667,0.1
3569,11,0.2,0.3333333333333333,0.33916020527361607,0.09090909090909091,0.2,0.1,0.18181818181818182,0.22009176629808014,0.09090909090909091,0.1
21145,5,0.4,0.6,0.5531464700081437,0.4,0.4,0.6,0.475,0.5531464700081437,0.6,0.3
4868,1,0.0,0.0,0.0,0.0,0.0,0.0,0.0,0.0,0.0,0.0
1786,7,0.2,0.19999999999999998,0.16958010263680803,0.14285714285714285,0.2,0.2857142857142857,0.16326530612244897,0.13743816645714543,0.2857142857142857,0.2
8997,9,0.0,0.0,0.0,0.0,0.0,0.0,0.0,0.0,0.0,0.0
17938,28,0.2,0.06666666666666665,0.13120507751234176,0.03571428571428571,0.2,0.4,0.29090909090909095,0.30052609691860804,0.14285714285714285,0.4
5137,16,0.2,0.19999999999999998,0.16958010263680803,0.0625,0.2,0.2,0.21818181818181823,0.18340980524840012,0.125,0.2
17344,42,0.4,0.6,0.5531464700081437,0.047619047619047616,0.4,0.2,0.34545454545454546,0.3589542101716347,0.047619047619047616,0.2
8127,10,0.2,0.19999999999999998,0.16958010263680803,0.1,0.2,0.2,0.18181818181818182,0.1763001066034291,0.2,0.2
11866,1,1.0,0.0,0.0,1.0,0.2,1.0,0.0,0.0,1.0,0.1
4379,56,0.6,0.6666666666666666,0.6843515475204854,0.05357142857142857,0.6,0.3,0.45454545454545453,0.44409732781325567,0.05357142857142857,0.3
6404,10,0.0,0.0,0.0,0.0,0.0,0.0,0.0,0.0,0.0,0.0
26525,19,0.2,0.3333333333333333,0.33916020527361607,0.05263157894736842,0.2,0.2,0.23636363636363636,0.2895229882348574,0.10526315789473684,0.2
17082,7,0.0,0.0,0.0,0.0,0.0,0.0,0.0,0.0,0.0,0.0
3707,1,0.0,0.0,0.0,0.0,0.0,0.0,0.0,0.0,0.0,0.0
20851,1,0.0,0.0,0.0,0.0,0.0,0.0,0.0,0.0,0.0,0.0
4306,5,0.0,0.0,0.0,0.0,0.0,0.0,0.0,0.0,0.0,0.0
25746,3,0.0,0.0,0.0,0.0,0.0,0.0,0.0,0.0,0.0,0.0
13896,6,0.2,0.3333333333333333,0.33916020527361607,0.16666666666666666,0.2,0.16666666666666666,0.2222222222222222,0.30260241349881345,0.16666666666666666,0.1
8745,18,0.2,0.26666666666666666,0.2139862647345275,0.05555555555555555,0.2,0.1,0.16363636363636364,0.1388624438735545,0.05555555555555555,0.1
6873,5,0.2,0.3333333333333333,0.33916020527361607,0.2,0.2,0.2,0.25,0.33916020527361607,0.2,0.1
7663,31,0.2,0.13333333333333333,0.14606834984270645,0.03225806451612903,0.2,0.1,0.12727272727272726,0.09478836436955078,0.03225806451612903,0.1
2839,2,0.0,0.0,0.0,0.0,0.0,0.0,0.0,0.0,0.0,0.0
17296,2,0.0,0.0,0.0,0.0,0.0,0.0,0.0,0.0,0.0,0.0
4331,20,0.6,0.7333333333333334,0.6992148198508501,0.15,0.6,0.3,0.47272727272727266,0.4537425745411855,0.15,0.3
18892,14,0.2,0.26666666666666666,0.2139862647345275,0.07142857142857142,0.2,0.1,0.16363636363636364,0.1388624438735545,0.07142857142857142,0.1
30466,4,0.0,0.0,0.0,0.0,0.0,0.0,0.0,0.0,0.0,0.0
14622,24,0.4,0.4666666666666666,0.38356636737133554,0.08333333333333333,0.4,0.2,0.30909090909090914,0.24890832702259458,0.08333333333333333,0.2
12504,6,0.2,0.3333333333333333,0.33916020527361607,0.16666666666666666,0.2,0.16666666666666666,0.2222222222222222,0.30260241349881345,0.16666666666666666,0.1
22142,30,0.0,0.0,0.0,0.0,0.0,0.2,0.09090909090909091,0.13698471029831175,0.06666666666666667,0.2
26360,1,0.0,0.0,0.0,0.0,0.0,0.0,0.0,0.0,0.0,0.0
2862,14,0.2,0.3333333333333333,0.33916020527361607,0.07142857142857142,0.2,0.2,0.2727272727272727,0.2984900352767555,0.14285714285714285,0.2
28089,2,0.0,0.0,0.0,0.0,0.0,0.0,0.0,0.0,0.0,0.0
8860,18,0.0,0.0,0.0,0.0,0.0,0.0,0.0,0.0,0.0,0.0
23715,3,0.3333333333333333,0.4166666666666667,0.46927872602275644,0.3333333333333333,0.2,0.3333333333333333,0.37037037037037035,0.46927872602275644,0.3333333333333333,0.1
3684,10,0.0,0.0,0.0,0.0,0.0,0.1,0.036363636363636355,0.06625422345438903,0.1,0.1
13378,6,0.2,0.13333333333333333,0.14606834984270645,0.16666666666666666,0.2,0.3333333333333333,0.15555555555555556,0.13032376591037065,0.3333333333333333,0.2
23373,38,0.6,0.6666666666666666,0.6548086577531306,0.07894736842105263,0.6,0.5,0.6,0.5727555047321236,0.13157894736842105,0.5
8868,4,0.25,0.35714285714285715,0.39038004999210163,0.25,0.2,0.75,0.2941176470588235,0.39038004999210163,0.75,0.3
1912,5,0.2,0.26666666666666666,0.2139862647345275,0.2,0.2,0.2,0.225,0.2139862647345275,0.2,0.1
10976,36,0.2,0.19999999999999998,0.16958010263680803,0.027777777777777776,0.2,0.1,0.14545454545454548,0.11004588314904007,0.027777777777777776,0.1
6543,31,0.6,0.46666666666666673,0.4912596920895757,0.0967741935483871,0.6,0.7,0.5818181818181819,0.5914640815742043,0.22580645161290322,0.7
20039,5,0.2,0.19999999999999998,0.16958010263680803,0.2,0.2,0.4,0.2,0.16958010263680803,0.4,0.2
23776,38,0.4,0.26666666666666666,0.3007851801491498,0.05263157894736842,0.4,0.5,0.36363636363636365,0.394495234380779,0.13157894736842105,0.5
8159,8,0.2,0.26666666666666666,0.2139862647345275,0.125,0.2,0.125,0.17307692307692307,0.1595890771248963,0.125,0.1
12490,1,0.0,0.0,0.0,0.0,0.0,0.0,0.0,0.0,0.0,0.0
27810,20,0.0,0.0,0.0,0.0,0.0,0.0,0.0,0.0,0.0,0.0
20646,13,0.2,0.13333333333333333,0.14606834984270645,0.07692307692307693,0.2,0.3,0.2,0.22784037450527972,0.23076923076923078,0.3
7436,12,0.0,0.0,0.0,0.0,0.0,0.1,0.07272727272727274,0.07336392209936006,0.08333333333333333,0.1
27425,7,0.2,0.06666666666666665,0.13120507751234176,0.14285714285714285,0.2,0.2857142857142857,0.12244897959183672,0.10633668103022983,0.2857142857142857,0.2
29261,5,0.2,0.3333333333333333,0.33916020527361607,0.2,0.2,0.6,0.25,0.33916020527361607,0.6,0.3
10301,5,0.0,0.0,0.0,0.0,0.0,0.0,0.0,0.0,0.0,0.0
30234,15,0.2,0.3333333333333333,0.33916020527361607,0.06666666666666667,0.2,0.1,0.18181818181818182,0.22009176629808014,0.06666666666666667,0.1
21603,5,0.0,0.0,0.0,0.0,0.0,0.2,0.0,0.0,0.2,0.1
1880,52,0.4,0.39999999999999997,0.4703652827859578,0.038461538461538464,0.4,0.4,0.34545454545454546,0.4351098955930418,0.07692307692307693,0.4
28706,33,0.4,0.3333333333333333,0.31564845247951445,0.06060606060606061,0.4,0.2,0.2727272727272727,0.20483424751859083,0.06060606060606061,0.2
24943,9,0.2,0.3333333333333333,0.33916020527361607,0.1111111111111111,0.2,0.1111111111111111,0.18518518518518517,0.23504554941448538,0.1111111111111111,0.1
21751,1,1.0,1.0,1.0,1.0,0.2,1.0,1.0,1.0,1.0,0.1
17297,5,0.2,0.13333333333333333,0.14606834984270645,0.2,0.2,0.2,0.175,0.14606834984270645,0.2,0.1
30091,18,0.0,0.0,0.0,0.0,0.0,0.0,0.0,0.0,0.0,0.0
16093,3,0.3333333333333333,0.0,0.0,0.3333333333333333,0.2,0.3333333333333333,0.0,0.0,0.3333333333333333,0.1
7922,18,0.6,0.46666666666666673,0.4912596920895757,0.16666666666666666,0.6,0.4,0.4727272727272727,0.3921578479840863,0.2222222222222222,0.4
3967,17,0.2,0.06666666666666665,0.13120507751234176,0.058823529411764705,0.2,0.1,0.10909090909090909,0.08514311764162097,0.058823529411764705,0.1
22242,26,0.6,0.7999999999999999,0.7227265726449518,0.11538461538461539,0.6,0.3,0.49090909090909096,0.46900009332067477,0.11538461538461539,0.3
28347,2,0.0,0.0,0.0,0.0,0.0,0.0,0.0,0.0,0.0,0.0
25652,4,0.5,0.5714285714285715,0.5855700749881524,0.5,0.4,0.5,0.5294117647058824,0.5855700749881524,0.5,0.2
4502,7,0.2,0.19999999999999998,0.16958010263680803,0.14285714285714285,0.2,0.14285714285714285,0.16326530612244897,0.13743816645714543,0.14285714285714285,0.1
23542,7,0.0,0.0,0.0,0.0,0.0,0.0,0.0,0.0,0.0,0.0
11691,22,0.0,0.0,0.0,0.0,0.0,0.0,0.0,0.0,0.0,0.0
29696,3,0.3333333333333333,0.4166666666666667,0.46927872602275644,0.3333333333333333,0.2,0.3333333333333333,0.37037037037037035,0.46927872602275644,0.3333333333333333,0.1
25257,3,0.0,0.0,0.0,0.0,0.0,0.0,0.0,0.0,0.0,0.0
3055,16,0.2,0.26666666666666666,0.2139862647345275,0.0625,0.2,0.1,0.16363636363636364,0.1388624438735545,0.0625,0.1
18814,2,0.0,0.0,0.0,0.0,0.0,0.0,0.0,0.0,0.0,0.0
5887,15,0.4,0.6,0.5531464700081437,0.13333333333333333,0.4,0.2,0.34545454545454546,0.3589542101716347,0.13333333333333333,0.2
10580,13,0.2,0.3333333333333333,0.33916020527361607,0.07692307692307693,0.2,0.2,0.23636363636363636,0.2895229882348574,0.15384615384615385,0.2
24054,6,0.2,0.3333333333333333,0.33916020527361607,0.16666666666666666,0.2,0.16666666666666666,0.2222222222222222,0.30260241349881345,0.16666666666666666,0.1
14025,11,0.2,0.26666666666666666,0.2139862647345275,0.09090909090909091,0.2,0.1,0.16363636363636364,0.1388624438735545,0.09090909090909091,0.1
22550,46,0.6,0.39999999999999997,0.4468535299918562,0.06521739130434782,0.6,0.4,0.45454545454545453,0.3633412872595718,0.08695652173913043,0.4
10413,52,0.4,0.39999999999999997,0.4703652827859578,0.038461538461538464,0.4,0.2,0.29090909090909095,0.3052348839397011,0.038461538461538464,0.2
3311,33,0.2,0.3333333333333333,0.33916020527361607,0.030303030303030304,0.2,0.2,0.2545454545454545,0.29345568839744024,0.06060606060606061,0.2
16762,15,0.4,0.4666666666666666,0.48522855511632257,0.13333333333333333,0.4,0.5,0.5272727272727273,0.5360735436824436,0.3333333333333333,0.5
14798,5,0.0,0.0,0.0,0.0,0.0,0.0,0.0,0.0,0.0,0.0
22121,8,0.2,0.3333333333333333,0.33916020527361607,0.125,0.2,0.25,0.28846153846153844,0.34304271142002485,0.25,0.2
8789,1,0.0,0.0,0.0,0.0,0.0,0.0,0.0,0.0,0.0,0.0
11689,54,1.0,1.0,1.0,0.09259259259259259,1.0,0.6,0.8181818181818182,0.727329844310522,0.1111111111111111,0.6
30132,4,0.0,0.0,0.0,0.0,0.0,0.25,0.0,0.0,0.25,0.1
21745,7,0.2,0.3333333333333333,0.33916020527361607,0.14285714285714285,0.2,0.14285714285714285,0.2040816326530612,0.27487633291429087,0.14285714285714285,0.1
26981,5,0.2,0.3333333333333333,0.33916020527361607,0.2,0.2,0.2,0.25,0.33916020527361607,0.2,0.1
9010,85,0.4,0.4000000000000001,0.3600546145772339,0.023529411764705882,0.4,0.3,0.30909090909090914,0.2972715964420569,0.03529411764705882,0.3
5303,15,0.0,0.0,0.0,0.0,0.0,0.0,0.0,0.0,0.0,0.0
27252,7,0.0,0.0,0.0,0.0,0.0,0.0,0.0,0.0,0.0,0.0
30425,3,0.3333333333333333,0.4166666666666667,0.46927872602275644,0.3333333333333333,0.2,0.3333333333333333,0.37037037037037035,0.46927872602275644,0.3333333333333333,0.1
9258,2,0.0,0.0,0.0,0.0,0.0,0.0,0.0,0.0,0.0,0.0
29440,41,0.6,0.5333333333333333,0.5147714448836773,0.07317073170731707,0.6,0.5,0.490909090909091,0.4671034547999445,0.12195121951219512,0.5
7467,15,0.2,0.3333333333333333,0.33916020527361607,0.06666666666666667,0.2,0.1,0.18181818181818182,0.22009176629808014,0.06666666666666667,0.1
5144,6,0.0,0.0,0.0,0.0,0.0,0.0,0.0,0.0,0.0,0.0
6532,21,0.4,0.4666666666666666,0.38356636737133554,0.09523809523809523,0.4,0.4,0.4181818181818182,0.39092738420022155,0.19047619047619047,0.4
15211,38,0.4,0.4000000000000001,0.3600546145772339,0.05263157894736842,0.4,0.4,0.38181818181818183,0.370635518541417,0.10526315789473684,0.4
1561,14,0.8,0.7333333333333334,0.7860137352654724,0.2857142857142857,0.8,0.5,0.6181818181818183,0.5795003533950692,0.35714285714285715,0.5
3163,8,0.4,0.6,0.5531464700081437,0.25,0.4,0.25,0.36538461538461536,0.4125317798925535,0.25,0.2
29084,6,0.0,0.0,0.0,0.0,0.0,0.0,0.0,0.0,0.0,0.0
6635,37,0.8,0.9333333333333332,0.8687949224876582,0.10810810810810811,0.8,0.5,0.6727272727272727,0.6332196796270029,0.13513513513513514,0.5
17758,33,1.0,1.0,1.0,0.15151515151515152,1.0,0.6,0.8181818181818182,0.727329844310522,0.18181818181818182,0.6
24828,8,0.2,0.3333333333333333,0.33916020527361607,0.125,0.2,0.25,0.28846153846153844,0.34304271142002485,0.25,0.2
5727,41,0.4,0.6,0.5531464700081437,0.04878048780487805,0.4,0.2,0.34545454545454546,0.3589542101716347,0.04878048780487805,0.2
58,60,0.4,0.3333333333333333,0.34519134224686926,0.03333333333333333,0.4,0.2,0.2727272727272727,0.22400556151517548,0.03333333333333333,0.2
21134,43,0.6,0.5333333333333333,0.6164336326286642,0.06976744186046512,0.6,0.4,0.49090909090909085,0.47338717040861195,0.09302325581395349,0.4
21910,11,0.2,0.3333333333333333,0.33916020527361607,0.09090909090909091,0.2,0.1,0.18181818181818182,0.22009176629808014,0.09090909090909091,0.1
8395,15,0.0,0.0,0.0,0.0,0.0,0.0,0.0,0.0,0.0,0.0
18155,4,0.25,0.28571428571428575,0.2463023887407299,0.25,0.2,0.25,0.2647058823529412,0.2463023887407299,0.25,0.1
24538,2,0.5,0.4444444444444445,0.3868528072345415,0.5,0.2,0.5,0.4736842105263158,0.3868528072345415,0.5,0.1
25129,5,0.0,0.0,0.0,0.0,0.0,0.0,0.0,0.0,0.0,0.0
12639,21,0.4,0.4000000000000001,0.3600546145772339,0.09523809523809523,0.4,0.2,0.29090909090909095,0.23365080824310527,0.09523809523809523,0.2
31038,9,0.2,0.3333333333333333,0.33916020527361607,0.1111111111111111,0.2,0.2222222222222222,0.25925925925925924,0.3133940658859805,0.2222222222222222,0.2
11139,45,0.6,0.7333333333333334,0.6992148198508501,0.06666666666666667,0.6,0.4,0.5636363636363636,0.5321408435198608,0.08888888888888889,0.4
26028,12,0.4,0.4666666666666666,0.48522855511632257,0.16666666666666666,0.4,0.2,0.3090909090909091,0.31488013066763093,0.16666666666666666,0.2
30786,8,0.0,0.0,0.0,0.0,0.0,0.0,0.0,0.0,0.0,0.0
24456,4,0.0,0.0,0.0,0.0,0.0,0.0,0.0,0.0,0.0,0.0
5345,19,0.4,0.6,0.5531464700081437,0.10526315789473684,0.4,0.5,0.49090909090909085,0.5653701424067237,0.2631578947368421,0.5
19126,14,0.2,0.26666666666666666,0.2139862647345275,0.07142857142857142,0.2,0.3,0.2727272727272727,0.2784805894273035,0.21428571428571427,0.3
28240,6,0.4,0.4666666666666666,0.48522855511632257,0.3333333333333333,0.4,0.5,0.37777777777777777,0.4329261794091841,0.5,0.3
30591,3,0.0,0.0,0.0,0.0,0.0,0.0,0.0,0.0,0.0,0.0
28613,10,0.0,0.0,0.0,0.0,0.0,0.0,0.0,0.0,0.0,0.0
28200,2,1.0,0.5555555555555556,0.6131471927654584,1.0,0.4,1.0,0.5263157894736842,0.6131471927654584,1.0,0.2
3167,44,0.4,0.39999999999999997,0.4703652827859578,0.045454545454545456,0.4,0.3,0.38181818181818183,0.3836331529183764,0.06818181818181818,0.3
11600,21,0.2,0.26666666666666666,0.2139862647345275,0.047619047619047616,0.2,0.4,0.2727272727272727,0.3381686774636725,0.19047619047619047,0.4
27212,2,0.0,0.0,0.0,0.0,0.0,0.0,0.0,0.0,0.0,0.0
6043,1,0.0,0.0,0.0,0.0,0.0,0.0,0.0,0.0,0.0,0.0
28762,28,0.4,0.3333333333333333,0.34519134224686926,0.07142857142857142,0.4,0.4,0.43636363636363634,0.3757677525932108,0.14285714285714285,0.4
9746,2,0.5,0.5555555555555556,0.6131471927654584,0.5,0.2,1.0,0.5263157894736842,0.6131471927654584,1.0,0.2
17056,35,0.4,0.6,0.5531464700081437,0.05714285714285714,0.4,0.2,0.34545454545454546,0.3589542101716347,0.05714285714285714,0.2
30512,13,0.2,0.3333333333333333,0.33916020527361607,0.07692307692307693,0.2,0.2,0.2,0.2837125544970318,0.15384615384615385,0.2
12747,31,0.6,0.7999999999999999,0.7227265726449518,0.0967741935483871,0.6,0.3,0.49090909090909096,0.46900009332067477,0.0967741935483871,0.3
15616,3,0.0,0.0,0.0,0.0,0.0,0.0,0.0,0.0,0.0,0.0
18662,5,0.0,0.0,0.0,0.0,0.0,0.0,0.0,0.0,0.0,0.0
18888,5,0.2,0.3333333333333333,0.33916020527361607,0.2,0.2,0.2,0.25,0.33916020527361607,0.2,0.1
1241,41,0.4,0.19999999999999998,0.2772734273550482,0.04878048780487805,0.4,0.3,0.309090909090909,0.2532954041105318,0.07317073170731707,0.3
30816,4,0.25,0.35714285714285715,0.39038004999210163,0.25,0.2,0.25,0.2941176470588235,0.39038004999210163,0.25,0.1
22130,1,1.0,0.0,0.0,1.0,0.2,1.0,0.0,0.0,1.0,0.1
14587,40,0.0,0.0,0.0,0.0,0.0,0.1,0.09090909090909091,0.07839826897867533,0.025,0.1
14107,1,1.0,0.0,0.0,1.0,0.2,1.0,0.0,0.0,1.0,0.1
29841,19,0.2,0.26666666666666666,0.2139862647345275,0.05263157894736842,0.2,0.2,0.21818181818181823,0.20829366581033176,0.10526315789473684,0.2
13901,5,0.2,0.06666666666666665,0.13120507751234176,0.2,0.2,0.2,0.15,0.13120507751234176,0.2,0.1
3753,11,0.2,0.3333333333333333,0.33916020527361607,0.09090909090909091,0.2,0.1,0.18181818181818182,0.22009176629808014,0.09090909090909091,0.1
19863,32,0.6,0.7333333333333334,0.6992148198508501,0.09375,0.6,0.4,0.509090909090909,0.5199967979955745,0.125,0.4
12687,35,0.2,0.06666666666666665,0.13120507751234176,0.02857142857142857,0.2,0.2,0.2,0.1635413866202963,0.05714285714285714,0.2
22073,10,0.2,0.13333333333333333,0.14606834984270645,0.1,0.2,0.1,0.12727272727272726,0.09478836436955078,0.1,0.1
9574,14,0.4,0.4000000000000001,0.3600546145772339,0.14285714285714285,0.4,0.2,0.29090909090909095,0.23365080824310527,0.14285714285714285,0.2
12596,3,0.3333333333333333,0.4166666666666667,0.46927872602275644,0.3333333333333333,0.2,0.3333333333333333,0.37037037037037035,0.46927872602275644,0.3333333333333333,0.1
977,7,0.2,0.3333333333333333,0.33916020527361607,0.14285714285714285,0.2,0.14285714285714285,0.2040816326530612,0.27487633291429087,0.14285714285714285,0.1
693,3,0.0,0.0,0.0,0.0,0.0,0.0,0.0,0.0,0.0,0.0
8324,4,0.0,0.0,0.0,0.0,0.0,0.0,0.0,0.0,0.0,0.0
19229,7,0.0,0.0,0.0,0.0,0.0,0.0,0.0,0.0,0.0,0.0
4718,10,0.4,0.4000000000000001,0.3600546145772339,0.2,0.4,0.3,0.36363636363636365,0.30701473034246535,0.3,0.3
30009,23,0.6,0.5333333333333333,0.5147714448836773,0.13043478260869565,0.6,0.4,0.45454545454545453,0.40030566811860463,0.17391304347826086,0.4
9967,1,0.0,0.0,0.0,0.0,0.0,1.0,0.0,0.0,1.0,0.1
11779,7,0.0,0.0,0.0,0.0,0.0,0.14285714285714285,0.0,0.0,0.14285714285714285,0.1
154,5,0.2,0.3333333333333333,0.33916020527361607,0.2,0.2,0.2,0.25,0.33916020527361607,0.2,0.1
4361,1,0.0,0.0,0.0,0.0,0.0,0.0,0.0,0.0,0.0,0.0
12531,6,0.4,0.6,0.5531464700081437,0.3333333333333333,0.4,0.3333333333333333,0.4222222222222222,0.4935232796777481,0.3333333333333333,0.2
8644,14,0.4,0.5333333333333333,0.5087403079104241,0.14285714285714285,0.4,0.2,0.32727272727272727,0.3301376494471202,0.14285714285714285,0.2
24744,6,0.4,0.5333333333333333,0.5087403079104241,0.3333333333333333,0.4,0.5,0.4,0.4539036202482201,0.5,0.3
7680,27,0.8,0.8000000000000002,0.8304198973631919,0.14814814814814814,0.8,0.5,0.6545454545454544,0.6122496142821665,0.18518518518518517,0.5
16925,12,0.4,0.5333333333333333,0.5087403079104241,0.16666666666666666,0.4,0.3,0.36363636363636365,0.39639187290150923,0.25,0.3
18698,54,0.6,0.6666666666666666,0.6843515475204854,0.05555555555555555,0.6,0.3,0.45454545454545453,0.44409732781325567,0.05555555555555555,0.3
1499,35,0.6,0.46666666666666673,0.4912596920895757,0.08571428571428572,0.6,0.4,0.4181818181818182,0.38241471408367794,0.11428571428571428,0.4
22474,1,1.0,1.0,1.0,1.0,0.2,1.0,1.0,1.0,1.0,0.1
19244,18,0.4,0.4000000000000001,0.3600546145772339,0.1111111111111111,0.4,0.2,0.29090909090909095,0.23365080824310527,0.1111111111111111,0.2
16945,2,0.0,0.0,0.0,0.0,0.0,0.0,0.0,0.0,0.0,0.0
3419,33,0.4,0.4666666666666666,0.48522855511632257,0.06060606060606061,0.4,0.6,0.5636363636363637,0.6023277671368327,0.18181818181818182,0.6
2057,41,0.2,0.19999999999999998,0.16958010263680803,0.024390243902439025,0.2,0.1,0.14545454545454548,0.11004588314904007,0.024390243902439025,0.1
20341,12,0.0,0.0,0.0,0.0,0.0,0.0,0.0,0.0,0.0,0.0
13241,24,0.4,0.4666666666666666,0.48522855511632257,0.08333333333333333,0.4,0.2,0.3090909090909091,0.31488013066763093,0.08333333333333333,0.2
9282,7,0.0,0.0,0.0,0.0,0.0,0.0,0.0,0.0,0.0,0.0
2131,5,0.4,0.4666666666666666,0.38356636737133554,0.4,0.4,0.6,0.42500000000000004,0.38356636737133554,0.6,0.3
29039,3,0.3333333333333333,0.4166666666666667,0.46927872602275644,0.3333333333333333,0.2,0.3333333333333333,0.37037037037037035,0.46927872602275644,0.3333333333333333,0.1
25253,1,1.0,1.0,1.0,1.0,0.2,1.0,1.0,1.0,1.0,0.1
20772,17,0.2,0.3333333333333333,0.33916020527361607,0.058823529411764705,0.2,0.1,0.18181818181818182,0.22009176629808014,0.058823529411764705,0.1
23742,9,0.0,0.0,0.0,0.0,0.0,0.0,0.0,0.0,0.0,0.0
825,15,0.6,0.7999999999999999,0.7227265726449518,0.2,0.6,0.4,0.5272727272727273,0.5352543167750639,0.26666666666666666,0.4
396,59,0.6,0.7999999999999999,0.7227265726449518,0.05084745762711865,0.6,0.4,0.5818181818181819,0.5473983622993501,0.06779661016949153,0.4
22450,2,0.0,0.0,0.0,0.0,0.0,0.0,0.0,0.0,0.0,0.0
27672,18,0.4,0.4666666666666666,0.48522855511632257,0.1111111111111111,0.4,0.3,0.36363636363636365,0.3843113526044082,0.16666666666666666,0.3
27779,2,0.5,0.5555555555555556,0.6131471927654584,0.5,0.2,0.5,0.5263157894736842,0.6131471927654584,0.5,0.1
20855,31,0.6,0.7999999999999999,0.7227265726449518,0.0967741935483871,0.6,0.4,0.5636363636363636,0.5423640154200349,0.12903225806451613,0.4
3084,17,0.4,0.5333333333333333,0.5087403079104241,0.11764705882352941,0.4,0.2,0.32727272727272727,0.3301376494471202,0.11764705882352941,0.2
11839,10,0.2,0.19999999999999998,0.16958010263680803,0.1,0.2,0.1,0.14545454545454548,0.11004588314904007,0.1,0.1
14829,3,0.0,0.0,0.0,0.0,0.0,0.0,0.0,0.0,0.0,0.0
12400,14,0.4,0.4666666666666666,0.48522855511632257,0.14285714285714285,0.4,0.3,0.34545454545454546,0.38113435412202,0.21428571428571427,0.3
8367,2,0.0,0.0,0.0,0.0,0.0,0.0,0.0,0.0,0.0,0.0
15323,7,0.2,0.3333333333333333,0.33916020527361607,0.14285714285714285,0.2,0.2857142857142857,0.2040816326530612,0.27487633291429087,0.2857142857142857,0.2
24074,9,0.0,0.0,0.0,0.0,0.0,0.0,0.0,0.0,0.0,0.0
19186,18,0.4,0.3333333333333333,0.31564845247951445,0.1111111111111111,0.4,0.2,0.2727272727272727,0.20483424751859083,0.1111111111111111,0.2
25956,45,0.6,0.5333333333333333,0.6164336326286642,0.06666666666666667,0.6,0.5,0.5272727272727272,0.539641393863001,0.1111111111111111,0.5
5214,19,0.4,0.4666666666666666,0.48522855511632257,0.10526315789473684,0.4,0.2,0.3090909090909091,0.31488013066763093,0.10526315789473684,0.2
16008,39,0.2,0.26666666666666666,0.2139862647345275,0.02564102564102564,0.2,0.5,0.36363636363636365,0.4165669464423478,0.1282051282051282,0.5
12577,2,0.0,0.0,0.0,0.0,0.0,0.0,0.0,0.0,0.0,0.0
26694,4,0.5,0.5714285714285715,0.5855700749881524,0.5,0.4,0.5,0.5294117647058824,0.5855700749881524,0.5,0.2
10063,6,0.2,0.3333333333333333,0.33916020527361607,0.16666666666666666,0.2,0.16666666666666666,0.2222222222222222,0.30260241349881345,0.16666666666666666,0.1
4108,6,0.2,0.26666666666666666,0.2139862647345275,0.16666666666666666,0.2,0.3333333333333333,0.3111111111111111,0.29871002070344554,0.3333333333333333,0.2
8681,3,0.3333333333333333,0.4166666666666667,0.46927872602275644,0.3333333333333333,0.2,0.3333333333333333,0.37037037037037035,0.46927872602275644,0.3333333333333333,0.1
1644,41,0.0,0.0,0.0,0.0,0.0,0.2,0.12727272727272726,0.14465249243306436,0.04878048780487805,0.2
25804,9,0.2,0.13333333333333333,0.14606834984270645,0.1111111111111111,0.2,0.1111111111111111,0.12962962962962962,0.10122860821230019,0.1111111111111111,0.1
6489,11,0.2,0.26666666666666666,0.2139862647345275,0.09090909090909091,0.2,0.1,0.16363636363636364,0.1388624438735545,0.09090909090909091,0.1
13917,49,0.2,0.06666666666666665,0.13120507751234176,0.02040816326530612,0.2,0.3,0.2545454545454546,0.23297260855707355,0.061224489795918366,0.3
28005,3,1.0,0.4166666666666667,0.46927872602275644,1.0,0.6,1.0,0.37037037037037035,0.46927872602275644,1.0,0.3
25585,17,0.2,0.3333333333333333,0.33916020527361607,0.058823529411764705,0.2,0.1,0.18181818181818182,0.22009176629808014,0.058823529411764705,0.1
15365,5,0.0,0.0,0.0,0.0,0.0,0.0,0.0,0.0,0.0,0.0
8588,5,0.2,0.19999999999999998,0.16958010263680803,0.2,0.2,0.2,0.2,0.16958010263680803,0.2,0.1
9298,22,0.4,0.19999999999999998,0.2772734273550482,0.09090909090909091,0.4,0.3,0.309090909090909,0.2532954041105318,0.13636363636363635,0.3
6029,19,0.2,0.19999999999999998,0.16958010263680803,0.05263157894736842,0.2,0.3,0.23636363636363641,0.2470305934473518,0.15789473684210525,0.3
717,14,0.4,0.4666666666666666,0.48522855511632257,0.14285714285714285,0.4,0.2,0.3090909090909091,0.31488013066763093,0.14285714285714285,0.2
4653,20,0.6,0.5333333333333333,0.5147714448836773,0.15,0.6,0.5,0.5272727272727273,0.4760705018418426,0.25,0.5
4465,18,0.4,0.5333333333333333,0.5087403079104241,0.1111111111111111,0.4,0.3,0.38181818181818183,0.3995688713838974,0.16666666666666666,0.3
12595,9,0.4,0.39999999999999997,0.4703652827859578,0.2222222222222222,0.4,0.4444444444444444,0.3888888888888889,0.4708779560396193,0.4444444444444444,0.4
24779,4,0.5,0.5,0.5585075862632192,0.5,0.4,0.75,0.49999999999999994,0.5585075862632192,0.75,0.3
7281,1,0.0,0.0,0.0,0.0,0.0,0.0,0.0,0.0,0.0,0.0
27564,6,0.2,0.19999999999999998,0.16958010263680803,0.16666666666666666,0.2,0.16666666666666666,0.17777777777777778,0.15130120674940672,0.16666666666666666,0.1
25980,6,0.2,0.3333333333333333,0.33916020527361607,0.16666666666666666,0.2,0.16666666666666666,0.2222222222222222,0.30260241349881345,0.16666666666666666,0.1
24028,16,0.2,0.3333333333333333,0.33916020527361607,0.0625,0.2,0.1,0.18181818181818182,0.22009176629808014,0.0625,0.1
8446,49,0.8,0.9333333333333332,0.8687949224876582,0.08163265306122448,0.8,0.5,0.6909090909090909,0.6371523797895856,0.10204081632653061,0.5
13703,19,0.2,0.3333333333333333,0.33916020527361607,0.05263157894736842,0.2,0.1,0.18181818181818182,0.22009176629808014,0.05263157894736842,0.1
24675,2,0.0,0.0,0.0,0.0,0.0,0.5,0.0,0.0,0.5,0.1
16581,4,0.0,0.0,0.0,0.0,0.0,0.0,0.0,0.0,0.0,0.0
4119,27,0.6,0.46666666666666673,0.4912596920895757,0.1111111111111111,0.6,0.3,0.4,0.31879392588472627,0.1111111111111111,0.3
4886,1,1.0,0.0,0.0,1.0,0.2,1.0,0.0,0.0,1.0,0.1
18924,16,0.6,0.7999999999999999,0.7227265726449518,0.1875,0.6,0.4,0.5090909090909091,0.5326208815196265,0.25,0.4
12481,28,0.6,0.6,0.6399453854227659,0.10714285714285714,0.6,0.4,0.509090909090909,0.4886446891881013,0.14285714285714285,0.4
7931,2,0.0,0.0,0.0,0.0,0.0,0.0,0.0,0.0,0.0,0.0
21770,2,0.0,0.0,0.0,0.0,0.0,0.0,0.0,0.0,0.0,0.0
8382,27,0.6,0.7999999999999999,0.7227265726449518,0.1111111111111111,0.6,0.4,0.5454545454545454,0.538431315257452,0.14814814814814814,0.4
7019,14,0.0,0.0,0.0,0.0,0.0,0.1,0.09090909090909091,0.07839826897867533,0.07142857142857142,0.1
1532,3,0.0,0.0,0.0,0.0,0.0,0.0,0.0,0.0,0.0,0.0
4856,3,0.0,0.0,0.0,0.0,0.0,0.0,0.0,0.0,0.0,0.0
29674,9,0.2,0.13333333333333333,0.14606834984270645,0.1111111111111111,0.2,0.1111111111111111,0.12962962962962962,0.10122860821230019,0.1111111111111111,0.1
5986,4,0.0,0.0,0.0,0.0,0.0,0.0,0.0,0.0,0.0,0.0
5913,8,0.2,0.3333333333333333,0.33916020527361607,0.125,0.2,0.125,0.1923076923076923,0.2529427027676571,0.125,0.1
21623,1,0.0,0.0,0.0,0.0,0.0,0.0,0.0,0.0,0.0,0.0
14180,63,0.8,0.8000000000000002,0.8304198973631919,0.06349206349206349,0.8,0.6,0.6909090909090909,0.6785038377365556,0.09523809523809523,0.6
16386,3,0.0,0.0,0.0,0.0,0.0,0.0,0.0,0.0,0.0,0.0
23457,15,0.4,0.4666666666666666,0.48522855511632257,0.13333333333333333,0.4,0.2,0.3090909090909091,0.31488013066763093,0.13333333333333333,0.2
10420,13,0.4,0.4666666666666666,0.38356636737133554,0.15384615384615385,0.4,0.2,0.30909090909090914,0.24890832702259458,0.15384615384615385,0.2
26959,2,0.5,0.4444444444444445,0.3868528072345415,0.5,0.2,0.5,0.4736842105263158,0.3868528072345415,0.5,0.1
18118,7,0.8,0.6666666666666666,0.6608397947263838,0.5714285714285714,0.8,0.5714285714285714,0.6122448979591837,0.5355852974309776,0.5714285714285714,0.4
8791,35,0.2,0.26666666666666666,0.2139862647345275,0.02857142857142857,0.2,0.2,0.2,0.2051166673279435,0.05714285714285714,0.2
26737,29,0.4,0.4000000000000001,0.3600546145772339,0.06896551724137931,0.4,0.5,0.47272727272727283,0.44773452261294683,0.1724137931034483,0.5
22114,10,0.2,0.26666666666666666,0.2139862647345275,0.1,0.2,0.2,0.2545454545454545,0.21726071285222984,0.2,0.2
28860,10,0.4,0.39999999999999997,0.4703652827859578,0.2,0.4,0.2,0.29090909090909095,0.3052348839397011,0.2,0.2
20993,3,0.3333333333333333,0.4166666666666667,0.46927872602275644,0.3333333333333333,0.2,0.3333333333333333,0.37037037037037035,0.46927872602275644,0.3333333333333333,0.1
7145,20,0.2,0.3333333333333333,0.33916020527361607,0.05,0.2,0.1,0.18181818181818182,0.22009176629808014,0.05,0.1
17857,22,0.6,0.7333333333333334,0.6992148198508501,0.13636363636363635,0.6,0.5,0.6,0.5965377185773227,0.22727272727272727,0.5
31008,8,0.2,0.3333333333333333,0.33916020527361607,0.125,0.2,0.25,0.28846153846153844,0.34304271142002485,0.25,0.2
26097,4,0.0,0.0,0.0,0.0,0.0,0.0,0.0,0.0,0.0,0.0
7011,23,0.4,0.4666666666666666,0.48522855511632257,0.08695652173913043,0.4,0.4,0.41818181818181815,0.45449827622138006,0.17391304347826086,0.4
30643,16,0.0,0.0,0.0,0.0,0.0,0.0,0.0,0.0,0.0,0.0
27625,5,0.2,0.3333333333333333,0.33916020527361607,0.2,0.2,0.2,0.25,0.33916020527361607,0.2,0.1
23067,1,1.0,1.0,1.0,1.0,0.2,1.0,1.0,1.0,1.0,0.1
2657,43,0.2,0.26666666666666666,0.2139862647345275,0.023255813953488372,0.2,0.3,0.3272727272727272,0.2906246349515899,0.06976744186046512,0.3
16553,10,0.2,0.3333333333333333,0.33916020527361607,0.1,0.2,0.2,0.23636363636363636,0.2895229882348574,0.2,0.2
23274,41,0.2,0.3333333333333333,0.33916020527361607,0.024390243902439025,0.2,0.2,0.2,0.2837125544970318,0.04878048780487805,0.2
22723,8,0.2,0.3333333333333333,0.33916020527361607,0.125,0.2,0.125,0.1923076923076923,0.2529427027676571,0.125,0.1
9694,7,0.6,0.6666666666666666,0.6843515475204854,0.42857142857142855,0.6,0.42857142857142855,0.5102040816326531,0.5546406709327601,0.42857142857142855,0.3
28152,3,0.3333333333333333,0.33333333333333337,0.29608191096586517,0.3333333333333333,0.2,0.6666666666666666,0.3333333333333333,0.29608191096586517,0.6666666666666666,0.2
13383,8,0.2,0.3333333333333333,0.33916020527361607,0.125,0.2,0.25,0.28846153846153844,0.34304271142002485,0.25,0.2
3465,55,0.8,0.7333333333333334,0.7860137352654724,0.07272727272727272,0.8,0.4,0.5636363636363636,0.510069131458292,0.07272727272727272,0.4
714,7,0.2,0.26666666666666666,0.2139862647345275,0.14285714285714285,0.2,0.14285714285714285,0.18367346938775508,0.17342765698823942,0.14285714285714285,0.1
4605,62,0.6,0.6666666666666666,0.6843515475204854,0.04838709677419355,0.6,0.3,0.45454545454545453,0.44409732781325567,0.04838709677419355,0.3
30607,1,0.0,0.0,0.0,0.0,0.0,0.0,0.0,0.0,0.0,0.0
21632,2,0.0,0.0,0.0,0.0,0.0,0.0,0.0,0.0,0.0,0.0
27605,17,0.2,0.19999999999999998,0.16958010263680803,0.058823529411764705,0.2,0.2,0.18181818181818182,0.1763001066034291,0.11764705882352941,0.2
5322,25,0.6,0.6,0.6399453854227659,0.12,0.6,0.6,0.5818181818181818,0.6235540477207573,0.24,0.6
14700,1,1.0,0.0,0.0,1.0,0.2,1.0,0.0,0.0,1.0,0.1
15937,3,0.0,0.0,0.0,0.0,0.0,0.0,0.0,0.0,0.0,0.0
7099,10,0.2,0.19999999999999998,0.16958010263680803,0.1,0.2,0.2,0.21818181818181823,0.18340980524840012,0.2,0.2
6668,8,0.2,0.26666666666666666,0.2139862647345275,0.125,0.2,0.125,0.17307692307692307,0.1595890771248963,0.125,0.1
28188,39,0.0,0.0,0.0,0.0,0.0,0.2,0.14545454545454548,0.14782949091545258,0.05128205128205128,0.2
91,18,0.2,0.3333333333333333,0.33916020527361607,0.05555555555555555,0.2,0.1,0.18181818181818182,0.22009176629808014,0.05555555555555555,0.1
26576,43,0.4,0.39999999999999997,0.4703652827859578,0.046511627906976744,0.4,0.5,0.43636363636363634,0.5135081645717171,0.11627906976744186,0.5
20788,20,0.4,0.3333333333333333,0.31564845247951445,0.1,0.4,0.3,0.36363636363636365,0.28323251649726616,0.15,0.3
19851,17,0.2,0.06666666666666665,0.13120507751234176,0.058823529411764705,0.2,0.1,0.10909090909090909,0.08514311764162097,0.058823529411764705,0.1
29481,16,0.4,0.6,0.5531464700081437,0.125,0.4,0.3,0.43636363636363634,0.43735247915031,0.1875,0.3
11549,11,0.2,0.06666666666666665,0.13120507751234176,0.09090909090909091,0.2,0.1,0.10909090909090909,0.08514311764162097,0.09090909090909091,0.1
9598,19,0.2,0.26666666666666666,0.2139862647345275,0.05263157894736842,0.2,0.1,0.16363636363636364,0.1388624438735545,0.05263157894736842,0.1
21696,20,0.6,0.39999999999999997,0.4468535299918562,0.15,0.6,0.5,0.5454545454545454,0.44173955623824723,0.25,0.5
13305,22,0.8,0.9333333333333332,0.8687949224876582,0.18181818181818182,0.8,0.4,0.6181818181818183,0.5637884576902256,0.18181818181818182,0.4
12723,8,0.0,0.0,0.0,0.0,0.0,0.25,0.09615384615384615,0.0901000086523677,0.25,0.2
492,2,0.0,0.0,0.0,0.0,0.0,0.0,0.0,0.0,0.0,0.0
7668,3,0.3333333333333333,0.25,0.23463936301137822,0.3333333333333333,0.2,0.3333333333333333,0.2962962962962963,0.23463936301137822,0.3333333333333333,0.1
26699,9,0.0,0.0,0.0,0.0,0.0,0.1111111111111111,0.03703703703703703,0.0707557607210806,0.1111111111111111,0.1
2009,4,0.25,0.35714285714285715,0.39038004999210163,0.25,0.2,0.25,0.2941176470588235,0.39038004999210163,0.25,0.1
21294,11,0.0,0.0,0.0,0.0,0.0,0.3,0.18181818181818182,0.2153829792769871,0.2727272727272727,0.3
10526,60,0.4,0.6,0.5531464700081437,0.03333333333333333,0.4,0.6,0.5454545454545455,0.6366587127404281,0.1,0.6
11734,1,0.0,0.0,0.0,0.0,0.0,0.0,0.0,0.0,0.0,0.0
3676,26,0.2,0.06666666666666665,0.13120507751234176,0.038461538461538464,0.2,0.3,0.18181818181818182,0.21819512777734992,0.11538461538461539,0.3
5529,20,0.4,0.39999999999999997,0.4703652827859578,0.1,0.4,0.2,0.29090909090909095,0.3052348839397011,0.1,0.2
4111,44,0.0,0.0,0.0,0.0,0.0,0.2,0.054545454545454536,0.12987501165334073,0.045454545454545456,0.2
19095,2,0.5,0.4444444444444445,0.3868528072345415,0.5,0.2,0.5,0.4736842105263158,0.3868528072345415,0.5,0.1
16938,8,0.4,0.6,0.5531464700081437,0.25,0.4,0.5,0.4999999999999999,0.5766405527108873,0.5,0.4
5879,2,0.0,0.0,0.0,0.0,0.0,0.5,0.0,0.0,0.5,0.1
18830,3,0.3333333333333333,0.25,0.23463936301137822,0.3333333333333333,0.2,0.3333333333333333,0.2962962962962963,0.23463936301137822,0.3333333333333333,0.1
19506,22,0.6,0.7999999999999999,0.7227265726449518,0.13636363636363635,0.6,0.5,0.5636363636363636,0.6020521034564037,0.22727272727272727,0.5
13307,5,0.0,0.0,0.0,0.0,0.0,0.0,0.0,0.0,0.0,0.0
11104,12,0.0,0.0,0.0,0.0,0.0,0.1,0.09090909090909091,0.07839826897867533,0.08333333333333333,0.1
25582,46,0.6,0.7333333333333334,0.6992148198508501,0.06521739130434782,0.6,0.5,0.6363636363636362,0.6055047656192208,0.10869565217391304,0.5
8552,3,0.0,0.0,0.0,0.0,0.0,0.0,0.0,0.0,0.0,0.0
10606,12,0.2,0.3333333333333333,0.33916020527361607,0.08333333333333333,0.2,0.2,0.21818181818181817,0.28634598975246917,0.16666666666666666,0.2
14166,47,0.6,0.7333333333333334,0.6992148198508501,0.06382978723404255,0.6,0.3,0.47272727272727266,0.4537425745411855,0.06382978723404255,0.3
20260,18,0.2,0.3333333333333333,0.33916020527361607,0.05555555555555555,0.2,0.2,0.2545454545454545,0.29345568839744024,0.1111111111111111,0.2
11618,9,0.0,0.0,0.0,0.0,0.0,0.0,0.0,0.0,0.0,0.0
28607,4,0.0,0.0,0.0,0.0,0.0,0.0,0.0,0.0,0.0,0.0
23986,3,0.0,0.0,0.0,0.0,0.0,0.0,0.0,0.0,0.0,0.0
20146,31,0.6,0.7333333333333334,0.6992148198508501,0.0967741935483871,0.6,0.5,0.5818181818181817,0.5933607200949346,0.16129032258064516,0.5
15496,3,0.0,0.0,0.0,0.0,0.0,0.0,0.0,0.0,0.0,0.0
17126,26,0.4,0.39999999999999997,0.4703652827859578,0.07692307692307693,0.4,0.3,0.32727272727272727,0.37148910739409013,0.11538461538461539,0.3
5708,24,0.6,0.7999999999999999,0.7227265726449518,0.125,0.6,0.4,0.5818181818181819,0.5473983622993501,0.16666666666666666,0.4
764,6,0.4,0.4666666666666666,0.48522855511632257,0.3333333333333333,0.4,0.6666666666666666,0.48888888888888893,0.5407153339336951,0.6666666666666666,0.4
30755,2,0.0,0.0,0.0,0.0,0.0,0.0,0.0,0.0,0.0,0.0
11157,12,0.0,0.0,0.0,0.0,0.0,0.1,0.036363636363636355,0.06625422345438903,0.08333333333333333,0.1
20392,16,0.2,0.13333333333333333,0.14606834984270645,0.0625,0.2,0.2,0.21818181818181817,0.1731866333482261,0.125,0.2
9223,52,0.8,0.6666666666666666,0.6608397947263838,0.07692307692307693,0.8,0.5,0.5818181818181819,0.4950940324881554,0.09615384615384616,0.5
24368,13,0.0,0.0,0.0,0.0,0.0,0.2,0.1272727272727273,0.1427951440361373,0.15384615384615385,0.2
21140,5,0.2,0.13333333333333333,0.14606834984270645,0.2,0.2,0.2,0.175,0.14606834984270645,0.2,0.1
30482,21,0.4,0.6,0.5531464700081437,0.09523809523809523,0.4,0.4,0.43636363636363645,0.494639655562801,0.19047619047619047,0.4
5450,6,0.0,0.0,0.0,0.0,0.0,0.0,0.0,0.0,0.0,0.0
19792,7,0.2,0.26666666666666666,0.2139862647345275,0.14285714285714285,0.2,0.14285714285714285,0.18367346938775508,0.17342765698823942,0.14285714285714285,0.1
10504,15,0.2,0.06666666666666665,0.13120507751234176,0.06666666666666667,0.2,0.1,0.10909090909090909,0.08514311764162097,0.06666666666666667,0.1
15805,63,0.6,0.7333333333333334,0.6992148198508501,0.047619047619047616,0.6,0.6,0.6545454545454544,0.6691255538181726,0.09523809523809523,0.6
27773,8,0.0,0.0,0.0,0.0,0.0,0.0,0.0,0.0,0.0,0.0
14285,16,0.2,0.19999999999999998,0.16958010263680803,0.0625,0.2,0.2,0.16363636363636364,0.1736666713479918,0.125,0.2
1282,34,0.0,0.0,0.0,0.0,0.0,0.1,0.036363636363636355,0.06625422345438903,0.029411764705882353,0.1
13285,4,0.0,0.0,0.0,0.0,0.0,0.0,0.0,0.0,0.0,0.0
25342,11,0.4,0.6,0.5531464700081437,0.18181818181818182,0.4,0.2,0.34545454545454546,0.3589542101716347,0.18181818181818182,0.2
17576,9,0.2,0.13333333333333333,0.14606834984270645,0.1111111111111111,0.2,0.1111111111111111,0.12962962962962962,0.10122860821230019,0.1111111111111111,0.1
6142,2,0.5,0.5555555555555556,0.6131471927654584,0.5,0.2,0.5,0.5263157894736842,0.6131471927654584,0.5,0.1
10441,4,0.25,0.35714285714285715,0.39038004999210163,0.25,0.2,0.25,0.2941176470588235,0.39038004999210163,0.25,0.1
25634,17,0.4,0.5333333333333333,0.5087403079104241,0.11764705882352941,0.4,0.2,0.32727272727272727,0.3301376494471202,0.11764705882352941,0.2
31035,3,0.3333333333333333,0.4166666666666667,0.46927872602275644,0.3333333333333333,0.2,0.3333333333333333,0.37037037037037035,0.46927872602275644,0.3333333333333333,0.1
27352,11,0.0,0.0,0.0,0.0,0.0,0.0,0.0,0.0,0.0,0.0
29579,9,0.2,0.3333333333333333,0.33916020527361607,0.1111111111111111,0.2,0.1111111111111111,0.18518518518518517,0.23504554941448538,0.1111111111111111,0.1
9542,6,0.2,0.3333333333333333,0.33916020527361607,0.16666666666666666,0.2,0.3333333333333333,0.2222222222222222,0.30260241349881345,0.3333333333333333,0.2
13306,28,0.4,0.6,0.5531464700081437,0.07142857142857142,0.4,0.3,0.3818181818181818,0.42520843362602373,0.10714285714285714,0.3
14434,4,0.0,0.0,0.0,0.0,0.0,0.0,0.0,0.0,0.0,0.0
29025,9,0.2,0.26666666666666666,0.2139862647345275,0.1111111111111111,0.2,0.1111111111111111,0.16666666666666666,0.14829723057014907,0.1111111111111111,0.1
1087,5,0.0,0.0,0.0,0.0,0.0,0.0,0.0,0.0,0.0,0.0
21757,7,0.2,0.3333333333333333,0.33916020527361607,0.14285714285714285,0.2,0.14285714285714285,0.2040816326530612,0.27487633291429087,0.14285714285714285,0.1
12774,4,0.25,0.35714285714285715,0.39038004999210163,0.25,0.2,0.25,0.2941176470588235,0.39038004999210163,0.25,0.1
29020,6,0.0,0.0,0.0,0.0,0.0,0.0,0.0,0.0,0.0,0.0
955,21,0.0,0.0,0.0,0.0,0.0,0.2,0.14545454545454548,0.14782949091545258,0.09523809523809523,0.2
26017,38,0.8,0.9333333333333332,0.8687949224876582,0.10526315789473684,0.8,0.6,0.7272727272727273,0.7034066032439747,0.15789473684210525,0.6
25124,7,0.4,0.6,0.5531464700081437,0.2857142857142857,0.4,0.2857142857142857,0.38775510204081626,0.4483039899025303,0.2857142857142857,0.2
19954,20,0.4,0.39999999999999997,0.4703652827859578,0.1,0.4,0.2,0.29090909090909095,0.3052348839397011,0.1,0.2
26384,2,0.5,0.0,0.0,0.5,0.2,0.5,0.0,0.0,0.5,0.1
18180,10,0.4,0.39999999999999997,0.4703652827859578,0.2,0.4,0.2,0.29090909090909095,0.3052348839397011,0.2,0.2
647,15,0.0,0.0,0.0,0.0,0.0,0.0,0.0,0.0,0.0,0.0
3346,6,0.0,0.0,0.0,0.0,0.0,0.0,0.0,0.0,0.0,0.0
9000,2,0.0,0.0,0.0,0.0,0.0,0.5,0.0,0.0,0.5,0.1
15959,7,0.2,0.3333333333333333,0.33916020527361607,0.14285714285714285,0.2,0.14285714285714285,0.2040816326530612,0.27487633291429087,0.14285714285714285,0.1
23809,15,0.2,0.13333333333333333,0.14606834984270645,0.06666666666666667,0.2,0.1,0.12727272727272726,0.09478836436955078,0.06666666666666667,0.1
25624,32,0.0,0.0,0.0,0.0,0.0,0.1,0.05454545454545456,0.06943122193677725,0.03125,0.1
13515,11,0.2,0.13333333333333333,0.14606834984270645,0.09090909090909091,0.2,0.3,0.23636363636363633,0.23680742154717777,0.2727272727272727,0.3
22081,2,0.0,0.0,0.0,0.0,0.0,0.0,0.0,0.0,0.0,0.0
446,1,0.0,0.0,0.0,0.0,0.0,1.0,0.0,0.0,1.0,0.1
5570,15,0.6,0.6666666666666666,0.6548086577531306,0.2,0.6,0.4,0.5272727272727272,0.49828993591603105,0.26666666666666666,0.4
24091,13,0.6,0.6,0.6399453854227659,0.23076923076923078,0.6,0.4,0.5272727272727272,0.4936790360674165,0.3076923076923077,0.4
4104,12,0.2,0.3333333333333333,0.33916020527361607,0.08333333333333333,0.2,0.1,0.18181818181818182,0.22009176629808014,0.08333333333333333,0.1
26338,3,0.0,0.0,0.0,0.0,0.0,0.0,0.0,0.0,0.0,0.0
10954,15,0.4,0.4666666666666666,0.48522855511632257,0.13333333333333333,0.4,0.2,0.3090909090909091,0.31488013066763093,0.13333333333333333,0.2
572,13,0.4,0.6,0.5531464700081437,0.15384615384615385,0.4,0.2,0.34545454545454546,0.3589542101716347,0.15384615384615385,0.2
16186,1,1.0,1.0,1.0,1.0,0.2,1.0,1.0,1.0,1.0,0.1
19715,2,0.0,0.0,0.0,0.0,0.0,0.5,0.0,0.0,0.5,0.1
26707,33,0.2,0.26666666666666666,0.2139862647345275,0.030303030303030304,0.2,0.4,0.29090909090909095,0.34210137762625525,0.12121212121212122,0.4
13312,7,0.0,0.0,0.0,0.0,0.0,0.0,0.0,0.0,0.0,0.0
17163,1,1.0,1.0,1.0,1.0,0.2,1.0,1.0,1.0,1.0,0.1
15688,2,0.5,0.0,0.0,0.5,0.2,0.5,0.0,0.0,0.5,0.1
6073,5,0.2,0.19999999999999998,0.16958010263680803,0.2,0.2,0.2,0.2,0.16958010263680803,0.2,0.1
11596,26,0.2,0.06666666666666665,0.13120507751234176,0.038461538461538464,0.2,0.4,0.29090909090909095,0.29922683201146255,0.15384615384615385,0.4
5669,16,0.4,0.3333333333333333,0.31564845247951445,0.125,0.4,0.2,0.2727272727272727,0.20483424751859083,0.125,0.2
16874,25,0.4,0.5333333333333333,0.5087403079104241,0.08,0.4,0.2,0.32727272727272727,0.3301376494471202,0.08,0.2
20203,39,0.0,0.0,0.0,0.0,0.0,0.0,0.0,0.0,0.0,0.0
11583,1,0.0,0.0,0.0,0.0,0.0,0.0,0.0,0.0,0.0,0.0
6127,4,0.25,0.35714285714285715,0.39038004999210163,0.25,0.2,0.25,0.2941176470588235,0.39038004999210163,0.25,0.1
7626,9,0.2,0.3333333333333333,0.33916020527361607,0.1111111111111111,0.2,0.1111111111111111,0.18518518518518517,0.23504554941448538,0.1111111111111111,0.1
2223,6,0.4,0.4666666666666666,0.38356636737133554,0.3333333333333333,0.4,0.3333333333333333,0.3777777777777778,0.34222207292834134,0.3333333333333333,0.2
20493,48,0.6,0.7333333333333334,0.6992148198508501,0.0625,0.6,0.3,0.47272727272727266,0.4537425745411855,0.0625,0.3
3716,8,0.0,0.0,0.0,0.0,0.0,0.125,0.0,0.0,0.125,0.1
22069,32,0.2,0.3333333333333333,0.33916020527361607,0.03125,0.2,0.3,0.34545454545454546,0.37185395737611554,0.09375,0.3
1109,18,0.4,0.6,0.5531464700081437,0.1111111111111111,0.4,0.2,0.34545454545454546,0.3589542101716347,0.1111111111111111,0.2
17784,18,0.8,0.9333333333333332,0.8687949224876582,0.2222222222222222,0.8,0.4,0.6181818181818183,0.5637884576902256,0.2222222222222222,0.4
17,5,0.4,0.6,0.5531464700081437,0.4,0.4,0.4,0.475,0.5531464700081437,0.4,0.2
19453,11,0.2,0.3333333333333333,0.33916020527361607,0.09090909090909091,0.2,0.1,0.18181818181818182,0.22009176629808014,0.09090909090909091,0.1
9946,47,0.2,0.3333333333333333,0.33916020527361607,0.02127659574468085,0.2,0.3,0.32727272727272727,0.36792125721353275,0.06382978723404255,0.3
908,18,0.6,0.5333333333333333,0.5147714448836773,0.16666666666666666,0.6,0.4,0.5090909090909091,0.4124497136428909,0.2222222222222222,0.4
9756,26,0.6,0.6666666666666666,0.6843515475204854,0.11538461538461539,0.6,0.5,0.6181818181818182,0.5958595188912911,0.19230769230769232,0.5
13835,12,0.4,0.6,0.5531464700081437,0.16666666666666666,0.4,0.2,0.34545454545454546,0.3589542101716347,0.16666666666666666,0.2
17410,23,0.2,0.19999999999999998,0.16958010263680803,0.043478260869565216,0.2,0.1,0.14545454545454548,0.11004588314904007,0.043478260869565216,0.1
16467,22,0.4,0.4666666666666666,0.38356636737133554,0.09090909090909091,0.4,0.4,0.4181818181818182,0.39092738420022155,0.18181818181818182,0.4
11341,50,0.8,0.9333333333333332,0.8687949224876582,0.08,0.8,0.7,0.7818181818181817,0.7752387368046298,0.14,0.7
22925,4,0.25,0.35714285714285715,0.39038004999210163,0.25,0.2,0.25,0.2941176470588235,0.39038004999210163,0.25,0.1
23481,2,0.0,0.0,0.0,0.0,0.0,0.0,0.0,0.0,0.0,0.0
19607,3,0.3333333333333333,0.33333333333333337,0.29608191096586517,0.3333333333333333,0.2,0.6666666666666666,0.3333333333333333,0.29608191096586517,0.6666666666666666,0.2
5426,40,0.6,0.7333333333333334,0.6992148198508501,0.075,0.6,0.3,0.47272727272727266,0.4537425745411855,0.075,0.3
7464,7,0.4,0.19999999999999998,0.2772734273550482,0.2857142857142857,0.4,0.2857142857142857,0.26530612244897955,0.22471947398559272,0.2857142857142857,0.2
22460,32,0.4,0.26666666666666666,0.3007851801491498,0.0625,0.4,0.2,0.2545454545454545,0.19518900079066104,0.0625,0.2
13727,6,0.2,0.26666666666666666,0.2139862647345275,0.16666666666666666,0.2,0.16666666666666666,0.2,0.1909208661789346,0.16666666666666666,0.1
25271,6,0.2,0.3333333333333333,0.33916020527361607,0.16666666666666666,0.2,0.16666666666666666,0.2222222222222222,0.30260241349881345,0.16666666666666666,0.1
13898,1,0.0,0.0,0.0,0.0,0.0,0.0,0.0,0.0,0.0,0.0
2112,6,0.2,0.3333333333333333,0.33916020527361607,0.16666666666666666,0.2,0.3333333333333333,0.2222222222222222,0.30260241349881345,0.3333333333333333,0.2
29697,3,0.3333333333333333,0.4166666666666667,0.46927872602275644,0.3333333333333333,0.2,0.3333333333333333,0.37037037037037035,0.46927872602275644,0.3333333333333333,0.1
21663,4,0.5,0.28571428571428575,0.2463023887407299,0.5,0.4,0.75,0.2647058823529412,0.2463023887407299,0.75,0.3
5323,32,0.0,0.0,0.0,0.0,0.0,0.1,0.018181818181818177,0.0636207881989517,0.03125,0.1
11753,10,0.0,0.0,0.0,0.0,0.0,0.0,0.0,0.0,0.0,0.0
26846,11,0.4,0.6,0.5531464700081437,0.18181818181818182,0.4,0.2,0.34545454545454546,0.3589542101716347,0.18181818181818182,0.2
30554,2,0.0,0.0,0.0,0.0,0.0,0.0,0.0,0.0,0.0,0.0
26099,11,0.2,0.19999999999999998,0.16958010263680803,0.09090909090909091,0.2,0.1,0.14545454545454548,0.11004588314904007,0.09090909090909091,0.1
334,17,0.4,0.6,0.5531464700081437,0.11764705882352941,0.4,0.5,0.49090909090909085,0.5672274908036508,0.29411764705882354,0.5
24450,36,0.4,0.5333333333333333,0.5087403079104241,0.05555555555555555,0.4,0.3,0.41818181818181815,0.4085359184257955,0.08333333333333333,0.3
18847,10,0.2,0.3333333333333333,0.33916020527361607,0.1,0.2,0.2,0.21818181818181817,0.28634598975246917,0.2,0.2
917,4,0.0,0.0,0.0,0.0,0.0,0.0,0.0,0.0,0.0,0.0
16195,5,0.0,0.0,0.0,0.0,0.0,0.0,0.0,0.0,0.0,0.0
2448,4,0.25,0.28571428571428575,0.2463023887407299,0.25,0.2,0.75,0.2647058823529412,0.2463023887407299,0.75,0.3
13308,33,0.8,0.7333333333333334,0.7860137352654724,0.12121212121212122,0.8,0.4,0.5636363636363636,0.510069131458292,0.12121212121212122,0.4
1937,3,0.0,0.0,0.0,0.0,0.0,0.0,0.0,0.0,0.0,0.0
10726,4,0.25,0.28571428571428575,0.2463023887407299,0.25,0.2,0.5,0.2647058823529412,0.2463023887407299,0.5,0.2
10104,2,0.0,0.0,0.0,0.0,0.0,0.0,0.0,0.0,0.0,0.0
17867,6,0.0,0.0,0.0,0.0,0.0,0.0,0.0,0.0,0.0,0.0
23730,9,0.0,0.0,0.0,0.0,0.0,0.0,0.0,0.0,0.0,0.0
27836,5,0.2,0.26666666666666666,0.2139862647345275,0.2,0.2,0.2,0.225,0.2139862647345275,0.2,0.1
5134,9,0.2,0.19999999999999998,0.16958010263680803,0.1111111111111111,0.2,0.1111111111111111,0.14814814814814814,0.11752277470724269,0.1111111111111111,0.1
14893,5,0.2,0.3333333333333333,0.33916020527361607,0.2,0.2,0.4,0.25,0.33916020527361607,0.4,0.2
18900,4,0.25,0.0,0.0,0.25,0.2,0.5,0.0,0.0,0.5,0.2
7479,8,0.2,0.3333333333333333,0.33916020527361607,0.125,0.2,0.125,0.1923076923076923,0.2529427027676571,0.125,0.1
19767,2,0.5,0.0,0.0,0.5,0.2,0.5,0.0,0.0,0.5,0.1
9575,54,0.2,0.3333333333333333,0.33916020527361607,0.018518518518518517,0.2,0.1,0.18181818181818182,0.22009176629808014,0.018518518518518517,0.1
27223,4,0.0,0.0,0.0,0.0,0.0,0.0,0.0,0.0,0.0,0.0
21312,9,0.4,0.6,0.5531464700081437,0.2222222222222222,0.4,0.2222222222222222,0.3518518518518518,0.38334277998463445,0.2222222222222222,0.2
4541,14,0.4,0.5333333333333333,0.5087403079104241,0.14285714285714285,0.4,0.3,0.4,0.40350157154648025,0.21428571428571427,0.3
593,23,0.4,0.19999999999999998,0.2772734273550482,0.08695652173913043,0.4,0.3,0.2909090909090909,0.24936270394794896,0.13043478260869565,0.3
15678,6,0.4,0.5333333333333333,0.5087403079104241,0.3333333333333333,0.4,0.3333333333333333,0.4,0.4539036202482201,0.3333333333333333,0.2
19003,10,0.4,0.6,0.5531464700081437,0.2,0.4,0.3,0.43636363636363634,0.43735247915031,0.3,0.3
7249,41,0.8,0.7333333333333334,0.7860137352654724,0.0975609756097561,0.8,0.9,0.8363636363636363,0.8611375561264454,0.21951219512195122,0.9
5321,35,0.2,0.19999999999999998,0.16958010263680803,0.02857142857142857,0.2,0.3,0.23636363636363641,0.2470305934473518,0.08571428571428572,0.3
30984,8,0.4,0.5333333333333333,0.5087403079104241,0.25,0.4,0.25,0.34615384615384615,0.37941405415148566,0.25,0.2
7881,45,0.4,0.6,0.5531464700081437,0.044444444444444446,0.4,0.5,0.5636363636363636,0.5801476231864473,0.1111111111111111,0.5
28952,4,0.25,0.35714285714285715,0.39038004999210163,0.25,0.2,0.5,0.2941176470588235,0.39038004999210163,0.5,0.2
28824,10,0.4,0.3333333333333333,0.31564845247951445,0.2,0.4,0.3,0.36363636363636365,0.28323251649726616,0.3,0.3
22541,9,0.2,0.26666666666666666,0.2139862647345275,0.1111111111111111,0.2,0.1111111111111111,0.16666666666666666,0.14829723057014907,0.1111111111111111,0.1
12634,2,0.0,0.0,0.0,0.0,0.0,0.0,0.0,0.0,0.0,0.0
22962,6,0.2,0.26666666666666666,0.2139862647345275,0.16666666666666666,0.2,0.3333333333333333,0.2,0.1909208661789346,0.3333333333333333,0.2
5384,26,0.6,0.6,0.6399453854227659,0.11538461538461539,0.6,0.4,0.5272727272727272,0.4936790360674165,0.15384615384615385,0.4
24962,33,0.6,0.6,0.6399453854227659,0.09090909090909091,0.6,0.6,0.6181818181818182,0.6306637463657283,0.18181818181818182,0.6
18758,3,0.0,0.0,0.0,0.0,0.0,0.0,0.0,0.0,0.0,0.0
10315,22,0.4,0.6,0.5531464700081437,0.09090909090909091,0.4,0.4,0.49090909090909096,0.5067837010870873,0.18181818181818182,0.4
23349,2,0.5,0.5555555555555556,0.6131471927654584,0.5,0.2,0.5,0.5263157894736842,0.6131471927654584,0.5,0.1
6918,2,0.0,0.0,0.0,0.0,0.0,0.0,0.0,0.0,0.0,0.0
12818,10,0.8,0.8666666666666666,0.8539316501572936,0.4,0.8,0.4,0.6000000000000001,0.5541432109622958,0.4,0.4
2390,4,0.5,0.6428571428571429,0.6366824387328316,0.5,0.4,0.5,0.5588235294117646,0.6366824387328316,0.5,0.2
17200,4,0.0,0.0,0.0,0.0,0.0,0.5,0.0,0.0,0.5,0.2
15341,5,0.0,0.0,0.0,0.0,0.0,0.0,0.0,0.0,0.0,0.0
30382,4,0.0,0.0,0.0,0.0,0.0,0.0,0.0,0.0,0.0,0.0
27482,16,0.2,0.3333333333333333,0.33916020527361607,0.0625,0.2,0.2,0.2,0.2837125544970318,0.125,0.2
15195,24,0.2,0.3333333333333333,0.33916020527361607,0.041666666666666664,0.2,0.2,0.23636363636363636,0.2895229882348574,0.08333333333333333,0.2
23814,28,0.6,0.6,0.6399453854227659,0.10714285714285714,0.6,0.4,0.509090909090909,0.4886446891881013,0.14285714285714285,0.4
11798,5,0.2,0.3333333333333333,0.33916020527361607,0.2,0.2,0.4,0.25,0.33916020527361607,0.4,0.2
227,2,0.0,0.0,0.0,0.0,0.0,0.0,0.0,0.0,0.0,0.0
30083,4,0.0,0.0,0.0,0.0,0.0,0.0,0.0,0.0,0.0,0.0
22862,3,0.0,0.0,0.0,0.0,0.0,0.0,0.0,0.0,0.0,0.0
28834,4,0.0,0.0,0.0,0.0,0.0,0.0,0.0,0.0,0.0,0.0
6088,1,1.0,1.0,1.0,1.0,0.2,1.0,1.0,1.0,1.0,0.1
13725,1,0.0,0.0,0.0,0.0,0.0,0.0,0.0,0.0,0.0,0.0
4263,39,0.2,0.3333333333333333,0.33916020527361607,0.02564102564102564,0.2,0.6,0.45454545454545464,0.5711601909662335,0.15384615384615385,0.6
8669,15,0.4,0.6,0.5531464700081437,0.13333333333333333,0.4,0.2,0.34545454545454546,0.3589542101716347,0.13333333333333333,0.2
19669,8,0.2,0.3333333333333333,0.33916020527361607,0.125,0.2,0.125,0.1923076923076923,0.2529427027676571,0.125,0.1
10535,3,0.6666666666666666,0.5833333333333334,0.5307212739772434,0.6666666666666666,0.4,0.6666666666666666,0.6296296296296297,0.5307212739772434,0.6666666666666666,0.2
18704,25,0.2,0.19999999999999998,0.16958010263680803,0.04,0.2,0.2,0.18181818181818182,0.1763001066034291,0.08,0.2
11410,13,0.2,0.3333333333333333,0.33916020527361607,0.07692307692307693,0.2,0.1,0.18181818181818182,0.22009176629808014,0.07692307692307693,0.1
8136,2,0.5,0.5555555555555556,0.6131471927654584,0.5,0.2,0.5,0.5263157894736842,0.6131471927654584,0.5,0.1
25576,8,0.0,0.0,0.0,0.0,0.0,0.125,0.057692307692307696,0.07979453856244816,0.125,0.1
21854,2,0.0,0.0,0.0,0.0,0.0,0.0,0.0,0.0,0.0,0.0
22252,14,0.2,0.13333333333333333,0.14606834984270645,0.07142857142857142,0.2,0.2,0.18181818181818182,0.16421958630632802,0.14285714285714285,0.2
11571,9,0.2,0.3333333333333333,0.33916020527361607,0.1111111111111111,0.2,0.1111111111111111,0.18518518518518517,0.23504554941448538,0.1111111111111111,0.1
28688,7,0.2,0.3333333333333333,0.33916020527361607,0.14285714285714285,0.2,0.14285714285714285,0.2040816326530612,0.27487633291429087,0.14285714285714285,0.1
26050,25,0.2,0.3333333333333333,0.33916020527361607,0.04,0.2,0.4,0.34545454545454546,0.4291411337886065,0.16,0.4
9415,3,0.3333333333333333,0.0,0.0,0.3333333333333333,0.2,0.3333333333333333,0.0,0.0,0.3333333333333333,0.1
1679,4,0.25,0.35714285714285715,0.39038004999210163,0.25,0.2,0.25,0.2941176470588235,0.39038004999210163,0.25,0.1
4599,2,0.0,0.0,0.0,0.0,0.0,0.0,0.0,0.0,0.0,0.0
28668,31,0.8,0.9333333333333332,0.8687949224876582,0.12903225806451613,0.8,0.5,0.6727272727272727,0.6332196796270029,0.16129032258064516,0.5
5024,21,0.2,0.06666666666666665,0.13120507751234176,0.047619047619047616,0.2,0.2,0.2,0.1635413866202963,0.09523809523809523,0.2
16029,37,1.0,1.0,1.0,0.13513513513513514,1.0,0.6,0.8181818181818182,0.727329844310522,0.16216216216216217,0.6
29834,5,0.0,0.0,0.0,0.0,0.0,0.0,0.0,0.0,0.0,0.0
1451,10,0.4,0.4666666666666666,0.48522855511632257,0.2,0.4,0.2,0.3090909090909091,0.31488013066763093,0.2,0.2
5777,4,0.25,0.35714285714285715,0.39038004999210163,0.25,0.2,0.25,0.2941176470588235,0.39038004999210163,0.25,0.1
21344,4,0.5,0.5714285714285715,0.5855700749881524,0.5,0.4,0.5,0.5294117647058824,0.5855700749881524,0.5,0.2
21281,2,1.0,0.5555555555555556,0.6131471927654584,1.0,0.4,1.0,0.5263157894736842,0.6131471927654584,1.0,0.2
692,3,0.3333333333333333,0.4166666666666667,0.46927872602275644,0.3333333333333333,0.2,0.3333333333333333,0.37037037037037035,0.46927872602275644,0.3333333333333333,0.1
28035,9,0.4,0.39999999999999997,0.4703652827859578,0.2222222222222222,0.4,0.2222222222222222,0.2962962962962963,0.32597358003346416,0.2222222222222222,0.2
7801,12,0.2,0.19999999999999998,0.16958010263680803,0.08333333333333333,0.2,0.1,0.14545454545454548,0.11004588314904007,0.08333333333333333,0.1
17869,19,0.4,0.19999999999999998,0.2772734273550482,0.10526315789473684,0.4,0.3,0.3272727272727272,0.25832975098984706,0.15789473684210525,0.3
6351,23,0.2,0.19999999999999998,0.16958010263680803,0.043478260869565216,0.2,0.1,0.14545454545454548,0.11004588314904007,0.043478260869565216,0.1
21621,19,0.6,0.6666666666666666,0.6548086577531306,0.15789473684210525,0.6,0.3,0.45454545454545453,0.424926013816671,0.15789473684210525,0.3
10395,14,0.2,0.3333333333333333,0.33916020527361607,0.07142857142857142,0.2,0.2,0.23636363636363636,0.2895229882348574,0.14285714285714285,0.2
1314,6,0.0,0.0,0.0,0.0,0.0,0.0,0.0,0.0,0.0,0.0
12912,13,0.0,0.0,0.0,0.0,0.0,0.0,0.0,0.0,0.0,0.0
13675,14,0.4,0.6,0.5531464700081437,0.14285714285714285,0.4,0.2,0.34545454545454546,0.3589542101716347,0.14285714285714285,0.2
16984,2,0.5,0.4444444444444445,0.3868528072345415,0.5,0.2,0.5,0.4736842105263158,0.3868528072345415,0.5,0.1
25978,1,0.0,0.0,0.0,0.0,0.0,0.0,0.0,0.0,0.0,0.0
16878,7,0.6,0.6666666666666666,0.6843515475204854,0.42857142857142855,0.6,0.5714285714285714,0.6122448979591836,0.6525535962827279,0.5714285714285714,0.4
7405,25,0.4,0.26666666666666666,0.3007851801491498,0.08,0.4,0.3,0.34545454545454546,0.2735872697693364,0.12,0.3
10652,33,0.4,0.4000000000000001,0.3600546145772339,0.06060606060606061,0.4,0.3,0.38181818181818183,0.31204907722178055,0.09090909090909091,0.3
23803,4,0.0,0.0,0.0,0.0,0.0,0.0,0.0,0.0,0.0,0.0
7690,3,0.0,0.0,0.0,0.0,0.0,0.0,0.0,0.0,0.0,0.0
29691,57,0.4,0.39999999999999997,0.4703652827859578,0.03508771929824561,0.4,0.2,0.29090909090909095,0.3052348839397011,0.03508771929824561,0.2
29899,9,0.4,0.39999999999999997,0.4703652827859578,0.2222222222222222,0.4,0.2222222222222222,0.2962962962962963,0.32597358003346416,0.2222222222222222,0.2
2048,5,0.4,0.3333333333333333,0.34519134224686926,0.4,0.4,0.4,0.375,0.34519134224686926,0.4,0.2
22699,16,0.2,0.3333333333333333,0.33916020527361607,0.0625,0.2,0.3,0.34545454545454546,0.37185395737611554,0.1875,0.3
255,3,0.3333333333333333,0.25,0.23463936301137822,0.3333333333333333,0.2,0.3333333333333333,0.2962962962962963,0.23463936301137822,0.3333333333333333,0.1
27198,22,0.4,0.39999999999999997,0.4703652827859578,0.09090909090909091,0.4,0.4,0.4,0.44485302949345024,0.18181818181818182,0.4
8794,22,0.2,0.3333333333333333,0.33916020527361607,0.045454545454545456,0.2,0.1,0.18181818181818182,0.22009176629808014,0.045454545454545456,0.1
18405,2,0.0,0.0,0.0,0.0,0.0,0.0,0.0,0.0,0.0,0.0
27041,20,0.2,0.3333333333333333,0.33916020527361607,0.05,0.2,0.1,0.18181818181818182,0.22009176629808014,0.05,0.1
4384,9,0.4,0.4666666666666666,0.48522855511632257,0.2222222222222222,0.4,0.2222222222222222,0.31481481481481477,0.3362741576267856,0.2222222222222222,0.2
11122,25,0.6,0.7999999999999999,0.7227265726449518,0.12,0.6,0.5,0.6545454545454545,0.6207622843987102,0.2,0.5
18334,32,0.6,0.6666666666666666,0.6843515475204854,0.09375,0.6,0.8,0.7272727272727273,0.7951657524814091,0.25,0.8
26818,15,0.2,0.13333333333333333,0.14606834984270645,0.06666666666666667,0.2,0.1,0.12727272727272726,0.09478836436955078,0.06666666666666667,0.1
13726,20,0.4,0.6,0.5531464700081437,0.1,0.4,0.4,0.43636363636363645,0.494639655562801,0.2,0.4
1983,24,0.8,0.7333333333333334,0.7860137352654724,0.16666666666666666,0.8,0.5,0.6545454545454545,0.5884674004369673,0.20833333333333334,0.5
16156,6,0.0,0.0,0.0,0.0,0.0,0.0,0.0,0.0,0.0,0.0
10991,6,0.0,0.0,0.0,0.0,0.0,0.0,0.0,0.0,0.0,0.0
2078,11,0.4,0.4666666666666666,0.48522855511632257,0.18181818181818182,0.4,0.3,0.3272727272727272,0.3785009188665826,0.2727272727272727,0.3
21444,1,1.0,1.0,1.0,1.0,0.2,1.0,1.0,1.0,1.0,0.1
23848,5,0.6,0.7999999999999999,0.7227265726449518,0.6,0.6,0.6,0.675,0.7227265726449518,0.6,0.3
22592,9,0.0,0.0,0.0,0.0,0.0,0.0,0.0,0.0,0.0,0.0
16321,27,0.0,0.0,0.0,0.0,0.0,0.0,0.0,0.0,0.0,0.0
3858,7,0.0,0.0,0.0,0.0,0.0,0.0,0.0,0.0,0.0,0.0
4581,57,0.8,0.8666666666666666,0.8539316501572936,0.07017543859649122,0.8,0.5,0.6545454545454547,0.623574432899073,0.08771929824561403,0.5
5153,2,0.0,0.0,0.0,0.0,0.0,0.0,0.0,0.0,0.0,0.0
11833,31,0.6,0.5333333333333333,0.6164336326286642,0.0967741935483871,0.6,0.4,0.49090909090909085,0.47338717040861195,0.12903225806451613,0.4
18746,21,0.6,0.7999999999999999,0.7227265726449518,0.14285714285714285,0.6,0.3,0.49090909090909096,0.46900009332067477,0.14285714285714285,0.3
17397,34,0.4,0.4000000000000001,0.3600546145772339,0.058823529411764705,0.4,0.3,0.34545454545454546,0.3030820301798825,0.08823529411764706,0.3
18129,2,0.5,0.5555555555555556,0.6131471927654584,0.5,0.2,1.0,0.5263157894736842,0.6131471927654584,1.0,0.2
17588,5,0.0,0.0,0.0,0.0,0.0,0.0,0.0,0.0,0.0,0.0
24777,10,0.2,0.3333333333333333,0.33916020527361607,0.1,0.2,0.1,0.18181818181818182,0.22009176629808014,0.1,0.1
15985,17,0.6,0.6,0.529634717214042,0.17647058823529413,0.6,0.5,0.5636363636363637,0.48649183542828267,0.29411764705882354,0.5
27702,19,0.2,0.13333333333333333,0.14606834984270645,0.05263157894736842,0.2,0.2,0.1636363636363636,0.16104258782393982,0.10526315789473684,0.2
16310,13,0.4,0.39999999999999997,0.4703652827859578,0.15384615384615385,0.4,0.3,0.30909090909090914,0.3688556721386528,0.23076923076923078,0.3
24193,6,0.4,0.4666666666666666,0.38356636737133554,0.3333333333333333,0.4,0.3333333333333333,0.3777777777777778,0.34222207292834134,0.3333333333333333,0.2
4439,6,0.2,0.26666666666666666,0.2139862647345275,0.16666666666666666,0.2,0.16666666666666666,0.2,0.1909208661789346,0.16666666666666666,0.1
4245,26,0.2,0.3333333333333333,0.33916020527361607,0.038461538461538464,0.2,0.1,0.18181818181818182,0.22009176629808014,0.038461538461538464,0.1
27384,1,1.0,0.0,0.0,1.0,0.2,1.0,0.0,0.0,1.0,0.1
7538,57,0.8,0.8000000000000002,0.8304198973631919,0.07017543859649122,0.8,0.8,0.8363636363636363,0.8263333286520081,0.14035087719298245,0.8
14211,1,0.0,0.0,0.0,0.0,0.0,0.0,0.0,0.0,0.0,0.0
21129,6,0.0,0.0,0.0,0.0,0.0,0.0,0.0,0.0,0.0,0.0
30456,1,0.0,0.0,0.0,0.0,0.0,0.0,0.0,0.0,0.0,0.0
23554,3,0.3333333333333333,0.33333333333333337,0.29608191096586517,0.3333333333333333,0.2,0.3333333333333333,0.3333333333333333,0.29608191096586517,0.3333333333333333,0.1
17736,13,0.4,0.6,0.5531464700081437,0.15384615384615385,0.4,0.3,0.4,0.4283854321084119,0.23076923076923078,0.3
25867,9,0.2,0.3333333333333333,0.33916020527361607,0.1111111111111111,0.2,0.1111111111111111,0.18518518518518517,0.23504554941448538,0.1111111111111111,0.1
5196,21,0.6,0.5333333333333333,0.6164336326286642,0.14285714285714285,0.6,0.4,0.45454545454545453,0.4662774717636409,0.19047619047619047,0.4
15013,44,0.4,0.39999999999999997,0.4703652827859578,0.045454545454545456,0.4,0.4,0.4,0.4472539411173281,0.09090909090909091,0.4
27848,14,0.2,0.26666666666666666,0.2139862647345275,0.07142857142857142,0.2,0.1,0.16363636363636364,0.1388624438735545,0.07142857142857142,0.1
27624,10,0.4,0.5333333333333333,0.5087403079104241,0.2,0.4,0.2,0.32727272727272727,0.3301376494471202,0.2,0.2
19283,8,0.2,0.3333333333333333,0.33916020527361607,0.125,0.2,0.25,0.2692307692307692,0.33725693702354287,0.25,0.2
20906,13,0.0,0.0,0.0,0.0,0.0,0.1,0.036363636363636355,0.06625422345438903,0.07692307692307693,0.1
26717,3,0.0,0.0,0.0,0.0,0.0,0.0,0.0,0.0,0.0,0.0
17186,44,0.4,0.4666666666666666,0.48522855511632257,0.045454545454545456,0.4,0.4,0.4727272727272727,0.4666423217456664,0.09090909090909091,0.4
23918,25,0.4,0.6,0.5531464700081437,0.08,0.4,0.2,0.34545454545454546,0.3589542101716347,0.08,0.2
18981,3,0.3333333333333333,0.0,0.0,0.3333333333333333,0.2,0.3333333333333333,0.0,0.0,0.3333333333333333,0.1
21817,60,0.4,0.5333333333333333,0.5087403079104241,0.03333333333333333,0.4,0.3,0.38181818181818183,0.3995688713838974,0.05,0.3
26760,27,0.8,0.6666666666666666,0.6608397947263838,0.14814814814814814,0.8,0.5,0.5636363636363637,0.49246059723271807,0.18518518518518517,0.5
25183,3,0.3333333333333333,0.4166666666666667,0.46927872602275644,0.3333333333333333,0.2,0.6666666666666666,0.37037037037037035,0.46927872602275644,0.6666666666666666,0.2
1326,8,0.0,0.0,0.0,0.0,0.0,0.0,0.0,0.0,0.0,0.0
8123,8,0.2,0.26666666666666666,0.2139862647345275,0.125,0.2,0.125,0.17307692307692307,0.1595890771248963,0.125,0.1
7248,53,0.4,0.19999999999999998,0.2772734273550482,0.03773584905660377,0.4,0.4,0.3818181818181818,0.3277609729266243,0.07547169811320754,0.4
5764,12,0.0,0.0,0.0,0.0,0.0,0.1,0.036363636363636355,0.06625422345438903,0.08333333333333333,0.1
20581,4,0.0,0.0,0.0,0.0,0.0,0.0,0.0,0.0,0.0,0.0
2288,31,0.2,0.13333333333333333,0.14606834984270645,0.03225806451612903,0.2,0.3,0.23636363636363633,0.23680742154717777,0.0967741935483871,0.3
7054,6,0.6,0.6,0.529634717214042,0.5,0.6,0.5,0.5333333333333334,0.472545838838712,0.5,0.3
18974,12,0.0,0.0,0.0,0.0,0.0,0.0,0.0,0.0,0.0,0.0
13833,10,0.2,0.3333333333333333,0.33916020527361607,0.1,0.2,0.1,0.18181818181818182,0.22009176629808014,0.1,0.1
20766,1,0.0,0.0,0.0,0.0,0.0,0.0,0.0,0.0,0.0,0.0
1930,8,0.2,0.19999999999999998,0.16958010263680803,0.125,0.2,0.25,0.21153846153846154,0.20626588994627676,0.25,0.2
9988,20,0.6,0.5333333333333333,0.6164336326286642,0.15,0.6,0.3,0.41818181818181815,0.4000232483092519,0.15,0.3
12879,3,0.6666666666666666,0.4166666666666667,0.46927872602275644,0.6666666666666666,0.4,0.6666666666666666,0.37037037037037035,0.46927872602275644,0.6666666666666666,0.2
17237,15,0.2,0.3333333333333333,0.33916020527361607,0.06666666666666667,0.2,0.1,0.18181818181818182,0.22009176629808014,0.06666666666666667,0.1
21506,5,0.2,0.3333333333333333,0.33916020527361607,0.2,0.2,0.2,0.25,0.33916020527361607,0.2,0.1
23852,52,0.8,0.8666666666666666,0.8539316501572936,0.07692307692307693,0.8,0.7,0.7272727272727273,0.7573821447149967,0.1346153846153846,0.7
17328,22,0.6,0.6666666666666666,0.6843515475204854,0.13636363636363635,0.6,0.3,0.45454545454545453,0.44409732781325567,0.13636363636363635,0.3
25854,19,0.4,0.39999999999999997,0.4703652827859578,0.10526315789473684,0.4,0.4,0.38181818181818183,0.4422195942380128,0.21052631578947367,0.4
4233,28,0.2,0.3333333333333333,0.33916020527361607,0.03571428571428571,0.2,0.1,0.18181818181818182,0.22009176629808014,0.03571428571428571,0.1
2324,13,0.4,0.6,0.5531464700081437,0.15384615384615385,0.4,0.3,0.41818181818181815,0.43231813227099475,0.23076923076923078,0.3
19988,2,0.0,0.0,0.0,0.0,0.0,0.0,0.0,0.0,0.0,0.0
5860,1,0.0,0.0,0.0,0.0,0.0,0.0,0.0,0.0,0.0,0.0
27700,12,0.0,0.0,0.0,0.0,0.0,0.0,0.0,0.0,0.0,0.0
3300,20,0.2,0.3333333333333333,0.33916020527361607,0.05,0.2,0.1,0.18181818181818182,0.22009176629808014,0.05,0.1
8024,22,0.4,0.39999999999999997,0.4703652827859578,0.09090909090909091,0.4,0.2,0.29090909090909095,0.3052348839397011,0.09090909090909091,0.2
19175,27,0.2,0.3333333333333333,0.33916020527361607,0.037037037037037035,0.2,0.1,0.18181818181818182,0.22009176629808014,0.037037037037037035,0.1
28879,8,0.2,0.3333333333333333,0.33916020527361607,0.125,0.2,0.125,0.1923076923076923,0.2529427027676571,0.125,0.1
28341,21,0.2,0.3333333333333333,0.33916020527361607,0.047619047619047616,0.2,0.2,0.2,0.2837125544970318,0.09523809523809523,0.2
27095,3,0.0,0.0,0.0,0.0,0.0,0.0,0.0,0.0,0.0,0.0
7418,8,0.2,0.13333333333333333,0.14606834984270645,0.125,0.2,0.375,0.1923076923076923,0.18873103118020407,0.375,0.3
9522,27,0.2,0.19999999999999998,0.16958010263680803,0.037037037037037035,0.2,0.3,0.2,0.23992089480238077,0.1111111111111111,0.3
16268,5,0.2,0.3333333333333333,0.33916020527361607,0.2,0.2,0.2,0.25,0.33916020527361607,0.2,0.1
10620,47,0.4,0.6,0.5531464700081437,0.0425531914893617,0.4,0.5,0.5636363636363636,0.5801476231864473,0.10638297872340426,0.5
21141,2,0.5,0.5555555555555556,0.6131471927654584,0.5,0.2,0.5,0.5263157894736842,0.6131471927654584,0.5,0.1
28561,25,0.4,0.19999999999999998,0.2772734273550482,0.08,0.4,0.3,0.309090909090909,0.2532954041105318,0.12,0.3
26720,4,0.25,0.35714285714285715,0.39038004999210163,0.25,0.2,0.25,0.2941176470588235,0.39038004999210163,0.25,0.1
28940,13,0.2,0.3333333333333333,0.33916020527361607,0.07692307692307693,0.2,0.2,0.2,0.2837125544970318,0.15384615384615385,0.2
860,14,0.2,0.3333333333333333,0.33916020527361607,0.07142857142857142,0.2,0.1,0.18181818181818182,0.22009176629808014,0.07142857142857142,0.1
22942,18,0.0,0.0,0.0,0.0,0.0,0.1,0.09090909090909091,0.07839826897867533,0.05555555555555555,0.1
1058,27,0.8,0.8666666666666666,0.8539316501572936,0.14814814814814814,0.8,0.6,0.7454545454545456,0.7019727018777483,0.2222222222222222,0.6
26658,7,0.2,0.26666666666666666,0.2139862647345275,0.14285714285714285,0.2,0.14285714285714285,0.18367346938775508,0.17342765698823942,0.14285714285714285,0.1
23190,3,0.0,0.0,0.0,0.0,0.0,0.0,0.0,0.0,0.0,0.0
21166,21,0.2,0.3333333333333333,0.33916020527361607,0.047619047619047616,0.2,0.1,0.18181818181818182,0.22009176629808014,0.047619047619047616,0.1
30910,3,0.0,0.0,0.0,0.0,0.0,0.3333333333333333,0.0,0.0,0.3333333333333333,0.1
10133,6,0.4,0.3333333333333333,0.34519134224686926,0.3333333333333333,0.4,0.5,0.4444444444444444,0.41577261384140907,0.5,0.3
2904,10,0.4,0.3333333333333333,0.31564845247951445,0.2,0.4,0.5,0.43636363636363634,0.41628452663299514,0.5,0.5
25294,14,0.4,0.4666666666666666,0.38356636737133554,0.14285714285714285,0.4,0.2,0.30909090909090914,0.24890832702259458,0.14285714285714285,0.2
13144,11,0.2,0.19999999999999998,0.16958010263680803,0.09090909090909091,0.2,0.1,0.14545454545454548,0.11004588314904007,0.09090909090909091,0.1
24561,42,0.8,0.8666666666666666,0.8539316501572936,0.09523809523809523,0.8,0.6,0.7272727272727273,0.6969383549984332,0.14285714285714285,0.6
30192,4,0.25,0.35714285714285715,0.39038004999210163,0.25,0.2,0.25,0.2941176470588235,0.39038004999210163,0.25,0.1
16406,21,0.2,0.26666666666666666,0.2139862647345275,0.047619047619047616,0.2,0.2,0.2545454545454545,0.21726071285222984,0.09523809523809523,0.2
9387,3,0.3333333333333333,0.4166666666666667,0.46927872602275644,0.3333333333333333,0.2,0.3333333333333333,0.37037037037037035,0.46927872602275644,0.3333333333333333,0.1
1699,24,0.2,0.26666666666666666,0.2139862647345275,0.041666666666666664,0.2,0.1,0.16363636363636364,0.1388624438735545,0.041666666666666664,0.1
9991,40,0.2,0.3333333333333333,0.33916020527361607,0.025,0.2,0.3,0.32727272727272727,0.36792125721353275,0.075,0.3
13609,45,0.8,0.9333333333333332,0.8687949224876582,0.08888888888888889,0.8,0.6,0.781818181818182,0.7155506487682609,0.13333333333333333,0.6
11631,18,0.2,0.3333333333333333,0.33916020527361607,0.05555555555555555,0.2,0.1,0.18181818181818182,0.22009176629808014,0.05555555555555555,0.1
6001,4,0.0,0.0,0.0,0.0,0.0,0.0,0.0,0.0,0.0,0.0
16603,12,0.4,0.4666666666666666,0.38356636737133554,0.16666666666666666,0.4,0.2,0.30909090909090914,0.24890832702259458,0.16666666666666666,0.2
5141,1,0.0,0.0,0.0,0.0,0.0,1.0,0.0,0.0,1.0,0.1
8490,9,0.2,0.3333333333333333,0.33916020527361607,0.1111111111111111,0.2,0.2222222222222222,0.25925925925925924,0.3133940658859805,0.2222222222222222,0.2
16334,16,0.6,0.6,0.6399453854227659,0.1875,0.6,0.3,0.43636363636363634,0.4152807670887412,0.1875,0.3
28547,3,0.0,0.0,0.0,0.0,0.0,0.0,0.0,0.0,0.0,0.0
29832,27,0.4,0.4666666666666666,0.38356636737133554,0.07407407407407407,0.4,0.2,0.30909090909090914,0.24890832702259458,0.07407407407407407,0.2
12352,16,0.6,0.7999999999999999,0.7227265726449518,0.1875,0.6,0.4,0.5818181818181819,0.5473983622993501,0.25,0.4
1743,5,0.0,0.0,0.0,0.0,0.0,0.0,0.0,0.0,0.0,0.0
399,39,0.4,0.4666666666666666,0.38356636737133554,0.05128205128205128,0.4,0.3,0.38181818181818183,0.3222722491219546,0.07692307692307693,0.3
9877,32,0.2,0.26666666666666666,0.2139862647345275,0.03125,0.2,0.3,0.29090909090909095,0.28165758790969175,0.09375,0.3
25220,5,0.2,0.26666666666666666,0.2139862647345275,0.2,0.2,0.2,0.225,0.2139862647345275,0.2,0.1
10298,22,0.2,0.3333333333333333,0.33916020527361607,0.045454545454545456,0.2,0.1,0.18181818181818182,0.22009176629808014,0.045454545454545456,0.1
23552,8,0.0,0.0,0.0,0.0,0.0,0.125,0.0,0.0,0.125,0.1
21729,12,0.0,0.0,0.0,0.0,0.0,0.0,0.0,0.0,0.0,0.0
2013,4,0.0,0.0,0.0,0.0,0.0,0.0,0.0,0.0,0.0,0.0
24119,6,0.2,0.3333333333333333,0.33916020527361607,0.16666666666666666,0.2,0.16666666666666666,0.2222222222222222,0.30260241349881345,0.16666666666666666,0.1
23659,11,0.2,0.19999999999999998,0.16958010263680803,0.09090909090909091,0.2,0.1,0.14545454545454548,0.11004588314904007,0.09090909090909091,0.1
22394,5,0.2,0.3333333333333333,0.33916020527361607,0.2,0.2,0.2,0.25,0.33916020527361607,0.2,0.1
3324,5,0.0,0.0,0.0,0.0,0.0,0.0,0.0,0.0,0.0,0.0
16668,2,0.0,0.0,0.0,0.0,0.0,0.0,0.0,0.0,0.0,0.0
15850,8,0.6,0.6,0.6399453854227659,0.375,0.6,0.5,0.5192307692307693,0.5570601873490942,0.5,0.4
26904,20,0.8,0.8000000000000002,0.8304198973631919,0.2,0.8,0.5,0.6545454545454544,0.6122496142821665,0.25,0.5
29126,15,0.0,0.0,0.0,0.0,0.0,0.0,0.0,0.0,0.0,0.0
6536,17,0.4,0.4000000000000001,0.3600546145772339,0.11764705882352941,0.4,0.3,0.38181818181818183,0.31204907722178055,0.17647058823529413,0.3
17446,3,0.0,0.0,0.0,0.0,0.0,0.0,0.0,0.0,0.0,0.0
11628,4,0.0,0.0,0.0,0.0,0.0,0.0,0.0,0.0,0.0,0.0
30906,4,0.0,0.0,0.0,0.0,0.0,0.0,0.0,0.0,0.0,0.0
22643,3,0.3333333333333333,0.4166666666666667,0.46927872602275644,0.3333333333333333,0.2,0.3333333333333333,0.37037037037037035,0.46927872602275644,0.3333333333333333,0.1
23977,39,0.8,0.8666666666666666,0.8539316501572936,0.10256410256410256,0.8,0.6,0.6727272727272728,0.6871952210980248,0.15384615384615385,0.6
4339,16,0.0,0.0,0.0,0.0,0.0,0.0,0.0,0.0,0.0,0.0
9422,5,0.4,0.4666666666666666,0.48522855511632257,0.4,0.4,0.4,0.425,0.48522855511632257,0.4,0.2
12623,21,0.2,0.26666666666666666,0.2139862647345275,0.047619047619047616,0.2,0.2,0.21818181818181823,0.20829366581033176,0.09523809523809523,0.2
26186,8,0.2,0.3333333333333333,0.33916020527361607,0.125,0.2,0.125,0.1923076923076923,0.2529427027676571,0.125,0.1
13525,9,0.0,0.0,0.0,0.0,0.0,0.0,0.0,0.0,0.0,0.0
3497,7,0.4,0.39999999999999997,0.4703652827859578,0.2857142857142857,0.4,0.2857142857142857,0.32653061224489793,0.3812130139445206,0.2857142857142857,0.2
7843,4,0.5,0.35714285714285715,0.39038004999210163,0.5,0.4,0.5,0.2941176470588235,0.39038004999210163,0.5,0.2
184,3,0.0,0.0,0.0,0.0,0.0,0.0,0.0,0.0,0.0,0.0
22406,8,0.0,0.0,0.0,0.0,0.0,0.0,0.0,0.0,0.0,0.0
28205,5,0.0,0.0,0.0,0.0,0.0,0.0,0.0,0.0,0.0,0.0
22810,4,0.0,0.0,0.0,0.0,0.0,0.5,0.0,0.0,0.5,0.2
14282,1,1.0,1.0,1.0,1.0,0.2,1.0,1.0,1.0,1.0,0.1
19111,4,0.25,0.35714285714285715,0.39038004999210163,0.25,0.2,0.25,0.2941176470588235,0.39038004999210163,0.25,0.1
17437,24,0.6,0.7333333333333334,0.6992148198508501,0.125,0.6,0.6,0.6909090909090909,0.674935987555998,0.25,0.6
1781,6,0.2,0.3333333333333333,0.33916020527361607,0.16666666666666666,0.2,0.16666666666666666,0.2222222222222222,0.30260241349881345,0.16666666666666666,0.1
15175,29,0.4,0.4000000000000001,0.3600546145772339,0.06896551724137931,0.4,0.3,0.32727272727272727,0.2999050316974943,0.10344827586206896,0.3
21187,8,0.0,0.0,0.0,0.0,0.0,0.125,0.0,0.0,0.125,0.1
14326,15,0.4,0.19999999999999998,0.2772734273550482,0.13333333333333333,0.4,0.4,0.3818181818181818,0.3277609729266243,0.26666666666666666,0.4
29252,14,0.2,0.3333333333333333,0.33916020527361607,0.07142857142857142,0.2,0.1,0.18181818181818182,0.22009176629808014,0.07142857142857142,0.1
27280,24,0.6,0.6666666666666666,0.6843515475204854,0.125,0.6,0.4,0.49090909090909096,0.5103515512676448,0.16666666666666666,0.4
12927,19,0.6,0.7333333333333334,0.6992148198508501,0.15789473684210525,0.6,0.5,0.618181818181818,0.601572065456638,0.2631578947368421,0.5
29749,10,0.4,0.4000000000000001,0.3600546145772339,0.2,0.4,0.2,0.29090909090909095,0.23365080824310527,0.2,0.2
18942,12,0.8,0.7333333333333334,0.7860137352654724,0.3333333333333333,0.8,0.4,0.5636363636363636,0.510069131458292,0.3333333333333333,0.4
5090,12,0.2,0.06666666666666665,0.13120507751234176,0.08333333333333333,0.2,0.1,0.10909090909090909,0.08514311764162097,0.08333333333333333,0.1
23196,6,0.4,0.6,0.5531464700081437,0.3333333333333333,0.4,0.3333333333333333,0.4222222222222222,0.4935232796777481,0.3333333333333333,0.2
14100,45,0.6,0.7333333333333334,0.6992148198508501,0.06666666666666667,0.6,0.4,0.5272727272727272,0.5231737964779627,0.08888888888888889,0.4
24554,49,0.4,0.4000000000000001,0.3600546145772339,0.04081632653061224,0.4,0.3,0.34545454545454546,0.3030820301798825,0.061224489795918366,0.3
24664,6,0.4,0.39999999999999997,0.4703652827859578,0.3333333333333333,0.4,0.3333333333333333,0.35555555555555557,0.4196650066367769,0.3333333333333333,0.2
12696,13,0.0,0.0,0.0,0.0,0.0,0.1,0.07272727272727274,0.07336392209936006,0.07692307692307693,0.1
28766,12,0.2,0.3333333333333333,0.33916020527361607,0.08333333333333333,0.2,0.1,0.18181818181818182,0.22009176629808014,0.08333333333333333,0.1
15384,25,0.8,0.8000000000000002,0.8304198973631919,0.16,0.8,0.5,0.6545454545454544,0.6122496142821665,0.2,0.5
15695,20,0.2,0.3333333333333333,0.33916020527361607,0.05,0.2,0.2,0.2727272727272727,0.2984900352767555,0.1,0.2
4631,21,0.4,0.6,0.5531464700081437,0.09523809523809523,0.4,0.3,0.41818181818181815,0.43231813227099475,0.14285714285714285,0.3
8205,45,0.6,0.46666666666666673,0.4912596920895757,0.06666666666666667,0.6,0.3,0.4,0.31879392588472627,0.06666666666666667,0.3
20557,12,0.0,0.0,0.0,0.0,0.0,0.0,0.0,0.0,0.0,0.0
22433,6,0.0,0.0,0.0,0.0,0.0,0.0,0.0,0.0,0.0,0.0
3573,39,0.4,0.4000000000000001,0.3600546145772339,0.05128205128205128,0.4,0.4,0.34545454545454546,0.363525819896446,0.10256410256410256,0.4
14862,9,0.4,0.5333333333333333,0.5087403079104241,0.2222222222222222,0.4,0.3333333333333333,0.40740740740740744,0.43091684059322316,0.3333333333333333,0.3
9357,2,0.0,0.0,0.0,0.0,0.0,0.5,0.0,0.0,0.5,0.1
10037,3,0.3333333333333333,0.4166666666666667,0.46927872602275644,0.3333333333333333,0.2,0.3333333333333333,0.37037037037037035,0.46927872602275644,0.3333333333333333,0.1
17432,12,0.2,0.3333333333333333,0.33916020527361607,0.08333333333333333,0.2,0.1,0.18181818181818182,0.22009176629808014,0.08333333333333333,0.1
14038,3,0.3333333333333333,0.33333333333333337,0.29608191096586517,0.3333333333333333,0.2,0.6666666666666666,0.3333333333333333,0.29608191096586517,0.6666666666666666,0.2
2817,12,0.2,0.3333333333333333,0.33916020527361607,0.08333333333333333,0.2,0.1,0.18181818181818182,0.22009176629808014,0.08333333333333333,0.1
12708,64,0.4,0.39999999999999997,0.4703652827859578,0.03125,0.4,0.4,0.34545454545454546,0.4351098955930418,0.0625,0.4
19109,2,0.0,0.0,0.0,0.0,0.0,0.0,0.0,0.0,0.0,0.0
15428,11,0.0,0.0,0.0,0.0,0.0,0.1,0.07272727272727274,0.07336392209936006,0.09090909090909091,0.1
720,9,0.4,0.6,0.5531464700081437,0.2222222222222222,0.4,0.2222222222222222,0.3518518518518518,0.38334277998463445,0.2222222222222222,0.2
14124,36,1.0,1.0,1.0,0.1388888888888889,1.0,0.6,0.8,0.7222954974312067,0.16666666666666666,0.6
2701,5,0.4,0.4666666666666666,0.48522855511632257,0.4,0.4,0.6,0.425,0.48522855511632257,0.6,0.3
23540,4,0.25,0.35714285714285715,0.39038004999210163,0.25,0.2,0.25,0.2941176470588235,0.39038004999210163,0.25,0.1
3949,23,0.4,0.6,0.5531464700081437,0.08695652173913043,0.4,0.2,0.34545454545454546,0.3589542101716347,0.08695652173913043,0.2
9571,4,0.0,0.0,0.0,0.0,0.0,0.25,0.0,0.0,0.25,0.1
15545,7,0.2,0.13333333333333333,0.14606834984270645,0.14285714285714285,0.2,0.14285714285714285,0.14285714285714285,0.11838279295536291,0.14285714285714285,0.1
28994,5,0.0,0.0,0.0,0.0,0.0,0.0,0.0,0.0,0.0,0.0
4360,6,0.2,0.26666666666666666,0.2139862647345275,0.16666666666666666,0.2,0.16666666666666666,0.2,0.1909208661789346,0.16666666666666666,0.1
24514,1,1.0,1.0,1.0,1.0,0.2,1.0,1.0,1.0,1.0,0.1
15440,44,0.4,0.6,0.5531464700081437,0.045454545454545456,0.4,0.3,0.43636363636363634,0.43735247915031,0.06818181818181818,0.3
24876,23,0.6,0.6666666666666666,0.6548086577531306,0.13043478260869565,0.6,0.4,0.49090909090909096,0.49118023727106,0.17391304347826086,0.4
3462,2,0.5,0.0,0.0,0.5,0.2,0.5,0.0,0.0,0.5,0.1
26782,1,0.0,0.0,0.0,0.0,0.0,0.0,0.0,0.0,0.0,0.0
10338,1,0.0,0.0,0.0,0.0,0.0,0.0,0.0,0.0,0.0,0.0
28321,3,0.3333333333333333,0.25,0.23463936301137822,0.3333333333333333,0.2,0.3333333333333333,0.2962962962962963,0.23463936301137822,0.3333333333333333,0.1
28761,60,0.8,0.8666666666666666,0.8539316501572936,0.06666666666666667,0.8,0.7,0.781818181818182,0.7682269253321374,0.11666666666666667,0.7
20286,13,0.2,0.13333333333333333,0.14606834984270645,0.07692307692307693,0.2,0.3,0.1818181818181818,0.22466337602289152,0.23076923076923078,0.3
18394,15,0.2,0.3333333333333333,0.33916020527361607,0.06666666666666667,0.2,0.2,0.2,0.2837125544970318,0.13333333333333333,0.2
14064,1,1.0,1.0,1.0,1.0,0.2,1.0,1.0,1.0,1.0,0.1
9941,5,0.0,0.0,0.0,0.0,0.0,0.0,0.0,0.0,0.0,0.0
1893,5,0.0,0.0,0.0,0.0,0.0,0.0,0.0,0.0,0.0,0.0
18598,7,0.4,0.5333333333333333,0.5087403079104241,0.2857142857142857,0.4,0.2857142857142857,0.36734693877551017,0.4123144993714362,0.2857142857142857,0.2
7446,28,0.6,0.6666666666666666,0.6843515475204854,0.10714285714285714,0.6,0.4,0.5454545454545454,0.522495596791931,0.14285714285714285,0.4
22749,24,0.2,0.3333333333333333,0.33916020527361607,0.041666666666666664,0.2,0.2,0.2727272727272727,0.2984900352767555,0.08333333333333333,0.2
9450,4,0.0,0.0,0.0,0.0,0.0,0.0,0.0,0.0,0.0,0.0
21462,5,0.4,0.4666666666666666,0.48522855511632257,0.4,0.4,0.4,0.425,0.48522855511632257,0.4,0.2
5172,20,0.4,0.4666666666666666,0.48522855511632257,0.1,0.4,0.2,0.3090909090909091,0.31488013066763093,0.1,0.2
6057,3,0.0,0.0,0.0,0.0,0.0,0.0,0.0,0.0,0.0,0.0
20380,1,1.0,0.0,0.0,1.0,0.2,1.0,0.0,0.0,1.0,0.1
22510,18,0.6,0.6666666666666666,0.6843515475204854,0.16666666666666666,0.6,0.5,0.5454545454545454,0.5810820381115674,0.2777777777777778,0.5
9862,45,0.2,0.26666666666666666,0.2139862647345275,0.022222222222222223,0.2,0.2,0.2,0.2051166673279435,0.044444444444444446,0.2
356,6,0.2,0.26666666666666666,0.2139862647345275,0.16666666666666666,0.2,0.16666666666666666,0.2,0.1909208661789346,0.16666666666666666,0.1
22251,25,0.6,0.6666666666666666,0.6548086577531306,0.12,0.6,0.5,0.5636363636363636,0.5669450709942979,0.2,0.5
19855,24,0.6,0.7333333333333334,0.6992148198508501,0.125,0.6,0.3,0.47272727272727266,0.4537425745411855,0.125,0.3
20879,26,0.2,0.13333333333333333,0.14606834984270645,0.038461538461538464,0.2,0.1,0.12727272727272726,0.09478836436955078,0.038461538461538464,0.1
27122,4,0.25,0.35714285714285715,0.39038004999210163,0.25,0.2,0.25,0.2941176470588235,0.39038004999210163,0.25,0.1
23219,18,0.2,0.3333333333333333,0.33916020527361607,0.05555555555555555,0.2,0.1,0.18181818181818182,0.22009176629808014,0.05555555555555555,0.1
7625,1,1.0,1.0,1.0,1.0,0.2,1.0,1.0,1.0,1.0,0.1
8032,12,0.0,0.0,0.0,0.0,0.0,0.0,0.0,0.0,0.0,0.0
2651,7,0.0,0.0,0.0,0.0,0.0,0.2857142857142857,0.08163265306122448,0.09162544430476363,0.2857142857142857,0.2
15419,15,0.2,0.3333333333333333,0.33916020527361607,0.06666666666666667,0.2,0.2,0.2545454545454545,0.29345568839744024,0.13333333333333333,0.2
8777,4,0.0,0.0,0.0,0.0,0.0,0.0,0.0,0.0,0.0,0.0
22004,10,0.2,0.19999999999999998,0.16958010263680803,0.1,0.2,0.1,0.14545454545454548,0.11004588314904007,0.1,0.1
18162,1,0.0,0.0,0.0,0.0,0.0,0.0,0.0,0.0,0.0,0.0
14094,2,0.0,0.0,0.0,0.0,0.0,0.0,0.0,0.0,0.0,0.0
3680,36,0.4,0.6,0.5531464700081437,0.05555555555555555,0.4,0.4,0.43636363636363634,0.4959389204699464,0.1111111111111111,0.4
22715,16,0.4,0.4000000000000001,0.3600546145772339,0.125,0.4,0.2,0.29090909090909095,0.23365080824310527,0.125,0.2
20636,28,0.4,0.39999999999999997,0.4703652827859578,0.07142857142857142,0.4,0.4,0.41818181818181815,0.4480300279758384,0.14285714285714285,0.4
11554,8,0.2,0.06666666666666665,0.13120507751234176,0.125,0.2,0.125,0.11538461538461538,0.09785159463516041,0.125,0.1
6636,5,0.0,0.0,0.0,0.0,0.0,0.0,0.0,0.0,0.0,0.0
12513,7,0.2,0.13333333333333333,0.14606834984270645,0.14285714285714285,0.2,0.14285714285714285,0.14285714285714285,0.11838279295536291,0.14285714285714285,0.1
9404,36,0.6,0.7333333333333334,0.6992148198508501,0.08333333333333333,0.6,0.3,0.47272727272727266,0.4537425745411855,0.08333333333333333,0.3
30558,1,0.0,0.0,0.0,0.0,0.0,1.0,0.0,0.0,1.0,0.1
30113,4,0.0,0.0,0.0,0.0,0.0,0.0,0.0,0.0,0.0,0.0
15026,10,0.0,0.0,0.0,0.0,0.0,0.0,0.0,0.0,0.0,0.0
7761,5,0.4,0.26666666666666666,0.3007851801491498,0.4,0.4,0.6,0.35,0.3007851801491498,0.6,0.3
20502,3,0.0,0.0,0.0,0.0,0.0,0.0,0.0,0.0,0.0,0.0
14387,5,0.0,0.0,0.0,0.0,0.0,0.0,0.0,0.0,0.0,0.0
15083,4,0.25,0.28571428571428575,0.2463023887407299,0.25,0.2,0.25,0.2647058823529412,0.2463023887407299,0.25,0.1
29980,5,0.4,0.6,0.5531464700081437,0.4,0.4,0.6,0.475,0.5531464700081437,0.6,0.3
6663,21,0.2,0.3333333333333333,0.33916020527361607,0.047619047619047616,0.2,0.1,0.18181818181818182,0.22009176629808014,0.047619047619047616,0.1
25692,12,0.0,0.0,0.0,0.0,0.0,0.0,0.0,0.0,0.0,0.0
28054,1,0.0,0.0,0.0,0.0,0.0,0.0,0.0,0.0,0.0,0.0
19928,15,0.4,0.6,0.5531464700081437,0.13333333333333333,0.4,0.4,0.509090909090909,0.5107164012496701,0.26666666666666666,0.4
20891,22,0.4,0.4000000000000001,0.3600546145772339,0.09090909090909091,0.4,0.3,0.36363636363636365,0.30701473034246535,0.13636363636363635,0.3
26403,4,0.25,0.35714285714285715,0.39038004999210163,0.25,0.2,0.25,0.2941176470588235,0.39038004999210163,0.25,0.1
22850,10,0.2,0.26666666666666666,0.2139862647345275,0.1,0.2,0.2,0.2,0.2051166673279435,0.2,0.2
9050,8,0.0,0.0,0.0,0.0,0.0,0.0,0.0,0.0,0.0,0.0
9602,22,0.4,0.6,0.5531464700081437,0.09090909090909091,0.4,0.3,0.41818181818181815,0.43231813227099475,0.13636363636363635,0.3
7775,15,0.2,0.3333333333333333,0.33916020527361607,0.06666666666666667,0.2,0.3,0.3090909090909091,0.36288691033421744,0.2,0.3
26477,7,0.2,0.3333333333333333,0.33916020527361607,0.14285714285714285,0.2,0.14285714285714285,0.2040816326530612,0.27487633291429087,0.14285714285714285,0.1
2315,2,0.0,0.0,0.0,0.0,0.0,0.0,0.0,0.0,0.0,0.0
8718,17,0.6,0.6666666666666666,0.6843515475204854,0.17647058823529413,0.6,0.4,0.4727272727272727,0.5077181160122074,0.23529411764705882,0.4
7443,18,0.4,0.3333333333333333,0.31564845247951445,0.1111111111111111,0.4,0.2,0.2727272727272727,0.20483424751859083,0.1111111111111111,0.2
28251,8,0.6,0.6666666666666666,0.6843515475204854,0.375,0.6,0.5,0.5769230769230769,0.6004833831800815,0.5,0.4
29544,9,0.0,0.0,0.0,0.0,0.0,0.0,0.0,0.0,0.0,0.0
11364,4,0.0,0.0,0.0,0.0,0.0,0.25,0.0,0.0,0.25,0.1
17068,4,0.0,0.0,0.0,0.0,0.0,0.25,0.0,0.0,0.25,0.1
28948,26,0.4,0.4000000000000001,0.3600546145772339,0.07692307692307693,0.4,0.3,0.38181818181818183,0.31204907722178055,0.11538461538461539,0.3
1364,40,0.8,0.7333333333333334,0.7860137352654724,0.1,0.8,0.6,0.6909090909090909,0.6528642754944293,0.15,0.6
29022,3,0.0,0.0,0.0,0.0,0.0,0.3333333333333333,0.0,0.0,0.3333333333333333,0.1
11647,26,0.4,0.39999999999999997,0.4703652827859578,0.07692307692307693,0.4,0.2,0.29090909090909095,0.3052348839397011,0.07692307692307693,0.2
17812,43,0.4,0.6,0.5531464700081437,0.046511627906976744,0.4,0.5,0.49090909090909085,0.5672274908036508,0.11627906976744186,0.5
5952,2,0.0,0.0,0.0,0.0,0.0,0.0,0.0,0.0,0.0,0.0
26831,19,0.6,0.5333333333333333,0.6164336326286642,0.15789473684210525,0.6,0.6,0.5454545454545454,0.6032621820619527,0.3157894736842105,0.6
2663,24,0.0,0.0,0.0,0.0,0.0,0.1,0.036363636363636355,0.06625422345438903,0.041666666666666664,0.1
2400,1,0.0,0.0,0.0,0.0,0.0,0.0,0.0,0.0,0.0,0.0
13046,13,0.4,0.6,0.5531464700081437,0.15384615384615385,0.4,0.3,0.41818181818181815,0.43231813227099475,0.23076923076923078,0.3
24174,13,0.2,0.3333333333333333,0.33916020527361607,0.07692307692307693,0.2,0.1,0.18181818181818182,0.22009176629808014,0.07692307692307693,0.1
915,16,0.0,0.0,0.0,0.0,0.0,0.1,0.09090909090909091,0.07839826897867533,0.0625,0.1
25389,10,0.2,0.3333333333333333,0.33916020527361607,0.1,0.2,0.1,0.18181818181818182,0.22009176629808014,0.1,0.1
4620,39,0.2,0.19999999999999998,0.16958010263680803,0.02564102564102564,0.2,0.1,0.14545454545454548,0.11004588314904007,0.02564102564102564,0.1
9032,8,0.0,0.0,0.0,0.0,0.0,0.0,0.0,0.0,0.0,0.0
16639,2,0.0,0.0,0.0,0.0,0.0,0.0,0.0,0.0,0.0,0.0
25656,9,0.2,0.3333333333333333,0.33916020527361607,0.1111111111111111,0.2,0.1111111111111111,0.18518518518518517,0.23504554941448538,0.1111111111111111,0.1
17811,28,0.0,0.0,0.0,0.0,0.0,0.1,0.07272727272727274,0.07336392209936006,0.03571428571428571,0.1
19434,8,0.2,0.06666666666666665,0.13120507751234176,0.125,0.2,0.125,0.11538461538461538,0.09785159463516041,0.125,0.1
26871,9,0.4,0.39999999999999997,0.4703652827859578,0.2222222222222222,0.4,0.3333333333333333,0.2962962962962963,0.32597358003346416,0.3333333333333333,0.3
30652,12,0.2,0.26666666666666666,0.2139862647345275,0.08333333333333333,0.2,0.1,0.16363636363636364,0.1388624438735545,0.08333333333333333,0.1
29289,1,0.0,0.0,0.0,0.0,0.0,0.0,0.0,0.0,0.0,0.0
12522,5,0.0,0.0,0.0,0.0,0.0,0.0,0.0,0.0,0.0,0.0
26062,16,0.6,0.6666666666666666,0.6548086577531306,0.1875,0.6,0.4,0.4727272727272727,0.48854680201562267,0.25,0.4
22763,10,0.0,0.0,0.0,0.0,0.0,0.0,0.0,0.0,0.0,0.0
10383,47,0.4,0.6,0.5531464700081437,0.0425531914893617,0.4,0.4,0.509090909090909,0.5107164012496701,0.0851063829787234,0.4
30016,27,0.6,0.7999999999999999,0.7227265726449518,0.1111111111111111,0.6,0.4,0.5272727272727273,0.5352543167750639,0.14814814814814814,0.4
15764,4,0.25,0.35714285714285715,0.39038004999210163,0.25,0.2,0.25,0.2941176470588235,0.39038004999210163,0.25,0.1
3180,9,0.2,0.3333333333333333,0.33916020527361607,0.1111111111111111,0.2,0.2222222222222222,0.24074074074074073,0.3091941646995599,0.2222222222222222,0.2
3347,48,0.4,0.4666666666666666,0.48522855511632257,0.041666666666666664,0.4,0.4,0.45454545454545453,0.46270962158308354,0.08333333333333333,0.4
4527,4,0.0,0.0,0.0,0.0,0.0,0.0,0.0,0.0,0.0,0.0
12608,5,0.4,0.4666666666666666,0.48522855511632257,0.4,0.4,0.4,0.425,0.48522855511632257,0.4,0.2
24504,1,0.0,0.0,0.0,0.0,0.0,0.0,0.0,0.0,0.0,0.0
14619,19,0.2,0.26666666666666666,0.2139862647345275,0.05263157894736842,0.2,0.3,0.2909090909090909,0.28351493630661884,0.15789473684210525,0.3
4574,10,0.2,0.3333333333333333,0.33916020527361607,0.1,0.2,0.2,0.23636363636363636,0.2895229882348574,0.2,0.2
15089,19,0.2,0.19999999999999998,0.16958010263680803,0.05263157894736842,0.2,0.2,0.2,0.17947710508581735,0.10526315789473684,0.2
11366,33,0.6,0.7333333333333334,0.6992148198508501,0.09090909090909091,0.6,0.4,0.49090909090909085,0.5173633627401372,0.12121212121212122,0.4
12342,22,0.2,0.3333333333333333,0.33916020527361607,0.045454545454545456,0.2,0.2,0.2545454545454545,0.29345568839744024,0.09090909090909091,0.2
27512,4,0.0,0.0,0.0,0.0,0.0,0.0,0.0,0.0,0.0,0.0
31024,18,0.0,0.0,0.0,0.0,0.0,0.0,0.0,0.0,0.0,0.0
29042,2,0.5,0.5555555555555556,0.6131471927654584,0.5,0.2,0.5,0.5263157894736842,0.6131471927654584,0.5,0.1
15307,1,0.0,0.0,0.0,0.0,0.0,0.0,0.0,0.0,0.0,0.0
28285,5,0.2,0.06666666666666665,0.13120507751234176,0.2,0.2,0.2,0.15,0.13120507751234176,0.2,0.1
26665,3,0.3333333333333333,0.4166666666666667,0.46927872602275644,0.3333333333333333,0.2,0.3333333333333333,0.37037037037037035,0.46927872602275644,0.3333333333333333,0.1
30491,2,0.0,0.0,0.0,0.0,0.0,0.0,0.0,0.0,0.0,0.0
26566,7,0.0,0.0,0.0,0.0,0.0,0.0,0.0,0.0,0.0,0.0
23170,30,0.2,0.06666666666666665,0.13120507751234176,0.03333333333333333,0.2,0.1,0.10909090909090909,0.08514311764162097,0.03333333333333333,0.1
28108,11,0.4,0.4000000000000001,0.3600546145772339,0.18181818181818182,0.4,0.4,0.4,0.3756698654207322,0.36363636363636365,0.4
15998,52,0.8,0.8000000000000002,0.8304198973631919,0.07692307692307693,0.8,0.6,0.6363636363636362,0.6687607038361473,0.11538461538461539,0.6
13768,30,0.6,0.7999999999999999,0.7227265726449518,0.1,0.6,0.4,0.5636363636363636,0.5423640154200349,0.13333333333333333,0.4
10969,32,0.2,0.3333333333333333,0.33916020527361607,0.03125,0.2,0.1,0.18181818181818182,0.22009176629808014,0.03125,0.1
25834,19,0.6,0.7999999999999999,0.7227265726449518,0.15789473684210525,0.6,0.3,0.49090909090909096,0.46900009332067477,0.15789473684210525,0.3
5677,7,0.4,0.4666666666666666,0.38356636737133554,0.2857142857142857,0.4,0.2857142857142857,0.3469387755102041,0.3108658234453848,0.2857142857142857,0.2
14514,4,0.25,0.35714285714285715,0.39038004999210163,0.25,0.2,0.25,0.2941176470588235,0.39038004999210163,0.25,0.1
25709,2,0.0,0.0,0.0,0.0,0.0,0.0,0.0,0.0,0.0,0.0
12283,42,0.8,0.9333333333333332,0.8687949224876582,0.09523809523809523,0.8,0.7,0.7636363636363637,0.7720617383222417,0.16666666666666666,0.7
1554,5,0.0,0.0,0.0,0.0,0.0,0.0,0.0,0.0,0.0,0.0
15502,15,0.2,0.13333333333333333,0.14606834984270645,0.06666666666666667,0.2,0.2,0.21818181818181817,0.1731866333482261,0.13333333333333333,0.2
3614,6,0.2,0.3333333333333333,0.33916020527361607,0.16666666666666666,0.2,0.16666666666666666,0.2222222222222222,0.30260241349881345,0.16666666666666666,0.1
20562,36,0.2,0.26666666666666666,0.2139862647345275,0.027777777777777776,0.2,0.4,0.29090909090909095,0.34210137762625525,0.1111111111111111,0.4
5398,8,0.2,0.3333333333333333,0.33916020527361607,0.125,0.2,0.25,0.28846153846153844,0.34304271142002485,0.25,0.2
6951,14,0.2,0.13333333333333333,0.14606834984270645,0.07142857142857142,0.2,0.2,0.1636363636363636,0.16104258782393982,0.14285714285714285,0.2
21907,30,0.4,0.39999999999999997,0.4703652827859578,0.06666666666666667,0.4,0.3,0.36363636363636365,0.37859880603906115,0.1,0.3
24051,3,0.3333333333333333,0.4166666666666667,0.46927872602275644,0.3333333333333333,0.2,0.3333333333333333,0.37037037037037035,0.46927872602275644,0.3333333333333333,0.1
15548,48,0.2,0.3333333333333333,0.33916020527361607,0.020833333333333332,0.2,0.2,0.2727272727272727,0.2984900352767555,0.041666666666666664,0.2
28485,2,0.5,0.5555555555555556,0.6131471927654584,0.5,0.2,0.5,0.5263157894736842,0.6131471927654584,0.5,0.1
1923,1,0.0,0.0,0.0,0.0,0.0,0.0,0.0,0.0,0.0,0.0
7493,1,1.0,0.0,0.0,1.0,0.2,1.0,0.0,0.0,1.0,0.1
7749,10,0.4,0.6,0.5531464700081437,0.2,0.4,0.2,0.34545454545454546,0.3589542101716347,0.2,0.2
29498,13,0.2,0.3333333333333333,0.33916020527361607,0.07692307692307693,0.2,0.1,0.18181818181818182,0.22009176629808014,0.07692307692307693,0.1
27376,18,0.2,0.3333333333333333,0.33916020527361607,0.05555555555555555,0.2,0.2,0.2545454545454545,0.29345568839744024,0.1111111111111111,0.2
3686,1,0.0,0.0,0.0,0.0,0.0,0.0,0.0,0.0,0.0,0.0
27730,17,0.0,0.0,0.0,0.0,0.0,0.0,0.0,0.0,0.0,0.0
20743,5,0.0,0.0,0.0,0.0,0.0,0.0,0.0,0.0,0.0,0.0
5535,38,0.2,0.19999999999999998,0.16958010263680803,0.02631578947368421,0.2,0.5,0.3272727272727273,0.38271603883851807,0.13157894736842105,0.5
9569,8,0.0,0.0,0.0,0.0,0.0,0.0,0.0,0.0,0.0,0.0
11267,1,1.0,1.0,1.0,1.0,0.2,1.0,1.0,1.0,1.0,0.1
29334,5,0.2,0.26666666666666666,0.2139862647345275,0.2,0.2,0.2,0.225,0.2139862647345275,0.2,0.1
6386,13,0.4,0.5333333333333333,0.5087403079104241,0.15384615384615385,0.4,0.2,0.32727272727272727,0.3301376494471202,0.15384615384615385,0.2
24383,42,0.0,0.0,0.0,0.0,0.0,0.1,0.07272727272727274,0.07336392209936006,0.023809523809523808,0.1
9423,4,0.0,0.0,0.0,0.0,0.0,0.0,0.0,0.0,0.0,0.0
18032,5,0.0,0.0,0.0,0.0,0.0,0.2,0.0,0.0,0.2,0.1
11751,29,0.4,0.6,0.5531464700081437,0.06896551724137931,0.4,0.3,0.36363636363636365,0.4225749983705864,0.10344827586206896,0.3
11973,10,0.0,0.0,0.0,0.0,0.0,0.0,0.0,0.0,0.0,0.0
2100,2,0.5,0.0,0.0,0.5,0.2,0.5,0.0,0.0,0.5,0.1
10070,49,0.4,0.4666666666666666,0.48522855511632257,0.04081632653061224,0.4,0.3,0.4,0.3932783996463063,0.061224489795918366,0.3
10624,19,0.4,0.39999999999999997,0.4703652827859578,0.10526315789473684,0.4,0.2,0.29090909090909095,0.3052348839397011,0.10526315789473684,0.2
26319,11,0.0,0.0,0.0,0.0,0.0,0.0,0.0,0.0,0.0,0.0
6743,5,0.2,0.3333333333333333,0.33916020527361607,0.2,0.2,0.4,0.25,0.33916020527361607,0.4,0.2
1986,2,0.0,0.0,0.0,0.0,0.0,0.5,0.0,0.0,0.5,0.1
20442,6,0.2,0.06666666666666665,0.13120507751234176,0.16666666666666666,0.2,0.16666666666666666,0.13333333333333333,0.11706259313796352,0.16666666666666666,0.1
5695,15,0.2,0.3333333333333333,0.33916020527361607,0.06666666666666667,0.2,0.1,0.18181818181818182,0.22009176629808014,0.06666666666666667,0.1
15907,26,0.6,0.7333333333333334,0.6992148198508501,0.11538461538461539,0.6,0.4,0.5636363636363636,0.5321408435198608,0.15384615384615385,0.4
23189,8,0.2,0.19999999999999998,0.16958010263680803,0.125,0.2,0.125,0.15384615384615385,0.12647135138382856,0.125,0.1
13216,5,0.2,0.3333333333333333,0.33916020527361607,0.2,0.2,0.2,0.25,0.33916020527361607,0.2,0.1
8416,5,0.2,0.13333333333333333,0.14606834984270645,0.2,0.2,0.2,0.175,0.14606834984270645,0.2,0.1
19438,2,0.0,0.0,0.0,0.0,0.0,0.0,0.0,0.0,0.0,0.0
26106,2,1.0,1.0,1.0,1.0,0.4,1.0,1.0,1.0,1.0,0.2
8701,2,0.0,0.0,0.0,0.0,0.0,0.0,0.0,0.0,0.0,0.0
18591,3,0.0,0.0,0.0,0.0,0.0,0.0,0.0,0.0,0.0,0.0
9713,22,0.2,0.3333333333333333,0.33916020527361607,0.045454545454545456,0.2,0.4,0.3818181818181818,0.43810818083050457,0.18181818181818182,0.4
9188,5,0.2,0.19999999999999998,0.16958010263680803,0.2,0.2,0.2,0.2,0.16958010263680803,0.2,0.1
20740,5,0.4,0.6,0.5531464700081437,0.4,0.4,0.6,0.475,0.5531464700081437,0.6,0.3
17546,2,0.5,0.0,0.0,0.5,0.2,0.5,0.0,0.0,0.5,0.1
20920,22,0.2,0.3333333333333333,0.33916020527361607,0.045454545454545456,0.2,0.2,0.23636363636363636,0.2895229882348574,0.09090909090909091,0.2
1582,1,0.0,0.0,0.0,0.0,0.0,0.0,0.0,0.0,0.0,0.0
6561,5,0.2,0.13333333333333333,0.14606834984270645,0.2,0.2,0.2,0.175,0.14606834984270645,0.2,0.1
26326,22,0.2,0.13333333333333333,0.14606834984270645,0.045454545454545456,0.2,0.2,0.14545454545454545,0.15840915256850246,0.09090909090909091,0.2
10684,5,0.2,0.26666666666666666,0.2139862647345275,0.2,0.2,0.2,0.225,0.2139862647345275,0.2,0.1
25009,27,0.4,0.6,0.5531464700081437,0.07407407407407407,0.4,0.6,0.5636363636363636,0.6405914129030108,0.2222222222222222,0.6
9772,60,0.4,0.4000000000000001,0.3600546145772339,0.03333333333333333,0.4,0.4,0.41818181818181815,0.37644595227924255,0.06666666666666667,0.4
11536,5,0.4,0.6,0.5531464700081437,0.4,0.4,0.4,0.475,0.5531464700081437,0.4,0.2
13583,23,0.0,0.0,0.0,0.0,0.0,0.1,0.09090909090909091,0.07839826897867533,0.043478260869565216,0.1
2463,3,0.0,0.0,0.0,0.0,0.0,0.3333333333333333,0.0,0.0,0.3333333333333333,0.1
21249,3,0.0,0.0,0.0,0.0,0.0,0.0,0.0,0.0,0.0,0.0
23589,2,0.0,0.0,0.0,0.0,0.0,0.5,0.0,0.0,0.5,0.1
28442,7,0.0,0.0,0.0,0.0,0.0,0.0,0.0,0.0,0.0,0.0
3844,23,0.8,0.9333333333333332,0.8687949224876582,0.17391304347826086,0.8,0.5,0.6545454545454547,0.6300426811446146,0.21739130434782608,0.5
14174,9,0.0,0.0,0.0,0.0,0.0,0.0,0.0,0.0,0.0,0.0
20504,30,0.6,0.6666666666666666,0.6843515475204854,0.1,0.6,0.4,0.5454545454545454,0.522495596791931,0.13333333333333333,0.4
6698,8,0.0,0.0,0.0,0.0,0.0,0.0,0.0,0.0,0.0,0.0
22625,1,0.0,0.0,0.0,0.0,0.0,0.0,0.0,0.0,0.0,0.0
18541,4,0.25,0.35714285714285715,0.39038004999210163,0.25,0.2,0.25,0.2941176470588235,0.39038004999210163,0.25,0.1
7627,39,0.4,0.4666666666666666,0.48522855511632257,0.05128205128205128,0.4,0.3,0.36363636363636365,0.3843113526044082,0.07692307692307693,0.3
21090,18,0.8,0.8666666666666666,0.8539316501572936,0.2222222222222222,0.8,0.5,0.6727272727272727,0.6275071330616558,0.2777777777777778,0.5
7720,20,0.6,0.7333333333333334,0.6992148198508501,0.15,0.6,0.3,0.47272727272727266,0.4537425745411855,0.15,0.3
3130,13,0.6,0.6666666666666666,0.6843515475204854,0.23076923076923078,0.6,0.4,0.5454545454545454,0.522495596791931,0.3076923076923077,0.4
27440,16,0.0,0.0,0.0,0.0,0.0,0.1,0.09090909090909091,0.07839826897867533,0.0625,0.1
6902,2,0.0,0.0,0.0,0.0,0.0,0.0,0.0,0.0,0.0,0.0
25413,22,0.4,0.6,0.5531464700081437,0.09090909090909091,0.4,0.2,0.34545454545454546,0.3589542101716347,0.09090909090909091,0.2
26423,6,0.6,0.5333333333333333,0.6164336326286642,0.5,0.6,0.6666666666666666,0.5111111111111111,0.5499887725471476,0.6666666666666666,0.4
29408,6,0.2,0.3333333333333333,0.33916020527361607,0.16666666666666666,0.2,0.16666666666666666,0.2222222222222222,0.30260241349881345,0.16666666666666666,0.1
17622,16,0.4,0.5333333333333333,0.5087403079104241,0.125,0.4,0.3,0.36363636363636365,0.39639187290150923,0.1875,0.3
5343,13,0.6,0.6666666666666666,0.6843515475204854,0.23076923076923078,0.6,0.3,0.45454545454545453,0.44409732781325567,0.23076923076923078,0.3
24996,4,0.0,0.0,0.0,0.0,0.0,0.0,0.0,0.0,0.0,0.0
3148,20,0.2,0.3333333333333333,0.33916020527361607,0.05,0.2,0.1,0.18181818181818182,0.22009176629808014,0.05,0.1
22304,4,0.0,0.0,0.0,0.0,0.0,0.5,0.0,0.0,0.5,0.2
15685,7,0.0,0.0,0.0,0.0,0.0,0.0,0.0,0.0,0.0,0.0
6911,3,0.3333333333333333,0.0,0.0,0.3333333333333333,0.2,0.3333333333333333,0.0,0.0,0.3333333333333333,0.1
22231,14,0.2,0.3333333333333333,0.33916020527361607,0.07142857142857142,0.2,0.1,0.18181818181818182,0.22009176629808014,0.07142857142857142,0.1
25791,7,0.2,0.3333333333333333,0.33916020527361607,0.14285714285714285,0.2,0.2857142857142857,0.2040816326530612,0.27487633291429087,0.2857142857142857,0.2
30253,34,0.6,0.6666666666666666,0.6548086577531306,0.08823529411764706,0.6,0.4,0.5272727272727272,0.49828993591603105,0.11764705882352941,0.4
19025,10,0.2,0.3333333333333333,0.33916020527361607,0.1,0.2,0.1,0.18181818181818182,0.22009176629808014,0.1,0.1
9392,10,0.2,0.06666666666666665,0.13120507751234176,0.1,0.2,0.1,0.10909090909090909,0.08514311764162097,0.1,0.1
23541,3,0.3333333333333333,0.4166666666666667,0.46927872602275644,0.3333333333333333,0.2,0.3333333333333333,0.37037037037037035,0.46927872602275644,0.3333333333333333,0.1
8698,7,0.2,0.06666666666666665,0.13120507751234176,0.14285714285714285,0.2,0.2857142857142857,0.22448979591836735,0.20424960638019765,0.2857142857142857,0.2
7171,8,0.4,0.3333333333333333,0.34519134224686926,0.25,0.4,0.25,0.28846153846153844,0.25744067176005675,0.25,0.2
9122,18,0.0,0.0,0.0,0.0,0.0,0.1,0.018181818181818177,0.0636207881989517,0.05555555555555555,0.1
9419,17,0.4,0.39999999999999997,0.4703652827859578,0.11764705882352941,0.4,0.3,0.32727272727272727,0.37148910739409013,0.17647058823529413,0.3
16050,5,0.2,0.13333333333333333,0.14606834984270645,0.2,0.2,0.2,0.175,0.14606834984270645,0.2,0.1
28197,5,0.2,0.3333333333333333,0.33916020527361607,0.2,0.2,0.6,0.25,0.33916020527361607,0.6,0.3
632,14,0.0,0.0,0.0,0.0,0.0,0.0,0.0,0.0,0.0,0.0
5738,5,0.2,0.3333333333333333,0.33916020527361607,0.2,0.2,0.2,0.25,0.33916020527361607,0.2,0.1
9054,19,0.0,0.0,0.0,0.0,0.0,0.1,0.07272727272727274,0.07336392209936006,0.05263157894736842,0.1
19096,25,0.8,0.9333333333333332,0.8687949224876582,0.16,0.8,0.5,0.6545454545454547,0.6300426811446146,0.2,0.5
28119,2,0.5,0.5555555555555556,0.6131471927654584,0.5,0.2,0.5,0.5263157894736842,0.6131471927654584,0.5,0.1
27956,5,0.0,0.0,0.0,0.0,0.0,0.0,0.0,0.0,0.0,0.0
7561,2,0.0,0.0,0.0,0.0,0.0,0.0,0.0,0.0,0.0,0.0
19512,29,0.4,0.4000000000000001,0.3600546145772339,0.06896551724137931,0.4,0.2,0.29090909090909095,0.23365080824310527,0.06896551724137931,0.2
11759,7,0.0,0.0,0.0,0.0,0.0,0.0,0.0,0.0,0.0,0.0
20995,5,0.0,0.0,0.0,0.0,0.0,0.0,0.0,0.0,0.0,0.0
25856,37,0.4,0.6,0.5531464700081437,0.05405405405405406,0.4,0.2,0.34545454545454546,0.3589542101716347,0.05405405405405406,0.2
12611,10,0.4,0.3333333333333333,0.34519134224686926,0.2,0.4,0.4,0.4,0.3668007055513128,0.4,0.4
23411,3,0.0,0.0,0.0,0.0,0.0,0.3333333333333333,0.0,0.0,0.3333333333333333,0.1
16378,7,0.2,0.19999999999999998,0.16958010263680803,0.14285714285714285,0.2,0.14285714285714285,0.16326530612244897,0.13743816645714543,0.14285714285714285,0.1
936,19,0.4,0.39999999999999997,0.4703652827859578,0.10526315789473684,0.4,0.3,0.34545454545454546,0.3746661058764783,0.15789473684210525,0.3
24970,5,0.0,0.0,0.0,0.0,0.0,0.0,0.0,0.0,0.0,0.0
27013,6,0.0,0.0,0.0,0.0,0.0,0.16666666666666666,0.0,0.0,0.16666666666666666,0.1
20762,20,0.2,0.13333333333333333,0.14606834984270645,0.05,0.2,0.3,0.23636363636363636,0.23440650992329984,0.15,0.3
20262,23,0.2,0.3333333333333333,0.33916020527361607,0.043478260869565216,0.2,0.2,0.2727272727272727,0.2984900352767555,0.08695652173913043,0.2
3273,4,0.0,0.0,0.0,0.0,0.0,0.25,0.0,0.0,0.25,0.1
9311,7,0.2,0.26666666666666666,0.2139862647345275,0.14285714285714285,0.2,0.2857142857142857,0.18367346938775508,0.17342765698823942,0.2857142857142857,0.2
21781,8,0.0,0.0,0.0,0.0,0.0,0.0,0.0,0.0,0.0,0.0
22878,21,0.0,0.0,0.0,0.0,0.0,0.3,0.18181818181818182,0.2153829792769871,0.14285714285714285,0.3
680,1,0.0,0.0,0.0,0.0,0.0,0.0,0.0,0.0,0.0,0.0
15254,6,0.2,0.3333333333333333,0.33916020527361607,0.16666666666666666,0.2,0.3333333333333333,0.2222222222222222,0.30260241349881345,0.3333333333333333,0.2
30200,4,0.0,0.0,0.0,0.0,0.0,0.0,0.0,0.0,0.0,0.0
3649,3,0.0,0.0,0.0,0.0,0.0,0.0,0.0,0.0,0.0,0.0
30956,3,0.3333333333333333,0.4166666666666667,0.46927872602275644,0.3333333333333333,0.2,0.6666666666666666,0.37037037037037035,0.46927872602275644,0.6666666666666666,0.2
26380,9,0.0,0.0,0.0,0.0,0.0,0.0,0.0,0.0,0.0,0.0
17060,23,0.4,0.5333333333333333,0.5087403079104241,0.08695652173913043,0.4,0.3,0.36363636363636365,0.39639187290150923,0.13043478260869565,0.3
14506,25,0.8,0.8666666666666666,0.8539316501572936,0.16,0.8,0.6,0.7454545454545456,0.7019727018777483,0.24,0.6
2969,4,0.0,0.0,0.0,0.0,0.0,0.0,0.0,0.0,0.0,0.0
25629,3,0.3333333333333333,0.4166666666666667,0.46927872602275644,0.3333333333333333,0.2,0.3333333333333333,0.37037037037037035,0.46927872602275644,0.3333333333333333,0.1
4677,45,0.2,0.3333333333333333,0.33916020527361607,0.022222222222222223,0.2,0.1,0.18181818181818182,0.22009176629808014,0.022222222222222223,0.1
18080,5,0.0,0.0,0.0,0.0,0.0,0.2,0.0,0.0,0.2,0.1
28610,4,0.25,0.35714285714285715,0.39038004999210163,0.25,0.2,0.25,0.2941176470588235,0.39038004999210163,0.25,0.1
24264,5,0.2,0.13333333333333333,0.14606834984270645,0.2,0.2,0.2,0.175,0.14606834984270645,0.2,0.1
4116,17,0.2,0.13333333333333333,0.14606834984270645,0.058823529411764705,0.2,0.2,0.2,0.16815228646891084,0.11764705882352941,0.2
3362,12,0.4,0.6,0.5531464700081437,0.16666666666666666,0.4,0.2,0.34545454545454546,0.3589542101716347,0.16666666666666666,0.2
13514,12,0.2,0.3333333333333333,0.33916020527361607,0.08333333333333333,0.2,0.1,0.18181818181818182,0.22009176629808014,0.08333333333333333,0.1
5027,16,0.2,0.26666666666666666,0.2139862647345275,0.0625,0.2,0.1,0.16363636363636364,0.1388624438735545,0.0625,0.1
29703,5,0.4,0.5333333333333333,0.5087403079104241,0.4,0.4,0.4,0.45,0.5087403079104241,0.4,0.2
23395,1,0.0,0.0,0.0,0.0,0.0,0.0,0.0,0.0,0.0,0.0
20624,20,0.4,0.39999999999999997,0.4703652827859578,0.1,0.4,0.3,0.34545454545454546,0.3746661058764783,0.15,0.3
12534,3,0.0,0.0,0.0,0.0,0.0,0.6666666666666666,0.0,0.0,0.6666666666666666,0.2
11995,7,0.6,0.7999999999999999,0.7227265726449518,0.42857142857142855,0.6,0.5714285714285714,0.6326530612244897,0.6773676006644395,0.5714285714285714,0.4
29637,10,0.0,0.0,0.0,0.0,0.0,0.2,0.14545454545454548,0.14782949091545258,0.2,0.2
7214,34,0.6,0.6666666666666666,0.6548086577531306,0.08823529411764706,0.6,0.3,0.45454545454545453,0.424926013816671,0.08823529411764706,0.3
11582,26,0.4,0.4666666666666666,0.48522855511632257,0.07692307692307693,0.4,0.3,0.34545454545454546,0.38113435412202,0.11538461538461539,0.3
9092,21,0.4,0.6,0.5531464700081437,0.09523809523809523,0.4,0.4,0.47272727272727266,0.501749354207772,0.19047619047619047,0.4
6005,16,0.4,0.6,0.5531464700081437,0.125,0.4,0.4,0.47272727272727266,0.5036067026046991,0.25,0.4
12184,6,0.2,0.3333333333333333,0.33916020527361607,0.16666666666666666,0.2,0.16666666666666666,0.2222222222222222,0.30260241349881345,0.16666666666666666,0.1
16249,23,0.8,0.8666666666666666,0.8539316501572936,0.17391304347826086,0.8,0.4,0.6000000000000001,0.5541432109622958,0.17391304347826086,0.4
14438,35,0.2,0.19999999999999998,0.16958010263680803,0.02857142857142857,0.2,0.2,0.21818181818181823,0.18340980524840012,0.05714285714285714,0.2
9599,4,0.25,0.35714285714285715,0.39038004999210163,0.25,0.2,0.25,0.2941176470588235,0.39038004999210163,0.25,0.1
19663,7,0.2,0.06666666666666665,0.13120507751234176,0.14285714285714285,0.2,0.2857142857142857,0.12244897959183672,0.10633668103022983,0.2857142857142857,0.2
17738,3,0.6666666666666666,0.75,0.7653606369886217,0.6666666666666666,0.4,0.6666666666666666,0.7037037037037036,0.7653606369886217,0.6666666666666666,0.2
15698,7,0.2,0.3333333333333333,0.33916020527361607,0.14285714285714285,0.2,0.14285714285714285,0.2040816326530612,0.27487633291429087,0.14285714285714285,0.1
2975,5,0.0,0.0,0.0,0.0,0.0,0.0,0.0,0.0,0.0,0.0
27396,28,0.4,0.4666666666666666,0.48522855511632257,0.07142857142857142,0.4,0.2,0.3090909090909091,0.31488013066763093,0.07142857142857142,0.2
28768,6,0.0,0.0,0.0,0.0,0.0,0.0,0.0,0.0,0.0,0.0
1646,8,0.2,0.13333333333333333,0.14606834984270645,0.125,0.2,0.25,0.21153846153846154,0.19325072687364162,0.25,0.2
11331,2,0.5,0.5555555555555556,0.6131471927654584,0.5,0.2,0.5,0.5263157894736842,0.6131471927654584,0.5,0.1
6908,10,0.2,0.3333333333333333,0.33916020527361607,0.1,0.2,0.2,0.2727272727272727,0.2984900352767555,0.2,0.2
6128,20,0.4,0.4000000000000001,0.3600546145772339,0.1,0.4,0.3,0.32727272727272727,0.2999050316974943,0.15,0.3
16152,8,0.2,0.06666666666666665,0.13120507751234176,0.125,0.2,0.125,0.11538461538461538,0.09785159463516041,0.125,0.1
12151,42,0.6,0.7999999999999999,0.7227265726449518,0.07142857142857142,0.6,0.5,0.6000000000000001,0.6110191504983018,0.11904761904761904,0.5
3527,4,0.0,0.0,0.0,0.0,0.0,0.0,0.0,0.0,0.0,0.0
22117,5,0.2,0.3333333333333333,0.33916020527361607,0.2,0.2,0.2,0.25,0.33916020527361607,0.2,0.1
7271,6,0.4,0.3333333333333333,0.34519134224686926,0.3333333333333333,0.4,0.3333333333333333,0.3333333333333333,0.30798345931689813,0.3333333333333333,0.2
3274,9,0.2,0.26666666666666666,0.2139862647345275,0.1111111111111111,0.2,0.2222222222222222,0.22222222222222224,0.22244584585522362,0.2222222222222222,0.2
6527,14,0.2,0.06666666666666665,0.13120507751234176,0.07142857142857142,0.2,0.1,0.10909090909090909,0.08514311764162097,0.07142857142857142,0.1
30014,9,0.0,0.0,0.0,0.0,0.0,0.1111111111111111,0.03703703703703703,0.0707557607210806,0.1111111111111111,0.1
11088,13,0.2,0.3333333333333333,0.33916020527361607,0.07692307692307693,0.2,0.1,0.18181818181818182,0.22009176629808014,0.07692307692307693,0.1
5867,5,0.0,0.0,0.0,0.0,0.0,0.0,0.0,0.0,0.0,0.0
27340,4,0.0,0.0,0.0,0.0,0.0,0.0,0.0,0.0,0.0,0.0
23748,6,0.0,0.0,0.0,0.0,0.0,0.16666666666666666,0.0,0.0,0.16666666666666666,0.1
4493,21,0.0,0.0,0.0,0.0,0.0,0.0,0.0,0.0,0.0,0.0
26217,15,0.2,0.3333333333333333,0.33916020527361607,0.06666666666666667,0.2,0.3,0.2545454545454545,0.35314377643380906,0.2,0.3
26825,9,0.0,0.0,0.0,0.0,0.0,0.0,0.0,0.0,0.0,0.0
8473,16,0.8,0.9333333333333332,0.8687949224876582,0.25,0.8,0.6,0.6727272727272728,0.6936634693435664,0.375,0.6
16355,3,0.0,0.0,0.0,0.0,0.0,0.0,0.0,0.0,0.0,0.0
4237,4,0.0,0.0,0.0,0.0,0.0,0.0,0.0,0.0,0.0,0.0
9878,9,0.6,0.6666666666666666,0.6548086577531306,0.3333333333333333,0.6,0.3333333333333333,0.4629629629629629,0.45379693233402824,0.3333333333333333,0.3
7159,8,0.0,0.0,0.0,0.0,0.0,0.125,0.0,0.0,0.125,0.1
7432,29,0.4,0.39999999999999997,0.4703652827859578,0.06896551724137931,0.4,0.3,0.38181818181818183,0.3836331529183764,0.10344827586206896,0.3
24056,1,0.0,0.0,0.0,0.0,0.0,0.0,0.0,0.0,0.0,0.0
26915,4,0.25,0.35714285714285715,0.39038004999210163,0.25,0.2,0.25,0.2941176470588235,0.39038004999210163,0.25,0.1
19550,23,0.4,0.39999999999999997,0.4703652827859578,0.08695652173913043,0.4,0.4,0.43636363636363645,0.4530643748551536,0.17391304347826086,0.4
24199,12,0.2,0.3333333333333333,0.33916020527361607,0.08333333333333333,0.2,0.1,0.18181818181818182,0.22009176629808014,0.08333333333333333,0.1
16492,12,0.2,0.3333333333333333,0.33916020527361607,0.08333333333333333,0.2,0.1,0.18181818181818182,0.22009176629808014,0.08333333333333333,0.1
17833,24,0.6,0.6,0.6399453854227659,0.125,0.6,0.3,0.43636363636363634,0.4152807670887412,0.125,0.3
22254,6,0.0,0.0,0.0,0.0,0.0,0.0,0.0,0.0,0.0,0.0
30586,26,0.4,0.4666666666666666,0.48522855511632257,0.07692307692307693,0.4,0.2,0.3090909090909091,0.31488013066763093,0.07692307692307693,0.2
29801,1,0.0,0.0,0.0,0.0,0.0,1.0,0.0,0.0,1.0,0.1
3420,16,0.2,0.19999999999999998,0.16958010263680803,0.0625,0.2,0.2,0.18181818181818182,0.1763001066034291,0.125,0.2
8959,3,0.3333333333333333,0.33333333333333337,0.29608191096586517,0.3333333333333333,0.2,0.6666666666666666,0.3333333333333333,0.29608191096586517,0.6666666666666666,0.2
7570,4,0.25,0.35714285714285715,0.39038004999210163,0.25,0.2,0.25,0.2941176470588235,0.39038004999210163,0.25,0.1
857,38,0.0,0.0,0.0,0.0,0.0,0.1,0.09090909090909091,0.07839826897867533,0.02631578947368421,0.1
3658,14,0.2,0.26666666666666666,0.2139862647345275,0.07142857142857142,0.2,0.1,0.16363636363636364,0.1388624438735545,0.07142857142857142,0.1
14699,4,0.0,0.0,0.0,0.0,0.0,0.0,0.0,0.0,0.0,0.0
19197,3,0.3333333333333333,0.4166666666666667,0.46927872602275644,0.3333333333333333,0.2,0.3333333333333333,0.37037037037037035,0.46927872602275644,0.3333333333333333,0.1
10159,1,0.0,0.0,0.0,0.0,0.0,0.0,0.0,0.0,0.0,0.0
1151,3,0.0,0.0,0.0,0.0,0.0,0.0,0.0,0.0,0.0,0.0
8354,9,0.4,0.6,0.5531464700081437,0.2222222222222222,0.4,0.2222222222222222,0.3518518518518518,0.38334277998463445,0.2222222222222222,0.2
10355,12,0.0,0.0,0.0,0.0,0.0,0.1,0.09090909090909091,0.07839826897867533,0.08333333333333333,0.1
16414,2,0.0,0.0,0.0,0.0,0.0,0.0,0.0,0.0,0.0,0.0
30428,57,0.8,0.8666666666666666,0.8539316501572936,0.07017543859649122,0.8,0.6,0.7272727272727273,0.6987957033953601,0.10526315789473684,0.6
30471,4,0.5,0.35714285714285715,0.39038004999210163,0.5,0.4,0.75,0.2941176470588235,0.39038004999210163,0.75,0.3
6658,1,0.0,0.0,0.0,0.0,0.0,0.0,0.0,0.0,0.0,0.0
30770,3,0.0,0.0,0.0,0.0,0.0,0.0,0.0,0.0,0.0,0.0
11260,20,0.2,0.26666666666666666,0.2139862647345275,0.05,0.2,0.3,0.2727272727272727,0.28088150105118154,0.15,0.3
8377,2,0.5,0.4444444444444445,0.3868528072345415,0.5,0.2,0.5,0.4736842105263158,0.3868528072345415,0.5,0.1
16771,11,0.2,0.3333333333333333,0.33916020527361607,0.09090909090909091,0.2,0.1,0.18181818181818182,0.22009176629808014,0.09090909090909091,0.1
7021,3,0.3333333333333333,0.33333333333333337,0.29608191096586517,0.3333333333333333,0.2,0.3333333333333333,0.3333333333333333,0.29608191096586517,0.3333333333333333,0.1
20013,5,0.0,0.0,0.0,0.0,0.0,0.0,0.0,0.0,0.0,0.0
28159,18,0.2,0.3333333333333333,0.33916020527361607,0.05555555555555555,0.2,0.1,0.18181818181818182,0.22009176629808014,0.05555555555555555,0.1
24101,1,0.0,0.0,0.0,0.0,0.0,0.0,0.0,0.0,0.0,0.0
22348,34,0.2,0.26666666666666666,0.2139862647345275,0.029411764705882353,0.2,0.1,0.16363636363636364,0.1388624438735545,0.029411764705882353,0.1
19076,35,0.4,0.26666666666666666,0.3007851801491498,0.05714285714285714,0.4,0.2,0.2545454545454545,0.19518900079066104,0.05714285714285714,0.2
20293,14,0.2,0.13333333333333333,0.14606834984270645,0.07142857142857142,0.2,0.1,0.12727272727272726,0.09478836436955078,0.07142857142857142,0.1
10532,10,0.0,0.0,0.0,0.0,0.0,0.0,0.0,0.0,0.0,0.0
18087,2,0.0,0.0,0.0,0.0,0.0,0.5,0.0,0.0,0.5,0.1
1574,7,0.2,0.3333333333333333,0.33916020527361607,0.14285714285714285,0.2,0.14285714285714285,0.2040816326530612,0.27487633291429087,0.14285714285714285,0.1
7449,31,0.0,0.0,0.0,0.0,0.0,0.0,0.0,0.0,0.0,0.0
13388,18,0.4,0.3333333333333333,0.31564845247951445,0.1111111111111111,0.4,0.2,0.2727272727272727,0.20483424751859083,0.1111111111111111,0.2
13146,7,0.0,0.0,0.0,0.0,0.0,0.0,0.0,0.0,0.0,0.0
23025,5,0.0,0.0,0.0,0.0,0.0,0.0,0.0,0.0,0.0,0.0
21070,7,0.0,0.0,0.0,0.0,0.0,0.0,0.0,0.0,0.0,0.0
12816,13,0.4,0.6,0.5531464700081437,0.15384615384615385,0.4,0.2,0.34545454545454546,0.3589542101716347,0.15384615384615385,0.2
10531,1,1.0,0.0,0.0,1.0,0.2,1.0,0.0,0.0,1.0,0.1
14360,5,0.2,0.3333333333333333,0.33916020527361607,0.2,0.2,0.4,0.25,0.33916020527361607,0.4,0.2
11130,10,0.0,0.0,0.0,0.0,0.0,0.0,0.0,0.0,0.0,0.0
11927,20,0.0,0.0,0.0,0.0,0.0,0.1,0.07272727272727274,0.07336392209936006,0.05,0.1
19849,11,0.6,0.6,0.6399453854227659,0.2727272727272727,0.6,0.3,0.43636363636363634,0.4152807670887412,0.2727272727272727,0.3
17008,20,0.4,0.4666666666666666,0.38356636737133554,0.1,0.4,0.3,0.4,0.3273065960012699,0.15,0.3
11928,15,0.0,0.0,0.0,0.0,0.0,0.0,0.0,0.0,0.0,0.0
30633,3,0.3333333333333333,0.33333333333333337,0.29608191096586517,0.3333333333333333,0.2,0.3333333333333333,0.3333333333333333,0.29608191096586517,0.3333333333333333,0.1
26857,1,1.0,1.0,1.0,1.0,0.2,1.0,1.0,1.0,1.0,0.1
17038,2,0.0,0.0,0.0,0.0,0.0,0.0,0.0,0.0,0.0,0.0
2239,1,1.0,1.0,1.0,1.0,0.2,1.0,1.0,1.0,1.0,0.1
26503,9,0.2,0.19999999999999998,0.16958010263680803,0.1111111111111111,0.2,0.2222222222222222,0.24074074074074073,0.20124768870643617,0.2222222222222222,0.2
7083,24,0.4,0.6,0.5531464700081437,0.08333333333333333,0.4,0.4,0.4181818181818182,0.49200622030736363,0.16666666666666666,0.4
1706,7,0.0,0.0,0.0,0.0,0.0,0.0,0.0,0.0,0.0,0.0
2574,3,0.0,0.0,0.0,0.0,0.0,0.0,0.0,0.0,0.0,0.0
13770,14,0.2,0.13333333333333333,0.14606834984270645,0.07142857142857142,0.2,0.1,0.12727272727272726,0.09478836436955078,0.07142857142857142,0.1
9297,3,0.0,0.0,0.0,0.0,0.0,0.0,0.0,0.0,0.0,0.0
11393,10,0.2,0.26666666666666666,0.2139862647345275,0.1,0.2,0.1,0.16363636363636364,0.1388624438735545,0.1,0.1
12181,1,0.0,0.0,0.0,0.0,0.0,0.0,0.0,0.0,0.0,0.0
211,33,0.2,0.26666666666666666,0.2139862647345275,0.030303030303030304,0.2,0.3,0.3272727272727272,0.2906246349515899,0.09090909090909091,0.3
21240,8,0.4,0.3333333333333333,0.34519134224686926,0.25,0.4,0.375,0.36538461538461536,0.34175490601594244,0.375,0.3
549,2,0.5,0.4444444444444445,0.3868528072345415,0.5,0.2,0.5,0.4736842105263158,0.3868528072345415,0.5,0.1
6486,14,0.0,0.0,0.0,0.0,0.0,0.1,0.05454545454545456,0.06943122193677725,0.07142857142857142,0.1
17093,1,0.0,0.0,0.0,0.0,0.0,0.0,0.0,0.0,0.0,0.0
12491,8,0.2,0.3333333333333333,0.33916020527361607,0.125,0.2,0.25,0.1923076923076923,0.2529427027676571,0.25,0.2
25513,8,0.0,0.0,0.0,0.0,0.0,0.0,0.0,0.0,0.0,0.0
15930,60,0.6,0.6666666666666666,0.6548086577531306,0.05,0.6,0.6,0.6363636363636364,0.6390097281865126,0.1,0.6
6735,35,0.6,0.7333333333333334,0.6992148198508501,0.08571428571428572,0.6,0.3,0.47272727272727266,0.4537425745411855,0.08571428571428572,0.3
19967,7,0.2,0.06666666666666665,0.13120507751234176,0.14285714285714285,0.2,0.14285714285714285,0.12244897959183672,0.10633668103022983,0.14285714285714285,0.1
8457,19,0.2,0.19999999999999998,0.16958010263680803,0.05263157894736842,0.2,0.1,0.14545454545454548,0.11004588314904007,0.05263157894736842,0.1
5889,60,0.4,0.3333333333333333,0.34519134224686926,0.03333333333333333,0.4,0.6,0.5272727272727273,0.5114531979843772,0.1,0.6
8892,1,0.0,0.0,0.0,0.0,0.0,0.0,0.0,0.0,0.0,0.0
18932,22,0.4,0.26666666666666666,0.3007851801491498,0.09090909090909091,0.4,0.2,0.2545454545454545,0.19518900079066104,0.09090909090909091,0.2
12327,1,0.0,0.0,0.0,0.0,0.0,0.0,0.0,0.0,0.0,0.0
1791,13,0.2,0.3333333333333333,0.33916020527361607,0.07692307692307693,0.2,0.1,0.18181818181818182,0.22009176629808014,0.07692307692307693,0.1
26486,8,0.2,0.26666666666666666,0.2139862647345275,0.125,0.2,0.125,0.17307692307692307,0.1595890771248963,0.125,0.1
6382,32,0.2,0.3333333333333333,0.33916020527361607,0.03125,0.2,0.5,0.39999999999999997,0.5017289690294563,0.15625,0.5
10319,8,0.2,0.3333333333333333,0.33916020527361607,0.125,0.2,0.375,0.1923076923076923,0.2529427027676571,0.375,0.3
16752,10,0.2,0.3333333333333333,0.33916020527361607,0.1,0.2,0.1,0.18181818181818182,0.22009176629808014,0.1,0.1
10087,3,0.3333333333333333,0.4166666666666667,0.46927872602275644,0.3333333333333333,0.2,0.3333333333333333,0.37037037037037035,0.46927872602275644,0.3333333333333333,0.1
17392,5,0.4,0.6,0.5531464700081437,0.4,0.4,0.4,0.475,0.5531464700081437,0.4,0.2
19883,3,0.3333333333333333,0.4166666666666667,0.46927872602275644,0.3333333333333333,0.2,0.3333333333333333,0.37037037037037035,0.46927872602275644,0.3333333333333333,0.1
26993,4,0.25,0.35714285714285715,0.39038004999210163,0.25,0.2,0.25,0.2941176470588235,0.39038004999210163,0.25,0.1
17816,9,0.2,0.3333333333333333,0.33916020527361607,0.1111111111111111,0.2,0.3333333333333333,0.27777777777777773,0.3187704634136788,0.3333333333333333,0.3
15766,8,0.2,0.3333333333333333,0.33916020527361607,0.125,0.2,0.25,0.28846153846153844,0.34304271142002485,0.25,0.2
16577,5,0.2,0.3333333333333333,0.33916020527361607,0.2,0.2,0.2,0.25,0.33916020527361607,0.2,0.1
4333,2,0.5,0.0,0.0,0.5,0.2,0.5,0.0,0.0,0.5,0.1
23972,26,0.4,0.4666666666666666,0.48522855511632257,0.07692307692307693,0.4,0.2,0.3090909090909091,0.31488013066763093,0.07692307692307693,0.2
22695,43,0.6,0.5333333333333333,0.5147714448836773,0.06976744186046512,0.6,0.6,0.5636363636363636,0.5423247252962317,0.13953488372093023,0.6
28214,8,0.2,0.3333333333333333,0.33916020527361607,0.125,0.2,0.125,0.1923076923076923,0.2529427027676571,0.125,0.1
26164,16,0.4,0.4666666666666666,0.48522855511632257,0.125,0.4,0.4,0.4727272727272727,0.4666423217456664,0.25,0.4
10990,23,0.4,0.6,0.5531464700081437,0.08695652173913043,0.4,0.2,0.34545454545454546,0.3589542101716347,0.08695652173913043,0.2
19447,20,0.0,0.0,0.0,0.0,0.0,0.2,0.10909090909090909,0.14201905717762703,0.1,0.2
13892,14,0.0,0.0,0.0,0.0,0.0,0.0,0.0,0.0,0.0,0.0
21615,4,0.25,0.35714285714285715,0.39038004999210163,0.25,0.2,0.25,0.2941176470588235,0.39038004999210163,0.25,0.1
11307,14,0.2,0.3333333333333333,0.33916020527361607,0.07142857142857142,0.2,0.1,0.18181818181818182,0.22009176629808014,0.07142857142857142,0.1
21857,7,0.2,0.19999999999999998,0.16958010263680803,0.14285714285714285,0.2,0.14285714285714285,0.16326530612244897,0.13743816645714543,0.14285714285714285,0.1
27289,3,0.6666666666666666,0.4166666666666667,0.46927872602275644,0.6666666666666666,0.4,1.0,0.37037037037037035,0.46927872602275644,1.0,0.3
15411,11,0.0,0.0,0.0,0.0,0.0,0.1,0.036363636363636355,0.06625422345438903,0.09090909090909091,0.1
23138,2,0.0,0.0,0.0,0.0,0.0,0.0,0.0,0.0,0.0,0.0
20482,14,0.4,0.5333333333333333,0.5087403079104241,0.14285714285714285,0.4,0.4,0.45454545454545453,0.4729327934832575,0.2857142857142857,0.4
17202,9,0.2,0.26666666666666666,0.2139862647345275,0.1111111111111111,0.2,0.1111111111111111,0.16666666666666666,0.14829723057014907,0.1111111111111111,0.1
29259,10,0.4,0.39999999999999997,0.4703652827859578,0.2,0.4,0.4,0.34545454545454546,0.4351098955930418,0.4,0.4
20865,17,0.8,0.8000000000000002,0.8304198973631919,0.23529411764705882,0.8,0.7,0.7636363636363637,0.7529694065526481,0.4117647058823529,0.7
11448,7,0.2,0.3333333333333333,0.33916020527361607,0.14285714285714285,0.2,0.2857142857142857,0.3061224489795918,0.3727892582642587,0.2857142857142857,0.2
6764,3,0.3333333333333333,0.4166666666666667,0.46927872602275644,0.3333333333333333,0.2,0.3333333333333333,0.37037037037037035,0.46927872602275644,0.3333333333333333,0.1
19171,23,0.6,0.7999999999999999,0.7227265726449518,0.13043478260869565,0.6,0.3,0.49090909090909096,0.46900009332067477,0.13043478260869565,0.3
10186,26,0.2,0.13333333333333333,0.14606834984270645,0.038461538461538464,0.2,0.2,0.21818181818181817,0.1731866333482261,0.07692307692307693,0.2
23771,1,1.0,0.0,0.0,1.0,0.2,1.0,0.0,0.0,1.0,0.1
21760,3,0.3333333333333333,0.4166666666666667,0.46927872602275644,0.3333333333333333,0.2,0.3333333333333333,0.37037037037037035,0.46927872602275644,0.3333333333333333,0.1
13263,11,0.8,0.8000000000000002,0.8304198973631919,0.36363636363636365,0.8,0.5,0.6363636363636364,0.6083169141195838,0.45454545454545453,0.5
20016,5,0.0,0.0,0.0,0.0,0.0,0.0,0.0,0.0,0.0,0.0
469,12,0.6,0.6666666666666666,0.6843515475204854,0.25,0.6,0.4,0.509090909090909,0.5135285497500329,0.3333333333333333,0.4
11109,17,0.2,0.13333333333333333,0.14606834984270645,0.058823529411764705,0.2,0.3,0.29090909090909095,0.24655055544758617,0.17647058823529413,0.3
17486,8,0.0,0.0,0.0,0.0,0.0,0.0,0.0,0.0,0.0,0.0
11908,1,0.0,0.0,0.0,0.0,0.0,0.0,0.0,0.0,0.0,0.0
15758,22,0.6,0.46666666666666673,0.4912596920895757,0.13636363636363635,0.6,0.5,0.4727272727272727,0.4518459360204552,0.22727272727272727,0.5
16080,42,0.8,0.9333333333333332,0.8687949224876582,0.09523809523809523,0.8,0.4,0.6181818181818183,0.5637884576902256,0.09523809523809523,0.4
24275,36,1.0,1.0,1.0,0.1388888888888889,1.0,0.6,0.8,0.7222954974312067,0.16666666666666666,0.6
23560,9,0.2,0.3333333333333333,0.33916020527361607,0.1111111111111111,0.2,0.1111111111111111,0.18518518518518517,0.23504554941448538,0.1111111111111111,0.1
13084,29,0.0,0.0,0.0,0.0,0.0,0.2,0.16363636363636364,0.1517621910780354,0.06896551724137931,0.2
18424,16,0.4,0.39999999999999997,0.4703652827859578,0.125,0.4,0.4,0.36363636363636365,0.43828689407543003,0.25,0.4
10236,2,0.0,0.0,0.0,0.0,0.0,0.0,0.0,0.0,0.0,0.0
7459,1,1.0,1.0,1.0,1.0,0.2,1.0,1.0,1.0,1.0,0.1
4089,29,0.4,0.3333333333333333,0.34519134224686926,0.06896551724137931,0.4,0.6,0.5090909090909091,0.5088197627289398,0.20689655172413793,0.6
16996,9,0.0,0.0,0.0,0.0,0.0,0.0,0.0,0.0,0.0,0.0
2025,22,0.2,0.3333333333333333,0.33916020527361607,0.045454545454545456,0.2,0.2,0.2727272727272727,0.2984900352767555,0.09090909090909091,0.2
24013,20,0.4,0.4000000000000001,0.3600546145772339,0.1,0.4,0.4,0.45454545454545453,0.38541299932114065,0.2,0.4
9361,15,0.4,0.26666666666666666,0.3007851801491498,0.13333333333333333,0.4,0.2,0.2545454545454545,0.19518900079066104,0.13333333333333333,0.2
23402,31,0.0,0.0,0.0,0.0,0.0,0.1,0.09090909090909091,0.07839826897867533,0.03225806451612903,0.1
19968,6,0.0,0.0,0.0,0.0,0.0,0.0,0.0,0.0,0.0,0.0
24279,26,0.6,0.6,0.6399453854227659,0.11538461538461539,0.6,0.4,0.47272727272727266,0.48153499054313026,0.15384615384615385,0.4
15533,4,0.25,0.35714285714285715,0.39038004999210163,0.25,0.2,0.25,0.2941176470588235,0.39038004999210163,0.25,0.1
24662,7,0.0,0.0,0.0,0.0,0.0,0.0,0.0,0.0,0.0,0.0
7946,2,0.0,0.0,0.0,0.0,0.0,0.0,0.0,0.0,0.0,0.0
13310,17,0.0,0.0,0.0,0.0,0.0,0.0,0.0,0.0,0.0,0.0
30231,9,0.0,0.0,0.0,0.0,0.0,0.0,0.0,0.0,0.0,0.0
12061,4,0.0,0.0,0.0,0.0,0.0,0.25,0.0,0.0,0.25,0.1
27168,15,0.4,0.4000000000000001,0.3600546145772339,0.13333333333333333,0.4,0.2,0.29090909090909095,0.23365080824310527,0.13333333333333333,0.2
26089,7,0.0,0.0,0.0,0.0,0.0,0.14285714285714285,0.0,0.0,0.14285714285714285,0.1
2986,2,0.0,0.0,0.0,0.0,0.0,0.0,0.0,0.0,0.0,0.0
6729,6,0.0,0.0,0.0,0.0,0.0,0.0,0.0,0.0,0.0,0.0
14653,9,0.0,0.0,0.0,0.0,0.0,0.0,0.0,0.0,0.0,0.0
272,17,0.4,0.4666666666666666,0.48522855511632257,0.11764705882352941,0.4,0.3,0.36363636363636365,0.3843113526044082,0.17647058823529413,0.3
18857,30,0.8,0.8666666666666666,0.8539316501572936,0.13333333333333333,0.8,0.4,0.6000000000000001,0.5541432109622958,0.13333333333333333,0.4
15541,12,0.2,0.06666666666666665,0.13120507751234176,0.08333333333333333,0.2,0.2,0.18181818181818182,0.15850703974098102,0.16666666666666666,0.2
29076,10,0.4,0.3333333333333333,0.31564845247951445,0.2,0.4,0.4,0.43636363636363634,0.3565964385966262,0.4,0.4
8236,22,0.2,0.26666666666666666,0.2139862647345275,0.045454545454545456,0.2,0.1,0.16363636363636364,0.1388624438735545,0.045454545454545456,0.1
22268,2,0.0,0.0,0.0,0.0,0.0,0.0,0.0,0.0,0.0,0.0
8356,9,0.2,0.19999999999999998,0.16958010263680803,0.1111111111111111,0.2,0.1111111111111111,0.14814814814814814,0.11752277470724269,0.1111111111111111,0.1
24256,8,0.0,0.0,0.0,0.0,0.0,0.0,0.0,0.0,0.0,0.0
11126,8,0.4,0.4666666666666666,0.48522855511632257,0.25,0.4,0.5,0.3846153846153846,0.4416737339478612,0.5,0.4
7178,3,0.0,0.0,0.0,0.0,0.0,0.0,0.0,0.0,0.0,0.0
8604,13,0.8,0.8000000000000002,0.8304198973631919,0.3076923076923077,0.8,0.7,0.7636363636363637,0.7529694065526481,0.5384615384615384,0.7
8361,2,0.5,0.0,0.0,0.5,0.2,0.5,0.0,0.0,0.5,0.1
21988,18,0.6,0.6666666666666666,0.6548086577531306,0.16666666666666666,0.6,0.4,0.5454545454545454,0.5033242827953462,0.2222222222222222,0.4
15954,41,0.2,0.26666666666666666,0.2139862647345275,0.024390243902439025,0.2,0.2,0.23636363636363636,0.21222636597291453,0.04878048780487805,0.2
7020,1,0.0,0.0,0.0,0.0,0.0,0.0,0.0,0.0,0.0,0.0
12101,2,0.0,0.0,0.0,0.0,0.0,0.0,0.0,0.0,0.0,0.0
9166,1,1.0,1.0,1.0,1.0,0.2,1.0,1.0,1.0,1.0,0.1
19052,4,0.0,0.0,0.0,0.0,0.0,0.0,0.0,0.0,0.0,0.0
23477,18,0.4,0.6,0.5531464700081437,0.1111111111111111,0.4,0.3,0.36363636363636365,0.4225749983705864,0.16666666666666666,0.3
24536,1,0.0,0.0,0.0,0.0,0.0,0.0,0.0,0.0,0.0,0.0
26803,4,0.5,0.6428571428571429,0.6366824387328316,0.5,0.4,0.75,0.5588235294117646,0.6366824387328316,0.75,0.3
29278,1,0.0,0.0,0.0,0.0,0.0,0.0,0.0,0.0,0.0,0.0
26842,3,0.3333333333333333,0.4166666666666667,0.46927872602275644,0.3333333333333333,0.2,0.3333333333333333,0.37037037037037035,0.46927872602275644,0.3333333333333333,0.1
1861,14,0.0,0.0,0.0,0.0,0.0,0.1,0.05454545454545456,0.06943122193677725,0.07142857142857142,0.1
8732,14,0.2,0.3333333333333333,0.33916020527361607,0.07142857142857142,0.2,0.1,0.18181818181818182,0.22009176629808014,0.07142857142857142,0.1
26962,10,0.2,0.3333333333333333,0.33916020527361607,0.1,0.2,0.1,0.18181818181818182,0.22009176629808014,0.1,0.1
5989,5,0.2,0.06666666666666665,0.13120507751234176,0.2,0.2,0.2,0.15,0.13120507751234176,0.2,0.1
8862,8,0.4,0.19999999999999998,0.2772734273550482,0.25,0.4,0.375,0.24999999999999994,0.20678808725291628,0.375,0.3
23518,11,0.0,0.0,0.0,0.0,0.0,0.1,0.018181818181818177,0.0636207881989517,0.09090909090909091,0.1
25419,3,0.3333333333333333,0.4166666666666667,0.46927872602275644,0.3333333333333333,0.2,0.3333333333333333,0.37037037037037035,0.46927872602275644,0.3333333333333333,0.1
18322,3,0.3333333333333333,0.0,0.0,0.3333333333333333,0.2,0.3333333333333333,0.0,0.0,0.3333333333333333,0.1
26519,12,0.2,0.26666666666666666,0.2139862647345275,0.08333333333333333,0.2,0.1,0.16363636363636364,0.1388624438735545,0.08333333333333333,0.1
5943,16,0.4,0.39999999999999997,0.4703652827859578,0.125,0.4,0.2,0.29090909090909095,0.3052348839397011,0.125,0.2
99,13,0.2,0.13333333333333333,0.14606834984270645,0.07692307692307693,0.2,0.3,0.2727272727272727,0.24261785528500332,0.23076923076923078,0.3
29069,14,0.4,0.6,0.5531464700081437,0.14285714285714285,0.4,0.3,0.43636363636363634,0.43735247915031,0.21428571428571427,0.3
3252,14,0.2,0.19999999999999998,0.16958010263680803,0.07142857142857142,0.2,0.4,0.29090909090909095,0.3183191637810561,0.2857142857142857,0.4
12699,19,0.4,0.39999999999999997,0.4703652827859578,0.10526315789473684,0.4,0.3,0.38181818181818183,0.3836331529183764,0.15789473684210525,0.3
14419,37,0.6,0.7333333333333334,0.6992148198508501,0.08108108108108109,0.6,0.4,0.5454545454545454,0.5271064966405455,0.10810810810810811,0.4
28107,3,0.6666666666666666,0.6666666666666667,0.7039180890341346,0.6666666666666666,0.4,0.6666666666666666,0.6666666666666666,0.7039180890341346,0.6666666666666666,0.2
15497,13,0.2,0.3333333333333333,0.33916020527361607,0.07692307692307693,0.2,0.1,0.18181818181818182,0.22009176629808014,0.07692307692307693,0.1
7929,7,0.2,0.3333333333333333,0.33916020527361607,0.14285714285714285,0.2,0.14285714285714285,0.2040816326530612,0.27487633291429087,0.14285714285714285,0.1
11531,7,0.2,0.3333333333333333,0.33916020527361607,0.14285714285714285,0.2,0.14285714285714285,0.2040816326530612,0.27487633291429087,0.14285714285714285,0.1
30174,10,0.4,0.6,0.5531464700081437,0.2,0.4,0.2,0.34545454545454546,0.3589542101716347,0.2,0.2
21646,54,0.8,0.7333333333333334,0.7860137352654724,0.07407407407407407,0.8,0.4,0.5636363636363636,0.510069131458292,0.07407407407407407,0.4
26719,1,0.0,0.0,0.0,0.0,0.0,0.0,0.0,0.0,0.0,0.0
11780,6,0.4,0.6,0.5531464700081437,0.3333333333333333,0.4,0.6666666666666666,0.5333333333333333,0.601312434202259,0.6666666666666666,0.4
26251,18,0.4,0.4666666666666666,0.48522855511632257,0.1111111111111111,0.4,0.3,0.36363636363636365,0.3843113526044082,0.16666666666666666,0.3
14894,19,0.6,0.5333333333333333,0.6164336326286642,0.15789473684210525,0.6,0.3,0.41818181818181815,0.4000232483092519,0.15789473684210525,0.3
2859,2,0.0,0.0,0.0,0.0,0.0,0.0,0.0,0.0,0.0,0.0
21605,17,0.2,0.13333333333333333,0.14606834984270645,0.058823529411764705,0.2,0.3,0.2545454545454546,0.2375835084056881,0.17647058823529413,0.3
23045,18,0.2,0.3333333333333333,0.33916020527361607,0.05555555555555555,0.2,0.2,0.23636363636363636,0.2895229882348574,0.1111111111111111,0.2
15568,12,0.2,0.3333333333333333,0.33916020527361607,0.08333333333333333,0.2,0.1,0.18181818181818182,0.22009176629808014,0.08333333333333333,0.1
28654,1,0.0,0.0,0.0,0.0,0.0,1.0,0.0,0.0,1.0,0.1
9263,2,0.5,0.5555555555555556,0.6131471927654584,0.5,0.2,0.5,0.5263157894736842,0.6131471927654584,0.5,0.1
25398,2,0.0,0.0,0.0,0.0,0.0,0.0,0.0,0.0,0.0,0.0
4623,9,0.4,0.4666666666666666,0.38356636737133554,0.2222222222222222,0.4,0.2222222222222222,0.3148148148148148,0.26582000527739175,0.2222222222222222,0.2
6759,13,0.6,0.39999999999999997,0.4468535299918562,0.23076923076923078,0.6,0.3,0.38181818181818183,0.28997736516021183,0.23076923076923078,0.3
4960,15,0.2,0.06666666666666665,0.13120507751234176,0.06666666666666667,0.2,0.2,0.12727272727272726,0.14876390584057267,0.13333333333333333,0.2
10164,13,0.0,0.0,0.0,0.0,0.0,0.0,0.0,0.0,0.0,0.0
2177,21,0.6,0.5333333333333333,0.5147714448836773,0.14285714285714285,0.6,0.3,0.4181818181818182,0.3340514446642156,0.14285714285714285,0.3
7381,77,0.6,0.6666666666666666,0.6843515475204854,0.03896103896103896,0.6,0.5,0.5636363636363636,0.5861163849908827,0.06493506493506493,0.5
11592,13,0.0,0.0,0.0,0.0,0.0,0.0,0.0,0.0,0.0,0.0
21168,7,0.2,0.26666666666666666,0.2139862647345275,0.14285714285714285,0.2,0.14285714285714285,0.18367346938775508,0.17342765698823942,0.14285714285714285,0.1
9727,12,0.0,0.0,0.0,0.0,0.0,0.1,0.018181818181818177,0.0636207881989517,0.08333333333333333,0.1
24355,4,0.25,0.35714285714285715,0.39038004999210163,0.25,0.2,0.25,0.2941176470588235,0.39038004999210163,0.25,0.1
13104,11,0.2,0.3333333333333333,0.33916020527361607,0.09090909090909091,0.2,0.3,0.2727272727272727,0.3557772116892464,0.2727272727272727,0.3
25254,13,0.2,0.3333333333333333,0.33916020527361607,0.07692307692307693,0.2,0.1,0.18181818181818182,0.22009176629808014,0.07692307692307693,0.1
978,36,0.8,0.9333333333333332,0.8687949224876582,0.1111111111111111,0.8,0.4,0.6181818181818183,0.5637884576902256,0.1111111111111111,0.4
4393,14,0.0,0.0,0.0,0.0,0.0,0.2,0.10909090909090909,0.14201905717762703,0.14285714285714285,0.2
21478,2,0.0,0.0,0.0,0.0,0.0,0.0,0.0,0.0,0.0,0.0
7077,41,0.2,0.3333333333333333,0.33916020527361607,0.024390243902439025,0.2,0.3,0.2727272727272727,0.3570764765963919,0.07317073170731707,0.3
31073,4,0.25,0.35714285714285715,0.39038004999210163,0.25,0.2,0.25,0.2941176470588235,0.39038004999210163,0.25,0.1
4160,1,0.0,0.0,0.0,0.0,0.0,0.0,0.0,0.0,0.0,0.0
18665,18,0.2,0.13333333333333333,0.14606834984270645,0.05555555555555555,0.2,0.1,0.12727272727272726,0.09478836436955078,0.05555555555555555,0.1
6925,20,0.6,0.6666666666666666,0.6548086577531306,0.15,0.6,0.5,0.6,0.5727555047321236,0.25,0.5
24144,2,0.0,0.0,0.0,0.0,0.0,0.0,0.0,0.0,0.0,0.0
23176,5,0.0,0.0,0.0,0.0,0.0,0.0,0.0,0.0,0.0,0.0
5716,3,0.0,0.0,0.0,0.0,0.0,0.0,0.0,0.0,0.0,0.0
26547,1,0.0,0.0,0.0,0.0,0.0,0.0,0.0,0.0,0.0,0.0
25773,3,0.3333333333333333,0.4166666666666667,0.46927872602275644,0.3333333333333333,0.2,0.3333333333333333,0.37037037037037035,0.46927872602275644,0.3333333333333333,0.1
11428,6,0.0,0.0,0.0,0.0,0.0,0.0,0.0,0.0,0.0,0.0
3426,29,0.2,0.3333333333333333,0.33916020527361607,0.034482758620689655,0.2,0.2,0.2545454545454545,0.29345568839744024,0.06896551724137931,0.2
945,15,0.0,0.0,0.0,0.0,0.0,0.1,0.09090909090909091,0.07839826897867533,0.06666666666666667,0.1
4607,30,0.2,0.26666666666666666,0.2139862647345275,0.03333333333333333,0.2,0.3,0.29090909090909095,0.28165758790969175,0.1,0.3
28895,2,0.0,0.0,0.0,0.0,0.0,0.0,0.0,0.0,0.0,0.0
7419,12,0.2,0.3333333333333333,0.33916020527361607,0.08333333333333333,0.2,0.2,0.2545454545454545,0.29345568839744024,0.16666666666666666,0.2
4649,19,0.6,0.5333333333333333,0.5147714448836773,0.15789473684210525,0.6,0.4,0.5090909090909091,0.4124497136428909,0.21052631578947367,0.4
4132,5,0.0,0.0,0.0,0.0,0.0,0.0,0.0,0.0,0.0,0.0
12564,19,0.0,0.0,0.0,0.0,0.0,0.0,0.0,0.0,0.0,0.0
2643,57,0.4,0.4666666666666666,0.48522855511632257,0.03508771929824561,0.4,0.2,0.3090909090909091,0.31488013066763093,0.03508771929824561,0.2
22578,8,0.6,0.46666666666666673,0.4912596920895757,0.375,0.6,0.5,0.4807692307692307,0.44617170294026076,0.5,0.4
17251,6,0.2,0.26666666666666666,0.2139862647345275,0.16666666666666666,0.2,0.16666666666666666,0.2,0.1909208661789346,0.16666666666666666,0.1
28046,11,0.2,0.3333333333333333,0.33916020527361607,0.09090909090909091,0.2,0.1,0.18181818181818182,0.22009176629808014,0.09090909090909091,0.1
20949,12,0.2,0.13333333333333333,0.14606834984270645,0.08333333333333333,0.2,0.1,0.12727272727272726,0.09478836436955078,0.08333333333333333,0.1
3256,51,0.6,0.6666666666666666,0.6548086577531306,0.058823529411764705,0.6,0.5,0.5454545454545454,0.5619107241149828,0.09803921568627451,0.5
173,8,0.2,0.3333333333333333,0.33916020527361607,0.125,0.2,0.125,0.1923076923076923,0.2529427027676571,0.125,0.1
29017,7,0.0,0.0,0.0,0.0,0.0,0.14285714285714285,0.08163265306122448,0.09162544430476363,0.14285714285714285,0.1
29766,6,0.4,0.5333333333333333,0.5087403079104241,0.3333333333333333,0.4,0.3333333333333333,0.4,0.4539036202482201,0.3333333333333333,0.2
24867,5,0.2,0.3333333333333333,0.33916020527361607,0.2,0.2,0.2,0.25,0.33916020527361607,0.2,0.1
20917,2,0.0,0.0,0.0,0.0,0.0,0.0,0.0,0.0,0.0,0.0
5882,8,0.2,0.13333333333333333,0.14606834984270645,0.125,0.2,0.125,0.1346153846153846,0.1089364926177559,0.125,0.1
1285,32,0.2,0.13333333333333333,0.14606834984270645,0.03125,0.2,0.2,0.21818181818181817,0.1731866333482261,0.0625,0.2
4166,4,0.0,0.0,0.0,0.0,0.0,0.0,0.0,0.0,0.0,0.0
1831,5,0.2,0.3333333333333333,0.33916020527361607,0.2,0.2,0.2,0.25,0.33916020527361607,0.2,0.1
1941,8,0.0,0.0,0.0,0.0,0.0,0.125,0.07692307692307693,0.08431423425588572,0.125,0.1
8651,6,0.0,0.0,0.0,0.0,0.0,0.0,0.0,0.0,0.0,0.0
11128,44,0.4,0.4666666666666666,0.48522855511632257,0.045454545454545456,0.4,0.2,0.3090909090909091,0.31488013066763093,0.045454545454545456,0.2
9417,16,0.2,0.19999999999999998,0.16958010263680803,0.0625,0.2,0.3,0.2,0.23992089480238077,0.1875,0.3
16164,50,0.6,0.6,0.6399453854227659,0.06,0.6,0.4,0.45454545454545453,0.4789015552876929,0.08,0.4
22744,21,0.4,0.6,0.5531464700081437,0.09523809523809523,0.4,0.2,0.34545454545454546,0.3589542101716347,0.09523809523809523,0.2
30790,13,0.2,0.19999999999999998,0.16958010263680803,0.07692307692307693,0.2,0.1,0.14545454545454548,0.11004588314904007,0.07692307692307693,0.1
6094,5,0.0,0.0,0.0,0.0,0.0,0.0,0.0,0.0,0.0,0.0
11834,4,0.0,0.0,0.0,0.0,0.0,0.25,0.0,0.0,0.25,0.1
28478,3,0.0,0.0,0.0,0.0,0.0,0.0,0.0,0.0,0.0,0.0
10530,28,0.6,0.46666666666666673,0.4912596920895757,0.10714285714285714,0.6,0.4,0.43636363636363645,0.3850481493391153,0.14285714285714285,0.4
18608,6,0.2,0.3333333333333333,0.33916020527361607,0.16666666666666666,0.2,0.3333333333333333,0.2222222222222222,0.30260241349881345,0.3333333333333333,0.2
4538,35,0.6,0.7999999999999999,0.7227265726449518,0.08571428571428572,0.6,0.5,0.6181818181818183,0.6117952373568121,0.14285714285714285,0.5
20880,12,0.0,0.0,0.0,0.0,0.0,0.1,0.036363636363636355,0.06625422345438903,0.08333333333333333,0.1
11268,47,0.8,0.7333333333333334,0.7860137352654724,0.0851063829787234,0.8,0.8,0.7999999999999999,0.7948833326720564,0.1702127659574468,0.8
27775,4,0.25,0.14285714285714288,0.16812753627111746,0.25,0.2,0.75,0.20588235294117643,0.16812753627111746,0.75,0.3
29641,5,0.4,0.5333333333333333,0.5087403079104241,0.4,0.4,0.6,0.45,0.5087403079104241,0.6,0.3
5890,10,0.2,0.13333333333333333,0.14606834984270645,0.1,0.2,0.1,0.12727272727272726,0.09478836436955078,0.1,0.1
820,21,0.4,0.4666666666666666,0.48522855511632257,0.09523809523809523,0.4,0.2,0.3090909090909091,0.31488013066763093,0.09523809523809523,0.2
296,37,0.4,0.6,0.5531464700081437,0.05405405405405406,0.4,0.4,0.43636363636363634,0.4959389204699464,0.10810810810810811,0.4
5103,3,0.0,0.0,0.0,0.0,0.0,0.0,0.0,0.0,0.0,0.0
19070,13,0.4,0.5333333333333333,0.5087403079104241,0.15384615384615385,0.4,0.3,0.41818181818181815,0.4085359184257955,0.23076923076923078,0.3
16092,12,0.4,0.39999999999999997,0.4703652827859578,0.16666666666666666,0.4,0.2,0.29090909090909095,0.3052348839397011,0.16666666666666666,0.2
3441,20,0.2,0.19999999999999998,0.16958010263680803,0.05,0.2,0.1,0.14545454545454548,0.11004588314904007,0.05,0.1
20347,6,0.4,0.39999999999999997,0.4703652827859578,0.3333333333333333,0.4,0.3333333333333333,0.35555555555555557,0.4196650066367769,0.3333333333333333,0.2
18849,1,1.0,1.0,1.0,1.0,0.2,1.0,1.0,1.0,1.0,0.1
20116,10,0.0,0.0,0.0,0.0,0.0,0.0,0.0,0.0,0.0,0.0
13148,31,0.6,0.39999999999999997,0.4468535299918562,0.0967741935483871,0.6,0.6,0.5272727272727272,0.4982506457922279,0.1935483870967742,0.6
20752,5,0.2,0.13333333333333333,0.14606834984270645,0.2,0.2,0.2,0.175,0.14606834984270645,0.2,0.1
23406,4,0.25,0.35714285714285715,0.39038004999210163,0.25,0.2,0.25,0.2941176470588235,0.39038004999210163,0.25,0.1
25850,13,0.2,0.06666666666666665,0.13120507751234176,0.07692307692307693,0.2,0.1,0.10909090909090909,0.08514311764162097,0.07692307692307693,0.1
19092,14,0.6,0.7333333333333334,0.6992148198508501,0.21428571428571427,0.6,0.3,0.47272727272727266,0.4537425745411855,0.21428571428571427,0.3
9715,8,0.2,0.3333333333333333,0.33916020527361607,0.125,0.2,0.125,0.1923076923076923,0.2529427027676571,0.125,0.1
17211,18,0.0,0.0,0.0,0.0,0.0,0.1,0.09090909090909091,0.07839826897867533,0.05555555555555555,0.1
11501,15,0.2,0.3333333333333333,0.33916020527361607,0.06666666666666667,0.2,0.1,0.18181818181818182,0.22009176629808014,0.06666666666666667,0.1
10593,21,0.6,0.6666666666666666,0.6843515475204854,0.14285714285714285,0.6,0.5,0.5454545454545454,0.579782773204422,0.23809523809523808,0.5
14482,1,0.0,0.0,0.0,0.0,0.0,0.0,0.0,0.0,0.0,0.0
15609,7,0.2,0.06666666666666665,0.13120507751234176,0.14285714285714285,0.2,0.2857142857142857,0.12244897959183672,0.10633668103022983,0.2857142857142857,0.2
9760,6,0.0,0.0,0.0,0.0,0.0,0.0,0.0,0.0,0.0,0.0
13829,1,0.0,0.0,0.0,0.0,0.0,0.0,0.0,0.0,0.0,0.0
22164,25,0.2,0.3333333333333333,0.33916020527361607,0.04,0.2,0.1,0.18181818181818182,0.22009176629808014,0.04,0.1
6734,6,0.2,0.26666666666666666,0.2139862647345275,0.16666666666666666,0.2,0.3333333333333333,0.2,0.1909208661789346,0.3333333333333333,0.2
25786,1,0.0,0.0,0.0,0.0,0.0,1.0,0.0,0.0,1.0,0.1
22211,17,0.2,0.13333333333333333,0.14606834984270645,0.058823529411764705,0.2,0.3,0.29090909090909095,0.24655055544758617,0.17647058823529413,0.3
30008,6,0.0,0.0,0.0,0.0,0.0,0.0,0.0,0.0,0.0,0.0
1851,1,0.0,0.0,0.0,0.0,0.0,0.0,0.0,0.0,0.0,0.0
22651,16,0.2,0.3333333333333333,0.33916020527361607,0.0625,0.2,0.2,0.2,0.2837125544970318,0.125,0.2
25390,13,0.4,0.4666666666666666,0.48522855511632257,0.15384615384615385,0.4,0.2,0.3090909090909091,0.31488013066763093,0.15384615384615385,0.2
10992,12,0.2,0.26666666666666666,0.2139862647345275,0.08333333333333333,0.2,0.1,0.16363636363636364,0.1388624438735545,0.08333333333333333,0.1
30111,20,0.2,0.3333333333333333,0.33916020527361607,0.05,0.2,0.2,0.2545454545454545,0.29345568839744024,0.1,0.2
30098,19,0.2,0.3333333333333333,0.33916020527361607,0.05263157894736842,0.2,0.2,0.21818181818181817,0.28634598975246917,0.10526315789473684,0.2
4448,4,0.5,0.35714285714285715,0.36331756126716824,0.5,0.4,0.75,0.4411764705882352,0.36331756126716824,0.75,0.3
25538,5,0.0,0.0,0.0,0.0,0.0,0.0,0.0,0.0,0.0,0.0
10672,102,0.8,0.7333333333333334,0.7860137352654724,0.0392156862745098,0.8,0.8,0.7999999999999999,0.7948833326720564,0.0784313725490196,0.8
26328,37,0.8,0.8000000000000002,0.8304198973631919,0.10810810810810811,0.8,0.7,0.7272727272727272,0.7471589728148226,0.1891891891891892,0.7
28856,2,0.0,0.0,0.0,0.0,0.0,0.5,0.0,0.0,0.5,0.1
1171,9,0.0,0.0,0.0,0.0,0.0,0.0,0.0,0.0,0.0,0.0
1021,10,0.0,0.0,0.0,0.0,0.0,0.0,0.0,0.0,0.0,0.0
27399,3,0.3333333333333333,0.4166666666666667,0.46927872602275644,0.3333333333333333,0.2,0.6666666666666666,0.37037037037037035,0.46927872602275644,0.6666666666666666,0.2
19068,11,0.0,0.0,0.0,0.0,0.0,0.1,0.09090909090909091,0.07839826897867533,0.09090909090909091,0.1
10523,1,1.0,0.0,0.0,1.0,0.2,1.0,0.0,0.0,1.0,0.1
17266,4,0.0,0.0,0.0,0.0,0.0,0.0,0.0,0.0,0.0,0.0
30392,2,0.5,0.4444444444444445,0.3868528072345415,0.5,0.2,0.5,0.4736842105263158,0.3868528072345415,0.5,0.1
619,2,0.0,0.0,0.0,0.0,0.0,0.0,0.0,0.0,0.0,0.0
24494,13,0.4,0.26666666666666666,0.3007851801491498,0.15384615384615385,0.4,0.3,0.34545454545454546,0.2735872697693364,0.23076923076923078,0.3
7738,38,0.8,0.9333333333333332,0.8687949224876582,0.10526315789473684,0.8,0.5,0.6727272727272727,0.6332196796270029,0.13157894736842105,0.5
14739,48,1.0,1.0,1.0,0.10416666666666667,1.0,0.7,0.8363636363636363,0.7909506325094736,0.14583333333333334,0.7
22277,4,0.25,0.14285714285714288,0.16812753627111746,0.25,0.2,0.25,0.20588235294117643,0.16812753627111746,0.25,0.1
27018,3,0.3333333333333333,0.33333333333333337,0.29608191096586517,0.3333333333333333,0.2,0.3333333333333333,0.3333333333333333,0.29608191096586517,0.3333333333333333,0.1
6724,69,0.4,0.4666666666666666,0.48522855511632257,0.028985507246376812,0.4,0.2,0.3090909090909091,0.31488013066763093,0.028985507246376812,0.2
27620,1,0.0,0.0,0.0,0.0,0.0,0.0,0.0,0.0,0.0,0.0
25767,22,0.6,0.6,0.6399453854227659,0.13636363636363635,0.6,0.4,0.47272727272727266,0.48153499054313026,0.18181818181818182,0.4
8387,21,0.8,0.7333333333333334,0.7860137352654724,0.19047619047619047,0.8,0.5,0.6,0.576323354912681,0.23809523809523808,0.5
9117,5,0.0,0.0,0.0,0.0,0.0,0.2,0.0,0.0,0.2,0.1
1583,33,0.4,0.4666666666666666,0.38356636737133554,0.06060606060606061,0.4,0.3,0.36363636363636365,0.31833954895937183,0.09090909090909091,0.3
7255,10,0.0,0.0,0.0,0.0,0.0,0.0,0.0,0.0,0.0,0.0
7316,40,0.4,0.4000000000000001,0.3600546145772339,0.05,0.4,0.4,0.41818181818181815,0.37830330067616963,0.1,0.4
15304,8,0.2,0.3333333333333333,0.33916020527361607,0.125,0.2,0.125,0.1923076923076923,0.2529427027676571,0.125,0.1
11443,13,0.2,0.3333333333333333,0.33916020527361607,0.07692307692307693,0.2,0.1,0.18181818181818182,0.22009176629808014,0.07692307692307693,0.1
14945,3,0.0,0.0,0.0,0.0,0.0,0.3333333333333333,0.0,0.0,0.3333333333333333,0.1
13750,2,0.0,0.0,0.0,0.0,0.0,0.0,0.0,0.0,0.0,0.0
7896,34,0.8,0.8000000000000002,0.8304198973631919,0.11764705882352941,0.8,0.5,0.618181818181818,0.6051399156371955,0.14705882352941177,0.5
23569,19,0.6,0.6666666666666666,0.6843515475204854,0.15789473684210525,0.6,0.4,0.509090909090909,0.5135285497500329,0.21052631578947367,0.4
15984,7,0.0,0.0,0.0,0.0,0.0,0.0,0.0,0.0,0.0,0.0
29464,2,0.0,0.0,0.0,0.0,0.0,0.0,0.0,0.0,0.0,0.0
27928,1,1.0,0.0,0.0,1.0,0.2,1.0,0.0,0.0,1.0,0.1
24076,10,0.2,0.13333333333333333,0.14606834984270645,0.1,0.2,0.1,0.12727272727272726,0.09478836436955078,0.1,0.1
11924,10,0.0,0.0,0.0,0.0,0.0,0.0,0.0,0.0,0.0,0.0
13610,9,0.2,0.3333333333333333,0.33916020527361607,0.1111111111111111,0.2,0.1111111111111111,0.18518518518518517,0.23504554941448538,0.1111111111111111,0.1
14168,3,0.3333333333333333,0.0,0.0,0.3333333333333333,0.2,0.3333333333333333,0.0,0.0,0.3333333333333333,0.1
942,11,0.4,0.39999999999999997,0.4703652827859578,0.18181818181818182,0.4,0.2,0.29090909090909095,0.3052348839397011,0.18181818181818182,0.2
15385,6,0.0,0.0,0.0,0.0,0.0,0.0,0.0,0.0,0.0,0.0
17364,13,0.4,0.4000000000000001,0.3600546145772339,0.15384615384615385,0.4,0.2,0.29090909090909095,0.23365080824310527,0.15384615384615385,0.2
8783,55,0.4,0.39999999999999997,0.4703652827859578,0.03636363636363636,0.4,0.4,0.45454545454545453,0.45699707501773645,0.07272727272727272,0.4
14601,4,0.25,0.2142857142857143,0.19519002499605081,0.25,0.2,0.25,0.23529411764705882,0.19519002499605081,0.25,0.1
16248,2,0.5,0.4444444444444445,0.3868528072345415,0.5,0.2,0.5,0.4736842105263158,0.3868528072345415,0.5,0.1
23195,3,0.0,0.0,0.0,0.0,0.0,0.0,0.0,0.0,0.0,0.0
28234,12,0.0,0.0,0.0,0.0,0.0,0.1,0.07272727272727274,0.07336392209936006,0.08333333333333333,0.1
23108,23,0.2,0.3333333333333333,0.33916020527361607,0.043478260869565216,0.2,0.2,0.2727272727272727,0.2984900352767555,0.08695652173913043,0.2
12218,17,0.4,0.4666666666666666,0.38356636737133554,0.11764705882352941,0.4,0.3,0.3272727272727273,0.31252911522154625,0.17647058823529413,0.3
19770,48,0.4,0.4666666666666666,0.38356636737133554,0.041666666666666664,0.4,0.4,0.4181818181818182,0.39092738420022155,0.08333333333333333,0.4
18958,6,0.0,0.0,0.0,0.0,0.0,0.0,0.0,0.0,0.0,0.0
7233,26,0.2,0.13333333333333333,0.14606834984270645,0.038461538461538464,0.2,0.3,0.2,0.22784037450527972,0.11538461538461539,0.3
19581,69,0.4,0.4666666666666666,0.38356636737133554,0.028985507246376812,0.4,0.3,0.38181818181818183,0.3222722491219546,0.043478260869565216,0.3
18179,4,0.0,0.0,0.0,0.0,0.0,0.0,0.0,0.0,0.0,0.0
15859,14,0.4,0.4000000000000001,0.3600546145772339,0.14285714285714285,0.4,0.3,0.32727272727272727,0.2999050316974943,0.21428571428571427,0.3
4468,37,0.8,0.8666666666666666,0.8539316501572936,0.10810810810810811,0.8,0.6,0.7090909090909091,0.6937613565160449,0.16216216216216217,0.6
22754,8,0.2,0.19999999999999998,0.16958010263680803,0.125,0.2,0.125,0.15384615384615385,0.12647135138382856,0.125,0.1
22301,7,0.2,0.3333333333333333,0.33916020527361607,0.14285714285714285,0.2,0.14285714285714285,0.2040816326530612,0.27487633291429087,0.14285714285714285,0.1
4950,6,0.2,0.19999999999999998,0.16958010263680803,0.16666666666666666,0.2,0.3333333333333333,0.17777777777777778,0.15130120674940672,0.3333333333333333,0.2
768,43,0.4,0.4666666666666666,0.38356636737133554,0.046511627906976744,0.4,0.4,0.4181818181818182,0.39092738420022155,0.09302325581395349,0.4
6839,33,0.2,0.3333333333333333,0.33916020527361607,0.030303030303030304,0.2,0.1,0.18181818181818182,0.22009176629808014,0.030303030303030304,0.1
3216,25,0.4,0.3333333333333333,0.31564845247951445,0.08,0.4,0.3,0.36363636363636365,0.28323251649726616,0.12,0.3
20393,24,0.4,0.39999999999999997,0.4703652827859578,0.08333333333333333,0.4,0.4,0.45454545454545453,0.45699707501773645,0.16666666666666666,0.4
17824,21,0.2,0.3333333333333333,0.33916020527361607,0.047619047619047616,0.2,0.4,0.36363636363636365,0.4341754806679218,0.19047619047619047,0.4
4202,11,0.0,0.0,0.0,0.0,0.0,0.1,0.018181818181818177,0.0636207881989517,0.09090909090909091,0.1
22918,11,0.0,0.0,0.0,0.0,0.0,0.0,0.0,0.0,0.0,0.0
19233,37,0.8,0.8666666666666666,0.8539316501572936,0.10810810810810811,0.8,0.4,0.6000000000000001,0.5541432109622958,0.10810810810810811,0.4
4928,28,0.0,0.0,0.0,0.0,0.0,0.0,0.0,0.0,0.0,0.0
15185,26,0.2,0.13333333333333333,0.14606834984270645,0.038461538461538464,0.2,0.1,0.12727272727272726,0.09478836436955078,0.038461538461538464,0.1
339,1,0.0,0.0,0.0,0.0,0.0,0.0,0.0,0.0,0.0,0.0
15542,5,0.2,0.26666666666666666,0.2139862647345275,0.2,0.2,0.2,0.225,0.2139862647345275,0.2,0.1
12074,5,0.2,0.26666666666666666,0.2139862647345275,0.2,0.2,0.4,0.225,0.2139862647345275,0.4,0.2
18150,3,0.3333333333333333,0.4166666666666667,0.46927872602275644,0.3333333333333333,0.2,0.3333333333333333,0.37037037037037035,0.46927872602275644,0.3333333333333333,0.1
20281,5,0.0,0.0,0.0,0.0,0.0,0.0,0.0,0.0,0.0,0.0
1782,25,0.4,0.39999999999999997,0.4703652827859578,0.08,0.4,0.3,0.36363636363636365,0.37859880603906115,0.12,0.3
9803,72,0.4,0.4666666666666666,0.38356636737133554,0.027777777777777776,0.4,0.5,0.5272727272727273,0.4701017400374072,0.06944444444444445,0.5
17206,10,0.0,0.0,0.0,0.0,0.0,0.0,0.0,0.0,0.0,0.0
11884,4,0.0,0.0,0.0,0.0,0.0,0.0,0.0,0.0,0.0,0.0
10486,8,0.2,0.19999999999999998,0.16958010263680803,0.125,0.2,0.125,0.15384615384615385,0.12647135138382856,0.125,0.1
13607,5,0.4,0.4666666666666666,0.48522855511632257,0.4,0.4,0.4,0.425,0.48522855511632257,0.4,0.2
1260,12,0.0,0.0,0.0,0.0,0.0,0.0,0.0,0.0,0.0,0.0
14385,3,0.0,0.0,0.0,0.0,0.0,0.3333333333333333,0.0,0.0,0.3333333333333333,0.1
21967,4,0.0,0.0,0.0,0.0,0.0,0.0,0.0,0.0,0.0,0.0
2238,19,0.2,0.13333333333333333,0.14606834984270645,0.05263157894736842,0.2,0.3,0.2545454545454546,0.2375835084056881,0.15789473684210525,0.3
19583,7,0.2,0.3333333333333333,0.33916020527361607,0.14285714285714285,0.2,0.14285714285714285,0.2040816326530612,0.27487633291429087,0.14285714285714285,0.1
11019,9,0.4,0.5333333333333333,0.5087403079104241,0.2222222222222222,0.4,0.2222222222222222,0.3333333333333333,0.352568324121728,0.2222222222222222,0.2
23000,13,0.2,0.06666666666666665,0.13120507751234176,0.07692307692307693,0.2,0.1,0.10909090909090909,0.08514311764162097,0.07692307692307693,0.1
24237,6,0.2,0.26666666666666666,0.2139862647345275,0.16666666666666666,0.2,0.16666666666666666,0.2,0.1909208661789346,0.16666666666666666,0.1
4014,14,0.4,0.4666666666666666,0.48522855511632257,0.14285714285714285,0.4,0.3,0.38181818181818183,0.38824405276699103,0.21428571428571427,0.3
26859,4,0.25,0.0,0.0,0.25,0.2,0.25,0.0,0.0,0.25,0.1
5417,29,0.4,0.3333333333333333,0.34519134224686926,0.06896551724137931,0.4,0.4,0.34545454545454546,0.3570575716509044,0.13793103448275862,0.4
27778,8,0.4,0.4666666666666666,0.48522855511632257,0.25,0.4,0.375,0.40384615384615385,0.4461934296412988,0.375,0.3
17379,1,0.0,0.0,0.0,0.0,0.0,0.0,0.0,0.0,0.0,0.0
24357,39,0.6,0.39999999999999997,0.4468535299918562,0.07692307692307693,0.6,0.4,0.43636363636363645,0.3594085870969891,0.10256410256410256,0.4
19336,40,0.4,0.5333333333333333,0.5087403079104241,0.05,0.4,0.3,0.4,0.40350157154648025,0.075,0.3
20946,2,0.0,0.0,0.0,0.0,0.0,0.0,0.0,0.0,0.0,0.0
21943,3,0.6666666666666666,0.75,0.7653606369886217,0.6666666666666666,0.4,0.6666666666666666,0.7037037037037036,0.7653606369886217,0.6666666666666666,0.2
7112,33,0.2,0.06666666666666665,0.13120507751234176,0.030303030303030304,0.2,0.2,0.12727272727272726,0.14876390584057267,0.06060606060606061,0.2
28782,5,0.0,0.0,0.0,0.0,0.0,0.2,0.0,0.0,0.2,0.1
16538,19,0.0,0.0,0.0,0.0,0.0,0.1,0.018181818181818177,0.0636207881989517,0.05263157894736842,0.1
17992,25,0.6,0.5333333333333333,0.6164336326286642,0.12,0.6,0.4,0.45454545454545453,0.4662774717636409,0.16,0.4
24094,1,0.0,0.0,0.0,0.0,0.0,0.0,0.0,0.0,0.0,0.0
455,3,0.6666666666666666,0.6666666666666667,0.7039180890341346,0.6666666666666666,0.4,0.6666666666666666,0.6666666666666666,0.7039180890341346,0.6666666666666666,0.2
15637,9,0.2,0.3333333333333333,0.33916020527361607,0.1111111111111111,0.2,0.2222222222222222,0.2222222222222222,0.30580131013556594,0.2222222222222222,0.2
11674,14,0.6,0.7333333333333334,0.6992148198508501,0.21428571428571427,0.6,0.4,0.509090909090909,0.5199967979955745,0.2857142857142857,0.4
27785,1,1.0,1.0,1.0,1.0,0.2,1.0,1.0,1.0,1.0,0.1
10128,26,0.4,0.5333333333333333,0.5087403079104241,0.07692307692307693,0.4,0.4,0.45454545454545453,0.4729327934832575,0.15384615384615385,0.4
15817,4,0.0,0.0,0.0,0.0,0.0,0.0,0.0,0.0,0.0,0.0
15342,2,0.5,0.5555555555555556,0.6131471927654584,0.5,0.2,0.5,0.5263157894736842,0.6131471927654584,0.5,0.1
23890,2,0.5,0.5555555555555556,0.6131471927654584,0.5,0.2,0.5,0.5263157894736842,0.6131471927654584,0.5,0.1
23210,20,0.2,0.3333333333333333,0.33916020527361607,0.05,0.2,0.2,0.23636363636363636,0.2895229882348574,0.1,0.2
9606,6,0.4,0.4666666666666666,0.38356636737133554,0.3333333333333333,0.4,0.3333333333333333,0.3777777777777778,0.34222207292834134,0.3333333333333333,0.2
30585,9,0.2,0.3333333333333333,0.33916020527361607,0.1111111111111111,0.2,0.2222222222222222,0.24074074074074073,0.3091941646995599,0.2222222222222222,0.2
4994,8,0.2,0.3333333333333333,0.33916020527361607,0.125,0.2,0.125,0.1923076923076923,0.2529427027676571,0.125,0.1
25989,10,0.4,0.39999999999999997,0.4703652827859578,0.2,0.4,0.2,0.29090909090909095,0.3052348839397011,0.2,0.2
24023,3,0.3333333333333333,0.25,0.23463936301137822,0.3333333333333333,0.2,0.3333333333333333,0.2962962962962963,0.23463936301137822,0.3333333333333333,0.1
17569,10,0.4,0.26666666666666666,0.3007851801491498,0.2,0.4,0.2,0.2545454545454545,0.19518900079066104,0.2,0.2
16401,26,0.2,0.3333333333333333,0.33916020527361607,0.038461538461538464,0.2,0.1,0.18181818181818182,0.22009176629808014,0.038461538461538464,0.1
8564,23,0.4,0.4666666666666666,0.48522855511632257,0.08695652173913043,0.4,0.3,0.4,0.3932783996463063,0.13043478260869565,0.3
12207,7,0.2,0.19999999999999998,0.16958010263680803,0.14285714285714285,0.2,0.2857142857142857,0.16326530612244897,0.13743816645714543,0.2857142857142857,0.2
5430,22,0.6,0.7999999999999999,0.7227265726449518,0.13636363636363635,0.6,0.3,0.49090909090909096,0.46900009332067477,0.13636363636363635,0.3
21585,43,1.0,1.0,1.0,0.11627906976744186,1.0,0.5,0.7272727272727273,0.6489315753318466,0.11627906976744186,0.5
2434,25,0.6,0.7999999999999999,0.7227265726449518,0.12,0.6,0.3,0.49090909090909096,0.46900009332067477,0.12,0.3
21347,5,0.2,0.3333333333333333,0.33916020527361607,0.2,0.2,0.2,0.25,0.33916020527361607,0.2,0.1
16073,1,0.0,0.0,0.0,0.0,0.0,1.0,0.0,0.0,1.0,0.1
15527,87,0.6,0.5333333333333333,0.5147714448836773,0.034482758620689655,0.6,0.6,0.6000000000000001,0.5481351590340572,0.06896551724137931,0.6
26296,34,0.8,0.8666666666666666,0.8539316501572936,0.11764705882352941,0.8,0.5,0.6181818181818183,0.6177639991612476,0.14705882352941177,0.5
25464,16,0.4,0.5333333333333333,0.5087403079104241,0.125,0.4,0.2,0.32727272727272727,0.3301376494471202,0.125,0.2
23316,7,0.0,0.0,0.0,0.0,0.0,0.0,0.0,0.0,0.0,0.0
4073,13,0.2,0.3333333333333333,0.33916020527361607,0.07692307692307693,0.2,0.1,0.18181818181818182,0.22009176629808014,0.07692307692307693,0.1
12085,9,0.0,0.0,0.0,0.0,0.0,0.0,0.0,0.0,0.0,0.0
6389,26,0.2,0.3333333333333333,0.33916020527361607,0.038461538461538464,0.2,0.2,0.2,0.2837125544970318,0.07692307692307693,0.2
13870,6,0.0,0.0,0.0,0.0,0.0,0.16666666666666666,0.0,0.0,0.16666666666666666,0.1
1182,17,0.2,0.3333333333333333,0.33916020527361607,0.058823529411764705,0.2,0.1,0.18181818181818182,0.22009176629808014,0.058823529411764705,0.1
23992,17,0.2,0.3333333333333333,0.33916020527361607,0.058823529411764705,0.2,0.1,0.18181818181818182,0.22009176629808014,0.058823529411764705,0.1
7578,7,0.0,0.0,0.0,0.0,0.0,0.0,0.0,0.0,0.0,0.0
18649,33,0.4,0.4000000000000001,0.3600546145772339,0.06060606060606061,0.4,0.4,0.36363636363636365,0.36670281837883417,0.12121212121212122,0.4
7629,9,0.4,0.4666666666666666,0.48522855511632257,0.2222222222222222,0.4,0.2222222222222222,0.31481481481481477,0.3362741576267856,0.2222222222222222,0.2
14397,16,0.2,0.3333333333333333,0.33916020527361607,0.0625,0.2,0.1,0.18181818181818182,0.22009176629808014,0.0625,0.1
17700,1,0.0,0.0,0.0,0.0,0.0,0.0,0.0,0.0,0.0,0.0
28577,2,0.5,0.5555555555555556,0.6131471927654584,0.5,0.2,0.5,0.5263157894736842,0.6131471927654584,0.5,0.1
15302,13,0.0,0.0,0.0,0.0,0.0,0.1,0.05454545454545456,0.06943122193677725,0.07692307692307693,0.1
27935,5,0.2,0.13333333333333333,0.14606834984270645,0.2,0.2,0.2,0.175,0.14606834984270645,0.2,0.1
11342,7,0.2,0.3333333333333333,0.33916020527361607,0.14285714285714285,0.2,0.14285714285714285,0.2040816326530612,0.27487633291429087,0.14285714285714285,0.1
24280,9,0.4,0.6,0.5531464700081437,0.2222222222222222,0.4,0.2222222222222222,0.3518518518518518,0.38334277998463445,0.2222222222222222,0.2
2879,18,0.2,0.3333333333333333,0.33916020527361607,0.05555555555555555,0.2,0.1,0.18181818181818182,0.22009176629808014,0.05555555555555555,0.1
24085,37,0.4,0.3333333333333333,0.34519134224686926,0.05405405405405406,0.4,0.3,0.32727272727272727,0.29343678345195273,0.08108108108108109,0.3
28589,1,0.0,0.0,0.0,0.0,0.0,0.0,0.0,0.0,0.0,0.0
11230,7,0.0,0.0,0.0,0.0,0.0,0.0,0.0,0.0,0.0,0.0
6034,38,0.4,0.39999999999999997,0.4703652827859578,0.05263157894736842,0.4,0.2,0.29090909090909095,0.3052348839397011,0.05263157894736842,0.2
8317,12,0.0,0.0,0.0,0.0,0.0,0.0,0.0,0.0,0.0,0.0
30868,6,0.2,0.26666666666666666,0.2139862647345275,0.16666666666666666,0.2,0.3333333333333333,0.2,0.1909208661789346,0.3333333333333333,0.2
12666,13,0.4,0.6,0.5531464700081437,0.15384615384615385,0.4,0.2,0.34545454545454546,0.3589542101716347,0.15384615384615385,0.2
10230,19,0.4,0.3333333333333333,0.31564845247951445,0.10526315789473684,0.4,0.2,0.2727272727272727,0.20483424751859083,0.10526315789473684,0.2
25412,5,0.2,0.3333333333333333,0.33916020527361607,0.2,0.2,0.2,0.25,0.33916020527361607,0.2,0.1
13704,2,0.0,0.0,0.0,0.0,0.0,0.0,0.0,0.0,0.0,0.0
24425,5,0.2,0.19999999999999998,0.16958010263680803,0.2,0.2,0.4,0.2,0.16958010263680803,0.4,0.2
3597,43,0.4,0.5333333333333333,0.5087403079104241,0.046511627906976744,0.4,0.4,0.43636363636363645,0.46975579500086934,0.09302325581395349,0.4
12815,6,0.2,0.06666666666666665,0.13120507751234176,0.16666666666666666,0.2,0.16666666666666666,0.13333333333333333,0.11706259313796352,0.16666666666666666,0.1
26490,18,0.2,0.19999999999999998,0.16958010263680803,0.05555555555555555,0.2,0.2,0.23636363636363636,0.1884441521277154,0.1111111111111111,0.2
17190,15,0.6,0.46666666666666673,0.4912596920895757,0.2,0.6,0.4,0.4181818181818182,0.38241471408367794,0.26666666666666666,0.4
10264,23,0.2,0.19999999999999998,0.16958010263680803,0.043478260869565216,0.2,0.2,0.2,0.17947710508581735,0.08695652173913043,0.2
23783,14,0.6,0.6666666666666666,0.6548086577531306,0.21428571428571427,0.6,0.4,0.49090909090909096,0.49118023727106,0.2857142857142857,0.4
14885,10,0.2,0.3333333333333333,0.33916020527361607,0.1,0.2,0.2,0.2,0.2837125544970318,0.2,0.2
27036,3,0.3333333333333333,0.4166666666666667,0.46927872602275644,0.3333333333333333,0.2,0.6666666666666666,0.37037037037037035,0.46927872602275644,0.6666666666666666,0.2
14597,3,0.6666666666666666,0.4166666666666667,0.46927872602275644,0.6666666666666666,0.4,0.6666666666666666,0.37037037037037035,0.46927872602275644,0.6666666666666666,0.2
14277,3,1.0,0.75,0.7653606369886217,1.0,0.6,1.0,0.7037037037037036,0.7653606369886217,1.0,0.3
24559,7,0.0,0.0,0.0,0.0,0.0,0.14285714285714285,0.08163265306122448,0.09162544430476363,0.14285714285714285,0.1
18199,30,0.4,0.4666666666666666,0.48522855511632257,0.06666666666666667,0.4,0.4,0.4,0.4518648409659427,0.13333333333333333,0.4
20024,8,0.2,0.13333333333333333,0.14606834984270645,0.125,0.2,0.25,0.1346153846153846,0.1089364926177559,0.25,0.2
13939,2,0.5,0.5555555555555556,0.6131471927654584,0.5,0.2,0.5,0.5263157894736842,0.6131471927654584,0.5,0.1
15257,29,0.6,0.5333333333333333,0.6164336326286642,0.10344827586206896,0.6,0.6,0.5272727272727272,0.5993294818993699,0.20689655172413793,0.6
22047,35,0.6,0.6666666666666666,0.6843515475204854,0.08571428571428572,0.6,0.3,0.45454545454545453,0.44409732781325567,0.08571428571428572,0.3
29486,7,0.2,0.3333333333333333,0.33916020527361607,0.14285714285714285,0.2,0.14285714285714285,0.2040816326530612,0.27487633291429087,0.14285714285714285,0.1
7953,8,0.2,0.19999999999999998,0.16958010263680803,0.125,0.2,0.125,0.15384615384615385,0.12647135138382856,0.125,0.1
20807,2,0.0,0.0,0.0,0.0,0.0,0.0,0.0,0.0,0.0,0.0
11381,19,0.2,0.3333333333333333,0.33916020527361607,0.05263157894736842,0.2,0.1,0.18181818181818182,0.22009176629808014,0.05263157894736842,0.1
19267,15,0.6,0.7333333333333334,0.6992148198508501,0.2,0.6,0.4,0.5636363636363636,0.5321408435198608,0.26666666666666666,0.4
7709,7,0.2,0.3333333333333333,0.33916020527361607,0.14285714285714285,0.2,0.42857142857142855,0.38775510204081626,0.4644147025690223,0.42857142857142855,0.3
30587,2,0.0,0.0,0.0,0.0,0.0,0.0,0.0,0.0,0.0,0.0
9579,47,0.4,0.19999999999999998,0.2772734273550482,0.0425531914893617,0.4,0.4,0.34545454545454546,0.3219505391887988,0.0851063829787234,0.4
19812,22,0.6,0.7999999999999999,0.7227265726449518,0.13636363636363635,0.6,0.3,0.49090909090909096,0.46900009332067477,0.13636363636363635,0.3
7971,7,0.4,0.4666666666666666,0.48522855511632257,0.2857142857142857,0.4,0.2857142857142857,0.346938775510204,0.3932591258696538,0.2857142857142857,0.2
6820,3,0.6666666666666666,0.0,0.0,0.6666666666666666,0.4,0.6666666666666666,0.0,0.0,0.6666666666666666,0.2
29066,6,0.2,0.26666666666666666,0.2139862647345275,0.16666666666666666,0.2,0.16666666666666666,0.2,0.1909208661789346,0.16666666666666666,0.1
25069,3,0.3333333333333333,0.33333333333333337,0.29608191096586517,0.3333333333333333,0.2,0.3333333333333333,0.3333333333333333,0.29608191096586517,0.3333333333333333,0.1
6959,30,0.6,0.7333333333333334,0.6992148198508501,0.1,0.6,0.4,0.509090909090909,0.5199967979955745,0.13333333333333333,0.4
6007,7,0.2,0.3333333333333333,0.33916020527361607,0.14285714285714285,0.2,0.14285714285714285,0.2040816326530612,0.27487633291429087,0.14285714285714285,0.1
23618,17,0.2,0.3333333333333333,0.33916020527361607,0.058823529411764705,0.2,0.1,0.18181818181818182,0.22009176629808014,0.058823529411764705,0.1
4844,15,0.0,0.0,0.0,0.0,0.0,0.2,0.16363636363636364,0.1517621910780354,0.13333333333333333,0.2
25393,2,0.5,0.5555555555555556,0.6131471927654584,0.5,0.2,0.5,0.5263157894736842,0.6131471927654584,0.5,0.1
29045,9,0.2,0.3333333333333333,0.33916020527361607,0.1111111111111111,0.2,0.1111111111111111,0.18518518518518517,0.23504554941448538,0.1111111111111111,0.1
9974,22,0.0,0.0,0.0,0.0,0.0,0.0,0.0,0.0,0.0,0.0
27521,2,0.0,0.0,0.0,0.0,0.0,0.0,0.0,0.0,0.0,0.0
30243,2,0.0,0.0,0.0,0.0,0.0,0.0,0.0,0.0,0.0,0.0
17638,2,0.5,0.5555555555555556,0.6131471927654584,0.5,0.2,0.5,0.5263157894736842,0.6131471927654584,0.5,0.1
3449,44,0.6,0.46666666666666673,0.4912596920895757,0.06818181818181818,0.6,0.3,0.4,0.31879392588472627,0.06818181818181818,0.3
26565,2,0.0,0.0,0.0,0.0,0.0,0.0,0.0,0.0,0.0,0.0
1822,41,0.6,0.6,0.529634717214042,0.07317073170731707,0.6,0.4,0.5272727272727273,0.42209496037082067,0.0975609756097561,0.4
22922,6,0.2,0.3333333333333333,0.33916020527361607,0.16666666666666666,0.2,0.3333333333333333,0.2222222222222222,0.30260241349881345,0.3333333333333333,0.2
162,3,0.0,0.0,0.0,0.0,0.0,0.0,0.0,0.0,0.0,0.0
3373,1,0.0,0.0,0.0,0.0,0.0,0.0,0.0,0.0,0.0,0.0
30871,5,0.0,0.0,0.0,0.0,0.0,0.0,0.0,0.0,0.0,0.0
13501,29,0.4,0.4666666666666666,0.48522855511632257,0.06896551724137931,0.4,0.4,0.4,0.4505655760587972,0.13793103448275862,0.4
14909,4,0.0,0.0,0.0,0.0,0.0,0.0,0.0,0.0,0.0,0.0
20247,4,0.0,0.0,0.0,0.0,0.0,0.0,0.0,0.0,0.0,0.0
17670,8,0.2,0.26666666666666666,0.2139862647345275,0.125,0.2,0.25,0.2692307692307692,0.249689085777264,0.25,0.2
17183,37,0.2,0.19999999999999998,0.16958010263680803,0.02702702702702703,0.2,0.2,0.2,0.17947710508581735,0.05405405405405406,0.2
980,2,0.0,0.0,0.0,0.0,0.0,0.0,0.0,0.0,0.0,0.0
5190,35,0.4,0.4666666666666666,0.48522855511632257,0.05714285714285714,0.4,0.4,0.4727272727272727,0.4666423217456664,0.11428571428571428,0.4
24772,8,0.2,0.26666666666666666,0.2139862647345275,0.125,0.2,0.125,0.17307692307692307,0.1595890771248963,0.125,0.1
10875,10,0.0,0.0,0.0,0.0,0.0,0.0,0.0,0.0,0.0,0.0
14970,17,0.2,0.26666666666666666,0.2139862647345275,0.058823529411764705,0.2,0.1,0.16363636363636364,0.1388624438735545,0.058823529411764705,0.1
30441,8,0.4,0.39999999999999997,0.4703652827859578,0.25,0.4,0.25,0.3076923076923077,0.35079429740281753,0.25,0.2
28,12,0.4,0.4666666666666666,0.38356636737133554,0.16666666666666666,0.4,0.2,0.30909090909090914,0.24890832702259458,0.16666666666666666,0.2
27022,4,0.25,0.35714285714285715,0.39038004999210163,0.25,0.2,0.25,0.2941176470588235,0.39038004999210163,0.25,0.1
4399,7,0.0,0.0,0.0,0.0,0.0,0.0,0.0,0.0,0.0,0.0
4850,7,0.2,0.19999999999999998,0.16958010263680803,0.14285714285714285,0.2,0.42857142857142855,0.3469387755102041,0.3269765361118769,0.42857142857142855,0.3
21971,4,0.0,0.0,0.0,0.0,0.0,0.0,0.0,0.0,0.0,0.0
3912,28,0.2,0.3333333333333333,0.33916020527361607,0.03571428571428571,0.2,0.3,0.2909090909090909,0.35970991185182927,0.10714285714285714,0.3
4329,6,0.0,0.0,0.0,0.0,0.0,0.0,0.0,0.0,0.0,0.0
8598,19,0.8,0.9333333333333332,0.8687949224876582,0.21052631578947367,0.8,0.6,0.7090909090909091,0.6994739030813919,0.3157894736842105,0.6
26286,54,0.6,0.7999999999999999,0.7227265726449518,0.05555555555555555,0.6,0.8,0.7636363636363637,0.8200685179888282,0.14814814814814814,0.8
22546,3,0.0,0.0,0.0,0.0,0.0,0.3333333333333333,0.0,0.0,0.3333333333333333,0.1
30620,4,0.25,0.2142857142857143,0.19519002499605081,0.25,0.2,0.25,0.23529411764705882,0.19519002499605081,0.25,0.1
26079,2,0.5,0.5555555555555556,0.6131471927654584,0.5,0.2,0.5,0.5263157894736842,0.6131471927654584,0.5,0.1
16128,20,0.4,0.6,0.5531464700081437,0.1,0.4,0.3,0.43636363636363634,0.43735247915031,0.15,0.3
15969,2,0.0,0.0,0.0,0.0,0.0,0.0,0.0,0.0,0.0,0.0
24782,1,0.0,0.0,0.0,0.0,0.0,0.0,0.0,0.0,0.0,0.0
1506,3,0.3333333333333333,0.4166666666666667,0.46927872602275644,0.3333333333333333,0.2,0.3333333333333333,0.37037037037037035,0.46927872602275644,0.3333333333333333,0.1
24821,1,0.0,0.0,0.0,0.0,0.0,0.0,0.0,0.0,0.0,0.0
14999,2,0.5,0.5555555555555556,0.6131471927654584,0.5,0.2,0.5,0.5263157894736842,0.6131471927654584,0.5,0.1
9183,13,0.2,0.3333333333333333,0.33916020527361607,0.07692307692307693,0.2,0.1,0.18181818181818182,0.22009176629808014,0.07692307692307693,0.1
21661,48,0.8,0.9333333333333332,0.8687949224876582,0.08333333333333333,0.8,0.6,0.781818181818182,0.7155506487682609,0.125,0.6
21317,11,0.2,0.3333333333333333,0.33916020527361607,0.09090909090909091,0.2,0.1,0.18181818181818182,0.22009176629808014,0.09090909090909091,0.1
20269,3,0.0,0.0,0.0,0.0,0.0,0.0,0.0,0.0,0.0,0.0
29460,8,0.0,0.0,0.0,0.0,0.0,0.0,0.0,0.0,0.0,0.0
21243,11,0.2,0.06666666666666665,0.13120507751234176,0.09090909090909091,0.2,0.1,0.10909090909090909,0.08514311764162097,0.09090909090909091,0.1
7203,19,0.4,0.5333333333333333,0.5087403079104241,0.10526315789473684,0.4,0.4,0.38181818181818183,0.4600126611004609,0.21052631578947367,0.4
13992,21,0.0,0.0,0.0,0.0,0.0,0.0,0.0,0.0,0.0,0.0
10851,6,0.2,0.3333333333333333,0.33916020527361607,0.16666666666666666,0.2,0.16666666666666666,0.2222222222222222,0.30260241349881345,0.16666666666666666,0.1
28356,5,0.2,0.06666666666666665,0.13120507751234176,0.2,0.2,0.2,0.15,0.13120507751234176,0.2,0.1
25494,6,0.2,0.19999999999999998,0.16958010263680803,0.16666666666666666,0.2,0.3333333333333333,0.17777777777777778,0.15130120674940672,0.3333333333333333,0.2
2993,7,0.4,0.4666666666666666,0.38356636737133554,0.2857142857142857,0.4,0.2857142857142857,0.3469387755102041,0.3108658234453848,0.2857142857142857,0.2
26407,35,0.8,0.8666666666666666,0.8539316501572936,0.11428571428571428,0.8,0.6,0.7454545454545456,0.7019727018777483,0.17142857142857143,0.6
15709,2,0.5,0.5555555555555556,0.6131471927654584,0.5,0.2,0.5,0.5263157894736842,0.6131471927654584,0.5,0.1
16237,6,0.4,0.6,0.5531464700081437,0.3333333333333333,0.4,0.5,0.4222222222222222,0.4935232796777481,0.5,0.3
2558,22,0.0,0.0,0.0,0.0,0.0,0.1,0.05454545454545456,0.06943122193677725,0.045454545454545456,0.1
3975,18,0.2,0.3333333333333333,0.33916020527361607,0.05555555555555555,0.2,0.1,0.18181818181818182,0.22009176629808014,0.05555555555555555,0.1
8325,3,0.0,0.0,0.0,0.0,0.0,0.0,0.0,0.0,0.0,0.0
766,10,0.4,0.3333333333333333,0.34519134224686926,0.2,0.4,0.3,0.34545454545454546,0.2973694836145355,0.3,0.3
24397,2,0.5,0.5555555555555556,0.6131471927654584,0.5,0.2,0.5,0.5263157894736842,0.6131471927654584,0.5,0.1
28568,16,0.4,0.3333333333333333,0.34519134224686926,0.125,0.4,0.2,0.2727272727272727,0.22400556151517548,0.125,0.2
19982,21,0.6,0.7333333333333334,0.6992148198508501,0.14285714285714285,0.6,0.4,0.49090909090909085,0.5173633627401372,0.19047619047619047,0.4
3777,2,0.5,0.5555555555555556,0.6131471927654584,0.5,0.2,0.5,0.5263157894736842,0.6131471927654584,0.5,0.1
28807,2,0.0,0.0,0.0,0.0,0.0,0.0,0.0,0.0,0.0,0.0
15329,10,0.2,0.26666666666666666,0.2139862647345275,0.1,0.2,0.1,0.16363636363636364,0.1388624438735545,0.1,0.1
20,3,0.3333333333333333,0.33333333333333337,0.29608191096586517,0.3333333333333333,0.2,0.3333333333333333,0.3333333333333333,0.29608191096586517,0.3333333333333333,0.1
20709,1,1.0,1.0,1.0,1.0,0.2,1.0,1.0,1.0,1.0,0.1
4090,26,0.4,0.4666666666666666,0.48522855511632257,0.07692307692307693,0.4,0.2,0.3090909090909091,0.31488013066763093,0.07692307692307693,0.2
10524,22,0.2,0.26666666666666666,0.2139862647345275,0.045454545454545456,0.2,0.2,0.21818181818181823,0.20829366581033176,0.09090909090909091,0.2
191,4,0.0,0.0,0.0,0.0,0.0,0.5,0.0,0.0,0.5,0.2
9537,5,0.0,0.0,0.0,0.0,0.0,0.0,0.0,0.0,0.0,0.0
7527,35,0.2,0.19999999999999998,0.16958010263680803,0.02857142857142857,0.2,0.1,0.14545454545454548,0.11004588314904007,0.02857142857142857,0.1
11314,7,0.2,0.3333333333333333,0.33916020527361607,0.14285714285714285,0.2,0.14285714285714285,0.2040816326530612,0.27487633291429087,0.14285714285714285,0.1
10030,22,0.4,0.3333333333333333,0.31564845247951445,0.09090909090909091,0.4,0.4,0.43636363636363634,0.3565964385966262,0.18181818181818182,0.4
16049,35,0.6,0.5333333333333333,0.6164336326286642,0.08571428571428572,0.6,0.5,0.5454545454545454,0.5428183923453892,0.14285714285714285,0.5
5040,15,0.0,0.0,0.0,0.0,0.0,0.1,0.09090909090909091,0.07839826897867533,0.06666666666666667,0.1
29615,1,0.0,0.0,0.0,0.0,0.0,0.0,0.0,0.0,0.0,0.0
4049,13,0.4,0.3333333333333333,0.34519134224686926,0.15384615384615385,0.4,0.2,0.2727272727272727,0.22400556151517548,0.15384615384615385,0.2
23942,8,0.0,0.0,0.0,0.0,0.0,0.0,0.0,0.0,0.0,0.0
28013,4,0.0,0.0,0.0,0.0,0.0,0.0,0.0,0.0,0.0,0.0
21761,38,0.8,0.7333333333333334,0.7860137352654724,0.10526315789473684,0.8,0.5,0.6,0.576323354912681,0.13157894736842105,0.5
319,9,0.2,0.3333333333333333,0.33916020527361607,0.1111111111111111,0.2,0.1111111111111111,0.18518518518518517,0.23504554941448538,0.1111111111111111,0.1
16070,19,0.0,0.0,0.0,0.0,0.0,0.1,0.05454545454545456,0.06943122193677725,0.05263157894736842,0.1
6888,7,0.4,0.4666666666666666,0.38356636737133554,0.2857142857142857,0.4,0.42857142857142855,0.3469387755102041,0.3108658234453848,0.42857142857142855,0.3
28320,1,0.0,0.0,0.0,0.0,0.0,0.0,0.0,0.0,0.0,0.0
18947,2,0.0,0.0,0.0,0.0,0.0,0.0,0.0,0.0,0.0,0.0
28582,3,0.0,0.0,0.0,0.0,0.0,0.3333333333333333,0.0,0.0,0.3333333333333333,0.1
27323,1,0.0,0.0,0.0,0.0,0.0,0.0,0.0,0.0,0.0,0.0
22098,28,0.6,0.5333333333333333,0.5147714448836773,0.10714285714285714,0.6,0.5,0.5090909090909091,0.4710361549625273,0.17857142857142858,0.5
8086,16,0.2,0.3333333333333333,0.33916020527361607,0.0625,0.2,0.2,0.23636363636363636,0.2895229882348574,0.125,0.2
20501,12,0.6,0.7999999999999999,0.7227265726449518,0.25,0.6,0.4,0.5454545454545454,0.538431315257452,0.3333333333333333,0.4
30090,18,0.4,0.5333333333333333,0.5087403079104241,0.1111111111111111,0.4,0.4,0.47272727272727266,0.4779671403625727,0.2222222222222222,0.4
23096,7,0.6,0.6,0.6399453854227659,0.42857142857142855,0.6,0.5714285714285714,0.48979591836734687,0.5186511804016661,0.5714285714285714,0.4
28536,1,1.0,1.0,1.0,1.0,0.2,1.0,1.0,1.0,1.0,0.1
2480,16,0.4,0.4000000000000001,0.3600546145772339,0.125,0.4,0.2,0.29090909090909095,0.23365080824310527,0.125,0.2
1212,53,0.8,0.6666666666666666,0.6608397947263838,0.07547169811320754,0.8,0.6,0.6545454545454547,0.5708588662113934,0.11320754716981132,0.6
24356,1,0.0,0.0,0.0,0.0,0.0,0.0,0.0,0.0,0.0,0.0
28294,1,0.0,0.0,0.0,0.0,0.0,0.0,0.0,0.0,0.0,0.0
27373,27,0.4,0.6,0.5531464700081437,0.07407407407407407,0.4,0.4,0.43636363636363634,0.4959389204699464,0.14814814814814814,0.4
23996,2,0.0,0.0,0.0,0.0,0.0,0.0,0.0,0.0,0.0,0.0
23463,43,0.6,0.7999999999999999,0.7227265726449518,0.06976744186046512,0.6,0.4,0.5636363636363636,0.5423640154200349,0.09302325581395349,0.4
10406,22,0.6,0.6666666666666666,0.6843515475204854,0.13636363636363635,0.6,0.5,0.5818181818181819,0.586892471849393,0.22727272727272727,0.5
25751,33,0.4,0.26666666666666666,0.3007851801491498,0.06060606060606061,0.4,0.4,0.3272727272727272,0.32824101092638996,0.12121212121212122,0.4
15899,13,0.2,0.3333333333333333,0.33916020527361607,0.07692307692307693,0.2,0.1,0.18181818181818182,0.22009176629808014,0.07692307692307693,0.1
258,79,0.8,0.8666666666666666,0.8539316501572936,0.05063291139240506,0.8,0.5,0.6363636363636364,0.6203974344166848,0.06329113924050633,0.5
28884,2,0.5,0.5555555555555556,0.6131471927654584,0.5,0.2,0.5,0.5263157894736842,0.6131471927654584,0.5,0.1
18097,18,0.4,0.4666666666666666,0.38356636737133554,0.1111111111111111,0.4,0.3,0.4,0.3273065960012699,0.16666666666666666,0.3
27635,4,0.0,0.0,0.0,0.0,0.0,0.0,0.0,0.0,0.0,0.0
9370,1,0.0,0.0,0.0,0.0,0.0,0.0,0.0,0.0,0.0,0.0
11731,13,0.2,0.3333333333333333,0.33916020527361607,0.07692307692307693,0.2,0.2,0.2,0.2837125544970318,0.15384615384615385,0.2
28037,19,0.6,0.6666666666666666,0.6548086577531306,0.15789473684210525,0.6,0.4,0.5454545454545454,0.5033242827953462,0.21052631578947367,0.4
14971,10,0.2,0.19999999999999998,0.16958010263680803,0.1,0.2,0.1,0.14545454545454548,0.11004588314904007,0.1,0.1
3381,38,0.6,0.6,0.6399453854227659,0.07894736842105263,0.6,0.3,0.43636363636363634,0.4152807670887412,0.07894736842105263,0.3
29576,9,0.2,0.3333333333333333,0.33916020527361607,0.1111111111111111,0.2,0.1111111111111111,0.18518518518518517,0.23504554941448538,0.1111111111111111,0.1
18868,10,0.0,0.0,0.0,0.0,0.0,0.0,0.0,0.0,0.0,0.0
18839,21,0.2,0.19999999999999998,0.16958010263680803,0.047619047619047616,0.2,0.2,0.16363636363636364,0.1736666713479918,0.09523809523809523,0.2
12388,5,0.2,0.19999999999999998,0.16958010263680803,0.2,0.2,0.2,0.2,0.16958010263680803,0.2,0.1
31010,1,1.0,1.0,1.0,1.0,0.2,1.0,1.0,1.0,1.0,0.1
28429,13,0.0,0.0,0.0,0.0,0.0,0.0,0.0,0.0,0.0,0.0
22270,13,0.6,0.5333333333333333,0.5147714448836773,0.23076923076923078,0.6,0.3,0.4181818181818182,0.3340514446642156,0.23076923076923078,0.3
30275,6,0.2,0.3333333333333333,0.33916020527361607,0.16666666666666666,0.2,0.16666666666666666,0.2222222222222222,0.30260241349881345,0.16666666666666666,0.1
15747,5,0.2,0.26666666666666666,0.2139862647345275,0.2,0.2,0.4,0.225,0.2139862647345275,0.4,0.2
11365,7,0.4,0.5333333333333333,0.5087403079104241,0.2857142857142857,0.4,0.2857142857142857,0.36734693877551017,0.4123144993714362,0.2857142857142857,0.2
25601,8,0.0,0.0,0.0,0.0,0.0,0.125,0.07692307692307693,0.08431423425588572,0.125,0.1
30282,17,0.2,0.26666666666666666,0.2139862647345275,0.058823529411764705,0.2,0.1,0.16363636363636364,0.1388624438735545,0.058823529411764705,0.1
14709,2,0.5,0.5555555555555556,0.6131471927654584,0.5,0.2,0.5,0.5263157894736842,0.6131471927654584,0.5,0.1
9610,2,0.0,0.0,0.0,0.0,0.0,0.0,0.0,0.0,0.0,0.0
7606,1,0.0,0.0,0.0,0.0,0.0,0.0,0.0,0.0,0.0,0.0
4395,13,0.0,0.0,0.0,0.0,0.0,0.0,0.0,0.0,0.0,0.0
9307,3,0.3333333333333333,0.0,0.0,0.3333333333333333,0.2,0.6666666666666666,0.0,0.0,0.6666666666666666,0.2
30056,6,0.0,0.0,0.0,0.0,0.0,0.16666666666666666,0.0,0.0,0.16666666666666666,0.1
22491,19,0.2,0.3333333333333333,0.33916020527361607,0.05263157894736842,0.2,0.1,0.18181818181818182,0.22009176629808014,0.05263157894736842,0.1
2813,7,0.0,0.0,0.0,0.0,0.0,0.0,0.0,0.0,0.0,0.0
31018,28,0.2,0.06666666666666665,0.13120507751234176,0.03571428571428571,0.2,0.2,0.16363636363636364,0.15457433957839825,0.07142857142857142,0.2
2580,35,0.2,0.3333333333333333,0.33916020527361607,0.02857142857142857,0.2,0.2,0.2,0.2837125544970318,0.05714285714285714,0.2
20102,28,0.4,0.5333333333333333,0.5087403079104241,0.07142857142857142,0.4,0.2,0.32727272727272727,0.3301376494471202,0.07142857142857142,0.2
26081,15,0.4,0.4666666666666666,0.48522855511632257,0.13333333333333333,0.4,0.2,0.3090909090909091,0.31488013066763093,0.13333333333333333,0.2
28372,11,0.2,0.19999999999999998,0.16958010263680803,0.09090909090909091,0.2,0.2,0.21818181818181823,0.18340980524840012,0.18181818181818182,0.2
9207,11,0.2,0.26666666666666666,0.2139862647345275,0.09090909090909091,0.2,0.1,0.16363636363636364,0.1388624438735545,0.09090909090909091,0.1
19676,6,0.0,0.0,0.0,0.0,0.0,0.0,0.0,0.0,0.0,0.0
19241,39,0.6,0.7333333333333334,0.6992148198508501,0.07692307692307693,0.6,0.5,0.5818181818181817,0.5933607200949346,0.1282051282051282,0.5
7073,4,0.5,0.6428571428571429,0.6366824387328316,0.5,0.4,0.5,0.5588235294117646,0.6366824387328316,0.5,0.2
28756,27,0.4,0.4000000000000001,0.3600546145772339,0.07407407407407407,0.4,0.3,0.34545454545454546,0.3030820301798825,0.1111111111111111,0.3
22109,3,0.0,0.0,0.0,0.0,0.0,0.0,0.0,0.0,0.0,0.0
7520,62,0.2,0.13333333333333333,0.14606834984270645,0.016129032258064516,0.2,0.3,0.23636363636363636,0.23440650992329984,0.04838709677419355,0.3
20558,6,0.0,0.0,0.0,0.0,0.0,0.0,0.0,0.0,0.0,0.0
30167,41,0.6,0.6,0.6399453854227659,0.07317073170731707,0.6,0.4,0.47272727272727266,0.48153499054313026,0.0975609756097561,0.4
23876,5,0.2,0.3333333333333333,0.33916020527361607,0.2,0.2,0.2,0.25,0.33916020527361607,0.2,0.1
2113,1,0.0,0.0,0.0,0.0,0.0,0.0,0.0,0.0,0.0,0.0
27175,5,0.2,0.26666666666666666,0.2139862647345275,0.2,0.2,0.2,0.225,0.2139862647345275,0.2,0.1
10850,4,0.25,0.35714285714285715,0.39038004999210163,0.25,0.2,0.25,0.2941176470588235,0.39038004999210163,0.25,0.1
28173,2,0.0,0.0,0.0,0.0,0.0,0.0,0.0,0.0,0.0,0.0
22877,8,0.0,0.0,0.0,0.0,0.0,0.0,0.0,0.0,0.0,0.0
13138,6,0.0,0.0,0.0,0.0,0.0,0.0,0.0,0.0,0.0,0.0
20044,27,0.2,0.19999999999999998,0.16958010263680803,0.037037037037037035,0.2,0.3,0.2727272727272727,0.2546983755821044,0.1111111111111111,0.3
20054,2,0.5,0.4444444444444445,0.3868528072345415,0.5,0.2,0.5,0.4736842105263158,0.3868528072345415,0.5,0.1
11957,40,0.4,0.5333333333333333,0.5087403079104241,0.05,0.4,0.2,0.32727272727272727,0.3301376494471202,0.05,0.2
10215,6,0.4,0.3333333333333333,0.31564845247951445,0.3333333333333333,0.4,0.3333333333333333,0.3333333333333333,0.2816249726597773,0.3333333333333333,0.2
23938,10,0.6,0.7999999999999999,0.7227265726449518,0.3,0.6,0.4,0.5636363636363636,0.5423640154200349,0.4,0.4
24793,3,0.0,0.0,0.0,0.0,0.0,0.0,0.0,0.0,0.0,0.0
8363,41,0.2,0.26666666666666666,0.2139862647345275,0.024390243902439025,0.2,0.3,0.23636363636363641,0.27191445400928344,0.07317073170731707,0.3
24531,4,0.0,0.0,0.0,0.0,0.0,0.0,0.0,0.0,0.0,0.0
18769,3,0.0,0.0,0.0,0.0,0.0,0.0,0.0,0.0,0.0,0.0
20683,6,0.2,0.3333333333333333,0.33916020527361607,0.16666666666666666,0.2,0.16666666666666666,0.2222222222222222,0.30260241349881345,0.16666666666666666,0.1
15068,14,0.4,0.4000000000000001,0.3600546145772339,0.14285714285714285,0.4,0.3,0.38181818181818183,0.31204907722178055,0.21428571428571427,0.3
27439,14,0.0,0.0,0.0,0.0,0.0,0.0,0.0,0.0,0.0,0.0
16403,2,0.5,0.0,0.0,0.5,0.2,0.5,0.0,0.0,0.5,0.1
2875,6,0.2,0.13333333333333333,0.14606834984270645,0.16666666666666666,0.2,0.16666666666666666,0.15555555555555556,0.13032376591037065,0.16666666666666666,0.1
5750,15,0.2,0.3333333333333333,0.33916020527361607,0.06666666666666667,0.2,0.1,0.18181818181818182,0.22009176629808014,0.06666666666666667,0.1
18853,3,0.3333333333333333,0.4166666666666667,0.46927872602275644,0.3333333333333333,0.2,0.3333333333333333,0.37037037037037035,0.46927872602275644,0.3333333333333333,0.1
4457,21,0.6,0.7999999999999999,0.7227265726449518,0.14285714285714285,0.6,0.4,0.5272727272727273,0.5352543167750639,0.19047619047619047,0.4
21485,2,0.0,0.0,0.0,0.0,0.0,0.5,0.0,0.0,0.5,0.1
4989,7,0.2,0.06666666666666665,0.13120507751234176,0.14285714285714285,0.2,0.2857142857142857,0.12244897959183672,0.10633668103022983,0.2857142857142857,0.2
3518,3,0.0,0.0,0.0,0.0,0.0,0.0,0.0,0.0,0.0,0.0
21675,11,0.2,0.3333333333333333,0.33916020527361607,0.09090909090909091,0.2,0.1,0.18181818181818182,0.22009176629808014,0.09090909090909091,0.1
21762,6,0.6,0.6,0.6399453854227659,0.5,0.6,0.5,0.5333333333333333,0.5709662133861837,0.5,0.3
4618,6,0.2,0.3333333333333333,0.33916020527361607,0.16666666666666666,0.2,0.3333333333333333,0.3333333333333333,0.4103915680233244,0.3333333333333333,0.2
14501,22,0.2,0.3333333333333333,0.33916020527361607,0.045454545454545456,0.2,0.1,0.18181818181818182,0.22009176629808014,0.045454545454545456,0.1
19146,10,0.4,0.39999999999999997,0.4703652827859578,0.2,0.4,0.2,0.29090909090909095,0.3052348839397011,0.2,0.2
19348,8,0.0,0.0,0.0,0.0,0.0,0.25,0.09615384615384615,0.0901000086523677,0.25,0.2
27200,13,0.6,0.6666666666666666,0.6843515475204854,0.23076923076923078,0.6,0.3,0.45454545454545453,0.44409732781325567,0.23076923076923078,0.3
14179,6,0.2,0.06666666666666665,0.13120507751234176,0.16666666666666666,0.2,0.3333333333333333,0.13333333333333333,0.11706259313796352,0.3333333333333333,0.2
29822,3,0.3333333333333333,0.4166666666666667,0.46927872602275644,0.3333333333333333,0.2,1.0,0.37037037037037035,0.46927872602275644,1.0,0.3
24167,4,0.25,0.2142857142857143,0.19519002499605081,0.25,0.2,0.25,0.23529411764705882,0.19519002499605081,0.25,0.1
30676,13,0.2,0.3333333333333333,0.33916020527361607,0.07692307692307693,0.2,0.2,0.2545454545454545,0.29345568839744024,0.15384615384615385,0.2
12291,21,0.6,0.46666666666666673,0.4912596920895757,0.14285714285714285,0.6,0.5,0.5454545454545454,0.4666234168001788,0.23809523809523808,0.5
1111,4,0.0,0.0,0.0,0.0,0.0,0.0,0.0,0.0,0.0,0.0
18369,14,0.0,0.0,0.0,0.0,0.0,0.0,0.0,0.0,0.0,0.0
5815,5,0.2,0.3333333333333333,0.33916020527361607,0.2,0.2,0.2,0.25,0.33916020527361607,0.2,0.1
27072,8,0.0,0.0,0.0,0.0,0.0,0.0,0.0,0.0,0.0,0.0
5555,43,0.6,0.7333333333333334,0.6992148198508501,0.06976744186046512,0.6,0.4,0.5636363636363636,0.5321408435198608,0.09302325581395349,0.4
5785,10,0.2,0.3333333333333333,0.33916020527361607,0.1,0.2,0.2,0.2545454545454545,0.29345568839744024,0.2,0.2
17360,9,0.0,0.0,0.0,0.0,0.0,0.0,0.0,0.0,0.0,0.0
30779,2,0.0,0.0,0.0,0.0,0.0,0.0,0.0,0.0,0.0,0.0
10010,5,0.2,0.3333333333333333,0.33916020527361607,0.2,0.2,0.2,0.25,0.33916020527361607,0.2,0.1
6345,3,0.0,0.0,0.0,0.0,0.0,0.0,0.0,0.0,0.0,0.0
21669,24,0.4,0.26666666666666666,0.3007851801491498,0.08333333333333333,0.4,0.3,0.3272727272727272,0.26855292289002114,0.125,0.3
9330,8,0.0,0.0,0.0,0.0,0.0,0.0,0.0,0.0,0.0,0.0
10466,3,0.6666666666666666,0.4166666666666667,0.46927872602275644,0.6666666666666666,0.4,0.6666666666666666,0.37037037037037035,0.46927872602275644,0.6666666666666666,0.2
21802,5,0.4,0.39999999999999997,0.4703652827859578,0.4,0.4,0.4,0.4,0.4703652827859578,0.4,0.2
17204,11,0.6,0.6,0.6399453854227659,0.2727272727272727,0.6,0.3,0.43636363636363634,0.4152807670887412,0.2727272727272727,0.3
22985,16,0.0,0.0,0.0,0.0,0.0,0.2,0.09090909090909091,0.13698471029831175,0.125,0.2
19473,24,0.0,0.0,0.0,0.0,0.0,0.0,0.0,0.0,0.0,0.0
8716,1,0.0,0.0,0.0,0.0,0.0,0.0,0.0,0.0,0.0,0.0
23187,5,0.2,0.19999999999999998,0.16958010263680803,0.2,0.2,0.2,0.2,0.16958010263680803,0.2,0.1
26420,32,0.6,0.5333333333333333,0.6164336326286642,0.09375,0.6,0.6,0.5818181818181818,0.6114735274236561,0.1875,0.6
9842,40,0.0,0.0,0.0,0.0,0.0,0.0,0.0,0.0,0.0,0.0
8391,15,0.2,0.26666666666666666,0.2139862647345275,0.06666666666666667,0.2,0.1,0.16363636363636364,0.1388624438735545,0.06666666666666667,0.1
117,2,0.0,0.0,0.0,0.0,0.0,0.0,0.0,0.0,0.0,0.0
1363,4,0.0,0.0,0.0,0.0,0.0,0.0,0.0,0.0,0.0,0.0
19443,6,0.2,0.3333333333333333,0.33916020527361607,0.16666666666666666,0.2,0.3333333333333333,0.2222222222222222,0.30260241349881345,0.3333333333333333,0.2
2669,17,0.4,0.5333333333333333,0.5087403079104241,0.11764705882352941,0.4,0.2,0.32727272727272727,0.3301376494471202,0.11764705882352941,0.2
5296,6,0.0,0.0,0.0,0.0,0.0,0.16666666666666666,0.0,0.0,0.16666666666666666,0.1
17191,11,0.4,0.4000000000000001,0.3600546145772339,0.18181818181818182,0.4,0.4,0.45454545454545453,0.38541299932114065,0.36363636363636365,0.4
12825,17,0.4,0.5333333333333333,0.5087403079104241,0.11764705882352941,0.4,0.3,0.41818181818181815,0.4085359184257955,0.17647058823529413,0.3
1927,27,0.6,0.6,0.6399453854227659,0.1111111111111111,0.6,0.4,0.509090909090909,0.4886446891881013,0.14814814814814814,0.4
8124,2,0.5,0.5555555555555556,0.6131471927654584,0.5,0.2,0.5,0.5263157894736842,0.6131471927654584,0.5,0.1
16366,7,0.4,0.39999999999999997,0.4703652827859578,0.2857142857142857,0.4,0.5714285714285714,0.42857142857142855,0.47912593929448843,0.5714285714285714,0.4
24529,2,0.0,0.0,0.0,0.0,0.0,0.0,0.0,0.0,0.0,0.0
9384,1,0.0,0.0,0.0,0.0,0.0,0.0,0.0,0.0,0.0,0.0
11215,14,0.4,0.26666666666666666,0.3007851801491498,0.14285714285714285,0.4,0.3,0.2727272727272727,0.2588097889896127,0.21428571428571427,0.3
17354,46,0.2,0.3333333333333333,0.33916020527361607,0.021739130434782608,0.2,0.4,0.29090909090909095,0.4193979998881981,0.08695652173913043,0.4
3615,16,0.2,0.3333333333333333,0.33916020527361607,0.0625,0.2,0.4,0.36363636363636365,0.4341754806679218,0.25,0.4
5749,6,0.2,0.19999999999999998,0.16958010263680803,0.16666666666666666,0.2,0.16666666666666666,0.17777777777777778,0.15130120674940672,0.16666666666666666,0.1
23129,14,0.0,0.0,0.0,0.0,0.0,0.0,0.0,0.0,0.0,0.0
30104,8,0.2,0.3333333333333333,0.33916020527361607,0.125,0.2,0.125,0.1923076923076923,0.2529427027676571,0.125,0.1
15601,2,0.5,0.5555555555555556,0.6131471927654584,0.5,0.2,0.5,0.5263157894736842,0.6131471927654584,0.5,0.1
28113,3,0.0,0.0,0.0,0.0,0.0,0.0,0.0,0.0,0.0,0.0
8894,24,0.2,0.3333333333333333,0.33916020527361607,0.041666666666666664,0.2,0.3,0.2727272727272727,0.3570764765963919,0.125,0.3
14041,16,0.4,0.4666666666666666,0.38356636737133554,0.125,0.4,0.3,0.34545454545454546,0.3151625504769836,0.1875,0.3
3030,2,0.0,0.0,0.0,0.0,0.0,0.0,0.0,0.0,0.0,0.0
18201,54,0.6,0.6666666666666666,0.6843515475204854,0.05555555555555555,0.6,0.7,0.6363636363636365,0.7167674835027338,0.12962962962962962,0.7
1889,3,0.0,0.0,0.0,0.0,0.0,0.0,0.0,0.0,0.0,0.0
10318,2,0.0,0.0,0.0,0.0,0.0,0.0,0.0,0.0,0.0,0.0
6941,4,0.0,0.0,0.0,0.0,0.0,0.0,0.0,0.0,0.0,0.0
2028,14,0.0,0.0,0.0,0.0,0.0,0.0,0.0,0.0,0.0,0.0
16466,42,0.6,0.7999999999999999,0.7227265726449518,0.07142857142857142,0.6,0.4,0.5272727272727273,0.5352543167750639,0.09523809523809523,0.4
16311,9,0.0,0.0,0.0,0.0,0.0,0.0,0.0,0.0,0.0,0.0
19946,14,0.6,0.7999999999999999,0.7227265726449518,0.21428571428571427,0.6,0.5,0.5818181818181819,0.604685538711841,0.35714285714285715,0.5
7502,8,0.4,0.4000000000000001,0.3600546145772339,0.25,0.4,0.25,0.3076923076923077,0.2685255697426522,0.25,0.2
11216,4,0.25,0.35714285714285715,0.39038004999210163,0.25,0.2,0.25,0.2941176470588235,0.39038004999210163,0.25,0.1
15258,9,0.0,0.0,0.0,0.0,0.0,0.0,0.0,0.0,0.0,0.0
15800,7,0.0,0.0,0.0,0.0,0.0,0.0,0.0,0.0,0.0,0.0
24500,29,0.2,0.06666666666666665,0.13120507751234176,0.034482758620689655,0.2,0.2,0.2,0.1635413866202963,0.06896551724137931,0.2
11211,14,0.4,0.5333333333333333,0.5087403079104241,0.14285714285714285,0.4,0.2,0.32727272727272727,0.3301376494471202,0.14285714285714285,0.2
19476,29,0.6,0.6666666666666666,0.6843515475204854,0.10344827586206896,0.6,0.4,0.509090909090909,0.5135285497500329,0.13793103448275862,0.4
8508,31,0.8,0.8666666666666666,0.8539316501572936,0.12903225806451613,0.8,0.6,0.7090909090909091,0.6937613565160449,0.1935483870967742,0.6
8923,16,0.0,0.0,0.0,0.0,0.0,0.2,0.12727272727272726,0.14465249243306436,0.125,0.2
13789,13,0.4,0.6,0.5531464700081437,0.15384615384615385,0.4,0.4,0.43636363636363634,0.4959389204699464,0.3076923076923077,0.4
18536,29,0.0,0.0,0.0,0.0,0.0,0.2,0.09090909090909091,0.13568544539116628,0.06896551724137931,0.2
20238,2,0.0,0.0,0.0,0.0,0.0,0.0,0.0,0.0,0.0,0.0
19385,21,0.2,0.26666666666666666,0.2139862647345275,0.047619047619047616,0.2,0.1,0.16363636363636364,0.1388624438735545,0.047619047619047616,0.1
13590,25,0.4,0.26666666666666666,0.3007851801491498,0.08,0.4,0.3,0.2727272727272727,0.2588097889896127,0.12,0.3
17417,4,0.25,0.14285714285714288,0.16812753627111746,0.25,0.2,0.25,0.20588235294117643,0.16812753627111746,0.25,0.1
2012,4,0.0,0.0,0.0,0.0,0.0,0.0,0.0,0.0,0.0,0.0
5780,3,0.6666666666666666,0.75,0.7653606369886217,0.6666666666666666,0.4,0.6666666666666666,0.7037037037037036,0.7653606369886217,0.6666666666666666,0.2
27358,7,0.0,0.0,0.0,0.0,0.0,0.0,0.0,0.0,0.0,0.0
19422,15,0.0,0.0,0.0,0.0,0.0,0.1,0.07272727272727274,0.07336392209936006,0.06666666666666667,0.1
26295,21,0.6,0.7999999999999999,0.7227265726449518,0.14285714285714285,0.6,0.4,0.5818181818181819,0.5473983622993501,0.19047619047619047,0.4
20775,1,0.0,0.0,0.0,0.0,0.0,0.0,0.0,0.0,0.0,0.0
27717,21,0.4,0.39999999999999997,0.4703652827859578,0.09523809523809523,0.4,0.2,0.29090909090909095,0.3052348839397011,0.09523809523809523,0.2
5697,28,0.0,0.0,0.0,0.0,0.0,0.0,0.0,0.0,0.0,0.0
190,7,0.0,0.0,0.0,0.0,0.0,0.0,0.0,0.0,0.0,0.0
14993,3,0.0,0.0,0.0,0.0,0.0,0.0,0.0,0.0,0.0,0.0
2381,6,0.6,0.7999999999999999,0.7227265726449518,0.5,0.6,0.5,0.6000000000000001,0.6448244864271548,0.5,0.3
4030,29,0.4,0.3333333333333333,0.31564845247951445,0.06896551724137931,0.4,0.2,0.2727272727272727,0.20483424751859083,0.06896551724137931,0.2
22275,2,0.5,0.5555555555555556,0.6131471927654584,0.5,0.2,0.5,0.5263157894736842,0.6131471927654584,0.5,0.1
668,30,0.8,0.8666666666666666,0.8539316501572936,0.13333333333333333,0.8,0.6,0.7272727272727273,0.6969383549984332,0.2,0.6
21556,3,0.3333333333333333,0.4166666666666667,0.46927872602275644,0.3333333333333333,0.2,0.3333333333333333,0.37037037037037035,0.46927872602275644,0.3333333333333333,0.1
22273,5,0.2,0.3333333333333333,0.33916020527361607,0.2,0.2,0.4,0.25,0.33916020527361607,0.4,0.2
23400,6,0.2,0.3333333333333333,0.33916020527361607,0.16666666666666666,0.2,0.16666666666666666,0.2222222222222222,0.30260241349881345,0.16666666666666666,0.1
14130,5,0.2,0.26666666666666666,0.2139862647345275,0.2,0.2,0.2,0.225,0.2139862647345275,0.2,0.1
28997,4,0.25,0.28571428571428575,0.2463023887407299,0.25,0.2,0.25,0.2647058823529412,0.2463023887407299,0.25,0.1
9352,10,0.2,0.13333333333333333,0.14606834984270645,0.1,0.2,0.2,0.14545454545454545,0.15840915256850246,0.2,0.2
14874,8,0.2,0.3333333333333333,0.33916020527361607,0.125,0.2,0.125,0.1923076923076923,0.2529427027676571,0.125,0.1
6614,22,0.2,0.26666666666666666,0.2139862647345275,0.045454545454545456,0.2,0.3,0.2909090909090909,0.28351493630661884,0.13636363636363635,0.3
125,10,0.4,0.5333333333333333,0.5087403079104241,0.2,0.4,0.2,0.32727272727272727,0.3301376494471202,0.2,0.2
9139,2,0.0,0.0,0.0,0.0,0.0,0.0,0.0,0.0,0.0,0.0
23861,10,0.2,0.19999999999999998,0.16958010263680803,0.1,0.2,0.1,0.14545454545454548,0.11004588314904007,0.1,0.1
12838,4,0.25,0.0,0.0,0.25,0.2,0.25,0.0,0.0,0.25,0.1
16839,11,0.2,0.3333333333333333,0.33916020527361607,0.09090909090909091,0.2,0.2,0.21818181818181817,0.28634598975246917,0.18181818181818182,0.2
29204,5,0.2,0.3333333333333333,0.33916020527361607,0.2,0.2,0.2,0.25,0.33916020527361607,0.2,0.1
4117,1,0.0,0.0,0.0,0.0,0.0,0.0,0.0,0.0,0.0,0.0
18895,33,1.0,1.0,1.0,0.15151515151515152,1.0,0.6,0.7818181818181817,0.7183627972686238,0.18181818181818182,0.6
25951,7,0.0,0.0,0.0,0.0,0.0,0.0,0.0,0.0,0.0,0.0
6673,33,0.2,0.3333333333333333,0.33916020527361607,0.030303030303030304,0.2,0.2,0.2727272727272727,0.2984900352767555,0.06060606060606061,0.2
3914,4,0.5,0.5714285714285715,0.5855700749881524,0.5,0.4,0.5,0.5294117647058824,0.5855700749881524,0.5,0.2
29606,5,0.4,0.5333333333333333,0.5087403079104241,0.4,0.4,0.6,0.45,0.5087403079104241,0.6,0.3
19050,7,0.2,0.3333333333333333,0.33916020527361607,0.14285714285714285,0.2,0.14285714285714285,0.2040816326530612,0.27487633291429087,0.14285714285714285,0.1
5021,9,0.0,0.0,0.0,0.0,0.0,0.0,0.0,0.0,0.0,0.0
24955,4,0.25,0.35714285714285715,0.39038004999210163,0.25,0.2,0.25,0.2941176470588235,0.39038004999210163,0.25,0.1
21183,2,1.0,1.0,1.0,1.0,0.4,1.0,1.0,1.0,1.0,0.2
7063,1,1.0,1.0,1.0,1.0,0.2,1.0,1.0,1.0,1.0,0.1
2655,51,0.6,0.7333333333333334,0.6992148198508501,0.058823529411764705,0.6,0.4,0.5636363636363636,0.5321408435198608,0.0784313725490196,0.4
3540,14,0.2,0.19999999999999998,0.16958010263680803,0.07142857142857142,0.2,0.1,0.14545454545454548,0.11004588314904007,0.07142857142857142,0.1
19211,33,0.8,0.7333333333333334,0.7860137352654724,0.12121212121212122,0.8,0.6,0.6545454545454545,0.6470538417566039,0.18181818181818182,0.6
19578,6,0.0,0.0,0.0,0.0,0.0,0.0,0.0,0.0,0.0,0.0
2199,12,0.2,0.3333333333333333,0.33916020527361607,0.08333333333333333,0.2,0.1,0.18181818181818182,0.22009176629808014,0.08333333333333333,0.1
17192,6,0.0,0.0,0.0,0.0,0.0,0.0,0.0,0.0,0.0,0.0
25689,5,0.0,0.0,0.0,0.0,0.0,0.0,0.0,0.0,0.0,0.0
14787,3,0.0,0.0,0.0,0.0,0.0,0.0,0.0,0.0,0.0,0.0
17519,6,0.0,0.0,0.0,0.0,0.0,0.0,0.0,0.0,0.0,0.0
28669,2,0.0,0.0,0.0,0.0,0.0,0.0,0.0,0.0,0.0,0.0
9344,2,0.0,0.0,0.0,0.0,0.0,0.0,0.0,0.0,0.0,0.0
20235,17,0.6,0.6,0.6399453854227659,0.17647058823529413,0.6,0.3,0.43636363636363634,0.4152807670887412,0.17647058823529413,0.3
7371,10,0.2,0.06666666666666665,0.13120507751234176,0.1,0.2,0.1,0.10909090909090909,0.08514311764162097,0.1,0.1
13921,4,0.0,0.0,0.0,0.0,0.0,0.0,0.0,0.0,0.0,0.0
5087,22,0.4,0.39999999999999997,0.4703652827859578,0.09090909090909091,0.4,0.3,0.30909090909090914,0.3688556721386528,0.13636363636363635,0.3
6604,14,0.0,0.0,0.0,0.0,0.0,0.1,0.018181818181818177,0.0636207881989517,0.07142857142857142,0.1
451,1,0.0,0.0,0.0,0.0,0.0,0.0,0.0,0.0,0.0,0.0
10322,29,0.4,0.6,0.5531464700081437,0.06896551724137931,0.4,0.3,0.4,0.4283854321084119,0.10344827586206896,0.3
22567,10,0.0,0.0,0.0,0.0,0.0,0.0,0.0,0.0,0.0,0.0
20390,7,0.0,0.0,0.0,0.0,0.0,0.2857142857142857,0.0,0.0,0.2857142857142857,0.2
29319,16,0.2,0.19999999999999998,0.16958010263680803,0.0625,0.2,0.2,0.2,0.17947710508581735,0.125,0.2
29196,2,0.0,0.0,0.0,0.0,0.0,0.0,0.0,0.0,0.0,0.0
29174,3,0.0,0.0,0.0,0.0,0.0,0.0,0.0,0.0,0.0,0.0
1366,46,0.2,0.3333333333333333,0.33916020527361607,0.021739130434782608,0.2,0.1,0.18181818181818182,0.22009176629808014,0.021739130434782608,0.1
21113,13,0.4,0.5333333333333333,0.5087403079104241,0.15384615384615385,0.4,0.3,0.4,0.40350157154648025,0.23076923076923078,0.3
20573,8,0.0,0.0,0.0,0.0,0.0,0.0,0.0,0.0,0.0,0.0
17979,5,0.2,0.26666666666666666,0.2139862647345275,0.2,0.2,0.2,0.225,0.2139862647345275,0.2,0.1
28866,17,0.4,0.4000000000000001,0.3600546145772339,0.11764705882352941,0.4,0.2,0.29090909090909095,0.23365080824310527,0.11764705882352941,0.2
4959,3,0.0,0.0,0.0,0.0,0.0,0.0,0.0,0.0,0.0,0.0
22070,56,0.4,0.6,0.5531464700081437,0.03571428571428571,0.4,0.5,0.5636363636363636,0.5801476231864473,0.08928571428571429,0.5
20881,12,0.2,0.19999999999999998,0.16958010263680803,0.08333333333333333,0.2,0.4,0.29090909090909095,0.31646181538412904,0.3333333333333333,0.4
17245,10,0.2,0.3333333333333333,0.33916020527361607,0.1,0.2,0.1,0.18181818181818182,0.22009176629808014,0.1,0.1
9858,3,0.0,0.0,0.0,0.0,0.0,0.0,0.0,0.0,0.0,0.0
30328,3,0.0,0.0,0.0,0.0,0.0,0.0,0.0,0.0,0.0,0.0
28383,13,0.4,0.6,0.5531464700081437,0.15384615384615385,0.4,0.2,0.34545454545454546,0.3589542101716347,0.15384615384615385,0.2
20027,24,0.2,0.26666666666666666,0.2139862647345275,0.041666666666666664,0.2,0.1,0.16363636363636364,0.1388624438735545,0.041666666666666664,0.1
7677,4,0.0,0.0,0.0,0.0,0.0,0.0,0.0,0.0,0.0,0.0
28465,6,0.2,0.3333333333333333,0.33916020527361607,0.16666666666666666,0.2,0.5,0.2222222222222222,0.30260241349881345,0.5,0.3
7589,25,0.6,0.7333333333333334,0.6992148198508501,0.12,0.6,0.4,0.5636363636363636,0.5321408435198608,0.16,0.4
30660,1,0.0,0.0,0.0,0.0,0.0,0.0,0.0,0.0,0.0,0.0
22184,1,0.0,0.0,0.0,0.0,0.0,0.0,0.0,0.0,0.0,0.0
10410,6,0.2,0.26666666666666666,0.2139862647345275,0.16666666666666666,0.2,0.3333333333333333,0.2,0.1909208661789346,0.3333333333333333,0.2
4368,15,0.2,0.26666666666666666,0.2139862647345275,0.06666666666666667,0.2,0.2,0.21818181818181823,0.20829366581033176,0.13333333333333333,0.2
6694,6,0.2,0.3333333333333333,0.33916020527361607,0.16666666666666666,0.2,0.16666666666666666,0.2222222222222222,0.30260241349881345,0.16666666666666666,0.1
7378,17,0.4,0.6,0.5531464700081437,0.11764705882352941,0.4,0.3,0.4,0.4283854321084119,0.17647058823529413,0.3
3118,2,0.0,0.0,0.0,0.0,0.0,0.5,0.0,0.0,0.5,0.1
12049,26,0.4,0.4000000000000001,0.3600546145772339,0.07692307692307693,0.4,0.2,0.29090909090909095,0.23365080824310527,0.07692307692307693,0.2
18323,8,0.0,0.0,0.0,0.0,0.0,0.125,0.07692307692307693,0.08431423425588572,0.125,0.1
14511,19,0.0,0.0,0.0,0.0,0.0,0.2,0.1272727272727273,0.1427951440361373,0.10526315789473684,0.2
17796,1,1.0,1.0,1.0,1.0,0.2,1.0,1.0,1.0,1.0,0.1
4763,4,0.0,0.0,0.0,0.0,0.0,0.0,0.0,0.0,0.0,0.0
16245,2,0.5,0.4444444444444445,0.3868528072345415,0.5,0.2,0.5,0.4736842105263158,0.3868528072345415,0.5,0.1
2611,42,0.4,0.5333333333333333,0.5087403079104241,0.047619047619047616,0.4,0.4,0.47272727272727266,0.4779671403625727,0.09523809523809523,0.4
2129,28,0.6,0.5333333333333333,0.6164336326286642,0.10714285714285714,0.6,0.6,0.5272727272727272,0.5993294818993699,0.21428571428571427,0.6
13729,3,0.6666666666666666,0.4166666666666667,0.46927872602275644,0.6666666666666666,0.4,0.6666666666666666,0.37037037037037035,0.46927872602275644,0.6666666666666666,0.2
24977,4,0.25,0.28571428571428575,0.2463023887407299,0.25,0.2,0.25,0.2647058823529412,0.2463023887407299,0.25,0.1
6592,10,0.6,0.7333333333333334,0.6992148198508501,0.3,0.6,0.3,0.47272727272727266,0.4537425745411855,0.3,0.3
19483,16,0.6,0.6666666666666666,0.6548086577531306,0.1875,0.6,0.4,0.509090909090909,0.4943572357534482,0.25,0.4
25924,3,0.0,0.0,0.0,0.0,0.0,0.0,0.0,0.0,0.0,0.0
456,45,0.6,0.6,0.6399453854227659,0.06666666666666667,0.6,0.4,0.47272727272727266,0.48153499054313026,0.08888888888888889,0.4
73,14,0.4,0.39999999999999997,0.4703652827859578,0.14285714285714285,0.4,0.3,0.36363636363636365,0.37859880603906115,0.21428571428571427,0.3
2824,1,1.0,1.0,1.0,1.0,0.2,1.0,1.0,1.0,1.0,0.1
21753,10,0.2,0.3333333333333333,0.33916020527361607,0.1,0.2,0.1,0.18181818181818182,0.22009176629808014,0.1,0.1
11055,22,0.6,0.6666666666666666,0.6843515475204854,0.13636363636363635,0.6,0.5,0.5636363636363636,0.5837154733670048,0.22727272727272727,0.5
5085,9,0.4,0.5333333333333333,0.5087403079104241,0.2222222222222222,0.4,0.3333333333333333,0.3888888888888889,0.42671693940680255,0.3333333333333333,0.3
6733,16,0.2,0.3333333333333333,0.33916020527361607,0.0625,0.2,0.1,0.18181818181818182,0.22009176629808014,0.0625,0.1
25226,6,0.0,0.0,0.0,0.0,0.0,0.0,0.0,0.0,0.0,0.0
1006,5,0.2,0.19999999999999998,0.16958010263680803,0.2,0.2,0.2,0.2,0.16958010263680803,0.2,0.1
22579,28,0.2,0.3333333333333333,0.33916020527361607,0.03571428571428571,0.2,0.1,0.18181818181818182,0.22009176629808014,0.03571428571428571,0.1
7851,18,0.4,0.26666666666666666,0.3007851801491498,0.1111111111111111,0.4,0.3,0.2727272727272727,0.2588097889896127,0.16666666666666666,0.3
15388,8,0.2,0.26666666666666666,0.2139862647345275,0.125,0.2,0.25,0.23076923076923078,0.23938361568734448,0.25,0.2
26906,8,0.6,0.6666666666666666,0.6548086577531306,0.375,0.6,0.375,0.4807692307692307,0.4883505467692416,0.375,0.3
3000,61,0.4,0.5333333333333333,0.5087403079104241,0.03278688524590164,0.4,0.2,0.32727272727272727,0.3301376494471202,0.03278688524590164,0.2
11667,16,0.6,0.7333333333333334,0.6992148198508501,0.1875,0.6,0.4,0.509090909090909,0.5199967979955745,0.25,0.4
17828,11,0.0,0.0,0.0,0.0,0.0,0.0,0.0,0.0,0.0,0.0
26470,8,0.0,0.0,0.0,0.0,0.0,0.0,0.0,0.0,0.0,0.0
6705,5,0.0,0.0,0.0,0.0,0.0,0.0,0.0,0.0,0.0,0.0
14613,2,0.0,0.0,0.0,0.0,0.0,0.5,0.0,0.0,0.5,0.1
6649,12,0.2,0.19999999999999998,0.16958010263680803,0.08333333333333333,0.2,0.1,0.14545454545454548,0.11004588314904007,0.08333333333333333,0.1
11249,41,0.6,0.7333333333333334,0.6992148198508501,0.07317073170731707,0.6,0.5,0.6,0.5965377185773227,0.12195121951219512,0.5
14148,22,0.0,0.0,0.0,0.0,0.0,0.1,0.05454545454545456,0.06943122193677725,0.045454545454545456,0.1
22928,2,0.0,0.0,0.0,0.0,0.0,0.0,0.0,0.0,0.0,0.0
6453,20,0.2,0.3333333333333333,0.33916020527361607,0.05,0.2,0.3,0.2909090909090909,0.35970991185182927,0.15,0.3
11470,26,0.4,0.3333333333333333,0.34519134224686926,0.07692307692307693,0.4,0.2,0.2727272727272727,0.22400556151517548,0.07692307692307693,0.2
8875,14,0.4,0.4666666666666666,0.38356636737133554,0.14285714285714285,0.4,0.2,0.30909090909090914,0.24890832702259458,0.14285714285714285,0.2
28160,2,0.0,0.0,0.0,0.0,0.0,0.0,0.0,0.0,0.0,0.0
19782,1,1.0,1.0,1.0,1.0,0.2,1.0,1.0,1.0,1.0,0.1
5219,33,0.6,0.7333333333333334,0.6992148198508501,0.09090909090909091,0.6,0.3,0.47272727272727266,0.4537425745411855,0.09090909090909091,0.3
30890,8,0.4,0.6,0.5531464700081437,0.25,0.4,0.25,0.36538461538461536,0.4125317798925535,0.25,0.2
19055,51,0.8,0.8666666666666666,0.8539316501572936,0.0784313725490196,0.8,0.5,0.6363636363636364,0.6203974344166848,0.09803921568627451,0.5
31050,12,0.6,0.7333333333333334,0.6992148198508501,0.25,0.6,0.3,0.47272727272727266,0.4537425745411855,0.25,0.3
23521,2,0.0,0.0,0.0,0.0,0.0,0.0,0.0,0.0,0.0,0.0
27511,6,0.4,0.4666666666666666,0.48522855511632257,0.3333333333333333,0.4,0.3333333333333333,0.37777777777777777,0.4329261794091841,0.3333333333333333,0.2
15806,18,0.2,0.26666666666666666,0.2139862647345275,0.05555555555555555,0.2,0.3,0.29090909090909095,0.28165758790969175,0.16666666666666666,0.3
14080,36,0.4,0.4666666666666666,0.48522855511632257,0.05555555555555555,0.4,0.2,0.3090909090909091,0.31488013066763093,0.05555555555555555,0.2
20513,9,0.4,0.4666666666666666,0.48522855511632257,0.2222222222222222,0.4,0.3333333333333333,0.3518518518518518,0.4070299183478662,0.3333333333333333,0.3
15106,11,0.0,0.0,0.0,0.0,0.0,0.0,0.0,0.0,0.0,0.0
16402,6,0.0,0.0,0.0,0.0,0.0,0.0,0.0,0.0,0.0,0.0
23225,5,0.0,0.0,0.0,0.0,0.0,0.2,0.0,0.0,0.2,0.1
1577,4,0.0,0.0,0.0,0.0,0.0,0.25,0.0,0.0,0.25,0.1
11750,16,0.6,0.6666666666666666,0.6843515475204854,0.1875,0.6,0.3,0.45454545454545453,0.44409732781325567,0.1875,0.3
13065,6,0.2,0.3333333333333333,0.33916020527361607,0.16666666666666666,0.2,0.16666666666666666,0.2222222222222222,0.30260241349881345,0.16666666666666666,0.1
25420,13,0.4,0.4666666666666666,0.48522855511632257,0.15384615384615385,0.4,0.3,0.38181818181818183,0.38824405276699103,0.23076923076923078,0.3
16534,14,0.2,0.3333333333333333,0.33916020527361607,0.07142857142857142,0.2,0.1,0.18181818181818182,0.22009176629808014,0.07142857142857142,0.1
4146,44,0.0,0.0,0.0,0.0,0.0,0.1,0.09090909090909091,0.07839826897867533,0.022727272727272728,0.1
9572,13,0.0,0.0,0.0,0.0,0.0,0.0,0.0,0.0,0.0,0.0
29008,4,0.25,0.28571428571428575,0.2463023887407299,0.25,0.2,0.25,0.2647058823529412,0.2463023887407299,0.25,0.1
15842,7,0.4,0.5333333333333333,0.5087403079104241,0.2857142857142857,0.4,0.5714285714285714,0.4693877551020407,0.510227424721404,0.5714285714285714,0.4
19857,3,0.3333333333333333,0.4166666666666667,0.46927872602275644,0.3333333333333333,0.2,0.3333333333333333,0.37037037037037035,0.46927872602275644,0.3333333333333333,0.1
22986,15,0.0,0.0,0.0,0.0,0.0,0.2,0.09090909090909091,0.13568544539116628,0.13333333333333333,0.2
27388,2,0.0,0.0,0.0,0.0,0.0,0.0,0.0,0.0,0.0,0.0
946,6,0.0,0.0,0.0,0.0,0.0,0.0,0.0,0.0,0.0,0.0
11125,29,0.4,0.4666666666666666,0.48522855511632257,0.06896551724137931,0.4,0.3,0.36363636363636365,0.3843113526044082,0.10344827586206896,0.3
4663,2,0.5,0.4444444444444445,0.3868528072345415,0.5,0.2,0.5,0.4736842105263158,0.3868528072345415,0.5,0.1
20976,64,0.6,0.6,0.6399453854227659,0.046875,0.6,0.4,0.49090909090909096,0.48471198902551843,0.0625,0.4
17009,31,0.6,0.6666666666666666,0.6548086577531306,0.0967741935483871,0.6,0.3,0.45454545454545453,0.424926013816671,0.0967741935483871,0.3
22229,4,0.25,0.35714285714285715,0.39038004999210163,0.25,0.2,0.25,0.2941176470588235,0.39038004999210163,0.25,0.1
6387,1,1.0,0.0,0.0,1.0,0.2,1.0,0.0,0.0,1.0,0.1
8515,12,0.4,0.26666666666666666,0.3007851801491498,0.16666666666666666,0.4,0.2,0.2545454545454545,0.19518900079066104,0.16666666666666666,0.2
27193,1,0.0,0.0,0.0,0.0,0.0,0.0,0.0,0.0,0.0,0.0
20043,2,0.0,0.0,0.0,0.0,0.0,0.5,0.0,0.0,0.5,0.1
2634,18,0.2,0.3333333333333333,0.33916020527361607,0.05555555555555555,0.2,0.1,0.18181818181818182,0.22009176629808014,0.05555555555555555,0.1
20649,1,1.0,0.0,0.0,1.0,0.2,1.0,0.0,0.0,1.0,0.1
9214,30,0.2,0.19999999999999998,0.16958010263680803,0.03333333333333333,0.2,0.1,0.14545454545454548,0.11004588314904007,0.03333333333333333,0.1
13170,22,0.4,0.6,0.5531464700081437,0.09090909090909091,0.4,0.4,0.47272727272727266,0.5036067026046991,0.18181818181818182,0.4
1463,32,0.6,0.7999999999999999,0.7227265726449518,0.09375,0.6,0.5,0.6181818181818183,0.6117952373568121,0.15625,0.5
17233,12,0.2,0.06666666666666665,0.13120507751234176,0.08333333333333333,0.2,0.1,0.10909090909090909,0.08514311764162097,0.08333333333333333,0.1
25808,4,0.0,0.0,0.0,0.0,0.0,0.0,0.0,0.0,0.0,0.0
26130,6,0.4,0.6,0.5531464700081437,0.3333333333333333,0.4,0.5,0.4222222222222222,0.4935232796777481,0.5,0.3
11980,6,0.2,0.06666666666666665,0.13120507751234176,0.16666666666666666,0.2,0.16666666666666666,0.13333333333333333,0.11706259313796352,0.16666666666666666,0.1
29353,4,0.25,0.2142857142857143,0.19519002499605081,0.25,0.2,0.5,0.23529411764705882,0.19519002499605081,0.5,0.2
15789,6,0.0,0.0,0.0,0.0,0.0,0.0,0.0,0.0,0.0,0.0
18462,24,0.2,0.19999999999999998,0.16958010263680803,0.041666666666666664,0.2,0.3,0.27272727272727276,0.25284102718517737,0.125,0.3
8782,38,0.2,0.19999999999999998,0.16958010263680803,0.02631578947368421,0.2,0.1,0.14545454545454548,0.11004588314904007,0.02631578947368421,0.1
2823,4,0.5,0.35714285714285715,0.39038004999210163,0.5,0.4,0.5,0.2941176470588235,0.39038004999210163,0.5,0.2
788,2,0.0,0.0,0.0,0.0,0.0,0.0,0.0,0.0,0.0,0.0
12030,4,0.0,0.0,0.0,0.0,0.0,0.0,0.0,0.0,0.0,0.0
26052,6,0.2,0.26666666666666666,0.2139862647345275,0.16666666666666666,0.2,0.16666666666666666,0.2,0.1909208661789346,0.16666666666666666,0.1
19983,2,0.0,0.0,0.0,0.0,0.0,0.0,0.0,0.0,0.0,0.0
20015,3,0.3333333333333333,0.33333333333333337,0.29608191096586517,0.3333333333333333,0.2,0.3333333333333333,0.3333333333333333,0.29608191096586517,0.3333333333333333,0.1
25649,6,0.4,0.6,0.5531464700081437,0.3333333333333333,0.4,0.3333333333333333,0.4222222222222222,0.4935232796777481,0.3333333333333333,0.2
12690,6,0.0,0.0,0.0,0.0,0.0,0.16666666666666666,0.0,0.0,0.16666666666666666,0.1
9444,37,0.6,0.7333333333333334,0.6992148198508501,0.08108108108108109,0.6,0.3,0.47272727272727266,0.4537425745411855,0.08108108108108109,0.3
16098,2,0.5,0.5555555555555556,0.6131471927654584,0.5,0.2,0.5,0.5263157894736842,0.6131471927654584,0.5,0.1
21150,40,0.4,0.6,0.5531464700081437,0.05,0.4,0.2,0.34545454545454546,0.3589542101716347,0.05,0.2
24198,1,0.0,0.0,0.0,0.0,0.0,0.0,0.0,0.0,0.0,0.0
31042,1,1.0,1.0,1.0,1.0,0.2,1.0,1.0,1.0,1.0,0.1
12330,4,0.0,0.0,0.0,0.0,0.0,0.0,0.0,0.0,0.0,0.0
10447,10,0.2,0.3333333333333333,0.33916020527361607,0.1,0.2,0.2,0.2727272727272727,0.2984900352767555,0.2,0.2
14136,25,0.4,0.4666666666666666,0.38356636737133554,0.08,0.4,0.3,0.4,0.3273065960012699,0.12,0.3
9391,26,0.4,0.5333333333333333,0.5087403079104241,0.07692307692307693,0.4,0.4,0.43636363636363645,0.46975579500086934,0.15384615384615385,0.4
10049,40,0.4,0.6,0.5531464700081437,0.05,0.4,0.2,0.34545454545454546,0.3589542101716347,0.05,0.2
19751,9,0.0,0.0,0.0,0.0,0.0,0.0,0.0,0.0,0.0,0.0
9672,14,0.0,0.0,0.0,0.0,0.0,0.0,0.0,0.0,0.0,0.0
27264,11,0.4,0.5333333333333333,0.5087403079104241,0.18181818181818182,0.4,0.4,0.43636363636363645,0.46975579500086934,0.36363636363636365,0.4
26258,45,0.2,0.06666666666666665,0.13120507751234176,0.022222222222222223,0.2,0.1,0.10909090909090909,0.08514311764162097,0.022222222222222223,0.1
10917,17,0.6,0.6666666666666666,0.6548086577531306,0.17647058823529413,0.6,0.5,0.5636363636363636,0.5669450709942979,0.29411764705882354,0.5
944,23,0.4,0.4666666666666666,0.48522855511632257,0.08695652173913043,0.4,0.3,0.34545454545454546,0.38113435412202,0.13043478260869565,0.3
10932,5,0.0,0.0,0.0,0.0,0.0,0.0,0.0,0.0,0.0,0.0
22875,8,0.2,0.3333333333333333,0.33916020527361607,0.125,0.2,0.375,0.3269230769230769,0.41705147558599104,0.375,0.3
7548,70,0.6,0.7999999999999999,0.7227265726449518,0.04285714285714286,0.6,0.6,0.7090909090909091,0.6901935063354874,0.08571428571428572,0.6
17137,1,0.0,0.0,0.0,0.0,0.0,0.0,0.0,0.0,0.0,0.0
6134,7,0.2,0.3333333333333333,0.33916020527361607,0.14285714285714285,0.2,0.14285714285714285,0.2040816326530612,0.27487633291429087,0.14285714285714285,0.1
27005,1,0.0,0.0,0.0,0.0,0.0,0.0,0.0,0.0,0.0,0.0
23039,24,0.2,0.3333333333333333,0.33916020527361607,0.041666666666666664,0.2,0.1,0.18181818181818182,0.22009176629808014,0.041666666666666664,0.1
30021,4,0.5,0.6428571428571429,0.6366824387328316,0.5,0.4,0.5,0.5588235294117646,0.6366824387328316,0.5,0.2
29483,20,0.0,0.0,0.0,0.0,0.0,0.0,0.0,0.0,0.0,0.0
2301,8,0.2,0.19999999999999998,0.16958010263680803,0.125,0.2,0.125,0.15384615384615385,0.12647135138382856,0.125,0.1
19021,5,0.2,0.13333333333333333,0.14606834984270645,0.2,0.2,0.2,0.175,0.14606834984270645,0.2,0.1
25291,8,0.0,0.0,0.0,0.0,0.0,0.0,0.0,0.0,0.0,0.0
24408,7,0.4,0.26666666666666666,0.3007851801491498,0.2857142857142857,0.4,0.2857142857142857,0.2857142857142857,0.24377484748737527,0.2857142857142857,0.2
28839,30,0.2,0.3333333333333333,0.33916020527361607,0.03333333333333333,0.2,0.2,0.23636363636363636,0.2895229882348574,0.06666666666666667,0.2
2419,3,0.3333333333333333,0.25,0.23463936301137822,0.3333333333333333,0.2,0.3333333333333333,0.2962962962962963,0.23463936301137822,0.3333333333333333,0.1
28026,4,0.25,0.35714285714285715,0.39038004999210163,0.25,0.2,0.25,0.2941176470588235,0.39038004999210163,0.25,0.1
21324,11,0.4,0.6,0.5531464700081437,0.18181818181818182,0.4,0.2,0.34545454545454546,0.3589542101716347,0.18181818181818182,0.2
7182,38,0.0,0.0,0.0,0.0,0.0,0.2,0.16363636363636364,0.1517621910780354,0.05263157894736842,0.2
24496,8,0.4,0.6,0.5531464700081437,0.25,0.4,0.25,0.36538461538461536,0.4125317798925535,0.25,0.2
16889,8,0.4,0.5333333333333333,0.5087403079104241,0.25,0.4,0.375,0.40384615384615385,0.4592085927139338,0.375,0.3
21509,7,0.0,0.0,0.0,0.0,0.0,0.0,0.0,0.0,0.0,0.0
14807,13,0.4,0.3333333333333333,0.34519134224686926,0.15384615384615385,0.4,0.2,0.2727272727272727,0.22400556151517548,0.15384615384615385,0.2
11610,9,0.2,0.06666666666666665,0.13120507751234176,0.1111111111111111,0.2,0.1111111111111111,0.1111111111111111,0.09092803061897882,0.1111111111111111,0.1
5863,16,0.0,0.0,0.0,0.0,0.0,0.1,0.09090909090909091,0.07839826897867533,0.0625,0.1
22954,3,0.0,0.0,0.0,0.0,0.0,0.0,0.0,0.0,0.0,0.0
12873,10,0.0,0.0,0.0,0.0,0.0,0.0,0.0,0.0,0.0,0.0
12158,3,0.3333333333333333,0.4166666666666667,0.46927872602275644,0.3333333333333333,0.2,0.3333333333333333,0.37037037037037035,0.46927872602275644,0.3333333333333333,0.1
29742,7,0.4,0.4000000000000001,0.3600546145772339,0.2857142857142857,0.4,0.2857142857142857,0.32653061224489793,0.29181044994360233,0.2857142857142857,0.2
16381,3,0.3333333333333333,0.4166666666666667,0.46927872602275644,0.3333333333333333,0.2,0.3333333333333333,0.37037037037037035,0.46927872602275644,0.3333333333333333,0.1
25150,4,0.75,0.6428571428571429,0.6366824387328316,0.75,0.6,1.0,0.5588235294117646,0.6366824387328316,1.0,0.4
28283,4,0.25,0.0,0.0,0.25,0.2,0.5,0.0,0.0,0.5,0.2
22364,4,0.25,0.0,0.0,0.25,0.2,0.25,0.0,0.0,0.25,0.1
26549,4,0.25,0.28571428571428575,0.2463023887407299,0.25,0.2,0.25,0.2647058823529412,0.2463023887407299,0.25,0.1
4196,4,0.5,0.5714285714285715,0.5855700749881524,0.5,0.4,0.5,0.5294117647058824,0.5855700749881524,0.5,0.2
21156,3,0.3333333333333333,0.4166666666666667,0.46927872602275644,0.3333333333333333,0.2,0.6666666666666666,0.37037037037037035,0.46927872602275644,0.6666666666666666,0.2
23418,3,0.6666666666666666,0.5833333333333334,0.5307212739772434,0.6666666666666666,0.4,0.6666666666666666,0.6296296296296297,0.5307212739772434,0.6666666666666666,0.2
17319,1,0.0,0.0,0.0,0.0,0.0,0.0,0.0,0.0,0.0,0.0
10457,1,0.0,0.0,0.0,0.0,0.0,0.0,0.0,0.0,0.0,0.0
5062,43,0.4,0.4666666666666666,0.48522855511632257,0.046511627906976744,0.4,0.4,0.43636363636363645,0.45953262310069537,0.09302325581395349,0.4
16133,4,0.25,0.14285714285714288,0.16812753627111746,0.25,0.2,0.5,0.20588235294117643,0.16812753627111746,0.5,0.2
28702,4,0.25,0.28571428571428575,0.2463023887407299,0.25,0.2,0.25,0.2647058823529412,0.2463023887407299,0.25,0.1
968,1,1.0,0.0,0.0,1.0,0.2,1.0,0.0,0.0,1.0,0.1
20853,2,0.0,0.0,0.0,0.0,0.0,0.0,0.0,0.0,0.0,0.0
9753,13,0.0,0.0,0.0,0.0,0.0,0.0,0.0,0.0,0.0,0.0
18589,4,0.0,0.0,0.0,0.0,0.0,0.0,0.0,0.0,0.0,0.0
13237,3,0.0,0.0,0.0,0.0,0.0,0.0,0.0,0.0,0.0,0.0
4937,44,0.4,0.6,0.5531464700081437,0.045454545454545456,0.4,0.5,0.5272727272727272,0.5743371894486218,0.11363636363636363,0.5
9644,1,1.0,0.0,0.0,1.0,0.2,1.0,0.0,0.0,1.0,0.1
11675,15,0.4,0.6,0.5531464700081437,0.13333333333333333,0.4,0.2,0.34545454545454546,0.3589542101716347,0.13333333333333333,0.2
14018,4,0.0,0.0,0.0,0.0,0.0,0.0,0.0,0.0,0.0,0.0
28246,4,0.0,0.0,0.0,0.0,0.0,0.0,0.0,0.0,0.0,0.0
27341,15,0.4,0.39999999999999997,0.4703652827859578,0.13333333333333333,0.4,0.2,0.29090909090909095,0.3052348839397011,0.13333333333333333,0.2
4060,16,0.2,0.3333333333333333,0.33916020527361607,0.0625,0.2,0.2,0.21818181818181817,0.28634598975246917,0.125,0.2
9505,9,0.0,0.0,0.0,0.0,0.0,0.0,0.0,0.0,0.0,0.0
26332,5,0.4,0.4666666666666666,0.38356636737133554,0.4,0.4,0.4,0.42500000000000004,0.38356636737133554,0.4,0.2
21754,48,0.6,0.7333333333333334,0.6992148198508501,0.0625,0.6,0.8,0.7454545454545454,0.8048109992093389,0.16666666666666666,0.8
24110,6,0.4,0.5333333333333333,0.5087403079104241,0.3333333333333333,0.4,0.5,0.4,0.4539036202482201,0.5,0.3
27492,2,0.0,0.0,0.0,0.0,0.0,0.0,0.0,0.0,0.0,0.0
29016,7,0.2,0.3333333333333333,0.33916020527361607,0.14285714285714285,0.2,0.14285714285714285,0.2040816326530612,0.27487633291429087,0.14285714285714285,0.1
21554,16,0.6,0.7999999999999999,0.7227265726449518,0.1875,0.6,0.3,0.49090909090909096,0.46900009332067477,0.1875,0.3
30935,5,0.0,0.0,0.0,0.0,0.0,0.0,0.0,0.0,0.0,0.0
6437,35,0.6,0.7333333333333334,0.6992148198508501,0.08571428571428572,0.6,0.4,0.5636363636363636,0.5321408435198608,0.11428571428571428,0.4
2049,8,0.4,0.3333333333333333,0.31564845247951445,0.25,0.4,0.375,0.3846153846153846,0.32550785265395216,0.375,0.3
24390,4,0.5,0.35714285714285715,0.36331756126716824,0.5,0.4,0.75,0.4411764705882352,0.36331756126716824,0.75,0.3
10977,2,0.5,0.0,0.0,0.5,0.2,0.5,0.0,0.0,0.5,0.1
26832,3,0.3333333333333333,0.0,0.0,0.3333333333333333,0.2,0.3333333333333333,0.0,0.0,0.3333333333333333,0.1
28127,5,0.0,0.0,0.0,0.0,0.0,0.0,0.0,0.0,0.0,0.0
13919,12,0.2,0.26666666666666666,0.2139862647345275,0.08333333333333333,0.2,0.1,0.16363636363636364,0.1388624438735545,0.08333333333333333,0.1
17656,15,0.6,0.5333333333333333,0.5147714448836773,0.2,0.6,0.3,0.4181818181818182,0.3340514446642156,0.2,0.3
3140,3,0.0,0.0,0.0,0.0,0.0,0.0,0.0,0.0,0.0,0.0
4836,44,0.2,0.3333333333333333,0.33916020527361607,0.022727272727272728,0.2,0.1,0.18181818181818182,0.22009176629808014,0.022727272727272728,0.1
2086,5,0.0,0.0,0.0,0.0,0.0,0.0,0.0,0.0,0.0,0.0
28935,1,0.0,0.0,0.0,0.0,0.0,1.0,0.0,0.0,1.0,0.1
19335,4,0.75,0.5714285714285715,0.5855700749881524,0.75,0.6,0.75,0.5294117647058824,0.5855700749881524,0.75,0.3
7000,24,0.2,0.13333333333333333,0.14606834984270645,0.041666666666666664,0.2,0.3,0.23636363636363636,0.23440650992329984,0.125,0.3
21672,8,0.2,0.13333333333333333,0.14606834984270645,0.125,0.2,0.125,0.1346153846153846,0.1089364926177559,0.125,0.1
22126,3,0.0,0.0,0.0,0.0,0.0,0.0,0.0,0.0,0.0,0.0
2362,12,0.0,0.0,0.0,0.0,0.0,0.0,0.0,0.0,0.0,0.0
26897,5,0.2,0.06666666666666665,0.13120507751234176,0.2,0.2,0.2,0.15,0.13120507751234176,0.2,0.1
13797,6,0.2,0.26666666666666666,0.2139862647345275,0.16666666666666666,0.2,0.16666666666666666,0.2,0.1909208661789346,0.16666666666666666,0.1
23162,1,0.0,0.0,0.0,0.0,0.0,0.0,0.0,0.0,0.0,0.0
12594,1,1.0,0.0,0.0,1.0,0.2,1.0,0.0,0.0,1.0,0.1
12807,3,0.6666666666666666,0.4166666666666667,0.46927872602275644,0.6666666666666666,0.4,1.0,0.37037037037037035,0.46927872602275644,1.0,0.3
6595,5,0.2,0.3333333333333333,0.33916020527361607,0.2,0.2,0.2,0.25,0.33916020527361607,0.2,0.1
17953,15,0.4,0.19999999999999998,0.2772734273550482,0.13333333333333333,0.4,0.2,0.23636363636363633,0.17993148201117173,0.13333333333333333,0.2
27532,11,0.4,0.6,0.5531464700081437,0.18181818181818182,0.4,0.2,0.34545454545454546,0.3589542101716347,0.18181818181818182,0.2
27304,7,0.4,0.6,0.5531464700081437,0.2857142857142857,0.4,0.2857142857142857,0.38775510204081626,0.4483039899025303,0.2857142857142857,0.2
28325,36,0.4,0.5333333333333333,0.5087403079104241,0.05555555555555555,0.4,0.2,0.32727272727272727,0.3301376494471202,0.05555555555555555,0.2
13016,34,0.6,0.6666666666666666,0.6843515475204854,0.08823529411764706,0.6,0.6,0.6727272727272727,0.6652907408280683,0.17647058823529413,0.6
21501,15,0.4,0.6,0.5531464700081437,0.13333333333333333,0.4,0.2,0.34545454545454546,0.3589542101716347,0.13333333333333333,0.2
12486,27,0.2,0.3333333333333333,0.33916020527361607,0.037037037037037035,0.2,0.2,0.2545454545454545,0.29345568839744024,0.07407407407407407,0.2
7717,7,0.0,0.0,0.0,0.0,0.0,0.0,0.0,0.0,0.0,0.0
24233,6,0.0,0.0,0.0,0.0,0.0,0.0,0.0,0.0,0.0,0.0
2912,24,0.4,0.4666666666666666,0.38356636737133554,0.08333333333333333,0.4,0.3,0.4,0.3273065960012699,0.125,0.3
18395,27,0.2,0.19999999999999998,0.16958010263680803,0.037037037037037035,0.2,0.2,0.23636363636363636,0.1884441521277154,0.07407407407407407,0.2
22736,19,0.4,0.4000000000000001,0.3600546145772339,0.10526315789473684,0.4,0.3,0.38181818181818183,0.31204907722178055,0.15789473684210525,0.3
10550,3,0.0,0.0,0.0,0.0,0.0,0.0,0.0,0.0,0.0,0.0
8955,11,0.0,0.0,0.0,0.0,0.0,0.0,0.0,0.0,0.0,0.0
27790,1,0.0,0.0,0.0,0.0,0.0,0.0,0.0,0.0,0.0,0.0
14204,15,0.2,0.3333333333333333,0.33916020527361607,0.06666666666666667,0.2,0.1,0.18181818181818182,0.22009176629808014,0.06666666666666667,0.1
6285,1,0.0,0.0,0.0,0.0,0.0,0.0,0.0,0.0,0.0,0.0
16555,12,0.2,0.3333333333333333,0.33916020527361607,0.08333333333333333,0.2,0.2,0.2727272727272727,0.2984900352767555,0.16666666666666666,0.2
23722,3,0.0,0.0,0.0,0.0,0.0,0.0,0.0,0.0,0.0,0.0
21810,3,0.0,0.0,0.0,0.0,0.0,0.0,0.0,0.0,0.0,0.0
19143,9,0.0,0.0,0.0,0.0,0.0,0.0,0.0,0.0,0.0,0.0
11054,18,0.2,0.19999999999999998,0.16958010263680803,0.05555555555555555,0.2,0.1,0.14545454545454548,0.11004588314904007,0.05555555555555555,0.1
14579,3,0.3333333333333333,0.4166666666666667,0.46927872602275644,0.3333333333333333,0.2,0.3333333333333333,0.37037037037037035,0.46927872602275644,0.3333333333333333,0.1
28962,3,0.0,0.0,0.0,0.0,0.0,0.0,0.0,0.0,0.0,0.0
5164,9,0.2,0.26666666666666666,0.2139862647345275,0.1111111111111111,0.2,0.1111111111111111,0.16666666666666666,0.14829723057014907,0.1111111111111111,0.1
9769,1,0.0,0.0,0.0,0.0,0.0,0.0,0.0,0.0,0.0,0.0
20895,24,0.4,0.4666666666666666,0.48522855511632257,0.08333333333333333,0.4,0.2,0.3090909090909091,0.31488013066763093,0.08333333333333333,0.2
5657,20,0.6,0.6666666666666666,0.6548086577531306,0.15,0.6,0.3,0.45454545454545453,0.424926013816671,0.15,0.3
25471,2,0.0,0.0,0.0,0.0,0.0,0.5,0.0,0.0,0.5,0.1
15003,17,0.4,0.19999999999999998,0.2772734273550482,0.11764705882352941,0.4,0.3,0.3272727272727272,0.25832975098984706,0.17647058823529413,0.3
26145,34,0.4,0.26666666666666666,0.3007851801491498,0.058823529411764705,0.4,0.3,0.3272727272727272,0.26855292289002114,0.08823529411764706,0.3
15626,12,0.4,0.5333333333333333,0.5087403079104241,0.16666666666666666,0.4,0.2,0.32727272727272727,0.3301376494471202,0.16666666666666666,0.2
15043,22,0.8,0.9333333333333332,0.8687949224876582,0.18181818181818182,0.8,0.5,0.6909090909090909,0.6371523797895856,0.22727272727272727,0.5
8194,18,0.4,0.4666666666666666,0.38356636737133554,0.1111111111111111,0.4,0.2,0.30909090909090914,0.24890832702259458,0.1111111111111111,0.2
9385,20,0.4,0.4000000000000001,0.3600546145772339,0.1,0.4,0.2,0.29090909090909095,0.23365080824310527,0.1,0.2
26281,15,0.6,0.7333333333333334,0.6992148198508501,0.2,0.6,0.3,0.47272727272727266,0.4537425745411855,0.2,0.3
10609,3,0.0,0.0,0.0,0.0,0.0,0.0,0.0,0.0,0.0,0.0
18105,11,0.0,0.0,0.0,0.0,0.0,0.0,0.0,0.0,0.0,0.0
23799,5,0.2,0.3333333333333333,0.33916020527361607,0.2,0.2,0.2,0.25,0.33916020527361607,0.2,0.1
16261,42,0.6,0.6666666666666666,0.6548086577531306,0.07142857142857142,0.6,0.4,0.509090909090909,0.4943572357534482,0.09523809523809523,0.4
14265,14,0.6,0.7999999999999999,0.7227265726449518,0.21428571428571427,0.6,0.3,0.49090909090909096,0.46900009332067477,0.21428571428571427,0.3
15881,6,0.4,0.3333333333333333,0.34519134224686926,0.3333333333333333,0.4,0.3333333333333333,0.3333333333333333,0.30798345931689813,0.3333333333333333,0.2
27277,23,0.2,0.3333333333333333,0.33916020527361607,0.043478260869565216,0.2,0.1,0.18181818181818182,0.22009176629808014,0.043478260869565216,0.1
18256,35,0.4,0.6,0.5531464700081437,0.05714285714285714,0.4,0.3,0.41818181818181815,0.43231813227099475,0.08571428571428572,0.3
29268,3,0.0,0.0,0.0,0.0,0.0,0.0,0.0,0.0,0.0,0.0
24965,24,0.6,0.5333333333333333,0.5147714448836773,0.125,0.6,0.3,0.4181818181818182,0.3340514446642156,0.125,0.3
21595,21,0.4,0.5333333333333333,0.5087403079104241,0.09523809523809523,0.4,0.6,0.5636363636363636,0.6149518506608845,0.2857142857142857,0.6
24704,1,1.0,1.0,1.0,1.0,0.2,1.0,1.0,1.0,1.0,0.1
12019,24,0.6,0.7333333333333334,0.6992148198508501,0.125,0.6,0.3,0.47272727272727266,0.4537425745411855,0.125,0.3
18931,19,0.2,0.26666666666666666,0.2139862647345275,0.05263157894736842,0.2,0.2,0.21818181818181823,0.20829366581033176,0.10526315789473684,0.2
17152,1,0.0,0.0,0.0,0.0,0.0,0.0,0.0,0.0,0.0,0.0
22362,6,0.2,0.3333333333333333,0.33916020527361607,0.16666666666666666,0.2,0.3333333333333333,0.2222222222222222,0.30260241349881345,0.3333333333333333,0.2
4945,9,0.2,0.26666666666666666,0.2139862647345275,0.1111111111111111,0.2,0.1111111111111111,0.16666666666666666,0.14829723057014907,0.1111111111111111,0.1
25240,1,1.0,0.0,0.0,1.0,0.2,1.0,0.0,0.0,1.0,0.1
21668,23,0.2,0.19999999999999998,0.16958010263680803,0.043478260869565216,0.2,0.1,0.14545454545454548,0.11004588314904007,0.043478260869565216,0.1
15034,2,0.5,0.5555555555555556,0.6131471927654584,0.5,0.2,0.5,0.5263157894736842,0.6131471927654584,0.5,0.1
16289,1,1.0,1.0,1.0,1.0,0.2,1.0,1.0,1.0,1.0,0.1
18499,2,0.0,0.0,0.0,0.0,0.0,0.0,0.0,0.0,0.0,0.0
14311,10,0.0,0.0,0.0,0.0,0.0,0.0,0.0,0.0,0.0,0.0
9592,34,0.2,0.26666666666666666,0.2139862647345275,0.029411764705882353,0.2,0.2,0.18181818181818182,0.2024832320725062,0.058823529411764705,0.2
30320,13,0.2,0.26666666666666666,0.2139862647345275,0.07692307692307693,0.2,0.1,0.16363636363636364,0.1388624438735545,0.07692307692307693,0.1
1849,20,0.6,0.5333333333333333,0.5147714448836773,0.15,0.6,0.3,0.4181818181818182,0.3340514446642156,0.15,0.3
7196,9,0.0,0.0,0.0,0.0,0.0,0.0,0.0,0.0,0.0,0.0
6100,23,0.4,0.5333333333333333,0.5087403079104241,0.08695652173913043,0.4,0.3,0.36363636363636365,0.39639187290150923,0.13043478260869565,0.3
22472,24,0.0,0.0,0.0,0.0,0.0,0.2,0.1272727272727273,0.1427951440361373,0.08333333333333333,0.2
19419,2,0.0,0.0,0.0,0.0,0.0,0.0,0.0,0.0,0.0,0.0
25089,5,0.0,0.0,0.0,0.0,0.0,0.0,0.0,0.0,0.0,0.0
28639,4,0.25,0.2142857142857143,0.19519002499605081,0.25,0.2,0.25,0.23529411764705882,0.19519002499605081,0.25,0.1
76,3,0.0,0.0,0.0,0.0,0.0,0.0,0.0,0.0,0.0,0.0
13361,3,0.0,0.0,0.0,0.0,0.0,0.6666666666666666,0.0,0.0,0.6666666666666666,0.2
27670,3,0.0,0.0,0.0,0.0,0.0,0.0,0.0,0.0,0.0,0.0
13862,5,0.4,0.4000000000000001,0.3600546145772339,0.4,0.4,0.4,0.4,0.3600546145772339,0.4,0.2
27754,9,0.2,0.19999999999999998,0.16958010263680803,0.1111111111111111,0.2,0.1111111111111111,0.14814814814814814,0.11752277470724269,0.1111111111111111,0.1
16327,9,0.4,0.5333333333333333,0.5087403079104241,0.2222222222222222,0.4,0.2222222222222222,0.3333333333333333,0.352568324121728,0.2222222222222222,0.2
12875,6,0.4,0.6,0.5531464700081437,0.3333333333333333,0.4,0.3333333333333333,0.4222222222222222,0.4935232796777481,0.3333333333333333,0.2
1946,5,0.0,0.0,0.0,0.0,0.0,0.0,0.0,0.0,0.0,0.0
556,29,0.6,0.5333333333333333,0.5147714448836773,0.10344827586206896,0.6,0.7,0.6545454545454545,0.61886564587798,0.2413793103448276,0.7
7770,32,0.0,0.0,0.0,0.0,0.0,0.1,0.09090909090909091,0.07839826897867533,0.03125,0.1
20230,12,0.2,0.13333333333333333,0.14606834984270645,0.08333333333333333,0.2,0.2,0.2,0.16815228646891084,0.16666666666666666,0.2
15227,26,0.2,0.13333333333333333,0.14606834984270645,0.038461538461538464,0.2,0.3,0.21818181818181817,0.23047380976071705,0.11538461538461539,0.3
29921,10,0.0,0.0,0.0,0.0,0.0,0.0,0.0,0.0,0.0,0.0
10988,10,0.4,0.5333333333333333,0.5087403079104241,0.2,0.4,0.2,0.32727272727272727,0.3301376494471202,0.2,0.2
18832,31,0.4,0.3333333333333333,0.31564845247951445,0.06451612903225806,0.4,0.4,0.41818181818181815,0.3526637384340434,0.12903225806451613,0.4
9742,5,0.0,0.0,0.0,0.0,0.0,0.0,0.0,0.0,0.0,0.0
12628,2,0.5,0.0,0.0,0.5,0.2,0.5,0.0,0.0,0.5,0.1
15530,9,0.4,0.3333333333333333,0.34519134224686926,0.2222222222222222,0.4,0.3333333333333333,0.37037037037037035,0.32295017518832136,0.3333333333333333,0.3
26443,4,0.0,0.0,0.0,0.0,0.0,0.0,0.0,0.0,0.0,0.0
4944,8,0.2,0.06666666666666665,0.13120507751234176,0.125,0.2,0.25,0.1923076923076923,0.1821658288910461,0.25,0.2
9007,17,0.2,0.13333333333333333,0.14606834984270645,0.058823529411764705,0.2,0.1,0.12727272727272726,0.09478836436955078,0.058823529411764705,0.1
1391,35,0.6,0.46666666666666673,0.4912596920895757,0.08571428571428572,0.6,0.5,0.5636363636363636,0.4705561169627616,0.14285714285714285,0.5
29646,22,0.6,0.6666666666666666,0.6843515475204854,0.13636363636363635,0.6,0.3,0.45454545454545453,0.44409732781325567,0.13636363636363635,0.3
15452,5,0.0,0.0,0.0,0.0,0.0,0.0,0.0,0.0,0.0,0.0
21152,2,0.0,0.0,0.0,0.0,0.0,0.0,0.0,0.0,0.0,0.0
13838,45,0.2,0.26666666666666666,0.2139862647345275,0.022222222222222223,0.2,0.3,0.3090909090909091,0.28669193478900706,0.06666666666666667,0.3
16796,2,0.0,0.0,0.0,0.0,0.0,0.0,0.0,0.0,0.0,0.0
15532,1,0.0,0.0,0.0,0.0,0.0,0.0,0.0,0.0,0.0,0.0
21752,35,0.4,0.4000000000000001,0.3600546145772339,0.05714285714285714,0.4,0.2,0.29090909090909095,0.23365080824310527,0.05714285714285714,0.2
17271,32,0.0,0.0,0.0,0.0,0.0,0.2,0.10909090909090909,0.14201905717762703,0.0625,0.2
1719,4,0.0,0.0,0.0,0.0,0.0,0.0,0.0,0.0,0.0,0.0
14711,28,0.2,0.3333333333333333,0.33916020527361607,0.03571428571428571,0.2,0.2,0.2,0.2837125544970318,0.07142857142857142,0.2
24570,4,0.25,0.35714285714285715,0.39038004999210163,0.25,0.2,0.25,0.2941176470588235,0.39038004999210163,0.25,0.1
20306,8,0.0,0.0,0.0,0.0,0.0,0.0,0.0,0.0,0.0,0.0
24767,11,0.2,0.3333333333333333,0.33916020527361607,0.09090909090909091,0.2,0.1,0.18181818181818182,0.22009176629808014,0.09090909090909091,0.1
18304,6,0.0,0.0,0.0,0.0,0.0,0.0,0.0,0.0,0.0,0.0
28659,4,0.25,0.35714285714285715,0.39038004999210163,0.25,0.2,0.25,0.2941176470588235,0.39038004999210163,0.25,0.1
9016,32,0.4,0.3333333333333333,0.34519134224686926,0.0625,0.4,0.3,0.36363636363636365,0.30240383049385083,0.09375,0.3
13975,4,0.0,0.0,0.0,0.0,0.0,0.25,0.0,0.0,0.25,0.1
1403,5,0.2,0.3333333333333333,0.33916020527361607,0.2,0.2,0.6,0.25,0.33916020527361607,0.6,0.3
537,29,0.4,0.4666666666666666,0.48522855511632257,0.06896551724137931,0.4,0.3,0.4,0.3932783996463063,0.10344827586206896,0.3
581,40,0.6,0.7333333333333334,0.6992148198508501,0.075,0.6,0.5,0.5636363636363636,0.5894280199323517,0.125,0.5
10588,6,0.0,0.0,0.0,0.0,0.0,0.16666666666666666,0.0,0.0,0.16666666666666666,0.1
13536,1,0.0,0.0,0.0,0.0,0.0,0.0,0.0,0.0,0.0,0.0
22048,22,0.0,0.0,0.0,0.0,0.0,0.0,0.0,0.0,0.0,0.0
17692,34,0.2,0.13333333333333333,0.14606834984270645,0.029411764705882353,0.2,0.2,0.1636363636363636,0.16104258782393982,0.058823529411764705,0.2
23903,3,0.6666666666666666,0.6666666666666667,0.7039180890341346,0.6666666666666666,0.4,0.6666666666666666,0.6666666666666666,0.7039180890341346,0.6666666666666666,0.2
2393,4,0.25,0.0,0.0,0.25,0.2,0.25,0.0,0.0,0.25,0.1
11273,13,0.0,0.0,0.0,0.0,0.0,0.0,0.0,0.0,0.0,0.0
16744,22,0.0,0.0,0.0,0.0,0.0,0.0,0.0,0.0,0.0,0.0
23194,5,0.2,0.3333333333333333,0.33916020527361607,0.2,0.2,0.2,0.25,0.33916020527361607,0.2,0.1
17861,58,0.6,0.7333333333333334,0.6992148198508501,0.05172413793103448,0.6,0.5,0.6,0.5983950669742498,0.08620689655172414,0.5
13123,2,0.0,0.0,0.0,0.0,0.0,0.0,0.0,0.0,0.0,0.0
26625,4,0.5,0.5714285714285715,0.5855700749881524,0.5,0.4,0.5,0.5294117647058824,0.5855700749881524,0.5,0.2
4352,3,0.3333333333333333,0.4166666666666667,0.46927872602275644,0.3333333333333333,0.2,0.3333333333333333,0.37037037037037035,0.46927872602275644,0.3333333333333333,0.1
29979,18,0.4,0.26666666666666666,0.3007851801491498,0.1111111111111111,0.4,0.3,0.2727272727272727,0.2588097889896127,0.16666666666666666,0.3
29658,23,0.4,0.6,0.5531464700081437,0.08695652173913043,0.4,0.3,0.3818181818181818,0.42520843362602373,0.13043478260869565,0.3
24268,2,0.5,0.5555555555555556,0.6131471927654584,0.5,0.2,1.0,0.5263157894736842,0.6131471927654584,1.0,0.2
10956,13,0.2,0.3333333333333333,0.33916020527361607,0.07692307692307693,0.2,0.2,0.23636363636363636,0.2895229882348574,0.15384615384615385,0.2
27591,1,0.0,0.0,0.0,0.0,0.0,0.0,0.0,0.0,0.0,0.0
4708,1,0.0,0.0,0.0,0.0,0.0,0.0,0.0,0.0,0.0,0.0
17497,5,0.2,0.3333333333333333,0.33916020527361607,0.2,0.2,0.2,0.25,0.33916020527361607,0.2,0.1
8664,27,0.6,0.6666666666666666,0.6548086577531306,0.1111111111111111,0.6,0.4,0.5272727272727272,0.49828993591603105,0.14814814814814814,0.4
18350,6,0.0,0.0,0.0,0.0,0.0,0.16666666666666666,0.0,0.0,0.16666666666666666,0.1
12230,1,1.0,1.0,1.0,1.0,0.2,1.0,1.0,1.0,1.0,0.1
22154,10,0.0,0.0,0.0,0.0,0.0,0.0,0.0,0.0,0.0,0.0
12700,47,0.2,0.3333333333333333,0.33916020527361607,0.02127659574468085,0.2,0.3,0.3090909090909091,0.3647442587311445,0.06382978723404255,0.3
22174,31,0.8,0.8666666666666666,0.8539316501572936,0.12903225806451613,0.8,0.5,0.6545454545454547,0.623574432899073,0.16129032258064516,0.5
26860,15,0.8,0.7333333333333334,0.7860137352654724,0.26666666666666666,0.8,0.4,0.5636363636363636,0.510069131458292,0.26666666666666666,0.4
30799,6,0.0,0.0,0.0,0.0,0.0,0.0,0.0,0.0,0.0,0.0
6774,33,0.8,0.7333333333333334,0.7860137352654724,0.12121212121212122,0.8,0.5,0.6,0.576323354912681,0.15151515151515152,0.5
19452,27,0.4,0.5333333333333333,0.5087403079104241,0.07407407407407407,0.4,0.3,0.4,0.40350157154648025,0.1111111111111111,0.3
29547,6,0.4,0.5333333333333333,0.5087403079104241,0.3333333333333333,0.4,0.3333333333333333,0.4,0.4539036202482201,0.3333333333333333,0.2
14724,11,0.2,0.19999999999999998,0.16958010263680803,0.09090909090909091,0.2,0.1,0.14545454545454548,0.11004588314904007,0.09090909090909091,0.1
22396,6,0.0,0.0,0.0,0.0,0.0,0.0,0.0,0.0,0.0,0.0
21193,3,0.0,0.0,0.0,0.0,0.0,0.0,0.0,0.0,0.0,0.0
19924,8,0.2,0.13333333333333333,0.14606834984270645,0.125,0.2,0.125,0.1346153846153846,0.1089364926177559,0.125,0.1
25070,7,0.2,0.3333333333333333,0.33916020527361607,0.14285714285714285,0.2,0.14285714285714285,0.2040816326530612,0.27487633291429087,0.14285714285714285,0.1
21549,3,0.3333333333333333,0.4166666666666667,0.46927872602275644,0.3333333333333333,0.2,0.3333333333333333,0.37037037037037035,0.46927872602275644,0.3333333333333333,0.1
18316,20,0.4,0.6,0.5531464700081437,0.1,0.4,0.3,0.41818181818181815,0.43231813227099475,0.15,0.3
14258,14,0.0,0.0,0.0,0.0,0.0,0.0,0.0,0.0,0.0,0.0
6232,10,0.4,0.6,0.5531464700081437,0.2,0.4,0.2,0.34545454545454546,0.3589542101716347,0.2,0.2
943,13,0.4,0.39999999999999997,0.4703652827859578,0.15384615384615385,0.4,0.4,0.43636363636363645,0.4530643748551536,0.3076923076923077,0.4
27147,8,0.0,0.0,0.0,0.0,0.0,0.125,0.09615384615384615,0.0901000086523677,0.125,0.1
1790,15,0.2,0.06666666666666665,0.13120507751234176,0.06666666666666667,0.2,0.1,0.10909090909090909,0.08514311764162097,0.06666666666666667,0.1
23387,21,0.4,0.5333333333333333,0.5087403079104241,0.09523809523809523,0.4,0.2,0.32727272727272727,0.3301376494471202,0.09523809523809523,0.2
8289,5,0.4,0.6,0.5531464700081437,0.4,0.4,0.4,0.475,0.5531464700081437,0.4,0.2
10984,5,0.2,0.13333333333333333,0.14606834984270645,0.2,0.2,0.2,0.175,0.14606834984270645,0.2,0.1
18212,22,0.4,0.26666666666666666,0.3007851801491498,0.09090909090909091,0.4,0.3,0.3090909090909091,0.2646202227274383,0.13636363636363635,0.3
12111,40,0.2,0.26666666666666666,0.2139862647345275,0.025,0.2,0.1,0.16363636363636364,0.1388624438735545,0.025,0.1
25504,38,0.0,0.0,0.0,0.0,0.0,0.2,0.1272727272727273,0.1427951440361373,0.05263157894736842,0.2
24668,37,0.2,0.26666666666666666,0.2139862647345275,0.02702702702702703,0.2,0.2,0.2545454545454545,0.21726071285222984,0.05405405405405406,0.2
19420,13,0.0,0.0,0.0,0.0,0.0,0.0,0.0,0.0,0.0,0.0
6766,16,0.6,0.6666666666666666,0.6548086577531306,0.1875,0.6,0.4,0.4727272727272727,0.48854680201562267,0.25,0.4
25520,13,0.2,0.3333333333333333,0.33916020527361607,0.07692307692307693,0.2,0.1,0.18181818181818182,0.22009176629808014,0.07692307692307693,0.1
4056,13,0.4,0.5333333333333333,0.5087403079104241,0.15384615384615385,0.4,0.2,0.32727272727272727,0.3301376494471202,0.15384615384615385,0.2
26532,9,0.0,0.0,0.0,0.0,0.0,0.0,0.0,0.0,0.0,0.0
16859,1,0.0,0.0,0.0,0.0,0.0,0.0,0.0,0.0,0.0,0.0
24262,1,0.0,0.0,0.0,0.0,0.0,0.0,0.0,0.0,0.0,0.0
5468,24,0.4,0.26666666666666666,0.3007851801491498,0.08333333333333333,0.4,0.3,0.2909090909090909,0.26144322424505007,0.125,0.3
29434,4,0.25,0.28571428571428575,0.2463023887407299,0.25,0.2,0.5,0.2647058823529412,0.2463023887407299,0.5,0.2
18534,11,0.0,0.0,0.0,0.0,0.0,0.0,0.0,0.0,0.0,0.0
10957,1,0.0,0.0,0.0,0.0,0.0,0.0,0.0,0.0,0.0,0.0
16574,15,0.0,0.0,0.0,0.0,0.0,0.1,0.09090909090909091,0.07839826897867533,0.06666666666666667,0.1
30791,4,0.25,0.14285714285714288,0.16812753627111746,0.25,0.2,0.25,0.20588235294117643,0.16812753627111746,0.25,0.1
8096,12,0.2,0.26666666666666666,0.2139862647345275,0.08333333333333333,0.2,0.1,0.16363636363636364,0.1388624438735545,0.08333333333333333,0.1
29181,12,0.2,0.19999999999999998,0.16958010263680803,0.08333333333333333,0.2,0.1,0.14545454545454548,0.11004588314904007,0.08333333333333333,0.1
19086,7,0.2,0.3333333333333333,0.33916020527361607,0.14285714285714285,0.2,0.14285714285714285,0.2040816326530612,0.27487633291429087,0.14285714285714285,0.1
11591,4,0.0,0.0,0.0,0.0,0.0,0.0,0.0,0.0,0.0,0.0
11457,50,0.4,0.6,0.5531464700081437,0.04,0.4,0.3,0.4,0.4283854321084119,0.06,0.3
30034,1,1.0,1.0,1.0,1.0,0.2,1.0,1.0,1.0,1.0,0.1
553,10,0.0,0.0,0.0,0.0,0.0,0.2,0.14545454545454548,0.14782949091545258,0.2,0.2
19693,7,0.4,0.6,0.5531464700081437,0.2857142857142857,0.4,0.2857142857142857,0.38775510204081626,0.4483039899025303,0.2857142857142857,0.2
8531,19,0.0,0.0,0.0,0.0,0.0,0.2,0.14545454545454548,0.14782949091545258,0.10526315789473684,0.2
4139,3,0.0,0.0,0.0,0.0,0.0,0.0,0.0,0.0,0.0,0.0
15432,19,0.4,0.3333333333333333,0.34519134224686926,0.10526315789473684,0.4,0.2,0.2727272727272727,0.22400556151517548,0.10526315789473684,0.2
24626,27,0.2,0.3333333333333333,0.33916020527361607,0.037037037037037035,0.2,0.4,0.34545454545454546,0.4291411337886065,0.14814814814814814,0.4
25757,9,0.2,0.06666666666666665,0.13120507751234176,0.1111111111111111,0.2,0.3333333333333333,0.20370370370370372,0.1746529446181723,0.3333333333333333,0.3
18903,27,0.0,0.0,0.0,0.0,0.0,0.2,0.1272727272727273,0.1427951440361373,0.07407407407407407,0.2
7879,6,0.2,0.3333333333333333,0.33916020527361607,0.16666666666666666,0.2,0.16666666666666666,0.2222222222222222,0.30260241349881345,0.16666666666666666,0.1
2538,12,0.4,0.4666666666666666,0.48522855511632257,0.16666666666666666,0.4,0.3,0.36363636363636365,0.3843113526044082,0.25,0.3
15677,3,0.0,0.0,0.0,0.0,0.0,0.0,0.0,0.0,0.0,0.0
18011,15,0.2,0.3333333333333333,0.33916020527361607,0.06666666666666667,0.2,0.1,0.18181818181818182,0.22009176629808014,0.06666666666666667,0.1
30268,5,0.0,0.0,0.0,0.0,0.0,0.0,0.0,0.0,0.0,0.0
12916,7,0.4,0.39999999999999997,0.4703652827859578,0.2857142857142857,0.4,0.42857142857142855,0.42857142857142855,0.47912593929448843,0.42857142857142855,0.3
24052,1,1.0,0.0,0.0,1.0,0.2,1.0,0.0,0.0,1.0,0.1
7151,2,0.0,0.0,0.0,0.0,0.0,0.0,0.0,0.0,0.0,0.0
26236,4,0.0,0.0,0.0,0.0,0.0,0.0,0.0,0.0,0.0,0.0
18119,19,0.2,0.19999999999999998,0.16958010263680803,0.05263157894736842,0.2,0.1,0.14545454545454548,0.11004588314904007,0.05263157894736842,0.1
23550,39,0.0,0.0,0.0,0.0,0.0,0.2,0.10909090909090909,0.13961814555374907,0.05128205128205128,0.2
29441,4,0.0,0.0,0.0,0.0,0.0,0.25,0.0,0.0,0.25,0.1
3754,10,0.0,0.0,0.0,0.0,0.0,0.1,0.07272727272727274,0.07336392209936006,0.1,0.1
12227,1,0.0,0.0,0.0,0.0,0.0,0.0,0.0,0.0,0.0,0.0
21436,4,0.0,0.0,0.0,0.0,0.0,0.25,0.0,0.0,0.25,0.1
15489,17,0.6,0.6666666666666666,0.6548086577531306,0.17647058823529413,0.6,0.5,0.5454545454545454,0.5606114592078373,0.29411764705882354,0.5
6353,11,0.0,0.0,0.0,0.0,0.0,0.2,0.12727272727272726,0.14465249243306436,0.18181818181818182,0.2
5458,2,0.5,0.5555555555555556,0.6131471927654584,0.5,0.2,0.5,0.5263157894736842,0.6131471927654584,0.5,0.1
6450,24,0.6,0.6666666666666666,0.6548086577531306,0.125,0.6,0.4,0.5272727272727272,0.49828993591603105,0.16666666666666666,0.4
5216,51,0.8,0.6666666666666666,0.6608397947263838,0.0784313725490196,0.8,0.6,0.690909090909091,0.5766692999492189,0.11764705882352941,0.6
25317,5,0.0,0.0,0.0,0.0,0.0,0.0,0.0,0.0,0.0,0.0
27811,2,0.5,0.5555555555555556,0.6131471927654584,0.5,0.2,0.5,0.5263157894736842,0.6131471927654584,0.5,0.1
26156,3,0.0,0.0,0.0,0.0,0.0,0.0,0.0,0.0,0.0,0.0
21434,2,0.0,0.0,0.0,0.0,0.0,0.5,0.0,0.0,0.5,0.1
6855,4,0.0,0.0,0.0,0.0,0.0,0.0,0.0,0.0,0.0,0.0
11318,13,0.2,0.3333333333333333,0.33916020527361607,0.07692307692307693,0.2,0.1,0.18181818181818182,0.22009176629808014,0.07692307692307693,0.1
4957,24,0.4,0.4666666666666666,0.38356636737133554,0.08333333333333333,0.4,0.3,0.4,0.3273065960012699,0.125,0.3
29581,15,0.4,0.6,0.5531464700081437,0.13333333333333333,0.4,0.3,0.36363636363636365,0.4225749983705864,0.2,0.3
29421,39,0.6,0.5333333333333333,0.6164336326286642,0.07692307692307693,0.6,0.6,0.5818181818181819,0.6090726157997782,0.15384615384615385,0.6
30949,3,0.0,0.0,0.0,0.0,0.0,0.0,0.0,0.0,0.0,0.0
17690,9,0.2,0.3333333333333333,0.33916020527361607,0.1111111111111111,0.2,0.2222222222222222,0.2222222222222222,0.30580131013556594,0.2222222222222222,0.2
24375,31,0.2,0.13333333333333333,0.14606834984270645,0.03225806451612903,0.2,0.1,0.12727272727272726,0.09478836436955078,0.03225806451612903,0.1
16540,5,0.2,0.26666666666666666,0.2139862647345275,0.2,0.2,0.2,0.225,0.2139862647345275,0.2,0.1
20200,34,0.6,0.6,0.529634717214042,0.08823529411764706,0.6,0.4,0.47272727272727283,0.4099509148465344,0.11764705882352941,0.4
23158,29,0.6,0.7999999999999999,0.7227265726449518,0.10344827586206896,0.6,0.3,0.49090909090909096,0.46900009332067477,0.10344827586206896,0.3
5223,23,0.4,0.6,0.5531464700081437,0.08695652173913043,0.4,0.5,0.5090909090909091,0.5704044892860389,0.21739130434782608,0.5
16844,7,0.2,0.06666666666666665,0.13120507751234176,0.14285714285714285,0.2,0.14285714285714285,0.12244897959183672,0.10633668103022983,0.14285714285714285,0.1
25430,7,0.0,0.0,0.0,0.0,0.0,0.0,0.0,0.0,0.0,0.0
24597,13,0.2,0.3333333333333333,0.33916020527361607,0.07692307692307693,0.2,0.1,0.18181818181818182,0.22009176629808014,0.07692307692307693,0.1
29932,4,0.0,0.0,0.0,0.0,0.0,0.0,0.0,0.0,0.0,0.0
4234,30,0.2,0.26666666666666666,0.2139862647345275,0.03333333333333333,0.2,0.2,0.21818181818181823,0.20829366581033176,0.06666666666666667,0.2
26636,1,0.0,0.0,0.0,0.0,0.0,0.0,0.0,0.0,0.0,0.0
12573,4,0.0,0.0,0.0,0.0,0.0,0.0,0.0,0.0,0.0,0.0
14108,1,0.0,0.0,0.0,0.0,0.0,0.0,0.0,0.0,0.0,0.0
14232,22,0.6,0.6666666666666666,0.6843515475204854,0.13636363636363635,0.6,0.3,0.45454545454545453,0.44409732781325567,0.13636363636363635,0.3
20656,7,0.4,0.4666666666666666,0.38356636737133554,0.2857142857142857,0.4,0.2857142857142857,0.3469387755102041,0.3108658234453848,0.2857142857142857,0.2
21364,5,0.0,0.0,0.0,0.0,0.0,0.0,0.0,0.0,0.0,0.0
14418,4,0.0,0.0,0.0,0.0,0.0,0.0,0.0,0.0,0.0,0.0
18309,23,0.2,0.3333333333333333,0.33916020527361607,0.043478260869565216,0.2,0.2,0.2727272727272727,0.2984900352767555,0.08695652173913043,0.2
3892,9,0.2,0.26666666666666666,0.2139862647345275,0.1111111111111111,0.2,0.1111111111111111,0.16666666666666666,0.14829723057014907,0.1111111111111111,0.1
1531,10,0.2,0.3333333333333333,0.33916020527361607,0.1,0.2,0.2,0.23636363636363636,0.2895229882348574,0.2,0.2
28736,5,0.0,0.0,0.0,0.0,0.0,0.0,0.0,0.0,0.0,0.0
30451,1,0.0,0.0,0.0,0.0,0.0,0.0,0.0,0.0,0.0,0.0
30350,6,0.2,0.13333333333333333,0.14606834984270645,0.16666666666666666,0.2,0.16666666666666666,0.15555555555555556,0.13032376591037065,0.16666666666666666,0.1
3968,8,0.4,0.4666666666666666,0.48522855511632257,0.25,0.4,0.25,0.3269230769230769,0.3618791953854131,0.25,0.2
26301,5,0.2,0.19999999999999998,0.16958010263680803,0.2,0.2,0.6,0.2,0.16958010263680803,0.6,0.3
15591,32,0.2,0.06666666666666665,0.13120507751234176,0.03125,0.2,0.4,0.32727272727272727,0.3063365306564336,0.125,0.4
6711,70,0.4,0.3333333333333333,0.34519134224686926,0.02857142857142857,0.4,0.5,0.45454545454545453,0.4380892758850171,0.07142857142857142,0.5
4305,7,0.0,0.0,0.0,0.0,0.0,0.0,0.0,0.0,0.0,0.0
9833,42,0.4,0.4000000000000001,0.3600546145772339,0.047619047619047616,0.4,0.4,0.4,0.3756698654207322,0.09523809523809523,0.4
24620,10,0.4,0.5333333333333333,0.5087403079104241,0.2,0.4,0.3,0.34545454545454546,0.3937584376460719,0.3,0.3
30187,31,0.0,0.0,0.0,0.0,0.0,0.2,0.07272727272727274,0.13305201013572895,0.06451612903225806,0.2
30359,30,0.4,0.5333333333333333,0.5087403079104241,0.06666666666666667,0.4,0.5,0.49090909090909096,0.5391870169376466,0.16666666666666666,0.5
22487,1,1.0,1.0,1.0,1.0,0.2,1.0,1.0,1.0,1.0,0.1
27716,25,0.4,0.26666666666666666,0.3007851801491498,0.08,0.4,0.3,0.3272727272727272,0.26855292289002114,0.12,0.3
19571,15,0.6,0.7999999999999999,0.7227265726449518,0.2,0.6,0.4,0.5272727272727273,0.5352543167750639,0.26666666666666666,0.4
27307,8,0.0,0.0,0.0,0.0,0.0,0.0,0.0,0.0,0.0,0.0
23514,11,0.2,0.3333333333333333,0.33916020527361607,0.09090909090909091,0.2,0.1,0.18181818181818182,0.22009176629808014,0.09090909090909091,0.1
25792,9,0.0,0.0,0.0,0.0,0.0,0.0,0.0,0.0,0.0,0.0
25789,1,0.0,0.0,0.0,0.0,0.0,0.0,0.0,0.0,0.0,0.0
20829,33,0.6,0.7999999999999999,0.7227265726449518,0.09090909090909091,0.6,0.4,0.5636363636363636,0.5423640154200349,0.12121212121212122,0.4
718,7,0.0,0.0,0.0,0.0,0.0,0.14285714285714285,0.0,0.0,0.14285714285714285,0.1
30665,4,0.0,0.0,0.0,0.0,0.0,0.0,0.0,0.0,0.0,0.0
6207,13,0.0,0.0,0.0,0.0,0.0,0.0,0.0,0.0,0.0,0.0
10100,2,0.0,0.0,0.0,0.0,0.0,0.0,0.0,0.0,0.0,0.0
29624,12,0.2,0.19999999999999998,0.16958010263680803,0.08333333333333333,0.2,0.1,0.14545454545454548,0.11004588314904007,0.08333333333333333,0.1
26875,4,0.25,0.28571428571428575,0.2463023887407299,0.25,0.2,0.25,0.2647058823529412,0.2463023887407299,0.25,0.1
5896,16,0.8,0.9333333333333332,0.8687949224876582,0.25,0.8,0.4,0.6181818181818183,0.5637884576902256,0.25,0.4
9314,17,0.4,0.5333333333333333,0.5087403079104241,0.11764705882352941,0.4,0.3,0.36363636363636365,0.39639187290150923,0.17647058823529413,0.3
23596,17,0.4,0.4666666666666666,0.48522855511632257,0.11764705882352941,0.4,0.3,0.34545454545454546,0.38113435412202,0.17647058823529413,0.3
26116,1,0.0,0.0,0.0,0.0,0.0,0.0,0.0,0.0,0.0,0.0
26567,29,0.2,0.13333333333333333,0.14606834984270645,0.034482758620689655,0.2,0.1,0.12727272727272726,0.09478836436955078,0.034482758620689655,0.1
4443,10,0.4,0.4666666666666666,0.48522855511632257,0.2,0.4,0.3,0.34545454545454546,0.38113435412202,0.3,0.3
15462,12,0.2,0.26666666666666666,0.2139862647345275,0.08333333333333333,0.2,0.1,0.16363636363636364,0.1388624438735545,0.08333333333333333,0.1
14892,10,0.0,0.0,0.0,0.0,0.0,0.0,0.0,0.0,0.0,0.0
3171,12,0.2,0.3333333333333333,0.33916020527361607,0.08333333333333333,0.2,0.1,0.18181818181818182,0.22009176629808014,0.08333333333333333,0.1
7445,5,0.2,0.26666666666666666,0.2139862647345275,0.2,0.2,0.2,0.225,0.2139862647345275,0.2,0.1
5565,15,0.2,0.06666666666666665,0.13120507751234176,0.06666666666666667,0.2,0.1,0.10909090909090909,0.08514311764162097,0.06666666666666667,0.1
24760,10,0.2,0.06666666666666665,0.13120507751234176,0.1,0.2,0.1,0.10909090909090909,0.08514311764162097,0.1,0.1
27825,6,0.2,0.13333333333333333,0.14606834984270645,0.16666666666666666,0.2,0.16666666666666666,0.15555555555555556,0.13032376591037065,0.16666666666666666,0.1
2118,13,0.4,0.6,0.5531464700081437,0.15384615384615385,0.4,0.2,0.34545454545454546,0.3589542101716347,0.15384615384615385,0.2
21551,4,0.25,0.2142857142857143,0.19519002499605081,0.25,0.2,0.25,0.23529411764705882,0.19519002499605081,0.25,0.1
27581,4,0.0,0.0,0.0,0.0,0.0,0.0,0.0,0.0,0.0,0.0
7619,23,0.4,0.26666666666666666,0.3007851801491498,0.08695652173913043,0.4,0.3,0.3272727272727272,0.26855292289002114,0.13043478260869565,0.3
8463,2,0.0,0.0,0.0,0.0,0.0,0.0,0.0,0.0,0.0,0.0
16208,14,0.6,0.6,0.6399453854227659,0.21428571428571427,0.6,0.4,0.5272727272727272,0.4936790360674165,0.2857142857142857,0.4
706,24,0.2,0.3333333333333333,0.33916020527361607,0.041666666666666664,0.2,0.1,0.18181818181818182,0.22009176629808014,0.041666666666666664,0.1
12713,7,0.2,0.13333333333333333,0.14606834984270645,0.14285714285714285,0.2,0.14285714285714285,0.14285714285714285,0.11838279295536291,0.14285714285714285,0.1
11942,2,0.5,0.5555555555555556,0.6131471927654584,0.5,0.2,0.5,0.5263157894736842,0.6131471927654584,0.5,0.1
17018,41,0.8,0.9333333333333332,0.8687949224876582,0.0975609756097561,0.8,0.6,0.7454545454545456,0.7065836017263629,0.14634146341463414,0.6
15057,11,0.0,0.0,0.0,0.0,0.0,0.0,0.0,0.0,0.0,0.0
9604,5,0.0,0.0,0.0,0.0,0.0,0.0,0.0,0.0,0.0,0.0
5978,9,0.2,0.3333333333333333,0.33916020527361607,0.1111111111111111,0.2,0.1111111111111111,0.18518518518518517,0.23504554941448538,0.1111111111111111,0.1
29316,1,1.0,1.0,1.0,1.0,0.2,1.0,1.0,1.0,1.0,0.1
30705,21,0.0,0.0,0.0,0.0,0.0,0.2,0.1272727272727273,0.1427951440361373,0.09523809523809523,0.2
28703,51,0.2,0.3333333333333333,0.33916020527361607,0.0196078431372549,0.2,0.2,0.23636363636363636,0.2895229882348574,0.0392156862745098,0.2
28379,17,0.2,0.06666666666666665,0.13120507751234176,0.058823529411764705,0.2,0.1,0.10909090909090909,0.08514311764162097,0.058823529411764705,0.1
841,19,0.4,0.6,0.5531464700081437,0.10526315789473684,0.4,0.2,0.34545454545454546,0.3589542101716347,0.10526315789473684,0.2
13332,76,0.4,0.6,0.5531464700081437,0.02631578947368421,0.4,0.5,0.49090909090909085,0.5653701424067237,0.06578947368421052,0.5
5235,11,0.2,0.26666666666666666,0.2139862647345275,0.09090909090909091,0.2,0.1,0.16363636363636364,0.1388624438735545,0.09090909090909091,0.1
20253,7,0.0,0.0,0.0,0.0,0.0,0.0,0.0,0.0,0.0,0.0
22799,42,0.2,0.06666666666666665,0.13120507751234176,0.023809523809523808,0.2,0.5,0.3272727272727272,0.3667803203729971,0.11904761904761904,0.5
11246,5,0.2,0.3333333333333333,0.33916020527361607,0.2,0.2,0.2,0.25,0.33916020527361607,0.2,0.1
17077,3,0.0,0.0,0.0,0.0,0.0,0.0,0.0,0.0,0.0,0.0
5612,7,0.2,0.3333333333333333,0.33916020527361607,0.14285714285714285,0.2,0.14285714285714285,0.2040816326530612,0.27487633291429087,0.14285714285714285,0.1
11640,17,0.6,0.5333333333333333,0.6164336326286642,0.17647058823529413,0.6,0.3,0.41818181818181815,0.4000232483092519,0.17647058823529413,0.3
10537,11,0.4,0.3333333333333333,0.34519134224686926,0.18181818181818182,0.4,0.2,0.2727272727272727,0.22400556151517548,0.18181818181818182,0.2
13154,16,0.2,0.06666666666666665,0.13120507751234176,0.0625,0.2,0.1,0.10909090909090909,0.08514311764162097,0.0625,0.1
7959,4,0.0,0.0,0.0,0.0,0.0,0.0,0.0,0.0,0.0,0.0
21387,1,0.0,0.0,0.0,0.0,0.0,0.0,0.0,0.0,0.0,0.0
3132,16,0.6,0.6666666666666666,0.6548086577531306,0.1875,0.6,0.3,0.45454545454545453,0.424926013816671,0.1875,0.3
20144,10,0.4,0.39999999999999997,0.4703652827859578,0.2,0.4,0.3,0.36363636363636365,0.37859880603906115,0.3,0.3
21322,5,0.0,0.0,0.0,0.0,0.0,0.2,0.0,0.0,0.2,0.1
19253,7,0.0,0.0,0.0,0.0,0.0,0.0,0.0,0.0,0.0,0.0
23423,3,0.3333333333333333,0.33333333333333337,0.29608191096586517,0.3333333333333333,0.2,0.3333333333333333,0.3333333333333333,0.29608191096586517,0.3333333333333333,0.1
15618,21,0.8,0.9333333333333332,0.8687949224876582,0.19047619047619047,0.8,0.5,0.6363636363636365,0.6274092458891773,0.23809523809523808,0.5
19539,28,0.2,0.26666666666666666,0.2139862647345275,0.03571428571428571,0.2,0.4,0.32727272727272727,0.34791181136408084,0.14285714285714285,0.4
8778,18,0.6,0.6666666666666666,0.6548086577531306,0.16666666666666666,0.6,0.4,0.509090909090909,0.4943572357534482,0.2222222222222222,0.4
22023,61,0.6,0.6666666666666666,0.6843515475204854,0.04918032786885246,0.6,0.4,0.5454545454545454,0.522495596791931,0.06557377049180328,0.4
10045,9,0.4,0.6,0.5531464700081437,0.2222222222222222,0.4,0.2222222222222222,0.3518518518518518,0.38334277998463445,0.2222222222222222,0.2
28874,3,0.6666666666666666,0.5833333333333334,0.5307212739772434,0.6666666666666666,0.4,0.6666666666666666,0.6296296296296297,0.5307212739772434,0.6666666666666666,0.2
10034,2,0.0,0.0,0.0,0.0,0.0,0.0,0.0,0.0,0.0,0.0
23872,10,0.0,0.0,0.0,0.0,0.0,0.1,0.018181818181818177,0.0636207881989517,0.1,0.1
1043,19,0.6,0.6666666666666666,0.6548086577531306,0.15789473684210525,0.6,0.5,0.5636363636363636,0.5669450709942979,0.2631578947368421,0.5
26575,4,0.0,0.0,0.0,0.0,0.0,0.25,0.0,0.0,0.25,0.1
21610,5,0.4,0.6,0.5531464700081437,0.4,0.4,0.6,0.475,0.5531464700081437,0.6,0.3
4918,1,0.0,0.0,0.0,0.0,0.0,0.0,0.0,0.0,0.0,0.0
170,9,0.0,0.0,0.0,0.0,0.0,0.1111111111111111,0.03703703703703703,0.0707557607210806,0.1111111111111111,0.1
18055,57,0.4,0.3333333333333333,0.31564845247951445,0.03508771929824561,0.4,0.4,0.3272727272727272,0.33470925917193156,0.07017543859649122,0.4
21924,9,0.2,0.06666666666666665,0.13120507751234176,0.1111111111111111,0.2,0.1111111111111111,0.1111111111111111,0.09092803061897882,0.1111111111111111,0.1
24579,50,0.2,0.3333333333333333,0.33916020527361607,0.02,0.2,0.2,0.2545454545454545,0.29345568839744024,0.04,0.2
3780,15,0.4,0.6,0.5531464700081437,0.13333333333333333,0.4,0.3,0.41818181818181815,0.43231813227099475,0.2,0.3
8655,1,0.0,0.0,0.0,0.0,0.0,1.0,0.0,0.0,1.0,0.1
25994,3,0.3333333333333333,0.4166666666666667,0.46927872602275644,0.3333333333333333,0.2,0.3333333333333333,0.37037037037037035,0.46927872602275644,0.3333333333333333,0.1
18399,26,0.6,0.7999999999999999,0.7227265726449518,0.11538461538461539,0.6,0.5,0.6,0.6086182388744239,0.19230769230769232,0.5
25496,21,0.6,0.7999999999999999,0.7227265726449518,0.14285714285714285,0.6,0.3,0.49090909090909096,0.46900009332067477,0.14285714285714285,0.3
25541,7,0.4,0.5333333333333333,0.5087403079104241,0.2857142857142857,0.4,0.42857142857142855,0.36734693877551017,0.4123144993714362,0.42857142857142855,0.3
17355,13,0.6,0.6666666666666666,0.6548086577531306,0.23076923076923078,0.6,0.3,0.45454545454545453,0.424926013816671,0.23076923076923078,0.3
5758,3,1.0,1.0,1.0,1.0,0.6,1.0,1.0,1.0,1.0,0.3
13733,2,0.0,0.0,0.0,0.0,0.0,0.0,0.0,0.0,0.0,0.0
11168,31,0.6,0.7999999999999999,0.7227265726449518,0.0967741935483871,0.6,0.5,0.6545454545454545,0.6207622843987102,0.16129032258064516,0.5
8481,45,1.0,1.0,1.0,0.1111111111111111,1.0,0.7,0.890909090909091,0.800693766409882,0.15555555555555556,0.7
17605,7,0.4,0.6,0.5531464700081437,0.2857142857142857,0.4,0.5714285714285714,0.5714285714285714,0.6378423595572618,0.5714285714285714,0.4
14398,4,0.0,0.0,0.0,0.0,0.0,0.0,0.0,0.0,0.0,0.0
371,16,0.2,0.3333333333333333,0.33916020527361607,0.0625,0.2,0.1,0.18181818181818182,0.22009176629808014,0.0625,0.1
11611,17,0.2,0.26666666666666666,0.2139862647345275,0.058823529411764705,0.2,0.1,0.16363636363636364,0.1388624438735545,0.058823529411764705,0.1
15662,5,0.2,0.06666666666666665,0.13120507751234176,0.2,0.2,0.2,0.15,0.13120507751234176,0.2,0.1
10461,15,0.0,0.0,0.0,0.0,0.0,0.0,0.0,0.0,0.0,0.0
5335,2,0.5,0.4444444444444445,0.3868528072345415,0.5,0.2,0.5,0.4736842105263158,0.3868528072345415,0.5,0.1
6791,17,0.4,0.3333333333333333,0.34519134224686926,0.11764705882352941,0.4,0.3,0.3090909090909091,0.2902597849695645,0.17647058823529413,0.3
17853,8,0.0,0.0,0.0,0.0,0.0,0.0,0.0,0.0,0.0,0.0
23065,5,0.2,0.19999999999999998,0.16958010263680803,0.2,0.2,0.4,0.2,0.16958010263680803,0.4,0.2
3288,14,0.0,0.0,0.0,0.0,0.0,0.0,0.0,0.0,0.0,0.0
29905,7,0.0,0.0,0.0,0.0,0.0,0.14285714285714285,0.0,0.0,0.14285714285714285,0.1
23290,26,0.2,0.3333333333333333,0.33916020527361607,0.038461538461538464,0.2,0.1,0.18181818181818182,0.22009176629808014,0.038461538461538464,0.1
11963,6,0.0,0.0,0.0,0.0,0.0,0.3333333333333333,0.0,0.0,0.3333333333333333,0.2
12996,47,0.0,0.0,0.0,0.0,0.0,0.4,0.18181818181818182,0.27267015568947806,0.0851063829787234,0.4
20295,5,0.2,0.3333333333333333,0.33916020527361607,0.2,0.2,0.2,0.25,0.33916020527361607,0.2,0.1
26685,5,0.4,0.4666666666666666,0.48522855511632257,0.4,0.4,0.4,0.425,0.48522855511632257,0.4,0.2
954,33,0.6,0.7999999999999999,0.7227265726449518,0.09090909090909091,0.6,0.4,0.5636363636363636,0.5423640154200349,0.12121212121212122,0.4
23420,6,0.0,0.0,0.0,0.0,0.0,0.16666666666666666,0.1111111111111111,0.10778915452451095,0.16666666666666666,0.1
1324,16,0.6,0.7333333333333334,0.6992148198508501,0.1875,0.6,0.3,0.47272727272727266,0.4537425745411855,0.1875,0.3
6701,7,0.2,0.3333333333333333,0.33916020527361607,0.14285714285714285,0.2,0.14285714285714285,0.2040816326530612,0.27487633291429087,0.14285714285714285,0.1
11243,21,0.6,0.7999999999999999,0.7227265726449518,0.14285714285714285,0.6,0.3,0.49090909090909096,0.46900009332067477,0.14285714285714285,0.3
23221,62,0.8,0.9333333333333332,0.8687949224876582,0.06451612903225806,0.8,0.7,0.7272727272727273,0.7630946912803436,0.11290322580645161,0.7
17100,6,0.0,0.0,0.0,0.0,0.0,0.0,0.0,0.0,0.0,0.0
23144,6,0.2,0.3333333333333333,0.33916020527361607,0.16666666666666666,0.2,0.16666666666666666,0.2222222222222222,0.30260241349881345,0.16666666666666666,0.1
15587,20,0.4,0.6,0.5531464700081437,0.1,0.4,0.2,0.34545454545454546,0.3589542101716347,0.1,0.2
17845,47,0.2,0.3333333333333333,0.33916020527361607,0.02127659574468085,0.2,0.1,0.18181818181818182,0.22009176629808014,0.02127659574468085,0.1
7377,19,0.4,0.6,0.5531464700081437,0.10526315789473684,0.4,0.2,0.34545454545454546,0.3589542101716347,0.10526315789473684,0.2
17189,13,0.2,0.26666666666666666,0.2139862647345275,0.07692307692307693,0.2,0.1,0.16363636363636364,0.1388624438735545,0.07692307692307693,0.1
23440,5,0.2,0.06666666666666665,0.13120507751234176,0.2,0.2,0.2,0.15,0.13120507751234176,0.2,0.1
2928,9,0.0,0.0,0.0,0.0,0.0,0.0,0.0,0.0,0.0,0.0
9683,16,0.4,0.39999999999999997,0.4703652827859578,0.125,0.4,0.5,0.509090909090909,0.5264282969545137,0.3125,0.5
12521,24,0.4,0.6,0.5531464700081437,0.08333333333333333,0.4,0.2,0.34545454545454546,0.3589542101716347,0.08333333333333333,0.2
16130,5,0.0,0.0,0.0,0.0,0.0,0.0,0.0,0.0,0.0,0.0
30345,18,0.4,0.5333333333333333,0.5087403079104241,0.1111111111111111,0.4,0.2,0.32727272727272727,0.3301376494471202,0.1111111111111111,0.2
24544,2,0.0,0.0,0.0,0.0,0.0,0.0,0.0,0.0,0.0,0.0
16506,8,0.4,0.6,0.5531464700081437,0.25,0.4,0.375,0.36538461538461536,0.4125317798925535,0.375,0.3
14994,28,0.8,0.8000000000000002,0.8304198973631919,0.14285714285714285,0.8,0.5,0.6545454545454544,0.6122496142821665,0.17857142857142858,0.5
10428,10,0.0,0.0,0.0,0.0,0.0,0.1,0.07272727272727274,0.07336392209936006,0.1,0.1
24285,3,0.3333333333333333,0.4166666666666667,0.46927872602275644,0.3333333333333333,0.2,0.3333333333333333,0.37037037037037035,0.46927872602275644,0.3333333333333333,0.1
4209,41,0.4,0.4666666666666666,0.38356636737133554,0.04878048780487805,0.4,0.4,0.4727272727272727,0.4006705181006299,0.0975609756097561,0.4
20530,9,0.2,0.3333333333333333,0.33916020527361607,0.1111111111111111,0.2,0.1111111111111111,0.18518518518518517,0.23504554941448538,0.1111111111111111,0.1
846,1,1.0,1.0,1.0,1.0,0.2,1.0,1.0,1.0,1.0,0.1
9418,30,0.2,0.3333333333333333,0.33916020527361607,0.03333333333333333,0.2,0.3,0.34545454545454546,0.37185395737611554,0.1,0.3
5940,4,0.25,0.28571428571428575,0.2463023887407299,0.25,0.2,0.25,0.2647058823529412,0.2463023887407299,0.25,0.1
2588,3,0.3333333333333333,0.33333333333333337,0.29608191096586517,0.3333333333333333,0.2,0.3333333333333333,0.3333333333333333,0.29608191096586517,0.3333333333333333,0.1
8852,2,0.0,0.0,0.0,0.0,0.0,0.5,0.0,0.0,0.5,0.1
13440,2,0.5,0.5555555555555556,0.6131471927654584,0.5,0.2,0.5,0.5263157894736842,0.6131471927654584,0.5,0.1
9162,37,0.4,0.39999999999999997,0.4703652827859578,0.05405405405405406,0.4,0.3,0.36363636363636365,0.37859880603906115,0.08108108108108109,0.3
23501,37,0.0,0.0,0.0,0.0,0.0,0.2,0.10909090909090909,0.13961814555374907,0.05405405405405406,0.2
3451,20,0.2,0.13333333333333333,0.14606834984270645,0.05,0.2,0.1,0.12727272727272726,0.09478836436955078,0.05,0.1
14980,16,0.4,0.4666666666666666,0.48522855511632257,0.125,0.4,0.3,0.38181818181818183,0.38824405276699103,0.1875,0.3
8757,14,0.4,0.4666666666666666,0.48522855511632257,0.14285714285714285,0.4,0.2,0.3090909090909091,0.31488013066763093,0.14285714285714285,0.2
30768,3,0.0,0.0,0.0,0.0,0.0,0.0,0.0,0.0,0.0,0.0
5635,5,0.0,0.0,0.0,0.0,0.0,0.2,0.0,0.0,0.2,0.1
6853,44,0.6,0.7999999999999999,0.7227265726449518,0.06818181818181818,0.6,0.5,0.5818181818181819,0.6059848036189865,0.11363636363636363,0.5
28252,4,0.0,0.0,0.0,0.0,0.0,0.25,0.0,0.0,0.25,0.1
18362,52,0.8,0.9333333333333332,0.8687949224876582,0.07692307692307693,0.8,0.5,0.6727272727272727,0.6332196796270029,0.09615384615384616,0.5
25799,3,0.3333333333333333,0.0,0.0,0.3333333333333333,0.2,0.3333333333333333,0.0,0.0,0.3333333333333333,0.1
15031,3,0.0,0.0,0.0,0.0,0.0,0.0,0.0,0.0,0.0,0.0
16556,3,0.3333333333333333,0.0,0.0,0.3333333333333333,0.2,0.3333333333333333,0.0,0.0,0.3333333333333333,0.1
9576,9,0.2,0.19999999999999998,0.16958010263680803,0.1111111111111111,0.2,0.1111111111111111,0.14814814814814814,0.11752277470724269,0.1111111111111111,0.1
16028,9,0.0,0.0,0.0,0.0,0.0,0.0,0.0,0.0,0.0,0.0
19608,7,0.0,0.0,0.0,0.0,0.0,0.0,0.0,0.0,0.0,0.0
21124,1,0.0,0.0,0.0,0.0,0.0,0.0,0.0,0.0,0.0,0.0
5439,16,0.0,0.0,0.0,0.0,0.0,0.0,0.0,0.0,0.0,0.0
11633,11,0.4,0.5333333333333333,0.5087403079104241,0.18181818181818182,0.4,0.3,0.41818181818181815,0.4085359184257955,0.2727272727272727,0.3
188,2,0.0,0.0,0.0,0.0,0.0,0.0,0.0,0.0,0.0,0.0
25322,42,0.6,0.7999999999999999,0.7227265726449518,0.07142857142857142,0.6,0.4,0.5090909090909091,0.5326208815196265,0.09523809523809523,0.4
9588,65,0.8,0.8666666666666666,0.8539316501572936,0.06153846153846154,0.8,0.4,0.6000000000000001,0.5541432109622958,0.06153846153846154,0.4
17710,2,0.5,0.4444444444444445,0.3868528072345415,0.5,0.2,0.5,0.4736842105263158,0.3868528072345415,0.5,0.1
29400,2,0.0,0.0,0.0,0.0,0.0,0.0,0.0,0.0,0.0,0.0
5975,3,0.0,0.0,0.0,0.0,0.0,0.0,0.0,0.0,0.0,0.0
14409,3,0.0,0.0,0.0,0.0,0.0,0.3333333333333333,0.0,0.0,0.3333333333333333,0.1
29541,46,0.6,0.7999999999999999,0.7227265726449518,0.06521739130434782,0.6,0.4,0.5636363636363636,0.5423640154200349,0.08695652173913043,0.4
18412,36,0.4,0.6,0.5531464700081437,0.05555555555555555,0.4,0.2,0.34545454545454546,0.3589542101716347,0.05555555555555555,0.2
7194,3,0.0,0.0,0.0,0.0,0.0,0.0,0.0,0.0,0.0,0.0
30606,7,0.4,0.39999999999999997,0.4703652827859578,0.2857142857142857,0.4,0.2857142857142857,0.32653061224489793,0.3812130139445206,0.2857142857142857,0.2
23736,12,0.0,0.0,0.0,0.0,0.0,0.0,0.0,0.0,0.0,0.0
15589,13,0.4,0.6,0.5531464700081437,0.15384615384615385,0.4,0.2,0.34545454545454546,0.3589542101716347,0.15384615384615385,0.2
12299,5,0.0,0.0,0.0,0.0,0.0,0.0,0.0,0.0,0.0,0.0
4390,19,0.2,0.19999999999999998,0.16958010263680803,0.05263157894736842,0.2,0.2,0.18181818181818182,0.1763001066034291,0.10526315789473684,0.2
13071,27,0.4,0.3333333333333333,0.34519134224686926,0.07407407407407407,0.4,0.4,0.3272727272727272,0.3538805731685162,0.14814814814814814,0.4
16735,24,0.4,0.4666666666666666,0.48522855511632257,0.08333333333333333,0.4,0.3,0.38181818181818183,0.38824405276699103,0.125,0.3
10831,3,0.0,0.0,0.0,0.0,0.0,0.0,0.0,0.0,0.0,0.0
14667,17,0.4,0.4666666666666666,0.48522855511632257,0.11764705882352941,0.4,0.2,0.3090909090909091,0.31488013066763093,0.11764705882352941,0.2
23124,47,0.4,0.19999999999999998,0.2772734273550482,0.0425531914893617,0.4,0.6,0.4727272727272727,0.46474568322493603,0.1276595744680851,0.6
19923,6,0.4,0.19999999999999998,0.2772734273550482,0.3333333333333333,0.4,0.3333333333333333,0.28888888888888886,0.24738635904833414,0.3333333333333333,0.2
15970,20,0.6,0.7999999999999999,0.7227265726449518,0.15,0.6,0.4,0.5818181818181819,0.5473983622993501,0.2,0.4
20374,5,0.0,0.0,0.0,0.0,0.0,0.2,0.0,0.0,0.2,0.1
3864,11,0.4,0.3333333333333333,0.31564845247951445,0.18181818181818182,0.4,0.2,0.2727272727272727,0.20483424751859083,0.18181818181818182,0.2
6812,3,0.0,0.0,0.0,0.0,0.0,0.0,0.0,0.0,0.0,0.0
4276,3,0.3333333333333333,0.0,0.0,0.3333333333333333,0.2,0.3333333333333333,0.0,0.0,0.3333333333333333,0.1
298,9,0.0,0.0,0.0,0.0,0.0,0.0,0.0,0.0,0.0,0.0
9366,5,0.0,0.0,0.0,0.0,0.0,0.0,0.0,0.0,0.0,0.0
10282,16,0.2,0.3333333333333333,0.33916020527361607,0.0625,0.2,0.2,0.23636363636363636,0.2895229882348574,0.125,0.2
26321,10,0.2,0.3333333333333333,0.33916020527361607,0.1,0.2,0.1,0.18181818181818182,0.22009176629808014,0.1,0.1
15431,31,0.2,0.3333333333333333,0.33916020527361607,0.03225806451612903,0.2,0.2,0.2,0.2837125544970318,0.06451612903225806,0.2
14450,9,0.2,0.13333333333333333,0.14606834984270645,0.1111111111111111,0.2,0.2222222222222222,0.16666666666666663,0.17198436893338082,0.2222222222222222,0.2
28270,2,0.0,0.0,0.0,0.0,0.0,0.0,0.0,0.0,0.0,0.0
2402,5,0.2,0.26666666666666666,0.2139862647345275,0.2,0.2,0.2,0.225,0.2139862647345275,0.2,0.1
25478,10,0.2,0.3333333333333333,0.33916020527361607,0.1,0.2,0.3,0.3090909090909091,0.36288691033421744,0.3,0.3
26115,16,0.6,0.6666666666666666,0.6843515475204854,0.1875,0.6,0.3,0.45454545454545453,0.44409732781325567,0.1875,0.3
30191,21,0.6,0.6,0.6399453854227659,0.14285714285714285,0.6,0.4,0.45454545454545453,0.4789015552876929,0.19047619047619047,0.4
11569,20,0.2,0.19999999999999998,0.16958010263680803,0.05,0.2,0.1,0.14545454545454548,0.11004588314904007,0.05,0.1
19377,10,0.2,0.3333333333333333,0.33916020527361607,0.1,0.2,0.1,0.18181818181818182,0.22009176629808014,0.1,0.1
11977,5,0.0,0.0,0.0,0.0,0.0,0.0,0.0,0.0,0.0,0.0
22166,19,0.2,0.26666666666666666,0.2139862647345275,0.05263157894736842,0.2,0.1,0.16363636363636364,0.1388624438735545,0.05263157894736842,0.1
29981,8,0.0,0.0,0.0,0.0,0.0,0.125,0.07692307692307693,0.08431423425588572,0.125,0.1
30219,15,0.4,0.39999999999999997,0.4703652827859578,0.13333333333333333,0.4,0.4,0.45454545454545453,0.45699707501773645,0.26666666666666666,0.4
7708,24,0.2,0.26666666666666666,0.2139862647345275,0.041666666666666664,0.2,0.1,0.16363636363636364,0.1388624438735545,0.041666666666666664,0.1
8954,4,0.0,0.0,0.0,0.0,0.0,0.0,0.0,0.0,0.0,0.0
13165,18,0.2,0.3333333333333333,0.33916020527361607,0.05555555555555555,0.2,0.2,0.2727272727272727,0.2984900352767555,0.1111111111111111,0.2
26882,6,0.2,0.3333333333333333,0.33916020527361607,0.16666666666666666,0.2,0.16666666666666666,0.2222222222222222,0.30260241349881345,0.16666666666666666,0.1
1356,32,0.2,0.06666666666666665,0.13120507751234176,0.03125,0.2,0.1,0.10909090909090909,0.08514311764162097,0.03125,0.1
25216,23,0.4,0.26666666666666666,0.3007851801491498,0.08695652173913043,0.4,0.3,0.3272727272727272,0.26855292289002114,0.13043478260869565,0.3
7779,16,0.4,0.3333333333333333,0.34519134224686926,0.125,0.4,0.2,0.2727272727272727,0.22400556151517548,0.125,0.2
5175,8,0.2,0.3333333333333333,0.33916020527361607,0.125,0.2,0.25,0.2692307692307692,0.33725693702354287,0.25,0.2
9390,9,0.2,0.19999999999999998,0.16958010263680803,0.1111111111111111,0.2,0.1111111111111111,0.14814814814814814,0.11752277470724269,0.1111111111111111,0.1
26058,3,0.3333333333333333,0.4166666666666667,0.46927872602275644,0.3333333333333333,0.2,0.3333333333333333,0.37037037037037035,0.46927872602275644,0.3333333333333333,0.1
27824,18,0.2,0.26666666666666666,0.2139862647345275,0.05555555555555555,0.2,0.2,0.2545454545454545,0.21726071285222984,0.1111111111111111,0.2
30859,4,0.25,0.35714285714285715,0.39038004999210163,0.25,0.2,0.25,0.2941176470588235,0.39038004999210163,0.25,0.1
26651,3,0.3333333333333333,0.4166666666666667,0.46927872602275644,0.3333333333333333,0.2,0.3333333333333333,0.37037037037037035,0.46927872602275644,0.3333333333333333,0.1
27880,5,0.2,0.06666666666666665,0.13120507751234176,0.2,0.2,0.2,0.15,0.13120507751234176,0.2,0.1
30670,5,0.0,0.0,0.0,0.0,0.0,0.0,0.0,0.0,0.0,0.0
20410,29,0.4,0.3333333333333333,0.31564845247951445,0.06896551724137931,0.4,0.2,0.2727272727272727,0.20483424751859083,0.06896551724137931,0.2
27578,3,0.0,0.0,0.0,0.0,0.0,0.0,0.0,0.0,0.0,0.0
1625,4,0.25,0.14285714285714288,0.16812753627111746,0.25,0.2,0.25,0.20588235294117643,0.16812753627111746,0.25,0.1
4742,31,0.8,0.9333333333333332,0.8687949224876582,0.12903225806451613,0.8,0.6,0.7454545454545456,0.7065836017263629,0.1935483870967742,0.6
13429,24,0.4,0.6,0.5531464700081437,0.08333333333333333,0.4,0.3,0.36363636363636365,0.4225749983705864,0.125,0.3
20032,38,0.6,0.7333333333333334,0.6992148198508501,0.07894736842105263,0.6,0.6,0.6909090909090909,0.674935987555998,0.15789473684210525,0.6
31002,20,0.0,0.0,0.0,0.0,0.0,0.0,0.0,0.0,0.0,0.0
24446,12,0.4,0.4000000000000001,0.3600546145772339,0.16666666666666666,0.4,0.2,0.29090909090909095,0.23365080824310527,0.16666666666666666,0.2
24326,2,0.0,0.0,0.0,0.0,0.0,0.0,0.0,0.0,0.0,0.0
11789,31,0.4,0.5333333333333333,0.5087403079104241,0.06451612903225806,0.4,0.4,0.4,0.46318965958284913,0.12903225806451613,0.4
17965,1,0.0,0.0,0.0,0.0,0.0,0.0,0.0,0.0,0.0,0.0
2460,4,0.25,0.35714285714285715,0.39038004999210163,0.25,0.2,0.25,0.2941176470588235,0.39038004999210163,0.25,0.1
17404,8,0.2,0.26666666666666666,0.2139862647345275,0.125,0.2,0.25,0.2692307692307692,0.249689085777264,0.25,0.2
8765,32,0.2,0.3333333333333333,0.33916020527361607,0.03125,0.2,0.3,0.34545454545454546,0.37185395737611554,0.09375,0.3
6243,2,0.0,0.0,0.0,0.0,0.0,0.0,0.0,0.0,0.0,0.0
10157,78,1.0,1.0,1.0,0.0641025641025641,1.0,0.7,0.890909090909091,0.800693766409882,0.08974358974358974,0.7
13775,11,0.0,0.0,0.0,0.0,0.0,0.2,0.1272727272727273,0.1427951440361373,0.18181818181818182,0.2
5197,1,1.0,0.0,0.0,1.0,0.2,1.0,0.0,0.0,1.0,0.1
11287,2,0.0,0.0,0.0,0.0,0.0,0.5,0.0,0.0,0.5,0.1
27555,2,0.0,0.0,0.0,0.0,0.0,0.0,0.0,0.0,0.0,0.0
4358,18,0.2,0.3333333333333333,0.33916020527361607,0.05555555555555555,0.2,0.1,0.18181818181818182,0.22009176629808014,0.05555555555555555,0.1
15454,4,0.25,0.2142857142857143,0.19519002499605081,0.25,0.2,0.25,0.23529411764705882,0.19519002499605081,0.25,0.1
19351,5,0.0,0.0,0.0,0.0,0.0,0.0,0.0,0.0,0.0,0.0
27337,5,0.2,0.3333333333333333,0.33916020527361607,0.2,0.2,0.4,0.25,0.33916020527361607,0.4,0.2
25210,2,0.0,0.0,0.0,0.0,0.0,0.5,0.0,0.0,0.5,0.1
15641,11,0.0,0.0,0.0,0.0,0.0,0.0,0.0,0.0,0.0,0.0
4862,25,0.2,0.13333333333333333,0.14606834984270645,0.04,0.2,0.1,0.12727272727272726,0.09478836436955078,0.04,0.1
12760,23,0.2,0.13333333333333333,0.14606834984270645,0.043478260869565216,0.2,0.1,0.12727272727272726,0.09478836436955078,0.043478260869565216,0.1
21280,3,0.6666666666666666,0.75,0.7653606369886217,0.6666666666666666,0.4,0.6666666666666666,0.7037037037037036,0.7653606369886217,0.6666666666666666,0.2
11459,2,0.0,0.0,0.0,0.0,0.0,0.0,0.0,0.0,0.0,0.0
16473,3,0.0,0.0,0.0,0.0,0.0,0.0,0.0,0.0,0.0,0.0
22739,5,0.2,0.26666666666666666,0.2139862647345275,0.2,0.2,0.2,0.225,0.2139862647345275,0.2,0.1
27369,19,0.2,0.19999999999999998,0.16958010263680803,0.05263157894736842,0.2,0.1,0.14545454545454548,0.11004588314904007,0.05263157894736842,0.1
22159,37,0.4,0.4666666666666666,0.38356636737133554,0.05405405405405406,0.4,0.4,0.4181818181818182,0.39092738420022155,0.10810810810810811,0.4
22246,3,0.3333333333333333,0.4166666666666667,0.46927872602275644,0.3333333333333333,0.2,0.3333333333333333,0.37037037037037035,0.46927872602275644,0.3333333333333333,0.1
126,2,0.0,0.0,0.0,0.0,0.0,1.0,0.0,0.0,1.0,0.2
18933,4,0.25,0.35714285714285715,0.39038004999210163,0.25,0.2,0.25,0.2941176470588235,0.39038004999210163,0.25,0.1
10773,12,0.4,0.39999999999999997,0.4703652827859578,0.16666666666666666,0.4,0.3,0.34545454545454546,0.3746661058764783,0.25,0.3
11697,2,0.0,0.0,0.0,0.0,0.0,0.0,0.0,0.0,0.0,0.0
26923,5,0.0,0.0,0.0,0.0,0.0,0.0,0.0,0.0,0.0,0.0
3072,82,0.0,0.0,0.0,0.0,0.0,0.2,0.10909090909090909,0.14201905717762703,0.024390243902439025,0.2
3983,20,0.2,0.26666666666666666,0.2139862647345275,0.05,0.2,0.1,0.16363636363636364,0.1388624438735545,0.05,0.1
10512,11,0.4,0.4000000000000001,0.3600546145772339,0.18181818181818182,0.4,0.2,0.29090909090909095,0.23365080824310527,0.18181818181818182,0.2
10788,8,0.0,0.0,0.0,0.0,0.0,0.0,0.0,0.0,0.0,0.0
18850,16,0.2,0.13333333333333333,0.14606834984270645,0.0625,0.2,0.1,0.12727272727272726,0.09478836436955078,0.0625,0.1
10888,27,0.0,0.0,0.0,0.0,0.0,0.0,0.0,0.0,0.0,0.0
17151,11,0.2,0.13333333333333333,0.14606834984270645,0.09090909090909091,0.2,0.2,0.21818181818181817,0.1731866333482261,0.18181818181818182,0.2
18106,2,0.0,0.0,0.0,0.0,0.0,0.0,0.0,0.0,0.0,0.0
5034,23,0.2,0.13333333333333333,0.14606834984270645,0.043478260869565216,0.2,0.2,0.1636363636363636,0.16104258782393982,0.08695652173913043,0.2
14432,14,0.4,0.39999999999999997,0.4703652827859578,0.14285714285714285,0.4,0.2,0.29090909090909095,0.3052348839397011,0.14285714285714285,0.2
19903,5,0.6,0.7333333333333334,0.6992148198508501,0.6,0.6,0.6,0.6499999999999999,0.6992148198508501,0.6,0.3
14801,19,0.4,0.3333333333333333,0.34519134224686926,0.10526315789473684,0.4,0.2,0.2727272727272727,0.22400556151517548,0.10526315789473684,0.2
2444,9,0.2,0.3333333333333333,0.33916020527361607,0.1111111111111111,0.2,0.1111111111111111,0.18518518518518517,0.23504554941448538,0.1111111111111111,0.1
1808,13,0.4,0.5333333333333333,0.5087403079104241,0.15384615384615385,0.4,0.2,0.32727272727272727,0.3301376494471202,0.15384615384615385,0.2
18945,10,0.2,0.3333333333333333,0.33916020527361607,0.1,0.2,0.1,0.18181818181818182,0.22009176629808014,0.1,0.1
4222,1,0.0,0.0,0.0,0.0,0.0,0.0,0.0,0.0,0.0,0.0
14142,15,0.2,0.06666666666666665,0.13120507751234176,0.06666666666666667,0.2,0.2,0.18181818181818182,0.15850703974098102,0.13333333333333333,0.2
15834,11,0.2,0.3333333333333333,0.33916020527361607,0.09090909090909091,0.2,0.1,0.18181818181818182,0.22009176629808014,0.09090909090909091,0.1
9738,3,0.0,0.0,0.0,0.0,0.0,0.0,0.0,0.0,0.0,0.0
11527,16,0.6,0.6,0.6399453854227659,0.1875,0.6,0.4,0.5272727272727272,0.4936790360674165,0.25,0.4
18829,13,0.6,0.7999999999999999,0.7227265726449518,0.23076923076923078,0.6,0.3,0.49090909090909096,0.46900009332067477,0.23076923076923078,0.3
18645,10,0.0,0.0,0.0,0.0,0.0,0.0,0.0,0.0,0.0,0.0
24929,7,0.2,0.26666666666666666,0.2139862647345275,0.14285714285714285,0.2,0.14285714285714285,0.18367346938775508,0.17342765698823942,0.14285714285714285,0.1
21584,19,0.6,0.6666666666666666,0.6548086577531306,0.15789473684210525,0.6,0.4,0.5454545454545454,0.5033242827953462,0.21052631578947367,0.4
19182,2,0.0,0.0,0.0,0.0,0.0,0.5,0.0,0.0,0.5,0.1
7794,15,0.0,0.0,0.0,0.0,0.0,0.0,0.0,0.0,0.0,0.0
16994,6,0.2,0.3333333333333333,0.33916020527361607,0.16666666666666666,0.2,0.16666666666666666,0.2222222222222222,0.30260241349881345,0.16666666666666666,0.1
8342,5,0.2,0.3333333333333333,0.33916020527361607,0.2,0.2,0.2,0.25,0.33916020527361607,0.2,0.1
9805,21,0.2,0.3333333333333333,0.33916020527361607,0.047619047619047616,0.2,0.1,0.18181818181818182,0.22009176629808014,0.047619047619047616,0.1
8712,7,0.2,0.19999999999999998,0.16958010263680803,0.14285714285714285,0.2,0.2857142857142857,0.16326530612244897,0.13743816645714543,0.2857142857142857,0.2
3773,42,0.8,0.6666666666666666,0.6608397947263838,0.09523809523809523,0.8,0.4,0.5454545454545455,0.4288398090337664,0.09523809523809523,0.4
15145,3,0.3333333333333333,0.4166666666666667,0.46927872602275644,0.3333333333333333,0.2,0.3333333333333333,0.37037037037037035,0.46927872602275644,0.3333333333333333,0.1
20594,9,0.4,0.5333333333333333,0.5087403079104241,0.2222222222222222,0.4,0.2222222222222222,0.3333333333333333,0.352568324121728,0.2222222222222222,0.2
17377,5,0.0,0.0,0.0,0.0,0.0,0.0,0.0,0.0,0.0,0.0
16954,11,0.4,0.5333333333333333,0.5087403079104241,0.18181818181818182,0.4,0.2,0.32727272727272727,0.3301376494471202,0.18181818181818182,0.2
14926,3,0.3333333333333333,0.0,0.0,0.3333333333333333,0.2,0.3333333333333333,0.0,0.0,0.3333333333333333,0.1
9023,18,0.2,0.3333333333333333,0.33916020527361607,0.05555555555555555,0.2,0.1,0.18181818181818182,0.22009176629808014,0.05555555555555555,0.1
6365,7,0.0,0.0,0.0,0.0,0.0,0.0,0.0,0.0,0.0,0.0
12620,34,0.6,0.7999999999999999,0.7227265726449518,0.08823529411764706,0.6,0.6,0.6545454545454547,0.6780494608112011,0.17647058823529413,0.6
16185,39,0.2,0.26666666666666666,0.2139862647345275,0.02564102564102564,0.2,0.2,0.2545454545454545,0.21726071285222984,0.05128205128205128,0.2
16518,40,0.6,0.7333333333333334,0.6992148198508501,0.075,0.6,0.4,0.49090909090909085,0.5173633627401372,0.1,0.4
13006,7,0.0,0.0,0.0,0.0,0.0,0.14285714285714285,0.1020408163265306,0.0979129253499678,0.14285714285714285,0.1
29418,15,0.4,0.6,0.5531464700081437,0.13333333333333333,0.4,0.3,0.41818181818181815,0.43231813227099475,0.2,0.3
13231,5,0.2,0.3333333333333333,0.33916020527361607,0.2,0.2,0.2,0.25,0.33916020527361607,0.2,0.1
20892,2,0.5,0.5555555555555556,0.6131471927654584,0.5,0.2,0.5,0.5263157894736842,0.6131471927654584,0.5,0.1
18076,2,0.5,0.5555555555555556,0.6131471927654584,0.5,0.2,0.5,0.5263157894736842,0.6131471927654584,0.5,0.1
5442,18,0.4,0.26666666666666666,0.3007851801491498,0.1111111111111111,0.4,0.3,0.2727272727272727,0.2588097889896127,0.16666666666666666,0.3
14733,20,0.6,0.6666666666666666,0.6548086577531306,0.15,0.6,0.3,0.45454545454545453,0.424926013816671,0.15,0.3
29679,6,0.0,0.0,0.0,0.0,0.0,0.3333333333333333,0.0,0.0,0.3333333333333333,0.2
6800,30,0.6,0.6666666666666666,0.6548086577531306,0.1,0.6,0.5,0.5818181818181819,0.5695785062497354,0.16666666666666666,0.5
5433,20,0.6,0.6666666666666666,0.6843515475204854,0.15,0.6,0.4,0.5272727272727272,0.5174612499126158,0.2,0.4
30421,1,0.0,0.0,0.0,0.0,0.0,0.0,0.0,0.0,0.0,0.0
224,25,0.4,0.5333333333333333,0.5087403079104241,0.08,0.4,0.2,0.32727272727272727,0.3301376494471202,0.08,0.2
17084,2,0.0,0.0,0.0,0.0,0.0,0.0,0.0,0.0,0.0,0.0
25753,5,0.6,0.7999999999999999,0.7227265726449518,0.6,0.6,0.8,0.675,0.7227265726449518,0.8,0.4
10247,15,0.4,0.5333333333333333,0.5087403079104241,0.13333333333333333,0.4,0.2,0.32727272727272727,0.3301376494471202,0.13333333333333333,0.2
26655,14,0.6,0.46666666666666673,0.4912596920895757,0.21428571428571427,0.6,0.4,0.43636363636363645,0.3850481493391153,0.2857142857142857,0.4
2698,28,0.4,0.4666666666666666,0.48522855511632257,0.07142857142857142,0.4,0.3,0.4,0.3932783996463063,0.10714285714285714,0.3
13552,9,0.0,0.0,0.0,0.0,0.0,0.0,0.0,0.0,0.0,0.0
26302,4,0.5,0.5714285714285715,0.5855700749881524,0.5,0.4,0.5,0.5294117647058824,0.5855700749881524,0.5,0.2
26683,27,0.4,0.4666666666666666,0.48522855511632257,0.07407407407407407,0.4,0.3,0.36363636363636365,0.3843113526044082,0.1111111111111111,0.3
26569,61,0.4,0.4666666666666666,0.38356636737133554,0.03278688524590164,0.4,0.2,0.30909090909090914,0.24890832702259458,0.03278688524590164,0.2
20040,6,0.2,0.3333333333333333,0.33916020527361607,0.16666666666666666,0.2,0.16666666666666666,0.2222222222222222,0.30260241349881345,0.16666666666666666,0.1
3124,15,0.2,0.13333333333333333,0.14606834984270645,0.06666666666666667,0.2,0.1,0.12727272727272726,0.09478836436955078,0.06666666666666667,0.1
28798,4,0.0,0.0,0.0,0.0,0.0,0.25,0.0,0.0,0.25,0.1
30002,4,0.25,0.0,0.0,0.25,0.2,0.25,0.0,0.0,0.25,0.1
24829,21,0.2,0.26666666666666666,0.2139862647345275,0.047619047619047616,0.2,0.3,0.3272727272727272,0.2906246349515899,0.14285714285714285,0.3
5691,4,0.25,0.2142857142857143,0.19519002499605081,0.25,0.2,0.25,0.23529411764705882,0.19519002499605081,0.25,0.1
9224,1,0.0,0.0,0.0,0.0,0.0,0.0,0.0,0.0,0.0,0.0
29869,15,0.2,0.19999999999999998,0.16958010263680803,0.06666666666666667,0.2,0.1,0.14545454545454548,0.11004588314904007,0.06666666666666667,0.1
20446,19,0.2,0.3333333333333333,0.33916020527361607,0.05263157894736842,0.2,0.2,0.2545454545454545,0.29345568839744024,0.10526315789473684,0.2
8768,9,0.4,0.5333333333333333,0.5087403079104241,0.2222222222222222,0.4,0.2222222222222222,0.3333333333333333,0.352568324121728,0.2222222222222222,0.2
27647,13,0.0,0.0,0.0,0.0,0.0,0.2,0.09090909090909091,0.13568544539116628,0.15384615384615385,0.2
13269,15,0.0,0.0,0.0,0.0,0.0,0.0,0.0,0.0,0.0,0.0
8067,3,0.0,0.0,0.0,0.0,0.0,0.0,0.0,0.0,0.0,0.0
14689,3,0.0,0.0,0.0,0.0,0.0,0.0,0.0,0.0,0.0,0.0
19784,4,0.0,0.0,0.0,0.0,0.0,0.0,0.0,0.0,0.0,0.0
24404,19,0.8,0.8666666666666666,0.8539316501572936,0.21052631578947367,0.8,0.5,0.6363636363636364,0.6203974344166848,0.2631578947368421,0.5
9146,19,0.4,0.4666666666666666,0.38356636737133554,0.10526315789473684,0.4,0.4,0.43636363636363645,0.3917034710587319,0.21052631578947367,0.4
1568,19,0.4,0.4666666666666666,0.38356636737133554,0.10526315789473684,0.4,0.4,0.41818181818181815,0.3885264725763437,0.21052631578947367,0.4
24180,15,0.0,0.0,0.0,0.0,0.0,0.1,0.07272727272727274,0.07336392209936006,0.06666666666666667,0.1
2414,21,0.8,0.8666666666666666,0.8539316501572936,0.19047619047619047,0.8,0.4,0.6000000000000001,0.5541432109622958,0.19047619047619047,0.4
29885,15,0.2,0.3333333333333333,0.33916020527361607,0.06666666666666667,0.2,0.1,0.18181818181818182,0.22009176629808014,0.06666666666666667,0.1
14408,21,0.2,0.19999999999999998,0.16958010263680803,0.047619047619047616,0.2,0.2,0.2,0.17947710508581735,0.09523809523809523,0.2
25893,7,0.2,0.3333333333333333,0.33916020527361607,0.14285714285714285,0.2,0.14285714285714285,0.2040816326530612,0.27487633291429087,0.14285714285714285,0.1
17493,3,0.0,0.0,0.0,0.0,0.0,0.0,0.0,0.0,0.0,0.0
25529,4,0.25,0.35714285714285715,0.39038004999210163,0.25,0.2,0.25,0.2941176470588235,0.39038004999210163,0.25,0.1
24510,28,0.2,0.13333333333333333,0.14606834984270645,0.03571428571428571,0.2,0.2,0.14545454545454545,0.15840915256850246,0.07142857142857142,0.2
1515,1,1.0,0.0,0.0,1.0,0.2,1.0,0.0,0.0,1.0,0.1
3176,22,0.4,0.4666666666666666,0.48522855511632257,0.09090909090909091,0.4,0.2,0.3090909090909091,0.31488013066763093,0.09090909090909091,0.2
6618,4,0.25,0.2142857142857143,0.19519002499605081,0.25,0.2,0.5,0.23529411764705882,0.19519002499605081,0.5,0.2
2705,4,0.0,0.0,0.0,0.0,0.0,0.0,0.0,0.0,0.0,0.0
10238,24,0.2,0.13333333333333333,0.14606834984270645,0.041666666666666664,0.2,0.2,0.2,0.16815228646891084,0.08333333333333333,0.2
17741,32,0.6,0.6666666666666666,0.6843515475204854,0.09375,0.6,0.6,0.6727272727272727,0.6652907408280683,0.1875,0.6
14646,44,0.4,0.6,0.5531464700081437,0.045454545454545456,0.4,0.3,0.43636363636363634,0.43735247915031,0.06818181818181818,0.3
27621,28,0.0,0.0,0.0,0.0,0.0,0.1,0.036363636363636355,0.06625422345438903,0.03571428571428571,0.1
1542,8,0.2,0.3333333333333333,0.33916020527361607,0.125,0.2,0.125,0.1923076923076923,0.2529427027676571,0.125,0.1
18858,3,0.0,0.0,0.0,0.0,0.0,0.0,0.0,0.0,0.0,0.0
17778,6,0.2,0.3333333333333333,0.33916020527361607,0.16666666666666666,0.2,0.16666666666666666,0.2222222222222222,0.30260241349881345,0.16666666666666666,0.1
426,1,0.0,0.0,0.0,0.0,0.0,0.0,0.0,0.0,0.0,0.0
27184,10,0.2,0.3333333333333333,0.33916020527361607,0.1,0.2,0.1,0.18181818181818182,0.22009176629808014,0.1,0.1
27400,9,0.0,0.0,0.0,0.0,0.0,0.0,0.0,0.0,0.0,0.0
306,17,0.4,0.4666666666666666,0.38356636737133554,0.11764705882352941,0.4,0.2,0.30909090909090914,0.24890832702259458,0.11764705882352941,0.2
4746,17,0.4,0.19999999999999998,0.2772734273550482,0.11764705882352941,0.4,0.4,0.29090909090909084,0.30980649366451246,0.23529411764705882,0.4
11657,1,0.0,0.0,0.0,0.0,0.0,0.0,0.0,0.0,0.0,0.0
11401,6,0.0,0.0,0.0,0.0,0.0,0.0,0.0,0.0,0.0,0.0
4492,1,0.0,0.0,0.0,0.0,0.0,0.0,0.0,0.0,0.0,0.0
13785,3,0.0,0.0,0.0,0.0,0.0,0.0,0.0,0.0,0.0,0.0
15860,18,0.6,0.7333333333333334,0.6992148198508501,0.16666666666666666,0.6,0.4,0.5272727272727272,0.5231737964779627,0.2222222222222222,0.4
3116,23,0.4,0.4666666666666666,0.38356636737133554,0.08695652173913043,0.4,0.2,0.30909090909090914,0.24890832702259458,0.08695652173913043,0.2
23539,1,0.0,0.0,0.0,0.0,0.0,0.0,0.0,0.0,0.0,0.0
23070,21,0.0,0.0,0.0,0.0,0.0,0.0,0.0,0.0,0.0,0.0
21635,15,0.4,0.6,0.5531464700081437,0.13333333333333333,0.4,0.2,0.34545454545454546,0.3589542101716347,0.13333333333333333,0.2
7670,14,0.2,0.3333333333333333,0.33916020527361607,0.07142857142857142,0.2,0.1,0.18181818181818182,0.22009176629808014,0.07142857142857142,0.1
15562,9,0.0,0.0,0.0,0.0,0.0,0.0,0.0,0.0,0.0,0.0
10165,15,0.2,0.26666666666666666,0.2139862647345275,0.06666666666666667,0.2,0.1,0.16363636363636364,0.1388624438735545,0.06666666666666667,0.1
9561,7,0.0,0.0,0.0,0.0,0.0,0.14285714285714285,0.1020408163265306,0.0979129253499678,0.14285714285714285,0.1
6721,24,0.2,0.19999999999999998,0.16958010263680803,0.041666666666666664,0.2,0.2,0.16363636363636364,0.1736666713479918,0.08333333333333333,0.2
29301,35,0.4,0.5333333333333333,0.5087403079104241,0.05714285714285714,0.4,0.3,0.38181818181818183,0.3995688713838974,0.08571428571428572,0.3
23331,8,0.0,0.0,0.0,0.0,0.0,0.25,0.13461538461538464,0.1641087728183339,0.25,0.2
2424,26,0.6,0.7999999999999999,0.7227265726449518,0.11538461538461539,0.6,0.3,0.49090909090909096,0.46900009332067477,0.11538461538461539,0.3
21136,2,0.0,0.0,0.0,0.0,0.0,0.0,0.0,0.0,0.0,0.0
18237,15,0.4,0.4666666666666666,0.48522855511632257,0.13333333333333333,0.4,0.2,0.3090909090909091,0.31488013066763093,0.13333333333333333,0.2
4583,1,0.0,0.0,0.0,0.0,0.0,0.0,0.0,0.0,0.0,0.0
18654,8,0.2,0.06666666666666665,0.13120507751234176,0.125,0.2,0.375,0.1923076923076923,0.1821658288910461,0.375,0.3
25008,3,0.3333333333333333,0.25,0.23463936301137822,0.3333333333333333,0.2,0.3333333333333333,0.2962962962962963,0.23463936301137822,0.3333333333333333,0.1
10586,45,0.2,0.26666666666666666,0.2139862647345275,0.022222222222222223,0.2,0.2,0.23636363636363636,0.21222636597291453,0.044444444444444446,0.2
6472,18,0.6,0.6666666666666666,0.6548086577531306,0.16666666666666666,0.6,0.4,0.5272727272727272,0.49828993591603105,0.2222222222222222,0.4
21699,11,0.0,0.0,0.0,0.0,0.0,0.0,0.0,0.0,0.0,0.0
182,7,0.0,0.0,0.0,0.0,0.0,0.0,0.0,0.0,0.0,0.0
7123,12,0.0,0.0,0.0,0.0,0.0,0.0,0.0,0.0,0.0,0.0
617,6,0.0,0.0,0.0,0.0,0.0,0.16666666666666666,0.1111111111111111,0.10778915452451095,0.16666666666666666,0.1
27748,18,0.2,0.3333333333333333,0.33916020527361607,0.05555555555555555,0.2,0.1,0.18181818181818182,0.22009176629808014,0.05555555555555555,0.1
6727,4,0.25,0.14285714285714288,0.16812753627111746,0.25,0.2,0.5,0.20588235294117643,0.16812753627111746,0.5,0.2
15038,4,0.0,0.0,0.0,0.0,0.0,0.0,0.0,0.0,0.0,0.0
16116,33,0.2,0.13333333333333333,0.14606834984270645,0.030303030303030304,0.2,0.1,0.12727272727272726,0.09478836436955078,0.030303030303030304,0.1
5375,1,0.0,0.0,0.0,0.0,0.0,0.0,0.0,0.0,0.0,0.0
10273,8,0.2,0.19999999999999998,0.16958010263680803,0.125,0.2,0.125,0.15384615384615385,0.12647135138382856,0.125,0.1
12574,16,0.2,0.26666666666666666,0.2139862647345275,0.0625,0.2,0.1,0.16363636363636364,0.1388624438735545,0.0625,0.1
25939,4,0.5,0.6428571428571429,0.6366824387328316,0.5,0.4,0.75,0.5588235294117646,0.6366824387328316,0.75,0.3
14396,14,0.6,0.7333333333333334,0.6992148198508501,0.21428571428571427,0.6,0.7,0.6909090909090908,0.7353797772725617,0.5,0.7
19016,6,0.0,0.0,0.0,0.0,0.0,0.0,0.0,0.0,0.0,0.0
6989,8,0.4,0.19999999999999998,0.2772734273550482,0.25,0.4,0.375,0.32692307692307687,0.29110232150880205,0.375,0.3
4760,28,0.2,0.06666666666666665,0.13120507751234176,0.03571428571428571,0.2,0.2,0.18181818181818182,0.15850703974098102,0.07142857142857142,0.2
20653,16,0.2,0.3333333333333333,0.33916020527361607,0.0625,0.2,0.2,0.2,0.2837125544970318,0.125,0.2
28394,15,0.2,0.19999999999999998,0.16958010263680803,0.06666666666666667,0.2,0.2,0.23636363636363636,0.1884441521277154,0.13333333333333333,0.2
13636,47,0.6,0.7999999999999999,0.7227265726449518,0.06382978723404255,0.6,0.3,0.49090909090909096,0.46900009332067477,0.06382978723404255,0.3
19442,4,0.25,0.14285714285714288,0.16812753627111746,0.25,0.2,0.25,0.20588235294117643,0.16812753627111746,0.25,0.1
6050,8,0.2,0.3333333333333333,0.33916020527361607,0.125,0.2,0.125,0.1923076923076923,0.2529427027676571,0.125,0.1
21867,9,0.0,0.0,0.0,0.0,0.0,0.0,0.0,0.0,0.0,0.0
28466,1,1.0,0.0,0.0,1.0,0.2,1.0,0.0,0.0,1.0,0.1
24461,2,0.5,0.5555555555555556,0.6131471927654584,0.5,0.2,0.5,0.5263157894736842,0.6131471927654584,0.5,0.1
11422,10,0.0,0.0,0.0,0.0,0.0,0.0,0.0,0.0,0.0,0.0
17595,13,0.2,0.19999999999999998,0.16958010263680803,0.07692307692307693,0.2,0.2,0.23636363636363636,0.1884441521277154,0.15384615384615385,0.2
27916,16,0.0,0.0,0.0,0.0,0.0,0.0,0.0,0.0,0.0,0.0
6477,27,0.4,0.19999999999999998,0.2772734273550482,0.07407407407407407,0.4,0.3,0.2727272727272727,0.24618570546556073,0.1111111111111111,0.3
8990,9,0.4,0.39999999999999997,0.4703652827859578,0.2222222222222222,0.4,0.3333333333333333,0.37037037037037035,0.4043220965049593,0.3333333333333333,0.3
30102,3,0.0,0.0,0.0,0.0,0.0,0.0,0.0,0.0,0.0,0.0
18671,4,0.0,0.0,0.0,0.0,0.0,0.0,0.0,0.0,0.0,0.0
5377,15,0.2,0.3333333333333333,0.33916020527361607,0.06666666666666667,0.2,0.3,0.32727272727272727,0.36792125721353275,0.2,0.3
3206,4,0.25,0.28571428571428575,0.2463023887407299,0.25,0.2,0.25,0.2647058823529412,0.2463023887407299,0.25,0.1
20085,8,0.2,0.3333333333333333,0.33916020527361607,0.125,0.2,0.125,0.1923076923076923,0.2529427027676571,0.125,0.1
8516,28,0.6,0.6,0.6399453854227659,0.10714285714285714,0.6,0.3,0.43636363636363634,0.4152807670887412,0.10714285714285714,0.3
19991,28,0.4,0.3333333333333333,0.31564845247951445,0.07142857142857142,0.4,0.4,0.41818181818181815,0.3526637384340434,0.14285714285714285,0.4
2603,4,0.25,0.28571428571428575,0.2463023887407299,0.25,0.2,0.25,0.2647058823529412,0.2463023887407299,0.25,0.1
16495,16,0.0,0.0,0.0,0.0,0.0,0.0,0.0,0.0,0.0,0.0
18934,5,0.0,0.0,0.0,0.0,0.0,0.0,0.0,0.0,0.0,0.0
15190,4,0.0,0.0,0.0,0.0,0.0,0.0,0.0,0.0,0.0,0.0
4736,12,0.2,0.3333333333333333,0.33916020527361607,0.08333333333333333,0.2,0.1,0.18181818181818182,0.22009176629808014,0.08333333333333333,0.1
17984,1,0.0,0.0,0.0,0.0,0.0,0.0,0.0,0.0,0.0,0.0
19123,1,0.0,0.0,0.0,0.0,0.0,0.0,0.0,0.0,0.0,0.0
11969,6,0.2,0.3333333333333333,0.33916020527361607,0.16666666666666666,0.2,0.3333333333333333,0.2222222222222222,0.30260241349881345,0.3333333333333333,0.2
11444,21,0.6,0.5333333333333333,0.6164336326286642,0.14285714285714285,0.6,0.4,0.45454545454545453,0.4662774717636409,0.19047619047619047,0.4
22341,7,0.0,0.0,0.0,0.0,0.0,0.0,0.0,0.0,0.0,0.0
30704,17,0.4,0.6,0.5531464700081437,0.11764705882352941,0.4,0.2,0.34545454545454546,0.3589542101716347,0.11764705882352941,0.2
11116,5,0.2,0.26666666666666666,0.2139862647345275,0.2,0.2,0.2,0.225,0.2139862647345275,0.2,0.1
3758,2,0.5,0.5555555555555556,0.6131471927654584,0.5,0.2,0.5,0.5263157894736842,0.6131471927654584,0.5,0.1
26101,1,0.0,0.0,0.0,0.0,0.0,0.0,0.0,0.0,0.0,0.0
826,1,0.0,0.0,0.0,0.0,0.0,0.0,0.0,0.0,0.0,0.0
28423,11,0.0,0.0,0.0,0.0,0.0,0.0,0.0,0.0,0.0,0.0
24515,14,0.2,0.3333333333333333,0.33916020527361607,0.07142857142857142,0.2,0.1,0.18181818181818182,0.22009176629808014,0.07142857142857142,0.1
23584,5,0.2,0.3333333333333333,0.33916020527361607,0.2,0.2,0.2,0.25,0.33916020527361607,0.2,0.1
7566,18,0.4,0.4666666666666666,0.48522855511632257,0.1111111111111111,0.4,0.4,0.36363636363636365,0.4447551423209717,0.2222222222222222,0.4
27305,1,0.0,0.0,0.0,0.0,0.0,0.0,0.0,0.0,0.0,0.0
28506,4,0.25,0.0,0.0,0.25,0.2,0.25,0.0,0.0,0.25,0.1
30117,5,0.0,0.0,0.0,0.0,0.0,0.0,0.0,0.0,0.0,0.0
16125,14,0.4,0.4000000000000001,0.3600546145772339,0.14285714285714285,0.4,0.2,0.29090909090909095,0.23365080824310527,0.14285714285714285,0.2
10370,1,1.0,1.0,1.0,1.0,0.2,1.0,1.0,1.0,1.0,0.1
28713,57,0.4,0.4666666666666666,0.48522855511632257,0.03508771929824561,0.4,0.6,0.5636363636363637,0.6023277671368327,0.10526315789473684,0.6
11887,21,0.4,0.4000000000000001,0.3600546145772339,0.09523809523809523,0.4,0.2,0.29090909090909095,0.23365080824310527,0.09523809523809523,0.2
28062,30,0.2,0.13333333333333333,0.14606834984270645,0.03333333333333333,0.2,0.2,0.18181818181818182,0.16421958630632802,0.06666666666666667,0.2
15024,32,0.6,0.7333333333333334,0.6992148198508501,0.09375,0.6,0.4,0.5454545454545454,0.5271064966405455,0.125,0.4
20938,19,0.2,0.26666666666666666,0.2139862647345275,0.05263157894736842,0.2,0.1,0.16363636363636364,0.1388624438735545,0.05263157894736842,0.1
25230,2,0.0,0.0,0.0,0.0,0.0,0.0,0.0,0.0,0.0,0.0
9447,88,0.8,0.7333333333333334,0.7860137352654724,0.045454545454545456,0.8,0.7,0.7454545454545454,0.7254521107352792,0.07954545454545454,0.7
31011,10,0.2,0.06666666666666665,0.13120507751234176,0.1,0.2,0.1,0.10909090909090909,0.08514311764162097,0.1,0.1
1168,27,0.2,0.19999999999999998,0.16958010263680803,0.037037037037037035,0.2,0.2,0.18181818181818182,0.1763001066034291,0.07407407407407407,0.2
11147,3,0.0,0.0,0.0,0.0,0.0,0.0,0.0,0.0,0.0,0.0
14494,30,0.2,0.3333333333333333,0.33916020527361607,0.03333333333333333,0.2,0.1,0.18181818181818182,0.22009176629808014,0.03333333333333333,0.1
9893,14,0.2,0.3333333333333333,0.33916020527361607,0.07142857142857142,0.2,0.2,0.2545454545454545,0.29345568839744024,0.14285714285714285,0.2
27950,11,0.0,0.0,0.0,0.0,0.0,0.2,0.07272727272727274,0.13305201013572895,0.18181818181818182,0.2
9193,1,0.0,0.0,0.0,0.0,0.0,0.0,0.0,0.0,0.0,0.0
7137,12,0.2,0.19999999999999998,0.16958010263680803,0.08333333333333333,0.2,0.1,0.14545454545454548,0.11004588314904007,0.08333333333333333,0.1
11034,11,0.2,0.3333333333333333,0.33916020527361607,0.09090909090909091,0.2,0.1,0.18181818181818182,0.22009176629808014,0.09090909090909091,0.1
21916,8,0.0,0.0,0.0,0.0,0.0,0.125,0.0,0.0,0.125,0.1
17507,3,0.0,0.0,0.0,0.0,0.0,0.0,0.0,0.0,0.0,0.0
11972,18,0.2,0.3333333333333333,0.33916020527361607,0.05555555555555555,0.2,0.1,0.18181818181818182,0.22009176629808014,0.05555555555555555,0.1
4793,9,0.2,0.3333333333333333,0.33916020527361607,0.1111111111111111,0.2,0.2222222222222222,0.27777777777777773,0.3187704634136788,0.2222222222222222,0.2
2184,3,0.3333333333333333,0.4166666666666667,0.46927872602275644,0.3333333333333333,0.2,0.3333333333333333,0.37037037037037035,0.46927872602275644,0.3333333333333333,0.1
15721,10,0.2,0.19999999999999998,0.16958010263680803,0.1,0.2,0.1,0.14545454545454548,0.11004588314904007,0.1,0.1
20810,28,0.2,0.26666666666666666,0.2139862647345275,0.03571428571428571,0.2,0.3,0.2909090909090909,0.28351493630661884,0.10714285714285714,0.3
30802,1,0.0,0.0,0.0,0.0,0.0,0.0,0.0,0.0,0.0,0.0
18168,14,0.4,0.4666666666666666,0.38356636737133554,0.14285714285714285,0.4,0.3,0.4,0.3273065960012699,0.21428571428571427,0.3
27618,2,0.0,0.0,0.0,0.0,0.0,0.0,0.0,0.0,0.0,0.0
10260,1,0.0,0.0,0.0,0.0,0.0,0.0,0.0,0.0,0.0,0.0
30302,6,0.0,0.0,0.0,0.0,0.0,0.16666666666666666,0.1111111111111111,0.10778915452451095,0.16666666666666666,0.1
23863,2,0.5,0.5555555555555556,0.6131471927654584,0.5,0.2,0.5,0.5263157894736842,0.6131471927654584,0.5,0.1
3821,12,0.2,0.3333333333333333,0.33916020527361607,0.08333333333333333,0.2,0.2,0.2727272727272727,0.2984900352767555,0.16666666666666666,0.2
8929,13,0.2,0.3333333333333333,0.33916020527361607,0.07692307692307693,0.2,0.1,0.18181818181818182,0.22009176629808014,0.07692307692307693,0.1
4291,34,0.4,0.39999999999999997,0.4703652827859578,0.058823529411764705,0.4,0.5,0.4727272727272727,0.5206178632166881,0.14705882352941177,0.5
6662,2,0.0,0.0,0.0,0.0,0.0,0.5,0.0,0.0,0.5,0.1
20166,23,0.4,0.26666666666666666,0.3007851801491498,0.08695652173913043,0.4,0.5,0.36363636363636365,0.394495234380779,0.21739130434782608,0.5
5246,4,0.0,0.0,0.0,0.0,0.0,0.0,0.0,0.0,0.0,0.0
16755,5,0.0,0.0,0.0,0.0,0.0,0.0,0.0,0.0,0.0,0.0
6887,16,0.8,0.8666666666666666,0.8539316501572936,0.25,0.8,0.4,0.6000000000000001,0.5541432109622958,0.25,0.4
16642,34,0.4,0.3333333333333333,0.34519134224686926,0.058823529411764705,0.4,0.6,0.49090909090909085,0.5056427642465515,0.17647058823529413,0.6
4298,3,0.0,0.0,0.0,0.0,0.0,0.0,0.0,0.0,0.0,0.0
12163,3,0.0,0.0,0.0,0.0,0.0,0.0,0.0,0.0,0.0,0.0
5960,7,0.4,0.5333333333333333,0.5087403079104241,0.2857142857142857,0.4,0.2857142857142857,0.36734693877551017,0.4123144993714362,0.2857142857142857,0.2
6969,24,0.0,0.0,0.0,0.0,0.0,0.1,0.05454545454545456,0.06943122193677725,0.041666666666666664,0.1
25114,1,0.0,0.0,0.0,0.0,0.0,0.0,0.0,0.0,0.0,0.0
9388,15,0.0,0.0,0.0,0.0,0.0,0.0,0.0,0.0,0.0,0.0
26922,43,0.6,0.6666666666666666,0.6843515475204854,0.06976744186046512,0.6,0.4,0.509090909090909,0.5135285497500329,0.09302325581395349,0.4
6067,42,0.4,0.6,0.5531464700081437,0.047619047619047616,0.4,0.3,0.3818181818181818,0.42520843362602373,0.07142857142857142,0.3
16275,18,0.4,0.6,0.5531464700081437,0.1111111111111111,0.4,0.2,0.34545454545454546,0.3589542101716347,0.1111111111111111,0.2
6225,30,0.6,0.39999999999999997,0.4468535299918562,0.1,0.6,0.5,0.5454545454545454,0.44173955623824723,0.16666666666666666,0.5
11868,14,0.4,0.6,0.5531464700081437,0.14285714285714285,0.4,0.2,0.34545454545454546,0.3589542101716347,0.14285714285714285,0.2
22902,4,0.25,0.35714285714285715,0.39038004999210163,0.25,0.2,0.75,0.2941176470588235,0.39038004999210163,0.75,0.3
7822,3,0.3333333333333333,0.0,0.0,0.3333333333333333,0.2,0.6666666666666666,0.0,0.0,0.6666666666666666,0.2
9,40,0.0,0.0,0.0,0.0,0.0,0.1,0.07272727272727274,0.07336392209936006,0.025,0.1
22756,5,0.2,0.3333333333333333,0.33916020527361607,0.2,0.2,0.2,0.25,0.33916020527361607,0.2,0.1
20157,2,0.0,0.0,0.0,0.0,0.0,0.0,0.0,0.0,0.0,0.0
29179,32,0.4,0.5333333333333333,0.5087403079104241,0.0625,0.4,0.4,0.49090909090909085,0.48189984052515555,0.125,0.4
21139,2,0.0,0.0,0.0,0.0,0.0,0.0,0.0,0.0,0.0,0.0
5054,5,0.0,0.0,0.0,0.0,0.0,0.0,0.0,0.0,0.0,0.0
839,16,0.4,0.3333333333333333,0.34519134224686926,0.125,0.4,0.2,0.2727272727272727,0.22400556151517548,0.125,0.2
17906,12,0.2,0.26666666666666666,0.2139862647345275,0.08333333333333333,0.2,0.2,0.2,0.2051166673279435,0.16666666666666666,0.2
30447,17,0.4,0.5333333333333333,0.5087403079104241,0.11764705882352941,0.4,0.2,0.32727272727272727,0.3301376494471202,0.11764705882352941,0.2
26739,30,0.6,0.6,0.6399453854227659,0.1,0.6,0.4,0.509090909090909,0.4886446891881013,0.13333333333333333,0.4
2255,2,0.0,0.0,0.0,0.0,0.0,0.5,0.0,0.0,0.5,0.1
3895,4,0.75,0.5714285714285715,0.5855700749881524,0.75,0.6,0.75,0.5294117647058824,0.5855700749881524,0.75,0.3
19131,7,0.0,0.0,0.0,0.0,0.0,0.0,0.0,0.0,0.0,0.0
2340,24,0.6,0.5333333333333333,0.6164336326286642,0.125,0.6,0.4,0.49090909090909085,0.47338717040861195,0.16666666666666666,0.4
7130,19,0.2,0.06666666666666665,0.13120507751234176,0.05263157894736842,0.2,0.3,0.2727272727272727,0.23690530871965637,0.15789473684210525,0.3
290,2,0.0,0.0,0.0,0.0,0.0,0.0,0.0,0.0,0.0,0.0
11678,22,0.6,0.6666666666666666,0.6548086577531306,0.13636363636363635,0.6,0.7,0.7090909090909091,0.7123736502858726,0.3181818181818182,0.7
24338,2,0.0,0.0,0.0,0.0,0.0,0.0,0.0,0.0,0.0,0.0
16693,35,0.4,0.19999999999999998,0.2772734273550482,0.05714285714285714,0.4,0.3,0.309090909090909,0.2532954041105318,0.08571428571428572,0.3
25279,4,0.5,0.35714285714285715,0.39038004999210163,0.5,0.4,0.5,0.2941176470588235,0.39038004999210163,0.5,0.2
12285,26,0.4,0.6,0.5531464700081437,0.07692307692307693,0.4,0.3,0.43636363636363634,0.43735247915031,0.11538461538461539,0.3
10568,11,0.4,0.6,0.5531464700081437,0.18181818181818182,0.4,0.2,0.34545454545454546,0.3589542101716347,0.18181818181818182,0.2
20155,5,0.0,0.0,0.0,0.0,0.0,0.2,0.0,0.0,0.2,0.1
26819,1,0.0,0.0,0.0,0.0,0.0,0.0,0.0,0.0,0.0,0.0
23923,26,0.4,0.4666666666666666,0.38356636737133554,0.07692307692307693,0.4,0.2,0.30909090909090914,0.24890832702259458,0.07692307692307693,0.2
18871,11,0.4,0.19999999999999998,0.2772734273550482,0.18181818181818182,0.4,0.2,0.23636363636363633,0.17993148201117173,0.18181818181818182,0.2
11968,2,0.0,0.0,0.0,0.0,0.0,0.0,0.0,0.0,0.0,0.0
12800,11,0.0,0.0,0.0,0.0,0.0,0.0,0.0,0.0,0.0,0.0
8261,3,0.3333333333333333,0.25,0.23463936301137822,0.3333333333333333,0.2,0.3333333333333333,0.2962962962962963,0.23463936301137822,0.3333333333333333,0.1
22614,36,0.8,0.8666666666666666,0.8539316501572936,0.1111111111111111,0.8,0.4,0.6000000000000001,0.5541432109622958,0.1111111111111111,0.4
21718,56,0.4,0.6,0.5531464700081437,0.03571428571428571,0.4,0.5,0.5636363636363636,0.5801476231864473,0.08928571428571429,0.5
5866,3,0.6666666666666666,0.4166666666666667,0.46927872602275644,0.6666666666666666,0.4,0.6666666666666666,0.37037037037037035,0.46927872602275644,0.6666666666666666,0.2
18983,6,0.2,0.3333333333333333,0.33916020527361607,0.16666666666666666,0.2,0.16666666666666666,0.2222222222222222,0.30260241349881345,0.16666666666666666,0.1
14922,3,0.0,0.0,0.0,0.0,0.0,0.3333333333333333,0.0,0.0,0.3333333333333333,0.1
12959,59,0.4,0.6,0.5531464700081437,0.03389830508474576,0.4,0.4,0.47272727272727266,0.501749354207772,0.06779661016949153,0.4
7374,17,0.4,0.6,0.5531464700081437,0.11764705882352941,0.4,0.2,0.34545454545454546,0.3589542101716347,0.11764705882352941,0.2
2237,61,0.6,0.7999999999999999,0.7227265726449518,0.04918032786885246,0.6,0.6,0.6909090909090909,0.6870165078530992,0.09836065573770492,0.6
13208,45,0.4,0.6,0.5531464700081437,0.044444444444444446,0.4,0.2,0.34545454545454546,0.3589542101716347,0.044444444444444446,0.2
18621,1,0.0,0.0,0.0,0.0,0.0,0.0,0.0,0.0,0.0,0.0
18720,6,0.4,0.6,0.5531464700081437,0.3333333333333333,0.4,0.5,0.4222222222222222,0.4935232796777481,0.5,0.3
16151,5,0.4,0.5333333333333333,0.5087403079104241,0.4,0.4,0.8,0.45,0.5087403079104241,0.8,0.4
10035,5,0.0,0.0,0.0,0.0,0.0,0.0,0.0,0.0,0.0,0.0
11578,34,0.2,0.3333333333333333,0.33916020527361607,0.029411764705882353,0.2,0.2,0.2545454545454545,0.29345568839744024,0.058823529411764705,0.2
439,5,0.2,0.19999999999999998,0.16958010263680803,0.2,0.2,0.4,0.2,0.16958010263680803,0.4,0.2
17975,4,0.0,0.0,0.0,0.0,0.0,0.0,0.0,0.0,0.0,0.0
29307,4,0.0,0.0,0.0,0.0,0.0,0.0,0.0,0.0,0.0,0.0
17726,13,0.2,0.19999999999999998,0.16958010263680803,0.07692307692307693,0.2,0.3,0.29090909090909095,0.2578753740644926,0.23076923076923078,0.3
17551,9,0.2,0.3333333333333333,0.33916020527361607,0.1111111111111111,0.2,0.1111111111111111,0.18518518518518517,0.23504554941448538,0.1111111111111111,0.1
23447,9,0.2,0.13333333333333333,0.14606834984270645,0.1111111111111111,0.2,0.2222222222222222,0.16666666666666663,0.17198436893338082,0.2222222222222222,0.2
12155,9,0.2,0.19999999999999998,0.16958010263680803,0.1111111111111111,0.2,0.1111111111111111,0.14814814814814814,0.11752277470724269,0.1111111111111111,0.1
23690,3,0.0,0.0,0.0,0.0,0.0,0.0,0.0,0.0,0.0,0.0
13086,4,0.0,0.0,0.0,0.0,0.0,0.0,0.0,0.0,0.0,0.0
5769,5,0.0,0.0,0.0,0.0,0.0,0.0,0.0,0.0,0.0,0.0
9717,26,0.2,0.06666666666666665,0.13120507751234176,0.038461538461538464,0.2,0.2,0.12727272727272726,0.14876390584057267,0.07692307692307693,0.2
29919,33,0.4,0.39999999999999997,0.4703652827859578,0.06060606060606061,0.4,0.2,0.29090909090909095,0.3052348839397011,0.06060606060606061,0.2
2551,6,0.2,0.3333333333333333,0.33916020527361607,0.16666666666666666,0.2,0.16666666666666666,0.2222222222222222,0.30260241349881345,0.16666666666666666,0.1
383,16,0.2,0.19999999999999998,0.16958010263680803,0.0625,0.2,0.1,0.14545454545454548,0.11004588314904007,0.0625,0.1
18524,40,0.8,0.7333333333333334,0.7860137352654724,0.1,0.8,0.5,0.5818181818181819,0.5736899196572437,0.125,0.5
27961,43,0.4,0.39999999999999997,0.4703652827859578,0.046511627906976744,0.4,0.2,0.29090909090909095,0.3052348839397011,0.046511627906976744,0.2
4716,28,0.6,0.6666666666666666,0.6843515475204854,0.10714285714285714,0.6,0.6,0.6727272727272727,0.6652907408280683,0.21428571428571427,0.6
21373,16,0.2,0.19999999999999998,0.16958010263680803,0.0625,0.2,0.2,0.18181818181818182,0.1763001066034291,0.125,0.2
15521,4,0.5,0.5,0.4414924137367807,0.5,0.4,0.75,0.5,0.4414924137367807,0.75,0.3
72,4,0.25,0.14285714285714288,0.16812753627111746,0.25,0.2,0.25,0.20588235294117643,0.16812753627111746,0.25,0.1
14185,11,0.2,0.3333333333333333,0.33916020527361607,0.09090909090909091,0.2,0.2,0.23636363636363636,0.2895229882348574,0.18181818181818182,0.2
10538,1,0.0,0.0,0.0,0.0,0.0,0.0,0.0,0.0,0.0,0.0
30405,4,0.0,0.0,0.0,0.0,0.0,0.0,0.0,0.0,0.0,0.0
22554,11,0.2,0.3333333333333333,0.33916020527361607,0.09090909090909091,0.2,0.1,0.18181818181818182,0.22009176629808014,0.09090909090909091,0.1
20437,3,0.6666666666666666,0.4166666666666667,0.46927872602275644,0.6666666666666666,0.4,0.6666666666666666,0.37037037037037035,0.46927872602275644,0.6666666666666666,0.2
15379,7,0.2,0.06666666666666665,0.13120507751234176,0.14285714285714285,0.2,0.14285714285714285,0.12244897959183672,0.10633668103022983,0.14285714285714285,0.1
6268,17,0.4,0.39999999999999997,0.4703652827859578,0.11764705882352941,0.4,0.3,0.36363636363636365,0.37859880603906115,0.17647058823529413,0.3
599,4,0.0,0.0,0.0,0.0,0.0,0.0,0.0,0.0,0.0,0.0
22190,6,0.0,0.0,0.0,0.0,0.0,0.0,0.0,0.0,0.0,0.0
4489,3,0.3333333333333333,0.4166666666666667,0.46927872602275644,0.3333333333333333,0.2,0.3333333333333333,0.37037037037037035,0.46927872602275644,0.3333333333333333,0.1
1872,7,0.2,0.13333333333333333,0.14606834984270645,0.14285714285714285,0.2,0.2857142857142857,0.14285714285714285,0.11838279295536291,0.2857142857142857,0.2
4691,2,0.0,0.0,0.0,0.0,0.0,0.0,0.0,0.0,0.0,0.0
8903,47,0.6,0.39999999999999997,0.4468535299918562,0.06382978723404255,0.6,0.7,0.6363636363636364,0.5774250016294135,0.14893617021276595,0.7
22379,20,0.4,0.6,0.5531464700081437,0.1,0.4,0.3,0.36363636363636365,0.4225749983705864,0.15,0.3
20148,21,0.4,0.6,0.5531464700081437,0.09523809523809523,0.4,0.3,0.3818181818181818,0.42520843362602373,0.14285714285714285,0.3
19498,35,0.2,0.3333333333333333,0.33916020527361607,0.02857142857142857,0.2,0.2,0.23636363636363636,0.2895229882348574,0.05714285714285714,0.2
8520,7,0.4,0.6,0.5531464700081437,0.2857142857142857,0.4,0.2857142857142857,0.38775510204081626,0.4483039899025303,0.2857142857142857,0.2
11407,46,0.4,0.3333333333333333,0.34519134224686926,0.043478260869565216,0.4,0.3,0.29090909090909095,0.28762634971412715,0.06521739130434782,0.3
8448,5,0.0,0.0,0.0,0.0,0.0,0.2,0.0,0.0,0.2,0.1
4177,3,0.0,0.0,0.0,0.0,0.0,0.0,0.0,0.0,0.0,0.0
13668,7,0.2,0.3333333333333333,0.33916020527361607,0.14285714285714285,0.2,0.14285714285714285,0.2040816326530612,0.27487633291429087,0.14285714285714285,0.1
27612,443,0.6,0.7999999999999999,0.7227265726449518,0.006772009029345372,0.6,0.6,0.6727272727272727,0.684383072597662,0.013544018058690745,0.6
1712,6,0.6,0.46666666666666673,0.4912596920895757,0.5,0.6,0.5,0.48888888888888893,0.4383072252272688,0.5,0.3
6209,6,0.6,0.39999999999999997,0.4468535299918562,0.5,0.6,0.6666666666666666,0.5777777777777778,0.5064767203222518,0.6666666666666666,0.4
10849,1,0.0,0.0,0.0,0.0,0.0,0.0,0.0,0.0,0.0,0.0
12001,7,0.0,0.0,0.0,0.0,0.0,0.0,0.0,0.0,0.0,0.0
25723,17,0.6,0.6,0.6399453854227659,0.17647058823529413,0.6,0.3,0.43636363636363634,0.4152807670887412,0.17647058823529413,0.3
16674,12,0.4,0.4666666666666666,0.48522855511632257,0.16666666666666666,0.4,0.3,0.4,0.3932783996463063,0.25,0.3
8754,1,0.0,0.0,0.0,0.0,0.0,0.0,0.0,0.0,0.0,0.0
16471,20,0.6,0.6666666666666666,0.6843515475204854,0.15,0.6,0.5,0.6,0.5919268187287082,0.25,0.5
16819,3,0.3333333333333333,0.4166666666666667,0.46927872602275644,0.3333333333333333,0.2,0.3333333333333333,0.37037037037037035,0.46927872602275644,0.3333333333333333,0.1
7427,3,0.3333333333333333,0.4166666666666667,0.46927872602275644,0.3333333333333333,0.2,0.3333333333333333,0.37037037037037035,0.46927872602275644,0.3333333333333333,0.1
21442,8,0.2,0.3333333333333333,0.33916020527361607,0.125,0.2,0.125,0.1923076923076923,0.2529427027676571,0.125,0.1
14510,1,0.0,0.0,0.0,0.0,0.0,0.0,0.0,0.0,0.0,0.0
26091,9,0.6,0.6,0.6399453854227659,0.3333333333333333,0.6,0.3333333333333333,0.4444444444444444,0.44349635474070687,0.3333333333333333,0.3
1237,3,0.0,0.0,0.0,0.0,0.0,0.0,0.0,0.0,0.0,0.0
7056,26,0.4,0.4666666666666666,0.38356636737133554,0.07692307692307693,0.4,0.4,0.41818181818181815,0.3885264725763437,0.15384615384615385,0.4
5183,2,0.5,0.0,0.0,0.5,0.2,0.5,0.0,0.0,0.5,0.1
30619,13,0.4,0.6,0.5531464700081437,0.15384615384615385,0.4,0.2,0.34545454545454546,0.3589542101716347,0.15384615384615385,0.2
23935,57,0.8,0.9333333333333332,0.8687949224876582,0.07017543859649122,0.8,0.6,0.7272727272727273,0.7058075148678526,0.10526315789473684,0.6
18222,2,0.0,0.0,0.0,0.0,0.0,0.5,0.0,0.0,0.5,0.1
10446,7,0.2,0.26666666666666666,0.2139862647345275,0.14285714285714285,0.2,0.14285714285714285,0.18367346938775508,0.17342765698823942,0.14285714285714285,0.1
20323,2,0.0,0.0,0.0,0.0,0.0,0.0,0.0,0.0,0.0,0.0
17863,18,0.2,0.3333333333333333,0.33916020527361607,0.05555555555555555,0.2,0.1,0.18181818181818182,0.22009176629808014,0.05555555555555555,0.1
11298,7,0.2,0.19999999999999998,0.16958010263680803,0.14285714285714285,0.2,0.2857142857142857,0.16326530612244897,0.13743816645714543,0.2857142857142857,0.2
11253,7,0.0,0.0,0.0,0.0,0.0,0.0,0.0,0.0,0.0,0.0
1162,13,0.0,0.0,0.0,0.0,0.0,0.0,0.0,0.0,0.0,0.0
14936,17,0.0,0.0,0.0,0.0,0.0,0.1,0.05454545454545456,0.06943122193677725,0.058823529411764705,0.1
12805,4,0.25,0.0,0.0,0.25,0.2,0.25,0.0,0.0,0.25,0.1
10482,4,0.5,0.5,0.5585075862632192,0.5,0.4,0.5,0.49999999999999994,0.5585075862632192,0.5,0.2
26311,49,0.6,0.6,0.6399453854227659,0.061224489795918366,0.6,0.4,0.47272727272727266,0.48153499054313026,0.08163265306122448,0.4
25277,1,1.0,1.0,1.0,1.0,0.2,1.0,1.0,1.0,1.0,0.1
27214,10,0.4,0.6,0.5531464700081437,0.2,0.4,0.4,0.39999999999999997,0.4888292218249754,0.4,0.4
25165,7,0.4,0.19999999999999998,0.2772734273550482,0.2857142857142857,0.4,0.5714285714285714,0.346938775510204,0.3163449182903564,0.5714285714285714,0.4
7610,3,0.0,0.0,0.0,0.0,0.0,0.0,0.0,0.0,0.0,0.0
6011,35,0.6,0.7999999999999999,0.7227265726449518,0.08571428571428572,0.6,0.3,0.49090909090909096,0.46900009332067477,0.08571428571428572,0.3
29973,6,0.0,0.0,0.0,0.0,0.0,0.0,0.0,0.0,0.0,0.0
15478,9,0.2,0.13333333333333333,0.14606834984270645,0.1111111111111111,0.2,0.1111111111111111,0.12962962962962962,0.10122860821230019,0.1111111111111111,0.1
1068,2,0.0,0.0,0.0,0.0,0.0,0.0,0.0,0.0,0.0,0.0
9243,24,0.4,0.4000000000000001,0.3600546145772339,0.08333333333333333,0.4,0.2,0.29090909090909095,0.23365080824310527,0.08333333333333333,0.2
23604,13,0.4,0.5333333333333333,0.5087403079104241,0.15384615384615385,0.4,0.4,0.4181818181818182,0.4671223597454319,0.3076923076923077,0.4
2102,11,0.0,0.0,0.0,0.0,0.0,0.1,0.09090909090909091,0.07839826897867533,0.09090909090909091,0.1
29996,18,0.2,0.13333333333333333,0.14606834984270645,0.05555555555555555,0.2,0.2,0.21818181818181817,0.1731866333482261,0.1111111111111111,0.2
13358,17,0.2,0.13333333333333333,0.14606834984270645,0.058823529411764705,0.2,0.2,0.2,0.16815228646891084,0.11764705882352941,0.2
24930,29,0.4,0.6,0.5531464700081437,0.06896551724137931,0.4,0.4,0.4181818181818182,0.49200622030736363,0.13793103448275862,0.4
12598,5,0.0,0.0,0.0,0.0,0.0,0.2,0.0,0.0,0.2,0.1
26769,6,0.0,0.0,0.0,0.0,0.0,0.0,0.0,0.0,0.0,0.0
8775,19,0.4,0.5333333333333333,0.5087403079104241,0.10526315789473684,0.4,0.2,0.32727272727272727,0.3301376494471202,0.10526315789473684,0.2
9318,26,0.4,0.4666666666666666,0.48522855511632257,0.07692307692307693,0.4,0.3,0.4,0.3932783996463063,0.11538461538461539,0.3
29806,3,0.0,0.0,0.0,0.0,0.0,0.3333333333333333,0.0,0.0,0.3333333333333333,0.1
22640,6,0.0,0.0,0.0,0.0,0.0,0.0,0.0,0.0,0.0,0.0
24552,19,0.4,0.5333333333333333,0.5087403079104241,0.10526315789473684,0.4,0.3,0.41818181818181815,0.4085359184257955,0.15789473684210525,0.3
13074,6,0.2,0.13333333333333333,0.14606834984270645,0.16666666666666666,0.2,0.16666666666666666,0.15555555555555556,0.13032376591037065,0.16666666666666666,0.1
3272,6,0.2,0.19999999999999998,0.16958010263680803,0.16666666666666666,0.2,0.16666666666666666,0.17777777777777778,0.15130120674940672,0.16666666666666666,0.1
18330,26,0.0,0.0,0.0,0.0,0.0,0.2,0.1272727272727273,0.1427951440361373,0.07692307692307693,0.2
2509,40,0.4,0.3333333333333333,0.34519134224686926,0.05,0.4,0.4,0.43636363636363634,0.3757677525932108,0.1,0.4
23806,31,0.0,0.0,0.0,0.0,0.0,0.2,0.1272727272727273,0.1427951440361373,0.06451612903225806,0.2
28623,39,0.6,0.7999999999999999,0.7227265726449518,0.07692307692307693,0.6,0.5,0.6181818181818183,0.6136525857537392,0.1282051282051282,0.5
26664,3,0.3333333333333333,0.0,0.0,0.3333333333333333,0.2,1.0,0.0,0.0,1.0,0.3
12692,8,0.2,0.13333333333333333,0.14606834984270645,0.125,0.2,0.25,0.23076923076923075,0.19903650127012357,0.25,0.2
12689,31,0.4,0.4666666666666666,0.48522855511632257,0.06451612903225806,0.4,0.3,0.34545454545454546,0.38113435412202,0.0967741935483871,0.3
7880,45,0.6,0.6666666666666666,0.6548086577531306,0.06666666666666667,0.6,0.4,0.5454545454545454,0.5033242827953462,0.08888888888888889,0.4
22302,1,0.0,0.0,0.0,0.0,0.0,0.0,0.0,0.0,0.0,0.0
1060,10,0.4,0.4666666666666666,0.38356636737133554,0.2,0.4,0.2,0.30909090909090914,0.24890832702259458,0.2,0.2
790,19,0.4,0.4666666666666666,0.38356636737133554,0.10526315789473684,0.4,0.4,0.45454545454545453,0.39673781793804713,0.21052631578947367,0.4
3809,35,0.4,0.4666666666666666,0.48522855511632257,0.05714285714285714,0.4,0.3,0.36363636363636365,0.3843113526044082,0.08571428571428572,0.3
22662,23,0.4,0.6,0.5531464700081437,0.08695652173913043,0.4,0.3,0.43636363636363634,0.43735247915031,0.13043478260869565,0.3
23638,1,0.0,0.0,0.0,0.0,0.0,0.0,0.0,0.0,0.0,0.0
4781,7,0.2,0.3333333333333333,0.33916020527361607,0.14285714285714285,0.2,0.14285714285714285,0.2040816326530612,0.27487633291429087,0.14285714285714285,0.1
7522,5,0.0,0.0,0.0,0.0,0.0,0.2,0.0,0.0,0.2,0.1
5504,1,1.0,1.0,1.0,1.0,0.2,1.0,1.0,1.0,1.0,0.1
28179,10,0.4,0.4666666666666666,0.48522855511632257,0.2,0.4,0.3,0.3272727272727272,0.3785009188665826,0.3,0.3
11959,7,0.4,0.6,0.5531464700081437,0.2857142857142857,0.4,0.42857142857142855,0.38775510204081626,0.4483039899025303,0.42857142857142855,0.3
19595,23,0.0,0.0,0.0,0.0,0.0,0.0,0.0,0.0,0.0,0.0
2842,47,0.4,0.6,0.5531464700081437,0.0425531914893617,0.4,0.5,0.49090909090909085,0.5672274908036508,0.10638297872340426,0.5
10394,16,0.2,0.3333333333333333,0.33916020527361607,0.0625,0.2,0.2,0.21818181818181817,0.28634598975246917,0.125,0.2
29653,5,0.4,0.5333333333333333,0.5087403079104241,0.4,0.4,0.4,0.45,0.5087403079104241,0.4,0.2
11956,3,0.0,0.0,0.0,0.0,0.0,0.0,0.0,0.0,0.0,0.0
21041,8,0.2,0.19999999999999998,0.16958010263680803,0.125,0.2,0.375,0.23076923076923078,0.21078558563971428,0.375,0.3
8840,21,0.4,0.39999999999999997,0.4703652827859578,0.09523809523809523,0.4,0.3,0.36363636363636365,0.37859880603906115,0.14285714285714285,0.3
1008,27,0.2,0.3333333333333333,0.33916020527361607,0.037037037037037035,0.2,0.2,0.2727272727272727,0.2984900352767555,0.07407407407407407,0.2
24172,4,0.0,0.0,0.0,0.0,0.0,0.0,0.0,0.0,0.0,0.0
18455,2,0.0,0.0,0.0,0.0,0.0,0.0,0.0,0.0,0.0,0.0
7945,24,0.2,0.26666666666666666,0.2139862647345275,0.041666666666666664,0.2,0.1,0.16363636363636364,0.1388624438735545,0.041666666666666664,0.1
4878,27,0.2,0.3333333333333333,0.33916020527361607,0.037037037037037035,0.2,0.4,0.3272727272727272,0.42650769853316917,0.14814814814814814,0.4
28685,14,0.2,0.06666666666666665,0.13120507751234176,0.07142857142857142,0.2,0.2,0.16363636363636364,0.15457433957839825,0.14285714285714285,0.2
14547,21,0.0,0.0,0.0,0.0,0.0,0.1,0.036363636363636355,0.06625422345438903,0.047619047619047616,0.1
24751,2,0.5,0.4444444444444445,0.3868528072345415,0.5,0.2,0.5,0.4736842105263158,0.3868528072345415,0.5,0.1
8710,66,0.8,0.6666666666666666,0.6608397947263838,0.06060606060606061,0.8,0.8,0.7454545454545456,0.7065443116025597,0.12121212121212122,0.8
18500,14,0.4,0.3333333333333333,0.31564845247951445,0.14285714285714285,0.4,0.3,0.3090909090909091,0.27108847097297983,0.21428571428571427,0.3
16666,43,0.4,0.6,0.5531464700081437,0.046511627906976744,0.4,0.3,0.43636363636363634,0.43735247915031,0.06976744186046512,0.3
10918,36,0.2,0.13333333333333333,0.14606834984270645,0.027777777777777776,0.2,0.3,0.21818181818181817,0.23047380976071705,0.08333333333333333,0.3
24678,12,0.2,0.3333333333333333,0.33916020527361607,0.08333333333333333,0.2,0.1,0.18181818181818182,0.22009176629808014,0.08333333333333333,0.1
7285,29,0.6,0.6,0.6399453854227659,0.10344827586206896,0.6,0.3,0.43636363636363634,0.4152807670887412,0.10344827586206896,0.3
30307,4,0.25,0.35714285714285715,0.39038004999210163,0.25,0.2,0.25,0.2941176470588235,0.39038004999210163,0.25,0.1
30493,6,0.2,0.06666666666666665,0.13120507751234176,0.16666666666666666,0.2,0.16666666666666666,0.13333333333333333,0.11706259313796352,0.16666666666666666,0.1
28228,15,0.0,0.0,0.0,0.0,0.0,0.1,0.09090909090909091,0.07839826897867533,0.06666666666666667,0.1
11604,16,0.4,0.4000000000000001,0.3600546145772339,0.125,0.4,0.2,0.29090909090909095,0.23365080824310527,0.125,0.2
9106,72,0.6,0.6,0.529634717214042,0.041666666666666664,0.6,0.4,0.5090909090909091,0.4170606134915054,0.05555555555555555,0.4
24732,3,0.3333333333333333,0.33333333333333337,0.29608191096586517,0.3333333333333333,0.2,0.3333333333333333,0.3333333333333333,0.29608191096586517,0.3333333333333333,0.1
4284,4,0.0,0.0,0.0,0.0,0.0,0.0,0.0,0.0,0.0,0.0
28533,2,0.0,0.0,0.0,0.0,0.0,0.0,0.0,0.0,0.0,0.0
26703,4,0.0,0.0,0.0,0.0,0.0,0.0,0.0,0.0,0.0,0.0
8385,2,0.0,0.0,0.0,0.0,0.0,0.0,0.0,0.0,0.0,0.0
3795,26,0.4,0.6,0.5531464700081437,0.07692307692307693,0.4,0.4,0.45454545454545453,0.49857235572538383,0.15384615384615385,0.4
133,11,0.4,0.3333333333333333,0.31564845247951445,0.18181818181818182,0.4,0.3,0.29090909090909095,0.26845503571754253,0.2727272727272727,0.3
19795,2,0.0,0.0,0.0,0.0,0.0,0.0,0.0,0.0,0.0,0.0
20774,5,0.0,0.0,0.0,0.0,0.0,0.0,0.0,0.0,0.0,0.0
18053,3,0.0,0.0,0.0,0.0,0.0,0.0,0.0,0.0,0.0,0.0
28276,10,0.2,0.3333333333333333,0.33916020527361607,0.1,0.2,0.2,0.2727272727272727,0.2984900352767555,0.2,0.2
20458,1,0.0,0.0,0.0,0.0,0.0,0.0,0.0,0.0,0.0,0.0
14449,3,0.0,0.0,0.0,0.0,0.0,0.0,0.0,0.0,0.0,0.0
247,1,0.0,0.0,0.0,0.0,0.0,0.0,0.0,0.0,0.0,0.0
27747,8,0.2,0.3333333333333333,0.33916020527361607,0.125,0.2,0.125,0.1923076923076923,0.2529427027676571,0.125,0.1
17590,12,0.2,0.19999999999999998,0.16958010263680803,0.08333333333333333,0.2,0.2,0.23636363636363636,0.1884441521277154,0.16666666666666666,0.2
27589,28,0.4,0.4666666666666666,0.38356636737133554,0.07142857142857142,0.4,0.2,0.30909090909090914,0.24890832702259458,0.07142857142857142,0.2
22015,44,0.4,0.4000000000000001,0.3600546145772339,0.045454545454545456,0.4,0.4,0.43636363636363645,0.3814802991585578,0.09090909090909091,0.4
14315,20,0.2,0.3333333333333333,0.33916020527361607,0.05,0.2,0.2,0.2545454545454545,0.29345568839744024,0.1,0.2
14665,3,0.0,0.0,0.0,0.0,0.0,0.0,0.0,0.0,0.0,0.0
18172,13,0.2,0.19999999999999998,0.16958010263680803,0.07692307692307693,0.2,0.1,0.14545454545454548,0.11004588314904007,0.07692307692307693,0.1
26337,2,0.0,0.0,0.0,0.0,0.0,0.0,0.0,0.0,0.0,0.0
6079,17,0.6,0.5333333333333333,0.6164336326286642,0.17647058823529413,0.6,0.4,0.509090909090909,0.4784215172879272,0.23529411764705882,0.4
3836,10,0.2,0.19999999999999998,0.16958010263680803,0.1,0.2,0.1,0.14545454545454548,0.11004588314904007,0.1,0.1
15172,32,0.2,0.3333333333333333,0.33916020527361607,0.03125,0.2,0.1,0.18181818181818182,0.22009176629808014,0.03125,0.1
15493,13,0.0,0.0,0.0,0.0,0.0,0.1,0.036363636363636355,0.06625422345438903,0.07692307692307693,0.1
26291,19,0.2,0.3333333333333333,0.33916020527361607,0.05263157894736842,0.2,0.2,0.23636363636363636,0.2895229882348574,0.10526315789473684,0.2
11746,5,0.4,0.4000000000000001,0.3600546145772339,0.4,0.4,0.4,0.4,0.3600546145772339,0.4,0.2
22676,20,0.8,0.9333333333333332,0.8687949224876582,0.2,0.8,0.5,0.7090909090909091,0.6421867266689009,0.25,0.5
17699,42,0.6,0.6666666666666666,0.6843515475204854,0.07142857142857142,0.6,0.5,0.6181818181818182,0.5958595188912911,0.11904761904761904,0.5
976,55,0.2,0.26666666666666666,0.2139862647345275,0.01818181818181818,0.2,0.3,0.3272727272727272,0.2906246349515899,0.05454545454545454,0.3
2445,7,0.0,0.0,0.0,0.0,0.0,0.0,0.0,0.0,0.0,0.0
6610,1,0.0,0.0,0.0,0.0,0.0,0.0,0.0,0.0,0.0,0.0
16584,6,0.2,0.19999999999999998,0.16958010263680803,0.16666666666666666,0.2,0.16666666666666666,0.17777777777777778,0.15130120674940672,0.16666666666666666,0.1
21332,2,0.5,0.0,0.0,0.5,0.2,0.5,0.0,0.0,0.5,0.1
8452,12,0.2,0.26666666666666666,0.2139862647345275,0.08333333333333333,0.2,0.1,0.16363636363636364,0.1388624438735545,0.08333333333333333,0.1
29837,52,0.4,0.6,0.5531464700081437,0.038461538461538464,0.4,0.3,0.41818181818181815,0.43231813227099475,0.057692307692307696,0.3
3976,6,0.2,0.3333333333333333,0.33916020527361607,0.16666666666666666,0.2,0.16666666666666666,0.2222222222222222,0.30260241349881345,0.16666666666666666,0.1
5754,4,0.25,0.35714285714285715,0.39038004999210163,0.25,0.2,0.25,0.2941176470588235,0.39038004999210163,0.25,0.1
2109,9,0.2,0.19999999999999998,0.16958010263680803,0.1111111111111111,0.2,0.1111111111111111,0.14814814814814814,0.11752277470724269,0.1111111111111111,0.1
19167,2,0.5,0.0,0.0,0.5,0.2,0.5,0.0,0.0,0.5,0.1
13162,2,0.0,0.0,0.0,0.0,0.0,0.0,0.0,0.0,0.0,0.0
8751,5,0.4,0.4666666666666666,0.48522855511632257,0.4,0.4,0.6,0.425,0.48522855511632257,0.6,0.3
17279,18,0.2,0.3333333333333333,0.33916020527361607,0.05555555555555555,0.2,0.2,0.21818181818181817,0.28634598975246917,0.1111111111111111,0.2
8410,1,0.0,0.0,0.0,0.0,0.0,0.0,0.0,0.0,0.0,0.0
22243,1,0.0,0.0,0.0,0.0,0.0,1.0,0.0,0.0,1.0,0.1
25967,12,0.2,0.3333333333333333,0.33916020527361607,0.08333333333333333,0.2,0.2,0.2545454545454545,0.29345568839744024,0.16666666666666666,0.2
605,7,0.0,0.0,0.0,0.0,0.0,0.14285714285714285,0.0,0.0,0.14285714285714285,0.1
16015,3,0.3333333333333333,0.0,0.0,0.3333333333333333,0.2,0.3333333333333333,0.0,0.0,0.3333333333333333,0.1
3062,26,1.0,1.0,1.0,0.19230769230769232,1.0,0.6,0.8181818181818182,0.727329844310522,0.23076923076923078,0.6
20982,12,0.2,0.26666666666666666,0.2139862647345275,0.08333333333333333,0.2,0.2,0.2545454545454545,0.21726071285222984,0.16666666666666666,0.2
30662,21,0.6,0.6666666666666666,0.6548086577531306,0.14285714285714285,0.6,0.6,0.5636363636363636,0.6242322474067891,0.2857142857142857,0.6
6025,4,0.5,0.5,0.5585075862632192,0.5,0.4,0.75,0.49999999999999994,0.5585075862632192,0.75,0.3
13946,12,0.2,0.19999999999999998,0.16958010263680803,0.08333333333333333,0.2,0.1,0.14545454545454548,0.11004588314904007,0.08333333333333333,0.1
9585,7,0.4,0.39999999999999997,0.4703652827859578,0.2857142857142857,0.4,0.2857142857142857,0.32653061224489793,0.3812130139445206,0.2857142857142857,0.2
22624,17,0.2,0.3333333333333333,0.33916020527361607,0.058823529411764705,0.2,0.2,0.2,0.2837125544970318,0.11764705882352941,0.2
6141,9,0.4,0.3333333333333333,0.34519134224686926,0.2222222222222222,0.4,0.2222222222222222,0.27777777777777773,0.2392252611891279,0.2222222222222222,0.2
3951,3,0.0,0.0,0.0,0.0,0.0,0.0,0.0,0.0,0.0,0.0
28804,31,0.4,0.39999999999999997,0.4703652827859578,0.06451612903225806,0.4,0.4,0.38181818181818183,0.4422195942380128,0.12903225806451613,0.4
11805,5,0.0,0.0,0.0,0.0,0.0,0.0,0.0,0.0,0.0,0.0
18056,35,0.4,0.6,0.5531464700081437,0.05714285714285714,0.4,0.3,0.41818181818181815,0.43231813227099475,0.08571428571428572,0.3
21456,4,0.0,0.0,0.0,0.0,0.0,0.0,0.0,0.0,0.0,0.0
31005,25,0.0,0.0,0.0,0.0,0.0,0.0,0.0,0.0,0.0,0.0
13572,24,0.4,0.39999999999999997,0.4703652827859578,0.08333333333333333,0.4,0.3,0.34545454545454546,0.3746661058764783,0.125,0.3
18479,13,0.4,0.4000000000000001,0.3600546145772339,0.15384615384615385,0.4,0.2,0.29090909090909095,0.23365080824310527,0.15384615384615385,0.2
23330,8,0.2,0.06666666666666665,0.13120507751234176,0.125,0.2,0.25,0.21153846153846154,0.1879516032875281,0.25,0.2
8661,18,0.2,0.06666666666666665,0.13120507751234176,0.05555555555555555,0.2,0.1,0.10909090909090909,0.08514311764162097,0.05555555555555555,0.1
1945,20,0.6,0.7333333333333334,0.6992148198508501,0.15,0.6,0.3,0.47272727272727266,0.4537425745411855,0.15,0.3
19216,73,0.8,0.8666666666666666,0.8539316501572936,0.0547945205479452,0.8,0.6,0.7636363636363637,0.7059054020403311,0.0821917808219178,0.6
27856,7,0.2,0.3333333333333333,0.33916020527361607,0.14285714285714285,0.2,0.14285714285714285,0.2040816326530612,0.27487633291429087,0.14285714285714285,0.1
29706,6,0.2,0.3333333333333333,0.33916020527361607,0.16666666666666666,0.2,0.16666666666666666,0.2222222222222222,0.30260241349881345,0.16666666666666666,0.1
15007,35,0.4,0.5333333333333333,0.5087403079104241,0.05714285714285714,0.4,0.4,0.49090909090909085,0.48189984052515555,0.11428571428571428,0.4
9097,8,0.4,0.4666666666666666,0.38356636737133554,0.25,0.4,0.25,0.3269230769230769,0.2860604285087249,0.25,0.2
2014,11,0.2,0.19999999999999998,0.16958010263680803,0.09090909090909091,0.2,0.1,0.14545454545454548,0.11004588314904007,0.09090909090909091,0.1
16977,22,0.4,0.4000000000000001,0.3600546145772339,0.09090909090909091,0.4,0.2,0.29090909090909095,0.23365080824310527,0.09090909090909091,0.2
5830,41,0.8,0.7333333333333334,0.7860137352654724,0.0975609756097561,0.8,0.8,0.7454545454545454,0.7827392871477701,0.1951219512195122,0.8
19416,2,0.5,0.5555555555555556,0.6131471927654584,0.5,0.2,0.5,0.5263157894736842,0.6131471927654584,0.5,0.1
19708,4,0.0,0.0,0.0,0.0,0.0,0.25,0.0,0.0,0.25,0.1
26019,29,0.4,0.26666666666666666,0.3007851801491498,0.06896551724137931,0.4,0.4,0.3818181818181818,0.3398414932237254,0.13793103448275862,0.4
21507,2,0.5,0.4444444444444445,0.3868528072345415,0.5,0.2,0.5,0.4736842105263158,0.3868528072345415,0.5,0.1
10664,6,0.2,0.3333333333333333,0.33916020527361607,0.16666666666666666,0.2,0.3333333333333333,0.2222222222222222,0.30260241349881345,0.3333333333333333,0.2
2877,5,0.4,0.4666666666666666,0.38356636737133554,0.4,0.4,0.4,0.42500000000000004,0.38356636737133554,0.4,0.2
8565,3,0.0,0.0,0.0,0.0,0.0,0.0,0.0,0.0,0.0,0.0
15808,3,0.0,0.0,0.0,0.0,0.0,0.0,0.0,0.0,0.0,0.0
4768,13,0.6,0.5333333333333333,0.5147714448836773,0.23076923076923078,0.6,0.4,0.49090909090909096,0.40741536676357565,0.3076923076923077,0.4
28584,2,0.5,0.5555555555555556,0.6131471927654584,0.5,0.2,0.5,0.5263157894736842,0.6131471927654584,0.5,0.1
6019,24,0.4,0.6,0.5531464700081437,0.08333333333333333,0.4,0.3,0.4,0.4283854321084119,0.125,0.3
9386,3,0.0,0.0,0.0,0.0,0.0,0.3333333333333333,0.0,0.0,0.3333333333333333,0.1
23857,8,0.2,0.13333333333333333,0.14606834984270645,0.125,0.2,0.125,0.1346153846153846,0.1089364926177559,0.125,0.1
17291,12,0.0,0.0,0.0,0.0,0.0,0.0,0.0,0.0,0.0,0.0
28600,2,0.0,0.0,0.0,0.0,0.0,0.0,0.0,0.0,0.0,0.0
8942,12,0.6,0.6,0.6399453854227659,0.25,0.6,0.6,0.6181818181818183,0.6293644814585828,0.5,0.6
6752,16,0.2,0.06666666666666665,0.13120507751234176,0.0625,0.2,0.1,0.10909090909090909,0.08514311764162097,0.0625,0.1
2300,3,0.6666666666666666,0.4166666666666667,0.46927872602275644,0.6666666666666666,0.4,0.6666666666666666,0.37037037037037035,0.46927872602275644,0.6666666666666666,0.2
10733,1,1.0,1.0,1.0,1.0,0.2,1.0,1.0,1.0,1.0,0.1
7818,7,0.4,0.3333333333333333,0.34519134224686926,0.2857142857142857,0.4,0.2857142857142857,0.3061224489795918,0.2797643380184692,0.2857142857142857,0.2
22223,2,0.5,0.0,0.0,0.5,0.2,0.5,0.0,0.0,0.5,0.1
18729,5,0.4,0.5333333333333333,0.5087403079104241,0.4,0.4,0.4,0.45,0.5087403079104241,0.4,0.2
30821,13,0.2,0.3333333333333333,0.33916020527361607,0.07692307692307693,0.2,0.1,0.18181818181818182,0.22009176629808014,0.07692307692307693,0.1
11171,5,0.0,0.0,0.0,0.0,0.0,0.2,0.0,0.0,0.2,0.1
6620,7,0.0,0.0,0.0,0.0,0.0,0.0,0.0,0.0,0.0,0.0
19395,10,0.4,0.6,0.5531464700081437,0.2,0.4,0.3,0.3818181818181818,0.42520843362602373,0.3,0.3
12909,4,0.5,0.35714285714285715,0.39038004999210163,0.5,0.4,0.5,0.2941176470588235,0.39038004999210163,0.5,0.2
6617,11,0.2,0.3333333333333333,0.33916020527361607,0.09090909090909091,0.2,0.1,0.18181818181818182,0.22009176629808014,0.09090909090909091,0.1
21320,25,0.4,0.3333333333333333,0.31564845247951445,0.08,0.4,0.3,0.32727272727272727,0.27426546945536806,0.12,0.3
11803,6,0.2,0.3333333333333333,0.33916020527361607,0.16666666666666666,0.2,0.16666666666666666,0.2222222222222222,0.30260241349881345,0.16666666666666666,0.1
7928,91,0.4,0.3333333333333333,0.31564845247951445,0.02197802197802198,0.4,0.4,0.41818181818181815,0.3526637384340434,0.04395604395604396,0.4
21450,2,0.5,0.5555555555555556,0.6131471927654584,0.5,0.2,0.5,0.5263157894736842,0.6131471927654584,0.5,0.1
13056,4,0.0,0.0,0.0,0.0,0.0,0.0,0.0,0.0,0.0,0.0
6194,27,1.0,1.0,1.0,0.18518518518518517,1.0,0.7,0.8545454545454546,0.793584067764911,0.25925925925925924,0.7
8047,1,0.0,0.0,0.0,0.0,0.0,0.0,0.0,0.0,0.0,0.0
18284,24,0.4,0.5333333333333333,0.5087403079104241,0.08333333333333333,0.4,0.4,0.45454545454545453,0.47479014188018454,0.16666666666666666,0.4
24415,12,0.2,0.3333333333333333,0.33916020527361607,0.08333333333333333,0.2,0.3,0.32727272727272727,0.36792125721353275,0.25,0.3
4450,14,0.4,0.5333333333333333,0.5087403079104241,0.14285714285714285,0.4,0.2,0.32727272727272727,0.3301376494471202,0.14285714285714285,0.2
12187,8,0.2,0.3333333333333333,0.33916020527361607,0.125,0.2,0.125,0.1923076923076923,0.2529427027676571,0.125,0.1
6568,22,0.4,0.6,0.5531464700081437,0.09090909090909091,0.4,0.3,0.4,0.4283854321084119,0.13636363636363635,0.3
2814,10,0.2,0.19999999999999998,0.16958010263680803,0.1,0.2,0.1,0.14545454545454548,0.11004588314904007,0.1,0.1
27962,12,0.4,0.39999999999999997,0.4703652827859578,0.16666666666666666,0.4,0.2,0.29090909090909095,0.3052348839397011,0.16666666666666666,0.2
28564,2,0.0,0.0,0.0,0.0,0.0,0.0,0.0,0.0,0.0,0.0
6487,13,0.2,0.3333333333333333,0.33916020527361607,0.07692307692307693,0.2,0.3,0.34545454545454546,0.37185395737611554,0.23076923076923078,0.3
21331,14,0.2,0.3333333333333333,0.33916020527361607,0.07142857142857142,0.2,0.1,0.18181818181818182,0.22009176629808014,0.07142857142857142,0.1
9517,44,0.8,0.8000000000000002,0.8304198973631919,0.09090909090909091,0.8,0.6,0.6909090909090909,0.6809047493604335,0.13636363636363635,0.6
6211,7,0.2,0.19999999999999998,0.16958010263680803,0.14285714285714285,0.2,0.14285714285714285,0.16326530612244897,0.13743816645714543,0.14285714285714285,0.1
12072,5,0.2,0.3333333333333333,0.33916020527361607,0.2,0.2,0.2,0.25,0.33916020527361607,0.2,0.1
29089,4,0.25,0.35714285714285715,0.39038004999210163,0.25,0.2,0.5,0.2941176470588235,0.39038004999210163,0.5,0.2
18679,8,0.2,0.13333333333333333,0.14606834984270645,0.125,0.2,0.125,0.1346153846153846,0.1089364926177559,0.125,0.1
19965,12,0.0,0.0,0.0,0.0,0.0,0.0,0.0,0.0,0.0,0.0
19286,2,0.5,0.5555555555555556,0.6131471927654584,0.5,0.2,0.5,0.5263157894736842,0.6131471927654584,0.5,0.1
5835,46,0.4,0.4666666666666666,0.48522855511632257,0.043478260869565216,0.4,0.3,0.4,0.3932783996463063,0.06521739130434782,0.3
30154,12,0.2,0.06666666666666665,0.13120507751234176,0.08333333333333333,0.2,0.2,0.2,0.1635413866202963,0.16666666666666666,0.2
23180,11,0.4,0.4000000000000001,0.3600546145772339,0.18181818181818182,0.4,0.3,0.34545454545454546,0.3030820301798825,0.2727272727272727,0.3
16508,18,0.4,0.3333333333333333,0.31564845247951445,0.1111111111111111,0.4,0.2,0.2727272727272727,0.20483424751859083,0.1111111111111111,0.2
7813,12,0.2,0.19999999999999998,0.16958010263680803,0.08333333333333333,0.2,0.1,0.14545454545454548,0.11004588314904007,0.08333333333333333,0.1
23818,3,0.0,0.0,0.0,0.0,0.0,0.0,0.0,0.0,0.0,0.0
22044,22,0.2,0.3333333333333333,0.33916020527361607,0.045454545454545456,0.2,0.3,0.2727272727272727,0.3557772116892464,0.13636363636363635,0.3
20455,1,0.0,0.0,0.0,0.0,0.0,0.0,0.0,0.0,0.0,0.0
26758,13,0.4,0.4666666666666666,0.48522855511632257,0.15384615384615385,0.4,0.2,0.3090909090909091,0.31488013066763093,0.15384615384615385,0.2
26693,4,0.25,0.14285714285714288,0.16812753627111746,0.25,0.2,0.25,0.20588235294117643,0.16812753627111746,0.25,0.1
7916,4,0.0,0.0,0.0,0.0,0.0,0.0,0.0,0.0,0.0,0.0
24464,26,0.6,0.6666666666666666,0.6843515475204854,0.11538461538461539,0.6,0.5,0.5636363636363636,0.5837154733670048,0.19230769230769232,0.5
1089,38,0.2,0.3333333333333333,0.33916020527361607,0.02631578947368421,0.2,0.2,0.2545454545454545,0.29345568839744024,0.05263157894736842,0.2
15604,10,0.0,0.0,0.0,0.0,0.0,0.0,0.0,0.0,0.0,0.0
26988,4,0.25,0.14285714285714288,0.16812753627111746,0.25,0.2,0.5,0.20588235294117643,0.16812753627111746,0.5,0.2
19107,2,0.5,0.4444444444444445,0.3868528072345415,0.5,0.2,0.5,0.4736842105263158,0.3868528072345415,0.5,0.1
23492,41,0.6,0.7333333333333334,0.6992148198508501,0.07317073170731707,0.6,0.4,0.49090909090909085,0.5173633627401372,0.0975609756097561,0.4
3203,1,0.0,0.0,0.0,0.0,0.0,0.0,0.0,0.0,0.0,0.0
27593,1,1.0,1.0,1.0,1.0,0.2,1.0,1.0,1.0,1.0,0.1
2035,2,0.0,0.0,0.0,0.0,0.0,0.0,0.0,0.0,0.0,0.0
15951,11,0.2,0.3333333333333333,0.33916020527361607,0.09090909090909091,0.2,0.1,0.18181818181818182,0.22009176629808014,0.09090909090909091,0.1
19080,18,0.4,0.3333333333333333,0.34519134224686926,0.1111111111111111,0.4,0.3,0.32727272727272727,0.29343678345195273,0.16666666666666666,0.3
16089,15,0.4,0.6,0.5531464700081437,0.13333333333333333,0.4,0.2,0.34545454545454546,0.3589542101716347,0.13333333333333333,0.2
17222,2,1.0,1.0,1.0,1.0,0.4,1.0,1.0,1.0,1.0,0.2
18215,2,0.0,0.0,0.0,0.0,0.0,0.0,0.0,0.0,0.0,0.0
23218,17,0.4,0.6,0.5531464700081437,0.11764705882352941,0.4,0.2,0.34545454545454546,0.3589542101716347,0.11764705882352941,0.2
4544,4,0.25,0.0,0.0,0.25,0.2,0.5,0.0,0.0,0.5,0.2
26807,21,0.0,0.0,0.0,0.0,0.0,0.2,0.09090909090909091,0.13698471029831175,0.09523809523809523,0.2
3775,15,0.2,0.3333333333333333,0.33916020527361607,0.06666666666666667,0.2,0.1,0.18181818181818182,0.22009176629808014,0.06666666666666667,0.1
21226,8,0.2,0.19999999999999998,0.16958010263680803,0.125,0.2,0.125,0.15384615384615385,0.12647135138382856,0.125,0.1
13570,20,0.2,0.3333333333333333,0.33916020527361607,0.05,0.2,0.1,0.18181818181818182,0.22009176629808014,0.05,0.1
15362,38,0.6,0.5333333333333333,0.6164336326286642,0.07894736842105263,0.6,0.5,0.5454545454545454,0.5428183923453892,0.13157894736842105,0.5
23898,5,0.0,0.0,0.0,0.0,0.0,0.0,0.0,0.0,0.0,0.0
30058,7,0.0,0.0,0.0,0.0,0.0,0.14285714285714285,0.08163265306122448,0.09162544430476363,0.14285714285714285,0.1
13523,10,0.2,0.3333333333333333,0.33916020527361607,0.1,0.2,0.1,0.18181818181818182,0.22009176629808014,0.1,0.1
22830,5,0.0,0.0,0.0,0.0,0.0,0.0,0.0,0.0,0.0,0.0
29308,7,0.0,0.0,0.0,0.0,0.0,0.0,0.0,0.0,0.0,0.0
5330,5,0.2,0.3333333333333333,0.33916020527361607,0.2,0.2,0.6,0.25,0.33916020527361607,0.6,0.3
22003,10,0.4,0.5333333333333333,0.5087403079104241,0.2,0.4,0.2,0.32727272727272727,0.3301376494471202,0.2,0.2
9454,10,0.0,0.0,0.0,0.0,0.0,0.0,0.0,0.0,0.0,0.0
856,23,0.0,0.0,0.0,0.0,0.0,0.2,0.09090909090909091,0.13698471029831175,0.08695652173913043,0.2
27973,14,0.6,0.6666666666666666,0.6548086577531306,0.21428571428571427,0.6,0.3,0.45454545454545453,0.424926013816671,0.21428571428571427,0.3
8215,1,0.0,0.0,0.0,0.0,0.0,0.0,0.0,0.0,0.0,0.0
20050,19,0.6,0.7999999999999999,0.7227265726449518,0.15789473684210525,0.6,0.4,0.5636363636363636,0.5423640154200349,0.21052631578947367,0.4
11765,46,0.6,0.5333333333333333,0.6164336326286642,0.06521739130434782,0.6,0.5,0.5818181818181818,0.5517854393872873,0.10869565217391304,0.5
29208,2,0.0,0.0,0.0,0.0,0.0,0.0,0.0,0.0,0.0,0.0
6551,4,0.0,0.0,0.0,0.0,0.0,0.0,0.0,0.0,0.0,0.0
21884,4,0.25,0.0,0.0,0.25,0.2,0.25,0.0,0.0,0.25,0.1
14393,13,0.0,0.0,0.0,0.0,0.0,0.0,0.0,0.0,0.0,0.0
16982,11,0.0,0.0,0.0,0.0,0.0,0.1,0.05454545454545456,0.06943122193677725,0.09090909090909091,0.1
393,2,1.0,0.5555555555555556,0.6131471927654584,1.0,0.4,1.0,0.5263157894736842,0.6131471927654584,1.0,0.2
22203,17,0.4,0.5333333333333333,0.5087403079104241,0.11764705882352941,0.4,0.3,0.38181818181818183,0.3995688713838974,0.17647058823529413,0.3
15022,17,0.8,0.9333333333333332,0.8687949224876582,0.23529411764705882,0.8,0.5,0.6545454545454547,0.6300426811446146,0.29411764705882354,0.5
26209,19,0.2,0.3333333333333333,0.33916020527361607,0.05263157894736842,0.2,0.2,0.2727272727272727,0.2984900352767555,0.10526315789473684,0.2
29493,8,0.0,0.0,0.0,0.0,0.0,0.0,0.0,0.0,0.0,0.0
25647,5,0.0,0.0,0.0,0.0,0.0,0.2,0.0,0.0,0.2,0.1
18735,14,0.2,0.13333333333333333,0.14606834984270645,0.07142857142857142,0.2,0.3,0.2545454545454545,0.2394408568026151,0.21428571428571427,0.3
18100,44,0.6,0.7333333333333334,0.6992148198508501,0.06818181818181818,0.6,0.6,0.6909090909090909,0.674935987555998,0.13636363636363635,0.6
7317,2,0.0,0.0,0.0,0.0,0.0,0.0,0.0,0.0,0.0,0.0
14050,5,0.2,0.3333333333333333,0.33916020527361607,0.2,0.2,0.2,0.25,0.33916020527361607,0.2,0.1
2752,31,0.4,0.6,0.5531464700081437,0.06451612903225806,0.4,0.3,0.4,0.4283854321084119,0.0967741935483871,0.3
17069,22,0.2,0.19999999999999998,0.16958010263680803,0.045454545454545456,0.2,0.1,0.14545454545454548,0.11004588314904007,0.045454545454545456,0.1
8381,9,0.2,0.3333333333333333,0.33916020527361607,0.1111111111111111,0.2,0.1111111111111111,0.18518518518518517,0.23504554941448538,0.1111111111111111,0.1
28570,6,0.2,0.06666666666666665,0.13120507751234176,0.16666666666666666,0.2,0.16666666666666666,0.13333333333333333,0.11706259313796352,0.16666666666666666,0.1
10569,7,0.0,0.0,0.0,0.0,0.0,0.0,0.0,0.0,0.0,0.0
8265,1,0.0,0.0,0.0,0.0,0.0,0.0,0.0,0.0,0.0,0.0
3824,19,0.2,0.13333333333333333,0.14606834984270645,0.05263157894736842,0.2,0.1,0.12727272727272726,0.09478836436955078,0.05263157894736842,0.1
13920,2,0.0,0.0,0.0,0.0,0.0,0.0,0.0,0.0,0.0,0.0
23059,12,0.8,0.9333333333333332,0.8687949224876582,0.3333333333333333,0.8,0.4,0.6181818181818183,0.5637884576902256,0.3333333333333333,0.4
27472,3,0.3333333333333333,0.25,0.23463936301137822,0.3333333333333333,0.2,0.3333333333333333,0.2962962962962963,0.23463936301137822,0.3333333333333333,0.1
26134,40,0.8,0.7333333333333334,0.7860137352654724,0.1,0.8,0.8,0.7999999999999999,0.7948833326720564,0.2,0.8
5665,4,0.25,0.28571428571428575,0.2463023887407299,0.25,0.2,0.25,0.2647058823529412,0.2463023887407299,0.25,0.1
30801,12,0.0,0.0,0.0,0.0,0.0,0.0,0.0,0.0,0.0,0.0
18368,14,0.6,0.6,0.6399453854227659,0.21428571428571427,0.6,0.3,0.43636363636363634,0.4152807670887412,0.21428571428571427,0.3
26170,15,0.0,0.0,0.0,0.0,0.0,0.0,0.0,0.0,0.0,0.0
16986,5,0.2,0.3333333333333333,0.33916020527361607,0.2,0.2,0.2,0.25,0.33916020527361607,0.2,0.1
8805,5,0.0,0.0,0.0,0.0,0.0,0.0,0.0,0.0,0.0,0.0
18393,17,0.2,0.26666666666666666,0.2139862647345275,0.058823529411764705,0.2,0.1,0.16363636363636364,0.1388624438735545,0.058823529411764705,0.1
19180,29,0.4,0.39999999999999997,0.4703652827859578,0.06896551724137931,0.4,0.4,0.38181818181818183,0.4409203293308674,0.13793103448275862,0.4
9371,4,0.0,0.0,0.0,0.0,0.0,0.0,0.0,0.0,0.0,0.0
29228,3,0.6666666666666666,0.6666666666666667,0.7039180890341346,0.6666666666666666,0.4,1.0,0.6666666666666666,0.7039180890341346,1.0,0.3
7672,9,0.4,0.6,0.5531464700081437,0.2222222222222222,0.4,0.3333333333333333,0.4259259259259259,0.4616912964561296,0.3333333333333333,0.3
9751,1,0.0,0.0,0.0,0.0,0.0,0.0,0.0,0.0,0.0,0.0
9456,4,0.25,0.14285714285714288,0.16812753627111746,0.25,0.2,0.25,0.20588235294117643,0.16812753627111746,0.25,0.1
1125,7,0.0,0.0,0.0,0.0,0.0,0.14285714285714285,0.0,0.0,0.14285714285714285,0.1
24537,15,0.0,0.0,0.0,0.0,0.0,0.0,0.0,0.0,0.0,0.0
3454,20,0.4,0.6,0.5531464700081437,0.1,0.4,0.5,0.5454545454545454,0.5769706247040591,0.25,0.5
23161,20,0.6,0.7999999999999999,0.7227265726449518,0.15,0.6,0.4,0.5636363636363636,0.5423640154200349,0.2,0.4
11752,9,0.2,0.06666666666666665,0.13120507751234176,0.1111111111111111,0.2,0.2222222222222222,0.16666666666666666,0.16507664590405338,0.2222222222222222,0.2
9721,14,0.2,0.3333333333333333,0.33916020527361607,0.07142857142857142,0.2,0.2,0.23636363636363636,0.2895229882348574,0.14285714285714285,0.2
30436,2,0.0,0.0,0.0,0.0,0.0,0.0,0.0,0.0,0.0,0.0
19082,27,0.4,0.3333333333333333,0.31564845247951445,0.07407407407407407,0.4,0.2,0.2727272727272727,0.20483424751859083,0.07407407407407407,0.2
17762,9,0.4,0.39999999999999997,0.4703652827859578,0.2222222222222222,0.4,0.2222222222222222,0.2962962962962963,0.32597358003346416,0.2222222222222222,0.2
31064,4,0.0,0.0,0.0,0.0,0.0,0.0,0.0,0.0,0.0,0.0
1969,4,0.0,0.0,0.0,0.0,0.0,0.0,0.0,0.0,0.0,0.0
30918,23,0.2,0.26666666666666666,0.2139862647345275,0.043478260869565216,0.2,0.2,0.21818181818181823,0.20829366581033176,0.08695652173913043,0.2
10289,1,0.0,0.0,0.0,0.0,0.0,0.0,0.0,0.0,0.0,0.0
30242,23,0.4,0.4666666666666666,0.48522855511632257,0.08695652173913043,0.4,0.4,0.38181818181818183,0.44793214080335986,0.17391304347826086,0.4
24931,7,0.2,0.3333333333333333,0.33916020527361607,0.14285714285714285,0.2,0.2857142857142857,0.2040816326530612,0.27487633291429087,0.2857142857142857,0.2
10455,15,0.4,0.39999999999999997,0.4703652827859578,0.13333333333333333,0.4,0.4,0.43636363636363645,0.4530643748551536,0.26666666666666666,0.4
26433,7,0.2,0.19999999999999998,0.16958010263680803,0.14285714285714285,0.2,0.14285714285714285,0.16326530612244897,0.13743816645714543,0.14285714285714285,0.1
5862,8,0.0,0.0,0.0,0.0,0.0,0.125,0.057692307692307696,0.07979453856244816,0.125,0.1
28136,32,0.4,0.19999999999999998,0.2772734273550482,0.0625,0.4,0.2,0.23636363636363633,0.17993148201117173,0.0625,0.2
3158,9,0.0,0.0,0.0,0.0,0.0,0.0,0.0,0.0,0.0,0.0
9309,6,0.4,0.39999999999999997,0.4703652827859578,0.3333333333333333,0.4,0.3333333333333333,0.35555555555555557,0.4196650066367769,0.3333333333333333,0.2
16066,4,0.5,0.6428571428571429,0.6366824387328316,0.5,0.4,0.5,0.5588235294117646,0.6366824387328316,0.5,0.2
18227,14,0.2,0.3333333333333333,0.33916020527361607,0.07142857142857142,0.2,0.2,0.2727272727272727,0.2984900352767555,0.14285714285714285,0.2
30444,17,0.4,0.5333333333333333,0.5087403079104241,0.11764705882352941,0.4,0.2,0.32727272727272727,0.3301376494471202,0.11764705882352941,0.2
10715,34,0.2,0.13333333333333333,0.14606834984270645,0.029411764705882353,0.2,0.2,0.14545454545454545,0.15840915256850246,0.058823529411764705,0.2
22709,8,0.2,0.06666666666666665,0.13120507751234176,0.125,0.2,0.125,0.11538461538461538,0.09785159463516041,0.125,0.1
1240,4,0.25,0.28571428571428575,0.2463023887407299,0.25,0.2,0.5,0.2647058823529412,0.2463023887407299,0.5,0.2
23434,8,0.4,0.5333333333333333,0.5087403079104241,0.25,0.4,0.25,0.34615384615384615,0.37941405415148566,0.25,0.2
8540,5,0.4,0.6,0.5531464700081437,0.4,0.4,0.6,0.475,0.5531464700081437,0.6,0.3
7640,8,0.8,0.9333333333333332,0.8687949224876582,0.5,0.8,0.5,0.6538461538461539,0.6479396238941381,0.5,0.4
26590,27,0.2,0.3333333333333333,0.33916020527361607,0.037037037037037035,0.2,0.1,0.18181818181818182,0.22009176629808014,0.037037037037037035,0.1
13945,7,0.4,0.6,0.5531464700081437,0.2857142857142857,0.4,0.2857142857142857,0.38775510204081626,0.4483039899025303,0.2857142857142857,0.2
13599,28,0.4,0.4666666666666666,0.48522855511632257,0.07142857142857142,0.4,0.2,0.3090909090909091,0.31488013066763093,0.07142857142857142,0.2
6418,31,0.6,0.6666666666666666,0.6843515475204854,0.0967741935483871,0.6,0.4,0.5272727272727272,0.5174612499126158,0.12903225806451613,0.4
10317,59,0.4,0.4666666666666666,0.38356636737133554,0.03389830508474576,0.4,0.3,0.36363636363636365,0.31833954895937183,0.05084745762711865,0.3
16830,8,0.4,0.4666666666666666,0.48522855511632257,0.25,0.4,0.375,0.4230769230769231,0.4519792040377808,0.375,0.3
4946,20,0.4,0.4666666666666666,0.48522855511632257,0.1,0.4,0.2,0.3090909090909091,0.31488013066763093,0.1,0.2
13710,10,0.2,0.3333333333333333,0.33916020527361607,0.1,0.2,0.2,0.2545454545454545,0.29345568839744024,0.2,0.2
19172,1,0.0,0.0,0.0,0.0,0.0,0.0,0.0,0.0,0.0,0.0
24650,16,0.2,0.19999999999999998,0.16958010263680803,0.0625,0.2,0.2,0.18181818181818182,0.1763001066034291,0.125,0.2
25785,1,0.0,0.0,0.0,0.0,0.0,0.0,0.0,0.0,0.0,0.0
11257,1,0.0,0.0,0.0,0.0,0.0,0.0,0.0,0.0,0.0,0.0
10060,16,0.0,0.0,0.0,0.0,0.0,0.2,0.1272727272727273,0.1427951440361373,0.125,0.2
23024,32,0.8,0.9333333333333332,0.8687949224876582,0.125,0.8,0.5,0.7090909090909091,0.6421867266689009,0.15625,0.5
25305,7,0.0,0.0,0.0,0.0,0.0,0.0,0.0,0.0,0.0,0.0
7847,9,0.4,0.26666666666666666,0.3007851801491498,0.2222222222222222,0.4,0.2222222222222222,0.25925925925925924,0.2084508053262215,0.2222222222222222,0.2
14629,5,0.0,0.0,0.0,0.0,0.0,0.0,0.0,0.0,0.0,0.0
7434,14,0.4,0.4000000000000001,0.3600546145772339,0.14285714285714285,0.4,0.2,0.29090909090909095,0.23365080824310527,0.14285714285714285,0.2
18894,15,0.2,0.19999999999999998,0.16958010263680803,0.06666666666666667,0.2,0.1,0.14545454545454548,0.11004588314904007,0.06666666666666667,0.1
29686,42,0.0,0.0,0.0,0.0,0.0,0.2,0.14545454545454548,0.14782949091545258,0.047619047619047616,0.2
4762,18,0.0,0.0,0.0,0.0,0.0,0.2,0.14545454545454548,0.14782949091545258,0.1111111111111111,0.2
11437,46,0.2,0.26666666666666666,0.2139862647345275,0.021739130434782608,0.2,0.3,0.2727272727272727,0.2784805894273035,0.06521739130434782,0.3
25108,13,0.4,0.39999999999999997,0.4703652827859578,0.15384615384615385,0.4,0.2,0.29090909090909095,0.3052348839397011,0.15384615384615385,0.2
3195,4,0.25,0.35714285714285715,0.39038004999210163,0.25,0.2,0.25,0.2941176470588235,0.39038004999210163,0.25,0.1
16869,22,0.2,0.3333333333333333,0.33916020527361607,0.045454545454545456,0.2,0.2,0.2727272727272727,0.2984900352767555,0.09090909090909091,0.2
25132,24,0.4,0.4666666666666666,0.38356636737133554,0.08333333333333333,0.4,0.2,0.30909090909090914,0.24890832702259458,0.08333333333333333,0.2
8974,51,0.6,0.7999999999999999,0.7227265726449518,0.058823529411764705,0.6,0.6,0.6545454545454547,0.6780494608112011,0.11764705882352941,0.6
27607,3,0.3333333333333333,0.4166666666666667,0.46927872602275644,0.3333333333333333,0.2,0.3333333333333333,0.37037037037037035,0.46927872602275644,0.3333333333333333,0.1
9019,21,0.4,0.3333333333333333,0.31564845247951445,0.09523809523809523,0.4,0.3,0.36363636363636365,0.28323251649726616,0.14285714285714285,0.3
12857,9,0.0,0.0,0.0,0.0,0.0,0.0,0.0,0.0,0.0,0.0
21346,14,0.4,0.6,0.5531464700081437,0.14285714285714285,0.4,0.3,0.43636363636363634,0.43735247915031,0.21428571428571427,0.3
24601,25,0.0,0.0,0.0,0.0,0.0,0.0,0.0,0.0,0.0,0.0
13055,1,0.0,0.0,0.0,0.0,0.0,0.0,0.0,0.0,0.0,0.0
23947,5,0.0,0.0,0.0,0.0,0.0,0.0,0.0,0.0,0.0,0.0
16318,19,0.6,0.7999999999999999,0.7227265726449518,0.15789473684210525,0.6,0.4,0.5090909090909091,0.5326208815196265,0.21052631578947367,0.4
27889,19,0.4,0.6,0.5531464700081437,0.10526315789473684,0.4,0.3,0.3818181818181818,0.42520843362602373,0.15789473684210525,0.3
29207,8,0.4,0.39999999999999997,0.4703652827859578,0.25,0.4,0.375,0.3846153846153846,0.4351085316587032,0.375,0.3
14630,4,0.25,0.14285714285714288,0.16812753627111746,0.25,0.2,0.25,0.20588235294117643,0.16812753627111746,0.25,0.1
6325,17,0.2,0.26666666666666666,0.2139862647345275,0.058823529411764705,0.2,0.4,0.32727272727272727,0.34791181136408084,0.23529411764705882,0.4
22794,48,0.6,0.5333333333333333,0.6164336326286642,0.0625,0.6,0.5,0.5454545454545454,0.5446757407423163,0.10416666666666667,0.5
1668,22,0.2,0.26666666666666666,0.2139862647345275,0.045454545454545456,0.2,0.1,0.16363636363636364,0.1388624438735545,0.045454545454545456,0.1
11196,14,0.0,0.0,0.0,0.0,0.0,0.0,0.0,0.0,0.0,0.0
22052,15,0.4,0.4666666666666666,0.38356636737133554,0.13333333333333333,0.4,0.3,0.34545454545454546,0.3151625504769836,0.2,0.3
10006,1,1.0,1.0,1.0,1.0,0.2,1.0,1.0,1.0,1.0,0.1
23549,13,0.0,0.0,0.0,0.0,0.0,0.0,0.0,0.0,0.0,0.0
27011,19,0.2,0.26666666666666666,0.2139862647345275,0.05263157894736842,0.2,0.1,0.16363636363636364,0.1388624438735545,0.05263157894736842,0.1
16675,18,0.2,0.3333333333333333,0.33916020527361607,0.05555555555555555,0.2,0.1,0.18181818181818182,0.22009176629808014,0.05555555555555555,0.1
27235,2,0.0,0.0,0.0,0.0,0.0,0.0,0.0,0.0,0.0,0.0
14197,11,0.4,0.4666666666666666,0.48522855511632257,0.18181818181818182,0.4,0.4,0.43636363636363645,0.45767527470376823,0.36363636363636365,0.4
10462,2,0.0,0.0,0.0,0.0,0.0,0.0,0.0,0.0,0.0,0.0
21964,5,0.4,0.6,0.5531464700081437,0.4,0.4,0.6,0.475,0.5531464700081437,0.6,0.3
29929,5,0.0,0.0,0.0,0.0,0.0,0.0,0.0,0.0,0.0,0.0
8098,5,0.0,0.0,0.0,0.0,0.0,0.0,0.0,0.0,0.0,0.0
26277,7,0.0,0.0,0.0,0.0,0.0,0.0,0.0,0.0,0.0,0.0
23031,41,0.4,0.6,0.5531464700081437,0.04878048780487805,0.4,0.3,0.41818181818181815,0.43231813227099475,0.07317073170731707,0.3
15687,2,0.0,0.0,0.0,0.0,0.0,0.0,0.0,0.0,0.0,0.0
19810,20,0.0,0.0,0.0,0.0,0.0,0.1,0.018181818181818177,0.0636207881989517,0.05,0.1
15468,6,0.0,0.0,0.0,0.0,0.0,0.0,0.0,0.0,0.0,0.0
5185,8,0.2,0.26666666666666666,0.2139862647345275,0.125,0.2,0.25,0.2692307692307692,0.249689085777264,0.25,0.2
23259,3,0.0,0.0,0.0,0.0,0.0,0.0,0.0,0.0,0.0,0.0
30129,1,0.0,0.0,0.0,0.0,0.0,0.0,0.0,0.0,0.0,0.0
6499,15,0.4,0.6,0.5531464700081437,0.13333333333333333,0.4,0.2,0.34545454545454546,0.3589542101716347,0.13333333333333333,0.2
2865,21,0.4,0.39999999999999997,0.4703652827859578,0.09523809523809523,0.4,0.3,0.38181818181818183,0.3836331529183764,0.14285714285714285,0.3
16094,4,0.25,0.0,0.0,0.25,0.2,0.25,0.0,0.0,0.25,0.1
23921,11,0.2,0.13333333333333333,0.14606834984270645,0.09090909090909091,0.2,0.1,0.12727272727272726,0.09478836436955078,0.09090909090909091,0.1
24917,4,0.5,0.5714285714285715,0.5855700749881524,0.5,0.4,0.5,0.5294117647058824,0.5855700749881524,0.5,0.2
6548,10,0.4,0.4000000000000001,0.3600546145772339,0.2,0.4,0.2,0.29090909090909095,0.23365080824310527,0.2,0.2
15052,29,0.4,0.3333333333333333,0.34519134224686926,0.06896551724137931,0.4,0.2,0.2727272727272727,0.22400556151517548,0.06896551724137931,0.2
7919,13,0.2,0.26666666666666666,0.2139862647345275,0.07692307692307693,0.2,0.2,0.2545454545454545,0.21726071285222984,0.15384615384615385,0.2
3002,45,0.2,0.3333333333333333,0.33916020527361607,0.022222222222222223,0.2,0.3,0.2727272727272727,0.3557772116892464,0.06666666666666667,0.3
16192,6,0.2,0.3333333333333333,0.33916020527361607,0.16666666666666666,0.2,0.3333333333333333,0.2222222222222222,0.30260241349881345,0.3333333333333333,0.2
26178,3,0.0,0.0,0.0,0.0,0.0,0.0,0.0,0.0,0.0,0.0
24371,4,0.25,0.35714285714285715,0.39038004999210163,0.25,0.2,0.25,0.2941176470588235,0.39038004999210163,0.25,0.1
21499,7,0.0,0.0,0.0,0.0,0.0,0.0,0.0,0.0,0.0,0.0
1483,9,0.2,0.3333333333333333,0.33916020527361607,0.1111111111111111,0.2,0.1111111111111111,0.18518518518518517,0.23504554941448538,0.1111111111111111,0.1
14339,3,0.0,0.0,0.0,0.0,0.0,0.0,0.0,0.0,0.0,0.0
17615,5,0.2,0.13333333333333333,0.14606834984270645,0.2,0.2,0.2,0.175,0.14606834984270645,0.2,0.1
88,59,0.6,0.7333333333333334,0.6992148198508501,0.05084745762711865,0.6,0.5,0.6363636363636362,0.6055047656192208,0.0847457627118644,0.5
11053,13,0.0,0.0,0.0,0.0,0.0,0.3,0.2,0.21801641453242443,0.23076923076923078,0.3
9916,18,0.6,0.6,0.529634717214042,0.16666666666666666,0.6,0.3,0.43636363636363645,0.34369669139214537,0.16666666666666666,0.3
9116,16,0.4,0.3333333333333333,0.34519134224686926,0.125,0.4,0.2,0.2727272727272727,0.22400556151517548,0.125,0.2
14578,2,0.0,0.0,0.0,0.0,0.0,0.0,0.0,0.0,0.0,0.0
23900,3,0.0,0.0,0.0,0.0,0.0,0.0,0.0,0.0,0.0,0.0
24452,18,0.2,0.13333333333333333,0.14606834984270645,0.05555555555555555,0.2,0.1,0.12727272727272726,0.09478836436955078,0.05555555555555555,0.1
18506,17,0.2,0.26666666666666666,0.2139862647345275,0.058823529411764705,0.2,0.1,0.16363636363636364,0.1388624438735545,0.058823529411764705,0.1
16818,1,0.0,0.0,0.0,0.0,0.0,0.0,0.0,0.0,0.0,0.0
5984,39,0.4,0.4000000000000001,0.3600546145772339,0.05128205128205128,0.4,0.4,0.41818181818181815,0.37644595227924255,0.10256410256410256,0.4
16000,28,0.6,0.6666666666666666,0.6548086577531306,0.10714285714285714,0.6,0.6,0.5818181818181818,0.6281649475693719,0.21428571428571427,0.6
8192,18,0.6,0.6666666666666666,0.6843515475204854,0.16666666666666666,0.6,0.3,0.45454545454545453,0.44409732781325567,0.16666666666666666,0.3
6789,6,0.0,0.0,0.0,0.0,0.0,0.0,0.0,0.0,0.0,0.0
5563,38,0.4,0.5333333333333333,0.5087403079104241,0.05263157894736842,0.4,0.3,0.34545454545454546,0.3937584376460719,0.07894736842105263,0.3
8879,8,0.4,0.4666666666666666,0.38356636737133554,0.25,0.4,0.5,0.40384615384615385,0.3703746627646106,0.5,0.4
2604,19,0.2,0.06666666666666665,0.13120507751234176,0.05263157894736842,0.2,0.1,0.10909090909090909,0.08514311764162097,0.05263157894736842,0.1
18927,5,0.0,0.0,0.0,0.0,0.0,0.0,0.0,0.0,0.0,0.0
8203,20,0.2,0.3333333333333333,0.33916020527361607,0.05,0.2,0.2,0.2727272727272727,0.2984900352767555,0.1,0.2
11829,9,0.4,0.6,0.5531464700081437,0.2222222222222222,0.4,0.2222222222222222,0.3518518518518518,0.38334277998463445,0.2222222222222222,0.2
18353,6,0.2,0.19999999999999998,0.16958010263680803,0.16666666666666666,0.2,0.3333333333333333,0.17777777777777778,0.15130120674940672,0.3333333333333333,0.2
14451,16,0.2,0.26666666666666666,0.2139862647345275,0.0625,0.2,0.1,0.16363636363636364,0.1388624438735545,0.0625,0.1
30010,1,0.0,0.0,0.0,0.0,0.0,0.0,0.0,0.0,0.0,0.0
7712,12,0.0,0.0,0.0,0.0,0.0,0.0,0.0,0.0,0.0,0.0
30912,11,0.0,0.0,0.0,0.0,0.0,0.0,0.0,0.0,0.0,0.0
30858,2,0.0,0.0,0.0,0.0,0.0,0.0,0.0,0.0,0.0,0.0
15069,1,0.0,0.0,0.0,0.0,0.0,0.0,0.0,0.0,0.0,0.0
18060,7,0.0,0.0,0.0,0.0,0.0,0.0,0.0,0.0,0.0,0.0
15277,15,0.2,0.19999999999999998,0.16958010263680803,0.06666666666666667,0.2,0.2,0.18181818181818182,0.1763001066034291,0.13333333333333333,0.2
28393,4,0.5,0.6428571428571429,0.6366824387328316,0.5,0.4,0.5,0.5588235294117646,0.6366824387328316,0.5,0.2
3315,20,0.4,0.4666666666666666,0.48522855511632257,0.1,0.4,0.3,0.3272727272727272,0.3785009188665826,0.15,0.3
3939,2,0.0,0.0,0.0,0.0,0.0,0.0,0.0,0.0,0.0,0.0
22300,11,0.0,0.0,0.0,0.0,0.0,0.0,0.0,0.0,0.0,0.0
22442,1,1.0,1.0,1.0,1.0,0.2,1.0,1.0,1.0,1.0,0.1
15700,6,0.2,0.3333333333333333,0.33916020527361607,0.16666666666666666,0.2,0.3333333333333333,0.3333333333333333,0.4103915680233244,0.3333333333333333,0.2
2581,4,0.0,0.0,0.0,0.0,0.0,0.0,0.0,0.0,0.0,0.0
12059,8,0.4,0.4666666666666666,0.48522855511632257,0.25,0.4,0.375,0.4230769230769231,0.4519792040377808,0.375,0.3
4892,10,0.0,0.0,0.0,0.0,0.0,0.0,0.0,0.0,0.0,0.0
13222,2,0.0,0.0,0.0,0.0,0.0,0.0,0.0,0.0,0.0,0.0
4028,9,0.2,0.3333333333333333,0.33916020527361607,0.1111111111111111,0.2,0.1111111111111111,0.18518518518518517,0.23504554941448538,0.1111111111111111,0.1
7534,21,0.4,0.4000000000000001,0.3600546145772339,0.09523809523809523,0.4,0.3,0.30909090909090914,0.2972715964420569,0.14285714285714285,0.3
15309,6,0.2,0.3333333333333333,0.33916020527361607,0.16666666666666666,0.2,0.16666666666666666,0.2222222222222222,0.30260241349881345,0.16666666666666666,0.1
30414,14,0.4,0.4666666666666666,0.48522855511632257,0.14285714285714285,0.4,0.2,0.3090909090909091,0.31488013066763093,0.14285714285714285,0.2
18736,25,0.4,0.5333333333333333,0.5087403079104241,0.08,0.4,0.3,0.41818181818181815,0.4085359184257955,0.12,0.3
6654,1,1.0,1.0,1.0,1.0,0.2,1.0,1.0,1.0,1.0,0.1
21933,2,0.5,0.4444444444444445,0.3868528072345415,0.5,0.2,0.5,0.4736842105263158,0.3868528072345415,0.5,0.1
23104,39,0.2,0.06666666666666665,0.13120507751234176,0.02564102564102564,0.2,0.2,0.18181818181818182,0.15850703974098102,0.05128205128205128,0.2
15179,3,0.3333333333333333,0.4166666666666667,0.46927872602275644,0.3333333333333333,0.2,0.3333333333333333,0.37037037037037035,0.46927872602275644,0.3333333333333333,0.1
23092,24,0.4,0.6,0.5531464700081437,0.08333333333333333,0.4,0.6,0.5818181818181818,0.6437684113853991,0.25,0.6
26014,3,0.3333333333333333,0.4166666666666667,0.46927872602275644,0.3333333333333333,0.2,0.3333333333333333,0.37037037037037035,0.46927872602275644,0.3333333333333333,0.1
25040,1,0.0,0.0,0.0,0.0,0.0,1.0,0.0,0.0,1.0,0.1
20523,3,0.0,0.0,0.0,0.0,0.0,0.0,0.0,0.0,0.0,0.0
5117,6,0.0,0.0,0.0,0.0,0.0,0.0,0.0,0.0,0.0,0.0
25326,2,0.0,0.0,0.0,0.0,0.0,0.0,0.0,0.0,0.0,0.0
2421,2,0.0,0.0,0.0,0.0,0.0,0.0,0.0,0.0,0.0,0.0
16449,31,0.4,0.39999999999999997,0.4703652827859578,0.06451612903225806,0.4,0.4,0.43636363636363645,0.4530643748551536,0.12903225806451613,0.4
30399,3,0.0,0.0,0.0,0.0,0.0,0.3333333333333333,0.0,0.0,0.3333333333333333,0.1
22766,2,0.5,0.5555555555555556,0.6131471927654584,0.5,0.2,0.5,0.5263157894736842,0.6131471927654584,0.5,0.1
11154,39,0.4,0.3333333333333333,0.34519134224686926,0.05128205128205128,0.4,0.3,0.32727272727272727,0.29343678345195273,0.07692307692307693,0.3
13057,5,0.0,0.0,0.0,0.0,0.0,0.0,0.0,0.0,0.0,0.0
21083,13,0.4,0.4666666666666666,0.48522855511632257,0.15384615384615385,0.4,0.2,0.3090909090909091,0.31488013066763093,0.15384615384615385,0.2
9905,7,0.2,0.06666666666666665,0.13120507751234176,0.14285714285714285,0.2,0.14285714285714285,0.12244897959183672,0.10633668103022983,0.14285714285714285,0.1
8514,5,0.0,0.0,0.0,0.0,0.0,0.0,0.0,0.0,0.0,0.0
20983,9,0.0,0.0,0.0,0.0,0.0,0.2222222222222222,0.16666666666666666,0.1620734304706886,0.2222222222222222,0.2
24991,3,0.0,0.0,0.0,0.0,0.0,0.3333333333333333,0.0,0.0,0.3333333333333333,0.1
6310,37,0.4,0.4666666666666666,0.48522855511632257,0.05405405405405406,0.4,0.4,0.36363636363636365,0.4447551423209717,0.10810810810810811,0.4
21202,3,0.0,0.0,0.0,0.0,0.0,0.0,0.0,0.0,0.0,0.0
4294,20,0.4,0.4000000000000001,0.3600546145772339,0.1,0.4,0.4,0.45454545454545453,0.38541299932114065,0.2,0.4
30227,6,0.0,0.0,0.0,0.0,0.0,0.0,0.0,0.0,0.0,0.0
24287,18,0.4,0.3333333333333333,0.31564845247951445,0.1111111111111111,0.4,0.4,0.38181818181818183,0.3468533046962179,0.2222222222222222,0.4
27385,25,0.2,0.3333333333333333,0.33916020527361607,0.04,0.2,0.3,0.2727272727272727,0.3557772116892464,0.12,0.3
18561,1,0.0,0.0,0.0,0.0,0.0,0.0,0.0,0.0,0.0,0.0
22411,14,0.4,0.4666666666666666,0.48522855511632257,0.14285714285714285,0.4,0.3,0.36363636363636365,0.3843113526044082,0.21428571428571427,0.3
10784,11,0.2,0.06666666666666665,0.13120507751234176,0.09090909090909091,0.2,0.1,0.10909090909090909,0.08514311764162097,0.09090909090909091,0.1
24824,3,0.0,0.0,0.0,0.0,0.0,0.0,0.0,0.0,0.0,0.0
28210,3,0.3333333333333333,0.4166666666666667,0.46927872602275644,0.3333333333333333,0.2,0.3333333333333333,0.37037037037037035,0.46927872602275644,0.3333333333333333,0.1
10968,10,0.0,0.0,0.0,0.0,0.0,0.1,0.018181818181818177,0.0636207881989517,0.1,0.1
1355,32,0.0,0.0,0.0,0.0,0.0,0.2,0.09090909090909091,0.13698471029831175,0.0625,0.2
18644,7,0.0,0.0,0.0,0.0,0.0,0.14285714285714285,0.0,0.0,0.14285714285714285,0.1
24893,19,0.4,0.4666666666666666,0.48522855511632257,0.10526315789473684,0.4,0.2,0.3090909090909091,0.31488013066763093,0.10526315789473684,0.2
2002,12,0.2,0.19999999999999998,0.16958010263680803,0.08333333333333333,0.2,0.1,0.14545454545454548,0.11004588314904007,0.08333333333333333,0.1
22475,4,0.0,0.0,0.0,0.0,0.0,0.25,0.0,0.0,0.25,0.1
25019,3,0.0,0.0,0.0,0.0,0.0,0.0,0.0,0.0,0.0,0.0
27230,1,0.0,0.0,0.0,0.0,0.0,0.0,0.0,0.0,0.0,0.0
9633,42,0.4,0.3333333333333333,0.34519134224686926,0.047619047619047616,0.4,0.5,0.49090909090909096,0.4451989745299881,0.11904761904761904,0.5
24127,5,0.0,0.0,0.0,0.0,0.0,0.2,0.0,0.0,0.2,0.1
4921,34,0.4,0.4000000000000001,0.3600546145772339,0.058823529411764705,0.4,0.2,0.29090909090909095,0.23365080824310527,0.058823529411764705,0.2
12582,8,0.2,0.3333333333333333,0.33916020527361607,0.125,0.2,0.125,0.1923076923076923,0.2529427027676571,0.125,0.1
30915,10,0.2,0.3333333333333333,0.33916020527361607,0.1,0.2,0.4,0.3272727272727272,0.4283650469300962,0.4,0.4
12647,34,0.4,0.3333333333333333,0.31564845247951445,0.058823529411764705,0.4,0.3,0.34545454545454546,0.2781981696179509,0.08823529411764706,0.3
18038,3,0.0,0.0,0.0,0.0,0.0,0.0,0.0,0.0,0.0,0.0
8972,17,0.8,0.8666666666666666,0.8539316501572936,0.23529411764705882,0.8,0.4,0.6000000000000001,0.5541432109622958,0.23529411764705882,0.4
7805,37,0.6,0.46666666666666673,0.4912596920895757,0.08108108108108109,0.6,0.5,0.5636363636363636,0.4705561169627616,0.13513513513513514,0.5
16174,4,0.0,0.0,0.0,0.0,0.0,0.0,0.0,0.0,0.0,0.0
5206,22,0.0,0.0,0.0,0.0,0.0,0.1,0.09090909090909091,0.07839826897867533,0.045454545454545456,0.1
18251,39,0.6,0.6666666666666666,0.6548086577531306,0.07692307692307693,0.6,0.6,0.6363636363636364,0.6390097281865126,0.15384615384615385,0.6
18631,5,0.2,0.19999999999999998,0.16958010263680803,0.2,0.2,0.2,0.2,0.16958010263680803,0.2,0.1
18325,1,1.0,1.0,1.0,1.0,0.2,1.0,1.0,1.0,1.0,0.1
10333,33,0.6,0.7999999999999999,0.7227265726449518,0.09090909090909091,0.6,0.5,0.5636363636363636,0.6020521034564037,0.15151515151515152,0.5
25324,22,0.4,0.5333333333333333,0.5087403079104241,0.09090909090909091,0.4,0.4,0.49090909090909085,0.48189984052515555,0.18181818181818182,0.4
7746,15,0.0,0.0,0.0,0.0,0.0,0.0,0.0,0.0,0.0,0.0
9778,7,0.2,0.26666666666666666,0.2139862647345275,0.14285714285714285,0.2,0.14285714285714285,0.18367346938775508,0.17342765698823942,0.14285714285714285,0.1
4341,1,0.0,0.0,0.0,0.0,0.0,0.0,0.0,0.0,0.0,0.0
26037,11,0.2,0.3333333333333333,0.33916020527361607,0.09090909090909091,0.2,0.1,0.18181818181818182,0.22009176629808014,0.09090909090909091,0.1
2955,12,0.2,0.13333333333333333,0.14606834984270645,0.08333333333333333,0.2,0.1,0.12727272727272726,0.09478836436955078,0.08333333333333333,0.1
6097,32,0.2,0.3333333333333333,0.33916020527361607,0.03125,0.2,0.3,0.29090909090909095,0.3621108234757072,0.09375,0.3
3119,5,0.0,0.0,0.0,0.0,0.0,0.0,0.0,0.0,0.0,0.0
2405,6,0.2,0.3333333333333333,0.33916020527361607,0.16666666666666666,0.2,0.16666666666666666,0.2222222222222222,0.30260241349881345,0.16666666666666666,0.1
6349,40,0.4,0.6,0.5531464700081437,0.05,0.4,0.5,0.5454545454545454,0.5769706247040591,0.125,0.5
4754,7,0.0,0.0,0.0,0.0,0.0,0.0,0.0,0.0,0.0,0.0
4753,28,1.0,1.0,1.0,0.17857142857142858,1.0,0.6,0.8181818181818182,0.727329844310522,0.21428571428571427,0.6
5022,23,0.6,0.39999999999999997,0.4468535299918562,0.13043478260869565,0.6,0.3,0.38181818181818183,0.28997736516021183,0.13043478260869565,0.3
9554,9,0.0,0.0,0.0,0.0,0.0,0.0,0.0,0.0,0.0,0.0
1771,30,0.6,0.5333333333333333,0.5147714448836773,0.1,0.6,0.5,0.4727272727272727,0.4639264563175563,0.16666666666666666,0.5
17770,4,0.0,0.0,0.0,0.0,0.0,0.0,0.0,0.0,0.0,0.0
5064,13,0.2,0.06666666666666665,0.13120507751234176,0.07692307692307693,0.2,0.1,0.10909090909090909,0.08514311764162097,0.07692307692307693,0.1
24336,7,0.4,0.6,0.5531464700081437,0.2857142857142857,0.4,0.2857142857142857,0.38775510204081626,0.4483039899025303,0.2857142857142857,0.2
5091,1,0.0,0.0,0.0,0.0,0.0,0.0,0.0,0.0,0.0,0.0
19861,12,0.2,0.26666666666666666,0.2139862647345275,0.08333333333333333,0.2,0.3,0.2545454545454546,0.2745478892647208,0.25,0.3
15116,34,0.4,0.5333333333333333,0.5087403079104241,0.058823529411764705,0.4,0.5,0.45454545454545464,0.533376583199821,0.14705882352941177,0.5
5115,18,0.2,0.06666666666666665,0.13120507751234176,0.05555555555555555,0.2,0.3,0.1636363636363636,0.21501812929496167,0.16666666666666666,0.3
2937,22,0.6,0.6,0.529634717214042,0.13636363636363635,0.6,0.3,0.43636363636363645,0.34369669139214537,0.13636363636363635,0.3
20395,2,0.0,0.0,0.0,0.0,0.0,0.0,0.0,0.0,0.0,0.0
17256,30,0.4,0.26666666666666666,0.3007851801491498,0.06666666666666667,0.4,0.2,0.2545454545454545,0.19518900079066104,0.06666666666666667,0.2
10379,9,0.2,0.19999999999999998,0.16958010263680803,0.1111111111111111,0.2,0.1111111111111111,0.14814814814814814,0.11752277470724269,0.1111111111111111,0.1
25915,3,0.0,0.0,0.0,0.0,0.0,0.0,0.0,0.0,0.0,0.0
3478,6,0.2,0.3333333333333333,0.33916020527361607,0.16666666666666666,0.2,0.3333333333333333,0.2222222222222222,0.30260241349881345,0.3333333333333333,0.2
13524,2,0.0,0.0,0.0,0.0,0.0,0.0,0.0,0.0,0.0,0.0
15294,1,0.0,0.0,0.0,0.0,0.0,0.0,0.0,0.0,0.0,0.0
22193,1,0.0,0.0,0.0,0.0,0.0,0.0,0.0,0.0,0.0,0.0
22500,7,0.4,0.5333333333333333,0.5087403079104241,0.2857142857142857,0.4,0.2857142857142857,0.36734693877551017,0.4123144993714362,0.2857142857142857,0.2
29428,17,0.4,0.5333333333333333,0.5087403079104241,0.11764705882352941,0.4,0.4,0.38181818181818183,0.4600126611004609,0.23529411764705882,0.4
23664,7,0.2,0.3333333333333333,0.33916020527361607,0.14285714285714285,0.2,0.14285714285714285,0.2040816326530612,0.27487633291429087,0.14285714285714285,0.1
17999,8,0.2,0.06666666666666665,0.13120507751234176,0.125,0.2,0.25,0.21153846153846154,0.1879516032875281,0.25,0.2
28058,8,0.2,0.19999999999999998,0.16958010263680803,0.125,0.2,0.125,0.15384615384615385,0.12647135138382856,0.125,0.1
14602,40,0.6,0.6666666666666666,0.6548086577531306,0.075,0.6,0.4,0.5454545454545454,0.5033242827953462,0.1,0.4
22783,3,0.0,0.0,0.0,0.0,0.0,0.0,0.0,0.0,0.0,0.0
5380,14,0.4,0.3333333333333333,0.31564845247951445,0.14285714285714285,0.4,0.2,0.2727272727272727,0.20483424751859083,0.14285714285714285,0.2
14804,20,0.4,0.3333333333333333,0.34519134224686926,0.1,0.4,0.2,0.2727272727272727,0.22400556151517548,0.1,0.2
8419,5,0.0,0.0,0.0,0.0,0.0,0.0,0.0,0.0,0.0,0.0
9881,29,0.4,0.4666666666666666,0.48522855511632257,0.06896551724137931,0.4,0.2,0.3090909090909091,0.31488013066763093,0.06896551724137931,0.2
25544,7,0.2,0.3333333333333333,0.33916020527361607,0.14285714285714285,0.2,0.2857142857142857,0.3061224489795918,0.3727892582642587,0.2857142857142857,0.2
15210,15,0.2,0.3333333333333333,0.33916020527361607,0.06666666666666667,0.2,0.1,0.18181818181818182,0.22009176629808014,0.06666666666666667,0.1
5179,12,0.0,0.0,0.0,0.0,0.0,0.1,0.018181818181818177,0.0636207881989517,0.08333333333333333,0.1
17815,3,0.3333333333333333,0.4166666666666667,0.46927872602275644,0.3333333333333333,0.2,0.3333333333333333,0.37037037037037035,0.46927872602275644,0.3333333333333333,0.1
27906,16,0.2,0.19999999999999998,0.16958010263680803,0.0625,0.2,0.1,0.14545454545454548,0.11004588314904007,0.0625,0.1
983,10,0.2,0.3333333333333333,0.33916020527361607,0.1,0.2,0.1,0.18181818181818182,0.22009176629808014,0.1,0.1
19969,25,0.2,0.3333333333333333,0.33916020527361607,0.04,0.2,0.5,0.43636363636363645,0.5075394027672818,0.2,0.5
12383,2,0.0,0.0,0.0,0.0,0.0,0.0,0.0,0.0,0.0,0.0
6741,11,0.0,0.0,0.0,0.0,0.0,0.2,0.054545454545454536,0.12987501165334073,0.18181818181818182,0.2
12254,8,0.0,0.0,0.0,0.0,0.0,0.0,0.0,0.0,0.0,0.0
8936,45,0.4,0.4666666666666666,0.48522855511632257,0.044444444444444446,0.4,0.4,0.41818181818181815,0.45449827622138006,0.08888888888888889,0.4
17449,12,0.4,0.4666666666666666,0.48522855511632257,0.16666666666666666,0.4,0.2,0.3090909090909091,0.31488013066763093,0.16666666666666666,0.2
23258,51,0.6,0.7333333333333334,0.6992148198508501,0.058823529411764705,0.6,0.4,0.5272727272727272,0.5231737964779627,0.0784313725490196,0.4
27188,4,0.0,0.0,0.0,0.0,0.0,0.0,0.0,0.0,0.0,0.0
14577,3,0.3333333333333333,0.4166666666666667,0.46927872602275644,0.3333333333333333,0.2,0.6666666666666666,0.37037037037037035,0.46927872602275644,0.6666666666666666,0.2
9115,14,0.0,0.0,0.0,0.0,0.0,0.1,0.09090909090909091,0.07839826897867533,0.07142857142857142,0.1
7175,3,0.3333333333333333,0.4166666666666667,0.46927872602275644,0.3333333333333333,0.2,0.3333333333333333,0.37037037037037035,0.46927872602275644,0.3333333333333333,0.1
7644,17,0.2,0.13333333333333333,0.14606834984270645,0.058823529411764705,0.2,0.1,0.12727272727272726,0.09478836436955078,0.058823529411764705,0.1
18922,19,0.2,0.19999999999999998,0.16958010263680803,0.05263157894736842,0.2,0.2,0.16363636363636364,0.1736666713479918,0.10526315789473684,0.2
18270,15,0.0,0.0,0.0,0.0,0.0,0.1,0.09090909090909091,0.07839826897867533,0.06666666666666667,0.1
19367,2,0.5,0.5555555555555556,0.6131471927654584,0.5,0.2,0.5,0.5263157894736842,0.6131471927654584,0.5,0.1
17091,11,0.0,0.0,0.0,0.0,0.0,0.0,0.0,0.0,0.0,0.0
15429,18,0.2,0.13333333333333333,0.14606834984270645,0.05555555555555555,0.2,0.2,0.21818181818181817,0.1731866333482261,0.1111111111111111,0.2
5352,19,0.4,0.6,0.5531464700081437,0.10526315789473684,0.4,0.3,0.4,0.4283854321084119,0.15789473684210525,0.3
8863,7,0.2,0.19999999999999998,0.16958010263680803,0.14285714285714285,0.2,0.14285714285714285,0.16326530612244897,0.13743816645714543,0.14285714285714285,0.1
13003,15,0.6,0.6666666666666666,0.6548086577531306,0.2,0.6,0.3,0.45454545454545453,0.424926013816671,0.2,0.3
21487,4,0.0,0.0,0.0,0.0,0.0,0.25,0.0,0.0,0.25,0.1
9524,17,0.2,0.3333333333333333,0.33916020527361607,0.058823529411764705,0.2,0.2,0.2727272727272727,0.2984900352767555,0.11764705882352941,0.2
5078,5,0.2,0.26666666666666666,0.2139862647345275,0.2,0.2,0.2,0.225,0.2139862647345275,0.2,0.1
27003,7,0.2,0.13333333333333333,0.14606834984270645,0.14285714285714285,0.2,0.2857142857142857,0.22448979591836735,0.21000823726012655,0.2857142857142857,0.2
715,17,0.0,0.0,0.0,0.0,0.0,0.1,0.036363636363636355,0.06625422345438903,0.058823529411764705,0.1
11802,31,0.4,0.6,0.5531464700081437,0.06451612903225806,0.4,0.3,0.3818181818181818,0.42520843362602373,0.0967741935483871,0.3
29335,2,0.0,0.0,0.0,0.0,0.0,0.0,0.0,0.0,0.0,0.0
6400,6,0.0,0.0,0.0,0.0,0.0,0.0,0.0,0.0,0.0,0.0
11953,13,0.4,0.6,0.5531464700081437,0.15384615384615385,0.4,0.2,0.34545454545454546,0.3589542101716347,0.15384615384615385,0.2
17168,3,0.0,0.0,0.0,0.0,0.0,0.3333333333333333,0.0,0.0,0.3333333333333333,0.1
22136,12,0.0,0.0,0.0,0.0,0.0,0.1,0.09090909090909091,0.07839826897867533,0.08333333333333333,0.1
7129,36,0.4,0.4666666666666666,0.48522855511632257,0.05555555555555555,0.4,0.3,0.38181818181818183,0.38824405276699103,0.08333333333333333,0.3
4615,13,0.2,0.06666666666666665,0.13120507751234176,0.07692307692307693,0.2,0.3,0.23636363636363636,0.22979561007468532,0.23076923076923078,0.3
3621,12,0.2,0.13333333333333333,0.14606834984270645,0.08333333333333333,0.2,0.1,0.12727272727272726,0.09478836436955078,0.08333333333333333,0.1
6234,17,0.2,0.19999999999999998,0.16958010263680803,0.058823529411764705,0.2,0.2,0.23636363636363636,0.1884441521277154,0.11764705882352941,0.2
16717,8,0.2,0.13333333333333333,0.14606834984270645,0.125,0.2,0.125,0.1346153846153846,0.1089364926177559,0.125,0.1
10142,66,0.4,0.4666666666666666,0.38356636737133554,0.030303030303030304,0.4,0.3,0.4,0.3273065960012699,0.045454545454545456,0.3
27094,20,0.2,0.26666666666666666,0.2139862647345275,0.05,0.2,0.2,0.23636363636363636,0.21222636597291453,0.1,0.2
27158,5,0.4,0.39999999999999997,0.4703652827859578,0.4,0.4,0.4,0.4,0.4703652827859578,0.4,0.2
16738,13,0.0,0.0,0.0,0.0,0.0,0.0,0.0,0.0,0.0,0.0
15178,16,0.2,0.26666666666666666,0.2139862647345275,0.0625,0.2,0.1,0.16363636363636364,0.1388624438735545,0.0625,0.1
19464,14,0.2,0.3333333333333333,0.33916020527361607,0.07142857142857142,0.2,0.1,0.18181818181818182,0.22009176629808014,0.07142857142857142,0.1
8050,9,0.2,0.26666666666666666,0.2139862647345275,0.1111111111111111,0.2,0.1111111111111111,0.16666666666666666,0.14829723057014907,0.1111111111111111,0.1
20770,32,0.4,0.5333333333333333,0.5087403079104241,0.0625,0.4,0.2,0.32727272727272727,0.3301376494471202,0.0625,0.2
11906,8,0.2,0.26666666666666666,0.2139862647345275,0.125,0.2,0.25,0.23076923076923078,0.23938361568734448,0.25,0.2
26690,3,0.3333333333333333,0.4166666666666667,0.46927872602275644,0.3333333333333333,0.2,0.3333333333333333,0.37037037037037035,0.46927872602275644,0.3333333333333333,0.1
23530,3,0.0,0.0,0.0,0.0,0.0,0.0,0.0,0.0,0.0,0.0
17001,18,0.0,0.0,0.0,0.0,0.0,0.1,0.036363636363636355,0.06625422345438903,0.05555555555555555,0.1
1750,21,0.4,0.4666666666666666,0.48522855511632257,0.09523809523809523,0.4,0.3,0.3272727272727272,0.3785009188665826,0.14285714285714285,0.3
29260,13,0.6,0.7333333333333334,0.6992148198508501,0.23076923076923078,0.6,0.4,0.5636363636363636,0.5321408435198608,0.3076923076923077,0.4
13947,14,0.2,0.06666666666666665,0.13120507751234176,0.07142857142857142,0.2,0.3,0.2545454545454546,0.23297260855707355,0.21428571428571427,0.3
1715,36,0.6,0.7999999999999999,0.7227265726449518,0.08333333333333333,0.6,0.4,0.5636363636363636,0.5423640154200349,0.1111111111111111,0.4
27727,3,0.3333333333333333,0.4166666666666667,0.46927872602275644,0.3333333333333333,0.2,0.3333333333333333,0.37037037037037035,0.46927872602275644,0.3333333333333333,0.1
21305,6,0.0,0.0,0.0,0.0,0.0,0.0,0.0,0.0,0.0,0.0
19850,14,0.4,0.4666666666666666,0.48522855511632257,0.14285714285714285,0.4,0.2,0.3090909090909091,0.31488013066763093,0.14285714285714285,0.2
24547,5,0.0,0.0,0.0,0.0,0.0,0.0,0.0,0.0,0.0,0.0
19158,1,0.0,0.0,0.0,0.0,0.0,0.0,0.0,0.0,0.0,0.0
20640,8,0.0,0.0,0.0,0.0,0.0,0.0,0.0,0.0,0.0,0.0
13370,5,0.2,0.26666666666666666,0.2139862647345275,0.2,0.2,0.2,0.225,0.2139862647345275,0.2,0.1
5371,3,0.0,0.0,0.0,0.0,0.0,0.0,0.0,0.0,0.0,0.0
16456,6,0.0,0.0,0.0,0.0,0.0,0.0,0.0,0.0,0.0,0.0
3606,7,0.4,0.5333333333333333,0.5087403079104241,0.2857142857142857,0.4,0.42857142857142855,0.4693877551020407,0.510227424721404,0.42857142857142855,0.3
532,14,0.0,0.0,0.0,0.0,0.0,0.0,0.0,0.0,0.0,0.0
13113,22,1.0,1.0,1.0,0.22727272727272727,1.0,0.5,0.7272727272727273,0.6489315753318466,0.22727272727272727,0.5
21868,21,0.4,0.6,0.5531464700081437,0.09523809523809523,0.4,0.4,0.45454545454545453,0.5009732673492616,0.19047619047619047,0.4
24801,16,0.2,0.26666666666666666,0.2139862647345275,0.0625,0.2,0.2,0.2545454545454545,0.21726071285222984,0.125,0.2
30203,8,0.0,0.0,0.0,0.0,0.0,0.0,0.0,0.0,0.0,0.0
8940,31,0.4,0.3333333333333333,0.31564845247951445,0.06451612903225806,0.4,0.5,0.47272727272727266,0.42285066205101524,0.16129032258064516,0.5
16465,9,0.2,0.26666666666666666,0.2139862647345275,0.1111111111111111,0.2,0.1111111111111111,0.16666666666666666,0.14829723057014907,0.1111111111111111,0.1
8816,10,0.2,0.26666666666666666,0.2139862647345275,0.1,0.2,0.2,0.21818181818181823,0.20829366581033176,0.2,0.2
18767,5,0.0,0.0,0.0,0.0,0.0,0.0,0.0,0.0,0.0,0.0
10761,21,0.2,0.3333333333333333,0.33916020527361607,0.047619047619047616,0.2,0.1,0.18181818181818182,0.22009176629808014,0.047619047619047616,0.1
26048,10,0.2,0.19999999999999998,0.16958010263680803,0.1,0.2,0.1,0.14545454545454548,0.11004588314904007,0.1,0.1
24634,5,0.0,0.0,0.0,0.0,0.0,0.0,0.0,0.0,0.0,0.0
4218,21,0.2,0.26666666666666666,0.2139862647345275,0.047619047619047616,0.2,0.1,0.16363636363636364,0.1388624438735545,0.047619047619047616,0.1
7733,3,0.3333333333333333,0.0,0.0,0.3333333333333333,0.2,0.3333333333333333,0.0,0.0,0.3333333333333333,0.1
17998,17,0.2,0.3333333333333333,0.33916020527361607,0.058823529411764705,0.2,0.2,0.23636363636363636,0.2895229882348574,0.11764705882352941,0.2
25953,21,0.4,0.5333333333333333,0.5087403079104241,0.09523809523809523,0.4,0.4,0.47272727272727266,0.4779671403625727,0.19047619047619047,0.4
27743,3,0.0,0.0,0.0,0.0,0.0,0.0,0.0,0.0,0.0,0.0
17685,2,0.0,0.0,0.0,0.0,0.0,0.5,0.0,0.0,0.5,0.1
23038,5,0.2,0.19999999999999998,0.16958010263680803,0.2,0.2,0.2,0.2,0.16958010263680803,0.2,0.1
17563,85,0.4,0.4666666666666666,0.48522855511632257,0.023529411764705882,0.4,0.4,0.36363636363636365,0.4447551423209717,0.047058823529411764,0.4
14499,53,0.6,0.7999999999999999,0.7227265726449518,0.05660377358490566,0.6,0.5,0.6545454545454545,0.6207622843987102,0.09433962264150944,0.5
21453,9,0.2,0.3333333333333333,0.33916020527361607,0.1111111111111111,0.2,0.1111111111111111,0.18518518518518517,0.23504554941448538,0.1111111111111111,0.1
14291,4,0.25,0.35714285714285715,0.39038004999210163,0.25,0.2,0.25,0.2941176470588235,0.39038004999210163,0.25,0.1
16035,13,0.2,0.13333333333333333,0.14606834984270645,0.07692307692307693,0.2,0.2,0.18181818181818182,0.16421958630632802,0.15384615384615385,0.2
26125,22,0.0,0.0,0.0,0.0,0.0,0.0,0.0,0.0,0.0,0.0
8703,36,0.6,0.6,0.529634717214042,0.08333333333333333,0.6,0.6,0.6000000000000001,0.5527460588826717,0.16666666666666666,0.6
1692,14,0.2,0.26666666666666666,0.2139862647345275,0.07142857142857142,0.2,0.2,0.2545454545454545,0.21726071285222984,0.14285714285714285,0.2
20088,3,0.3333333333333333,0.33333333333333337,0.29608191096586517,0.3333333333333333,0.2,0.3333333333333333,0.3333333333333333,0.29608191096586517,0.3333333333333333,0.1
5912,58,0.2,0.3333333333333333,0.33916020527361607,0.017241379310344827,0.2,0.3,0.2727272727272727,0.3557772116892464,0.05172413793103448,0.3
27842,14,0.4,0.3333333333333333,0.34519134224686926,0.14285714285714285,0.4,0.3,0.34545454545454546,0.2973694836145355,0.21428571428571427,0.3
1139,7,0.2,0.3333333333333333,0.33916020527361607,0.14285714285714285,0.2,0.2857142857142857,0.3061224489795918,0.3727892582642587,0.2857142857142857,0.2
19125,16,0.8,0.8666666666666666,0.8539316501572936,0.25,0.8,0.5,0.6727272727272727,0.6275071330616558,0.3125,0.5
25810,13,0.2,0.19999999999999998,0.16958010263680803,0.07692307692307693,0.2,0.1,0.14545454545454548,0.11004588314904007,0.07692307692307693,0.1
17939,5,0.0,0.0,0.0,0.0,0.0,0.0,0.0,0.0,0.0,0.0
24750,3,0.0,0.0,0.0,0.0,0.0,0.0,0.0,0.0,0.0,0.0
21897,16,0.0,0.0,0.0,0.0,0.0,0.1,0.09090909090909091,0.07839826897867533,0.0625,0.1
26714,4,0.5,0.35714285714285715,0.39038004999210163,0.5,0.4,0.5,0.2941176470588235,0.39038004999210163,0.5,0.2
21033,1,0.0,0.0,0.0,0.0,0.0,0.0,0.0,0.0,0.0,0.0
7978,31,0.8,0.9333333333333332,0.8687949224876582,0.12903225806451613,0.8,0.5,0.6909090909090909,0.6371523797895856,0.16129032258064516,0.5
14468,7,0.2,0.3333333333333333,0.33916020527361607,0.14285714285714285,0.2,0.14285714285714285,0.2040816326530612,0.27487633291429087,0.14285714285714285,0.1
10392,5,0.0,0.0,0.0,0.0,0.0,0.2,0.0,0.0,0.2,0.1
26816,38,0.6,0.6666666666666666,0.6843515475204854,0.07894736842105263,0.6,0.7,0.7090909090909091,0.7315449642824573,0.18421052631578946,0.7
1992,17,0.2,0.26666666666666666,0.2139862647345275,0.058823529411764705,0.2,0.2,0.21818181818181823,0.20829366581033176,0.11764705882352941,0.2
11409,1,0.0,0.0,0.0,0.0,0.0,0.0,0.0,0.0,0.0,0.0
11142,19,0.2,0.26666666666666666,0.2139862647345275,0.05263157894736842,0.2,0.1,0.16363636363636364,0.1388624438735545,0.05263157894736842,0.1
2430,4,0.0,0.0,0.0,0.0,0.0,0.0,0.0,0.0,0.0,0.0
18643,14,0.2,0.26666666666666666,0.2139862647345275,0.07142857142857142,0.2,0.1,0.16363636363636364,0.1388624438735545,0.07142857142857142,0.1
9724,1,1.0,1.0,1.0,1.0,0.2,1.0,1.0,1.0,1.0,0.1
19528,10,0.2,0.06666666666666665,0.13120507751234176,0.1,0.2,0.2,0.14545454545454545,0.15139734109601,0.2,0.2
14566,2,0.0,0.0,0.0,0.0,0.0,0.0,0.0,0.0,0.0,0.0
7698,9,0.4,0.5333333333333333,0.5087403079104241,0.2222222222222222,0.4,0.2222222222222222,0.3333333333333333,0.352568324121728,0.2222222222222222,0.2
3854,6,0.0,0.0,0.0,0.0,0.0,0.0,0.0,0.0,0.0,0.0
17303,12,0.0,0.0,0.0,0.0,0.0,0.1,0.07272727272727274,0.07336392209936006,0.08333333333333333,0.1
13745,11,0.2,0.3333333333333333,0.33916020527361607,0.09090909090909091,0.2,0.1,0.18181818181818182,0.22009176629808014,0.09090909090909091,0.1
2618,12,0.2,0.06666666666666665,0.13120507751234176,0.08333333333333333,0.2,0.1,0.10909090909090909,0.08514311764162097,0.08333333333333333,0.1
10232,1,0.0,0.0,0.0,0.0,0.0,0.0,0.0,0.0,0.0,0.0
17305,2,0.0,0.0,0.0,0.0,0.0,0.0,0.0,0.0,0.0,0.0
3338,10,0.0,0.0,0.0,0.0,0.0,0.1,0.07272727272727274,0.07336392209936006,0.1,0.1
1422,3,0.0,0.0,0.0,0.0,0.0,0.3333333333333333,0.0,0.0,0.3333333333333333,0.1
6217,27,0.6,0.6666666666666666,0.6843515475204854,0.1111111111111111,0.6,0.4,0.5272727272727272,0.5174612499126158,0.14814814814814814,0.4
2505,18,0.0,0.0,0.0,0.0,0.0,0.0,0.0,0.0,0.0,0.0
18108,6,0.2,0.26666666666666666,0.2139862647345275,0.16666666666666666,0.2,0.16666666666666666,0.2,0.1909208661789346,0.16666666666666666,0.1
20389,22,0.4,0.39999999999999997,0.4703652827859578,0.09090909090909091,0.4,0.2,0.29090909090909095,0.3052348839397011,0.09090909090909091,0.2
23750,50,0.8,0.7333333333333334,0.7860137352654724,0.08,0.8,0.6,0.6727272727272727,0.652088188635919,0.12,0.6
3080,6,0.0,0.0,0.0,0.0,0.0,0.0,0.0,0.0,0.0,0.0
4290,7,0.6,0.7333333333333334,0.6992148198508501,0.42857142857142855,0.6,0.42857142857142855,0.5306122448979591,0.5666867828578932,0.42857142857142855,0.3
18138,1,1.0,0.0,0.0,1.0,0.2,1.0,0.0,0.0,1.0,0.1
5498,17,0.0,0.0,0.0,0.0,0.0,0.1,0.05454545454545456,0.06943122193677725,0.058823529411764705,0.1
8060,1,0.0,0.0,0.0,0.0,0.0,0.0,0.0,0.0,0.0,0.0
27023,9,0.2,0.26666666666666666,0.2139862647345275,0.1111111111111111,0.2,0.2222222222222222,0.24074074074074073,0.22664574704164417,0.2222222222222222,0.2
4182,23,0.4,0.6,0.5531464700081437,0.08695652173913043,0.4,0.3,0.43636363636363634,0.43735247915031,0.13043478260869565,0.3
5268,14,0.4,0.6,0.5531464700081437,0.14285714285714285,0.4,0.3,0.3818181818181818,0.42520843362602373,0.21428571428571427,0.3
11433,11,0.2,0.3333333333333333,0.33916020527361607,0.09090909090909091,0.2,0.1,0.18181818181818182,0.22009176629808014,0.09090909090909091,0.1
18638,3,0.0,0.0,0.0,0.0,0.0,0.0,0.0,0.0,0.0,0.0
11056,4,0.0,0.0,0.0,0.0,0.0,0.0,0.0,0.0,0.0,0.0
21007,2,0.5,0.4444444444444445,0.3868528072345415,0.5,0.2,0.5,0.4736842105263158,0.3868528072345415,0.5,0.1
15146,1,0.0,0.0,0.0,0.0,0.0,0.0,0.0,0.0,0.0,0.0
15911,1,0.0,0.0,0.0,0.0,0.0,1.0,0.0,0.0,1.0,0.1
630,4,0.0,0.0,0.0,0.0,0.0,0.0,0.0,0.0,0.0,0.0
22948,51,0.4,0.6,0.5531464700081437,0.0392156862745098,0.4,0.3,0.3818181818181818,0.42520843362602373,0.058823529411764705,0.3
27725,4,0.0,0.0,0.0,0.0,0.0,0.0,0.0,0.0,0.0,0.0
16983,2,0.5,0.0,0.0,0.5,0.2,0.5,0.0,0.0,0.5,0.1
18090,63,0.4,0.4000000000000001,0.3600546145772339,0.031746031746031744,0.4,0.3,0.32727272727272727,0.2999050316974943,0.047619047619047616,0.3
5042,27,0.4,0.39999999999999997,0.4703652827859578,0.07407407407407407,0.4,0.3,0.38181818181818183,0.3836331529183764,0.1111111111111111,0.3
13171,55,0.6,0.7999999999999999,0.7227265726449518,0.05454545454545454,0.6,0.4,0.5272727272727273,0.5352543167750639,0.07272727272727272,0.4
13720,17,0.4,0.4666666666666666,0.48522855511632257,0.11764705882352941,0.4,0.5,0.5272727272727273,0.5360735436824436,0.29411764705882354,0.5
16756,13,0.2,0.13333333333333333,0.14606834984270645,0.07692307692307693,0.2,0.1,0.12727272727272726,0.09478836436955078,0.07692307692307693,0.1
922,3,0.3333333333333333,0.33333333333333337,0.29608191096586517,0.3333333333333333,0.2,0.3333333333333333,0.3333333333333333,0.29608191096586517,0.3333333333333333,0.1
12320,15,0.6,0.7333333333333334,0.6992148198508501,0.2,0.6,0.4,0.5454545454545454,0.5271064966405455,0.26666666666666666,0.4
22726,5,0.2,0.3333333333333333,0.33916020527361607,0.2,0.2,0.2,0.25,0.33916020527361607,0.2,0.1
24426,10,0.4,0.5333333333333333,0.5087403079104241,0.2,0.4,0.2,0.32727272727272727,0.3301376494471202,0.2,0.2
26375,4,0.5,0.5,0.5585075862632192,0.5,0.4,0.5,0.49999999999999994,0.5585075862632192,0.5,0.2
28460,1,1.0,1.0,1.0,1.0,0.2,1.0,1.0,1.0,1.0,0.1
25878,1,0.0,0.0,0.0,0.0,0.0,0.0,0.0,0.0,0.0,0.0
1195,38,0.2,0.3333333333333333,0.33916020527361607,0.02631578947368421,0.2,0.4,0.34545454545454546,0.4315420454124844,0.10526315789473684,0.4
6145,43,0.6,0.6,0.529634717214042,0.06976744186046512,0.6,0.4,0.5272727272727273,0.42209496037082067,0.09302325581395349,0.4
25255,14,0.0,0.0,0.0,0.0,0.0,0.4,0.2,0.2777045025687933,0.2857142857142857,0.4
26139,1,0.0,0.0,0.0,0.0,0.0,0.0,0.0,0.0,0.0,0.0
3302,7,0.4,0.5333333333333333,0.5087403079104241,0.2857142857142857,0.4,0.42857142857142855,0.36734693877551017,0.4123144993714362,0.42857142857142855,0.3
11861,8,0.4,0.6,0.5531464700081437,0.25,0.4,0.25,0.36538461538461536,0.4125317798925535,0.25,0.2
4453,3,0.6666666666666666,0.75,0.7653606369886217,0.6666666666666666,0.4,0.6666666666666666,0.7037037037037036,0.7653606369886217,0.6666666666666666,0.2
12221,38,0.6,0.6666666666666666,0.6548086577531306,0.07894736842105263,0.6,0.3,0.45454545454545453,0.424926013816671,0.07894736842105263,0.3
669,93,0.2,0.19999999999999998,0.16958010263680803,0.010752688172043012,0.2,0.2,0.16363636363636364,0.1736666713479918,0.021505376344086023,0.2
8822,2,0.0,0.0,0.0,0.0,0.0,0.0,0.0,0.0,0.0,0.0
3721,28,0.4,0.39999999999999997,0.4703652827859578,0.07142857142857142,0.4,0.2,0.29090909090909095,0.3052348839397011,0.07142857142857142,0.2
17371,7,0.0,0.0,0.0,0.0,0.0,0.0,0.0,0.0,0.0,0.0
13396,6,0.0,0.0,0.0,0.0,0.0,0.0,0.0,0.0,0.0,0.0
6666,10,0.2,0.26666666666666666,0.2139862647345275,0.1,0.2,0.3,0.2909090909090909,0.28351493630661884,0.3,0.3
2262,6,0.2,0.3333333333333333,0.33916020527361607,0.16666666666666666,0.2,0.16666666666666666,0.2222222222222222,0.30260241349881345,0.16666666666666666,0.1
19469,2,0.0,0.0,0.0,0.0,0.0,0.0,0.0,0.0,0.0,0.0
27646,12,0.4,0.5333333333333333,0.5087403079104241,0.16666666666666666,0.4,0.3,0.41818181818181815,0.4085359184257955,0.25,0.3
19918,2,0.0,0.0,0.0,0.0,0.0,0.0,0.0,0.0,0.0,0.0
20539,10,0.4,0.6,0.5531464700081437,0.2,0.4,0.2,0.34545454545454546,0.3589542101716347,0.2,0.2
2123,16,1.0,1.0,1.0,0.3125,1.0,0.6,0.7636363636363637,0.7151857987862357,0.375,0.6
14684,10,0.4,0.6,0.5531464700081437,0.2,0.4,0.2,0.34545454545454546,0.3589542101716347,0.2,0.2
16971,7,0.2,0.06666666666666665,0.13120507751234176,0.14285714285714285,0.2,0.14285714285714285,0.12244897959183672,0.10633668103022983,0.14285714285714285,0.1
27649,17,0.4,0.3333333333333333,0.34519134224686926,0.11764705882352941,0.4,0.2,0.2727272727272727,0.22400556151517548,0.11764705882352941,0.2
13783,16,0.0,0.0,0.0,0.0,0.0,0.0,0.0,0.0,0.0,0.0
1175,11,0.2,0.3333333333333333,0.33916020527361607,0.09090909090909091,0.2,0.2,0.2727272727272727,0.2984900352767555,0.18181818181818182,0.2
2021,1,0.0,0.0,0.0,0.0,0.0,0.0,0.0,0.0,0.0,0.0
8309,9,0.2,0.26666666666666666,0.2139862647345275,0.1111111111111111,0.2,0.1111111111111111,0.16666666666666666,0.14829723057014907,0.1111111111111111,0.1
16157,6,0.0,0.0,0.0,0.0,0.0,0.0,0.0,0.0,0.0,0.0
4986,19,0.8,0.8000000000000002,0.8304198973631919,0.21052631578947367,0.8,0.6,0.6363636363636362,0.6687607038361473,0.3157894736842105,0.6
29926,28,0.0,0.0,0.0,0.0,0.0,0.0,0.0,0.0,0.0,0.0
8343,5,0.2,0.19999999999999998,0.16958010263680803,0.2,0.2,0.2,0.2,0.16958010263680803,0.2,0.1
23284,14,0.2,0.26666666666666666,0.2139862647345275,0.07142857142857142,0.2,0.1,0.16363636363636364,0.1388624438735545,0.07142857142857142,0.1
24481,24,0.4,0.3333333333333333,0.31564845247951445,0.08333333333333333,0.4,0.4,0.38181818181818183,0.3468533046962179,0.16666666666666666,0.4
18009,7,0.2,0.3333333333333333,0.33916020527361607,0.14285714285714285,0.2,0.14285714285714285,0.2040816326530612,0.27487633291429087,0.14285714285714285,0.1
27746,37,1.0,1.0,1.0,0.13513513513513514,1.0,0.9,0.9636363636363636,0.933745776545611,0.24324324324324326,0.9
29580,11,0.0,0.0,0.0,0.0,0.0,0.0,0.0,0.0,0.0,0.0
6861,4,0.5,0.2142857142857143,0.19519002499605081,0.5,0.4,0.5,0.23529411764705882,0.19519002499605081,0.5,0.2
30774,5,0.0,0.0,0.0,0.0,0.0,0.4,0.0,0.0,0.4,0.2
7885,1,0.0,0.0,0.0,0.0,0.0,0.0,0.0,0.0,0.0,0.0
2334,19,0.4,0.39999999999999997,0.4703652827859578,0.10526315789473684,0.4,0.3,0.34545454545454546,0.3746661058764783,0.15789473684210525,0.3
7696,37,1.0,1.0,1.0,0.13513513513513514,1.0,0.6,0.8,0.7222954974312067,0.16216216216216217,0.6
30395,3,0.0,0.0,0.0,0.0,0.0,0.0,0.0,0.0,0.0,0.0
9320,9,0.4,0.6,0.5531464700081437,0.2222222222222222,0.4,0.3333333333333333,0.4259259259259259,0.4616912964561296,0.3333333333333333,0.3
30942,2,0.5,0.0,0.0,0.5,0.2,0.5,0.0,0.0,0.5,0.1
22091,5,0.2,0.3333333333333333,0.33916020527361607,0.2,0.2,0.2,0.25,0.33916020527361607,0.2,0.1
14595,28,0.8,0.8666666666666666,0.8539316501572936,0.14285714285714285,0.8,0.5,0.6363636363636364,0.6203974344166848,0.17857142857142858,0.5
6609,37,0.8,0.7333333333333334,0.7860137352654724,0.10810810810810811,0.8,0.5,0.6181818181818183,0.5795003533950692,0.13513513513513514,0.5
14517,11,0.2,0.19999999999999998,0.16958010263680803,0.09090909090909091,0.2,0.2,0.18181818181818182,0.1763001066034291,0.18181818181818182,0.2
2269,7,0.0,0.0,0.0,0.0,0.0,0.0,0.0,0.0,0.0,0.0
23657,5,0.0,0.0,0.0,0.0,0.0,0.0,0.0,0.0,0.0,0.0
28596,1,1.0,0.0,0.0,1.0,0.2,1.0,0.0,0.0,1.0,0.1
13500,31,0.2,0.3333333333333333,0.33916020527361607,0.03225806451612903,0.2,0.2,0.21818181818181817,0.28634598975246917,0.06451612903225806,0.2
16394,32,0.6,0.7333333333333334,0.6992148198508501,0.09375,0.6,0.4,0.5454545454545454,0.5271064966405455,0.125,0.4
27450,2,0.5,0.0,0.0,0.5,0.2,0.5,0.0,0.0,0.5,0.1
30182,1,1.0,1.0,1.0,1.0,0.2,1.0,1.0,1.0,1.0,0.1
20083,5,0.2,0.3333333333333333,0.33916020527361607,0.2,0.2,0.2,0.25,0.33916020527361607,0.2,0.1
10716,11,0.4,0.4666666666666666,0.48522855511632257,0.18181818181818182,0.4,0.2,0.3090909090909091,0.31488013066763093,0.18181818181818182,0.2
12686,1,1.0,0.0,0.0,1.0,0.2,1.0,0.0,0.0,1.0,0.1
24506,6,0.0,0.0,0.0,0.0,0.0,0.0,0.0,0.0,0.0,0.0
28286,34,0.2,0.3333333333333333,0.33916020527361607,0.029411764705882353,0.2,0.2,0.23636363636363636,0.2895229882348574,0.058823529411764705,0.2
28918,15,0.2,0.13333333333333333,0.14606834984270645,0.06666666666666667,0.2,0.4,0.23636363636363633,0.29409459795966875,0.26666666666666666,0.4
325,17,0.6,0.6,0.6399453854227659,0.17647058823529413,0.6,0.3,0.43636363636363634,0.4152807670887412,0.17647058823529413,0.3
21238,2,0.5,0.5555555555555556,0.6131471927654584,0.5,0.2,0.5,0.5263157894736842,0.6131471927654584,0.5,0.1
12170,44,0.0,0.0,0.0,0.0,0.0,0.2,0.10909090909090909,0.14201905717762703,0.045454545454545456,0.2
9228,3,0.0,0.0,0.0,0.0,0.0,0.0,0.0,0.0,0.0,0.0
14049,27,0.4,0.5333333333333333,0.5087403079104241,0.07407407407407407,0.4,0.5,0.509090909090909,0.5455206287241072,0.18518518518518517,0.5
22470,5,0.2,0.06666666666666665,0.13120507751234176,0.2,0.2,0.2,0.15,0.13120507751234176,0.2,0.1
13661,43,0.2,0.13333333333333333,0.14606834984270645,0.023255813953488372,0.2,0.3,0.2545454545454545,0.2394408568026151,0.06976744186046512,0.3
6625,1,0.0,0.0,0.0,0.0,0.0,0.0,0.0,0.0,0.0,0.0
8011,6,0.2,0.3333333333333333,0.33916020527361607,0.16666666666666666,0.2,0.16666666666666666,0.2222222222222222,0.30260241349881345,0.16666666666666666,0.1
20789,9,0.2,0.19999999999999998,0.16958010263680803,0.1111111111111111,0.2,0.1111111111111111,0.14814814814814814,0.11752277470724269,0.1111111111111111,0.1
28378,54,0.8,0.8666666666666666,0.8539316501572936,0.07407407407407407,0.8,0.5,0.6909090909090909,0.6325414799409711,0.09259259259259259,0.5
21121,3,0.0,0.0,0.0,0.0,0.0,0.0,0.0,0.0,0.0,0.0
21255,5,0.6,0.7333333333333334,0.6992148198508501,0.6,0.6,0.6,0.6499999999999999,0.6992148198508501,0.6,0.3
27469,3,0.3333333333333333,0.33333333333333337,0.29608191096586517,0.3333333333333333,0.2,0.3333333333333333,0.3333333333333333,0.29608191096586517,0.3333333333333333,0.1
16399,3,0.0,0.0,0.0,0.0,0.0,0.0,0.0,0.0,0.0,0.0
10358,66,0.6,0.6666666666666666,0.6843515475204854,0.045454545454545456,0.6,0.4,0.5454545454545454,0.522495596791931,0.06060606060606061,0.4
24043,2,0.0,0.0,0.0,0.0,0.0,0.0,0.0,0.0,0.0,0.0
1138,22,0.4,0.39999999999999997,0.4703652827859578,0.09090909090909091,0.4,0.3,0.38181818181818183,0.3836331529183764,0.13636363636363635,0.3
22008,6,0.4,0.26666666666666666,0.3007851801491498,0.3333333333333333,0.4,0.3333333333333333,0.3111111111111111,0.26836379988737025,0.3333333333333333,0.2
13467,19,0.4,0.39999999999999997,0.4703652827859578,0.10526315789473684,0.4,0.3,0.30909090909090914,0.3688556721386528,0.15789473684210525,0.3
30077,5,0.2,0.19999999999999998,0.16958010263680803,0.2,0.2,0.6,0.2,0.16958010263680803,0.6,0.3
30641,9,0.4,0.4666666666666666,0.38356636737133554,0.2222222222222222,0.4,0.3333333333333333,0.3888888888888889,0.3441685217488869,0.3333333333333333,0.3
19885,8,0.2,0.19999999999999998,0.16958010263680803,0.125,0.2,0.125,0.15384615384615385,0.12647135138382856,0.125,0.1
22485,1,1.0,1.0,1.0,1.0,0.2,1.0,1.0,1.0,1.0,0.1
26732,17,0.6,0.7333333333333334,0.6992148198508501,0.17647058823529413,0.6,0.3,0.47272727272727266,0.4537425745411855,0.17647058823529413,0.3
20834,15,0.2,0.3333333333333333,0.33916020527361607,0.06666666666666667,0.2,0.1,0.18181818181818182,0.22009176629808014,0.06666666666666667,0.1
21224,8,0.4,0.26666666666666666,0.3007851801491498,0.25,0.4,0.25,0.2692307692307692,0.22432294601898897,0.25,0.2
6169,2,0.0,0.0,0.0,0.0,0.0,0.0,0.0,0.0,0.0,0.0
26228,14,0.2,0.3333333333333333,0.33916020527361607,0.07142857142857142,0.2,0.2,0.2727272727272727,0.2984900352767555,0.14285714285714285,0.2
16266,10,0.2,0.3333333333333333,0.33916020527361607,0.1,0.2,0.1,0.18181818181818182,0.22009176629808014,0.1,0.1
21399,13,0.6,0.6666666666666666,0.6548086577531306,0.23076923076923078,0.6,0.4,0.5454545454545454,0.5033242827953462,0.3076923076923077,0.4
19622,7,0.2,0.19999999999999998,0.16958010263680803,0.14285714285714285,0.2,0.14285714285714285,0.16326530612244897,0.13743816645714543,0.14285714285714285,0.1
21504,4,0.25,0.28571428571428575,0.2463023887407299,0.25,0.2,0.25,0.2647058823529412,0.2463023887407299,0.25,0.1
8440,4,0.0,0.0,0.0,0.0,0.0,0.25,0.0,0.0,0.25,0.1
21114,13,0.4,0.4666666666666666,0.48522855511632257,0.15384615384615385,0.4,0.3,0.34545454545454546,0.38113435412202,0.23076923076923078,0.3
20447,7,0.0,0.0,0.0,0.0,0.0,0.14285714285714285,0.08163265306122448,0.09162544430476363,0.14285714285714285,0.1
16419,24,0.4,0.4666666666666666,0.48522855511632257,0.08333333333333333,0.4,0.3,0.3272727272727272,0.3785009188665826,0.125,0.3
21877,16,0.8,0.9333333333333332,0.8687949224876582,0.25,0.8,0.4,0.6181818181818183,0.5637884576902256,0.25,0.4
24762,34,0.6,0.7333333333333334,0.6992148198508501,0.08823529411764706,0.6,0.4,0.5454545454545454,0.5271064966405455,0.11764705882352941,0.4
1115,21,0.4,0.6,0.5531464700081437,0.09523809523809523,0.4,0.2,0.34545454545454546,0.3589542101716347,0.09523809523809523,0.2
8726,17,0.4,0.6,0.5531464700081437,0.11764705882352941,0.4,0.2,0.34545454545454546,0.3589542101716347,0.11764705882352941,0.2
23106,20,0.6,0.6666666666666666,0.6843515475204854,0.15,0.6,0.3,0.45454545454545453,0.44409732781325567,0.15,0.3
30908,13,0.0,0.0,0.0,0.0,0.0,0.1,0.09090909090909091,0.07839826897867533,0.07692307692307693,0.1
25662,5,0.0,0.0,0.0,0.0,0.0,0.4,0.0,0.0,0.4,0.2
21633,3,0.0,0.0,0.0,0.0,0.0,0.0,0.0,0.0,0.0,0.0
14367,19,0.0,0.0,0.0,0.0,0.0,0.2,0.16363636363636364,0.1517621910780354,0.10526315789473684,0.2
29165,35,0.2,0.13333333333333333,0.14606834984270645,0.02857142857142857,0.2,0.2,0.14545454545454545,0.15840915256850246,0.05714285714285714,0.2
5689,8,0.2,0.26666666666666666,0.2139862647345275,0.125,0.2,0.25,0.2692307692307692,0.249689085777264,0.25,0.2
27876,32,0.8,0.8000000000000002,0.8304198973631919,0.125,0.8,0.5,0.6545454545454544,0.6122496142821665,0.15625,0.5
15166,5,0.2,0.19999999999999998,0.16958010263680803,0.2,0.2,0.4,0.2,0.16958010263680803,0.4,0.2
11140,20,0.2,0.3333333333333333,0.33916020527361607,0.05,0.2,0.1,0.18181818181818182,0.22009176629808014,0.05,0.1
15032,1,1.0,1.0,1.0,1.0,0.2,1.0,1.0,1.0,1.0,0.1
7656,4,0.0,0.0,0.0,0.0,0.0,0.0,0.0,0.0,0.0,0.0
29548,2,0.5,0.5555555555555556,0.6131471927654584,0.5,0.2,0.5,0.5263157894736842,0.6131471927654584,0.5,0.1
16956,7,0.0,0.0,0.0,0.0,0.0,0.14285714285714285,0.0,0.0,0.14285714285714285,0.1
28632,45,0.4,0.4666666666666666,0.38356636737133554,0.044444444444444446,0.4,0.4,0.4,0.38589303732090635,0.08888888888888889,0.4
1472,1,0.0,0.0,0.0,0.0,0.0,0.0,0.0,0.0,0.0,0.0
11079,5,0.2,0.3333333333333333,0.33916020527361607,0.2,0.2,0.4,0.25,0.33916020527361607,0.4,0.2
20030,4,0.0,0.0,0.0,0.0,0.0,0.0,0.0,0.0,0.0,0.0
6517,13,0.0,0.0,0.0,0.0,0.0,0.0,0.0,0.0,0.0,0.0
26237,32,0.2,0.19999999999999998,0.16958010263680803,0.03125,0.2,0.2,0.23636363636363636,0.1884441521277154,0.0625,0.2
20383,2,1.0,0.5555555555555556,0.6131471927654584,1.0,0.4,1.0,0.5263157894736842,0.6131471927654584,1.0,0.2
7877,44,0.4,0.4666666666666666,0.38356636737133554,0.045454545454545456,0.4,0.2,0.30909090909090914,0.24890832702259458,0.045454545454545456,0.2
28368,1,0.0,0.0,0.0,0.0,0.0,0.0,0.0,0.0,0.0,0.0
9637,39,0.4,0.6,0.5531464700081437,0.05128205128205128,0.4,0.5,0.45454545454545464,0.5582604437617527,0.1282051282051282,0.5
28326,44,0.6,0.6666666666666666,0.6843515475204854,0.06818181818181818,0.6,0.4,0.49090909090909096,0.5103515512676448,0.09090909090909091,0.4
23498,17,0.2,0.13333333333333333,0.14606834984270645,0.058823529411764705,0.2,0.2,0.1636363636363636,0.16104258782393982,0.11764705882352941,0.2
30904,4,0.0,0.0,0.0,0.0,0.0,0.0,0.0,0.0,0.0,0.0
7992,5,0.2,0.3333333333333333,0.33916020527361607,0.2,0.2,0.2,0.25,0.33916020527361607,0.2,0.1
26659,30,0.8,0.8666666666666666,0.8539316501572936,0.13333333333333333,0.8,0.5,0.6363636363636364,0.6203974344166848,0.16666666666666666,0.5
3179,20,0.2,0.26666666666666666,0.2139862647345275,0.05,0.2,0.1,0.16363636363636364,0.1388624438735545,0.05,0.1
19858,15,0.2,0.3333333333333333,0.33916020527361607,0.06666666666666667,0.2,0.2,0.2,0.2837125544970318,0.13333333333333333,0.2
17407,1,1.0,1.0,1.0,1.0,0.2,1.0,1.0,1.0,1.0,0.1
6829,8,0.2,0.19999999999999998,0.16958010263680803,0.125,0.2,0.125,0.15384615384615385,0.12647135138382856,0.125,0.1
13980,7,0.4,0.5333333333333333,0.5087403079104241,0.2857142857142857,0.4,0.2857142857142857,0.36734693877551017,0.4123144993714362,0.2857142857142857,0.2
4508,2,0.5,0.0,0.0,0.5,0.2,0.5,0.0,0.0,0.5,0.1
15284,22,0.4,0.4666666666666666,0.48522855511632257,0.09090909090909091,0.4,0.2,0.3090909090909091,0.31488013066763093,0.09090909090909091,0.2
11641,16,0.2,0.13333333333333333,0.14606834984270645,0.0625,0.2,0.2,0.1636363636363636,0.16104258782393982,0.125,0.2
17299,1,0.0,0.0,0.0,0.0,0.0,0.0,0.0,0.0,0.0,0.0
28167,45,0.0,0.0,0.0,0.0,0.0,0.2,0.10909090909090909,0.14201905717762703,0.044444444444444446,0.2
25701,44,0.6,0.7999999999999999,0.7227265726449518,0.06818181818181818,0.6,0.4,0.5636363636363636,0.5423640154200349,0.09090909090909091,0.4
26545,22,0.2,0.06666666666666665,0.13120507751234176,0.045454545454545456,0.2,0.4,0.2545454545454545,0.29155904987670994,0.18181818181818182,0.4
29828,35,0.4,0.3333333333333333,0.31564845247951445,0.05714285714285714,0.4,0.4,0.36363636363636365,0.34051969290975714,0.11428571428571428,0.4
3207,2,0.0,0.0,0.0,0.0,0.0,0.0,0.0,0.0,0.0,0.0
5700,31,0.4,0.4666666666666666,0.48522855511632257,0.06451612903225806,0.4,0.5,0.4181818181818182,0.5141863642577489,0.16129032258064516,0.5
13848,19,0.4,0.26666666666666666,0.3007851801491498,0.10526315789473684,0.4,0.2,0.2545454545454545,0.19518900079066104,0.10526315789473684,0.2
16428,3,0.0,0.0,0.0,0.0,0.0,0.0,0.0,0.0,0.0,0.0
10835,23,0.2,0.3333333333333333,0.33916020527361607,0.043478260869565216,0.2,0.1,0.18181818181818182,0.22009176629808014,0.043478260869565216,0.1
27152,11,0.2,0.3333333333333333,0.33916020527361607,0.09090909090909091,0.2,0.1,0.18181818181818182,0.22009176629808014,0.09090909090909091,0.1
16870,14,0.0,0.0,0.0,0.0,0.0,0.0,0.0,0.0,0.0,0.0
850,16,0.4,0.6,0.5531464700081437,0.125,0.4,0.3,0.43636363636363634,0.43735247915031,0.1875,0.3
6196,4,0.0,0.0,0.0,0.0,0.0,0.25,0.0,0.0,0.25,0.1
3794,10,0.2,0.19999999999999998,0.16958010263680803,0.1,0.2,0.1,0.14545454545454548,0.11004588314904007,0.1,0.1
10351,4,0.25,0.14285714285714288,0.16812753627111746,0.25,0.2,0.25,0.20588235294117643,0.16812753627111746,0.25,0.1
30909,5,0.0,0.0,0.0,0.0,0.0,0.0,0.0,0.0,0.0,0.0
23399,1,1.0,1.0,1.0,1.0,0.2,1.0,1.0,1.0,1.0,0.1
18021,7,0.2,0.06666666666666665,0.13120507751234176,0.14285714285714285,0.2,0.14285714285714285,0.12244897959183672,0.10633668103022983,0.14285714285714285,0.1
4877,25,0.6,0.5333333333333333,0.6164336326286642,0.12,0.6,0.4,0.49090909090909085,0.47338717040861195,0.16,0.4
836,2,0.0,0.0,0.0,0.0,0.0,0.0,0.0,0.0,0.0,0.0
7286,41,0.4,0.6,0.5531464700081437,0.04878048780487805,0.4,0.3,0.43636363636363634,0.43735247915031,0.07317073170731707,0.3
15887,6,0.2,0.26666666666666666,0.2139862647345275,0.16666666666666666,0.2,0.16666666666666666,0.2,0.1909208661789346,0.16666666666666666,0.1
18413,22,0.4,0.19999999999999998,0.2772734273550482,0.09090909090909091,0.4,0.3,0.2727272727272727,0.24618570546556073,0.13636363636363635,0.3
14528,1,0.0,0.0,0.0,0.0,0.0,0.0,0.0,0.0,0.0,0.0
30053,31,0.4,0.3333333333333333,0.31564845247951445,0.06451612903225806,0.4,0.3,0.36363636363636365,0.28323251649726616,0.0967741935483871,0.3
11349,6,0.4,0.39999999999999997,0.4703652827859578,0.3333333333333333,0.4,0.3333333333333333,0.35555555555555557,0.4196650066367769,0.3333333333333333,0.2
11885,10,0.2,0.3333333333333333,0.33916020527361607,0.1,0.2,0.1,0.18181818181818182,0.22009176629808014,0.1,0.1
15579,4,0.25,0.2142857142857143,0.19519002499605081,0.25,0.2,0.25,0.23529411764705882,0.19519002499605081,0.25,0.1
12882,27,0.0,0.0,0.0,0.0,0.0,0.0,0.0,0.0,0.0,0.0
28171,3,0.0,0.0,0.0,0.0,0.0,0.0,0.0,0.0,0.0,0.0
18842,18,0.2,0.26666666666666666,0.2139862647345275,0.05555555555555555,0.2,0.3,0.2545454545454546,0.2745478892647208,0.16666666666666666,0.3
8553,33,0.8,0.9333333333333332,0.8687949224876582,0.12121212121212122,0.8,0.4,0.6181818181818183,0.5637884576902256,0.12121212121212122,0.4
12294,3,0.0,0.0,0.0,0.0,0.0,0.0,0.0,0.0,0.0,0.0
24344,2,0.5,0.5555555555555556,0.6131471927654584,0.5,0.2,0.5,0.5263157894736842,0.6131471927654584,0.5,0.1
12461,2,0.5,0.5555555555555556,0.6131471927654584,0.5,0.2,0.5,0.5263157894736842,0.6131471927654584,0.5,0.1
23797,10,0.2,0.13333333333333333,0.14606834984270645,0.1,0.2,0.1,0.12727272727272726,0.09478836436955078,0.1,0.1
10897,4,0.75,0.7142857142857143,0.7536976112592699,0.75,0.6,1.0,0.7352941176470588,0.7536976112592699,1.0,0.4
3673,1,0.0,0.0,0.0,0.0,0.0,0.0,0.0,0.0,0.0,0.0
411,7,0.2,0.3333333333333333,0.33916020527361607,0.14285714285714285,0.2,0.14285714285714285,0.2040816326530612,0.27487633291429087,0.14285714285714285,0.1
1230,2,1.0,0.5555555555555556,0.6131471927654584,1.0,0.4,1.0,0.5263157894736842,0.6131471927654584,1.0,0.2
9291,1,0.0,0.0,0.0,0.0,0.0,0.0,0.0,0.0,0.0,0.0
17680,24,0.2,0.3333333333333333,0.33916020527361607,0.041666666666666664,0.2,0.1,0.18181818181818182,0.22009176629808014,0.041666666666666664,0.1
21789,26,0.2,0.3333333333333333,0.33916020527361607,0.038461538461538464,0.2,0.2,0.21818181818181817,0.28634598975246917,0.07692307692307693,0.2
6299,6,0.2,0.06666666666666665,0.13120507751234176,0.16666666666666666,0.2,0.16666666666666666,0.13333333333333333,0.11706259313796352,0.16666666666666666,0.1
26878,18,0.0,0.0,0.0,0.0,0.0,0.0,0.0,0.0,0.0,0.0
22555,28,1.0,1.0,1.0,0.17857142857142858,1.0,0.5,0.7272727272727273,0.6489315753318466,0.17857142857142858,0.5
22798,1,0.0,0.0,0.0,0.0,0.0,0.0,0.0,0.0,0.0,0.0
19011,23,0.4,0.39999999999999997,0.4703652827859578,0.08695652173913043,0.4,0.3,0.36363636363636365,0.37859880603906115,0.13043478260869565,0.3
23802,2,0.5,0.5555555555555556,0.6131471927654584,0.5,0.2,0.5,0.5263157894736842,0.6131471927654584,0.5,0.1
18303,33,0.2,0.19999999999999998,0.16958010263680803,0.030303030303030304,0.2,0.3,0.23636363636363641,0.2470305934473518,0.09090909090909091,0.3
12674,5,0.0,0.0,0.0,0.0,0.0,0.0,0.0,0.0,0.0,0.0
17099,32,0.4,0.4666666666666666,0.48522855511632257,0.0625,0.4,0.3,0.3272727272727272,0.3785009188665826,0.09375,0.3
21541,35,0.6,0.5333333333333333,0.6164336326286642,0.08571428571428572,0.6,0.5,0.5636363636363636,0.5478527392247045,0.14285714285714285,0.5
21681,4,0.0,0.0,0.0,0.0,0.0,0.25,0.0,0.0,0.25,0.1
11429,33,0.4,0.5333333333333333,0.5087403079104241,0.06060606060606061,0.4,0.2,0.32727272727272727,0.3301376494471202,0.06060606060606061,0.2
6758,1,1.0,1.0,1.0,1.0,0.2,1.0,1.0,1.0,1.0,0.1
28371,2,0.0,0.0,0.0,0.0,0.0,0.0,0.0,0.0,0.0,0.0
13943,47,0.6,0.6666666666666666,0.6843515475204854,0.06382978723404255,0.6,0.4,0.5454545454545454,0.522495596791931,0.0851063829787234,0.4
