user,total purchases,HR@5,WHR@5,nDCG@5,recall@5,precision@5,HR@10,WHR@10,nDCG@10,recall@10,precision@10
10,1,1.0,1.0,1.0,1.0,0.2,1.0,1.0,1.0,1.0,0.1
16,5,0.6,0.6666666666666666,0.6843515475204854,0.6,0.6,0.6,0.625,0.6843515475204854,0.6,0.3
21,26,0.4,0.4666666666666666,0.48522855511632257,0.07692307692307693,0.4,0.2,0.3090909090909091,0.31488013066763093,0.07692307692307693,0.2
29,10,0.4,0.6,0.5531464700081437,0.2,0.4,0.2,0.34545454545454546,0.3589542101716347,0.2,0.2
33,3,0.0,0.0,0.0,0.0,0.0,0.0,0.0,0.0,0.0,0.0
34,4,0.25,0.35714285714285715,0.39038004999210163,0.25,0.2,0.25,0.2941176470588235,0.39038004999210163,0.25,0.1
36,6,0.2,0.19999999999999998,0.16958010263680803,0.16666666666666666,0.2,0.16666666666666666,0.17777777777777778,0.15130120674940672,0.16666666666666666,0.1
37,6,0.0,0.0,0.0,0.0,0.0,0.0,0.0,0.0,0.0,0.0
39,34,0.6,0.7999999999999999,0.7227265726449518,0.08823529411764706,0.6,0.3,0.49090909090909096,0.46900009332067477,0.08823529411764706,0.3
41,34,1.0,1.0,1.0,0.14705882352941177,1.0,0.7,0.8181818181818182,0.7846170207230129,0.20588235294117646,0.7
42,7,0.2,0.13333333333333333,0.14606834984270645,0.14285714285714285,0.2,0.14285714285714285,0.14285714285714285,0.11838279295536291,0.14285714285714285,0.1
43,6,0.2,0.3333333333333333,0.33916020527361607,0.16666666666666666,0.2,0.16666666666666666,0.2222222222222222,0.30260241349881345,0.16666666666666666,0.1
46,24,0.4,0.6,0.5531464700081437,0.08333333333333333,0.4,0.2,0.34545454545454546,0.3589542101716347,0.08333333333333333,0.2
47,13,0.2,0.3333333333333333,0.33916020527361607,0.07692307692307693,0.2,0.2,0.23636363636363636,0.2895229882348574,0.15384615384615385,0.2
50,23,1.0,1.0,1.0,0.21739130434782608,1.0,0.7,0.8363636363636363,0.7909506325094736,0.30434782608695654,0.7
53,7,0.4,0.39999999999999997,0.4703652827859578,0.2857142857142857,0.4,0.2857142857142857,0.32653061224489793,0.3812130139445206,0.2857142857142857,0.2
59,21,0.6,0.7333333333333334,0.6992148198508501,0.14285714285714285,0.6,0.4,0.5454545454545454,0.5271064966405455,0.19047619047619047,0.4
63,2,0.0,0.0,0.0,0.0,0.0,0.0,0.0,0.0,0.0,0.0
66,27,0.8,0.9333333333333332,0.8687949224876582,0.14814814814814814,0.8,0.4,0.6181818181818183,0.5637884576902256,0.14814814814814814,0.4
67,4,0.25,0.2142857142857143,0.19519002499605081,0.25,0.2,0.25,0.23529411764705882,0.19519002499605081,0.25,0.1
69,1,1.0,1.0,1.0,1.0,0.2,1.0,1.0,1.0,1.0,0.1
74,30,0.4,0.4666666666666666,0.48522855511632257,0.06666666666666667,0.4,0.2,0.3090909090909091,0.31488013066763093,0.06666666666666667,0.2
75,3,0.0,0.0,0.0,0.0,0.0,0.0,0.0,0.0,0.0,0.0
83,14,0.4,0.6,0.5531464700081437,0.14285714285714285,0.4,0.3,0.41818181818181815,0.43231813227099475,0.21428571428571427,0.3
89,2,0.0,0.0,0.0,0.0,0.0,0.0,0.0,0.0,0.0,0.0
104,6,0.4,0.5333333333333333,0.5087403079104241,0.3333333333333333,0.4,0.5,0.4,0.4539036202482201,0.5,0.3
106,26,0.2,0.3333333333333333,0.33916020527361607,0.038461538461538464,0.2,0.3,0.3090909090909091,0.36288691033421744,0.11538461538461539,0.3
109,8,0.4,0.39999999999999997,0.4703652827859578,0.25,0.4,0.25,0.3076923076923077,0.35079429740281753,0.25,0.2
114,13,0.0,0.0,0.0,0.0,0.0,0.0,0.0,0.0,0.0,0.0
121,15,0.2,0.3333333333333333,0.33916020527361607,0.06666666666666667,0.2,0.2,0.21818181818181817,0.28634598975246917,0.13333333333333333,0.2
123,11,0.2,0.3333333333333333,0.33916020527361607,0.09090909090909091,0.2,0.2,0.23636363636363636,0.2895229882348574,0.18181818181818182,0.2
126,36,0.8,0.8666666666666666,0.8539316501572936,0.1111111111111111,0.8,0.5,0.6363636363636364,0.6203974344166848,0.1388888888888889,0.5
129,5,0.2,0.19999999999999998,0.16958010263680803,0.2,0.2,0.2,0.2,0.16958010263680803,0.2,0.1
137,54,0.6,0.6,0.529634717214042,0.05555555555555555,0.6,0.6,0.6181818181818183,0.557780405761987,0.1111111111111111,0.6
139,4,0.0,0.0,0.0,0.0,0.0,0.0,0.0,0.0,0.0,0.0
141,6,0.2,0.19999999999999998,0.16958010263680803,0.16666666666666666,0.2,0.16666666666666666,0.17777777777777778,0.15130120674940672,0.16666666666666666,0.1
146,1,1.0,1.0,1.0,1.0,0.2,1.0,1.0,1.0,1.0,0.1
148,20,0.4,0.3333333333333333,0.34519134224686926,0.1,0.4,0.3,0.36363636363636365,0.30240383049385083,0.15,0.3
152,1,0.0,0.0,0.0,0.0,0.0,0.0,0.0,0.0,0.0,0.0
159,14,0.4,0.6,0.5531464700081437,0.14285714285714285,0.4,0.2,0.34545454545454546,0.3589542101716347,0.14285714285714285,0.2
166,28,0.6,0.6666666666666666,0.6548086577531306,0.10714285714285714,0.6,0.3,0.45454545454545453,0.424926013816671,0.10714285714285714,0.3
168,13,0.4,0.4000000000000001,0.3600546145772339,0.15384615384615385,0.4,0.2,0.29090909090909095,0.23365080824310527,0.15384615384615385,0.2
172,8,0.4,0.6,0.5531464700081437,0.25,0.4,0.25,0.36538461538461536,0.4125317798925535,0.25,0.2
179,15,0.2,0.06666666666666665,0.13120507751234176,0.06666666666666667,0.2,0.2,0.16363636363636364,0.15457433957839825,0.13333333333333333,0.2
180,7,0.2,0.26666666666666666,0.2139862647345275,0.14285714285714285,0.2,0.14285714285714285,0.18367346938775508,0.17342765698823942,0.14285714285714285,0.1
188,2,0.5,0.0,0.0,0.5,0.2,1.0,0.0,0.0,1.0,0.2
192,38,0.8,0.7333333333333334,0.7860137352654724,0.10526315789473684,0.8,0.6,0.6727272727272727,0.6496872770120411,0.15789473684210525,0.6
195,7,0.0,0.0,0.0,0.0,0.0,0.2857142857142857,0.1020408163265306,0.0979129253499678,0.2857142857142857,0.2
196,18,0.2,0.26666666666666666,0.2139862647345275,0.05555555555555555,0.2,0.1,0.16363636363636364,0.1388624438735545,0.05555555555555555,0.1
202,1,0.0,0.0,0.0,0.0,0.0,0.0,0.0,0.0,0.0,0.0
203,33,0.6,0.7999999999999999,0.7227265726449518,0.09090909090909091,0.6,0.4,0.5090909090909091,0.5326208815196265,0.12121212121212122,0.4
208,3,0.3333333333333333,0.0,0.0,0.3333333333333333,0.2,0.3333333333333333,0.0,0.0,0.3333333333333333,0.1
211,33,0.0,0.0,0.0,0.0,0.0,0.0,0.0,0.0,0.0,0.0
212,7,0.0,0.0,0.0,0.0,0.0,0.2857142857142857,0.08163265306122448,0.09162544430476363,0.2857142857142857,0.2
214,5,0.4,0.4666666666666666,0.48522855511632257,0.4,0.4,0.6,0.425,0.48522855511632257,0.6,0.3
219,39,1.0,1.0,1.0,0.1282051282051282,1.0,0.8,0.9454545454545454,0.8701249883466592,0.20512820512820512,0.8
230,2,0.5,0.0,0.0,0.5,0.2,0.5,0.0,0.0,0.5,0.1
236,4,0.25,0.35714285714285715,0.39038004999210163,0.25,0.2,0.25,0.2941176470588235,0.39038004999210163,0.25,0.1
265,3,0.6666666666666666,0.75,0.7653606369886217,0.6666666666666666,0.4,0.6666666666666666,0.7037037037037036,0.7653606369886217,0.6666666666666666,0.2
272,17,0.6,0.5333333333333333,0.6164336326286642,0.17647058823529413,0.6,0.4,0.43636363636363634,0.46364403650820357,0.23529411764705882,0.4
283,12,0.4,0.5333333333333333,0.5087403079104241,0.16666666666666666,0.4,0.3,0.41818181818181815,0.4085359184257955,0.25,0.3
292,5,0.0,0.0,0.0,0.0,0.0,0.0,0.0,0.0,0.0,0.0
293,11,0.2,0.3333333333333333,0.33916020527361607,0.09090909090909091,0.2,0.1,0.18181818181818182,0.22009176629808014,0.09090909090909091,0.1
295,2,0.0,0.0,0.0,0.0,0.0,0.0,0.0,0.0,0.0,0.0
297,3,0.3333333333333333,0.4166666666666667,0.46927872602275644,0.3333333333333333,0.2,0.3333333333333333,0.37037037037037035,0.46927872602275644,0.3333333333333333,0.1
299,2,0.0,0.0,0.0,0.0,0.0,0.0,0.0,0.0,0.0,0.0
301,25,0.8,0.8000000000000002,0.8304198973631919,0.16,0.8,0.5,0.6,0.6025064803817581,0.2,0.5
302,28,0.2,0.13333333333333333,0.14606834984270645,0.03571428571428571,0.2,0.4,0.29090909090909095,0.3038377318600771,0.14285714285714285,0.4
305,14,0.0,0.0,0.0,0.0,0.0,0.0,0.0,0.0,0.0,0.0
333,14,0.2,0.13333333333333333,0.14606834984270645,0.07142857142857142,0.2,0.3,0.2727272727272727,0.24261785528500332,0.21428571428571427,0.3
334,17,0.2,0.3333333333333333,0.33916020527361607,0.058823529411764705,0.2,0.2,0.2727272727272727,0.2984900352767555,0.11764705882352941,0.2
341,2,0.0,0.0,0.0,0.0,0.0,0.0,0.0,0.0,0.0,0.0
350,7,0.2,0.3333333333333333,0.33916020527361607,0.14285714285714285,0.2,0.14285714285714285,0.2040816326530612,0.27487633291429087,0.14285714285714285,0.1
367,9,0.2,0.26666666666666666,0.2139862647345275,0.1111111111111111,0.2,0.2222222222222222,0.20370370370370372,0.21905299129122965,0.2222222222222222,0.2
373,38,0.6,0.6666666666666666,0.6843515475204854,0.07894736842105263,0.6,0.7,0.6909090909090909,0.72891152902702,0.18421052631578946,0.7
375,13,0.2,0.3333333333333333,0.33916020527361607,0.07692307692307693,0.2,0.2,0.2,0.2837125544970318,0.15384615384615385,0.2
378,3,0.0,0.0,0.0,0.0,0.0,0.3333333333333333,0.0,0.0,0.3333333333333333,0.1
384,5,0.2,0.3333333333333333,0.33916020527361607,0.2,0.2,0.2,0.25,0.33916020527361607,0.2,0.1
389,13,0.0,0.0,0.0,0.0,0.0,0.1,0.036363636363636355,0.06625422345438903,0.07692307692307693,0.1
395,7,0.0,0.0,0.0,0.0,0.0,0.0,0.0,0.0,0.0,0.0
400,1,0.0,0.0,0.0,0.0,0.0,0.0,0.0,0.0,0.0,0.0
405,15,0.0,0.0,0.0,0.0,0.0,0.3,0.14545454545454545,0.20827328063201603,0.2,0.3
409,1,0.0,0.0,0.0,0.0,0.0,0.0,0.0,0.0,0.0,0.0
418,2,1.0,0.4444444444444445,0.3868528072345415,1.0,0.4,1.0,0.4736842105263158,0.3868528072345415,1.0,0.2
423,9,0.4,0.5333333333333333,0.5087403079104241,0.2222222222222222,0.4,0.4444444444444444,0.4259259259259259,0.49747270012788314,0.4444444444444444,0.4
433,4,0.25,0.35714285714285715,0.39038004999210163,0.25,0.2,0.25,0.2941176470588235,0.39038004999210163,0.25,0.1
435,13,0.0,0.0,0.0,0.0,0.0,0.2,0.14545454545454548,0.14782949091545258,0.15384615384615385,0.2
442,47,0.6,0.5333333333333333,0.5147714448836773,0.06382978723404255,0.6,0.8,0.6909090909090909,0.685119869332369,0.1702127659574468,0.8
447,4,0.0,0.0,0.0,0.0,0.0,0.0,0.0,0.0,0.0,0.0
456,45,0.8,0.9333333333333332,0.8687949224876582,0.08888888888888889,0.8,0.8,0.8545454545454546,0.8486026589039899,0.17777777777777778,0.8
463,25,0.4,0.5333333333333333,0.5087403079104241,0.08,0.4,0.4,0.45454545454545453,0.47479014188018454,0.16,0.4
464,2,0.0,0.0,0.0,0.0,0.0,0.5,0.0,0.0,0.5,0.1
465,11,0.0,0.0,0.0,0.0,0.0,0.1,0.018181818181818177,0.0636207881989517,0.09090909090909091,0.1
466,14,0.2,0.3333333333333333,0.33916020527361607,0.07142857142857142,0.2,0.2,0.2727272727272727,0.2984900352767555,0.14285714285714285,0.2
468,33,0.6,0.7333333333333334,0.6992148198508501,0.09090909090909091,0.6,0.3,0.47272727272727266,0.4537425745411855,0.09090909090909091,0.3
477,14,0.6,0.7333333333333334,0.6992148198508501,0.21428571428571427,0.6,0.4,0.5272727272727272,0.5231737964779627,0.2857142857142857,0.4
480,32,1.0,1.0,1.0,0.15625,1.0,0.7,0.890909090909091,0.800693766409882,0.21875,0.7
489,1,0.0,0.0,0.0,0.0,0.0,0.0,0.0,0.0,0.0,0.0
494,12,0.0,0.0,0.0,0.0,0.0,0.0,0.0,0.0,0.0,0.0
495,25,0.8,0.8666666666666666,0.8539316501572936,0.16,0.8,0.6,0.7272727272727273,0.6987957033953601,0.24,0.6
500,2,1.0,1.0,1.0,1.0,0.4,1.0,1.0,1.0,1.0,0.2
503,24,0.2,0.19999999999999998,0.16958010263680803,0.041666666666666664,0.2,0.2,0.23636363636363636,0.1884441521277154,0.08333333333333333,0.2
505,8,0.4,0.5333333333333333,0.5087403079104241,0.25,0.4,0.375,0.44230769230769224,0.4695140628038533,0.375,0.3
512,3,0.6666666666666666,0.6666666666666667,0.7039180890341346,0.6666666666666666,0.4,0.6666666666666666,0.6666666666666666,0.7039180890341346,0.6666666666666666,0.2
516,5,0.2,0.19999999999999998,0.16958010263680803,0.2,0.2,0.2,0.2,0.16958010263680803,0.2,0.1
525,8,0.2,0.3333333333333333,0.33916020527361607,0.125,0.2,0.125,0.1923076923076923,0.2529427027676571,0.125,0.1
527,37,0.2,0.26666666666666666,0.2139862647345275,0.02702702702702703,0.2,0.2,0.2,0.2051166673279435,0.05405405405405406,0.2
543,1,0.0,0.0,0.0,0.0,0.0,0.0,0.0,0.0,0.0,0.0
544,99,0.4,0.6,0.5531464700081437,0.020202020202020204,0.4,0.4,0.43636363636363645,0.494639655562801,0.04040404040404041,0.4
545,22,0.4,0.6,0.5531464700081437,0.09090909090909091,0.4,0.3,0.43636363636363634,0.43735247915031,0.13636363636363635,0.3
552,10,0.4,0.3333333333333333,0.34519134224686926,0.2,0.4,0.3,0.29090909090909095,0.28762634971412715,0.3,0.3
557,9,0.4,0.26666666666666666,0.3007851801491498,0.2222222222222222,0.4,0.2222222222222222,0.25925925925925924,0.2084508053262215,0.2222222222222222,0.2
563,20,0.4,0.6,0.5531464700081437,0.1,0.4,0.3,0.41818181818181815,0.43231813227099475,0.15,0.3
564,10,0.2,0.3333333333333333,0.33916020527361607,0.1,0.2,0.1,0.18181818181818182,0.22009176629808014,0.1,0.1
566,34,0.4,0.6,0.5531464700081437,0.058823529411764705,0.4,0.3,0.41818181818181815,0.43231813227099475,0.08823529411764706,0.3
567,6,0.0,0.0,0.0,0.0,0.0,0.0,0.0,0.0,0.0,0.0
571,13,0.4,0.6,0.5531464700081437,0.15384615384615385,0.4,0.3,0.36363636363636365,0.4225749983705864,0.23076923076923078,0.3
575,34,0.6,0.6666666666666666,0.6843515475204854,0.08823529411764706,0.6,0.6,0.5818181818181818,0.6473362615659566,0.17647058823529413,0.6
576,7,0.0,0.0,0.0,0.0,0.0,0.0,0.0,0.0,0.0,0.0
583,43,0.4,0.3333333333333333,0.31564845247951445,0.046511627906976744,0.4,0.3,0.34545454545454546,0.2781981696179509,0.06976744186046512,0.3
584,9,0.2,0.13333333333333333,0.14606834984270645,0.1111111111111111,0.2,0.1111111111111111,0.12962962962962962,0.10122860821230019,0.1111111111111111,0.1
585,3,0.0,0.0,0.0,0.0,0.0,0.0,0.0,0.0,0.0,0.0
594,4,0.25,0.35714285714285715,0.39038004999210163,0.25,0.2,0.25,0.2941176470588235,0.39038004999210163,0.25,0.1
602,10,0.0,0.0,0.0,0.0,0.0,0.0,0.0,0.0,0.0,0.0
604,7,0.2,0.26666666666666666,0.2139862647345275,0.14285714285714285,0.2,0.14285714285714285,0.18367346938775508,0.17342765698823942,0.14285714285714285,0.1
606,1,0.0,0.0,0.0,0.0,0.0,0.0,0.0,0.0,0.0,0.0
608,16,0.4,0.4666666666666666,0.38356636737133554,0.125,0.4,0.6,0.5636363636363637,0.5363559634917963,0.375,0.6
609,23,0.4,0.6,0.5531464700081437,0.08695652173913043,0.4,0.4,0.47272727272727266,0.501749354207772,0.17391304347826086,0.4
619,3,0.0,0.0,0.0,0.0,0.0,0.0,0.0,0.0,0.0,0.0
621,11,0.0,0.0,0.0,0.0,0.0,0.1,0.05454545454545456,0.06943122193677725,0.09090909090909091,0.1
626,48,1.0,1.0,1.0,0.10416666666666667,1.0,0.8,0.8363636363636363,0.8482378089219647,0.16666666666666666,0.8
627,29,0.6,0.5333333333333333,0.6164336326286642,0.10344827586206896,0.6,0.6,0.6363636363636364,0.6212166613240645,0.20689655172413793,0.6
630,3,0.0,0.0,0.0,0.0,0.0,0.0,0.0,0.0,0.0,0.0
631,14,0.0,0.0,0.0,0.0,0.0,0.0,0.0,0.0,0.0,0.0
632,2,1.0,0.4444444444444445,0.3868528072345415,1.0,0.4,1.0,0.4736842105263158,0.3868528072345415,1.0,0.2
644,2,0.5,0.5555555555555556,0.6131471927654584,0.5,0.2,0.5,0.5263157894736842,0.6131471927654584,0.5,0.1
649,2,0.0,0.0,0.0,0.0,0.0,0.0,0.0,0.0,0.0,0.0
660,10,0.0,0.0,0.0,0.0,0.0,0.1,0.036363636363636355,0.06625422345438903,0.1,0.1
661,3,0.0,0.0,0.0,0.0,0.0,0.0,0.0,0.0,0.0,0.0
669,22,0.0,0.0,0.0,0.0,0.0,0.0,0.0,0.0,0.0,0.0
672,12,0.2,0.06666666666666665,0.13120507751234176,0.08333333333333333,0.2,0.1,0.10909090909090909,0.08514311764162097,0.08333333333333333,0.1
677,1,0.0,0.0,0.0,0.0,0.0,0.0,0.0,0.0,0.0,0.0
680,2,0.5,0.5555555555555556,0.6131471927654584,0.5,0.2,0.5,0.5263157894736842,0.6131471927654584,0.5,0.1
682,15,0.2,0.3333333333333333,0.33916020527361607,0.06666666666666667,0.2,0.2,0.2545454545454545,0.29345568839744024,0.13333333333333333,0.2
686,7,0.4,0.3333333333333333,0.34519134224686926,0.2857142857142857,0.4,0.2857142857142857,0.3061224489795918,0.2797643380184692,0.2857142857142857,0.2
689,3,0.3333333333333333,0.4166666666666667,0.46927872602275644,0.3333333333333333,0.2,0.3333333333333333,0.37037037037037035,0.46927872602275644,0.3333333333333333,0.1
700,14,0.2,0.19999999999999998,0.16958010263680803,0.07142857142857142,0.2,0.1,0.14545454545454548,0.11004588314904007,0.07142857142857142,0.1
712,17,0.8,0.7333333333333334,0.7860137352654724,0.23529411764705882,0.8,0.5,0.6181818181818183,0.5795003533950692,0.29411764705882354,0.5
717,21,0.4,0.5333333333333333,0.5087403079104241,0.09523809523809523,0.4,0.4,0.45454545454545453,0.47479014188018454,0.19047619047619047,0.4
724,20,0.4,0.6,0.5531464700081437,0.1,0.4,0.2,0.34545454545454546,0.3589542101716347,0.1,0.2
726,3,0.0,0.0,0.0,0.0,0.0,0.0,0.0,0.0,0.0,0.0
729,9,0.6,0.7999999999999999,0.7227265726449518,0.3333333333333333,0.6,0.4444444444444444,0.5370370370370371,0.5716213154129578,0.4444444444444444,0.4
733,20,0.6,0.7999999999999999,0.7227265726449518,0.15,0.6,0.3,0.49090909090909096,0.46900009332067477,0.15,0.3
737,4,0.0,0.0,0.0,0.0,0.0,0.0,0.0,0.0,0.0,0.0
738,31,0.2,0.26666666666666666,0.2139862647345275,0.03225806451612903,0.2,0.1,0.16363636363636364,0.1388624438735545,0.03225806451612903,0.1
741,6,0.2,0.3333333333333333,0.33916020527361607,0.16666666666666666,0.2,0.16666666666666666,0.2222222222222222,0.30260241349881345,0.16666666666666666,0.1
743,6,0.0,0.0,0.0,0.0,0.0,0.0,0.0,0.0,0.0,0.0
759,4,0.25,0.35714285714285715,0.39038004999210163,0.25,0.2,0.25,0.2941176470588235,0.39038004999210163,0.25,0.1
767,43,0.4,0.5333333333333333,0.5087403079104241,0.046511627906976744,0.4,0.4,0.43636363636363634,0.4721567066247472,0.09302325581395349,0.4
769,38,0.6,0.6,0.6399453854227659,0.07894736842105263,0.6,0.4,0.509090909090909,0.4886446891881013,0.10526315789473684,0.4
777,6,0.2,0.3333333333333333,0.33916020527361607,0.16666666666666666,0.2,0.3333333333333333,0.3333333333333333,0.4103915680233244,0.3333333333333333,0.2
783,48,0.8,0.8666666666666666,0.8539316501572936,0.08333333333333333,0.8,0.6,0.7090909090909091,0.6961622681399229,0.125,0.6
785,47,0.6,0.5333333333333333,0.6164336326286642,0.06382978723404255,0.6,0.5,0.5454545454545454,0.5446757407423163,0.10638297872340426,0.5
786,43,0.8,0.8000000000000002,0.8304198973631919,0.09302325581395349,0.8,0.7,0.7636363636363637,0.7529694065526481,0.16279069767441862,0.7
788,9,0.2,0.26666666666666666,0.2139862647345275,0.1111111111111111,0.2,0.1111111111111111,0.16666666666666666,0.14829723057014907,0.1111111111111111,0.1
796,15,0.0,0.0,0.0,0.0,0.0,0.1,0.07272727272727274,0.07336392209936006,0.06666666666666667,0.1
799,13,0.4,0.39999999999999997,0.4703652827859578,0.15384615384615385,0.4,0.2,0.29090909090909095,0.3052348839397011,0.15384615384615385,0.2
802,6,0.4,0.39999999999999997,0.4703652827859578,0.3333333333333333,0.4,0.3333333333333333,0.35555555555555557,0.4196650066367769,0.3333333333333333,0.2
807,26,0.6,0.6,0.6399453854227659,0.11538461538461539,0.6,0.4,0.509090909090909,0.4886446891881013,0.15384615384615385,0.4
815,7,0.2,0.13333333333333333,0.14606834984270645,0.14285714285714285,0.2,0.14285714285714285,0.14285714285714285,0.11838279295536291,0.14285714285714285,0.1
816,47,0.6,0.6666666666666666,0.6843515475204854,0.06382978723404255,0.6,0.6,0.6545454545454544,0.6621137423456801,0.1276595744680851,0.6
833,5,0.2,0.26666666666666666,0.2139862647345275,0.2,0.2,0.2,0.225,0.2139862647345275,0.2,0.1
834,4,0.25,0.28571428571428575,0.2463023887407299,0.25,0.2,0.5,0.2647058823529412,0.2463023887407299,0.5,0.2
836,1,0.0,0.0,0.0,0.0,0.0,0.0,0.0,0.0,0.0,0.0
837,3,0.6666666666666666,0.33333333333333337,0.29608191096586517,0.6666666666666666,0.4,0.6666666666666666,0.3333333333333333,0.29608191096586517,0.6666666666666666,0.2
839,3,0.3333333333333333,0.4166666666666667,0.46927872602275644,0.3333333333333333,0.2,0.3333333333333333,0.37037037037037035,0.46927872602275644,0.3333333333333333,0.1
841,7,0.2,0.3333333333333333,0.33916020527361607,0.14285714285714285,0.2,0.14285714285714285,0.2040816326530612,0.27487633291429087,0.14285714285714285,0.1
842,11,0.4,0.6,0.5531464700081437,0.18181818181818182,0.4,0.3,0.3818181818181818,0.42520843362602373,0.2727272727272727,0.3
843,19,0.6,0.5333333333333333,0.6164336326286642,0.15789473684210525,0.6,0.4,0.49090909090909085,0.47338717040861195,0.21052631578947367,0.4
844,3,0.3333333333333333,0.4166666666666667,0.46927872602275644,0.3333333333333333,0.2,0.3333333333333333,0.37037037037037035,0.46927872602275644,0.3333333333333333,0.1
848,9,0.0,0.0,0.0,0.0,0.0,0.0,0.0,0.0,0.0,0.0
849,16,0.4,0.4666666666666666,0.48522855511632257,0.125,0.4,0.4,0.4,0.4505655760587972,0.25,0.4
854,1,0.0,0.0,0.0,0.0,0.0,0.0,0.0,0.0,0.0,0.0
859,8,0.0,0.0,0.0,0.0,0.0,0.0,0.0,0.0,0.0,0.0
868,3,0.0,0.0,0.0,0.0,0.0,0.3333333333333333,0.0,0.0,0.3333333333333333,0.1
885,21,0.4,0.5333333333333333,0.5087403079104241,0.09523809523809523,0.4,0.3,0.36363636363636365,0.39639187290150923,0.14285714285714285,0.3
887,16,0.8,0.7333333333333334,0.7860137352654724,0.25,0.8,0.5,0.6363636363636364,0.5834330535576521,0.3125,0.5
890,19,0.2,0.26666666666666666,0.2139862647345275,0.05263157894736842,0.2,0.2,0.18181818181818182,0.2024832320725062,0.10526315789473684,0.2
892,10,0.2,0.3333333333333333,0.33916020527361607,0.1,0.2,0.1,0.18181818181818182,0.22009176629808014,0.1,0.1
906,2,0.5,0.4444444444444445,0.3868528072345415,0.5,0.2,1.0,0.4736842105263158,0.3868528072345415,1.0,0.2
908,2,0.0,0.0,0.0,0.0,0.0,0.5,0.0,0.0,0.5,0.1
914,16,0.2,0.3333333333333333,0.33916020527361607,0.0625,0.2,0.2,0.2,0.2837125544970318,0.125,0.2
921,3,0.3333333333333333,0.33333333333333337,0.29608191096586517,0.3333333333333333,0.2,0.3333333333333333,0.3333333333333333,0.29608191096586517,0.3333333333333333,0.1
922,13,0.0,0.0,0.0,0.0,0.0,0.0,0.0,0.0,0.0,0.0
930,27,0.4,0.19999999999999998,0.2772734273550482,0.07407407407407407,0.4,0.2,0.23636363636363633,0.17993148201117173,0.07407407407407407,0.2
931,11,0.2,0.26666666666666666,0.2139862647345275,0.09090909090909091,0.2,0.3,0.2545454545454546,0.2745478892647208,0.2727272727272727,0.3
938,2,0.0,0.0,0.0,0.0,0.0,0.0,0.0,0.0,0.0,0.0
945,16,0.4,0.6,0.5531464700081437,0.125,0.4,0.3,0.3818181818181818,0.42520843362602373,0.1875,0.3
950,13,0.4,0.4666666666666666,0.38356636737133554,0.15384615384615385,0.4,0.3,0.36363636363636365,0.31833954895937183,0.23076923076923078,0.3
955,3,0.0,0.0,0.0,0.0,0.0,0.0,0.0,0.0,0.0,0.0
958,3,0.3333333333333333,0.0,0.0,0.3333333333333333,0.2,0.3333333333333333,0.0,0.0,0.3333333333333333,0.1
976,7,0.2,0.13333333333333333,0.14606834984270645,0.14285714285714285,0.2,0.14285714285714285,0.14285714285714285,0.11838279295536291,0.14285714285714285,0.1
982,10,0.6,0.7333333333333334,0.6992148198508501,0.3,0.6,0.3,0.47272727272727266,0.4537425745411855,0.3,0.3
983,4,0.25,0.35714285714285715,0.39038004999210163,0.25,0.2,0.25,0.2941176470588235,0.39038004999210163,0.25,0.1
996,1,0.0,0.0,0.0,0.0,0.0,0.0,0.0,0.0,0.0,0.0
1000,1,0.0,0.0,0.0,0.0,0.0,0.0,0.0,0.0,0.0,0.0
1004,6,0.2,0.13333333333333333,0.14606834984270645,0.16666666666666666,0.2,0.16666666666666666,0.15555555555555556,0.13032376591037065,0.16666666666666666,0.1
1005,5,0.2,0.26666666666666666,0.2139862647345275,0.2,0.2,0.2,0.225,0.2139862647345275,0.2,0.1
1019,30,0.0,0.0,0.0,0.0,0.0,0.1,0.018181818181818177,0.0636207881989517,0.03333333333333333,0.1
1022,22,0.6,0.6666666666666666,0.6843515475204854,0.13636363636363635,0.6,0.6,0.6181818181818183,0.653146695303782,0.2727272727272727,0.6
1031,3,0.0,0.0,0.0,0.0,0.0,0.0,0.0,0.0,0.0,0.0
1042,19,0.8,0.8666666666666666,0.8539316501572936,0.21052631578947367,0.8,0.5,0.6363636363636364,0.6203974344166848,0.2631578947368421,0.5
1047,16,0.2,0.26666666666666666,0.2139862647345275,0.0625,0.2,0.1,0.16363636363636364,0.1388624438735545,0.0625,0.1
1052,2,0.5,0.5555555555555556,0.6131471927654584,0.5,0.2,0.5,0.5263157894736842,0.6131471927654584,0.5,0.1
1057,27,0.8,0.8000000000000002,0.8304198973631919,0.14814814814814814,0.8,0.7,0.7818181818181817,0.756902106715231,0.25925925925925924,0.7
1058,5,0.0,0.0,0.0,0.0,0.0,0.2,0.0,0.0,0.2,0.1
1066,6,0.4,0.4666666666666666,0.48522855511632257,0.3333333333333333,0.4,0.3333333333333333,0.37777777777777777,0.4329261794091841,0.3333333333333333,0.2
1074,7,0.2,0.06666666666666665,0.13120507751234176,0.14285714285714285,0.2,0.5714285714285714,0.12244897959183672,0.10633668103022983,0.5714285714285714,0.4
1075,11,0.4,0.6,0.5531464700081437,0.18181818181818182,0.4,0.2,0.34545454545454546,0.3589542101716347,0.18181818181818182,0.2
1082,4,0.25,0.35714285714285715,0.39038004999210163,0.25,0.2,0.5,0.2941176470588235,0.39038004999210163,0.5,0.2
1086,17,0.4,0.6,0.5531464700081437,0.11764705882352941,0.4,0.5,0.4727272727272727,0.5621931439243355,0.29411764705882354,0.5
1091,10,0.4,0.6,0.5531464700081437,0.2,0.4,0.2,0.34545454545454546,0.3589542101716347,0.2,0.2
1095,13,0.6,0.7333333333333334,0.6992148198508501,0.23076923076923078,0.6,0.5,0.5454545454545454,0.5867945846769144,0.38461538461538464,0.5
1099,18,0.4,0.5333333333333333,0.5087403079104241,0.1111111111111111,0.4,0.4,0.43636363636363634,0.4721567066247472,0.2222222222222222,0.4
1101,29,0.8,0.8666666666666666,0.8539316501572936,0.13793103448275862,0.8,0.6,0.6909090909090909,0.6911279212606076,0.20689655172413793,0.6
1106,51,0.8,0.9333333333333332,0.8687949224876582,0.0784313725490196,0.8,0.5,0.6727272727272727,0.6332196796270029,0.09803921568627451,0.5
1121,22,0.2,0.3333333333333333,0.33916020527361607,0.045454545454545456,0.2,0.2,0.21818181818181817,0.28634598975246917,0.09090909090909091,0.2
1125,5,0.2,0.19999999999999998,0.16958010263680803,0.2,0.2,0.2,0.2,0.16958010263680803,0.2,0.1
1135,7,0.2,0.06666666666666665,0.13120507751234176,0.14285714285714285,0.2,0.2857142857142857,0.12244897959183672,0.10633668103022983,0.2857142857142857,0.2
1136,9,0.4,0.5333333333333333,0.5087403079104241,0.2222222222222222,0.4,0.2222222222222222,0.3333333333333333,0.352568324121728,0.2222222222222222,0.2
1151,13,0.2,0.06666666666666665,0.13120507751234176,0.07692307692307693,0.2,0.1,0.10909090909090909,0.08514311764162097,0.07692307692307693,0.1
1156,11,0.4,0.5333333333333333,0.5087403079104241,0.18181818181818182,0.4,0.2,0.32727272727272727,0.3301376494471202,0.18181818181818182,0.2
1161,5,0.0,0.0,0.0,0.0,0.0,0.0,0.0,0.0,0.0,0.0
1163,20,0.4,0.3333333333333333,0.31564845247951445,0.1,0.4,0.3,0.36363636363636365,0.28323251649726616,0.15,0.3
1166,7,0.2,0.13333333333333333,0.14606834984270645,0.14285714285714285,0.2,0.14285714285714285,0.14285714285714285,0.11838279295536291,0.14285714285714285,0.1
1168,8,0.4,0.6,0.5531464700081437,0.25,0.4,0.25,0.36538461538461536,0.4125317798925535,0.25,0.2
1171,5,0.4,0.6,0.5531464700081437,0.4,0.4,0.6,0.475,0.5531464700081437,0.6,0.3
1176,15,0.6,0.7999999999999999,0.7227265726449518,0.2,0.6,0.4,0.5636363636363636,0.5423640154200349,0.26666666666666666,0.4
1191,24,0.4,0.6,0.5531464700081437,0.08333333333333333,0.4,0.4,0.39999999999999997,0.4888292218249754,0.16666666666666666,0.4
1195,14,0.4,0.6,0.5531464700081437,0.14285714285714285,0.4,0.3,0.4,0.4283854321084119,0.21428571428571427,0.3
1199,6,0.0,0.0,0.0,0.0,0.0,0.0,0.0,0.0,0.0,0.0
1204,2,0.0,0.0,0.0,0.0,0.0,0.0,0.0,0.0,0.0,0.0
1207,11,0.0,0.0,0.0,0.0,0.0,0.2,0.1272727272727273,0.1427951440361373,0.18181818181818182,0.2
1217,26,0.2,0.06666666666666665,0.13120507751234176,0.038461538461538464,0.2,0.1,0.10909090909090909,0.08514311764162097,0.038461538461538464,0.1
1227,31,0.2,0.19999999999999998,0.16958010263680803,0.03225806451612903,0.2,0.3,0.2545454545454546,0.24966402870278911,0.0967741935483871,0.3
1228,17,0.0,0.0,0.0,0.0,0.0,0.1,0.09090909090909091,0.07839826897867533,0.058823529411764705,0.1
1243,30,0.4,0.4000000000000001,0.3600546145772339,0.06666666666666667,0.4,0.3,0.32727272727272727,0.2999050316974943,0.1,0.3
1245,37,0.6,0.7999999999999999,0.7227265726449518,0.08108108108108109,0.6,0.3,0.49090909090909096,0.46900009332067477,0.08108108108108109,0.3
1248,7,0.2,0.13333333333333333,0.14606834984270645,0.14285714285714285,0.2,0.14285714285714285,0.14285714285714285,0.11838279295536291,0.14285714285714285,0.1
1250,15,0.6,0.7999999999999999,0.7227265726449518,0.2,0.6,0.5,0.6363636363636364,0.6168295842361273,0.3333333333333333,0.5
1252,29,0.6,0.46666666666666673,0.4912596920895757,0.10344827586206896,0.6,0.5,0.5272727272727273,0.46158906992086357,0.1724137931034483,0.5
1254,8,0.0,0.0,0.0,0.0,0.0,0.0,0.0,0.0,0.0,0.0
1256,4,0.0,0.0,0.0,0.0,0.0,0.0,0.0,0.0,0.0,0.0
1258,13,0.2,0.3333333333333333,0.33916020527361607,0.07692307692307693,0.2,0.1,0.18181818181818182,0.22009176629808014,0.07692307692307693,0.1
1259,9,0.8,0.9333333333333332,0.8687949224876582,0.4444444444444444,0.8,0.4444444444444444,0.6296296296296297,0.6020941629041774,0.4444444444444444,0.4
1260,8,0.2,0.26666666666666666,0.2139862647345275,0.125,0.2,0.375,0.23076923076923078,0.23938361568734448,0.375,0.3
1262,2,0.0,0.0,0.0,0.0,0.0,0.0,0.0,0.0,0.0,0.0
1263,11,0.4,0.6,0.5531464700081437,0.18181818181818182,0.4,0.2,0.34545454545454546,0.3589542101716347,0.18181818181818182,0.2
1264,17,0.6,0.5333333333333333,0.6164336326286642,0.17647058823529413,0.6,0.4,0.49090909090909085,0.47338717040861195,0.23529411764705882,0.4
1265,3,0.0,0.0,0.0,0.0,0.0,0.0,0.0,0.0,0.0,0.0
1271,25,0.4,0.6,0.5531464700081437,0.08,0.4,0.4,0.49090909090909096,0.5067837010870873,0.16,0.4
1275,21,1.0,1.0,1.0,0.23809523809523808,1.0,0.9,0.9818181818181819,0.9363792118010482,0.42857142857142855,0.9
1277,2,0.0,0.0,0.0,0.0,0.0,0.0,0.0,0.0,0.0,0.0
1283,11,0.4,0.4666666666666666,0.38356636737133554,0.18181818181818182,0.4,0.3,0.34545454545454546,0.3151625504769836,0.2727272727272727,0.3
1286,1,0.0,0.0,0.0,0.0,0.0,0.0,0.0,0.0,0.0,0.0
1287,10,0.0,0.0,0.0,0.0,0.0,0.0,0.0,0.0,0.0,0.0
1290,2,0.0,0.0,0.0,0.0,0.0,0.0,0.0,0.0,0.0,0.0
1296,8,0.2,0.3333333333333333,0.33916020527361607,0.125,0.2,0.25,0.1923076923076923,0.2529427027676571,0.25,0.2
1299,7,0.4,0.39999999999999997,0.4703652827859578,0.2857142857142857,0.4,0.5714285714285714,0.4081632653061224,0.4728384582492843,0.5714285714285714,0.4
1302,1,0.0,0.0,0.0,0.0,0.0,0.0,0.0,0.0,0.0,0.0
1304,24,0.2,0.3333333333333333,0.33916020527361607,0.041666666666666664,0.2,0.1,0.18181818181818182,0.22009176629808014,0.041666666666666664,0.1
1309,1,1.0,0.0,0.0,1.0,0.2,1.0,0.0,0.0,1.0,0.1
1311,5,0.2,0.3333333333333333,0.33916020527361607,0.2,0.2,0.2,0.25,0.33916020527361607,0.2,0.1
1315,17,0.4,0.4666666666666666,0.38356636737133554,0.11764705882352941,0.4,0.2,0.30909090909090914,0.24890832702259458,0.11764705882352941,0.2
1317,3,0.0,0.0,0.0,0.0,0.0,0.0,0.0,0.0,0.0,0.0
1330,17,0.2,0.19999999999999998,0.16958010263680803,0.058823529411764705,0.2,0.2,0.16363636363636364,0.1736666713479918,0.11764705882352941,0.2
1331,13,0.4,0.39999999999999997,0.4703652827859578,0.15384615384615385,0.4,0.3,0.38181818181818183,0.3836331529183764,0.23076923076923078,0.3
1339,7,0.0,0.0,0.0,0.0,0.0,0.0,0.0,0.0,0.0,0.0
1357,2,0.0,0.0,0.0,0.0,0.0,0.0,0.0,0.0,0.0,0.0
1360,40,0.6,0.5333333333333333,0.5147714448836773,0.075,0.6,0.5,0.4727272727272727,0.4639264563175563,0.125,0.5
1362,11,0.0,0.0,0.0,0.0,0.0,0.0,0.0,0.0,0.0,0.0
1363,21,0.4,0.6,0.5531464700081437,0.09523809523809523,0.4,0.2,0.34545454545454546,0.3589542101716347,0.09523809523809523,0.2
1367,14,0.0,0.0,0.0,0.0,0.0,0.0,0.0,0.0,0.0,0.0
1372,18,0.2,0.3333333333333333,0.33916020527361607,0.05555555555555555,0.2,0.2,0.21818181818181817,0.28634598975246917,0.1111111111111111,0.2
1380,35,0.4,0.6,0.5531464700081437,0.05714285714285714,0.4,0.3,0.41818181818181815,0.43231813227099475,0.08571428571428572,0.3
1387,56,0.4,0.4666666666666666,0.48522855511632257,0.03571428571428571,0.4,0.7,0.5818181818181819,0.6659485553357845,0.125,0.7
1391,2,0.0,0.0,0.0,0.0,0.0,0.0,0.0,0.0,0.0,0.0
1395,1,0.0,0.0,0.0,0.0,0.0,0.0,0.0,0.0,0.0,0.0
1401,18,0.6,0.6666666666666666,0.6843515475204854,0.16666666666666666,0.6,0.5,0.5636363636363636,0.5861163849908827,0.2777777777777778,0.5
1404,24,0.8,0.6666666666666666,0.6608397947263838,0.16666666666666666,0.8,0.6,0.6545454545454547,0.5708588662113934,0.25,0.6
1410,3,0.3333333333333333,0.4166666666666667,0.46927872602275644,0.3333333333333333,0.2,0.6666666666666666,0.37037037037037035,0.46927872602275644,0.6666666666666666,0.2
1414,34,0.4,0.39999999999999997,0.4703652827859578,0.058823529411764705,0.4,0.5,0.49090909090909096,0.5232512984721255,0.14705882352941177,0.5
1416,21,0.6,0.6666666666666666,0.6548086577531306,0.14285714285714285,0.6,0.3,0.45454545454545453,0.424926013816671,0.14285714285714285,0.3
1418,6,0.6,0.7999999999999999,0.7227265726449518,0.5,0.6,0.5,0.6000000000000001,0.6448244864271548,0.5,0.3
1424,20,0.2,0.19999999999999998,0.16958010263680803,0.05,0.2,0.2,0.21818181818181823,0.18340980524840012,0.1,0.2
1435,3,0.0,0.0,0.0,0.0,0.0,0.0,0.0,0.0,0.0,0.0
1438,1,0.0,0.0,0.0,0.0,0.0,0.0,0.0,0.0,0.0,0.0
1454,51,0.4,0.26666666666666666,0.3007851801491498,0.0392156862745098,0.4,0.5,0.43636363636363634,0.4105719800676481,0.09803921568627451,0.5
1455,10,0.0,0.0,0.0,0.0,0.0,0.1,0.036363636363636355,0.06625422345438903,0.1,0.1
1459,20,0.4,0.4666666666666666,0.38356636737133554,0.1,0.4,0.3,0.38181818181818183,0.3222722491219546,0.15,0.3
1462,3,0.0,0.0,0.0,0.0,0.0,0.0,0.0,0.0,0.0,0.0
1473,4,0.0,0.0,0.0,0.0,0.0,0.0,0.0,0.0,0.0,0.0
1475,2,0.5,0.0,0.0,0.5,0.2,0.5,0.0,0.0,0.5,0.1
1480,7,0.2,0.3333333333333333,0.33916020527361607,0.14285714285714285,0.2,0.2857142857142857,0.2040816326530612,0.27487633291429087,0.2857142857142857,0.2
1489,9,0.2,0.3333333333333333,0.33916020527361607,0.1111111111111111,0.2,0.1111111111111111,0.18518518518518517,0.23504554941448538,0.1111111111111111,0.1
1493,1,0.0,0.0,0.0,0.0,0.0,0.0,0.0,0.0,0.0,0.0
1499,3,0.3333333333333333,0.33333333333333337,0.29608191096586517,0.3333333333333333,0.2,0.3333333333333333,0.3333333333333333,0.29608191096586517,0.3333333333333333,0.1
1504,4,0.0,0.0,0.0,0.0,0.0,0.0,0.0,0.0,0.0,0.0
1505,2,0.5,0.5555555555555556,0.6131471927654584,0.5,0.2,0.5,0.5263157894736842,0.6131471927654584,0.5,0.1
1511,7,0.2,0.3333333333333333,0.33916020527361607,0.14285714285714285,0.2,0.14285714285714285,0.2040816326530612,0.27487633291429087,0.14285714285714285,0.1
1518,21,0.0,0.0,0.0,0.0,0.0,0.0,0.0,0.0,0.0,0.0
1539,38,0.6,0.5333333333333333,0.6164336326286642,0.07894736842105263,0.6,0.4,0.509090909090909,0.4784215172879272,0.10526315789473684,0.4
1545,18,0.8,0.8000000000000002,0.8304198973631919,0.2222222222222222,0.8,0.5,0.618181818181818,0.6051399156371955,0.2777777777777778,0.5
1549,8,0.2,0.3333333333333333,0.33916020527361607,0.125,0.2,0.25,0.28846153846153844,0.34304271142002485,0.25,0.2
1553,8,0.2,0.13333333333333333,0.14606834984270645,0.125,0.2,0.125,0.1346153846153846,0.1089364926177559,0.125,0.1
1557,43,0.6,0.6,0.6399453854227659,0.06976744186046512,0.6,0.4,0.5272727272727272,0.4936790360674165,0.09302325581395349,0.4
1559,8,0.2,0.26666666666666666,0.2139862647345275,0.125,0.2,0.125,0.17307692307692307,0.1595890771248963,0.125,0.1
1560,5,0.0,0.0,0.0,0.0,0.0,0.0,0.0,0.0,0.0,0.0
1566,5,0.0,0.0,0.0,0.0,0.0,0.0,0.0,0.0,0.0,0.0
1568,5,0.2,0.26666666666666666,0.2139862647345275,0.2,0.2,0.2,0.225,0.2139862647345275,0.2,0.1
1575,14,0.2,0.19999999999999998,0.16958010263680803,0.07142857142857142,0.2,0.3,0.2727272727272727,0.2546983755821044,0.21428571428571427,0.3
1582,6,0.6,0.5333333333333333,0.5147714448836773,0.5,0.6,0.5,0.5111111111111112,0.4592846660663049,0.5,0.3
1586,60,0.2,0.26666666666666666,0.2139862647345275,0.016666666666666666,0.2,0.1,0.16363636363636364,0.1388624438735545,0.016666666666666666,0.1
1587,2,0.0,0.0,0.0,0.0,0.0,0.0,0.0,0.0,0.0,0.0
1596,19,1.0,1.0,1.0,0.2631578947368421,1.0,0.6,0.8181818181818182,0.727329844310522,0.3157894736842105,0.6
1601,38,1.0,1.0,1.0,0.13157894736842105,1.0,0.7,0.8363636363636363,0.7909506325094736,0.18421052631578946,0.7
1607,5,0.4,0.6,0.5531464700081437,0.4,0.4,0.4,0.475,0.5531464700081437,0.4,0.2
1611,10,0.0,0.0,0.0,0.0,0.0,0.1,0.07272727272727274,0.07336392209936006,0.1,0.1
1613,7,0.2,0.19999999999999998,0.16958010263680803,0.14285714285714285,0.2,0.14285714285714285,0.16326530612244897,0.13743816645714543,0.14285714285714285,0.1
1621,2,0.5,0.5555555555555556,0.6131471927654584,0.5,0.2,0.5,0.5263157894736842,0.6131471927654584,0.5,0.1
1625,1,0.0,0.0,0.0,0.0,0.0,0.0,0.0,0.0,0.0,0.0
1629,7,0.2,0.19999999999999998,0.16958010263680803,0.14285714285714285,0.2,0.14285714285714285,0.16326530612244897,0.13743816645714543,0.14285714285714285,0.1
1630,5,0.2,0.3333333333333333,0.33916020527361607,0.2,0.2,0.2,0.25,0.33916020527361607,0.2,0.1
1632,19,0.2,0.3333333333333333,0.33916020527361607,0.05263157894736842,0.2,0.1,0.18181818181818182,0.22009176629808014,0.05263157894736842,0.1
1633,5,0.0,0.0,0.0,0.0,0.0,0.0,0.0,0.0,0.0,0.0
1642,13,0.6,0.7999999999999999,0.7227265726449518,0.23076923076923078,0.6,0.3,0.49090909090909096,0.46900009332067477,0.23076923076923078,0.3
1647,22,0.8,0.9333333333333332,0.8687949224876582,0.18181818181818182,0.8,0.5,0.6909090909090909,0.6371523797895856,0.22727272727272727,0.5
1651,9,0.0,0.0,0.0,0.0,0.0,0.1111111111111111,0.03703703703703703,0.0707557607210806,0.1111111111111111,0.1
1653,3,0.0,0.0,0.0,0.0,0.0,0.0,0.0,0.0,0.0,0.0
1655,5,0.2,0.26666666666666666,0.2139862647345275,0.2,0.2,0.2,0.225,0.2139862647345275,0.2,0.1
1656,3,0.0,0.0,0.0,0.0,0.0,0.0,0.0,0.0,0.0,0.0
1657,24,0.6,0.39999999999999997,0.4468535299918562,0.125,0.6,0.4,0.43636363636363645,0.3594085870969891,0.16666666666666666,0.4
1660,19,0.6,0.7333333333333334,0.6992148198508501,0.15789473684210525,0.6,0.3,0.47272727272727266,0.4537425745411855,0.15789473684210525,0.3
1670,7,0.2,0.13333333333333333,0.14606834984270645,0.14285714285714285,0.2,0.42857142857142855,0.22448979591836735,0.21000823726012655,0.42857142857142855,0.3
1672,15,0.2,0.26666666666666666,0.2139862647345275,0.06666666666666667,0.2,0.2,0.2,0.2051166673279435,0.13333333333333333,0.2
1673,1,0.0,0.0,0.0,0.0,0.0,0.0,0.0,0.0,0.0,0.0
1674,6,0.2,0.13333333333333333,0.14606834984270645,0.16666666666666666,0.2,0.16666666666666666,0.15555555555555556,0.13032376591037065,0.16666666666666666,0.1
1697,21,0.6,0.7333333333333334,0.6992148198508501,0.14285714285714285,0.6,0.3,0.47272727272727266,0.4537425745411855,0.14285714285714285,0.3
1701,4,0.25,0.35714285714285715,0.39038004999210163,0.25,0.2,0.25,0.2941176470588235,0.39038004999210163,0.25,0.1
1705,27,0.8,0.9333333333333332,0.8687949224876582,0.14814814814814814,0.8,0.6,0.7454545454545456,0.7065836017263629,0.2222222222222222,0.6
1710,8,0.4,0.5333333333333333,0.5087403079104241,0.25,0.4,0.25,0.34615384615384615,0.37941405415148566,0.25,0.2
1720,29,0.2,0.13333333333333333,0.14606834984270645,0.034482758620689655,0.2,0.4,0.3090909090909091,0.3088720787393924,0.13793103448275862,0.4
1724,3,0.3333333333333333,0.4166666666666667,0.46927872602275644,0.3333333333333333,0.2,0.3333333333333333,0.37037037037037035,0.46927872602275644,0.3333333333333333,0.1
1725,48,0.8,0.8666666666666666,0.8539316501572936,0.08333333333333333,0.8,0.8,0.8181818181818182,0.835780413693672,0.16666666666666666,0.8
1728,26,0.6,0.7999999999999999,0.7227265726449518,0.11538461538461539,0.6,0.4,0.5090909090909091,0.5326208815196265,0.15384615384615385,0.4
1729,4,0.5,0.2142857142857143,0.19519002499605081,0.5,0.4,0.5,0.23529411764705882,0.19519002499605081,0.5,0.2
1736,17,0.2,0.19999999999999998,0.16958010263680803,0.058823529411764705,0.2,0.2,0.21818181818181823,0.18340980524840012,0.11764705882352941,0.2
1741,8,0.4,0.3333333333333333,0.31564845247951445,0.25,0.4,0.375,0.28846153846153844,0.23540784400158446,0.375,0.3
1742,8,0.2,0.06666666666666665,0.13120507751234176,0.125,0.2,0.25,0.21153846153846154,0.1879516032875281,0.25,0.2
1753,2,0.5,0.5555555555555556,0.6131471927654584,0.5,0.2,1.0,0.5263157894736842,0.6131471927654584,1.0,0.2
1755,14,0.6,0.6666666666666666,0.6843515475204854,0.21428571428571427,0.6,0.3,0.45454545454545453,0.44409732781325567,0.21428571428571427,0.3
1756,5,0.2,0.3333333333333333,0.33916020527361607,0.2,0.2,0.2,0.25,0.33916020527361607,0.2,0.1
1757,8,0.0,0.0,0.0,0.0,0.0,0.125,0.0,0.0,0.125,0.1
1775,8,0.6,0.7999999999999999,0.7227265726449518,0.375,0.6,0.5,0.5769230769230769,0.6187976698388302,0.5,0.4
1776,2,0.0,0.0,0.0,0.0,0.0,0.0,0.0,0.0,0.0,0.0
1787,49,0.6,0.7333333333333334,0.6992148198508501,0.061224489795918366,0.6,0.3,0.47272727272727266,0.4537425745411855,0.061224489795918366,0.3
1804,17,0.6,0.7333333333333334,0.6992148198508501,0.17647058823529413,0.6,0.4,0.5454545454545454,0.5271064966405455,0.23529411764705882,0.4
1805,18,0.4,0.3333333333333333,0.34519134224686926,0.1111111111111111,0.4,0.3,0.36363636363636365,0.30240383049385083,0.16666666666666666,0.3
1807,61,0.8,0.8666666666666666,0.8539316501572936,0.06557377049180328,0.8,0.5,0.6909090909090909,0.6325414799409711,0.08196721311475409,0.5
1809,5,0.2,0.26666666666666666,0.2139862647345275,0.2,0.2,0.2,0.225,0.2139862647345275,0.2,0.1
1815,14,0.6,0.6666666666666666,0.6843515475204854,0.21428571428571427,0.6,0.5,0.5272727272727272,0.5771493379489846,0.35714285714285715,0.5
1816,15,0.4,0.6,0.5531464700081437,0.13333333333333333,0.4,0.2,0.34545454545454546,0.3589542101716347,0.13333333333333333,0.2
1819,1,0.0,0.0,0.0,0.0,0.0,1.0,0.0,0.0,1.0,0.1
1823,32,0.6,0.6666666666666666,0.6843515475204854,0.09375,0.6,0.5,0.5272727272727272,0.5771493379489846,0.15625,0.5
1830,33,0.8,0.9333333333333332,0.8687949224876582,0.12121212121212122,0.8,0.5,0.6727272727272727,0.6332196796270029,0.15151515151515152,0.5
1833,4,0.25,0.35714285714285715,0.39038004999210163,0.25,0.2,0.25,0.2941176470588235,0.39038004999210163,0.25,0.1
1839,3,0.0,0.0,0.0,0.0,0.0,0.3333333333333333,0.0,0.0,0.3333333333333333,0.1
1841,5,0.2,0.19999999999999998,0.16958010263680803,0.2,0.2,0.2,0.2,0.16958010263680803,0.2,0.1
1844,33,1.0,1.0,1.0,0.15151515151515152,1.0,0.9,0.9272727272727272,0.92663607790064,0.2727272727272727,0.9
1851,9,0.0,0.0,0.0,0.0,0.0,0.0,0.0,0.0,0.0,0.0
1856,9,0.2,0.26666666666666666,0.2139862647345275,0.1111111111111111,0.2,0.3333333333333333,0.20370370370370372,0.21905299129122965,0.3333333333333333,0.3
1861,2,0.5,0.5555555555555556,0.6131471927654584,0.5,0.2,0.5,0.5263157894736842,0.6131471927654584,0.5,0.1
1864,18,0.2,0.06666666666666665,0.13120507751234176,0.05555555555555555,0.2,0.2,0.12727272727272726,0.14876390584057267,0.1111111111111111,0.2
1867,14,0.0,0.0,0.0,0.0,0.0,0.1,0.05454545454545456,0.06943122193677725,0.07142857142857142,0.1
1870,10,0.6,0.6,0.6399453854227659,0.3,0.6,0.4,0.49090909090909096,0.48471198902551843,0.4,0.4
1875,2,0.5,0.5555555555555556,0.6131471927654584,0.5,0.2,0.5,0.5263157894736842,0.6131471927654584,0.5,0.1
1876,15,0.6,0.6,0.6399453854227659,0.2,0.6,0.3,0.43636363636363634,0.4152807670887412,0.2,0.3
1878,16,0.4,0.4666666666666666,0.48522855511632257,0.125,0.4,0.3,0.38181818181818183,0.38824405276699103,0.1875,0.3
1880,21,0.2,0.3333333333333333,0.33916020527361607,0.047619047619047616,0.2,0.2,0.2545454545454545,0.29345568839744024,0.09523809523809523,0.2
1881,37,0.6,0.6,0.529634717214042,0.08108108108108109,0.6,0.4,0.47272727272727283,0.4099509148465344,0.10810810810810811,0.4
1882,6,0.4,0.3333333333333333,0.31564845247951445,0.3333333333333333,0.4,0.3333333333333333,0.3333333333333333,0.2816249726597773,0.3333333333333333,0.2
1889,24,0.0,0.0,0.0,0.0,0.0,0.0,0.0,0.0,0.0,0.0
1894,5,0.0,0.0,0.0,0.0,0.0,0.0,0.0,0.0,0.0,0.0
1901,6,0.0,0.0,0.0,0.0,0.0,0.3333333333333333,0.1111111111111111,0.10778915452451095,0.3333333333333333,0.2
1912,15,0.2,0.3333333333333333,0.33916020527361607,0.06666666666666667,0.2,0.1,0.18181818181818182,0.22009176629808014,0.06666666666666667,0.1
1913,2,0.0,0.0,0.0,0.0,0.0,0.0,0.0,0.0,0.0,0.0
1914,2,0.0,0.0,0.0,0.0,0.0,0.0,0.0,0.0,0.0,0.0
1919,3,0.0,0.0,0.0,0.0,0.0,0.0,0.0,0.0,0.0,0.0
1921,12,0.0,0.0,0.0,0.0,0.0,0.0,0.0,0.0,0.0,0.0
1923,3,0.0,0.0,0.0,0.0,0.0,0.0,0.0,0.0,0.0,0.0
1926,9,0.8,0.8000000000000002,0.8304198973631919,0.4444444444444444,0.8,0.6666666666666666,0.7592592592592592,0.7375728492866022,0.6666666666666666,0.6
1931,38,0.6,0.6666666666666666,0.6548086577531306,0.07894736842105263,0.6,0.5,0.5272727272727272,0.5579780239523999,0.13157894736842105,0.5
1938,3,0.0,0.0,0.0,0.0,0.0,0.0,0.0,0.0,0.0,0.0
1939,11,0.2,0.3333333333333333,0.33916020527361607,0.09090909090909091,0.2,0.1,0.18181818181818182,0.22009176629808014,0.09090909090909091,0.1
1940,20,0.4,0.4666666666666666,0.48522855511632257,0.1,0.4,0.2,0.3090909090909091,0.31488013066763093,0.1,0.2
1947,23,0.6,0.7333333333333334,0.6992148198508501,0.13043478260869565,0.6,0.5,0.5818181818181818,0.5957616317188125,0.21739130434782608,0.5
1951,4,0.25,0.2142857142857143,0.19519002499605081,0.25,0.2,0.25,0.23529411764705882,0.19519002499605081,0.25,0.1
1957,24,1.0,1.0,1.0,0.20833333333333334,1.0,0.9,0.9272727272727272,0.92663607790064,0.375,0.9
1961,8,0.4,0.4666666666666666,0.48522855511632257,0.25,0.4,0.25,0.3269230769230769,0.3618791953854131,0.25,0.2
1965,22,0.2,0.3333333333333333,0.33916020527361607,0.045454545454545456,0.2,0.2,0.2,0.2837125544970318,0.09090909090909091,0.2
1971,18,0.6,0.6666666666666666,0.6548086577531306,0.16666666666666666,0.6,0.3,0.45454545454545453,0.424926013816671,0.16666666666666666,0.3
1974,9,0.0,0.0,0.0,0.0,0.0,0.0,0.0,0.0,0.0,0.0
1984,18,0.4,0.39999999999999997,0.4703652827859578,0.1111111111111111,0.4,0.5,0.49090909090909096,0.5232512984721255,0.2777777777777778,0.5
1989,7,0.4,0.4666666666666666,0.48522855511632257,0.2857142857142857,0.4,0.2857142857142857,0.346938775510204,0.3932591258696538,0.2857142857142857,0.2
1991,13,0.0,0.0,0.0,0.0,0.0,0.1,0.07272727272727274,0.07336392209936006,0.07692307692307693,0.1
2006,22,0.6,0.7999999999999999,0.7227265726449518,0.13636363636363635,0.6,0.5,0.6181818181818183,0.6136525857537392,0.22727272727272727,0.5
2007,14,0.8,0.8000000000000002,0.8304198973631919,0.2857142857142857,0.8,0.5,0.6363636363636364,0.6083169141195838,0.35714285714285715,0.5
2010,22,0.4,0.6,0.5531464700081437,0.09090909090909091,0.4,0.3,0.4,0.4283854321084119,0.13636363636363635,0.3
2012,15,0.2,0.13333333333333333,0.14606834984270645,0.06666666666666667,0.2,0.4,0.3090909090909091,0.3088720787393924,0.26666666666666666,0.4
2015,12,0.0,0.0,0.0,0.0,0.0,0.1,0.036363636363636355,0.06625422345438903,0.08333333333333333,0.1
2018,9,0.0,0.0,0.0,0.0,0.0,0.1111111111111111,0.09259259259259259,0.08372491399919348,0.1111111111111111,0.1
2026,25,0.4,0.5333333333333333,0.5087403079104241,0.08,0.4,0.4,0.45454545454545453,0.47479014188018454,0.16,0.4
2030,6,0.0,0.0,0.0,0.0,0.0,0.0,0.0,0.0,0.0,0.0
2036,33,0.4,0.4666666666666666,0.38356636737133554,0.06060606060606061,0.4,0.3,0.4,0.3273065960012699,0.09090909090909091,0.3
2038,22,0.4,0.6,0.5531464700081437,0.09090909090909091,0.4,0.4,0.39999999999999997,0.4888292218249754,0.18181818181818182,0.4
2044,39,0.4,0.4000000000000001,0.3600546145772339,0.05128205128205128,0.4,0.5,0.49090909090909096,0.4516672227755297,0.1282051282051282,0.5
2048,3,0.3333333333333333,0.4166666666666667,0.46927872602275644,0.3333333333333333,0.2,0.3333333333333333,0.37037037037037035,0.46927872602275644,0.3333333333333333,0.1
2059,22,0.2,0.3333333333333333,0.33916020527361607,0.045454545454545456,0.2,0.1,0.18181818181818182,0.22009176629808014,0.045454545454545456,0.1
2066,45,0.8,0.6666666666666666,0.6608397947263838,0.08888888888888889,0.8,0.6,0.6000000000000001,0.5587148206871071,0.13333333333333333,0.6
2067,1,0.0,0.0,0.0,0.0,0.0,0.0,0.0,0.0,0.0,0.0
2069,21,0.4,0.5333333333333333,0.5087403079104241,0.09523809523809523,0.4,0.2,0.32727272727272727,0.3301376494471202,0.09523809523809523,0.2
2076,11,0.2,0.19999999999999998,0.16958010263680803,0.09090909090909091,0.2,0.1,0.14545454545454548,0.11004588314904007,0.09090909090909091,0.1
2080,9,0.2,0.3333333333333333,0.33916020527361607,0.1111111111111111,0.2,0.1111111111111111,0.18518518518518517,0.23504554941448538,0.1111111111111111,0.1
2091,16,0.4,0.6,0.5531464700081437,0.125,0.4,0.3,0.4,0.4283854321084119,0.1875,0.3
2092,25,0.8,0.9333333333333332,0.8687949224876582,0.16,0.8,0.8,0.8727272727272729,0.8512360941594272,0.32,0.8
2099,15,0.2,0.26666666666666666,0.2139862647345275,0.06666666666666667,0.2,0.1,0.16363636363636364,0.1388624438735545,0.06666666666666667,0.1
2101,12,0.0,0.0,0.0,0.0,0.0,0.0,0.0,0.0,0.0,0.0
2106,22,0.2,0.26666666666666666,0.2139862647345275,0.045454545454545456,0.2,0.2,0.21818181818181823,0.20829366581033176,0.09090909090909091,0.2
2107,9,0.2,0.3333333333333333,0.33916020527361607,0.1111111111111111,0.2,0.1111111111111111,0.18518518518518517,0.23504554941448538,0.1111111111111111,0.1
2111,39,0.8,0.6666666666666666,0.6608397947263838,0.10256410256410256,0.8,0.6,0.690909090909091,0.5766692999492189,0.15384615384615385,0.6
2113,13,0.6,0.7333333333333334,0.6992148198508501,0.23076923076923078,0.6,0.3,0.47272727272727266,0.4537425745411855,0.23076923076923078,0.3
2117,1,0.0,0.0,0.0,0.0,0.0,1.0,0.0,0.0,1.0,0.1
2127,6,0.2,0.3333333333333333,0.33916020527361607,0.16666666666666666,0.2,0.16666666666666666,0.2222222222222222,0.30260241349881345,0.16666666666666666,0.1
2138,11,0.2,0.13333333333333333,0.14606834984270645,0.09090909090909091,0.2,0.1,0.12727272727272726,0.09478836436955078,0.09090909090909091,0.1
2140,13,0.2,0.13333333333333333,0.14606834984270645,0.07692307692307693,0.2,0.2,0.18181818181818182,0.16421958630632802,0.15384615384615385,0.2
2150,26,0.4,0.6,0.5531464700081437,0.07692307692307693,0.4,0.4,0.43636363636363645,0.494639655562801,0.15384615384615385,0.4
2158,13,0.2,0.26666666666666666,0.2139862647345275,0.07692307692307693,0.2,0.1,0.16363636363636364,0.1388624438735545,0.07692307692307693,0.1
2159,4,0.5,0.5,0.5585075862632192,0.5,0.4,0.5,0.49999999999999994,0.5585075862632192,0.5,0.2
2166,30,0.6,0.7999999999999999,0.7227265726449518,0.1,0.6,0.5,0.6,0.6086182388744239,0.16666666666666666,0.5
2168,5,0.6,0.6666666666666666,0.6843515475204854,0.6,0.6,0.6,0.625,0.6843515475204854,0.6,0.3
2171,4,0.0,0.0,0.0,0.0,0.0,0.0,0.0,0.0,0.0,0.0
2176,22,0.8,0.9333333333333332,0.8687949224876582,0.18181818181818182,0.8,0.7,0.7454545454545454,0.7670273914429264,0.3181818181818182,0.7
2187,2,0.5,0.0,0.0,0.5,0.2,0.5,0.0,0.0,0.5,0.1
2192,17,0.8,0.8000000000000002,0.8304198973631919,0.23529411764705882,0.8,0.9,0.8545454545454544,0.8899541168509599,0.5294117647058824,0.9
2193,8,0.2,0.3333333333333333,0.33916020527361607,0.125,0.2,0.125,0.1923076923076923,0.2529427027676571,0.125,0.1
2194,7,0.4,0.19999999999999998,0.2772734273550482,0.2857142857142857,0.4,0.2857142857142857,0.26530612244897955,0.22471947398559272,0.2857142857142857,0.2
2195,3,0.0,0.0,0.0,0.0,0.0,0.0,0.0,0.0,0.0,0.0
2196,8,0.2,0.3333333333333333,0.33916020527361607,0.125,0.2,0.25,0.2692307692307692,0.33725693702354287,0.25,0.2
2204,35,0.6,0.6666666666666666,0.6843515475204854,0.08571428571428572,0.6,0.5,0.5272727272727272,0.5771493379489846,0.14285714285714285,0.5
2211,11,0.2,0.3333333333333333,0.33916020527361607,0.09090909090909091,0.2,0.2,0.2,0.2837125544970318,0.18181818181818182,0.2
2212,55,0.8,0.9333333333333332,0.8687949224876582,0.07272727272727272,0.8,0.7,0.8181818181818183,0.78180487222265,0.12727272727272726,0.7
2215,4,0.0,0.0,0.0,0.0,0.0,0.0,0.0,0.0,0.0,0.0
2224,2,0.5,0.5555555555555556,0.6131471927654584,0.5,0.2,0.5,0.5263157894736842,0.6131471927654584,0.5,0.1
2225,18,0.2,0.19999999999999998,0.16958010263680803,0.05555555555555555,0.2,0.1,0.14545454545454548,0.11004588314904007,0.05555555555555555,0.1
2232,1,0.0,0.0,0.0,0.0,0.0,1.0,0.0,0.0,1.0,0.1
2234,27,1.0,1.0,1.0,0.18518518518518517,1.0,0.7,0.8545454545454546,0.793584067764911,0.25925925925925924,0.7
2237,5,0.2,0.3333333333333333,0.33916020527361607,0.2,0.2,0.2,0.25,0.33916020527361607,0.2,0.1
2238,1,0.0,0.0,0.0,0.0,0.0,0.0,0.0,0.0,0.0,0.0
2242,9,0.6,0.6666666666666666,0.6843515475204854,0.3333333333333333,0.6,0.3333333333333333,0.4629629629629629,0.4742708106036133,0.3333333333333333,0.3
2246,13,0.2,0.3333333333333333,0.33916020527361607,0.07692307692307693,0.2,0.3,0.29090909090909095,0.3621108234757072,0.23076923076923078,0.3
2253,23,1.0,1.0,1.0,0.21739130434782608,1.0,0.7,0.8727272727272727,0.7967610662472991,0.30434782608695654,0.7
2256,10,0.0,0.0,0.0,0.0,0.0,0.1,0.07272727272727274,0.07336392209936006,0.1,0.1
2258,14,0.4,0.6,0.5531464700081437,0.14285714285714285,0.4,0.4,0.49090909090909096,0.5067837010870873,0.2857142857142857,0.4
2262,12,0.2,0.26666666666666666,0.2139862647345275,0.08333333333333333,0.2,0.1,0.16363636363636364,0.1388624438735545,0.08333333333333333,0.1
2268,16,0.0,0.0,0.0,0.0,0.0,0.1,0.09090909090909091,0.07839826897867533,0.0625,0.1
2270,12,0.6,0.5333333333333333,0.6164336326286642,0.25,0.6,0.3,0.41818181818181815,0.4000232483092519,0.25,0.3
2271,10,0.8,0.9333333333333332,0.8687949224876582,0.4,0.8,0.5,0.7090909090909091,0.6421867266689009,0.5,0.5
2272,10,0.2,0.26666666666666666,0.2139862647345275,0.1,0.2,0.1,0.16363636363636364,0.1388624438735545,0.1,0.1
2276,1,1.0,0.0,0.0,1.0,0.2,1.0,0.0,0.0,1.0,0.1
2282,49,1.0,1.0,1.0,0.10204081632653061,1.0,0.8,0.8727272727272727,0.8553475075669357,0.16326530612244897,0.8
2285,39,0.6,0.6666666666666666,0.6548086577531306,0.07692307692307693,0.6,0.7,0.6909090909090909,0.7097402150304354,0.1794871794871795,0.7
2287,4,0.0,0.0,0.0,0.0,0.0,0.0,0.0,0.0,0.0,0.0
2288,18,0.2,0.3333333333333333,0.33916020527361607,0.05555555555555555,0.2,0.1,0.18181818181818182,0.22009176629808014,0.05555555555555555,0.1
2293,11,0.2,0.19999999999999998,0.16958010263680803,0.09090909090909091,0.2,0.2,0.23636363636363636,0.1884441521277154,0.18181818181818182,0.2
2297,12,0.4,0.4666666666666666,0.38356636737133554,0.16666666666666666,0.4,0.2,0.30909090909090914,0.24890832702259458,0.16666666666666666,0.2
2298,2,0.5,0.0,0.0,0.5,0.2,0.5,0.0,0.0,0.5,0.1
2330,1,0.0,0.0,0.0,0.0,0.0,0.0,0.0,0.0,0.0,0.0
2331,3,0.0,0.0,0.0,0.0,0.0,0.0,0.0,0.0,0.0,0.0
2335,47,0.8,0.9333333333333332,0.8687949224876582,0.0851063829787234,0.8,0.7,0.7636363636363637,0.7702043899253146,0.14893617021276595,0.7
2338,12,0.4,0.4000000000000001,0.3600546145772339,0.16666666666666666,0.4,0.2,0.29090909090909095,0.23365080824310527,0.16666666666666666,0.2
2342,1,0.0,0.0,0.0,0.0,0.0,1.0,0.0,0.0,1.0,0.1
2356,55,0.8,0.7333333333333334,0.7860137352654724,0.07272727272727272,0.8,0.5,0.6363636363636364,0.5834330535576521,0.09090909090909091,0.5
2357,32,0.6,0.7999999999999999,0.7227265726449518,0.09375,0.6,0.6,0.6363636363636365,0.6772733739526909,0.1875,0.6
2359,4,0.0,0.0,0.0,0.0,0.0,0.25,0.0,0.0,0.25,0.1
2365,3,0.0,0.0,0.0,0.0,0.0,0.3333333333333333,0.0,0.0,0.3333333333333333,0.1
2367,22,0.8,0.7333333333333334,0.7860137352654724,0.18181818181818182,0.8,0.4,0.5636363636363636,0.510069131458292,0.18181818181818182,0.4
2384,25,0.8,0.8666666666666666,0.8539316501572936,0.16,0.8,0.7,0.8181818181818182,0.7753366239771085,0.28,0.7
2397,4,0.0,0.0,0.0,0.0,0.0,0.0,0.0,0.0,0.0,0.0
2406,4,0.25,0.14285714285714288,0.16812753627111746,0.25,0.2,0.25,0.20588235294117643,0.16812753627111746,0.25,0.1
2410,1,1.0,1.0,1.0,1.0,0.2,1.0,1.0,1.0,1.0,0.1
2412,6,0.6,0.6,0.6399453854227659,0.5,0.6,0.6666666666666666,0.6444444444444444,0.6787553679106946,0.6666666666666666,0.4
2413,9,0.2,0.19999999999999998,0.16958010263680803,0.1111111111111111,0.2,0.2222222222222222,0.20370370370370372,0.19167138999231723,0.2222222222222222,0.2
2414,2,0.0,0.0,0.0,0.0,0.0,0.0,0.0,0.0,0.0,0.0
2418,2,0.5,0.0,0.0,0.5,0.2,0.5,0.0,0.0,0.5,0.1
2424,27,0.2,0.13333333333333333,0.14606834984270645,0.037037037037037035,0.2,0.3,0.2,0.22784037450527972,0.1111111111111111,0.3
2433,18,0.6,0.7333333333333334,0.6992148198508501,0.16666666666666666,0.6,0.5,0.6,0.5965377185773227,0.2777777777777778,0.5
2442,59,1.0,1.0,1.0,0.0847457627118644,1.0,0.9,0.9454545454545454,0.9305687780632228,0.15254237288135594,0.9
2448,7,0.2,0.3333333333333333,0.33916020527361607,0.14285714285714285,0.2,0.2857142857142857,0.3061224489795918,0.3727892582642587,0.2857142857142857,0.2
2454,3,0.3333333333333333,0.4166666666666667,0.46927872602275644,0.3333333333333333,0.2,0.3333333333333333,0.37037037037037035,0.46927872602275644,0.3333333333333333,0.1
2467,10,1.0,1.0,1.0,0.5,1.0,0.5,0.7272727272727273,0.6489315753318466,0.5,0.5
2469,1,0.0,0.0,0.0,0.0,0.0,0.0,0.0,0.0,0.0,0.0
2471,10,0.2,0.3333333333333333,0.33916020527361607,0.1,0.2,0.2,0.23636363636363636,0.2895229882348574,0.2,0.2
2474,5,0.0,0.0,0.0,0.0,0.0,0.0,0.0,0.0,0.0,0.0
2478,11,0.0,0.0,0.0,0.0,0.0,0.0,0.0,0.0,0.0,0.0
2490,23,0.6,0.5333333333333333,0.6164336326286642,0.13043478260869565,0.6,0.5,0.5272727272727272,0.539641393863001,0.21739130434782608,0.5
2491,7,0.0,0.0,0.0,0.0,0.0,0.14285714285714285,0.0,0.0,0.14285714285714285,0.1
2502,20,0.4,0.39999999999999997,0.4703652827859578,0.1,0.4,0.3,0.36363636363636365,0.37859880603906115,0.15,0.3
2511,30,1.0,1.0,1.0,0.16666666666666666,1.0,0.8,0.8727272727272727,0.8572048559638626,0.26666666666666666,0.8
2516,17,0.0,0.0,0.0,0.0,0.0,0.1,0.05454545454545456,0.06943122193677725,0.058823529411764705,0.1
2517,20,0.2,0.26666666666666666,0.2139862647345275,0.05,0.2,0.4,0.309090909090909,0.34713572450557056,0.2,0.4
2522,14,0.2,0.06666666666666665,0.13120507751234176,0.07142857142857142,0.2,0.2,0.16363636363636364,0.15457433957839825,0.14285714285714285,0.2
2525,20,0.2,0.06666666666666665,0.13120507751234176,0.05,0.2,0.2,0.14545454545454545,0.15139734109601,0.1,0.2
2549,3,0.3333333333333333,0.0,0.0,0.3333333333333333,0.2,0.3333333333333333,0.0,0.0,0.3333333333333333,0.1
2558,54,1.0,1.0,1.0,0.09259259259259259,1.0,0.9,0.9818181818181819,0.9363792118010482,0.16666666666666666,0.9
2559,4,0.0,0.0,0.0,0.0,0.0,0.0,0.0,0.0,0.0,0.0
2563,21,0.6,0.5333333333333333,0.6164336326286642,0.14285714285714285,0.6,0.3,0.41818181818181815,0.4000232483092519,0.14285714285714285,0.3
2568,2,0.0,0.0,0.0,0.0,0.0,0.0,0.0,0.0,0.0,0.0
2574,4,0.0,0.0,0.0,0.0,0.0,0.0,0.0,0.0,0.0,0.0
2579,1,0.0,0.0,0.0,0.0,0.0,0.0,0.0,0.0,0.0,0.0
2583,26,0.2,0.26666666666666666,0.2139862647345275,0.038461538461538464,0.2,0.3,0.2545454545454546,0.2745478892647208,0.11538461538461539,0.3
2587,5,0.4,0.4000000000000001,0.3600546145772339,0.4,0.4,0.4,0.4,0.3600546145772339,0.4,0.2
2593,1,0.0,0.0,0.0,0.0,0.0,0.0,0.0,0.0,0.0,0.0
2594,11,0.2,0.3333333333333333,0.33916020527361607,0.09090909090909091,0.2,0.2,0.2,0.2837125544970318,0.18181818181818182,0.2
2596,12,0.6,0.7999999999999999,0.7227265726449518,0.25,0.6,0.4,0.5272727272727273,0.5352543167750639,0.3333333333333333,0.4
2598,26,0.6,0.46666666666666673,0.4912596920895757,0.11538461538461539,0.6,0.6,0.6181818181818183,0.5399873388995389,0.23076923076923078,0.6
2602,2,0.5,0.5555555555555556,0.6131471927654584,0.5,0.2,0.5,0.5263157894736842,0.6131471927654584,0.5,0.1
2604,2,0.5,0.4444444444444445,0.3868528072345415,0.5,0.2,0.5,0.4736842105263158,0.3868528072345415,0.5,0.1
2605,8,0.0,0.0,0.0,0.0,0.0,0.125,0.057692307692307696,0.07979453856244816,0.125,0.1
2609,1,0.0,0.0,0.0,0.0,0.0,1.0,0.0,0.0,1.0,0.1
2610,21,0.4,0.5333333333333333,0.5087403079104241,0.09523809523809523,0.4,0.5,0.4727272727272727,0.5384109300791362,0.23809523809523808,0.5
2623,1,1.0,1.0,1.0,1.0,0.2,1.0,1.0,1.0,1.0,0.1
2626,62,0.8,0.7333333333333334,0.7860137352654724,0.06451612903225806,0.8,0.8,0.7636363636363637,0.7877736340270853,0.12903225806451613,0.8
2627,7,0.2,0.19999999999999998,0.16958010263680803,0.14285714285714285,0.2,0.42857142857142855,0.2653061224489796,0.23535109180711322,0.42857142857142855,0.3
2637,5,0.4,0.39999999999999997,0.4703652827859578,0.4,0.4,0.4,0.4,0.4703652827859578,0.4,0.2
2639,5,0.2,0.3333333333333333,0.33916020527361607,0.2,0.2,0.2,0.25,0.33916020527361607,0.2,0.1
2646,25,0.4,0.5333333333333333,0.5087403079104241,0.08,0.4,0.5,0.5272727272727272,0.5481540639795446,0.2,0.5
2647,25,0.4,0.39999999999999997,0.4703652827859578,0.08,0.4,0.3,0.32727272727272727,0.37148910739409013,0.12,0.3
2648,11,0.2,0.19999999999999998,0.16958010263680803,0.09090909090909091,0.2,0.1,0.14545454545454548,0.11004588314904007,0.09090909090909091,0.1
2657,3,0.3333333333333333,0.33333333333333337,0.29608191096586517,0.3333333333333333,0.2,0.6666666666666666,0.3333333333333333,0.29608191096586517,0.6666666666666666,0.2
2661,11,0.4,0.39999999999999997,0.4703652827859578,0.18181818181818182,0.4,0.4,0.43636363636363645,0.4530643748551536,0.36363636363636365,0.4
2663,9,0.4,0.39999999999999997,0.4703652827859578,0.2222222222222222,0.4,0.3333333333333333,0.35185185185185186,0.40012219531853865,0.3333333333333333,0.3
2669,19,0.8,0.8666666666666666,0.8539316501572936,0.21052631578947367,0.8,0.7,0.7818181818181817,0.7695261902392829,0.3684210526315789,0.7
2673,3,0.0,0.0,0.0,0.0,0.0,0.0,0.0,0.0,0.0,0.0
2677,13,0.0,0.0,0.0,0.0,0.0,0.0,0.0,0.0,0.0,0.0
2679,3,0.6666666666666666,0.75,0.7653606369886217,0.6666666666666666,0.4,1.0,0.7037037037037036,0.7653606369886217,1.0,0.3
2689,9,0.4,0.19999999999999998,0.2772734273550482,0.2222222222222222,0.4,0.2222222222222222,0.2407407407407407,0.192156638831279,0.2222222222222222,0.2
2692,15,0.4,0.6,0.5531464700081437,0.13333333333333333,0.4,0.2,0.34545454545454546,0.3589542101716347,0.13333333333333333,0.2
2696,9,0.0,0.0,0.0,0.0,0.0,0.0,0.0,0.0,0.0,0.0
2699,3,0.0,0.0,0.0,0.0,0.0,0.3333333333333333,0.0,0.0,0.3333333333333333,0.1
2701,12,0.8,0.8000000000000002,0.8304198973631919,0.3333333333333333,0.8,0.5,0.6727272727272727,0.6172839611614818,0.4166666666666667,0.5
2708,7,0.2,0.26666666666666666,0.2139862647345275,0.14285714285714285,0.2,0.2857142857142857,0.2857142857142857,0.27134058233820724,0.2857142857142857,0.2
2712,8,0.2,0.26666666666666666,0.2139862647345275,0.125,0.2,0.25,0.17307692307692307,0.1595890771248963,0.25,0.2
2718,3,0.0,0.0,0.0,0.0,0.0,0.3333333333333333,0.0,0.0,0.3333333333333333,0.1
2726,19,0.4,0.26666666666666666,0.3007851801491498,0.10526315789473684,0.4,0.4,0.3818181818181818,0.33798414482679834,0.21052631578947367,0.4
2727,7,0.0,0.0,0.0,0.0,0.0,0.0,0.0,0.0,0.0,0.0
2730,1,1.0,0.0,0.0,1.0,0.2,1.0,0.0,0.0,1.0,0.1
2733,24,0.6,0.7999999999999999,0.7227265726449518,0.125,0.6,0.4,0.5454545454545454,0.538431315257452,0.16666666666666666,0.4
2738,3,0.0,0.0,0.0,0.0,0.0,0.0,0.0,0.0,0.0,0.0
2740,16,0.2,0.3333333333333333,0.33916020527361607,0.0625,0.2,0.2,0.21818181818181817,0.28634598975246917,0.125,0.2
2744,1,0.0,0.0,0.0,0.0,0.0,0.0,0.0,0.0,0.0,0.0
2751,29,0.6,0.6666666666666666,0.6548086577531306,0.10344827586206896,0.6,0.6,0.6181818181818182,0.6363762929310752,0.20689655172413793,0.6
2752,13,0.8,0.8666666666666666,0.8539316501572936,0.3076923076923077,0.8,0.4,0.6000000000000001,0.5541432109622958,0.3076923076923077,0.4
2754,24,1.0,1.0,1.0,0.20833333333333334,1.0,0.8,0.8727272727272727,0.8572048559638626,0.3333333333333333,0.8
2758,3,0.3333333333333333,0.33333333333333337,0.29608191096586517,0.3333333333333333,0.2,0.3333333333333333,0.3333333333333333,0.29608191096586517,0.3333333333333333,0.1
2769,10,0.0,0.0,0.0,0.0,0.0,0.0,0.0,0.0,0.0,0.0
2771,17,0.4,0.4666666666666666,0.48522855511632257,0.11764705882352941,0.4,0.2,0.3090909090909091,0.31488013066763093,0.11764705882352941,0.2
2772,26,0.2,0.3333333333333333,0.33916020527361607,0.038461538461538464,0.2,0.1,0.18181818181818182,0.22009176629808014,0.038461538461538464,0.1
2777,10,0.2,0.3333333333333333,0.33916020527361607,0.1,0.2,0.1,0.18181818181818182,0.22009176629808014,0.1,0.1
2779,10,0.4,0.6,0.5531464700081437,0.2,0.4,0.2,0.34545454545454546,0.3589542101716347,0.2,0.2
2782,4,0.25,0.2142857142857143,0.19519002499605081,0.25,0.2,0.25,0.23529411764705882,0.19519002499605081,0.25,0.1
2785,6,0.2,0.19999999999999998,0.16958010263680803,0.16666666666666666,0.2,0.16666666666666666,0.17777777777777778,0.15130120674940672,0.16666666666666666,0.1
2786,4,0.0,0.0,0.0,0.0,0.0,0.0,0.0,0.0,0.0,0.0
2788,6,0.2,0.06666666666666665,0.13120507751234176,0.16666666666666666,0.2,0.3333333333333333,0.24444444444444446,0.22485174766247445,0.3333333333333333,0.2
2791,12,0.6,0.7999999999999999,0.7227265726449518,0.25,0.6,0.3,0.49090909090909096,0.46900009332067477,0.25,0.3
2795,3,0.3333333333333333,0.4166666666666667,0.46927872602275644,0.3333333333333333,0.2,0.3333333333333333,0.37037037037037035,0.46927872602275644,0.3333333333333333,0.1
2796,17,0.4,0.4666666666666666,0.48522855511632257,0.11764705882352941,0.4,0.5,0.43636363636363634,0.5181190644203317,0.29411764705882354,0.5
2802,4,0.25,0.0,0.0,0.25,0.2,0.25,0.0,0.0,0.25,0.1
2805,3,0.3333333333333333,0.4166666666666667,0.46927872602275644,0.3333333333333333,0.2,0.6666666666666666,0.37037037037037035,0.46927872602275644,0.6666666666666666,0.2
2807,1,0.0,0.0,0.0,0.0,0.0,0.0,0.0,0.0,0.0,0.0
2809,48,0.6,0.5333333333333333,0.5147714448836773,0.0625,0.6,0.8,0.6909090909090909,0.685119869332369,0.16666666666666666,0.8
2810,8,0.4,0.5333333333333333,0.5087403079104241,0.25,0.4,0.5,0.4807692307692307,0.5435228269698196,0.5,0.4
2813,58,0.8,0.9333333333333332,0.8687949224876582,0.06896551724137931,0.8,0.5,0.7090909090909091,0.6421867266689009,0.08620689655172414,0.5
2815,6,0.0,0.0,0.0,0.0,0.0,0.0,0.0,0.0,0.0,0.0
2820,6,0.2,0.3333333333333333,0.33916020527361607,0.16666666666666666,0.2,0.16666666666666666,0.2222222222222222,0.30260241349881345,0.16666666666666666,0.1
2826,3,0.0,0.0,0.0,0.0,0.0,0.3333333333333333,0.0,0.0,0.3333333333333333,0.1
2827,15,0.4,0.4666666666666666,0.48522855511632257,0.13333333333333333,0.4,0.4,0.4181818181818182,0.456899187845258,0.26666666666666666,0.4
2832,1,0.0,0.0,0.0,0.0,0.0,0.0,0.0,0.0,0.0,0.0
2833,24,0.6,0.6666666666666666,0.6843515475204854,0.125,0.6,0.4,0.5454545454545454,0.522495596791931,0.16666666666666666,0.4
2840,3,0.3333333333333333,0.0,0.0,0.3333333333333333,0.2,0.3333333333333333,0.0,0.0,0.3333333333333333,0.1
2842,3,0.0,0.0,0.0,0.0,0.0,0.0,0.0,0.0,0.0,0.0
2847,14,0.8,0.9333333333333332,0.8687949224876582,0.2857142857142857,0.8,0.8,0.8,0.8364586133797037,0.5714285714285714,0.8
2856,17,0.4,0.4666666666666666,0.48522855511632257,0.11764705882352941,0.4,0.2,0.3090909090909091,0.31488013066763093,0.11764705882352941,0.2
2857,6,0.2,0.06666666666666665,0.13120507751234176,0.16666666666666666,0.2,0.3333333333333333,0.13333333333333333,0.11706259313796352,0.3333333333333333,0.2
2858,30,0.2,0.19999999999999998,0.16958010263680803,0.03333333333333333,0.2,0.4,0.30909090909090914,0.32149616226344435,0.13333333333333333,0.4
2860,18,0.2,0.13333333333333333,0.14606834984270645,0.05555555555555555,0.2,0.4,0.3090909090909091,0.3088720787393924,0.2222222222222222,0.4
2863,4,0.25,0.2142857142857143,0.19519002499605081,0.25,0.2,0.25,0.23529411764705882,0.19519002499605081,0.25,0.1
2864,1,1.0,1.0,1.0,1.0,0.2,1.0,1.0,1.0,1.0,0.1
2866,17,0.6,0.7999999999999999,0.7227265726449518,0.17647058823529413,0.6,0.3,0.49090909090909096,0.46900009332067477,0.17647058823529413,0.3
2867,4,0.0,0.0,0.0,0.0,0.0,0.5,0.0,0.0,0.5,0.2
2870,4,0.0,0.0,0.0,0.0,0.0,0.0,0.0,0.0,0.0,0.0
2878,6,0.6,0.5333333333333333,0.6164336326286642,0.5,0.6,0.5,0.5111111111111111,0.5499887725471476,0.5,0.3
2879,9,0.8,0.9333333333333332,0.8687949224876582,0.4444444444444444,0.8,0.6666666666666666,0.7592592592592593,0.754591294660747,0.6666666666666666,0.6
2883,11,0.2,0.3333333333333333,0.33916020527361607,0.09090909090909091,0.2,0.2,0.2727272727272727,0.2984900352767555,0.18181818181818182,0.2
2885,13,0.4,0.6,0.5531464700081437,0.15384615384615385,0.4,0.2,0.34545454545454546,0.3589542101716347,0.15384615384615385,0.2
2886,9,0.2,0.06666666666666665,0.13120507751234176,0.1111111111111111,0.2,0.1111111111111111,0.1111111111111111,0.09092803061897882,0.1111111111111111,0.1
2890,30,0.6,0.7333333333333334,0.6992148198508501,0.1,0.6,0.3,0.47272727272727266,0.4537425745411855,0.1,0.3
2892,2,0.5,0.5555555555555556,0.6131471927654584,0.5,0.2,0.5,0.5263157894736842,0.6131471927654584,0.5,0.1
2896,19,0.4,0.6,0.5531464700081437,0.10526315789473684,0.4,0.2,0.34545454545454546,0.3589542101716347,0.10526315789473684,0.2
2912,8,0.2,0.3333333333333333,0.33916020527361607,0.125,0.2,0.25,0.1923076923076923,0.2529427027676571,0.25,0.2
2920,12,0.6,0.7333333333333334,0.6992148198508501,0.25,0.6,0.5,0.6,0.5965377185773227,0.4166666666666667,0.5
2921,3,0.3333333333333333,0.4166666666666667,0.46927872602275644,0.3333333333333333,0.2,0.6666666666666666,0.37037037037037035,0.46927872602275644,0.6666666666666666,0.2
2922,9,0.0,0.0,0.0,0.0,0.0,0.0,0.0,0.0,0.0,0.0
2932,7,0.4,0.6,0.5531464700081437,0.2857142857142857,0.4,0.42857142857142855,0.48979591836734687,0.546216915252498,0.42857142857142855,0.3
2936,3,0.0,0.0,0.0,0.0,0.0,0.3333333333333333,0.0,0.0,0.3333333333333333,0.1
2941,49,0.8,0.9333333333333332,0.8687949224876582,0.08163265306122448,0.8,0.6,0.7272727272727273,0.7058075148678526,0.12244897959183673,0.6
2947,7,0.2,0.26666666666666666,0.2139862647345275,0.14285714285714285,0.2,0.2857142857142857,0.2857142857142857,0.27134058233820724,0.2857142857142857,0.2
2951,22,0.2,0.3333333333333333,0.33916020527361607,0.045454545454545456,0.2,0.3,0.29090909090909095,0.3621108234757072,0.13636363636363635,0.3
2956,17,0.4,0.5333333333333333,0.5087403079104241,0.11764705882352941,0.4,0.4,0.47272727272727266,0.4779671403625727,0.23529411764705882,0.4
2959,43,0.4,0.4666666666666666,0.38356636737133554,0.046511627906976744,0.4,0.4,0.41818181818181815,0.3885264725763437,0.09302325581395349,0.4
2963,14,0.6,0.7333333333333334,0.6992148198508501,0.21428571428571427,0.6,0.5,0.618181818181818,0.601572065456638,0.35714285714285715,0.5
2964,2,0.5,0.4444444444444445,0.3868528072345415,0.5,0.2,0.5,0.4736842105263158,0.3868528072345415,0.5,0.1
2971,25,0.8,0.9333333333333332,0.8687949224876582,0.16,0.8,0.5,0.6727272727272727,0.6332196796270029,0.2,0.5
2973,16,0.6,0.7333333333333334,0.6992148198508501,0.1875,0.6,0.3,0.47272727272727266,0.4537425745411855,0.1875,0.3
2975,26,0.6,0.7333333333333334,0.6992148198508501,0.11538461538461539,0.6,0.6,0.6545454545454544,0.6691255538181726,0.23076923076923078,0.6
2982,20,0.6,0.5333333333333333,0.6164336326286642,0.15,0.6,0.4,0.509090909090909,0.4784215172879272,0.2,0.4
2992,5,0.0,0.0,0.0,0.0,0.0,0.0,0.0,0.0,0.0,0.0
3003,20,0.8,0.8666666666666666,0.8539316501572936,0.2,0.8,0.5,0.6909090909090909,0.6325414799409711,0.25,0.5
3010,8,0.0,0.0,0.0,0.0,0.0,0.0,0.0,0.0,0.0,0.0
3015,17,0.8,0.7333333333333334,0.7860137352654724,0.23529411764705882,0.8,0.7,0.7636363636363637,0.7280855459907164,0.4117647058823529,0.7
3017,33,0.4,0.26666666666666666,0.3007851801491498,0.06060606060606061,0.4,0.2,0.2545454545454545,0.19518900079066104,0.06060606060606061,0.2
3035,7,0.4,0.5333333333333333,0.5087403079104241,0.2857142857142857,0.4,0.2857142857142857,0.36734693877551017,0.4123144993714362,0.2857142857142857,0.2
3036,20,0.4,0.39999999999999997,0.4703652827859578,0.1,0.4,0.2,0.29090909090909095,0.3052348839397011,0.1,0.2
3044,21,0.8,0.8000000000000002,0.8304198973631919,0.19047619047619047,0.8,0.4,0.5818181818181818,0.5388856921828065,0.19047619047619047,0.4
3046,29,0.6,0.5333333333333333,0.6164336326286642,0.10344827586206896,0.6,0.3,0.41818181818181815,0.4000232483092519,0.10344827586206896,0.3
3050,11,0.2,0.06666666666666665,0.13120507751234176,0.09090909090909091,0.2,0.3,0.18181818181818182,0.21819512777734992,0.2727272727272727,0.3
3055,30,0.6,0.7333333333333334,0.6992148198508501,0.1,0.6,0.7,0.6909090909090908,0.7353797772725617,0.23333333333333334,0.7
3059,6,0.2,0.3333333333333333,0.33916020527361607,0.16666666666666666,0.2,0.16666666666666666,0.2222222222222222,0.30260241349881345,0.16666666666666666,0.1
3060,9,0.2,0.26666666666666666,0.2139862647345275,0.1111111111111111,0.2,0.2222222222222222,0.25925925925925924,0.23202214456934253,0.2222222222222222,0.2
3068,20,0.4,0.6,0.5531464700081437,0.1,0.4,0.2,0.34545454545454546,0.3589542101716347,0.1,0.2
3075,6,0.0,0.0,0.0,0.0,0.0,0.0,0.0,0.0,0.0,0.0
3078,6,0.0,0.0,0.0,0.0,0.0,0.3333333333333333,0.0,0.0,0.3333333333333333,0.2
3080,16,0.4,0.4666666666666666,0.48522855511632257,0.125,0.4,0.2,0.3090909090909091,0.31488013066763093,0.125,0.2
3084,26,0.6,0.5333333333333333,0.6164336326286642,0.11538461538461539,0.6,0.5,0.5272727272727272,0.539641393863001,0.19230769230769232,0.5
3086,31,0.6,0.39999999999999997,0.4468535299918562,0.0967741935483871,0.6,0.6,0.5272727272727272,0.4982506457922279,0.1935483870967742,0.6
3103,1,1.0,1.0,1.0,1.0,0.2,1.0,1.0,1.0,1.0,0.1
3105,12,0.6,0.5333333333333333,0.6164336326286642,0.25,0.6,0.4,0.45454545454545453,0.4662774717636409,0.3333333333333333,0.4
3107,7,0.4,0.6,0.5531464700081437,0.2857142857142857,0.4,0.2857142857142857,0.38775510204081626,0.4483039899025303,0.2857142857142857,0.2
3108,9,0.2,0.26666666666666666,0.2139862647345275,0.1111111111111111,0.2,0.1111111111111111,0.16666666666666666,0.14829723057014907,0.1111111111111111,0.1
3114,6,0.2,0.3333333333333333,0.33916020527361607,0.16666666666666666,0.2,0.16666666666666666,0.2222222222222222,0.30260241349881345,0.16666666666666666,0.1
3119,2,0.0,0.0,0.0,0.0,0.0,0.0,0.0,0.0,0.0,0.0
3124,16,0.2,0.3333333333333333,0.33916020527361607,0.0625,0.2,0.1,0.18181818181818182,0.22009176629808014,0.0625,0.1
3125,39,0.8,0.7333333333333334,0.7860137352654724,0.10256410256410256,0.8,0.4,0.5636363636363636,0.510069131458292,0.10256410256410256,0.4
3129,20,0.4,0.26666666666666666,0.3007851801491498,0.1,0.4,0.3,0.3090909090909091,0.2646202227274383,0.15,0.3
3130,4,0.25,0.2142857142857143,0.19519002499605081,0.25,0.2,0.25,0.23529411764705882,0.19519002499605081,0.25,0.1
3137,28,0.4,0.4666666666666666,0.48522855511632257,0.07142857142857142,0.4,0.2,0.3090909090909091,0.31488013066763093,0.07142857142857142,0.2
3143,18,0.2,0.26666666666666666,0.2139862647345275,0.05555555555555555,0.2,0.1,0.16363636363636364,0.1388624438735545,0.05555555555555555,0.1
3154,18,0.0,0.0,0.0,0.0,0.0,0.2,0.10909090909090909,0.14201905717762703,0.1111111111111111,0.2
3159,27,0.4,0.6,0.5531464700081437,0.07407407407407407,0.4,0.3,0.36363636363636365,0.4225749983705864,0.1111111111111111,0.3
3163,23,0.6,0.7999999999999999,0.7227265726449518,0.13043478260869565,0.6,0.3,0.49090909090909096,0.46900009332067477,0.13043478260869565,0.3
3172,19,0.6,0.6,0.6399453854227659,0.15789473684210525,0.6,0.4,0.49090909090909096,0.48471198902551843,0.21052631578947367,0.4
3176,19,0.6,0.7999999999999999,0.7227265726449518,0.15789473684210525,0.6,0.5,0.6181818181818183,0.6136525857537392,0.2631578947368421,0.5
3177,17,0.2,0.26666666666666666,0.2139862647345275,0.058823529411764705,0.2,0.2,0.23636363636363636,0.21222636597291453,0.11764705882352941,0.2
3179,64,0.6,0.6666666666666666,0.6843515475204854,0.046875,0.6,0.7,0.6363636363636365,0.7167674835027338,0.109375,0.7
3184,11,0.2,0.06666666666666665,0.13120507751234176,0.09090909090909091,0.2,0.1,0.10909090909090909,0.08514311764162097,0.09090909090909091,0.1
3189,32,0.6,0.6,0.6399453854227659,0.09375,0.6,0.4,0.5272727272727272,0.4936790360674165,0.125,0.4
3194,12,0.2,0.19999999999999998,0.16958010263680803,0.08333333333333333,0.2,0.3,0.2545454545454545,0.2520649403266671,0.25,0.3
3199,20,0.8,0.8666666666666666,0.8539316501572936,0.2,0.8,0.5,0.6363636363636364,0.6203974344166848,0.25,0.5
3200,48,0.2,0.19999999999999998,0.16958010263680803,0.020833333333333332,0.2,0.1,0.14545454545454548,0.11004588314904007,0.020833333333333332,0.1
3212,56,0.4,0.19999999999999998,0.2772734273550482,0.03571428571428571,0.4,0.5,0.41818181818181815,0.3940151963810134,0.08928571428571429,0.5
3218,2,0.0,0.0,0.0,0.0,0.0,0.0,0.0,0.0,0.0,0.0
3234,10,0.2,0.19999999999999998,0.16958010263680803,0.1,0.2,0.1,0.14545454545454548,0.11004588314904007,0.1,0.1
3235,12,0.2,0.26666666666666666,0.2139862647345275,0.08333333333333333,0.2,0.1,0.16363636363636364,0.1388624438735545,0.08333333333333333,0.1
3236,27,0.4,0.3333333333333333,0.34519134224686926,0.07407407407407407,0.4,0.4,0.41818181818181815,0.3718350524306281,0.14814814814814814,0.4
3238,7,0.0,0.0,0.0,0.0,0.0,0.0,0.0,0.0,0.0,0.0
3242,4,0.0,0.0,0.0,0.0,0.0,0.0,0.0,0.0,0.0,0.0
3244,6,0.0,0.0,0.0,0.0,0.0,0.0,0.0,0.0,0.0,0.0
3245,22,0.4,0.39999999999999997,0.4703652827859578,0.09090909090909091,0.4,0.4,0.38181818181818183,0.4422195942380128,0.18181818181818182,0.4
3248,63,1.0,1.0,1.0,0.07936507936507936,1.0,1.0,1.0,1.0,0.15873015873015872,1.0
3254,5,0.8,0.7333333333333334,0.7860137352654724,0.8,0.8,1.0,0.775,0.7860137352654724,1.0,0.5
3260,8,0.2,0.3333333333333333,0.33916020527361607,0.125,0.2,0.25,0.28846153846153844,0.34304271142002485,0.25,0.2
3261,1,0.0,0.0,0.0,0.0,0.0,0.0,0.0,0.0,0.0,0.0
3262,38,0.8,0.8000000000000002,0.8304198973631919,0.10526315789473684,0.8,0.5,0.6,0.6025064803817581,0.13157894736842105,0.5
3269,11,0.2,0.26666666666666666,0.2139862647345275,0.09090909090909091,0.2,0.1,0.16363636363636364,0.1388624438735545,0.09090909090909091,0.1
3270,2,0.0,0.0,0.0,0.0,0.0,0.0,0.0,0.0,0.0,0.0
3274,31,0.8,0.8666666666666666,0.8539316501572936,0.12903225806451613,0.8,0.6,0.7636363636363637,0.7059054020403311,0.1935483870967742,0.6
3276,9,0.4,0.5333333333333333,0.5087403079104241,0.2222222222222222,0.4,0.2222222222222222,0.3333333333333333,0.352568324121728,0.2222222222222222,0.2
3282,6,0.0,0.0,0.0,0.0,0.0,0.0,0.0,0.0,0.0,0.0
3285,6,0.0,0.0,0.0,0.0,0.0,0.16666666666666666,0.0,0.0,0.16666666666666666,0.1
3287,3,0.0,0.0,0.0,0.0,0.0,0.0,0.0,0.0,0.0,0.0
3289,8,0.2,0.3333333333333333,0.33916020527361607,0.125,0.2,0.125,0.1923076923076923,0.2529427027676571,0.125,0.1
3291,5,0.2,0.3333333333333333,0.33916020527361607,0.2,0.2,0.2,0.25,0.33916020527361607,0.2,0.1
3292,15,0.0,0.0,0.0,0.0,0.0,0.0,0.0,0.0,0.0,0.0
3293,19,0.0,0.0,0.0,0.0,0.0,0.1,0.09090909090909091,0.07839826897867533,0.05263157894736842,0.1
3295,4,0.25,0.28571428571428575,0.2463023887407299,0.25,0.2,0.25,0.2647058823529412,0.2463023887407299,0.25,0.1
3298,8,0.2,0.19999999999999998,0.16958010263680803,0.125,0.2,0.375,0.25,0.21657136003619626,0.375,0.3
3300,7,0.0,0.0,0.0,0.0,0.0,0.0,0.0,0.0,0.0,0.0
3302,1,1.0,0.0,0.0,1.0,0.2,1.0,0.0,0.0,1.0,0.1
3305,24,0.2,0.13333333333333333,0.14606834984270645,0.041666666666666664,0.2,0.3,0.29090909090909095,0.24655055544758617,0.125,0.3
3317,17,0.4,0.4666666666666666,0.38356636737133554,0.11764705882352941,0.4,0.4,0.43636363636363645,0.3935608194556589,0.23529411764705882,0.4
3318,9,0.6,0.5333333333333333,0.5147714448836773,0.3333333333333333,0.6,0.5555555555555556,0.48148148148148157,0.43089665118144516,0.5555555555555556,0.5
3320,6,0.2,0.3333333333333333,0.33916020527361607,0.16666666666666666,0.2,0.5,0.3333333333333333,0.4103915680233244,0.5,0.3
3328,57,1.0,1.0,1.0,0.08771929824561403,1.0,1.0,1.0,1.0,0.17543859649122806,1.0
3338,7,0.2,0.3333333333333333,0.33916020527361607,0.14285714285714285,0.2,0.14285714285714285,0.2040816326530612,0.27487633291429087,0.14285714285714285,0.1
3341,15,0.6,0.6666666666666666,0.6548086577531306,0.2,0.6,0.4,0.509090909090909,0.4943572357534482,0.26666666666666666,0.4
3343,35,0.0,0.0,0.0,0.0,0.0,0.3,0.14545454545454545,0.20827328063201603,0.08571428571428572,0.3
3346,16,0.6,0.6666666666666666,0.6843515475204854,0.1875,0.6,0.6,0.6363636363636364,0.6594803070902429,0.375,0.6
3365,33,0.6,0.6666666666666666,0.6548086577531306,0.09090909090909091,0.6,0.4,0.5454545454545454,0.5033242827953462,0.12121212121212122,0.4
3366,5,0.2,0.3333333333333333,0.33916020527361607,0.2,0.2,0.2,0.25,0.33916020527361607,0.2,0.1
3372,12,0.2,0.26666666666666666,0.2139862647345275,0.08333333333333333,0.2,0.1,0.16363636363636364,0.1388624438735545,0.08333333333333333,0.1
3378,47,1.0,1.0,1.0,0.10638297872340426,1.0,0.8,0.9090909090909091,0.8643145546088338,0.1702127659574468,0.8
3381,4,0.5,0.6428571428571429,0.6366824387328316,0.5,0.4,0.75,0.5588235294117646,0.6366824387328316,0.75,0.3
3382,1,0.0,0.0,0.0,0.0,0.0,0.0,0.0,0.0,0.0,0.0
3390,4,0.0,0.0,0.0,0.0,0.0,0.0,0.0,0.0,0.0,0.0
3393,10,0.2,0.19999999999999998,0.16958010263680803,0.1,0.2,0.4,0.29090909090909095,0.31646181538412904,0.4,0.4
3410,1,0.0,0.0,0.0,0.0,0.0,1.0,0.0,0.0,1.0,0.1
3412,14,0.2,0.3333333333333333,0.33916020527361607,0.07142857142857142,0.2,0.1,0.18181818181818182,0.22009176629808014,0.07142857142857142,0.1
3431,35,0.2,0.3333333333333333,0.33916020527361607,0.02857142857142857,0.2,0.1,0.18181818181818182,0.22009176629808014,0.02857142857142857,0.1
3433,2,0.5,0.4444444444444445,0.3868528072345415,0.5,0.2,0.5,0.4736842105263158,0.3868528072345415,0.5,0.1
3436,20,0.6,0.6666666666666666,0.6843515475204854,0.15,0.6,0.4,0.5454545454545454,0.522495596791931,0.2,0.4
3441,4,0.0,0.0,0.0,0.0,0.0,0.0,0.0,0.0,0.0,0.0
3448,8,0.4,0.3333333333333333,0.31564845247951445,0.25,0.4,0.5,0.36538461538461536,0.3197220782574702,0.5,0.4
3450,2,0.5,0.4444444444444445,0.3868528072345415,0.5,0.2,0.5,0.4736842105263158,0.3868528072345415,0.5,0.1
3456,10,0.2,0.3333333333333333,0.33916020527361607,0.1,0.2,0.1,0.18181818181818182,0.22009176629808014,0.1,0.1
3460,13,0.0,0.0,0.0,0.0,0.0,0.0,0.0,0.0,0.0,0.0
3464,1,0.0,0.0,0.0,0.0,0.0,0.0,0.0,0.0,0.0,0.0
3473,4,0.5,0.28571428571428575,0.2463023887407299,0.5,0.4,0.5,0.2647058823529412,0.2463023887407299,0.5,0.2
3475,49,0.6,0.6666666666666666,0.6548086577531306,0.061224489795918366,0.6,0.4,0.5272727272727272,0.49828993591603105,0.08163265306122448,0.4
3476,2,0.0,0.0,0.0,0.0,0.0,0.0,0.0,0.0,0.0,0.0
3480,4,0.0,0.0,0.0,0.0,0.0,0.0,0.0,0.0,0.0,0.0
3492,24,1.0,1.0,1.0,0.20833333333333334,1.0,0.8,0.8545454545454546,0.8521705090845475,0.3333333333333333,0.8
3494,4,0.0,0.0,0.0,0.0,0.0,0.0,0.0,0.0,0.0,0.0
3505,12,0.0,0.0,0.0,0.0,0.0,0.0,0.0,0.0,0.0,0.0
3508,30,0.6,0.7333333333333334,0.6992148198508501,0.1,0.6,0.4,0.5454545454545454,0.5271064966405455,0.13333333333333333,0.4
3510,43,1.0,1.0,1.0,0.11627906976744186,1.0,1.0,1.0,1.0,0.23255813953488372,1.0
3519,18,0.6,0.6666666666666666,0.6843515475204854,0.16666666666666666,0.6,0.5,0.6181818181818182,0.5958595188912911,0.2777777777777778,0.5
3535,20,0.2,0.3333333333333333,0.33916020527361607,0.05,0.2,0.1,0.18181818181818182,0.22009176629808014,0.05,0.1
3556,2,0.0,0.0,0.0,0.0,0.0,0.0,0.0,0.0,0.0,0.0
3562,1,0.0,0.0,0.0,0.0,0.0,0.0,0.0,0.0,0.0,0.0
3564,4,0.0,0.0,0.0,0.0,0.0,0.0,0.0,0.0,0.0,0.0
3566,5,0.2,0.3333333333333333,0.33916020527361607,0.2,0.2,0.2,0.25,0.33916020527361607,0.2,0.1
3567,32,1.0,1.0,1.0,0.15625,1.0,0.5,0.7272727272727273,0.6489315753318466,0.15625,0.5
3575,15,0.6,0.7333333333333334,0.6992148198508501,0.2,0.6,0.3,0.47272727272727266,0.4537425745411855,0.2,0.3
3578,10,0.8,0.8000000000000002,0.8304198973631919,0.4,0.8,0.5,0.618181818181818,0.6051399156371955,0.5,0.5
3579,14,0.4,0.6,0.5531464700081437,0.14285714285714285,0.4,0.2,0.34545454545454546,0.3589542101716347,0.14285714285714285,0.2
3586,15,0.2,0.3333333333333333,0.33916020527361607,0.06666666666666667,0.2,0.3,0.3090909090909091,0.3647442587311445,0.2,0.3
3592,17,0.4,0.5333333333333333,0.5087403079104241,0.11764705882352941,0.4,0.4,0.47272727272727266,0.4779671403625727,0.23529411764705882,0.4
3593,18,0.6,0.46666666666666673,0.4912596920895757,0.16666666666666666,0.6,0.6,0.6181818181818183,0.5399873388995389,0.3333333333333333,0.6
3595,11,0.0,0.0,0.0,0.0,0.0,0.0,0.0,0.0,0.0,0.0
3596,18,0.4,0.26666666666666666,0.3007851801491498,0.1111111111111111,0.4,0.2,0.2545454545454545,0.19518900079066104,0.1111111111111111,0.2
3603,4,0.25,0.28571428571428575,0.2463023887407299,0.25,0.2,0.25,0.2647058823529412,0.2463023887407299,0.25,0.1
3604,7,0.2,0.3333333333333333,0.33916020527361607,0.14285714285714285,0.2,0.14285714285714285,0.2040816326530612,0.27487633291429087,0.14285714285714285,0.1
3615,8,0.2,0.3333333333333333,0.33916020527361607,0.125,0.2,0.125,0.1923076923076923,0.2529427027676571,0.125,0.1
3622,1,0.0,0.0,0.0,0.0,0.0,1.0,0.0,0.0,1.0,0.1
3627,27,0.4,0.4666666666666666,0.38356636737133554,0.07407407407407407,0.4,0.3,0.38181818181818183,0.3222722491219546,0.1111111111111111,0.3
3629,24,0.2,0.13333333333333333,0.14606834984270645,0.041666666666666664,0.2,0.1,0.12727272727272726,0.09478836436955078,0.041666666666666664,0.1
3632,1,0.0,0.0,0.0,0.0,0.0,0.0,0.0,0.0,0.0,0.0
3638,8,0.2,0.3333333333333333,0.33916020527361607,0.125,0.2,0.125,0.1923076923076923,0.2529427027676571,0.125,0.1
3640,26,0.4,0.5333333333333333,0.5087403079104241,0.07692307692307693,0.4,0.2,0.32727272727272727,0.3301376494471202,0.07692307692307693,0.2
3641,13,0.4,0.26666666666666666,0.3007851801491498,0.15384615384615385,0.4,0.3,0.34545454545454546,0.2735872697693364,0.23076923076923078,0.3
3646,53,0.8,0.8666666666666666,0.8539316501572936,0.07547169811320754,0.8,0.7,0.7818181818181817,0.7695261902392829,0.1320754716981132,0.7
3647,30,0.8,0.9333333333333332,0.8687949224876582,0.13333333333333333,0.8,0.8,0.8545454545454546,0.8486026589039899,0.26666666666666666,0.8
3661,7,0.2,0.3333333333333333,0.33916020527361607,0.14285714285714285,0.2,0.2857142857142857,0.2040816326530612,0.27487633291429087,0.2857142857142857,0.2
3666,1,0.0,0.0,0.0,0.0,0.0,0.0,0.0,0.0,0.0,0.0
3669,6,0.0,0.0,0.0,0.0,0.0,0.16666666666666666,0.0,0.0,0.16666666666666666,0.1
3670,34,0.6,0.6,0.6399453854227659,0.08823529411764706,0.6,0.4,0.509090909090909,0.4886446891881013,0.11764705882352941,0.4
3675,24,0.4,0.39999999999999997,0.4703652827859578,0.08333333333333333,0.4,0.5,0.45454545454545453,0.5142842514302275,0.20833333333333334,0.5
3676,49,1.0,1.0,1.0,0.10204081632653061,1.0,0.9,0.9454545454545454,0.9305687780632228,0.1836734693877551,0.9
3681,13,0.4,0.5333333333333333,0.5087403079104241,0.15384615384615385,0.4,0.2,0.32727272727272727,0.3301376494471202,0.15384615384615385,0.2
3686,1,0.0,0.0,0.0,0.0,0.0,0.0,0.0,0.0,0.0,0.0
3692,9,0.0,0.0,0.0,0.0,0.0,0.0,0.0,0.0,0.0,0.0
3693,6,0.2,0.26666666666666666,0.2139862647345275,0.16666666666666666,0.2,0.3333333333333333,0.2,0.1909208661789346,0.3333333333333333,0.2
3697,39,0.2,0.3333333333333333,0.33916020527361607,0.02564102564102564,0.2,0.4,0.34545454545454546,0.4315420454124844,0.10256410256410256,0.4
3704,21,0.8,0.8000000000000002,0.8304198973631919,0.19047619047619047,0.8,0.4,0.5818181818181818,0.5388856921828065,0.19047619047619047,0.4
3705,41,0.8,0.9333333333333332,0.8687949224876582,0.0975609756097561,0.8,0.5,0.6545454545454547,0.6300426811446146,0.12195121951219512,0.5
3707,12,0.6,0.6666666666666666,0.6548086577531306,0.25,0.6,0.3,0.45454545454545453,0.424926013816671,0.25,0.3
3713,37,0.4,0.6,0.5531464700081437,0.05405405405405406,0.4,0.4,0.45454545454545453,0.49857235572538383,0.10810810810810811,0.4
3717,36,1.0,1.0,1.0,0.1388888888888889,1.0,0.7,0.890909090909091,0.800693766409882,0.19444444444444445,0.7
3746,4,0.25,0.2142857142857143,0.19519002499605081,0.25,0.2,0.25,0.23529411764705882,0.19519002499605081,0.25,0.1
3747,11,0.2,0.3333333333333333,0.33916020527361607,0.09090909090909091,0.2,0.3,0.29090909090909095,0.3621108234757072,0.2727272727272727,0.3
3748,8,0.6,0.6666666666666666,0.6843515475204854,0.375,0.6,0.375,0.4807692307692307,0.510383374527714,0.375,0.3
3749,28,0.2,0.06666666666666665,0.13120507751234176,0.03571428571428571,0.2,0.4,0.2545454545454545,0.293416398273637,0.14285714285714285,0.4
3754,44,0.6,0.46666666666666673,0.4912596920895757,0.06818181818181818,0.6,0.7,0.6545454545454547,0.6062415623539279,0.1590909090909091,0.7
3757,13,0.0,0.0,0.0,0.0,0.0,0.2,0.07272727272727274,0.13305201013572895,0.15384615384615385,0.2
3759,1,0.0,0.0,0.0,0.0,0.0,0.0,0.0,0.0,0.0,0.0
3760,41,0.4,0.6,0.5531464700081437,0.04878048780487805,0.4,0.2,0.34545454545454546,0.3589542101716347,0.04878048780487805,0.2
3764,4,0.0,0.0,0.0,0.0,0.0,0.0,0.0,0.0,0.0,0.0
3766,54,0.6,0.6,0.6399453854227659,0.05555555555555555,0.6,0.3,0.43636363636363634,0.4152807670887412,0.05555555555555555,0.3
3773,6,0.0,0.0,0.0,0.0,0.0,0.0,0.0,0.0,0.0,0.0
3775,1,0.0,0.0,0.0,0.0,0.0,1.0,0.0,0.0,1.0,0.1
3783,1,0.0,0.0,0.0,0.0,0.0,0.0,0.0,0.0,0.0,0.0
3787,19,0.6,0.6,0.6399453854227659,0.15789473684210525,0.6,0.4,0.509090909090909,0.4886446891881013,0.21052631578947367,0.4
3788,8,0.2,0.19999999999999998,0.16958010263680803,0.125,0.2,0.125,0.15384615384615385,0.12647135138382856,0.125,0.1
3793,15,0.8,0.6666666666666666,0.6608397947263838,0.26666666666666666,0.8,0.5,0.6363636363636365,0.5072380780124417,0.3333333333333333,0.5
3799,20,0.4,0.4666666666666666,0.48522855511632257,0.1,0.4,0.4,0.41818181818181815,0.45449827622138006,0.2,0.4
3809,5,0.2,0.26666666666666666,0.2139862647345275,0.2,0.2,0.2,0.225,0.2139862647345275,0.2,0.1
3815,27,0.8,0.8666666666666666,0.8539316501572936,0.14814814814814814,0.8,0.8,0.8363636363636363,0.8389574121760601,0.2962962962962963,0.8
3818,5,0.0,0.0,0.0,0.0,0.0,0.0,0.0,0.0,0.0,0.0
3819,28,0.6,0.6666666666666666,0.6548086577531306,0.10714285714285714,0.6,0.6,0.6000000000000001,0.6313419460517601,0.21428571428571427,0.6
3829,5,0.0,0.0,0.0,0.0,0.0,0.0,0.0,0.0,0.0,0.0
3837,22,0.2,0.3333333333333333,0.33916020527361607,0.045454545454545456,0.2,0.4,0.3272727272727272,0.4283650469300962,0.18181818181818182,0.4
3838,3,0.3333333333333333,0.4166666666666667,0.46927872602275644,0.3333333333333333,0.2,0.3333333333333333,0.37037037037037035,0.46927872602275644,0.3333333333333333,0.1
3839,2,0.5,0.5555555555555556,0.6131471927654584,0.5,0.2,0.5,0.5263157894736842,0.6131471927654584,0.5,0.1
3841,1,0.0,0.0,0.0,0.0,0.0,0.0,0.0,0.0,0.0,0.0
3852,28,0.4,0.5333333333333333,0.5087403079104241,0.07142857142857142,0.4,0.5,0.49090909090909085,0.5415879285615244,0.17857142857142858,0.5
3853,8,0.2,0.3333333333333333,0.33916020527361607,0.125,0.2,0.125,0.1923076923076923,0.2529427027676571,0.125,0.1
3862,6,0.6,0.46666666666666673,0.4912596920895757,0.5,0.6,0.5,0.48888888888888893,0.4383072252272688,0.5,0.3
3869,4,0.0,0.0,0.0,0.0,0.0,0.25,0.0,0.0,0.25,0.1
3872,4,0.0,0.0,0.0,0.0,0.0,0.0,0.0,0.0,0.0,0.0
3876,10,0.4,0.39999999999999997,0.4703652827859578,0.2,0.4,0.2,0.29090909090909095,0.3052348839397011,0.2,0.2
3883,44,0.8,0.8666666666666666,0.8539316501572936,0.09090909090909091,0.8,0.7,0.7090909090909092,0.7534494445524138,0.1590909090909091,0.7
3888,36,0.2,0.26666666666666666,0.2139862647345275,0.027777777777777776,0.2,0.4,0.3818181818181818,0.36005585688836717,0.1111111111111111,0.4
3890,13,0.0,0.0,0.0,0.0,0.0,0.0,0.0,0.0,0.0,0.0
3891,3,0.6666666666666666,0.4166666666666667,0.46927872602275644,0.6666666666666666,0.4,0.6666666666666666,0.37037037037037035,0.46927872602275644,0.6666666666666666,0.2
3892,26,0.8,0.7333333333333334,0.7860137352654724,0.15384615384615385,0.8,0.5,0.6545454545454545,0.5884674004369673,0.19230769230769232,0.5
3908,28,0.6,0.7999999999999999,0.7227265726449518,0.10714285714285714,0.6,0.5,0.6000000000000001,0.6110191504983018,0.17857142857142858,0.5
3909,11,0.2,0.3333333333333333,0.33916020527361607,0.09090909090909091,0.2,0.1,0.18181818181818182,0.22009176629808014,0.09090909090909091,0.1
3910,54,0.4,0.39999999999999997,0.4703652827859578,0.037037037037037035,0.4,0.4,0.4,0.4472539411173281,0.07407407407407407,0.4
3917,1,0.0,0.0,0.0,0.0,0.0,1.0,0.0,0.0,1.0,0.1
3919,11,0.4,0.4666666666666666,0.48522855511632257,0.18181818181818182,0.4,0.2,0.3090909090909091,0.31488013066763093,0.18181818181818182,0.2
3927,42,0.2,0.26666666666666666,0.2139862647345275,0.023809523809523808,0.2,0.3,0.21818181818181823,0.2687374555268952,0.07142857142857142,0.3
3934,11,0.0,0.0,0.0,0.0,0.0,0.0,0.0,0.0,0.0,0.0
3943,33,0.4,0.4666666666666666,0.48522855511632257,0.06060606060606061,0.4,0.4,0.45454545454545453,0.46270962158308354,0.12121212121212122,0.4
3944,4,0.0,0.0,0.0,0.0,0.0,0.0,0.0,0.0,0.0,0.0
3950,22,0.0,0.0,0.0,0.0,0.0,0.0,0.0,0.0,0.0,0.0
3951,2,0.0,0.0,0.0,0.0,0.0,0.5,0.0,0.0,0.5,0.1
3952,3,0.0,0.0,0.0,0.0,0.0,0.0,0.0,0.0,0.0,0.0
3960,15,0.6,0.6666666666666666,0.6548086577531306,0.2,0.6,0.5,0.5454545454545454,0.5619107241149828,0.3333333333333333,0.5
3968,28,0.8,0.8000000000000002,0.8304198973631919,0.14285714285714285,0.8,0.7,0.7818181818181817,0.756902106715231,0.25,0.7
3978,3,0.6666666666666666,0.75,0.7653606369886217,0.6666666666666666,0.4,0.6666666666666666,0.7037037037037036,0.7653606369886217,0.6666666666666666,0.2
3989,5,0.6,0.5333333333333333,0.6164336326286642,0.6,0.6,0.6,0.575,0.6164336326286642,0.6,0.3
3993,9,0.2,0.26666666666666666,0.2139862647345275,0.1111111111111111,0.2,0.1111111111111111,0.16666666666666666,0.14829723057014907,0.1111111111111111,0.1
3997,7,0.2,0.06666666666666665,0.13120507751234176,0.14285714285714285,0.2,0.14285714285714285,0.12244897959183672,0.10633668103022983,0.14285714285714285,0.1
3998,14,0.2,0.3333333333333333,0.33916020527361607,0.07142857142857142,0.2,0.1,0.18181818181818182,0.22009176629808014,0.07142857142857142,0.1
4003,2,0.0,0.0,0.0,0.0,0.0,0.0,0.0,0.0,0.0,0.0
4016,5,0.4,0.4666666666666666,0.48522855511632257,0.4,0.4,0.4,0.425,0.48522855511632257,0.4,0.2
4018,20,0.6,0.6,0.6399453854227659,0.15,0.6,0.4,0.45454545454545453,0.4789015552876929,0.2,0.4
4021,2,0.0,0.0,0.0,0.0,0.0,0.0,0.0,0.0,0.0,0.0
4024,12,0.2,0.26666666666666666,0.2139862647345275,0.08333333333333333,0.2,0.1,0.16363636363636364,0.1388624438735545,0.08333333333333333,0.1
4033,6,0.8,0.9333333333333332,0.8687949224876582,0.6666666666666666,0.8,0.6666666666666666,0.7555555555555556,0.7751482523375255,0.6666666666666666,0.4
4036,13,0.8,0.8666666666666666,0.8539316501572936,0.3076923076923077,0.8,0.6,0.7090909090909091,0.6937613565160449,0.46153846153846156,0.6
4041,3,0.6666666666666666,0.25,0.23463936301137822,0.6666666666666666,0.4,0.6666666666666666,0.2962962962962963,0.23463936301137822,0.6666666666666666,0.2
4043,11,0.0,0.0,0.0,0.0,0.0,0.0,0.0,0.0,0.0,0.0
4045,14,0.4,0.5333333333333333,0.5087403079104241,0.14285714285714285,0.4,0.2,0.32727272727272727,0.3301376494471202,0.14285714285714285,0.2
4048,11,0.2,0.3333333333333333,0.33916020527361607,0.09090909090909091,0.2,0.1,0.18181818181818182,0.22009176629808014,0.09090909090909091,0.1
4049,5,0.0,0.0,0.0,0.0,0.0,0.0,0.0,0.0,0.0,0.0
4058,16,0.2,0.13333333333333333,0.14606834984270645,0.0625,0.2,0.2,0.1636363636363636,0.16104258782393982,0.125,0.2
4062,9,0.0,0.0,0.0,0.0,0.0,0.0,0.0,0.0,0.0,0.0
4072,25,0.6,0.5333333333333333,0.6164336326286642,0.12,0.6,0.4,0.43636363636363634,0.46364403650820357,0.16,0.4
4080,53,0.6,0.6666666666666666,0.6548086577531306,0.05660377358490566,0.6,0.5,0.5818181818181819,0.5695785062497354,0.09433962264150944,0.5
4084,18,0.6,0.6666666666666666,0.6548086577531306,0.16666666666666666,0.6,0.4,0.4727272727272727,0.48854680201562267,0.2222222222222222,0.4
4087,10,0.2,0.26666666666666666,0.2139862647345275,0.1,0.2,0.1,0.16363636363636364,0.1388624438735545,0.1,0.1
4091,4,0.5,0.5,0.5585075862632192,0.5,0.4,0.5,0.49999999999999994,0.5585075862632192,0.5,0.2
4092,10,0.2,0.3333333333333333,0.33916020527361607,0.1,0.2,0.1,0.18181818181818182,0.22009176629808014,0.1,0.1
4093,16,0.2,0.3333333333333333,0.33916020527361607,0.0625,0.2,0.1,0.18181818181818182,0.22009176629808014,0.0625,0.1
4095,35,0.8,0.8666666666666666,0.8539316501572936,0.11428571428571428,0.8,0.6,0.7090909090909091,0.6961622681399229,0.17142857142857143,0.6
4096,17,0.0,0.0,0.0,0.0,0.0,0.0,0.0,0.0,0.0,0.0
4108,4,0.25,0.2142857142857143,0.19519002499605081,0.25,0.2,0.5,0.23529411764705882,0.19519002499605081,0.5,0.2
4112,6,0.2,0.3333333333333333,0.33916020527361607,0.16666666666666666,0.2,0.16666666666666666,0.2222222222222222,0.30260241349881345,0.16666666666666666,0.1
4114,43,0.6,0.46666666666666673,0.4912596920895757,0.06976744186046512,0.6,0.6,0.6181818181818183,0.5399873388995389,0.13953488372093023,0.6
4122,23,0.4,0.39999999999999997,0.4703652827859578,0.08695652173913043,0.4,0.3,0.38181818181818183,0.3836331529183764,0.13043478260869565,0.3
4125,2,0.0,0.0,0.0,0.0,0.0,0.0,0.0,0.0,0.0,0.0
4127,36,0.6,0.6666666666666666,0.6843515475204854,0.08333333333333333,0.6,0.5,0.6,0.5919268187287082,0.1388888888888889,0.5
4128,20,0.4,0.6,0.5531464700081437,0.1,0.4,0.4,0.47272727272727266,0.501749354207772,0.2,0.4
4132,35,0.6,0.7999999999999999,0.7227265726449518,0.08571428571428572,0.6,0.5,0.6545454545454545,0.6207622843987102,0.14285714285714285,0.5
4135,33,0.2,0.3333333333333333,0.33916020527361607,0.030303030303030304,0.2,0.2,0.2,0.2837125544970318,0.06060606060606061,0.2
4137,6,0.6,0.6,0.6399453854227659,0.5,0.6,0.5,0.5333333333333333,0.5709662133861837,0.5,0.3
4141,36,0.6,0.6666666666666666,0.6843515475204854,0.08333333333333333,0.6,0.4,0.4727272727272727,0.5077181160122074,0.1111111111111111,0.4
4147,4,0.0,0.0,0.0,0.0,0.0,0.0,0.0,0.0,0.0,0.0
4158,1,0.0,0.0,0.0,0.0,0.0,0.0,0.0,0.0,0.0,0.0
4161,1,1.0,1.0,1.0,1.0,0.2,1.0,1.0,1.0,1.0,0.1
4166,38,0.6,0.7333333333333334,0.6992148198508501,0.07894736842105263,0.6,0.4,0.5454545454545454,0.5271064966405455,0.10526315789473684,0.4
4168,18,0.6,0.7999999999999999,0.7227265726449518,0.16666666666666666,0.6,0.5,0.6363636363636364,0.6168295842361273,0.2777777777777778,0.5
4170,2,0.5,0.4444444444444445,0.3868528072345415,0.5,0.2,0.5,0.4736842105263158,0.3868528072345415,0.5,0.1
4171,3,0.0,0.0,0.0,0.0,0.0,0.0,0.0,0.0,0.0,0.0
4175,66,0.6,0.7999999999999999,0.7227265726449518,0.045454545454545456,0.6,0.6,0.6909090909090909,0.6870165078530992,0.09090909090909091,0.6
4181,34,0.8,0.6666666666666666,0.6608397947263838,0.11764705882352941,0.8,0.7,0.7454545454545456,0.6468562235661908,0.20588235294117646,0.7
4185,27,0.6,0.7333333333333334,0.6992148198508501,0.1111111111111111,0.6,0.4,0.5272727272727272,0.5231737964779627,0.14814814814814814,0.4
4188,4,0.5,0.6428571428571429,0.6366824387328316,0.5,0.4,0.5,0.5588235294117646,0.6366824387328316,0.5,0.2
4203,22,0.0,0.0,0.0,0.0,0.0,0.1,0.018181818181818177,0.0636207881989517,0.045454545454545456,0.1
4204,2,0.0,0.0,0.0,0.0,0.0,0.0,0.0,0.0,0.0,0.0
4205,4,0.0,0.0,0.0,0.0,0.0,0.0,0.0,0.0,0.0,0.0
4208,18,0.4,0.6,0.5531464700081437,0.1111111111111111,0.4,0.6,0.5818181818181818,0.6437684113853991,0.3333333333333333,0.6
4209,2,0.0,0.0,0.0,0.0,0.0,0.0,0.0,0.0,0.0,0.0
4217,3,0.0,0.0,0.0,0.0,0.0,0.0,0.0,0.0,0.0,0.0
4222,1,0.0,0.0,0.0,0.0,0.0,1.0,0.0,0.0,1.0,0.1
4227,9,0.0,0.0,0.0,0.0,0.0,0.0,0.0,0.0,0.0,0.0
4233,21,0.4,0.19999999999999998,0.2772734273550482,0.09523809523809523,0.4,0.3,0.3272727272727272,0.25832975098984706,0.14285714285714285,0.3
4238,72,0.8,0.6666666666666666,0.6608397947263838,0.05555555555555555,0.8,0.7,0.7090909090909092,0.6402900881481707,0.09722222222222222,0.7
4239,23,0.2,0.3333333333333333,0.33916020527361607,0.043478260869565216,0.2,0.1,0.18181818181818182,0.22009176629808014,0.043478260869565216,0.1
4240,6,0.2,0.3333333333333333,0.33916020527361607,0.16666666666666666,0.2,0.16666666666666666,0.2222222222222222,0.30260241349881345,0.16666666666666666,0.1
4247,18,0.6,0.6666666666666666,0.6843515475204854,0.16666666666666666,0.6,0.4,0.4727272727272727,0.5077181160122074,0.2222222222222222,0.4
4257,11,0.2,0.3333333333333333,0.33916020527361607,0.09090909090909091,0.2,0.1,0.18181818181818182,0.22009176629808014,0.09090909090909091,0.1
4263,19,0.4,0.5333333333333333,0.5087403079104241,0.10526315789473684,0.4,0.2,0.32727272727272727,0.3301376494471202,0.10526315789473684,0.2
4265,9,0.2,0.3333333333333333,0.33916020527361607,0.1111111111111111,0.2,0.1111111111111111,0.18518518518518517,0.23504554941448538,0.1111111111111111,0.1
4270,3,0.3333333333333333,0.4166666666666667,0.46927872602275644,0.3333333333333333,0.2,1.0,0.37037037037037035,0.46927872602275644,1.0,0.3
4271,32,0.6,0.6666666666666666,0.6548086577531306,0.09375,0.6,0.4,0.4727272727272727,0.48854680201562267,0.125,0.4
4276,15,0.2,0.19999999999999998,0.16958010263680803,0.06666666666666667,0.2,0.2,0.16363636363636364,0.1736666713479918,0.13333333333333333,0.2
4278,20,0.8,0.8000000000000002,0.8304198973631919,0.2,0.8,0.4,0.5818181818181818,0.5388856921828065,0.2,0.4
4283,2,0.0,0.0,0.0,0.0,0.0,0.0,0.0,0.0,0.0,0.0
4294,14,0.2,0.19999999999999998,0.16958010263680803,0.07142857142857142,0.2,0.1,0.14545454545454548,0.11004588314904007,0.07142857142857142,0.1
4296,10,0.0,0.0,0.0,0.0,0.0,0.0,0.0,0.0,0.0,0.0
4298,5,0.0,0.0,0.0,0.0,0.0,0.0,0.0,0.0,0.0,0.0
4301,3,0.0,0.0,0.0,0.0,0.0,0.3333333333333333,0.0,0.0,0.3333333333333333,0.1
4302,35,0.8,0.6666666666666666,0.6608397947263838,0.11428571428571428,0.8,0.5,0.6363636363636365,0.5072380780124417,0.14285714285714285,0.5
4307,24,0.8,0.8000000000000002,0.8304198973631919,0.16666666666666666,0.8,0.5,0.6727272727272727,0.6172839611614818,0.20833333333333334,0.5
4309,19,0.4,0.39999999999999997,0.4703652827859578,0.10526315789473684,0.4,0.2,0.29090909090909095,0.3052348839397011,0.10526315789473684,0.2
4311,5,0.0,0.0,0.0,0.0,0.0,0.2,0.0,0.0,0.2,0.1
4313,28,0.2,0.3333333333333333,0.33916020527361607,0.03571428571428571,0.2,0.2,0.21818181818181817,0.28634598975246917,0.07142857142857142,0.2
4334,42,0.8,0.8666666666666666,0.8539316501572936,0.09523809523809523,0.8,0.6,0.6909090909090909,0.6911279212606076,0.14285714285714285,0.6
4342,1,0.0,0.0,0.0,0.0,0.0,0.0,0.0,0.0,0.0,0.0
4348,1,0.0,0.0,0.0,0.0,0.0,0.0,0.0,0.0,0.0,0.0
4357,27,0.4,0.6,0.5531464700081437,0.07407407407407407,0.4,0.2,0.34545454545454546,0.3589542101716347,0.07407407407407407,0.2
4359,5,0.0,0.0,0.0,0.0,0.0,0.0,0.0,0.0,0.0,0.0
4361,20,0.6,0.7333333333333334,0.6992148198508501,0.15,0.6,0.5,0.5818181818181818,0.5957616317188125,0.25,0.5
4375,41,0.8,0.8666666666666666,0.8539316501572936,0.0975609756097561,0.8,0.5,0.6363636363636364,0.6203974344166848,0.12195121951219512,0.5
4383,2,0.0,0.0,0.0,0.0,0.0,0.0,0.0,0.0,0.0,0.0
4394,12,0.2,0.26666666666666666,0.2139862647345275,0.08333333333333333,0.2,0.2,0.18181818181818182,0.2024832320725062,0.16666666666666666,0.2
4396,1,0.0,0.0,0.0,0.0,0.0,0.0,0.0,0.0,0.0,0.0
4405,3,0.0,0.0,0.0,0.0,0.0,0.3333333333333333,0.0,0.0,0.3333333333333333,0.1
4406,3,0.6666666666666666,0.6666666666666667,0.7039180890341346,0.6666666666666666,0.4,0.6666666666666666,0.6666666666666666,0.7039180890341346,0.6666666666666666,0.2
4407,1,0.0,0.0,0.0,0.0,0.0,0.0,0.0,0.0,0.0,0.0
4411,16,0.6,0.7999999999999999,0.7227265726449518,0.1875,0.6,0.5,0.6,0.6086182388744239,0.3125,0.5
4413,4,0.5,0.2142857142857143,0.19519002499605081,0.5,0.4,0.5,0.23529411764705882,0.19519002499605081,0.5,0.2
4428,1,1.0,0.0,0.0,1.0,0.2,1.0,0.0,0.0,1.0,0.1
4432,3,0.0,0.0,0.0,0.0,0.0,0.0,0.0,0.0,0.0,0.0
4436,41,0.6,0.6,0.6399453854227659,0.07317073170731707,0.6,0.5,0.49090909090909085,0.5451557787420819,0.12195121951219512,0.5
4444,8,0.2,0.19999999999999998,0.16958010263680803,0.125,0.2,0.25,0.25,0.21657136003619626,0.25,0.2
4452,2,0.0,0.0,0.0,0.0,0.0,0.0,0.0,0.0,0.0,0.0
4457,8,0.2,0.3333333333333333,0.33916020527361607,0.125,0.2,0.5,0.34615384615384615,0.422837249982473,0.5,0.4
4469,31,1.0,1.0,1.0,0.16129032258064516,1.0,0.8,0.8727272727272727,0.8572048559638626,0.25806451612903225,0.8
4479,12,0.2,0.3333333333333333,0.33916020527361607,0.08333333333333333,0.2,0.1,0.18181818181818182,0.22009176629808014,0.08333333333333333,0.1
4482,49,0.4,0.6,0.5531464700081437,0.04081632653061224,0.4,0.3,0.4,0.4283854321084119,0.061224489795918366,0.3
4485,2,0.5,0.5555555555555556,0.6131471927654584,0.5,0.2,0.5,0.5263157894736842,0.6131471927654584,0.5,0.1
4489,15,1.0,1.0,1.0,0.3333333333333333,1.0,0.7,0.8727272727272727,0.7967610662472991,0.4666666666666667,0.7
4494,10,0.2,0.13333333333333333,0.14606834984270645,0.1,0.2,0.3,0.23636363636363636,0.23440650992329984,0.3,0.3
4497,8,0.0,0.0,0.0,0.0,0.0,0.0,0.0,0.0,0.0,0.0
4508,15,0.4,0.4000000000000001,0.3600546145772339,0.13333333333333333,0.4,0.3,0.32727272727272727,0.2999050316974943,0.2,0.3
4511,10,0.4,0.4666666666666666,0.48522855511632257,0.2,0.4,0.3,0.3272727272727272,0.3785009188665826,0.3,0.3
4519,18,0.6,0.7333333333333334,0.6992148198508501,0.16666666666666666,0.6,0.4,0.5636363636363636,0.5321408435198608,0.2222222222222222,0.4
4527,27,0.2,0.19999999999999998,0.16958010263680803,0.037037037037037035,0.2,0.4,0.32727272727272727,0.3241295975188817,0.14814814814814814,0.4
4529,8,0.2,0.3333333333333333,0.33916020527361607,0.125,0.2,0.125,0.1923076923076923,0.2529427027676571,0.125,0.1
4542,5,0.2,0.19999999999999998,0.16958010263680803,0.2,0.2,0.2,0.2,0.16958010263680803,0.2,0.1
4550,41,0.6,0.6,0.6399453854227659,0.07317073170731707,0.6,0.3,0.43636363636363634,0.4152807670887412,0.07317073170731707,0.3
4552,2,0.5,0.0,0.0,0.5,0.2,0.5,0.0,0.0,0.5,0.1
4554,3,0.0,0.0,0.0,0.0,0.0,0.0,0.0,0.0,0.0,0.0
4558,16,0.8,0.9333333333333332,0.8687949224876582,0.25,0.8,0.6,0.7454545454545456,0.7084409501232899,0.375,0.6
4563,7,0.2,0.3333333333333333,0.33916020527361607,0.14285714285714285,0.2,0.14285714285714285,0.2040816326530612,0.27487633291429087,0.14285714285714285,0.1
4577,13,0.2,0.06666666666666665,0.13120507751234176,0.07692307692307693,0.2,0.1,0.10909090909090909,0.08514311764162097,0.07692307692307693,0.1
4578,18,0.8,0.8000000000000002,0.8304198973631919,0.2222222222222222,0.8,0.5,0.618181818181818,0.6051399156371955,0.2777777777777778,0.5
4595,7,0.4,0.4666666666666666,0.38356636737133554,0.2857142857142857,0.4,0.42857142857142855,0.4489795918367347,0.4087787487953526,0.42857142857142855,0.3
4597,7,0.2,0.19999999999999998,0.16958010263680803,0.14285714285714285,0.2,0.14285714285714285,0.16326530612244897,0.13743816645714543,0.14285714285714285,0.1
4609,4,0.0,0.0,0.0,0.0,0.0,0.0,0.0,0.0,0.0,0.0
4611,55,0.6,0.7333333333333334,0.6992148198508501,0.05454545454545454,0.6,0.6,0.6727272727272726,0.6717589890736099,0.10909090909090909,0.6
4615,28,0.4,0.6,0.5531464700081437,0.07142857142857142,0.4,0.2,0.34545454545454546,0.3589542101716347,0.07142857142857142,0.2
4620,45,0.6,0.7333333333333334,0.6992148198508501,0.06666666666666667,0.6,0.5,0.6363636363636362,0.6055047656192208,0.1111111111111111,0.5
4621,6,0.2,0.3333333333333333,0.33916020527361607,0.16666666666666666,0.2,0.3333333333333333,0.3333333333333333,0.4103915680233244,0.3333333333333333,0.2
4622,23,0.6,0.6,0.529634717214042,0.13043478260869565,0.6,0.3,0.43636363636363645,0.34369669139214537,0.13043478260869565,0.3
4631,8,0.0,0.0,0.0,0.0,0.0,0.125,0.09615384615384615,0.0901000086523677,0.125,0.1
4632,3,0.3333333333333333,0.4166666666666667,0.46927872602275644,0.3333333333333333,0.2,0.3333333333333333,0.37037037037037035,0.46927872602275644,0.3333333333333333,0.1
4646,52,0.6,0.5333333333333333,0.6164336326286642,0.057692307692307696,0.6,0.7,0.6000000000000001,0.67269340399873,0.1346153846153846,0.7
4648,19,0.2,0.13333333333333333,0.14606834984270645,0.05263157894736842,0.2,0.2,0.21818181818181817,0.1731866333482261,0.10526315789473684,0.2
4653,30,0.8,0.8000000000000002,0.8304198973631919,0.13333333333333333,0.8,0.5,0.618181818181818,0.6051399156371955,0.16666666666666666,0.5
4655,67,0.6,0.7999999999999999,0.7227265726449518,0.04477611940298507,0.6,0.4,0.5272727272727273,0.5352543167750639,0.05970149253731343,0.4
4658,9,0.6,0.7333333333333334,0.6992148198508501,0.3333333333333333,0.6,0.3333333333333333,0.4814814814814814,0.4845713881969347,0.3333333333333333,0.3
4662,15,0.4,0.4666666666666666,0.38356636737133554,0.13333333333333333,0.4,0.3,0.3272727272727273,0.31252911522154625,0.2,0.3
4669,7,0.4,0.6,0.5531464700081437,0.2857142857142857,0.4,0.5714285714285714,0.48979591836734687,0.546216915252498,0.5714285714285714,0.4
4686,7,0.0,0.0,0.0,0.0,0.0,0.0,0.0,0.0,0.0,0.0
4691,17,0.4,0.6,0.5531464700081437,0.11764705882352941,0.4,0.2,0.34545454545454546,0.3589542101716347,0.11764705882352941,0.2
4696,4,0.0,0.0,0.0,0.0,0.0,0.0,0.0,0.0,0.0,0.0
4701,12,0.0,0.0,0.0,0.0,0.0,0.1,0.018181818181818177,0.0636207881989517,0.08333333333333333,0.1
4707,2,0.0,0.0,0.0,0.0,0.0,0.0,0.0,0.0,0.0,0.0
4708,4,0.0,0.0,0.0,0.0,0.0,0.25,0.0,0.0,0.25,0.1
4713,10,0.2,0.13333333333333333,0.14606834984270645,0.1,0.2,0.3,0.29090909090909095,0.24655055544758617,0.3,0.3
4720,22,0.4,0.6,0.5531464700081437,0.09090909090909091,0.4,0.3,0.36363636363636365,0.4225749983705864,0.13636363636363635,0.3
4722,19,0.2,0.3333333333333333,0.33916020527361607,0.05263157894736842,0.2,0.1,0.18181818181818182,0.22009176629808014,0.05263157894736842,0.1
4726,18,0.4,0.6,0.5531464700081437,0.1111111111111111,0.4,0.3,0.36363636363636365,0.4225749983705864,0.16666666666666666,0.3
4732,40,0.8,0.8000000000000002,0.8304198973631919,0.1,0.8,0.7,0.7636363636363636,0.7542686714597936,0.175,0.7
4733,26,0.6,0.6666666666666666,0.6843515475204854,0.11538461538461539,0.6,0.4,0.509090909090909,0.5135285497500329,0.15384615384615385,0.4
4736,56,1.0,1.0,1.0,0.08928571428571429,1.0,1.0,1.0,1.0,0.17857142857142858,1.0
4740,1,0.0,0.0,0.0,0.0,0.0,0.0,0.0,0.0,0.0,0.0
4748,22,0.6,0.5333333333333333,0.5147714448836773,0.13636363636363635,0.6,0.3,0.4181818181818182,0.3340514446642156,0.13636363636363635,0.3
4749,27,0.4,0.6,0.5531464700081437,0.07407407407407407,0.4,0.2,0.34545454545454546,0.3589542101716347,0.07407407407407407,0.2
4752,62,1.0,1.0,1.0,0.08064516129032258,1.0,0.7,0.8545454545454546,0.7917267193679839,0.11290322580645161,0.7
4759,11,0.4,0.4000000000000001,0.3600546145772339,0.18181818181818182,0.4,0.2,0.29090909090909095,0.23365080824310527,0.18181818181818182,0.2
4764,31,0.4,0.3333333333333333,0.31564845247951445,0.06451612903225806,0.4,0.5,0.43636363636363634,0.41628452663299514,0.16129032258064516,0.5
4765,1,0.0,0.0,0.0,0.0,0.0,0.0,0.0,0.0,0.0,0.0
4774,10,0.6,0.6666666666666666,0.6843515475204854,0.3,0.6,0.5,0.5454545454545454,0.579782773204422,0.5,0.5
4777,7,0.0,0.0,0.0,0.0,0.0,0.0,0.0,0.0,0.0,0.0
4787,11,0.0,0.0,0.0,0.0,0.0,0.0,0.0,0.0,0.0,0.0
4791,36,1.0,1.0,1.0,0.1388888888888889,1.0,0.8,0.8727272727272727,0.8553475075669357,0.2222222222222222,0.8
4795,25,0.6,0.6666666666666666,0.6548086577531306,0.12,0.6,0.4,0.5454545454545454,0.5033242827953462,0.16,0.4
4796,24,0.6,0.39999999999999997,0.4468535299918562,0.125,0.6,0.4,0.41818181818181815,0.3562315886146008,0.16666666666666666,0.4
4805,30,0.8,0.7333333333333334,0.7860137352654724,0.13333333333333333,0.8,0.4,0.5636363636363636,0.510069131458292,0.13333333333333333,0.4
4806,37,0.6,0.6666666666666666,0.6843515475204854,0.08108108108108109,0.6,0.6,0.6727272727272727,0.6652907408280683,0.16216216216216217,0.6
4809,19,0.4,0.6,0.5531464700081437,0.10526315789473684,0.4,0.3,0.36363636363636365,0.4225749983705864,0.15789473684210525,0.3
4816,50,0.2,0.13333333333333333,0.14606834984270645,0.02,0.2,0.1,0.12727272727272726,0.09478836436955078,0.02,0.1
4819,11,0.4,0.3333333333333333,0.34519134224686926,0.18181818181818182,0.4,0.3,0.3090909090909091,0.2902597849695645,0.2727272727272727,0.3
4820,3,0.0,0.0,0.0,0.0,0.0,0.0,0.0,0.0,0.0,0.0
4825,14,0.2,0.3333333333333333,0.33916020527361607,0.07142857142857142,0.2,0.2,0.2727272727272727,0.2984900352767555,0.14285714285714285,0.2
4829,31,1.0,1.0,1.0,0.16129032258064516,1.0,0.8,0.9272727272727274,0.866947989864271,0.25806451612903225,0.8
4832,32,0.6,0.46666666666666673,0.4912596920895757,0.09375,0.6,0.3,0.4,0.31879392588472627,0.09375,0.3
4833,19,0.2,0.19999999999999998,0.16958010263680803,0.05263157894736842,0.2,0.2,0.21818181818181823,0.18340980524840012,0.10526315789473684,0.2
4841,3,0.0,0.0,0.0,0.0,0.0,0.0,0.0,0.0,0.0,0.0
4850,35,0.4,0.4666666666666666,0.48522855511632257,0.05714285714285714,0.4,0.3,0.34545454545454546,0.38113435412202,0.08571428571428572,0.3
4852,36,0.6,0.6666666666666666,0.6548086577531306,0.08333333333333333,0.6,0.6,0.6727272727272727,0.6461194268314836,0.16666666666666666,0.6
4855,7,0.0,0.0,0.0,0.0,0.0,0.0,0.0,0.0,0.0,0.0
4857,9,0.6,0.7999999999999999,0.7227265726449518,0.3333333333333333,0.6,0.5555555555555556,0.6481481481481481,0.6587390839761451,0.5555555555555556,0.5
4861,9,0.2,0.3333333333333333,0.33916020527361607,0.1111111111111111,0.2,0.1111111111111111,0.18518518518518517,0.23504554941448538,0.1111111111111111,0.1
4863,24,0.4,0.3333333333333333,0.34519134224686926,0.08333333333333333,0.4,0.4,0.41818181818181815,0.3718350524306281,0.16666666666666666,0.4
4872,43,0.6,0.7999999999999999,0.7227265726449518,0.06976744186046512,0.6,0.5,0.5454545454545455,0.5988751049740155,0.11627906976744186,0.5
4875,42,0.8,0.7333333333333334,0.7860137352654724,0.09523809523809523,0.8,0.7,0.7090909090909091,0.716485063693381,0.16666666666666666,0.7
4878,25,0.8,0.7333333333333334,0.7860137352654724,0.16,0.8,0.7,0.7454545454545456,0.7241528458281336,0.28,0.7
4879,12,0.4,0.6,0.5531464700081437,0.16666666666666666,0.4,0.3,0.43636363636363634,0.43735247915031,0.25,0.3
4893,3,0.0,0.0,0.0,0.0,0.0,0.3333333333333333,0.0,0.0,0.3333333333333333,0.1
4894,4,0.5,0.5,0.5585075862632192,0.5,0.4,0.5,0.49999999999999994,0.5585075862632192,0.5,0.2
4904,2,0.5,0.5555555555555556,0.6131471927654584,0.5,0.2,0.5,0.5263157894736842,0.6131471927654584,0.5,0.1
4905,3,0.3333333333333333,0.25,0.23463936301137822,0.3333333333333333,0.2,0.3333333333333333,0.2962962962962963,0.23463936301137822,0.3333333333333333,0.1
4908,13,0.6,0.6666666666666666,0.6843515475204854,0.23076923076923078,0.6,0.3,0.45454545454545453,0.44409732781325567,0.23076923076923078,0.3
4912,5,0.0,0.0,0.0,0.0,0.0,0.4,0.0,0.0,0.4,0.2
4913,1,1.0,0.0,0.0,1.0,0.2,1.0,0.0,0.0,1.0,0.1
4918,23,0.6,0.6,0.6399453854227659,0.13043478260869565,0.6,0.4,0.49090909090909096,0.48471198902551843,0.17391304347826086,0.4
4919,3,0.0,0.0,0.0,0.0,0.0,0.0,0.0,0.0,0.0,0.0
4920,3,0.0,0.0,0.0,0.0,0.0,0.0,0.0,0.0,0.0,0.0
4922,13,0.2,0.3333333333333333,0.33916020527361607,0.07692307692307693,0.2,0.2,0.2545454545454545,0.29345568839744024,0.15384615384615385,0.2
4925,27,0.4,0.5333333333333333,0.5087403079104241,0.07407407407407407,0.4,0.4,0.47272727272727266,0.4779671403625727,0.14814814814814814,0.4
4936,4,0.0,0.0,0.0,0.0,0.0,0.0,0.0,0.0,0.0,0.0
4947,3,0.0,0.0,0.0,0.0,0.0,0.0,0.0,0.0,0.0,0.0
4957,5,0.0,0.0,0.0,0.0,0.0,0.0,0.0,0.0,0.0,0.0
4960,2,0.5,0.5555555555555556,0.6131471927654584,0.5,0.2,0.5,0.5263157894736842,0.6131471927654584,0.5,0.1
4965,13,0.4,0.39999999999999997,0.4703652827859578,0.15384615384615385,0.4,0.3,0.34545454545454546,0.3746661058764783,0.23076923076923078,0.3
4973,4,0.0,0.0,0.0,0.0,0.0,0.0,0.0,0.0,0.0,0.0
4977,4,0.25,0.14285714285714288,0.16812753627111746,0.25,0.2,0.25,0.20588235294117643,0.16812753627111746,0.25,0.1
4996,30,0.6,0.6666666666666666,0.6548086577531306,0.1,0.6,0.3,0.45454545454545453,0.424926013816671,0.1,0.3
5010,8,0.2,0.26666666666666666,0.2139862647345275,0.125,0.2,0.125,0.17307692307692307,0.1595890771248963,0.125,0.1
5013,1,0.0,0.0,0.0,0.0,0.0,0.0,0.0,0.0,0.0,0.0
5017,18,0.4,0.5333333333333333,0.5087403079104241,0.1111111111111111,0.4,0.3,0.41818181818181815,0.4085359184257955,0.16666666666666666,0.3
5022,15,0.2,0.19999999999999998,0.16958010263680803,0.06666666666666667,0.2,0.2,0.23636363636363636,0.1884441521277154,0.13333333333333333,0.2
5026,7,0.2,0.3333333333333333,0.33916020527361607,0.14285714285714285,0.2,0.2857142857142857,0.3061224489795918,0.3727892582642587,0.2857142857142857,0.2
5029,11,0.0,0.0,0.0,0.0,0.0,0.0,0.0,0.0,0.0,0.0
5033,3,0.0,0.0,0.0,0.0,0.0,0.0,0.0,0.0,0.0,0.0
5034,2,0.5,0.5555555555555556,0.6131471927654584,0.5,0.2,0.5,0.5263157894736842,0.6131471927654584,0.5,0.1
5037,33,0.4,0.3333333333333333,0.34519134224686926,0.06060606060606061,0.4,0.6,0.45454545454545464,0.49667571720465353,0.18181818181818182,0.6
5041,27,0.2,0.3333333333333333,0.33916020527361607,0.037037037037037035,0.2,0.2,0.23636363636363636,0.2895229882348574,0.07407407407407407,0.2
5053,4,0.0,0.0,0.0,0.0,0.0,0.25,0.0,0.0,0.25,0.1
5058,5,0.0,0.0,0.0,0.0,0.0,0.0,0.0,0.0,0.0,0.0
5060,2,0.0,0.0,0.0,0.0,0.0,0.0,0.0,0.0,0.0,0.0
5061,25,0.4,0.4666666666666666,0.48522855511632257,0.08,0.4,0.2,0.3090909090909091,0.31488013066763093,0.08,0.2
5064,8,0.4,0.4000000000000001,0.3600546145772339,0.25,0.4,0.25,0.3076923076923077,0.2685255697426522,0.25,0.2
5067,1,0.0,0.0,0.0,0.0,0.0,0.0,0.0,0.0,0.0,0.0
5071,6,0.0,0.0,0.0,0.0,0.0,0.0,0.0,0.0,0.0,0.0
5083,46,0.4,0.39999999999999997,0.4703652827859578,0.043478260869565216,0.4,0.4,0.41818181818181815,0.44988737637276544,0.08695652173913043,0.4
5086,7,0.0,0.0,0.0,0.0,0.0,0.0,0.0,0.0,0.0,0.0
5089,3,0.3333333333333333,0.4166666666666667,0.46927872602275644,0.3333333333333333,0.2,0.3333333333333333,0.37037037037037035,0.46927872602275644,0.3333333333333333,0.1
5091,20,0.4,0.6,0.5531464700081437,0.1,0.4,0.2,0.34545454545454546,0.3589542101716347,0.1,0.2
5093,35,0.4,0.6,0.5531464700081437,0.05714285714285714,0.4,0.5,0.5636363636363636,0.5801476231864473,0.14285714285714285,0.5
5096,10,0.4,0.3333333333333333,0.34519134224686926,0.2,0.4,0.3,0.32727272727272727,0.29343678345195273,0.3,0.3
5097,30,1.0,1.0,1.0,0.16666666666666666,1.0,0.7,0.7999999999999999,0.7819835854675756,0.23333333333333334,0.7
5102,14,0.2,0.13333333333333333,0.14606834984270645,0.07142857142857142,0.2,0.2,0.18181818181818182,0.16421958630632802,0.14285714285714285,0.2
5110,2,0.0,0.0,0.0,0.0,0.0,0.0,0.0,0.0,0.0,0.0
5116,28,0.4,0.26666666666666666,0.3007851801491498,0.07142857142857142,0.4,0.3,0.2909090909090909,0.26144322424505007,0.10714285714285714,0.3
5120,29,0.8,0.8666666666666666,0.8539316501572936,0.13793103448275862,0.8,0.6,0.7090909090909091,0.6937613565160449,0.20689655172413793,0.6
5123,2,0.0,0.0,0.0,0.0,0.0,0.0,0.0,0.0,0.0,0.0
5124,4,0.25,0.35714285714285715,0.39038004999210163,0.25,0.2,0.25,0.2941176470588235,0.39038004999210163,0.25,0.1
5133,27,0.6,0.5333333333333333,0.6164336326286642,0.1111111111111111,0.6,0.4,0.49090909090909085,0.47338717040861195,0.14814814814814814,0.4
5137,3,0.6666666666666666,0.4166666666666667,0.46927872602275644,0.6666666666666666,0.4,0.6666666666666666,0.37037037037037035,0.46927872602275644,0.6666666666666666,0.2
5142,21,0.6,0.6666666666666666,0.6548086577531306,0.14285714285714285,0.6,0.6,0.5636363636363636,0.6242322474067891,0.2857142857142857,0.6
5153,13,0.2,0.3333333333333333,0.33916020527361607,0.07692307692307693,0.2,0.1,0.18181818181818182,0.22009176629808014,0.07692307692307693,0.1
5159,7,0.8,0.9333333333333332,0.8687949224876582,0.5714285714285714,0.8,0.8571428571428571,0.7959183673469388,0.8020378746650065,0.8571428571428571,0.6
5165,17,0.4,0.4000000000000001,0.3600546145772339,0.11764705882352941,0.4,0.2,0.29090909090909095,0.23365080824310527,0.11764705882352941,0.2
5167,13,0.8,0.9333333333333332,0.8687949224876582,0.3076923076923077,0.8,0.4,0.6181818181818183,0.5637884576902256,0.3076923076923077,0.4
5173,2,0.0,0.0,0.0,0.0,0.0,0.0,0.0,0.0,0.0,0.0
5174,6,0.4,0.5333333333333333,0.5087403079104241,0.3333333333333333,0.4,0.3333333333333333,0.4,0.4539036202482201,0.3333333333333333,0.2
5185,11,0.4,0.4666666666666666,0.38356636737133554,0.18181818181818182,0.4,0.3,0.34545454545454546,0.3151625504769836,0.2727272727272727,0.3
5193,13,0.8,0.9333333333333332,0.8687949224876582,0.3076923076923077,0.8,0.6,0.7272727272727273,0.7034066032439747,0.46153846153846156,0.6
5200,46,1.0,1.0,1.0,0.10869565217391304,1.0,0.8,0.9272727272727274,0.866947989864271,0.17391304347826086,0.8
5205,13,0.8,0.9333333333333332,0.8687949224876582,0.3076923076923077,0.8,0.7,0.7818181818181817,0.7752387368046298,0.5384615384615384,0.7
5212,24,0.0,0.0,0.0,0.0,0.0,0.0,0.0,0.0,0.0,0.0
5214,15,0.4,0.3333333333333333,0.34519134224686926,0.13333333333333333,0.4,0.3,0.3090909090909091,0.2902597849695645,0.2,0.3
5220,1,0.0,0.0,0.0,0.0,0.0,0.0,0.0,0.0,0.0,0.0
5229,6,0.2,0.3333333333333333,0.33916020527361607,0.16666666666666666,0.2,0.16666666666666666,0.2222222222222222,0.30260241349881345,0.16666666666666666,0.1
5231,35,0.6,0.7333333333333334,0.6992148198508501,0.08571428571428572,0.6,0.3,0.47272727272727266,0.4537425745411855,0.08571428571428572,0.3
5232,10,0.2,0.3333333333333333,0.33916020527361607,0.1,0.2,0.1,0.18181818181818182,0.22009176629808014,0.1,0.1
5234,2,0.5,0.5555555555555556,0.6131471927654584,0.5,0.2,0.5,0.5263157894736842,0.6131471927654584,0.5,0.1
5238,63,0.6,0.5333333333333333,0.5147714448836773,0.047619047619047616,0.6,0.5,0.5454545454545454,0.47870393709727993,0.07936507936507936,0.5
5243,31,0.8,0.8666666666666666,0.8539316501572936,0.12903225806451613,0.8,0.6,0.7636363636363637,0.7059054020403311,0.1935483870967742,0.6
5244,3,0.0,0.0,0.0,0.0,0.0,0.0,0.0,0.0,0.0,0.0
5246,6,0.4,0.5333333333333333,0.5087403079104241,0.3333333333333333,0.4,0.5,0.4,0.4539036202482201,0.5,0.3
5251,17,0.2,0.3333333333333333,0.33916020527361607,0.058823529411764705,0.2,0.2,0.2,0.2837125544970318,0.11764705882352941,0.2
5253,6,0.2,0.13333333333333333,0.14606834984270645,0.16666666666666666,0.2,0.16666666666666666,0.15555555555555556,0.13032376591037065,0.16666666666666666,0.1
5254,2,0.5,0.5555555555555556,0.6131471927654584,0.5,0.2,0.5,0.5263157894736842,0.6131471927654584,0.5,0.1
5257,18,0.4,0.39999999999999997,0.4703652827859578,0.1111111111111111,0.4,0.5,0.4181818181818182,0.5084738176924019,0.2777777777777778,0.5
5259,1,0.0,0.0,0.0,0.0,0.0,1.0,0.0,0.0,1.0,0.1
5260,17,0.6,0.5333333333333333,0.5147714448836773,0.17647058823529413,0.6,0.4,0.45454545454545453,0.40030566811860463,0.23529411764705882,0.4
5263,18,0.6,0.6,0.6399453854227659,0.16666666666666666,0.6,0.4,0.509090909090909,0.4886446891881013,0.2222222222222222,0.4
5266,2,0.0,0.0,0.0,0.0,0.0,0.0,0.0,0.0,0.0,0.0
5272,12,0.4,0.5333333333333333,0.5087403079104241,0.16666666666666666,0.4,0.2,0.32727272727272727,0.3301376494471202,0.16666666666666666,0.2
5275,2,0.5,0.5555555555555556,0.6131471927654584,0.5,0.2,0.5,0.5263157894736842,0.6131471927654584,0.5,0.1
5281,6,0.2,0.3333333333333333,0.33916020527361607,0.16666666666666666,0.2,0.16666666666666666,0.2222222222222222,0.30260241349881345,0.16666666666666666,0.1
5289,9,0.0,0.0,0.0,0.0,0.0,0.1111111111111111,0.0,0.0,0.1111111111111111,0.1
5290,3,0.6666666666666666,0.75,0.7653606369886217,0.6666666666666666,0.4,0.6666666666666666,0.7037037037037036,0.7653606369886217,0.6666666666666666,0.2
5294,7,0.4,0.4666666666666666,0.38356636737133554,0.2857142857142857,0.4,0.2857142857142857,0.3469387755102041,0.3108658234453848,0.2857142857142857,0.2
5297,1,0.0,0.0,0.0,0.0,0.0,0.0,0.0,0.0,0.0,0.0
5303,37,0.6,0.6666666666666666,0.6843515475204854,0.08108108108108109,0.6,0.5,0.5090909090909091,0.5739723394665964,0.13513513513513514,0.5
5306,22,0.2,0.06666666666666665,0.13120507751234176,0.045454545454545456,0.2,0.2,0.12727272727272726,0.14876390584057267,0.09090909090909091,0.2
5307,10,0.4,0.5333333333333333,0.5087403079104241,0.2,0.4,0.4,0.38181818181818183,0.4600126611004609,0.4,0.4
5312,72,1.0,1.0,1.0,0.06944444444444445,1.0,0.8,0.9090909090909091,0.8643145546088338,0.1111111111111111,0.8
5315,21,0.0,0.0,0.0,0.0,0.0,0.0,0.0,0.0,0.0,0.0
5316,7,0.0,0.0,0.0,0.0,0.0,0.0,0.0,0.0,0.0,0.0
5323,32,0.2,0.26666666666666666,0.2139862647345275,0.03125,0.2,0.1,0.16363636363636364,0.1388624438735545,0.03125,0.1
5325,8,0.2,0.26666666666666666,0.2139862647345275,0.125,0.2,0.375,0.25,0.243903311380782,0.375,0.3
5327,7,0.0,0.0,0.0,0.0,0.0,0.0,0.0,0.0,0.0,0.0
5335,1,1.0,0.0,0.0,1.0,0.2,1.0,0.0,0.0,1.0,0.1
5336,13,0.4,0.6,0.5531464700081437,0.15384615384615385,0.4,0.2,0.34545454545454546,0.3589542101716347,0.15384615384615385,0.2
5338,18,0.4,0.4666666666666666,0.48522855511632257,0.1111111111111111,0.4,0.3,0.36363636363636365,0.3843113526044082,0.16666666666666666,0.3
5339,32,0.8,0.9333333333333332,0.8687949224876582,0.125,0.8,0.5,0.6545454545454547,0.6300426811446146,0.15625,0.5
5341,17,0.4,0.4666666666666666,0.48522855511632257,0.11764705882352941,0.4,0.4,0.4,0.4505655760587972,0.23529411764705882,0.4
5342,4,0.25,0.35714285714285715,0.39038004999210163,0.25,0.2,0.25,0.2941176470588235,0.39038004999210163,0.25,0.1
5346,18,0.2,0.3333333333333333,0.33916020527361607,0.05555555555555555,0.2,0.2,0.21818181818181817,0.28634598975246917,0.1111111111111111,0.2
5347,8,0.8,0.9333333333333332,0.8687949224876582,0.5,0.8,0.5,0.6538461538461539,0.6479396238941381,0.5,0.4
5356,39,0.8,0.7333333333333334,0.7860137352654724,0.10256410256410256,0.8,0.5,0.6,0.576323354912681,0.1282051282051282,0.5
5359,2,0.0,0.0,0.0,0.0,0.0,0.0,0.0,0.0,0.0,0.0
5360,10,0.8,0.9333333333333332,0.8687949224876582,0.4,0.8,0.6,0.781818181818182,0.7155506487682609,0.6,0.6
5364,4,0.0,0.0,0.0,0.0,0.0,0.0,0.0,0.0,0.0,0.0
5369,1,0.0,0.0,0.0,0.0,0.0,0.0,0.0,0.0,0.0,0.0
5396,31,0.8,0.8000000000000002,0.8304198973631919,0.12903225806451613,0.8,0.5,0.6545454545454544,0.6122496142821665,0.16129032258064516,0.5
5419,21,0.4,0.3333333333333333,0.34519134224686926,0.09523809523809523,0.4,0.3,0.3090909090909091,0.2902597849695645,0.14285714285714285,0.3
5420,27,0.8,0.8666666666666666,0.8539316501572936,0.14814814814814814,0.8,0.7,0.7272727272727273,0.7573821447149967,0.25925925925925924,0.7
5429,3,0.0,0.0,0.0,0.0,0.0,0.0,0.0,0.0,0.0,0.0
5431,42,0.8,0.8666666666666666,0.8539316501572936,0.09523809523809523,0.8,0.5,0.6727272727272727,0.6275071330616558,0.11904761904761904,0.5
5450,7,0.0,0.0,0.0,0.0,0.0,0.2857142857142857,0.0,0.0,0.2857142857142857,0.2
5452,21,0.8,0.8000000000000002,0.8304198973631919,0.19047619047619047,0.8,0.6,0.7272727272727273,0.6867151830982591,0.2857142857142857,0.6
5457,7,0.0,0.0,0.0,0.0,0.0,0.0,0.0,0.0,0.0,0.0
5466,3,1.0,0.25,0.23463936301137822,1.0,0.6,1.0,0.2962962962962963,0.23463936301137822,1.0,0.3
5470,28,0.8,0.8000000000000002,0.8304198973631919,0.14285714285714285,0.8,0.6,0.6545454545454545,0.6719377023185354,0.21428571428571427,0.6
5476,3,0.0,0.0,0.0,0.0,0.0,0.0,0.0,0.0,0.0,0.0
5477,5,0.2,0.3333333333333333,0.33916020527361607,0.2,0.2,0.2,0.25,0.33916020527361607,0.2,0.1
5481,60,0.4,0.39999999999999997,0.4703652827859578,0.03333333333333333,0.4,0.4,0.34545454545454546,0.4351098955930418,0.06666666666666667,0.4
5489,14,0.2,0.13333333333333333,0.14606834984270645,0.07142857142857142,0.2,0.3,0.2,0.22784037450527972,0.21428571428571427,0.3
5490,7,0.6,0.6666666666666666,0.6843515475204854,0.42857142857142855,0.6,0.42857142857142855,0.5102040816326531,0.5546406709327601,0.42857142857142855,0.3
5493,59,0.4,0.6,0.5531464700081437,0.03389830508474576,0.4,0.5,0.49090909090909085,0.5653701424067237,0.0847457627118644,0.5
5498,9,0.2,0.3333333333333333,0.33916020527361607,0.1111111111111111,0.2,0.1111111111111111,0.18518518518518517,0.23504554941448538,0.1111111111111111,0.1
5507,40,0.8,0.8666666666666666,0.8539316501572936,0.1,0.8,0.7,0.8181818181818182,0.7753366239771085,0.175,0.7
5508,27,0.2,0.26666666666666666,0.2139862647345275,0.037037037037037035,0.2,0.3,0.3272727272727272,0.2906246349515899,0.1111111111111111,0.3
5509,26,0.4,0.4666666666666666,0.48522855511632257,0.07692307692307693,0.4,0.4,0.43636363636363645,0.45767527470376823,0.15384615384615385,0.4
5524,1,0.0,0.0,0.0,0.0,0.0,0.0,0.0,0.0,0.0,0.0
5525,17,0.2,0.06666666666666665,0.13120507751234176,0.058823529411764705,0.2,0.3,0.21818181818181823,0.227162174819248,0.17647058823529413,0.3
5530,3,0.3333333333333333,0.4166666666666667,0.46927872602275644,0.3333333333333333,0.2,0.6666666666666666,0.37037037037037035,0.46927872602275644,0.6666666666666666,0.2
5531,33,0.6,0.7999999999999999,0.7227265726449518,0.09090909090909091,0.6,0.7,0.7454545454545456,0.7564477297898764,0.21212121212121213,0.7
5532,2,0.0,0.0,0.0,0.0,0.0,0.0,0.0,0.0,0.0,0.0
5533,36,0.6,0.7999999999999999,0.7227265726449518,0.08333333333333333,0.6,0.7,0.7090909090909091,0.750637296052051,0.19444444444444445,0.7
5538,16,0.8,0.6666666666666666,0.6608397947263838,0.25,0.8,0.4,0.5454545454545455,0.4288398090337664,0.25,0.4
5539,19,0.6,0.7333333333333334,0.6992148198508501,0.15789473684210525,0.6,0.4,0.5454545454545454,0.5271064966405455,0.21052631578947367,0.4
5541,8,0.2,0.13333333333333333,0.14606834984270645,0.125,0.2,0.125,0.1346153846153846,0.1089364926177559,0.125,0.1
5544,43,0.6,0.6666666666666666,0.6843515475204854,0.06976744186046512,0.6,0.3,0.45454545454545453,0.44409732781325567,0.06976744186046512,0.3
5550,6,0.2,0.3333333333333333,0.33916020527361607,0.16666666666666666,0.2,0.3333333333333333,0.2222222222222222,0.30260241349881345,0.3333333333333333,0.2
5551,7,0.2,0.26666666666666666,0.2139862647345275,0.14285714285714285,0.2,0.14285714285714285,0.18367346938775508,0.17342765698823942,0.14285714285714285,0.1
5553,7,0.4,0.6,0.5531464700081437,0.2857142857142857,0.4,0.2857142857142857,0.38775510204081626,0.4483039899025303,0.2857142857142857,0.2
5555,43,1.0,1.0,1.0,0.11627906976744186,1.0,0.8,0.9090909090909091,0.8630152897016882,0.18604651162790697,0.8
5560,15,0.2,0.26666666666666666,0.2139862647345275,0.06666666666666667,0.2,0.2,0.21818181818181823,0.20829366581033176,0.13333333333333333,0.2
5562,8,0.6,0.6666666666666666,0.6843515475204854,0.375,0.6,0.375,0.4807692307692307,0.510383374527714,0.375,0.3
5574,25,0.8,0.8666666666666666,0.8539316501572936,0.16,0.8,0.8,0.8363636363636363,0.8389574121760601,0.32,0.8
5579,38,0.4,0.5333333333333333,0.5087403079104241,0.05263157894736842,0.4,0.3,0.4,0.40350157154648025,0.07894736842105263,0.3
5580,7,0.2,0.26666666666666666,0.2139862647345275,0.14285714285714285,0.2,0.14285714285714285,0.18367346938775508,0.17342765698823942,0.14285714285714285,0.1
5583,9,0.0,0.0,0.0,0.0,0.0,0.1111111111111111,0.03703703703703703,0.0707557607210806,0.1111111111111111,0.1
5584,1,1.0,1.0,1.0,1.0,0.2,1.0,1.0,1.0,1.0,0.1
5586,4,0.0,0.0,0.0,0.0,0.0,0.25,0.0,0.0,0.25,0.1
5590,50,0.8,0.8666666666666666,0.8539316501572936,0.08,0.8,0.6,0.7272727272727273,0.6969383549984332,0.12,0.6
5593,63,0.8,0.7333333333333334,0.7860137352654724,0.06349206349206349,0.8,0.7,0.7272727272727273,0.7191184989488183,0.1111111111111111,0.7
5597,5,0.4,0.39999999999999997,0.4703652827859578,0.4,0.4,0.6,0.4,0.4703652827859578,0.6,0.3
5610,31,0.8,0.8666666666666666,0.8539316501572936,0.12903225806451613,0.8,0.6,0.690909090909091,0.6898286563534621,0.1935483870967742,0.6
5614,7,0.4,0.4666666666666666,0.38356636737133554,0.2857142857142857,0.4,0.42857142857142855,0.4489795918367347,0.4087787487953526,0.42857142857142855,0.3
5617,9,0.2,0.19999999999999998,0.16958010263680803,0.1111111111111111,0.2,0.1111111111111111,0.14814814814814814,0.11752277470724269,0.1111111111111111,0.1
5618,24,1.0,1.0,1.0,0.20833333333333334,1.0,0.7,0.890909090909091,0.800693766409882,0.2916666666666667,0.7
5620,31,0.2,0.26666666666666666,0.2139862647345275,0.03225806451612903,0.2,0.2,0.18181818181818182,0.2024832320725062,0.06451612903225806,0.2
5622,23,1.0,1.0,1.0,0.21739130434782608,1.0,0.8,0.8363636363636363,0.8482378089219647,0.34782608695652173,0.8
5625,11,0.2,0.19999999999999998,0.16958010263680803,0.09090909090909091,0.2,0.2,0.16363636363636364,0.1736666713479918,0.18181818181818182,0.2
5634,6,0.6,0.7999999999999999,0.7227265726449518,0.5,0.6,0.5,0.6000000000000001,0.6448244864271548,0.5,0.3
5635,22,0.6,0.7999999999999999,0.7227265726449518,0.13636363636363635,0.6,0.4,0.5454545454545454,0.538431315257452,0.18181818181818182,0.4
5637,3,0.3333333333333333,0.0,0.0,0.3333333333333333,0.2,0.3333333333333333,0.0,0.0,0.3333333333333333,0.1
5640,3,0.3333333333333333,0.0,0.0,0.3333333333333333,0.2,0.3333333333333333,0.0,0.0,0.3333333333333333,0.1
5643,28,0.4,0.6,0.5531464700081437,0.07142857142857142,0.4,0.6,0.5636363636363636,0.6405914129030108,0.21428571428571427,0.6
5645,4,0.5,0.5714285714285715,0.5855700749881524,0.5,0.4,0.5,0.5294117647058824,0.5855700749881524,0.5,0.2
5654,3,0.0,0.0,0.0,0.0,0.0,0.0,0.0,0.0,0.0,0.0
5655,6,0.0,0.0,0.0,0.0,0.0,0.0,0.0,0.0,0.0,0.0
5658,20,0.0,0.0,0.0,0.0,0.0,0.1,0.018181818181818177,0.0636207881989517,0.05,0.1
5659,26,1.0,1.0,1.0,0.19230769230769232,1.0,0.8,0.8727272727272727,0.8553475075669357,0.3076923076923077,0.8
5662,20,0.6,0.39999999999999997,0.4468535299918562,0.15,0.6,0.3,0.38181818181818183,0.28997736516021183,0.15,0.3
5668,49,0.6,0.7999999999999999,0.7227265726449518,0.061224489795918366,0.6,0.5,0.5818181818181819,0.604685538711841,0.10204081632653061,0.5
5674,1,0.0,0.0,0.0,0.0,0.0,0.0,0.0,0.0,0.0,0.0
5678,23,0.2,0.06666666666666665,0.13120507751234176,0.043478260869565216,0.2,0.2,0.12727272727272726,0.14876390584057267,0.08695652173913043,0.2
5680,12,0.2,0.3333333333333333,0.33916020527361607,0.08333333333333333,0.2,0.1,0.18181818181818182,0.22009176629808014,0.08333333333333333,0.1
5682,3,0.0,0.0,0.0,0.0,0.0,0.0,0.0,0.0,0.0,0.0
5683,1,0.0,0.0,0.0,0.0,0.0,0.0,0.0,0.0,0.0,0.0
5691,9,0.0,0.0,0.0,0.0,0.0,0.1111111111111111,0.03703703703703703,0.0707557607210806,0.1111111111111111,0.1
5692,16,0.2,0.06666666666666665,0.13120507751234176,0.0625,0.2,0.2,0.16363636363636364,0.15457433957839825,0.125,0.2
5704,9,0.0,0.0,0.0,0.0,0.0,0.0,0.0,0.0,0.0,0.0
5705,28,0.6,0.6,0.6399453854227659,0.10714285714285714,0.6,0.5,0.49090909090909085,0.5451557787420819,0.17857142857142858,0.5
5707,6,0.0,0.0,0.0,0.0,0.0,0.3333333333333333,0.1111111111111111,0.10778915452451095,0.3333333333333333,0.2
5716,46,1.0,1.0,1.0,0.10869565217391304,1.0,0.9,0.9454545454545454,0.9305687780632228,0.1956521739130435,0.9
5720,1,0.0,0.0,0.0,0.0,0.0,0.0,0.0,0.0,0.0,0.0
5727,19,0.8,0.8666666666666666,0.8539316501572936,0.21052631578947367,0.8,0.5,0.6727272727272727,0.6275071330616558,0.2631578947368421,0.5
5728,4,0.0,0.0,0.0,0.0,0.0,0.0,0.0,0.0,0.0,0.0
5733,2,0.0,0.0,0.0,0.0,0.0,0.0,0.0,0.0,0.0,0.0
5734,7,0.2,0.26666666666666666,0.2139862647345275,0.14285714285714285,0.2,0.14285714285714285,0.18367346938775508,0.17342765698823942,0.14285714285714285,0.1
5737,4,0.0,0.0,0.0,0.0,0.0,0.25,0.0,0.0,0.25,0.1
5745,6,0.0,0.0,0.0,0.0,0.0,0.16666666666666666,0.0,0.0,0.16666666666666666,0.1
5749,9,0.6,0.6666666666666666,0.6843515475204854,0.3333333333333333,0.6,0.6666666666666666,0.6666666666666665,0.7071000017953826,0.6666666666666666,0.6
5750,8,0.2,0.19999999999999998,0.16958010263680803,0.125,0.2,0.25,0.25,0.21657136003619626,0.25,0.2
5752,20,0.4,0.5333333333333333,0.5087403079104241,0.1,0.4,0.3,0.41818181818181815,0.4085359184257955,0.15,0.3
5758,25,0.2,0.3333333333333333,0.33916020527361607,0.04,0.2,0.2,0.23636363636363636,0.2895229882348574,0.08,0.2
5761,15,1.0,1.0,1.0,0.3333333333333333,1.0,0.9,0.9818181818181819,0.9363792118010482,0.6,0.9
5767,13,0.6,0.5333333333333333,0.6164336326286642,0.23076923076923078,0.6,0.4,0.45454545454545453,0.4662774717636409,0.3076923076923077,0.4
5768,48,0.8,0.7333333333333334,0.7860137352654724,0.08333333333333333,0.8,0.6,0.6909090909090909,0.6547216238913564,0.125,0.6
5772,6,0.0,0.0,0.0,0.0,0.0,0.0,0.0,0.0,0.0,0.0
5774,58,0.8,0.9333333333333332,0.8687949224876582,0.06896551724137931,0.8,0.9,0.890909090909091,0.914856882358379,0.15517241379310345,0.9
5783,40,1.0,1.0,1.0,0.125,1.0,0.9,0.9272727272727272,0.92663607790064,0.225,0.9
5790,1,0.0,0.0,0.0,0.0,0.0,0.0,0.0,0.0,0.0,0.0
5795,9,0.2,0.3333333333333333,0.33916020527361607,0.1111111111111111,0.2,0.3333333333333333,0.25925925925925924,0.3133940658859805,0.3333333333333333,0.3
5808,14,0.2,0.3333333333333333,0.33916020527361607,0.07142857142857142,0.2,0.1,0.18181818181818182,0.22009176629808014,0.07142857142857142,0.1
5812,5,0.0,0.0,0.0,0.0,0.0,0.0,0.0,0.0,0.0,0.0
5816,67,0.6,0.6666666666666666,0.6843515475204854,0.04477611940298507,0.6,0.6,0.6000000000000001,0.6523706084452718,0.08955223880597014,0.6
5824,25,0.8,0.7333333333333334,0.7860137352654724,0.16,0.8,0.6,0.6909090909090909,0.6547216238913564,0.24,0.6
5826,6,0.2,0.06666666666666665,0.13120507751234176,0.16666666666666666,0.2,0.3333333333333333,0.13333333333333333,0.11706259313796352,0.3333333333333333,0.2
5828,9,0.4,0.3333333333333333,0.31564845247951445,0.2222222222222222,0.4,0.3333333333333333,0.31481481481481477,0.28950714364062347,0.3333333333333333,0.3
5829,14,0.2,0.26666666666666666,0.2139862647345275,0.07142857142857142,0.2,0.1,0.16363636363636364,0.1388624438735545,0.07142857142857142,0.1
5834,36,0.8,0.9333333333333332,0.8687949224876582,0.1111111111111111,0.8,0.7,0.7454545454545454,0.7670273914429264,0.19444444444444445,0.7
5847,10,0.4,0.6,0.5531464700081437,0.2,0.4,0.3,0.41818181818181815,0.43231813227099475,0.3,0.3
5853,6,0.4,0.6,0.5531464700081437,0.3333333333333333,0.4,0.3333333333333333,0.4222222222222222,0.4935232796777481,0.3333333333333333,0.2
5856,25,0.4,0.5333333333333333,0.5087403079104241,0.08,0.4,0.4,0.43636363636363634,0.4721567066247472,0.16,0.4
5858,6,0.4,0.6,0.5531464700081437,0.3333333333333333,0.4,0.3333333333333333,0.4222222222222222,0.4935232796777481,0.3333333333333333,0.2
5867,22,0.8,0.8666666666666666,0.8539316501572936,0.18181818181818182,0.8,0.5,0.6363636363636364,0.6203974344166848,0.22727272727272727,0.5
5878,2,0.0,0.0,0.0,0.0,0.0,0.0,0.0,0.0,0.0,0.0
5887,17,0.2,0.06666666666666665,0.13120507751234176,0.058823529411764705,0.2,0.3,0.21818181818181823,0.227162174819248,0.17647058823529413,0.3
5889,15,0.4,0.39999999999999997,0.4703652827859578,0.13333333333333333,0.4,0.2,0.29090909090909095,0.3052348839397011,0.13333333333333333,0.2
5893,16,0.6,0.6,0.6399453854227659,0.1875,0.6,0.4,0.45454545454545453,0.4789015552876929,0.25,0.4
5904,1,1.0,1.0,1.0,1.0,0.2,1.0,1.0,1.0,1.0,0.1
5909,13,0.2,0.26666666666666666,0.2139862647345275,0.07692307692307693,0.2,0.2,0.23636363636363636,0.21222636597291453,0.15384615384615385,0.2
5928,5,0.4,0.5333333333333333,0.5087403079104241,0.4,0.4,0.4,0.45,0.5087403079104241,0.4,0.2
5931,29,0.4,0.4666666666666666,0.38356636737133554,0.06896551724137931,0.4,0.7,0.5818181818181819,0.5999767516907479,0.2413793103448276,0.7
5937,2,0.0,0.0,0.0,0.0,0.0,0.5,0.0,0.0,0.5,0.1
5943,6,0.4,0.39999999999999997,0.4703652827859578,0.3333333333333333,0.4,0.3333333333333333,0.35555555555555557,0.4196650066367769,0.3333333333333333,0.2
5950,17,0.2,0.13333333333333333,0.14606834984270645,0.058823529411764705,0.2,0.2,0.18181818181818182,0.16421958630632802,0.11764705882352941,0.2
5952,44,0.8,0.9333333333333332,0.8687949224876582,0.09090909090909091,0.8,0.6,0.6909090909090909,0.6968404678259545,0.13636363636363635,0.6
5953,6,0.0,0.0,0.0,0.0,0.0,0.0,0.0,0.0,0.0,0.0
5960,1,0.0,0.0,0.0,0.0,0.0,0.0,0.0,0.0,0.0,0.0
5965,7,0.4,0.4666666666666666,0.48522855511632257,0.2857142857142857,0.4,0.42857142857142855,0.42857142857142855,0.48488457017441744,0.42857142857142855,0.3
5968,1,0.0,0.0,0.0,0.0,0.0,0.0,0.0,0.0,0.0,0.0
5969,24,0.6,0.6666666666666666,0.6843515475204854,0.125,0.6,0.5,0.5818181818181819,0.58874982024632,0.20833333333333334,0.5
5977,19,0.4,0.6,0.5531464700081437,0.10526315789473684,0.4,0.4,0.509090909090909,0.5107164012496701,0.21052631578947367,0.4
5981,39,0.4,0.5333333333333333,0.5087403079104241,0.05128205128205128,0.4,0.6,0.5090909090909091,0.6028078051365983,0.15384615384615385,0.6
5995,16,0.2,0.3333333333333333,0.33916020527361607,0.0625,0.2,0.1,0.18181818181818182,0.22009176629808014,0.0625,0.1
5997,2,0.0,0.0,0.0,0.0,0.0,0.0,0.0,0.0,0.0,0.0
6009,18,0.2,0.13333333333333333,0.14606834984270645,0.05555555555555555,0.2,0.3,0.21818181818181817,0.23047380976071705,0.16666666666666666,0.3
6013,44,1.0,1.0,1.0,0.11363636363636363,1.0,0.7,0.8545454545454546,0.7917267193679839,0.1590909090909091,0.7
6016,6,0.0,0.0,0.0,0.0,0.0,0.0,0.0,0.0,0.0,0.0
6019,32,0.4,0.19999999999999998,0.2772734273550482,0.0625,0.4,0.2,0.23636363636363633,0.17993148201117173,0.0625,0.2
6024,44,0.4,0.4666666666666666,0.48522855511632257,0.045454545454545456,0.4,0.4,0.43636363636363645,0.45953262310069537,0.09090909090909091,0.4
6040,10,0.4,0.6,0.5531464700081437,0.2,0.4,0.2,0.34545454545454546,0.3589542101716347,0.2,0.2
6041,5,0.0,0.0,0.0,0.0,0.0,0.0,0.0,0.0,0.0,0.0
6061,25,0.6,0.7999999999999999,0.7227265726449518,0.12,0.6,0.6,0.6909090909090909,0.6870165078530992,0.24,0.6
6066,22,0.4,0.39999999999999997,0.4703652827859578,0.09090909090909091,0.4,0.2,0.29090909090909095,0.3052348839397011,0.09090909090909091,0.2
6069,4,0.5,0.6428571428571429,0.6366824387328316,0.5,0.4,0.75,0.5588235294117646,0.6366824387328316,0.75,0.3
6075,6,0.0,0.0,0.0,0.0,0.0,0.0,0.0,0.0,0.0,0.0
6082,8,0.0,0.0,0.0,0.0,0.0,0.0,0.0,0.0,0.0,0.0
6085,19,0.4,0.6,0.5531464700081437,0.10526315789473684,0.4,0.2,0.34545454545454546,0.3589542101716347,0.10526315789473684,0.2
6087,11,0.4,0.4000000000000001,0.3600546145772339,0.18181818181818182,0.4,0.4,0.38181818181818183,0.3693362536342715,0.36363636363636365,0.4
6098,15,0.8,0.8666666666666666,0.8539316501572936,0.26666666666666666,0.8,0.5,0.6727272727272727,0.6275071330616558,0.3333333333333333,0.5
6109,23,0.4,0.3333333333333333,0.31564845247951445,0.08695652173913043,0.4,0.3,0.32727272727272727,0.27426546945536806,0.13043478260869565,0.3
6110,7,0.0,0.0,0.0,0.0,0.0,0.0,0.0,0.0,0.0,0.0
6114,16,0.2,0.13333333333333333,0.14606834984270645,0.0625,0.2,0.1,0.12727272727272726,0.09478836436955078,0.0625,0.1
6116,13,0.6,0.6666666666666666,0.6843515475204854,0.23076923076923078,0.6,0.4,0.5454545454545454,0.522495596791931,0.3076923076923077,0.4
6124,1,0.0,0.0,0.0,0.0,0.0,1.0,0.0,0.0,1.0,0.1
6125,17,0.2,0.3333333333333333,0.33916020527361607,0.058823529411764705,0.2,0.2,0.2727272727272727,0.2984900352767555,0.11764705882352941,0.2
6135,14,0.0,0.0,0.0,0.0,0.0,0.3,0.21818181818181823,0.22119341301481263,0.21428571428571427,0.3
6138,7,0.0,0.0,0.0,0.0,0.0,0.0,0.0,0.0,0.0,0.0
6139,7,0.2,0.19999999999999998,0.16958010263680803,0.14285714285714285,0.2,0.2857142857142857,0.16326530612244897,0.13743816645714543,0.2857142857142857,0.2
6146,4,0.0,0.0,0.0,0.0,0.0,0.25,0.0,0.0,0.25,0.1
6147,23,0.2,0.26666666666666666,0.2139862647345275,0.043478260869565216,0.2,0.1,0.16363636363636364,0.1388624438735545,0.043478260869565216,0.1
6157,22,0.2,0.3333333333333333,0.33916020527361607,0.045454545454545456,0.2,0.2,0.2,0.2837125544970318,0.09090909090909091,0.2
6164,2,0.0,0.0,0.0,0.0,0.0,0.0,0.0,0.0,0.0,0.0
6166,17,1.0,1.0,1.0,0.29411764705882354,1.0,0.6,0.8181818181818182,0.727329844310522,0.35294117647058826,0.6
6172,49,0.8,0.9333333333333332,0.8687949224876582,0.08163265306122448,0.8,0.8,0.8181818181818182,0.8414929602590189,0.16326530612244897,0.8
6173,2,0.5,0.5555555555555556,0.6131471927654584,0.5,0.2,1.0,0.5263157894736842,0.6131471927654584,1.0,0.2
6176,25,0.4,0.6,0.5531464700081437,0.08,0.4,0.3,0.43636363636363634,0.43735247915031,0.12,0.3
6178,11,0.0,0.0,0.0,0.0,0.0,0.1,0.018181818181818177,0.0636207881989517,0.09090909090909091,0.1
6190,2,0.0,0.0,0.0,0.0,0.0,0.0,0.0,0.0,0.0,0.0
6197,18,0.4,0.4000000000000001,0.3600546145772339,0.1111111111111111,0.4,0.2,0.29090909090909095,0.23365080824310527,0.1111111111111111,0.2
6201,4,0.5,0.2142857142857143,0.19519002499605081,0.5,0.4,0.5,0.23529411764705882,0.19519002499605081,0.5,0.2
6209,8,0.0,0.0,0.0,0.0,0.0,0.125,0.057692307692307696,0.07979453856244816,0.125,0.1
6211,4,0.25,0.14285714285714288,0.16812753627111746,0.25,0.2,0.25,0.20588235294117643,0.16812753627111746,0.25,0.1
6214,13,0.4,0.3333333333333333,0.31564845247951445,0.15384615384615385,0.4,0.3,0.3090909090909091,0.27108847097297983,0.23076923076923078,0.3
6216,6,0.4,0.6,0.5531464700081437,0.3333333333333333,0.4,0.3333333333333333,0.4222222222222222,0.4935232796777481,0.3333333333333333,0.2
6221,4,0.0,0.0,0.0,0.0,0.0,0.0,0.0,0.0,0.0,0.0
6225,15,0.2,0.3333333333333333,0.33916020527361607,0.06666666666666667,0.2,0.1,0.18181818181818182,0.22009176629808014,0.06666666666666667,0.1
6227,16,0.6,0.7999999999999999,0.7227265726449518,0.1875,0.6,0.4,0.5090909090909091,0.5326208815196265,0.25,0.4
6238,17,0.4,0.3333333333333333,0.34519134224686926,0.11764705882352941,0.4,0.2,0.2727272727272727,0.22400556151517548,0.11764705882352941,0.2
6242,40,1.0,1.0,1.0,0.125,1.0,0.9,0.9090909090909091,0.9216017310213247,0.225,0.9
6248,2,0.5,0.5555555555555556,0.6131471927654584,0.5,0.2,0.5,0.5263157894736842,0.6131471927654584,0.5,0.1
6256,1,1.0,0.0,0.0,1.0,0.2,1.0,0.0,0.0,1.0,0.1
6264,55,1.0,1.0,1.0,0.09090909090909091,1.0,1.0,1.0,1.0,0.18181818181818182,1.0
6270,13,0.6,0.7999999999999999,0.7227265726449518,0.23076923076923078,0.6,0.4,0.5272727272727273,0.5352543167750639,0.3076923076923077,0.4
6272,11,0.6,0.7999999999999999,0.7227265726449518,0.2727272727272727,0.6,0.4,0.5272727272727273,0.5352543167750639,0.36363636363636365,0.4
6277,11,0.4,0.4000000000000001,0.3600546145772339,0.18181818181818182,0.4,0.2,0.29090909090909095,0.23365080824310527,0.18181818181818182,0.2
6280,17,0.2,0.19999999999999998,0.16958010263680803,0.058823529411764705,0.2,0.1,0.14545454545454548,0.11004588314904007,0.058823529411764705,0.1
6284,6,0.0,0.0,0.0,0.0,0.0,0.0,0.0,0.0,0.0,0.0
6300,26,0.8,0.7333333333333334,0.7860137352654724,0.15384615384615385,0.8,0.4,0.5636363636363636,0.510069131458292,0.15384615384615385,0.4
6310,6,0.0,0.0,0.0,0.0,0.0,0.0,0.0,0.0,0.0,0.0
6314,1,0.0,0.0,0.0,0.0,0.0,0.0,0.0,0.0,0.0,0.0
6337,58,0.6,0.7333333333333334,0.6992148198508501,0.05172413793103448,0.6,0.6,0.6909090909090909,0.674935987555998,0.10344827586206896,0.6
6343,3,0.0,0.0,0.0,0.0,0.0,0.0,0.0,0.0,0.0,0.0
6344,19,0.0,0.0,0.0,0.0,0.0,0.2,0.16363636363636364,0.1517621910780354,0.10526315789473684,0.2
6353,7,0.6,0.7999999999999999,0.7227265726449518,0.42857142857142855,0.6,0.42857142857142855,0.5510204081632653,0.5857421563596757,0.42857142857142855,0.3
6354,7,0.4,0.5333333333333333,0.5087403079104241,0.2857142857142857,0.4,0.2857142857142857,0.36734693877551017,0.4123144993714362,0.2857142857142857,0.2
6358,59,0.8,0.8000000000000002,0.8304198973631919,0.06779661016949153,0.8,0.7,0.7454545454545454,0.7503359712972107,0.11864406779661017,0.7
6365,6,0.2,0.19999999999999998,0.16958010263680803,0.16666666666666666,0.2,0.16666666666666666,0.17777777777777778,0.15130120674940672,0.16666666666666666,0.1
6368,11,0.4,0.26666666666666666,0.3007851801491498,0.18181818181818182,0.4,0.5,0.36363636363636365,0.394495234380779,0.45454545454545453,0.5
6372,18,0.4,0.3333333333333333,0.31564845247951445,0.1111111111111111,0.4,0.2,0.2727272727272727,0.20483424751859083,0.1111111111111111,0.2
6373,4,0.0,0.0,0.0,0.0,0.0,0.0,0.0,0.0,0.0,0.0
6389,6,0.2,0.3333333333333333,0.33916020527361607,0.16666666666666666,0.2,0.16666666666666666,0.2222222222222222,0.30260241349881345,0.16666666666666666,0.1
6390,3,0.0,0.0,0.0,0.0,0.0,0.0,0.0,0.0,0.0,0.0
6392,19,0.8,0.8666666666666666,0.8539316501572936,0.21052631578947367,0.8,0.7,0.7454545454545454,0.7624164915943119,0.3684210526315789,0.7
6393,3,0.0,0.0,0.0,0.0,0.0,0.0,0.0,0.0,0.0,0.0
6399,7,0.0,0.0,0.0,0.0,0.0,0.0,0.0,0.0,0.0,0.0
6402,6,0.0,0.0,0.0,0.0,0.0,0.0,0.0,0.0,0.0,0.0
6404,35,0.8,0.8000000000000002,0.8304198973631919,0.11428571428571428,0.8,0.6,0.6727272727272727,0.6745711375739728,0.17142857142857143,0.6
6405,3,0.0,0.0,0.0,0.0,0.0,0.0,0.0,0.0,0.0,0.0
6411,6,0.2,0.26666666666666666,0.2139862647345275,0.16666666666666666,0.2,0.16666666666666666,0.2,0.1909208661789346,0.16666666666666666,0.1
6420,7,0.2,0.3333333333333333,0.33916020527361607,0.14285714285714285,0.2,0.14285714285714285,0.2040816326530612,0.27487633291429087,0.14285714285714285,0.1
6427,24,0.6,0.39999999999999997,0.4468535299918562,0.125,0.6,0.4,0.4727272727272727,0.36837563413888713,0.16666666666666666,0.4
6434,5,0.2,0.13333333333333333,0.14606834984270645,0.2,0.2,0.2,0.175,0.14606834984270645,0.2,0.1
6437,21,0.2,0.13333333333333333,0.14606834984270645,0.047619047619047616,0.2,0.3,0.21818181818181817,0.23047380976071705,0.14285714285714285,0.3
6438,37,1.0,1.0,1.0,0.13513513513513514,1.0,1.0,1.0,1.0,0.2702702702702703,1.0
6445,35,0.0,0.0,0.0,0.0,0.0,0.1,0.07272727272727274,0.07336392209936006,0.02857142857142857,0.1
6447,15,0.6,0.6666666666666666,0.6843515475204854,0.2,0.6,0.6,0.6363636363636364,0.6594803070902429,0.4,0.6
6452,9,0.2,0.26666666666666666,0.2139862647345275,0.1111111111111111,0.2,0.1111111111111111,0.16666666666666666,0.14829723057014907,0.1111111111111111,0.1
6456,17,0.4,0.19999999999999998,0.2772734273550482,0.11764705882352941,0.4,0.2,0.23636363636363633,0.17993148201117173,0.11764705882352941,0.2
6459,34,0.4,0.4666666666666666,0.48522855511632257,0.058823529411764705,0.4,0.3,0.38181818181818183,0.38824405276699103,0.08823529411764706,0.3
6460,3,0.0,0.0,0.0,0.0,0.0,0.0,0.0,0.0,0.0,0.0
6461,24,0.4,0.3333333333333333,0.31564845247951445,0.08333333333333333,0.4,0.4,0.3818181818181818,0.34445239307233994,0.16666666666666666,0.4
6462,34,0.2,0.26666666666666666,0.2139862647345275,0.029411764705882353,0.2,0.4,0.309090909090909,0.34713572450557056,0.11764705882352941,0.4
6466,41,0.6,0.7333333333333334,0.6992148198508501,0.07317073170731707,0.6,0.6,0.6909090909090909,0.674935987555998,0.14634146341463414,0.6
6470,18,0.4,0.39999999999999997,0.4703652827859578,0.1111111111111111,0.4,0.3,0.38181818181818183,0.3836331529183764,0.16666666666666666,0.3
6471,27,0.8,0.7333333333333334,0.7860137352654724,0.14814814814814814,0.8,0.6,0.6909090909090909,0.6528642754944293,0.2222222222222222,0.6
6477,9,0.4,0.4666666666666666,0.48522855511632257,0.2222222222222222,0.4,0.3333333333333333,0.3888888888888889,0.41462267409828074,0.3333333333333333,0.3
6479,4,0.0,0.0,0.0,0.0,0.0,0.0,0.0,0.0,0.0,0.0
6481,12,0.2,0.3333333333333333,0.33916020527361607,0.08333333333333333,0.2,0.2,0.2,0.2837125544970318,0.16666666666666666,0.2
6484,9,0.2,0.26666666666666666,0.2139862647345275,0.1111111111111111,0.2,0.2222222222222222,0.16666666666666666,0.14829723057014907,0.2222222222222222,0.2
6485,2,0.0,0.0,0.0,0.0,0.0,0.5,0.0,0.0,0.5,0.1
6487,9,0.4,0.19999999999999998,0.2772734273550482,0.2222222222222222,0.4,0.3333333333333333,0.31481481481481477,0.27050515530277414,0.3333333333333333,0.3
6497,2,0.5,0.5555555555555556,0.6131471927654584,0.5,0.2,0.5,0.5263157894736842,0.6131471927654584,0.5,0.1
6503,9,0.2,0.3333333333333333,0.33916020527361607,0.1111111111111111,0.2,0.1111111111111111,0.18518518518518517,0.23504554941448538,0.1111111111111111,0.1
6518,4,0.0,0.0,0.0,0.0,0.0,0.0,0.0,0.0,0.0,0.0
6521,5,0.2,0.26666666666666666,0.2139862647345275,0.2,0.2,0.2,0.225,0.2139862647345275,0.2,0.1
6523,18,0.6,0.7999999999999999,0.7227265726449518,0.16666666666666666,0.6,0.5,0.6363636363636364,0.6168295842361273,0.2777777777777778,0.5
6526,12,0.2,0.13333333333333333,0.14606834984270645,0.08333333333333333,0.2,0.2,0.21818181818181817,0.1731866333482261,0.16666666666666666,0.2
6530,10,0.0,0.0,0.0,0.0,0.0,0.0,0.0,0.0,0.0,0.0
6531,1,0.0,0.0,0.0,0.0,0.0,0.0,0.0,0.0,0.0,0.0
6543,29,0.8,0.9333333333333332,0.8687949224876582,0.13793103448275862,0.8,0.5,0.7090909090909091,0.6421867266689009,0.1724137931034483,0.5
6547,26,0.2,0.26666666666666666,0.2139862647345275,0.038461538461538464,0.2,0.2,0.2545454545454545,0.21726071285222984,0.07692307692307693,0.2
6550,9,0.0,0.0,0.0,0.0,0.0,0.1111111111111111,0.05555555555555556,0.07414861528507453,0.1111111111111111,0.1
6551,31,0.6,0.7999999999999999,0.7227265726449518,0.0967741935483871,0.6,0.5,0.6,0.6086182388744239,0.16129032258064516,0.5
6557,33,0.6,0.6666666666666666,0.6843515475204854,0.09090909090909091,0.6,0.6,0.6181818181818183,0.653146695303782,0.18181818181818182,0.6
6560,10,0.2,0.06666666666666665,0.13120507751234176,0.1,0.2,0.2,0.16363636363636364,0.15457433957839825,0.2,0.2
6570,15,0.4,0.39999999999999997,0.4703652827859578,0.13333333333333333,0.4,0.2,0.29090909090909095,0.3052348839397011,0.13333333333333333,0.2
6576,32,0.6,0.39999999999999997,0.4468535299918562,0.09375,0.6,0.4,0.4,0.3535981533591635,0.125,0.4
6578,8,0.4,0.6,0.5531464700081437,0.25,0.4,0.25,0.36538461538461536,0.4125317798925535,0.25,0.2
6593,2,0.0,0.0,0.0,0.0,0.0,0.0,0.0,0.0,0.0,0.0
6594,24,0.4,0.4666666666666666,0.48522855511632257,0.08333333333333333,0.4,0.5,0.4727272727272727,0.5263304097820353,0.20833333333333334,0.5
6603,3,0.3333333333333333,0.25,0.23463936301137822,0.3333333333333333,0.2,0.3333333333333333,0.2962962962962963,0.23463936301137822,0.3333333333333333,0.1
6609,2,0.0,0.0,0.0,0.0,0.0,0.0,0.0,0.0,0.0,0.0
6611,21,0.4,0.6,0.5531464700081437,0.09523809523809523,0.4,0.2,0.34545454545454546,0.3589542101716347,0.09523809523809523,0.2
6622,17,0.6,0.5333333333333333,0.6164336326286642,0.17647058823529413,0.6,0.5,0.5636363636363636,0.5478527392247045,0.29411764705882354,0.5
6626,39,1.0,1.0,1.0,0.1282051282051282,1.0,0.5,0.7272727272727273,0.6489315753318466,0.1282051282051282,0.5
6638,20,0.2,0.3333333333333333,0.33916020527361607,0.05,0.2,0.1,0.18181818181818182,0.22009176629808014,0.05,0.1
6642,7,0.0,0.0,0.0,0.0,0.0,0.0,0.0,0.0,0.0,0.0
6645,31,0.4,0.4666666666666666,0.48522855511632257,0.06451612903225806,0.4,0.3,0.36363636363636365,0.3843113526044082,0.0967741935483871,0.3
6647,13,0.0,0.0,0.0,0.0,0.0,0.0,0.0,0.0,0.0,0.0
6649,41,0.4,0.5333333333333333,0.5087403079104241,0.04878048780487805,0.4,0.6,0.5818181818181819,0.6175852859163219,0.14634146341463414,0.6
6650,2,0.5,0.5555555555555556,0.6131471927654584,0.5,0.2,0.5,0.5263157894736842,0.6131471927654584,0.5,0.1
6655,15,0.2,0.13333333333333333,0.14606834984270645,0.06666666666666667,0.2,0.1,0.12727272727272726,0.09478836436955078,0.06666666666666667,0.1
6662,19,0.6,0.6,0.6399453854227659,0.15789473684210525,0.6,0.6,0.6,0.6243301345792676,0.3157894736842105,0.6
6664,21,0.0,0.0,0.0,0.0,0.0,0.2,0.1272727272727273,0.1427951440361373,0.09523809523809523,0.2
6667,2,0.0,0.0,0.0,0.0,0.0,0.0,0.0,0.0,0.0,0.0
6668,9,0.2,0.19999999999999998,0.16958010263680803,0.1111111111111111,0.2,0.2222222222222222,0.24074074074074073,0.20124768870643617,0.2222222222222222,0.2
6673,1,0.0,0.0,0.0,0.0,0.0,0.0,0.0,0.0,0.0,0.0
6674,52,0.6,0.39999999999999997,0.4468535299918562,0.057692307692307696,0.6,0.7,0.6181818181818182,0.5747915663739761,0.1346153846153846,0.7
6677,8,0.2,0.19999999999999998,0.16958010263680803,0.125,0.2,0.125,0.15384615384615385,0.12647135138382856,0.125,0.1
6679,13,0.6,0.6,0.6399453854227659,0.23076923076923078,0.6,0.3,0.43636363636363634,0.4152807670887412,0.23076923076923078,0.3
6680,6,0.0,0.0,0.0,0.0,0.0,0.0,0.0,0.0,0.0,0.0
6682,3,0.3333333333333333,0.0,0.0,0.3333333333333333,0.2,0.3333333333333333,0.0,0.0,0.3333333333333333,0.1
6683,27,0.4,0.6,0.5531464700081437,0.07407407407407407,0.4,0.3,0.3818181818181818,0.42520843362602373,0.1111111111111111,0.3
6687,25,0.2,0.19999999999999998,0.16958010263680803,0.04,0.2,0.3,0.21818181818181823,0.24309789328476902,0.12,0.3
6690,15,0.2,0.3333333333333333,0.33916020527361607,0.06666666666666667,0.2,0.1,0.18181818181818182,0.22009176629808014,0.06666666666666667,0.1
6692,11,0.4,0.39999999999999997,0.4703652827859578,0.18181818181818182,0.4,0.3,0.32727272727272727,0.37148910739409013,0.2727272727272727,0.3
6707,11,0.2,0.3333333333333333,0.33916020527361607,0.09090909090909091,0.2,0.1,0.18181818181818182,0.22009176629808014,0.09090909090909091,0.1
6719,4,0.0,0.0,0.0,0.0,0.0,0.0,0.0,0.0,0.0,0.0
6722,6,0.4,0.3333333333333333,0.34519134224686926,0.3333333333333333,0.4,0.5,0.3333333333333333,0.30798345931689813,0.5,0.3
6723,3,0.3333333333333333,0.25,0.23463936301137822,0.3333333333333333,0.2,0.3333333333333333,0.2962962962962963,0.23463936301137822,0.3333333333333333,0.1
6729,8,0.4,0.3333333333333333,0.31564845247951445,0.25,0.4,0.25,0.28846153846153844,0.23540784400158446,0.25,0.2
6738,12,0.4,0.39999999999999997,0.4703652827859578,0.16666666666666666,0.4,0.4,0.41818181818181815,0.4480300279758384,0.3333333333333333,0.4
6747,16,0.4,0.4666666666666666,0.48522855511632257,0.125,0.4,0.2,0.3090909090909091,0.31488013066763093,0.125,0.2
6748,3,0.6666666666666666,0.5833333333333334,0.5307212739772434,0.6666666666666666,0.4,0.6666666666666666,0.6296296296296297,0.5307212739772434,0.6666666666666666,0.2
6750,56,1.0,1.0,1.0,0.08928571428571429,1.0,0.8,0.8727272727272727,0.8572048559638626,0.14285714285714285,0.8
6753,22,0.6,0.7333333333333334,0.6992148198508501,0.13636363636363635,0.6,0.5,0.6,0.5983950669742498,0.22727272727272727,0.5
6755,33,0.6,0.7333333333333334,0.6992148198508501,0.09090909090909091,0.6,0.6,0.6181818181818182,0.6620158551732016,0.18181818181818182,0.6
6757,1,1.0,0.0,0.0,1.0,0.2,1.0,0.0,0.0,1.0,0.1
6758,14,0.0,0.0,0.0,0.0,0.0,0.2,0.09090909090909091,0.13698471029831175,0.14285714285714285,0.2
6761,8,0.2,0.06666666666666665,0.13120507751234176,0.125,0.2,0.125,0.11538461538461538,0.09785159463516041,0.125,0.1
6766,5,0.0,0.0,0.0,0.0,0.0,0.2,0.0,0.0,0.2,0.1
6767,12,0.2,0.06666666666666665,0.13120507751234176,0.08333333333333333,0.2,0.1,0.10909090909090909,0.08514311764162097,0.08333333333333333,0.1
6771,18,0.8,0.8000000000000002,0.8304198973631919,0.2222222222222222,0.8,0.5,0.6727272727272727,0.6172839611614818,0.2777777777777778,0.5
6783,14,0.4,0.5333333333333333,0.5087403079104241,0.14285714285714285,0.4,0.3,0.41818181818181815,0.4085359184257955,0.21428571428571427,0.3
6785,10,0.0,0.0,0.0,0.0,0.0,0.0,0.0,0.0,0.0,0.0
6786,1,1.0,1.0,1.0,1.0,0.2,1.0,1.0,1.0,1.0,0.1
6787,5,0.0,0.0,0.0,0.0,0.0,0.0,0.0,0.0,0.0,0.0
6791,22,0.6,0.7999999999999999,0.7227265726449518,0.13636363636363635,0.6,0.3,0.49090909090909096,0.46900009332067477,0.13636363636363635,0.3
6796,2,0.0,0.0,0.0,0.0,0.0,0.0,0.0,0.0,0.0,0.0
6797,29,1.0,1.0,1.0,0.1724137931034483,1.0,0.7,0.8545454545454546,0.793584067764911,0.2413793103448276,0.7
6798,18,0.4,0.4000000000000001,0.3600546145772339,0.1111111111111111,0.4,0.3,0.32727272727272727,0.2999050316974943,0.16666666666666666,0.3
6800,6,0.2,0.13333333333333333,0.14606834984270645,0.16666666666666666,0.2,0.5,0.15555555555555556,0.13032376591037065,0.5,0.3
6811,15,0.4,0.6,0.5531464700081437,0.13333333333333333,0.4,0.2,0.34545454545454546,0.3589542101716347,0.13333333333333333,0.2
6814,6,0.2,0.26666666666666666,0.2139862647345275,0.16666666666666666,0.2,0.16666666666666666,0.2,0.1909208661789346,0.16666666666666666,0.1
6815,14,0.4,0.3333333333333333,0.31564845247951445,0.14285714285714285,0.4,0.2,0.2727272727272727,0.20483424751859083,0.14285714285714285,0.2
6819,7,0.4,0.3333333333333333,0.31564845247951445,0.2857142857142857,0.4,0.5714285714285714,0.48979591836734687,0.44535932906723974,0.5714285714285714,0.4
6826,9,0.2,0.19999999999999998,0.16958010263680803,0.1111111111111111,0.2,0.1111111111111111,0.14814814814814814,0.11752277470724269,0.1111111111111111,0.1
6828,19,0.8,0.8666666666666666,0.8539316501572936,0.21052631578947367,0.8,0.6,0.7454545454545456,0.7019727018777483,0.3157894736842105,0.6
6839,4,0.0,0.0,0.0,0.0,0.0,0.25,0.0,0.0,0.25,0.1
6844,5,0.2,0.26666666666666666,0.2139862647345275,0.2,0.2,0.2,0.225,0.2139862647345275,0.2,0.1
6848,1,0.0,0.0,0.0,0.0,0.0,0.0,0.0,0.0,0.0,0.0
6850,4,0.25,0.2142857142857143,0.19519002499605081,0.25,0.2,0.25,0.23529411764705882,0.19519002499605081,0.25,0.1
6854,6,0.0,0.0,0.0,0.0,0.0,0.0,0.0,0.0,0.0,0.0
6863,10,0.4,0.4666666666666666,0.48522855511632257,0.2,0.4,0.2,0.3090909090909091,0.31488013066763093,0.2,0.2
6869,12,0.2,0.26666666666666666,0.2139862647345275,0.08333333333333333,0.2,0.1,0.16363636363636364,0.1388624438735545,0.08333333333333333,0.1
6872,11,0.0,0.0,0.0,0.0,0.0,0.1,0.05454545454545456,0.06943122193677725,0.09090909090909091,0.1
6875,1,0.0,0.0,0.0,0.0,0.0,0.0,0.0,0.0,0.0,0.0
6876,1,0.0,0.0,0.0,0.0,0.0,0.0,0.0,0.0,0.0,0.0
6878,9,0.2,0.26666666666666666,0.2139862647345275,0.1111111111111111,0.2,0.1111111111111111,0.16666666666666666,0.14829723057014907,0.1111111111111111,0.1
6879,3,0.0,0.0,0.0,0.0,0.0,0.3333333333333333,0.0,0.0,0.3333333333333333,0.1
6880,7,0.2,0.3333333333333333,0.33916020527361607,0.14285714285714285,0.2,0.14285714285714285,0.2040816326530612,0.27487633291429087,0.14285714285714285,0.1
6881,9,0.0,0.0,0.0,0.0,0.0,0.0,0.0,0.0,0.0,0.0
6882,10,0.4,0.39999999999999997,0.4703652827859578,0.2,0.4,0.2,0.29090909090909095,0.3052348839397011,0.2,0.2
6886,2,0.0,0.0,0.0,0.0,0.0,0.0,0.0,0.0,0.0,0.0
6891,7,0.2,0.3333333333333333,0.33916020527361607,0.14285714285714285,0.2,0.42857142857142855,0.2857142857142857,0.3665017772190545,0.42857142857142855,0.3
6897,10,0.2,0.19999999999999998,0.16958010263680803,0.1,0.2,0.1,0.14545454545454548,0.11004588314904007,0.1,0.1
6898,4,0.0,0.0,0.0,0.0,0.0,0.0,0.0,0.0,0.0,0.0
6899,4,0.0,0.0,0.0,0.0,0.0,0.0,0.0,0.0,0.0,0.0
6900,9,0.4,0.6,0.5531464700081437,0.2222222222222222,0.4,0.2222222222222222,0.3518518518518518,0.38334277998463445,0.2222222222222222,0.2
6904,6,0.2,0.3333333333333333,0.33916020527361607,0.16666666666666666,0.2,0.5,0.3333333333333333,0.4103915680233244,0.5,0.3
6905,8,0.0,0.0,0.0,0.0,0.0,0.25,0.07692307692307693,0.08431423425588572,0.25,0.2
6907,3,0.0,0.0,0.0,0.0,0.0,0.0,0.0,0.0,0.0,0.0
6908,15,0.4,0.4666666666666666,0.38356636737133554,0.13333333333333333,0.4,0.4,0.4181818181818182,0.39092738420022155,0.26666666666666666,0.4
6911,12,0.0,0.0,0.0,0.0,0.0,0.0,0.0,0.0,0.0,0.0
6924,19,0.4,0.6,0.5531464700081437,0.10526315789473684,0.4,0.3,0.43636363636363634,0.43735247915031,0.15789473684210525,0.3
6927,4,0.25,0.2142857142857143,0.19519002499605081,0.25,0.2,0.25,0.23529411764705882,0.19519002499605081,0.25,0.1
6931,7,0.2,0.3333333333333333,0.33916020527361607,0.14285714285714285,0.2,0.14285714285714285,0.2040816326530612,0.27487633291429087,0.14285714285714285,0.1
6941,13,0.4,0.4666666666666666,0.38356636737133554,0.15384615384615385,0.4,0.3,0.38181818181818183,0.3222722491219546,0.23076923076923078,0.3
6956,14,0.2,0.26666666666666666,0.2139862647345275,0.07142857142857142,0.2,0.1,0.16363636363636364,0.1388624438735545,0.07142857142857142,0.1
6959,4,0.25,0.35714285714285715,0.39038004999210163,0.25,0.2,0.25,0.2941176470588235,0.39038004999210163,0.25,0.1
6960,5,0.4,0.4666666666666666,0.48522855511632257,0.4,0.4,0.4,0.425,0.48522855511632257,0.4,0.2
6973,14,0.6,0.6,0.6399453854227659,0.21428571428571427,0.6,0.3,0.43636363636363634,0.4152807670887412,0.21428571428571427,0.3
6975,13,0.6,0.6666666666666666,0.6548086577531306,0.23076923076923078,0.6,0.3,0.45454545454545453,0.424926013816671,0.23076923076923078,0.3
6986,31,0.8,0.8666666666666666,0.8539316501572936,0.12903225806451613,0.8,0.8,0.8363636363636363,0.8389574121760601,0.25806451612903225,0.8
6988,4,0.25,0.35714285714285715,0.39038004999210163,0.25,0.2,0.25,0.2941176470588235,0.39038004999210163,0.25,0.1
6992,22,0.4,0.4666666666666666,0.38356636737133554,0.09090909090909091,0.4,0.2,0.30909090909090914,0.24890832702259458,0.09090909090909091,0.2
6994,3,0.0,0.0,0.0,0.0,0.0,0.0,0.0,0.0,0.0,0.0
7001,1,1.0,0.0,0.0,1.0,0.2,1.0,0.0,0.0,1.0,0.1
7005,11,0.4,0.39999999999999997,0.4703652827859578,0.18181818181818182,0.4,0.3,0.30909090909090914,0.3688556721386528,0.2727272727272727,0.3
7010,14,0.6,0.5333333333333333,0.5147714448836773,0.21428571428571427,0.6,0.5,0.5454545454545454,0.4768465887003529,0.35714285714285715,0.5
7014,3,0.6666666666666666,0.6666666666666667,0.7039180890341346,0.6666666666666666,0.4,0.6666666666666666,0.6666666666666666,0.7039180890341346,0.6666666666666666,0.2
7020,46,1.0,1.0,1.0,0.10869565217391304,1.0,0.8,0.8363636363636363,0.8482378089219647,0.17391304347826086,0.8
7029,61,1.0,1.0,1.0,0.08196721311475409,1.0,0.7,0.8545454545454546,0.793584067764911,0.11475409836065574,0.7
7039,21,0.0,0.0,0.0,0.0,0.0,0.1,0.018181818181818177,0.0636207881989517,0.047619047619047616,0.1
7049,16,0.4,0.4666666666666666,0.48522855511632257,0.125,0.4,0.3,0.4,0.3932783996463063,0.1875,0.3
7051,19,0.2,0.06666666666666665,0.13120507751234176,0.05263157894736842,0.2,0.2,0.18181818181818182,0.15850703974098102,0.10526315789473684,0.2
7068,10,0.8,0.7333333333333334,0.7860137352654724,0.4,0.8,0.4,0.5636363636363636,0.510069131458292,0.4,0.4
7070,4,0.25,0.35714285714285715,0.39038004999210163,0.25,0.2,0.25,0.2941176470588235,0.39038004999210163,0.25,0.1
7084,2,0.0,0.0,0.0,0.0,0.0,0.0,0.0,0.0,0.0,0.0
7090,1,0.0,0.0,0.0,0.0,0.0,0.0,0.0,0.0,0.0,0.0
7096,31,0.0,0.0,0.0,0.0,0.0,0.1,0.05454545454545456,0.06943122193677725,0.03225806451612903,0.1
7100,7,0.2,0.26666666666666666,0.2139862647345275,0.14285714285714285,0.2,0.14285714285714285,0.18367346938775508,0.17342765698823942,0.14285714285714285,0.1
7114,5,0.4,0.4666666666666666,0.38356636737133554,0.4,0.4,0.4,0.42500000000000004,0.38356636737133554,0.4,0.2
7121,19,0.8,0.9333333333333332,0.8687949224876582,0.21052631578947367,0.8,0.6,0.7454545454545456,0.7084409501232899,0.3157894736842105,0.6
7123,12,0.2,0.26666666666666666,0.2139862647345275,0.08333333333333333,0.2,0.2,0.21818181818181823,0.20829366581033176,0.16666666666666666,0.2
7124,4,0.25,0.35714285714285715,0.39038004999210163,0.25,0.2,0.5,0.2941176470588235,0.39038004999210163,0.5,0.2
7131,19,0.8,0.8666666666666666,0.8539316501572936,0.21052631578947367,0.8,0.5,0.6909090909090909,0.6325414799409711,0.2631578947368421,0.5
7134,10,0.2,0.19999999999999998,0.16958010263680803,0.1,0.2,0.2,0.2,0.17947710508581735,0.2,0.2
7135,9,0.2,0.26666666666666666,0.2139862647345275,0.1111111111111111,0.2,0.1111111111111111,0.16666666666666666,0.14829723057014907,0.1111111111111111,0.1
7137,1,0.0,0.0,0.0,0.0,0.0,0.0,0.0,0.0,0.0,0.0
7139,10,0.2,0.3333333333333333,0.33916020527361607,0.1,0.2,0.1,0.18181818181818182,0.22009176629808014,0.1,0.1
7140,2,0.0,0.0,0.0,0.0,0.0,0.0,0.0,0.0,0.0,0.0
7143,29,0.8,0.8666666666666666,0.8539316501572936,0.13793103448275862,0.8,0.7,0.8181818181818182,0.7753366239771085,0.2413793103448276,0.7
7145,16,0.0,0.0,0.0,0.0,0.0,0.1,0.05454545454545456,0.06943122193677725,0.0625,0.1
7154,2,0.0,0.0,0.0,0.0,0.0,0.0,0.0,0.0,0.0,0.0
7158,68,0.8,0.8666666666666666,0.8539316501572936,0.058823529411764705,0.8,0.4,0.6000000000000001,0.5541432109622958,0.058823529411764705,0.4
7159,21,0.4,0.4666666666666666,0.48522855511632257,0.09523809523809523,0.4,0.2,0.3090909090909091,0.31488013066763093,0.09523809523809523,0.2
7163,20,0.6,0.39999999999999997,0.4468535299918562,0.15,0.6,0.4,0.41818181818181815,0.3562315886146008,0.2,0.4
7165,2,0.0,0.0,0.0,0.0,0.0,0.0,0.0,0.0,0.0,0.0
7172,37,0.4,0.6,0.5531464700081437,0.05405405405405406,0.4,0.3,0.36363636363636365,0.4225749983705864,0.08108108108108109,0.3
7176,39,0.8,0.9333333333333332,0.8687949224876582,0.10256410256410256,0.8,0.7,0.7272727272727273,0.7630946912803436,0.1794871794871795,0.7
7179,21,0.4,0.39999999999999997,0.4703652827859578,0.09523809523809523,0.4,0.3,0.36363636363636365,0.37859880603906115,0.14285714285714285,0.3
7191,8,0.2,0.3333333333333333,0.33916020527361607,0.125,0.2,0.125,0.1923076923076923,0.2529427027676571,0.125,0.1
7207,7,0.0,0.0,0.0,0.0,0.0,0.0,0.0,0.0,0.0,0.0
7213,3,0.6666666666666666,0.4166666666666667,0.46927872602275644,0.6666666666666666,0.4,1.0,0.37037037037037035,0.46927872602275644,1.0,0.3
7214,5,0.0,0.0,0.0,0.0,0.0,0.4,0.0,0.0,0.4,0.2
7218,6,0.0,0.0,0.0,0.0,0.0,0.16666666666666666,0.1111111111111111,0.10778915452451095,0.16666666666666666,0.1
7219,13,0.2,0.19999999999999998,0.16958010263680803,0.07692307692307693,0.2,0.2,0.16363636363636364,0.1736666713479918,0.15384615384615385,0.2
7220,34,1.0,1.0,1.0,0.14705882352941177,1.0,0.7,0.8545454545454546,0.7917267193679839,0.20588235294117646,0.7
7222,1,0.0,0.0,0.0,0.0,0.0,0.0,0.0,0.0,0.0,0.0
7224,4,0.25,0.28571428571428575,0.2463023887407299,0.25,0.2,0.25,0.2647058823529412,0.2463023887407299,0.25,0.1
7225,1,1.0,0.0,0.0,1.0,0.2,1.0,0.0,0.0,1.0,0.1
7227,3,0.0,0.0,0.0,0.0,0.0,0.0,0.0,0.0,0.0,0.0
7231,7,0.4,0.39999999999999997,0.4703652827859578,0.2857142857142857,0.4,0.2857142857142857,0.32653061224489793,0.3812130139445206,0.2857142857142857,0.2
7235,29,0.2,0.26666666666666666,0.2139862647345275,0.034482758620689655,0.2,0.2,0.2545454545454545,0.21726071285222984,0.06896551724137931,0.2
7242,5,0.0,0.0,0.0,0.0,0.0,0.0,0.0,0.0,0.0,0.0
7244,35,0.4,0.4000000000000001,0.3600546145772339,0.05714285714285714,0.4,0.4,0.36363636363636365,0.36670281837883417,0.11428571428571428,0.4
7246,23,0.2,0.3333333333333333,0.33916020527361607,0.043478260869565216,0.2,0.1,0.18181818181818182,0.22009176629808014,0.043478260869565216,0.1
7248,2,0.0,0.0,0.0,0.0,0.0,0.0,0.0,0.0,0.0,0.0
7256,23,0.2,0.3333333333333333,0.33916020527361607,0.043478260869565216,0.2,0.3,0.29090909090909095,0.3621108234757072,0.13043478260869565,0.3
7257,26,0.0,0.0,0.0,0.0,0.0,0.0,0.0,0.0,0.0,0.0
7261,29,0.4,0.19999999999999998,0.2772734273550482,0.06896551724137931,0.4,0.2,0.23636363636363633,0.17993148201117173,0.06896551724137931,0.2
7266,9,0.0,0.0,0.0,0.0,0.0,0.0,0.0,0.0,0.0,0.0
7272,3,0.0,0.0,0.0,0.0,0.0,0.0,0.0,0.0,0.0,0.0
7279,5,0.0,0.0,0.0,0.0,0.0,0.0,0.0,0.0,0.0,0.0
7296,9,0.2,0.13333333333333333,0.14606834984270645,0.1111111111111111,0.2,0.1111111111111111,0.12962962962962962,0.10122860821230019,0.1111111111111111,0.1
7298,16,0.0,0.0,0.0,0.0,0.0,0.0,0.0,0.0,0.0,0.0
7301,26,0.4,0.39999999999999997,0.4703652827859578,0.07692307692307693,0.4,0.4,0.43636363636363645,0.4530643748551536,0.15384615384615385,0.4
7305,8,0.0,0.0,0.0,0.0,0.0,0.125,0.0,0.0,0.125,0.1
7314,5,0.2,0.3333333333333333,0.33916020527361607,0.2,0.2,0.2,0.25,0.33916020527361607,0.2,0.1
7318,10,0.4,0.4666666666666666,0.48522855511632257,0.2,0.4,0.2,0.3090909090909091,0.31488013066763093,0.2,0.2
7319,6,0.2,0.3333333333333333,0.33916020527361607,0.16666666666666666,0.2,0.3333333333333333,0.2222222222222222,0.30260241349881345,0.3333333333333333,0.2
7320,14,0.4,0.6,0.5531464700081437,0.14285714285714285,0.4,0.2,0.34545454545454546,0.3589542101716347,0.14285714285714285,0.2
7324,2,0.0,0.0,0.0,0.0,0.0,0.0,0.0,0.0,0.0,0.0
7332,13,0.2,0.3333333333333333,0.33916020527361607,0.07692307692307693,0.2,0.1,0.18181818181818182,0.22009176629808014,0.07692307692307693,0.1
7334,3,0.3333333333333333,0.0,0.0,0.3333333333333333,0.2,0.3333333333333333,0.0,0.0,0.3333333333333333,0.1
7344,29,0.8,0.8000000000000002,0.8304198973631919,0.13793103448275862,0.8,0.6,0.6909090909090909,0.6809047493604335,0.20689655172413793,0.6
7361,72,1.0,1.0,1.0,0.06944444444444445,1.0,0.8,0.8363636363636363,0.8482378089219647,0.1111111111111111,0.8
7368,29,0.4,0.4000000000000001,0.3600546145772339,0.06896551724137931,0.4,0.3,0.36363636363636365,0.30701473034246535,0.10344827586206896,0.3
7369,33,0.8,0.8000000000000002,0.8304198973631919,0.12121212121212122,0.8,0.7,0.7818181818181817,0.756902106715231,0.21212121212121213,0.7
7372,49,0.4,0.19999999999999998,0.2772734273550482,0.04081632653061224,0.4,0.4,0.3272727272727272,0.315616927402338,0.08163265306122448,0.4
7373,10,0.4,0.4666666666666666,0.48522855511632257,0.2,0.4,0.2,0.3090909090909091,0.31488013066763093,0.2,0.2
7378,7,0.4,0.3333333333333333,0.34519134224686926,0.2857142857142857,0.4,0.2857142857142857,0.3061224489795918,0.2797643380184692,0.2857142857142857,0.2
7391,6,0.2,0.13333333333333333,0.14606834984270645,0.16666666666666666,0.2,0.3333333333333333,0.15555555555555556,0.13032376591037065,0.3333333333333333,0.2
7393,1,0.0,0.0,0.0,0.0,0.0,0.0,0.0,0.0,0.0,0.0
7405,32,1.0,1.0,1.0,0.15625,1.0,0.9,0.9818181818181819,0.9363792118010482,0.28125,0.9
7406,53,0.8,0.8000000000000002,0.8304198973631919,0.07547169811320754,0.8,0.7,0.7636363636363636,0.7542686714597936,0.1320754716981132,0.7
7411,39,0.4,0.26666666666666666,0.3007851801491498,0.05128205128205128,0.4,0.6,0.43636363636363634,0.4678591564801391,0.15384615384615385,0.6
7416,21,1.0,1.0,1.0,0.23809523809523808,1.0,0.8,0.8909090909090908,0.8603818544462509,0.38095238095238093,0.8
7417,27,0.6,0.6666666666666666,0.6548086577531306,0.1111111111111111,0.6,0.4,0.5454545454545454,0.5033242827953462,0.14814814814814814,0.4
7419,1,1.0,1.0,1.0,1.0,0.2,1.0,1.0,1.0,1.0,0.1
7424,1,0.0,0.0,0.0,0.0,0.0,0.0,0.0,0.0,0.0,0.0
7425,8,0.4,0.19999999999999998,0.2772734273550482,0.25,0.4,0.25,0.24999999999999994,0.20678808725291628,0.25,0.2
7445,10,0.4,0.5333333333333333,0.5087403079104241,0.2,0.4,0.2,0.32727272727272727,0.3301376494471202,0.2,0.2
7449,7,0.0,0.0,0.0,0.0,0.0,0.0,0.0,0.0,0.0,0.0
7450,31,0.2,0.26666666666666666,0.2139862647345275,0.03225806451612903,0.2,0.2,0.23636363636363636,0.21222636597291453,0.06451612903225806,0.2
7452,18,0.2,0.26666666666666666,0.2139862647345275,0.05555555555555555,0.2,0.1,0.16363636363636364,0.1388624438735545,0.05555555555555555,0.1
7457,3,0.0,0.0,0.0,0.0,0.0,0.0,0.0,0.0,0.0,0.0
7463,20,0.2,0.13333333333333333,0.14606834984270645,0.05,0.2,0.1,0.12727272727272726,0.09478836436955078,0.05,0.1
7482,14,0.2,0.3333333333333333,0.33916020527361607,0.07142857142857142,0.2,0.2,0.21818181818181817,0.28634598975246917,0.14285714285714285,0.2
7483,6,0.0,0.0,0.0,0.0,0.0,0.16666666666666666,0.0,0.0,0.16666666666666666,0.1
7484,31,0.8,0.8000000000000002,0.8304198973631919,0.12903225806451613,0.8,0.5,0.6363636363636364,0.6083169141195838,0.16129032258064516,0.5
7493,3,0.3333333333333333,0.0,0.0,0.3333333333333333,0.2,0.3333333333333333,0.0,0.0,0.3333333333333333,0.1
7507,24,1.0,1.0,1.0,0.20833333333333334,1.0,0.8,0.8545454545454546,0.8521705090845475,0.3333333333333333,0.8
7513,2,0.0,0.0,0.0,0.0,0.0,0.0,0.0,0.0,0.0,0.0
7514,4,0.0,0.0,0.0,0.0,0.0,0.25,0.0,0.0,0.25,0.1
7524,13,0.4,0.6,0.5531464700081437,0.15384615384615385,0.4,0.3,0.43636363636363634,0.43735247915031,0.23076923076923078,0.3
7526,16,0.6,0.7999999999999999,0.7227265726449518,0.1875,0.6,0.3,0.49090909090909096,0.46900009332067477,0.1875,0.3
7528,1,0.0,0.0,0.0,0.0,0.0,0.0,0.0,0.0,0.0,0.0
7531,45,0.6,0.6666666666666666,0.6843515475204854,0.06666666666666667,0.6,0.7,0.6909090909090909,0.72891152902702,0.15555555555555556,0.7
7536,4,0.25,0.28571428571428575,0.2463023887407299,0.25,0.2,0.5,0.2647058823529412,0.2463023887407299,0.5,0.2
7547,58,1.0,1.0,1.0,0.08620689655172414,1.0,0.9,0.9272727272727272,0.92663607790064,0.15517241379310345,0.9
7549,38,0.2,0.06666666666666665,0.13120507751234176,0.02631578947368421,0.2,0.2,0.16363636363636364,0.15457433957839825,0.05263157894736842,0.2
7550,13,0.4,0.19999999999999998,0.2772734273550482,0.15384615384615385,0.4,0.2,0.23636363636363633,0.17993148201117173,0.15384615384615385,0.2
7560,26,0.0,0.0,0.0,0.0,0.0,0.2,0.14545454545454548,0.14782949091545258,0.07692307692307693,0.2
7561,16,0.2,0.26666666666666666,0.2139862647345275,0.0625,0.2,0.2,0.23636363636363636,0.21222636597291453,0.125,0.2
7565,10,0.6,0.6666666666666666,0.6548086577531306,0.3,0.6,0.6,0.6000000000000001,0.6313419460517601,0.6,0.6
7574,15,0.4,0.39999999999999997,0.4703652827859578,0.13333333333333333,0.4,0.5,0.45454545454545453,0.5142842514302275,0.3333333333333333,0.5
7575,15,0.0,0.0,0.0,0.0,0.0,0.2,0.16363636363636364,0.1517621910780354,0.13333333333333333,0.2
7583,17,0.8,0.7333333333333334,0.7860137352654724,0.23529411764705882,0.8,0.4,0.5636363636363636,0.510069131458292,0.23529411764705882,0.4
7586,18,0.2,0.3333333333333333,0.33916020527361607,0.05555555555555555,0.2,0.3,0.34545454545454546,0.37185395737611554,0.16666666666666666,0.3
7587,39,0.2,0.19999999999999998,0.16958010263680803,0.02564102564102564,0.2,0.2,0.16363636363636364,0.1736666713479918,0.05128205128205128,0.2
7592,7,0.0,0.0,0.0,0.0,0.0,0.0,0.0,0.0,0.0,0.0
7601,35,0.4,0.4666666666666666,0.48522855511632257,0.05714285714285714,0.4,0.4,0.4,0.4518648409659427,0.11428571428571428,0.4
7603,7,0.2,0.3333333333333333,0.33916020527361607,0.14285714285714285,0.2,0.14285714285714285,0.2040816326530612,0.27487633291429087,0.14285714285714285,0.1
7609,2,0.0,0.0,0.0,0.0,0.0,0.0,0.0,0.0,0.0,0.0
7615,32,0.6,0.7333333333333334,0.6992148198508501,0.09375,0.6,0.5,0.6,0.5983950669742498,0.15625,0.5
7617,9,0.6,0.6666666666666666,0.6548086577531306,0.3333333333333333,0.6,0.3333333333333333,0.4629629629629629,0.45379693233402824,0.3333333333333333,0.3
7618,18,0.6,0.6,0.6399453854227659,0.16666666666666666,0.6,0.5,0.5818181818181819,0.5631102580041938,0.2777777777777778,0.5
7623,2,0.0,0.0,0.0,0.0,0.0,0.0,0.0,0.0,0.0,0.0
7629,14,0.2,0.3333333333333333,0.33916020527361607,0.07142857142857142,0.2,0.1,0.18181818181818182,0.22009176629808014,0.07142857142857142,0.1
7632,37,0.4,0.19999999999999998,0.2772734273550482,0.05405405405405406,0.4,0.3,0.2909090909090909,0.24936270394794896,0.08108108108108109,0.3
7636,7,0.4,0.39999999999999997,0.4703652827859578,0.2857142857142857,0.4,0.42857142857142855,0.42857142857142855,0.47912593929448843,0.42857142857142855,0.3
7638,40,1.0,1.0,1.0,0.125,1.0,0.7,0.8363636363636363,0.7909506325094736,0.175,0.7
7657,9,0.0,0.0,0.0,0.0,0.0,0.0,0.0,0.0,0.0,0.0
7658,19,0.6,0.7333333333333334,0.6992148198508501,0.15789473684210525,0.6,0.4,0.49090909090909085,0.5173633627401372,0.21052631578947367,0.4
7663,40,0.4,0.6,0.5531464700081437,0.05,0.4,0.4,0.509090909090909,0.5107164012496701,0.1,0.4
7671,2,0.5,0.5555555555555556,0.6131471927654584,0.5,0.2,0.5,0.5263157894736842,0.6131471927654584,0.5,0.1
7679,6,0.0,0.0,0.0,0.0,0.0,0.0,0.0,0.0,0.0,0.0
7689,3,0.3333333333333333,0.4166666666666667,0.46927872602275644,0.3333333333333333,0.2,0.3333333333333333,0.37037037037037035,0.46927872602275644,0.3333333333333333,0.1
7692,7,0.2,0.13333333333333333,0.14606834984270645,0.14285714285714285,0.2,0.14285714285714285,0.14285714285714285,0.11838279295536291,0.14285714285714285,0.1
7700,8,0.2,0.3333333333333333,0.33916020527361607,0.125,0.2,0.25,0.28846153846153844,0.34304271142002485,0.25,0.2
7707,18,0.2,0.06666666666666665,0.13120507751234176,0.05555555555555555,0.2,0.3,0.21818181818181817,0.22476126319537001,0.16666666666666666,0.3
7715,2,0.0,0.0,0.0,0.0,0.0,0.5,0.0,0.0,0.5,0.1
7726,16,0.6,0.6,0.529634717214042,0.1875,0.6,0.5,0.5636363636363637,0.48649183542828267,0.3125,0.5
7730,14,0.2,0.3333333333333333,0.33916020527361607,0.07142857142857142,0.2,0.2,0.2,0.2837125544970318,0.14285714285714285,0.2
7747,2,0.0,0.0,0.0,0.0,0.0,0.0,0.0,0.0,0.0,0.0
7748,26,0.6,0.5333333333333333,0.5147714448836773,0.11538461538461539,0.6,0.6,0.5636363636363636,0.5423247252962317,0.23076923076923078,0.6
7750,9,0.6,0.6666666666666666,0.6548086577531306,0.3333333333333333,0.6,0.3333333333333333,0.4629629629629629,0.45379693233402824,0.3333333333333333,0.3
7753,16,0.8,0.8666666666666666,0.8539316501572936,0.25,0.8,0.5,0.6545454545454547,0.623574432899073,0.3125,0.5
7774,11,0.4,0.6,0.5531464700081437,0.18181818181818182,0.4,0.4,0.49090909090909096,0.5067837010870873,0.36363636363636365,0.4
7779,20,0.2,0.3333333333333333,0.33916020527361607,0.05,0.2,0.2,0.2545454545454545,0.29345568839744024,0.1,0.2
7787,10,0.2,0.3333333333333333,0.33916020527361607,0.1,0.2,0.1,0.18181818181818182,0.22009176629808014,0.1,0.1
7798,4,0.25,0.28571428571428575,0.2463023887407299,0.25,0.2,0.25,0.2647058823529412,0.2463023887407299,0.25,0.1
7800,3,0.3333333333333333,0.4166666666666667,0.46927872602275644,0.3333333333333333,0.2,0.3333333333333333,0.37037037037037035,0.46927872602275644,0.3333333333333333,0.1
7804,22,0.6,0.6666666666666666,0.6548086577531306,0.13636363636363635,0.6,0.4,0.509090909090909,0.4943572357534482,0.18181818181818182,0.4
7807,15,0.4,0.6,0.5531464700081437,0.13333333333333333,0.4,0.2,0.34545454545454546,0.3589542101716347,0.13333333333333333,0.2
7810,13,0.6,0.6666666666666666,0.6548086577531306,0.23076923076923078,0.6,0.6,0.6000000000000001,0.6313419460517601,0.46153846153846156,0.6
7811,1,1.0,0.0,0.0,1.0,0.2,1.0,0.0,0.0,1.0,0.1
7819,7,0.4,0.6,0.5531464700081437,0.2857142857142857,0.4,0.42857142857142855,0.38775510204081626,0.4483039899025303,0.42857142857142855,0.3
7828,17,0.2,0.3333333333333333,0.33916020527361607,0.058823529411764705,0.2,0.2,0.2545454545454545,0.29345568839744024,0.11764705882352941,0.2
7837,18,0.2,0.3333333333333333,0.33916020527361607,0.05555555555555555,0.2,0.1,0.18181818181818182,0.22009176629808014,0.05555555555555555,0.1
7840,17,0.4,0.19999999999999998,0.2772734273550482,0.11764705882352941,0.4,0.3,0.2545454545454545,0.2435522702101234,0.17647058823529413,0.3
7860,12,0.4,0.3333333333333333,0.34519134224686926,0.16666666666666666,0.4,0.3,0.29090909090909095,0.28762634971412715,0.25,0.3
7865,2,0.5,0.5555555555555556,0.6131471927654584,0.5,0.2,0.5,0.5263157894736842,0.6131471927654584,0.5,0.1
7868,16,0.2,0.13333333333333333,0.14606834984270645,0.0625,0.2,0.2,0.1636363636363636,0.16104258782393982,0.125,0.2
7870,11,0.0,0.0,0.0,0.0,0.0,0.0,0.0,0.0,0.0,0.0
7876,9,0.2,0.13333333333333333,0.14606834984270645,0.1111111111111111,0.2,0.1111111111111111,0.12962962962962962,0.10122860821230019,0.1111111111111111,0.1
7878,29,0.8,0.8000000000000002,0.8304198973631919,0.13793103448275862,0.8,0.5,0.6727272727272727,0.6172839611614818,0.1724137931034483,0.5
7879,20,0.6,0.6666666666666666,0.6843515475204854,0.15,0.6,0.3,0.45454545454545453,0.44409732781325567,0.15,0.3
7880,12,0.4,0.4666666666666666,0.38356636737133554,0.16666666666666666,0.4,0.2,0.30909090909090914,0.24890832702259458,0.16666666666666666,0.2
7882,26,0.6,0.7333333333333334,0.6992148198508501,0.11538461538461539,0.6,0.6,0.6727272727272726,0.6717589890736099,0.23076923076923078,0.6
7883,5,0.0,0.0,0.0,0.0,0.0,0.0,0.0,0.0,0.0,0.0
7892,10,0.2,0.26666666666666666,0.2139862647345275,0.1,0.2,0.2,0.2,0.2051166673279435,0.2,0.2
7902,6,0.2,0.3333333333333333,0.33916020527361607,0.16666666666666666,0.2,0.16666666666666666,0.2222222222222222,0.30260241349881345,0.16666666666666666,0.1
7903,13,0.2,0.26666666666666666,0.2139862647345275,0.07692307692307693,0.2,0.1,0.16363636363636364,0.1388624438735545,0.07692307692307693,0.1
7907,14,0.0,0.0,0.0,0.0,0.0,0.2,0.10909090909090909,0.14201905717762703,0.14285714285714285,0.2
7908,2,0.5,0.0,0.0,0.5,0.2,0.5,0.0,0.0,0.5,0.1
7909,2,0.5,0.5555555555555556,0.6131471927654584,0.5,0.2,0.5,0.5263157894736842,0.6131471927654584,0.5,0.1
7913,10,0.2,0.26666666666666666,0.2139862647345275,0.1,0.2,0.2,0.23636363636363636,0.21222636597291453,0.2,0.2
7917,17,0.8,0.9333333333333332,0.8687949224876582,0.23529411764705882,0.8,0.7,0.7636363636363637,0.7720617383222417,0.4117647058823529,0.7
7919,15,0.2,0.3333333333333333,0.33916020527361607,0.06666666666666667,0.2,0.1,0.18181818181818182,0.22009176629808014,0.06666666666666667,0.1
7923,13,0.6,0.5333333333333333,0.6164336326286642,0.23076923076923078,0.6,0.4,0.47272727272727266,0.4694544702460291,0.3076923076923077,0.4
7930,12,0.2,0.26666666666666666,0.2139862647345275,0.08333333333333333,0.2,0.3,0.2909090909090909,0.28351493630661884,0.25,0.3
7938,2,0.0,0.0,0.0,0.0,0.0,0.0,0.0,0.0,0.0,0.0
7943,5,0.4,0.6,0.5531464700081437,0.4,0.4,0.4,0.475,0.5531464700081437,0.4,0.2
7953,11,0.0,0.0,0.0,0.0,0.0,0.0,0.0,0.0,0.0,0.0
7965,9,0.2,0.3333333333333333,0.33916020527361607,0.1111111111111111,0.2,0.3333333333333333,0.31481481481481477,0.38754268117105506,0.3333333333333333,0.3
7968,14,0.6,0.6666666666666666,0.6548086577531306,0.21428571428571427,0.6,0.4,0.509090909090909,0.4943572357534482,0.2857142857142857,0.4
7973,3,0.0,0.0,0.0,0.0,0.0,0.0,0.0,0.0,0.0,0.0
7976,8,0.2,0.3333333333333333,0.33916020527361607,0.125,0.2,0.25,0.28846153846153844,0.34304271142002485,0.25,0.2
7990,27,0.8,0.8666666666666666,0.8539316501572936,0.14814814814814814,0.8,0.5,0.6727272727272727,0.6275071330616558,0.18518518518518517,0.5
8002,19,0.2,0.19999999999999998,0.16958010263680803,0.05263157894736842,0.2,0.2,0.16363636363636364,0.1736666713479918,0.10526315789473684,0.2
8007,47,0.6,0.7999999999999999,0.7227265726449518,0.06382978723404255,0.6,0.7,0.7272727272727273,0.7538142945344392,0.14893617021276595,0.7
8014,21,0.2,0.26666666666666666,0.2139862647345275,0.047619047619047616,0.2,0.1,0.16363636363636364,0.1388624438735545,0.047619047619047616,0.1
8017,8,0.2,0.13333333333333333,0.14606834984270645,0.125,0.2,0.375,0.21153846153846154,0.19325072687364162,0.375,0.3
8023,15,0.6,0.6666666666666666,0.6843515475204854,0.2,0.6,0.5,0.6181818181818182,0.5958595188912911,0.3333333333333333,0.5
8025,3,0.3333333333333333,0.25,0.23463936301137822,0.3333333333333333,0.2,0.3333333333333333,0.2962962962962963,0.23463936301137822,0.3333333333333333,0.1
8026,15,1.0,1.0,1.0,0.3333333333333333,1.0,0.6,0.7636363636363637,0.7151857987862357,0.4,0.6
8037,3,0.0,0.0,0.0,0.0,0.0,0.0,0.0,0.0,0.0,0.0
8038,13,0.0,0.0,0.0,0.0,0.0,0.1,0.07272727272727274,0.07336392209936006,0.07692307692307693,0.1
8051,17,0.4,0.4666666666666666,0.38356636737133554,0.11764705882352941,0.4,0.3,0.4,0.3273065960012699,0.17647058823529413,0.3
8053,18,0.4,0.5333333333333333,0.5087403079104241,0.1111111111111111,0.4,0.3,0.36363636363636365,0.39639187290150923,0.16666666666666666,0.3
8055,17,0.8,0.7333333333333334,0.7860137352654724,0.23529411764705882,0.8,0.4,0.5636363636363636,0.510069131458292,0.23529411764705882,0.4
8058,6,0.0,0.0,0.0,0.0,0.0,0.0,0.0,0.0,0.0,0.0
8063,4,0.0,0.0,0.0,0.0,0.0,0.25,0.0,0.0,0.25,0.1
8075,10,0.2,0.3333333333333333,0.33916020527361607,0.1,0.2,0.1,0.18181818181818182,0.22009176629808014,0.1,0.1
8077,11,0.6,0.7999999999999999,0.7227265726449518,0.2727272727272727,0.6,0.4,0.5636363636363636,0.5423640154200349,0.36363636363636365,0.4
8079,4,0.0,0.0,0.0,0.0,0.0,0.0,0.0,0.0,0.0,0.0
8082,31,0.2,0.3333333333333333,0.33916020527361607,0.03225806451612903,0.2,0.2,0.2,0.2837125544970318,0.06451612903225806,0.2
8090,24,0.0,0.0,0.0,0.0,0.0,0.1,0.018181818181818177,0.0636207881989517,0.041666666666666664,0.1
8107,22,0.4,0.6,0.5531464700081437,0.09090909090909091,0.4,0.3,0.43636363636363634,0.43735247915031,0.13636363636363635,0.3
8110,1,0.0,0.0,0.0,0.0,0.0,0.0,0.0,0.0,0.0,0.0
8113,11,0.4,0.26666666666666666,0.3007851801491498,0.18181818181818182,0.4,0.3,0.34545454545454546,0.2735872697693364,0.2727272727272727,0.3
8114,3,0.3333333333333333,0.25,0.23463936301137822,0.3333333333333333,0.2,0.3333333333333333,0.2962962962962963,0.23463936301137822,0.3333333333333333,0.1
8116,32,0.6,0.5333333333333333,0.5147714448836773,0.09375,0.6,0.4,0.5090909090909091,0.4124497136428909,0.125,0.4
8118,1,0.0,0.0,0.0,0.0,0.0,0.0,0.0,0.0,0.0,0.0
8120,13,0.0,0.0,0.0,0.0,0.0,0.2,0.09090909090909091,0.13568544539116628,0.15384615384615385,0.2
8125,17,0.6,0.6,0.6399453854227659,0.17647058823529413,0.6,0.5,0.5818181818181819,0.5631102580041938,0.29411764705882354,0.5
8127,19,0.2,0.13333333333333333,0.14606834984270645,0.05263157894736842,0.2,0.4,0.29090909090909095,0.3038377318600771,0.21052631578947367,0.4
8136,12,0.6,0.7999999999999999,0.7227265726449518,0.25,0.6,0.5,0.5454545454545455,0.5988751049740155,0.4166666666666667,0.5
8140,66,0.8,0.8666666666666666,0.8539316501572936,0.06060606060606061,0.8,0.8,0.8545454545454546,0.8415908474314975,0.12121212121212122,0.8
8150,1,0.0,0.0,0.0,0.0,0.0,0.0,0.0,0.0,0.0,0.0
8151,10,0.6,0.7333333333333334,0.6992148198508501,0.3,0.6,0.4,0.509090909090909,0.5199967979955745,0.4,0.4
8156,8,0.0,0.0,0.0,0.0,0.0,0.0,0.0,0.0,0.0,0.0
8164,16,0.4,0.3333333333333333,0.31564845247951445,0.125,0.4,0.3,0.3090909090909091,0.27108847097297983,0.1875,0.3
8170,1,0.0,0.0,0.0,0.0,0.0,0.0,0.0,0.0,0.0,0.0
8173,45,0.2,0.13333333333333333,0.14606834984270645,0.022222222222222223,0.2,0.1,0.12727272727272726,0.09478836436955078,0.022222222222222223,0.1
8177,2,0.5,0.5555555555555556,0.6131471927654584,0.5,0.2,0.5,0.5263157894736842,0.6131471927654584,0.5,0.1
8193,5,0.2,0.19999999999999998,0.16958010263680803,0.2,0.2,0.2,0.2,0.16958010263680803,0.2,0.1
8209,7,0.0,0.0,0.0,0.0,0.0,0.0,0.0,0.0,0.0,0.0
8218,10,0.0,0.0,0.0,0.0,0.0,0.1,0.07272727272727274,0.07336392209936006,0.1,0.1
8219,13,0.6,0.7999999999999999,0.7227265726449518,0.23076923076923078,0.6,0.5,0.6545454545454545,0.6207622843987102,0.38461538461538464,0.5
8220,26,0.6,0.7333333333333334,0.6992148198508501,0.11538461538461539,0.6,0.6,0.5999999999999999,0.6569815082938864,0.23076923076923078,0.6
8230,8,0.8,0.8666666666666666,0.8539316501572936,0.5,0.8,0.625,0.6346153846153847,0.6368547259115426,0.625,0.5
8234,20,0.6,0.5333333333333333,0.5147714448836773,0.15,0.6,0.6,0.6000000000000001,0.5494344239412027,0.3,0.6
8235,6,0.2,0.06666666666666665,0.13120507751234176,0.16666666666666666,0.2,0.16666666666666666,0.13333333333333333,0.11706259313796352,0.16666666666666666,0.1
8239,8,0.2,0.3333333333333333,0.33916020527361607,0.125,0.2,0.125,0.1923076923076923,0.2529427027676571,0.125,0.1
8242,23,0.4,0.5333333333333333,0.5087403079104241,0.08695652173913043,0.4,0.4,0.47272727272727266,0.4779671403625727,0.17391304347826086,0.4
8246,46,0.8,0.8000000000000002,0.8304198973631919,0.08695652173913043,0.8,0.8,0.8363636363636363,0.8263333286520081,0.17391304347826086,0.8
8249,1,0.0,0.0,0.0,0.0,0.0,0.0,0.0,0.0,0.0,0.0
8251,7,0.2,0.3333333333333333,0.33916020527361607,0.14285714285714285,0.2,0.14285714285714285,0.2040816326530612,0.27487633291429087,0.14285714285714285,0.1
8253,3,0.0,0.0,0.0,0.0,0.0,0.3333333333333333,0.0,0.0,0.3333333333333333,0.1
8254,2,0.5,0.0,0.0,0.5,0.2,0.5,0.0,0.0,0.5,0.1
8260,7,0.4,0.6,0.5531464700081437,0.2857142857142857,0.4,0.2857142857142857,0.38775510204081626,0.4483039899025303,0.2857142857142857,0.2
8265,15,0.6,0.6,0.529634717214042,0.2,0.6,0.3,0.43636363636363645,0.34369669139214537,0.2,0.3
8270,1,1.0,0.0,0.0,1.0,0.2,1.0,0.0,0.0,1.0,0.1
8273,14,0.0,0.0,0.0,0.0,0.0,0.0,0.0,0.0,0.0,0.0
8274,1,0.0,0.0,0.0,0.0,0.0,0.0,0.0,0.0,0.0,0.0
8275,12,0.2,0.3333333333333333,0.33916020527361607,0.08333333333333333,0.2,0.1,0.18181818181818182,0.22009176629808014,0.08333333333333333,0.1
8276,13,0.4,0.6,0.5531464700081437,0.15384615384615385,0.4,0.2,0.34545454545454546,0.3589542101716347,0.15384615384615385,0.2
8279,3,0.3333333333333333,0.4166666666666667,0.46927872602275644,0.3333333333333333,0.2,0.3333333333333333,0.37037037037037035,0.46927872602275644,0.3333333333333333,0.1
8281,4,0.0,0.0,0.0,0.0,0.0,0.0,0.0,0.0,0.0,0.0
8297,9,0.0,0.0,0.0,0.0,0.0,0.1111111111111111,0.09259259259259259,0.08372491399919348,0.1111111111111111,0.1
8310,6,0.4,0.4000000000000001,0.3600546145772339,0.3333333333333333,0.4,0.5,0.35555555555555557,0.32124463208930526,0.5,0.3
8315,20,0.2,0.3333333333333333,0.33916020527361607,0.05,0.2,0.1,0.18181818181818182,0.22009176629808014,0.05,0.1
8317,2,0.5,0.4444444444444445,0.3868528072345415,0.5,0.2,0.5,0.4736842105263158,0.3868528072345415,0.5,0.1
8319,2,0.0,0.0,0.0,0.0,0.0,0.0,0.0,0.0,0.0,0.0
8321,7,0.4,0.4666666666666666,0.38356636737133554,0.2857142857142857,0.4,0.2857142857142857,0.3469387755102041,0.3108658234453848,0.2857142857142857,0.2
8323,4,0.0,0.0,0.0,0.0,0.0,0.0,0.0,0.0,0.0,0.0
8325,9,0.2,0.3333333333333333,0.33916020527361607,0.1111111111111111,0.2,0.2222222222222222,0.2222222222222222,0.30580131013556594,0.2222222222222222,0.2
8326,29,0.2,0.3333333333333333,0.33916020527361607,0.034482758620689655,0.2,0.1,0.18181818181818182,0.22009176629808014,0.034482758620689655,0.1
8327,26,0.4,0.6,0.5531464700081437,0.07692307692307693,0.4,0.4,0.47272727272727266,0.5036067026046991,0.15384615384615385,0.4
8336,1,0.0,0.0,0.0,0.0,0.0,0.0,0.0,0.0,0.0,0.0
8337,6,0.2,0.06666666666666665,0.13120507751234176,0.16666666666666666,0.2,0.16666666666666666,0.13333333333333333,0.11706259313796352,0.16666666666666666,0.1
8341,2,0.0,0.0,0.0,0.0,0.0,0.0,0.0,0.0,0.0,0.0
8346,28,0.6,0.6666666666666666,0.6843515475204854,0.10714285714285714,0.6,0.6,0.6545454545454544,0.6621137423456801,0.21428571428571427,0.6
8347,13,0.2,0.3333333333333333,0.33916020527361607,0.07692307692307693,0.2,0.2,0.2545454545454545,0.29345568839744024,0.15384615384615385,0.2
8349,5,0.0,0.0,0.0,0.0,0.0,0.0,0.0,0.0,0.0,0.0
8356,5,0.2,0.26666666666666666,0.2139862647345275,0.2,0.2,0.2,0.225,0.2139862647345275,0.2,0.1
8357,1,0.0,0.0,0.0,0.0,0.0,0.0,0.0,0.0,0.0,0.0
8358,39,0.0,0.0,0.0,0.0,0.0,0.2,0.09090909090909091,0.13568544539116628,0.05128205128205128,0.2
8367,8,0.4,0.3333333333333333,0.34519134224686926,0.25,0.4,0.25,0.28846153846153844,0.25744067176005675,0.25,0.2
8371,1,1.0,0.0,0.0,1.0,0.2,1.0,0.0,0.0,1.0,0.1
8373,4,0.0,0.0,0.0,0.0,0.0,0.25,0.0,0.0,0.25,0.1
8375,13,0.2,0.3333333333333333,0.33916020527361607,0.07692307692307693,0.2,0.1,0.18181818181818182,0.22009176629808014,0.07692307692307693,0.1
8377,63,1.0,1.0,1.0,0.07936507936507936,1.0,0.9,0.9272727272727272,0.92663607790064,0.14285714285714285,0.9
8383,5,0.2,0.13333333333333333,0.14606834984270645,0.2,0.2,0.4,0.175,0.14606834984270645,0.4,0.2
8386,2,0.5,0.0,0.0,0.5,0.2,0.5,0.0,0.0,0.5,0.1
8387,26,0.6,0.5333333333333333,0.6164336326286642,0.11538461538461539,0.6,0.4,0.45454545454545453,0.4662774717636409,0.15384615384615385,0.4
8390,5,0.2,0.19999999999999998,0.16958010263680803,0.2,0.2,0.4,0.2,0.16958010263680803,0.4,0.2
8391,7,0.4,0.6,0.5531464700081437,0.2857142857142857,0.4,0.2857142857142857,0.38775510204081626,0.4483039899025303,0.2857142857142857,0.2
8393,12,0.8,0.9333333333333332,0.8687949224876582,0.3333333333333333,0.8,0.4,0.6181818181818183,0.5637884576902256,0.3333333333333333,0.4
8423,37,0.8,0.8000000000000002,0.8304198973631919,0.10810810810810811,0.8,0.8,0.7818181818181817,0.8165901947515998,0.21621621621621623,0.8
8442,43,0.8,0.8666666666666666,0.8539316501572936,0.09302325581395349,0.8,0.9,0.8727272727272727,0.9052116356304492,0.20930232558139536,0.9
8446,5,0.0,0.0,0.0,0.0,0.0,0.0,0.0,0.0,0.0,0.0
8447,43,1.0,1.0,1.0,0.11627906976744186,1.0,0.8,0.9272727272727274,0.866947989864271,0.18604651162790697,0.8
8448,10,0.4,0.39999999999999997,0.4703652827859578,0.2,0.4,0.2,0.29090909090909095,0.3052348839397011,0.2,0.2
8453,12,0.8,0.8666666666666666,0.8539316501572936,0.3333333333333333,0.8,0.6,0.7636363636363637,0.7059054020403311,0.5,0.6
8458,18,0.0,0.0,0.0,0.0,0.0,0.0,0.0,0.0,0.0,0.0
8461,29,0.4,0.4666666666666666,0.48522855511632257,0.06896551724137931,0.4,0.3,0.3272727272727272,0.3785009188665826,0.10344827586206896,0.3
8469,13,0.6,0.6666666666666666,0.6843515475204854,0.23076923076923078,0.6,0.4,0.5454545454545454,0.522495596791931,0.3076923076923077,0.4
8489,13,0.6,0.6,0.529634717214042,0.23076923076923078,0.6,0.3,0.43636363636363645,0.34369669139214537,0.23076923076923078,0.3
8491,24,0.4,0.4666666666666666,0.48522855511632257,0.08333333333333333,0.4,0.4,0.4727272727272727,0.4666423217456664,0.16666666666666666,0.4
8492,23,0.8,0.8666666666666666,0.8539316501572936,0.17391304347826086,0.8,0.4,0.6000000000000001,0.5541432109622958,0.17391304347826086,0.4
8500,39,0.2,0.06666666666666665,0.13120507751234176,0.02564102564102564,0.2,0.1,0.10909090909090909,0.08514311764162097,0.02564102564102564,0.1
8514,2,0.0,0.0,0.0,0.0,0.0,0.0,0.0,0.0,0.0,0.0
8515,14,0.4,0.3333333333333333,0.31564845247951445,0.14285714285714285,0.4,0.3,0.32727272727272727,0.27426546945536806,0.21428571428571427,0.3
8517,64,0.6,0.6666666666666666,0.6843515475204854,0.046875,0.6,0.7,0.6727272727272727,0.7257345305446319,0.109375,0.7
8519,4,0.25,0.35714285714285715,0.39038004999210163,0.25,0.2,0.25,0.2941176470588235,0.39038004999210163,0.25,0.1
8524,23,0.2,0.26666666666666666,0.2139862647345275,0.043478260869565216,0.2,0.3,0.2909090909090909,0.28351493630661884,0.13043478260869565,0.3
8535,3,0.3333333333333333,0.4166666666666667,0.46927872602275644,0.3333333333333333,0.2,0.3333333333333333,0.37037037037037035,0.46927872602275644,0.3333333333333333,0.1
8541,49,0.6,0.46666666666666673,0.4912596920895757,0.061224489795918366,0.6,0.8,0.6727272727272728,0.6698623505528797,0.16326530612244897,0.8
8547,2,0.0,0.0,0.0,0.0,0.0,0.0,0.0,0.0,0.0,0.0
8549,3,0.0,0.0,0.0,0.0,0.0,0.0,0.0,0.0,0.0,0.0
8554,1,1.0,1.0,1.0,1.0,0.2,1.0,1.0,1.0,1.0,0.1
8556,30,0.6,0.5333333333333333,0.6164336326286642,0.1,0.6,0.5,0.5818181818181818,0.5517854393872873,0.16666666666666666,0.5
8563,3,0.3333333333333333,0.0,0.0,0.3333333333333333,0.2,0.3333333333333333,0.0,0.0,0.3333333333333333,0.1
8565,3,0.0,0.0,0.0,0.0,0.0,0.0,0.0,0.0,0.0,0.0
8566,1,0.0,0.0,0.0,0.0,0.0,0.0,0.0,0.0,0.0,0.0
8570,3,0.0,0.0,0.0,0.0,0.0,0.0,0.0,0.0,0.0,0.0
8572,12,0.2,0.3333333333333333,0.33916020527361607,0.08333333333333333,0.2,0.1,0.18181818181818182,0.22009176629808014,0.08333333333333333,0.1
8575,3,0.6666666666666666,0.75,0.7653606369886217,0.6666666666666666,0.4,0.6666666666666666,0.7037037037037036,0.7653606369886217,0.6666666666666666,0.2
8582,6,0.0,0.0,0.0,0.0,0.0,0.0,0.0,0.0,0.0,0.0
8586,5,0.0,0.0,0.0,0.0,0.0,0.0,0.0,0.0,0.0,0.0
8590,6,0.2,0.19999999999999998,0.16958010263680803,0.16666666666666666,0.2,0.5,0.2888888888888889,0.25909036127391766,0.5,0.3
8597,1,1.0,1.0,1.0,1.0,0.2,1.0,1.0,1.0,1.0,0.1
8602,2,0.5,0.5555555555555556,0.6131471927654584,0.5,0.2,0.5,0.5263157894736842,0.6131471927654584,0.5,0.1
8609,11,0.6,0.6,0.529634717214042,0.2727272727272727,0.6,0.3,0.43636363636363645,0.34369669139214537,0.2727272727272727,0.3
8618,29,0.6,0.7333333333333334,0.6992148198508501,0.10344827586206896,0.6,0.5,0.6,0.5983950669742498,0.1724137931034483,0.5
8623,18,0.4,0.39999999999999997,0.4703652827859578,0.1111111111111111,0.4,0.4,0.38181818181818183,0.4409203293308674,0.2222222222222222,0.4
8626,27,0.6,0.7999999999999999,0.7227265726449518,0.1111111111111111,0.6,0.3,0.49090909090909096,0.46900009332067477,0.1111111111111111,0.3
8631,21,0.0,0.0,0.0,0.0,0.0,0.0,0.0,0.0,0.0,0.0
8636,27,0.2,0.26666666666666666,0.2139862647345275,0.037037037037037035,0.2,0.3,0.2727272727272727,0.28088150105118154,0.1111111111111111,0.3
8637,11,0.6,0.5333333333333333,0.6164336326286642,0.2727272727272727,0.6,0.3,0.41818181818181815,0.4000232483092519,0.2727272727272727,0.3
8650,3,0.3333333333333333,0.4166666666666667,0.46927872602275644,0.3333333333333333,0.2,0.3333333333333333,0.37037037037037035,0.46927872602275644,0.3333333333333333,0.1
8662,15,0.6,0.7333333333333334,0.6992148198508501,0.2,0.6,0.4,0.5636363636363636,0.5321408435198608,0.26666666666666666,0.4
8665,25,0.2,0.13333333333333333,0.14606834984270645,0.04,0.2,0.1,0.12727272727272726,0.09478836436955078,0.04,0.1
8669,9,0.2,0.06666666666666665,0.13120507751234176,0.1111111111111111,0.2,0.1111111111111111,0.1111111111111111,0.09092803061897882,0.1111111111111111,0.1
8671,22,0.8,0.8666666666666666,0.8539316501572936,0.18181818181818182,0.8,0.6,0.7090909090909091,0.6961622681399229,0.2727272727272727,0.6
8679,19,0.8,0.9333333333333332,0.8687949224876582,0.21052631578947367,0.8,0.6,0.7636363636363637,0.7116179486056782,0.3157894736842105,0.6
8681,4,0.25,0.35714285714285715,0.39038004999210163,0.25,0.2,0.25,0.2941176470588235,0.39038004999210163,0.25,0.1
8683,21,0.2,0.3333333333333333,0.33916020527361607,0.047619047619047616,0.2,0.1,0.18181818181818182,0.22009176629808014,0.047619047619047616,0.1
8688,38,0.6,0.5333333333333333,0.6164336326286642,0.07894736842105263,0.6,0.4,0.509090909090909,0.4784215172879272,0.10526315789473684,0.4
8699,18,0.6,0.6666666666666666,0.6843515475204854,0.16666666666666666,0.6,0.4,0.509090909090909,0.5135285497500329,0.2222222222222222,0.4
8704,33,0.2,0.3333333333333333,0.33916020527361607,0.030303030303030304,0.2,0.2,0.2545454545454545,0.29345568839744024,0.06060606060606061,0.2
8706,13,0.4,0.5333333333333333,0.5087403079104241,0.15384615384615385,0.4,0.2,0.32727272727272727,0.3301376494471202,0.15384615384615385,0.2
8707,1,0.0,0.0,0.0,0.0,0.0,0.0,0.0,0.0,0.0,0.0
8713,9,0.6,0.7333333333333334,0.6992148198508501,0.3333333333333333,0.6,0.6666666666666666,0.685185185185185,0.7174005793887039,0.6666666666666666,0.6
8714,1,1.0,0.0,0.0,1.0,0.2,1.0,0.0,0.0,1.0,0.1
8716,3,0.6666666666666666,0.33333333333333337,0.29608191096586517,0.6666666666666666,0.4,0.6666666666666666,0.3333333333333333,0.29608191096586517,0.6666666666666666,0.2
8721,13,0.2,0.3333333333333333,0.33916020527361607,0.07692307692307693,0.2,0.1,0.18181818181818182,0.22009176629808014,0.07692307692307693,0.1
8733,2,0.5,0.5555555555555556,0.6131471927654584,0.5,0.2,0.5,0.5263157894736842,0.6131471927654584,0.5,0.1
8734,15,0.2,0.3333333333333333,0.33916020527361607,0.06666666666666667,0.2,0.1,0.18181818181818182,0.22009176629808014,0.06666666666666667,0.1
8740,2,0.5,0.5555555555555556,0.6131471927654584,0.5,0.2,0.5,0.5263157894736842,0.6131471927654584,0.5,0.1
8742,5,0.6,0.7333333333333334,0.6992148198508501,0.6,0.6,0.6,0.6499999999999999,0.6992148198508501,0.6,0.3
8748,3,0.3333333333333333,0.0,0.0,0.3333333333333333,0.2,0.3333333333333333,0.0,0.0,0.3333333333333333,0.1
8750,11,1.0,1.0,1.0,0.45454545454545453,1.0,0.7,0.8545454545454546,0.7917267193679839,0.6363636363636364,0.7
8755,13,0.2,0.3333333333333333,0.33916020527361607,0.07692307692307693,0.2,0.2,0.21818181818181817,0.28634598975246917,0.15384615384615385,0.2
8758,3,0.3333333333333333,0.4166666666666667,0.46927872602275644,0.3333333333333333,0.2,0.3333333333333333,0.37037037037037035,0.46927872602275644,0.3333333333333333,0.1
8760,54,0.6,0.7333333333333334,0.6992148198508501,0.05555555555555555,0.6,0.3,0.47272727272727266,0.4537425745411855,0.05555555555555555,0.3
8778,17,0.0,0.0,0.0,0.0,0.0,0.1,0.018181818181818177,0.0636207881989517,0.058823529411764705,0.1
8779,37,0.6,0.7999999999999999,0.7227265726449518,0.08108108108108109,0.6,0.5,0.6363636363636364,0.6168295842361273,0.13513513513513514,0.5
8783,29,0.6,0.6666666666666666,0.6548086577531306,0.10344827586206896,0.6,0.5,0.5272727272727272,0.5579780239523999,0.1724137931034483,0.5
8785,22,0.2,0.06666666666666665,0.13120507751234176,0.045454545454545456,0.2,0.1,0.10909090909090909,0.08514311764162097,0.045454545454545456,0.1
8805,16,0.0,0.0,0.0,0.0,0.0,0.0,0.0,0.0,0.0,0.0
8812,31,0.4,0.3333333333333333,0.31564845247951445,0.06451612903225806,0.4,0.2,0.2727272727272727,0.20483424751859083,0.06451612903225806,0.2
8813,8,0.0,0.0,0.0,0.0,0.0,0.125,0.07692307692307693,0.08431423425588572,0.125,0.1
8820,3,0.3333333333333333,0.0,0.0,0.3333333333333333,0.2,0.3333333333333333,0.0,0.0,0.3333333333333333,0.1
8834,8,0.2,0.13333333333333333,0.14606834984270645,0.125,0.2,0.125,0.1346153846153846,0.1089364926177559,0.125,0.1
8838,12,0.0,0.0,0.0,0.0,0.0,0.0,0.0,0.0,0.0,0.0
8841,43,0.6,0.6666666666666666,0.6548086577531306,0.06976744186046512,0.6,0.6,0.6727272727272727,0.6461194268314836,0.13953488372093023,0.6
8845,5,0.2,0.13333333333333333,0.14606834984270645,0.2,0.2,0.2,0.175,0.14606834984270645,0.2,0.1
8851,28,0.6,0.7999999999999999,0.7227265726449518,0.10714285714285714,0.6,0.5,0.5818181818181819,0.604685538711841,0.17857142857142858,0.5
8855,39,0.6,0.6666666666666666,0.6548086577531306,0.07692307692307693,0.6,0.5,0.5818181818181819,0.5677211578528083,0.1282051282051282,0.5
8860,2,0.5,0.5555555555555556,0.6131471927654584,0.5,0.2,0.5,0.5263157894736842,0.6131471927654584,0.5,0.1
8878,12,0.4,0.39999999999999997,0.4703652827859578,0.16666666666666666,0.4,0.3,0.30909090909090914,0.3688556721386528,0.25,0.3
8883,20,0.8,0.8000000000000002,0.8304198973631919,0.2,0.8,0.6,0.709090909090909,0.6835381846158708,0.3,0.6
8884,32,0.6,0.6666666666666666,0.6548086577531306,0.09375,0.6,0.3,0.45454545454545453,0.424926013816671,0.09375,0.3
8886,15,0.2,0.3333333333333333,0.33916020527361607,0.06666666666666667,0.2,0.1,0.18181818181818182,0.22009176629808014,0.06666666666666667,0.1
8889,8,0.0,0.0,0.0,0.0,0.0,0.0,0.0,0.0,0.0,0.0
8896,11,0.2,0.3333333333333333,0.33916020527361607,0.09090909090909091,0.2,0.3,0.23636363636363633,0.3499667779514209,0.2727272727272727,0.3
8900,1,0.0,0.0,0.0,0.0,0.0,0.0,0.0,0.0,0.0,0.0
8903,3,0.0,0.0,0.0,0.0,0.0,0.0,0.0,0.0,0.0,0.0
8908,19,0.8,0.8666666666666666,0.8539316501572936,0.21052631578947367,0.8,0.4,0.6000000000000001,0.5541432109622958,0.21052631578947367,0.4
8917,8,0.2,0.19999999999999998,0.16958010263680803,0.125,0.2,0.125,0.15384615384615385,0.12647135138382856,0.125,0.1
8919,2,0.5,0.0,0.0,0.5,0.2,0.5,0.0,0.0,0.5,0.1
8922,4,0.0,0.0,0.0,0.0,0.0,0.0,0.0,0.0,0.0,0.0
8925,28,0.4,0.6,0.5531464700081437,0.07142857142857142,0.4,0.3,0.4,0.4283854321084119,0.10714285714285714,0.3
8928,24,0.6,0.6666666666666666,0.6843515475204854,0.125,0.6,0.5,0.5636363636363636,0.5861163849908827,0.20833333333333334,0.5
8935,50,0.6,0.39999999999999997,0.4468535299918562,0.06,0.6,0.5,0.509090909090909,0.4346298575932762,0.1,0.5
8941,4,0.0,0.0,0.0,0.0,0.0,0.25,0.0,0.0,0.25,0.1
8944,23,0.4,0.4666666666666666,0.48522855511632257,0.08695652173913043,0.4,0.2,0.3090909090909091,0.31488013066763093,0.08695652173913043,0.2
8949,12,0.4,0.5333333333333333,0.5087403079104241,0.16666666666666666,0.4,0.4,0.41818181818181815,0.4658230948382865,0.3333333333333333,0.4
8950,33,0.4,0.5333333333333333,0.5087403079104241,0.06060606060606061,0.4,0.2,0.32727272727272727,0.3301376494471202,0.06060606060606061,0.2
8962,5,0.2,0.26666666666666666,0.2139862647345275,0.2,0.2,0.2,0.225,0.2139862647345275,0.2,0.1
8988,10,0.6,0.5333333333333333,0.6164336326286642,0.3,0.6,0.3,0.41818181818181815,0.4000232483092519,0.3,0.3
8990,5,0.2,0.13333333333333333,0.14606834984270645,0.2,0.2,0.4,0.175,0.14606834984270645,0.4,0.2
8994,1,1.0,1.0,1.0,1.0,0.2,1.0,1.0,1.0,1.0,0.1
8997,3,0.3333333333333333,0.0,0.0,0.3333333333333333,0.2,0.3333333333333333,0.0,0.0,0.3333333333333333,0.1
8999,2,0.5,0.5555555555555556,0.6131471927654584,0.5,0.2,0.5,0.5263157894736842,0.6131471927654584,0.5,0.1
9000,1,0.0,0.0,0.0,0.0,0.0,0.0,0.0,0.0,0.0,0.0
9006,28,1.0,1.0,1.0,0.17857142857142858,1.0,0.6,0.8181818181818182,0.727329844310522,0.21428571428571427,0.6
9009,1,0.0,0.0,0.0,0.0,0.0,0.0,0.0,0.0,0.0,0.0
9011,1,0.0,0.0,0.0,0.0,0.0,0.0,0.0,0.0,0.0,0.0
9016,10,0.4,0.26666666666666666,0.3007851801491498,0.2,0.4,0.2,0.2545454545454545,0.19518900079066104,0.2,0.2
9019,9,0.0,0.0,0.0,0.0,0.0,0.0,0.0,0.0,0.0,0.0
9025,3,0.0,0.0,0.0,0.0,0.0,0.0,0.0,0.0,0.0,0.0
9035,2,0.0,0.0,0.0,0.0,0.0,0.0,0.0,0.0,0.0,0.0
9045,37,0.6,0.6666666666666666,0.6843515475204854,0.08108108108108109,0.6,0.5,0.5272727272727272,0.5771493379489846,0.13513513513513514,0.5
9049,28,0.4,0.6,0.5531464700081437,0.07142857142857142,0.4,0.2,0.34545454545454546,0.3589542101716347,0.07142857142857142,0.2
9051,2,0.0,0.0,0.0,0.0,0.0,0.5,0.0,0.0,0.5,0.1
9064,18,0.4,0.5333333333333333,0.5087403079104241,0.1111111111111111,0.4,0.4,0.4181818181818182,0.4671223597454319,0.2222222222222222,0.4
9070,1,0.0,0.0,0.0,0.0,0.0,0.0,0.0,0.0,0.0,0.0
9074,2,0.0,0.0,0.0,0.0,0.0,0.0,0.0,0.0,0.0,0.0
9079,3,0.0,0.0,0.0,0.0,0.0,0.0,0.0,0.0,0.0,0.0
9084,10,0.2,0.06666666666666665,0.13120507751234176,0.1,0.2,0.2,0.2,0.1635413866202963,0.2,0.2
9085,36,0.8,0.9333333333333332,0.8687949224876582,0.1111111111111111,0.8,0.6,0.7090909090909091,0.6994739030813919,0.16666666666666666,0.6
9087,2,0.0,0.0,0.0,0.0,0.0,0.0,0.0,0.0,0.0,0.0
9089,6,0.2,0.13333333333333333,0.14606834984270645,0.16666666666666666,0.2,0.16666666666666666,0.15555555555555556,0.13032376591037065,0.16666666666666666,0.1
9093,5,0.2,0.3333333333333333,0.33916020527361607,0.2,0.2,0.2,0.25,0.33916020527361607,0.2,0.1
9096,5,0.0,0.0,0.0,0.0,0.0,0.4,0.0,0.0,0.4,0.2
9098,2,0.0,0.0,0.0,0.0,0.0,0.0,0.0,0.0,0.0,0.0
9112,18,0.4,0.4666666666666666,0.38356636737133554,0.1111111111111111,0.4,0.2,0.30909090909090914,0.24890832702259458,0.1111111111111111,0.2
9115,13,0.4,0.5333333333333333,0.5087403079104241,0.15384615384615385,0.4,0.2,0.32727272727272727,0.3301376494471202,0.15384615384615385,0.2
9116,6,0.4,0.6,0.5531464700081437,0.3333333333333333,0.4,0.3333333333333333,0.4222222222222222,0.4935232796777481,0.3333333333333333,0.2
9124,5,0.0,0.0,0.0,0.0,0.0,0.2,0.0,0.0,0.2,0.1
9129,12,0.4,0.5333333333333333,0.5087403079104241,0.16666666666666666,0.4,0.3,0.36363636363636365,0.39639187290150923,0.25,0.3
9133,3,0.3333333333333333,0.4166666666666667,0.46927872602275644,0.3333333333333333,0.2,0.3333333333333333,0.37037037037037035,0.46927872602275644,0.3333333333333333,0.1
9142,2,0.5,0.0,0.0,0.5,0.2,0.5,0.0,0.0,0.5,0.1
9148,9,0.2,0.3333333333333333,0.33916020527361607,0.1111111111111111,0.2,0.1111111111111111,0.18518518518518517,0.23504554941448538,0.1111111111111111,0.1
9155,5,0.4,0.5333333333333333,0.5087403079104241,0.4,0.4,0.6,0.45,0.5087403079104241,0.6,0.3
9157,45,0.2,0.3333333333333333,0.33916020527361607,0.022222222222222223,0.2,0.1,0.18181818181818182,0.22009176629808014,0.022222222222222223,0.1
9159,6,0.2,0.13333333333333333,0.14606834984270645,0.16666666666666666,0.2,0.16666666666666666,0.15555555555555556,0.13032376591037065,0.16666666666666666,0.1
9161,10,0.4,0.39999999999999997,0.4703652827859578,0.2,0.4,0.2,0.29090909090909095,0.3052348839397011,0.2,0.2
9164,38,0.8,0.8666666666666666,0.8539316501572936,0.10526315789473684,0.8,0.6,0.7636363636363637,0.7059054020403311,0.15789473684210525,0.6
9170,8,0.2,0.26666666666666666,0.2139862647345275,0.125,0.2,0.125,0.17307692307692307,0.1595890771248963,0.125,0.1
9177,6,0.4,0.5333333333333333,0.5087403079104241,0.3333333333333333,0.4,0.3333333333333333,0.4,0.4539036202482201,0.3333333333333333,0.2
9178,1,0.0,0.0,0.0,0.0,0.0,0.0,0.0,0.0,0.0,0.0
9180,5,0.4,0.3333333333333333,0.31564845247951445,0.4,0.4,0.6,0.375,0.31564845247951445,0.6,0.3
9184,6,0.2,0.3333333333333333,0.33916020527361607,0.16666666666666666,0.2,0.16666666666666666,0.2222222222222222,0.30260241349881345,0.16666666666666666,0.1
9189,19,0.4,0.6,0.5531464700081437,0.10526315789473684,0.4,0.3,0.41818181818181815,0.43231813227099475,0.15789473684210525,0.3
9192,6,0.4,0.4000000000000001,0.3600546145772339,0.3333333333333333,0.4,0.3333333333333333,0.35555555555555557,0.32124463208930526,0.3333333333333333,0.2
9195,4,0.25,0.35714285714285715,0.39038004999210163,0.25,0.2,0.25,0.2941176470588235,0.39038004999210163,0.25,0.1
9198,4,0.0,0.0,0.0,0.0,0.0,0.0,0.0,0.0,0.0,0.0
9203,7,0.4,0.6,0.5531464700081437,0.2857142857142857,0.4,0.42857142857142855,0.38775510204081626,0.4483039899025303,0.42857142857142855,0.3
9205,17,0.8,0.9333333333333332,0.8687949224876582,0.23529411764705882,0.8,0.5,0.6363636363636365,0.6274092458891773,0.29411764705882354,0.5
9208,34,0.8,0.6666666666666666,0.6608397947263838,0.11764705882352941,0.8,0.6,0.6727272727272727,0.5716349530699036,0.17647058823529413,0.6
9212,11,0.4,0.26666666666666666,0.3007851801491498,0.18181818181818182,0.4,0.3,0.34545454545454546,0.2735872697693364,0.2727272727272727,0.3
9213,3,0.3333333333333333,0.4166666666666667,0.46927872602275644,0.3333333333333333,0.2,0.3333333333333333,0.37037037037037035,0.46927872602275644,0.3333333333333333,0.1
9222,16,0.6,0.7999999999999999,0.7227265726449518,0.1875,0.6,0.3,0.49090909090909096,0.46900009332067477,0.1875,0.3
9223,8,0.2,0.06666666666666665,0.13120507751234176,0.125,0.2,0.125,0.11538461538461538,0.09785159463516041,0.125,0.1
9228,56,0.8,0.9333333333333332,0.8687949224876582,0.07142857142857142,0.8,0.8,0.8727272727272729,0.8512360941594272,0.14285714285714285,0.8
9233,59,1.0,1.0,1.0,0.0847457627118644,1.0,0.7,0.8727272727272727,0.7967610662472991,0.11864406779661017,0.7
9240,23,0.4,0.4666666666666666,0.38356636737133554,0.08695652173913043,0.4,0.3,0.4,0.3273065960012699,0.13043478260869565,0.3
9241,20,0.6,0.7999999999999999,0.7227265726449518,0.15,0.6,0.4,0.5636363636363636,0.5423640154200349,0.2,0.4
9244,6,0.0,0.0,0.0,0.0,0.0,0.0,0.0,0.0,0.0,0.0
9250,13,0.6,0.6,0.6399453854227659,0.23076923076923078,0.6,0.3,0.43636363636363634,0.4152807670887412,0.23076923076923078,0.3
9254,25,0.4,0.4666666666666666,0.38356636737133554,0.08,0.4,0.2,0.30909090909090914,0.24890832702259458,0.08,0.2
9255,1,0.0,0.0,0.0,0.0,0.0,0.0,0.0,0.0,0.0,0.0
9262,16,0.4,0.39999999999999997,0.4703652827859578,0.125,0.4,0.2,0.29090909090909095,0.3052348839397011,0.125,0.2
9269,36,0.2,0.26666666666666666,0.2139862647345275,0.027777777777777776,0.2,0.1,0.16363636363636364,0.1388624438735545,0.027777777777777776,0.1
9276,22,0.0,0.0,0.0,0.0,0.0,0.0,0.0,0.0,0.0,0.0
9286,13,0.2,0.19999999999999998,0.16958010263680803,0.07692307692307693,0.2,0.3,0.29090909090909095,0.2578753740644926,0.23076923076923078,0.3
9291,11,0.2,0.3333333333333333,0.33916020527361607,0.09090909090909091,0.2,0.1,0.18181818181818182,0.22009176629808014,0.09090909090909091,0.1
9292,3,0.3333333333333333,0.4166666666666667,0.46927872602275644,0.3333333333333333,0.2,0.3333333333333333,0.37037037037037035,0.46927872602275644,0.3333333333333333,0.1
9295,11,0.4,0.39999999999999997,0.4703652827859578,0.18181818181818182,0.4,0.2,0.29090909090909095,0.3052348839397011,0.18181818181818182,0.2
9298,4,0.0,0.0,0.0,0.0,0.0,0.0,0.0,0.0,0.0,0.0
9299,42,0.8,0.8666666666666666,0.8539316501572936,0.09523809523809523,0.8,0.7,0.8,0.7721596254947202,0.16666666666666666,0.7
9306,2,0.5,0.5555555555555556,0.6131471927654584,0.5,0.2,1.0,0.5263157894736842,0.6131471927654584,1.0,0.2
9308,16,0.4,0.4000000000000001,0.3600546145772339,0.125,0.4,0.3,0.38181818181818183,0.31204907722178055,0.1875,0.3
9309,45,0.4,0.4666666666666666,0.38356636737133554,0.044444444444444446,0.4,0.4,0.4727272727272727,0.4006705181006299,0.08888888888888889,0.4
9312,2,0.0,0.0,0.0,0.0,0.0,0.0,0.0,0.0,0.0,0.0
9316,31,0.6,0.5333333333333333,0.6164336326286642,0.0967741935483871,0.6,0.5,0.509090909090909,0.5370079586075637,0.16129032258064516,0.5
9317,10,0.4,0.5333333333333333,0.5087403079104241,0.2,0.4,0.3,0.41818181818181815,0.4085359184257955,0.3,0.3
9323,1,0.0,0.0,0.0,0.0,0.0,0.0,0.0,0.0,0.0,0.0
9330,4,0.5,0.5,0.5585075862632192,0.5,0.4,0.5,0.49999999999999994,0.5585075862632192,0.5,0.2
9333,12,0.0,0.0,0.0,0.0,0.0,0.0,0.0,0.0,0.0,0.0
9344,24,0.4,0.4666666666666666,0.38356636737133554,0.08333333333333333,0.4,0.3,0.3272727272727273,0.31252911522154625,0.125,0.3
9345,4,0.0,0.0,0.0,0.0,0.0,0.0,0.0,0.0,0.0,0.0
9348,30,0.6,0.39999999999999997,0.4468535299918562,0.1,0.6,0.6,0.5272727272727272,0.49639329739530075,0.2,0.6
9350,40,0.8,0.9333333333333332,0.8687949224876582,0.1,0.8,0.6,0.781818181818182,0.7155506487682609,0.15,0.6
9355,3,0.3333333333333333,0.33333333333333337,0.29608191096586517,0.3333333333333333,0.2,0.3333333333333333,0.3333333333333333,0.29608191096586517,0.3333333333333333,0.1
9356,9,0.2,0.3333333333333333,0.33916020527361607,0.1111111111111111,0.2,0.2222222222222222,0.2222222222222222,0.30580131013556594,0.2222222222222222,0.2
9359,8,0.0,0.0,0.0,0.0,0.0,0.0,0.0,0.0,0.0,0.0
9361,7,0.2,0.3333333333333333,0.33916020527361607,0.14285714285714285,0.2,0.2857142857142857,0.3061224489795918,0.3727892582642587,0.2857142857142857,0.2
9363,2,0.5,0.4444444444444445,0.3868528072345415,0.5,0.2,1.0,0.4736842105263158,0.3868528072345415,1.0,0.2
9375,10,0.4,0.39999999999999997,0.4703652827859578,0.2,0.4,0.2,0.29090909090909095,0.3052348839397011,0.2,0.2
9387,6,0.2,0.13333333333333333,0.14606834984270645,0.16666666666666666,0.2,0.16666666666666666,0.15555555555555556,0.13032376591037065,0.16666666666666666,0.1
9395,1,0.0,0.0,0.0,0.0,0.0,0.0,0.0,0.0,0.0,0.0
9397,2,0.0,0.0,0.0,0.0,0.0,0.0,0.0,0.0,0.0,0.0
9400,11,0.2,0.3333333333333333,0.33916020527361607,0.09090909090909091,0.2,0.2,0.2727272727272727,0.2984900352767555,0.18181818181818182,0.2
9401,29,0.6,0.7999999999999999,0.7227265726449518,0.10344827586206896,0.6,0.4,0.5454545454545454,0.538431315257452,0.13793103448275862,0.4
9412,3,0.3333333333333333,0.4166666666666667,0.46927872602275644,0.3333333333333333,0.2,0.3333333333333333,0.37037037037037035,0.46927872602275644,0.3333333333333333,0.1
9420,2,0.0,0.0,0.0,0.0,0.0,0.0,0.0,0.0,0.0,0.0
9428,7,0.0,0.0,0.0,0.0,0.0,0.0,0.0,0.0,0.0,0.0
9429,3,0.0,0.0,0.0,0.0,0.0,0.3333333333333333,0.0,0.0,0.3333333333333333,0.1
9430,38,0.6,0.7999999999999999,0.7227265726449518,0.07894736842105263,0.6,0.5,0.5636363636363636,0.6020521034564037,0.13157894736842105,0.5
9439,8,0.2,0.3333333333333333,0.33916020527361607,0.125,0.2,0.125,0.1923076923076923,0.2529427027676571,0.125,0.1
9440,13,0.0,0.0,0.0,0.0,0.0,0.0,0.0,0.0,0.0,0.0
9446,27,0.6,0.5333333333333333,0.5147714448836773,0.1111111111111111,0.6,0.5,0.5454545454545454,0.47870393709727993,0.18518518518518517,0.5
9447,12,0.4,0.6,0.5531464700081437,0.16666666666666666,0.4,0.4,0.43636363636363634,0.4959389204699464,0.3333333333333333,0.4
9453,8,0.2,0.26666666666666666,0.2139862647345275,0.125,0.2,0.25,0.17307692307692307,0.1595890771248963,0.25,0.2
9457,12,0.2,0.3333333333333333,0.33916020527361607,0.08333333333333333,0.2,0.3,0.2909090909090909,0.35970991185182927,0.25,0.3
9471,88,1.0,1.0,1.0,0.056818181818181816,1.0,0.7,0.8727272727272727,0.7967610662472991,0.07954545454545454,0.7
9473,14,0.4,0.3333333333333333,0.31564845247951445,0.14285714285714285,0.4,0.2,0.2727272727272727,0.20483424751859083,0.14285714285714285,0.2
9475,1,1.0,0.0,0.0,1.0,0.2,1.0,0.0,0.0,1.0,0.1
9485,27,0.2,0.26666666666666666,0.2139862647345275,0.037037037037037035,0.2,0.2,0.2545454545454545,0.21726071285222984,0.07407407407407407,0.2
9498,54,0.8,0.6666666666666666,0.6608397947263838,0.07407407407407407,0.8,0.6,0.6000000000000001,0.5587148206871071,0.1111111111111111,0.6
9501,11,0.4,0.5333333333333333,0.5087403079104241,0.18181818181818182,0.4,0.3,0.38181818181818183,0.3995688713838974,0.2727272727272727,0.3
9504,28,0.2,0.19999999999999998,0.16958010263680803,0.03571428571428571,0.2,0.1,0.14545454545454548,0.11004588314904007,0.03571428571428571,0.1
9508,5,0.6,0.7999999999999999,0.7227265726449518,0.6,0.6,0.6,0.675,0.7227265726449518,0.6,0.3
9520,10,0.2,0.06666666666666665,0.13120507751234176,0.1,0.2,0.2,0.18181818181818182,0.15850703974098102,0.2,0.2
9523,3,0.0,0.0,0.0,0.0,0.0,0.0,0.0,0.0,0.0,0.0
9525,3,0.3333333333333333,0.4166666666666667,0.46927872602275644,0.3333333333333333,0.2,0.3333333333333333,0.37037037037037035,0.46927872602275644,0.3333333333333333,0.1
9527,75,1.0,1.0,1.0,0.06666666666666667,1.0,0.7,0.890909090909091,0.800693766409882,0.09333333333333334,0.7
9530,11,0.2,0.26666666666666666,0.2139862647345275,0.09090909090909091,0.2,0.2,0.2545454545454545,0.21726071285222984,0.18181818181818182,0.2
9538,27,0.4,0.4666666666666666,0.48522855511632257,0.07407407407407407,0.4,0.5,0.4727272727272727,0.5263304097820353,0.18518518518518517,0.5
9540,44,0.6,0.7333333333333334,0.6992148198508501,0.06818181818181818,0.6,0.5,0.5818181818181818,0.5957616317188125,0.11363636363636363,0.5
9544,7,0.4,0.6,0.5531464700081437,0.2857142857142857,0.4,0.42857142857142855,0.4693877551020407,0.539929434207294,0.42857142857142855,0.3
9554,14,0.0,0.0,0.0,0.0,0.0,0.0,0.0,0.0,0.0,0.0
9565,21,0.4,0.6,0.5531464700081437,0.09523809523809523,0.4,0.4,0.43636363636363645,0.494639655562801,0.19047619047619047,0.4
9566,9,0.4,0.26666666666666666,0.3007851801491498,0.2222222222222222,0.4,0.3333333333333333,0.3518518518518518,0.292175719325415,0.3333333333333333,0.3
9567,17,1.0,1.0,1.0,0.29411764705882354,1.0,0.7,0.8363636363636364,0.7885497208855957,0.4117647058823529,0.7
9568,6,0.0,0.0,0.0,0.0,0.0,0.0,0.0,0.0,0.0,0.0
9569,21,0.6,0.7333333333333334,0.6992148198508501,0.14285714285714285,0.6,0.3,0.47272727272727266,0.4537425745411855,0.14285714285714285,0.3
9572,1,0.0,0.0,0.0,0.0,0.0,0.0,0.0,0.0,0.0,0.0
9578,4,0.0,0.0,0.0,0.0,0.0,0.0,0.0,0.0,0.0,0.0
9587,2,0.0,0.0,0.0,0.0,0.0,0.5,0.0,0.0,0.5,0.1
9594,12,0.4,0.6,0.5531464700081437,0.16666666666666666,0.4,0.2,0.34545454545454546,0.3589542101716347,0.16666666666666666,0.2
9595,4,0.0,0.0,0.0,0.0,0.0,0.0,0.0,0.0,0.0,0.0
9607,32,0.4,0.6,0.5531464700081437,0.0625,0.4,0.3,0.36363636363636365,0.4225749983705864,0.09375,0.3
9609,80,0.8,0.8000000000000002,0.8304198973631919,0.05,0.8,0.5,0.6727272727272727,0.6172839611614818,0.0625,0.5
9618,11,0.0,0.0,0.0,0.0,0.0,0.3,0.10909090909090909,0.19930623359011795,0.2727272727272727,0.3
9622,3,0.0,0.0,0.0,0.0,0.0,0.0,0.0,0.0,0.0,0.0
9634,13,0.4,0.26666666666666666,0.3007851801491498,0.15384615384615385,0.4,0.3,0.34545454545454546,0.2735872697693364,0.23076923076923078,0.3
9641,19,0.6,0.6,0.6399453854227659,0.15789473684210525,0.6,0.6,0.6181818181818183,0.6293644814585828,0.3157894736842105,0.6
9647,10,0.6,0.7333333333333334,0.6992148198508501,0.3,0.6,0.3,0.47272727272727266,0.4537425745411855,0.3,0.3
9648,22,0.4,0.6,0.5531464700081437,0.09090909090909091,0.4,0.5,0.5454545454545454,0.5769706247040591,0.22727272727272727,0.5
9660,6,0.0,0.0,0.0,0.0,0.0,0.0,0.0,0.0,0.0,0.0
9663,11,0.2,0.06666666666666665,0.13120507751234176,0.09090909090909091,0.2,0.1,0.10909090909090909,0.08514311764162097,0.09090909090909091,0.1
9665,9,0.2,0.19999999999999998,0.16958010263680803,0.1111111111111111,0.2,0.1111111111111111,0.14814814814814814,0.11752277470724269,0.1111111111111111,0.1
9672,3,0.0,0.0,0.0,0.0,0.0,0.0,0.0,0.0,0.0,0.0
9675,8,0.6,0.7999999999999999,0.7227265726449518,0.375,0.6,0.375,0.5192307692307693,0.5390031312763821,0.375,0.3
9678,14,0.2,0.3333333333333333,0.33916020527361607,0.07142857142857142,0.2,0.2,0.2727272727272727,0.2984900352767555,0.14285714285714285,0.2
9680,22,0.8,0.8666666666666666,0.8539316501572936,0.18181818181818182,0.8,0.5,0.6181818181818183,0.6177639991612476,0.22727272727272727,0.5
9689,22,0.6,0.6666666666666666,0.6843515475204854,0.13636363636363635,0.6,0.5,0.5090909090909091,0.5739723394665964,0.22727272727272727,0.5
9690,3,0.0,0.0,0.0,0.0,0.0,0.0,0.0,0.0,0.0,0.0
9693,3,0.0,0.0,0.0,0.0,0.0,0.0,0.0,0.0,0.0,0.0
9697,16,0.4,0.4000000000000001,0.3600546145772339,0.125,0.4,0.3,0.34545454545454546,0.3030820301798825,0.1875,0.3
9702,5,0.0,0.0,0.0,0.0,0.0,0.2,0.0,0.0,0.2,0.1
9714,8,0.0,0.0,0.0,0.0,0.0,0.0,0.0,0.0,0.0,0.0
9718,6,0.0,0.0,0.0,0.0,0.0,0.0,0.0,0.0,0.0,0.0
9720,44,1.0,1.0,1.0,0.11363636363636363,1.0,0.7,0.8727272727272727,0.7967610662472991,0.1590909090909091,0.7
9721,11,0.4,0.6,0.5531464700081437,0.18181818181818182,0.4,0.3,0.4,0.4283854321084119,0.2727272727272727,0.3
9722,3,0.3333333333333333,0.33333333333333337,0.29608191096586517,0.3333333333333333,0.2,0.3333333333333333,0.3333333333333333,0.29608191096586517,0.3333333333333333,0.1
9724,17,0.6,0.6666666666666666,0.6843515475204854,0.17647058823529413,0.6,0.6,0.5636363636363636,0.6434035614033737,0.35294117647058826,0.6
9727,4,0.0,0.0,0.0,0.0,0.0,0.0,0.0,0.0,0.0,0.0
9730,8,0.4,0.5333333333333333,0.5087403079104241,0.25,0.4,0.5,0.4807692307692307,0.5435228269698196,0.5,0.4
9731,1,1.0,0.0,0.0,1.0,0.2,1.0,0.0,0.0,1.0,0.1
9735,10,0.2,0.26666666666666666,0.2139862647345275,0.1,0.2,0.1,0.16363636363636364,0.1388624438735545,0.1,0.1
9738,53,0.2,0.26666666666666666,0.2139862647345275,0.018867924528301886,0.2,0.4,0.3272727272727272,0.35031272298795874,0.07547169811320754,0.4
9742,1,0.0,0.0,0.0,0.0,0.0,0.0,0.0,0.0,0.0,0.0
9743,26,0.0,0.0,0.0,0.0,0.0,0.0,0.0,0.0,0.0,0.0
9752,4,0.25,0.14285714285714288,0.16812753627111746,0.25,0.2,0.5,0.20588235294117643,0.16812753627111746,0.5,0.2
9754,32,0.2,0.06666666666666665,0.13120507751234176,0.03125,0.2,0.1,0.10909090909090909,0.08514311764162097,0.03125,0.1
9756,13,0.0,0.0,0.0,0.0,0.0,0.0,0.0,0.0,0.0,0.0
9758,55,0.4,0.6,0.5531464700081437,0.03636363636363636,0.4,0.5,0.5636363636363636,0.5801476231864473,0.09090909090909091,0.5
9771,24,0.6,0.5333333333333333,0.5147714448836773,0.125,0.6,0.5,0.490909090909091,0.4671034547999445,0.20833333333333334,0.5
9786,77,0.2,0.26666666666666666,0.2139862647345275,0.012987012987012988,0.2,0.3,0.3272727272727272,0.2906246349515899,0.03896103896103896,0.3
9792,3,0.0,0.0,0.0,0.0,0.0,0.0,0.0,0.0,0.0,0.0
9794,14,0.4,0.6,0.5531464700081437,0.14285714285714285,0.4,0.4,0.509090909090909,0.5107164012496701,0.2857142857142857,0.4
9796,38,0.4,0.4666666666666666,0.48522855511632257,0.05263157894736842,0.4,0.4,0.36363636363636365,0.4447551423209717,0.10526315789473684,0.4
9803,36,1.0,1.0,1.0,0.1388888888888889,1.0,0.8,0.9272727272727274,0.866947989864271,0.2222222222222222,0.8
9814,8,0.4,0.39999999999999997,0.4703652827859578,0.25,0.4,0.25,0.3076923076923077,0.35079429740281753,0.25,0.2
9821,24,0.2,0.26666666666666666,0.2139862647345275,0.041666666666666664,0.2,0.3,0.29090909090909095,0.28165758790969175,0.125,0.3
9826,17,0.2,0.3333333333333333,0.33916020527361607,0.058823529411764705,0.2,0.1,0.18181818181818182,0.22009176629808014,0.058823529411764705,0.1
9831,4,0.0,0.0,0.0,0.0,0.0,0.0,0.0,0.0,0.0,0.0
9841,1,0.0,0.0,0.0,0.0,0.0,0.0,0.0,0.0,0.0,0.0
9842,13,0.2,0.3333333333333333,0.33916020527361607,0.07692307692307693,0.2,0.1,0.18181818181818182,0.22009176629808014,0.07692307692307693,0.1
9853,25,1.0,1.0,1.0,0.2,1.0,0.9,0.9454545454545454,0.9305687780632228,0.36,0.9
9856,18,0.4,0.4666666666666666,0.48522855511632257,0.1111111111111111,0.4,0.2,0.3090909090909091,0.31488013066763093,0.1111111111111111,0.2
9858,6,0.4,0.4666666666666666,0.38356636737133554,0.3333333333333333,0.4,0.3333333333333333,0.3777777777777778,0.34222207292834134,0.3333333333333333,0.2
9867,13,0.6,0.6,0.6399453854227659,0.23076923076923078,0.6,0.6,0.6181818181818183,0.6293644814585828,0.46153846153846156,0.6
9869,3,0.0,0.0,0.0,0.0,0.0,0.0,0.0,0.0,0.0,0.0
9882,6,0.2,0.3333333333333333,0.33916020527361607,0.16666666666666666,0.2,0.16666666666666666,0.2222222222222222,0.30260241349881345,0.16666666666666666,0.1
9887,4,0.25,0.0,0.0,0.25,0.2,0.25,0.0,0.0,0.25,0.1
9897,4,0.0,0.0,0.0,0.0,0.0,0.0,0.0,0.0,0.0,0.0
9900,7,0.4,0.6,0.5531464700081437,0.2857142857142857,0.4,0.2857142857142857,0.38775510204081626,0.4483039899025303,0.2857142857142857,0.2
9907,34,0.4,0.5333333333333333,0.5087403079104241,0.058823529411764705,0.4,0.3,0.41818181818181815,0.4085359184257955,0.08823529411764706,0.3
9919,4,0.0,0.0,0.0,0.0,0.0,0.0,0.0,0.0,0.0,0.0
9923,13,0.4,0.5333333333333333,0.5087403079104241,0.15384615384615385,0.4,0.2,0.32727272727272727,0.3301376494471202,0.15384615384615385,0.2
9927,39,1.0,1.0,1.0,0.1282051282051282,1.0,0.7,0.890909090909091,0.800693766409882,0.1794871794871795,0.7
9929,15,0.2,0.19999999999999998,0.16958010263680803,0.06666666666666667,0.2,0.2,0.21818181818181823,0.18340980524840012,0.13333333333333333,0.2
9930,11,0.8,0.8666666666666666,0.8539316501572936,0.36363636363636365,0.8,0.6,0.7454545454545456,0.7019727018777483,0.5454545454545454,0.6
9931,4,0.0,0.0,0.0,0.0,0.0,0.0,0.0,0.0,0.0,0.0
9937,24,0.4,0.6,0.5531464700081437,0.08333333333333333,0.4,0.3,0.4,0.4283854321084119,0.125,0.3
9938,29,0.6,0.7999999999999999,0.7227265726449518,0.10344827586206896,0.6,0.6,0.6363636363636365,0.6754160255557639,0.20689655172413793,0.6
9947,6,0.0,0.0,0.0,0.0,0.0,0.0,0.0,0.0,0.0,0.0
9948,18,0.4,0.5333333333333333,0.5087403079104241,0.1111111111111111,0.4,0.5,0.49090909090909096,0.5391870169376466,0.2777777777777778,0.5
9950,12,0.6,0.6,0.6399453854227659,0.25,0.6,0.5,0.5818181818181819,0.5631102580041938,0.4166666666666667,0.5
9955,4,0.0,0.0,0.0,0.0,0.0,0.0,0.0,0.0,0.0,0.0
9957,15,0.4,0.4666666666666666,0.48522855511632257,0.13333333333333333,0.4,0.5,0.509090909090909,0.5328965452000555,0.3333333333333333,0.5
9966,25,0.4,0.6,0.5531464700081437,0.08,0.4,0.2,0.34545454545454546,0.3589542101716347,0.08,0.2
9968,2,0.5,0.5555555555555556,0.6131471927654584,0.5,0.2,0.5,0.5263157894736842,0.6131471927654584,0.5,0.1
9969,7,0.0,0.0,0.0,0.0,0.0,0.0,0.0,0.0,0.0,0.0
9977,17,0.8,0.6666666666666666,0.6608397947263838,0.23529411764705882,0.8,0.6,0.6727272727272727,0.5734923014668307,0.35294117647058826,0.6
9978,22,0.0,0.0,0.0,0.0,0.0,0.0,0.0,0.0,0.0,0.0
9981,25,0.4,0.4000000000000001,0.3600546145772339,0.08,0.4,0.3,0.36363636363636365,0.30701473034246535,0.12,0.3
9984,23,0.2,0.3333333333333333,0.33916020527361607,0.043478260869565216,0.2,0.2,0.2,0.2837125544970318,0.08695652173913043,0.2
9994,20,0.4,0.5333333333333333,0.5087403079104241,0.1,0.4,0.3,0.41818181818181815,0.4085359184257955,0.15,0.3
10002,3,0.3333333333333333,0.4166666666666667,0.46927872602275644,0.3333333333333333,0.2,0.3333333333333333,0.37037037037037035,0.46927872602275644,0.3333333333333333,0.1
10005,8,0.2,0.13333333333333333,0.14606834984270645,0.125,0.2,0.25,0.21153846153846154,0.19325072687364162,0.25,0.2
10008,6,0.2,0.06666666666666665,0.13120507751234176,0.16666666666666666,0.2,0.16666666666666666,0.13333333333333333,0.11706259313796352,0.16666666666666666,0.1
10022,5,0.0,0.0,0.0,0.0,0.0,0.0,0.0,0.0,0.0,0.0
10027,7,0.4,0.4000000000000001,0.3600546145772339,0.2857142857142857,0.4,0.42857142857142855,0.32653061224489793,0.29181044994360233,0.42857142857142855,0.3
10034,22,0.2,0.13333333333333333,0.14606834984270645,0.045454545454545456,0.2,0.1,0.12727272727272726,0.09478836436955078,0.045454545454545456,0.1
10037,50,0.6,0.7999999999999999,0.7227265726449518,0.06,0.6,0.4,0.5454545454545454,0.538431315257452,0.08,0.4
10038,38,0.4,0.39999999999999997,0.4703652827859578,0.05263157894736842,0.4,0.3,0.36363636363636365,0.37859880603906115,0.07894736842105263,0.3
10046,62,0.8,0.7333333333333334,0.7860137352654724,0.06451612903225806,0.8,0.7,0.7636363636363637,0.7280855459907164,0.11290322580645161,0.7
10050,13,0.2,0.3333333333333333,0.33916020527361607,0.07692307692307693,0.2,0.1,0.18181818181818182,0.22009176629808014,0.07692307692307693,0.1
10055,1,1.0,1.0,1.0,1.0,0.2,1.0,1.0,1.0,1.0,0.1
10058,14,0.0,0.0,0.0,0.0,0.0,0.0,0.0,0.0,0.0,0.0
10059,7,0.2,0.3333333333333333,0.33916020527361607,0.14285714285714285,0.2,0.14285714285714285,0.2040816326530612,0.27487633291429087,0.14285714285714285,0.1
10060,39,0.4,0.6,0.5531464700081437,0.05128205128205128,0.4,0.3,0.36363636363636365,0.4225749983705864,0.07692307692307693,0.3
10069,4,0.0,0.0,0.0,0.0,0.0,0.0,0.0,0.0,0.0,0.0
10070,7,0.4,0.6,0.5531464700081437,0.2857142857142857,0.4,0.2857142857142857,0.38775510204081626,0.4483039899025303,0.2857142857142857,0.2
10071,24,0.4,0.5333333333333333,0.5087403079104241,0.08333333333333333,0.4,0.3,0.41818181818181815,0.4085359184257955,0.125,0.3
10078,41,0.8,0.9333333333333332,0.8687949224876582,0.0975609756097561,0.8,0.7,0.7818181818181817,0.7752387368046298,0.17073170731707318,0.7
10079,23,0.4,0.6,0.5531464700081437,0.08695652173913043,0.4,0.4,0.47272727272727266,0.5036067026046991,0.17391304347826086,0.4
10080,6,0.2,0.3333333333333333,0.33916020527361607,0.16666666666666666,0.2,0.16666666666666666,0.2222222222222222,0.30260241349881345,0.16666666666666666,0.1
10096,18,0.6,0.7333333333333334,0.6992148198508501,0.16666666666666666,0.6,0.3,0.47272727272727266,0.4537425745411855,0.16666666666666666,0.3
10098,11,0.2,0.13333333333333333,0.14606834984270645,0.09090909090909091,0.2,0.1,0.12727272727272726,0.09478836436955078,0.09090909090909091,0.1
10100,30,0.8,0.8666666666666666,0.8539316501572936,0.13333333333333333,0.8,0.5,0.6545454545454547,0.623574432899073,0.16666666666666666,0.5
10104,2,0.5,0.5555555555555556,0.6131471927654584,0.5,0.2,0.5,0.5263157894736842,0.6131471927654584,0.5,0.1
10109,19,0.4,0.5333333333333333,0.5087403079104241,0.10526315789473684,0.4,0.3,0.4,0.40350157154648025,0.15789473684210525,0.3
10112,5,0.2,0.3333333333333333,0.33916020527361607,0.2,0.2,0.2,0.25,0.33916020527361607,0.2,0.1
10114,4,0.25,0.2142857142857143,0.19519002499605081,0.25,0.2,0.5,0.23529411764705882,0.19519002499605081,0.5,0.2
10116,16,0.6,0.6666666666666666,0.6843515475204854,0.1875,0.6,0.3,0.45454545454545453,0.44409732781325567,0.1875,0.3
10122,12,0.4,0.3333333333333333,0.34519134224686926,0.16666666666666666,0.4,0.4,0.4,0.3686580539482398,0.3333333333333333,0.4
10124,2,0.5,0.5555555555555556,0.6131471927654584,0.5,0.2,0.5,0.5263157894736842,0.6131471927654584,0.5,0.1
10135,21,0.0,0.0,0.0,0.0,0.0,0.0,0.0,0.0,0.0,0.0
10138,13,0.2,0.3333333333333333,0.33916020527361607,0.07692307692307693,0.2,0.1,0.18181818181818182,0.22009176629808014,0.07692307692307693,0.1
10149,1,0.0,0.0,0.0,0.0,0.0,0.0,0.0,0.0,0.0,0.0
10155,29,0.4,0.4000000000000001,0.3600546145772339,0.06896551724137931,0.4,0.3,0.36363636363636365,0.30701473034246535,0.10344827586206896,0.3
10158,18,0.6,0.7999999999999999,0.7227265726449518,0.16666666666666666,0.6,0.5,0.5818181818181819,0.604685538711841,0.2777777777777778,0.5
10163,5,0.6,0.7999999999999999,0.7227265726449518,0.6,0.6,0.6,0.675,0.7227265726449518,0.6,0.3
10165,11,0.4,0.3333333333333333,0.31564845247951445,0.18181818181818182,0.4,0.2,0.2727272727272727,0.20483424751859083,0.18181818181818182,0.2
10168,3,0.3333333333333333,0.0,0.0,0.3333333333333333,0.2,0.3333333333333333,0.0,0.0,0.3333333333333333,0.1
10176,33,0.2,0.19999999999999998,0.16958010263680803,0.030303030303030304,0.2,0.4,0.29090909090909095,0.31646181538412904,0.12121212121212122,0.4
10179,16,0.0,0.0,0.0,0.0,0.0,0.1,0.09090909090909091,0.07839826897867533,0.0625,0.1
10180,3,0.0,0.0,0.0,0.0,0.0,0.3333333333333333,0.0,0.0,0.3333333333333333,0.1
10185,27,0.4,0.6,0.5531464700081437,0.07407407407407407,0.4,0.2,0.34545454545454546,0.3589542101716347,0.07407407407407407,0.2
10186,38,0.4,0.5333333333333333,0.5087403079104241,0.05263157894736842,0.4,0.2,0.32727272727272727,0.3301376494471202,0.05263157894736842,0.2
10191,2,0.5,0.0,0.0,0.5,0.2,0.5,0.0,0.0,0.5,0.1
10192,12,0.4,0.3333333333333333,0.34519134224686926,0.16666666666666666,0.4,0.3,0.32727272727272727,0.29343678345195273,0.25,0.3
10197,1,1.0,1.0,1.0,1.0,0.2,1.0,1.0,1.0,1.0,0.1
10210,8,0.4,0.5333333333333333,0.5087403079104241,0.25,0.4,0.25,0.34615384615384615,0.37941405415148566,0.25,0.2
10213,4,0.0,0.0,0.0,0.0,0.0,0.0,0.0,0.0,0.0,0.0
10217,11,0.4,0.6,0.5531464700081437,0.18181818181818182,0.4,0.2,0.34545454545454546,0.3589542101716347,0.18181818181818182,0.2
10219,7,0.0,0.0,0.0,0.0,0.0,0.0,0.0,0.0,0.0,0.0
10222,10,0.0,0.0,0.0,0.0,0.0,0.0,0.0,0.0,0.0,0.0
10234,33,1.0,1.0,1.0,0.15151515151515152,1.0,0.7,0.890909090909091,0.800693766409882,0.21212121212121213,0.7
10235,4,0.25,0.28571428571428575,0.2463023887407299,0.25,0.2,0.25,0.2647058823529412,0.2463023887407299,0.25,0.1
10239,36,0.6,0.7999999999999999,0.7227265726449518,0.08333333333333333,0.6,0.4,0.5636363636363636,0.5423640154200349,0.1111111111111111,0.4
10242,1,0.0,0.0,0.0,0.0,0.0,0.0,0.0,0.0,0.0,0.0
10250,1,1.0,1.0,1.0,1.0,0.2,1.0,1.0,1.0,1.0,0.1
10259,27,0.0,0.0,0.0,0.0,0.0,0.0,0.0,0.0,0.0,0.0
10261,10,0.0,0.0,0.0,0.0,0.0,0.0,0.0,0.0,0.0,0.0
10264,10,0.2,0.3333333333333333,0.33916020527361607,0.1,0.2,0.1,0.18181818181818182,0.22009176629808014,0.1,0.1
10265,29,1.0,1.0,1.0,0.1724137931034483,1.0,0.9,0.9272727272727272,0.92663607790064,0.3103448275862069,0.9
10274,14,0.4,0.4666666666666666,0.38356636737133554,0.14285714285714285,0.4,0.2,0.30909090909090914,0.24890832702259458,0.14285714285714285,0.2
10276,13,0.6,0.7999999999999999,0.7227265726449518,0.23076923076923078,0.6,0.3,0.49090909090909096,0.46900009332067477,0.23076923076923078,0.3
10287,22,0.4,0.4000000000000001,0.3600546145772339,0.09090909090909091,0.4,0.5,0.49090909090909096,0.4516672227755297,0.22727272727272727,0.5
10289,2,0.5,0.5555555555555556,0.6131471927654584,0.5,0.2,0.5,0.5263157894736842,0.6131471927654584,0.5,0.1
10297,7,0.2,0.13333333333333333,0.14606834984270645,0.14285714285714285,0.2,0.14285714285714285,0.14285714285714285,0.11838279295536291,0.14285714285714285,0.1
10298,11,0.4,0.39999999999999997,0.4703652827859578,0.18181818181818182,0.4,0.3,0.38181818181818183,0.3836331529183764,0.2727272727272727,0.3
10302,31,0.6,0.6666666666666666,0.6548086577531306,0.0967741935483871,0.6,0.5,0.5636363636363636,0.5669450709942979,0.16129032258064516,0.5
10307,4,0.25,0.14285714285714288,0.16812753627111746,0.25,0.2,0.5,0.20588235294117643,0.16812753627111746,0.5,0.2
10310,3,0.0,0.0,0.0,0.0,0.0,0.0,0.0,0.0,0.0,0.0
10312,32,1.0,1.0,1.0,0.15625,1.0,0.8,0.9454545454545454,0.8701249883466592,0.25,0.8
10321,3,0.0,0.0,0.0,0.0,0.0,0.0,0.0,0.0,0.0,0.0
10335,17,0.8,0.8666666666666666,0.8539316501572936,0.23529411764705882,0.8,0.4,0.6000000000000001,0.5541432109622958,0.23529411764705882,0.4
10339,37,0.6,0.6,0.529634717214042,0.08108108108108109,0.6,0.4,0.47272727272727283,0.4099509148465344,0.10810810810810811,0.4
10341,6,0.4,0.6,0.5531464700081437,0.3333333333333333,0.4,0.3333333333333333,0.4222222222222222,0.4935232796777481,0.3333333333333333,0.2
10347,13,0.4,0.4000000000000001,0.3600546145772339,0.15384615384615385,0.4,0.4,0.41818181818181815,0.37830330067616963,0.3076923076923077,0.4
10349,8,0.2,0.26666666666666666,0.2139862647345275,0.125,0.2,0.25,0.17307692307692307,0.1595890771248963,0.25,0.2
10359,12,0.4,0.6,0.5531464700081437,0.16666666666666666,0.4,0.3,0.3818181818181818,0.42520843362602373,0.25,0.3
10375,22,0.6,0.5333333333333333,0.6164336326286642,0.13636363636363635,0.6,0.4,0.47272727272727266,0.4694544702460291,0.18181818181818182,0.4
10390,6,0.4,0.4666666666666666,0.48522855511632257,0.3333333333333333,0.4,0.6666666666666666,0.37777777777777777,0.4329261794091841,0.6666666666666666,0.4
10393,46,1.0,1.0,1.0,0.10869565217391304,1.0,0.7,0.8727272727272727,0.7967610662472991,0.15217391304347827,0.7
10396,9,0.6,0.5333333333333333,0.6164336326286642,0.3333333333333333,0.6,0.4444444444444444,0.5185185185185185,0.5109271022449579,0.4444444444444444,0.4
10419,27,0.4,0.39999999999999997,0.4703652827859578,0.07407407407407407,0.4,0.5,0.45454545454545464,0.5166851630541053,0.18518518518518517,0.5
10420,12,0.4,0.5333333333333333,0.5087403079104241,0.16666666666666666,0.4,0.2,0.32727272727272727,0.3301376494471202,0.16666666666666666,0.2
10433,29,0.6,0.5333333333333333,0.5147714448836773,0.10344827586206896,0.6,0.6,0.5818181818181819,0.5431008121547419,0.20689655172413793,0.6
10434,5,0.0,0.0,0.0,0.0,0.0,0.0,0.0,0.0,0.0,0.0
10441,6,0.4,0.5333333333333333,0.5087403079104241,0.3333333333333333,0.4,0.5,0.4,0.4539036202482201,0.5,0.3
10445,2,0.0,0.0,0.0,0.0,0.0,0.5,0.0,0.0,0.5,0.1
10450,23,1.0,1.0,1.0,0.21739130434782608,1.0,0.5,0.7272727272727273,0.6489315753318466,0.21739130434782608,0.5
10455,12,0.6,0.5333333333333333,0.6164336326286642,0.25,0.6,0.3,0.41818181818181815,0.4000232483092519,0.25,0.3
10459,24,0.6,0.7999999999999999,0.7227265726449518,0.125,0.6,0.5,0.5454545454545455,0.5988751049740155,0.20833333333333334,0.5
10460,21,0.2,0.19999999999999998,0.16958010263680803,0.047619047619047616,0.2,0.1,0.14545454545454548,0.11004588314904007,0.047619047619047616,0.1
10468,19,0.6,0.5333333333333333,0.5147714448836773,0.15789473684210525,0.6,0.4,0.47272727272727283,0.4034826666009928,0.21052631578947367,0.4
10485,16,0.2,0.26666666666666666,0.2139862647345275,0.0625,0.2,0.3,0.3272727272727272,0.2906246349515899,0.1875,0.3
10489,17,0.4,0.5333333333333333,0.5087403079104241,0.11764705882352941,0.4,0.2,0.32727272727272727,0.3301376494471202,0.11764705882352941,0.2
10495,13,0.2,0.3333333333333333,0.33916020527361607,0.07692307692307693,0.2,0.2,0.2545454545454545,0.29345568839744024,0.15384615384615385,0.2
10513,3,0.0,0.0,0.0,0.0,0.0,0.0,0.0,0.0,0.0,0.0
10518,2,0.0,0.0,0.0,0.0,0.0,0.0,0.0,0.0,0.0,0.0
10521,5,0.0,0.0,0.0,0.0,0.0,0.0,0.0,0.0,0.0,0.0
10531,52,0.8,0.9333333333333332,0.8687949224876582,0.07692307692307693,0.8,0.5,0.6545454545454547,0.6300426811446146,0.09615384615384616,0.5
10532,4,0.5,0.35714285714285715,0.39038004999210163,0.5,0.4,0.5,0.2941176470588235,0.39038004999210163,0.5,0.2
10535,1,0.0,0.0,0.0,0.0,0.0,0.0,0.0,0.0,0.0,0.0
10537,12,0.6,0.7999999999999999,0.7227265726449518,0.25,0.6,0.5,0.5818181818181819,0.6059848036189865,0.4166666666666667,0.5
10543,4,0.25,0.35714285714285715,0.39038004999210163,0.25,0.2,0.5,0.2941176470588235,0.39038004999210163,0.5,0.2
10545,6,0.4,0.5333333333333333,0.5087403079104241,0.3333333333333333,0.4,0.3333333333333333,0.4,0.4539036202482201,0.3333333333333333,0.2
10547,2,0.5,0.0,0.0,0.5,0.2,0.5,0.0,0.0,0.5,0.1
10553,12,0.2,0.06666666666666665,0.13120507751234176,0.08333333333333333,0.2,0.2,0.16363636363636364,0.15457433957839825,0.16666666666666666,0.2
10566,5,0.0,0.0,0.0,0.0,0.0,0.2,0.0,0.0,0.2,0.1
10567,21,0.6,0.7999999999999999,0.7227265726449518,0.14285714285714285,0.6,0.4,0.5090909090909091,0.5326208815196265,0.19047619047619047,0.4
10568,9,0.2,0.3333333333333333,0.33916020527361607,0.1111111111111111,0.2,0.3333333333333333,0.3333333333333333,0.3929190786987534,0.3333333333333333,0.3
10569,6,0.0,0.0,0.0,0.0,0.0,0.0,0.0,0.0,0.0,0.0
10572,13,0.6,0.5333333333333333,0.6164336326286642,0.23076923076923078,0.6,0.3,0.41818181818181815,0.4000232483092519,0.23076923076923078,0.3
10582,20,0.8,0.8666666666666666,0.8539316501572936,0.2,0.8,0.6,0.7636363636363637,0.7059054020403311,0.3,0.6
10583,15,0.6,0.7333333333333334,0.6992148198508501,0.2,0.6,0.4,0.5454545454545454,0.5271064966405455,0.26666666666666666,0.4
10588,22,0.4,0.6,0.5531464700081437,0.09090909090909091,0.4,0.3,0.43636363636363634,0.43735247915031,0.13636363636363635,0.3
10589,15,0.2,0.26666666666666666,0.2139862647345275,0.06666666666666667,0.2,0.1,0.16363636363636364,0.1388624438735545,0.06666666666666667,0.1
10596,5,0.2,0.06666666666666665,0.13120507751234176,0.2,0.2,0.2,0.15,0.13120507751234176,0.2,0.1
10599,17,0.2,0.3333333333333333,0.33916020527361607,0.058823529411764705,0.2,0.2,0.2727272727272727,0.2984900352767555,0.11764705882352941,0.2
10601,13,0.2,0.3333333333333333,0.33916020527361607,0.07692307692307693,0.2,0.2,0.21818181818181817,0.28634598975246917,0.15384615384615385,0.2
10609,8,0.6,0.6666666666666666,0.6548086577531306,0.375,0.6,0.375,0.4807692307692307,0.4883505467692416,0.375,0.3
10621,20,0.4,0.6,0.5531464700081437,0.1,0.4,0.3,0.43636363636363634,0.43735247915031,0.15,0.3
10624,31,0.2,0.06666666666666665,0.13120507751234176,0.03225806451612903,0.2,0.3,0.23636363636363636,0.22793826167775824,0.0967741935483871,0.3
10628,4,0.25,0.35714285714285715,0.39038004999210163,0.25,0.2,0.5,0.2941176470588235,0.39038004999210163,0.5,0.2
10629,6,0.0,0.0,0.0,0.0,0.0,0.0,0.0,0.0,0.0,0.0
10643,5,0.2,0.06666666666666665,0.13120507751234176,0.2,0.2,0.2,0.15,0.13120507751234176,0.2,0.1
10645,24,0.4,0.4000000000000001,0.3600546145772339,0.08333333333333333,0.4,0.4,0.45454545454545453,0.38541299932114065,0.16666666666666666,0.4
10647,1,1.0,0.0,0.0,1.0,0.2,1.0,0.0,0.0,1.0,0.1
10651,2,0.0,0.0,0.0,0.0,0.0,0.0,0.0,0.0,0.0,0.0
10653,4,0.25,0.14285714285714288,0.16812753627111746,0.25,0.2,0.25,0.20588235294117643,0.16812753627111746,0.25,0.1
10655,24,0.0,0.0,0.0,0.0,0.0,0.2,0.09090909090909091,0.13568544539116628,0.08333333333333333,0.2
10661,4,0.25,0.28571428571428575,0.2463023887407299,0.25,0.2,0.25,0.2647058823529412,0.2463023887407299,0.25,0.1
10664,25,0.6,0.6666666666666666,0.6843515475204854,0.12,0.6,0.4,0.4727272727272727,0.5077181160122074,0.16,0.4
10667,25,0.4,0.5333333333333333,0.5087403079104241,0.08,0.4,0.2,0.32727272727272727,0.3301376494471202,0.08,0.2
10670,7,0.2,0.3333333333333333,0.33916020527361607,0.14285714285714285,0.2,0.14285714285714285,0.2040816326530612,0.27487633291429087,0.14285714285714285,0.1
10671,81,0.6,0.7333333333333334,0.6992148198508501,0.037037037037037035,0.6,0.6,0.5818181818181818,0.6530488081313035,0.07407407407407407,0.6
10673,41,0.6,0.7999999999999999,0.7227265726449518,0.07317073170731707,0.6,0.5,0.6545454545454545,0.6207622843987102,0.12195121951219512,0.5
10674,8,0.2,0.26666666666666666,0.2139862647345275,0.125,0.2,0.125,0.17307692307692307,0.1595890771248963,0.125,0.1
10684,4,0.0,0.0,0.0,0.0,0.0,0.0,0.0,0.0,0.0,0.0
10689,59,0.8,0.8666666666666666,0.8539316501572936,0.06779661016949153,0.8,0.8,0.8181818181818182,0.835780413693672,0.13559322033898305,0.8
10695,2,0.0,0.0,0.0,0.0,0.0,0.5,0.0,0.0,0.5,0.1
10698,21,0.4,0.4666666666666666,0.48522855511632257,0.09523809523809523,0.4,0.3,0.36363636363636365,0.3843113526044082,0.14285714285714285,0.3
10704,18,0.6,0.7333333333333334,0.6992148198508501,0.16666666666666666,0.6,0.3,0.47272727272727266,0.4537425745411855,0.16666666666666666,0.3
10707,5,0.0,0.0,0.0,0.0,0.0,0.0,0.0,0.0,0.0,0.0
10715,11,0.6,0.6666666666666666,0.6843515475204854,0.2727272727272727,0.6,0.4,0.509090909090909,0.5135285497500329,0.36363636363636365,0.4
10718,2,0.0,0.0,0.0,0.0,0.0,0.0,0.0,0.0,0.0,0.0
10719,25,0.4,0.4000000000000001,0.3600546145772339,0.08,0.4,0.4,0.41818181818181815,0.37644595227924255,0.16,0.4
10721,19,0.4,0.5333333333333333,0.5087403079104241,0.10526315789473684,0.4,0.2,0.32727272727272727,0.3301376494471202,0.10526315789473684,0.2
10722,6,0.0,0.0,0.0,0.0,0.0,0.0,0.0,0.0,0.0,0.0
10735,2,0.0,0.0,0.0,0.0,0.0,0.0,0.0,0.0,0.0,0.0
10742,18,0.8,0.9333333333333332,0.8687949224876582,0.2222222222222222,0.8,0.4,0.6181818181818183,0.5637884576902256,0.2222222222222222,0.4
10747,2,0.5,0.5555555555555556,0.6131471927654584,0.5,0.2,0.5,0.5263157894736842,0.6131471927654584,0.5,0.1
10755,5,0.0,0.0,0.0,0.0,0.0,0.0,0.0,0.0,0.0,0.0
10763,37,1.0,1.0,1.0,0.13513513513513514,1.0,0.7,0.8545454545454546,0.793584067764911,0.1891891891891892,0.7
10764,23,0.2,0.3333333333333333,0.33916020527361607,0.043478260869565216,0.2,0.1,0.18181818181818182,0.22009176629808014,0.043478260869565216,0.1
10774,5,0.2,0.3333333333333333,0.33916020527361607,0.2,0.2,0.2,0.25,0.33916020527361607,0.2,0.1
10775,1,1.0,1.0,1.0,1.0,0.2,1.0,1.0,1.0,1.0,0.1
10777,6,0.6,0.5333333333333333,0.6164336326286642,0.5,0.6,0.5,0.5111111111111111,0.5499887725471476,0.5,0.3
10779,9,0.0,0.0,0.0,0.0,0.0,0.0,0.0,0.0,0.0,0.0
10780,9,0.0,0.0,0.0,0.0,0.0,0.0,0.0,0.0,0.0,0.0
10790,2,0.0,0.0,0.0,0.0,0.0,0.0,0.0,0.0,0.0,0.0
10792,29,0.8,0.9333333333333332,0.8687949224876582,0.13793103448275862,0.8,0.4,0.6181818181818183,0.5637884576902256,0.13793103448275862,0.4
10794,12,0.8,0.6666666666666666,0.6608397947263838,0.3333333333333333,0.8,0.6,0.6727272727272727,0.5734923014668307,0.5,0.6
10795,5,0.4,0.4666666666666666,0.38356636737133554,0.4,0.4,0.4,0.42500000000000004,0.38356636737133554,0.4,0.2
10807,21,0.6,0.46666666666666673,0.4912596920895757,0.14285714285714285,0.6,0.6,0.6181818181818183,0.5399873388995389,0.2857142857142857,0.6
10816,3,0.3333333333333333,0.4166666666666667,0.46927872602275644,0.3333333333333333,0.2,0.3333333333333333,0.37037037037037035,0.46927872602275644,0.3333333333333333,0.1
10821,5,0.0,0.0,0.0,0.0,0.0,0.2,0.0,0.0,0.2,0.1
10822,17,0.4,0.4000000000000001,0.3600546145772339,0.11764705882352941,0.4,0.4,0.38181818181818183,0.370635518541417,0.23529411764705882,0.4
10824,1,0.0,0.0,0.0,0.0,0.0,0.0,0.0,0.0,0.0,0.0
10825,16,0.6,0.46666666666666673,0.4912596920895757,0.1875,0.6,0.5,0.509090909090909,0.4584120714384754,0.3125,0.5
10831,8,0.0,0.0,0.0,0.0,0.0,0.0,0.0,0.0,0.0,0.0
10838,15,0.0,0.0,0.0,0.0,0.0,0.0,0.0,0.0,0.0,0.0
10843,7,0.0,0.0,0.0,0.0,0.0,0.2857142857142857,0.1020408163265306,0.0979129253499678,0.2857142857142857,0.2
10853,7,0.0,0.0,0.0,0.0,0.0,0.0,0.0,0.0,0.0,0.0
10863,3,0.3333333333333333,0.25,0.23463936301137822,0.3333333333333333,0.2,0.3333333333333333,0.2962962962962963,0.23463936301137822,0.3333333333333333,0.1
10867,13,0.4,0.6,0.5531464700081437,0.15384615384615385,0.4,0.2,0.34545454545454546,0.3589542101716347,0.15384615384615385,0.2
10868,3,0.0,0.0,0.0,0.0,0.0,0.0,0.0,0.0,0.0,0.0
10888,4,0.25,0.0,0.0,0.25,0.2,0.5,0.0,0.0,0.5,0.2
10889,10,0.2,0.06666666666666665,0.13120507751234176,0.1,0.2,0.2,0.12727272727272726,0.14876390584057267,0.2,0.2
10892,6,0.4,0.19999999999999998,0.2772734273550482,0.3333333333333333,0.4,0.3333333333333333,0.28888888888888886,0.24738635904833414,0.3333333333333333,0.2
10895,35,0.6,0.7999999999999999,0.7227265726449518,0.08571428571428572,0.6,0.6,0.6909090909090909,0.6870165078530992,0.17142857142857143,0.6
10898,3,0.3333333333333333,0.4166666666666667,0.46927872602275644,0.3333333333333333,0.2,0.6666666666666666,0.37037037037037035,0.46927872602275644,0.6666666666666666,0.2
10909,5,0.0,0.0,0.0,0.0,0.0,0.0,0.0,0.0,0.0,0.0
10910,22,0.6,0.6666666666666666,0.6548086577531306,0.13636363636363635,0.6,0.5,0.6181818181818182,0.5766882048947064,0.22727272727272727,0.5
10911,47,0.6,0.6666666666666666,0.6548086577531306,0.06382978723404255,0.6,0.3,0.45454545454545453,0.424926013816671,0.06382978723404255,0.3
10913,28,0.4,0.3333333333333333,0.31564845247951445,0.07142857142857142,0.4,0.3,0.32727272727272727,0.27426546945536806,0.10714285714285714,0.3
10923,5,0.2,0.3333333333333333,0.33916020527361607,0.2,0.2,0.2,0.25,0.33916020527361607,0.2,0.1
10926,17,0.0,0.0,0.0,0.0,0.0,0.0,0.0,0.0,0.0,0.0
10927,3,0.0,0.0,0.0,0.0,0.0,0.0,0.0,0.0,0.0,0.0
10930,9,0.2,0.3333333333333333,0.33916020527361607,0.1111111111111111,0.2,0.1111111111111111,0.18518518518518517,0.23504554941448538,0.1111111111111111,0.1
10937,1,0.0,0.0,0.0,0.0,0.0,0.0,0.0,0.0,0.0,0.0
10938,1,1.0,1.0,1.0,1.0,0.2,1.0,1.0,1.0,1.0,0.1
10949,18,0.8,0.8666666666666666,0.8539316501572936,0.2222222222222222,0.8,0.5,0.6181818181818183,0.6177639991612476,0.2777777777777778,0.5
10951,7,0.0,0.0,0.0,0.0,0.0,0.14285714285714285,0.0,0.0,0.14285714285714285,0.1
10958,6,0.2,0.06666666666666665,0.13120507751234176,0.16666666666666666,0.2,0.16666666666666666,0.13333333333333333,0.11706259313796352,0.16666666666666666,0.1
10966,2,0.0,0.0,0.0,0.0,0.0,0.0,0.0,0.0,0.0,0.0
10968,11,0.0,0.0,0.0,0.0,0.0,0.0,0.0,0.0,0.0,0.0
10973,6,0.2,0.3333333333333333,0.33916020527361607,0.16666666666666666,0.2,0.16666666666666666,0.2222222222222222,0.30260241349881345,0.16666666666666666,0.1
10983,8,0.4,0.39999999999999997,0.4703652827859578,0.25,0.4,0.25,0.3076923076923077,0.35079429740281753,0.25,0.2
10989,1,1.0,0.0,0.0,1.0,0.2,1.0,0.0,0.0,1.0,0.1
10991,39,1.0,1.0,1.0,0.1282051282051282,1.0,0.7,0.8181818181818182,0.7859162856301585,0.1794871794871795,0.7
10996,8,0.6,0.6,0.6399453854227659,0.375,0.6,0.375,0.4615384615384615,0.4772656487866461,0.375,0.3
11001,2,0.0,0.0,0.0,0.0,0.0,0.0,0.0,0.0,0.0,0.0
11009,11,0.4,0.4666666666666666,0.38356636737133554,0.18181818181818182,0.4,0.2,0.30909090909090914,0.24890832702259458,0.18181818181818182,0.2
11016,11,0.4,0.5333333333333333,0.5087403079104241,0.18181818181818182,0.4,0.4,0.4,0.46318965958284913,0.36363636363636365,0.4
11018,10,0.6,0.6666666666666666,0.6548086577531306,0.3,0.6,0.5,0.6,0.5727555047321236,0.5,0.5
11020,23,0.2,0.3333333333333333,0.33916020527361607,0.043478260869565216,0.2,0.4,0.3272727272727272,0.4283650469300962,0.17391304347826086,0.4
11023,23,1.0,1.0,1.0,0.21739130434782608,1.0,0.7,0.890909090909091,0.800693766409882,0.30434782608695654,0.7
11024,7,0.0,0.0,0.0,0.0,0.0,0.0,0.0,0.0,0.0,0.0
11027,46,1.0,1.0,1.0,0.10869565217391304,1.0,0.5,0.7272727272727273,0.6489315753318466,0.10869565217391304,0.5
11028,17,0.2,0.26666666666666666,0.2139862647345275,0.058823529411764705,0.2,0.1,0.16363636363636364,0.1388624438735545,0.058823529411764705,0.1
11033,5,0.2,0.3333333333333333,0.33916020527361607,0.2,0.2,0.2,0.25,0.33916020527361607,0.2,0.1
11070,13,0.2,0.26666666666666666,0.2139862647345275,0.07692307692307693,0.2,0.3,0.3272727272727272,0.2906246349515899,0.23076923076923078,0.3
11073,3,0.0,0.0,0.0,0.0,0.0,0.0,0.0,0.0,0.0,0.0
11080,1,0.0,0.0,0.0,0.0,0.0,0.0,0.0,0.0,0.0,0.0
11083,9,0.4,0.3333333333333333,0.31564845247951445,0.2222222222222222,0.4,0.2222222222222222,0.27777777777777773,0.21875138291954285,0.2222222222222222,0.2
11084,1,0.0,0.0,0.0,0.0,0.0,0.0,0.0,0.0,0.0,0.0
11091,5,0.2,0.3333333333333333,0.33916020527361607,0.2,0.2,0.4,0.25,0.33916020527361607,0.4,0.2
11092,18,0.2,0.3333333333333333,0.33916020527361607,0.05555555555555555,0.2,0.2,0.2545454545454545,0.29345568839744024,0.1111111111111111,0.2
11093,7,0.0,0.0,0.0,0.0,0.0,0.0,0.0,0.0,0.0,0.0
11097,6,0.4,0.26666666666666666,0.3007851801491498,0.3333333333333333,0.4,0.3333333333333333,0.3111111111111111,0.26836379988737025,0.3333333333333333,0.2
11105,55,0.4,0.5333333333333333,0.5087403079104241,0.03636363636363636,0.4,0.4,0.47272727272727266,0.4779671403625727,0.07272727272727272,0.4
11107,11,0.4,0.6,0.5531464700081437,0.18181818181818182,0.4,0.3,0.41818181818181815,0.43231813227099475,0.2727272727272727,0.3
11116,26,0.6,0.7999999999999999,0.7227265726449518,0.11538461538461539,0.6,0.4,0.5818181818181819,0.5473983622993501,0.15384615384615385,0.4
11117,2,1.0,0.0,0.0,1.0,0.4,1.0,0.0,0.0,1.0,0.2
11118,15,0.6,0.6,0.529634717214042,0.2,0.6,0.4,0.47272727272727283,0.4099509148465344,0.26666666666666666,0.4
11134,17,0.2,0.26666666666666666,0.2139862647345275,0.058823529411764705,0.2,0.1,0.16363636363636364,0.1388624438735545,0.058823529411764705,0.1
11140,3,0.0,0.0,0.0,0.0,0.0,0.0,0.0,0.0,0.0,0.0
11152,29,0.6,0.6,0.6399453854227659,0.10344827586206896,0.6,0.3,0.43636363636363634,0.4152807670887412,0.10344827586206896,0.3
11155,3,0.0,0.0,0.0,0.0,0.0,0.0,0.0,0.0,0.0,0.0
11162,7,0.2,0.26666666666666666,0.2139862647345275,0.14285714285714285,0.2,0.14285714285714285,0.18367346938775508,0.17342765698823942,0.14285714285714285,0.1
11166,17,0.4,0.5333333333333333,0.5087403079104241,0.11764705882352941,0.4,0.3,0.38181818181818183,0.3995688713838974,0.17647058823529413,0.3
11174,34,0.6,0.7999999999999999,0.7227265726449518,0.08823529411764706,0.6,0.3,0.49090909090909096,0.46900009332067477,0.08823529411764706,0.3
11175,46,1.0,1.0,1.0,0.10869565217391304,1.0,1.0,1.0,1.0,0.21739130434782608,1.0
11183,10,0.4,0.4666666666666666,0.48522855511632257,0.2,0.4,0.3,0.36363636363636365,0.3843113526044082,0.3,0.3
11184,17,0.4,0.4666666666666666,0.48522855511632257,0.11764705882352941,0.4,0.3,0.38181818181818183,0.38824405276699103,0.17647058823529413,0.3
11188,15,0.2,0.3333333333333333,0.33916020527361607,0.06666666666666667,0.2,0.1,0.18181818181818182,0.22009176629808014,0.06666666666666667,0.1
11190,20,0.6,0.7333333333333334,0.6992148198508501,0.15,0.6,0.4,0.5454545454545454,0.5271064966405455,0.2,0.4
11198,40,0.4,0.5333333333333333,0.5087403079104241,0.05,0.4,0.3,0.36363636363636365,0.39639187290150923,0.075,0.3
11204,38,0.8,0.8666666666666666,0.8539316501572936,0.10526315789473684,0.8,0.7,0.7636363636363637,0.7631925784528222,0.18421052631578946,0.7
11206,16,0.8,0.8666666666666666,0.8539316501572936,0.25,0.8,0.4,0.6000000000000001,0.5541432109622958,0.25,0.4
11208,36,0.8,0.7333333333333334,0.7860137352654724,0.1111111111111111,0.8,0.6,0.6909090909090909,0.6528642754944293,0.16666666666666666,0.6
11213,1,0.0,0.0,0.0,0.0,0.0,0.0,0.0,0.0,0.0,0.0
11214,61,0.6,0.5333333333333333,0.5147714448836773,0.04918032786885246,0.6,0.6,0.5818181818181819,0.5431008121547419,0.09836065573770492,0.6
11216,28,0.0,0.0,0.0,0.0,0.0,0.1,0.07272727272727274,0.07336392209936006,0.03571428571428571,0.1
11220,22,0.8,0.9333333333333332,0.8687949224876582,0.18181818181818182,0.8,0.5,0.6545454545454547,0.6300426811446146,0.22727272727272727,0.5
11223,21,0.6,0.7999999999999999,0.7227265726449518,0.14285714285714285,0.6,0.3,0.49090909090909096,0.46900009332067477,0.14285714285714285,0.3
11225,26,0.8,0.8666666666666666,0.8539316501572936,0.15384615384615385,0.8,0.4,0.6000000000000001,0.5541432109622958,0.15384615384615385,0.4
11229,33,0.8,0.9333333333333332,0.8687949224876582,0.12121212121212122,0.8,0.7,0.7454545454545454,0.7670273914429264,0.21212121212121213,0.7
11233,5,0.0,0.0,0.0,0.0,0.0,0.0,0.0,0.0,0.0,0.0
11234,13,0.4,0.39999999999999997,0.4703652827859578,0.15384615384615385,0.4,0.3,0.32727272727272727,0.37148910739409013,0.23076923076923078,0.3
11236,31,0.8,0.7333333333333334,0.7860137352654724,0.12903225806451613,0.8,0.8,0.7818181818181817,0.7917063341896682,0.25806451612903225,0.8
11243,19,0.2,0.19999999999999998,0.16958010263680803,0.05263157894736842,0.2,0.2,0.2,0.17947710508581735,0.10526315789473684,0.2
11246,6,0.2,0.3333333333333333,0.33916020527361607,0.16666666666666666,0.2,0.16666666666666666,0.2222222222222222,0.30260241349881345,0.16666666666666666,0.1
11254,21,0.4,0.6,0.5531464700081437,0.09523809523809523,0.4,0.2,0.34545454545454546,0.3589542101716347,0.09523809523809523,0.2
11291,11,0.0,0.0,0.0,0.0,0.0,0.2,0.054545454545454536,0.12987501165334073,0.18181818181818182,0.2
11294,16,0.6,0.6,0.6399453854227659,0.1875,0.6,0.3,0.43636363636363634,0.4152807670887412,0.1875,0.3
11296,29,0.8,0.9333333333333332,0.8687949224876582,0.13793103448275862,0.8,0.8,0.8363636363636364,0.8454256604216017,0.27586206896551724,0.8
11305,1,0.0,0.0,0.0,0.0,0.0,0.0,0.0,0.0,0.0,0.0
11306,66,0.6,0.7333333333333334,0.6992148198508501,0.045454545454545456,0.6,0.4,0.49090909090909085,0.5173633627401372,0.06060606060606061,0.4
11307,27,0.4,0.4666666666666666,0.48522855511632257,0.07407407407407407,0.4,0.2,0.3090909090909091,0.31488013066763093,0.07407407407407407,0.2
11321,29,0.8,0.9333333333333332,0.8687949224876582,0.13793103448275862,0.8,0.7,0.7636363636363637,0.7720617383222417,0.2413793103448276,0.7
11322,8,0.2,0.26666666666666666,0.2139862647345275,0.125,0.2,0.125,0.17307692307692307,0.1595890771248963,0.125,0.1
11332,24,0.2,0.19999999999999998,0.16958010263680803,0.041666666666666664,0.2,0.1,0.14545454545454548,0.11004588314904007,0.041666666666666664,0.1
11343,3,0.3333333333333333,0.33333333333333337,0.29608191096586517,0.3333333333333333,0.2,0.3333333333333333,0.3333333333333333,0.29608191096586517,0.3333333333333333,0.1
11346,20,0.2,0.13333333333333333,0.14606834984270645,0.05,0.2,0.1,0.12727272727272726,0.09478836436955078,0.05,0.1
11349,9,0.0,0.0,0.0,0.0,0.0,0.0,0.0,0.0,0.0,0.0
11355,19,0.0,0.0,0.0,0.0,0.0,0.0,0.0,0.0,0.0,0.0
11361,13,0.2,0.3333333333333333,0.33916020527361607,0.07692307692307693,0.2,0.1,0.18181818181818182,0.22009176629808014,0.07692307692307693,0.1
11366,25,0.2,0.3333333333333333,0.33916020527361607,0.04,0.2,0.1,0.18181818181818182,0.22009176629808014,0.04,0.1
11370,2,0.0,0.0,0.0,0.0,0.0,0.0,0.0,0.0,0.0,0.0
11372,23,0.8,0.8666666666666666,0.8539316501572936,0.17391304347826086,0.8,0.7,0.8181818181818182,0.7753366239771085,0.30434782608695654,0.7
11376,1,0.0,0.0,0.0,0.0,0.0,0.0,0.0,0.0,0.0,0.0
11377,15,0.0,0.0,0.0,0.0,0.0,0.1,0.036363636363636355,0.06625422345438903,0.06666666666666667,0.1
11380,10,0.2,0.19999999999999998,0.16958010263680803,0.1,0.2,0.1,0.14545454545454548,0.11004588314904007,0.1,0.1
11382,5,0.6,0.7999999999999999,0.7227265726449518,0.6,0.6,0.6,0.675,0.7227265726449518,0.6,0.3
11385,4,0.25,0.35714285714285715,0.39038004999210163,0.25,0.2,0.25,0.2941176470588235,0.39038004999210163,0.25,0.1
11396,20,0.4,0.6,0.5531464700081437,0.1,0.4,0.4,0.45454545454545453,0.49857235572538383,0.2,0.4
11404,2,0.0,0.0,0.0,0.0,0.0,0.0,0.0,0.0,0.0,0.0
11419,13,0.2,0.26666666666666666,0.2139862647345275,0.07692307692307693,0.2,0.2,0.18181818181818182,0.2024832320725062,0.15384615384615385,0.2
11423,3,0.0,0.0,0.0,0.0,0.0,0.0,0.0,0.0,0.0,0.0
11424,16,0.0,0.0,0.0,0.0,0.0,0.1,0.018181818181818177,0.0636207881989517,0.0625,0.1
11426,35,1.0,1.0,1.0,0.14285714285714285,1.0,0.7,0.8545454545454546,0.7917267193679839,0.2,0.7
11434,24,1.0,1.0,1.0,0.20833333333333334,1.0,0.6,0.7636363636363637,0.7151857987862357,0.25,0.6
11439,18,0.6,0.6,0.529634717214042,0.16666666666666666,0.6,0.5,0.5454545454545455,0.48571574856977234,0.2777777777777778,0.5
11449,35,0.6,0.6666666666666666,0.6843515475204854,0.08571428571428572,0.6,0.7,0.7090909090909091,0.7315449642824573,0.2,0.7
11450,8,0.6,0.6,0.6399453854227659,0.375,0.6,0.375,0.4615384615384615,0.4772656487866461,0.375,0.3
11452,54,0.6,0.6666666666666666,0.6548086577531306,0.05555555555555555,0.6,0.7,0.6909090909090909,0.7097402150304354,0.12962962962962962,0.7
11462,12,0.6,0.6666666666666666,0.6843515475204854,0.25,0.6,0.3,0.45454545454545453,0.44409732781325567,0.25,0.3
11469,7,0.4,0.4666666666666666,0.38356636737133554,0.2857142857142857,0.4,0.42857142857142855,0.42857142857142855,0.4024912677501485,0.42857142857142855,0.3
11486,21,0.2,0.3333333333333333,0.33916020527361607,0.047619047619047616,0.2,0.1,0.18181818181818182,0.22009176629808014,0.047619047619047616,0.1
11497,4,0.25,0.35714285714285715,0.39038004999210163,0.25,0.2,0.25,0.2941176470588235,0.39038004999210163,0.25,0.1
11502,12,0.4,0.5333333333333333,0.5087403079104241,0.16666666666666666,0.4,0.3,0.34545454545454546,0.3937584376460719,0.25,0.3
11505,3,0.3333333333333333,0.4166666666666667,0.46927872602275644,0.3333333333333333,0.2,0.6666666666666666,0.37037037037037035,0.46927872602275644,0.6666666666666666,0.2
11517,26,0.8,0.8000000000000002,0.8304198973631919,0.15384615384615385,0.8,0.6,0.7454545454545454,0.6906478832608418,0.23076923076923078,0.6
11520,12,0.4,0.6,0.5531464700081437,0.16666666666666666,0.4,0.2,0.34545454545454546,0.3589542101716347,0.16666666666666666,0.2
11523,7,0.4,0.6,0.5531464700081437,0.2857142857142857,0.4,0.2857142857142857,0.38775510204081626,0.4483039899025303,0.2857142857142857,0.2
11531,12,0.6,0.6666666666666666,0.6843515475204854,0.25,0.6,0.4,0.5454545454545454,0.522495596791931,0.3333333333333333,0.4
11539,14,0.4,0.6,0.5531464700081437,0.14285714285714285,0.4,0.3,0.41818181818181815,0.43231813227099475,0.21428571428571427,0.3
11544,31,1.0,1.0,1.0,0.16129032258064516,1.0,0.5,0.7272727272727273,0.6489315753318466,0.16129032258064516,0.5
11554,28,0.6,0.6666666666666666,0.6843515475204854,0.10714285714285714,0.6,0.3,0.45454545454545453,0.44409732781325567,0.10714285714285714,0.3
11558,31,0.8,0.8666666666666666,0.8539316501572936,0.12903225806451613,0.8,0.8,0.8545454545454546,0.8415908474314975,0.25806451612903225,0.8
11561,6,0.0,0.0,0.0,0.0,0.0,0.16666666666666666,0.0,0.0,0.16666666666666666,0.1
11566,4,0.0,0.0,0.0,0.0,0.0,0.0,0.0,0.0,0.0,0.0
11573,5,0.2,0.3333333333333333,0.33916020527361607,0.2,0.2,0.4,0.25,0.33916020527361607,0.4,0.2
11575,12,0.0,0.0,0.0,0.0,0.0,0.2,0.16363636363636364,0.1517621910780354,0.16666666666666666,0.2
11600,9,0.0,0.0,0.0,0.0,0.0,0.1111111111111111,0.0,0.0,0.1111111111111111,0.1
11625,10,0.4,0.5333333333333333,0.5087403079104241,0.2,0.4,0.3,0.34545454545454546,0.3937584376460719,0.3,0.3
11630,16,0.4,0.19999999999999998,0.2772734273550482,0.125,0.4,0.3,0.3272727272727272,0.25832975098984706,0.1875,0.3
11631,8,0.2,0.13333333333333333,0.14606834984270645,0.125,0.2,0.125,0.1346153846153846,0.1089364926177559,0.125,0.1
11632,9,0.2,0.3333333333333333,0.33916020527361607,0.1111111111111111,0.2,0.1111111111111111,0.18518518518518517,0.23504554941448538,0.1111111111111111,0.1
11635,7,0.2,0.3333333333333333,0.33916020527361607,0.14285714285714285,0.2,0.14285714285714285,0.2040816326530612,0.27487633291429087,0.14285714285714285,0.1
11636,1,0.0,0.0,0.0,0.0,0.0,1.0,0.0,0.0,1.0,0.1
11641,4,0.25,0.2142857142857143,0.19519002499605081,0.25,0.2,0.25,0.23529411764705882,0.19519002499605081,0.25,0.1
11644,37,0.4,0.4000000000000001,0.3600546145772339,0.05405405405405406,0.4,0.5,0.47272727272727283,0.44773452261294683,0.13513513513513514,0.5
11647,8,0.0,0.0,0.0,0.0,0.0,0.125,0.057692307692307696,0.07979453856244816,0.125,0.1
11653,16,0.4,0.5333333333333333,0.5087403079104241,0.125,0.4,0.4,0.47272727272727266,0.4779671403625727,0.25,0.4
11657,72,0.8,0.9333333333333332,0.8687949224876582,0.05555555555555555,0.8,0.6,0.7090909090909091,0.6994739030813919,0.08333333333333333,0.6
11663,32,0.8,0.9333333333333332,0.8687949224876582,0.125,0.8,0.6,0.781818181818182,0.7155506487682609,0.1875,0.6
11675,3,0.0,0.0,0.0,0.0,0.0,0.0,0.0,0.0,0.0,0.0
11676,5,0.0,0.0,0.0,0.0,0.0,0.0,0.0,0.0,0.0,0.0
11682,21,0.6,0.7999999999999999,0.7227265726449518,0.14285714285714285,0.6,0.4,0.5818181818181819,0.5473983622993501,0.19047619047619047,0.4
11683,5,0.2,0.3333333333333333,0.33916020527361607,0.2,0.2,0.2,0.25,0.33916020527361607,0.2,0.1
11694,1,1.0,0.0,0.0,1.0,0.2,1.0,0.0,0.0,1.0,0.1
11695,8,0.6,0.6666666666666666,0.6548086577531306,0.375,0.6,0.375,0.4807692307692307,0.4883505467692416,0.375,0.3
11708,14,0.6,0.7999999999999999,0.7227265726449518,0.21428571428571427,0.6,0.3,0.49090909090909096,0.46900009332067477,0.21428571428571427,0.3
11710,13,0.0,0.0,0.0,0.0,0.0,0.0,0.0,0.0,0.0,0.0
11712,35,0.8,0.9333333333333332,0.8687949224876582,0.11428571428571428,0.8,0.4,0.6181818181818183,0.5637884576902256,0.11428571428571428,0.4
11713,32,0.8,0.9333333333333332,0.8687949224876582,0.125,0.8,0.7,0.8181818181818183,0.78180487222265,0.21875,0.7
11714,2,0.5,0.5555555555555556,0.6131471927654584,0.5,0.2,0.5,0.5263157894736842,0.6131471927654584,0.5,0.1
11722,25,0.4,0.4666666666666666,0.48522855511632257,0.08,0.4,0.4,0.45454545454545453,0.46270962158308354,0.16,0.4
11724,1,1.0,1.0,1.0,1.0,0.2,1.0,1.0,1.0,1.0,0.1
11726,26,1.0,1.0,1.0,0.19230769230769232,1.0,0.7,0.8545454545454546,0.7917267193679839,0.2692307692307692,0.7
11730,9,0.2,0.3333333333333333,0.33916020527361607,0.1111111111111111,0.2,0.2222222222222222,0.2222222222222222,0.30580131013556594,0.2222222222222222,0.2
11733,22,0.6,0.5333333333333333,0.5147714448836773,0.13636363636363635,0.6,0.3,0.4181818181818182,0.3340514446642156,0.13636363636363635,0.3
11746,11,0.2,0.3333333333333333,0.33916020527361607,0.09090909090909091,0.2,0.1,0.18181818181818182,0.22009176629808014,0.09090909090909091,0.1
11752,30,0.8,0.7333333333333334,0.7860137352654724,0.13333333333333333,0.8,0.7,0.7272727272727273,0.7215194105726963,0.23333333333333334,0.7
11754,32,0.8,0.8666666666666666,0.8539316501572936,0.125,0.8,0.7,0.7454545454545454,0.7624164915943119,0.21875,0.7
11762,6,0.0,0.0,0.0,0.0,0.0,0.16666666666666666,0.0,0.0,0.16666666666666666,0.1
11765,30,0.2,0.3333333333333333,0.33916020527361607,0.03333333333333333,0.2,0.2,0.2,0.2837125544970318,0.06666666666666667,0.2
11766,7,0.0,0.0,0.0,0.0,0.0,0.0,0.0,0.0,0.0,0.0
11770,32,0.6,0.6666666666666666,0.6843515475204854,0.09375,0.6,0.4,0.49090909090909096,0.5103515512676448,0.125,0.4
11771,5,0.4,0.5333333333333333,0.5087403079104241,0.4,0.4,0.6,0.45,0.5087403079104241,0.6,0.3
11782,3,0.3333333333333333,0.4166666666666667,0.46927872602275644,0.3333333333333333,0.2,0.3333333333333333,0.37037037037037035,0.46927872602275644,0.3333333333333333,0.1
11796,13,0.6,0.6666666666666666,0.6548086577531306,0.23076923076923078,0.6,0.7,0.7090909090909091,0.7123736502858726,0.5384615384615384,0.7
11797,10,0.2,0.3333333333333333,0.33916020527361607,0.1,0.2,0.1,0.18181818181818182,0.22009176629808014,0.1,0.1
11801,4,0.25,0.14285714285714288,0.16812753627111746,0.25,0.2,0.5,0.20588235294117643,0.16812753627111746,0.5,0.2
11803,14,0.4,0.6,0.5531464700081437,0.14285714285714285,0.4,0.2,0.34545454545454546,0.3589542101716347,0.14285714285714285,0.2
11807,23,0.4,0.4666666666666666,0.38356636737133554,0.08695652173913043,0.4,0.3,0.34545454545454546,0.3151625504769836,0.13043478260869565,0.3
11815,4,0.25,0.0,0.0,0.25,0.2,0.5,0.0,0.0,0.5,0.2
11822,1,0.0,0.0,0.0,0.0,0.0,0.0,0.0,0.0,0.0,0.0
11829,31,0.6,0.6666666666666666,0.6548086577531306,0.0967741935483871,0.6,0.5,0.6181818181818182,0.5766882048947064,0.16129032258064516,0.5
11832,13,0.6,0.7999999999999999,0.7227265726449518,0.23076923076923078,0.6,0.4,0.5090909090909091,0.5326208815196265,0.3076923076923077,0.4
11834,3,0.0,0.0,0.0,0.0,0.0,0.0,0.0,0.0,0.0,0.0
11836,5,0.0,0.0,0.0,0.0,0.0,0.0,0.0,0.0,0.0,0.0
11841,31,0.4,0.39999999999999997,0.4703652827859578,0.06451612903225806,0.4,0.4,0.36363636363636365,0.43828689407543003,0.12903225806451613,0.4
11846,35,0.8,0.8666666666666666,0.8539316501572936,0.11428571428571428,0.8,0.5,0.6909090909090909,0.6325414799409711,0.14285714285714285,0.5
11851,2,0.0,0.0,0.0,0.0,0.0,0.0,0.0,0.0,0.0,0.0
11858,22,0.0,0.0,0.0,0.0,0.0,0.0,0.0,0.0,0.0,0.0
11860,6,0.0,0.0,0.0,0.0,0.0,0.0,0.0,0.0,0.0,0.0
11865,3,0.0,0.0,0.0,0.0,0.0,0.0,0.0,0.0,0.0,0.0
11867,9,0.6,0.6,0.529634717214042,0.3333333333333333,0.6,0.3333333333333333,0.4444444444444445,0.367048613489692,0.3333333333333333,0.3
11873,25,0.6,0.6,0.529634717214042,0.12,0.6,0.4,0.49090909090909096,0.4131279133289226,0.16,0.4
11881,1,0.0,0.0,0.0,0.0,0.0,1.0,0.0,0.0,1.0,0.1
11883,8,0.2,0.26666666666666666,0.2139862647345275,0.125,0.2,0.25,0.25,0.243903311380782,0.25,0.2
11885,11,0.4,0.6,0.5531464700081437,0.18181818181818182,0.4,0.4,0.49090909090909096,0.5067837010870873,0.36363636363636365,0.4
11889,7,0.2,0.3333333333333333,0.33916020527361607,0.14285714285714285,0.2,0.14285714285714285,0.2040816326530612,0.27487633291429087,0.14285714285714285,0.1
11895,14,0.0,0.0,0.0,0.0,0.0,0.0,0.0,0.0,0.0,0.0
11896,35,0.6,0.7999999999999999,0.7227265726449518,0.08571428571428572,0.6,0.6,0.6727272727272727,0.684383072597662,0.17142857142857143,0.6
11906,75,0.6,0.7333333333333334,0.6992148198508501,0.04,0.6,0.6,0.6181818181818182,0.6601585067762745,0.08,0.6
11911,6,0.2,0.19999999999999998,0.16958010263680803,0.16666666666666666,0.2,0.16666666666666666,0.17777777777777778,0.15130120674940672,0.16666666666666666,0.1
11912,22,0.6,0.7333333333333334,0.6992148198508501,0.13636363636363635,0.6,0.5,0.6,0.5983950669742498,0.22727272727272727,0.5
11914,16,0.0,0.0,0.0,0.0,0.0,0.1,0.018181818181818177,0.0636207881989517,0.0625,0.1
11915,19,0.8,0.7333333333333334,0.7860137352654724,0.21052631578947367,0.8,0.8,0.8181818181818182,0.7975167679274936,0.42105263157894735,0.8
11921,1,1.0,0.0,0.0,1.0,0.2,1.0,0.0,0.0,1.0,0.1
11932,33,0.6,0.7999999999999999,0.7227265726449518,0.09090909090909091,0.6,0.6,0.6363636363636365,0.6772733739526909,0.18181818181818182,0.6
11936,17,0.4,0.5333333333333333,0.5087403079104241,0.11764705882352941,0.4,0.4,0.4,0.46318965958284913,0.23529411764705882,0.4
11937,13,0.2,0.3333333333333333,0.33916020527361607,0.07692307692307693,0.2,0.1,0.18181818181818182,0.22009176629808014,0.07692307692307693,0.1
11943,2,0.5,0.5555555555555556,0.6131471927654584,0.5,0.2,0.5,0.5263157894736842,0.6131471927654584,0.5,0.1
11947,9,0.0,0.0,0.0,0.0,0.0,0.2222222222222222,0.05555555555555556,0.07414861528507453,0.2222222222222222,0.2
11954,1,1.0,0.0,0.0,1.0,0.2,1.0,0.0,0.0,1.0,0.1
11959,3,0.0,0.0,0.0,0.0,0.0,0.0,0.0,0.0,0.0,0.0
11964,26,0.8,0.8666666666666666,0.8539316501572936,0.15384615384615385,0.8,0.4,0.6000000000000001,0.5541432109622958,0.15384615384615385,0.4
11972,49,0.2,0.3333333333333333,0.33916020527361607,0.02040816326530612,0.2,0.1,0.18181818181818182,0.22009176629808014,0.02040816326530612,0.1
11974,5,0.0,0.0,0.0,0.0,0.0,0.0,0.0,0.0,0.0,0.0
11984,29,0.6,0.6,0.529634717214042,0.10344827586206896,0.6,0.4,0.49090909090909096,0.4131279133289226,0.13793103448275862,0.4
11987,30,0.8,0.7333333333333334,0.7860137352654724,0.13333333333333333,0.8,0.5,0.5818181818181819,0.5736899196572437,0.16666666666666666,0.5
12001,3,0.3333333333333333,0.33333333333333337,0.29608191096586517,0.3333333333333333,0.2,0.3333333333333333,0.3333333333333333,0.29608191096586517,0.3333333333333333,0.1
12009,15,0.4,0.4666666666666666,0.48522855511632257,0.13333333333333333,0.4,0.2,0.3090909090909091,0.31488013066763093,0.13333333333333333,0.2
12013,37,0.2,0.26666666666666666,0.2139862647345275,0.02702702702702703,0.2,0.2,0.18181818181818182,0.2024832320725062,0.05405405405405406,0.2
12019,45,0.8,0.9333333333333332,0.8687949224876582,0.08888888888888889,0.8,0.6,0.7454545454545456,0.7065836017263629,0.13333333333333333,0.6
12023,16,0.0,0.0,0.0,0.0,0.0,0.0,0.0,0.0,0.0,0.0
12024,1,0.0,0.0,0.0,0.0,0.0,0.0,0.0,0.0,0.0,0.0
12034,1,1.0,0.0,0.0,1.0,0.2,1.0,0.0,0.0,1.0,0.1
12044,27,0.4,0.5333333333333333,0.5087403079104241,0.07407407407407407,0.4,0.3,0.38181818181818183,0.3995688713838974,0.1111111111111111,0.3
12045,22,0.6,0.6666666666666666,0.6843515475204854,0.13636363636363635,0.6,0.6,0.5818181818181818,0.6473362615659566,0.2727272727272727,0.6
12046,3,0.3333333333333333,0.33333333333333337,0.29608191096586517,0.3333333333333333,0.2,0.6666666666666666,0.3333333333333333,0.29608191096586517,0.6666666666666666,0.2
12048,20,0.4,0.5333333333333333,0.5087403079104241,0.1,0.4,0.4,0.45454545454545453,0.4729327934832575,0.2,0.4
12051,19,1.0,1.0,1.0,0.2631578947368421,1.0,0.5,0.7272727272727273,0.6489315753318466,0.2631578947368421,0.5
12056,17,0.0,0.0,0.0,0.0,0.0,0.1,0.036363636363636355,0.06625422345438903,0.058823529411764705,0.1
12058,12,0.4,0.5333333333333333,0.5087403079104241,0.16666666666666666,0.4,0.3,0.38181818181818183,0.3995688713838974,0.25,0.3
12075,15,0.2,0.3333333333333333,0.33916020527361607,0.06666666666666667,0.2,0.2,0.21818181818181817,0.28634598975246917,0.13333333333333333,0.2
12076,9,0.0,0.0,0.0,0.0,0.0,0.0,0.0,0.0,0.0,0.0
12084,43,0.2,0.3333333333333333,0.33916020527361607,0.023255813953488372,0.2,0.3,0.2909090909090909,0.35970991185182927,0.06976744186046512,0.3
12098,15,0.4,0.6,0.5531464700081437,0.13333333333333333,0.4,0.2,0.34545454545454546,0.3589542101716347,0.13333333333333333,0.2
12106,5,0.0,0.0,0.0,0.0,0.0,0.0,0.0,0.0,0.0,0.0
12114,3,0.3333333333333333,0.25,0.23463936301137822,0.3333333333333333,0.2,0.3333333333333333,0.2962962962962963,0.23463936301137822,0.3333333333333333,0.1
12116,40,0.4,0.6,0.5531464700081437,0.05,0.4,0.5,0.5454545454545454,0.5769706247040591,0.125,0.5
12119,7,0.0,0.0,0.0,0.0,0.0,0.14285714285714285,0.0,0.0,0.14285714285714285,0.1
12124,1,1.0,0.0,0.0,1.0,0.2,1.0,0.0,0.0,1.0,0.1
12132,3,0.0,0.0,0.0,0.0,0.0,0.0,0.0,0.0,0.0,0.0
12134,18,0.2,0.13333333333333333,0.14606834984270645,0.05555555555555555,0.2,0.4,0.30909090909090914,0.31017134364653787,0.2222222222222222,0.4
12135,13,0.2,0.3333333333333333,0.33916020527361607,0.07692307692307693,0.2,0.2,0.2545454545454545,0.29345568839744024,0.15384615384615385,0.2
12138,65,0.8,0.9333333333333332,0.8687949224876582,0.06153846153846154,0.8,0.8,0.8181818181818182,0.8414929602590189,0.12307692307692308,0.8
12139,3,0.3333333333333333,0.4166666666666667,0.46927872602275644,0.3333333333333333,0.2,0.6666666666666666,0.37037037037037035,0.46927872602275644,0.6666666666666666,0.2
12143,5,0.2,0.3333333333333333,0.33916020527361607,0.2,0.2,0.2,0.25,0.33916020527361607,0.2,0.1
12148,7,0.2,0.26666666666666666,0.2139862647345275,0.14285714285714285,0.2,0.14285714285714285,0.18367346938775508,0.17342765698823942,0.14285714285714285,0.1
12152,5,0.2,0.19999999999999998,0.16958010263680803,0.2,0.2,0.2,0.2,0.16958010263680803,0.2,0.1
12156,6,0.2,0.13333333333333333,0.14606834984270645,0.16666666666666666,0.2,0.3333333333333333,0.15555555555555556,0.13032376591037065,0.3333333333333333,0.2
12160,21,0.4,0.5333333333333333,0.5087403079104241,0.09523809523809523,0.4,0.2,0.32727272727272727,0.3301376494471202,0.09523809523809523,0.2
12162,10,0.2,0.3333333333333333,0.33916020527361607,0.1,0.2,0.1,0.18181818181818182,0.22009176629808014,0.1,0.1
12164,27,0.2,0.3333333333333333,0.33916020527361607,0.037037037037037035,0.2,0.2,0.2,0.2837125544970318,0.07407407407407407,0.2
12165,1,1.0,0.0,0.0,1.0,0.2,1.0,0.0,0.0,1.0,0.1
12176,13,0.2,0.3333333333333333,0.33916020527361607,0.07692307692307693,0.2,0.3,0.34545454545454546,0.37185395737611554,0.23076923076923078,0.3
12190,3,0.3333333333333333,0.4166666666666667,0.46927872602275644,0.3333333333333333,0.2,0.3333333333333333,0.37037037037037035,0.46927872602275644,0.3333333333333333,0.1
12191,6,0.0,0.0,0.0,0.0,0.0,0.0,0.0,0.0,0.0,0.0
12200,19,0.4,0.3333333333333333,0.31564845247951445,0.10526315789473684,0.4,0.2,0.2727272727272727,0.20483424751859083,0.10526315789473684,0.2
12203,7,0.0,0.0,0.0,0.0,0.0,0.0,0.0,0.0,0.0,0.0
12205,2,0.0,0.0,0.0,0.0,0.0,0.0,0.0,0.0,0.0,0.0
12207,6,0.0,0.0,0.0,0.0,0.0,0.0,0.0,0.0,0.0,0.0
12210,15,0.8,0.7333333333333334,0.7860137352654724,0.26666666666666666,0.8,0.4,0.5636363636363636,0.510069131458292,0.26666666666666666,0.4
12213,15,0.2,0.3333333333333333,0.33916020527361607,0.06666666666666667,0.2,0.1,0.18181818181818182,0.22009176629808014,0.06666666666666667,0.1
12222,21,0.2,0.13333333333333333,0.14606834984270645,0.047619047619047616,0.2,0.2,0.1636363636363636,0.16104258782393982,0.09523809523809523,0.2
12227,17,0.6,0.6666666666666666,0.6843515475204854,0.17647058823529413,0.6,0.4,0.509090909090909,0.5135285497500329,0.23529411764705882,0.4
12229,12,0.2,0.3333333333333333,0.33916020527361607,0.08333333333333333,0.2,0.2,0.23636363636363636,0.2895229882348574,0.16666666666666666,0.2
12236,13,0.0,0.0,0.0,0.0,0.0,0.0,0.0,0.0,0.0,0.0
12242,5,0.2,0.3333333333333333,0.33916020527361607,0.2,0.2,0.2,0.25,0.33916020527361607,0.2,0.1
12248,40,0.6,0.6,0.529634717214042,0.075,0.6,0.5,0.5272727272727273,0.48068140169045714,0.125,0.5
12250,7,0.0,0.0,0.0,0.0,0.0,0.0,0.0,0.0,0.0,0.0
12252,7,0.4,0.4666666666666666,0.38356636737133554,0.2857142857142857,0.4,0.5714285714285714,0.4489795918367347,0.4087787487953526,0.5714285714285714,0.4
12256,12,0.2,0.26666666666666666,0.2139862647345275,0.08333333333333333,0.2,0.1,0.16363636363636364,0.1388624438735545,0.08333333333333333,0.1
12266,18,0.2,0.3333333333333333,0.33916020527361607,0.05555555555555555,0.2,0.2,0.2,0.2837125544970318,0.1111111111111111,0.2
12268,3,0.0,0.0,0.0,0.0,0.0,0.0,0.0,0.0,0.0,0.0
12279,4,0.25,0.35714285714285715,0.39038004999210163,0.25,0.2,0.25,0.2941176470588235,0.39038004999210163,0.25,0.1
12300,8,0.0,0.0,0.0,0.0,0.0,0.0,0.0,0.0,0.0,0.0
12308,3,0.0,0.0,0.0,0.0,0.0,0.0,0.0,0.0,0.0,0.0
12310,1,1.0,1.0,1.0,1.0,0.2,1.0,1.0,1.0,1.0,0.1
12318,2,0.0,0.0,0.0,0.0,0.0,0.0,0.0,0.0,0.0,0.0
12321,19,0.6,0.46666666666666673,0.4912596920895757,0.15789473684210525,0.6,0.4,0.43636363636363645,0.3850481493391153,0.21052631578947367,0.4
12322,5,0.0,0.0,0.0,0.0,0.0,0.0,0.0,0.0,0.0,0.0
12326,4,0.0,0.0,0.0,0.0,0.0,0.0,0.0,0.0,0.0,0.0
12328,2,0.5,0.5555555555555556,0.6131471927654584,0.5,0.2,0.5,0.5263157894736842,0.6131471927654584,0.5,0.1
12333,12,0.4,0.6,0.5531464700081437,0.16666666666666666,0.4,0.2,0.34545454545454546,0.3589542101716347,0.16666666666666666,0.2
12334,3,0.0,0.0,0.0,0.0,0.0,0.0,0.0,0.0,0.0,0.0
12346,1,1.0,0.0,0.0,1.0,0.2,1.0,0.0,0.0,1.0,0.1
12360,5,0.0,0.0,0.0,0.0,0.0,0.4,0.0,0.0,0.4,0.2
12364,11,0.6,0.6666666666666666,0.6843515475204854,0.2727272727272727,0.6,0.3,0.45454545454545453,0.44409732781325567,0.2727272727272727,0.3
12371,21,0.6,0.7999999999999999,0.7227265726449518,0.14285714285714285,0.6,0.3,0.49090909090909096,0.46900009332067477,0.14285714285714285,0.3
12382,15,0.4,0.3333333333333333,0.34519134224686926,0.13333333333333333,0.4,0.2,0.2727272727272727,0.22400556151517548,0.13333333333333333,0.2
12387,15,0.4,0.6,0.5531464700081437,0.13333333333333333,0.4,0.4,0.509090909090909,0.5107164012496701,0.26666666666666666,0.4
12388,11,0.4,0.4666666666666666,0.48522855511632257,0.18181818181818182,0.4,0.2,0.3090909090909091,0.31488013066763093,0.18181818181818182,0.2
12394,18,0.4,0.6,0.5531464700081437,0.1111111111111111,0.4,0.3,0.4,0.4283854321084119,0.16666666666666666,0.3
12395,15,0.6,0.5333333333333333,0.5147714448836773,0.2,0.6,0.4,0.5090909090909091,0.4124497136428909,0.26666666666666666,0.4
12398,21,0.0,0.0,0.0,0.0,0.0,0.1,0.05454545454545456,0.06943122193677725,0.047619047619047616,0.1
12399,3,0.0,0.0,0.0,0.0,0.0,0.0,0.0,0.0,0.0,0.0
12407,5,0.4,0.6,0.5531464700081437,0.4,0.4,0.4,0.475,0.5531464700081437,0.4,0.2
12408,5,0.2,0.3333333333333333,0.33916020527361607,0.2,0.2,0.2,0.25,0.33916020527361607,0.2,0.1
12413,4,0.0,0.0,0.0,0.0,0.0,0.0,0.0,0.0,0.0,0.0
12416,11,0.6,0.5333333333333333,0.6164336326286642,0.2727272727272727,0.6,0.6,0.5454545454545454,0.6032621820619527,0.5454545454545454,0.6
12425,16,0.4,0.19999999999999998,0.2772734273550482,0.125,0.4,0.4,0.3636363636363636,0.32272662604730906,0.25,0.4
12427,17,0.2,0.06666666666666665,0.13120507751234176,0.058823529411764705,0.2,0.2,0.16363636363636364,0.15457433957839825,0.11764705882352941,0.2
12430,24,0.8,0.9333333333333332,0.8687949224876582,0.16666666666666666,0.8,0.8,0.8363636363636364,0.8454256604216017,0.3333333333333333,0.8
12431,16,0.6,0.7999999999999999,0.7227265726449518,0.1875,0.6,0.4,0.5090909090909091,0.5326208815196265,0.25,0.4
12432,13,0.2,0.26666666666666666,0.2139862647345275,0.07692307692307693,0.2,0.1,0.16363636363636364,0.1388624438735545,0.07692307692307693,0.1
12438,34,1.0,1.0,1.0,0.14705882352941177,1.0,0.6,0.7636363636363637,0.7151857987862357,0.17647058823529413,0.6
12447,32,0.8,0.8666666666666666,0.8539316501572936,0.125,0.8,0.6,0.7272727272727273,0.6987957033953601,0.1875,0.6
12449,17,0.4,0.4000000000000001,0.3600546145772339,0.11764705882352941,0.4,0.5,0.49090909090909096,0.4516672227755297,0.29411764705882354,0.5
12451,16,0.4,0.6,0.5531464700081437,0.125,0.4,0.5,0.5636363636363636,0.5801476231864473,0.3125,0.5
12460,10,0.2,0.06666666666666665,0.13120507751234176,0.1,0.2,0.1,0.10909090909090909,0.08514311764162097,0.1,0.1
12464,1,1.0,1.0,1.0,1.0,0.2,1.0,1.0,1.0,1.0,0.1
12471,35,1.0,1.0,1.0,0.14285714285714285,1.0,0.6,0.7454545454545454,0.7125523635307983,0.17142857142857143,0.6
12481,4,0.25,0.35714285714285715,0.39038004999210163,0.25,0.2,0.25,0.2941176470588235,0.39038004999210163,0.25,0.1
12486,8,0.4,0.6,0.5531464700081437,0.25,0.4,0.25,0.36538461538461536,0.4125317798925535,0.25,0.2
12489,4,0.5,0.5,0.5585075862632192,0.5,0.4,0.5,0.49999999999999994,0.5585075862632192,0.5,0.2
12492,14,0.0,0.0,0.0,0.0,0.0,0.0,0.0,0.0,0.0,0.0
12497,9,0.4,0.6,0.5531464700081437,0.2222222222222222,0.4,0.3333333333333333,0.3518518518518518,0.38334277998463445,0.3333333333333333,0.3
12501,6,0.0,0.0,0.0,0.0,0.0,0.0,0.0,0.0,0.0,0.0
12505,14,0.6,0.6666666666666666,0.6548086577531306,0.21428571428571427,0.6,0.4,0.4727272727272727,0.48854680201562267,0.2857142857142857,0.4
12511,4,0.25,0.35714285714285715,0.39038004999210163,0.25,0.2,0.5,0.2941176470588235,0.39038004999210163,0.5,0.2
12512,33,0.8,0.9333333333333332,0.8687949224876582,0.12121212121212122,0.8,0.7,0.8,0.7778721720600672,0.21212121212121213,0.7
12519,29,0.6,0.7333333333333334,0.6992148198508501,0.10344827586206896,0.6,0.5,0.5636363636363636,0.5894280199323517,0.1724137931034483,0.5
12524,17,0.0,0.0,0.0,0.0,0.0,0.0,0.0,0.0,0.0,0.0
12527,10,0.4,0.4666666666666666,0.48522855511632257,0.2,0.4,0.4,0.43636363636363645,0.45953262310069537,0.4,0.4
12528,32,0.0,0.0,0.0,0.0,0.0,0.1,0.036363636363636355,0.06625422345438903,0.03125,0.1
12535,2,0.5,0.5555555555555556,0.6131471927654584,0.5,0.2,0.5,0.5263157894736842,0.6131471927654584,0.5,0.1
12553,37,0.6,0.7333333333333334,0.6992148198508501,0.08108108108108109,0.6,0.4,0.5636363636363636,0.5321408435198608,0.10810810810810811,0.4
12559,24,0.4,0.5333333333333333,0.5087403079104241,0.08333333333333333,0.4,0.2,0.32727272727272727,0.3301376494471202,0.08333333333333333,0.2
12563,16,0.2,0.13333333333333333,0.14606834984270645,0.0625,0.2,0.3,0.2727272727272727,0.24261785528500332,0.1875,0.3
12570,3,0.3333333333333333,0.0,0.0,0.3333333333333333,0.2,0.3333333333333333,0.0,0.0,0.3333333333333333,0.1
12573,3,0.3333333333333333,0.0,0.0,0.3333333333333333,0.2,1.0,0.0,0.0,1.0,0.3
12580,3,0.0,0.0,0.0,0.0,0.0,0.0,0.0,0.0,0.0,0.0
12587,12,0.0,0.0,0.0,0.0,0.0,0.0,0.0,0.0,0.0,0.0
12589,27,0.6,0.5333333333333333,0.6164336326286642,0.1111111111111111,0.6,0.5,0.5454545454545454,0.5446757407423163,0.18518518518518517,0.5
12591,10,0.4,0.5333333333333333,0.5087403079104241,0.2,0.4,0.4,0.43636363636363645,0.46975579500086934,0.4,0.4
12605,1,0.0,0.0,0.0,0.0,0.0,0.0,0.0,0.0,0.0,0.0
12613,1,0.0,0.0,0.0,0.0,0.0,0.0,0.0,0.0,0.0,0.0
12616,26,0.6,0.5333333333333333,0.6164336326286642,0.11538461538461539,0.6,0.4,0.49090909090909085,0.47338717040861195,0.15384615384615385,0.4
12617,20,1.0,1.0,1.0,0.25,1.0,0.6,0.7454545454545454,0.7125523635307983,0.3,0.6
12624,1,0.0,0.0,0.0,0.0,0.0,0.0,0.0,0.0,0.0,0.0
12628,13,0.2,0.13333333333333333,0.14606834984270645,0.07692307692307693,0.2,0.1,0.12727272727272726,0.09478836436955078,0.07692307692307693,0.1
12629,14,0.8,0.6666666666666666,0.6608397947263838,0.2857142857142857,0.8,0.5,0.6181818181818183,0.5022037311331264,0.35714285714285715,0.5
12632,9,0.2,0.19999999999999998,0.16958010263680803,0.1111111111111111,0.2,0.2222222222222222,0.22222222222222224,0.1958712911787378,0.2222222222222222,0.2
12644,6,0.4,0.5333333333333333,0.5087403079104241,0.3333333333333333,0.4,0.3333333333333333,0.4,0.4539036202482201,0.3333333333333333,0.2
12649,10,0.0,0.0,0.0,0.0,0.0,0.0,0.0,0.0,0.0,0.0
12650,34,0.8,0.8666666666666666,0.8539316501572936,0.11764705882352941,0.8,0.7,0.7454545454545454,0.7624164915943119,0.20588235294117646,0.7
12651,23,0.4,0.4666666666666666,0.38356636737133554,0.08695652173913043,0.4,0.4,0.4,0.38459377241376086,0.17391304347826086,0.4
12653,19,0.6,0.6666666666666666,0.6548086577531306,0.15789473684210525,0.6,0.4,0.5454545454545454,0.5033242827953462,0.21052631578947367,0.4
12660,6,0.2,0.3333333333333333,0.33916020527361607,0.16666666666666666,0.2,0.3333333333333333,0.2222222222222222,0.30260241349881345,0.3333333333333333,0.2
12662,8,0.2,0.3333333333333333,0.33916020527361607,0.125,0.2,0.25,0.25,0.3327372413301053,0.25,0.2
12667,2,0.5,0.0,0.0,0.5,0.2,0.5,0.0,0.0,0.5,0.1
12670,27,0.6,0.6666666666666666,0.6843515475204854,0.1111111111111111,0.6,0.6,0.6363636363636364,0.6594803070902429,0.2222222222222222,0.6
12673,1,0.0,0.0,0.0,0.0,0.0,0.0,0.0,0.0,0.0,0.0
12676,32,0.4,0.5333333333333333,0.5087403079104241,0.0625,0.4,0.4,0.43636363636363645,0.46975579500086934,0.125,0.4
12684,6,0.0,0.0,0.0,0.0,0.0,0.0,0.0,0.0,0.0,0.0
12696,2,0.0,0.0,0.0,0.0,0.0,0.0,0.0,0.0,0.0,0.0
12701,40,0.8,0.6666666666666666,0.6608397947263838,0.1,0.8,0.8,0.7272727272727273,0.7015099647232445,0.2,0.8
12703,34,0.8,0.7333333333333334,0.7860137352654724,0.11764705882352941,0.8,0.8,0.7636363636363637,0.7877736340270853,0.23529411764705882,0.8
12705,17,0.0,0.0,0.0,0.0,0.0,0.1,0.036363636363636355,0.06625422345438903,0.058823529411764705,0.1
12706,4,0.0,0.0,0.0,0.0,0.0,0.0,0.0,0.0,0.0,0.0
12707,2,0.5,0.0,0.0,0.5,0.2,0.5,0.0,0.0,0.5,0.1
12728,19,0.4,0.26666666666666666,0.3007851801491498,0.10526315789473684,0.4,0.2,0.2545454545454545,0.19518900079066104,0.10526315789473684,0.2
12730,26,0.6,0.39999999999999997,0.4468535299918562,0.11538461538461539,0.6,0.4,0.4,0.3535981533591635,0.15384615384615385,0.4
12731,8,0.0,0.0,0.0,0.0,0.0,0.0,0.0,0.0,0.0,0.0
12733,25,0.6,0.7333333333333334,0.6992148198508501,0.12,0.6,0.4,0.5272727272727272,0.5231737964779627,0.16,0.4
12738,11,0.4,0.6,0.5531464700081437,0.18181818181818182,0.4,0.3,0.36363636363636365,0.4225749983705864,0.2727272727272727,0.3
12741,6,0.2,0.26666666666666666,0.2139862647345275,0.16666666666666666,0.2,0.16666666666666666,0.2,0.1909208661789346,0.16666666666666666,0.1
12749,15,0.8,0.8666666666666666,0.8539316501572936,0.26666666666666666,0.8,0.5,0.6363636363636364,0.6203974344166848,0.3333333333333333,0.5
12752,10,0.6,0.6,0.6399453854227659,0.3,0.6,0.3,0.43636363636363634,0.4152807670887412,0.3,0.3
12763,1,1.0,1.0,1.0,1.0,0.2,1.0,1.0,1.0,1.0,0.1
12765,23,0.4,0.4666666666666666,0.48522855511632257,0.08695652173913043,0.4,0.2,0.3090909090909091,0.31488013066763093,0.08695652173913043,0.2
12772,24,0.2,0.3333333333333333,0.33916020527361607,0.041666666666666664,0.2,0.4,0.309090909090909,0.42333070005078094,0.16666666666666666,0.4
12776,12,0.4,0.5333333333333333,0.5087403079104241,0.16666666666666666,0.4,0.2,0.32727272727272727,0.3301376494471202,0.16666666666666666,0.2
12787,1,1.0,0.0,0.0,1.0,0.2,1.0,0.0,0.0,1.0,0.1
12788,8,0.0,0.0,0.0,0.0,0.0,0.125,0.09615384615384615,0.0901000086523677,0.125,0.1
12789,13,0.2,0.3333333333333333,0.33916020527361607,0.07692307692307693,0.2,0.3,0.2909090909090909,0.35970991185182927,0.23076923076923078,0.3
12791,9,0.2,0.13333333333333333,0.14606834984270645,0.1111111111111111,0.2,0.2222222222222222,0.16666666666666663,0.17198436893338082,0.2222222222222222,0.2
12797,5,0.4,0.26666666666666666,0.3007851801491498,0.4,0.4,0.4,0.35,0.3007851801491498,0.4,0.2
12812,7,0.2,0.3333333333333333,0.33916020527361607,0.14285714285714285,0.2,0.14285714285714285,0.2040816326530612,0.27487633291429087,0.14285714285714285,0.1
12814,1,0.0,0.0,0.0,0.0,0.0,0.0,0.0,0.0,0.0,0.0
12815,20,0.6,0.6666666666666666,0.6843515475204854,0.15,0.6,0.5,0.5454545454545454,0.5810820381115674,0.25,0.5
12818,13,0.0,0.0,0.0,0.0,0.0,0.1,0.05454545454545456,0.06943122193677725,0.07692307692307693,0.1
12831,32,0.0,0.0,0.0,0.0,0.0,0.3,0.18181818181818182,0.2153829792769871,0.09375,0.3
12837,20,0.8,0.8666666666666666,0.8539316501572936,0.2,0.8,0.4,0.6000000000000001,0.5541432109622958,0.2,0.4
12850,2,0.5,0.0,0.0,0.5,0.2,0.5,0.0,0.0,0.5,0.1
12854,26,0.8,0.7333333333333334,0.7860137352654724,0.15384615384615385,0.8,0.5,0.6363636363636364,0.5834330535576521,0.19230769230769232,0.5
12856,53,0.8,0.6666666666666666,0.6608397947263838,0.07547169811320754,0.8,0.8,0.7818181818181817,0.7136540102475307,0.1509433962264151,0.8
12857,4,0.5,0.5,0.4414924137367807,0.5,0.4,0.5,0.5,0.4414924137367807,0.5,0.2
12862,2,0.0,0.0,0.0,0.0,0.0,0.5,0.0,0.0,0.5,0.1
12871,7,0.4,0.3333333333333333,0.31564845247951445,0.2857142857142857,0.4,0.42857142857142855,0.3061224489795918,0.2558209594125083,0.42857142857142855,0.3
12872,2,0.5,0.4444444444444445,0.3868528072345415,0.5,0.2,0.5,0.4736842105263158,0.3868528072345415,0.5,0.1
12880,18,0.4,0.6,0.5531464700081437,0.1111111111111111,0.4,0.4,0.4181818181818182,0.49200622030736363,0.2222222222222222,0.4
12895,16,0.6,0.6666666666666666,0.6843515475204854,0.1875,0.6,0.5,0.6181818181818182,0.5958595188912911,0.3125,0.5
12896,3,0.3333333333333333,0.4166666666666667,0.46927872602275644,0.3333333333333333,0.2,0.3333333333333333,0.37037037037037035,0.46927872602275644,0.3333333333333333,0.1
12899,9,0.2,0.3333333333333333,0.33916020527361607,0.1111111111111111,0.2,0.3333333333333333,0.2222222222222222,0.30580131013556594,0.3333333333333333,0.3
12900,1,1.0,1.0,1.0,1.0,0.2,1.0,1.0,1.0,1.0,0.1
12907,26,0.0,0.0,0.0,0.0,0.0,0.1,0.036363636363636355,0.06625422345438903,0.038461538461538464,0.1
12908,1,0.0,0.0,0.0,0.0,0.0,0.0,0.0,0.0,0.0,0.0
12912,2,0.0,0.0,0.0,0.0,0.0,0.0,0.0,0.0,0.0,0.0
12915,3,0.3333333333333333,0.33333333333333337,0.29608191096586517,0.3333333333333333,0.2,0.3333333333333333,0.3333333333333333,0.29608191096586517,0.3333333333333333,0.1
12922,6,0.0,0.0,0.0,0.0,0.0,0.0,0.0,0.0,0.0,0.0
12929,11,0.2,0.3333333333333333,0.33916020527361607,0.09090909090909091,0.2,0.1,0.18181818181818182,0.22009176629808014,0.09090909090909091,0.1
12930,1,0.0,0.0,0.0,0.0,0.0,0.0,0.0,0.0,0.0,0.0
12932,4,0.0,0.0,0.0,0.0,0.0,0.0,0.0,0.0,0.0,0.0
12943,18,0.2,0.26666666666666666,0.2139862647345275,0.05555555555555555,0.2,0.3,0.3090909090909091,0.28669193478900706,0.16666666666666666,0.3
12946,9,0.2,0.3333333333333333,0.33916020527361607,0.1111111111111111,0.2,0.2222222222222222,0.27777777777777773,0.3187704634136788,0.2222222222222222,0.2
12955,16,0.4,0.4666666666666666,0.38356636737133554,0.125,0.4,0.5,0.509090909090909,0.466924741555019,0.3125,0.5
12958,9,0.4,0.6,0.5531464700081437,0.2222222222222222,0.4,0.4444444444444444,0.4444444444444444,0.4670676939838279,0.4444444444444444,0.4
12964,33,0.6,0.7999999999999999,0.7227265726449518,0.09090909090909091,0.6,0.4,0.5454545454545454,0.538431315257452,0.12121212121212122,0.4
12970,3,0.0,0.0,0.0,0.0,0.0,0.0,0.0,0.0,0.0,0.0
12973,8,0.6,0.7999999999999999,0.7227265726449518,0.375,0.6,0.5,0.5961538461538461,0.6233173655322678,0.5,0.4
12980,21,1.0,1.0,1.0,0.23809523809523808,1.0,0.7,0.8363636363636363,0.7909506325094736,0.3333333333333333,0.7
12985,42,0.4,0.6,0.5531464700081437,0.047619047619047616,0.4,0.3,0.4,0.4283854321084119,0.07142857142857142,0.3
12987,9,0.0,0.0,0.0,0.0,0.0,0.1111111111111111,0.07407407407407407,0.07834851647149513,0.1111111111111111,0.1
12990,3,0.3333333333333333,0.4166666666666667,0.46927872602275644,0.3333333333333333,0.2,0.6666666666666666,0.37037037037037035,0.46927872602275644,0.6666666666666666,0.2
12991,16,0.2,0.3333333333333333,0.33916020527361607,0.0625,0.2,0.3,0.3090909090909091,0.36288691033421744,0.1875,0.3
12997,29,0.8,0.6666666666666666,0.6608397947263838,0.13793103448275862,0.8,0.5,0.6363636363636365,0.5072380780124417,0.1724137931034483,0.5
13018,14,0.4,0.6,0.5531464700081437,0.14285714285714285,0.4,0.2,0.34545454545454546,0.3589542101716347,0.14285714285714285,0.2
13022,24,0.4,0.5333333333333333,0.5087403079104241,0.08333333333333333,0.4,0.4,0.43636363636363634,0.4721567066247472,0.16666666666666666,0.4
13025,10,0.2,0.3333333333333333,0.33916020527361607,0.1,0.2,0.1,0.18181818181818182,0.22009176629808014,0.1,0.1
13029,1,1.0,1.0,1.0,1.0,0.2,1.0,1.0,1.0,1.0,0.1
13031,20,0.6,0.5333333333333333,0.5147714448836773,0.15,0.6,0.6,0.6181818181818183,0.55206785919664,0.3,0.6
13037,2,0.0,0.0,0.0,0.0,0.0,0.0,0.0,0.0,0.0,0.0
13041,12,0.4,0.4666666666666666,0.48522855511632257,0.16666666666666666,0.4,0.2,0.3090909090909091,0.31488013066763093,0.16666666666666666,0.2
13045,12,0.2,0.3333333333333333,0.33916020527361607,0.08333333333333333,0.2,0.2,0.2545454545454545,0.29345568839744024,0.16666666666666666,0.2
13047,29,0.4,0.3333333333333333,0.31564845247951445,0.06896551724137931,0.4,0.3,0.29090909090909095,0.26845503571754253,0.10344827586206896,0.3
13052,12,0.0,0.0,0.0,0.0,0.0,0.1,0.07272727272727274,0.07336392209936006,0.08333333333333333,0.1
13054,3,0.0,0.0,0.0,0.0,0.0,0.0,0.0,0.0,0.0,0.0
13058,9,0.6,0.7999999999999999,0.7227265726449518,0.3333333333333333,0.6,0.3333333333333333,0.5,0.5008655546918772,0.3333333333333333,0.3
13069,14,0.4,0.4666666666666666,0.48522855511632257,0.14285714285714285,0.4,0.2,0.3090909090909091,0.31488013066763093,0.14285714285714285,0.2
13073,8,0.2,0.3333333333333333,0.33916020527361607,0.125,0.2,0.125,0.1923076923076923,0.2529427027676571,0.125,0.1
13081,4,0.25,0.35714285714285715,0.39038004999210163,0.25,0.2,0.5,0.2941176470588235,0.39038004999210163,0.5,0.2
13088,18,0.6,0.7999999999999999,0.7227265726449518,0.16666666666666666,0.6,0.3,0.49090909090909096,0.46900009332067477,0.16666666666666666,0.3
13094,3,0.3333333333333333,0.4166666666666667,0.46927872602275644,0.3333333333333333,0.2,0.3333333333333333,0.37037037037037035,0.46927872602275644,0.3333333333333333,0.1
13099,10,0.4,0.4666666666666666,0.38356636737133554,0.2,0.4,0.3,0.3272727272727273,0.31252911522154625,0.3,0.3
13101,2,0.5,0.5555555555555556,0.6131471927654584,0.5,0.2,0.5,0.5263157894736842,0.6131471927654584,0.5,0.1
13104,8,0.2,0.13333333333333333,0.14606834984270645,0.125,0.2,0.25,0.21153846153846154,0.19325072687364162,0.25,0.2
13106,16,0.6,0.6666666666666666,0.6843515475204854,0.1875,0.6,0.4,0.509090909090909,0.5135285497500329,0.25,0.4
13110,28,1.0,1.0,1.0,0.17857142857142858,1.0,0.6,0.7454545454545454,0.7125523635307983,0.21428571428571427,0.6
13111,43,0.8,0.7333333333333334,0.7860137352654724,0.09302325581395349,0.8,0.5,0.6545454545454545,0.5884674004369673,0.11627906976744186,0.5
13115,5,0.0,0.0,0.0,0.0,0.0,0.0,0.0,0.0,0.0,0.0
13116,29,0.6,0.39999999999999997,0.4468535299918562,0.10344827586206896,0.6,0.6,0.5636363636363637,0.5040610795300534,0.20689655172413793,0.6
13123,7,0.0,0.0,0.0,0.0,0.0,0.0,0.0,0.0,0.0,0.0
13128,1,0.0,0.0,0.0,0.0,0.0,1.0,0.0,0.0,1.0,0.1
13133,15,0.6,0.5333333333333333,0.5147714448836773,0.2,0.6,0.6,0.5818181818181819,0.5455017237786198,0.4,0.6
13143,5,0.4,0.39999999999999997,0.4703652827859578,0.4,0.4,0.4,0.4,0.4703652827859578,0.4,0.2
13162,54,1.0,1.0,1.0,0.09259259259259259,1.0,0.8,0.9090909090909091,0.8643145546088338,0.14814814814814814,0.8
13167,3,0.3333333333333333,0.33333333333333337,0.29608191096586517,0.3333333333333333,0.2,0.3333333333333333,0.3333333333333333,0.29608191096586517,0.3333333333333333,0.1
13169,5,0.2,0.3333333333333333,0.33916020527361607,0.2,0.2,0.2,0.25,0.33916020527361607,0.2,0.1
13170,2,0.0,0.0,0.0,0.0,0.0,0.0,0.0,0.0,0.0,0.0
13171,13,0.2,0.26666666666666666,0.2139862647345275,0.07692307692307693,0.2,0.2,0.18181818181818182,0.2024832320725062,0.15384615384615385,0.2
13174,23,0.6,0.6666666666666666,0.6548086577531306,0.13043478260869565,0.6,0.7,0.6545454545454545,0.7026305163854644,0.30434782608695654,0.7
13189,1,0.0,0.0,0.0,0.0,0.0,0.0,0.0,0.0,0.0,0.0
13195,6,0.0,0.0,0.0,0.0,0.0,0.0,0.0,0.0,0.0,0.0
13213,7,0.0,0.0,0.0,0.0,0.0,0.0,0.0,0.0,0.0,0.0
13219,11,0.0,0.0,0.0,0.0,0.0,0.1,0.09090909090909091,0.07839826897867533,0.09090909090909091,0.1
13228,9,0.2,0.06666666666666665,0.13120507751234176,0.1111111111111111,0.2,0.1111111111111111,0.1111111111111111,0.09092803061897882,0.1111111111111111,0.1
13237,4,0.0,0.0,0.0,0.0,0.0,0.0,0.0,0.0,0.0,0.0
13238,2,0.5,0.5555555555555556,0.6131471927654584,0.5,0.2,0.5,0.5263157894736842,0.6131471927654584,0.5,0.1
13242,10,0.2,0.13333333333333333,0.14606834984270645,0.1,0.2,0.1,0.12727272727272726,0.09478836436955078,0.1,0.1
13245,37,1.0,1.0,1.0,0.13513513513513514,1.0,0.9,0.9818181818181819,0.9363792118010482,0.24324324324324326,0.9
13248,63,1.0,1.0,1.0,0.07936507936507936,1.0,0.8,0.9090909090909091,0.8630152897016882,0.12698412698412698,0.8
13251,29,0.2,0.26666666666666666,0.2139862647345275,0.034482758620689655,0.2,0.1,0.16363636363636364,0.1388624438735545,0.034482758620689655,0.1
13253,18,0.6,0.6,0.6399453854227659,0.16666666666666666,0.6,0.5,0.5636363636363636,0.5599332595218055,0.2777777777777778,0.5
13263,2,0.5,0.5555555555555556,0.6131471927654584,0.5,0.2,0.5,0.5263157894736842,0.6131471927654584,0.5,0.1
13266,17,0.2,0.3333333333333333,0.33916020527361607,0.058823529411764705,0.2,0.2,0.2727272727272727,0.2984900352767555,0.11764705882352941,0.2
13271,1,1.0,0.0,0.0,1.0,0.2,1.0,0.0,0.0,1.0,0.1
13276,3,0.0,0.0,0.0,0.0,0.0,0.0,0.0,0.0,0.0,0.0
13281,10,0.0,0.0,0.0,0.0,0.0,0.1,0.05454545454545456,0.06943122193677725,0.1,0.1
13285,51,0.4,0.3333333333333333,0.31564845247951445,0.0392156862745098,0.4,0.5,0.38181818181818183,0.4041404811087088,0.09803921568627451,0.5
13295,3,0.0,0.0,0.0,0.0,0.0,0.3333333333333333,0.0,0.0,0.3333333333333333,0.1
13310,15,0.4,0.6,0.5531464700081437,0.13333333333333333,0.4,0.3,0.43636363636363634,0.43735247915031,0.2,0.3
13311,5,0.2,0.3333333333333333,0.33916020527361607,0.2,0.2,0.2,0.25,0.33916020527361607,0.2,0.1
13312,18,0.2,0.13333333333333333,0.14606834984270645,0.05555555555555555,0.2,0.2,0.18181818181818182,0.16421958630632802,0.1111111111111111,0.2
13326,11,0.4,0.5333333333333333,0.5087403079104241,0.18181818181818182,0.4,0.3,0.34545454545454546,0.3937584376460719,0.2727272727272727,0.3
13328,6,0.2,0.3333333333333333,0.33916020527361607,0.16666666666666666,0.2,0.5,0.2222222222222222,0.30260241349881345,0.5,0.3
13329,24,0.8,0.8666666666666666,0.8539316501572936,0.16666666666666666,0.8,0.7,0.8181818181818182,0.7753366239771085,0.2916666666666667,0.7
13348,37,0.8,0.8666666666666666,0.8539316501572936,0.10810810810810811,0.8,0.5,0.6727272727272727,0.6275071330616558,0.13513513513513514,0.5
13352,14,0.6,0.7333333333333334,0.6992148198508501,0.21428571428571427,0.6,0.3,0.47272727272727266,0.4537425745411855,0.21428571428571427,0.3
13355,7,0.0,0.0,0.0,0.0,0.0,0.0,0.0,0.0,0.0,0.0
13366,2,0.0,0.0,0.0,0.0,0.0,0.0,0.0,0.0,0.0,0.0
13381,3,0.0,0.0,0.0,0.0,0.0,0.0,0.0,0.0,0.0,0.0
13393,6,0.0,0.0,0.0,0.0,0.0,0.0,0.0,0.0,0.0,0.0
13398,15,0.4,0.3333333333333333,0.34519134224686926,0.13333333333333333,0.4,0.2,0.2727272727272727,0.22400556151517548,0.13333333333333333,0.2
13406,2,0.0,0.0,0.0,0.0,0.0,0.0,0.0,0.0,0.0,0.0
13408,1,0.0,0.0,0.0,0.0,0.0,0.0,0.0,0.0,0.0,0.0
13412,10,0.2,0.06666666666666665,0.13120507751234176,0.1,0.2,0.3,0.2545454545454546,0.23297260855707355,0.3,0.3
13420,1,1.0,1.0,1.0,1.0,0.2,1.0,1.0,1.0,1.0,0.1
13422,21,0.4,0.6,0.5531464700081437,0.09523809523809523,0.4,0.4,0.39999999999999997,0.4888292218249754,0.19047619047619047,0.4
13434,8,0.4,0.5333333333333333,0.5087403079104241,0.25,0.4,0.375,0.34615384615384615,0.37941405415148566,0.375,0.3
13437,8,0.0,0.0,0.0,0.0,0.0,0.125,0.07692307692307693,0.08431423425588572,0.125,0.1
13452,41,0.4,0.6,0.5531464700081437,0.04878048780487805,0.4,0.3,0.43636363636363634,0.43735247915031,0.07317073170731707,0.3
13453,21,0.4,0.4000000000000001,0.3600546145772339,0.09523809523809523,0.4,0.3,0.36363636363636365,0.30701473034246535,0.14285714285714285,0.3
13454,2,0.5,0.5555555555555556,0.6131471927654584,0.5,0.2,0.5,0.5263157894736842,0.6131471927654584,0.5,0.1
13456,10,0.6,0.7333333333333334,0.6992148198508501,0.3,0.6,0.4,0.5636363636363636,0.5321408435198608,0.4,0.4
13459,6,0.0,0.0,0.0,0.0,0.0,0.16666666666666666,0.0,0.0,0.16666666666666666,0.1
13467,13,0.2,0.3333333333333333,0.33916020527361607,0.07692307692307693,0.2,0.1,0.18181818181818182,0.22009176629808014,0.07692307692307693,0.1
13471,6,0.2,0.3333333333333333,0.33916020527361607,0.16666666666666666,0.2,0.16666666666666666,0.2222222222222222,0.30260241349881345,0.16666666666666666,0.1
13497,7,0.0,0.0,0.0,0.0,0.0,0.0,0.0,0.0,0.0,0.0
13500,2,0.5,0.5555555555555556,0.6131471927654584,0.5,0.2,0.5,0.5263157894736842,0.6131471927654584,0.5,0.1
13507,12,0.0,0.0,0.0,0.0,0.0,0.1,0.09090909090909091,0.07839826897867533,0.08333333333333333,0.1
13509,6,0.0,0.0,0.0,0.0,0.0,0.0,0.0,0.0,0.0,0.0
13518,11,0.6,0.6,0.6399453854227659,0.2727272727272727,0.6,0.3,0.43636363636363634,0.4152807670887412,0.2727272727272727,0.3
13520,1,1.0,0.0,0.0,1.0,0.2,1.0,0.0,0.0,1.0,0.1
13524,20,0.6,0.5333333333333333,0.6164336326286642,0.15,0.6,0.5,0.5454545454545454,0.5428183923453892,0.25,0.5
13533,24,0.2,0.19999999999999998,0.16958010263680803,0.041666666666666664,0.2,0.2,0.16363636363636364,0.1736666713479918,0.08333333333333333,0.2
13537,30,0.6,0.7333333333333334,0.6992148198508501,0.1,0.6,0.5,0.5818181818181817,0.5933607200949346,0.16666666666666666,0.5
13539,34,1.0,1.0,1.0,0.14705882352941177,1.0,0.6,0.7818181818181817,0.7183627972686238,0.17647058823529413,0.6
13545,7,0.2,0.3333333333333333,0.33916020527361607,0.14285714285714285,0.2,0.14285714285714285,0.2040816326530612,0.27487633291429087,0.14285714285714285,0.1
13549,1,1.0,1.0,1.0,1.0,0.2,1.0,1.0,1.0,1.0,0.1
13552,3,0.3333333333333333,0.33333333333333337,0.29608191096586517,0.3333333333333333,0.2,0.3333333333333333,0.3333333333333333,0.29608191096586517,0.3333333333333333,0.1
13555,17,0.0,0.0,0.0,0.0,0.0,0.1,0.09090909090909091,0.07839826897867533,0.058823529411764705,0.1
13562,2,0.0,0.0,0.0,0.0,0.0,0.0,0.0,0.0,0.0,0.0
13564,11,0.4,0.6,0.5531464700081437,0.18181818181818182,0.4,0.3,0.3818181818181818,0.42520843362602373,0.2727272727272727,0.3
13566,5,0.0,0.0,0.0,0.0,0.0,0.0,0.0,0.0,0.0,0.0
13574,3,0.3333333333333333,0.4166666666666667,0.46927872602275644,0.3333333333333333,0.2,0.3333333333333333,0.37037037037037035,0.46927872602275644,0.3333333333333333,0.1
13575,4,0.0,0.0,0.0,0.0,0.0,0.0,0.0,0.0,0.0,0.0
13577,2,0.5,0.5555555555555556,0.6131471927654584,0.5,0.2,0.5,0.5263157894736842,0.6131471927654584,0.5,0.1
13586,20,0.2,0.19999999999999998,0.16958010263680803,0.05,0.2,0.2,0.18181818181818182,0.1763001066034291,0.1,0.2
13588,8,0.2,0.3333333333333333,0.33916020527361607,0.125,0.2,0.125,0.1923076923076923,0.2529427027676571,0.125,0.1
13592,3,0.0,0.0,0.0,0.0,0.0,0.0,0.0,0.0,0.0,0.0
13597,19,0.2,0.3333333333333333,0.33916020527361607,0.05263157894736842,0.2,0.4,0.34545454545454546,0.4315420454124844,0.21052631578947367,0.4
13604,5,0.0,0.0,0.0,0.0,0.0,0.2,0.0,0.0,0.2,0.1
13606,5,0.2,0.13333333333333333,0.14606834984270645,0.2,0.2,0.4,0.175,0.14606834984270645,0.4,0.2
13611,1,0.0,0.0,0.0,0.0,0.0,0.0,0.0,0.0,0.0,0.0
13622,23,0.2,0.3333333333333333,0.33916020527361607,0.043478260869565216,0.2,0.1,0.18181818181818182,0.22009176629808014,0.043478260869565216,0.1
13629,8,0.2,0.26666666666666666,0.2139862647345275,0.125,0.2,0.25,0.25,0.243903311380782,0.25,0.2
13631,10,0.2,0.3333333333333333,0.33916020527361607,0.1,0.2,0.3,0.34545454545454546,0.37185395737611554,0.3,0.3
13633,8,0.2,0.3333333333333333,0.33916020527361607,0.125,0.2,0.125,0.1923076923076923,0.2529427027676571,0.125,0.1
13637,5,0.0,0.0,0.0,0.0,0.0,0.0,0.0,0.0,0.0,0.0
13642,4,0.0,0.0,0.0,0.0,0.0,0.0,0.0,0.0,0.0,0.0
13644,13,0.2,0.26666666666666666,0.2139862647345275,0.07692307692307693,0.2,0.3,0.2727272727272727,0.28088150105118154,0.23076923076923078,0.3
13653,18,0.2,0.13333333333333333,0.14606834984270645,0.05555555555555555,0.2,0.1,0.12727272727272726,0.09478836436955078,0.05555555555555555,0.1
13659,4,0.25,0.35714285714285715,0.39038004999210163,0.25,0.2,0.25,0.2941176470588235,0.39038004999210163,0.25,0.1
13669,15,0.2,0.3333333333333333,0.33916020527361607,0.06666666666666667,0.2,0.2,0.23636363636363636,0.2895229882348574,0.13333333333333333,0.2
13670,12,0.4,0.6,0.5531464700081437,0.16666666666666666,0.4,0.2,0.34545454545454546,0.3589542101716347,0.16666666666666666,0.2
13675,41,0.8,0.9333333333333332,0.8687949224876582,0.0975609756097561,0.8,0.5,0.6909090909090909,0.6371523797895856,0.12195121951219512,0.5
13681,17,0.4,0.4666666666666666,0.48522855511632257,0.11764705882352941,0.4,0.3,0.3272727272727272,0.3785009188665826,0.17647058823529413,0.3
13687,7,0.6,0.6666666666666666,0.6843515475204854,0.42857142857142855,0.6,0.5714285714285714,0.6122448979591836,0.6525535962827279,0.5714285714285714,0.4
13689,15,0.6,0.7999999999999999,0.7227265726449518,0.2,0.6,0.3,0.49090909090909096,0.46900009332067477,0.2,0.3
13696,15,0.2,0.26666666666666666,0.2139862647345275,0.06666666666666667,0.2,0.2,0.2,0.2051166673279435,0.13333333333333333,0.2
13722,34,0.2,0.26666666666666666,0.2139862647345275,0.029411764705882353,0.2,0.2,0.18181818181818182,0.2024832320725062,0.058823529411764705,0.2
13724,1,0.0,0.0,0.0,0.0,0.0,0.0,0.0,0.0,0.0,0.0
13726,35,0.8,0.9333333333333332,0.8687949224876582,0.11428571428571428,0.8,0.5,0.6545454545454547,0.6300426811446146,0.14285714285714285,0.5
13729,7,0.2,0.19999999999999998,0.16958010263680803,0.14285714285714285,0.2,0.14285714285714285,0.16326530612244897,0.13743816645714543,0.14285714285714285,0.1
13734,5,0.2,0.13333333333333333,0.14606834984270645,0.2,0.2,0.2,0.175,0.14606834984270645,0.2,0.1
13743,21,0.6,0.7999999999999999,0.7227265726449518,0.14285714285714285,0.6,0.5,0.6545454545454545,0.6207622843987102,0.23809523809523808,0.5
13753,2,0.0,0.0,0.0,0.0,0.0,0.5,0.0,0.0,0.5,0.1
13756,16,0.8,0.8000000000000002,0.8304198973631919,0.25,0.8,0.5,0.6,0.6025064803817581,0.3125,0.5
13761,21,0.6,0.7999999999999999,0.7227265726449518,0.14285714285714285,0.6,0.4,0.5454545454545454,0.538431315257452,0.19047619047619047,0.4
13762,7,0.0,0.0,0.0,0.0,0.0,0.14285714285714285,0.0,0.0,0.14285714285714285,0.1
13765,4,0.0,0.0,0.0,0.0,0.0,0.25,0.0,0.0,0.25,0.1
13772,3,0.0,0.0,0.0,0.0,0.0,0.0,0.0,0.0,0.0,0.0
13787,12,0.2,0.13333333333333333,0.14606834984270645,0.08333333333333333,0.2,0.1,0.12727272727272726,0.09478836436955078,0.08333333333333333,0.1
13788,30,0.6,0.7333333333333334,0.6992148198508501,0.1,0.6,0.5,0.5636363636363636,0.5907272848394972,0.16666666666666666,0.5
13789,23,0.6,0.6666666666666666,0.6843515475204854,0.13043478260869565,0.6,0.4,0.49090909090909096,0.5103515512676448,0.17391304347826086,0.4
13792,11,0.2,0.3333333333333333,0.33916020527361607,0.09090909090909091,0.2,0.1,0.18181818181818182,0.22009176629808014,0.09090909090909091,0.1
13794,4,0.0,0.0,0.0,0.0,0.0,0.0,0.0,0.0,0.0,0.0
13795,2,0.5,0.0,0.0,0.5,0.2,0.5,0.0,0.0,0.5,0.1
13796,22,0.6,0.7333333333333334,0.6992148198508501,0.13636363636363635,0.6,0.7,0.7272727272727273,0.7411902110103872,0.3181818181818182,0.7
13800,28,0.2,0.3333333333333333,0.33916020527361607,0.03571428571428571,0.2,0.3,0.2727272727272727,0.3570764765963919,0.10714285714285714,0.3
13807,10,0.0,0.0,0.0,0.0,0.0,0.1,0.07272727272727274,0.07336392209936006,0.1,0.1
13811,1,0.0,0.0,0.0,0.0,0.0,0.0,0.0,0.0,0.0,0.0
13813,14,0.4,0.5333333333333333,0.5087403079104241,0.14285714285714285,0.4,0.2,0.32727272727272727,0.3301376494471202,0.14285714285714285,0.2
13818,5,0.0,0.0,0.0,0.0,0.0,0.0,0.0,0.0,0.0,0.0
13821,9,0.4,0.4666666666666666,0.48522855511632257,0.2222222222222222,0.4,0.2222222222222222,0.31481481481481477,0.3362741576267856,0.2222222222222222,0.2
13828,8,0.4,0.5333333333333333,0.5087403079104241,0.25,0.4,0.25,0.34615384615384615,0.37941405415148566,0.25,0.2
13831,20,0.2,0.3333333333333333,0.33916020527361607,0.05,0.2,0.3,0.3090909090909091,0.3647442587311445,0.15,0.3
13832,5,0.2,0.3333333333333333,0.33916020527361607,0.2,0.2,0.2,0.25,0.33916020527361607,0.2,0.1
13834,48,0.6,0.6,0.529634717214042,0.0625,0.6,0.4,0.5090909090909091,0.4170606134915054,0.08333333333333333,0.4
13841,4,0.0,0.0,0.0,0.0,0.0,0.0,0.0,0.0,0.0,0.0
13843,41,0.6,0.6666666666666666,0.6548086577531306,0.07317073170731707,0.6,0.4,0.5272727272727272,0.49828993591603105,0.0975609756097561,0.4
13851,30,0.4,0.3333333333333333,0.31564845247951445,0.06666666666666667,0.4,0.4,0.36363636363636365,0.34051969290975714,0.13333333333333333,0.4
13858,4,0.0,0.0,0.0,0.0,0.0,0.25,0.0,0.0,0.25,0.1
13860,20,0.0,0.0,0.0,0.0,0.0,0.1,0.09090909090909091,0.07839826897867533,0.05,0.1
13869,8,0.6,0.7333333333333334,0.6992148198508501,0.375,0.6,0.375,0.4999999999999999,0.5214682725103094,0.375,0.3
13870,4,0.0,0.0,0.0,0.0,0.0,0.0,0.0,0.0,0.0,0.0
13874,12,0.2,0.19999999999999998,0.16958010263680803,0.08333333333333333,0.2,0.2,0.2,0.17947710508581735,0.16666666666666666,0.2
13876,13,0.0,0.0,0.0,0.0,0.0,0.1,0.018181818181818177,0.0636207881989517,0.07692307692307693,0.1
13877,35,0.6,0.6,0.529634717214042,0.08571428571428572,0.6,0.4,0.49090909090909096,0.4131279133289226,0.11428571428571428,0.4
13880,8,0.0,0.0,0.0,0.0,0.0,0.125,0.07692307692307693,0.08431423425588572,0.125,0.1
13883,6,0.2,0.19999999999999998,0.16958010263680803,0.16666666666666666,0.2,0.16666666666666666,0.17777777777777778,0.15130120674940672,0.16666666666666666,0.1
13892,7,0.6,0.7333333333333334,0.6992148198508501,0.42857142857142855,0.6,0.5714285714285714,0.5306122448979591,0.5666867828578932,0.5714285714285714,0.4
13899,3,0.3333333333333333,0.4166666666666667,0.46927872602275644,0.3333333333333333,0.2,0.3333333333333333,0.37037037037037035,0.46927872602275644,0.3333333333333333,0.1
13906,19,0.2,0.3333333333333333,0.33916020527361607,0.05263157894736842,0.2,0.3,0.2727272727272727,0.3557772116892464,0.15789473684210525,0.3
13914,3,0.3333333333333333,0.4166666666666667,0.46927872602275644,0.3333333333333333,0.2,0.3333333333333333,0.37037037037037035,0.46927872602275644,0.3333333333333333,0.1
13916,5,0.2,0.26666666666666666,0.2139862647345275,0.2,0.2,0.2,0.225,0.2139862647345275,0.2,0.1
13917,24,0.8,0.8000000000000002,0.8304198973631919,0.16666666666666666,0.8,0.8,0.8363636363636363,0.8263333286520081,0.3333333333333333,0.8
13921,36,0.2,0.13333333333333333,0.14606834984270645,0.027777777777777776,0.2,0.3,0.2545454545454545,0.2394408568026151,0.08333333333333333,0.3
13922,10,0.0,0.0,0.0,0.0,0.0,0.1,0.07272727272727274,0.07336392209936006,0.1,0.1
13923,2,0.0,0.0,0.0,0.0,0.0,0.0,0.0,0.0,0.0,0.0
13924,14,0.2,0.3333333333333333,0.33916020527361607,0.07142857142857142,0.2,0.2,0.2,0.2837125544970318,0.14285714285714285,0.2
13931,15,0.6,0.46666666666666673,0.4912596920895757,0.2,0.6,0.3,0.4,0.31879392588472627,0.2,0.3
13933,19,0.2,0.26666666666666666,0.2139862647345275,0.05263157894736842,0.2,0.1,0.16363636363636364,0.1388624438735545,0.05263157894736842,0.1
13938,36,0.0,0.0,0.0,0.0,0.0,0.1,0.05454545454545456,0.06943122193677725,0.027777777777777776,0.1
13940,17,0.2,0.26666666666666666,0.2139862647345275,0.058823529411764705,0.2,0.2,0.2545454545454545,0.21726071285222984,0.11764705882352941,0.2
13942,21,0.4,0.4666666666666666,0.48522855511632257,0.09523809523809523,0.4,0.2,0.3090909090909091,0.31488013066763093,0.09523809523809523,0.2
13951,8,0.2,0.13333333333333333,0.14606834984270645,0.125,0.2,0.125,0.1346153846153846,0.1089364926177559,0.125,0.1
13956,14,0.6,0.7333333333333334,0.6992148198508501,0.21428571428571427,0.6,0.3,0.47272727272727266,0.4537425745411855,0.21428571428571427,0.3
13966,13,0.2,0.06666666666666665,0.13120507751234176,0.07692307692307693,0.2,0.4,0.32727272727272727,0.3063365306564336,0.3076923076923077,0.4
13967,5,0.0,0.0,0.0,0.0,0.0,0.0,0.0,0.0,0.0,0.0
13974,30,0.2,0.19999999999999998,0.16958010263680803,0.03333333333333333,0.2,0.4,0.3272727272727273,0.32542886242602714,0.13333333333333333,0.4
13976,15,1.0,1.0,1.0,0.3333333333333333,1.0,0.5,0.7272727272727273,0.6489315753318466,0.3333333333333333,0.5
13977,37,0.4,0.4666666666666666,0.48522855511632257,0.05405405405405406,0.4,0.4,0.45454545454545453,0.46270962158308354,0.10810810810810811,0.4
13978,4,0.5,0.35714285714285715,0.39038004999210163,0.5,0.4,0.5,0.2941176470588235,0.39038004999210163,0.5,0.2
13979,3,0.3333333333333333,0.33333333333333337,0.29608191096586517,0.3333333333333333,0.2,0.3333333333333333,0.3333333333333333,0.29608191096586517,0.3333333333333333,0.1
13998,24,0.2,0.13333333333333333,0.14606834984270645,0.041666666666666664,0.2,0.4,0.34545454545454546,0.3159817773843634,0.16666666666666666,0.4
14005,3,0.3333333333333333,0.4166666666666667,0.46927872602275644,0.3333333333333333,0.2,0.3333333333333333,0.37037037037037035,0.46927872602275644,0.3333333333333333,0.1
14010,15,0.4,0.5333333333333333,0.5087403079104241,0.13333333333333333,0.4,0.2,0.32727272727272727,0.3301376494471202,0.13333333333333333,0.2
14012,1,0.0,0.0,0.0,0.0,0.0,0.0,0.0,0.0,0.0,0.0
14013,5,0.0,0.0,0.0,0.0,0.0,0.0,0.0,0.0,0.0,0.0
14018,34,0.4,0.4000000000000001,0.3600546145772339,0.058823529411764705,0.4,0.2,0.29090909090909095,0.23365080824310527,0.058823529411764705,0.2
14021,6,0.4,0.3333333333333333,0.31564845247951445,0.3333333333333333,0.4,0.3333333333333333,0.3333333333333333,0.2816249726597773,0.3333333333333333,0.2
14028,38,0.6,0.5333333333333333,0.5147714448836773,0.07894736842105263,0.6,0.5,0.5454545454545454,0.4768465887003529,0.13157894736842105,0.5
14032,1,0.0,0.0,0.0,0.0,0.0,1.0,0.0,0.0,1.0,0.1
14034,11,0.2,0.3333333333333333,0.33916020527361607,0.09090909090909091,0.2,0.2,0.23636363636363636,0.2895229882348574,0.18181818181818182,0.2
14038,12,0.4,0.6,0.5531464700081437,0.16666666666666666,0.4,0.2,0.34545454545454546,0.3589542101716347,0.16666666666666666,0.2
14039,5,0.2,0.3333333333333333,0.33916020527361607,0.2,0.2,0.2,0.25,0.33916020527361607,0.2,0.1
14040,4,0.0,0.0,0.0,0.0,0.0,0.0,0.0,0.0,0.0,0.0
14044,8,0.0,0.0,0.0,0.0,0.0,0.0,0.0,0.0,0.0,0.0
14052,12,0.4,0.6,0.5531464700081437,0.16666666666666666,0.4,0.2,0.34545454545454546,0.3589542101716347,0.16666666666666666,0.2
14056,55,0.6,0.5333333333333333,0.5147714448836773,0.05454545454545454,0.6,0.4,0.5090909090909091,0.4124497136428909,0.07272727272727272,0.4
14063,33,0.8,0.8666666666666666,0.8539316501572936,0.12121212121212122,0.8,0.7,0.8181818181818182,0.7753366239771085,0.21212121212121213,0.7
14065,2,0.0,0.0,0.0,0.0,0.0,0.0,0.0,0.0,0.0,0.0
14072,3,0.0,0.0,0.0,0.0,0.0,0.0,0.0,0.0,0.0,0.0
14081,3,0.6666666666666666,0.75,0.7653606369886217,0.6666666666666666,0.4,0.6666666666666666,0.7037037037037036,0.7653606369886217,0.6666666666666666,0.2
14083,4,0.25,0.35714285714285715,0.39038004999210163,0.25,0.2,0.5,0.2941176470588235,0.39038004999210163,0.5,0.2
14084,26,0.4,0.4666666666666666,0.38356636737133554,0.07692307692307693,0.4,0.2,0.30909090909090914,0.24890832702259458,0.07692307692307693,0.2
14089,7,0.8,0.6666666666666666,0.6608397947263838,0.5714285714285714,0.8,0.5714285714285714,0.6122448979591837,0.5355852974309776,0.5714285714285714,0.4
14091,2,0.0,0.0,0.0,0.0,0.0,0.0,0.0,0.0,0.0,0.0
14092,5,0.4,0.6,0.5531464700081437,0.4,0.4,0.4,0.475,0.5531464700081437,0.4,0.2
14094,10,0.0,0.0,0.0,0.0,0.0,0.0,0.0,0.0,0.0,0.0
14096,16,0.6,0.46666666666666673,0.4912596920895757,0.1875,0.6,0.4,0.4727272727272727,0.3921578479840863,0.25,0.4
14102,8,0.0,0.0,0.0,0.0,0.0,0.0,0.0,0.0,0.0,0.0
14103,1,0.0,0.0,0.0,0.0,0.0,0.0,0.0,0.0,0.0,0.0
14109,5,0.0,0.0,0.0,0.0,0.0,0.0,0.0,0.0,0.0,0.0
14113,12,0.6,0.6,0.6399453854227659,0.25,0.6,0.3,0.43636363636363634,0.4152807670887412,0.25,0.3
14115,7,0.2,0.3333333333333333,0.33916020527361607,0.14285714285714285,0.2,0.2857142857142857,0.2040816326530612,0.27487633291429087,0.2857142857142857,0.2
14118,19,0.8,0.9333333333333332,0.8687949224876582,0.21052631578947367,0.8,0.6,0.7272727272727273,0.7058075148678526,0.3157894736842105,0.6
14125,6,0.2,0.13333333333333333,0.14606834984270645,0.16666666666666666,0.2,0.16666666666666666,0.15555555555555556,0.13032376591037065,0.16666666666666666,0.1
14126,15,0.2,0.3333333333333333,0.33916020527361607,0.06666666666666667,0.2,0.2,0.2,0.2837125544970318,0.13333333333333333,0.2
14137,19,0.4,0.6,0.5531464700081437,0.10526315789473684,0.4,0.2,0.34545454545454546,0.3589542101716347,0.10526315789473684,0.2
14138,10,0.4,0.6,0.5531464700081437,0.2,0.4,0.2,0.34545454545454546,0.3589542101716347,0.2,0.2
14139,5,0.2,0.3333333333333333,0.33916020527361607,0.2,0.2,0.2,0.25,0.33916020527361607,0.2,0.1
14141,10,0.2,0.13333333333333333,0.14606834984270645,0.1,0.2,0.1,0.12727272727272726,0.09478836436955078,0.1,0.1
14142,37,0.8,0.6666666666666666,0.6608397947263838,0.10810810810810811,0.8,0.6,0.6545454545454547,0.5708588662113934,0.16216216216216217,0.6
14144,5,0.0,0.0,0.0,0.0,0.0,0.0,0.0,0.0,0.0,0.0
14145,9,0.2,0.13333333333333333,0.14606834984270645,0.1111111111111111,0.2,0.1111111111111111,0.12962962962962962,0.10122860821230019,0.1111111111111111,0.1
14146,8,0.0,0.0,0.0,0.0,0.0,0.0,0.0,0.0,0.0,0.0
14152,47,1.0,1.0,1.0,0.10638297872340426,1.0,0.6,0.8,0.7222954974312067,0.1276595744680851,0.6
14158,5,0.6,0.6666666666666666,0.6843515475204854,0.6,0.6,0.6,0.625,0.6843515475204854,0.6,0.3
14161,18,0.4,0.4000000000000001,0.3600546145772339,0.1111111111111111,0.4,0.2,0.29090909090909095,0.23365080824310527,0.1111111111111111,0.2
14165,2,0.5,0.5555555555555556,0.6131471927654584,0.5,0.2,0.5,0.5263157894736842,0.6131471927654584,0.5,0.1
14172,25,0.2,0.06666666666666665,0.13120507751234176,0.04,0.2,0.2,0.2,0.1635413866202963,0.08,0.2
14173,3,0.3333333333333333,0.4166666666666667,0.46927872602275644,0.3333333333333333,0.2,0.3333333333333333,0.37037037037037035,0.46927872602275644,0.3333333333333333,0.1
14194,3,0.0,0.0,0.0,0.0,0.0,0.3333333333333333,0.0,0.0,0.3333333333333333,0.1
14202,12,0.2,0.19999999999999998,0.16958010263680803,0.08333333333333333,0.2,0.1,0.14545454545454548,0.11004588314904007,0.08333333333333333,0.1
14203,29,0.6,0.7333333333333334,0.6992148198508501,0.10344827586206896,0.6,0.6,0.6363636363636364,0.6627919420317119,0.20689655172413793,0.6
14212,6,0.0,0.0,0.0,0.0,0.0,0.0,0.0,0.0,0.0,0.0
14213,72,0.8,0.6666666666666666,0.6608397947263838,0.05555555555555555,0.8,0.8,0.8,0.7162874455029681,0.1111111111111111,0.8
14218,25,0.6,0.7999999999999999,0.7227265726449518,0.12,0.6,0.4,0.5454545454545454,0.538431315257452,0.16,0.4
14227,2,0.0,0.0,0.0,0.0,0.0,0.0,0.0,0.0,0.0,0.0
14229,39,0.4,0.4666666666666666,0.38356636737133554,0.05128205128205128,0.4,0.5,0.509090909090909,0.466924741555019,0.1282051282051282,0.5
14231,5,0.0,0.0,0.0,0.0,0.0,0.0,0.0,0.0,0.0,0.0
14234,8,1.0,1.0,1.0,0.625,1.0,0.875,0.923076923076923,0.9156857657441143,0.875,0.7
14245,19,0.4,0.6,0.5531464700081437,0.10526315789473684,0.4,0.4,0.47272727272727266,0.501749354207772,0.21052631578947367,0.4
14256,37,0.0,0.0,0.0,0.0,0.0,0.1,0.07272727272727274,0.07336392209936006,0.02702702702702703,0.1
14257,8,0.2,0.3333333333333333,0.33916020527361607,0.125,0.2,0.125,0.1923076923076923,0.2529427027676571,0.125,0.1
14258,26,0.6,0.7999999999999999,0.7227265726449518,0.11538461538461539,0.6,0.6,0.6909090909090909,0.6870165078530992,0.23076923076923078,0.6
14260,24,0.4,0.6,0.5531464700081437,0.08333333333333333,0.4,0.4,0.43636363636363645,0.494639655562801,0.16666666666666666,0.4
14262,32,1.0,1.0,1.0,0.15625,1.0,0.8,0.8363636363636363,0.8482378089219647,0.25,0.8
14269,5,0.0,0.0,0.0,0.0,0.0,0.0,0.0,0.0,0.0,0.0
14270,5,0.0,0.0,0.0,0.0,0.0,0.0,0.0,0.0,0.0,0.0
14284,7,0.4,0.3333333333333333,0.34519134224686926,0.2857142857142857,0.4,0.2857142857142857,0.3061224489795918,0.2797643380184692,0.2857142857142857,0.2
14299,5,0.0,0.0,0.0,0.0,0.0,0.0,0.0,0.0,0.0,0.0
14302,1,0.0,0.0,0.0,0.0,0.0,1.0,0.0,0.0,1.0,0.1
14305,45,0.6,0.46666666666666673,0.4912596920895757,0.06666666666666667,0.6,0.7,0.6545454545454547,0.6062415623539279,0.15555555555555556,0.7
14308,4,0.0,0.0,0.0,0.0,0.0,0.0,0.0,0.0,0.0,0.0
14313,10,0.0,0.0,0.0,0.0,0.0,0.1,0.05454545454545456,0.06943122193677725,0.1,0.1
14317,4,0.25,0.2142857142857143,0.19519002499605081,0.25,0.2,0.25,0.23529411764705882,0.19519002499605081,0.25,0.1
14319,25,0.6,0.6,0.6399453854227659,0.12,0.6,0.7,0.6363636363636365,0.6929852696575345,0.28,0.7
14320,28,0.8,0.8000000000000002,0.8304198973631919,0.14285714285714285,0.8,0.4,0.5818181818181818,0.5388856921828065,0.14285714285714285,0.4
14323,31,0.0,0.0,0.0,0.0,0.0,0.2,0.10909090909090909,0.14201905717762703,0.06451612903225806,0.2
14324,8,0.0,0.0,0.0,0.0,0.0,0.0,0.0,0.0,0.0,0.0
14327,5,0.2,0.19999999999999998,0.16958010263680803,0.2,0.2,0.4,0.2,0.16958010263680803,0.4,0.2
14339,9,0.2,0.19999999999999998,0.16958010263680803,0.1111111111111111,0.2,0.1111111111111111,0.14814814814814814,0.11752277470724269,0.1111111111111111,0.1
14341,4,0.0,0.0,0.0,0.0,0.0,0.0,0.0,0.0,0.0,0.0
14356,5,0.0,0.0,0.0,0.0,0.0,0.0,0.0,0.0,0.0,0.0
14370,9,0.2,0.3333333333333333,0.33916020527361607,0.1111111111111111,0.2,0.2222222222222222,0.2222222222222222,0.30580131013556594,0.2222222222222222,0.2
14379,21,0.2,0.19999999999999998,0.16958010263680803,0.047619047619047616,0.2,0.1,0.14545454545454548,0.11004588314904007,0.047619047619047616,0.1
14383,15,0.0,0.0,0.0,0.0,0.0,0.0,0.0,0.0,0.0,0.0
14388,16,0.6,0.6666666666666666,0.6548086577531306,0.1875,0.6,0.4,0.4727272727272727,0.48854680201562267,0.25,0.4
14393,1,1.0,1.0,1.0,1.0,0.2,1.0,1.0,1.0,1.0,0.1
14395,10,0.0,0.0,0.0,0.0,0.0,0.0,0.0,0.0,0.0,0.0
14396,28,0.2,0.3333333333333333,0.33916020527361607,0.03571428571428571,0.2,0.1,0.18181818181818182,0.22009176629808014,0.03571428571428571,0.1
14399,11,0.4,0.4666666666666666,0.48522855511632257,0.18181818181818182,0.4,0.3,0.3272727272727272,0.3785009188665826,0.2727272727272727,0.3
14402,38,0.8,0.9333333333333332,0.8687949224876582,0.10526315789473684,0.8,0.8,0.8181818181818182,0.8414929602590189,0.21052631578947367,0.8
14414,19,0.4,0.6,0.5531464700081437,0.10526315789473684,0.4,0.3,0.41818181818181815,0.43231813227099475,0.15789473684210525,0.3
14422,1,0.0,0.0,0.0,0.0,0.0,0.0,0.0,0.0,0.0,0.0
14428,2,0.5,0.5555555555555556,0.6131471927654584,0.5,0.2,0.5,0.5263157894736842,0.6131471927654584,0.5,0.1
14432,12,0.4,0.6,0.5531464700081437,0.16666666666666666,0.4,0.2,0.34545454545454546,0.3589542101716347,0.16666666666666666,0.2
14433,1,1.0,0.0,0.0,1.0,0.2,1.0,0.0,0.0,1.0,0.1
14435,6,0.0,0.0,0.0,0.0,0.0,0.0,0.0,0.0,0.0,0.0
14438,10,0.4,0.5333333333333333,0.5087403079104241,0.2,0.4,0.3,0.41818181818181815,0.4085359184257955,0.3,0.3
14443,6,0.2,0.26666666666666666,0.2139862647345275,0.16666666666666666,0.2,0.3333333333333333,0.2,0.1909208661789346,0.3333333333333333,0.2
14451,23,0.6,0.6666666666666666,0.6843515475204854,0.13043478260869565,0.6,0.6,0.5818181818181818,0.6473362615659566,0.2608695652173913,0.6
14456,1,0.0,0.0,0.0,0.0,0.0,0.0,0.0,0.0,0.0,0.0
14460,4,0.0,0.0,0.0,0.0,0.0,0.25,0.0,0.0,0.25,0.1
14469,5,0.2,0.13333333333333333,0.14606834984270645,0.2,0.2,0.2,0.175,0.14606834984270645,0.2,0.1
14472,23,0.2,0.3333333333333333,0.33916020527361607,0.043478260869565216,0.2,0.1,0.18181818181818182,0.22009176629808014,0.043478260869565216,0.1
14473,8,0.2,0.3333333333333333,0.33916020527361607,0.125,0.2,0.25,0.1923076923076923,0.2529427027676571,0.25,0.2
14477,21,0.2,0.19999999999999998,0.16958010263680803,0.047619047619047616,0.2,0.2,0.21818181818181823,0.18340980524840012,0.09523809523809523,0.2
14482,45,0.6,0.6666666666666666,0.6843515475204854,0.06666666666666667,0.6,0.5,0.5454545454545454,0.5810820381115674,0.1111111111111111,0.5
14487,9,0.2,0.3333333333333333,0.33916020527361607,0.1111111111111111,0.2,0.1111111111111111,0.18518518518518517,0.23504554941448538,0.1111111111111111,0.1
14488,25,0.6,0.6666666666666666,0.6548086577531306,0.12,0.6,0.6,0.6181818181818182,0.6363762929310752,0.24,0.6
14493,2,0.0,0.0,0.0,0.0,0.0,0.0,0.0,0.0,0.0,0.0
14498,30,0.0,0.0,0.0,0.0,0.0,0.0,0.0,0.0,0.0,0.0
14499,3,0.0,0.0,0.0,0.0,0.0,0.0,0.0,0.0,0.0,0.0
14501,16,0.8,0.8000000000000002,0.8304198973631919,0.25,0.8,0.4,0.5818181818181818,0.5388856921828065,0.25,0.4
14518,3,0.3333333333333333,0.25,0.23463936301137822,0.3333333333333333,0.2,0.3333333333333333,0.2962962962962963,0.23463936301137822,0.3333333333333333,0.1
14521,9,0.4,0.26666666666666666,0.3007851801491498,0.2222222222222222,0.4,0.3333333333333333,0.3518518518518518,0.292175719325415,0.3333333333333333,0.3
14532,6,0.0,0.0,0.0,0.0,0.0,0.0,0.0,0.0,0.0,0.0
14541,12,0.0,0.0,0.0,0.0,0.0,0.0,0.0,0.0,0.0,0.0
14542,42,0.6,0.6666666666666666,0.6548086577531306,0.07142857142857142,0.6,0.6,0.6000000000000001,0.6331992944486871,0.14285714285714285,0.6
14550,66,0.6,0.6,0.6399453854227659,0.045454545454545456,0.6,0.4,0.45454545454545453,0.4789015552876929,0.06060606060606061,0.4
14553,30,0.4,0.4666666666666666,0.38356636737133554,0.06666666666666667,0.4,0.4,0.4,0.38459377241376086,0.13333333333333333,0.4
14565,9,0.0,0.0,0.0,0.0,0.0,0.0,0.0,0.0,0.0,0.0
14566,17,0.4,0.6,0.5531464700081437,0.11764705882352941,0.4,0.2,0.34545454545454546,0.3589542101716347,0.11764705882352941,0.2
14567,14,0.2,0.3333333333333333,0.33916020527361607,0.07142857142857142,0.2,0.1,0.18181818181818182,0.22009176629808014,0.07142857142857142,0.1
14568,8,0.6,0.7333333333333334,0.6992148198508501,0.375,0.6,0.5,0.5576923076923076,0.6012628110727576,0.5,0.4
14578,29,0.6,0.7999999999999999,0.7227265726449518,0.10344827586206896,0.6,0.4,0.5818181818181819,0.5473983622993501,0.13793103448275862,0.4
14595,8,0.0,0.0,0.0,0.0,0.0,0.0,0.0,0.0,0.0,0.0
14607,18,0.6,0.7333333333333334,0.6992148198508501,0.16666666666666666,0.6,0.4,0.5636363636363636,0.5321408435198608,0.2222222222222222,0.4
14608,2,0.5,0.0,0.0,0.5,0.2,0.5,0.0,0.0,0.5,0.1
14619,18,0.4,0.4666666666666666,0.48522855511632257,0.1111111111111111,0.4,0.4,0.36363636363636365,0.4447551423209717,0.2222222222222222,0.4
14635,8,0.2,0.13333333333333333,0.14606834984270645,0.125,0.2,0.25,0.1346153846153846,0.1089364926177559,0.25,0.2
14640,3,0.3333333333333333,0.4166666666666667,0.46927872602275644,0.3333333333333333,0.2,0.3333333333333333,0.37037037037037035,0.46927872602275644,0.3333333333333333,0.1
14651,2,0.5,0.5555555555555556,0.6131471927654584,0.5,0.2,0.5,0.5263157894736842,0.6131471927654584,0.5,0.1
14666,10,0.4,0.4666666666666666,0.38356636737133554,0.2,0.4,0.2,0.30909090909090914,0.24890832702259458,0.2,0.2
14669,1,1.0,1.0,1.0,1.0,0.2,1.0,1.0,1.0,1.0,0.1
14674,40,0.8,0.7333333333333334,0.7860137352654724,0.1,0.8,0.8,0.8181818181818182,0.7975167679274936,0.2,0.8
14675,21,0.2,0.06666666666666665,0.13120507751234176,0.047619047619047616,0.2,0.1,0.10909090909090909,0.08514311764162097,0.047619047619047616,0.1
14677,1,0.0,0.0,0.0,0.0,0.0,0.0,0.0,0.0,0.0,0.0
14693,25,1.0,1.0,1.0,0.2,1.0,0.8,0.8727272727272727,0.8553475075669357,0.32,0.8
14704,24,0.6,0.5333333333333333,0.6164336326286642,0.125,0.6,0.3,0.41818181818181815,0.4000232483092519,0.125,0.3
14714,5,0.0,0.0,0.0,0.0,0.0,0.0,0.0,0.0,0.0,0.0
14717,13,0.4,0.19999999999999998,0.2772734273550482,0.15384615384615385,0.4,0.4,0.3636363636363636,0.3245839744442361,0.3076923076923077,0.4
14721,10,0.6,0.46666666666666673,0.4912596920895757,0.3,0.6,0.4,0.4727272727272727,0.3921578479840863,0.4,0.4
14729,14,0.8,0.9333333333333332,0.8687949224876582,0.2857142857142857,0.8,0.6,0.7272727272727273,0.7058075148678526,0.42857142857142855,0.6
14730,2,0.0,0.0,0.0,0.0,0.0,0.0,0.0,0.0,0.0,0.0
14733,35,0.8,0.8000000000000002,0.8304198973631919,0.11428571428571428,0.8,0.4,0.5818181818181818,0.5388856921828065,0.11428571428571428,0.4
14737,5,0.0,0.0,0.0,0.0,0.0,0.2,0.0,0.0,0.2,0.1
14751,1,1.0,1.0,1.0,1.0,0.2,1.0,1.0,1.0,1.0,0.1
14752,2,0.0,0.0,0.0,0.0,0.0,0.0,0.0,0.0,0.0,0.0
14761,8,0.0,0.0,0.0,0.0,0.0,0.25,0.057692307692307696,0.07979453856244816,0.25,0.2
14763,7,0.0,0.0,0.0,0.0,0.0,0.14285714285714285,0.1020408163265306,0.0979129253499678,0.14285714285714285,0.1
14769,33,0.6,0.7333333333333334,0.6992148198508501,0.09090909090909091,0.6,0.3,0.47272727272727266,0.4537425745411855,0.09090909090909091,0.3
14772,10,0.4,0.3333333333333333,0.31564845247951445,0.2,0.4,0.3,0.34545454545454546,0.2781981696179509,0.3,0.3
14777,6,0.4,0.4666666666666666,0.38356636737133554,0.3333333333333333,0.4,0.3333333333333333,0.3777777777777778,0.34222207292834134,0.3333333333333333,0.2
14778,42,0.8,0.9333333333333332,0.8687949224876582,0.09523809523809523,0.8,0.6,0.7454545454545456,0.7065836017263629,0.14285714285714285,0.6
14780,16,0.4,0.3333333333333333,0.34519134224686926,0.125,0.4,0.2,0.2727272727272727,0.22400556151517548,0.125,0.2
14782,10,0.2,0.3333333333333333,0.33916020527361607,0.1,0.2,0.1,0.18181818181818182,0.22009176629808014,0.1,0.1
14784,15,0.4,0.6,0.5531464700081437,0.13333333333333333,0.4,0.2,0.34545454545454546,0.3589542101716347,0.13333333333333333,0.2
14786,19,0.2,0.13333333333333333,0.14606834984270645,0.05263157894736842,0.2,0.3,0.2545454545454546,0.2375835084056881,0.15789473684210525,0.3
14787,28,0.2,0.3333333333333333,0.33916020527361607,0.03571428571428571,0.2,0.3,0.32727272727272727,0.36792125721353275,0.10714285714285714,0.3
14792,25,0.4,0.6,0.5531464700081437,0.08,0.4,0.2,0.34545454545454546,0.3589542101716347,0.08,0.2
14796,10,0.0,0.0,0.0,0.0,0.0,0.1,0.07272727272727274,0.07336392209936006,0.1,0.1
14799,9,0.4,0.26666666666666666,0.3007851801491498,0.2222222222222222,0.4,0.3333333333333333,0.3518518518518518,0.292175719325415,0.3333333333333333,0.3
14811,3,0.0,0.0,0.0,0.0,0.0,0.0,0.0,0.0,0.0,0.0
14815,26,0.8,0.8666666666666666,0.8539316501572936,0.15384615384615385,0.8,0.7,0.7636363636363637,0.7655934900767001,0.2692307692307692,0.7
14822,35,0.6,0.46666666666666673,0.4912596920895757,0.08571428571428572,0.6,0.5,0.5454545454545454,0.4666234168001788,0.14285714285714285,0.5
14824,22,0.8,0.9333333333333332,0.8687949224876582,0.18181818181818182,0.8,0.6,0.7454545454545456,0.7084409501232899,0.2727272727272727,0.6
14826,2,0.5,0.5555555555555556,0.6131471927654584,0.5,0.2,0.5,0.5263157894736842,0.6131471927654584,0.5,0.1
14831,6,0.2,0.13333333333333333,0.14606834984270645,0.16666666666666666,0.2,0.16666666666666666,0.15555555555555556,0.13032376591037065,0.16666666666666666,0.1
14832,7,0.2,0.13333333333333333,0.14606834984270645,0.14285714285714285,0.2,0.14285714285714285,0.14285714285714285,0.11838279295536291,0.14285714285714285,0.1
14839,7,0.2,0.19999999999999998,0.16958010263680803,0.14285714285714285,0.2,0.14285714285714285,0.16326530612244897,0.13743816645714543,0.14285714285714285,0.1
14848,16,0.0,0.0,0.0,0.0,0.0,0.0,0.0,0.0,0.0,0.0
14855,1,1.0,1.0,1.0,1.0,0.2,1.0,1.0,1.0,1.0,0.1
14858,17,0.8,0.9333333333333332,0.8687949224876582,0.23529411764705882,0.8,0.6,0.7636363636363637,0.7116179486056782,0.35294117647058826,0.6
14861,14,0.0,0.0,0.0,0.0,0.0,0.0,0.0,0.0,0.0,0.0
14863,32,0.4,0.4666666666666666,0.38356636737133554,0.0625,0.4,0.3,0.34545454545454546,0.3151625504769836,0.09375,0.3
14873,2,0.5,0.0,0.0,0.5,0.2,0.5,0.0,0.0,0.5,0.1
14878,7,0.2,0.3333333333333333,0.33916020527361607,0.14285714285714285,0.2,0.14285714285714285,0.2040816326530612,0.27487633291429087,0.14285714285714285,0.1
14894,3,0.0,0.0,0.0,0.0,0.0,0.0,0.0,0.0,0.0,0.0
14898,5,0.2,0.3333333333333333,0.33916020527361607,0.2,0.2,0.2,0.25,0.33916020527361607,0.2,0.1
14902,34,0.6,0.6,0.6399453854227659,0.08823529411764706,0.6,0.6,0.6,0.6243301345792676,0.17647058823529413,0.6
14908,14,0.2,0.06666666666666665,0.13120507751234176,0.07142857142857142,0.2,0.1,0.10909090909090909,0.08514311764162097,0.07142857142857142,0.1
14914,8,0.0,0.0,0.0,0.0,0.0,0.0,0.0,0.0,0.0,0.0
14915,12,0.4,0.6,0.5531464700081437,0.16666666666666666,0.4,0.3,0.36363636363636365,0.4225749983705864,0.25,0.3
14919,2,0.0,0.0,0.0,0.0,0.0,0.0,0.0,0.0,0.0,0.0
14926,2,0.0,0.0,0.0,0.0,0.0,0.0,0.0,0.0,0.0,0.0
14944,4,0.25,0.35714285714285715,0.39038004999210163,0.25,0.2,0.5,0.2941176470588235,0.39038004999210163,0.5,0.2
14955,9,0.4,0.6,0.5531464700081437,0.2222222222222222,0.4,0.2222222222222222,0.3518518518518518,0.38334277998463445,0.2222222222222222,0.2
14960,8,0.2,0.06666666666666665,0.13120507751234176,0.125,0.2,0.25,0.1923076923076923,0.1821658288910461,0.25,0.2
14967,5,0.2,0.3333333333333333,0.33916020527361607,0.2,0.2,0.2,0.25,0.33916020527361607,0.2,0.1
14971,1,0.0,0.0,0.0,0.0,0.0,1.0,0.0,0.0,1.0,0.1
14988,11,0.0,0.0,0.0,0.0,0.0,0.0,0.0,0.0,0.0,0.0
14993,23,0.0,0.0,0.0,0.0,0.0,0.0,0.0,0.0,0.0,0.0
14994,13,0.2,0.19999999999999998,0.16958010263680803,0.07692307692307693,0.2,0.3,0.2727272727272727,0.2546983755821044,0.23076923076923078,0.3
15011,38,0.6,0.6,0.529634717214042,0.07894736842105263,0.6,0.6,0.5454545454545455,0.5430029249822633,0.15789473684210525,0.6
15016,5,0.0,0.0,0.0,0.0,0.0,0.2,0.0,0.0,0.2,0.1
15025,6,0.2,0.19999999999999998,0.16958010263680803,0.16666666666666666,0.2,0.5,0.2888888888888889,0.25909036127391766,0.5,0.3
15026,51,0.4,0.6,0.5531464700081437,0.0392156862745098,0.4,0.6,0.6,0.6464018466408363,0.11764705882352941,0.6
15032,24,0.4,0.5333333333333333,0.5087403079104241,0.08333333333333333,0.4,0.6,0.5636363636363636,0.6149518506608845,0.25,0.6
15035,24,0.8,0.8666666666666666,0.8539316501572936,0.16666666666666666,0.8,0.7,0.7636363636363637,0.7631925784528222,0.2916666666666667,0.7
15046,10,0.8,0.9333333333333332,0.8687949224876582,0.4,0.8,0.4,0.6181818181818183,0.5637884576902256,0.4,0.4
15051,5,0.2,0.3333333333333333,0.33916020527361607,0.2,0.2,0.2,0.25,0.33916020527361607,0.2,0.1
15054,15,0.2,0.26666666666666666,0.2139862647345275,0.06666666666666667,0.2,0.1,0.16363636363636364,0.1388624438735545,0.06666666666666667,0.1
15056,8,0.4,0.6,0.5531464700081437,0.25,0.4,0.375,0.44230769230769224,0.4968460141484392,0.375,0.3
15058,6,0.2,0.06666666666666665,0.13120507751234176,0.16666666666666666,0.2,0.16666666666666666,0.13333333333333333,0.11706259313796352,0.16666666666666666,0.1
15061,17,0.4,0.4666666666666666,0.48522855511632257,0.11764705882352941,0.4,0.4,0.4727272727272727,0.4666423217456664,0.23529411764705882,0.4
15066,3,0.3333333333333333,0.4166666666666667,0.46927872602275644,0.3333333333333333,0.2,0.3333333333333333,0.37037037037037035,0.46927872602275644,0.3333333333333333,0.1
15067,4,0.0,0.0,0.0,0.0,0.0,0.0,0.0,0.0,0.0,0.0
15072,24,0.6,0.7999999999999999,0.7227265726449518,0.125,0.6,0.4,0.5454545454545454,0.538431315257452,0.16666666666666666,0.4
15078,5,0.4,0.5333333333333333,0.5087403079104241,0.4,0.4,0.4,0.45,0.5087403079104241,0.4,0.2
15081,5,0.0,0.0,0.0,0.0,0.0,0.0,0.0,0.0,0.0,0.0
15083,10,0.2,0.3333333333333333,0.33916020527361607,0.1,0.2,0.3,0.2727272727272727,0.3557772116892464,0.3,0.3
15085,25,0.6,0.7999999999999999,0.7227265726449518,0.12,0.6,0.3,0.49090909090909096,0.46900009332067477,0.12,0.3
15086,9,0.2,0.26666666666666666,0.2139862647345275,0.1111111111111111,0.2,0.3333333333333333,0.25925925925925924,0.29320160657630423,0.3333333333333333,0.3
15088,8,0.0,0.0,0.0,0.0,0.0,0.125,0.0,0.0,0.125,0.1
15108,5,0.4,0.5333333333333333,0.5087403079104241,0.4,0.4,0.4,0.45,0.5087403079104241,0.4,0.2
15111,3,0.0,0.0,0.0,0.0,0.0,0.0,0.0,0.0,0.0,0.0
15112,12,0.6,0.7999999999999999,0.7227265726449518,0.25,0.6,0.4,0.5818181818181819,0.5473983622993501,0.3333333333333333,0.4
15126,19,0.6,0.6666666666666666,0.6548086577531306,0.15789473684210525,0.6,0.3,0.45454545454545453,0.424926013816671,0.15789473684210525,0.3
15128,9,0.2,0.3333333333333333,0.33916020527361607,0.1111111111111111,0.2,0.1111111111111111,0.18518518518518517,0.23504554941448538,0.1111111111111111,0.1
15129,4,0.25,0.14285714285714288,0.16812753627111746,0.25,0.2,0.25,0.20588235294117643,0.16812753627111746,0.25,0.1
15143,24,0.8,0.8666666666666666,0.8539316501572936,0.16666666666666666,0.8,0.7,0.781818181818182,0.7682269253321374,0.2916666666666667,0.7
15147,2,0.0,0.0,0.0,0.0,0.0,0.0,0.0,0.0,0.0,0.0
15149,28,0.6,0.7333333333333334,0.6992148198508501,0.10714285714285714,0.6,0.8,0.7454545454545454,0.8048109992093389,0.2857142857142857,0.8
15152,1,0.0,0.0,0.0,0.0,0.0,0.0,0.0,0.0,0.0,0.0
15156,3,0.3333333333333333,0.4166666666666667,0.46927872602275644,0.3333333333333333,0.2,0.3333333333333333,0.37037037037037035,0.46927872602275644,0.3333333333333333,0.1
15166,22,0.8,0.9333333333333332,0.8687949224876582,0.18181818181818182,0.8,0.6,0.7272727272727273,0.7058075148678526,0.2727272727272727,0.6
15167,1,0.0,0.0,0.0,0.0,0.0,1.0,0.0,0.0,1.0,0.1
15171,11,0.0,0.0,0.0,0.0,0.0,0.0,0.0,0.0,0.0,0.0
15193,30,0.6,0.7999999999999999,0.7227265726449518,0.1,0.6,0.6,0.6181818181818182,0.6722390270733757,0.2,0.6
15196,9,0.4,0.6,0.5531464700081437,0.2222222222222222,0.4,0.3333333333333333,0.3888888888888888,0.4540985407057151,0.3333333333333333,0.3
15200,5,0.2,0.26666666666666666,0.2139862647345275,0.2,0.2,0.2,0.225,0.2139862647345275,0.2,0.1
15202,6,0.0,0.0,0.0,0.0,0.0,0.0,0.0,0.0,0.0,0.0
15213,3,0.3333333333333333,0.25,0.23463936301137822,0.3333333333333333,0.2,0.3333333333333333,0.2962962962962963,0.23463936301137822,0.3333333333333333,0.1
15216,26,0.4,0.4666666666666666,0.48522855511632257,0.07692307692307693,0.4,0.3,0.34545454545454546,0.38113435412202,0.11538461538461539,0.3
15224,4,0.75,0.5,0.4414924137367807,0.75,0.6,0.75,0.5,0.4414924137367807,0.75,0.3
15226,4,0.0,0.0,0.0,0.0,0.0,0.25,0.0,0.0,0.25,0.1
15228,5,0.0,0.0,0.0,0.0,0.0,0.0,0.0,0.0,0.0,0.0
15229,4,0.25,0.14285714285714288,0.16812753627111746,0.25,0.2,0.25,0.20588235294117643,0.16812753627111746,0.25,0.1
15232,5,0.2,0.26666666666666666,0.2139862647345275,0.2,0.2,0.2,0.225,0.2139862647345275,0.2,0.1
15237,5,0.2,0.06666666666666665,0.13120507751234176,0.2,0.2,0.2,0.15,0.13120507751234176,0.2,0.1
15240,12,0.2,0.3333333333333333,0.33916020527361607,0.08333333333333333,0.2,0.3,0.34545454545454546,0.37185395737611554,0.25,0.3
15241,7,0.2,0.3333333333333333,0.33916020527361607,0.14285714285714285,0.2,0.14285714285714285,0.2040816326530612,0.27487633291429087,0.14285714285714285,0.1
15245,1,1.0,0.0,0.0,1.0,0.2,1.0,0.0,0.0,1.0,0.1
15249,6,0.2,0.3333333333333333,0.33916020527361607,0.16666666666666666,0.2,0.16666666666666666,0.2222222222222222,0.30260241349881345,0.16666666666666666,0.1
15251,5,0.2,0.3333333333333333,0.33916020527361607,0.2,0.2,0.2,0.25,0.33916020527361607,0.2,0.1
15254,11,0.0,0.0,0.0,0.0,0.0,0.0,0.0,0.0,0.0,0.0
15264,14,0.2,0.3333333333333333,0.33916020527361607,0.07142857142857142,0.2,0.1,0.18181818181818182,0.22009176629808014,0.07142857142857142,0.1
15265,21,0.4,0.39999999999999997,0.4703652827859578,0.09523809523809523,0.4,0.4,0.41818181818181815,0.4480300279758384,0.19047619047619047,0.4
15272,2,0.0,0.0,0.0,0.0,0.0,0.5,0.0,0.0,0.5,0.1
15281,12,0.2,0.3333333333333333,0.33916020527361607,0.08333333333333333,0.2,0.1,0.18181818181818182,0.22009176629808014,0.08333333333333333,0.1
15287,4,0.0,0.0,0.0,0.0,0.0,0.0,0.0,0.0,0.0,0.0
15289,2,0.5,0.5555555555555556,0.6131471927654584,0.5,0.2,0.5,0.5263157894736842,0.6131471927654584,0.5,0.1
15297,13,0.4,0.6,0.5531464700081437,0.15384615384615385,0.4,0.2,0.34545454545454546,0.3589542101716347,0.15384615384615385,0.2
15301,45,0.8,0.9333333333333332,0.8687949224876582,0.08888888888888889,0.8,0.4,0.6181818181818183,0.5637884576902256,0.08888888888888889,0.4
15303,4,0.0,0.0,0.0,0.0,0.0,0.25,0.0,0.0,0.25,0.1
15307,1,0.0,0.0,0.0,0.0,0.0,0.0,0.0,0.0,0.0,0.0
15318,3,0.0,0.0,0.0,0.0,0.0,0.0,0.0,0.0,0.0,0.0
15321,18,0.4,0.6,0.5531464700081437,0.1111111111111111,0.4,0.2,0.34545454545454546,0.3589542101716347,0.1111111111111111,0.2
15327,5,0.2,0.19999999999999998,0.16958010263680803,0.2,0.2,0.2,0.2,0.16958010263680803,0.2,0.1
15330,40,0.4,0.19999999999999998,0.2772734273550482,0.05,0.4,0.4,0.39999999999999997,0.3316936730892071,0.1,0.4
15331,10,0.0,0.0,0.0,0.0,0.0,0.0,0.0,0.0,0.0,0.0
15336,12,0.4,0.4666666666666666,0.38356636737133554,0.16666666666666666,0.4,0.2,0.30909090909090914,0.24890832702259458,0.16666666666666666,0.2
15354,28,0.4,0.3333333333333333,0.34519134224686926,0.07142857142857142,0.4,0.7,0.5454545454545455,0.5750739861833288,0.25,0.7
15361,7,0.0,0.0,0.0,0.0,0.0,0.0,0.0,0.0,0.0,0.0
15366,38,0.4,0.6,0.5531464700081437,0.05263157894736842,0.4,0.6,0.5818181818181818,0.6437684113853991,0.15789473684210525,0.6
15373,10,0.4,0.5333333333333333,0.5087403079104241,0.2,0.4,0.3,0.34545454545454546,0.3937584376460719,0.3,0.3
15375,12,0.4,0.6,0.5531464700081437,0.16666666666666666,0.4,0.2,0.34545454545454546,0.3589542101716347,0.16666666666666666,0.2
15377,19,0.0,0.0,0.0,0.0,0.0,0.3,0.18181818181818182,0.2140837143698416,0.15789473684210525,0.3
15378,2,0.0,0.0,0.0,0.0,0.0,0.0,0.0,0.0,0.0,0.0
15380,2,0.5,0.5555555555555556,0.6131471927654584,0.5,0.2,0.5,0.5263157894736842,0.6131471927654584,0.5,0.1
15388,22,0.6,0.39999999999999997,0.4468535299918562,0.13636363636363635,0.6,0.4,0.45454545454545453,0.3633412872595718,0.18181818181818182,0.4
15394,11,0.2,0.26666666666666666,0.2139862647345275,0.09090909090909091,0.2,0.3,0.2727272727272727,0.2784805894273035,0.2727272727272727,0.3
15399,20,0.2,0.06666666666666665,0.13120507751234176,0.05,0.2,0.2,0.2,0.1635413866202963,0.1,0.2
15406,14,0.2,0.06666666666666665,0.13120507751234176,0.07142857142857142,0.2,0.2,0.2,0.1635413866202963,0.14285714285714285,0.2
15412,3,0.3333333333333333,0.4166666666666667,0.46927872602275644,0.3333333333333333,0.2,0.6666666666666666,0.37037037037037035,0.46927872602275644,0.6666666666666666,0.2
15413,3,0.0,0.0,0.0,0.0,0.0,0.0,0.0,0.0,0.0,0.0
15417,19,0.0,0.0,0.0,0.0,0.0,0.0,0.0,0.0,0.0,0.0
15418,28,0.0,0.0,0.0,0.0,0.0,0.1,0.09090909090909091,0.07839826897867533,0.03571428571428571,0.1
15419,3,0.3333333333333333,0.33333333333333337,0.29608191096586517,0.3333333333333333,0.2,0.3333333333333333,0.3333333333333333,0.29608191096586517,0.3333333333333333,0.1
15421,7,0.4,0.6,0.5531464700081437,0.2857142857142857,0.4,0.2857142857142857,0.38775510204081626,0.4483039899025303,0.2857142857142857,0.2
15453,3,0.3333333333333333,0.4166666666666667,0.46927872602275644,0.3333333333333333,0.2,0.3333333333333333,0.37037037037037035,0.46927872602275644,0.3333333333333333,0.1
15467,7,0.0,0.0,0.0,0.0,0.0,0.0,0.0,0.0,0.0,0.0
15470,2,0.0,0.0,0.0,0.0,0.0,0.0,0.0,0.0,0.0,0.0
15475,55,0.6,0.6,0.529634717214042,0.05454545454545454,0.6,0.3,0.43636363636363645,0.34369669139214537,0.05454545454545454,0.3
15477,17,0.6,0.5333333333333333,0.5147714448836773,0.17647058823529413,0.6,0.5,0.5454545454545454,0.4768465887003529,0.29411764705882354,0.5
15481,17,0.4,0.4666666666666666,0.38356636737133554,0.11764705882352941,0.4,0.3,0.34545454545454546,0.3151625504769836,0.17647058823529413,0.3
15491,31,0.8,0.9333333333333332,0.8687949224876582,0.12903225806451613,0.8,0.5,0.6363636363636365,0.6274092458891773,0.16129032258064516,0.5
15504,1,0.0,0.0,0.0,0.0,0.0,0.0,0.0,0.0,0.0,0.0
15508,23,0.8,0.8666666666666666,0.8539316501572936,0.17391304347826086,0.8,0.5,0.6727272727272727,0.6275071330616558,0.21739130434782608,0.5
15513,9,0.2,0.3333333333333333,0.33916020527361607,0.1111111111111111,0.2,0.2222222222222222,0.24074074074074073,0.3091941646995599,0.2222222222222222,0.2
15522,23,0.6,0.6666666666666666,0.6843515475204854,0.13043478260869565,0.6,0.4,0.5272727272727272,0.5174612499126158,0.17391304347826086,0.4
15527,4,0.0,0.0,0.0,0.0,0.0,0.0,0.0,0.0,0.0,0.0
15529,6,0.2,0.3333333333333333,0.33916020527361607,0.16666666666666666,0.2,0.16666666666666666,0.2222222222222222,0.30260241349881345,0.16666666666666666,0.1
15531,5,0.6,0.6666666666666666,0.6843515475204854,0.6,0.6,0.6,0.625,0.6843515475204854,0.6,0.3
15535,15,0.8,0.8666666666666666,0.8539316501572936,0.26666666666666666,0.8,0.5,0.6909090909090909,0.6325414799409711,0.3333333333333333,0.5
15537,2,0.0,0.0,0.0,0.0,0.0,0.0,0.0,0.0,0.0,0.0
15539,2,0.5,0.5555555555555556,0.6131471927654584,0.5,0.2,0.5,0.5263157894736842,0.6131471927654584,0.5,0.1
15541,20,0.4,0.6,0.5531464700081437,0.1,0.4,0.3,0.3818181818181818,0.42520843362602373,0.15,0.3
15544,9,0.2,0.3333333333333333,0.33916020527361607,0.1111111111111111,0.2,0.1111111111111111,0.18518518518518517,0.23504554941448538,0.1111111111111111,0.1
15545,4,0.0,0.0,0.0,0.0,0.0,0.0,0.0,0.0,0.0,0.0
15546,31,0.6,0.6,0.6399453854227659,0.0967741935483871,0.6,0.5,0.6,0.5670429581667765,0.16129032258064516,0.5
15548,18,0.2,0.06666666666666665,0.13120507751234176,0.05555555555555555,0.2,0.1,0.10909090909090909,0.08514311764162097,0.05555555555555555,0.1
15550,25,0.8,0.8000000000000002,0.8304198973631919,0.16,0.8,0.6,0.6909090909090909,0.6785038377365556,0.24,0.6
15553,1,0.0,0.0,0.0,0.0,0.0,0.0,0.0,0.0,0.0,0.0
15557,1,0.0,0.0,0.0,0.0,0.0,0.0,0.0,0.0,0.0,0.0
15568,10,0.4,0.5333333333333333,0.5087403079104241,0.2,0.4,0.5,0.509090909090909,0.5455206287241072,0.5,0.5
15569,1,1.0,1.0,1.0,1.0,0.2,1.0,1.0,1.0,1.0,0.1
15578,9,0.4,0.5333333333333333,0.5087403079104241,0.2222222222222222,0.4,0.2222222222222222,0.3333333333333333,0.352568324121728,0.2222222222222222,0.2
15582,11,0.6,0.6,0.529634717214042,0.2727272727272727,0.6,0.4,0.45454545454545464,0.40731747959109704,0.36363636363636365,0.4
15595,25,0.6,0.7333333333333334,0.6992148198508501,0.12,0.6,0.8,0.7454545454545454,0.8048109992093389,0.32,0.8
15598,27,0.6,0.6,0.6399453854227659,0.1111111111111111,0.6,0.4,0.5272727272727272,0.4936790360674165,0.14814814814814814,0.4
15599,3,0.0,0.0,0.0,0.0,0.0,0.0,0.0,0.0,0.0,0.0
15605,6,0.2,0.3333333333333333,0.33916020527361607,0.16666666666666666,0.2,0.3333333333333333,0.2222222222222222,0.30260241349881345,0.3333333333333333,0.2
15611,4,0.0,0.0,0.0,0.0,0.0,0.0,0.0,0.0,0.0,0.0
15612,4,0.5,0.6428571428571429,0.6366824387328316,0.5,0.4,0.5,0.5588235294117646,0.6366824387328316,0.5,0.2
15621,2,0.5,0.0,0.0,0.5,0.2,0.5,0.0,0.0,0.5,0.1
15623,14,0.2,0.3333333333333333,0.33916020527361607,0.07142857142857142,0.2,0.1,0.18181818181818182,0.22009176629808014,0.07142857142857142,0.1
15627,5,0.6,0.6,0.6399453854227659,0.6,0.6,0.6,0.6,0.6399453854227659,0.6,0.3
15628,37,0.8,0.9333333333333332,0.8687949224876582,0.10810810810810811,0.8,0.5,0.7090909090909091,0.6421867266689009,0.13513513513513514,0.5
15629,42,0.2,0.3333333333333333,0.33916020527361607,0.023809523809523808,0.2,0.2,0.21818181818181817,0.28634598975246917,0.047619047619047616,0.2
15640,30,0.8,0.9333333333333332,0.8687949224876582,0.13333333333333333,0.8,0.6,0.7454545454545456,0.7065836017263629,0.2,0.6
15651,7,0.4,0.3333333333333333,0.34519134224686926,0.2857142857142857,0.4,0.2857142857142857,0.3061224489795918,0.2797643380184692,0.2857142857142857,0.2
15659,9,0.0,0.0,0.0,0.0,0.0,0.0,0.0,0.0,0.0,0.0
15661,13,0.0,0.0,0.0,0.0,0.0,0.1,0.036363636363636355,0.06625422345438903,0.07692307692307693,0.1
15662,8,0.2,0.3333333333333333,0.33916020527361607,0.125,0.2,0.125,0.1923076923076923,0.2529427027676571,0.125,0.1
15670,23,0.2,0.3333333333333333,0.33916020527361607,0.043478260869565216,0.2,0.4,0.3818181818181818,0.43810818083050457,0.17391304347826086,0.4
15671,10,0.0,0.0,0.0,0.0,0.0,0.0,0.0,0.0,0.0,0.0
15672,2,0.5,0.5555555555555556,0.6131471927654584,0.5,0.2,1.0,0.5263157894736842,0.6131471927654584,1.0,0.2
15674,20,0.0,0.0,0.0,0.0,0.0,0.1,0.07272727272727274,0.07336392209936006,0.05,0.1
15681,12,0.6,0.6666666666666666,0.6548086577531306,0.25,0.6,0.4,0.5454545454545454,0.5033242827953462,0.3333333333333333,0.4
15687,3,0.3333333333333333,0.4166666666666667,0.46927872602275644,0.3333333333333333,0.2,0.6666666666666666,0.37037037037037035,0.46927872602275644,0.6666666666666666,0.2
15689,10,0.6,0.6,0.529634717214042,0.3,0.6,0.4,0.47272727272727283,0.4099509148465344,0.4,0.4
15700,9,0.2,0.19999999999999998,0.16958010263680803,0.1111111111111111,0.2,0.3333333333333333,0.18518518518518517,0.1882785354283233,0.3333333333333333,0.3
15709,48,0.6,0.6666666666666666,0.6843515475204854,0.0625,0.6,0.8,0.7272727272727273,0.7951657524814091,0.16666666666666666,0.8
15717,9,0.2,0.26666666666666666,0.2139862647345275,0.1111111111111111,0.2,0.2222222222222222,0.20370370370370372,0.21905299129122965,0.2222222222222222,0.2
15726,7,0.0,0.0,0.0,0.0,0.0,0.0,0.0,0.0,0.0,0.0
15729,4,0.25,0.35714285714285715,0.39038004999210163,0.25,0.2,0.25,0.2941176470588235,0.39038004999210163,0.25,0.1
15735,12,0.6,0.6666666666666666,0.6548086577531306,0.25,0.6,0.4,0.5272727272727272,0.49828993591603105,0.3333333333333333,0.4
15736,20,0.0,0.0,0.0,0.0,0.0,0.0,0.0,0.0,0.0,0.0
15743,1,0.0,0.0,0.0,0.0,0.0,0.0,0.0,0.0,0.0,0.0
15747,1,1.0,0.0,0.0,1.0,0.2,1.0,0.0,0.0,1.0,0.1
15773,6,0.4,0.4666666666666666,0.38356636737133554,0.3333333333333333,0.4,0.5,0.48888888888888893,0.4500112274528522,0.5,0.3
15781,7,0.4,0.3333333333333333,0.34519134224686926,0.2857142857142857,0.4,0.2857142857142857,0.3061224489795918,0.2797643380184692,0.2857142857142857,0.2
15782,3,0.3333333333333333,0.4166666666666667,0.46927872602275644,0.3333333333333333,0.2,0.3333333333333333,0.37037037037037035,0.46927872602275644,0.3333333333333333,0.1
15792,4,0.75,0.8571428571428572,0.8318724637288825,0.75,0.6,0.75,0.7941176470588235,0.8318724637288825,0.75,0.3
15799,52,1.0,1.0,1.0,0.09615384615384616,1.0,0.7,0.8545454545454546,0.7917267193679839,0.1346153846153846,0.7
15800,8,0.4,0.4666666666666666,0.38356636737133554,0.25,0.4,0.25,0.3269230769230769,0.2860604285087249,0.25,0.2
15805,7,0.2,0.19999999999999998,0.16958010263680803,0.14285714285714285,0.2,0.14285714285714285,0.16326530612244897,0.13743816645714543,0.14285714285714285,0.1
15811,14,0.6,0.7999999999999999,0.7227265726449518,0.21428571428571427,0.6,0.3,0.49090909090909096,0.46900009332067477,0.21428571428571427,0.3
15817,16,0.2,0.26666666666666666,0.2139862647345275,0.0625,0.2,0.1,0.16363636363636364,0.1388624438735545,0.0625,0.1
15819,36,0.4,0.4666666666666666,0.48522855511632257,0.05555555555555555,0.4,0.4,0.43636363636363645,0.45767527470376823,0.1111111111111111,0.4
15820,16,0.2,0.3333333333333333,0.33916020527361607,0.0625,0.2,0.1,0.18181818181818182,0.22009176629808014,0.0625,0.1
15823,26,0.8,0.9333333333333332,0.8687949224876582,0.15384615384615385,0.8,0.7,0.8,0.7791714369672127,0.2692307692307692,0.7
15827,25,0.2,0.13333333333333333,0.14606834984270645,0.04,0.2,0.4,0.34545454545454546,0.3159817773843634,0.16,0.4
15828,31,0.4,0.39999999999999997,0.4703652827859578,0.06451612903225806,0.4,0.4,0.36363636363636365,0.43828689407543003,0.12903225806451613,0.4
15835,17,0.2,0.19999999999999998,0.16958010263680803,0.058823529411764705,0.2,0.1,0.14545454545454548,0.11004588314904007,0.058823529411764705,0.1
15838,10,0.2,0.3333333333333333,0.33916020527361607,0.1,0.2,0.1,0.18181818181818182,0.22009176629808014,0.1,0.1
15852,8,0.2,0.3333333333333333,0.33916020527361607,0.125,0.2,0.25,0.1923076923076923,0.2529427027676571,0.25,0.2
15856,21,0.2,0.3333333333333333,0.33916020527361607,0.047619047619047616,0.2,0.1,0.18181818181818182,0.22009176629808014,0.047619047619047616,0.1
15864,10,0.2,0.19999999999999998,0.16958010263680803,0.1,0.2,0.1,0.14545454545454548,0.11004588314904007,0.1,0.1
15870,5,0.4,0.3333333333333333,0.34519134224686926,0.4,0.4,0.4,0.375,0.34519134224686926,0.4,0.2
15877,1,0.0,0.0,0.0,0.0,0.0,0.0,0.0,0.0,0.0,0.0
15884,5,0.0,0.0,0.0,0.0,0.0,0.0,0.0,0.0,0.0,0.0
15885,3,0.3333333333333333,0.4166666666666667,0.46927872602275644,0.3333333333333333,0.2,0.3333333333333333,0.37037037037037035,0.46927872602275644,0.3333333333333333,0.1
15886,48,0.2,0.26666666666666666,0.2139862647345275,0.020833333333333332,0.2,0.3,0.2545454545454545,0.2758471541718662,0.0625,0.3
15887,30,1.0,1.0,1.0,0.16666666666666666,1.0,0.7,0.8363636363636363,0.7909506325094736,0.23333333333333334,0.7
15892,1,1.0,1.0,1.0,1.0,0.2,1.0,1.0,1.0,1.0,0.1
15893,8,1.0,1.0,1.0,0.625,1.0,0.75,0.8653846153846153,0.8358912271816661,0.75,0.6
15894,4,0.5,0.6428571428571429,0.6366824387328316,0.5,0.4,0.75,0.5588235294117646,0.6366824387328316,0.75,0.3
15898,16,0.2,0.26666666666666666,0.2139862647345275,0.0625,0.2,0.1,0.16363636363636364,0.1388624438735545,0.0625,0.1
15899,25,0.4,0.4666666666666666,0.48522855511632257,0.08,0.4,0.3,0.34545454545454546,0.38113435412202,0.12,0.3
15907,6,0.2,0.19999999999999998,0.16958010263680803,0.16666666666666666,0.2,0.16666666666666666,0.17777777777777778,0.15130120674940672,0.16666666666666666,0.1
15919,30,0.8,0.8000000000000002,0.8304198973631919,0.13333333333333333,0.8,0.6,0.6727272727272727,0.6758704024811183,0.2,0.6
15944,33,0.8,0.9333333333333332,0.8687949224876582,0.12121212121212122,0.8,0.5,0.6727272727272727,0.6332196796270029,0.15151515151515152,0.5
15950,4,0.0,0.0,0.0,0.0,0.0,0.0,0.0,0.0,0.0,0.0
15955,2,0.5,0.4444444444444445,0.3868528072345415,0.5,0.2,0.5,0.4736842105263158,0.3868528072345415,0.5,0.1
15960,36,1.0,1.0,1.0,0.1388888888888889,1.0,0.5,0.7272727272727273,0.6489315753318466,0.1388888888888889,0.5
15967,39,0.8,0.8666666666666666,0.8539316501572936,0.10256410256410256,0.8,0.7,0.8,0.7721596254947202,0.1794871794871795,0.7
15977,8,0.0,0.0,0.0,0.0,0.0,0.0,0.0,0.0,0.0,0.0
15978,23,0.2,0.26666666666666666,0.2139862647345275,0.043478260869565216,0.2,0.1,0.16363636363636364,0.1388624438735545,0.043478260869565216,0.1
15980,19,0.2,0.13333333333333333,0.14606834984270645,0.05263157894736842,0.2,0.1,0.12727272727272726,0.09478836436955078,0.05263157894736842,0.1
15985,13,0.0,0.0,0.0,0.0,0.0,0.0,0.0,0.0,0.0,0.0
15989,21,1.0,1.0,1.0,0.23809523809523808,1.0,0.6,0.8,0.7222954974312067,0.2857142857142857,0.6
16003,1,0.0,0.0,0.0,0.0,0.0,0.0,0.0,0.0,0.0,0.0
16006,4,0.75,0.7857142857142858,0.8048099750039491,0.75,0.6,0.75,0.764705882352941,0.8048099750039491,0.75,0.3
16011,3,0.3333333333333333,0.25,0.23463936301137822,0.3333333333333333,0.2,0.3333333333333333,0.2962962962962963,0.23463936301137822,0.3333333333333333,0.1
16016,19,0.8,0.8666666666666666,0.8539316501572936,0.21052631578947367,0.8,0.5,0.6909090909090909,0.6325414799409711,0.2631578947368421,0.5
16025,15,0.0,0.0,0.0,0.0,0.0,0.2,0.14545454545454548,0.14782949091545258,0.13333333333333333,0.2
16030,12,0.4,0.19999999999999998,0.2772734273550482,0.16666666666666666,0.4,0.3,0.2909090909090909,0.24936270394794896,0.25,0.3
16031,20,0.8,0.9333333333333332,0.8687949224876582,0.2,0.8,0.6,0.7454545454545456,0.7065836017263629,0.3,0.6
16032,1,0.0,0.0,0.0,0.0,0.0,0.0,0.0,0.0,0.0,0.0
16038,4,0.0,0.0,0.0,0.0,0.0,0.25,0.0,0.0,0.25,0.1
16045,2,0.0,0.0,0.0,0.0,0.0,0.0,0.0,0.0,0.0,0.0
16048,3,0.3333333333333333,0.4166666666666667,0.46927872602275644,0.3333333333333333,0.2,0.3333333333333333,0.37037037037037035,0.46927872602275644,0.3333333333333333,0.1
16052,9,0.4,0.5333333333333333,0.5087403079104241,0.2222222222222222,0.4,0.2222222222222222,0.3333333333333333,0.352568324121728,0.2222222222222222,0.2
16055,1,0.0,0.0,0.0,0.0,0.0,0.0,0.0,0.0,0.0,0.0
16063,35,0.2,0.3333333333333333,0.33916020527361607,0.02857142857142857,0.2,0.3,0.34545454545454546,0.37185395737611554,0.08571428571428572,0.3
16064,1,1.0,1.0,1.0,1.0,0.2,1.0,1.0,1.0,1.0,0.1
16065,30,0.0,0.0,0.0,0.0,0.0,0.2,0.16363636363636364,0.1517621910780354,0.06666666666666667,0.2
16072,23,0.4,0.4666666666666666,0.38356636737133554,0.08695652173913043,0.4,0.2,0.30909090909090914,0.24890832702259458,0.08695652173913043,0.2
16076,29,1.0,1.0,1.0,0.1724137931034483,1.0,0.8,0.8727272727272727,0.8572048559638626,0.27586206896551724,0.8
16078,4,0.0,0.0,0.0,0.0,0.0,0.0,0.0,0.0,0.0,0.0
16091,10,0.0,0.0,0.0,0.0,0.0,0.2,0.10909090909090909,0.13961814555374907,0.2,0.2
16092,35,0.6,0.39999999999999997,0.4468535299918562,0.08571428571428572,0.6,0.6,0.5272727272727272,0.4982506457922279,0.17142857142857143,0.6
16094,23,0.4,0.3333333333333333,0.31564845247951445,0.08695652173913043,0.4,0.4,0.38181818181818183,0.3468533046962179,0.17391304347826086,0.4
16096,19,0.6,0.7999999999999999,0.7227265726449518,0.15789473684210525,0.6,0.5,0.5818181818181819,0.6059848036189865,0.2631578947368421,0.5
16103,13,0.4,0.6,0.5531464700081437,0.15384615384615385,0.4,0.2,0.34545454545454546,0.3589542101716347,0.15384615384615385,0.2
16108,24,0.8,0.7333333333333334,0.7860137352654724,0.16666666666666666,0.8,0.5,0.6181818181818183,0.5795003533950692,0.20833333333333334,0.5
16129,25,0.2,0.19999999999999998,0.16958010263680803,0.04,0.2,0.3,0.29090909090909095,0.2578753740644926,0.12,0.3
16138,41,0.6,0.6666666666666666,0.6548086577531306,0.07317073170731707,0.6,0.4,0.5454545454545454,0.5033242827953462,0.0975609756097561,0.4
16139,3,0.3333333333333333,0.4166666666666667,0.46927872602275644,0.3333333333333333,0.2,0.3333333333333333,0.37037037037037035,0.46927872602275644,0.3333333333333333,0.1
16150,35,0.8,0.9333333333333332,0.8687949224876582,0.11428571428571428,0.8,0.6,0.6727272727272728,0.6936634693435664,0.17142857142857143,0.6
16155,21,0.8,0.7333333333333334,0.7860137352654724,0.19047619047619047,0.8,0.7,0.7454545454545456,0.7241528458281336,0.3333333333333333,0.7
16157,8,0.6,0.7999999999999999,0.7227265726449518,0.375,0.6,0.5,0.6153846153846154,0.6291031399287498,0.5,0.4
16166,64,0.4,0.39999999999999997,0.4703652827859578,0.03125,0.4,0.4,0.38181818181818183,0.4409203293308674,0.0625,0.4
16175,15,0.2,0.26666666666666666,0.2139862647345275,0.06666666666666667,0.2,0.4,0.3818181818181818,0.36005585688836717,0.26666666666666666,0.4
16176,4,0.25,0.35714285714285715,0.39038004999210163,0.25,0.2,0.25,0.2941176470588235,0.39038004999210163,0.25,0.1
16190,11,0.4,0.5333333333333333,0.5087403079104241,0.18181818181818182,0.4,0.3,0.34545454545454546,0.3937584376460719,0.2727272727272727,0.3
16195,9,0.2,0.3333333333333333,0.33916020527361607,0.1111111111111111,0.2,0.1111111111111111,0.18518518518518517,0.23504554941448538,0.1111111111111111,0.1
16202,4,0.0,0.0,0.0,0.0,0.0,0.25,0.0,0.0,0.25,0.1
16205,5,0.0,0.0,0.0,0.0,0.0,0.0,0.0,0.0,0.0,0.0
16206,36,0.2,0.19999999999999998,0.16958010263680803,0.027777777777777776,0.2,0.3,0.2727272727272727,0.2546983755821044,0.08333333333333333,0.3
16218,5,0.0,0.0,0.0,0.0,0.0,0.0,0.0,0.0,0.0,0.0
16222,11,0.8,0.6666666666666666,0.6608397947263838,0.36363636363636365,0.8,0.5,0.6363636363636365,0.5072380780124417,0.45454545454545453,0.5
16232,39,0.4,0.6,0.5531464700081437,0.05128205128205128,0.4,0.3,0.43636363636363634,0.43735247915031,0.07692307692307693,0.3
16237,16,0.2,0.3333333333333333,0.33916020527361607,0.0625,0.2,0.1,0.18181818181818182,0.22009176629808014,0.0625,0.1
16240,17,0.4,0.39999999999999997,0.4703652827859578,0.11764705882352941,0.4,0.2,0.29090909090909095,0.3052348839397011,0.11764705882352941,0.2
16246,6,0.4,0.5333333333333333,0.5087403079104241,0.3333333333333333,0.4,0.3333333333333333,0.4,0.4539036202482201,0.3333333333333333,0.2
16249,28,0.6,0.39999999999999997,0.4468535299918562,0.10714285714285714,0.6,0.7,0.5636363636363636,0.5626475208496898,0.25,0.7
16253,2,0.0,0.0,0.0,0.0,0.0,0.0,0.0,0.0,0.0,0.0
16254,3,0.3333333333333333,0.0,0.0,0.3333333333333333,0.2,0.3333333333333333,0.0,0.0,0.3333333333333333,0.1
16255,16,0.0,0.0,0.0,0.0,0.0,0.0,0.0,0.0,0.0,0.0
16257,6,0.2,0.3333333333333333,0.33916020527361607,0.16666666666666666,0.2,0.16666666666666666,0.2222222222222222,0.30260241349881345,0.16666666666666666,0.1
16259,54,0.6,0.6,0.529634717214042,0.05555555555555555,0.6,0.7,0.6363636363636365,0.6214011939609387,0.12962962962962962,0.7
16268,7,0.4,0.6,0.5531464700081437,0.2857142857142857,0.4,0.2857142857142857,0.38775510204081626,0.4483039899025303,0.2857142857142857,0.2
16271,4,0.25,0.2142857142857143,0.19519002499605081,0.25,0.2,0.25,0.23529411764705882,0.19519002499605081,0.25,0.1
16273,14,0.2,0.3333333333333333,0.33916020527361607,0.07142857142857142,0.2,0.1,0.18181818181818182,0.22009176629808014,0.07142857142857142,0.1
16275,5,0.2,0.3333333333333333,0.33916020527361607,0.2,0.2,0.2,0.25,0.33916020527361607,0.2,0.1
16289,12,0.2,0.26666666666666666,0.2139862647345275,0.08333333333333333,0.2,0.2,0.2545454545454545,0.21726071285222984,0.16666666666666666,0.2
16293,52,1.0,1.0,1.0,0.09615384615384616,1.0,0.8,0.890909090909091,0.8579809428223729,0.15384615384615385,0.8
16294,6,0.0,0.0,0.0,0.0,0.0,0.0,0.0,0.0,0.0,0.0
16299,20,0.0,0.0,0.0,0.0,0.0,0.2,0.10909090909090909,0.13961814555374907,0.1,0.2
16306,7,0.4,0.4666666666666666,0.48522855511632257,0.2857142857142857,0.4,0.2857142857142857,0.346938775510204,0.3932591258696538,0.2857142857142857,0.2
16307,7,0.4,0.26666666666666666,0.3007851801491498,0.2857142857142857,0.4,0.5714285714285714,0.2857142857142857,0.24377484748737527,0.5714285714285714,0.4
16311,13,0.6,0.7333333333333334,0.6992148198508501,0.23076923076923078,0.6,0.5,0.5636363636363636,0.5894280199323517,0.38461538461538464,0.5
16316,10,0.8,0.7333333333333334,0.7860137352654724,0.4,0.8,0.5,0.6363636363636364,0.5834330535576521,0.5,0.5
16317,8,0.4,0.6,0.5531464700081437,0.25,0.4,0.375,0.4615384615384615,0.5026317885449212,0.375,0.3
16322,10,0.2,0.06666666666666665,0.13120507751234176,0.1,0.2,0.2,0.16363636363636364,0.15457433957839825,0.2,0.2
16323,10,0.2,0.3333333333333333,0.33916020527361607,0.1,0.2,0.1,0.18181818181818182,0.22009176629808014,0.1,0.1
16332,2,0.0,0.0,0.0,0.0,0.0,0.0,0.0,0.0,0.0,0.0
16335,10,0.4,0.19999999999999998,0.2772734273550482,0.2,0.4,0.2,0.23636363636363633,0.17993148201117173,0.2,0.2
16336,3,0.0,0.0,0.0,0.0,0.0,0.0,0.0,0.0,0.0,0.0
16337,22,0.0,0.0,0.0,0.0,0.0,0.1,0.036363636363636355,0.06625422345438903,0.045454545454545456,0.1
16339,7,0.4,0.3333333333333333,0.31564845247951445,0.2857142857142857,0.4,0.2857142857142857,0.3061224489795918,0.2558209594125083,0.2857142857142857,0.2
16357,1,0.0,0.0,0.0,0.0,0.0,0.0,0.0,0.0,0.0,0.0
16361,5,0.0,0.0,0.0,0.0,0.0,0.2,0.0,0.0,0.2,0.1
16362,32,0.6,0.7999999999999999,0.7227265726449518,0.09375,0.6,0.7,0.7090909090909091,0.750637296052051,0.21875,0.7
16370,3,1.0,0.6666666666666667,0.7039180890341346,1.0,0.6,1.0,0.6666666666666666,0.7039180890341346,1.0,0.3
16375,16,0.6,0.7999999999999999,0.7227265726449518,0.1875,0.6,0.3,0.49090909090909096,0.46900009332067477,0.1875,0.3
16376,3,0.0,0.0,0.0,0.0,0.0,0.3333333333333333,0.0,0.0,0.3333333333333333,0.1
16386,9,0.0,0.0,0.0,0.0,0.0,0.1111111111111111,0.0,0.0,0.1111111111111111,0.1
16390,2,0.0,0.0,0.0,0.0,0.0,0.0,0.0,0.0,0.0,0.0
16392,23,0.2,0.06666666666666665,0.13120507751234176,0.043478260869565216,0.2,0.1,0.10909090909090909,0.08514311764162097,0.043478260869565216,0.1
16394,11,0.6,0.5333333333333333,0.6164336326286642,0.2727272727272727,0.6,0.4,0.43636363636363634,0.46364403650820357,0.36363636363636365,0.4
16395,11,0.0,0.0,0.0,0.0,0.0,0.1,0.09090909090909091,0.07839826897867533,0.09090909090909091,0.1
16396,1,1.0,1.0,1.0,1.0,0.2,1.0,1.0,1.0,1.0,0.1
16407,5,0.2,0.26666666666666666,0.2139862647345275,0.2,0.2,0.4,0.225,0.2139862647345275,0.4,0.2
16414,28,0.6,0.6666666666666666,0.6843515475204854,0.10714285714285714,0.6,0.5,0.5818181818181819,0.58874982024632,0.17857142857142858,0.5
16426,18,0.4,0.6,0.5531464700081437,0.1111111111111111,0.4,0.2,0.34545454545454546,0.3589542101716347,0.1111111111111111,0.2
16428,18,0.6,0.6,0.6399453854227659,0.16666666666666666,0.6,0.4,0.49090909090909096,0.48471198902551843,0.2222222222222222,0.4
16436,7,0.4,0.6,0.5531464700081437,0.2857142857142857,0.4,0.42857142857142855,0.38775510204081626,0.4483039899025303,0.42857142857142855,0.3
16437,6,0.2,0.26666666666666666,0.2139862647345275,0.16666666666666666,0.2,0.16666666666666666,0.2,0.1909208661789346,0.16666666666666666,0.1
16445,1,0.0,0.0,0.0,0.0,0.0,0.0,0.0,0.0,0.0,0.0
16447,1,0.0,0.0,0.0,0.0,0.0,1.0,0.0,0.0,1.0,0.1
16458,10,0.4,0.5333333333333333,0.5087403079104241,0.2,0.4,0.3,0.4,0.40350157154648025,0.3,0.3
16460,6,0.4,0.6,0.5531464700081437,0.3333333333333333,0.4,0.3333333333333333,0.4222222222222222,0.4935232796777481,0.3333333333333333,0.2
16462,25,0.8,0.8666666666666666,0.8539316501572936,0.16,0.8,0.4,0.6000000000000001,0.5541432109622958,0.16,0.4
16464,7,0.2,0.3333333333333333,0.33916020527361607,0.14285714285714285,0.2,0.14285714285714285,0.2040816326530612,0.27487633291429087,0.14285714285714285,0.1
16467,5,0.2,0.13333333333333333,0.14606834984270645,0.2,0.2,0.2,0.175,0.14606834984270645,0.2,0.1
16468,13,0.4,0.5333333333333333,0.5087403079104241,0.15384615384615385,0.4,0.3,0.38181818181818183,0.3995688713838974,0.23076923076923078,0.3
16469,14,0.2,0.3333333333333333,0.33916020527361607,0.07142857142857142,0.2,0.1,0.18181818181818182,0.22009176629808014,0.07142857142857142,0.1
16473,32,0.4,0.4666666666666666,0.48522855511632257,0.0625,0.4,0.4,0.4,0.4518648409659427,0.125,0.4
16478,16,0.6,0.7333333333333334,0.6992148198508501,0.1875,0.6,0.4,0.5454545454545454,0.5271064966405455,0.25,0.4
16491,3,0.3333333333333333,0.4166666666666667,0.46927872602275644,0.3333333333333333,0.2,0.3333333333333333,0.37037037037037035,0.46927872602275644,0.3333333333333333,0.1
16494,3,0.3333333333333333,0.4166666666666667,0.46927872602275644,0.3333333333333333,0.2,0.3333333333333333,0.37037037037037035,0.46927872602275644,0.3333333333333333,0.1
16510,8,0.0,0.0,0.0,0.0,0.0,0.0,0.0,0.0,0.0,0.0
16514,3,0.3333333333333333,0.4166666666666667,0.46927872602275644,0.3333333333333333,0.2,0.3333333333333333,0.37037037037037035,0.46927872602275644,0.3333333333333333,0.1
16516,8,0.2,0.3333333333333333,0.33916020527361607,0.125,0.2,0.125,0.1923076923076923,0.2529427027676571,0.125,0.1
16526,3,0.3333333333333333,0.25,0.23463936301137822,0.3333333333333333,0.2,0.3333333333333333,0.2962962962962963,0.23463936301137822,0.3333333333333333,0.1
16533,23,0.4,0.6,0.5531464700081437,0.08695652173913043,0.4,0.5,0.5636363636363636,0.5801476231864473,0.21739130434782608,0.5
16554,1,0.0,0.0,0.0,0.0,0.0,0.0,0.0,0.0,0.0,0.0
16555,8,0.4,0.26666666666666666,0.3007851801491498,0.25,0.4,0.25,0.2692307692307692,0.22432294601898897,0.25,0.2
16556,32,0.4,0.6,0.5531464700081437,0.0625,0.4,0.2,0.34545454545454546,0.3589542101716347,0.0625,0.2
16557,4,0.25,0.35714285714285715,0.39038004999210163,0.25,0.2,0.25,0.2941176470588235,0.39038004999210163,0.25,0.1
16561,15,0.2,0.13333333333333333,0.14606834984270645,0.06666666666666667,0.2,0.2,0.21818181818181817,0.1731866333482261,0.13333333333333333,0.2
16568,3,0.6666666666666666,0.4166666666666667,0.46927872602275644,0.6666666666666666,0.4,0.6666666666666666,0.37037037037037035,0.46927872602275644,0.6666666666666666,0.2
16569,1,0.0,0.0,0.0,0.0,0.0,0.0,0.0,0.0,0.0,0.0
16574,21,0.0,0.0,0.0,0.0,0.0,0.2,0.12727272727272726,0.14465249243306436,0.09523809523809523,0.2
16579,2,0.0,0.0,0.0,0.0,0.0,0.0,0.0,0.0,0.0,0.0
16591,9,0.4,0.4666666666666666,0.48522855511632257,0.2222222222222222,0.4,0.2222222222222222,0.31481481481481477,0.3362741576267856,0.2222222222222222,0.2
16592,11,0.2,0.3333333333333333,0.33916020527361607,0.09090909090909091,0.2,0.3,0.3090909090909091,0.3647442587311445,0.2727272727272727,0.3
16596,3,0.3333333333333333,0.0,0.0,0.3333333333333333,0.2,0.3333333333333333,0.0,0.0,0.3333333333333333,0.1
16598,20,0.8,0.9333333333333332,0.8687949224876582,0.2,0.8,0.5,0.7090909090909091,0.6421867266689009,0.25,0.5
16611,18,0.4,0.6,0.5531464700081437,0.1111111111111111,0.4,0.5,0.49090909090909085,0.5653701424067237,0.2777777777777778,0.5
16618,5,0.6,0.6666666666666666,0.6843515475204854,0.6,0.6,0.6,0.625,0.6843515475204854,0.6,0.3
16620,11,0.0,0.0,0.0,0.0,0.0,0.1,0.07272727272727274,0.07336392209936006,0.09090909090909091,0.1
16627,6,0.4,0.6,0.5531464700081437,0.3333333333333333,0.4,0.3333333333333333,0.4222222222222222,0.4935232796777481,0.3333333333333333,0.2
16629,10,0.2,0.3333333333333333,0.33916020527361607,0.1,0.2,0.1,0.18181818181818182,0.22009176629808014,0.1,0.1
16631,12,0.0,0.0,0.0,0.0,0.0,0.0,0.0,0.0,0.0,0.0
16633,21,0.8,0.9333333333333332,0.8687949224876582,0.19047619047619047,0.8,0.7,0.8363636363636364,0.7849818707050382,0.3333333333333333,0.7
16643,31,0.8,0.7333333333333334,0.7860137352654724,0.12903225806451613,0.8,0.7,0.7090909090909091,0.7183424120903081,0.22580645161290322,0.7
16653,4,0.0,0.0,0.0,0.0,0.0,0.5,0.0,0.0,0.5,0.2
16658,2,0.0,0.0,0.0,0.0,0.0,0.0,0.0,0.0,0.0,0.0
16660,37,0.2,0.3333333333333333,0.33916020527361607,0.02702702702702703,0.2,0.2,0.21818181818181817,0.28634598975246917,0.05405405405405406,0.2
16661,1,1.0,1.0,1.0,1.0,0.2,1.0,1.0,1.0,1.0,0.1
16662,4,0.25,0.35714285714285715,0.39038004999210163,0.25,0.2,0.5,0.2941176470588235,0.39038004999210163,0.5,0.2
16665,11,0.6,0.6666666666666666,0.6843515475204854,0.2727272727272727,0.6,0.6,0.6727272727272727,0.6652907408280683,0.5454545454545454,0.6
16673,66,0.8,0.8000000000000002,0.8304198973631919,0.06060606060606061,0.8,0.8,0.7999999999999999,0.8205228949141826,0.12121212121212122,0.8
16682,39,1.0,1.0,1.0,0.1282051282051282,1.0,0.8,0.8545454545454546,0.8521705090845475,0.20512820512820512,0.8
16689,2,0.0,0.0,0.0,0.0,0.0,0.0,0.0,0.0,0.0,0.0
16690,7,0.0,0.0,0.0,0.0,0.0,0.14285714285714285,0.0,0.0,0.14285714285714285,0.1
16692,17,0.4,0.6,0.5531464700081437,0.11764705882352941,0.4,0.2,0.34545454545454546,0.3589542101716347,0.11764705882352941,0.2
16702,5,0.0,0.0,0.0,0.0,0.0,0.0,0.0,0.0,0.0,0.0
16703,13,0.4,0.5333333333333333,0.5087403079104241,0.15384615384615385,0.4,0.3,0.36363636363636365,0.39639187290150923,0.23076923076923078,0.3
16713,7,0.0,0.0,0.0,0.0,0.0,0.0,0.0,0.0,0.0,0.0
16716,6,0.4,0.4666666666666666,0.38356636737133554,0.3333333333333333,0.4,0.5,0.3777777777777778,0.34222207292834134,0.5,0.3
16719,6,0.4,0.6,0.5531464700081437,0.3333333333333333,0.4,0.3333333333333333,0.4222222222222222,0.4935232796777481,0.3333333333333333,0.2
16721,8,0.6,0.6666666666666666,0.6843515475204854,0.375,0.6,0.375,0.4807692307692307,0.510383374527714,0.375,0.3
16742,8,0.0,0.0,0.0,0.0,0.0,0.25,0.09615384615384615,0.0901000086523677,0.25,0.2
16745,3,0.3333333333333333,0.0,0.0,0.3333333333333333,0.2,0.3333333333333333,0.0,0.0,0.3333333333333333,0.1
16747,22,0.6,0.5333333333333333,0.6164336326286642,0.13636363636363635,0.6,0.4,0.45454545454545453,0.4662774717636409,0.18181818181818182,0.4
16753,15,0.6,0.7999999999999999,0.7227265726449518,0.2,0.6,0.4,0.5636363636363636,0.5423640154200349,0.26666666666666666,0.4
16755,8,0.0,0.0,0.0,0.0,0.0,0.125,0.09615384615384615,0.0901000086523677,0.125,0.1
16760,2,0.0,0.0,0.0,0.0,0.0,0.0,0.0,0.0,0.0,0.0
16764,9,0.6,0.6666666666666666,0.6548086577531306,0.3333333333333333,0.6,0.4444444444444444,0.5555555555555555,0.5375218463332216,0.4444444444444444,0.4
16765,14,0.4,0.6,0.5531464700081437,0.14285714285714285,0.4,0.3,0.41818181818181815,0.43231813227099475,0.21428571428571427,0.3
16768,6,0.0,0.0,0.0,0.0,0.0,0.0,0.0,0.0,0.0,0.0
16775,4,0.0,0.0,0.0,0.0,0.0,0.0,0.0,0.0,0.0,0.0
16781,19,0.6,0.6666666666666666,0.6548086577531306,0.15789473684210525,0.6,0.3,0.45454545454545453,0.424926013816671,0.15789473684210525,0.3
16794,40,0.4,0.4666666666666666,0.48522855511632257,0.05,0.4,0.4,0.45454545454545453,0.46270962158308354,0.1,0.4
16798,25,0.0,0.0,0.0,0.0,0.0,0.1,0.018181818181818177,0.0636207881989517,0.04,0.1
16799,8,0.2,0.3333333333333333,0.33916020527361607,0.125,0.2,0.125,0.1923076923076923,0.2529427027676571,0.125,0.1
16805,11,0.4,0.3333333333333333,0.31564845247951445,0.18181818181818182,0.4,0.3,0.34545454545454546,0.2781981696179509,0.2727272727272727,0.3
16807,26,0.6,0.6666666666666666,0.6548086577531306,0.11538461538461539,0.6,0.5,0.6181818181818182,0.5766882048947064,0.19230769230769232,0.5
16809,6,0.2,0.26666666666666666,0.2139862647345275,0.16666666666666666,0.2,0.16666666666666666,0.2,0.1909208661789346,0.16666666666666666,0.1
16819,35,1.0,1.0,1.0,0.14285714285714285,1.0,0.7,0.8181818181818182,0.7846170207230129,0.2,0.7
16823,26,0.4,0.6,0.5531464700081437,0.07692307692307693,0.4,0.2,0.34545454545454546,0.3589542101716347,0.07692307692307693,0.2
16831,40,0.4,0.19999999999999998,0.2772734273550482,0.05,0.4,0.4,0.3818181818181818,0.3277609729266243,0.1,0.4
16832,43,0.4,0.19999999999999998,0.2772734273550482,0.046511627906976744,0.4,0.4,0.3454545454545454,0.31954962756492084,0.09302325581395349,0.4
16847,5,0.4,0.6,0.5531464700081437,0.4,0.4,0.4,0.475,0.5531464700081437,0.4,0.2
16849,11,0.4,0.5333333333333333,0.5087403079104241,0.18181818181818182,0.4,0.3,0.4,0.40350157154648025,0.2727272727272727,0.3
16854,6,0.2,0.3333333333333333,0.33916020527361607,0.16666666666666666,0.2,0.16666666666666666,0.2222222222222222,0.30260241349881345,0.16666666666666666,0.1
16859,6,0.0,0.0,0.0,0.0,0.0,0.0,0.0,0.0,0.0,0.0
16863,5,0.0,0.0,0.0,0.0,0.0,0.0,0.0,0.0,0.0,0.0
16879,31,0.4,0.39999999999999997,0.4703652827859578,0.06451612903225806,0.4,0.5,0.43636363636363634,0.5116508161747901,0.16129032258064516,0.5
16898,7,0.0,0.0,0.0,0.0,0.0,0.0,0.0,0.0,0.0,0.0
16912,28,0.2,0.26666666666666666,0.2139862647345275,0.03571428571428571,0.2,0.3,0.2545454545454545,0.2758471541718662,0.10714285714285714,0.3
16913,8,0.2,0.3333333333333333,0.33916020527361607,0.125,0.2,0.125,0.1923076923076923,0.2529427027676571,0.125,0.1
16920,1,0.0,0.0,0.0,0.0,0.0,0.0,0.0,0.0,0.0,0.0
16921,2,0.0,0.0,0.0,0.0,0.0,0.0,0.0,0.0,0.0,0.0
16924,47,0.4,0.4000000000000001,0.3600546145772339,0.0425531914893617,0.4,0.5,0.509090909090909,0.45484422125791785,0.10638297872340426,0.5
16925,27,0.6,0.39999999999999997,0.4468535299918562,0.1111111111111111,0.6,0.6,0.5454545454545454,0.4990267326507381,0.2222222222222222,0.6
16930,73,0.6,0.6,0.529634717214042,0.0410958904109589,0.6,0.4,0.47272727272727283,0.4099509148465344,0.0547945205479452,0.4
16932,10,0.4,0.4666666666666666,0.48522855511632257,0.2,0.4,0.2,0.3090909090909091,0.31488013066763093,0.2,0.2
16934,16,0.2,0.3333333333333333,0.33916020527361607,0.0625,0.2,0.1,0.18181818181818182,0.22009176629808014,0.0625,0.1
16956,4,0.25,0.2142857142857143,0.19519002499605081,0.25,0.2,0.25,0.23529411764705882,0.19519002499605081,0.25,0.1
16961,18,0.2,0.26666666666666666,0.2139862647345275,0.05555555555555555,0.2,0.2,0.21818181818181823,0.20829366581033176,0.1111111111111111,0.2
16962,6,0.2,0.06666666666666665,0.13120507751234176,0.16666666666666666,0.2,0.3333333333333333,0.13333333333333333,0.11706259313796352,0.3333333333333333,0.2
16969,50,1.0,1.0,1.0,0.1,1.0,0.9,0.9272727272727272,0.92663607790064,0.18,0.9
16970,4,0.25,0.35714285714285715,0.39038004999210163,0.25,0.2,0.5,0.2941176470588235,0.39038004999210163,0.5,0.2
16971,2,0.5,0.0,0.0,0.5,0.2,1.0,0.0,0.0,1.0,0.2
16982,24,0.4,0.39999999999999997,0.4703652827859578,0.08333333333333333,0.4,0.4,0.4,0.4472539411173281,0.16666666666666666,0.4
16987,6,0.2,0.3333333333333333,0.33916020527361607,0.16666666666666666,0.2,0.16666666666666666,0.2222222222222222,0.30260241349881345,0.16666666666666666,0.1
17002,21,0.4,0.19999999999999998,0.2772734273550482,0.09523809523809523,0.4,0.3,0.2909090909090909,0.24936270394794896,0.14285714285714285,0.3
17005,7,0.2,0.3333333333333333,0.33916020527361607,0.14285714285714285,0.2,0.14285714285714285,0.2040816326530612,0.27487633291429087,0.14285714285714285,0.1
17009,35,0.8,0.8666666666666666,0.8539316501572936,0.11428571428571428,0.8,0.7,0.7636363636363637,0.7631925784528222,0.2,0.7
17011,2,0.0,0.0,0.0,0.0,0.0,0.5,0.0,0.0,0.5,0.1
17012,1,0.0,0.0,0.0,0.0,0.0,0.0,0.0,0.0,0.0,0.0
17014,46,0.8,0.6666666666666666,0.6608397947263838,0.08695652173913043,0.8,0.6,0.6000000000000001,0.5587148206871071,0.13043478260869565,0.6
17023,6,0.4,0.5333333333333333,0.5087403079104241,0.3333333333333333,0.4,0.5,0.4,0.4539036202482201,0.5,0.3
17026,6,0.0,0.0,0.0,0.0,0.0,0.0,0.0,0.0,0.0,0.0
17028,33,0.0,0.0,0.0,0.0,0.0,0.3,0.14545454545454545,0.20827328063201603,0.09090909090909091,0.3
17042,18,0.8,0.8666666666666666,0.8539316501572936,0.2222222222222222,0.8,0.7,0.7454545454545454,0.7624164915943119,0.3888888888888889,0.7
17046,23,0.4,0.4000000000000001,0.3600546145772339,0.08695652173913043,0.4,0.2,0.29090909090909095,0.23365080824310527,0.08695652173913043,0.2
17047,3,0.3333333333333333,0.4166666666666667,0.46927872602275644,0.3333333333333333,0.2,0.3333333333333333,0.37037037037037035,0.46927872602275644,0.3333333333333333,0.1
17063,3,0.0,0.0,0.0,0.0,0.0,0.0,0.0,0.0,0.0,0.0
17064,5,0.0,0.0,0.0,0.0,0.0,0.0,0.0,0.0,0.0,0.0
17070,1,1.0,1.0,1.0,1.0,0.2,1.0,1.0,1.0,1.0,0.1
17074,28,0.2,0.3333333333333333,0.33916020527361607,0.03571428571428571,0.2,0.2,0.21818181818181817,0.28634598975246917,0.07142857142857142,0.2
17092,26,0.2,0.3333333333333333,0.33916020527361607,0.038461538461538464,0.2,0.2,0.21818181818181817,0.28634598975246917,0.07692307692307693,0.2
17098,16,0.2,0.3333333333333333,0.33916020527361607,0.0625,0.2,0.1,0.18181818181818182,0.22009176629808014,0.0625,0.1
17101,30,0.2,0.13333333333333333,0.14606834984270645,0.03333333333333333,0.2,0.2,0.2,0.16815228646891084,0.06666666666666667,0.2
17103,4,0.0,0.0,0.0,0.0,0.0,0.0,0.0,0.0,0.0,0.0
17104,17,0.2,0.13333333333333333,0.14606834984270645,0.058823529411764705,0.2,0.1,0.12727272727272726,0.09478836436955078,0.058823529411764705,0.1
17110,3,0.3333333333333333,0.33333333333333337,0.29608191096586517,0.3333333333333333,0.2,0.3333333333333333,0.3333333333333333,0.29608191096586517,0.3333333333333333,0.1
17113,10,0.2,0.06666666666666665,0.13120507751234176,0.1,0.2,0.3,0.2545454545454546,0.23297260855707355,0.3,0.3
17115,2,0.0,0.0,0.0,0.0,0.0,0.0,0.0,0.0,0.0,0.0
17120,20,0.0,0.0,0.0,0.0,0.0,0.0,0.0,0.0,0.0,0.0
17122,5,0.2,0.3333333333333333,0.33916020527361607,0.2,0.2,0.2,0.25,0.33916020527361607,0.2,0.1
17123,2,1.0,1.0,1.0,1.0,0.4,1.0,1.0,1.0,1.0,0.2
17127,57,0.6,0.6666666666666666,0.6843515475204854,0.05263157894736842,0.6,0.3,0.45454545454545453,0.44409732781325567,0.05263157894736842,0.3
17134,29,0.8,0.7333333333333334,0.7860137352654724,0.13793103448275862,0.8,0.4,0.5636363636363636,0.510069131458292,0.13793103448275862,0.4
17138,7,0.2,0.13333333333333333,0.14606834984270645,0.14285714285714285,0.2,0.14285714285714285,0.14285714285714285,0.11838279295536291,0.14285714285714285,0.1
17146,3,0.0,0.0,0.0,0.0,0.0,0.0,0.0,0.0,0.0,0.0
17151,5,0.0,0.0,0.0,0.0,0.0,0.0,0.0,0.0,0.0,0.0
17156,15,0.2,0.26666666666666666,0.2139862647345275,0.06666666666666667,0.2,0.3,0.3272727272727272,0.2906246349515899,0.2,0.3
17163,5,0.0,0.0,0.0,0.0,0.0,0.0,0.0,0.0,0.0,0.0
17170,8,0.6,0.5333333333333333,0.6164336326286642,0.375,0.6,0.625,0.5384615384615384,0.549830798672941,0.625,0.5
17181,4,0.0,0.0,0.0,0.0,0.0,0.0,0.0,0.0,0.0,0.0
17182,3,0.0,0.0,0.0,0.0,0.0,0.0,0.0,0.0,0.0,0.0
17183,5,0.2,0.3333333333333333,0.33916020527361607,0.2,0.2,0.2,0.25,0.33916020527361607,0.2,0.1
17208,3,0.6666666666666666,0.75,0.7653606369886217,0.6666666666666666,0.4,0.6666666666666666,0.7037037037037036,0.7653606369886217,0.6666666666666666,0.2
17212,15,0.4,0.6,0.5531464700081437,0.13333333333333333,0.4,0.2,0.34545454545454546,0.3589542101716347,0.13333333333333333,0.2
17213,17,0.2,0.3333333333333333,0.33916020527361607,0.058823529411764705,0.2,0.1,0.18181818181818182,0.22009176629808014,0.058823529411764705,0.1
17215,25,0.6,0.6666666666666666,0.6843515475204854,0.12,0.6,0.3,0.45454545454545453,0.44409732781325567,0.12,0.3
17223,5,0.4,0.39999999999999997,0.4703652827859578,0.4,0.4,0.4,0.4,0.4703652827859578,0.4,0.2
17226,7,0.2,0.26666666666666666,0.2139862647345275,0.14285714285714285,0.2,0.14285714285714285,0.18367346938775508,0.17342765698823942,0.14285714285714285,0.1
17227,41,0.8,0.8000000000000002,0.8304198973631919,0.0975609756097561,0.8,0.5,0.6,0.6025064803817581,0.12195121951219512,0.5
17228,3,0.0,0.0,0.0,0.0,0.0,0.0,0.0,0.0,0.0,0.0
17231,34,1.0,1.0,1.0,0.14705882352941177,1.0,0.5,0.7272727272727273,0.6489315753318466,0.14705882352941177,0.5
17233,21,0.4,0.4666666666666666,0.38356636737133554,0.09523809523809523,0.4,0.4,0.4,0.38589303732090635,0.19047619047619047,0.4
17237,6,0.0,0.0,0.0,0.0,0.0,0.16666666666666666,0.1111111111111111,0.10778915452451095,0.16666666666666666,0.1
17239,6,0.2,0.06666666666666665,0.13120507751234176,0.16666666666666666,0.2,0.16666666666666666,0.13333333333333333,0.11706259313796352,0.16666666666666666,0.1
17240,3,0.3333333333333333,0.0,0.0,0.3333333333333333,0.2,0.6666666666666666,0.0,0.0,0.6666666666666666,0.2
17246,33,1.0,1.0,1.0,0.15151515151515152,1.0,0.8,0.890909090909091,0.8579809428223729,0.24242424242424243,0.8
17248,5,0.4,0.6,0.5531464700081437,0.4,0.4,0.4,0.475,0.5531464700081437,0.4,0.2
17250,3,0.3333333333333333,0.0,0.0,0.3333333333333333,0.2,0.3333333333333333,0.0,0.0,0.3333333333333333,0.1
17253,17,0.4,0.3333333333333333,0.31564845247951445,0.11764705882352941,0.4,0.2,0.2727272727272727,0.20483424751859083,0.11764705882352941,0.2
17255,1,1.0,0.0,0.0,1.0,0.2,1.0,0.0,0.0,1.0,0.1
17258,34,0.6,0.6,0.529634717214042,0.08823529411764706,0.6,0.5,0.5636363636363637,0.4883491838252097,0.14705882352941177,0.5
17261,6,0.0,0.0,0.0,0.0,0.0,0.0,0.0,0.0,0.0,0.0
17266,11,0.6,0.6666666666666666,0.6548086577531306,0.2727272727272727,0.6,0.4,0.509090909090909,0.4943572357534482,0.36363636363636365,0.4
17273,3,0.3333333333333333,0.4166666666666667,0.46927872602275644,0.3333333333333333,0.2,0.3333333333333333,0.37037037037037035,0.46927872602275644,0.3333333333333333,0.1
17282,22,1.0,1.0,1.0,0.22727272727272727,1.0,0.5,0.7272727272727273,0.6489315753318466,0.22727272727272727,0.5
17284,2,0.0,0.0,0.0,0.0,0.0,0.0,0.0,0.0,0.0,0.0
17285,27,0.4,0.6,0.5531464700081437,0.07407407407407407,0.4,0.3,0.36363636363636365,0.4225749983705864,0.1111111111111111,0.3
17293,34,0.4,0.3333333333333333,0.31564845247951445,0.058823529411764705,0.4,0.5,0.47272727272727266,0.42285066205101524,0.14705882352941177,0.5
17296,11,0.4,0.4666666666666666,0.48522855511632257,0.18181818181818182,0.4,0.2,0.3090909090909091,0.31488013066763093,0.18181818181818182,0.2
17306,10,0.0,0.0,0.0,0.0,0.0,0.0,0.0,0.0,0.0,0.0
17307,9,0.4,0.5333333333333333,0.5087403079104241,0.2222222222222222,0.4,0.2222222222222222,0.3333333333333333,0.352568324121728,0.2222222222222222,0.2
17308,5,0.0,0.0,0.0,0.0,0.0,0.0,0.0,0.0,0.0,0.0
17316,8,0.2,0.3333333333333333,0.33916020527361607,0.125,0.2,0.125,0.1923076923076923,0.2529427027676571,0.125,0.1
17317,7,0.0,0.0,0.0,0.0,0.0,0.14285714285714285,0.08163265306122448,0.09162544430476363,0.14285714285714285,0.1
17320,2,0.0,0.0,0.0,0.0,0.0,0.0,0.0,0.0,0.0,0.0
17326,29,0.6,0.39999999999999997,0.4468535299918562,0.10344827586206896,0.6,0.4,0.43636363636363645,0.3594085870969891,0.13793103448275862,0.4
17330,22,1.0,1.0,1.0,0.22727272727272727,1.0,0.5,0.7272727272727273,0.6489315753318466,0.22727272727272727,0.5
17331,50,0.2,0.06666666666666665,0.13120507751234176,0.02,0.2,0.3,0.23636363636363636,0.22979561007468532,0.06,0.3
17333,45,0.8,0.7333333333333334,0.7860137352654724,0.08888888888888889,0.8,0.6,0.7272727272727273,0.6618313225363274,0.13333333333333333,0.6
17334,1,0.0,0.0,0.0,0.0,0.0,0.0,0.0,0.0,0.0,0.0
17341,18,0.2,0.3333333333333333,0.33916020527361607,0.05555555555555555,0.2,0.3,0.2727272727272727,0.3570764765963919,0.16666666666666666,0.3
17343,23,0.6,0.7999999999999999,0.7227265726449518,0.13043478260869565,0.6,0.5,0.6181818181818183,0.6136525857537392,0.21739130434782608,0.5
17359,18,0.4,0.4666666666666666,0.38356636737133554,0.1111111111111111,0.4,0.3,0.34545454545454546,0.3151625504769836,0.16666666666666666,0.3
17365,34,0.4,0.3333333333333333,0.34519134224686926,0.058823529411764705,0.4,0.4,0.36363636363636365,0.36099027181348725,0.11764705882352941,0.4
17369,5,0.0,0.0,0.0,0.0,0.0,0.0,0.0,0.0,0.0,0.0
17370,10,0.2,0.3333333333333333,0.33916020527361607,0.1,0.2,0.2,0.2727272727272727,0.2984900352767555,0.2,0.2
17371,10,0.4,0.6,0.5531464700081437,0.2,0.4,0.3,0.36363636363636365,0.4225749983705864,0.3,0.3
17373,29,0.8,0.9333333333333332,0.8687949224876582,0.13793103448275862,0.8,0.6,0.7090909090909091,0.6994739030813919,0.20689655172413793,0.6
17378,11,0.2,0.3333333333333333,0.33916020527361607,0.09090909090909091,0.2,0.2,0.2727272727272727,0.2984900352767555,0.18181818181818182,0.2
17380,11,0.6,0.7999999999999999,0.7227265726449518,0.2727272727272727,0.6,0.3,0.49090909090909096,0.46900009332067477,0.2727272727272727,0.3
17391,2,0.0,0.0,0.0,0.0,0.0,0.0,0.0,0.0,0.0,0.0
17393,13,0.2,0.26666666666666666,0.2139862647345275,0.07692307692307693,0.2,0.2,0.18181818181818182,0.2024832320725062,0.15384615384615385,0.2
17394,34,0.6,0.6666666666666666,0.6843515475204854,0.08823529411764706,0.6,0.5,0.6181818181818182,0.5958595188912911,0.14705882352941177,0.5
17404,39,0.4,0.39999999999999997,0.4703652827859578,0.05128205128205128,0.4,0.3,0.36363636363636365,0.37859880603906115,0.07692307692307693,0.3
17410,39,0.8,0.7333333333333334,0.7860137352654724,0.10256410256410256,0.8,0.6,0.6545454545454545,0.6470538417566039,0.15384615384615385,0.6
17418,1,1.0,1.0,1.0,1.0,0.2,1.0,1.0,1.0,1.0,0.1
17421,16,0.0,0.0,0.0,0.0,0.0,0.0,0.0,0.0,0.0,0.0
17425,4,0.0,0.0,0.0,0.0,0.0,0.0,0.0,0.0,0.0,0.0
17428,29,1.0,1.0,1.0,0.1724137931034483,1.0,0.8,0.9454545454545454,0.8701249883466592,0.27586206896551724,0.8
17433,3,0.6666666666666666,0.6666666666666667,0.7039180890341346,0.6666666666666666,0.4,0.6666666666666666,0.6666666666666666,0.7039180890341346,0.6666666666666666,0.2
17445,12,0.6,0.7999999999999999,0.7227265726449518,0.25,0.6,0.3,0.49090909090909096,0.46900009332067477,0.25,0.3
17454,11,0.2,0.3333333333333333,0.33916020527361607,0.09090909090909091,0.2,0.1,0.18181818181818182,0.22009176629808014,0.09090909090909091,0.1
17455,44,0.8,0.8000000000000002,0.8304198973631919,0.09090909090909091,0.8,0.5,0.6363636363636364,0.6083169141195838,0.11363636363636363,0.5
17456,6,0.4,0.4666666666666666,0.48522855511632257,0.3333333333333333,0.4,0.3333333333333333,0.37777777777777777,0.4329261794091841,0.3333333333333333,0.2
17459,6,0.2,0.3333333333333333,0.33916020527361607,0.16666666666666666,0.2,0.16666666666666666,0.2222222222222222,0.30260241349881345,0.16666666666666666,0.1
17464,10,0.4,0.3333333333333333,0.31564845247951445,0.2,0.4,0.3,0.34545454545454546,0.2781981696179509,0.3,0.3
17467,20,0.8,0.9333333333333332,0.8687949224876582,0.2,0.8,0.5,0.6909090909090909,0.6371523797895856,0.25,0.5
17483,2,0.0,0.0,0.0,0.0,0.0,0.5,0.0,0.0,0.5,0.1
17492,36,0.8,0.7333333333333334,0.7860137352654724,0.1111111111111111,0.8,0.7,0.7090909090909091,0.716485063693381,0.19444444444444445,0.7
17494,6,0.6,0.5333333333333333,0.6164336326286642,0.5,0.6,0.5,0.5111111111111111,0.5499887725471476,0.5,0.3
17497,1,1.0,0.0,0.0,1.0,0.2,1.0,0.0,0.0,1.0,0.1
17498,1,0.0,0.0,0.0,0.0,0.0,0.0,0.0,0.0,0.0,0.0
17500,38,0.8,0.7333333333333334,0.7860137352654724,0.10526315789473684,0.8,0.6,0.7090909090909091,0.6578986223737445,0.15789473684210525,0.6
17507,2,0.5,0.5555555555555556,0.6131471927654584,0.5,0.2,0.5,0.5263157894736842,0.6131471927654584,0.5,0.1
17508,4,0.0,0.0,0.0,0.0,0.0,0.0,0.0,0.0,0.0,0.0
17511,47,1.0,1.0,1.0,0.10638297872340426,1.0,1.0,1.0,1.0,0.2127659574468085,1.0
17512,17,0.0,0.0,0.0,0.0,0.0,0.0,0.0,0.0,0.0,0.0
17522,28,0.2,0.3333333333333333,0.33916020527361607,0.03571428571428571,0.2,0.3,0.29090909090909095,0.3621108234757072,0.10714285714285714,0.3
17523,17,0.6,0.6,0.529634717214042,0.17647058823529413,0.6,0.3,0.43636363636363645,0.34369669139214537,0.17647058823529413,0.3
17525,6,0.0,0.0,0.0,0.0,0.0,0.16666666666666666,0.1111111111111111,0.10778915452451095,0.16666666666666666,0.1
17533,24,0.6,0.6666666666666666,0.6548086577531306,0.125,0.6,0.3,0.45454545454545453,0.424926013816671,0.125,0.3
17534,9,0.2,0.3333333333333333,0.33916020527361607,0.1111111111111111,0.2,0.1111111111111111,0.18518518518518517,0.23504554941448538,0.1111111111111111,0.1
17535,1,0.0,0.0,0.0,0.0,0.0,0.0,0.0,0.0,0.0,0.0
17549,1,1.0,1.0,1.0,1.0,0.2,1.0,1.0,1.0,1.0,0.1
17553,5,0.2,0.13333333333333333,0.14606834984270645,0.2,0.2,0.2,0.175,0.14606834984270645,0.2,0.1
17562,7,0.4,0.6,0.5531464700081437,0.2857142857142857,0.4,0.2857142857142857,0.38775510204081626,0.4483039899025303,0.2857142857142857,0.2
17568,25,0.4,0.4666666666666666,0.38356636737133554,0.08,0.4,0.3,0.38181818181818183,0.3222722491219546,0.12,0.3
17569,9,0.0,0.0,0.0,0.0,0.0,0.0,0.0,0.0,0.0,0.0
17576,32,0.8,0.7333333333333334,0.7860137352654724,0.125,0.8,0.6,0.6363636363636365,0.643121141594021,0.1875,0.6
17577,15,0.4,0.4666666666666666,0.38356636737133554,0.13333333333333333,0.4,0.3,0.4,0.3273065960012699,0.2,0.3
17579,29,0.6,0.7333333333333334,0.6992148198508501,0.10344827586206896,0.6,0.6,0.6363636363636362,0.6651928536555898,0.20689655172413793,0.6
17582,9,0.0,0.0,0.0,0.0,0.0,0.0,0.0,0.0,0.0,0.0
17583,11,0.0,0.0,0.0,0.0,0.0,0.0,0.0,0.0,0.0,0.0
17585,7,0.2,0.3333333333333333,0.33916020527361607,0.14285714285714285,0.2,0.14285714285714285,0.2040816326530612,0.27487633291429087,0.14285714285714285,0.1
17588,6,0.0,0.0,0.0,0.0,0.0,0.0,0.0,0.0,0.0,0.0
17592,14,1.0,1.0,1.0,0.35714285714285715,1.0,0.7,0.8363636363636363,0.7909506325094736,0.5,0.7
17597,35,0.4,0.4666666666666666,0.38356636737133554,0.05714285714285714,0.4,0.4,0.36363636363636365,0.37878333867593533,0.11428571428571428,0.4
17598,3,0.6666666666666666,0.5833333333333334,0.5307212739772434,0.6666666666666666,0.4,0.6666666666666666,0.6296296296296297,0.5307212739772434,0.6666666666666666,0.2
17601,40,0.2,0.13333333333333333,0.14606834984270645,0.025,0.2,0.4,0.29090909090909095,0.306238643483955,0.1,0.4
17617,9,0.6,0.6666666666666666,0.6548086577531306,0.3333333333333333,0.6,0.4444444444444444,0.5555555555555555,0.5375218463332216,0.4444444444444444,0.4
17620,12,0.4,0.4666666666666666,0.48522855511632257,0.16666666666666666,0.4,0.2,0.3090909090909091,0.31488013066763093,0.16666666666666666,0.2
17621,2,0.0,0.0,0.0,0.0,0.0,0.0,0.0,0.0,0.0,0.0
17624,34,0.8,0.9333333333333332,0.8687949224876582,0.11764705882352941,0.8,0.6,0.7636363636363637,0.7116179486056782,0.17647058823529413,0.6
17626,53,0.6,0.6666666666666666,0.6843515475204854,0.05660377358490566,0.6,0.6,0.6181818181818183,0.653146695303782,0.11320754716981132,0.6
17643,4,0.25,0.35714285714285715,0.39038004999210163,0.25,0.2,0.5,0.2941176470588235,0.39038004999210163,0.5,0.2
17644,17,1.0,1.0,1.0,0.29411764705882354,1.0,0.8,0.8545454545454546,0.8521705090845475,0.47058823529411764,0.8
17647,24,0.8,0.9333333333333332,0.8687949224876582,0.16666666666666666,0.8,0.5,0.6545454545454547,0.6300426811446146,0.20833333333333334,0.5
17656,28,0.2,0.26666666666666666,0.2139862647345275,0.03571428571428571,0.2,0.2,0.21818181818181823,0.20829366581033176,0.07142857142857142,0.2
17658,22,0.6,0.7999999999999999,0.7227265726449518,0.13636363636363635,0.6,0.4,0.5636363636363636,0.5423640154200349,0.18181818181818182,0.4
17661,31,0.6,0.6,0.529634717214042,0.0967741935483871,0.6,0.6,0.6000000000000001,0.5527460588826717,0.1935483870967742,0.6
17662,1,1.0,0.0,0.0,1.0,0.2,1.0,0.0,0.0,1.0,0.1
17667,16,0.2,0.3333333333333333,0.33916020527361607,0.0625,0.2,0.4,0.309090909090909,0.42333070005078094,0.25,0.4
17677,54,0.4,0.4000000000000001,0.3600546145772339,0.037037037037037035,0.4,0.5,0.4181818181818182,0.43688974199580605,0.09259259259259259,0.5
17680,13,0.4,0.4666666666666666,0.38356636737133554,0.15384615384615385,0.4,0.2,0.30909090909090914,0.24890832702259458,0.15384615384615385,0.2
17682,5,0.4,0.4666666666666666,0.48522855511632257,0.4,0.4,0.4,0.425,0.48522855511632257,0.4,0.2
17688,1,1.0,0.0,0.0,1.0,0.2,1.0,0.0,0.0,1.0,0.1
17690,23,0.8,0.7333333333333334,0.7860137352654724,0.17391304347826086,0.8,0.5,0.5818181818181819,0.5736899196572437,0.21739130434782608,0.5
17692,27,0.6,0.7333333333333334,0.6992148198508501,0.1111111111111111,0.6,0.5,0.5454545454545454,0.5867945846769144,0.18518518518518517,0.5
17707,7,0.2,0.26666666666666666,0.2139862647345275,0.14285714285714285,0.2,0.2857142857142857,0.18367346938775508,0.17342765698823942,0.2857142857142857,0.2
17718,23,1.0,1.0,1.0,0.21739130434782608,1.0,0.7,0.7818181818181817,0.7788065869851873,0.30434782608695654,0.7
17720,2,1.0,0.4444444444444445,0.3868528072345415,1.0,0.4,1.0,0.4736842105263158,0.3868528072345415,1.0,0.2
17723,13,0.4,0.3333333333333333,0.31564845247951445,0.15384615384615385,0.4,0.3,0.32727272727272727,0.27426546945536806,0.23076923076923078,0.3
17733,16,0.4,0.4666666666666666,0.48522855511632257,0.125,0.4,0.3,0.4,0.3932783996463063,0.1875,0.3
17734,24,0.4,0.5333333333333333,0.5087403079104241,0.08333333333333333,0.4,0.5,0.5454545454545454,0.5513310624619328,0.20833333333333334,0.5
17737,12,0.2,0.3333333333333333,0.33916020527361607,0.08333333333333333,0.2,0.1,0.18181818181818182,0.22009176629808014,0.08333333333333333,0.1
17739,11,0.2,0.19999999999999998,0.16958010263680803,0.09090909090909091,0.2,0.1,0.14545454545454548,0.11004588314904007,0.09090909090909091,0.1
17744,1,0.0,0.0,0.0,0.0,0.0,0.0,0.0,0.0,0.0,0.0
17745,12,0.4,0.4666666666666666,0.38356636737133554,0.16666666666666666,0.4,0.2,0.30909090909090914,0.24890832702259458,0.16666666666666666,0.2
17746,9,0.2,0.3333333333333333,0.33916020527361607,0.1111111111111111,0.2,0.2222222222222222,0.27777777777777773,0.3187704634136788,0.2222222222222222,0.2
17749,9,0.2,0.13333333333333333,0.14606834984270645,0.1111111111111111,0.2,0.2222222222222222,0.2222222222222222,0.18495352221149364,0.2222222222222222,0.2
17750,8,0.4,0.6,0.5531464700081437,0.25,0.4,0.25,0.36538461538461536,0.4125317798925535,0.25,0.2
17767,4,0.25,0.28571428571428575,0.2463023887407299,0.25,0.2,0.5,0.2647058823529412,0.2463023887407299,0.5,0.2
17768,6,0.0,0.0,0.0,0.0,0.0,0.0,0.0,0.0,0.0,0.0
17777,9,0.6,0.7999999999999999,0.7227265726449518,0.3333333333333333,0.6,0.5555555555555556,0.5555555555555555,0.5750141699769518,0.5555555555555556,0.5
17781,1,0.0,0.0,0.0,0.0,0.0,1.0,0.0,0.0,1.0,0.1
17792,34,1.0,1.0,1.0,0.14705882352941177,1.0,0.6,0.8181818181818182,0.727329844310522,0.17647058823529413,0.6
17794,3,0.6666666666666666,0.6666666666666667,0.7039180890341346,0.6666666666666666,0.4,0.6666666666666666,0.6666666666666666,0.7039180890341346,0.6666666666666666,0.2
17795,30,0.0,0.0,0.0,0.0,0.0,0.0,0.0,0.0,0.0,0.0
17805,2,0.5,0.5555555555555556,0.6131471927654584,0.5,0.2,0.5,0.5263157894736842,0.6131471927654584,0.5,0.1
17809,2,0.0,0.0,0.0,0.0,0.0,0.0,0.0,0.0,0.0,0.0
17811,2,0.5,0.5555555555555556,0.6131471927654584,0.5,0.2,0.5,0.5263157894736842,0.6131471927654584,0.5,0.1
17813,8,0.4,0.39999999999999997,0.4703652827859578,0.25,0.4,0.25,0.3076923076923077,0.35079429740281753,0.25,0.2
17816,10,0.2,0.3333333333333333,0.33916020527361607,0.1,0.2,0.2,0.2545454545454545,0.29345568839744024,0.2,0.2
17818,5,0.0,0.0,0.0,0.0,0.0,0.0,0.0,0.0,0.0,0.0
17825,4,0.25,0.35714285714285715,0.39038004999210163,0.25,0.2,0.25,0.2941176470588235,0.39038004999210163,0.25,0.1
17833,48,0.4,0.6,0.5531464700081437,0.041666666666666664,0.4,0.5,0.4727272727272727,0.5621931439243355,0.10416666666666667,0.5
17837,22,0.4,0.39999999999999997,0.4703652827859578,0.09090909090909091,0.4,0.3,0.32727272727272727,0.37148910739409013,0.13636363636363635,0.3
17844,10,0.4,0.6,0.5531464700081437,0.2,0.4,0.3,0.41818181818181815,0.43231813227099475,0.3,0.3
17846,2,0.0,0.0,0.0,0.0,0.0,0.0,0.0,0.0,0.0,0.0
17849,8,0.2,0.13333333333333333,0.14606834984270645,0.125,0.2,0.125,0.1346153846153846,0.1089364926177559,0.125,0.1
17854,26,0.4,0.3333333333333333,0.31564845247951445,0.07692307692307693,0.4,0.3,0.34545454545454546,0.2781981696179509,0.11538461538461539,0.3
17856,45,0.6,0.5333333333333333,0.5147714448836773,0.06666666666666667,0.6,0.6,0.5454545454545455,0.5372903784169164,0.13333333333333333,0.6
17858,11,0.6,0.7999999999999999,0.7227265726449518,0.2727272727272727,0.6,0.3,0.49090909090909096,0.46900009332067477,0.2727272727272727,0.3
17860,27,0.4,0.4000000000000001,0.3600546145772339,0.07407407407407407,0.4,0.2,0.29090909090909095,0.23365080824310527,0.07407407407407407,0.2
17864,20,0.6,0.6666666666666666,0.6548086577531306,0.15,0.6,0.3,0.45454545454545453,0.424926013816671,0.15,0.3
17874,2,0.0,0.0,0.0,0.0,0.0,0.0,0.0,0.0,0.0,0.0
17882,20,0.2,0.3333333333333333,0.33916020527361607,0.05,0.2,0.2,0.21818181818181817,0.28634598975246917,0.1,0.2
17891,38,0.8,0.8000000000000002,0.8304198973631919,0.10526315789473684,0.8,0.5,0.6545454545454544,0.6122496142821665,0.13157894736842105,0.5
17893,4,0.5,0.5714285714285715,0.5855700749881524,0.5,0.4,0.5,0.5294117647058824,0.5855700749881524,0.5,0.2
17894,4,0.0,0.0,0.0,0.0,0.0,0.25,0.0,0.0,0.25,0.1
17899,7,0.2,0.26666666666666666,0.2139862647345275,0.14285714285714285,0.2,0.2857142857142857,0.18367346938775508,0.17342765698823942,0.2857142857142857,0.2
17908,5,0.2,0.3333333333333333,0.33916020527361607,0.2,0.2,0.2,0.25,0.33916020527361607,0.2,0.1
17923,2,0.0,0.0,0.0,0.0,0.0,0.0,0.0,0.0,0.0,0.0
17937,13,0.4,0.4000000000000001,0.3600546145772339,0.15384615384615385,0.4,0.2,0.29090909090909095,0.23365080824310527,0.15384615384615385,0.2
17942,21,0.4,0.6,0.5531464700081437,0.09523809523809523,0.4,0.2,0.34545454545454546,0.3589542101716347,0.09523809523809523,0.2
17948,3,0.3333333333333333,0.4166666666666667,0.46927872602275644,0.3333333333333333,0.2,0.3333333333333333,0.37037037037037035,0.46927872602275644,0.3333333333333333,0.1
17954,12,0.0,0.0,0.0,0.0,0.0,0.1,0.07272727272727274,0.07336392209936006,0.08333333333333333,0.1
17965,1,1.0,1.0,1.0,1.0,0.2,1.0,1.0,1.0,1.0,0.1
17969,2,0.0,0.0,0.0,0.0,0.0,0.0,0.0,0.0,0.0,0.0
17972,6,0.4,0.4666666666666666,0.38356636737133554,0.3333333333333333,0.4,0.5,0.3777777777777778,0.34222207292834134,0.5,0.3
17973,24,0.8,0.8000000000000002,0.8304198973631919,0.16666666666666666,0.8,0.6,0.6909090909090909,0.6809047493604335,0.25,0.6
17980,1,0.0,0.0,0.0,0.0,0.0,0.0,0.0,0.0,0.0,0.0
17992,7,0.4,0.6,0.5531464700081437,0.2857142857142857,0.4,0.42857142857142855,0.38775510204081626,0.4483039899025303,0.42857142857142855,0.3
17994,5,0.0,0.0,0.0,0.0,0.0,0.0,0.0,0.0,0.0,0.0
18021,5,0.2,0.3333333333333333,0.33916020527361607,0.2,0.2,0.2,0.25,0.33916020527361607,0.2,0.1
18023,32,0.6,0.6,0.529634717214042,0.09375,0.6,0.5,0.6000000000000001,0.4954588824701807,0.15625,0.5
18039,35,0.8,0.8000000000000002,0.8304198973631919,0.11428571428571428,0.8,0.6,0.7454545454545454,0.6906478832608418,0.17142857142857143,0.6
18043,2,0.5,0.0,0.0,0.5,0.2,0.5,0.0,0.0,0.5,0.1
18048,8,0.4,0.5333333333333333,0.5087403079104241,0.25,0.4,0.375,0.40384615384615385,0.4592085927139338,0.375,0.3
18049,10,0.0,0.0,0.0,0.0,0.0,0.1,0.018181818181818177,0.0636207881989517,0.1,0.1
18054,6,0.0,0.0,0.0,0.0,0.0,0.0,0.0,0.0,0.0,0.0
18062,16,0.4,0.6,0.5531464700081437,0.125,0.4,0.2,0.34545454545454546,0.3589542101716347,0.125,0.2
18065,2,0.0,0.0,0.0,0.0,0.0,0.0,0.0,0.0,0.0,0.0
18066,18,0.2,0.26666666666666666,0.2139862647345275,0.05555555555555555,0.2,0.4,0.2727272727272727,0.3381686774636725,0.2222222222222222,0.4
18082,5,0.2,0.3333333333333333,0.33916020527361607,0.2,0.2,0.2,0.25,0.33916020527361607,0.2,0.1
18086,1,0.0,0.0,0.0,0.0,0.0,0.0,0.0,0.0,0.0,0.0
18094,1,1.0,0.0,0.0,1.0,0.2,1.0,0.0,0.0,1.0,0.1
18107,12,0.2,0.13333333333333333,0.14606834984270645,0.08333333333333333,0.2,0.2,0.1636363636363636,0.16104258782393982,0.16666666666666666,0.2
18108,3,0.0,0.0,0.0,0.0,0.0,0.0,0.0,0.0,0.0,0.0
18117,8,0.4,0.5333333333333333,0.5087403079104241,0.25,0.4,0.25,0.34615384615384615,0.37941405415148566,0.25,0.2
18119,60,1.0,1.0,1.0,0.08333333333333333,1.0,0.8,0.9090909090909091,0.8643145546088338,0.13333333333333333,0.8
18120,15,0.6,0.6666666666666666,0.6548086577531306,0.2,0.6,0.5,0.5818181818181819,0.5677211578528083,0.3333333333333333,0.5
18125,12,0.2,0.3333333333333333,0.33916020527361607,0.08333333333333333,0.2,0.1,0.18181818181818182,0.22009176629808014,0.08333333333333333,0.1
18137,19,0.2,0.13333333333333333,0.14606834984270645,0.05263157894736842,0.2,0.1,0.12727272727272726,0.09478836436955078,0.05263157894736842,0.1
18138,13,0.4,0.4666666666666666,0.38356636737133554,0.15384615384615385,0.4,0.2,0.30909090909090914,0.24890832702259458,0.15384615384615385,0.2
18139,6,0.2,0.13333333333333333,0.14606834984270645,0.16666666666666666,0.2,0.16666666666666666,0.15555555555555556,0.13032376591037065,0.16666666666666666,0.1
18143,2,1.0,1.0,1.0,1.0,0.4,1.0,1.0,1.0,1.0,0.2
18147,4,0.5,0.6428571428571429,0.6366824387328316,0.5,0.4,0.75,0.5588235294117646,0.6366824387328316,0.75,0.3
18168,23,0.4,0.19999999999999998,0.2772734273550482,0.08695652173913043,0.4,0.2,0.23636363636363633,0.17993148201117173,0.08695652173913043,0.2
18175,5,0.0,0.0,0.0,0.0,0.0,0.2,0.0,0.0,0.2,0.1
18179,8,0.4,0.5333333333333333,0.5087403079104241,0.25,0.4,0.25,0.34615384615384615,0.37941405415148566,0.25,0.2
18180,1,0.0,0.0,0.0,0.0,0.0,0.0,0.0,0.0,0.0,0.0
18182,21,0.8,0.8666666666666666,0.8539316501572936,0.19047619047619047,0.8,0.8,0.8363636363636363,0.8389574121760601,0.38095238095238093,0.8
18188,13,0.4,0.3333333333333333,0.31564845247951445,0.15384615384615385,0.4,0.2,0.2727272727272727,0.20483424751859083,0.15384615384615385,0.2
18190,7,0.2,0.06666666666666665,0.13120507751234176,0.14285714285714285,0.2,0.14285714285714285,0.12244897959183672,0.10633668103022983,0.14285714285714285,0.1
18196,10,0.0,0.0,0.0,0.0,0.0,0.0,0.0,0.0,0.0,0.0
18213,46,0.8,0.7333333333333334,0.7860137352654724,0.08695652173913043,0.8,0.6,0.6909090909090909,0.6528642754944293,0.13043478260869565,0.6
18216,6,0.0,0.0,0.0,0.0,0.0,0.16666666666666666,0.0,0.0,0.16666666666666666,0.1
18226,9,0.0,0.0,0.0,0.0,0.0,0.1111111111111111,0.09259259259259259,0.08372491399919348,0.1111111111111111,0.1
18233,30,0.0,0.0,0.0,0.0,0.0,0.3,0.16363636363636364,0.20904936749052633,0.1,0.3
18236,1,0.0,0.0,0.0,0.0,0.0,0.0,0.0,0.0,0.0,0.0
18237,7,0.4,0.5333333333333333,0.5087403079104241,0.2857142857142857,0.4,0.5714285714285714,0.4693877551020407,0.510227424721404,0.5714285714285714,0.4
18248,2,0.0,0.0,0.0,0.0,0.0,0.0,0.0,0.0,0.0,0.0
18253,2,0.0,0.0,0.0,0.0,0.0,0.0,0.0,0.0,0.0,0.0
18254,6,0.4,0.4000000000000001,0.3600546145772339,0.3333333333333333,0.4,0.3333333333333333,0.35555555555555557,0.32124463208930526,0.3333333333333333,0.2
18262,3,0.0,0.0,0.0,0.0,0.0,0.3333333333333333,0.0,0.0,0.3333333333333333,0.1
18263,2,0.0,0.0,0.0,0.0,0.0,0.0,0.0,0.0,0.0,0.0
18264,21,0.4,0.6,0.5531464700081437,0.09523809523809523,0.4,0.3,0.3818181818181818,0.42520843362602373,0.14285714285714285,0.3
18266,41,0.4,0.4000000000000001,0.3600546145772339,0.04878048780487805,0.4,0.4,0.41818181818181815,0.37644595227924255,0.0975609756097561,0.4
18271,4,0.5,0.6428571428571429,0.6366824387328316,0.5,0.4,0.5,0.5588235294117646,0.6366824387328316,0.5,0.2
18273,13,0.0,0.0,0.0,0.0,0.0,0.1,0.09090909090909091,0.07839826897867533,0.07692307692307693,0.1
18277,18,0.0,0.0,0.0,0.0,0.0,0.2,0.07272727272727274,0.13305201013572895,0.1111111111111111,0.2
18279,10,0.2,0.19999999999999998,0.16958010263680803,0.1,0.2,0.2,0.18181818181818182,0.1763001066034291,0.2,0.2
18282,6,0.0,0.0,0.0,0.0,0.0,0.0,0.0,0.0,0.0,0.0
18283,1,0.0,0.0,0.0,0.0,0.0,0.0,0.0,0.0,0.0,0.0
18285,26,0.6,0.5333333333333333,0.5147714448836773,0.11538461538461539,0.6,0.3,0.4181818181818182,0.3340514446642156,0.11538461538461539,0.3
18299,14,0.2,0.26666666666666666,0.2139862647345275,0.07142857142857142,0.2,0.1,0.16363636363636364,0.1388624438735545,0.07142857142857142,0.1
18300,2,0.0,0.0,0.0,0.0,0.0,0.0,0.0,0.0,0.0,0.0
18305,18,0.2,0.06666666666666665,0.13120507751234176,0.05555555555555555,0.2,0.3,0.2545454545454546,0.23297260855707355,0.16666666666666666,0.3
18312,25,0.4,0.4666666666666666,0.48522855511632257,0.08,0.4,0.2,0.3090909090909091,0.31488013066763093,0.08,0.2
18314,9,0.6,0.6666666666666666,0.6843515475204854,0.3333333333333333,0.6,0.5555555555555556,0.611111111111111,0.6321443398878813,0.5555555555555556,0.5
18320,1,0.0,0.0,0.0,0.0,0.0,0.0,0.0,0.0,0.0,0.0
18321,2,0.0,0.0,0.0,0.0,0.0,0.0,0.0,0.0,0.0,0.0
18326,2,0.0,0.0,0.0,0.0,0.0,0.0,0.0,0.0,0.0,0.0
18333,36,1.0,1.0,1.0,0.1388888888888889,1.0,0.7,0.8727272727272727,0.7967610662472991,0.19444444444444445,0.7
18337,4,0.0,0.0,0.0,0.0,0.0,0.0,0.0,0.0,0.0,0.0
18343,5,0.2,0.13333333333333333,0.14606834984270645,0.2,0.2,0.2,0.175,0.14606834984270645,0.2,0.1
18354,2,0.0,0.0,0.0,0.0,0.0,0.0,0.0,0.0,0.0,0.0
18356,12,0.2,0.06666666666666665,0.13120507751234176,0.08333333333333333,0.2,0.1,0.10909090909090909,0.08514311764162097,0.08333333333333333,0.1
18358,40,0.6,0.39999999999999997,0.4468535299918562,0.075,0.6,0.5,0.5454545454545454,0.44173955623824723,0.125,0.5
18364,2,0.5,0.4444444444444445,0.3868528072345415,0.5,0.2,0.5,0.4736842105263158,0.3868528072345415,0.5,0.1
18367,43,0.6,0.7333333333333334,0.6992148198508501,0.06976744186046512,0.6,0.5,0.6,0.5983950669742498,0.11627906976744186,0.5
18374,28,0.8,0.9333333333333332,0.8687949224876582,0.14285714285714285,0.8,0.6,0.781818181818182,0.7155506487682609,0.21428571428571427,0.6
18379,13,0.4,0.6,0.5531464700081437,0.15384615384615385,0.4,0.2,0.34545454545454546,0.3589542101716347,0.15384615384615385,0.2
18387,5,0.0,0.0,0.0,0.0,0.0,0.4,0.0,0.0,0.4,0.2
18388,3,0.3333333333333333,0.4166666666666667,0.46927872602275644,0.3333333333333333,0.2,0.3333333333333333,0.37037037037037035,0.46927872602275644,0.3333333333333333,0.1
18389,4,0.25,0.14285714285714288,0.16812753627111746,0.25,0.2,0.25,0.20588235294117643,0.16812753627111746,0.25,0.1
18395,14,0.6,0.7333333333333334,0.6992148198508501,0.21428571428571427,0.6,0.3,0.47272727272727266,0.4537425745411855,0.21428571428571427,0.3
18402,31,0.4,0.6,0.5531464700081437,0.06451612903225806,0.4,0.3,0.41818181818181815,0.43231813227099475,0.0967741935483871,0.3
18409,6,0.4,0.6,0.5531464700081437,0.3333333333333333,0.4,0.5,0.4222222222222222,0.4935232796777481,0.5,0.3
18412,8,0.8,0.9333333333333332,0.8687949224876582,0.5,0.8,0.625,0.75,0.7380396325465056,0.625,0.5
18416,8,0.2,0.19999999999999998,0.16958010263680803,0.125,0.2,0.25,0.15384615384615385,0.12647135138382856,0.25,0.2
18426,3,0.0,0.0,0.0,0.0,0.0,0.0,0.0,0.0,0.0,0.0
18427,29,0.8,0.8666666666666666,0.8539316501572936,0.13793103448275862,0.8,0.5,0.6909090909090909,0.6325414799409711,0.1724137931034483,0.5
18430,27,0.6,0.7333333333333334,0.6992148198508501,0.1111111111111111,0.6,0.3,0.47272727272727266,0.4537425745411855,0.1111111111111111,0.3
18434,7,0.2,0.13333333333333333,0.14606834984270645,0.14285714285714285,0.2,0.2857142857142857,0.22448979591836735,0.21000823726012655,0.2857142857142857,0.2
18440,6,0.0,0.0,0.0,0.0,0.0,0.0,0.0,0.0,0.0,0.0
18445,18,0.6,0.6,0.6399453854227659,0.16666666666666666,0.6,0.3,0.43636363636363634,0.4152807670887412,0.16666666666666666,0.3
18446,22,0.6,0.5333333333333333,0.6164336326286642,0.13636363636363635,0.6,0.3,0.41818181818181815,0.4000232483092519,0.13636363636363635,0.3
18450,21,0.4,0.4666666666666666,0.38356636737133554,0.09523809523809523,0.4,0.3,0.4,0.3273065960012699,0.14285714285714285,0.3
18454,1,0.0,0.0,0.0,0.0,0.0,0.0,0.0,0.0,0.0,0.0
18456,5,0.0,0.0,0.0,0.0,0.0,0.2,0.0,0.0,0.2,0.1
18457,7,0.2,0.3333333333333333,0.33916020527361607,0.14285714285714285,0.2,0.14285714285714285,0.2040816326530612,0.27487633291429087,0.14285714285714285,0.1
18460,12,0.4,0.3333333333333333,0.31564845247951445,0.16666666666666666,0.4,0.4,0.38181818181818183,0.3468533046962179,0.3333333333333333,0.4
18467,20,0.2,0.3333333333333333,0.33916020527361607,0.05,0.2,0.1,0.18181818181818182,0.22009176629808014,0.05,0.1
18469,39,0.4,0.4666666666666666,0.48522855511632257,0.05128205128205128,0.4,0.5,0.45454545454545464,0.5212960629027199,0.1282051282051282,0.5
18476,18,0.2,0.06666666666666665,0.13120507751234176,0.05555555555555555,0.2,0.3,0.21818181818181823,0.227162174819248,0.16666666666666666,0.3
18477,11,0.0,0.0,0.0,0.0,0.0,0.1,0.036363636363636355,0.06625422345438903,0.09090909090909091,0.1
18478,25,0.6,0.6666666666666666,0.6548086577531306,0.12,0.6,0.3,0.45454545454545453,0.424926013816671,0.12,0.3
18490,47,0.6,0.5333333333333333,0.6164336326286642,0.06382978723404255,0.6,0.4,0.43636363636363634,0.46364403650820357,0.0851063829787234,0.4
18503,3,0.0,0.0,0.0,0.0,0.0,0.0,0.0,0.0,0.0,0.0
18506,26,0.2,0.26666666666666666,0.2139862647345275,0.038461538461538464,0.2,0.3,0.2545454545454545,0.2758471541718662,0.11538461538461539,0.3
18510,7,0.2,0.3333333333333333,0.33916020527361607,0.14285714285714285,0.2,0.14285714285714285,0.2040816326530612,0.27487633291429087,0.14285714285714285,0.1
18525,4,0.0,0.0,0.0,0.0,0.0,0.0,0.0,0.0,0.0,0.0
18528,10,0.2,0.26666666666666666,0.2139862647345275,0.1,0.2,0.1,0.16363636363636364,0.1388624438735545,0.1,0.1
18529,5,0.2,0.3333333333333333,0.33916020527361607,0.2,0.2,0.2,0.25,0.33916020527361607,0.2,0.1
18532,6,0.2,0.26666666666666666,0.2139862647345275,0.16666666666666666,0.2,0.16666666666666666,0.2,0.1909208661789346,0.16666666666666666,0.1
18538,6,0.4,0.39999999999999997,0.4703652827859578,0.3333333333333333,0.4,0.6666666666666666,0.4666666666666667,0.5274541611612878,0.6666666666666666,0.4
18543,31,0.8,0.9333333333333332,0.8687949224876582,0.12903225806451613,0.8,0.5,0.6727272727272727,0.6332196796270029,0.16129032258064516,0.5
18562,1,0.0,0.0,0.0,0.0,0.0,1.0,0.0,0.0,1.0,0.1
18571,44,0.8,0.8000000000000002,0.8304198973631919,0.09090909090909091,0.8,0.5,0.6545454545454544,0.6122496142821665,0.11363636363636363,0.5
18572,1,0.0,0.0,0.0,0.0,0.0,0.0,0.0,0.0,0.0,0.0
18576,20,0.6,0.6666666666666666,0.6548086577531306,0.15,0.6,0.4,0.49090909090909096,0.49118023727106,0.2,0.4
18594,52,0.8,0.8000000000000002,0.8304198973631919,0.07692307692307693,0.8,0.6,0.6363636363636362,0.6687607038361473,0.11538461538461539,0.6
18595,7,0.0,0.0,0.0,0.0,0.0,0.0,0.0,0.0,0.0,0.0
18601,5,0.0,0.0,0.0,0.0,0.0,0.0,0.0,0.0,0.0,0.0
18603,6,0.0,0.0,0.0,0.0,0.0,0.0,0.0,0.0,0.0,0.0
18604,39,0.6,0.46666666666666673,0.4912596920895757,0.07692307692307693,0.6,0.5,0.5636363636363636,0.4705561169627616,0.1282051282051282,0.5
18616,9,0.0,0.0,0.0,0.0,0.0,0.0,0.0,0.0,0.0,0.0
18617,2,0.0,0.0,0.0,0.0,0.0,0.0,0.0,0.0,0.0,0.0
18621,6,0.2,0.3333333333333333,0.33916020527361607,0.16666666666666666,0.2,0.16666666666666666,0.2222222222222222,0.30260241349881345,0.16666666666666666,0.1
18623,30,0.2,0.3333333333333333,0.33916020527361607,0.03333333333333333,0.2,0.2,0.2,0.2837125544970318,0.06666666666666667,0.2
18625,9,0.2,0.26666666666666666,0.2139862647345275,0.1111111111111111,0.2,0.1111111111111111,0.16666666666666666,0.14829723057014907,0.1111111111111111,0.1
18633,23,0.0,0.0,0.0,0.0,0.0,0.1,0.09090909090909091,0.07839826897867533,0.043478260869565216,0.1
18644,4,0.0,0.0,0.0,0.0,0.0,0.0,0.0,0.0,0.0,0.0
18652,35,0.2,0.06666666666666665,0.13120507751234176,0.02857142857142857,0.2,0.5,0.3272727272727272,0.3667803203729971,0.14285714285714285,0.5
18661,6,0.0,0.0,0.0,0.0,0.0,0.0,0.0,0.0,0.0,0.0
18663,16,0.2,0.3333333333333333,0.33916020527361607,0.0625,0.2,0.4,0.36363636363636365,0.4341754806679218,0.25,0.4
18675,32,0.6,0.7333333333333334,0.6992148198508501,0.09375,0.6,0.7,0.7090909090909091,0.7385567757549498,0.21875,0.7
18679,2,0.0,0.0,0.0,0.0,0.0,0.0,0.0,0.0,0.0,0.0
18683,25,0.4,0.5333333333333333,0.5087403079104241,0.08,0.4,0.3,0.34545454545454546,0.3937584376460719,0.12,0.3
18687,13,0.0,0.0,0.0,0.0,0.0,0.0,0.0,0.0,0.0,0.0
18692,15,0.0,0.0,0.0,0.0,0.0,0.0,0.0,0.0,0.0,0.0
18694,1,1.0,1.0,1.0,1.0,0.2,1.0,1.0,1.0,1.0,0.1
18707,23,1.0,1.0,1.0,0.21739130434782608,1.0,0.6,0.8181818181818182,0.727329844310522,0.2608695652173913,0.6
18709,2,0.0,0.0,0.0,0.0,0.0,0.0,0.0,0.0,0.0,0.0
18711,14,0.2,0.19999999999999998,0.16958010263680803,0.07142857142857142,0.2,0.1,0.14545454545454548,0.11004588314904007,0.07142857142857142,0.1
18715,1,0.0,0.0,0.0,0.0,0.0,0.0,0.0,0.0,0.0,0.0
18718,6,0.0,0.0,0.0,0.0,0.0,0.16666666666666666,0.1111111111111111,0.10778915452451095,0.16666666666666666,0.1
18722,3,0.3333333333333333,0.4166666666666667,0.46927872602275644,0.3333333333333333,0.2,0.3333333333333333,0.37037037037037035,0.46927872602275644,0.3333333333333333,0.1
18726,26,0.4,0.3333333333333333,0.31564845247951445,0.07692307692307693,0.4,0.5,0.43636363636363645,0.4138836150091172,0.19230769230769232,0.5
18729,33,0.8,0.8000000000000002,0.8304198973631919,0.12121212121212122,0.8,0.5,0.6727272727272727,0.6172839611614818,0.15151515151515152,0.5
18735,2,0.0,0.0,0.0,0.0,0.0,0.0,0.0,0.0,0.0,0.0
18739,38,0.4,0.5333333333333333,0.5087403079104241,0.05263157894736842,0.4,0.2,0.32727272727272727,0.3301376494471202,0.05263157894736842,0.2
18747,42,0.6,0.7333333333333334,0.6992148198508501,0.07142857142857142,0.6,0.3,0.47272727272727266,0.4537425745411855,0.07142857142857142,0.3
18750,11,0.6,0.6666666666666666,0.6843515475204854,0.2727272727272727,0.6,0.3,0.45454545454545453,0.44409732781325567,0.2727272727272727,0.3
18751,1,1.0,0.0,0.0,1.0,0.2,1.0,0.0,0.0,1.0,0.1
18752,24,0.0,0.0,0.0,0.0,0.0,0.0,0.0,0.0,0.0,0.0
18755,26,0.8,0.6666666666666666,0.6608397947263838,0.15384615384615385,0.8,0.7,0.7090909090909092,0.6402900881481707,0.2692307692307692,0.7
18774,2,0.5,0.5555555555555556,0.6131471927654584,0.5,0.2,0.5,0.5263157894736842,0.6131471927654584,0.5,0.1
18781,6,0.0,0.0,0.0,0.0,0.0,0.0,0.0,0.0,0.0,0.0
18783,4,0.0,0.0,0.0,0.0,0.0,0.0,0.0,0.0,0.0,0.0
18785,17,0.6,0.6,0.6399453854227659,0.17647058823529413,0.6,0.4,0.509090909090909,0.4886446891881013,0.23529411764705882,0.4
18787,5,0.2,0.13333333333333333,0.14606834984270645,0.2,0.2,0.2,0.175,0.14606834984270645,0.2,0.1
18790,10,0.2,0.26666666666666666,0.2139862647345275,0.1,0.2,0.1,0.16363636363636364,0.1388624438735545,0.1,0.1
18791,1,0.0,0.0,0.0,0.0,0.0,0.0,0.0,0.0,0.0,0.0
18792,11,0.2,0.26666666666666666,0.2139862647345275,0.09090909090909091,0.2,0.3,0.21818181818181823,0.2687374555268952,0.2727272727272727,0.3
18795,22,0.4,0.6,0.5531464700081437,0.09090909090909091,0.4,0.4,0.509090909090909,0.5107164012496701,0.18181818181818182,0.4
18798,2,0.0,0.0,0.0,0.0,0.0,0.0,0.0,0.0,0.0,0.0
18801,17,0.4,0.6,0.5531464700081437,0.11764705882352941,0.4,0.2,0.34545454545454546,0.3589542101716347,0.11764705882352941,0.2
18811,34,0.6,0.7999999999999999,0.7227265726449518,0.08823529411764706,0.6,0.5,0.6545454545454545,0.6207622843987102,0.14705882352941177,0.5
18816,2,1.0,0.4444444444444445,0.3868528072345415,1.0,0.4,1.0,0.4736842105263158,0.3868528072345415,1.0,0.2
18825,35,0.8,0.6666666666666666,0.6608397947263838,0.11428571428571428,0.8,0.7,0.7272727272727274,0.6429235234036079,0.2,0.7
18827,15,1.0,1.0,1.0,0.3333333333333333,1.0,0.5,0.7272727272727273,0.6489315753318466,0.3333333333333333,0.5
18828,21,0.4,0.39999999999999997,0.4703652827859578,0.09523809523809523,0.4,0.3,0.36363636363636365,0.37859880603906115,0.14285714285714285,0.3
18837,45,0.0,0.0,0.0,0.0,0.0,0.3,0.2,0.21801641453242443,0.06666666666666667,0.3
18845,23,0.4,0.3333333333333333,0.34519134224686926,0.08695652173913043,0.4,0.3,0.29090909090909095,0.28762634971412715,0.13043478260869565,0.3
18847,19,0.4,0.4000000000000001,0.3600546145772339,0.10526315789473684,0.4,0.3,0.34545454545454546,0.3030820301798825,0.15789473684210525,0.3
18849,1,0.0,0.0,0.0,0.0,0.0,0.0,0.0,0.0,0.0,0.0
18858,11,0.2,0.06666666666666665,0.13120507751234176,0.09090909090909091,0.2,0.2,0.14545454545454545,0.15139734109601,0.18181818181818182,0.2
18860,16,0.0,0.0,0.0,0.0,0.0,0.1,0.09090909090909091,0.07839826897867533,0.0625,0.1
18873,1,0.0,0.0,0.0,0.0,0.0,0.0,0.0,0.0,0.0,0.0
18886,72,0.8,0.7333333333333334,0.7860137352654724,0.05555555555555555,0.8,0.8,0.8181818181818182,0.7975167679274936,0.1111111111111111,0.8
18893,5,0.4,0.26666666666666666,0.3007851801491498,0.4,0.4,0.4,0.35,0.3007851801491498,0.4,0.2
18897,4,0.0,0.0,0.0,0.0,0.0,0.0,0.0,0.0,0.0,0.0
18900,13,0.2,0.19999999999999998,0.16958010263680803,0.07692307692307693,0.2,0.1,0.14545454545454548,0.11004588314904007,0.07692307692307693,0.1
18902,12,0.8,0.8000000000000002,0.8304198973631919,0.3333333333333333,0.8,0.5,0.6,0.6025064803817581,0.4166666666666667,0.5
18903,14,0.2,0.3333333333333333,0.33916020527361607,0.07142857142857142,0.2,0.2,0.2727272727272727,0.2984900352767555,0.14285714285714285,0.2
18913,4,0.25,0.35714285714285715,0.39038004999210163,0.25,0.2,0.25,0.2941176470588235,0.39038004999210163,0.25,0.1
18918,24,0.4,0.4666666666666666,0.38356636737133554,0.08333333333333333,0.4,0.2,0.30909090909090914,0.24890832702259458,0.08333333333333333,0.2
18919,13,0.0,0.0,0.0,0.0,0.0,0.0,0.0,0.0,0.0,0.0
18923,3,0.3333333333333333,0.0,0.0,0.3333333333333333,0.2,0.3333333333333333,0.0,0.0,0.3333333333333333,0.1
18929,2,0.0,0.0,0.0,0.0,0.0,0.0,0.0,0.0,0.0,0.0
18931,5,0.0,0.0,0.0,0.0,0.0,0.0,0.0,0.0,0.0,0.0
18934,2,0.0,0.0,0.0,0.0,0.0,0.0,0.0,0.0,0.0,0.0
18944,5,0.0,0.0,0.0,0.0,0.0,0.0,0.0,0.0,0.0,0.0
18950,17,0.2,0.06666666666666665,0.13120507751234176,0.058823529411764705,0.2,0.1,0.10909090909090909,0.08514311764162097,0.058823529411764705,0.1
18965,1,1.0,1.0,1.0,1.0,0.2,1.0,1.0,1.0,1.0,0.1
18966,30,0.4,0.3333333333333333,0.31564845247951445,0.06666666666666667,0.4,0.3,0.32727272727272727,0.27426546945536806,0.1,0.3
18970,10,0.0,0.0,0.0,0.0,0.0,0.1,0.036363636363636355,0.06625422345438903,0.1,0.1
18973,3,0.3333333333333333,0.4166666666666667,0.46927872602275644,0.3333333333333333,0.2,0.3333333333333333,0.37037037037037035,0.46927872602275644,0.3333333333333333,0.1
18980,1,1.0,1.0,1.0,1.0,0.2,1.0,1.0,1.0,1.0,0.1
18988,5,0.2,0.3333333333333333,0.33916020527361607,0.2,0.2,0.2,0.25,0.33916020527361607,0.2,0.1
18990,4,0.25,0.35714285714285715,0.39038004999210163,0.25,0.2,0.25,0.2941176470588235,0.39038004999210163,0.25,0.1
18993,15,0.2,0.3333333333333333,0.33916020527361607,0.06666666666666667,0.2,0.2,0.2727272727272727,0.2984900352767555,0.13333333333333333,0.2
18995,3,0.6666666666666666,0.4166666666666667,0.46927872602275644,0.6666666666666666,0.4,0.6666666666666666,0.37037037037037035,0.46927872602275644,0.6666666666666666,0.2
19009,5,0.2,0.3333333333333333,0.33916020527361607,0.2,0.2,0.2,0.25,0.33916020527361607,0.2,0.1
19011,3,0.3333333333333333,0.4166666666666667,0.46927872602275644,0.3333333333333333,0.2,0.3333333333333333,0.37037037037037035,0.46927872602275644,0.3333333333333333,0.1
19015,7,0.4,0.6,0.5531464700081437,0.2857142857142857,0.4,0.2857142857142857,0.38775510204081626,0.4483039899025303,0.2857142857142857,0.2
19017,6,0.0,0.0,0.0,0.0,0.0,0.16666666666666666,0.0,0.0,0.16666666666666666,0.1
19019,3,0.3333333333333333,0.0,0.0,0.3333333333333333,0.2,0.6666666666666666,0.0,0.0,0.6666666666666666,0.2
19026,17,0.6,0.7333333333333334,0.6992148198508501,0.17647058823529413,0.6,0.3,0.47272727272727266,0.4537425745411855,0.17647058823529413,0.3
19031,3,0.3333333333333333,0.4166666666666667,0.46927872602275644,0.3333333333333333,0.2,0.3333333333333333,0.37037037037037035,0.46927872602275644,0.3333333333333333,0.1
19034,4,0.0,0.0,0.0,0.0,0.0,0.0,0.0,0.0,0.0,0.0
19042,10,0.4,0.4666666666666666,0.38356636737133554,0.2,0.4,0.2,0.30909090909090914,0.24890832702259458,0.2,0.2
19043,29,0.6,0.5333333333333333,0.6164336326286642,0.10344827586206896,0.6,0.6,0.5818181818181818,0.6114735274236561,0.20689655172413793,0.6
19044,8,0.2,0.3333333333333333,0.33916020527361607,0.125,0.2,0.25,0.1923076923076923,0.2529427027676571,0.25,0.2
19053,54,0.2,0.3333333333333333,0.33916020527361607,0.018518518518518517,0.2,0.5,0.38181818181818183,0.4977962688668735,0.09259259259259259,0.5
19056,27,0.8,0.7333333333333334,0.7860137352654724,0.14814814814814814,0.8,0.5,0.6545454545454545,0.5884674004369673,0.18518518518518517,0.5
19057,1,1.0,1.0,1.0,1.0,0.2,1.0,1.0,1.0,1.0,0.1
19058,8,0.2,0.3333333333333333,0.33916020527361607,0.125,0.2,0.25,0.2692307692307692,0.33725693702354287,0.25,0.2
19062,2,0.0,0.0,0.0,0.0,0.0,0.0,0.0,0.0,0.0,0.0
19069,23,0.2,0.3333333333333333,0.33916020527361607,0.043478260869565216,0.2,0.2,0.23636363636363636,0.2895229882348574,0.08695652173913043,0.2
19073,13,0.4,0.19999999999999998,0.2772734273550482,0.15384615384615385,0.4,0.3,0.3272727272727272,0.25832975098984706,0.23076923076923078,0.3
19076,11,0.4,0.6,0.5531464700081437,0.18181818181818182,0.4,0.2,0.34545454545454546,0.3589542101716347,0.18181818181818182,0.2
19080,3,0.0,0.0,0.0,0.0,0.0,0.0,0.0,0.0,0.0,0.0
19084,3,0.0,0.0,0.0,0.0,0.0,0.0,0.0,0.0,0.0,0.0
19087,11,0.6,0.7333333333333334,0.6992148198508501,0.2727272727272727,0.6,0.3,0.47272727272727266,0.4537425745411855,0.2727272727272727,0.3
19088,23,0.6,0.5333333333333333,0.6164336326286642,0.13043478260869565,0.6,0.5,0.509090909090909,0.5357086937004182,0.21739130434782608,0.5
19110,4,0.5,0.5,0.5585075862632192,0.5,0.4,0.5,0.49999999999999994,0.5585075862632192,0.5,0.2
19127,10,0.2,0.3333333333333333,0.33916020527361607,0.1,0.2,0.2,0.23636363636363636,0.2895229882348574,0.2,0.2
19128,18,0.4,0.4666666666666666,0.48522855511632257,0.1111111111111111,0.4,0.4,0.4727272727272727,0.4666423217456664,0.2222222222222222,0.4
19136,10,0.4,0.6,0.5531464700081437,0.2,0.4,0.2,0.34545454545454546,0.3589542101716347,0.2,0.2
19140,1,0.0,0.0,0.0,0.0,0.0,0.0,0.0,0.0,0.0,0.0
19143,16,0.2,0.26666666666666666,0.2139862647345275,0.0625,0.2,0.2,0.18181818181818182,0.2024832320725062,0.125,0.2
19146,27,0.0,0.0,0.0,0.0,0.0,0.2,0.10909090909090909,0.14201905717762703,0.07407407407407407,0.2
19147,22,0.8,0.7333333333333334,0.7860137352654724,0.18181818181818182,0.8,0.5,0.6181818181818183,0.5795003533950692,0.22727272727272727,0.5
19148,17,0.8,0.8000000000000002,0.8304198973631919,0.23529411764705882,0.8,0.6,0.6909090909090909,0.6809047493604335,0.35294117647058826,0.6
19155,16,0.2,0.26666666666666666,0.2139862647345275,0.0625,0.2,0.2,0.2545454545454545,0.21726071285222984,0.125,0.2
19158,55,1.0,1.0,1.0,0.09090909090909091,1.0,0.9,0.9454545454545454,0.9305687780632228,0.16363636363636364,0.9
19171,9,0.0,0.0,0.0,0.0,0.0,0.1111111111111111,0.07407407407407407,0.07834851647149513,0.1111111111111111,0.1
19181,3,0.0,0.0,0.0,0.0,0.0,0.0,0.0,0.0,0.0,0.0
19185,19,0.6,0.7999999999999999,0.7227265726449518,0.15789473684210525,0.6,0.3,0.49090909090909096,0.46900009332067477,0.15789473684210525,0.3
19188,1,1.0,1.0,1.0,1.0,0.2,1.0,1.0,1.0,1.0,0.1
19198,3,0.3333333333333333,0.4166666666666667,0.46927872602275644,0.3333333333333333,0.2,0.3333333333333333,0.37037037037037035,0.46927872602275644,0.3333333333333333,0.1
19200,7,0.2,0.3333333333333333,0.33916020527361607,0.14285714285714285,0.2,0.14285714285714285,0.2040816326530612,0.27487633291429087,0.14285714285714285,0.1
19203,36,0.6,0.6666666666666666,0.6843515475204854,0.08333333333333333,0.6,0.4,0.49090909090909096,0.5103515512676448,0.1111111111111111,0.4
19206,19,0.8,0.9333333333333332,0.8687949224876582,0.21052631578947367,0.8,0.4,0.6181818181818183,0.5637884576902256,0.21052631578947367,0.4
19216,47,0.6,0.7333333333333334,0.6992148198508501,0.06382978723404255,0.6,0.8,0.7454545454545454,0.8048109992093389,0.1702127659574468,0.8
19221,14,0.4,0.26666666666666666,0.3007851801491498,0.14285714285714285,0.4,0.3,0.34545454545454546,0.2735872697693364,0.21428571428571427,0.3
19228,27,0.6,0.6666666666666666,0.6548086577531306,0.1111111111111111,0.6,0.3,0.45454545454545453,0.424926013816671,0.1111111111111111,0.3
19229,2,0.0,0.0,0.0,0.0,0.0,0.0,0.0,0.0,0.0,0.0
19233,10,0.6,0.7333333333333334,0.6992148198508501,0.3,0.6,0.3,0.47272727272727266,0.4537425745411855,0.3,0.3
19234,8,0.4,0.6,0.5531464700081437,0.25,0.4,0.25,0.36538461538461536,0.4125317798925535,0.25,0.2
19236,2,0.0,0.0,0.0,0.0,0.0,0.0,0.0,0.0,0.0,0.0
19251,7,0.0,0.0,0.0,0.0,0.0,0.14285714285714285,0.1020408163265306,0.0979129253499678,0.14285714285714285,0.1
19257,17,0.4,0.6,0.5531464700081437,0.11764705882352941,0.4,0.3,0.41818181818181815,0.43231813227099475,0.17647058823529413,0.3
19263,3,0.0,0.0,0.0,0.0,0.0,0.0,0.0,0.0,0.0,0.0
19269,3,0.0,0.0,0.0,0.0,0.0,0.0,0.0,0.0,0.0,0.0
19273,4,0.5,0.5,0.5585075862632192,0.5,0.4,0.75,0.49999999999999994,0.5585075862632192,0.75,0.3
19281,1,1.0,1.0,1.0,1.0,0.2,1.0,1.0,1.0,1.0,0.1
19284,15,0.6,0.7333333333333334,0.6992148198508501,0.2,0.6,0.4,0.49090909090909085,0.5173633627401372,0.26666666666666666,0.4
19285,2,0.0,0.0,0.0,0.0,0.0,0.0,0.0,0.0,0.0,0.0
19290,5,0.0,0.0,0.0,0.0,0.0,0.0,0.0,0.0,0.0,0.0
19296,7,0.0,0.0,0.0,0.0,0.0,0.0,0.0,0.0,0.0,0.0
19310,8,0.0,0.0,0.0,0.0,0.0,0.125,0.07692307692307693,0.08431423425588572,0.125,0.1
19316,3,0.3333333333333333,0.33333333333333337,0.29608191096586517,0.3333333333333333,0.2,0.6666666666666666,0.3333333333333333,0.29608191096586517,0.6666666666666666,0.2
19337,13,0.4,0.3333333333333333,0.31564845247951445,0.15384615384615385,0.4,0.3,0.3090909090909091,0.27108847097297983,0.23076923076923078,0.3
19354,3,0.0,0.0,0.0,0.0,0.0,0.3333333333333333,0.0,0.0,0.3333333333333333,0.1
19355,4,0.0,0.0,0.0,0.0,0.0,0.0,0.0,0.0,0.0,0.0
19369,2,0.0,0.0,0.0,0.0,0.0,0.0,0.0,0.0,0.0,0.0
19372,3,0.6666666666666666,0.6666666666666667,0.7039180890341346,0.6666666666666666,0.4,0.6666666666666666,0.6666666666666666,0.7039180890341346,0.6666666666666666,0.2
19374,26,0.8,0.8000000000000002,0.8304198973631919,0.15384615384615385,0.8,0.7,0.7636363636363637,0.7529694065526481,0.2692307692307692,0.7
19375,10,0.6,0.6666666666666666,0.6548086577531306,0.3,0.6,0.3,0.45454545454545453,0.424926013816671,0.3,0.3
19376,30,0.8,0.9333333333333332,0.8687949224876582,0.13333333333333333,0.8,0.6,0.7454545454545456,0.7065836017263629,0.2,0.6
19377,8,0.0,0.0,0.0,0.0,0.0,0.0,0.0,0.0,0.0,0.0
19378,3,0.0,0.0,0.0,0.0,0.0,0.0,0.0,0.0,0.0,0.0
19384,3,0.0,0.0,0.0,0.0,0.0,0.0,0.0,0.0,0.0,0.0
19409,6,0.0,0.0,0.0,0.0,0.0,0.0,0.0,0.0,0.0,0.0
19413,15,0.4,0.4666666666666666,0.38356636737133554,0.13333333333333333,0.4,0.3,0.3272727272727273,0.31252911522154625,0.2,0.3
19415,53,0.2,0.26666666666666666,0.2139862647345275,0.018867924528301886,0.2,0.2,0.2545454545454545,0.21726071285222984,0.03773584905660377,0.2
19421,3,0.3333333333333333,0.33333333333333337,0.29608191096586517,0.3333333333333333,0.2,0.3333333333333333,0.3333333333333333,0.29608191096586517,0.3333333333333333,0.1
19422,8,0.0,0.0,0.0,0.0,0.0,0.0,0.0,0.0,0.0,0.0
19423,13,0.0,0.0,0.0,0.0,0.0,0.1,0.09090909090909091,0.07839826897867533,0.07692307692307693,0.1
19426,9,0.0,0.0,0.0,0.0,0.0,0.1111111111111111,0.0,0.0,0.1111111111111111,0.1
19433,3,0.0,0.0,0.0,0.0,0.0,0.3333333333333333,0.0,0.0,0.3333333333333333,0.1
19437,25,0.8,0.8666666666666666,0.8539316501572936,0.16,0.8,0.5,0.6909090909090909,0.6325414799409711,0.2,0.5
19438,10,0.2,0.3333333333333333,0.33916020527361607,0.1,0.2,0.1,0.18181818181818182,0.22009176629808014,0.1,0.1
19439,3,0.0,0.0,0.0,0.0,0.0,0.3333333333333333,0.0,0.0,0.3333333333333333,0.1
19440,13,0.4,0.6,0.5531464700081437,0.15384615384615385,0.4,0.3,0.4,0.4283854321084119,0.23076923076923078,0.3
19446,1,0.0,0.0,0.0,0.0,0.0,0.0,0.0,0.0,0.0,0.0
19447,6,0.0,0.0,0.0,0.0,0.0,0.16666666666666666,0.1111111111111111,0.10778915452451095,0.16666666666666666,0.1
19450,10,0.2,0.3333333333333333,0.33916020527361607,0.1,0.2,0.2,0.21818181818181817,0.28634598975246917,0.2,0.2
19456,10,0.2,0.3333333333333333,0.33916020527361607,0.1,0.2,0.1,0.18181818181818182,0.22009176629808014,0.1,0.1
19460,7,0.2,0.13333333333333333,0.14606834984270645,0.14285714285714285,0.2,0.14285714285714285,0.14285714285714285,0.11838279295536291,0.14285714285714285,0.1
19465,4,0.25,0.35714285714285715,0.39038004999210163,0.25,0.2,0.25,0.2941176470588235,0.39038004999210163,0.25,0.1
19468,2,0.0,0.0,0.0,0.0,0.0,0.0,0.0,0.0,0.0,0.0
19486,1,1.0,1.0,1.0,1.0,0.2,1.0,1.0,1.0,1.0,0.1
19488,1,0.0,0.0,0.0,0.0,0.0,0.0,0.0,0.0,0.0,0.0
19490,13,0.0,0.0,0.0,0.0,0.0,0.1,0.09090909090909091,0.07839826897867533,0.07692307692307693,0.1
19500,6,0.4,0.4666666666666666,0.38356636737133554,0.3333333333333333,0.4,0.6666666666666666,0.48888888888888893,0.4500112274528522,0.6666666666666666,0.4
19501,5,0.0,0.0,0.0,0.0,0.0,0.2,0.0,0.0,0.2,0.1
19502,2,0.0,0.0,0.0,0.0,0.0,0.0,0.0,0.0,0.0,0.0
19506,26,0.4,0.5333333333333333,0.5087403079104241,0.07692307692307693,0.4,0.4,0.4181818181818182,0.4671223597454319,0.15384615384615385,0.4
19507,4,0.25,0.28571428571428575,0.2463023887407299,0.25,0.2,0.25,0.2647058823529412,0.2463023887407299,0.25,0.1
19510,5,0.2,0.26666666666666666,0.2139862647345275,0.2,0.2,0.2,0.225,0.2139862647345275,0.2,0.1
19513,19,0.6,0.6666666666666666,0.6843515475204854,0.15789473684210525,0.6,0.6,0.6363636363636364,0.6594803070902429,0.3157894736842105,0.6
19527,6,0.0,0.0,0.0,0.0,0.0,0.0,0.0,0.0,0.0,0.0
19528,1,1.0,1.0,1.0,1.0,0.2,1.0,1.0,1.0,1.0,0.1
19532,3,0.3333333333333333,0.4166666666666667,0.46927872602275644,0.3333333333333333,0.2,0.3333333333333333,0.37037037037037035,0.46927872602275644,0.3333333333333333,0.1
19541,6,0.0,0.0,0.0,0.0,0.0,0.0,0.0,0.0,0.0,0.0
19544,7,0.0,0.0,0.0,0.0,0.0,0.0,0.0,0.0,0.0,0.0
19547,13,0.2,0.3333333333333333,0.33916020527361607,0.07692307692307693,0.2,0.2,0.21818181818181817,0.28634598975246917,0.15384615384615385,0.2
19552,11,0.6,0.6666666666666666,0.6843515475204854,0.2727272727272727,0.6,0.3,0.45454545454545453,0.44409732781325567,0.2727272727272727,0.3
19557,4,0.25,0.28571428571428575,0.2463023887407299,0.25,0.2,0.5,0.2647058823529412,0.2463023887407299,0.5,0.2
19558,15,0.2,0.19999999999999998,0.16958010263680803,0.06666666666666667,0.2,0.2,0.16363636363636364,0.1736666713479918,0.13333333333333333,0.2
19562,18,0.2,0.3333333333333333,0.33916020527361607,0.05555555555555555,0.2,0.1,0.18181818181818182,0.22009176629808014,0.05555555555555555,0.1
19563,25,0.6,0.46666666666666673,0.4912596920895757,0.12,0.6,0.4,0.45454545454545453,0.3882251478215035,0.16,0.4
19583,21,0.2,0.06666666666666665,0.13120507751234176,0.047619047619047616,0.2,0.1,0.10909090909090909,0.08514311764162097,0.047619047619047616,0.1
19585,2,0.0,0.0,0.0,0.0,0.0,0.0,0.0,0.0,0.0,0.0
19588,3,0.0,0.0,0.0,0.0,0.0,0.0,0.0,0.0,0.0,0.0
19595,3,0.6666666666666666,0.25,0.23463936301137822,0.6666666666666666,0.4,0.6666666666666666,0.2962962962962963,0.23463936301137822,0.6666666666666666,0.2
19600,35,0.8,0.9333333333333332,0.8687949224876582,0.11428571428571428,0.8,0.6,0.6909090909090909,0.6968404678259545,0.17142857142857143,0.6
19601,3,0.3333333333333333,0.0,0.0,0.3333333333333333,0.2,0.3333333333333333,0.0,0.0,0.3333333333333333,0.1
19602,27,0.2,0.3333333333333333,0.33916020527361607,0.037037037037037035,0.2,0.2,0.21818181818181817,0.28634598975246917,0.07407407407407407,0.2
19608,3,0.0,0.0,0.0,0.0,0.0,0.3333333333333333,0.0,0.0,0.3333333333333333,0.1
19613,3,0.0,0.0,0.0,0.0,0.0,0.0,0.0,0.0,0.0,0.0
19616,16,0.0,0.0,0.0,0.0,0.0,0.0,0.0,0.0,0.0,0.0
19625,17,0.8,0.9333333333333332,0.8687949224876582,0.23529411764705882,0.8,0.5,0.6545454545454547,0.6300426811446146,0.29411764705882354,0.5
19629,19,0.4,0.5333333333333333,0.5087403079104241,0.10526315789473684,0.4,0.4,0.38181818181818183,0.4600126611004609,0.21052631578947367,0.4
19634,3,0.3333333333333333,0.4166666666666667,0.46927872602275644,0.3333333333333333,0.2,0.6666666666666666,0.37037037037037035,0.46927872602275644,0.6666666666666666,0.2
19639,1,1.0,0.0,0.0,1.0,0.2,1.0,0.0,0.0,1.0,0.1
19642,31,0.8,0.9333333333333332,0.8687949224876582,0.12903225806451613,0.8,0.7,0.8,0.7791714369672127,0.22580645161290322,0.7
19644,5,0.0,0.0,0.0,0.0,0.0,0.2,0.0,0.0,0.2,0.1
19645,30,0.6,0.7333333333333334,0.6992148198508501,0.1,0.6,0.5,0.6,0.5983950669742498,0.16666666666666666,0.5
19646,7,0.4,0.6,0.5531464700081437,0.2857142857142857,0.4,0.42857142857142855,0.4693877551020407,0.539929434207294,0.42857142857142855,0.3
19654,4,0.25,0.0,0.0,0.25,0.2,0.25,0.0,0.0,0.25,0.1
19655,22,0.2,0.19999999999999998,0.16958010263680803,0.045454545454545456,0.2,0.2,0.18181818181818182,0.1763001066034291,0.09090909090909091,0.2
19658,6,0.0,0.0,0.0,0.0,0.0,0.0,0.0,0.0,0.0,0.0
19665,11,0.2,0.3333333333333333,0.33916020527361607,0.09090909090909091,0.2,0.1,0.18181818181818182,0.22009176629808014,0.09090909090909091,0.1
19670,42,1.0,1.0,1.0,0.11904761904761904,1.0,0.9,0.9454545454545454,0.9305687780632228,0.21428571428571427,0.9
19671,6,0.0,0.0,0.0,0.0,0.0,0.0,0.0,0.0,0.0,0.0
19676,12,0.4,0.6,0.5531464700081437,0.16666666666666666,0.4,0.2,0.34545454545454546,0.3589542101716347,0.16666666666666666,0.2
19679,14,0.2,0.06666666666666665,0.13120507751234176,0.07142857142857142,0.2,0.1,0.10909090909090909,0.08514311764162097,0.07142857142857142,0.1
19680,9,0.2,0.3333333333333333,0.33916020527361607,0.1111111111111111,0.2,0.1111111111111111,0.18518518518518517,0.23504554941448538,0.1111111111111111,0.1
19684,5,0.0,0.0,0.0,0.0,0.0,0.0,0.0,0.0,0.0,0.0
19689,4,0.0,0.0,0.0,0.0,0.0,0.25,0.0,0.0,0.25,0.1
19699,7,0.2,0.13333333333333333,0.14606834984270645,0.14285714285714285,0.2,0.2857142857142857,0.14285714285714285,0.11838279295536291,0.2857142857142857,0.2
19700,3,0.0,0.0,0.0,0.0,0.0,0.0,0.0,0.0,0.0,0.0
19713,29,0.6,0.6666666666666666,0.6843515475204854,0.10344827586206896,0.6,0.4,0.5272727272727272,0.5174612499126158,0.13793103448275862,0.4
19716,2,0.0,0.0,0.0,0.0,0.0,0.0,0.0,0.0,0.0,0.0
19717,9,0.2,0.13333333333333333,0.14606834984270645,0.1111111111111111,0.2,0.2222222222222222,0.18518518518518517,0.17537722349737472,0.2222222222222222,0.2
19720,13,0.4,0.26666666666666666,0.3007851801491498,0.15384615384615385,0.4,0.3,0.2727272727272727,0.2588097889896127,0.23076923076923078,0.3
19726,14,0.2,0.06666666666666665,0.13120507751234176,0.07142857142857142,0.2,0.3,0.2545454545454546,0.23297260855707355,0.21428571428571427,0.3
19729,5,0.0,0.0,0.0,0.0,0.0,0.0,0.0,0.0,0.0,0.0
19731,15,0.4,0.4666666666666666,0.38356636737133554,0.13333333333333333,0.4,0.3,0.36363636363636365,0.31833954895937183,0.2,0.3
19748,38,1.0,1.0,1.0,0.13157894736842105,1.0,0.5,0.7272727272727273,0.6489315753318466,0.13157894736842105,0.5
19750,2,0.0,0.0,0.0,0.0,0.0,0.0,0.0,0.0,0.0,0.0
19771,47,1.0,1.0,1.0,0.10638297872340426,1.0,0.8,0.9454545454545454,0.8701249883466592,0.1702127659574468,0.8
19772,1,1.0,1.0,1.0,1.0,0.2,1.0,1.0,1.0,1.0,0.1
19776,13,0.2,0.26666666666666666,0.2139862647345275,0.07692307692307693,0.2,0.2,0.23636363636363636,0.21222636597291453,0.15384615384615385,0.2
19781,8,0.0,0.0,0.0,0.0,0.0,0.0,0.0,0.0,0.0,0.0
19802,3,0.0,0.0,0.0,0.0,0.0,0.0,0.0,0.0,0.0,0.0
19803,35,0.8,0.9333333333333332,0.8687949224876582,0.11428571428571428,0.8,0.6,0.6909090909090909,0.6968404678259545,0.17142857142857143,0.6
19805,2,0.0,0.0,0.0,0.0,0.0,0.0,0.0,0.0,0.0,0.0
19810,8,0.2,0.3333333333333333,0.33916020527361607,0.125,0.2,0.125,0.1923076923076923,0.2529427027676571,0.125,0.1
19812,23,0.6,0.6666666666666666,0.6843515475204854,0.13043478260869565,0.6,0.6,0.5636363636363636,0.6434035614033737,0.2608695652173913,0.6
19813,19,0.4,0.19999999999999998,0.2772734273550482,0.10526315789473684,0.4,0.2,0.23636363636363633,0.17993148201117173,0.10526315789473684,0.2
19819,36,0.8,0.6666666666666666,0.6608397947263838,0.1111111111111111,0.8,0.6,0.690909090909091,0.5766692999492189,0.16666666666666666,0.6
19820,23,0.4,0.6,0.5531464700081437,0.08695652173913043,0.4,0.3,0.41818181818181815,0.43231813227099475,0.13043478260869565,0.3
19823,5,0.0,0.0,0.0,0.0,0.0,0.2,0.0,0.0,0.2,0.1
19829,9,0.4,0.3333333333333333,0.31564845247951445,0.2222222222222222,0.4,0.2222222222222222,0.27777777777777773,0.21875138291954285,0.2222222222222222,0.2
19833,6,0.0,0.0,0.0,0.0,0.0,0.0,0.0,0.0,0.0,0.0
19856,15,0.4,0.5333333333333333,0.5087403079104241,0.13333333333333333,0.4,0.2,0.32727272727272727,0.3301376494471202,0.13333333333333333,0.2
19858,9,0.4,0.39999999999999997,0.4703652827859578,0.2222222222222222,0.4,0.2222222222222222,0.2962962962962963,0.32597358003346416,0.2222222222222222,0.2
19863,13,0.4,0.3333333333333333,0.34519134224686926,0.15384615384615385,0.4,0.5,0.49090909090909096,0.4451989745299881,0.38461538461538464,0.5
19867,1,0.0,0.0,0.0,0.0,0.0,0.0,0.0,0.0,0.0,0.0
19871,2,1.0,1.0,1.0,1.0,0.4,1.0,1.0,1.0,1.0,0.2
19880,1,0.0,0.0,0.0,0.0,0.0,0.0,0.0,0.0,0.0,0.0
19885,1,0.0,0.0,0.0,0.0,0.0,0.0,0.0,0.0,0.0,0.0
19887,8,0.2,0.3333333333333333,0.33916020527361607,0.125,0.2,0.125,0.1923076923076923,0.2529427027676571,0.125,0.1
19888,4,0.25,0.14285714285714288,0.16812753627111746,0.25,0.2,0.25,0.20588235294117643,0.16812753627111746,0.25,0.1
19890,5,0.8,0.8000000000000002,0.8304198973631919,0.8,0.8,0.8,0.7999999999999999,0.8304198973631919,0.8,0.4
19897,10,0.2,0.26666666666666666,0.2139862647345275,0.1,0.2,0.2,0.18181818181818182,0.2024832320725062,0.2,0.2
19898,7,0.4,0.4666666666666666,0.48522855511632257,0.2857142857142857,0.4,0.2857142857142857,0.346938775510204,0.3932591258696538,0.2857142857142857,0.2
19899,56,0.4,0.19999999999999998,0.2772734273550482,0.03571428571428571,0.4,0.3,0.2909090909090909,0.24936270394794896,0.05357142857142857,0.3
19906,17,0.2,0.3333333333333333,0.33916020527361607,0.058823529411764705,0.2,0.1,0.18181818181818182,0.22009176629808014,0.058823529411764705,0.1
19920,1,0.0,0.0,0.0,0.0,0.0,0.0,0.0,0.0,0.0,0.0
19926,2,0.5,0.5555555555555556,0.6131471927654584,0.5,0.2,0.5,0.5263157894736842,0.6131471927654584,0.5,0.1
19931,7,0.2,0.3333333333333333,0.33916020527361607,0.14285714285714285,0.2,0.14285714285714285,0.2040816326530612,0.27487633291429087,0.14285714285714285,0.1
19938,20,0.4,0.4666666666666666,0.48522855511632257,0.1,0.4,0.3,0.4,0.3932783996463063,0.15,0.3
19960,3,0.3333333333333333,0.4166666666666667,0.46927872602275644,0.3333333333333333,0.2,0.6666666666666666,0.37037037037037035,0.46927872602275644,0.6666666666666666,0.2
19963,2,0.5,0.5555555555555556,0.6131471927654584,0.5,0.2,0.5,0.5263157894736842,0.6131471927654584,0.5,0.1
19974,13,0.0,0.0,0.0,0.0,0.0,0.0,0.0,0.0,0.0,0.0
19983,2,0.5,0.5555555555555556,0.6131471927654584,0.5,0.2,0.5,0.5263157894736842,0.6131471927654584,0.5,0.1
19984,2,0.0,0.0,0.0,0.0,0.0,0.0,0.0,0.0,0.0,0.0
19986,12,0.4,0.6,0.5531464700081437,0.16666666666666666,0.4,0.2,0.34545454545454546,0.3589542101716347,0.16666666666666666,0.2
19995,31,0.0,0.0,0.0,0.0,0.0,0.0,0.0,0.0,0.0,0.0
19996,36,0.8,0.8666666666666666,0.8539316501572936,0.1111111111111111,0.8,0.7,0.7636363636363637,0.7655934900767001,0.19444444444444445,0.7
20001,3,0.0,0.0,0.0,0.0,0.0,0.0,0.0,0.0,0.0,0.0
20005,5,0.4,0.6,0.5531464700081437,0.4,0.4,0.4,0.475,0.5531464700081437,0.4,0.2
20010,44,1.0,1.0,1.0,0.11363636363636363,1.0,0.8,0.9272727272727274,0.866947989864271,0.18181818181818182,0.8
20011,35,0.2,0.3333333333333333,0.33916020527361607,0.02857142857142857,0.2,0.2,0.2,0.2837125544970318,0.05714285714285714,0.2
20016,8,0.2,0.13333333333333333,0.14606834984270645,0.125,0.2,0.25,0.1923076923076923,0.18873103118020407,0.25,0.2
20023,18,0.8,0.8000000000000002,0.8304198973631919,0.2222222222222222,0.8,0.6,0.709090909090909,0.6835381846158708,0.3333333333333333,0.6
20026,4,0.0,0.0,0.0,0.0,0.0,0.0,0.0,0.0,0.0,0.0
20030,7,0.0,0.0,0.0,0.0,0.0,0.14285714285714285,0.0,0.0,0.14285714285714285,0.1
20033,13,0.0,0.0,0.0,0.0,0.0,0.1,0.018181818181818177,0.0636207881989517,0.07692307692307693,0.1
20035,1,0.0,0.0,0.0,0.0,0.0,0.0,0.0,0.0,0.0,0.0
20036,3,0.0,0.0,0.0,0.0,0.0,0.0,0.0,0.0,0.0,0.0
20041,7,0.0,0.0,0.0,0.0,0.0,0.0,0.0,0.0,0.0,0.0
20043,28,0.6,0.5333333333333333,0.6164336326286642,0.10714285714285714,0.6,0.4,0.45454545454545453,0.4662774717636409,0.14285714285714285,0.4
20048,7,0.2,0.13333333333333333,0.14606834984270645,0.14285714285714285,0.2,0.2857142857142857,0.24489795918367344,0.2162957183053307,0.2857142857142857,0.2
20059,27,0.6,0.5333333333333333,0.6164336326286642,0.1111111111111111,0.6,0.4,0.49090909090909085,0.47338717040861195,0.14814814814814814,0.4
20065,1,0.0,0.0,0.0,0.0,0.0,0.0,0.0,0.0,0.0,0.0
20066,18,0.0,0.0,0.0,0.0,0.0,0.1,0.05454545454545456,0.06943122193677725,0.05555555555555555,0.1
20075,3,0.3333333333333333,0.4166666666666667,0.46927872602275644,0.3333333333333333,0.2,0.3333333333333333,0.37037037037037035,0.46927872602275644,0.3333333333333333,0.1
20077,9,0.2,0.3333333333333333,0.33916020527361607,0.1111111111111111,0.2,0.2222222222222222,0.2222222222222222,0.30580131013556594,0.2222222222222222,0.2
20083,1,1.0,0.0,0.0,1.0,0.2,1.0,0.0,0.0,1.0,0.1
20087,2,0.5,0.4444444444444445,0.3868528072345415,0.5,0.2,0.5,0.4736842105263158,0.3868528072345415,0.5,0.1
20089,17,0.0,0.0,0.0,0.0,0.0,0.0,0.0,0.0,0.0,0.0
20090,11,0.2,0.19999999999999998,0.16958010263680803,0.09090909090909091,0.2,0.3,0.2727272727272727,0.2546983755821044,0.2727272727272727,0.3
20091,2,0.5,0.5555555555555556,0.6131471927654584,0.5,0.2,0.5,0.5263157894736842,0.6131471927654584,0.5,0.1
20103,2,0.0,0.0,0.0,0.0,0.0,0.0,0.0,0.0,0.0,0.0
20110,5,0.2,0.3333333333333333,0.33916020527361607,0.2,0.2,0.2,0.25,0.33916020527361607,0.2,0.1
20122,11,0.4,0.4666666666666666,0.48522855511632257,0.18181818181818182,0.4,0.3,0.36363636363636365,0.3843113526044082,0.2727272727272727,0.3
20128,13,0.0,0.0,0.0,0.0,0.0,0.2,0.16363636363636364,0.1517621910780354,0.15384615384615385,0.2
20129,9,0.0,0.0,0.0,0.0,0.0,0.0,0.0,0.0,0.0,0.0
20142,5,0.2,0.19999999999999998,0.16958010263680803,0.2,0.2,0.4,0.2,0.16958010263680803,0.4,0.2
20146,3,0.3333333333333333,0.4166666666666667,0.46927872602275644,0.3333333333333333,0.2,0.6666666666666666,0.37037037037037035,0.46927872602275644,0.6666666666666666,0.2
20150,1,0.0,0.0,0.0,0.0,0.0,0.0,0.0,0.0,0.0,0.0
20161,4,0.0,0.0,0.0,0.0,0.0,0.0,0.0,0.0,0.0,0.0
20169,12,0.2,0.3333333333333333,0.33916020527361607,0.08333333333333333,0.2,0.1,0.18181818181818182,0.22009176629808014,0.08333333333333333,0.1
20172,6,0.0,0.0,0.0,0.0,0.0,0.0,0.0,0.0,0.0,0.0
20180,6,0.2,0.13333333333333333,0.14606834984270645,0.16666666666666666,0.2,0.16666666666666666,0.15555555555555556,0.13032376591037065,0.16666666666666666,0.1
20183,5,0.2,0.19999999999999998,0.16958010263680803,0.2,0.2,0.2,0.2,0.16958010263680803,0.2,0.1
20186,8,0.0,0.0,0.0,0.0,0.0,0.25,0.07692307692307693,0.08431423425588572,0.25,0.2
20191,14,0.8,0.7333333333333334,0.7860137352654724,0.2857142857142857,0.8,0.6,0.6727272727272727,0.6496872770120411,0.42857142857142855,0.6
20204,14,0.8,0.9333333333333332,0.8687949224876582,0.2857142857142857,0.8,0.6,0.7272727272727273,0.7034066032439747,0.42857142857142855,0.6
20205,16,0.2,0.26666666666666666,0.2139862647345275,0.0625,0.2,0.3,0.2909090909090909,0.28351493630661884,0.1875,0.3
20208,64,1.0,1.0,1.0,0.078125,1.0,0.8,0.8909090909090908,0.8603818544462509,0.125,0.8
20215,4,0.0,0.0,0.0,0.0,0.0,0.0,0.0,0.0,0.0,0.0
20224,13,0.6,0.5333333333333333,0.5147714448836773,0.23076923076923078,0.6,0.3,0.4181818181818182,0.3340514446642156,0.23076923076923078,0.3
20228,8,0.0,0.0,0.0,0.0,0.0,0.0,0.0,0.0,0.0,0.0
20230,9,0.2,0.3333333333333333,0.33916020527361607,0.1111111111111111,0.2,0.1111111111111111,0.18518518518518517,0.23504554941448538,0.1111111111111111,0.1
20237,60,0.6,0.6,0.529634717214042,0.05,0.6,0.6,0.6000000000000001,0.5527460588826717,0.1,0.6
20249,14,0.4,0.39999999999999997,0.4703652827859578,0.14285714285714285,0.4,0.3,0.34545454545454546,0.3746661058764783,0.21428571428571427,0.3
20250,8,0.0,0.0,0.0,0.0,0.0,0.0,0.0,0.0,0.0,0.0
20254,4,0.25,0.35714285714285715,0.39038004999210163,0.25,0.2,0.25,0.2941176470588235,0.39038004999210163,0.25,0.1
20255,6,0.0,0.0,0.0,0.0,0.0,0.0,0.0,0.0,0.0,0.0
20257,13,0.8,0.9333333333333332,0.8687949224876582,0.3076923076923077,0.8,0.4,0.6181818181818183,0.5637884576902256,0.3076923076923077,0.4
20258,2,0.0,0.0,0.0,0.0,0.0,0.0,0.0,0.0,0.0,0.0
20259,29,0.8,0.8666666666666666,0.8539316501572936,0.13793103448275862,0.8,0.5,0.6545454545454547,0.623574432899073,0.1724137931034483,0.5
20261,7,0.0,0.0,0.0,0.0,0.0,0.0,0.0,0.0,0.0,0.0
20266,15,0.2,0.3333333333333333,0.33916020527361607,0.06666666666666667,0.2,0.1,0.18181818181818182,0.22009176629808014,0.06666666666666667,0.1
20282,6,0.4,0.6,0.5531464700081437,0.3333333333333333,0.4,0.3333333333333333,0.4222222222222222,0.4935232796777481,0.3333333333333333,0.2
20283,4,0.0,0.0,0.0,0.0,0.0,0.0,0.0,0.0,0.0,0.0
20288,4,0.0,0.0,0.0,0.0,0.0,0.0,0.0,0.0,0.0,0.0
20289,3,0.3333333333333333,0.4166666666666667,0.46927872602275644,0.3333333333333333,0.2,0.3333333333333333,0.37037037037037035,0.46927872602275644,0.3333333333333333,0.1
20291,1,0.0,0.0,0.0,0.0,0.0,0.0,0.0,0.0,0.0,0.0
20294,2,0.0,0.0,0.0,0.0,0.0,0.0,0.0,0.0,0.0,0.0
20295,13,0.4,0.4666666666666666,0.38356636737133554,0.15384615384615385,0.4,0.4,0.38181818181818183,0.3819603371583235,0.3076923076923077,0.4
20298,1,0.0,0.0,0.0,0.0,0.0,0.0,0.0,0.0,0.0,0.0
20309,38,0.6,0.39999999999999997,0.4468535299918562,0.07894736842105263,0.6,0.3,0.38181818181818183,0.28997736516021183,0.07894736842105263,0.3
20312,22,0.2,0.3333333333333333,0.33916020527361607,0.045454545454545456,0.2,0.2,0.21818181818181817,0.28634598975246917,0.09090909090909091,0.2
20313,3,0.0,0.0,0.0,0.0,0.0,0.3333333333333333,0.0,0.0,0.3333333333333333,0.1
20320,22,0.4,0.5333333333333333,0.5087403079104241,0.09090909090909091,0.4,0.3,0.34545454545454546,0.3937584376460719,0.13636363636363635,0.3
20326,1,0.0,0.0,0.0,0.0,0.0,0.0,0.0,0.0,0.0,0.0
20328,6,0.2,0.3333333333333333,0.33916020527361607,0.16666666666666666,0.2,0.16666666666666666,0.2222222222222222,0.30260241349881345,0.16666666666666666,0.1
20332,29,0.4,0.3333333333333333,0.34519134224686926,0.06896551724137931,0.4,0.3,0.36363636363636365,0.30240383049385083,0.10344827586206896,0.3
20333,10,0.2,0.3333333333333333,0.33916020527361607,0.1,0.2,0.3,0.2545454545454545,0.35314377643380906,0.3,0.3
20334,2,0.0,0.0,0.0,0.0,0.0,0.5,0.0,0.0,0.5,0.1
20341,12,0.8,0.9333333333333332,0.8687949224876582,0.3333333333333333,0.8,0.4,0.6181818181818183,0.5637884576902256,0.3333333333333333,0.4
20345,14,0.2,0.3333333333333333,0.33916020527361607,0.07142857142857142,0.2,0.1,0.18181818181818182,0.22009176629808014,0.07142857142857142,0.1
20357,16,0.2,0.3333333333333333,0.33916020527361607,0.0625,0.2,0.2,0.2545454545454545,0.29345568839744024,0.125,0.2
20362,3,0.0,0.0,0.0,0.0,0.0,0.0,0.0,0.0,0.0,0.0
20363,22,0.4,0.6,0.5531464700081437,0.09090909090909091,0.4,0.3,0.43636363636363634,0.43735247915031,0.13636363636363635,0.3
20378,5,0.4,0.6,0.5531464700081437,0.4,0.4,0.4,0.475,0.5531464700081437,0.4,0.2
20380,3,0.0,0.0,0.0,0.0,0.0,0.0,0.0,0.0,0.0,0.0
20381,16,0.4,0.6,0.5531464700081437,0.125,0.4,0.2,0.34545454545454546,0.3589542101716347,0.125,0.2
20382,21,0.8,0.8666666666666666,0.8539316501572936,0.19047619047619047,0.8,0.6,0.7090909090909091,0.6961622681399229,0.2857142857142857,0.6
20386,13,0.4,0.4666666666666666,0.38356636737133554,0.15384615384615385,0.4,0.2,0.30909090909090914,0.24890832702259458,0.15384615384615385,0.2
20388,15,0.0,0.0,0.0,0.0,0.0,0.0,0.0,0.0,0.0,0.0
20393,36,0.4,0.6,0.5531464700081437,0.05555555555555555,0.4,0.2,0.34545454545454546,0.3589542101716347,0.05555555555555555,0.2
20398,13,0.4,0.3333333333333333,0.34519134224686926,0.15384615384615385,0.4,0.2,0.2727272727272727,0.22400556151517548,0.15384615384615385,0.2
20402,6,0.2,0.3333333333333333,0.33916020527361607,0.16666666666666666,0.2,0.3333333333333333,0.2222222222222222,0.30260241349881345,0.3333333333333333,0.2
20413,8,0.4,0.6,0.5531464700081437,0.25,0.4,0.25,0.36538461538461536,0.4125317798925535,0.25,0.2
20415,3,0.3333333333333333,0.4166666666666667,0.46927872602275644,0.3333333333333333,0.2,0.6666666666666666,0.37037037037037035,0.46927872602275644,0.6666666666666666,0.2
20419,5,0.2,0.3333333333333333,0.33916020527361607,0.2,0.2,0.2,0.25,0.33916020527361607,0.2,0.1
20433,44,0.0,0.0,0.0,0.0,0.0,0.2,0.16363636363636364,0.1517621910780354,0.045454545454545456,0.2
20442,5,0.2,0.19999999999999998,0.16958010263680803,0.2,0.2,0.2,0.2,0.16958010263680803,0.2,0.1
20444,8,0.4,0.4666666666666666,0.48522855511632257,0.25,0.4,0.25,0.3269230769230769,0.3618791953854131,0.25,0.2
20456,5,0.4,0.4666666666666666,0.38356636737133554,0.4,0.4,0.4,0.42500000000000004,0.38356636737133554,0.4,0.2
20465,1,1.0,1.0,1.0,1.0,0.2,1.0,1.0,1.0,1.0,0.1
20466,4,0.25,0.14285714285714288,0.16812753627111746,0.25,0.2,0.25,0.20588235294117643,0.16812753627111746,0.25,0.1
20469,18,0.4,0.26666666666666666,0.3007851801491498,0.1111111111111111,0.4,0.3,0.3272727272727272,0.26855292289002114,0.16666666666666666,0.3
20470,8,0.2,0.13333333333333333,0.14606834984270645,0.125,0.2,0.125,0.1346153846153846,0.1089364926177559,0.125,0.1
20480,13,0.0,0.0,0.0,0.0,0.0,0.0,0.0,0.0,0.0,0.0
20481,7,0.0,0.0,0.0,0.0,0.0,0.0,0.0,0.0,0.0,0.0
20500,13,0.2,0.3333333333333333,0.33916020527361607,0.07692307692307693,0.2,0.3,0.23636363636363633,0.3499667779514209,0.23076923076923078,0.3
20506,2,0.0,0.0,0.0,0.0,0.0,0.0,0.0,0.0,0.0,0.0
20513,4,0.0,0.0,0.0,0.0,0.0,0.0,0.0,0.0,0.0,0.0
20518,22,0.6,0.5333333333333333,0.5147714448836773,0.13636363636363635,0.6,0.3,0.4181818181818182,0.3340514446642156,0.13636363636363635,0.3
20521,2,0.0,0.0,0.0,0.0,0.0,0.0,0.0,0.0,0.0,0.0
20523,2,0.0,0.0,0.0,0.0,0.0,0.0,0.0,0.0,0.0,0.0
20530,2,0.0,0.0,0.0,0.0,0.0,0.5,0.0,0.0,0.5,0.1
20537,1,0.0,0.0,0.0,0.0,0.0,0.0,0.0,0.0,0.0,0.0
20538,5,0.0,0.0,0.0,0.0,0.0,0.0,0.0,0.0,0.0,0.0
20550,6,0.0,0.0,0.0,0.0,0.0,0.0,0.0,0.0,0.0,0.0
20552,9,0.2,0.3333333333333333,0.33916020527361607,0.1111111111111111,0.2,0.1111111111111111,0.18518518518518517,0.23504554941448538,0.1111111111111111,0.1
20554,1,0.0,0.0,0.0,0.0,0.0,0.0,0.0,0.0,0.0,0.0
20556,23,0.4,0.4666666666666666,0.38356636737133554,0.08695652173913043,0.4,0.2,0.30909090909090914,0.24890832702259458,0.08695652173913043,0.2
20561,36,0.6,0.6666666666666666,0.6548086577531306,0.08333333333333333,0.6,0.5,0.5636363636363636,0.5669450709942979,0.1388888888888889,0.5
20578,2,0.5,0.5555555555555556,0.6131471927654584,0.5,0.2,0.5,0.5263157894736842,0.6131471927654584,0.5,0.1
20582,1,0.0,0.0,0.0,0.0,0.0,0.0,0.0,0.0,0.0,0.0
20588,9,0.0,0.0,0.0,0.0,0.0,0.0,0.0,0.0,0.0,0.0
20592,28,0.2,0.3333333333333333,0.33916020527361607,0.03571428571428571,0.2,0.1,0.18181818181818182,0.22009176629808014,0.03571428571428571,0.1
20607,4,0.5,0.6428571428571429,0.6366824387328316,0.5,0.4,0.5,0.5588235294117646,0.6366824387328316,0.5,0.2
20614,26,0.2,0.3333333333333333,0.33916020527361607,0.038461538461538464,0.2,0.1,0.18181818181818182,0.22009176629808014,0.038461538461538464,0.1
20616,8,0.6,0.7999999999999999,0.7227265726449518,0.375,0.6,0.5,0.5961538461538461,0.6233173655322678,0.5,0.4
20617,27,0.6,0.6,0.529634717214042,0.1111111111111111,0.6,0.3,0.43636363636363645,0.34369669139214537,0.1111111111111111,0.3
20621,5,0.6,0.7333333333333334,0.6992148198508501,0.6,0.6,0.6,0.6499999999999999,0.6992148198508501,0.6,0.3
20624,13,0.2,0.19999999999999998,0.16958010263680803,0.07692307692307693,0.2,0.1,0.14545454545454548,0.11004588314904007,0.07692307692307693,0.1
20625,3,0.0,0.0,0.0,0.0,0.0,0.0,0.0,0.0,0.0,0.0
20645,20,0.0,0.0,0.0,0.0,0.0,0.1,0.036363636363636355,0.06625422345438903,0.05,0.1
20647,9,0.4,0.5333333333333333,0.5087403079104241,0.2222222222222222,0.4,0.2222222222222222,0.3333333333333333,0.352568324121728,0.2222222222222222,0.2
20649,5,0.2,0.3333333333333333,0.33916020527361607,0.2,0.2,0.2,0.25,0.33916020527361607,0.2,0.1
20650,2,0.5,0.0,0.0,0.5,0.2,0.5,0.0,0.0,0.5,0.1
20656,2,0.0,0.0,0.0,0.0,0.0,0.0,0.0,0.0,0.0,0.0
20661,20,0.2,0.26666666666666666,0.2139862647345275,0.05,0.2,0.1,0.16363636363636364,0.1388624438735545,0.05,0.1
20674,10,0.4,0.26666666666666666,0.3007851801491498,0.2,0.4,0.3,0.2909090909090909,0.26144322424505007,0.3,0.3
20685,54,0.4,0.19999999999999998,0.2772734273550482,0.037037037037037035,0.4,0.4,0.34545454545454546,0.3219505391887988,0.07407407407407407,0.4
20686,11,0.2,0.26666666666666666,0.2139862647345275,0.09090909090909091,0.2,0.2,0.2,0.2051166673279435,0.18181818181818182,0.2
20688,10,0.2,0.3333333333333333,0.33916020527361607,0.1,0.2,0.1,0.18181818181818182,0.22009176629808014,0.1,0.1
20690,28,0.0,0.0,0.0,0.0,0.0,0.1,0.09090909090909091,0.07839826897867533,0.03571428571428571,0.1
20698,1,0.0,0.0,0.0,0.0,0.0,0.0,0.0,0.0,0.0,0.0
20702,5,0.0,0.0,0.0,0.0,0.0,0.0,0.0,0.0,0.0,0.0
20707,20,0.2,0.19999999999999998,0.16958010263680803,0.05,0.2,0.2,0.16363636363636364,0.1736666713479918,0.1,0.2
20711,1,0.0,0.0,0.0,0.0,0.0,0.0,0.0,0.0,0.0,0.0
20713,24,0.4,0.6,0.5531464700081437,0.08333333333333333,0.4,0.3,0.41818181818181815,0.43231813227099475,0.125,0.3
20716,7,0.0,0.0,0.0,0.0,0.0,0.0,0.0,0.0,0.0,0.0
20719,1,0.0,0.0,0.0,0.0,0.0,1.0,0.0,0.0,1.0,0.1
20734,25,0.8,0.8000000000000002,0.8304198973631919,0.16,0.8,0.5,0.6545454545454544,0.6122496142821665,0.2,0.5
20735,22,0.4,0.3333333333333333,0.31564845247951445,0.09090909090909091,0.4,0.3,0.32727272727272727,0.27426546945536806,0.13636363636363635,0.3
20737,10,0.2,0.19999999999999998,0.16958010263680803,0.1,0.2,0.1,0.14545454545454548,0.11004588314904007,0.1,0.1
20742,2,0.0,0.0,0.0,0.0,0.0,0.0,0.0,0.0,0.0,0.0
20743,1,1.0,1.0,1.0,1.0,0.2,1.0,1.0,1.0,1.0,0.1
20746,1,0.0,0.0,0.0,0.0,0.0,0.0,0.0,0.0,0.0,0.0
20751,35,0.8,0.8666666666666666,0.8539316501572936,0.11428571428571428,0.8,0.5,0.6909090909090909,0.6325414799409711,0.14285714285714285,0.5
20753,13,0.4,0.3333333333333333,0.31564845247951445,0.15384615384615385,0.4,0.2,0.2727272727272727,0.20483424751859083,0.15384615384615385,0.2
20757,15,0.0,0.0,0.0,0.0,0.0,0.0,0.0,0.0,0.0,0.0
20773,9,0.0,0.0,0.0,0.0,0.0,0.0,0.0,0.0,0.0,0.0
20795,6,0.0,0.0,0.0,0.0,0.0,0.0,0.0,0.0,0.0,0.0
20798,22,0.4,0.5333333333333333,0.5087403079104241,0.09090909090909091,0.4,0.5,0.5272727272727272,0.5481540639795446,0.22727272727272727,0.5
20799,4,0.0,0.0,0.0,0.0,0.0,0.25,0.0,0.0,0.25,0.1
20800,3,0.0,0.0,0.0,0.0,0.0,0.0,0.0,0.0,0.0,0.0
20812,7,0.2,0.3333333333333333,0.33916020527361607,0.14285714285714285,0.2,0.14285714285714285,0.2040816326530612,0.27487633291429087,0.14285714285714285,0.1
20817,5,0.0,0.0,0.0,0.0,0.0,0.4,0.0,0.0,0.4,0.2
20825,14,0.8,0.9333333333333332,0.8687949224876582,0.2857142857142857,0.8,0.5,0.7090909090909091,0.6421867266689009,0.35714285714285715,0.5
20829,5,0.4,0.4666666666666666,0.38356636737133554,0.4,0.4,0.4,0.42500000000000004,0.38356636737133554,0.4,0.2
20836,7,0.2,0.3333333333333333,0.33916020527361607,0.14285714285714285,0.2,0.42857142857142855,0.3061224489795918,0.3727892582642587,0.42857142857142855,0.3
20845,1,0.0,0.0,0.0,0.0,0.0,0.0,0.0,0.0,0.0,0.0
20849,10,0.6,0.6666666666666666,0.6843515475204854,0.3,0.6,0.5,0.5818181818181819,0.586892471849393,0.5,0.5
20851,6,0.2,0.3333333333333333,0.33916020527361607,0.16666666666666666,0.2,0.16666666666666666,0.2222222222222222,0.30260241349881345,0.16666666666666666,0.1
20854,1,0.0,0.0,0.0,0.0,0.0,0.0,0.0,0.0,0.0,0.0
20863,13,0.2,0.06666666666666665,0.13120507751234176,0.07692307692307693,0.2,0.2,0.12727272727272726,0.14876390584057267,0.15384615384615385,0.2
20867,1,0.0,0.0,0.0,0.0,0.0,0.0,0.0,0.0,0.0,0.0
20869,5,0.0,0.0,0.0,0.0,0.0,0.0,0.0,0.0,0.0,0.0
20870,11,0.2,0.19999999999999998,0.16958010263680803,0.09090909090909091,0.2,0.2,0.16363636363636364,0.1736666713479918,0.18181818181818182,0.2
20875,11,0.0,0.0,0.0,0.0,0.0,0.1,0.09090909090909091,0.07839826897867533,0.09090909090909091,0.1
20876,22,0.2,0.26666666666666666,0.2139862647345275,0.045454545454545456,0.2,0.2,0.18181818181818182,0.2024832320725062,0.09090909090909091,0.2
20882,4,0.0,0.0,0.0,0.0,0.0,0.0,0.0,0.0,0.0,0.0
20887,22,0.6,0.46666666666666673,0.4912596920895757,0.13636363636363635,0.6,0.5,0.5636363636363636,0.4705561169627616,0.22727272727272727,0.5
20892,19,0.4,0.5333333333333333,0.5087403079104241,0.10526315789473684,0.4,0.5,0.43636363636363634,0.5294438830372381,0.2631578947368421,0.5
20893,17,0.4,0.5333333333333333,0.5087403079104241,0.11764705882352941,0.4,0.4,0.49090909090909085,0.48189984052515555,0.23529411764705882,0.4
20899,38,0.4,0.4666666666666666,0.48522855511632257,0.05263157894736842,0.4,0.3,0.36363636363636365,0.3843113526044082,0.07894736842105263,0.3
20909,5,0.4,0.6,0.5531464700081437,0.4,0.4,0.4,0.475,0.5531464700081437,0.4,0.2
20911,8,0.2,0.13333333333333333,0.14606834984270645,0.125,0.2,0.25,0.1346153846153846,0.1089364926177559,0.25,0.2
20914,8,0.0,0.0,0.0,0.0,0.0,0.0,0.0,0.0,0.0,0.0
20916,5,0.4,0.6,0.5531464700081437,0.4,0.4,0.4,0.475,0.5531464700081437,0.4,0.2
20917,14,0.6,0.5333333333333333,0.6164336326286642,0.21428571428571427,0.6,0.3,0.41818181818181815,0.4000232483092519,0.21428571428571427,0.3
20921,32,0.2,0.13333333333333333,0.14606834984270645,0.03125,0.2,0.2,0.1636363636363636,0.16104258782393982,0.0625,0.2
20923,10,0.4,0.4666666666666666,0.38356636737133554,0.2,0.4,0.2,0.30909090909090914,0.24890832702259458,0.2,0.2
20925,5,0.2,0.3333333333333333,0.33916020527361607,0.2,0.2,0.2,0.25,0.33916020527361607,0.2,0.1
20926,1,1.0,1.0,1.0,1.0,0.2,1.0,1.0,1.0,1.0,0.1
20935,6,0.2,0.3333333333333333,0.33916020527361607,0.16666666666666666,0.2,0.16666666666666666,0.2222222222222222,0.30260241349881345,0.16666666666666666,0.1
20940,24,0.4,0.5333333333333333,0.5087403079104241,0.08333333333333333,0.4,0.3,0.4,0.40350157154648025,0.125,0.3
20942,2,0.5,0.4444444444444445,0.3868528072345415,0.5,0.2,0.5,0.4736842105263158,0.3868528072345415,0.5,0.1
20949,32,0.6,0.6666666666666666,0.6548086577531306,0.09375,0.6,0.5,0.5454545454545454,0.5606114592078373,0.15625,0.5
20950,49,0.8,0.8666666666666666,0.8539316501572936,0.08163265306122448,0.8,0.8,0.8181818181818182,0.835780413693672,0.16326530612244897,0.8
20951,2,0.5,0.4444444444444445,0.3868528072345415,0.5,0.2,0.5,0.4736842105263158,0.3868528072345415,0.5,0.1
20966,3,0.6666666666666666,0.5833333333333334,0.5307212739772434,0.6666666666666666,0.4,0.6666666666666666,0.6296296296296297,0.5307212739772434,0.6666666666666666,0.2
20968,2,0.5,0.5555555555555556,0.6131471927654584,0.5,0.2,0.5,0.5263157894736842,0.6131471927654584,0.5,0.1
20970,8,0.2,0.26666666666666666,0.2139862647345275,0.125,0.2,0.125,0.17307692307692307,0.1595890771248963,0.125,0.1
20971,12,0.2,0.3333333333333333,0.33916020527361607,0.08333333333333333,0.2,0.1,0.18181818181818182,0.22009176629808014,0.08333333333333333,0.1
20977,12,0.4,0.39999999999999997,0.4703652827859578,0.16666666666666666,0.4,0.2,0.29090909090909095,0.3052348839397011,0.16666666666666666,0.2
20983,6,0.4,0.6,0.5531464700081437,0.3333333333333333,0.4,0.3333333333333333,0.4222222222222222,0.4935232796777481,0.3333333333333333,0.2
20992,29,0.6,0.7333333333333334,0.6992148198508501,0.10344827586206896,0.6,0.5,0.5272727272727272,0.5836175861945262,0.1724137931034483,0.5
20996,8,0.8,0.7333333333333334,0.7860137352654724,0.5,0.8,0.5,0.5961538461538461,0.5862021414044021,0.5,0.4
20999,55,1.0,1.0,1.0,0.09090909090909091,1.0,0.6,0.8,0.7222954974312067,0.10909090909090909,0.6
21001,3,0.0,0.0,0.0,0.0,0.0,0.3333333333333333,0.0,0.0,0.3333333333333333,0.1
21002,26,0.6,0.6666666666666666,0.6548086577531306,0.11538461538461539,0.6,0.7,0.7090909090909091,0.7123736502858726,0.2692307692307692,0.7
21013,3,0.0,0.0,0.0,0.0,0.0,0.0,0.0,0.0,0.0,0.0
21024,55,0.8,0.8000000000000002,0.8304198973631919,0.07272727272727272,0.8,0.9,0.8545454545454544,0.8899541168509599,0.16363636363636364,0.9
21027,9,0.4,0.4666666666666666,0.38356636737133554,0.2222222222222222,0.4,0.3333333333333333,0.37037037037037035,0.3399686205624663,0.3333333333333333,0.3
21028,19,0.6,0.7333333333333334,0.6992148198508501,0.15789473684210525,0.6,0.5,0.6363636363636362,0.6055047656192208,0.2631578947368421,0.5
21030,23,1.0,1.0,1.0,0.21739130434782608,1.0,1.0,1.0,1.0,0.43478260869565216,1.0
21034,3,0.3333333333333333,0.25,0.23463936301137822,0.3333333333333333,0.2,0.3333333333333333,0.2962962962962963,0.23463936301137822,0.3333333333333333,0.1
21037,2,0.5,0.5555555555555556,0.6131471927654584,0.5,0.2,0.5,0.5263157894736842,0.6131471927654584,0.5,0.1
21042,22,0.4,0.3333333333333333,0.34519134224686926,0.09090909090909091,0.4,0.2,0.2727272727272727,0.22400556151517548,0.09090909090909091,0.2
21049,18,0.2,0.3333333333333333,0.33916020527361607,0.05555555555555555,0.2,0.3,0.3090909090909091,0.3647442587311445,0.16666666666666666,0.3
21058,13,0.2,0.3333333333333333,0.33916020527361607,0.07692307692307693,0.2,0.1,0.18181818181818182,0.22009176629808014,0.07692307692307693,0.1
21059,8,0.2,0.3333333333333333,0.33916020527361607,0.125,0.2,0.25,0.28846153846153844,0.34304271142002485,0.25,0.2
21065,6,0.0,0.0,0.0,0.0,0.0,0.0,0.0,0.0,0.0,0.0
21066,4,0.0,0.0,0.0,0.0,0.0,0.0,0.0,0.0,0.0,0.0
21068,19,0.6,0.7999999999999999,0.7227265726449518,0.15789473684210525,0.6,0.4,0.5272727272727273,0.5352543167750639,0.21052631578947367,0.4
21071,2,0.5,0.4444444444444445,0.3868528072345415,0.5,0.2,0.5,0.4736842105263158,0.3868528072345415,0.5,0.1
21086,5,0.4,0.5333333333333333,0.5087403079104241,0.4,0.4,0.6,0.45,0.5087403079104241,0.6,0.3
21087,5,0.2,0.26666666666666666,0.2139862647345275,0.2,0.2,0.2,0.225,0.2139862647345275,0.2,0.1
21088,19,0.4,0.4666666666666666,0.48522855511632257,0.10526315789473684,0.4,0.4,0.4727272727272727,0.4666423217456664,0.21052631578947367,0.4
21093,15,0.6,0.7999999999999999,0.7227265726449518,0.2,0.6,0.4,0.5818181818181819,0.5473983622993501,0.26666666666666666,0.4
21096,54,0.4,0.3333333333333333,0.34519134224686926,0.037037037037037035,0.4,0.2,0.2727272727272727,0.22400556151517548,0.037037037037037035,0.2
21102,26,0.4,0.3333333333333333,0.34519134224686926,0.07692307692307693,0.4,0.4,0.34545454545454546,0.3570575716509044,0.15384615384615385,0.4
21104,26,0.4,0.6,0.5531464700081437,0.07692307692307693,0.4,0.2,0.34545454545454546,0.3589542101716347,0.07692307692307693,0.2
21106,10,0.2,0.19999999999999998,0.16958010263680803,0.1,0.2,0.3,0.23636363636363641,0.2470305934473518,0.3,0.3
21110,27,0.4,0.4666666666666666,0.48522855511632257,0.07407407407407407,0.4,0.3,0.36363636363636365,0.3843113526044082,0.1111111111111111,0.3
21134,4,0.0,0.0,0.0,0.0,0.0,0.0,0.0,0.0,0.0,0.0
21135,33,0.6,0.6666666666666666,0.6548086577531306,0.09090909090909091,0.6,0.7,0.6545454545454545,0.7026305163854644,0.21212121212121213,0.7
21139,3,0.0,0.0,0.0,0.0,0.0,0.0,0.0,0.0,0.0,0.0
21154,1,0.0,0.0,0.0,0.0,0.0,0.0,0.0,0.0,0.0,0.0
21159,5,0.8,0.9333333333333332,0.8687949224876582,0.8,0.8,0.8,0.8500000000000001,0.8687949224876582,0.8,0.4
21160,2,0.5,0.5555555555555556,0.6131471927654584,0.5,0.2,0.5,0.5263157894736842,0.6131471927654584,0.5,0.1
21164,6,0.2,0.3333333333333333,0.33916020527361607,0.16666666666666666,0.2,0.16666666666666666,0.2222222222222222,0.30260241349881345,0.16666666666666666,0.1
21165,30,0.6,0.6,0.529634717214042,0.1,0.6,0.5,0.5818181818181819,0.4915261823075979,0.16666666666666666,0.5
21175,20,0.2,0.26666666666666666,0.2139862647345275,0.05,0.2,0.1,0.16363636363636364,0.1388624438735545,0.05,0.1
21177,10,0.4,0.6,0.5531464700081437,0.2,0.4,0.2,0.34545454545454546,0.3589542101716347,0.2,0.2
21182,1,1.0,0.0,0.0,1.0,0.2,1.0,0.0,0.0,1.0,0.1
21187,21,0.4,0.39999999999999997,0.4703652827859578,0.09523809523809523,0.4,0.3,0.34545454545454546,0.3746661058764783,0.14285714285714285,0.3
21191,1,0.0,0.0,0.0,0.0,0.0,1.0,0.0,0.0,1.0,0.1
21194,1,0.0,0.0,0.0,0.0,0.0,0.0,0.0,0.0,0.0,0.0
21198,4,0.25,0.28571428571428575,0.2463023887407299,0.25,0.2,0.5,0.2647058823529412,0.2463023887407299,0.5,0.2
21210,8,0.0,0.0,0.0,0.0,0.0,0.0,0.0,0.0,0.0,0.0
21214,13,0.0,0.0,0.0,0.0,0.0,0.0,0.0,0.0,0.0,0.0
21216,29,0.2,0.3333333333333333,0.33916020527361607,0.034482758620689655,0.2,0.3,0.2727272727272727,0.3570764765963919,0.10344827586206896,0.3
21218,3,0.3333333333333333,0.4166666666666667,0.46927872602275644,0.3333333333333333,0.2,0.6666666666666666,0.37037037037037035,0.46927872602275644,0.6666666666666666,0.2
21220,14,0.2,0.06666666666666665,0.13120507751234176,0.07142857142857142,0.2,0.3,0.18181818181818182,0.21819512777734992,0.21428571428571427,0.3
21222,11,0.6,0.39999999999999997,0.4468535299918562,0.2727272727272727,0.6,0.3,0.38181818181818183,0.28997736516021183,0.2727272727272727,0.3
21224,31,0.2,0.3333333333333333,0.33916020527361607,0.03225806451612903,0.2,0.2,0.21818181818181817,0.28634598975246917,0.06451612903225806,0.2
21234,4,0.5,0.6428571428571429,0.6366824387328316,0.5,0.4,0.5,0.5588235294117646,0.6366824387328316,0.5,0.2
21239,2,1.0,1.0,1.0,1.0,0.4,1.0,1.0,1.0,1.0,0.2
21240,4,0.0,0.0,0.0,0.0,0.0,0.0,0.0,0.0,0.0,0.0
21244,3,0.0,0.0,0.0,0.0,0.0,0.0,0.0,0.0,0.0,0.0
21245,21,0.6,0.7333333333333334,0.6992148198508501,0.14285714285714285,0.6,0.3,0.47272727272727266,0.4537425745411855,0.14285714285714285,0.3
21246,8,0.4,0.4000000000000001,0.3600546145772339,0.25,0.4,0.375,0.40384615384615385,0.35862557839501985,0.375,0.3
21261,4,0.0,0.0,0.0,0.0,0.0,0.0,0.0,0.0,0.0,0.0
21262,5,0.2,0.26666666666666666,0.2139862647345275,0.2,0.2,0.4,0.225,0.2139862647345275,0.4,0.2
21266,2,0.0,0.0,0.0,0.0,0.0,0.0,0.0,0.0,0.0,0.0
21270,6,0.2,0.26666666666666666,0.2139862647345275,0.16666666666666666,0.2,0.3333333333333333,0.2,0.1909208661789346,0.3333333333333333,0.2
21271,2,0.0,0.0,0.0,0.0,0.0,0.0,0.0,0.0,0.0,0.0
21284,17,0.6,0.7333333333333334,0.6992148198508501,0.17647058823529413,0.6,0.4,0.5454545454545454,0.5271064966405455,0.23529411764705882,0.4
21299,3,0.6666666666666666,0.6666666666666667,0.7039180890341346,0.6666666666666666,0.4,0.6666666666666666,0.6666666666666666,0.7039180890341346,0.6666666666666666,0.2
21302,4,0.5,0.5,0.5585075862632192,0.5,0.4,0.5,0.49999999999999994,0.5585075862632192,0.5,0.2
21306,1,0.0,0.0,0.0,0.0,0.0,0.0,0.0,0.0,0.0,0.0
21307,5,0.2,0.3333333333333333,0.33916020527361607,0.2,0.2,0.2,0.25,0.33916020527361607,0.2,0.1
21308,8,0.0,0.0,0.0,0.0,0.0,0.0,0.0,0.0,0.0,0.0
21310,32,0.2,0.19999999999999998,0.16958010263680803,0.03125,0.2,0.2,0.18181818181818182,0.1763001066034291,0.0625,0.2
21313,35,1.0,1.0,1.0,0.14285714285714285,1.0,0.7,0.8363636363636364,0.7885497208855957,0.2,0.7
21321,4,0.0,0.0,0.0,0.0,0.0,0.0,0.0,0.0,0.0,0.0
21330,4,0.0,0.0,0.0,0.0,0.0,0.25,0.0,0.0,0.25,0.1
21333,7,0.0,0.0,0.0,0.0,0.0,0.0,0.0,0.0,0.0,0.0
21340,4,0.0,0.0,0.0,0.0,0.0,0.0,0.0,0.0,0.0,0.0
21343,2,0.5,0.5555555555555556,0.6131471927654584,0.5,0.2,0.5,0.5263157894736842,0.6131471927654584,0.5,0.1
21349,3,0.0,0.0,0.0,0.0,0.0,0.0,0.0,0.0,0.0,0.0
21353,21,0.8,0.8000000000000002,0.8304198973631919,0.19047619047619047,0.8,0.6,0.6545454545454545,0.6719377023185354,0.2857142857142857,0.6
21361,10,0.2,0.19999999999999998,0.16958010263680803,0.1,0.2,0.3,0.27272727272727276,0.25284102718517737,0.3,0.3
21365,4,0.0,0.0,0.0,0.0,0.0,0.0,0.0,0.0,0.0,0.0
21381,4,0.0,0.0,0.0,0.0,0.0,0.0,0.0,0.0,0.0,0.0
21391,1,0.0,0.0,0.0,0.0,0.0,0.0,0.0,0.0,0.0,0.0
21399,1,0.0,0.0,0.0,0.0,0.0,0.0,0.0,0.0,0.0,0.0
21400,14,0.8,0.8666666666666666,0.8539316501572936,0.2857142857142857,0.8,0.4,0.6000000000000001,0.5541432109622958,0.2857142857142857,0.4
21401,10,0.6,0.7333333333333334,0.6992148198508501,0.3,0.6,0.3,0.47272727272727266,0.4537425745411855,0.3,0.3
21405,34,0.2,0.3333333333333333,0.33916020527361607,0.029411764705882353,0.2,0.2,0.21818181818181817,0.28634598975246917,0.058823529411764705,0.2
21411,15,0.4,0.3333333333333333,0.31564845247951445,0.13333333333333333,0.4,0.3,0.3090909090909091,0.27108847097297983,0.2,0.3
21419,16,0.4,0.4000000000000001,0.3600546145772339,0.125,0.4,0.2,0.29090909090909095,0.23365080824310527,0.125,0.2
21423,20,0.2,0.3333333333333333,0.33916020527361607,0.05,0.2,0.1,0.18181818181818182,0.22009176629808014,0.05,0.1
21430,17,0.4,0.6,0.5531464700081437,0.11764705882352941,0.4,0.5,0.49090909090909085,0.5653701424067237,0.29411764705882354,0.5
21433,5,0.0,0.0,0.0,0.0,0.0,0.0,0.0,0.0,0.0,0.0
21440,11,0.6,0.7333333333333334,0.6992148198508501,0.2727272727272727,0.6,0.4,0.5454545454545454,0.5271064966405455,0.36363636363636365,0.4
21441,1,0.0,0.0,0.0,0.0,0.0,0.0,0.0,0.0,0.0,0.0
21444,2,0.0,0.0,0.0,0.0,0.0,0.0,0.0,0.0,0.0,0.0
21446,9,0.2,0.3333333333333333,0.33916020527361607,0.1111111111111111,0.2,0.1111111111111111,0.18518518518518517,0.23504554941448538,0.1111111111111111,0.1
21447,21,0.4,0.4666666666666666,0.48522855511632257,0.09523809523809523,0.4,0.3,0.4,0.3932783996463063,0.14285714285714285,0.3
21448,3,0.0,0.0,0.0,0.0,0.0,0.3333333333333333,0.0,0.0,0.3333333333333333,0.1
21449,7,0.2,0.3333333333333333,0.33916020527361607,0.14285714285714285,0.2,0.14285714285714285,0.2040816326530612,0.27487633291429087,0.14285714285714285,0.1
21461,17,0.8,0.7333333333333334,0.7860137352654724,0.23529411764705882,0.8,0.7,0.7454545454545456,0.7241528458281336,0.4117647058823529,0.7
21469,5,0.0,0.0,0.0,0.0,0.0,0.0,0.0,0.0,0.0,0.0
21472,40,0.2,0.26666666666666666,0.2139862647345275,0.025,0.2,0.3,0.2909090909090909,0.28351493630661884,0.075,0.3
21477,36,1.0,1.0,1.0,0.1388888888888889,1.0,0.7,0.890909090909091,0.800693766409882,0.19444444444444445,0.7
21479,15,0.6,0.7333333333333334,0.6992148198508501,0.2,0.6,0.3,0.47272727272727266,0.4537425745411855,0.2,0.3
21480,2,0.0,0.0,0.0,0.0,0.0,0.0,0.0,0.0,0.0,0.0
21481,4,0.25,0.28571428571428575,0.2463023887407299,0.25,0.2,0.5,0.2647058823529412,0.2463023887407299,0.5,0.2
21486,9,0.4,0.4000000000000001,0.3600546145772339,0.2222222222222222,0.4,0.4444444444444444,0.40740740740740744,0.398630115975025,0.4444444444444444,0.4
21493,25,0.4,0.5333333333333333,0.5087403079104241,0.08,0.4,0.2,0.32727272727272727,0.3301376494471202,0.08,0.2
21499,15,0.4,0.6,0.5531464700081437,0.13333333333333333,0.4,0.5,0.49090909090909085,0.5653701424067237,0.3333333333333333,0.5
21503,8,0.0,0.0,0.0,0.0,0.0,0.125,0.09615384615384615,0.0901000086523677,0.125,0.1
21519,56,0.2,0.3333333333333333,0.33916020527361607,0.017857142857142856,0.2,0.4,0.3818181818181818,0.43810818083050457,0.07142857142857142,0.4
21520,2,0.0,0.0,0.0,0.0,0.0,0.0,0.0,0.0,0.0,0.0
21521,11,0.6,0.5333333333333333,0.6164336326286642,0.2727272727272727,0.6,0.5,0.5636363636363636,0.5478527392247045,0.45454545454545453,0.5
21530,4,0.25,0.35714285714285715,0.39038004999210163,0.25,0.2,0.25,0.2941176470588235,0.39038004999210163,0.25,0.1
21531,7,0.4,0.6,0.5531464700081437,0.2857142857142857,0.4,0.42857142857142855,0.48979591836734687,0.546216915252498,0.42857142857142855,0.3
21533,26,0.2,0.19999999999999998,0.16958010263680803,0.038461538461538464,0.2,0.1,0.14545454545454548,0.11004588314904007,0.038461538461538464,0.1
21534,30,0.8,0.7333333333333334,0.7860137352654724,0.13333333333333333,0.8,0.5,0.5818181818181819,0.5736899196572437,0.16666666666666666,0.5
21539,3,0.3333333333333333,0.4166666666666667,0.46927872602275644,0.3333333333333333,0.2,0.3333333333333333,0.37037037037037035,0.46927872602275644,0.3333333333333333,0.1
21542,14,0.2,0.3333333333333333,0.33916020527361607,0.07142857142857142,0.2,0.2,0.2,0.2837125544970318,0.14285714285714285,0.2
21552,3,0.0,0.0,0.0,0.0,0.0,0.0,0.0,0.0,0.0,0.0
21553,12,0.4,0.4000000000000001,0.3600546145772339,0.16666666666666666,0.4,0.2,0.29090909090909095,0.23365080824310527,0.16666666666666666,0.2
21575,16,0.6,0.6,0.529634717214042,0.1875,0.6,0.4,0.5090909090909091,0.4170606134915054,0.25,0.4
21577,8,0.0,0.0,0.0,0.0,0.0,0.125,0.07692307692307693,0.08431423425588572,0.125,0.1
21590,3,0.0,0.0,0.0,0.0,0.0,0.0,0.0,0.0,0.0,0.0
21592,3,0.3333333333333333,0.4166666666666667,0.46927872602275644,0.3333333333333333,0.2,0.3333333333333333,0.37037037037037035,0.46927872602275644,0.3333333333333333,0.1
21596,9,0.2,0.3333333333333333,0.33916020527361607,0.1111111111111111,0.2,0.1111111111111111,0.18518518518518517,0.23504554941448538,0.1111111111111111,0.1
21598,10,0.0,0.0,0.0,0.0,0.0,0.2,0.07272727272727274,0.13305201013572895,0.2,0.2
21599,6,0.2,0.19999999999999998,0.16958010263680803,0.16666666666666666,0.2,0.16666666666666666,0.17777777777777778,0.15130120674940672,0.16666666666666666,0.1
21601,8,0.2,0.3333333333333333,0.33916020527361607,0.125,0.2,0.25,0.25,0.3327372413301053,0.25,0.2
21603,26,0.0,0.0,0.0,0.0,0.0,0.1,0.036363636363636355,0.06625422345438903,0.038461538461538464,0.1
21605,4,0.0,0.0,0.0,0.0,0.0,0.0,0.0,0.0,0.0,0.0
21606,6,0.2,0.3333333333333333,0.33916020527361607,0.16666666666666666,0.2,0.16666666666666666,0.2222222222222222,0.30260241349881345,0.16666666666666666,0.1
21618,6,0.2,0.13333333333333333,0.14606834984270645,0.16666666666666666,0.2,0.16666666666666666,0.15555555555555556,0.13032376591037065,0.16666666666666666,0.1
21630,11,0.4,0.4666666666666666,0.48522855511632257,0.18181818181818182,0.4,0.2,0.3090909090909091,0.31488013066763093,0.18181818181818182,0.2
21631,5,0.2,0.26666666666666666,0.2139862647345275,0.2,0.2,0.2,0.225,0.2139862647345275,0.2,0.1
21632,2,0.0,0.0,0.0,0.0,0.0,0.0,0.0,0.0,0.0,0.0
21643,27,0.6,0.7333333333333334,0.6992148198508501,0.1111111111111111,0.6,0.4,0.5454545454545454,0.5271064966405455,0.14814814814814814,0.4
21646,3,0.3333333333333333,0.25,0.23463936301137822,0.3333333333333333,0.2,0.3333333333333333,0.2962962962962963,0.23463936301137822,0.3333333333333333,0.1
21652,4,0.25,0.28571428571428575,0.2463023887407299,0.25,0.2,1.0,0.2647058823529412,0.2463023887407299,1.0,0.4
21653,15,0.4,0.5333333333333333,0.5087403079104241,0.13333333333333333,0.4,0.4,0.49090909090909085,0.48189984052515555,0.26666666666666666,0.4
21654,23,0.2,0.3333333333333333,0.33916020527361607,0.043478260869565216,0.2,0.1,0.18181818181818182,0.22009176629808014,0.043478260869565216,0.1
21661,2,0.0,0.0,0.0,0.0,0.0,0.0,0.0,0.0,0.0,0.0
21666,7,0.2,0.3333333333333333,0.33916020527361607,0.14285714285714285,0.2,0.14285714285714285,0.2040816326530612,0.27487633291429087,0.14285714285714285,0.1
21670,10,0.0,0.0,0.0,0.0,0.0,0.0,0.0,0.0,0.0,0.0
21691,2,0.0,0.0,0.0,0.0,0.0,0.0,0.0,0.0,0.0,0.0
21704,4,0.25,0.35714285714285715,0.39038004999210163,0.25,0.2,0.25,0.2941176470588235,0.39038004999210163,0.25,0.1
21705,5,0.2,0.3333333333333333,0.33916020527361607,0.2,0.2,0.2,0.25,0.33916020527361607,0.2,0.1
21710,14,0.0,0.0,0.0,0.0,0.0,0.1,0.07272727272727274,0.07336392209936006,0.07142857142857142,0.1
21714,1,0.0,0.0,0.0,0.0,0.0,0.0,0.0,0.0,0.0,0.0
21721,1,0.0,0.0,0.0,0.0,0.0,0.0,0.0,0.0,0.0,0.0
21730,3,0.0,0.0,0.0,0.0,0.0,0.0,0.0,0.0,0.0,0.0
21743,1,0.0,0.0,0.0,0.0,0.0,0.0,0.0,0.0,0.0,0.0
21746,33,0.8,0.9333333333333332,0.8687949224876582,0.12121212121212122,0.8,0.7,0.8363636363636364,0.7849818707050382,0.21212121212121213,0.7
21747,2,0.5,0.0,0.0,0.5,0.2,0.5,0.0,0.0,0.5,0.1
21755,28,0.4,0.4000000000000001,0.3600546145772339,0.07142857142857142,0.4,0.3,0.30909090909090914,0.2972715964420569,0.10714285714285714,0.3
21756,12,0.2,0.26666666666666666,0.2139862647345275,0.08333333333333333,0.2,0.2,0.2,0.2051166673279435,0.16666666666666666,0.2
21758,48,0.4,0.39999999999999997,0.4703652827859578,0.041666666666666664,0.4,0.4,0.38181818181818183,0.4422195942380128,0.08333333333333333,0.4
21759,12,0.0,0.0,0.0,0.0,0.0,0.0,0.0,0.0,0.0,0.0
21764,1,0.0,0.0,0.0,0.0,0.0,0.0,0.0,0.0,0.0,0.0
21772,1,1.0,1.0,1.0,1.0,0.2,1.0,1.0,1.0,1.0,0.1
21779,23,0.4,0.4666666666666666,0.48522855511632257,0.08695652173913043,0.4,0.2,0.3090909090909091,0.31488013066763093,0.08695652173913043,0.2
21783,23,0.6,0.6,0.529634717214042,0.13043478260869565,0.6,0.3,0.43636363636363645,0.34369669139214537,0.13043478260869565,0.3
21788,2,0.0,0.0,0.0,0.0,0.0,0.0,0.0,0.0,0.0,0.0
21789,20,0.2,0.3333333333333333,0.33916020527361607,0.05,0.2,0.1,0.18181818181818182,0.22009176629808014,0.05,0.1
21793,9,0.2,0.19999999999999998,0.16958010263680803,0.1111111111111111,0.2,0.2222222222222222,0.20370370370370372,0.19167138999231723,0.2222222222222222,0.2
21796,10,0.0,0.0,0.0,0.0,0.0,0.1,0.018181818181818177,0.0636207881989517,0.1,0.1
21798,1,1.0,1.0,1.0,1.0,0.2,1.0,1.0,1.0,1.0,0.1
21825,4,0.25,0.28571428571428575,0.2463023887407299,0.25,0.2,0.5,0.2647058823529412,0.2463023887407299,0.5,0.2
21831,19,0.2,0.13333333333333333,0.14606834984270645,0.05263157894736842,0.2,0.3,0.29090909090909095,0.24655055544758617,0.15789473684210525,0.3
21832,41,1.0,1.0,1.0,0.12195121951219512,1.0,0.7,0.8545454545454546,0.7917267193679839,0.17073170731707318,0.7
21833,1,0.0,0.0,0.0,0.0,0.0,0.0,0.0,0.0,0.0,0.0
21836,10,0.2,0.13333333333333333,0.14606834984270645,0.1,0.2,0.1,0.12727272727272726,0.09478836436955078,0.1,0.1
21838,18,0.4,0.3333333333333333,0.31564845247951445,0.1111111111111111,0.4,0.3,0.32727272727272727,0.27426546945536806,0.16666666666666666,0.3
21839,19,0.4,0.4666666666666666,0.38356636737133554,0.10526315789473684,0.4,0.3,0.34545454545454546,0.3151625504769836,0.15789473684210525,0.3
21843,29,0.6,0.6,0.6399453854227659,0.10344827586206896,0.6,0.6,0.6545454545454544,0.6364741801035538,0.20689655172413793,0.6
21844,6,0.4,0.19999999999999998,0.2772734273550482,0.3333333333333333,0.4,0.3333333333333333,0.28888888888888886,0.24738635904833414,0.3333333333333333,0.2
21853,9,0.2,0.3333333333333333,0.33916020527361607,0.1111111111111111,0.2,0.2222222222222222,0.27777777777777773,0.3187704634136788,0.2222222222222222,0.2
21855,13,0.4,0.4666666666666666,0.38356636737133554,0.15384615384615385,0.4,0.2,0.30909090909090914,0.24890832702259458,0.15384615384615385,0.2
21859,15,0.0,0.0,0.0,0.0,0.0,0.1,0.05454545454545456,0.06943122193677725,0.06666666666666667,0.1
21875,18,0.8,0.9333333333333332,0.8687949224876582,0.2222222222222222,0.8,0.7,0.7818181818181817,0.7752387368046298,0.3888888888888889,0.7
21876,9,0.2,0.06666666666666665,0.13120507751234176,0.1111111111111111,0.2,0.2222222222222222,0.20370370370370372,0.1746529446181723,0.2222222222222222,0.2
21880,14,0.2,0.13333333333333333,0.14606834984270645,0.07142857142857142,0.2,0.1,0.12727272727272726,0.09478836436955078,0.07142857142857142,0.1
21881,27,1.0,1.0,1.0,0.18518518518518517,1.0,0.8,0.8727272727272727,0.8553475075669357,0.2962962962962963,0.8
21882,26,0.2,0.3333333333333333,0.33916020527361607,0.038461538461538464,0.2,0.2,0.2727272727272727,0.2984900352767555,0.07692307692307693,0.2
21886,1,1.0,1.0,1.0,1.0,0.2,1.0,1.0,1.0,1.0,0.1
21892,26,0.8,0.8000000000000002,0.8304198973631919,0.15384615384615385,0.8,0.7,0.7454545454545454,0.7479350596733328,0.2692307692307692,0.7
21903,10,0.2,0.3333333333333333,0.33916020527361607,0.1,0.2,0.1,0.18181818181818182,0.22009176629808014,0.1,0.1
21904,9,0.2,0.26666666666666666,0.2139862647345275,0.1111111111111111,0.2,0.2222222222222222,0.25925925925925924,0.23202214456934253,0.2222222222222222,0.2
21912,24,0.6,0.6,0.529634717214042,0.125,0.6,0.4,0.47272727272727283,0.4099509148465344,0.16666666666666666,0.4
21918,2,0.0,0.0,0.0,0.0,0.0,0.0,0.0,0.0,0.0,0.0
21919,74,1.0,1.0,1.0,0.06756756756756757,1.0,0.9,0.9090909090909091,0.9216017310213247,0.12162162162162163,0.9
21920,44,0.6,0.6,0.6399453854227659,0.06818181818181818,0.6,0.6,0.6,0.6243301345792676,0.13636363636363635,0.6
21922,14,0.2,0.3333333333333333,0.33916020527361607,0.07142857142857142,0.2,0.2,0.21818181818181817,0.28634598975246917,0.14285714285714285,0.2
21926,10,0.2,0.3333333333333333,0.33916020527361607,0.1,0.2,0.1,0.18181818181818182,0.22009176629808014,0.1,0.1
21927,27,0.2,0.3333333333333333,0.33916020527361607,0.037037037037037035,0.2,0.2,0.2545454545454545,0.29345568839744024,0.07407407407407407,0.2
21934,54,0.4,0.39999999999999997,0.4703652827859578,0.037037037037037035,0.4,0.4,0.4,0.4472539411173281,0.07407407407407407,0.4
21935,8,0.4,0.39999999999999997,0.4703652827859578,0.25,0.4,0.25,0.3076923076923077,0.35079429740281753,0.25,0.2
21936,11,0.4,0.6,0.5531464700081437,0.18181818181818182,0.4,0.3,0.3818181818181818,0.42520843362602373,0.2727272727272727,0.3
21938,6,0.2,0.26666666666666666,0.2139862647345275,0.16666666666666666,0.2,0.16666666666666666,0.2,0.1909208661789346,0.16666666666666666,0.1
21940,12,0.2,0.3333333333333333,0.33916020527361607,0.08333333333333333,0.2,0.1,0.18181818181818182,0.22009176629808014,0.08333333333333333,0.1
21943,17,0.6,0.6,0.529634717214042,0.17647058823529413,0.6,0.4,0.5090909090909091,0.4170606134915054,0.23529411764705882,0.4
21950,4,0.0,0.0,0.0,0.0,0.0,0.0,0.0,0.0,0.0,0.0
21984,18,0.0,0.0,0.0,0.0,0.0,0.1,0.09090909090909091,0.07839826897867533,0.05555555555555555,0.1
21990,4,0.25,0.35714285714285715,0.39038004999210163,0.25,0.2,0.25,0.2941176470588235,0.39038004999210163,0.25,0.1
21991,5,0.4,0.6,0.5531464700081437,0.4,0.4,0.4,0.475,0.5531464700081437,0.4,0.2
22000,37,0.6,0.6666666666666666,0.6843515475204854,0.08108108108108109,0.6,0.4,0.5454545454545454,0.522495596791931,0.10810810810810811,0.4
22006,4,0.25,0.35714285714285715,0.39038004999210163,0.25,0.2,0.25,0.2941176470588235,0.39038004999210163,0.25,0.1
22007,10,0.2,0.13333333333333333,0.14606834984270645,0.1,0.2,0.1,0.12727272727272726,0.09478836436955078,0.1,0.1
22013,12,0.4,0.5333333333333333,0.5087403079104241,0.16666666666666666,0.4,0.2,0.32727272727272727,0.3301376494471202,0.16666666666666666,0.2
22022,1,0.0,0.0,0.0,0.0,0.0,0.0,0.0,0.0,0.0,0.0
22031,16,0.0,0.0,0.0,0.0,0.0,0.1,0.05454545454545456,0.06943122193677725,0.0625,0.1
22032,10,0.0,0.0,0.0,0.0,0.0,0.0,0.0,0.0,0.0,0.0
22037,8,0.0,0.0,0.0,0.0,0.0,0.0,0.0,0.0,0.0,0.0
22045,26,0.8,0.9333333333333332,0.8687949224876582,0.15384615384615385,0.8,0.7,0.781818181818182,0.772837825180752,0.2692307692307692,0.7
22048,16,0.4,0.6,0.5531464700081437,0.125,0.4,0.3,0.41818181818181815,0.43231813227099475,0.1875,0.3
22053,32,0.2,0.26666666666666666,0.2139862647345275,0.03125,0.2,0.2,0.2545454545454545,0.21726071285222984,0.0625,0.2
22056,25,1.0,1.0,1.0,0.2,1.0,0.8,0.8545454545454546,0.8521705090845475,0.32,0.8
22062,13,0.0,0.0,0.0,0.0,0.0,0.0,0.0,0.0,0.0,0.0
22070,4,0.25,0.35714285714285715,0.39038004999210163,0.25,0.2,0.25,0.2941176470588235,0.39038004999210163,0.25,0.1
22079,13,0.8,0.9333333333333332,0.8687949224876582,0.3076923076923077,0.8,0.5,0.6909090909090909,0.6371523797895856,0.38461538461538464,0.5
22084,2,0.5,0.5555555555555556,0.6131471927654584,0.5,0.2,0.5,0.5263157894736842,0.6131471927654584,0.5,0.1
22090,2,0.0,0.0,0.0,0.0,0.0,0.0,0.0,0.0,0.0,0.0
22097,2,0.0,0.0,0.0,0.0,0.0,0.0,0.0,0.0,0.0,0.0
22104,4,0.0,0.0,0.0,0.0,0.0,0.0,0.0,0.0,0.0,0.0
22106,40,0.6,0.6666666666666666,0.6843515475204854,0.075,0.6,0.5,0.6181818181818182,0.5958595188912911,0.125,0.5
22107,7,0.2,0.3333333333333333,0.33916020527361607,0.14285714285714285,0.2,0.14285714285714285,0.2040816326530612,0.27487633291429087,0.14285714285714285,0.1
22110,8,0.4,0.4666666666666666,0.48522855511632257,0.25,0.4,0.25,0.3269230769230769,0.3618791953854131,0.25,0.2
22111,13,0.2,0.3333333333333333,0.33916020527361607,0.07692307692307693,0.2,0.1,0.18181818181818182,0.22009176629808014,0.07692307692307693,0.1
22114,26,0.8,0.6666666666666666,0.6608397947263838,0.15384615384615385,0.8,0.6,0.6545454545454547,0.5684579545875155,0.23076923076923078,0.6
22115,14,0.4,0.5333333333333333,0.5087403079104241,0.14285714285714285,0.4,0.4,0.43636363636363634,0.4721567066247472,0.2857142857142857,0.4
22116,1,0.0,0.0,0.0,0.0,0.0,0.0,0.0,0.0,0.0,0.0
22123,2,0.5,0.5555555555555556,0.6131471927654584,0.5,0.2,1.0,0.5263157894736842,0.6131471927654584,1.0,0.2
22124,22,0.6,0.46666666666666673,0.4912596920895757,0.13636363636363635,0.6,0.5,0.5454545454545454,0.4666234168001788,0.22727272727272727,0.5
22135,1,0.0,0.0,0.0,0.0,0.0,0.0,0.0,0.0,0.0,0.0
22144,11,0.2,0.3333333333333333,0.33916020527361607,0.09090909090909091,0.2,0.1,0.18181818181818182,0.22009176629808014,0.09090909090909091,0.1
22152,2,0.0,0.0,0.0,0.0,0.0,0.0,0.0,0.0,0.0,0.0
22160,8,0.6,0.6,0.6399453854227659,0.375,0.6,0.5,0.5576923076923077,0.5673656574390138,0.5,0.4
22161,29,0.8,0.9333333333333332,0.8687949224876582,0.13793103448275862,0.8,0.9,0.890909090909091,0.914856882358379,0.3103448275862069,0.9
22162,23,0.8,0.7333333333333334,0.7860137352654724,0.17391304347826086,0.8,0.6,0.6545454545454545,0.6470538417566039,0.2608695652173913,0.6
22173,18,0.4,0.4666666666666666,0.48522855511632257,0.1111111111111111,0.4,0.2,0.3090909090909091,0.31488013066763093,0.1111111111111111,0.2
22177,7,0.2,0.3333333333333333,0.33916020527361607,0.14285714285714285,0.2,0.2857142857142857,0.2040816326530612,0.27487633291429087,0.2857142857142857,0.2
22180,2,0.5,0.0,0.0,0.5,0.2,1.0,0.0,0.0,1.0,0.2
22182,4,0.0,0.0,0.0,0.0,0.0,0.25,0.0,0.0,0.25,0.1
22187,30,0.6,0.6666666666666666,0.6843515475204854,0.1,0.6,0.6,0.6363636363636364,0.6581810421830973,0.2,0.6
22188,5,0.0,0.0,0.0,0.0,0.0,0.0,0.0,0.0,0.0,0.0
22192,13,0.2,0.13333333333333333,0.14606834984270645,0.07692307692307693,0.2,0.2,0.21818181818181817,0.1731866333482261,0.15384615384615385,0.2
22201,3,0.3333333333333333,0.25,0.23463936301137822,0.3333333333333333,0.2,0.3333333333333333,0.2962962962962963,0.23463936301137822,0.3333333333333333,0.1
22205,4,0.0,0.0,0.0,0.0,0.0,0.25,0.0,0.0,0.25,0.1
22216,7,0.4,0.5333333333333333,0.5087403079104241,0.2857142857142857,0.4,0.5714285714285714,0.4693877551020407,0.510227424721404,0.5714285714285714,0.4
22217,6,0.0,0.0,0.0,0.0,0.0,0.0,0.0,0.0,0.0,0.0
22218,3,0.3333333333333333,0.0,0.0,0.3333333333333333,0.2,0.3333333333333333,0.0,0.0,0.3333333333333333,0.1
22222,1,0.0,0.0,0.0,0.0,0.0,0.0,0.0,0.0,0.0,0.0
22226,19,0.4,0.4666666666666666,0.48522855511632257,0.10526315789473684,0.4,0.2,0.3090909090909091,0.31488013066763093,0.10526315789473684,0.2
22229,1,1.0,1.0,1.0,1.0,0.2,1.0,1.0,1.0,1.0,0.1
22231,13,0.0,0.0,0.0,0.0,0.0,0.0,0.0,0.0,0.0,0.0
22234,9,0.0,0.0,0.0,0.0,0.0,0.1111111111111111,0.05555555555555556,0.07414861528507453,0.1111111111111111,0.1
22239,2,0.5,0.4444444444444445,0.3868528072345415,0.5,0.2,0.5,0.4736842105263158,0.3868528072345415,0.5,0.1
22242,18,0.6,0.6666666666666666,0.6843515475204854,0.16666666666666666,0.6,0.4,0.5272727272727272,0.5174612499126158,0.2222222222222222,0.4
22246,1,1.0,1.0,1.0,1.0,0.2,1.0,1.0,1.0,1.0,0.1
22247,2,0.0,0.0,0.0,0.0,0.0,0.0,0.0,0.0,0.0,0.0
22257,2,0.5,0.0,0.0,0.5,0.2,0.5,0.0,0.0,0.5,0.1
22260,33,0.8,0.8666666666666666,0.8539316501572936,0.12121212121212122,0.8,0.7,0.7636363636363637,0.7655934900767001,0.21212121212121213,0.7
22271,1,0.0,0.0,0.0,0.0,0.0,1.0,0.0,0.0,1.0,0.1
22273,8,0.0,0.0,0.0,0.0,0.0,0.0,0.0,0.0,0.0,0.0
22276,1,0.0,0.0,0.0,0.0,0.0,0.0,0.0,0.0,0.0,0.0
22278,4,0.25,0.28571428571428575,0.2463023887407299,0.25,0.2,0.25,0.2647058823529412,0.2463023887407299,0.25,0.1
22289,16,0.6,0.6666666666666666,0.6548086577531306,0.1875,0.6,0.5,0.5818181818181819,0.5695785062497354,0.3125,0.5
22303,2,0.0,0.0,0.0,0.0,0.0,0.5,0.0,0.0,0.5,0.1
22305,5,0.0,0.0,0.0,0.0,0.0,0.2,0.0,0.0,0.2,0.1
22309,1,0.0,0.0,0.0,0.0,0.0,0.0,0.0,0.0,0.0,0.0
22312,41,0.8,0.8000000000000002,0.8304198973631919,0.0975609756097561,0.8,0.8,0.818181818181818,0.8236998933965708,0.1951219512195122,0.8
22313,5,0.2,0.3333333333333333,0.33916020527361607,0.2,0.2,0.2,0.25,0.33916020527361607,0.2,0.1
22315,20,1.0,1.0,1.0,0.25,1.0,0.6,0.8181818181818182,0.727329844310522,0.3,0.6
22320,25,0.4,0.6,0.5531464700081437,0.08,0.4,0.5,0.5272727272727273,0.5730379245414763,0.2,0.5
22350,18,0.2,0.3333333333333333,0.33916020527361607,0.05555555555555555,0.2,0.2,0.2727272727272727,0.2984900352767555,0.1111111111111111,0.2
22363,29,1.0,1.0,1.0,0.1724137931034483,1.0,0.8,0.9090909090909091,0.8643145546088338,0.27586206896551724,0.8
22367,84,0.8,0.7333333333333334,0.7860137352654724,0.047619047619047616,0.8,0.4,0.5636363636363636,0.510069131458292,0.047619047619047616,0.4
22372,34,0.8,0.9333333333333332,0.8687949224876582,0.11764705882352941,0.8,0.7,0.781818181818182,0.772837825180752,0.20588235294117646,0.7
22375,10,0.0,0.0,0.0,0.0,0.0,0.0,0.0,0.0,0.0,0.0
22382,19,0.2,0.13333333333333333,0.14606834984270645,0.05263157894736842,0.2,0.1,0.12727272727272726,0.09478836436955078,0.05263157894736842,0.1
22383,32,0.2,0.3333333333333333,0.33916020527361607,0.03125,0.2,0.2,0.21818181818181817,0.28634598975246917,0.0625,0.2
22390,5,0.2,0.19999999999999998,0.16958010263680803,0.2,0.2,0.2,0.2,0.16958010263680803,0.2,0.1
22393,9,0.6,0.5333333333333333,0.6164336326286642,0.3333333333333333,0.6,0.5555555555555556,0.5555555555555555,0.579699320002334,0.5555555555555556,0.5
22394,12,0.0,0.0,0.0,0.0,0.0,0.1,0.036363636363636355,0.06625422345438903,0.08333333333333333,0.1
22399,5,0.0,0.0,0.0,0.0,0.0,0.0,0.0,0.0,0.0,0.0
22402,11,0.4,0.6,0.5531464700081437,0.18181818181818182,0.4,0.2,0.34545454545454546,0.3589542101716347,0.18181818181818182,0.2
22407,1,0.0,0.0,0.0,0.0,0.0,0.0,0.0,0.0,0.0,0.0
22408,20,0.6,0.46666666666666673,0.4912596920895757,0.15,0.6,0.3,0.4,0.31879392588472627,0.15,0.3
22411,1,0.0,0.0,0.0,0.0,0.0,0.0,0.0,0.0,0.0,0.0
22413,12,0.0,0.0,0.0,0.0,0.0,0.1,0.09090909090909091,0.07839826897867533,0.08333333333333333,0.1
22423,14,0.2,0.3333333333333333,0.33916020527361607,0.07142857142857142,0.2,0.3,0.34545454545454546,0.37185395737611554,0.21428571428571427,0.3
22432,4,0.25,0.35714285714285715,0.39038004999210163,0.25,0.2,0.25,0.2941176470588235,0.39038004999210163,0.25,0.1
22433,15,0.6,0.7999999999999999,0.7227265726449518,0.2,0.6,0.4,0.5454545454545454,0.538431315257452,0.26666666666666666,0.4
22438,14,0.2,0.3333333333333333,0.33916020527361607,0.07142857142857142,0.2,0.1,0.18181818181818182,0.22009176629808014,0.07142857142857142,0.1
22457,2,0.0,0.0,0.0,0.0,0.0,0.0,0.0,0.0,0.0,0.0
22462,2,0.5,0.5555555555555556,0.6131471927654584,0.5,0.2,0.5,0.5263157894736842,0.6131471927654584,0.5,0.1
22478,5,0.2,0.3333333333333333,0.33916020527361607,0.2,0.2,0.2,0.25,0.33916020527361607,0.2,0.1
22485,54,0.8,0.9333333333333332,0.8687949224876582,0.07407407407407407,0.8,0.6,0.7454545454545456,0.7084409501232899,0.1111111111111111,0.6
22488,17,0.6,0.6,0.529634717214042,0.17647058823529413,0.6,0.4,0.47272727272727283,0.4099509148465344,0.23529411764705882,0.4
22489,2,0.0,0.0,0.0,0.0,0.0,0.0,0.0,0.0,0.0,0.0
22491,4,0.25,0.2142857142857143,0.19519002499605081,0.25,0.2,0.25,0.23529411764705882,0.19519002499605081,0.25,0.1
22494,6,0.2,0.3333333333333333,0.33916020527361607,0.16666666666666666,0.2,0.3333333333333333,0.2222222222222222,0.30260241349881345,0.3333333333333333,0.2
22497,5,0.4,0.3333333333333333,0.31564845247951445,0.4,0.4,0.4,0.375,0.31564845247951445,0.4,0.2
22507,6,0.6,0.6,0.529634717214042,0.5,0.6,0.6666666666666666,0.5333333333333334,0.472545838838712,0.6666666666666666,0.4
22520,8,0.0,0.0,0.0,0.0,0.0,0.0,0.0,0.0,0.0,0.0
22522,9,0.4,0.5333333333333333,0.5087403079104241,0.2222222222222222,0.4,0.2222222222222222,0.3333333333333333,0.352568324121728,0.2222222222222222,0.2
22523,3,0.0,0.0,0.0,0.0,0.0,0.0,0.0,0.0,0.0,0.0
22524,5,0.2,0.13333333333333333,0.14606834984270645,0.2,0.2,0.2,0.175,0.14606834984270645,0.2,0.1
22529,4,0.0,0.0,0.0,0.0,0.0,0.0,0.0,0.0,0.0,0.0
22531,6,0.2,0.3333333333333333,0.33916020527361607,0.16666666666666666,0.2,0.3333333333333333,0.3333333333333333,0.4103915680233244,0.3333333333333333,0.2
22533,16,0.6,0.7333333333333334,0.6992148198508501,0.1875,0.6,0.4,0.5454545454545454,0.5271064966405455,0.25,0.4
22545,2,0.0,0.0,0.0,0.0,0.0,0.5,0.0,0.0,0.5,0.1
22549,33,0.6,0.6,0.6399453854227659,0.09090909090909091,0.6,0.6,0.5454545454545455,0.6145870006788592,0.18181818181818182,0.6
22552,3,0.0,0.0,0.0,0.0,0.0,0.0,0.0,0.0,0.0,0.0
22553,29,0.8,0.9333333333333332,0.8687949224876582,0.13793103448275862,0.8,0.7,0.8181818181818183,0.78180487222265,0.2413793103448276,0.7
22554,3,0.0,0.0,0.0,0.0,0.0,0.0,0.0,0.0,0.0,0.0
22558,4,0.75,0.7142857142857143,0.7536976112592699,0.75,0.6,1.0,0.7352941176470588,0.7536976112592699,1.0,0.4
22559,3,0.0,0.0,0.0,0.0,0.0,0.0,0.0,0.0,0.0,0.0
22571,3,0.6666666666666666,0.5833333333333334,0.5307212739772434,0.6666666666666666,0.4,1.0,0.6296296296296297,0.5307212739772434,1.0,0.3
22573,9,0.2,0.3333333333333333,0.33916020527361607,0.1111111111111111,0.2,0.1111111111111111,0.18518518518518517,0.23504554941448538,0.1111111111111111,0.1
22579,22,1.0,1.0,1.0,0.22727272727272727,1.0,1.0,1.0,1.0,0.45454545454545453,1.0
22583,4,0.0,0.0,0.0,0.0,0.0,0.25,0.0,0.0,0.25,0.1
22586,16,0.8,0.8666666666666666,0.8539316501572936,0.25,0.8,0.7,0.8,0.7721596254947202,0.4375,0.7
22591,4,0.25,0.28571428571428575,0.2463023887407299,0.25,0.2,0.5,0.2647058823529412,0.2463023887407299,0.5,0.2
22593,20,0.8,0.9333333333333332,0.8687949224876582,0.2,0.8,0.7,0.7454545454545454,0.7670273914429264,0.35,0.7
22594,2,0.0,0.0,0.0,0.0,0.0,0.0,0.0,0.0,0.0,0.0
22598,2,0.5,0.0,0.0,0.5,0.2,0.5,0.0,0.0,0.5,0.1
22610,35,0.2,0.3333333333333333,0.33916020527361607,0.02857142857142857,0.2,0.1,0.18181818181818182,0.22009176629808014,0.02857142857142857,0.1
22616,44,0.6,0.5333333333333333,0.5147714448836773,0.06818181818181818,0.6,0.4,0.43636363636363645,0.3976722328631673,0.09090909090909091,0.4
22617,14,0.4,0.39999999999999997,0.4703652827859578,0.14285714285714285,0.4,0.4,0.36363636363636365,0.43828689407543003,0.2857142857142857,0.4
22619,46,0.2,0.3333333333333333,0.33916020527361607,0.021739130434782608,0.2,0.3,0.2545454545454545,0.35314377643380906,0.06521739130434782,0.3
22627,35,0.6,0.7999999999999999,0.7227265726449518,0.08571428571428572,0.6,0.5,0.5818181818181819,0.604685538711841,0.14285714285714285,0.5
22632,21,0.2,0.3333333333333333,0.33916020527361607,0.047619047619047616,0.2,0.2,0.2,0.2837125544970318,0.09523809523809523,0.2
22633,1,0.0,0.0,0.0,0.0,0.0,0.0,0.0,0.0,0.0,0.0
22649,7,0.2,0.3333333333333333,0.33916020527361607,0.14285714285714285,0.2,0.7142857142857143,0.38775510204081626,0.4644147025690223,0.7142857142857143,0.5
22650,16,0.4,0.39999999999999997,0.4703652827859578,0.125,0.4,0.4,0.38181818181818183,0.4409203293308674,0.25,0.4
22651,2,0.0,0.0,0.0,0.0,0.0,0.0,0.0,0.0,0.0,0.0
22659,9,0.6,0.7999999999999999,0.7227265726449518,0.3333333333333333,0.6,0.3333333333333333,0.5,0.5008655546918772,0.3333333333333333,0.3
22661,17,0.6,0.7999999999999999,0.7227265726449518,0.17647058823529413,0.6,0.4,0.5818181818181819,0.5473983622993501,0.23529411764705882,0.4
22663,18,0.0,0.0,0.0,0.0,0.0,0.1,0.036363636363636355,0.06625422345438903,0.05555555555555555,0.1
22666,18,0.2,0.3333333333333333,0.33916020527361607,0.05555555555555555,0.2,0.2,0.2545454545454545,0.29345568839744024,0.1111111111111111,0.2
22667,39,1.0,1.0,1.0,0.1282051282051282,1.0,0.9,0.9818181818181819,0.9363792118010482,0.23076923076923078,0.9
22671,30,0.4,0.4666666666666666,0.48522855511632257,0.06666666666666667,0.4,0.3,0.38181818181818183,0.38824405276699103,0.1,0.3
22677,7,0.2,0.3333333333333333,0.33916020527361607,0.14285714285714285,0.2,0.2857142857142857,0.2857142857142857,0.3665017772190545,0.2857142857142857,0.2
22681,32,0.6,0.6666666666666666,0.6843515475204854,0.09375,0.6,0.4,0.49090909090909096,0.5103515512676448,0.125,0.4
22683,23,0.8,0.8000000000000002,0.8304198973631919,0.17391304347826086,0.8,0.7,0.7999999999999999,0.7600791051976191,0.30434782608695654,0.7
22685,9,0.2,0.3333333333333333,0.33916020527361607,0.1111111111111111,0.2,0.1111111111111111,0.18518518518518517,0.23504554941448538,0.1111111111111111,0.1
22686,9,0.2,0.26666666666666666,0.2139862647345275,0.1111111111111111,0.2,0.2222222222222222,0.20370370370370372,0.21905299129122965,0.2222222222222222,0.2
22691,2,0.0,0.0,0.0,0.0,0.0,0.0,0.0,0.0,0.0,0.0
22693,19,0.2,0.3333333333333333,0.33916020527361607,0.05263157894736842,0.2,0.3,0.2909090909090909,0.35970991185182927,0.15789473684210525,0.3
22694,5,0.0,0.0,0.0,0.0,0.0,0.0,0.0,0.0,0.0,0.0
22711,17,0.8,0.9333333333333332,0.8687949224876582,0.23529411764705882,0.8,0.6,0.7454545454545456,0.7065836017263629,0.35294117647058826,0.6
22713,15,0.2,0.06666666666666665,0.13120507751234176,0.06666666666666667,0.2,0.2,0.12727272727272726,0.14876390584057267,0.13333333333333333,0.2
22718,2,0.5,0.5555555555555556,0.6131471927654584,0.5,0.2,1.0,0.5263157894736842,0.6131471927654584,1.0,0.2
22721,27,1.0,1.0,1.0,0.18518518518518517,1.0,0.7,0.8727272727272727,0.7967610662472991,0.25925925925925924,0.7
22723,29,0.8,0.8000000000000002,0.8304198973631919,0.13793103448275862,0.8,0.7,0.7636363636363637,0.7529694065526481,0.2413793103448276,0.7
22725,11,0.8,0.8666666666666666,0.8539316501572936,0.36363636363636365,0.8,0.4,0.6000000000000001,0.5541432109622958,0.36363636363636365,0.4
22730,4,0.25,0.28571428571428575,0.2463023887407299,0.25,0.2,0.25,0.2647058823529412,0.2463023887407299,0.25,0.1
22735,15,0.2,0.13333333333333333,0.14606834984270645,0.06666666666666667,0.2,0.1,0.12727272727272726,0.09478836436955078,0.06666666666666667,0.1
22736,7,0.2,0.3333333333333333,0.33916020527361607,0.14285714285714285,0.2,0.2857142857142857,0.2040816326530612,0.27487633291429087,0.2857142857142857,0.2
22740,28,0.2,0.13333333333333333,0.14606834984270645,0.03571428571428571,0.2,0.3,0.2545454545454546,0.2375835084056881,0.10714285714285714,0.3
22745,11,0.4,0.4000000000000001,0.3600546145772339,0.18181818181818182,0.4,0.2,0.29090909090909095,0.23365080824310527,0.18181818181818182,0.2
22750,23,0.4,0.5333333333333333,0.5087403079104241,0.08695652173913043,0.4,0.4,0.41818181818181815,0.4658230948382865,0.17391304347826086,0.4
22751,2,1.0,1.0,1.0,1.0,0.4,1.0,1.0,1.0,1.0,0.2
22753,5,0.0,0.0,0.0,0.0,0.0,0.0,0.0,0.0,0.0,0.0
22756,2,0.0,0.0,0.0,0.0,0.0,0.0,0.0,0.0,0.0,0.0
22757,2,0.0,0.0,0.0,0.0,0.0,0.0,0.0,0.0,0.0,0.0
22758,5,0.4,0.5333333333333333,0.5087403079104241,0.4,0.4,0.4,0.45,0.5087403079104241,0.4,0.2
22762,19,0.4,0.5333333333333333,0.5087403079104241,0.10526315789473684,0.4,0.2,0.32727272727272727,0.3301376494471202,0.10526315789473684,0.2
22766,27,0.0,0.0,0.0,0.0,0.0,0.0,0.0,0.0,0.0,0.0
22767,2,0.0,0.0,0.0,0.0,0.0,0.0,0.0,0.0,0.0,0.0
22768,21,0.0,0.0,0.0,0.0,0.0,0.1,0.07272727272727274,0.07336392209936006,0.047619047619047616,0.1
22775,8,0.4,0.5333333333333333,0.5087403079104241,0.25,0.4,0.25,0.34615384615384615,0.37941405415148566,0.25,0.2
22784,2,0.5,0.5555555555555556,0.6131471927654584,0.5,0.2,0.5,0.5263157894736842,0.6131471927654584,0.5,0.1
22787,9,0.0,0.0,0.0,0.0,0.0,0.1111111111111111,0.07407407407407407,0.07834851647149513,0.1111111111111111,0.1
22789,22,0.8,0.8666666666666666,0.8539316501572936,0.18181818181818182,0.8,0.5,0.6181818181818183,0.6177639991612476,0.22727272727272727,0.5
22797,26,1.0,1.0,1.0,0.19230769230769232,1.0,0.9,0.9636363636363636,0.933745776545611,0.34615384615384615,0.9
22799,3,0.3333333333333333,0.33333333333333337,0.29608191096586517,0.3333333333333333,0.2,0.3333333333333333,0.3333333333333333,0.29608191096586517,0.3333333333333333,0.1
22800,3,0.3333333333333333,0.33333333333333337,0.29608191096586517,0.3333333333333333,0.2,0.3333333333333333,0.3333333333333333,0.29608191096586517,0.3333333333333333,0.1
22805,4,0.0,0.0,0.0,0.0,0.0,0.0,0.0,0.0,0.0,0.0
22836,13,0.2,0.3333333333333333,0.33916020527361607,0.07692307692307693,0.2,0.1,0.18181818181818182,0.22009176629808014,0.07692307692307693,0.1
22842,41,1.0,1.0,1.0,0.12195121951219512,1.0,0.6,0.8181818181818182,0.727329844310522,0.14634146341463414,0.6
22848,22,0.4,0.6,0.5531464700081437,0.09090909090909091,0.4,0.3,0.3818181818181818,0.42520843362602373,0.13636363636363635,0.3
22853,8,0.0,0.0,0.0,0.0,0.0,0.125,0.057692307692307696,0.07979453856244816,0.125,0.1
22858,2,0.0,0.0,0.0,0.0,0.0,0.0,0.0,0.0,0.0,0.0
22859,1,0.0,0.0,0.0,0.0,0.0,1.0,0.0,0.0,1.0,0.1
22861,1,0.0,0.0,0.0,0.0,0.0,0.0,0.0,0.0,0.0,0.0
22862,2,0.5,0.5555555555555556,0.6131471927654584,0.5,0.2,0.5,0.5263157894736842,0.6131471927654584,0.5,0.1
22871,6,0.2,0.3333333333333333,0.33916020527361607,0.16666666666666666,0.2,0.16666666666666666,0.2222222222222222,0.30260241349881345,0.16666666666666666,0.1
22873,1,0.0,0.0,0.0,0.0,0.0,0.0,0.0,0.0,0.0,0.0
22878,5,0.2,0.3333333333333333,0.33916020527361607,0.2,0.2,0.2,0.25,0.33916020527361607,0.2,0.1
22882,23,0.4,0.4000000000000001,0.3600546145772339,0.08695652173913043,0.4,0.4,0.38181818181818183,0.3693362536342715,0.17391304347826086,0.4
22886,17,0.2,0.3333333333333333,0.33916020527361607,0.058823529411764705,0.2,0.1,0.18181818181818182,0.22009176629808014,0.058823529411764705,0.1
22898,1,0.0,0.0,0.0,0.0,0.0,0.0,0.0,0.0,0.0,0.0
22903,4,0.25,0.28571428571428575,0.2463023887407299,0.25,0.2,0.25,0.2647058823529412,0.2463023887407299,0.25,0.1
22905,4,0.0,0.0,0.0,0.0,0.0,0.0,0.0,0.0,0.0,0.0
22907,27,0.8,0.8000000000000002,0.8304198973631919,0.14814814814814814,0.8,0.7,0.7272727272727272,0.7453016244178955,0.25925925925925924,0.7
22910,8,0.4,0.5333333333333333,0.5087403079104241,0.25,0.4,0.25,0.34615384615384615,0.37941405415148566,0.25,0.2
22921,27,0.2,0.3333333333333333,0.33916020527361607,0.037037037037037035,0.2,0.4,0.36363636363636365,0.4354747455750672,0.14814814814814814,0.4
22945,4,0.25,0.35714285714285715,0.39038004999210163,0.25,0.2,0.25,0.2941176470588235,0.39038004999210163,0.25,0.1
22946,1,0.0,0.0,0.0,0.0,0.0,0.0,0.0,0.0,0.0,0.0
22955,15,0.4,0.6,0.5531464700081437,0.13333333333333333,0.4,0.2,0.34545454545454546,0.3589542101716347,0.13333333333333333,0.2
22958,13,0.8,0.8000000000000002,0.8304198973631919,0.3076923076923077,0.8,0.9,0.8545454545454544,0.8899541168509599,0.6923076923076923,0.9
22959,7,0.8,0.9333333333333332,0.8687949224876582,0.5714285714285714,0.8,0.5714285714285714,0.6938775510204082,0.7041249493150387,0.5714285714285714,0.4
22972,4,0.25,0.35714285714285715,0.39038004999210163,0.25,0.2,0.25,0.2941176470588235,0.39038004999210163,0.25,0.1
22977,4,0.25,0.35714285714285715,0.39038004999210163,0.25,0.2,0.25,0.2941176470588235,0.39038004999210163,0.25,0.1
22979,2,0.0,0.0,0.0,0.0,0.0,0.0,0.0,0.0,0.0,0.0
22980,21,0.6,0.46666666666666673,0.4912596920895757,0.14285714285714285,0.6,0.6,0.5818181818181819,0.5328776402545679,0.2857142857142857,0.6
22984,1,0.0,0.0,0.0,0.0,0.0,1.0,0.0,0.0,1.0,0.1
22985,3,0.3333333333333333,0.4166666666666667,0.46927872602275644,0.3333333333333333,0.2,0.3333333333333333,0.37037037037037035,0.46927872602275644,0.3333333333333333,0.1
22991,13,0.2,0.13333333333333333,0.14606834984270645,0.07692307692307693,0.2,0.1,0.12727272727272726,0.09478836436955078,0.07692307692307693,0.1
22994,6,0.4,0.6,0.5531464700081437,0.3333333333333333,0.4,0.5,0.5333333333333333,0.601312434202259,0.5,0.3
22996,13,0.6,0.7333333333333334,0.6992148198508501,0.23076923076923078,0.6,0.3,0.47272727272727266,0.4537425745411855,0.23076923076923078,0.3
22998,2,1.0,0.5555555555555556,0.6131471927654584,1.0,0.4,1.0,0.5263157894736842,0.6131471927654584,1.0,0.2
23000,5,0.2,0.26666666666666666,0.2139862647345275,0.2,0.2,0.4,0.225,0.2139862647345275,0.4,0.2
23001,21,0.8,0.8666666666666666,0.8539316501572936,0.19047619047619047,0.8,0.5,0.6181818181818183,0.6177639991612476,0.23809523809523808,0.5
23005,14,0.2,0.26666666666666666,0.2139862647345275,0.07142857142857142,0.2,0.2,0.18181818181818182,0.2024832320725062,0.14285714285714285,0.2
23010,27,0.2,0.26666666666666666,0.2139862647345275,0.037037037037037035,0.2,0.3,0.23636363636363641,0.27191445400928344,0.1111111111111111,0.3
23017,5,0.2,0.3333333333333333,0.33916020527361607,0.2,0.2,0.2,0.25,0.33916020527361607,0.2,0.1
23023,3,0.0,0.0,0.0,0.0,0.0,0.0,0.0,0.0,0.0,0.0
23029,14,0.0,0.0,0.0,0.0,0.0,0.0,0.0,0.0,0.0,0.0
23032,13,0.8,0.8000000000000002,0.8304198973631919,0.3076923076923077,0.8,0.4,0.5818181818181818,0.5388856921828065,0.3076923076923077,0.4
23035,3,0.6666666666666666,0.75,0.7653606369886217,0.6666666666666666,0.4,0.6666666666666666,0.7037037037037036,0.7653606369886217,0.6666666666666666,0.2
23037,19,0.8,0.8000000000000002,0.8304198973631919,0.21052631578947367,0.8,0.7,0.7999999999999999,0.7600791051976191,0.3684210526315789,0.7
23039,25,0.6,0.6,0.6399453854227659,0.12,0.6,0.6,0.6181818181818182,0.6306637463657283,0.24,0.6
23042,12,0.4,0.3333333333333333,0.34519134224686926,0.16666666666666666,0.4,0.4,0.38181818181818183,0.3660246186928025,0.3333333333333333,0.4
23048,16,0.8,0.8666666666666666,0.8539316501572936,0.25,0.8,0.5,0.6909090909090909,0.6325414799409711,0.3125,0.5
23049,9,0.0,0.0,0.0,0.0,0.0,0.1111111111111111,0.05555555555555556,0.07414861528507453,0.1111111111111111,0.1
23050,28,0.6,0.5333333333333333,0.5147714448836773,0.10714285714285714,0.6,0.5,0.4727272727272727,0.4639264563175563,0.17857142857142858,0.5
23056,4,0.0,0.0,0.0,0.0,0.0,0.25,0.0,0.0,0.25,0.1
23060,21,0.6,0.7333333333333334,0.6992148198508501,0.14285714285714285,0.6,0.4,0.5272727272727272,0.5231737964779627,0.19047619047619047,0.4
23061,4,0.25,0.35714285714285715,0.39038004999210163,0.25,0.2,0.5,0.2941176470588235,0.39038004999210163,0.5,0.2
23064,19,0.2,0.19999999999999998,0.16958010263680803,0.05263157894736842,0.2,0.3,0.23636363636363636,0.24573132854020635,0.15789473684210525,0.3
23069,2,0.0,0.0,0.0,0.0,0.0,0.5,0.0,0.0,0.5,0.1
23071,9,0.4,0.19999999999999998,0.2772734273550482,0.2222222222222222,0.4,0.3333333333333333,0.2962962962962963,0.26630525411635353,0.3333333333333333,0.3
23072,3,0.0,0.0,0.0,0.0,0.0,0.0,0.0,0.0,0.0,0.0
23073,17,0.6,0.7333333333333334,0.6992148198508501,0.17647058823529413,0.6,0.6,0.6909090909090909,0.674935987555998,0.35294117647058826,0.6
23078,10,0.2,0.13333333333333333,0.14606834984270645,0.1,0.2,0.1,0.12727272727272726,0.09478836436955078,0.1,0.1
23087,3,0.0,0.0,0.0,0.0,0.0,0.0,0.0,0.0,0.0,0.0
23098,5,0.0,0.0,0.0,0.0,0.0,0.0,0.0,0.0,0.0,0.0
23100,6,0.2,0.3333333333333333,0.33916020527361607,0.16666666666666666,0.2,0.16666666666666666,0.2222222222222222,0.30260241349881345,0.16666666666666666,0.1
23106,26,1.0,1.0,1.0,0.19230769230769232,1.0,0.6,0.8181818181818182,0.727329844310522,0.23076923076923078,0.6
23112,3,0.6666666666666666,0.75,0.7653606369886217,0.6666666666666666,0.4,1.0,0.7037037037037036,0.7653606369886217,1.0,0.3
23116,15,0.4,0.4666666666666666,0.48522855511632257,0.13333333333333333,0.4,0.2,0.3090909090909091,0.31488013066763093,0.13333333333333333,0.2
23120,38,0.2,0.26666666666666666,0.2139862647345275,0.02631578947368421,0.2,0.1,0.16363636363636364,0.1388624438735545,0.02631578947368421,0.1
23128,13,0.2,0.3333333333333333,0.33916020527361607,0.07692307692307693,0.2,0.1,0.18181818181818182,0.22009176629808014,0.07692307692307693,0.1
23131,4,0.25,0.14285714285714288,0.16812753627111746,0.25,0.2,0.25,0.20588235294117643,0.16812753627111746,0.25,0.1
23149,1,0.0,0.0,0.0,0.0,0.0,0.0,0.0,0.0,0.0,0.0
23151,13,0.2,0.3333333333333333,0.33916020527361607,0.07692307692307693,0.2,0.2,0.23636363636363636,0.2895229882348574,0.15384615384615385,0.2
23155,1,1.0,1.0,1.0,1.0,0.2,1.0,1.0,1.0,1.0,0.1
23160,9,0.4,0.39999999999999997,0.4703652827859578,0.2222222222222222,0.4,0.2222222222222222,0.2962962962962963,0.32597358003346416,0.2222222222222222,0.2
23166,6,0.4,0.5333333333333333,0.5087403079104241,0.3333333333333333,0.4,0.5,0.4,0.4539036202482201,0.5,0.3
23171,8,0.4,0.4666666666666666,0.48522855511632257,0.25,0.4,0.25,0.3269230769230769,0.3618791953854131,0.25,0.2
23174,11,0.4,0.19999999999999998,0.2772734273550482,0.18181818181818182,0.4,0.2,0.23636363636363633,0.17993148201117173,0.18181818181818182,0.2
23177,3,0.0,0.0,0.0,0.0,0.0,0.0,0.0,0.0,0.0,0.0
23191,3,0.6666666666666666,0.75,0.7653606369886217,0.6666666666666666,0.4,0.6666666666666666,0.7037037037037036,0.7653606369886217,0.6666666666666666,0.2
23192,11,0.2,0.3333333333333333,0.33916020527361607,0.09090909090909091,0.2,0.1,0.18181818181818182,0.22009176629808014,0.09090909090909091,0.1
23198,4,0.5,0.6428571428571429,0.6366824387328316,0.5,0.4,0.5,0.5588235294117646,0.6366824387328316,0.5,0.2
23200,6,0.0,0.0,0.0,0.0,0.0,0.0,0.0,0.0,0.0,0.0
23210,45,0.6,0.7333333333333334,0.6992148198508501,0.06666666666666667,0.6,0.7,0.7272727272727273,0.7411902110103872,0.15555555555555556,0.7
23218,14,0.6,0.6666666666666666,0.6548086577531306,0.21428571428571427,0.6,0.5,0.6181818181818182,0.5766882048947064,0.35714285714285715,0.5
23220,17,0.2,0.3333333333333333,0.33916020527361607,0.058823529411764705,0.2,0.1,0.18181818181818182,0.22009176629808014,0.058823529411764705,0.1
23223,1,0.0,0.0,0.0,0.0,0.0,0.0,0.0,0.0,0.0,0.0
23231,1,0.0,0.0,0.0,0.0,0.0,0.0,0.0,0.0,0.0,0.0
23232,15,0.8,0.8666666666666666,0.8539316501572936,0.26666666666666666,0.8,0.4,0.6000000000000001,0.5541432109622958,0.26666666666666666,0.4
23234,26,0.6,0.6,0.6399453854227659,0.11538461538461539,0.6,0.4,0.5272727272727272,0.4936790360674165,0.15384615384615385,0.4
23248,13,0.4,0.5333333333333333,0.5087403079104241,0.15384615384615385,0.4,0.3,0.41818181818181815,0.4085359184257955,0.23076923076923078,0.3
23250,24,1.0,1.0,1.0,0.20833333333333334,1.0,1.0,1.0,1.0,0.4166666666666667,1.0
23252,23,0.2,0.3333333333333333,0.33916020527361607,0.043478260869565216,0.2,0.1,0.18181818181818182,0.22009176629808014,0.043478260869565216,0.1
23253,11,0.2,0.06666666666666665,0.13120507751234176,0.09090909090909091,0.2,0.2,0.14545454545454545,0.15139734109601,0.18181818181818182,0.2
23280,6,0.0,0.0,0.0,0.0,0.0,0.0,0.0,0.0,0.0,0.0
23282,8,0.2,0.06666666666666665,0.13120507751234176,0.125,0.2,0.125,0.11538461538461538,0.09785159463516041,0.125,0.1
23284,14,0.4,0.6,0.5531464700081437,0.14285714285714285,0.4,0.3,0.41818181818181815,0.43231813227099475,0.21428571428571427,0.3
23288,3,0.6666666666666666,0.4166666666666667,0.46927872602275644,0.6666666666666666,0.4,1.0,0.37037037037037035,0.46927872602275644,1.0,0.3
23293,1,1.0,1.0,1.0,1.0,0.2,1.0,1.0,1.0,1.0,0.1
23297,3,0.6666666666666666,0.33333333333333337,0.29608191096586517,0.6666666666666666,0.4,0.6666666666666666,0.3333333333333333,0.29608191096586517,0.6666666666666666,0.2
23301,10,0.4,0.4666666666666666,0.48522855511632257,0.2,0.4,0.3,0.38181818181818183,0.38824405276699103,0.3,0.3
23304,10,0.0,0.0,0.0,0.0,0.0,0.1,0.07272727272727274,0.07336392209936006,0.1,0.1
23307,6,0.4,0.4666666666666666,0.48522855511632257,0.3333333333333333,0.4,0.3333333333333333,0.37777777777777777,0.4329261794091841,0.3333333333333333,0.2
23319,17,0.0,0.0,0.0,0.0,0.0,0.2,0.07272727272727274,0.13305201013572895,0.11764705882352941,0.2
23322,16,0.4,0.39999999999999997,0.4703652827859578,0.125,0.4,0.2,0.29090909090909095,0.3052348839397011,0.125,0.2
23323,6,0.2,0.26666666666666666,0.2139862647345275,0.16666666666666666,0.2,0.16666666666666666,0.2,0.1909208661789346,0.16666666666666666,0.1
23325,46,0.4,0.6,0.5531464700081437,0.043478260869565216,0.4,0.2,0.34545454545454546,0.3589542101716347,0.043478260869565216,0.2
23330,1,0.0,0.0,0.0,0.0,0.0,0.0,0.0,0.0,0.0,0.0
23339,4,0.0,0.0,0.0,0.0,0.0,0.0,0.0,0.0,0.0,0.0
23351,3,0.3333333333333333,0.0,0.0,0.3333333333333333,0.2,0.3333333333333333,0.0,0.0,0.3333333333333333,0.1
23354,2,0.5,0.5555555555555556,0.6131471927654584,0.5,0.2,0.5,0.5263157894736842,0.6131471927654584,0.5,0.1
23357,3,0.3333333333333333,0.4166666666666667,0.46927872602275644,0.3333333333333333,0.2,0.3333333333333333,0.37037037037037035,0.46927872602275644,0.3333333333333333,0.1
23375,3,0.3333333333333333,0.4166666666666667,0.46927872602275644,0.3333333333333333,0.2,0.3333333333333333,0.37037037037037035,0.46927872602275644,0.3333333333333333,0.1
23382,10,0.8,0.8666666666666666,0.8539316501572936,0.4,0.8,0.5,0.6909090909090909,0.6325414799409711,0.5,0.5
23384,12,0.0,0.0,0.0,0.0,0.0,0.0,0.0,0.0,0.0,0.0
23390,9,0.8,0.9333333333333332,0.8687949224876582,0.4444444444444444,0.8,0.6666666666666666,0.7407407407407407,0.7511984400967532,0.6666666666666666,0.6
23392,2,0.5,0.5555555555555556,0.6131471927654584,0.5,0.2,0.5,0.5263157894736842,0.6131471927654584,0.5,0.1
23394,3,0.0,0.0,0.0,0.0,0.0,0.0,0.0,0.0,0.0,0.0
23400,2,0.0,0.0,0.0,0.0,0.0,0.0,0.0,0.0,0.0,0.0
23406,35,1.0,1.0,1.0,0.14285714285714285,1.0,1.0,1.0,1.0,0.2857142857142857,1.0
23426,13,0.2,0.3333333333333333,0.33916020527361607,0.07692307692307693,0.2,0.1,0.18181818181818182,0.22009176629808014,0.07692307692307693,0.1
23430,15,0.6,0.7999999999999999,0.7227265726449518,0.2,0.6,0.5,0.6000000000000001,0.6110191504983018,0.3333333333333333,0.5
23444,22,0.4,0.4666666666666666,0.48522855511632257,0.09090909090909091,0.4,0.2,0.3090909090909091,0.31488013066763093,0.09090909090909091,0.2
23456,9,0.4,0.26666666666666666,0.3007851801491498,0.2222222222222222,0.4,0.3333333333333333,0.31481481481481477,0.282599420611296,0.3333333333333333,0.3
23459,18,0.0,0.0,0.0,0.0,0.0,0.1,0.07272727272727274,0.07336392209936006,0.05555555555555555,0.1
23476,20,0.4,0.4666666666666666,0.48522855511632257,0.1,0.4,0.2,0.3090909090909091,0.31488013066763093,0.1,0.2
23482,9,0.0,0.0,0.0,0.0,0.0,0.1111111111111111,0.07407407407407407,0.07834851647149513,0.1111111111111111,0.1
23483,13,0.6,0.7999999999999999,0.7227265726449518,0.23076923076923078,0.6,0.4,0.5272727272727273,0.5352543167750639,0.3076923076923077,0.4
23486,6,0.0,0.0,0.0,0.0,0.0,0.0,0.0,0.0,0.0,0.0
23488,10,0.6,0.6,0.529634717214042,0.3,0.6,0.4,0.47272727272727283,0.4099509148465344,0.4,0.4
23499,53,0.8,0.9333333333333332,0.8687949224876582,0.07547169811320754,0.8,0.7,0.7818181818181817,0.7752387368046298,0.1320754716981132,0.7
23504,3,0.0,0.0,0.0,0.0,0.0,0.0,0.0,0.0,0.0,0.0
23505,47,0.0,0.0,0.0,0.0,0.0,0.0,0.0,0.0,0.0,0.0
23511,3,0.3333333333333333,0.0,0.0,0.3333333333333333,0.2,0.3333333333333333,0.0,0.0,0.3333333333333333,0.1
23517,9,0.6,0.6666666666666666,0.6843515475204854,0.3333333333333333,0.6,0.3333333333333333,0.4629629629629629,0.4742708106036133,0.3333333333333333,0.3
23520,35,0.8,0.8000000000000002,0.8304198973631919,0.11428571428571428,0.8,0.6,0.7272727272727273,0.6867151830982591,0.17142857142857143,0.6
23524,7,0.2,0.3333333333333333,0.33916020527361607,0.14285714285714285,0.2,0.14285714285714285,0.2040816326530612,0.27487633291429087,0.14285714285714285,0.1
23532,23,0.2,0.26666666666666666,0.2139862647345275,0.043478260869565216,0.2,0.1,0.16363636363636364,0.1388624438735545,0.043478260869565216,0.1
23534,45,1.0,1.0,1.0,0.1111111111111111,1.0,0.8,0.8909090909090908,0.8603818544462509,0.17777777777777778,0.8
23536,7,0.4,0.5333333333333333,0.5087403079104241,0.2857142857142857,0.4,0.2857142857142857,0.36734693877551017,0.4123144993714362,0.2857142857142857,0.2
23539,2,0.0,0.0,0.0,0.0,0.0,0.0,0.0,0.0,0.0,0.0
23554,12,0.4,0.6,0.5531464700081437,0.16666666666666666,0.4,0.3,0.3818181818181818,0.42520843362602373,0.25,0.3
23564,1,0.0,0.0,0.0,0.0,0.0,0.0,0.0,0.0,0.0,0.0
23565,1,0.0,0.0,0.0,0.0,0.0,1.0,0.0,0.0,1.0,0.1
23567,5,0.2,0.26666666666666666,0.2139862647345275,0.2,0.2,0.4,0.225,0.2139862647345275,0.4,0.2
23580,6,0.6,0.7999999999999999,0.7227265726449518,0.5,0.6,0.5,0.6000000000000001,0.6448244864271548,0.5,0.3
23586,20,0.2,0.3333333333333333,0.33916020527361607,0.05,0.2,0.1,0.18181818181818182,0.22009176629808014,0.05,0.1
23590,4,0.25,0.35714285714285715,0.39038004999210163,0.25,0.2,0.25,0.2941176470588235,0.39038004999210163,0.25,0.1
23607,12,0.6,0.6666666666666666,0.6843515475204854,0.25,0.6,0.5,0.5636363636363636,0.5861163849908827,0.4166666666666667,0.5
23609,7,0.4,0.5333333333333333,0.5087403079104241,0.2857142857142857,0.4,0.2857142857142857,0.36734693877551017,0.4123144993714362,0.2857142857142857,0.2
23610,4,0.25,0.14285714285714288,0.16812753627111746,0.25,0.2,0.25,0.20588235294117643,0.16812753627111746,0.25,0.1
23611,32,1.0,1.0,1.0,0.15625,1.0,0.8,0.8727272727272727,0.8572048559638626,0.25,0.8
23613,21,0.4,0.39999999999999997,0.4703652827859578,0.09523809523809523,0.4,0.3,0.38181818181818183,0.3836331529183764,0.14285714285714285,0.3
23619,26,0.4,0.4666666666666666,0.48522855511632257,0.07692307692307693,0.4,0.4,0.4727272727272727,0.4666423217456664,0.15384615384615385,0.4
23638,7,0.2,0.3333333333333333,0.33916020527361607,0.14285714285714285,0.2,0.14285714285714285,0.2040816326530612,0.27487633291429087,0.14285714285714285,0.1
23640,3,0.6666666666666666,0.25,0.23463936301137822,0.6666666666666666,0.4,0.6666666666666666,0.2962962962962963,0.23463936301137822,0.6666666666666666,0.2
23642,2,0.0,0.0,0.0,0.0,0.0,0.0,0.0,0.0,0.0,0.0
23646,28,0.4,0.5333333333333333,0.5087403079104241,0.07142857142857142,0.4,0.2,0.32727272727272727,0.3301376494471202,0.07142857142857142,0.2
23648,6,0.0,0.0,0.0,0.0,0.0,0.0,0.0,0.0,0.0,0.0
23650,2,1.0,1.0,1.0,1.0,0.4,1.0,1.0,1.0,1.0,0.2
23652,54,0.4,0.3333333333333333,0.31564845247951445,0.037037037037037035,0.4,0.4,0.34545454545454546,0.33788625765431973,0.07407407407407407,0.4
23660,8,0.6,0.6666666666666666,0.6843515475204854,0.375,0.6,0.5,0.5576923076923077,0.5946976087835997,0.5,0.4
23661,27,0.6,0.6666666666666666,0.6843515475204854,0.1111111111111111,0.6,0.4,0.4727272727272727,0.5077181160122074,0.14814814814814814,0.4
23673,6,0.0,0.0,0.0,0.0,0.0,0.0,0.0,0.0,0.0,0.0
23679,3,0.3333333333333333,0.4166666666666667,0.46927872602275644,0.3333333333333333,0.2,0.3333333333333333,0.37037037037037035,0.46927872602275644,0.3333333333333333,0.1
23681,21,1.0,1.0,1.0,0.23809523809523808,1.0,0.6,0.7818181818181817,0.7183627972686238,0.2857142857142857,0.6
23687,15,0.0,0.0,0.0,0.0,0.0,0.2,0.1272727272727273,0.1427951440361373,0.13333333333333333,0.2
23702,10,0.4,0.4666666666666666,0.48522855511632257,0.2,0.4,0.2,0.3090909090909091,0.31488013066763093,0.2,0.2
23707,18,0.4,0.4666666666666666,0.48522855511632257,0.1111111111111111,0.4,0.2,0.3090909090909091,0.31488013066763093,0.1111111111111111,0.2
23709,4,0.25,0.35714285714285715,0.39038004999210163,0.25,0.2,0.25,0.2941176470588235,0.39038004999210163,0.25,0.1
23710,8,0.0,0.0,0.0,0.0,0.0,0.0,0.0,0.0,0.0,0.0
23721,1,1.0,1.0,1.0,1.0,0.2,1.0,1.0,1.0,1.0,0.1
23724,7,0.6,0.6666666666666666,0.6843515475204854,0.42857142857142855,0.6,0.42857142857142855,0.5102040816326531,0.5546406709327601,0.42857142857142855,0.3
23728,32,0.4,0.26666666666666666,0.3007851801491498,0.0625,0.4,0.5,0.41818181818181815,0.4042383682811874,0.15625,0.5
23729,8,0.0,0.0,0.0,0.0,0.0,0.125,0.057692307692307696,0.07979453856244816,0.125,0.1
23730,6,0.2,0.06666666666666665,0.13120507751234176,0.16666666666666666,0.2,0.3333333333333333,0.24444444444444446,0.22485174766247445,0.3333333333333333,0.2
23733,2,0.0,0.0,0.0,0.0,0.0,0.0,0.0,0.0,0.0,0.0
23738,2,0.5,0.5555555555555556,0.6131471927654584,0.5,0.2,0.5,0.5263157894736842,0.6131471927654584,0.5,0.1
23741,4,0.0,0.0,0.0,0.0,0.0,0.0,0.0,0.0,0.0,0.0
23747,4,0.0,0.0,0.0,0.0,0.0,0.0,0.0,0.0,0.0,0.0
23753,7,0.2,0.3333333333333333,0.33916020527361607,0.14285714285714285,0.2,0.14285714285714285,0.2040816326530612,0.27487633291429087,0.14285714285714285,0.1
23759,5,0.2,0.3333333333333333,0.33916020527361607,0.2,0.2,0.2,0.25,0.33916020527361607,0.2,0.1
23778,4,0.25,0.35714285714285715,0.39038004999210163,0.25,0.2,0.25,0.2941176470588235,0.39038004999210163,0.25,0.1
23781,3,0.3333333333333333,0.4166666666666667,0.46927872602275644,0.3333333333333333,0.2,0.6666666666666666,0.37037037037037035,0.46927872602275644,0.6666666666666666,0.2
23796,16,0.2,0.26666666666666666,0.2139862647345275,0.0625,0.2,0.1,0.16363636363636364,0.1388624438735545,0.0625,0.1
23799,18,0.6,0.6666666666666666,0.6843515475204854,0.16666666666666666,0.6,0.4,0.5272727272727272,0.5174612499126158,0.2222222222222222,0.4
23801,16,0.4,0.6,0.5531464700081437,0.125,0.4,0.3,0.43636363636363634,0.43735247915031,0.1875,0.3
23807,6,0.2,0.06666666666666665,0.13120507751234176,0.16666666666666666,0.2,0.16666666666666666,0.13333333333333333,0.11706259313796352,0.16666666666666666,0.1
23813,20,0.8,0.8666666666666666,0.8539316501572936,0.2,0.8,0.6,0.7272727272727273,0.6987957033953601,0.3,0.6
23818,29,0.2,0.3333333333333333,0.33916020527361607,0.034482758620689655,0.2,0.3,0.3090909090909091,0.36288691033421744,0.10344827586206896,0.3
23820,4,0.25,0.28571428571428575,0.2463023887407299,0.25,0.2,0.25,0.2647058823529412,0.2463023887407299,0.25,0.1
23822,1,0.0,0.0,0.0,0.0,0.0,0.0,0.0,0.0,0.0,0.0
23823,1,0.0,0.0,0.0,0.0,0.0,0.0,0.0,0.0,0.0,0.0
23824,14,0.4,0.4666666666666666,0.38356636737133554,0.14285714285714285,0.4,0.2,0.30909090909090914,0.24890832702259458,0.14285714285714285,0.2
23828,11,0.2,0.26666666666666666,0.2139862647345275,0.09090909090909091,0.2,0.1,0.16363636363636364,0.1388624438735545,0.09090909090909091,0.1
23833,17,0.4,0.3333333333333333,0.34519134224686926,0.11764705882352941,0.4,0.2,0.2727272727272727,0.22400556151517548,0.11764705882352941,0.2
23837,24,0.2,0.19999999999999998,0.16958010263680803,0.041666666666666664,0.2,0.2,0.2,0.17947710508581735,0.08333333333333333,0.2
23845,7,0.0,0.0,0.0,0.0,0.0,0.0,0.0,0.0,0.0,0.0
23850,2,0.5,0.0,0.0,0.5,0.2,0.5,0.0,0.0,0.5,0.1
23851,22,0.6,0.7333333333333334,0.6992148198508501,0.13636363636363635,0.6,0.6,0.6363636363636364,0.6627919420317119,0.2727272727272727,0.6
23854,10,0.2,0.3333333333333333,0.33916020527361607,0.1,0.2,0.1,0.18181818181818182,0.22009176629808014,0.1,0.1
23860,5,0.0,0.0,0.0,0.0,0.0,0.0,0.0,0.0,0.0,0.0
23865,17,0.4,0.39999999999999997,0.4703652827859578,0.11764705882352941,0.4,0.2,0.29090909090909095,0.3052348839397011,0.11764705882352941,0.2
23867,11,0.2,0.06666666666666665,0.13120507751234176,0.09090909090909091,0.2,0.2,0.2,0.1635413866202963,0.18181818181818182,0.2
23894,2,0.0,0.0,0.0,0.0,0.0,0.0,0.0,0.0,0.0,0.0
23899,5,0.2,0.26666666666666666,0.2139862647345275,0.2,0.2,0.4,0.225,0.2139862647345275,0.4,0.2
23901,5,0.2,0.3333333333333333,0.33916020527361607,0.2,0.2,0.4,0.25,0.33916020527361607,0.4,0.2
23902,6,0.2,0.3333333333333333,0.33916020527361607,0.16666666666666666,0.2,0.16666666666666666,0.2222222222222222,0.30260241349881345,0.16666666666666666,0.1
23911,4,0.25,0.35714285714285715,0.39038004999210163,0.25,0.2,0.25,0.2941176470588235,0.39038004999210163,0.25,0.1
23915,2,1.0,0.5555555555555556,0.6131471927654584,1.0,0.4,1.0,0.5263157894736842,0.6131471927654584,1.0,0.2
23916,16,0.2,0.3333333333333333,0.33916020527361607,0.0625,0.2,0.1,0.18181818181818182,0.22009176629808014,0.0625,0.1
23925,6,0.0,0.0,0.0,0.0,0.0,0.0,0.0,0.0,0.0,0.0
23927,5,0.4,0.4666666666666666,0.48522855511632257,0.4,0.4,0.4,0.425,0.48522855511632257,0.4,0.2
23932,4,0.25,0.2142857142857143,0.19519002499605081,0.25,0.2,0.5,0.23529411764705882,0.19519002499605081,0.5,0.2
23933,3,0.0,0.0,0.0,0.0,0.0,0.0,0.0,0.0,0.0,0.0
23935,3,1.0,1.0,1.0,1.0,0.6,1.0,1.0,1.0,1.0,0.3
23936,7,0.6,0.7999999999999999,0.7227265726449518,0.42857142857142855,0.6,0.42857142857142855,0.5510204081632653,0.5857421563596757,0.42857142857142855,0.3
23942,12,0.0,0.0,0.0,0.0,0.0,0.0,0.0,0.0,0.0,0.0
23951,24,0.8,0.9333333333333332,0.8687949224876582,0.16666666666666666,0.8,0.7,0.8,0.7791714369672127,0.2916666666666667,0.7
23955,6,0.2,0.3333333333333333,0.33916020527361607,0.16666666666666666,0.2,0.16666666666666666,0.2222222222222222,0.30260241349881345,0.16666666666666666,0.1
23957,8,0.0,0.0,0.0,0.0,0.0,0.0,0.0,0.0,0.0,0.0
23959,19,0.6,0.6666666666666666,0.6548086577531306,0.15789473684210525,0.6,0.6,0.6181818181818182,0.6363762929310752,0.3157894736842105,0.6
23961,3,0.3333333333333333,0.33333333333333337,0.29608191096586517,0.3333333333333333,0.2,0.3333333333333333,0.3333333333333333,0.29608191096586517,0.3333333333333333,0.1
23985,5,0.2,0.3333333333333333,0.33916020527361607,0.2,0.2,0.4,0.25,0.33916020527361607,0.4,0.2
23987,3,0.0,0.0,0.0,0.0,0.0,0.0,0.0,0.0,0.0,0.0
23991,7,0.0,0.0,0.0,0.0,0.0,0.0,0.0,0.0,0.0,0.0
23994,10,0.6,0.7999999999999999,0.7227265726449518,0.3,0.6,0.3,0.49090909090909096,0.46900009332067477,0.3,0.3
23995,11,0.8,0.8666666666666666,0.8539316501572936,0.36363636363636365,0.8,0.5,0.6545454545454547,0.623574432899073,0.45454545454545453,0.5
23999,12,0.4,0.26666666666666666,0.3007851801491498,0.16666666666666666,0.4,0.2,0.2545454545454545,0.19518900079066104,0.16666666666666666,0.2
24001,3,0.3333333333333333,0.33333333333333337,0.29608191096586517,0.3333333333333333,0.2,0.3333333333333333,0.3333333333333333,0.29608191096586517,0.3333333333333333,0.1
24010,6,0.2,0.26666666666666666,0.2139862647345275,0.16666666666666666,0.2,0.16666666666666666,0.2,0.1909208661789346,0.16666666666666666,0.1
24024,7,0.0,0.0,0.0,0.0,0.0,0.0,0.0,0.0,0.0,0.0
24028,9,0.4,0.4666666666666666,0.38356636737133554,0.2222222222222222,0.4,0.2222222222222222,0.3148148148148148,0.26582000527739175,0.2222222222222222,0.2
24029,5,0.2,0.3333333333333333,0.33916020527361607,0.2,0.2,0.2,0.25,0.33916020527361607,0.2,0.1
24044,2,0.0,0.0,0.0,0.0,0.0,0.5,0.0,0.0,0.5,0.1
24052,11,0.0,0.0,0.0,0.0,0.0,0.0,0.0,0.0,0.0,0.0
24060,1,0.0,0.0,0.0,0.0,0.0,0.0,0.0,0.0,0.0,0.0
24061,11,0.6,0.6666666666666666,0.6843515475204854,0.2727272727272727,0.6,0.4,0.5272727272727272,0.5174612499126158,0.36363636363636365,0.4
24062,3,0.3333333333333333,0.25,0.23463936301137822,0.3333333333333333,0.2,0.3333333333333333,0.2962962962962963,0.23463936301137822,0.3333333333333333,0.1
24068,2,1.0,1.0,1.0,1.0,0.4,1.0,1.0,1.0,1.0,0.2
24069,34,0.8,0.6666666666666666,0.6608397947263838,0.11764705882352941,0.8,0.6,0.7090909090909091,0.5806020001118017,0.17647058823529413,0.6
24070,1,0.0,0.0,0.0,0.0,0.0,0.0,0.0,0.0,0.0,0.0
24090,2,0.0,0.0,0.0,0.0,0.0,0.0,0.0,0.0,0.0,0.0
24102,19,0.4,0.5333333333333333,0.5087403079104241,0.10526315789473684,0.4,0.3,0.41818181818181815,0.4085359184257955,0.15789473684210525,0.3
24103,2,0.0,0.0,0.0,0.0,0.0,0.0,0.0,0.0,0.0,0.0
24106,7,0.6,0.5333333333333333,0.6164336326286642,0.42857142857142855,0.6,0.5714285714285714,0.5714285714285714,0.5975087322498513,0.5714285714285714,0.4
24107,8,0.0,0.0,0.0,0.0,0.0,0.0,0.0,0.0,0.0,0.0
24108,37,0.4,0.4666666666666666,0.48522855511632257,0.05405405405405406,0.4,0.5,0.509090909090909,0.5328965452000555,0.13513513513513514,0.5
24111,8,0.0,0.0,0.0,0.0,0.0,0.0,0.0,0.0,0.0,0.0
24113,5,0.2,0.19999999999999998,0.16958010263680803,0.2,0.2,0.2,0.2,0.16958010263680803,0.2,0.1
24120,2,0.5,0.4444444444444445,0.3868528072345415,0.5,0.2,0.5,0.4736842105263158,0.3868528072345415,0.5,0.1
24124,5,0.0,0.0,0.0,0.0,0.0,0.2,0.0,0.0,0.2,0.1
24129,13,0.4,0.4666666666666666,0.38356636737133554,0.15384615384615385,0.4,0.3,0.34545454545454546,0.3151625504769836,0.23076923076923078,0.3
24134,2,0.5,0.4444444444444445,0.3868528072345415,0.5,0.2,0.5,0.4736842105263158,0.3868528072345415,0.5,0.1
24139,6,0.2,0.26666666666666666,0.2139862647345275,0.16666666666666666,0.2,0.5,0.2,0.1909208661789346,0.5,0.3
24141,3,0.0,0.0,0.0,0.0,0.0,0.0,0.0,0.0,0.0,0.0
24145,22,0.2,0.19999999999999998,0.16958010263680803,0.045454545454545456,0.2,0.5,0.38181818181818183,0.3948600843628044,0.22727272727272727,0.5
24154,5,0.0,0.0,0.0,0.0,0.0,0.0,0.0,0.0,0.0,0.0
24156,3,0.3333333333333333,0.4166666666666667,0.46927872602275644,0.3333333333333333,0.2,0.3333333333333333,0.37037037037037035,0.46927872602275644,0.3333333333333333,0.1
24164,1,0.0,0.0,0.0,0.0,0.0,0.0,0.0,0.0,0.0,0.0
24166,20,0.4,0.4666666666666666,0.48522855511632257,0.1,0.4,0.3,0.36363636363636365,0.3843113526044082,0.15,0.3
24173,8,0.8,0.7333333333333334,0.7860137352654724,0.5,0.8,0.75,0.7307692307692307,0.7503109142227359,0.75,0.6
24184,9,0.0,0.0,0.0,0.0,0.0,0.0,0.0,0.0,0.0,0.0
24201,1,0.0,0.0,0.0,0.0,0.0,0.0,0.0,0.0,0.0,0.0
24206,38,0.6,0.7999999999999999,0.7227265726449518,0.07894736842105263,0.6,0.5,0.6545454545454545,0.6207622843987102,0.13157894736842105,0.5
24212,5,0.4,0.4000000000000001,0.3600546145772339,0.4,0.4,0.4,0.4,0.3600546145772339,0.4,0.2
24222,1,0.0,0.0,0.0,0.0,0.0,0.0,0.0,0.0,0.0,0.0
24228,12,1.0,1.0,1.0,0.4166666666666667,1.0,0.6,0.8181818181818182,0.727329844310522,0.5,0.6
24229,7,0.2,0.3333333333333333,0.33916020527361607,0.14285714285714285,0.2,0.14285714285714285,0.2040816326530612,0.27487633291429087,0.14285714285714285,0.1
24231,5,0.2,0.3333333333333333,0.33916020527361607,0.2,0.2,0.2,0.25,0.33916020527361607,0.2,0.1
24241,5,0.4,0.6,0.5531464700081437,0.4,0.4,0.4,0.475,0.5531464700081437,0.4,0.2
24244,32,0.2,0.13333333333333333,0.14606834984270645,0.03125,0.2,0.1,0.12727272727272726,0.09478836436955078,0.03125,0.1
24245,4,0.0,0.0,0.0,0.0,0.0,0.0,0.0,0.0,0.0,0.0
24247,3,0.6666666666666666,0.4166666666666667,0.46927872602275644,0.6666666666666666,0.4,0.6666666666666666,0.37037037037037035,0.46927872602275644,0.6666666666666666,0.2
24255,2,0.5,0.5555555555555556,0.6131471927654584,0.5,0.2,0.5,0.5263157894736842,0.6131471927654584,0.5,0.1
24260,20,1.0,1.0,1.0,0.25,1.0,0.5,0.7272727272727273,0.6489315753318466,0.25,0.5
24261,5,0.0,0.0,0.0,0.0,0.0,0.0,0.0,0.0,0.0,0.0
24263,66,0.4,0.4000000000000001,0.3600546145772339,0.030303030303030304,0.4,0.2,0.29090909090909095,0.23365080824310527,0.030303030303030304,0.2
24288,3,0.0,0.0,0.0,0.0,0.0,0.0,0.0,0.0,0.0,0.0
24292,10,0.0,0.0,0.0,0.0,0.0,0.1,0.09090909090909091,0.07839826897867533,0.1,0.1
24294,63,0.8,0.9333333333333332,0.8687949224876582,0.06349206349206349,0.8,0.8,0.8545454545454546,0.8486026589039899,0.12698412698412698,0.8
24296,35,0.6,0.46666666666666673,0.4912596920895757,0.08571428571428572,0.6,0.4,0.4181818181818182,0.38241471408367794,0.11428571428571428,0.4
24298,3,0.6666666666666666,0.4166666666666667,0.46927872602275644,0.6666666666666666,0.4,0.6666666666666666,0.37037037037037035,0.46927872602275644,0.6666666666666666,0.2
24301,3,0.3333333333333333,0.0,0.0,0.3333333333333333,0.2,0.3333333333333333,0.0,0.0,0.3333333333333333,0.1
24309,20,0.2,0.3333333333333333,0.33916020527361607,0.05,0.2,0.2,0.2727272727272727,0.2984900352767555,0.1,0.2
24311,2,0.5,0.5555555555555556,0.6131471927654584,0.5,0.2,0.5,0.5263157894736842,0.6131471927654584,0.5,0.1
24328,1,0.0,0.0,0.0,0.0,0.0,0.0,0.0,0.0,0.0,0.0
24331,9,0.2,0.13333333333333333,0.14606834984270645,0.1111111111111111,0.2,0.2222222222222222,0.20370370370370372,0.17957712468379533,0.2222222222222222,0.2
24333,2,0.0,0.0,0.0,0.0,0.0,0.5,0.0,0.0,0.5,0.1
24335,6,0.0,0.0,0.0,0.0,0.0,0.0,0.0,0.0,0.0,0.0
24341,8,0.4,0.39999999999999997,0.4703652827859578,0.25,0.4,0.25,0.3076923076923077,0.35079429740281753,0.25,0.2
24343,6,0.0,0.0,0.0,0.0,0.0,0.16666666666666666,0.1111111111111111,0.10778915452451095,0.16666666666666666,0.1
24348,11,0.4,0.39999999999999997,0.4703652827859578,0.18181818181818182,0.4,0.4,0.36363636363636365,0.43828689407543003,0.36363636363636365,0.4
24350,21,0.6,0.5333333333333333,0.5147714448836773,0.14285714285714285,0.6,0.6,0.5272727272727274,0.5333576782543336,0.2857142857142857,0.6
24352,13,0.4,0.4666666666666666,0.48522855511632257,0.15384615384615385,0.4,0.2,0.3090909090909091,0.31488013066763093,0.15384615384615385,0.2
24366,46,0.4,0.4666666666666666,0.48522855511632257,0.043478260869565216,0.4,0.2,0.3090909090909091,0.31488013066763093,0.043478260869565216,0.2
24368,5,0.2,0.26666666666666666,0.2139862647345275,0.2,0.2,0.2,0.225,0.2139862647345275,0.2,0.1
24377,3,0.3333333333333333,0.4166666666666667,0.46927872602275644,0.3333333333333333,0.2,0.3333333333333333,0.37037037037037035,0.46927872602275644,0.3333333333333333,0.1
24386,13,0.4,0.4666666666666666,0.48522855511632257,0.15384615384615385,0.4,0.3,0.36363636363636365,0.3843113526044082,0.23076923076923078,0.3
24389,5,0.4,0.5333333333333333,0.5087403079104241,0.4,0.4,0.8,0.45,0.5087403079104241,0.8,0.4
24393,19,0.4,0.39999999999999997,0.4703652827859578,0.10526315789473684,0.4,0.5,0.49090909090909096,0.5232512984721255,0.2631578947368421,0.5
24400,27,1.0,1.0,1.0,0.18518518518518517,1.0,0.8,0.8727272727272727,0.8572048559638626,0.2962962962962963,0.8
24401,22,0.2,0.26666666666666666,0.2139862647345275,0.045454545454545456,0.2,0.1,0.16363636363636364,0.1388624438735545,0.045454545454545456,0.1
24414,18,0.2,0.26666666666666666,0.2139862647345275,0.05555555555555555,0.2,0.2,0.21818181818181823,0.20829366581033176,0.1111111111111111,0.2
24419,14,0.6,0.7333333333333334,0.6992148198508501,0.21428571428571427,0.6,0.3,0.47272727272727266,0.4537425745411855,0.21428571428571427,0.3
24421,30,0.0,0.0,0.0,0.0,0.0,0.1,0.018181818181818177,0.0636207881989517,0.03333333333333333,0.1
24428,26,0.6,0.6,0.6399453854227659,0.11538461538461539,0.6,0.4,0.509090909090909,0.4886446891881013,0.15384615384615385,0.4
24429,32,0.6,0.7333333333333334,0.6992148198508501,0.09375,0.6,0.6,0.6363636363636364,0.6627919420317119,0.1875,0.6
24431,22,0.4,0.6,0.5531464700081437,0.09090909090909091,0.4,0.5,0.5636363636363636,0.5801476231864473,0.22727272727272727,0.5
24437,5,0.2,0.26666666666666666,0.2139862647345275,0.2,0.2,0.4,0.225,0.2139862647345275,0.4,0.2
24440,1,0.0,0.0,0.0,0.0,0.0,1.0,0.0,0.0,1.0,0.1
24450,12,0.6,0.6,0.6399453854227659,0.25,0.6,0.5,0.5818181818181819,0.5631102580041938,0.4166666666666667,0.5
24452,6,0.2,0.3333333333333333,0.33916020527361607,0.16666666666666666,0.2,0.16666666666666666,0.2222222222222222,0.30260241349881345,0.16666666666666666,0.1
24462,3,0.3333333333333333,0.4166666666666667,0.46927872602275644,0.3333333333333333,0.2,0.3333333333333333,0.37037037037037035,0.46927872602275644,0.3333333333333333,0.1
24476,17,0.4,0.4666666666666666,0.48522855511632257,0.11764705882352941,0.4,0.4,0.41818181818181815,0.45449827622138006,0.23529411764705882,0.4
24480,20,0.4,0.39999999999999997,0.4703652827859578,0.1,0.4,0.4,0.41818181818181815,0.4480300279758384,0.2,0.4
24482,12,0.2,0.3333333333333333,0.33916020527361607,0.08333333333333333,0.2,0.2,0.2545454545454545,0.29345568839744024,0.16666666666666666,0.2
24493,13,0.2,0.26666666666666666,0.2139862647345275,0.07692307692307693,0.2,0.1,0.16363636363636364,0.1388624438735545,0.07692307692307693,0.1
24495,36,0.8,0.7333333333333334,0.7860137352654724,0.1111111111111111,0.8,0.8,0.7818181818181817,0.7917063341896682,0.2222222222222222,0.8
24500,13,0.0,0.0,0.0,0.0,0.0,0.1,0.09090909090909091,0.07839826897867533,0.07692307692307693,0.1
24505,2,0.0,0.0,0.0,0.0,0.0,0.0,0.0,0.0,0.0,0.0
24506,4,0.25,0.35714285714285715,0.39038004999210163,0.25,0.2,0.25,0.2941176470588235,0.39038004999210163,0.25,0.1
24515,7,0.2,0.3333333333333333,0.33916020527361607,0.14285714285714285,0.2,0.14285714285714285,0.2040816326530612,0.27487633291429087,0.14285714285714285,0.1
24527,5,0.0,0.0,0.0,0.0,0.0,0.0,0.0,0.0,0.0,0.0
24535,5,0.0,0.0,0.0,0.0,0.0,0.0,0.0,0.0,0.0,0.0
24539,24,0.4,0.6,0.5531464700081437,0.08333333333333333,0.4,0.4,0.43636363636363634,0.4959389204699464,0.16666666666666666,0.4
24541,37,0.6,0.7999999999999999,0.7227265726449518,0.08108108108108109,0.6,0.4,0.5818181818181819,0.5473983622993501,0.10810810810810811,0.4
24542,2,0.0,0.0,0.0,0.0,0.0,0.0,0.0,0.0,0.0,0.0
24548,3,0.3333333333333333,0.0,0.0,0.3333333333333333,0.2,0.3333333333333333,0.0,0.0,0.3333333333333333,0.1
24562,24,0.4,0.4666666666666666,0.48522855511632257,0.08333333333333333,0.4,0.4,0.4181818181818182,0.456899187845258,0.16666666666666666,0.4
24567,2,0.0,0.0,0.0,0.0,0.0,0.5,0.0,0.0,0.5,0.1
24577,26,0.6,0.5333333333333333,0.5147714448836773,0.11538461538461539,0.6,0.6,0.6181818181818183,0.55206785919664,0.23076923076923078,0.6
24579,3,0.3333333333333333,0.33333333333333337,0.29608191096586517,0.3333333333333333,0.2,0.3333333333333333,0.3333333333333333,0.29608191096586517,0.3333333333333333,0.1
24580,6,0.2,0.26666666666666666,0.2139862647345275,0.16666666666666666,0.2,0.3333333333333333,0.2,0.1909208661789346,0.3333333333333333,0.2
24581,21,0.2,0.26666666666666666,0.2139862647345275,0.047619047619047616,0.2,0.5,0.36363636363636365,0.4165669464423478,0.23809523809523808,0.5
24582,29,0.8,0.8666666666666666,0.8539316501572936,0.13793103448275862,0.8,0.7,0.8181818181818182,0.7753366239771085,0.2413793103448276,0.7
24584,17,0.2,0.3333333333333333,0.33916020527361607,0.058823529411764705,0.2,0.2,0.21818181818181817,0.28634598975246917,0.11764705882352941,0.2
24589,42,0.8,0.8000000000000002,0.8304198973631919,0.09523809523809523,0.8,0.8,0.7636363636363636,0.8115558478722846,0.19047619047619047,0.8
24597,18,0.2,0.3333333333333333,0.33916020527361607,0.05555555555555555,0.2,0.3,0.34545454545454546,0.37185395737611554,0.16666666666666666,0.3
24624,6,0.4,0.19999999999999998,0.2772734273550482,0.3333333333333333,0.4,0.3333333333333333,0.28888888888888886,0.24738635904833414,0.3333333333333333,0.2
24631,15,0.4,0.3333333333333333,0.31564845247951445,0.13333333333333333,0.4,0.4,0.34545454545454546,0.33788625765431973,0.26666666666666666,0.4
24634,6,0.6,0.7333333333333334,0.6992148198508501,0.5,0.6,0.6666666666666666,0.6888888888888888,0.7316362001126296,0.6666666666666666,0.4
24636,4,0.0,0.0,0.0,0.0,0.0,0.0,0.0,0.0,0.0,0.0
24638,9,0.2,0.3333333333333333,0.33916020527361607,0.1111111111111111,0.2,0.2222222222222222,0.25925925925925924,0.3133940658859805,0.2222222222222222,0.2
24641,17,0.4,0.3333333333333333,0.31564845247951445,0.11764705882352941,0.4,0.4,0.41818181818181815,0.3526637384340434,0.23529411764705882,0.4
24642,6,0.0,0.0,0.0,0.0,0.0,0.0,0.0,0.0,0.0,0.0
24643,13,1.0,1.0,1.0,0.38461538461538464,1.0,0.8,0.9090909090909091,0.8643145546088338,0.6153846153846154,0.8
24656,53,0.8,0.8000000000000002,0.8304198973631919,0.07547169811320754,0.8,0.7,0.7454545454545454,0.7479350596733328,0.1320754716981132,0.7
24658,19,0.2,0.3333333333333333,0.33916020527361607,0.05263157894736842,0.2,0.2,0.21818181818181817,0.28634598975246917,0.10526315789473684,0.2
24659,2,0.0,0.0,0.0,0.0,0.0,0.0,0.0,0.0,0.0,0.0
24664,11,0.2,0.13333333333333333,0.14606834984270645,0.09090909090909091,0.2,0.1,0.12727272727272726,0.09478836436955078,0.09090909090909091,0.1
24667,9,0.4,0.6,0.5531464700081437,0.2222222222222222,0.4,0.4444444444444444,0.4444444444444444,0.4670676939838279,0.4444444444444444,0.4
24669,1,0.0,0.0,0.0,0.0,0.0,0.0,0.0,0.0,0.0,0.0
24684,12,0.0,0.0,0.0,0.0,0.0,0.1,0.05454545454545456,0.06943122193677725,0.08333333333333333,0.1
24687,10,0.2,0.13333333333333333,0.14606834984270645,0.1,0.2,0.1,0.12727272727272726,0.09478836436955078,0.1,0.1
24688,12,0.2,0.06666666666666665,0.13120507751234176,0.08333333333333333,0.2,0.2,0.2,0.1635413866202963,0.16666666666666666,0.2
24689,5,0.0,0.0,0.0,0.0,0.0,0.0,0.0,0.0,0.0,0.0
24690,3,0.3333333333333333,0.4166666666666667,0.46927872602275644,0.3333333333333333,0.2,0.6666666666666666,0.37037037037037035,0.46927872602275644,0.6666666666666666,0.2
24692,2,0.5,0.5555555555555556,0.6131471927654584,0.5,0.2,0.5,0.5263157894736842,0.6131471927654584,0.5,0.1
24697,2,0.5,0.5555555555555556,0.6131471927654584,0.5,0.2,0.5,0.5263157894736842,0.6131471927654584,0.5,0.1
24698,16,0.2,0.3333333333333333,0.33916020527361607,0.0625,0.2,0.4,0.34545454545454546,0.4315420454124844,0.25,0.4
24709,5,0.4,0.6,0.5531464700081437,0.4,0.4,0.6,0.475,0.5531464700081437,0.6,0.3
24710,6,0.6,0.6,0.529634717214042,0.5,0.6,0.5,0.5333333333333334,0.472545838838712,0.5,0.3
24715,1,0.0,0.0,0.0,0.0,0.0,0.0,0.0,0.0,0.0,0.0
24725,9,0.0,0.0,0.0,0.0,0.0,0.0,0.0,0.0,0.0,0.0
24728,10,0.4,0.6,0.5531464700081437,0.2,0.4,0.2,0.34545454545454546,0.3589542101716347,0.2,0.2
24730,25,0.2,0.3333333333333333,0.33916020527361607,0.04,0.2,0.3,0.3090909090909091,0.3647442587311445,0.12,0.3
24732,5,0.2,0.13333333333333333,0.14606834984270645,0.2,0.2,0.2,0.175,0.14606834984270645,0.2,0.1
24735,6,0.4,0.5333333333333333,0.5087403079104241,0.3333333333333333,0.4,0.5,0.4,0.4539036202482201,0.5,0.3
24739,7,0.4,0.6,0.5531464700081437,0.2857142857142857,0.4,0.42857142857142855,0.38775510204081626,0.4483039899025303,0.42857142857142855,0.3
24744,6,0.0,0.0,0.0,0.0,0.0,0.0,0.0,0.0,0.0,0.0
24745,9,0.2,0.13333333333333333,0.14606834984270645,0.1111111111111111,0.2,0.1111111111111111,0.12962962962962962,0.10122860821230019,0.1111111111111111,0.1
24763,1,0.0,0.0,0.0,0.0,0.0,0.0,0.0,0.0,0.0,0.0
24768,6,0.4,0.5333333333333333,0.5087403079104241,0.3333333333333333,0.4,0.6666666666666666,0.4,0.4539036202482201,0.6666666666666666,0.4
24772,12,0.2,0.3333333333333333,0.33916020527361607,0.08333333333333333,0.2,0.3,0.29090909090909095,0.3621108234757072,0.25,0.3
24781,2,0.5,0.5555555555555556,0.6131471927654584,0.5,0.2,0.5,0.5263157894736842,0.6131471927654584,0.5,0.1
24793,16,0.6,0.7999999999999999,0.7227265726449518,0.1875,0.6,0.5,0.6363636363636364,0.6168295842361273,0.3125,0.5
24795,2,0.5,0.0,0.0,0.5,0.2,0.5,0.0,0.0,0.5,0.1
24801,3,0.3333333333333333,0.0,0.0,0.3333333333333333,0.2,0.3333333333333333,0.0,0.0,0.3333333333333333,0.1
24804,14,0.4,0.4000000000000001,0.3600546145772339,0.14285714285714285,0.4,0.3,0.38181818181818183,0.31204907722178055,0.21428571428571427,0.3
24806,17,0.2,0.26666666666666666,0.2139862647345275,0.058823529411764705,0.2,0.1,0.16363636363636364,0.1388624438735545,0.058823529411764705,0.1
24812,5,0.2,0.3333333333333333,0.33916020527361607,0.2,0.2,0.2,0.25,0.33916020527361607,0.2,0.1
24817,7,0.4,0.39999999999999997,0.4703652827859578,0.2857142857142857,0.4,0.42857142857142855,0.42857142857142855,0.47912593929448843,0.42857142857142855,0.3
24821,3,0.0,0.0,0.0,0.0,0.0,0.3333333333333333,0.0,0.0,0.3333333333333333,0.1
24829,32,0.2,0.26666666666666666,0.2139862647345275,0.03125,0.2,0.1,0.16363636363636364,0.1388624438735545,0.03125,0.1
24836,5,0.4,0.39999999999999997,0.4703652827859578,0.4,0.4,0.4,0.4,0.4703652827859578,0.4,0.2
24838,1,1.0,1.0,1.0,1.0,0.2,1.0,1.0,1.0,1.0,0.1
24843,3,0.3333333333333333,0.4166666666666667,0.46927872602275644,0.3333333333333333,0.2,0.3333333333333333,0.37037037037037035,0.46927872602275644,0.3333333333333333,0.1
24847,1,1.0,0.0,0.0,1.0,0.2,1.0,0.0,0.0,1.0,0.1
24854,15,0.6,0.7999999999999999,0.7227265726449518,0.2,0.6,0.3,0.49090909090909096,0.46900009332067477,0.2,0.3
24858,21,1.0,1.0,1.0,0.23809523809523808,1.0,0.8,0.8909090909090908,0.8603818544462509,0.38095238095238093,0.8
24860,3,0.0,0.0,0.0,0.0,0.0,0.0,0.0,0.0,0.0,0.0
24863,8,0.2,0.3333333333333333,0.33916020527361607,0.125,0.2,0.125,0.1923076923076923,0.2529427027676571,0.125,0.1
24864,37,0.4,0.5333333333333333,0.5087403079104241,0.05405405405405406,0.4,0.3,0.4,0.40350157154648025,0.08108108108108109,0.3
24865,3,0.0,0.0,0.0,0.0,0.0,0.0,0.0,0.0,0.0,0.0
24872,3,0.6666666666666666,0.75,0.7653606369886217,0.6666666666666666,0.4,0.6666666666666666,0.7037037037037036,0.7653606369886217,0.6666666666666666,0.2
24873,5,0.2,0.19999999999999998,0.16958010263680803,0.2,0.2,0.2,0.2,0.16958010263680803,0.2,0.1
24878,22,0.8,0.9333333333333332,0.8687949224876582,0.18181818181818182,0.8,0.5,0.7090909090909091,0.6421867266689009,0.22727272727272727,0.5
24881,5,0.0,0.0,0.0,0.0,0.0,0.2,0.0,0.0,0.2,0.1
24885,2,0.0,0.0,0.0,0.0,0.0,0.0,0.0,0.0,0.0,0.0
24887,29,0.6,0.6,0.6399453854227659,0.10344827586206896,0.6,0.6,0.6545454545454544,0.6364741801035538,0.20689655172413793,0.6
24888,8,0.0,0.0,0.0,0.0,0.0,0.0,0.0,0.0,0.0,0.0
24889,16,0.6,0.6666666666666666,0.6548086577531306,0.1875,0.6,0.4,0.5272727272727272,0.49828993591603105,0.25,0.4
24890,2,0.5,0.5555555555555556,0.6131471927654584,0.5,0.2,0.5,0.5263157894736842,0.6131471927654584,0.5,0.1
24893,1,0.0,0.0,0.0,0.0,0.0,0.0,0.0,0.0,0.0,0.0
24894,11,0.0,0.0,0.0,0.0,0.0,0.0,0.0,0.0,0.0,0.0
24903,9,0.4,0.39999999999999997,0.4703652827859578,0.2222222222222222,0.4,0.2222222222222222,0.2962962962962963,0.32597358003346416,0.2222222222222222,0.2
24914,2,0.0,0.0,0.0,0.0,0.0,0.0,0.0,0.0,0.0,0.0
24920,9,0.2,0.3333333333333333,0.33916020527361607,0.1111111111111111,0.2,0.1111111111111111,0.18518518518518517,0.23504554941448538,0.1111111111111111,0.1
24923,3,0.3333333333333333,0.4166666666666667,0.46927872602275644,0.3333333333333333,0.2,0.3333333333333333,0.37037037037037035,0.46927872602275644,0.3333333333333333,0.1
24927,15,0.4,0.19999999999999998,0.2772734273550482,0.13333333333333333,0.4,0.4,0.34545454545454546,0.3219505391887988,0.26666666666666666,0.4
24931,3,0.3333333333333333,0.4166666666666667,0.46927872602275644,0.3333333333333333,0.2,0.6666666666666666,0.37037037037037035,0.46927872602275644,0.6666666666666666,0.2
24933,8,0.2,0.3333333333333333,0.33916020527361607,0.125,0.2,0.25,0.28846153846153844,0.34304271142002485,0.25,0.2
24937,1,0.0,0.0,0.0,0.0,0.0,0.0,0.0,0.0,0.0,0.0
24938,3,0.0,0.0,0.0,0.0,0.0,0.0,0.0,0.0,0.0,0.0
24946,6,0.0,0.0,0.0,0.0,0.0,0.0,0.0,0.0,0.0,0.0
24949,4,0.25,0.28571428571428575,0.2463023887407299,0.25,0.2,0.25,0.2647058823529412,0.2463023887407299,0.25,0.1
24951,1,0.0,0.0,0.0,0.0,0.0,0.0,0.0,0.0,0.0,0.0
24955,13,0.2,0.3333333333333333,0.33916020527361607,0.07692307692307693,0.2,0.1,0.18181818181818182,0.22009176629808014,0.07692307692307693,0.1
24959,46,0.4,0.6,0.5531464700081437,0.043478260869565216,0.4,0.2,0.34545454545454546,0.3589542101716347,0.043478260869565216,0.2
24961,5,0.0,0.0,0.0,0.0,0.0,0.2,0.0,0.0,0.2,0.1
24965,53,0.6,0.7333333333333334,0.6992148198508501,0.05660377358490566,0.6,0.7,0.7272727272727273,0.7411902110103872,0.1320754716981132,0.7
24968,11,0.6,0.7333333333333334,0.6992148198508501,0.2727272727272727,0.6,0.4,0.509090909090909,0.5199967979955745,0.36363636363636365,0.4
24970,1,0.0,0.0,0.0,0.0,0.0,1.0,0.0,0.0,1.0,0.1
24976,15,0.2,0.3333333333333333,0.33916020527361607,0.06666666666666667,0.2,0.2,0.2727272727272727,0.2984900352767555,0.13333333333333333,0.2
24983,2,0.5,0.0,0.0,0.5,0.2,0.5,0.0,0.0,0.5,0.1
24984,22,0.4,0.5333333333333333,0.5087403079104241,0.09090909090909091,0.4,0.3,0.41818181818181815,0.4085359184257955,0.13636363636363635,0.3
24990,17,1.0,1.0,1.0,0.29411764705882354,1.0,0.5,0.7272727272727273,0.6489315753318466,0.29411764705882354,0.5
24994,4,0.5,0.5,0.4414924137367807,0.5,0.4,0.5,0.5,0.4414924137367807,0.5,0.2
25003,10,0.4,0.5333333333333333,0.5087403079104241,0.2,0.4,0.4,0.49090909090909085,0.48189984052515555,0.4,0.4
25014,15,0.8,0.9333333333333332,0.8687949224876582,0.26666666666666666,0.8,0.4,0.6181818181818183,0.5637884576902256,0.26666666666666666,0.4
25015,13,0.2,0.06666666666666665,0.13120507751234176,0.07692307692307693,0.2,0.1,0.10909090909090909,0.08514311764162097,0.07692307692307693,0.1
25018,2,0.5,0.0,0.0,0.5,0.2,0.5,0.0,0.0,0.5,0.1
25027,7,0.0,0.0,0.0,0.0,0.0,0.0,0.0,0.0,0.0,0.0
25036,3,0.0,0.0,0.0,0.0,0.0,0.3333333333333333,0.0,0.0,0.3333333333333333,0.1
25038,22,0.2,0.3333333333333333,0.33916020527361607,0.045454545454545456,0.2,0.1,0.18181818181818182,0.22009176629808014,0.045454545454545456,0.1
25039,3,0.3333333333333333,0.0,0.0,0.3333333333333333,0.2,0.3333333333333333,0.0,0.0,0.3333333333333333,0.1
25041,8,0.4,0.5333333333333333,0.5087403079104241,0.25,0.4,0.375,0.44230769230769224,0.4695140628038533,0.375,0.3
25042,2,0.0,0.0,0.0,0.0,0.0,0.0,0.0,0.0,0.0,0.0
25043,14,0.6,0.6,0.6399453854227659,0.21428571428571427,0.6,0.3,0.43636363636363634,0.4152807670887412,0.21428571428571427,0.3
25046,3,0.6666666666666666,0.25,0.23463936301137822,0.6666666666666666,0.4,0.6666666666666666,0.2962962962962963,0.23463936301137822,0.6666666666666666,0.2
25051,5,0.2,0.3333333333333333,0.33916020527361607,0.2,0.2,0.2,0.25,0.33916020527361607,0.2,0.1
25056,7,0.2,0.3333333333333333,0.33916020527361607,0.14285714285714285,0.2,0.14285714285714285,0.2040816326530612,0.27487633291429087,0.14285714285714285,0.1
25057,4,0.25,0.35714285714285715,0.39038004999210163,0.25,0.2,0.25,0.2941176470588235,0.39038004999210163,0.25,0.1
25069,49,0.8,0.9333333333333332,0.8687949224876582,0.08163265306122448,0.8,0.5,0.6909090909090909,0.6371523797895856,0.10204081632653061,0.5
25076,3,0.6666666666666666,0.6666666666666667,0.7039180890341346,0.6666666666666666,0.4,0.6666666666666666,0.6666666666666666,0.7039180890341346,0.6666666666666666,0.2
25080,9,0.4,0.39999999999999997,0.4703652827859578,0.2222222222222222,0.4,0.2222222222222222,0.2962962962962963,0.32597358003346416,0.2222222222222222,0.2
25084,6,0.6,0.7333333333333334,0.6992148198508501,0.5,0.6,0.5,0.5777777777777777,0.6238470455881188,0.5,0.3
25089,25,0.4,0.4666666666666666,0.48522855511632257,0.08,0.4,0.3,0.4,0.3932783996463063,0.12,0.3
25097,1,1.0,0.0,0.0,1.0,0.2,1.0,0.0,0.0,1.0,0.1
25099,20,0.0,0.0,0.0,0.0,0.0,0.3,0.16363636363636364,0.21145027911440428,0.15,0.3
25105,1,1.0,1.0,1.0,1.0,0.2,1.0,1.0,1.0,1.0,0.1
25108,6,0.6,0.46666666666666673,0.4912596920895757,0.5,0.6,0.5,0.48888888888888893,0.4383072252272688,0.5,0.3
25109,6,0.2,0.3333333333333333,0.33916020527361607,0.16666666666666666,0.2,0.3333333333333333,0.2222222222222222,0.30260241349881345,0.3333333333333333,0.2
25118,7,0.6,0.6,0.6399453854227659,0.42857142857142855,0.6,0.42857142857142855,0.48979591836734687,0.5186511804016661,0.42857142857142855,0.3
25126,1,0.0,0.0,0.0,0.0,0.0,0.0,0.0,0.0,0.0,0.0
25132,10,0.0,0.0,0.0,0.0,0.0,0.1,0.036363636363636355,0.06625422345438903,0.1,0.1
25133,9,0.2,0.06666666666666665,0.13120507751234176,0.1111111111111111,0.2,0.2222222222222222,0.14814814814814814,0.16168379134005942,0.2222222222222222,0.2
25146,5,0.0,0.0,0.0,0.0,0.0,0.0,0.0,0.0,0.0,0.0
25149,7,0.2,0.3333333333333333,0.33916020527361607,0.14285714285714285,0.2,0.14285714285714285,0.2040816326530612,0.27487633291429087,0.14285714285714285,0.1
25152,24,0.2,0.19999999999999998,0.16958010263680803,0.041666666666666664,0.2,0.2,0.16363636363636364,0.1736666713479918,0.08333333333333333,0.2
25153,31,0.0,0.0,0.0,0.0,0.0,0.0,0.0,0.0,0.0,0.0
25159,18,0.2,0.19999999999999998,0.16958010263680803,0.05555555555555555,0.2,0.2,0.21818181818181823,0.18340980524840012,0.1111111111111111,0.2
25168,36,1.0,1.0,1.0,0.1388888888888889,1.0,0.9,0.9272727272727272,0.92663607790064,0.25,0.9
25174,9,0.0,0.0,0.0,0.0,0.0,0.0,0.0,0.0,0.0,0.0
25175,6,0.2,0.06666666666666665,0.13120507751234176,0.16666666666666666,0.2,0.16666666666666666,0.13333333333333333,0.11706259313796352,0.16666666666666666,0.1
25179,10,0.0,0.0,0.0,0.0,0.0,0.1,0.018181818181818177,0.0636207881989517,0.1,0.1
25182,13,0.4,0.6,0.5531464700081437,0.15384615384615385,0.4,0.2,0.34545454545454546,0.3589542101716347,0.15384615384615385,0.2
25185,1,1.0,0.0,0.0,1.0,0.2,1.0,0.0,0.0,1.0,0.1
25186,4,0.25,0.35714285714285715,0.39038004999210163,0.25,0.2,0.25,0.2941176470588235,0.39038004999210163,0.25,0.1
25188,1,1.0,1.0,1.0,1.0,0.2,1.0,1.0,1.0,1.0,0.1
25192,5,0.2,0.3333333333333333,0.33916020527361607,0.2,0.2,0.4,0.25,0.33916020527361607,0.4,0.2
25193,11,0.0,0.0,0.0,0.0,0.0,0.0,0.0,0.0,0.0,0.0
25199,6,0.2,0.19999999999999998,0.16958010263680803,0.16666666666666666,0.2,0.3333333333333333,0.17777777777777778,0.15130120674940672,0.3333333333333333,0.2
25201,1,1.0,1.0,1.0,1.0,0.2,1.0,1.0,1.0,1.0,0.1
25204,3,0.3333333333333333,0.33333333333333337,0.29608191096586517,0.3333333333333333,0.2,0.3333333333333333,0.3333333333333333,0.29608191096586517,0.3333333333333333,0.1
25206,3,0.3333333333333333,0.25,0.23463936301137822,0.3333333333333333,0.2,0.3333333333333333,0.2962962962962963,0.23463936301137822,0.3333333333333333,0.1
25209,2,0.0,0.0,0.0,0.0,0.0,0.0,0.0,0.0,0.0,0.0
25223,5,0.6,0.46666666666666673,0.4912596920895757,0.6,0.6,0.6,0.55,0.4912596920895757,0.6,0.3
25226,3,0.3333333333333333,0.4166666666666667,0.46927872602275644,0.3333333333333333,0.2,0.3333333333333333,0.37037037037037035,0.46927872602275644,0.3333333333333333,0.1
25230,41,0.8,0.8666666666666666,0.8539316501572936,0.0975609756097561,0.8,0.5,0.6909090909090909,0.6325414799409711,0.12195121951219512,0.5
25243,10,0.4,0.5333333333333333,0.5087403079104241,0.2,0.4,0.2,0.32727272727272727,0.3301376494471202,0.2,0.2
25244,24,0.6,0.7999999999999999,0.7227265726449518,0.125,0.6,0.4,0.5272727272727273,0.5352543167750639,0.16666666666666666,0.4
25255,10,0.2,0.06666666666666665,0.13120507751234176,0.1,0.2,0.1,0.10909090909090909,0.08514311764162097,0.1,0.1
25262,19,0.2,0.3333333333333333,0.33916020527361607,0.05263157894736842,0.2,0.1,0.18181818181818182,0.22009176629808014,0.05263157894736842,0.1
25264,3,0.0,0.0,0.0,0.0,0.0,0.0,0.0,0.0,0.0,0.0
25265,12,0.2,0.3333333333333333,0.33916020527361607,0.08333333333333333,0.2,0.2,0.2727272727272727,0.2984900352767555,0.16666666666666666,0.2
25266,16,0.2,0.3333333333333333,0.33916020527361607,0.0625,0.2,0.2,0.21818181818181817,0.28634598975246917,0.125,0.2
25267,6,0.2,0.06666666666666665,0.13120507751234176,0.16666666666666666,0.2,0.16666666666666666,0.13333333333333333,0.11706259313796352,0.16666666666666666,0.1
25270,6,0.2,0.3333333333333333,0.33916020527361607,0.16666666666666666,0.2,0.16666666666666666,0.2222222222222222,0.30260241349881345,0.16666666666666666,0.1
25284,2,0.0,0.0,0.0,0.0,0.0,0.0,0.0,0.0,0.0,0.0
25287,6,0.2,0.3333333333333333,0.33916020527361607,0.16666666666666666,0.2,0.16666666666666666,0.2222222222222222,0.30260241349881345,0.16666666666666666,0.1
25293,1,0.0,0.0,0.0,0.0,0.0,0.0,0.0,0.0,0.0,0.0
25295,22,0.2,0.3333333333333333,0.33916020527361607,0.045454545454545456,0.2,0.1,0.18181818181818182,0.22009176629808014,0.045454545454545456,0.1
25296,10,0.4,0.6,0.5531464700081437,0.2,0.4,0.3,0.4,0.4283854321084119,0.3,0.3
25301,7,0.4,0.4666666666666666,0.48522855511632257,0.2857142857142857,0.4,0.2857142857142857,0.346938775510204,0.3932591258696538,0.2857142857142857,0.2
25306,37,0.6,0.7999999999999999,0.7227265726449518,0.08108108108108109,0.6,0.6,0.6909090909090909,0.6870165078530992,0.16216216216216217,0.6
25307,4,0.75,0.7142857142857143,0.7536976112592699,0.75,0.6,0.75,0.7352941176470588,0.7536976112592699,0.75,0.3
25308,15,1.0,1.0,1.0,0.3333333333333333,1.0,0.7,0.8363636363636364,0.7885497208855957,0.4666666666666667,0.7
25311,8,0.0,0.0,0.0,0.0,0.0,0.0,0.0,0.0,0.0,0.0
25312,17,0.2,0.06666666666666665,0.13120507751234176,0.058823529411764705,0.2,0.1,0.10909090909090909,0.08514311764162097,0.058823529411764705,0.1
25320,8,0.6,0.7999999999999999,0.7227265726449518,0.375,0.6,0.5,0.5192307692307693,0.5390031312763821,0.5,0.4
25340,15,0.4,0.4666666666666666,0.48522855511632257,0.13333333333333333,0.4,0.4,0.4727272727272727,0.4666423217456664,0.26666666666666666,0.4
25342,67,0.4,0.4666666666666666,0.48522855511632257,0.029850746268656716,0.4,0.4,0.4727272727272727,0.4666423217456664,0.05970149253731343,0.4
25353,12,0.2,0.3333333333333333,0.33916020527361607,0.08333333333333333,0.2,0.2,0.2727272727272727,0.2984900352767555,0.16666666666666666,0.2
25362,7,0.2,0.3333333333333333,0.33916020527361607,0.14285714285714285,0.2,0.14285714285714285,0.2040816326530612,0.27487633291429087,0.14285714285714285,0.1
25371,1,0.0,0.0,0.0,0.0,0.0,0.0,0.0,0.0,0.0,0.0
25374,1,1.0,1.0,1.0,1.0,0.2,1.0,1.0,1.0,1.0,0.1
25385,3,0.0,0.0,0.0,0.0,0.0,0.0,0.0,0.0,0.0,0.0
25386,6,0.0,0.0,0.0,0.0,0.0,0.0,0.0,0.0,0.0,0.0
25388,5,0.0,0.0,0.0,0.0,0.0,0.0,0.0,0.0,0.0,0.0
25395,28,0.8,0.9333333333333332,0.8687949224876582,0.14285714285714285,0.8,0.7,0.8,0.7791714369672127,0.25,0.7
25398,5,0.0,0.0,0.0,0.0,0.0,0.0,0.0,0.0,0.0,0.0
25402,8,0.2,0.3333333333333333,0.33916020527361607,0.125,0.2,0.25,0.28846153846153844,0.34304271142002485,0.25,0.2
25404,41,0.6,0.6666666666666666,0.6548086577531306,0.07317073170731707,0.6,0.5,0.6,0.5727555047321236,0.12195121951219512,0.5
25410,10,0.0,0.0,0.0,0.0,0.0,0.1,0.07272727272727274,0.07336392209936006,0.1,0.1
25414,17,0.8,0.8000000000000002,0.8304198973631919,0.23529411764705882,0.8,0.5,0.6727272727272727,0.6172839611614818,0.29411764705882354,0.5
25419,1,0.0,0.0,0.0,0.0,0.0,0.0,0.0,0.0,0.0,0.0
25420,8,0.2,0.3333333333333333,0.33916020527361607,0.125,0.2,0.125,0.1923076923076923,0.2529427027676571,0.125,0.1
25422,4,0.5,0.5714285714285715,0.5855700749881524,0.5,0.4,0.5,0.5294117647058824,0.5855700749881524,0.5,0.2
25431,2,0.0,0.0,0.0,0.0,0.0,0.0,0.0,0.0,0.0,0.0
25436,11,0.4,0.3333333333333333,0.34519134224686926,0.18181818181818182,0.4,0.3,0.36363636363636365,0.30240383049385083,0.2727272727272727,0.3
25440,3,0.0,0.0,0.0,0.0,0.0,0.0,0.0,0.0,0.0,0.0
25441,4,0.5,0.6428571428571429,0.6366824387328316,0.5,0.4,0.5,0.5588235294117646,0.6366824387328316,0.5,0.2
25444,3,0.0,0.0,0.0,0.0,0.0,0.0,0.0,0.0,0.0,0.0
25463,2,0.0,0.0,0.0,0.0,0.0,0.0,0.0,0.0,0.0,0.0
25474,40,0.8,0.8666666666666666,0.8539316501572936,0.1,0.8,0.8,0.8545454545454546,0.8415908474314975,0.2,0.8
25478,38,0.6,0.7999999999999999,0.7227265726449518,0.07894736842105263,0.6,0.5,0.6545454545454545,0.6207622843987102,0.13157894736842105,0.5
25482,38,0.6,0.6,0.529634717214042,0.07894736842105263,0.6,0.5,0.5272727272727273,0.48068140169045714,0.13157894736842105,0.5
25485,37,0.6,0.7333333333333334,0.6992148198508501,0.08108108108108109,0.6,0.3,0.47272727272727266,0.4537425745411855,0.08108108108108109,0.3
25486,35,0.8,0.8666666666666666,0.8539316501572936,0.11428571428571428,0.8,0.9,0.8727272727272727,0.9052116356304492,0.2571428571428571,0.9
25488,2,0.5,0.0,0.0,0.5,0.2,1.0,0.0,0.0,1.0,0.2
25491,3,0.3333333333333333,0.4166666666666667,0.46927872602275644,0.3333333333333333,0.2,0.3333333333333333,0.37037037037037035,0.46927872602275644,0.3333333333333333,0.1
25492,13,0.2,0.26666666666666666,0.2139862647345275,0.07692307692307693,0.2,0.2,0.23636363636363636,0.21222636597291453,0.15384615384615385,0.2
25496,22,0.6,0.6,0.529634717214042,0.13636363636363635,0.6,0.5,0.5454545454545454,0.4833148369458945,0.22727272727272727,0.5
25498,8,0.6,0.6666666666666666,0.6843515475204854,0.375,0.6,0.5,0.5576923076923077,0.5946976087835997,0.5,0.4
25504,12,0.4,0.5333333333333333,0.5087403079104241,0.16666666666666666,0.4,0.3,0.38181818181818183,0.3995688713838974,0.25,0.3
25505,3,0.3333333333333333,0.33333333333333337,0.29608191096586517,0.3333333333333333,0.2,0.3333333333333333,0.3333333333333333,0.29608191096586517,0.3333333333333333,0.1
25506,3,0.3333333333333333,0.25,0.23463936301137822,0.3333333333333333,0.2,0.3333333333333333,0.2962962962962963,0.23463936301137822,0.3333333333333333,0.1
25513,5,0.0,0.0,0.0,0.0,0.0,0.0,0.0,0.0,0.0,0.0
25518,1,0.0,0.0,0.0,0.0,0.0,0.0,0.0,0.0,0.0,0.0
25522,2,0.5,0.4444444444444445,0.3868528072345415,0.5,0.2,1.0,0.4736842105263158,0.3868528072345415,1.0,0.2
25525,7,0.2,0.26666666666666666,0.2139862647345275,0.14285714285714285,0.2,0.14285714285714285,0.18367346938775508,0.17342765698823942,0.14285714285714285,0.1
25529,22,0.6,0.6,0.6399453854227659,0.13636363636363635,0.6,0.4,0.45454545454545453,0.4789015552876929,0.18181818181818182,0.4
25536,4,0.5,0.35714285714285715,0.39038004999210163,0.5,0.4,0.5,0.2941176470588235,0.39038004999210163,0.5,0.2
25537,4,0.0,0.0,0.0,0.0,0.0,0.25,0.0,0.0,0.25,0.1
25544,1,1.0,1.0,1.0,1.0,0.2,1.0,1.0,1.0,1.0,0.1
25554,5,0.0,0.0,0.0,0.0,0.0,0.0,0.0,0.0,0.0,0.0
25563,17,0.0,0.0,0.0,0.0,0.0,0.0,0.0,0.0,0.0,0.0
25565,21,0.8,0.8666666666666666,0.8539316501572936,0.19047619047619047,0.8,0.5,0.6181818181818183,0.6177639991612476,0.23809523809523808,0.5
25571,10,0.0,0.0,0.0,0.0,0.0,0.0,0.0,0.0,0.0,0.0
25582,27,0.4,0.3333333333333333,0.34519134224686926,0.07407407407407407,0.4,0.4,0.4,0.3668007055513128,0.14814814814814814,0.4
25585,9,0.2,0.3333333333333333,0.33916020527361607,0.1111111111111111,0.2,0.1111111111111111,0.18518518518518517,0.23504554941448538,0.1111111111111111,0.1
25617,17,0.4,0.4666666666666666,0.48522855511632257,0.11764705882352941,0.4,0.3,0.38181818181818183,0.38824405276699103,0.17647058823529413,0.3
25624,4,0.0,0.0,0.0,0.0,0.0,0.0,0.0,0.0,0.0,0.0
25626,3,0.0,0.0,0.0,0.0,0.0,0.0,0.0,0.0,0.0,0.0
25629,10,0.2,0.3333333333333333,0.33916020527361607,0.1,0.2,0.2,0.2,0.2837125544970318,0.2,0.2
25633,5,0.0,0.0,0.0,0.0,0.0,0.0,0.0,0.0,0.0,0.0
25639,1,0.0,0.0,0.0,0.0,0.0,0.0,0.0,0.0,0.0,0.0
25643,17,0.6,0.7333333333333334,0.6992148198508501,0.17647058823529413,0.6,0.3,0.47272727272727266,0.4537425745411855,0.17647058823529413,0.3
25650,1,0.0,0.0,0.0,0.0,0.0,0.0,0.0,0.0,0.0,0.0
25653,10,0.8,0.8000000000000002,0.8304198973631919,0.4,0.8,0.4,0.5818181818181818,0.5388856921828065,0.4,0.4
25656,24,0.4,0.19999999999999998,0.2772734273550482,0.08333333333333333,0.4,0.3,0.2727272727272727,0.24618570546556073,0.125,0.3
25658,7,0.0,0.0,0.0,0.0,0.0,0.0,0.0,0.0,0.0,0.0
25659,23,0.0,0.0,0.0,0.0,0.0,0.1,0.05454545454545456,0.06943122193677725,0.043478260869565216,0.1
25660,6,0.6,0.6,0.529634717214042,0.5,0.6,0.5,0.5333333333333334,0.472545838838712,0.5,0.3
25662,11,0.8,0.7333333333333334,0.7860137352654724,0.36363636363636365,0.8,0.5,0.6545454545454545,0.5884674004369673,0.45454545454545453,0.5
25664,19,1.0,1.0,1.0,0.2631578947368421,1.0,0.8,0.8727272727272727,0.8553475075669357,0.42105263157894735,0.8
25666,9,0.2,0.3333333333333333,0.33916020527361607,0.1111111111111111,0.2,0.1111111111111111,0.18518518518518517,0.23504554941448538,0.1111111111111111,0.1
25668,11,0.6,0.7333333333333334,0.6992148198508501,0.2727272727272727,0.6,0.4,0.5272727272727272,0.5231737964779627,0.36363636363636365,0.4
25674,3,0.3333333333333333,0.25,0.23463936301137822,0.3333333333333333,0.2,0.3333333333333333,0.2962962962962963,0.23463936301137822,0.3333333333333333,0.1
25675,4,0.0,0.0,0.0,0.0,0.0,0.0,0.0,0.0,0.0,0.0
25676,37,0.4,0.4666666666666666,0.38356636737133554,0.05405405405405406,0.4,0.4,0.38181818181818183,0.3819603371583235,0.10810810810810811,0.4
25678,4,0.25,0.28571428571428575,0.2463023887407299,0.25,0.2,0.5,0.2647058823529412,0.2463023887407299,0.5,0.2
25684,23,0.8,0.9333333333333332,0.8687949224876582,0.17391304347826086,0.8,0.7,0.781818181818182,0.772837825180752,0.30434782608695654,0.7
25685,13,0.2,0.3333333333333333,0.33916020527361607,0.07692307692307693,0.2,0.1,0.18181818181818182,0.22009176629808014,0.07692307692307693,0.1
25694,27,0.6,0.7333333333333334,0.6992148198508501,0.1111111111111111,0.6,0.5,0.5636363636363636,0.5907272848394972,0.18518518518518517,0.5
25701,2,0.5,0.4444444444444445,0.3868528072345415,0.5,0.2,1.0,0.4736842105263158,0.3868528072345415,1.0,0.2
25706,11,0.4,0.6,0.5531464700081437,0.18181818181818182,0.4,0.3,0.4,0.4283854321084119,0.2727272727272727,0.3
25711,3,0.0,0.0,0.0,0.0,0.0,0.0,0.0,0.0,0.0,0.0
25714,1,0.0,0.0,0.0,0.0,0.0,0.0,0.0,0.0,0.0,0.0
25720,61,0.2,0.19999999999999998,0.16958010263680803,0.01639344262295082,0.2,0.1,0.14545454545454548,0.11004588314904007,0.01639344262295082,0.1
25739,25,0.6,0.7333333333333334,0.6992148198508501,0.12,0.6,0.3,0.47272727272727266,0.4537425745411855,0.12,0.3
25743,42,0.8,0.9333333333333332,0.8687949224876582,0.09523809523809523,0.8,0.8,0.8,0.8364586133797037,0.19047619047619047,0.8
25750,5,0.4,0.4000000000000001,0.3600546145772339,0.4,0.4,0.4,0.4,0.3600546145772339,0.4,0.2
25753,11,0.8,0.9333333333333332,0.8687949224876582,0.36363636363636365,0.8,0.8,0.8,0.8364586133797037,0.7272727272727273,0.8
25755,9,0.6,0.6666666666666666,0.6843515475204854,0.3333333333333333,0.6,0.7777777777777778,0.6296296296296297,0.6975237030812637,0.7777777777777778,0.7
25765,4,0.25,0.35714285714285715,0.39038004999210163,0.25,0.2,0.25,0.2941176470588235,0.39038004999210163,0.25,0.1
25774,7,0.2,0.3333333333333333,0.33916020527361607,0.14285714285714285,0.2,0.42857142857142855,0.2040816326530612,0.27487633291429087,0.42857142857142855,0.3
25775,23,0.6,0.6666666666666666,0.6548086577531306,0.13043478260869565,0.6,0.6,0.6000000000000001,0.6313419460517601,0.2608695652173913,0.6
25786,27,0.8,0.8666666666666666,0.8539316501572936,0.14814814814814814,0.8,0.5,0.6909090909090909,0.6325414799409711,0.18518518518518517,0.5
25788,26,0.6,0.6666666666666666,0.6548086577531306,0.11538461538461539,0.6,0.3,0.45454545454545453,0.424926013816671,0.11538461538461539,0.3
25794,5,0.0,0.0,0.0,0.0,0.0,0.0,0.0,0.0,0.0,0.0
25799,7,0.6,0.7999999999999999,0.7227265726449518,0.42857142857142855,0.6,0.7142857142857143,0.5510204081632653,0.5857421563596757,0.7142857142857143,0.5
25800,3,0.0,0.0,0.0,0.0,0.0,0.0,0.0,0.0,0.0,0.0
25811,47,0.6,0.5333333333333333,0.6164336326286642,0.06382978723404255,0.6,0.6,0.6,0.615406227586239,0.1276595744680851,0.6
25817,19,0.6,0.6666666666666666,0.6548086577531306,0.15789473684210525,0.6,0.3,0.45454545454545453,0.424926013816671,0.15789473684210525,0.3
25829,11,0.2,0.3333333333333333,0.33916020527361607,0.09090909090909091,0.2,0.1,0.18181818181818182,0.22009176629808014,0.09090909090909091,0.1
25831,6,0.2,0.3333333333333333,0.33916020527361607,0.16666666666666666,0.2,0.16666666666666666,0.2222222222222222,0.30260241349881345,0.16666666666666666,0.1
25839,15,0.0,0.0,0.0,0.0,0.0,0.2,0.10909090909090909,0.13961814555374907,0.13333333333333333,0.2
25840,4,0.0,0.0,0.0,0.0,0.0,0.25,0.0,0.0,0.25,0.1
25847,5,0.0,0.0,0.0,0.0,0.0,0.2,0.0,0.0,0.2,0.1
25848,30,1.0,1.0,1.0,0.16666666666666666,1.0,0.8,0.9454545454545454,0.8701249883466592,0.26666666666666666,0.8
25849,10,0.2,0.26666666666666666,0.2139862647345275,0.1,0.2,0.1,0.16363636363636364,0.1388624438735545,0.1,0.1
25853,5,0.2,0.26666666666666666,0.2139862647345275,0.2,0.2,0.4,0.225,0.2139862647345275,0.4,0.2
25864,1,0.0,0.0,0.0,0.0,0.0,0.0,0.0,0.0,0.0,0.0
25865,18,0.4,0.4666666666666666,0.38356636737133554,0.1111111111111111,0.4,0.4,0.45454545454545453,0.39673781793804713,0.2222222222222222,0.4
25869,1,0.0,0.0,0.0,0.0,0.0,0.0,0.0,0.0,0.0,0.0
25877,20,0.2,0.3333333333333333,0.33916020527361607,0.05,0.2,0.1,0.18181818181818182,0.22009176629808014,0.05,0.1
25879,1,0.0,0.0,0.0,0.0,0.0,0.0,0.0,0.0,0.0,0.0
25880,14,0.4,0.6,0.5531464700081437,0.14285714285714285,0.4,0.2,0.34545454545454546,0.3589542101716347,0.14285714285714285,0.2
25882,8,0.0,0.0,0.0,0.0,0.0,0.0,0.0,0.0,0.0,0.0
25888,14,0.2,0.3333333333333333,0.33916020527361607,0.07142857142857142,0.2,0.1,0.18181818181818182,0.22009176629808014,0.07142857142857142,0.1
25896,13,0.4,0.4666666666666666,0.48522855511632257,0.15384615384615385,0.4,0.2,0.3090909090909091,0.31488013066763093,0.15384615384615385,0.2
25899,35,0.4,0.39999999999999997,0.4703652827859578,0.05714285714285714,0.4,0.5,0.43636363636363634,0.5135081645717171,0.14285714285714285,0.5
25928,2,0.0,0.0,0.0,0.0,0.0,0.0,0.0,0.0,0.0,0.0
25932,5,0.0,0.0,0.0,0.0,0.0,0.0,0.0,0.0,0.0,0.0
25948,9,0.0,0.0,0.0,0.0,0.0,0.0,0.0,0.0,0.0,0.0
25949,34,0.8,0.9333333333333332,0.8687949224876582,0.11764705882352941,0.8,0.6,0.7454545454545456,0.7065836017263629,0.17647058823529413,0.6
25950,3,0.0,0.0,0.0,0.0,0.0,0.0,0.0,0.0,0.0,0.0
25960,83,1.0,1.0,1.0,0.060240963855421686,1.0,1.0,1.0,1.0,0.12048192771084337,1.0
25965,35,0.4,0.4666666666666666,0.38356636737133554,0.05714285714285714,0.4,0.4,0.4,0.38459377241376086,0.11428571428571428,0.4
25973,5,0.0,0.0,0.0,0.0,0.0,0.4,0.0,0.0,0.4,0.2
25980,3,0.3333333333333333,0.33333333333333337,0.29608191096586517,0.3333333333333333,0.2,0.3333333333333333,0.3333333333333333,0.29608191096586517,0.3333333333333333,0.1
25984,6,0.2,0.3333333333333333,0.33916020527361607,0.16666666666666666,0.2,0.16666666666666666,0.2222222222222222,0.30260241349881345,0.16666666666666666,0.1
25986,1,0.0,0.0,0.0,0.0,0.0,0.0,0.0,0.0,0.0,0.0
25989,30,0.6,0.5333333333333333,0.6164336326286642,0.1,0.6,0.5,0.5636363636363636,0.5478527392247045,0.16666666666666666,0.5
25990,4,0.0,0.0,0.0,0.0,0.0,0.0,0.0,0.0,0.0,0.0
25996,29,0.2,0.13333333333333333,0.14606834984270645,0.034482758620689655,0.2,0.2,0.21818181818181817,0.1731866333482261,0.06896551724137931,0.2
25999,17,0.2,0.3333333333333333,0.33916020527361607,0.058823529411764705,0.2,0.2,0.21818181818181817,0.28634598975246917,0.11764705882352941,0.2
26003,2,0.0,0.0,0.0,0.0,0.0,0.0,0.0,0.0,0.0,0.0
26015,2,0.0,0.0,0.0,0.0,0.0,0.0,0.0,0.0,0.0,0.0
26017,4,0.0,0.0,0.0,0.0,0.0,0.0,0.0,0.0,0.0,0.0
26022,6,0.0,0.0,0.0,0.0,0.0,0.0,0.0,0.0,0.0,0.0
26030,1,0.0,0.0,0.0,0.0,0.0,0.0,0.0,0.0,0.0,0.0
26034,20,0.8,0.6666666666666666,0.6608397947263838,0.2,0.8,0.5,0.6363636363636365,0.5072380780124417,0.25,0.5
26037,34,0.4,0.3333333333333333,0.34519134224686926,0.058823529411764705,0.4,0.3,0.29090909090909095,0.28762634971412715,0.08823529411764706,0.3
26038,13,0.6,0.7999999999999999,0.7227265726449518,0.23076923076923078,0.6,0.4,0.5454545454545454,0.538431315257452,0.3076923076923077,0.4
26045,2,0.5,0.0,0.0,0.5,0.2,0.5,0.0,0.0,0.5,0.1
26047,19,0.4,0.39999999999999997,0.4703652827859578,0.10526315789473684,0.4,0.3,0.34545454545454546,0.3746661058764783,0.15789473684210525,0.3
26059,2,0.0,0.0,0.0,0.0,0.0,0.0,0.0,0.0,0.0,0.0
26062,4,0.5,0.5714285714285715,0.5855700749881524,0.5,0.4,0.75,0.5294117647058824,0.5855700749881524,0.75,0.3
26063,20,0.4,0.19999999999999998,0.2772734273550482,0.1,0.4,0.3,0.309090909090909,0.2532954041105318,0.15,0.3
26066,14,0.0,0.0,0.0,0.0,0.0,0.0,0.0,0.0,0.0,0.0
26067,2,0.0,0.0,0.0,0.0,0.0,0.5,0.0,0.0,0.5,0.1
26068,19,0.6,0.46666666666666673,0.4912596920895757,0.15789473684210525,0.6,0.4,0.45454545454545453,0.3882251478215035,0.21052631578947367,0.4
26069,11,0.2,0.13333333333333333,0.14606834984270645,0.09090909090909091,0.2,0.1,0.12727272727272726,0.09478836436955078,0.09090909090909091,0.1
26078,21,0.8,0.8000000000000002,0.8304198973631919,0.19047619047619047,0.8,0.5,0.6,0.6025064803817581,0.23809523809523808,0.5
26084,35,0.0,0.0,0.0,0.0,0.0,0.1,0.07272727272727274,0.07336392209936006,0.02857142857142857,0.1
26093,12,0.4,0.26666666666666666,0.3007851801491498,0.16666666666666666,0.4,0.3,0.3272727272727272,0.26855292289002114,0.25,0.3
26095,2,0.5,0.0,0.0,0.5,0.2,0.5,0.0,0.0,0.5,0.1
26101,7,0.2,0.26666666666666666,0.2139862647345275,0.14285714285714285,0.2,0.14285714285714285,0.18367346938775508,0.17342765698823942,0.14285714285714285,0.1
26105,4,0.25,0.35714285714285715,0.39038004999210163,0.25,0.2,0.25,0.2941176470588235,0.39038004999210163,0.25,0.1
26109,11,0.4,0.3333333333333333,0.34519134224686926,0.18181818181818182,0.4,0.2,0.2727272727272727,0.22400556151517548,0.18181818181818182,0.2
26114,1,1.0,0.0,0.0,1.0,0.2,1.0,0.0,0.0,1.0,0.1
26122,21,0.8,0.6666666666666666,0.6608397947263838,0.19047619047619047,0.8,0.4,0.5454545454545455,0.4288398090337664,0.19047619047619047,0.4
26130,23,0.4,0.4000000000000001,0.3600546145772339,0.08695652173913043,0.4,0.3,0.30909090909090914,0.2972715964420569,0.13043478260869565,0.3
26138,5,0.0,0.0,0.0,0.0,0.0,0.2,0.0,0.0,0.2,0.1
26141,7,0.4,0.4666666666666666,0.48522855511632257,0.2857142857142857,0.4,0.2857142857142857,0.346938775510204,0.3932591258696538,0.2857142857142857,0.2
26147,5,0.4,0.5333333333333333,0.5087403079104241,0.4,0.4,0.4,0.45,0.5087403079104241,0.4,0.2
26168,3,0.3333333333333333,0.4166666666666667,0.46927872602275644,0.3333333333333333,0.2,0.3333333333333333,0.37037037037037035,0.46927872602275644,0.3333333333333333,0.1
26179,4,0.25,0.35714285714285715,0.39038004999210163,0.25,0.2,0.5,0.2941176470588235,0.39038004999210163,0.5,0.2
26188,2,0.5,0.4444444444444445,0.3868528072345415,0.5,0.2,0.5,0.4736842105263158,0.3868528072345415,0.5,0.1
26192,1,0.0,0.0,0.0,0.0,0.0,0.0,0.0,0.0,0.0,0.0
26211,3,0.0,0.0,0.0,0.0,0.0,0.0,0.0,0.0,0.0,0.0
26216,11,0.4,0.6,0.5531464700081437,0.18181818181818182,0.4,0.5,0.4727272727272727,0.5621931439243355,0.45454545454545453,0.5
26220,9,0.6,0.7999999999999999,0.7227265726449518,0.3333333333333333,0.6,0.4444444444444444,0.5740740740740741,0.5792140711633723,0.4444444444444444,0.4
26222,20,0.4,0.4666666666666666,0.38356636737133554,0.1,0.4,0.2,0.30909090909090914,0.24890832702259458,0.1,0.2
26223,7,0.6,0.6,0.6399453854227659,0.42857142857142855,0.6,0.42857142857142855,0.48979591836734687,0.5186511804016661,0.42857142857142855,0.3
26227,28,0.6,0.7333333333333334,0.6992148198508501,0.10714285714285714,0.6,0.3,0.47272727272727266,0.4537425745411855,0.10714285714285714,0.3
26228,4,0.5,0.35714285714285715,0.36331756126716824,0.5,0.4,0.5,0.4411764705882352,0.36331756126716824,0.5,0.2
26232,6,0.2,0.13333333333333333,0.14606834984270645,0.16666666666666666,0.2,0.3333333333333333,0.26666666666666666,0.23811292043488155,0.3333333333333333,0.2
26234,1,0.0,0.0,0.0,0.0,0.0,0.0,0.0,0.0,0.0,0.0
26235,15,0.8,0.9333333333333332,0.8687949224876582,0.26666666666666666,0.8,0.4,0.6181818181818183,0.5637884576902256,0.26666666666666666,0.4
26241,6,0.2,0.3333333333333333,0.33916020527361607,0.16666666666666666,0.2,0.3333333333333333,0.2222222222222222,0.30260241349881345,0.3333333333333333,0.2
26244,2,0.0,0.0,0.0,0.0,0.0,0.0,0.0,0.0,0.0,0.0
26253,3,0.6666666666666666,0.6666666666666667,0.7039180890341346,0.6666666666666666,0.4,0.6666666666666666,0.6666666666666666,0.7039180890341346,0.6666666666666666,0.2
26255,1,0.0,0.0,0.0,0.0,0.0,1.0,0.0,0.0,1.0,0.1
26263,58,0.4,0.4666666666666666,0.48522855511632257,0.034482758620689655,0.4,0.3,0.3272727272727272,0.3785009188665826,0.05172413793103448,0.3
26270,9,0.4,0.3333333333333333,0.34519134224686926,0.2222222222222222,0.4,0.2222222222222222,0.27777777777777773,0.2392252611891279,0.2222222222222222,0.2
26274,2,0.5,0.5555555555555556,0.6131471927654584,0.5,0.2,0.5,0.5263157894736842,0.6131471927654584,0.5,0.1
26279,48,0.6,0.39999999999999997,0.4468535299918562,0.0625,0.6,0.5,0.5454545454545454,0.44173955623824723,0.10416666666666667,0.5
26295,19,0.4,0.4666666666666666,0.38356636737133554,0.10526315789473684,0.4,0.3,0.34545454545454546,0.3151625504769836,0.15789473684210525,0.3
26301,4,0.25,0.28571428571428575,0.2463023887407299,0.25,0.2,0.25,0.2647058823529412,0.2463023887407299,0.25,0.1
26303,3,0.3333333333333333,0.4166666666666667,0.46927872602275644,0.3333333333333333,0.2,0.3333333333333333,0.37037037037037035,0.46927872602275644,0.3333333333333333,0.1
26309,13,0.2,0.3333333333333333,0.33916020527361607,0.07692307692307693,0.2,0.1,0.18181818181818182,0.22009176629808014,0.07692307692307693,0.1
26310,1,1.0,0.0,0.0,1.0,0.2,1.0,0.0,0.0,1.0,0.1
26314,2,0.0,0.0,0.0,0.0,0.0,0.0,0.0,0.0,0.0,0.0
26316,26,0.0,0.0,0.0,0.0,0.0,0.1,0.05454545454545456,0.06943122193677725,0.038461538461538464,0.1
26317,8,0.6,0.5333333333333333,0.5147714448836773,0.375,0.6,0.375,0.44230769230769235,0.38391202314388534,0.375,0.3
26333,3,0.3333333333333333,0.4166666666666667,0.46927872602275644,0.3333333333333333,0.2,0.3333333333333333,0.37037037037037035,0.46927872602275644,0.3333333333333333,0.1
26334,27,0.8,0.7333333333333334,0.7860137352654724,0.14814814814814814,0.8,0.6,0.6909090909090909,0.6528642754944293,0.2222222222222222,0.6
26337,5,0.0,0.0,0.0,0.0,0.0,0.0,0.0,0.0,0.0,0.0
26339,11,0.2,0.06666666666666665,0.13120507751234176,0.09090909090909091,0.2,0.1,0.10909090909090909,0.08514311764162097,0.09090909090909091,0.1
26340,7,0.4,0.4000000000000001,0.3600546145772339,0.2857142857142857,0.4,0.5714285714285714,0.42857142857142855,0.3897233752935701,0.5714285714285714,0.4
26345,5,0.4,0.4666666666666666,0.48522855511632257,0.4,0.4,0.4,0.425,0.48522855511632257,0.4,0.2
26347,5,0.4,0.6,0.5531464700081437,0.4,0.4,0.4,0.475,0.5531464700081437,0.4,0.2
26350,1,0.0,0.0,0.0,0.0,0.0,0.0,0.0,0.0,0.0,0.0
26356,15,0.4,0.6,0.5531464700081437,0.13333333333333333,0.4,0.2,0.34545454545454546,0.3589542101716347,0.13333333333333333,0.2
26360,5,0.2,0.26666666666666666,0.2139862647345275,0.2,0.2,0.4,0.225,0.2139862647345275,0.4,0.2
26370,18,0.0,0.0,0.0,0.0,0.0,0.1,0.036363636363636355,0.06625422345438903,0.05555555555555555,0.1
26379,2,0.0,0.0,0.0,0.0,0.0,0.0,0.0,0.0,0.0,0.0
26384,18,0.8,0.8666666666666666,0.8539316501572936,0.2222222222222222,0.8,0.4,0.6000000000000001,0.5541432109622958,0.2222222222222222,0.4
26395,2,0.0,0.0,0.0,0.0,0.0,0.0,0.0,0.0,0.0,0.0
26401,35,0.6,0.7999999999999999,0.7227265726449518,0.08571428571428572,0.6,0.3,0.49090909090909096,0.46900009332067477,0.08571428571428572,0.3
26407,17,0.8,0.8666666666666666,0.8539316501572936,0.23529411764705882,0.8,0.5,0.6909090909090909,0.6325414799409711,0.29411764705882354,0.5
26420,1,0.0,0.0,0.0,0.0,0.0,0.0,0.0,0.0,0.0,0.0
26427,4,0.0,0.0,0.0,0.0,0.0,0.0,0.0,0.0,0.0,0.0
26430,9,0.2,0.3333333333333333,0.33916020527361607,0.1111111111111111,0.2,0.1111111111111111,0.18518518518518517,0.23504554941448538,0.1111111111111111,0.1
26432,1,1.0,0.0,0.0,1.0,0.2,1.0,0.0,0.0,1.0,0.1
26433,33,0.4,0.4000000000000001,0.3600546145772339,0.06060606060606061,0.4,0.3,0.36363636363636365,0.30701473034246535,0.09090909090909091,0.3
26438,4,0.25,0.28571428571428575,0.2463023887407299,0.25,0.2,0.25,0.2647058823529412,0.2463023887407299,0.25,0.1
26442,7,0.4,0.5333333333333333,0.5087403079104241,0.2857142857142857,0.4,0.2857142857142857,0.36734693877551017,0.4123144993714362,0.2857142857142857,0.2
26449,12,0.2,0.19999999999999998,0.16958010263680803,0.08333333333333333,0.2,0.1,0.14545454545454548,0.11004588314904007,0.08333333333333333,0.1
26450,21,0.0,0.0,0.0,0.0,0.0,0.0,0.0,0.0,0.0,0.0
26454,5,0.2,0.3333333333333333,0.33916020527361607,0.2,0.2,0.4,0.25,0.33916020527361607,0.4,0.2
26455,2,0.0,0.0,0.0,0.0,0.0,0.5,0.0,0.0,0.5,0.1
26462,11,0.6,0.5333333333333333,0.6164336326286642,0.2727272727272727,0.6,0.3,0.41818181818181815,0.4000232483092519,0.2727272727272727,0.3
26479,6,0.2,0.13333333333333333,0.14606834984270645,0.16666666666666666,0.2,0.5,0.15555555555555556,0.13032376591037065,0.5,0.3
26482,24,0.6,0.6666666666666666,0.6843515475204854,0.125,0.6,0.4,0.5272727272727272,0.5174612499126158,0.16666666666666666,0.4
26491,8,0.0,0.0,0.0,0.0,0.0,0.0,0.0,0.0,0.0,0.0
26496,30,0.4,0.3333333333333333,0.34519134224686926,0.06666666666666667,0.4,0.5,0.4181818181818182,0.4322788421471915,0.16666666666666666,0.5
26499,2,0.0,0.0,0.0,0.0,0.0,0.0,0.0,0.0,0.0,0.0
26500,2,0.0,0.0,0.0,0.0,0.0,0.0,0.0,0.0,0.0,0.0
26502,10,0.4,0.39999999999999997,0.4703652827859578,0.2,0.4,0.3,0.38181818181818183,0.3836331529183764,0.3,0.3
26509,5,0.0,0.0,0.0,0.0,0.0,0.0,0.0,0.0,0.0,0.0
26511,37,0.8,0.9333333333333332,0.8687949224876582,0.10810810810810811,0.8,0.7,0.8,0.7778721720600672,0.1891891891891892,0.7
26512,21,1.0,1.0,1.0,0.23809523809523808,1.0,0.7,0.8181818181818182,0.7859162856301585,0.3333333333333333,0.7
26514,49,0.8,0.7333333333333334,0.7860137352654724,0.08163265306122448,0.8,0.6,0.6181818181818182,0.6399441431116328,0.12244897959183673,0.6
26515,3,0.0,0.0,0.0,0.0,0.0,0.0,0.0,0.0,0.0,0.0
26521,22,0.4,0.6,0.5531464700081437,0.09090909090909091,0.4,0.2,0.34545454545454546,0.3589542101716347,0.09090909090909091,0.2
26522,13,0.2,0.3333333333333333,0.33916020527361607,0.07692307692307693,0.2,0.2,0.2545454545454545,0.29345568839744024,0.15384615384615385,0.2
26525,1,0.0,0.0,0.0,0.0,0.0,0.0,0.0,0.0,0.0,0.0
26526,35,0.4,0.5333333333333333,0.5087403079104241,0.05714285714285714,0.4,0.6,0.5272727272727272,0.6078421520159134,0.17142857142857143,0.6
26528,19,0.6,0.7333333333333334,0.6992148198508501,0.15789473684210525,0.6,0.3,0.47272727272727266,0.4537425745411855,0.15789473684210525,0.3
26534,4,0.25,0.35714285714285715,0.39038004999210163,0.25,0.2,0.5,0.2941176470588235,0.39038004999210163,0.5,0.2
26539,3,0.0,0.0,0.0,0.0,0.0,0.0,0.0,0.0,0.0,0.0
26540,1,0.0,0.0,0.0,0.0,0.0,0.0,0.0,0.0,0.0,0.0
26543,3,0.3333333333333333,0.0,0.0,0.3333333333333333,0.2,0.3333333333333333,0.0,0.0,0.3333333333333333,0.1
26550,9,0.4,0.26666666666666666,0.3007851801491498,0.2222222222222222,0.4,0.2222222222222222,0.25925925925925924,0.2084508053262215,0.2222222222222222,0.2
26551,36,0.6,0.7333333333333334,0.6992148198508501,0.08333333333333333,0.6,0.5,0.5636363636363636,0.5894280199323517,0.1388888888888889,0.5
26558,3,0.3333333333333333,0.4166666666666667,0.46927872602275644,0.3333333333333333,0.2,0.3333333333333333,0.37037037037037035,0.46927872602275644,0.3333333333333333,0.1
26567,10,0.0,0.0,0.0,0.0,0.0,0.0,0.0,0.0,0.0,0.0
26569,10,0.0,0.0,0.0,0.0,0.0,0.1,0.018181818181818177,0.0636207881989517,0.1,0.1
26570,2,0.0,0.0,0.0,0.0,0.0,0.0,0.0,0.0,0.0,0.0
26579,18,0.6,0.7999999999999999,0.7227265726449518,0.16666666666666666,0.6,0.4,0.5272727272727273,0.5352543167750639,0.2222222222222222,0.4
26601,5,0.0,0.0,0.0,0.0,0.0,0.0,0.0,0.0,0.0,0.0
26623,7,0.0,0.0,0.0,0.0,0.0,0.14285714285714285,0.1020408163265306,0.0979129253499678,0.14285714285714285,0.1
26627,42,0.8,0.7333333333333334,0.7860137352654724,0.09523809523809523,0.8,0.7,0.7090909090909091,0.7183424120903081,0.16666666666666666,0.7
26629,48,0.8,0.9333333333333332,0.8687949224876582,0.08333333333333333,0.8,0.8,0.8727272727272729,0.8512360941594272,0.16666666666666666,0.8
26631,15,0.4,0.6,0.5531464700081437,0.13333333333333333,0.4,0.2,0.34545454545454546,0.3589542101716347,0.13333333333333333,0.2
26647,11,0.4,0.6,0.5531464700081437,0.18181818181818182,0.4,0.4,0.39999999999999997,0.4888292218249754,0.36363636363636365,0.4
26658,14,0.0,0.0,0.0,0.0,0.0,0.0,0.0,0.0,0.0,0.0
26660,4,0.25,0.28571428571428575,0.2463023887407299,0.25,0.2,0.25,0.2647058823529412,0.2463023887407299,0.25,0.1
26661,2,0.0,0.0,0.0,0.0,0.0,0.5,0.0,0.0,0.5,0.1
26667,12,0.0,0.0,0.0,0.0,0.0,0.0,0.0,0.0,0.0,0.0
26670,34,0.8,0.9333333333333332,0.8687949224876582,0.11764705882352941,0.8,0.7,0.8,0.7778721720600672,0.20588235294117646,0.7
26675,1,1.0,1.0,1.0,1.0,0.2,1.0,1.0,1.0,1.0,0.1
26677,38,1.0,1.0,1.0,0.13157894736842105,1.0,0.9,0.9636363636363636,0.933745776545611,0.23684210526315788,0.9
26679,1,0.0,0.0,0.0,0.0,0.0,0.0,0.0,0.0,0.0,0.0
26689,3,0.3333333333333333,0.4166666666666667,0.46927872602275644,0.3333333333333333,0.2,0.3333333333333333,0.37037037037037035,0.46927872602275644,0.3333333333333333,0.1
26690,10,0.6,0.6666666666666666,0.6548086577531306,0.3,0.6,0.3,0.45454545454545453,0.424926013816671,0.3,0.3
26699,41,0.4,0.6,0.5531464700081437,0.04878048780487805,0.4,0.3,0.43636363636363634,0.43735247915031,0.07317073170731707,0.3
26709,3,0.0,0.0,0.0,0.0,0.0,0.0,0.0,0.0,0.0,0.0
26715,14,0.2,0.26666666666666666,0.2139862647345275,0.07142857142857142,0.2,0.1,0.16363636363636364,0.1388624438735545,0.07142857142857142,0.1
26717,14,0.6,0.6666666666666666,0.6843515475204854,0.21428571428571427,0.6,0.4,0.509090909090909,0.5135285497500329,0.2857142857142857,0.4
26721,52,0.6,0.7333333333333334,0.6992148198508501,0.057692307692307696,0.6,0.5,0.5454545454545454,0.5867945846769144,0.09615384615384616,0.5
26723,2,0.5,0.0,0.0,0.5,0.2,0.5,0.0,0.0,0.5,0.1
26724,1,0.0,0.0,0.0,0.0,0.0,0.0,0.0,0.0,0.0,0.0
26728,33,0.6,0.6,0.6399453854227659,0.09090909090909091,0.6,0.4,0.509090909090909,0.4886446891881013,0.12121212121212122,0.4
26732,12,0.4,0.5333333333333333,0.5087403079104241,0.16666666666666666,0.4,0.2,0.32727272727272727,0.3301376494471202,0.16666666666666666,0.2
26749,11,0.2,0.06666666666666665,0.13120507751234176,0.09090909090909091,0.2,0.2,0.14545454545454545,0.15139734109601,0.18181818181818182,0.2
26758,11,0.2,0.3333333333333333,0.33916020527361607,0.09090909090909091,0.2,0.1,0.18181818181818182,0.22009176629808014,0.09090909090909091,0.1
26760,11,0.0,0.0,0.0,0.0,0.0,0.0,0.0,0.0,0.0,0.0
26766,5,0.0,0.0,0.0,0.0,0.0,0.0,0.0,0.0,0.0,0.0
26768,12,0.8,0.9333333333333332,0.8687949224876582,0.3333333333333333,0.8,0.4,0.6181818181818183,0.5637884576902256,0.3333333333333333,0.4
26776,6,0.0,0.0,0.0,0.0,0.0,0.0,0.0,0.0,0.0,0.0
26786,1,0.0,0.0,0.0,0.0,0.0,1.0,0.0,0.0,1.0,0.1
26790,1,0.0,0.0,0.0,0.0,0.0,0.0,0.0,0.0,0.0,0.0
26802,7,0.0,0.0,0.0,0.0,0.0,0.14285714285714285,0.1020408163265306,0.0979129253499678,0.14285714285714285,0.1
26803,10,0.2,0.06666666666666665,0.13120507751234176,0.1,0.2,0.3,0.21818181818181823,0.227162174819248,0.3,0.3
26806,11,0.6,0.5333333333333333,0.5147714448836773,0.2727272727272727,0.6,0.3,0.4181818181818182,0.3340514446642156,0.2727272727272727,0.3
26809,13,0.2,0.26666666666666666,0.2139862647345275,0.07692307692307693,0.2,0.2,0.2,0.2051166673279435,0.15384615384615385,0.2
26812,20,0.6,0.7333333333333334,0.6992148198508501,0.15,0.6,0.3,0.47272727272727266,0.4537425745411855,0.15,0.3
26814,6,0.4,0.5333333333333333,0.5087403079104241,0.3333333333333333,0.4,0.3333333333333333,0.4,0.4539036202482201,0.3333333333333333,0.2
26821,11,0.2,0.13333333333333333,0.14606834984270645,0.09090909090909091,0.2,0.3,0.21818181818181823,0.23177307466786254,0.2727272727272727,0.3
26822,11,0.2,0.3333333333333333,0.33916020527361607,0.09090909090909091,0.2,0.1,0.18181818181818182,0.22009176629808014,0.09090909090909091,0.1
26823,44,0.8,0.7333333333333334,0.7860137352654724,0.09090909090909091,0.8,0.8,0.8181818181818182,0.7975167679274936,0.18181818181818182,0.8
26824,5,0.2,0.3333333333333333,0.33916020527361607,0.2,0.2,0.2,0.25,0.33916020527361607,0.2,0.1
26826,41,1.0,1.0,1.0,0.12195121951219512,1.0,0.8,0.8727272727272727,0.8572048559638626,0.1951219512195122,0.8
26835,2,0.0,0.0,0.0,0.0,0.0,0.0,0.0,0.0,0.0,0.0
26850,5,0.6,0.7999999999999999,0.7227265726449518,0.6,0.6,0.8,0.675,0.7227265726449518,0.8,0.4
26852,14,0.8,0.9333333333333332,0.8687949224876582,0.2857142857142857,0.8,0.9,0.890909090909091,0.914856882358379,0.6428571428571429,0.9
26854,6,0.2,0.3333333333333333,0.33916020527361607,0.16666666666666666,0.2,0.16666666666666666,0.2222222222222222,0.30260241349881345,0.16666666666666666,0.1
26867,26,0.0,0.0,0.0,0.0,0.0,0.0,0.0,0.0,0.0,0.0
26877,2,0.0,0.0,0.0,0.0,0.0,0.0,0.0,0.0,0.0,0.0
26880,45,0.4,0.4666666666666666,0.48522855511632257,0.044444444444444446,0.4,0.2,0.3090909090909091,0.31488013066763093,0.044444444444444446,0.2
26882,3,0.0,0.0,0.0,0.0,0.0,0.3333333333333333,0.0,0.0,0.3333333333333333,0.1
26884,2,0.5,0.0,0.0,0.5,0.2,0.5,0.0,0.0,0.5,0.1
26894,6,0.4,0.39999999999999997,0.4703652827859578,0.3333333333333333,0.4,0.3333333333333333,0.35555555555555557,0.4196650066367769,0.3333333333333333,0.2
26911,4,0.5,0.6428571428571429,0.6366824387328316,0.5,0.4,0.5,0.5588235294117646,0.6366824387328316,0.5,0.2
26916,1,0.0,0.0,0.0,0.0,0.0,0.0,0.0,0.0,0.0,0.0
26923,22,1.0,1.0,1.0,0.22727272727272727,1.0,0.7,0.890909090909091,0.800693766409882,0.3181818181818182,0.7
26925,10,0.6,0.6666666666666666,0.6548086577531306,0.3,0.6,0.3,0.45454545454545453,0.424926013816671,0.3,0.3
26928,3,0.3333333333333333,0.4166666666666667,0.46927872602275644,0.3333333333333333,0.2,0.3333333333333333,0.37037037037037035,0.46927872602275644,0.3333333333333333,0.1
26933,6,0.2,0.19999999999999998,0.16958010263680803,0.16666666666666666,0.2,0.16666666666666666,0.17777777777777778,0.15130120674940672,0.16666666666666666,0.1
26945,25,0.4,0.5333333333333333,0.5087403079104241,0.08,0.4,0.5,0.45454545454545464,0.533376583199821,0.2,0.5
26947,9,0.0,0.0,0.0,0.0,0.0,0.1111111111111111,0.03703703703703703,0.0707557607210806,0.1111111111111111,0.1
26954,3,0.0,0.0,0.0,0.0,0.0,0.0,0.0,0.0,0.0,0.0
26955,12,0.6,0.6666666666666666,0.6548086577531306,0.25,0.6,0.4,0.4727272727272727,0.48854680201562267,0.3333333333333333,0.4
26961,11,0.4,0.4666666666666666,0.38356636737133554,0.18181818181818182,0.4,0.5,0.45454545454545464,0.45718160765461063,0.45454545454545453,0.5
26963,5,0.2,0.3333333333333333,0.33916020527361607,0.2,0.2,0.2,0.25,0.33916020527361607,0.2,0.1
26968,3,0.0,0.0,0.0,0.0,0.0,0.0,0.0,0.0,0.0,0.0
26977,7,0.0,0.0,0.0,0.0,0.0,0.0,0.0,0.0,0.0,0.0
26983,4,0.0,0.0,0.0,0.0,0.0,0.0,0.0,0.0,0.0,0.0
26989,1,0.0,0.0,0.0,0.0,0.0,0.0,0.0,0.0,0.0,0.0
26993,19,0.2,0.3333333333333333,0.33916020527361607,0.05263157894736842,0.2,0.2,0.2545454545454545,0.29345568839744024,0.10526315789473684,0.2
26998,26,0.4,0.3333333333333333,0.34519134224686926,0.07692307692307693,0.4,0.2,0.2727272727272727,0.22400556151517548,0.07692307692307693,0.2
26999,5,0.0,0.0,0.0,0.0,0.0,0.0,0.0,0.0,0.0,0.0
27001,8,0.2,0.3333333333333333,0.33916020527361607,0.125,0.2,0.125,0.1923076923076923,0.2529427027676571,0.125,0.1
27002,6,0.0,0.0,0.0,0.0,0.0,0.0,0.0,0.0,0.0,0.0
27004,8,0.2,0.3333333333333333,0.33916020527361607,0.125,0.2,0.125,0.1923076923076923,0.2529427027676571,0.125,0.1
27005,8,0.6,0.7999999999999999,0.7227265726449518,0.375,0.6,0.375,0.5192307692307693,0.5390031312763821,0.375,0.3
27013,8,0.2,0.3333333333333333,0.33916020527361607,0.125,0.2,0.125,0.1923076923076923,0.2529427027676571,0.125,0.1
27021,4,0.0,0.0,0.0,0.0,0.0,0.0,0.0,0.0,0.0,0.0
27026,2,0.0,0.0,0.0,0.0,0.0,0.0,0.0,0.0,0.0,0.0
27027,13,0.6,0.6666666666666666,0.6843515475204854,0.23076923076923078,0.6,0.4,0.49090909090909096,0.5103515512676448,0.3076923076923077,0.4
27029,1,0.0,0.0,0.0,0.0,0.0,0.0,0.0,0.0,0.0,0.0
27030,8,0.0,0.0,0.0,0.0,0.0,0.125,0.09615384615384615,0.0901000086523677,0.125,0.1
27036,38,0.6,0.7333333333333334,0.6992148198508501,0.07894736842105263,0.6,0.4,0.509090909090909,0.5199967979955745,0.10526315789473684,0.4
27041,2,0.0,0.0,0.0,0.0,0.0,0.0,0.0,0.0,0.0,0.0
27044,8,0.2,0.3333333333333333,0.33916020527361607,0.125,0.2,0.125,0.1923076923076923,0.2529427027676571,0.125,0.1
27045,11,0.2,0.19999999999999998,0.16958010263680803,0.09090909090909091,0.2,0.1,0.14545454545454548,0.11004588314904007,0.09090909090909091,0.1
27046,10,0.4,0.5333333333333333,0.5087403079104241,0.2,0.4,0.3,0.36363636363636365,0.39639187290150923,0.3,0.3
27048,2,0.5,0.0,0.0,0.5,0.2,0.5,0.0,0.0,0.5,0.1
27049,7,0.0,0.0,0.0,0.0,0.0,0.0,0.0,0.0,0.0,0.0
27050,21,0.4,0.19999999999999998,0.2772734273550482,0.09523809523809523,0.4,0.4,0.3818181818181818,0.3277609729266243,0.19047619047619047,0.4
27055,3,0.0,0.0,0.0,0.0,0.0,0.0,0.0,0.0,0.0,0.0
27062,11,0.4,0.4666666666666666,0.48522855511632257,0.18181818181818182,0.4,0.3,0.34545454545454546,0.38113435412202,0.2727272727272727,0.3
27066,11,0.2,0.13333333333333333,0.14606834984270645,0.09090909090909091,0.2,0.2,0.14545454545454545,0.15840915256850246,0.18181818181818182,0.2
27067,8,0.2,0.13333333333333333,0.14606834984270645,0.125,0.2,0.25,0.23076923076923075,0.19903650127012357,0.25,0.2
27068,2,0.5,0.5555555555555556,0.6131471927654584,0.5,0.2,0.5,0.5263157894736842,0.6131471927654584,0.5,0.1
27077,27,0.4,0.3333333333333333,0.31564845247951445,0.07407407407407407,0.4,0.4,0.4,0.34762939155472816,0.14814814814814814,0.4
27078,4,0.25,0.14285714285714288,0.16812753627111746,0.25,0.2,0.25,0.20588235294117643,0.16812753627111746,0.25,0.1
27079,18,0.2,0.06666666666666665,0.13120507751234176,0.05555555555555555,0.2,0.2,0.12727272727272726,0.14876390584057267,0.1111111111111111,0.2
27081,14,0.0,0.0,0.0,0.0,0.0,0.1,0.018181818181818177,0.0636207881989517,0.07142857142857142,0.1
27088,4,0.0,0.0,0.0,0.0,0.0,0.0,0.0,0.0,0.0,0.0
27090,13,0.8,0.7333333333333334,0.7860137352654724,0.3076923076923077,0.8,0.5,0.6545454545454545,0.5884674004369673,0.38461538461538464,0.5
27096,13,0.2,0.3333333333333333,0.33916020527361607,0.07692307692307693,0.2,0.3,0.34545454545454546,0.37185395737611554,0.23076923076923078,0.3
27108,30,1.0,1.0,1.0,0.16666666666666666,1.0,0.6,0.8,0.7222954974312067,0.2,0.6
27109,62,1.0,1.0,1.0,0.08064516129032258,1.0,0.8,0.9090909090909091,0.8630152897016882,0.12903225806451613,0.8
27115,4,0.25,0.35714285714285715,0.39038004999210163,0.25,0.2,0.5,0.2941176470588235,0.39038004999210163,0.5,0.2
27120,4,0.25,0.35714285714285715,0.39038004999210163,0.25,0.2,0.25,0.2941176470588235,0.39038004999210163,0.25,0.1
27122,11,0.4,0.39999999999999997,0.4703652827859578,0.18181818181818182,0.4,0.2,0.29090909090909095,0.3052348839397011,0.18181818181818182,0.2
27123,5,0.0,0.0,0.0,0.0,0.0,0.0,0.0,0.0,0.0,0.0
27128,1,1.0,1.0,1.0,1.0,0.2,1.0,1.0,1.0,1.0,0.1
27130,2,0.0,0.0,0.0,0.0,0.0,0.0,0.0,0.0,0.0,0.0
27140,8,0.4,0.39999999999999997,0.4703652827859578,0.25,0.4,0.25,0.3076923076923077,0.35079429740281753,0.25,0.2
27143,3,0.0,0.0,0.0,0.0,0.0,0.0,0.0,0.0,0.0,0.0
27147,12,0.4,0.6,0.5531464700081437,0.16666666666666666,0.4,0.4,0.47272727272727266,0.5036067026046991,0.3333333333333333,0.4
27153,11,0.0,0.0,0.0,0.0,0.0,0.2,0.16363636363636364,0.1517621910780354,0.18181818181818182,0.2
27154,19,0.2,0.19999999999999998,0.16958010263680803,0.05263157894736842,0.2,0.2,0.18181818181818182,0.1763001066034291,0.10526315789473684,0.2
27155,7,0.0,0.0,0.0,0.0,0.0,0.0,0.0,0.0,0.0,0.0
27156,16,0.2,0.3333333333333333,0.33916020527361607,0.0625,0.2,0.1,0.18181818181818182,0.22009176629808014,0.0625,0.1
27160,18,0.0,0.0,0.0,0.0,0.0,0.3,0.18181818181818182,0.2140837143698416,0.16666666666666666,0.3
27161,3,0.3333333333333333,0.4166666666666667,0.46927872602275644,0.3333333333333333,0.2,0.3333333333333333,0.37037037037037035,0.46927872602275644,0.3333333333333333,0.1
27181,8,0.2,0.13333333333333333,0.14606834984270645,0.125,0.2,0.125,0.1346153846153846,0.1089364926177559,0.125,0.1
27186,11,0.4,0.5333333333333333,0.5087403079104241,0.18181818181818182,0.4,0.3,0.4,0.40350157154648025,0.2727272727272727,0.3
27193,4,0.25,0.2142857142857143,0.19519002499605081,0.25,0.2,0.5,0.23529411764705882,0.19519002499605081,0.5,0.2
27199,36,0.6,0.6,0.6399453854227659,0.08333333333333333,0.6,0.4,0.47272727272727266,0.48153499054313026,0.1111111111111111,0.4
27200,7,0.2,0.3333333333333333,0.33916020527361607,0.14285714285714285,0.2,0.14285714285714285,0.2040816326530612,0.27487633291429087,0.14285714285714285,0.1
27216,2,0.0,0.0,0.0,0.0,0.0,0.0,0.0,0.0,0.0,0.0
27217,6,0.0,0.0,0.0,0.0,0.0,0.0,0.0,0.0,0.0,0.0
27218,12,0.4,0.4666666666666666,0.38356636737133554,0.16666666666666666,0.4,0.2,0.30909090909090914,0.24890832702259458,0.16666666666666666,0.2
27227,2,0.0,0.0,0.0,0.0,0.0,0.0,0.0,0.0,0.0,0.0
27228,7,0.8,0.9333333333333332,0.8687949224876582,0.5714285714285714,0.8,0.5714285714285714,0.6938775510204082,0.7041249493150387,0.5714285714285714,0.4
27235,1,0.0,0.0,0.0,0.0,0.0,0.0,0.0,0.0,0.0,0.0
27237,20,0.2,0.3333333333333333,0.33916020527361607,0.05,0.2,0.1,0.18181818181818182,0.22009176629808014,0.05,0.1
27239,4,0.0,0.0,0.0,0.0,0.0,0.0,0.0,0.0,0.0,0.0
27249,10,0.2,0.3333333333333333,0.33916020527361607,0.1,0.2,0.1,0.18181818181818182,0.22009176629808014,0.1,0.1
27250,15,0.0,0.0,0.0,0.0,0.0,0.0,0.0,0.0,0.0,0.0
27252,7,0.4,0.5333333333333333,0.5087403079104241,0.2857142857142857,0.4,0.42857142857142855,0.36734693877551017,0.4123144993714362,0.42857142857142855,0.3
27254,22,0.8,0.9333333333333332,0.8687949224876582,0.18181818181818182,0.8,0.8,0.8363636363636364,0.8454256604216017,0.36363636363636365,0.8
27260,51,0.8,0.6666666666666666,0.6608397947263838,0.0784313725490196,0.8,0.8,0.7636363636363637,0.7104770117651426,0.1568627450980392,0.8
27263,6,0.0,0.0,0.0,0.0,0.0,0.0,0.0,0.0,0.0,0.0
27268,19,0.6,0.7333333333333334,0.6992148198508501,0.15789473684210525,0.6,0.7,0.7272727272727273,0.7411902110103872,0.3684210526315789,0.7
27283,2,0.0,0.0,0.0,0.0,0.0,0.0,0.0,0.0,0.0,0.0
27298,7,0.2,0.3333333333333333,0.33916020527361607,0.14285714285714285,0.2,0.14285714285714285,0.2040816326530612,0.27487633291429087,0.14285714285714285,0.1
27307,12,0.6,0.6666666666666666,0.6548086577531306,0.25,0.6,0.3,0.45454545454545453,0.424926013816671,0.25,0.3
27314,6,0.2,0.26666666666666666,0.2139862647345275,0.16666666666666666,0.2,0.16666666666666666,0.2,0.1909208661789346,0.16666666666666666,0.1
27315,7,0.0,0.0,0.0,0.0,0.0,0.0,0.0,0.0,0.0,0.0
27321,12,0.0,0.0,0.0,0.0,0.0,0.1,0.018181818181818177,0.0636207881989517,0.08333333333333333,0.1
27325,14,0.4,0.3333333333333333,0.31564845247951445,0.14285714285714285,0.4,0.3,0.34545454545454546,0.2781981696179509,0.21428571428571427,0.3
27327,5,0.6,0.6,0.6399453854227659,0.6,0.6,0.6,0.6,0.6399453854227659,0.6,0.3
27343,10,0.4,0.4666666666666666,0.38356636737133554,0.2,0.4,0.2,0.30909090909090914,0.24890832702259458,0.2,0.2
27361,6,0.2,0.26666666666666666,0.2139862647345275,0.16666666666666666,0.2,0.16666666666666666,0.2,0.1909208661789346,0.16666666666666666,0.1
27362,10,0.6,0.7333333333333334,0.6992148198508501,0.3,0.6,0.3,0.47272727272727266,0.4537425745411855,0.3,0.3
27369,2,1.0,1.0,1.0,1.0,0.4,1.0,1.0,1.0,1.0,0.2
27374,16,0.2,0.19999999999999998,0.16958010263680803,0.0625,0.2,0.3,0.29090909090909095,0.2578753740644926,0.1875,0.3
27375,47,0.6,0.7333333333333334,0.6992148198508501,0.06382978723404255,0.6,0.3,0.47272727272727266,0.4537425745411855,0.06382978723404255,0.3
27379,5,0.2,0.19999999999999998,0.16958010263680803,0.2,0.2,0.2,0.2,0.16958010263680803,0.2,0.1
27380,9,0.4,0.6,0.5531464700081437,0.2222222222222222,0.4,0.3333333333333333,0.4259259259259259,0.4616912964561296,0.3333333333333333,0.3
27381,1,0.0,0.0,0.0,0.0,0.0,0.0,0.0,0.0,0.0,0.0
27382,19,0.6,0.6,0.6399453854227659,0.15789473684210525,0.6,0.5,0.5454545454545454,0.5572998242663681,0.2631578947368421,0.5
27391,9,0.0,0.0,0.0,0.0,0.0,0.0,0.0,0.0,0.0,0.0
27397,35,0.4,0.4666666666666666,0.48522855511632257,0.05714285714285714,0.4,0.6,0.5636363636363637,0.6023277671368327,0.17142857142857143,0.6
27398,27,0.4,0.5333333333333333,0.5087403079104241,0.07407407407407407,0.4,0.2,0.32727272727272727,0.3301376494471202,0.07407407407407407,0.2
27403,5,0.2,0.13333333333333333,0.14606834984270645,0.2,0.2,0.6,0.175,0.14606834984270645,0.6,0.3
27405,9,0.4,0.3333333333333333,0.34519134224686926,0.2222222222222222,0.4,0.5555555555555556,0.5,0.475447306944891,0.5555555555555556,0.5
27407,4,0.25,0.28571428571428575,0.2463023887407299,0.25,0.2,0.25,0.2647058823529412,0.2463023887407299,0.25,0.1
27409,9,0.2,0.3333333333333333,0.33916020527361607,0.1111111111111111,0.2,0.1111111111111111,0.18518518518518517,0.23504554941448538,0.1111111111111111,0.1
27415,3,0.3333333333333333,0.0,0.0,0.3333333333333333,0.2,0.3333333333333333,0.0,0.0,0.3333333333333333,0.1
27427,25,0.6,0.7999999999999999,0.7227265726449518,0.12,0.6,0.3,0.49090909090909096,0.46900009332067477,0.12,0.3
27428,17,0.4,0.39999999999999997,0.4703652827859578,0.11764705882352941,0.4,0.3,0.38181818181818183,0.3836331529183764,0.17647058823529413,0.3
27429,2,0.5,0.5555555555555556,0.6131471927654584,0.5,0.2,0.5,0.5263157894736842,0.6131471927654584,0.5,0.1
27439,6,0.4,0.6,0.5531464700081437,0.3333333333333333,0.4,0.5,0.4222222222222222,0.4935232796777481,0.5,0.3
27444,2,1.0,1.0,1.0,1.0,0.4,1.0,1.0,1.0,1.0,0.2
27451,11,1.0,1.0,1.0,0.45454545454545453,1.0,0.6,0.7636363636363637,0.7151857987862357,0.5454545454545454,0.6
27455,1,0.0,0.0,0.0,0.0,0.0,0.0,0.0,0.0,0.0,0.0
27456,5,0.2,0.3333333333333333,0.33916020527361607,0.2,0.2,0.2,0.25,0.33916020527361607,0.2,0.1
27460,9,0.0,0.0,0.0,0.0,0.0,0.0,0.0,0.0,0.0,0.0
27463,5,0.2,0.3333333333333333,0.33916020527361607,0.2,0.2,0.2,0.25,0.33916020527361607,0.2,0.1
27466,1,1.0,1.0,1.0,1.0,0.2,1.0,1.0,1.0,1.0,0.1
27472,36,0.4,0.4000000000000001,0.3600546145772339,0.05555555555555555,0.4,0.2,0.29090909090909095,0.23365080824310527,0.05555555555555555,0.2
27477,3,0.0,0.0,0.0,0.0,0.0,0.0,0.0,0.0,0.0,0.0
27478,24,0.8,0.8666666666666666,0.8539316501572936,0.16666666666666666,0.8,0.5,0.6909090909090909,0.6325414799409711,0.20833333333333334,0.5
27484,12,0.2,0.3333333333333333,0.33916020527361607,0.08333333333333333,0.2,0.3,0.23636363636363633,0.3499667779514209,0.25,0.3
27488,2,0.5,0.5555555555555556,0.6131471927654584,0.5,0.2,0.5,0.5263157894736842,0.6131471927654584,0.5,0.1
27489,1,0.0,0.0,0.0,0.0,0.0,0.0,0.0,0.0,0.0,0.0
27490,7,0.2,0.19999999999999998,0.16958010263680803,0.14285714285714285,0.2,0.14285714285714285,0.16326530612244897,0.13743816645714543,0.14285714285714285,0.1
27492,47,0.2,0.3333333333333333,0.33916020527361607,0.02127659574468085,0.2,0.4,0.3272727272727272,0.42650769853316917,0.0851063829787234,0.4
27493,5,0.4,0.4666666666666666,0.38356636737133554,0.4,0.4,0.4,0.42500000000000004,0.38356636737133554,0.4,0.2
27501,17,0.2,0.06666666666666665,0.13120507751234176,0.058823529411764705,0.2,0.1,0.10909090909090909,0.08514311764162097,0.058823529411764705,0.1
27502,5,0.0,0.0,0.0,0.0,0.0,0.0,0.0,0.0,0.0,0.0
27508,14,0.4,0.6,0.5531464700081437,0.14285714285714285,0.4,0.4,0.509090909090909,0.5107164012496701,0.2857142857142857,0.4
27518,15,0.2,0.3333333333333333,0.33916020527361607,0.06666666666666667,0.2,0.2,0.2727272727272727,0.2984900352767555,0.13333333333333333,0.2
27525,4,0.0,0.0,0.0,0.0,0.0,0.0,0.0,0.0,0.0,0.0
27531,19,0.4,0.5333333333333333,0.5087403079104241,0.10526315789473684,0.4,0.3,0.41818181818181815,0.4085359184257955,0.15789473684210525,0.3
27535,19,0.4,0.5333333333333333,0.5087403079104241,0.10526315789473684,0.4,0.3,0.38181818181818183,0.3995688713838974,0.15789473684210525,0.3
27560,7,0.6,0.6666666666666666,0.6843515475204854,0.42857142857142855,0.6,0.42857142857142855,0.5102040816326531,0.5546406709327601,0.42857142857142855,0.3
27565,8,0.2,0.26666666666666666,0.2139862647345275,0.125,0.2,0.125,0.17307692307692307,0.1595890771248963,0.125,0.1
27567,1,0.0,0.0,0.0,0.0,0.0,0.0,0.0,0.0,0.0,0.0
27574,7,0.4,0.6,0.5531464700081437,0.2857142857142857,0.4,0.2857142857142857,0.38775510204081626,0.4483039899025303,0.2857142857142857,0.2
27576,8,0.2,0.26666666666666666,0.2139862647345275,0.125,0.2,0.125,0.17307692307692307,0.1595890771248963,0.125,0.1
27578,3,0.3333333333333333,0.4166666666666667,0.46927872602275644,0.3333333333333333,0.2,0.3333333333333333,0.37037037037037035,0.46927872602275644,0.3333333333333333,0.1
27589,2,0.5,0.5555555555555556,0.6131471927654584,0.5,0.2,0.5,0.5263157894736842,0.6131471927654584,0.5,0.1
27600,4,0.0,0.0,0.0,0.0,0.0,0.0,0.0,0.0,0.0,0.0
27606,1,0.0,0.0,0.0,0.0,0.0,0.0,0.0,0.0,0.0,0.0
27607,7,0.2,0.19999999999999998,0.16958010263680803,0.14285714285714285,0.2,0.2857142857142857,0.2653061224489796,0.23535109180711322,0.2857142857142857,0.2
27615,43,0.6,0.6666666666666666,0.6843515475204854,0.06976744186046512,0.6,0.5,0.5272727272727272,0.5771493379489846,0.11627906976744186,0.5
27628,17,0.6,0.6,0.6399453854227659,0.17647058823529413,0.6,0.5,0.5272727272727272,0.552265477387053,0.29411764705882354,0.5
27637,9,0.0,0.0,0.0,0.0,0.0,0.1111111111111111,0.0,0.0,0.1111111111111111,0.1
27650,2,0.5,0.4444444444444445,0.3868528072345415,0.5,0.2,0.5,0.4736842105263158,0.3868528072345415,0.5,0.1
27651,4,0.0,0.0,0.0,0.0,0.0,0.0,0.0,0.0,0.0,0.0
27654,4,0.25,0.35714285714285715,0.39038004999210163,0.25,0.2,0.25,0.2941176470588235,0.39038004999210163,0.25,0.1
27655,24,0.4,0.6,0.5531464700081437,0.08333333333333333,0.4,0.2,0.34545454545454546,0.3589542101716347,0.08333333333333333,0.2
27656,2,0.5,0.0,0.0,0.5,0.2,0.5,0.0,0.0,0.5,0.1
27658,4,0.25,0.35714285714285715,0.39038004999210163,0.25,0.2,0.5,0.2941176470588235,0.39038004999210163,0.5,0.2
27671,28,0.6,0.7333333333333334,0.6992148198508501,0.10714285714285714,0.6,0.3,0.47272727272727266,0.4537425745411855,0.10714285714285714,0.3
27673,14,0.2,0.06666666666666665,0.13120507751234176,0.07142857142857142,0.2,0.1,0.10909090909090909,0.08514311764162097,0.07142857142857142,0.1
27674,13,0.2,0.3333333333333333,0.33916020527361607,0.07692307692307693,0.2,0.1,0.18181818181818182,0.22009176629808014,0.07692307692307693,0.1
27675,11,0.2,0.3333333333333333,0.33916020527361607,0.09090909090909091,0.2,0.4,0.29090909090909095,0.4193979998881981,0.36363636363636365,0.4
27678,5,0.2,0.3333333333333333,0.33916020527361607,0.2,0.2,0.4,0.25,0.33916020527361607,0.4,0.2
27680,20,0.6,0.7999999999999999,0.7227265726449518,0.15,0.6,0.4,0.5090909090909091,0.5326208815196265,0.2,0.4
27691,24,0.0,0.0,0.0,0.0,0.0,0.0,0.0,0.0,0.0,0.0
27698,1,0.0,0.0,0.0,0.0,0.0,0.0,0.0,0.0,0.0,0.0
27701,20,0.6,0.7333333333333334,0.6992148198508501,0.15,0.6,0.6,0.5818181818181818,0.6530488081313035,0.3,0.6
27702,23,0.4,0.6,0.5531464700081437,0.08695652173913043,0.4,0.3,0.4,0.4283854321084119,0.13043478260869565,0.3
27704,5,0.4,0.5333333333333333,0.5087403079104241,0.4,0.4,0.4,0.45,0.5087403079104241,0.4,0.2
27705,9,0.0,0.0,0.0,0.0,0.0,0.1111111111111111,0.09259259259259259,0.08372491399919348,0.1111111111111111,0.1
27717,9,0.2,0.3333333333333333,0.33916020527361607,0.1111111111111111,0.2,0.1111111111111111,0.18518518518518517,0.23504554941448538,0.1111111111111111,0.1
27727,12,0.8,0.8666666666666666,0.8539316501572936,0.3333333333333333,0.8,0.6,0.690909090909091,0.6898286563534621,0.5,0.6
27731,2,0.0,0.0,0.0,0.0,0.0,0.0,0.0,0.0,0.0,0.0
27738,11,0.4,0.39999999999999997,0.4703652827859578,0.18181818181818182,0.4,0.3,0.36363636363636365,0.37859880603906115,0.2727272727272727,0.3
27742,7,0.2,0.19999999999999998,0.16958010263680803,0.14285714285714285,0.2,0.2857142857142857,0.16326530612244897,0.13743816645714543,0.2857142857142857,0.2
27749,15,0.8,0.8000000000000002,0.8304198973631919,0.26666666666666666,0.8,0.7,0.7272727272727272,0.7471589728148226,0.4666666666666667,0.7
27750,9,0.0,0.0,0.0,0.0,0.0,0.0,0.0,0.0,0.0,0.0
27753,11,0.2,0.3333333333333333,0.33916020527361607,0.09090909090909091,0.2,0.2,0.2727272727272727,0.2984900352767555,0.18181818181818182,0.2
27754,14,0.6,0.7999999999999999,0.7227265726449518,0.21428571428571427,0.6,0.3,0.49090909090909096,0.46900009332067477,0.21428571428571427,0.3
27758,1,1.0,0.0,0.0,1.0,0.2,1.0,0.0,0.0,1.0,0.1
27761,15,0.0,0.0,0.0,0.0,0.0,0.0,0.0,0.0,0.0,0.0
27762,8,0.0,0.0,0.0,0.0,0.0,0.0,0.0,0.0,0.0,0.0
27782,3,0.3333333333333333,0.4166666666666667,0.46927872602275644,0.3333333333333333,0.2,0.3333333333333333,0.37037037037037035,0.46927872602275644,0.3333333333333333,0.1
27791,2,0.0,0.0,0.0,0.0,0.0,0.0,0.0,0.0,0.0,0.0
27805,15,0.0,0.0,0.0,0.0,0.0,0.0,0.0,0.0,0.0,0.0
27809,21,0.6,0.7999999999999999,0.7227265726449518,0.14285714285714285,0.6,0.4,0.5454545454545454,0.538431315257452,0.19047619047619047,0.4
27810,2,0.5,0.5555555555555556,0.6131471927654584,0.5,0.2,0.5,0.5263157894736842,0.6131471927654584,0.5,0.1
27816,10,0.4,0.5333333333333333,0.5087403079104241,0.2,0.4,0.2,0.32727272727272727,0.3301376494471202,0.2,0.2
27817,5,0.0,0.0,0.0,0.0,0.0,0.0,0.0,0.0,0.0,0.0
27829,18,0.2,0.26666666666666666,0.2139862647345275,0.05555555555555555,0.2,0.2,0.2,0.2051166673279435,0.1111111111111111,0.2
27831,7,0.2,0.06666666666666665,0.13120507751234176,0.14285714285714285,0.2,0.14285714285714285,0.12244897959183672,0.10633668103022983,0.14285714285714285,0.1
27834,7,0.2,0.3333333333333333,0.33916020527361607,0.14285714285714285,0.2,0.2857142857142857,0.3061224489795918,0.3727892582642587,0.2857142857142857,0.2
27839,7,0.0,0.0,0.0,0.0,0.0,0.0,0.0,0.0,0.0,0.0
27844,9,0.2,0.3333333333333333,0.33916020527361607,0.1111111111111111,0.2,0.1111111111111111,0.18518518518518517,0.23504554941448538,0.1111111111111111,0.1
27855,6,0.4,0.6,0.5531464700081437,0.3333333333333333,0.4,0.5,0.4222222222222222,0.4935232796777481,0.5,0.3
27858,2,1.0,1.0,1.0,1.0,0.4,1.0,1.0,1.0,1.0,0.2
27863,5,0.2,0.3333333333333333,0.33916020527361607,0.2,0.2,0.2,0.25,0.33916020527361607,0.2,0.1
27865,2,0.0,0.0,0.0,0.0,0.0,0.0,0.0,0.0,0.0,0.0
27869,9,0.2,0.06666666666666665,0.13120507751234176,0.1111111111111111,0.2,0.1111111111111111,0.1111111111111111,0.09092803061897882,0.1111111111111111,0.1
27870,3,0.3333333333333333,0.4166666666666667,0.46927872602275644,0.3333333333333333,0.2,0.3333333333333333,0.37037037037037035,0.46927872602275644,0.3333333333333333,0.1
27880,19,0.4,0.39999999999999997,0.4703652827859578,0.10526315789473684,0.4,0.2,0.29090909090909095,0.3052348839397011,0.10526315789473684,0.2
27882,7,0.4,0.5333333333333333,0.5087403079104241,0.2857142857142857,0.4,0.2857142857142857,0.36734693877551017,0.4123144993714362,0.2857142857142857,0.2
27898,1,0.0,0.0,0.0,0.0,0.0,0.0,0.0,0.0,0.0,0.0
27899,7,0.2,0.26666666666666666,0.2139862647345275,0.14285714285714285,0.2,0.2857142857142857,0.18367346938775508,0.17342765698823942,0.2857142857142857,0.2
27903,4,0.25,0.28571428571428575,0.2463023887407299,0.25,0.2,0.25,0.2647058823529412,0.2463023887407299,0.25,0.1
27905,3,0.6666666666666666,0.6666666666666667,0.7039180890341346,0.6666666666666666,0.4,0.6666666666666666,0.6666666666666666,0.7039180890341346,0.6666666666666666,0.2
27913,13,0.2,0.19999999999999998,0.16958010263680803,0.07692307692307693,0.2,0.2,0.23636363636363636,0.1884441521277154,0.15384615384615385,0.2
27914,8,0.2,0.3333333333333333,0.33916020527361607,0.125,0.2,0.125,0.1923076923076923,0.2529427027676571,0.125,0.1
27915,4,0.0,0.0,0.0,0.0,0.0,0.0,0.0,0.0,0.0,0.0
27917,6,0.2,0.3333333333333333,0.33916020527361607,0.16666666666666666,0.2,0.16666666666666666,0.2222222222222222,0.30260241349881345,0.16666666666666666,0.1
27925,46,0.2,0.3333333333333333,0.33916020527361607,0.021739130434782608,0.2,0.3,0.32727272727272727,0.36792125721353275,0.06521739130434782,0.3
27926,6,0.8,0.9333333333333332,0.8687949224876582,0.6666666666666666,0.8,0.6666666666666666,0.7555555555555556,0.7751482523375255,0.6666666666666666,0.4
27929,14,0.4,0.39999999999999997,0.4703652827859578,0.14285714285714285,0.4,0.3,0.32727272727272727,0.37148910739409013,0.21428571428571427,0.3
27933,3,0.0,0.0,0.0,0.0,0.0,0.0,0.0,0.0,0.0,0.0
27936,8,0.4,0.4666666666666666,0.48522855511632257,0.25,0.4,0.375,0.3846153846153846,0.4416737339478612,0.375,0.3
27938,6,0.4,0.6,0.5531464700081437,0.3333333333333333,0.4,0.3333333333333333,0.4222222222222222,0.4935232796777481,0.3333333333333333,0.2
27951,3,0.3333333333333333,0.4166666666666667,0.46927872602275644,0.3333333333333333,0.2,0.6666666666666666,0.37037037037037035,0.46927872602275644,0.6666666666666666,0.2
27957,12,0.6,0.6666666666666666,0.6548086577531306,0.25,0.6,0.5,0.5454545454545454,0.5619107241149828,0.4166666666666667,0.5
27963,6,0.2,0.3333333333333333,0.33916020527361607,0.16666666666666666,0.2,0.16666666666666666,0.2222222222222222,0.30260241349881345,0.16666666666666666,0.1
27964,12,0.4,0.3333333333333333,0.34519134224686926,0.16666666666666666,0.4,0.2,0.2727272727272727,0.22400556151517548,0.16666666666666666,0.2
27965,9,0.0,0.0,0.0,0.0,0.0,0.1111111111111111,0.03703703703703703,0.0707557607210806,0.1111111111111111,0.1
27966,3,0.3333333333333333,0.4166666666666667,0.46927872602275644,0.3333333333333333,0.2,0.3333333333333333,0.37037037037037035,0.46927872602275644,0.3333333333333333,0.1
27975,2,0.5,0.0,0.0,0.5,0.2,0.5,0.0,0.0,0.5,0.1
27980,1,1.0,1.0,1.0,1.0,0.2,1.0,1.0,1.0,1.0,0.1
27981,1,1.0,1.0,1.0,1.0,0.2,1.0,1.0,1.0,1.0,0.1
27989,1,1.0,1.0,1.0,1.0,0.2,1.0,1.0,1.0,1.0,0.1
27993,12,0.2,0.3333333333333333,0.33916020527361607,0.08333333333333333,0.2,0.2,0.23636363636363636,0.2895229882348574,0.16666666666666666,0.2
27994,6,0.0,0.0,0.0,0.0,0.0,0.3333333333333333,0.0,0.0,0.3333333333333333,0.2
27995,7,0.2,0.3333333333333333,0.33916020527361607,0.14285714285714285,0.2,0.14285714285714285,0.2040816326530612,0.27487633291429087,0.14285714285714285,0.1
27998,19,0.2,0.26666666666666666,0.2139862647345275,0.05263157894736842,0.2,0.4,0.29090909090909095,0.34210137762625525,0.21052631578947367,0.4
28011,30,0.4,0.39999999999999997,0.4703652827859578,0.06666666666666667,0.4,0.2,0.29090909090909095,0.3052348839397011,0.06666666666666667,0.2
28024,2,0.0,0.0,0.0,0.0,0.0,0.0,0.0,0.0,0.0,0.0
28025,2,0.0,0.0,0.0,0.0,0.0,0.5,0.0,0.0,0.5,0.1
28027,1,0.0,0.0,0.0,0.0,0.0,0.0,0.0,0.0,0.0,0.0
28031,3,0.0,0.0,0.0,0.0,0.0,0.0,0.0,0.0,0.0,0.0
28038,6,0.0,0.0,0.0,0.0,0.0,0.0,0.0,0.0,0.0,0.0
28042,2,0.5,0.5555555555555556,0.6131471927654584,0.5,0.2,0.5,0.5263157894736842,0.6131471927654584,0.5,0.1
28047,30,0.8,0.8000000000000002,0.8304198973631919,0.13333333333333333,0.8,0.7,0.7999999999999999,0.7600791051976191,0.23333333333333334,0.7
28049,29,0.6,0.6,0.529634717214042,0.10344827586206896,0.6,0.4,0.5272727272727273,0.42209496037082067,0.13793103448275862,0.4
28082,2,1.0,0.5555555555555556,0.6131471927654584,1.0,0.4,1.0,0.5263157894736842,0.6131471927654584,1.0,0.2
28086,15,0.4,0.4666666666666666,0.48522855511632257,0.13333333333333333,0.4,0.3,0.34545454545454546,0.38113435412202,0.2,0.3
28090,1,1.0,0.0,0.0,1.0,0.2,1.0,0.0,0.0,1.0,0.1
28093,1,0.0,0.0,0.0,0.0,0.0,0.0,0.0,0.0,0.0,0.0
28095,21,0.4,0.26666666666666666,0.3007851801491498,0.09523809523809523,0.4,0.3,0.3272727272727272,0.26855292289002114,0.14285714285714285,0.3
28102,2,0.5,0.5555555555555556,0.6131471927654584,0.5,0.2,0.5,0.5263157894736842,0.6131471927654584,0.5,0.1
28108,26,0.2,0.3333333333333333,0.33916020527361607,0.038461538461538464,0.2,0.2,0.2,0.2837125544970318,0.07692307692307693,0.2
28109,9,0.2,0.13333333333333333,0.14606834984270645,0.1111111111111111,0.2,0.2222222222222222,0.16666666666666663,0.17198436893338082,0.2222222222222222,0.2
28110,3,0.3333333333333333,0.4166666666666667,0.46927872602275644,0.3333333333333333,0.2,0.3333333333333333,0.37037037037037035,0.46927872602275644,0.3333333333333333,0.1
28112,1,1.0,1.0,1.0,1.0,0.2,1.0,1.0,1.0,1.0,0.1
28119,1,1.0,1.0,1.0,1.0,0.2,1.0,1.0,1.0,1.0,0.1
28125,3,0.3333333333333333,0.0,0.0,0.3333333333333333,0.2,0.3333333333333333,0.0,0.0,0.3333333333333333,0.1
28127,8,0.2,0.26666666666666666,0.2139862647345275,0.125,0.2,0.125,0.17307692307692307,0.1595890771248963,0.125,0.1
28128,17,0.4,0.5333333333333333,0.5087403079104241,0.11764705882352941,0.4,0.4,0.38181818181818183,0.4600126611004609,0.23529411764705882,0.4
28129,30,0.4,0.6,0.5531464700081437,0.06666666666666667,0.4,0.2,0.34545454545454546,0.3589542101716347,0.06666666666666667,0.2
28131,8,0.0,0.0,0.0,0.0,0.0,0.0,0.0,0.0,0.0,0.0
28133,13,0.2,0.26666666666666666,0.2139862647345275,0.07692307692307693,0.2,0.1,0.16363636363636364,0.1388624438735545,0.07692307692307693,0.1
28139,1,0.0,0.0,0.0,0.0,0.0,0.0,0.0,0.0,0.0,0.0
28148,5,0.0,0.0,0.0,0.0,0.0,0.0,0.0,0.0,0.0,0.0
28152,19,0.6,0.46666666666666673,0.4912596920895757,0.15789473684210525,0.6,0.3,0.4,0.31879392588472627,0.15789473684210525,0.3
28157,4,0.25,0.35714285714285715,0.39038004999210163,0.25,0.2,0.25,0.2941176470588235,0.39038004999210163,0.25,0.1
28170,4,0.0,0.0,0.0,0.0,0.0,0.0,0.0,0.0,0.0,0.0
28177,2,0.5,0.5555555555555556,0.6131471927654584,0.5,0.2,0.5,0.5263157894736842,0.6131471927654584,0.5,0.1
28181,21,0.4,0.4666666666666666,0.38356636737133554,0.09523809523809523,0.4,0.2,0.30909090909090914,0.24890832702259458,0.09523809523809523,0.2
28183,5,0.2,0.13333333333333333,0.14606834984270645,0.2,0.2,0.4,0.175,0.14606834984270645,0.4,0.2
28184,2,0.0,0.0,0.0,0.0,0.0,0.0,0.0,0.0,0.0,0.0
28185,4,0.0,0.0,0.0,0.0,0.0,0.0,0.0,0.0,0.0,0.0
28193,2,1.0,1.0,1.0,1.0,0.4,1.0,1.0,1.0,1.0,0.2
28200,12,0.2,0.3333333333333333,0.33916020527361607,0.08333333333333333,0.2,0.3,0.32727272727272727,0.36792125721353275,0.25,0.3
28206,5,0.2,0.26666666666666666,0.2139862647345275,0.2,0.2,0.2,0.225,0.2139862647345275,0.2,0.1
28217,41,0.4,0.4666666666666666,0.38356636737133554,0.04878048780487805,0.4,0.2,0.30909090909090914,0.24890832702259458,0.04878048780487805,0.2
28230,18,0.2,0.3333333333333333,0.33916020527361607,0.05555555555555555,0.2,0.1,0.18181818181818182,0.22009176629808014,0.05555555555555555,0.1
28231,36,0.8,0.9333333333333332,0.8687949224876582,0.1111111111111111,0.8,0.5,0.7090909090909091,0.6421867266689009,0.1388888888888889,0.5
28232,6,0.2,0.3333333333333333,0.33916020527361607,0.16666666666666666,0.2,0.3333333333333333,0.3333333333333333,0.4103915680233244,0.3333333333333333,0.2
28236,4,0.0,0.0,0.0,0.0,0.0,0.0,0.0,0.0,0.0,0.0
28243,25,0.8,0.9333333333333332,0.8687949224876582,0.16,0.8,0.5,0.6909090909090909,0.6371523797895856,0.2,0.5
28246,2,0.5,0.5555555555555556,0.6131471927654584,0.5,0.2,0.5,0.5263157894736842,0.6131471927654584,0.5,0.1
28248,1,0.0,0.0,0.0,0.0,0.0,0.0,0.0,0.0,0.0,0.0
28255,1,1.0,0.0,0.0,1.0,0.2,1.0,0.0,0.0,1.0,0.1
28272,9,0.2,0.3333333333333333,0.33916020527361607,0.1111111111111111,0.2,0.3333333333333333,0.3518518518518518,0.397118979885174,0.3333333333333333,0.3
28274,29,0.8,0.8000000000000002,0.8304198973631919,0.13793103448275862,0.8,0.7,0.7636363636363636,0.7542686714597936,0.2413793103448276,0.7
28277,4,0.5,0.5,0.5585075862632192,0.5,0.4,0.5,0.49999999999999994,0.5585075862632192,0.5,0.2
28279,4,0.75,0.5714285714285715,0.5855700749881524,0.75,0.6,0.75,0.5294117647058824,0.5855700749881524,0.75,0.3
28282,1,1.0,0.0,0.0,1.0,0.2,1.0,0.0,0.0,1.0,0.1
28285,13,0.4,0.5333333333333333,0.5087403079104241,0.15384615384615385,0.4,0.2,0.32727272727272727,0.3301376494471202,0.15384615384615385,0.2
28286,7,0.2,0.3333333333333333,0.33916020527361607,0.14285714285714285,0.2,0.14285714285714285,0.2040816326530612,0.27487633291429087,0.14285714285714285,0.1
28288,38,0.6,0.7999999999999999,0.7227265726449518,0.07894736842105263,0.6,0.4,0.5636363636363636,0.5423640154200349,0.10526315789473684,0.4
28304,3,0.3333333333333333,0.4166666666666667,0.46927872602275644,0.3333333333333333,0.2,0.3333333333333333,0.37037037037037035,0.46927872602275644,0.3333333333333333,0.1
28309,4,0.0,0.0,0.0,0.0,0.0,0.0,0.0,0.0,0.0,0.0
28313,10,0.2,0.13333333333333333,0.14606834984270645,0.1,0.2,0.2,0.21818181818181817,0.1731866333482261,0.2,0.2
28319,4,0.0,0.0,0.0,0.0,0.0,0.0,0.0,0.0,0.0,0.0
28324,11,0.0,0.0,0.0,0.0,0.0,0.1,0.05454545454545456,0.06943122193677725,0.09090909090909091,0.1
28345,23,0.2,0.13333333333333333,0.14606834984270645,0.043478260869565216,0.2,0.2,0.21818181818181817,0.1731866333482261,0.08695652173913043,0.2
28350,5,0.2,0.3333333333333333,0.33916020527361607,0.2,0.2,0.4,0.25,0.33916020527361607,0.4,0.2
28355,3,0.0,0.0,0.0,0.0,0.0,0.3333333333333333,0.0,0.0,0.3333333333333333,0.1
28362,3,0.0,0.0,0.0,0.0,0.0,0.3333333333333333,0.0,0.0,0.3333333333333333,0.1
28368,8,0.4,0.6,0.5531464700081437,0.25,0.4,0.25,0.36538461538461536,0.4125317798925535,0.25,0.2
28382,18,0.6,0.6,0.6399453854227659,0.16666666666666666,0.6,0.3,0.43636363636363634,0.4152807670887412,0.16666666666666666,0.3
28386,2,0.5,0.5555555555555556,0.6131471927654584,0.5,0.2,0.5,0.5263157894736842,0.6131471927654584,0.5,0.1
28391,3,0.3333333333333333,0.4166666666666667,0.46927872602275644,0.3333333333333333,0.2,0.6666666666666666,0.37037037037037035,0.46927872602275644,0.6666666666666666,0.2
28393,20,0.0,0.0,0.0,0.0,0.0,0.1,0.09090909090909091,0.07839826897867533,0.05,0.1
28395,2,0.0,0.0,0.0,0.0,0.0,0.5,0.0,0.0,0.5,0.1
28397,7,0.6,0.7333333333333334,0.6992148198508501,0.42857142857142855,0.6,0.42857142857142855,0.5306122448979591,0.5666867828578932,0.42857142857142855,0.3
28399,5,0.2,0.3333333333333333,0.33916020527361607,0.2,0.2,0.2,0.25,0.33916020527361607,0.2,0.1
28422,13,0.8,0.8000000000000002,0.8304198973631919,0.3076923076923077,0.8,0.4,0.5818181818181818,0.5388856921828065,0.3076923076923077,0.4
28424,3,0.0,0.0,0.0,0.0,0.0,0.0,0.0,0.0,0.0,0.0
28433,12,0.0,0.0,0.0,0.0,0.0,0.1,0.05454545454545456,0.06943122193677725,0.08333333333333333,0.1
28444,2,0.5,0.5555555555555556,0.6131471927654584,0.5,0.2,0.5,0.5263157894736842,0.6131471927654584,0.5,0.1
28446,14,0.4,0.4666666666666666,0.48522855511632257,0.14285714285714285,0.4,0.2,0.3090909090909091,0.31488013066763093,0.14285714285714285,0.2
28449,18,0.4,0.4666666666666666,0.48522855511632257,0.1111111111111111,0.4,0.2,0.3090909090909091,0.31488013066763093,0.1111111111111111,0.2
28454,5,0.2,0.26666666666666666,0.2139862647345275,0.2,0.2,0.2,0.225,0.2139862647345275,0.2,0.1
28457,28,0.2,0.3333333333333333,0.33916020527361607,0.03571428571428571,0.2,0.2,0.2545454545454545,0.29345568839744024,0.07142857142857142,0.2
28461,20,0.6,0.5333333333333333,0.6164336326286642,0.15,0.6,0.4,0.47272727272727266,0.4694544702460291,0.2,0.4
28474,10,0.2,0.3333333333333333,0.33916020527361607,0.1,0.2,0.2,0.21818181818181817,0.28634598975246917,0.2,0.2
28476,9,0.2,0.3333333333333333,0.33916020527361607,0.1111111111111111,0.2,0.1111111111111111,0.18518518518518517,0.23504554941448538,0.1111111111111111,0.1
28482,6,0.2,0.3333333333333333,0.33916020527361607,0.16666666666666666,0.2,0.16666666666666666,0.2222222222222222,0.30260241349881345,0.16666666666666666,0.1
28483,1,1.0,1.0,1.0,1.0,0.2,1.0,1.0,1.0,1.0,0.1
28491,4,0.5,0.5714285714285715,0.5855700749881524,0.5,0.4,0.5,0.5294117647058824,0.5855700749881524,0.5,0.2
28492,33,0.6,0.7999999999999999,0.7227265726449518,0.09090909090909091,0.6,0.6,0.6363636363636365,0.6772733739526909,0.18181818181818182,0.6
28498,16,0.6,0.7999999999999999,0.7227265726449518,0.1875,0.6,0.4,0.5090909090909091,0.5326208815196265,0.25,0.4
28500,1,1.0,0.0,0.0,1.0,0.2,1.0,0.0,0.0,1.0,0.1
28501,1,1.0,1.0,1.0,1.0,0.2,1.0,1.0,1.0,1.0,0.1
28507,5,0.0,0.0,0.0,0.0,0.0,0.0,0.0,0.0,0.0,0.0
28515,1,0.0,0.0,0.0,0.0,0.0,0.0,0.0,0.0,0.0,0.0
28519,8,0.2,0.3333333333333333,0.33916020527361607,0.125,0.2,0.125,0.1923076923076923,0.2529427027676571,0.125,0.1
28520,1,0.0,0.0,0.0,0.0,0.0,0.0,0.0,0.0,0.0,0.0
28521,9,0.2,0.3333333333333333,0.33916020527361607,0.1111111111111111,0.2,0.1111111111111111,0.18518518518518517,0.23504554941448538,0.1111111111111111,0.1
28526,10,0.4,0.6,0.5531464700081437,0.2,0.4,0.2,0.34545454545454546,0.3589542101716347,0.2,0.2
28527,7,0.4,0.4666666666666666,0.38356636737133554,0.2857142857142857,0.4,0.2857142857142857,0.3469387755102041,0.3108658234453848,0.2857142857142857,0.2
28535,15,0.6,0.6666666666666666,0.6548086577531306,0.2,0.6,0.3,0.45454545454545453,0.424926013816671,0.2,0.3
28536,17,0.6,0.7999999999999999,0.7227265726449518,0.17647058823529413,0.6,0.4,0.5090909090909091,0.5326208815196265,0.23529411764705882,0.4
28537,1,1.0,1.0,1.0,1.0,0.2,1.0,1.0,1.0,1.0,0.1
28558,8,0.0,0.0,0.0,0.0,0.0,0.0,0.0,0.0,0.0,0.0
28562,16,0.6,0.7333333333333334,0.6992148198508501,0.1875,0.6,0.3,0.47272727272727266,0.4537425745411855,0.1875,0.3
28569,13,0.6,0.6666666666666666,0.6548086577531306,0.23076923076923078,0.6,0.3,0.45454545454545453,0.424926013816671,0.23076923076923078,0.3
28573,1,0.0,0.0,0.0,0.0,0.0,0.0,0.0,0.0,0.0,0.0
28574,10,0.2,0.26666666666666666,0.2139862647345275,0.1,0.2,0.1,0.16363636363636364,0.1388624438735545,0.1,0.1
28580,3,0.3333333333333333,0.4166666666666667,0.46927872602275644,0.3333333333333333,0.2,0.3333333333333333,0.37037037037037035,0.46927872602275644,0.3333333333333333,0.1
28584,10,0.4,0.39999999999999997,0.4703652827859578,0.2,0.4,0.2,0.29090909090909095,0.3052348839397011,0.2,0.2
28587,20,0.4,0.39999999999999997,0.4703652827859578,0.1,0.4,0.2,0.29090909090909095,0.3052348839397011,0.1,0.2
28591,2,0.5,0.5555555555555556,0.6131471927654584,0.5,0.2,0.5,0.5263157894736842,0.6131471927654584,0.5,0.1
28599,1,1.0,1.0,1.0,1.0,0.2,1.0,1.0,1.0,1.0,0.1
28608,6,0.2,0.3333333333333333,0.33916020527361607,0.16666666666666666,0.2,0.16666666666666666,0.2222222222222222,0.30260241349881345,0.16666666666666666,0.1
28616,3,0.3333333333333333,0.4166666666666667,0.46927872602275644,0.3333333333333333,0.2,0.3333333333333333,0.37037037037037035,0.46927872602275644,0.3333333333333333,0.1
28617,3,0.0,0.0,0.0,0.0,0.0,0.0,0.0,0.0,0.0,0.0
28618,4,0.0,0.0,0.0,0.0,0.0,0.0,0.0,0.0,0.0,0.0
28621,1,0.0,0.0,0.0,0.0,0.0,0.0,0.0,0.0,0.0,0.0
28638,25,0.4,0.6,0.5531464700081437,0.08,0.4,0.2,0.34545454545454546,0.3589542101716347,0.08,0.2
28640,25,0.4,0.4666666666666666,0.48522855511632257,0.08,0.4,0.2,0.3090909090909091,0.31488013066763093,0.08,0.2
28643,20,0.6,0.6666666666666666,0.6843515475204854,0.15,0.6,0.4,0.49090909090909096,0.5103515512676448,0.2,0.4
28648,1,1.0,0.0,0.0,1.0,0.2,1.0,0.0,0.0,1.0,0.1
28649,4,0.0,0.0,0.0,0.0,0.0,0.0,0.0,0.0,0.0,0.0
28650,29,0.6,0.6666666666666666,0.6843515475204854,0.10344827586206896,0.6,0.3,0.45454545454545453,0.44409732781325567,0.10344827586206896,0.3
28660,13,0.4,0.4666666666666666,0.48522855511632257,0.15384615384615385,0.4,0.2,0.3090909090909091,0.31488013066763093,0.15384615384615385,0.2
28667,10,0.6,0.7333333333333334,0.6992148198508501,0.3,0.6,0.3,0.47272727272727266,0.4537425745411855,0.3,0.3
28669,6,0.2,0.3333333333333333,0.33916020527361607,0.16666666666666666,0.2,0.3333333333333333,0.2222222222222222,0.30260241349881345,0.3333333333333333,0.2
28679,3,0.3333333333333333,0.25,0.23463936301137822,0.3333333333333333,0.2,0.3333333333333333,0.2962962962962963,0.23463936301137822,0.3333333333333333,0.1
28686,3,0.0,0.0,0.0,0.0,0.0,0.0,0.0,0.0,0.0,0.0
28698,9,0.0,0.0,0.0,0.0,0.0,0.1111111111111111,0.0,0.0,0.1111111111111111,0.1
28699,1,1.0,1.0,1.0,1.0,0.2,1.0,1.0,1.0,1.0,0.1
28701,6,0.4,0.6,0.5531464700081437,0.3333333333333333,0.4,0.3333333333333333,0.4222222222222222,0.4935232796777481,0.3333333333333333,0.2
28703,2,0.5,0.0,0.0,0.5,0.2,0.5,0.0,0.0,0.5,0.1
28706,7,0.4,0.4000000000000001,0.3600546145772339,0.2857142857142857,0.4,0.42857142857142855,0.32653061224489793,0.29181044994360233,0.42857142857142855,0.3
28709,4,0.0,0.0,0.0,0.0,0.0,0.0,0.0,0.0,0.0,0.0
28712,11,0.4,0.4666666666666666,0.38356636737133554,0.18181818181818182,0.4,0.2,0.30909090909090914,0.24890832702259458,0.18181818181818182,0.2
28714,20,0.0,0.0,0.0,0.0,0.0,0.0,0.0,0.0,0.0,0.0
28718,6,0.0,0.0,0.0,0.0,0.0,0.16666666666666666,0.0,0.0,0.16666666666666666,0.1
28726,1,0.0,0.0,0.0,0.0,0.0,0.0,0.0,0.0,0.0,0.0
28729,1,0.0,0.0,0.0,0.0,0.0,0.0,0.0,0.0,0.0,0.0
28739,24,0.8,0.8000000000000002,0.8304198973631919,0.16666666666666666,0.8,0.4,0.5818181818181818,0.5388856921828065,0.16666666666666666,0.4
28741,1,1.0,0.0,0.0,1.0,0.2,1.0,0.0,0.0,1.0,0.1
28750,30,0.4,0.26666666666666666,0.3007851801491498,0.06666666666666667,0.4,0.3,0.2909090909090909,0.26144322424505007,0.1,0.3
28752,3,0.0,0.0,0.0,0.0,0.0,0.3333333333333333,0.0,0.0,0.3333333333333333,0.1
28753,33,0.8,0.9333333333333332,0.8687949224876582,0.12121212121212122,0.8,0.6,0.781818181818182,0.7155506487682609,0.18181818181818182,0.6
28756,2,0.5,0.5555555555555556,0.6131471927654584,0.5,0.2,1.0,0.5263157894736842,0.6131471927654584,1.0,0.2
28760,13,0.4,0.39999999999999997,0.4703652827859578,0.15384615384615385,0.4,0.2,0.29090909090909095,0.3052348839397011,0.15384615384615385,0.2
28761,29,0.6,0.5333333333333333,0.5147714448836773,0.10344827586206896,0.6,0.4,0.49090909090909096,0.40741536676357565,0.13793103448275862,0.4
28762,10,0.2,0.3333333333333333,0.33916020527361607,0.1,0.2,0.2,0.21818181818181817,0.28634598975246917,0.2,0.2
28763,2,0.0,0.0,0.0,0.0,0.0,0.0,0.0,0.0,0.0,0.0
28766,2,0.0,0.0,0.0,0.0,0.0,0.0,0.0,0.0,0.0,0.0
28768,2,0.0,0.0,0.0,0.0,0.0,0.0,0.0,0.0,0.0,0.0
28771,6,0.0,0.0,0.0,0.0,0.0,0.0,0.0,0.0,0.0,0.0
28776,26,0.2,0.06666666666666665,0.13120507751234176,0.038461538461538464,0.2,0.1,0.10909090909090909,0.08514311764162097,0.038461538461538464,0.1
28777,19,0.2,0.26666666666666666,0.2139862647345275,0.05263157894736842,0.2,0.3,0.2545454545454545,0.2758471541718662,0.15789473684210525,0.3
28784,2,0.0,0.0,0.0,0.0,0.0,0.0,0.0,0.0,0.0,0.0
28788,1,1.0,0.0,0.0,1.0,0.2,1.0,0.0,0.0,1.0,0.1
28792,84,0.6,0.7999999999999999,0.7227265726449518,0.03571428571428571,0.6,0.5,0.5818181818181819,0.6059848036189865,0.05952380952380952,0.5
28804,4,0.0,0.0,0.0,0.0,0.0,0.0,0.0,0.0,0.0,0.0
28806,3,0.0,0.0,0.0,0.0,0.0,0.0,0.0,0.0,0.0,0.0
28810,6,0.2,0.13333333333333333,0.14606834984270645,0.16666666666666666,0.2,0.3333333333333333,0.15555555555555556,0.13032376591037065,0.3333333333333333,0.2
28817,3,0.6666666666666666,0.4166666666666667,0.46927872602275644,0.6666666666666666,0.4,0.6666666666666666,0.37037037037037035,0.46927872602275644,0.6666666666666666,0.2
28818,4,0.0,0.0,0.0,0.0,0.0,0.0,0.0,0.0,0.0,0.0
28823,7,0.0,0.0,0.0,0.0,0.0,0.0,0.0,0.0,0.0,0.0
28824,3,0.3333333333333333,0.33333333333333337,0.29608191096586517,0.3333333333333333,0.2,0.3333333333333333,0.3333333333333333,0.29608191096586517,0.3333333333333333,0.1
28833,15,0.4,0.5333333333333333,0.5087403079104241,0.13333333333333333,0.4,0.2,0.32727272727272727,0.3301376494471202,0.13333333333333333,0.2
28835,33,0.8,0.7333333333333334,0.7860137352654724,0.12121212121212122,0.8,0.6,0.7090909090909091,0.6578986223737445,0.18181818181818182,0.6
28837,2,0.0,0.0,0.0,0.0,0.0,0.0,0.0,0.0,0.0,0.0
28841,4,0.25,0.28571428571428575,0.2463023887407299,0.25,0.2,0.75,0.2647058823529412,0.2463023887407299,0.75,0.3
28846,5,0.2,0.3333333333333333,0.33916020527361607,0.2,0.2,0.2,0.25,0.33916020527361607,0.2,0.1
28851,2,0.0,0.0,0.0,0.0,0.0,0.0,0.0,0.0,0.0,0.0
28852,8,0.2,0.06666666666666665,0.13120507751234176,0.125,0.2,0.125,0.11538461538461538,0.09785159463516041,0.125,0.1
28853,4,0.25,0.35714285714285715,0.39038004999210163,0.25,0.2,0.5,0.2941176470588235,0.39038004999210163,0.5,0.2
28856,17,0.4,0.5333333333333333,0.5087403079104241,0.11764705882352941,0.4,0.2,0.32727272727272727,0.3301376494471202,0.11764705882352941,0.2
28858,3,0.0,0.0,0.0,0.0,0.0,0.0,0.0,0.0,0.0,0.0
28860,5,0.2,0.3333333333333333,0.33916020527361607,0.2,0.2,0.4,0.25,0.33916020527361607,0.4,0.2
28861,4,0.0,0.0,0.0,0.0,0.0,0.25,0.0,0.0,0.25,0.1
28865,75,0.6,0.7333333333333334,0.6992148198508501,0.04,0.6,0.4,0.5454545454545454,0.5271064966405455,0.05333333333333334,0.4
28866,2,0.5,0.5555555555555556,0.6131471927654584,0.5,0.2,0.5,0.5263157894736842,0.6131471927654584,0.5,0.1
28879,21,0.6,0.5333333333333333,0.5147714448836773,0.14285714285714285,0.6,0.4,0.45454545454545453,0.40030566811860463,0.19047619047619047,0.4
28880,24,0.4,0.4000000000000001,0.3600546145772339,0.08333333333333333,0.4,0.4,0.4,0.3756698654207322,0.16666666666666666,0.4
28891,6,0.0,0.0,0.0,0.0,0.0,0.16666666666666666,0.1111111111111111,0.10778915452451095,0.16666666666666666,0.1
28893,18,0.4,0.6,0.5531464700081437,0.1111111111111111,0.4,0.2,0.34545454545454546,0.3589542101716347,0.1111111111111111,0.2
28900,9,0.4,0.4666666666666666,0.38356636737133554,0.2222222222222222,0.4,0.2222222222222222,0.3148148148148148,0.26582000527739175,0.2222222222222222,0.2
28901,1,0.0,0.0,0.0,0.0,0.0,0.0,0.0,0.0,0.0,0.0
28903,4,0.0,0.0,0.0,0.0,0.0,0.0,0.0,0.0,0.0,0.0
28904,11,0.0,0.0,0.0,0.0,0.0,0.0,0.0,0.0,0.0,0.0
28906,4,0.25,0.35714285714285715,0.39038004999210163,0.25,0.2,0.5,0.2941176470588235,0.39038004999210163,0.5,0.2
28908,9,0.4,0.6,0.5531464700081437,0.2222222222222222,0.4,0.2222222222222222,0.3518518518518518,0.38334277998463445,0.2222222222222222,0.2
28909,4,0.0,0.0,0.0,0.0,0.0,0.0,0.0,0.0,0.0,0.0
28910,2,0.0,0.0,0.0,0.0,0.0,0.0,0.0,0.0,0.0,0.0
28920,14,0.2,0.06666666666666665,0.13120507751234176,0.07142857142857142,0.2,0.2,0.16363636363636364,0.15457433957839825,0.14285714285714285,0.2
28927,7,0.2,0.3333333333333333,0.33916020527361607,0.14285714285714285,0.2,0.14285714285714285,0.2040816326530612,0.27487633291429087,0.14285714285714285,0.1
28928,10,0.0,0.0,0.0,0.0,0.0,0.1,0.018181818181818177,0.0636207881989517,0.1,0.1
28931,27,0.8,0.8666666666666666,0.8539316501572936,0.14814814814814814,0.8,0.5,0.6181818181818183,0.6177639991612476,0.18518518518518517,0.5
28935,8,0.2,0.19999999999999998,0.16958010263680803,0.125,0.2,0.125,0.15384615384615385,0.12647135138382856,0.125,0.1
28940,3,0.3333333333333333,0.4166666666666667,0.46927872602275644,0.3333333333333333,0.2,0.3333333333333333,0.37037037037037035,0.46927872602275644,0.3333333333333333,0.1
28947,12,0.8,0.6666666666666666,0.6608397947263838,0.3333333333333333,0.8,0.4,0.5454545454545455,0.4288398090337664,0.3333333333333333,0.4
28958,4,0.75,0.8571428571428572,0.8318724637288825,0.75,0.6,0.75,0.7941176470588235,0.8318724637288825,0.75,0.3
28960,3,0.3333333333333333,0.25,0.23463936301137822,0.3333333333333333,0.2,0.3333333333333333,0.2962962962962963,0.23463936301137822,0.3333333333333333,0.1
28976,3,0.3333333333333333,0.33333333333333337,0.29608191096586517,0.3333333333333333,0.2,0.3333333333333333,0.3333333333333333,0.29608191096586517,0.3333333333333333,0.1
28979,6,0.4,0.39999999999999997,0.4703652827859578,0.3333333333333333,0.4,0.3333333333333333,0.35555555555555557,0.4196650066367769,0.3333333333333333,0.2
28981,22,0.8,0.8666666666666666,0.8539316501572936,0.18181818181818182,0.8,0.7,0.7272727272727273,0.7573821447149967,0.3181818181818182,0.7
28993,4,0.25,0.35714285714285715,0.39038004999210163,0.25,0.2,0.25,0.2941176470588235,0.39038004999210163,0.25,0.1
28994,1,0.0,0.0,0.0,0.0,0.0,0.0,0.0,0.0,0.0,0.0
28996,33,0.2,0.13333333333333333,0.14606834984270645,0.030303030303030304,0.2,0.3,0.21818181818181817,0.23047380976071705,0.09090909090909091,0.3
28999,8,0.0,0.0,0.0,0.0,0.0,0.0,0.0,0.0,0.0,0.0
29000,1,0.0,0.0,0.0,0.0,0.0,0.0,0.0,0.0,0.0,0.0
29007,8,0.0,0.0,0.0,0.0,0.0,0.0,0.0,0.0,0.0,0.0
29014,1,0.0,0.0,0.0,0.0,0.0,0.0,0.0,0.0,0.0,0.0
29017,17,1.0,1.0,1.0,0.29411764705882354,1.0,0.6,0.7636363636363637,0.7151857987862357,0.35294117647058826,0.6
29018,8,0.0,0.0,0.0,0.0,0.0,0.0,0.0,0.0,0.0,0.0
29028,8,0.6,0.5333333333333333,0.6164336326286642,0.375,0.6,0.5,0.5192307692307692,0.5440450242764592,0.5,0.4
29029,1,0.0,0.0,0.0,0.0,0.0,0.0,0.0,0.0,0.0,0.0
29033,6,0.6,0.7999999999999999,0.7227265726449518,0.5,0.6,0.6666666666666666,0.6000000000000001,0.6448244864271548,0.6666666666666666,0.4
29039,10,0.2,0.19999999999999998,0.16958010263680803,0.1,0.2,0.1,0.14545454545454548,0.11004588314904007,0.1,0.1
29043,3,0.0,0.0,0.0,0.0,0.0,0.0,0.0,0.0,0.0,0.0
29050,30,0.6,0.7999999999999999,0.7227265726449518,0.1,0.6,0.5,0.5454545454545455,0.5988751049740155,0.16666666666666666,0.5
29059,1,1.0,1.0,1.0,1.0,0.2,1.0,1.0,1.0,1.0,0.1
29072,13,0.2,0.19999999999999998,0.16958010263680803,0.07692307692307693,0.2,0.3,0.23636363636363636,0.24573132854020635,0.23076923076923078,0.3
29080,5,0.2,0.06666666666666665,0.13120507751234176,0.2,0.2,0.2,0.15,0.13120507751234176,0.2,0.1
29083,3,0.3333333333333333,0.4166666666666667,0.46927872602275644,0.3333333333333333,0.2,0.3333333333333333,0.37037037037037035,0.46927872602275644,0.3333333333333333,0.1
29091,13,0.0,0.0,0.0,0.0,0.0,0.1,0.07272727272727274,0.07336392209936006,0.07692307692307693,0.1
29096,2,0.5,0.5555555555555556,0.6131471927654584,0.5,0.2,0.5,0.5263157894736842,0.6131471927654584,0.5,0.1
29098,1,0.0,0.0,0.0,0.0,0.0,0.0,0.0,0.0,0.0,0.0
29111,35,0.8,0.8666666666666666,0.8539316501572936,0.11428571428571428,0.8,0.4,0.6000000000000001,0.5541432109622958,0.11428571428571428,0.4
29113,3,0.3333333333333333,0.4166666666666667,0.46927872602275644,0.3333333333333333,0.2,0.3333333333333333,0.37037037037037035,0.46927872602275644,0.3333333333333333,0.1
29128,3,0.0,0.0,0.0,0.0,0.0,0.3333333333333333,0.0,0.0,0.3333333333333333,0.1
29130,13,0.4,0.4666666666666666,0.48522855511632257,0.15384615384615385,0.4,0.2,0.3090909090909091,0.31488013066763093,0.15384615384615385,0.2
29131,3,0.3333333333333333,0.33333333333333337,0.29608191096586517,0.3333333333333333,0.2,0.3333333333333333,0.3333333333333333,0.29608191096586517,0.3333333333333333,0.1
29134,2,0.5,0.4444444444444445,0.3868528072345415,0.5,0.2,0.5,0.4736842105263158,0.3868528072345415,0.5,0.1
29135,18,0.6,0.46666666666666673,0.4912596920895757,0.16666666666666666,0.6,0.3,0.4,0.31879392588472627,0.16666666666666666,0.3
29137,4,0.0,0.0,0.0,0.0,0.0,0.0,0.0,0.0,0.0,0.0
29138,4,0.25,0.2142857142857143,0.19519002499605081,0.25,0.2,0.25,0.23529411764705882,0.19519002499605081,0.25,0.1
29143,6,0.0,0.0,0.0,0.0,0.0,0.16666666666666666,0.0,0.0,0.16666666666666666,0.1
29146,11,0.2,0.06666666666666665,0.13120507751234176,0.09090909090909091,0.2,0.1,0.10909090909090909,0.08514311764162097,0.09090909090909091,0.1
29149,6,0.4,0.6,0.5531464700081437,0.3333333333333333,0.4,0.3333333333333333,0.4222222222222222,0.4935232796777481,0.3333333333333333,0.2
29156,8,0.2,0.3333333333333333,0.33916020527361607,0.125,0.2,0.125,0.1923076923076923,0.2529427027676571,0.125,0.1
29162,4,0.5,0.5714285714285715,0.5855700749881524,0.5,0.4,0.5,0.5294117647058824,0.5855700749881524,0.5,0.2
29165,2,0.0,0.0,0.0,0.0,0.0,0.0,0.0,0.0,0.0,0.0
29178,36,0.6,0.6666666666666666,0.6548086577531306,0.08333333333333333,0.6,0.3,0.45454545454545453,0.424926013816671,0.08333333333333333,0.3
29180,2,0.5,0.5555555555555556,0.6131471927654584,0.5,0.2,0.5,0.5263157894736842,0.6131471927654584,0.5,0.1
29181,18,0.2,0.3333333333333333,0.33916020527361607,0.05555555555555555,0.2,0.1,0.18181818181818182,0.22009176629808014,0.05555555555555555,0.1
29192,2,0.5,0.0,0.0,0.5,0.2,0.5,0.0,0.0,0.5,0.1
29201,10,0.4,0.5333333333333333,0.5087403079104241,0.2,0.4,0.2,0.32727272727272727,0.3301376494471202,0.2,0.2
29203,2,0.0,0.0,0.0,0.0,0.0,0.0,0.0,0.0,0.0,0.0
29204,3,0.0,0.0,0.0,0.0,0.0,0.0,0.0,0.0,0.0,0.0
29206,7,0.4,0.4666666666666666,0.48522855511632257,0.2857142857142857,0.4,0.42857142857142855,0.346938775510204,0.3932591258696538,0.42857142857142855,0.3
29216,4,0.0,0.0,0.0,0.0,0.0,0.0,0.0,0.0,0.0,0.0
29227,26,0.4,0.4666666666666666,0.48522855511632257,0.07692307692307693,0.4,0.4,0.4181818181818182,0.456899187845258,0.15384615384615385,0.4
29233,10,0.6,0.6,0.6399453854227659,0.3,0.6,0.5,0.5454545454545454,0.5548989126424904,0.5,0.5
29237,1,0.0,0.0,0.0,0.0,0.0,0.0,0.0,0.0,0.0,0.0
29259,3,0.6666666666666666,0.75,0.7653606369886217,0.6666666666666666,0.4,0.6666666666666666,0.7037037037037036,0.7653606369886217,0.6666666666666666,0.2
29264,16,0.2,0.26666666666666666,0.2139862647345275,0.0625,0.2,0.4,0.3636363636363636,0.35687885840597894,0.25,0.4
29265,2,0.5,0.5555555555555556,0.6131471927654584,0.5,0.2,0.5,0.5263157894736842,0.6131471927654584,0.5,0.1
29266,13,0.0,0.0,0.0,0.0,0.0,0.1,0.07272727272727274,0.07336392209936006,0.07692307692307693,0.1
29268,18,0.6,0.7333333333333334,0.6992148198508501,0.16666666666666666,0.6,0.4,0.5636363636363636,0.5321408435198608,0.2222222222222222,0.4
29269,5,0.0,0.0,0.0,0.0,0.0,0.0,0.0,0.0,0.0,0.0
29275,32,0.4,0.19999999999999998,0.2772734273550482,0.0625,0.4,0.4,0.34545454545454546,0.3219505391887988,0.125,0.4
29283,10,0.4,0.39999999999999997,0.4703652827859578,0.2,0.4,0.2,0.29090909090909095,0.3052348839397011,0.2,0.2
29293,24,0.8,0.6666666666666666,0.6608397947263838,0.16666666666666666,0.8,0.4,0.5454545454545455,0.4288398090337664,0.16666666666666666,0.4
29294,122,0.8,0.8000000000000002,0.8304198973631919,0.03278688524590164,0.8,0.7,0.6909090909090909,0.7381919257729245,0.05737704918032787,0.7
29297,34,0.6,0.5333333333333333,0.5147714448836773,0.08823529411764706,0.6,0.5,0.5454545454545454,0.47870393709727993,0.14705882352941177,0.5
29298,10,0.0,0.0,0.0,0.0,0.0,0.1,0.09090909090909091,0.07839826897867533,0.1,0.1
29303,31,0.4,0.3333333333333333,0.34519134224686926,0.06451612903225806,0.4,0.3,0.29090909090909095,0.28762634971412715,0.0967741935483871,0.3
29309,2,0.5,0.0,0.0,0.5,0.2,0.5,0.0,0.0,0.5,0.1
29314,4,0.5,0.5714285714285715,0.5855700749881524,0.5,0.4,0.5,0.5294117647058824,0.5855700749881524,0.5,0.2
29315,2,0.5,0.5555555555555556,0.6131471927654584,0.5,0.2,0.5,0.5263157894736842,0.6131471927654584,0.5,0.1
29324,26,0.8,0.9333333333333332,0.8687949224876582,0.15384615384615385,0.8,0.6,0.7272727272727273,0.7058075148678526,0.23076923076923078,0.6
29327,1,1.0,0.0,0.0,1.0,0.2,1.0,0.0,0.0,1.0,0.1
29342,3,0.3333333333333333,0.4166666666666667,0.46927872602275644,0.3333333333333333,0.2,0.3333333333333333,0.37037037037037035,0.46927872602275644,0.3333333333333333,0.1
29343,4,0.25,0.28571428571428575,0.2463023887407299,0.25,0.2,0.25,0.2647058823529412,0.2463023887407299,0.25,0.1
29348,2,0.5,0.4444444444444445,0.3868528072345415,0.5,0.2,0.5,0.4736842105263158,0.3868528072345415,0.5,0.1
29367,5,0.2,0.3333333333333333,0.33916020527361607,0.2,0.2,0.4,0.25,0.33916020527361607,0.4,0.2
29370,21,0.2,0.3333333333333333,0.33916020527361607,0.047619047619047616,0.2,0.2,0.23636363636363636,0.2895229882348574,0.09523809523809523,0.2
29372,2,0.5,0.5555555555555556,0.6131471927654584,0.5,0.2,0.5,0.5263157894736842,0.6131471927654584,0.5,0.1
29378,26,0.4,0.3333333333333333,0.34519134224686926,0.07692307692307693,0.4,0.2,0.2727272727272727,0.22400556151517548,0.07692307692307693,0.2
29383,2,0.0,0.0,0.0,0.0,0.0,0.0,0.0,0.0,0.0,0.0
29384,24,0.6,0.6,0.529634717214042,0.125,0.6,0.4,0.5090909090909091,0.4170606134915054,0.16666666666666666,0.4
29386,3,0.3333333333333333,0.0,0.0,0.3333333333333333,0.2,0.3333333333333333,0.0,0.0,0.3333333333333333,0.1
29390,4,0.25,0.28571428571428575,0.2463023887407299,0.25,0.2,0.25,0.2647058823529412,0.2463023887407299,0.25,0.1
29406,6,0.0,0.0,0.0,0.0,0.0,0.0,0.0,0.0,0.0,0.0
29407,3,0.3333333333333333,0.4166666666666667,0.46927872602275644,0.3333333333333333,0.2,0.3333333333333333,0.37037037037037035,0.46927872602275644,0.3333333333333333,0.1
29415,19,0.4,0.4666666666666666,0.48522855511632257,0.10526315789473684,0.4,0.3,0.38181818181818183,0.38824405276699103,0.15789473684210525,0.3
29418,7,0.2,0.3333333333333333,0.33916020527361607,0.14285714285714285,0.2,0.14285714285714285,0.2040816326530612,0.27487633291429087,0.14285714285714285,0.1
29424,10,0.4,0.3333333333333333,0.31564845247951445,0.2,0.4,0.3,0.34545454545454546,0.2781981696179509,0.3,0.3
29428,5,0.0,0.0,0.0,0.0,0.0,0.0,0.0,0.0,0.0,0.0
29429,3,0.0,0.0,0.0,0.0,0.0,0.0,0.0,0.0,0.0,0.0
29432,2,0.0,0.0,0.0,0.0,0.0,0.0,0.0,0.0,0.0,0.0
29440,3,0.3333333333333333,0.4166666666666667,0.46927872602275644,0.3333333333333333,0.2,0.6666666666666666,0.37037037037037035,0.46927872602275644,0.6666666666666666,0.2
29441,10,0.6,0.6666666666666666,0.6548086577531306,0.3,0.6,0.4,0.49090909090909096,0.49118023727106,0.4,0.4
29449,17,0.2,0.26666666666666666,0.2139862647345275,0.058823529411764705,0.2,0.1,0.16363636363636364,0.1388624438735545,0.058823529411764705,0.1
29451,19,0.4,0.19999999999999998,0.2772734273550482,0.10526315789473684,0.4,0.3,0.3272727272727272,0.25832975098984706,0.15789473684210525,0.3
29454,3,1.0,0.4166666666666667,0.46927872602275644,1.0,0.6,1.0,0.37037037037037035,0.46927872602275644,1.0,0.3
29469,3,0.0,0.0,0.0,0.0,0.0,0.0,0.0,0.0,0.0,0.0
29471,6,0.2,0.3333333333333333,0.33916020527361607,0.16666666666666666,0.2,0.3333333333333333,0.3333333333333333,0.4103915680233244,0.3333333333333333,0.2
29484,5,0.0,0.0,0.0,0.0,0.0,0.0,0.0,0.0,0.0,0.0
29486,6,0.2,0.26666666666666666,0.2139862647345275,0.16666666666666666,0.2,0.16666666666666666,0.2,0.1909208661789346,0.16666666666666666,0.1
29501,1,1.0,1.0,1.0,1.0,0.2,1.0,1.0,1.0,1.0,0.1
29502,4,0.25,0.35714285714285715,0.39038004999210163,0.25,0.2,0.25,0.2941176470588235,0.39038004999210163,0.25,0.1
29508,3,0.0,0.0,0.0,0.0,0.0,0.3333333333333333,0.0,0.0,0.3333333333333333,0.1
29514,15,0.4,0.4666666666666666,0.38356636737133554,0.13333333333333333,0.4,0.2,0.30909090909090914,0.24890832702259458,0.13333333333333333,0.2
29527,7,0.0,0.0,0.0,0.0,0.0,0.0,0.0,0.0,0.0,0.0
29528,27,0.0,0.0,0.0,0.0,0.0,0.1,0.018181818181818177,0.0636207881989517,0.037037037037037035,0.1
29530,2,0.0,0.0,0.0,0.0,0.0,0.0,0.0,0.0,0.0,0.0
29539,10,0.2,0.06666666666666665,0.13120507751234176,0.1,0.2,0.2,0.18181818181818182,0.15850703974098102,0.2,0.2
29552,3,0.6666666666666666,0.4166666666666667,0.46927872602275644,0.6666666666666666,0.4,0.6666666666666666,0.37037037037037035,0.46927872602275644,0.6666666666666666,0.2
29553,7,0.4,0.6,0.5531464700081437,0.2857142857142857,0.4,0.42857142857142855,0.4693877551020407,0.539929434207294,0.42857142857142855,0.3
29556,2,0.0,0.0,0.0,0.0,0.0,0.0,0.0,0.0,0.0,0.0
29560,1,0.0,0.0,0.0,0.0,0.0,0.0,0.0,0.0,0.0,0.0
29561,2,0.0,0.0,0.0,0.0,0.0,0.0,0.0,0.0,0.0,0.0
29564,9,0.0,0.0,0.0,0.0,0.0,0.1111111111111111,0.09259259259259259,0.08372491399919348,0.1111111111111111,0.1
29572,23,0.4,0.4666666666666666,0.38356636737133554,0.08695652173913043,0.4,0.4,0.4727272727272727,0.4006705181006299,0.17391304347826086,0.4
29581,9,0.2,0.3333333333333333,0.33916020527361607,0.1111111111111111,0.2,0.1111111111111111,0.18518518518518517,0.23504554941448538,0.1111111111111111,0.1
29586,7,0.4,0.6,0.5531464700081437,0.2857142857142857,0.4,0.7142857142857143,0.5714285714285714,0.6378423595572618,0.7142857142857143,0.5
29590,2,0.0,0.0,0.0,0.0,0.0,0.0,0.0,0.0,0.0,0.0
29593,3,0.3333333333333333,0.4166666666666667,0.46927872602275644,0.3333333333333333,0.2,0.3333333333333333,0.37037037037037035,0.46927872602275644,0.3333333333333333,0.1
29594,1,0.0,0.0,0.0,0.0,0.0,0.0,0.0,0.0,0.0,0.0
29603,46,0.0,0.0,0.0,0.0,0.0,0.2,0.054545454545454536,0.12987501165334073,0.043478260869565216,0.2
29613,2,0.0,0.0,0.0,0.0,0.0,0.0,0.0,0.0,0.0,0.0
29616,15,0.8,0.8000000000000002,0.8304198973631919,0.26666666666666666,0.8,0.4,0.5818181818181818,0.5388856921828065,0.26666666666666666,0.4
29624,9,0.2,0.3333333333333333,0.33916020527361607,0.1111111111111111,0.2,0.1111111111111111,0.18518518518518517,0.23504554941448538,0.1111111111111111,0.1
29626,14,1.0,1.0,1.0,0.35714285714285715,1.0,0.5,0.7272727272727273,0.6489315753318466,0.35714285714285715,0.5
29641,25,0.2,0.3333333333333333,0.33916020527361607,0.04,0.2,0.2,0.2,0.2837125544970318,0.08,0.2
29653,32,0.2,0.3333333333333333,0.33916020527361607,0.03125,0.2,0.1,0.18181818181818182,0.22009176629808014,0.03125,0.1
29656,3,0.3333333333333333,0.0,0.0,0.3333333333333333,0.2,0.3333333333333333,0.0,0.0,0.3333333333333333,0.1
29661,2,0.5,0.5555555555555556,0.6131471927654584,0.5,0.2,0.5,0.5263157894736842,0.6131471927654584,0.5,0.1
29670,23,0.0,0.0,0.0,0.0,0.0,0.2,0.10909090909090909,0.13961814555374907,0.08695652173913043,0.2
29678,3,1.0,0.75,0.7653606369886217,1.0,0.6,1.0,0.7037037037037036,0.7653606369886217,1.0,0.3
29680,3,0.3333333333333333,0.4166666666666667,0.46927872602275644,0.3333333333333333,0.2,0.3333333333333333,0.37037037037037035,0.46927872602275644,0.3333333333333333,0.1
29683,1,0.0,0.0,0.0,0.0,0.0,0.0,0.0,0.0,0.0,0.0
29689,17,0.2,0.06666666666666665,0.13120507751234176,0.058823529411764705,0.2,0.2,0.18181818181818182,0.15850703974098102,0.11764705882352941,0.2
29691,9,0.4,0.5333333333333333,0.5087403079104241,0.2222222222222222,0.4,0.2222222222222222,0.3333333333333333,0.352568324121728,0.2222222222222222,0.2
29694,2,0.0,0.0,0.0,0.0,0.0,0.0,0.0,0.0,0.0,0.0
29698,3,0.0,0.0,0.0,0.0,0.0,0.0,0.0,0.0,0.0,0.0
29707,6,0.2,0.3333333333333333,0.33916020527361607,0.16666666666666666,0.2,0.3333333333333333,0.2222222222222222,0.30260241349881345,0.3333333333333333,0.2
29713,21,0.2,0.26666666666666666,0.2139862647345275,0.047619047619047616,0.2,0.1,0.16363636363636364,0.1388624438735545,0.047619047619047616,0.1
29718,2,0.0,0.0,0.0,0.0,0.0,0.0,0.0,0.0,0.0,0.0
29723,3,0.3333333333333333,0.25,0.23463936301137822,0.3333333333333333,0.2,0.3333333333333333,0.2962962962962963,0.23463936301137822,0.3333333333333333,0.1
29728,4,0.25,0.35714285714285715,0.39038004999210163,0.25,0.2,0.25,0.2941176470588235,0.39038004999210163,0.25,0.1
29733,38,0.6,0.7999999999999999,0.7227265726449518,0.07894736842105263,0.6,0.5,0.6181818181818183,0.6117952373568121,0.13157894736842105,0.5
29737,1,0.0,0.0,0.0,0.0,0.0,0.0,0.0,0.0,0.0,0.0
29738,2,0.5,0.5555555555555556,0.6131471927654584,0.5,0.2,0.5,0.5263157894736842,0.6131471927654584,0.5,0.1
29740,16,0.6,0.7999999999999999,0.7227265726449518,0.1875,0.6,0.3,0.49090909090909096,0.46900009332067477,0.1875,0.3
29743,5,0.2,0.3333333333333333,0.33916020527361607,0.2,0.2,0.2,0.25,0.33916020527361607,0.2,0.1
29748,6,0.4,0.4666666666666666,0.48522855511632257,0.3333333333333333,0.4,0.3333333333333333,0.37777777777777777,0.4329261794091841,0.3333333333333333,0.2
29751,3,0.6666666666666666,0.75,0.7653606369886217,0.6666666666666666,0.4,1.0,0.7037037037037036,0.7653606369886217,1.0,0.3
29752,15,0.2,0.19999999999999998,0.16958010263680803,0.06666666666666667,0.2,0.2,0.21818181818181823,0.18340980524840012,0.13333333333333333,0.2
29755,4,0.0,0.0,0.0,0.0,0.0,0.0,0.0,0.0,0.0,0.0
29759,2,0.0,0.0,0.0,0.0,0.0,0.0,0.0,0.0,0.0,0.0
29765,3,0.0,0.0,0.0,0.0,0.0,0.0,0.0,0.0,0.0,0.0
29786,2,0.0,0.0,0.0,0.0,0.0,0.0,0.0,0.0,0.0,0.0
29799,2,0.5,0.5555555555555556,0.6131471927654584,0.5,0.2,0.5,0.5263157894736842,0.6131471927654584,0.5,0.1
29801,4,0.25,0.35714285714285715,0.39038004999210163,0.25,0.2,0.5,0.2941176470588235,0.39038004999210163,0.5,0.2
29803,28,0.6,0.7999999999999999,0.7227265726449518,0.10714285714285714,0.6,0.3,0.49090909090909096,0.46900009332067477,0.10714285714285714,0.3
29809,16,0.2,0.3333333333333333,0.33916020527361607,0.0625,0.2,0.3,0.2727272727272727,0.3570764765963919,0.1875,0.3
29813,4,0.25,0.35714285714285715,0.39038004999210163,0.25,0.2,0.5,0.2941176470588235,0.39038004999210163,0.5,0.2
29821,11,0.4,0.4666666666666666,0.38356636737133554,0.18181818181818182,0.4,0.2,0.30909090909090914,0.24890832702259458,0.18181818181818182,0.2
29830,38,0.4,0.3333333333333333,0.31564845247951445,0.05263157894736842,0.4,0.4,0.36363636363636365,0.3418189578169026,0.10526315789473684,0.4
29833,4,0.25,0.28571428571428575,0.2463023887407299,0.25,0.2,0.25,0.2647058823529412,0.2463023887407299,0.25,0.1
29838,31,0.6,0.6,0.6399453854227659,0.0967741935483871,0.6,0.4,0.49090909090909096,0.48471198902551843,0.12903225806451613,0.4
29839,27,0.2,0.26666666666666666,0.2139862647345275,0.037037037037037035,0.2,0.1,0.16363636363636364,0.1388624438735545,0.037037037037037035,0.1
29849,2,0.5,0.5555555555555556,0.6131471927654584,0.5,0.2,0.5,0.5263157894736842,0.6131471927654584,0.5,0.1
29874,6,0.4,0.4666666666666666,0.38356636737133554,0.3333333333333333,0.4,0.3333333333333333,0.3777777777777778,0.34222207292834134,0.3333333333333333,0.2
29876,4,0.25,0.35714285714285715,0.39038004999210163,0.25,0.2,0.25,0.2941176470588235,0.39038004999210163,0.25,0.1
29879,12,0.2,0.26666666666666666,0.2139862647345275,0.08333333333333333,0.2,0.1,0.16363636363636364,0.1388624438735545,0.08333333333333333,0.1
29883,5,0.2,0.3333333333333333,0.33916020527361607,0.2,0.2,0.2,0.25,0.33916020527361607,0.2,0.1
29884,9,0.0,0.0,0.0,0.0,0.0,0.0,0.0,0.0,0.0,0.0
29885,51,0.6,0.6,0.6399453854227659,0.058823529411764705,0.6,0.5,0.5636363636363636,0.5599332595218055,0.09803921568627451,0.5
29887,4,0.5,0.35714285714285715,0.39038004999210163,0.5,0.4,0.75,0.2941176470588235,0.39038004999210163,0.75,0.3
29890,5,0.0,0.0,0.0,0.0,0.0,0.0,0.0,0.0,0.0,0.0
29897,22,0.2,0.06666666666666665,0.13120507751234176,0.045454545454545456,0.2,0.2,0.2,0.1635413866202963,0.09090909090909091,0.2
29904,48,0.2,0.19999999999999998,0.16958010263680803,0.020833333333333332,0.2,0.2,0.18181818181818182,0.1763001066034291,0.041666666666666664,0.2
29906,30,0.8,0.9333333333333332,0.8687949224876582,0.13333333333333333,0.8,0.5,0.6727272727272727,0.6332196796270029,0.16666666666666666,0.5
29907,4,0.0,0.0,0.0,0.0,0.0,0.0,0.0,0.0,0.0,0.0
29908,17,0.0,0.0,0.0,0.0,0.0,0.2,0.1272727272727273,0.1427951440361373,0.11764705882352941,0.2
29910,50,0.6,0.6666666666666666,0.6548086577531306,0.06,0.6,0.5,0.5636363636363636,0.5669450709942979,0.1,0.5
29914,10,0.2,0.3333333333333333,0.33916020527361607,0.1,0.2,0.4,0.29090909090909095,0.4193979998881981,0.4,0.4
29920,11,0.6,0.6,0.6399453854227659,0.2727272727272727,0.6,0.3,0.43636363636363634,0.4152807670887412,0.2727272727272727,0.3
29932,31,0.2,0.3333333333333333,0.33916020527361607,0.03225806451612903,0.2,0.3,0.3090909090909091,0.36288691033421744,0.0967741935483871,0.3
29943,12,0.4,0.26666666666666666,0.3007851801491498,0.16666666666666666,0.4,0.2,0.2545454545454545,0.19518900079066104,0.16666666666666666,0.2
29948,6,0.0,0.0,0.0,0.0,0.0,0.0,0.0,0.0,0.0,0.0
29956,4,0.0,0.0,0.0,0.0,0.0,0.0,0.0,0.0,0.0,0.0
29966,2,0.5,0.5555555555555556,0.6131471927654584,0.5,0.2,0.5,0.5263157894736842,0.6131471927654584,0.5,0.1
29968,2,0.5,0.0,0.0,0.5,0.2,0.5,0.0,0.0,0.5,0.1
29975,1,0.0,0.0,0.0,0.0,0.0,1.0,0.0,0.0,1.0,0.1
29977,23,0.4,0.5333333333333333,0.5087403079104241,0.08695652173913043,0.4,0.2,0.32727272727272727,0.3301376494471202,0.08695652173913043,0.2
29978,48,0.2,0.13333333333333333,0.14606834984270645,0.020833333333333332,0.2,0.3,0.29090909090909095,0.24655055544758617,0.0625,0.3
29982,1,1.0,0.0,0.0,1.0,0.2,1.0,0.0,0.0,1.0,0.1
29985,18,0.4,0.4666666666666666,0.48522855511632257,0.1111111111111111,0.4,0.2,0.3090909090909091,0.31488013066763093,0.1111111111111111,0.2
30000,36,0.8,0.9333333333333332,0.8687949224876582,0.1111111111111111,0.8,0.5,0.6909090909090909,0.6371523797895856,0.1388888888888889,0.5
30003,3,0.3333333333333333,0.0,0.0,0.3333333333333333,0.2,0.3333333333333333,0.0,0.0,0.3333333333333333,0.1
30007,3,0.0,0.0,0.0,0.0,0.0,0.0,0.0,0.0,0.0,0.0
30009,13,0.2,0.3333333333333333,0.33916020527361607,0.07692307692307693,0.2,0.2,0.2545454545454545,0.29345568839744024,0.15384615384615385,0.2
30013,15,0.0,0.0,0.0,0.0,0.0,0.2,0.054545454545454536,0.12987501165334073,0.13333333333333333,0.2
30014,19,0.2,0.26666666666666666,0.2139862647345275,0.05263157894736842,0.2,0.2,0.21818181818181823,0.20829366581033176,0.10526315789473684,0.2
30021,5,0.2,0.26666666666666666,0.2139862647345275,0.2,0.2,0.2,0.225,0.2139862647345275,0.2,0.1
30034,8,0.2,0.26666666666666666,0.2139862647345275,0.125,0.2,0.125,0.17307692307692307,0.1595890771248963,0.125,0.1
30039,6,0.4,0.39999999999999997,0.4703652827859578,0.3333333333333333,0.4,0.5,0.35555555555555557,0.4196650066367769,0.5,0.3
30042,9,0.2,0.3333333333333333,0.33916020527361607,0.1111111111111111,0.2,0.1111111111111111,0.18518518518518517,0.23504554941448538,0.1111111111111111,0.1
30043,11,0.2,0.13333333333333333,0.14606834984270645,0.09090909090909091,0.2,0.2,0.2,0.16815228646891084,0.18181818181818182,0.2
30048,2,1.0,0.4444444444444445,0.3868528072345415,1.0,0.4,1.0,0.4736842105263158,0.3868528072345415,1.0,0.2
30055,24,0.0,0.0,0.0,0.0,0.0,0.0,0.0,0.0,0.0,0.0
30058,8,0.0,0.0,0.0,0.0,0.0,0.0,0.0,0.0,0.0,0.0
30060,27,0.4,0.5333333333333333,0.5087403079104241,0.07407407407407407,0.4,0.3,0.4,0.40350157154648025,0.1111111111111111,0.3
30064,13,0.2,0.26666666666666666,0.2139862647345275,0.07692307692307693,0.2,0.1,0.16363636363636364,0.1388624438735545,0.07692307692307693,0.1
30073,2,0.5,0.5555555555555556,0.6131471927654584,0.5,0.2,1.0,0.5263157894736842,0.6131471927654584,1.0,0.2
30094,6,0.0,0.0,0.0,0.0,0.0,0.16666666666666666,0.0,0.0,0.16666666666666666,0.1
30099,23,0.4,0.5333333333333333,0.5087403079104241,0.08695652173913043,0.4,0.4,0.45454545454545453,0.4729327934832575,0.17391304347826086,0.4
30100,7,0.2,0.13333333333333333,0.14606834984270645,0.14285714285714285,0.2,0.2857142857142857,0.14285714285714285,0.11838279295536291,0.2857142857142857,0.2
30103,20,0.2,0.06666666666666665,0.13120507751234176,0.05,0.2,0.3,0.23636363636363636,0.22793826167775824,0.15,0.3
30104,3,0.3333333333333333,0.4166666666666667,0.46927872602275644,0.3333333333333333,0.2,0.3333333333333333,0.37037037037037035,0.46927872602275644,0.3333333333333333,0.1
30109,19,0.2,0.3333333333333333,0.33916020527361607,0.05263157894736842,0.2,0.4,0.4,0.44128517931289274,0.21052631578947367,0.4
30116,44,0.4,0.39999999999999997,0.4703652827859578,0.045454545454545456,0.4,0.5,0.49090909090909096,0.5232512984721255,0.11363636363636363,0.5
30123,4,0.25,0.2142857142857143,0.19519002499605081,0.25,0.2,0.5,0.23529411764705882,0.19519002499605081,0.5,0.2
30128,22,0.2,0.06666666666666665,0.13120507751234176,0.045454545454545456,0.2,0.2,0.2,0.1635413866202963,0.09090909090909091,0.2
30131,18,0.2,0.3333333333333333,0.33916020527361607,0.05555555555555555,0.2,0.1,0.18181818181818182,0.22009176629808014,0.05555555555555555,0.1
30133,5,0.2,0.26666666666666666,0.2139862647345275,0.2,0.2,0.4,0.225,0.2139862647345275,0.4,0.2
30134,8,0.6,0.6666666666666666,0.6548086577531306,0.375,0.6,0.375,0.4807692307692307,0.4883505467692416,0.375,0.3
30136,12,0.8,0.7333333333333334,0.7860137352654724,0.3333333333333333,0.8,0.5,0.6363636363636364,0.5834330535576521,0.4166666666666667,0.5
30138,6,0.2,0.3333333333333333,0.33916020527361607,0.16666666666666666,0.2,0.16666666666666666,0.2222222222222222,0.30260241349881345,0.16666666666666666,0.1
30142,26,0.4,0.6,0.5531464700081437,0.07692307692307693,0.4,0.3,0.43636363636363634,0.43735247915031,0.11538461538461539,0.3
30143,3,0.0,0.0,0.0,0.0,0.0,0.0,0.0,0.0,0.0,0.0
30146,19,0.4,0.6,0.5531464700081437,0.10526315789473684,0.4,0.3,0.43636363636363634,0.43735247915031,0.15789473684210525,0.3
30149,1,0.0,0.0,0.0,0.0,0.0,0.0,0.0,0.0,0.0,0.0
30150,2,0.0,0.0,0.0,0.0,0.0,0.0,0.0,0.0,0.0,0.0
30154,1,0.0,0.0,0.0,0.0,0.0,0.0,0.0,0.0,0.0,0.0
30155,1,0.0,0.0,0.0,0.0,0.0,0.0,0.0,0.0,0.0,0.0
30161,6,0.2,0.3333333333333333,0.33916020527361607,0.16666666666666666,0.2,0.16666666666666666,0.2222222222222222,0.30260241349881345,0.16666666666666666,0.1
30165,11,0.4,0.6,0.5531464700081437,0.18181818181818182,0.4,0.2,0.34545454545454546,0.3589542101716347,0.18181818181818182,0.2
30166,54,0.6,0.7999999999999999,0.7227265726449518,0.05555555555555555,0.6,0.6,0.6545454545454545,0.6804503724350791,0.1111111111111111,0.6
30171,8,0.4,0.4666666666666666,0.38356636737133554,0.25,0.4,0.5,0.4807692307692307,0.45595497572354066,0.5,0.4
30172,17,0.6,0.6666666666666666,0.6843515475204854,0.17647058823529413,0.6,0.3,0.45454545454545453,0.44409732781325567,0.17647058823529413,0.3
30179,2,0.5,0.5555555555555556,0.6131471927654584,0.5,0.2,0.5,0.5263157894736842,0.6131471927654584,0.5,0.1
30184,8,0.2,0.3333333333333333,0.33916020527361607,0.125,0.2,0.25,0.25,0.3327372413301053,0.25,0.2
30189,5,0.6,0.7333333333333334,0.6992148198508501,0.6,0.6,0.6,0.6499999999999999,0.6992148198508501,0.6,0.3
30192,12,0.4,0.4666666666666666,0.48522855511632257,0.16666666666666666,0.4,0.2,0.3090909090909091,0.31488013066763093,0.16666666666666666,0.2
30193,13,0.4,0.5333333333333333,0.5087403079104241,0.15384615384615385,0.4,0.2,0.32727272727272727,0.3301376494471202,0.15384615384615385,0.2
30195,10,0.6,0.7333333333333334,0.6992148198508501,0.3,0.6,0.5,0.5636363636363636,0.5907272848394972,0.5,0.5
30209,16,0.8,0.8000000000000002,0.8304198973631919,0.25,0.8,0.4,0.5818181818181818,0.5388856921828065,0.25,0.4
30214,9,0.2,0.3333333333333333,0.33916020527361607,0.1111111111111111,0.2,0.1111111111111111,0.18518518518518517,0.23504554941448538,0.1111111111111111,0.1
30219,13,0.4,0.6,0.5531464700081437,0.15384615384615385,0.4,0.3,0.43636363636363634,0.43735247915031,0.23076923076923078,0.3
30220,43,0.0,0.0,0.0,0.0,0.0,0.1,0.09090909090909091,0.07839826897867533,0.023255813953488372,0.1
30224,2,0.0,0.0,0.0,0.0,0.0,0.0,0.0,0.0,0.0,0.0
30234,30,0.2,0.19999999999999998,0.16958010263680803,0.03333333333333333,0.2,0.1,0.14545454545454548,0.11004588314904007,0.03333333333333333,0.1
30236,3,0.0,0.0,0.0,0.0,0.0,0.0,0.0,0.0,0.0,0.0
30239,13,0.6,0.6666666666666666,0.6843515475204854,0.23076923076923078,0.6,0.4,0.49090909090909096,0.5103515512676448,0.3076923076923077,0.4
30241,1,1.0,0.0,0.0,1.0,0.2,1.0,0.0,0.0,1.0,0.1
30248,14,0.0,0.0,0.0,0.0,0.0,0.1,0.05454545454545456,0.06943122193677725,0.07142857142857142,0.1
30251,7,0.2,0.3333333333333333,0.33916020527361607,0.14285714285714285,0.2,0.14285714285714285,0.2040816326530612,0.27487633291429087,0.14285714285714285,0.1
30253,1,0.0,0.0,0.0,0.0,0.0,0.0,0.0,0.0,0.0,0.0
30258,17,0.8,0.8000000000000002,0.8304198973631919,0.23529411764705882,0.8,0.5,0.6,0.6025064803817581,0.29411764705882354,0.5
30261,15,0.2,0.3333333333333333,0.33916020527361607,0.06666666666666667,0.2,0.2,0.2,0.2837125544970318,0.13333333333333333,0.2
30265,4,0.25,0.35714285714285715,0.39038004999210163,0.25,0.2,0.25,0.2941176470588235,0.39038004999210163,0.25,0.1
30266,32,0.4,0.4666666666666666,0.48522855511632257,0.0625,0.4,0.2,0.3090909090909091,0.31488013066763093,0.0625,0.2
30288,6,0.2,0.26666666666666666,0.2139862647345275,0.16666666666666666,0.2,0.16666666666666666,0.2,0.1909208661789346,0.16666666666666666,0.1
30289,6,0.6,0.7999999999999999,0.7227265726449518,0.5,0.6,0.5,0.6000000000000001,0.6448244864271548,0.5,0.3
30292,14,0.6,0.7999999999999999,0.7227265726449518,0.21428571428571427,0.6,0.4,0.5090909090909091,0.5326208815196265,0.2857142857142857,0.4
30301,8,0.2,0.26666666666666666,0.2139862647345275,0.125,0.2,0.125,0.17307692307692307,0.1595890771248963,0.125,0.1
30318,15,0.4,0.39999999999999997,0.4703652827859578,0.13333333333333333,0.4,0.3,0.32727272727272727,0.37148910739409013,0.2,0.3
30321,1,0.0,0.0,0.0,0.0,0.0,0.0,0.0,0.0,0.0,0.0
30323,3,0.3333333333333333,0.4166666666666667,0.46927872602275644,0.3333333333333333,0.2,0.3333333333333333,0.37037037037037035,0.46927872602275644,0.3333333333333333,0.1
30329,4,0.5,0.6428571428571429,0.6366824387328316,0.5,0.4,0.5,0.5588235294117646,0.6366824387328316,0.5,0.2
30332,1,1.0,1.0,1.0,1.0,0.2,1.0,1.0,1.0,1.0,0.1
30336,31,1.0,1.0,1.0,0.16129032258064516,1.0,0.8,0.8363636363636363,0.8482378089219647,0.25806451612903225,0.8
30361,1,1.0,1.0,1.0,1.0,0.2,1.0,1.0,1.0,1.0,0.1
30363,12,0.6,0.6,0.6399453854227659,0.25,0.6,0.4,0.47272727272727266,0.48153499054313026,0.3333333333333333,0.4
30367,29,0.4,0.39999999999999997,0.4703652827859578,0.06896551724137931,0.4,0.4,0.41818181818181815,0.44988737637276544,0.13793103448275862,0.4
30371,9,0.0,0.0,0.0,0.0,0.0,0.1111111111111111,0.05555555555555556,0.07414861528507453,0.1111111111111111,0.1
30373,13,0.2,0.3333333333333333,0.33916020527361607,0.07692307692307693,0.2,0.1,0.18181818181818182,0.22009176629808014,0.07692307692307693,0.1
30374,16,0.6,0.6666666666666666,0.6548086577531306,0.1875,0.6,0.4,0.509090909090909,0.4943572357534482,0.25,0.4
30375,10,0.0,0.0,0.0,0.0,0.0,0.0,0.0,0.0,0.0,0.0
30378,25,1.0,1.0,1.0,0.2,1.0,0.7,0.890909090909091,0.800693766409882,0.28,0.7
30380,28,0.6,0.6666666666666666,0.6843515475204854,0.10714285714285714,0.6,0.4,0.49090909090909096,0.5103515512676448,0.14285714285714285,0.4
30389,30,0.2,0.26666666666666666,0.2139862647345275,0.03333333333333333,0.2,0.3,0.29090909090909095,0.28165758790969175,0.1,0.3
30402,14,0.0,0.0,0.0,0.0,0.0,0.1,0.018181818181818177,0.0636207881989517,0.07142857142857142,0.1
30403,8,0.4,0.6,0.5531464700081437,0.25,0.4,0.25,0.36538461538461536,0.4125317798925535,0.25,0.2
30407,11,0.0,0.0,0.0,0.0,0.0,0.0,0.0,0.0,0.0,0.0
30415,40,0.8,0.9333333333333332,0.8687949224876582,0.1,0.8,0.7,0.8,0.7778721720600672,0.175,0.7
30418,10,0.2,0.3333333333333333,0.33916020527361607,0.1,0.2,0.1,0.18181818181818182,0.22009176629808014,0.1,0.1
30423,24,0.0,0.0,0.0,0.0,0.0,0.2,0.10909090909090909,0.13961814555374907,0.08333333333333333,0.2
30424,7,0.0,0.0,0.0,0.0,0.0,0.14285714285714285,0.0,0.0,0.14285714285714285,0.1
30425,3,0.6666666666666666,0.75,0.7653606369886217,0.6666666666666666,0.4,0.6666666666666666,0.7037037037037036,0.7653606369886217,0.6666666666666666,0.2
30433,21,0.2,0.3333333333333333,0.33916020527361607,0.047619047619047616,0.2,0.1,0.18181818181818182,0.22009176629808014,0.047619047619047616,0.1
30437,1,1.0,1.0,1.0,1.0,0.2,1.0,1.0,1.0,1.0,0.1
30442,17,0.2,0.3333333333333333,0.33916020527361607,0.058823529411764705,0.2,0.1,0.18181818181818182,0.22009176629808014,0.058823529411764705,0.1
30443,8,0.2,0.3333333333333333,0.33916020527361607,0.125,0.2,0.125,0.1923076923076923,0.2529427027676571,0.125,0.1
30454,7,0.2,0.26666666666666666,0.2139862647345275,0.14285714285714285,0.2,0.14285714285714285,0.18367346938775508,0.17342765698823942,0.14285714285714285,0.1
30457,5,0.2,0.3333333333333333,0.33916020527361607,0.2,0.2,0.2,0.25,0.33916020527361607,0.2,0.1
30466,43,0.2,0.06666666666666665,0.13120507751234176,0.023255813953488372,0.2,0.3,0.23636363636363636,0.22793826167775824,0.06976744186046512,0.3
30471,3,0.3333333333333333,0.0,0.0,0.3333333333333333,0.2,0.3333333333333333,0.0,0.0,0.3333333333333333,0.1
30476,27,0.4,0.6,0.5531464700081437,0.07407407407407407,0.4,0.3,0.43636363636363634,0.43735247915031,0.1111111111111111,0.3
30499,1,1.0,1.0,1.0,1.0,0.2,1.0,1.0,1.0,1.0,0.1
30507,12,0.2,0.3333333333333333,0.33916020527361607,0.08333333333333333,0.2,0.2,0.2545454545454545,0.29345568839744024,0.16666666666666666,0.2
30509,37,0.2,0.19999999999999998,0.16958010263680803,0.02702702702702703,0.2,0.1,0.14545454545454548,0.11004588314904007,0.02702702702702703,0.1
30510,29,0.0,0.0,0.0,0.0,0.0,0.1,0.05454545454545456,0.06943122193677725,0.034482758620689655,0.1
30512,5,0.2,0.19999999999999998,0.16958010263680803,0.2,0.2,0.2,0.2,0.16958010263680803,0.2,0.1
30516,3,0.3333333333333333,0.4166666666666667,0.46927872602275644,0.3333333333333333,0.2,0.3333333333333333,0.37037037037037035,0.46927872602275644,0.3333333333333333,0.1
30517,10,0.4,0.6,0.5531464700081437,0.2,0.4,0.2,0.34545454545454546,0.3589542101716347,0.2,0.2
30518,24,0.2,0.3333333333333333,0.33916020527361607,0.041666666666666664,0.2,0.3,0.29090909090909095,0.3621108234757072,0.125,0.3
30530,2,0.5,0.0,0.0,0.5,0.2,0.5,0.0,0.0,0.5,0.1
30533,9,0.2,0.13333333333333333,0.14606834984270645,0.1111111111111111,0.2,0.1111111111111111,0.12962962962962962,0.10122860821230019,0.1111111111111111,0.1
30535,4,0.25,0.35714285714285715,0.39038004999210163,0.25,0.2,0.25,0.2941176470588235,0.39038004999210163,0.25,0.1
30537,2,0.0,0.0,0.0,0.0,0.0,0.0,0.0,0.0,0.0,0.0
30541,8,0.2,0.13333333333333333,0.14606834984270645,0.125,0.2,0.25,0.1346153846153846,0.1089364926177559,0.25,0.2
30545,4,0.0,0.0,0.0,0.0,0.0,0.25,0.0,0.0,0.25,0.1
30551,8,0.2,0.3333333333333333,0.33916020527361607,0.125,0.2,0.125,0.1923076923076923,0.2529427027676571,0.125,0.1
30552,27,0.0,0.0,0.0,0.0,0.0,0.0,0.0,0.0,0.0,0.0
30558,18,0.4,0.6,0.5531464700081437,0.1111111111111111,0.4,0.4,0.49090909090909096,0.5067837010870873,0.2222222222222222,0.4
30566,3,0.0,0.0,0.0,0.0,0.0,0.0,0.0,0.0,0.0,0.0
30568,8,0.4,0.5333333333333333,0.5087403079104241,0.25,0.4,0.375,0.4230769230769231,0.4637282884073714,0.375,0.3
30573,2,0.0,0.0,0.0,0.0,0.0,0.0,0.0,0.0,0.0,0.0
30581,4,0.0,0.0,0.0,0.0,0.0,0.0,0.0,0.0,0.0,0.0
30585,2,0.0,0.0,0.0,0.0,0.0,0.0,0.0,0.0,0.0,0.0
30588,3,0.0,0.0,0.0,0.0,0.0,0.3333333333333333,0.0,0.0,0.3333333333333333,0.1
30591,9,0.2,0.3333333333333333,0.33916020527361607,0.1111111111111111,0.2,0.1111111111111111,0.18518518518518517,0.23504554941448538,0.1111111111111111,0.1
30594,2,0.0,0.0,0.0,0.0,0.0,0.0,0.0,0.0,0.0,0.0
30595,4,0.25,0.28571428571428575,0.2463023887407299,0.25,0.2,0.5,0.2647058823529412,0.2463023887407299,0.5,0.2
30598,4,0.25,0.35714285714285715,0.39038004999210163,0.25,0.2,0.5,0.2941176470588235,0.39038004999210163,0.5,0.2
30599,4,0.5,0.5714285714285715,0.5855700749881524,0.5,0.4,0.75,0.5294117647058824,0.5855700749881524,0.75,0.3
30606,32,0.0,0.0,0.0,0.0,0.0,0.0,0.0,0.0,0.0,0.0
30613,2,0.0,0.0,0.0,0.0,0.0,0.0,0.0,0.0,0.0,0.0
30634,1,1.0,1.0,1.0,1.0,0.2,1.0,1.0,1.0,1.0,0.1
30637,10,0.4,0.5333333333333333,0.5087403079104241,0.2,0.4,0.3,0.4,0.40350157154648025,0.3,0.3
30655,14,0.2,0.26666666666666666,0.2139862647345275,0.07142857142857142,0.2,0.1,0.16363636363636364,0.1388624438735545,0.07142857142857142,0.1
30658,1,1.0,1.0,1.0,1.0,0.2,1.0,1.0,1.0,1.0,0.1
30661,1,1.0,1.0,1.0,1.0,0.2,1.0,1.0,1.0,1.0,0.1
30667,5,0.2,0.3333333333333333,0.33916020527361607,0.2,0.2,0.2,0.25,0.33916020527361607,0.2,0.1
30669,19,0.4,0.5333333333333333,0.5087403079104241,0.10526315789473684,0.4,0.2,0.32727272727272727,0.3301376494471202,0.10526315789473684,0.2
30676,1,1.0,1.0,1.0,1.0,0.2,1.0,1.0,1.0,1.0,0.1
30677,1,0.0,0.0,0.0,0.0,0.0,0.0,0.0,0.0,0.0,0.0
30684,5,0.0,0.0,0.0,0.0,0.0,0.0,0.0,0.0,0.0,0.0
30686,5,0.2,0.3333333333333333,0.33916020527361607,0.2,0.2,0.2,0.25,0.33916020527361607,0.2,0.1
30691,1,0.0,0.0,0.0,0.0,0.0,0.0,0.0,0.0,0.0,0.0
30700,12,0.0,0.0,0.0,0.0,0.0,0.0,0.0,0.0,0.0,0.0
30705,18,0.6,0.6666666666666666,0.6548086577531306,0.16666666666666666,0.6,0.4,0.5454545454545454,0.5033242827953462,0.2222222222222222,0.4
30706,25,0.8,0.9333333333333332,0.8687949224876582,0.16,0.8,0.6,0.7272727272727273,0.7058075148678526,0.24,0.6
30709,10,0.0,0.0,0.0,0.0,0.0,0.0,0.0,0.0,0.0,0.0
30710,8,0.2,0.3333333333333333,0.33916020527361607,0.125,0.2,0.125,0.1923076923076923,0.2529427027676571,0.125,0.1
30713,2,1.0,0.0,0.0,1.0,0.4,1.0,0.0,0.0,1.0,0.2
30716,25,0.4,0.6,0.5531464700081437,0.08,0.4,0.2,0.34545454545454546,0.3589542101716347,0.08,0.2
30718,1,0.0,0.0,0.0,0.0,0.0,0.0,0.0,0.0,0.0,0.0
30724,17,0.8,0.9333333333333332,0.8687949224876582,0.23529411764705882,0.8,0.4,0.6181818181818183,0.5637884576902256,0.23529411764705882,0.4
30725,15,0.4,0.39999999999999997,0.4703652827859578,0.13333333333333333,0.4,0.4,0.38181818181818183,0.4422195942380128,0.26666666666666666,0.4
30738,1,1.0,0.0,0.0,1.0,0.2,1.0,0.0,0.0,1.0,0.1
30741,4,0.0,0.0,0.0,0.0,0.0,0.25,0.0,0.0,0.25,0.1
30749,7,0.2,0.19999999999999998,0.16958010263680803,0.14285714285714285,0.2,0.14285714285714285,0.16326530612244897,0.13743816645714543,0.14285714285714285,0.1
30768,3,0.6666666666666666,0.6666666666666667,0.7039180890341346,0.6666666666666666,0.4,0.6666666666666666,0.6666666666666666,0.7039180890341346,0.6666666666666666,0.2
30770,7,0.2,0.3333333333333333,0.33916020527361607,0.14285714285714285,0.2,0.14285714285714285,0.2040816326530612,0.27487633291429087,0.14285714285714285,0.1
30771,2,0.0,0.0,0.0,0.0,0.0,0.0,0.0,0.0,0.0,0.0
30780,6,0.0,0.0,0.0,0.0,0.0,0.0,0.0,0.0,0.0,0.0
30781,1,0.0,0.0,0.0,0.0,0.0,0.0,0.0,0.0,0.0,0.0
30783,37,0.6,0.6666666666666666,0.6843515475204854,0.08108108108108109,0.6,0.6,0.6181818181818182,0.65554760692766,0.16216216216216217,0.6
30789,3,0.3333333333333333,0.4166666666666667,0.46927872602275644,0.3333333333333333,0.2,0.3333333333333333,0.37037037037037035,0.46927872602275644,0.3333333333333333,0.1
30790,4,0.5,0.6428571428571429,0.6366824387328316,0.5,0.4,0.5,0.5588235294117646,0.6366824387328316,0.5,0.2
30792,9,0.2,0.19999999999999998,0.16958010263680803,0.1111111111111111,0.2,0.2222222222222222,0.18518518518518517,0.1882785354283233,0.2222222222222222,0.2
30799,7,0.6,0.7999999999999999,0.7227265726449518,0.42857142857142855,0.6,0.42857142857142855,0.5510204081632653,0.5857421563596757,0.42857142857142855,0.3
30802,2,0.0,0.0,0.0,0.0,0.0,0.5,0.0,0.0,0.5,0.1
30818,22,0.0,0.0,0.0,0.0,0.0,0.0,0.0,0.0,0.0,0.0
30823,17,0.4,0.6,0.5531464700081437,0.11764705882352941,0.4,0.2,0.34545454545454546,0.3589542101716347,0.11764705882352941,0.2
30828,8,0.0,0.0,0.0,0.0,0.0,0.0,0.0,0.0,0.0,0.0
30837,25,0.2,0.26666666666666666,0.2139862647345275,0.04,0.2,0.1,0.16363636363636364,0.1388624438735545,0.04,0.1
30849,2,0.0,0.0,0.0,0.0,0.0,0.0,0.0,0.0,0.0,0.0
30851,4,0.5,0.6428571428571429,0.6366824387328316,0.5,0.4,0.5,0.5588235294117646,0.6366824387328316,0.5,0.2
30855,7,0.2,0.3333333333333333,0.33916020527361607,0.14285714285714285,0.2,0.2857142857142857,0.3061224489795918,0.3727892582642587,0.2857142857142857,0.2
30871,10,0.2,0.3333333333333333,0.33916020527361607,0.1,0.2,0.1,0.18181818181818182,0.22009176629808014,0.1,0.1
30879,3,0.0,0.0,0.0,0.0,0.0,0.0,0.0,0.0,0.0,0.0
30884,18,0.4,0.6,0.5531464700081437,0.1111111111111111,0.4,0.2,0.34545454545454546,0.3589542101716347,0.1111111111111111,0.2
30889,11,0.2,0.3333333333333333,0.33916020527361607,0.09090909090909091,0.2,0.1,0.18181818181818182,0.22009176629808014,0.09090909090909091,0.1
30890,3,0.3333333333333333,0.4166666666666667,0.46927872602275644,0.3333333333333333,0.2,0.6666666666666666,0.37037037037037035,0.46927872602275644,0.6666666666666666,0.2
30893,13,0.2,0.3333333333333333,0.33916020527361607,0.07692307692307693,0.2,0.1,0.18181818181818182,0.22009176629808014,0.07692307692307693,0.1
30894,19,0.2,0.3333333333333333,0.33916020527361607,0.05263157894736842,0.2,0.2,0.2727272727272727,0.2984900352767555,0.10526315789473684,0.2
30896,4,0.25,0.35714285714285715,0.39038004999210163,0.25,0.2,0.25,0.2941176470588235,0.39038004999210163,0.25,0.1
30900,2,0.5,0.5555555555555556,0.6131471927654584,0.5,0.2,0.5,0.5263157894736842,0.6131471927654584,0.5,0.1
30906,16,0.2,0.3333333333333333,0.33916020527361607,0.0625,0.2,0.2,0.2727272727272727,0.2984900352767555,0.125,0.2
30911,3,0.3333333333333333,0.4166666666666667,0.46927872602275644,0.3333333333333333,0.2,0.3333333333333333,0.37037037037037035,0.46927872602275644,0.3333333333333333,0.1
30914,6,0.2,0.3333333333333333,0.33916020527361607,0.16666666666666666,0.2,0.16666666666666666,0.2222222222222222,0.30260241349881345,0.16666666666666666,0.1
30925,1,1.0,1.0,1.0,1.0,0.2,1.0,1.0,1.0,1.0,0.1
30928,12,0.4,0.6,0.5531464700081437,0.16666666666666666,0.4,0.2,0.34545454545454546,0.3589542101716347,0.16666666666666666,0.2
30929,2,0.5,0.4444444444444445,0.3868528072345415,0.5,0.2,0.5,0.4736842105263158,0.3868528072345415,0.5,0.1
30932,26,1.0,1.0,1.0,0.19230769230769232,1.0,0.6,0.8181818181818182,0.727329844310522,0.23076923076923078,0.6
30933,6,0.4,0.39999999999999997,0.4703652827859578,0.3333333333333333,0.4,0.3333333333333333,0.35555555555555557,0.4196650066367769,0.3333333333333333,0.2
30941,2,0.5,0.0,0.0,0.5,0.2,0.5,0.0,0.0,0.5,0.1
30944,3,0.0,0.0,0.0,0.0,0.0,0.0,0.0,0.0,0.0,0.0
30947,34,0.2,0.3333333333333333,0.33916020527361607,0.029411764705882353,0.2,0.3,0.29090909090909095,0.3621108234757072,0.08823529411764706,0.3
30950,2,0.0,0.0,0.0,0.0,0.0,0.0,0.0,0.0,0.0,0.0
30964,14,0.8,0.8000000000000002,0.8304198973631919,0.2857142857142857,0.8,0.4,0.5818181818181818,0.5388856921828065,0.2857142857142857,0.4
30968,14,0.2,0.3333333333333333,0.33916020527361607,0.07142857142857142,0.2,0.2,0.2727272727272727,0.2984900352767555,0.14285714285714285,0.2
30969,1,0.0,0.0,0.0,0.0,0.0,1.0,0.0,0.0,1.0,0.1
30973,2,0.0,0.0,0.0,0.0,0.0,0.0,0.0,0.0,0.0,0.0
30978,30,0.4,0.3333333333333333,0.31564845247951445,0.06666666666666667,0.4,0.2,0.2727272727272727,0.20483424751859083,0.06666666666666667,0.2
30987,2,0.5,0.5555555555555556,0.6131471927654584,0.5,0.2,1.0,0.5263157894736842,0.6131471927654584,1.0,0.2
30993,6,0.0,0.0,0.0,0.0,0.0,0.0,0.0,0.0,0.0,0.0
30999,6,0.2,0.3333333333333333,0.33916020527361607,0.16666666666666666,0.2,0.16666666666666666,0.2222222222222222,0.30260241349881345,0.16666666666666666,0.1
31003,2,0.0,0.0,0.0,0.0,0.0,0.0,0.0,0.0,0.0,0.0
31005,1,0.0,0.0,0.0,0.0,0.0,0.0,0.0,0.0,0.0,0.0
31021,9,0.2,0.3333333333333333,0.33916020527361607,0.1111111111111111,0.2,0.1111111111111111,0.18518518518518517,0.23504554941448538,0.1111111111111111,0.1
31026,5,0.2,0.3333333333333333,0.33916020527361607,0.2,0.2,0.2,0.25,0.33916020527361607,0.2,0.1
31038,12,0.2,0.3333333333333333,0.33916020527361607,0.08333333333333333,0.2,0.1,0.18181818181818182,0.22009176629808014,0.08333333333333333,0.1
31050,5,0.2,0.06666666666666665,0.13120507751234176,0.2,0.2,0.2,0.15,0.13120507751234176,0.2,0.1
31052,7,0.4,0.39999999999999997,0.4703652827859578,0.2857142857142857,0.4,0.42857142857142855,0.32653061224489793,0.3812130139445206,0.42857142857142855,0.3
31055,2,0.5,0.4444444444444445,0.3868528072345415,0.5,0.2,0.5,0.4736842105263158,0.3868528072345415,0.5,0.1
31056,5,0.2,0.3333333333333333,0.33916020527361607,0.2,0.2,0.6,0.25,0.33916020527361607,0.6,0.3
31058,12,0.2,0.26666666666666666,0.2139862647345275,0.08333333333333333,0.2,0.2,0.18181818181818182,0.2024832320725062,0.16666666666666666,0.2
