user,total purchases,HR@5,WHR@5,nDCG@5,recall@5,precision@5,HR@10,WHR@10,nDCG@10,recall@10,precision@10
823,2,0.5,0.5555555555555556,0.6131471927654584,0.5,0.2,0.5,0.5263157894736842,0.6131471927654584,0.5,0.1
5357,10,0.0,0.0,0.0,0.0,0.0,0.0,0.0,0.0,0.0,0.0
3366,15,0.0,0.0,0.0,0.0,0.0,0.0,0.0,0.0,0.0,0.0
9933,1,1.0,1.0,1.0,1.0,0.2,1.0,1.0,1.0,1.0,0.1
6000,12,0.0,0.0,0.0,0.0,0.0,0.0,0.0,0.0,0.0,0.0
816,6,0.0,0.0,0.0,0.0,0.0,0.0,0.0,0.0,0.0,0.0
2136,11,0.0,0.0,0.0,0.0,0.0,0.1,0.07272727272727274,0.07336392209936006,0.09090909090909091,0.1
10094,1,1.0,1.0,1.0,1.0,0.2,1.0,1.0,1.0,1.0,0.1
1160,5,0.0,0.0,0.0,0.0,0.0,0.0,0.0,0.0,0.0,0.0
4383,6,0.4,0.6,0.5531464700081437,0.3333333333333333,0.4,0.3333333333333333,0.4222222222222222,0.4935232796777481,0.3333333333333333,0.2
7700,1,1.0,1.0,1.0,1.0,0.2,1.0,1.0,1.0,1.0,0.1
3415,1,0.0,0.0,0.0,0.0,0.0,0.0,0.0,0.0,0.0,0.0
5493,1,0.0,0.0,0.0,0.0,0.0,0.0,0.0,0.0,0.0,0.0
6453,4,0.25,0.2142857142857143,0.19519002499605081,0.25,0.2,0.25,0.23529411764705882,0.19519002499605081,0.25,0.1
14106,1,0.0,0.0,0.0,0.0,0.0,1.0,0.0,0.0,1.0,0.1
17907,11,0.0,0.0,0.0,0.0,0.0,0.0,0.0,0.0,0.0,0.0
4044,2,0.0,0.0,0.0,0.0,0.0,0.0,0.0,0.0,0.0,0.0
13720,10,0.0,0.0,0.0,0.0,0.0,0.1,0.07272727272727274,0.07336392209936006,0.1,0.1
17253,4,0.0,0.0,0.0,0.0,0.0,0.0,0.0,0.0,0.0,0.0
16476,4,0.0,0.0,0.0,0.0,0.0,0.0,0.0,0.0,0.0,0.0
9692,3,0.0,0.0,0.0,0.0,0.0,0.0,0.0,0.0,0.0,0.0
6332,6,0.0,0.0,0.0,0.0,0.0,0.0,0.0,0.0,0.0,0.0
4555,5,0.0,0.0,0.0,0.0,0.0,0.0,0.0,0.0,0.0,0.0
18247,3,0.0,0.0,0.0,0.0,0.0,0.0,0.0,0.0,0.0,0.0
6955,5,0.2,0.3333333333333333,0.33916020527361607,0.2,0.2,0.2,0.25,0.33916020527361607,0.2,0.1
15870,3,0.0,0.0,0.0,0.0,0.0,0.0,0.0,0.0,0.0,0.0
3581,1,1.0,0.0,0.0,1.0,0.2,1.0,0.0,0.0,1.0,0.1
4748,6,0.0,0.0,0.0,0.0,0.0,0.0,0.0,0.0,0.0,0.0
1658,6,0.0,0.0,0.0,0.0,0.0,0.0,0.0,0.0,0.0,0.0
12287,13,0.0,0.0,0.0,0.0,0.0,0.0,0.0,0.0,0.0,0.0
13401,2,0.0,0.0,0.0,0.0,0.0,0.0,0.0,0.0,0.0,0.0
17650,5,0.0,0.0,0.0,0.0,0.0,0.0,0.0,0.0,0.0,0.0
3595,2,0.0,0.0,0.0,0.0,0.0,0.0,0.0,0.0,0.0,0.0
16463,25,0.0,0.0,0.0,0.0,0.0,0.0,0.0,0.0,0.0,0.0
6682,4,0.0,0.0,0.0,0.0,0.0,0.25,0.0,0.0,0.25,0.1
9542,8,0.0,0.0,0.0,0.0,0.0,0.0,0.0,0.0,0.0,0.0
10150,1,1.0,1.0,1.0,1.0,0.2,1.0,1.0,1.0,1.0,0.1
14040,1,0.0,0.0,0.0,0.0,0.0,0.0,0.0,0.0,0.0,0.0
1970,1,1.0,1.0,1.0,1.0,0.2,1.0,1.0,1.0,1.0,0.1
4451,9,0.0,0.0,0.0,0.0,0.0,0.1111111111111111,0.0,0.0,0.1111111111111111,0.1
15554,4,0.0,0.0,0.0,0.0,0.0,0.0,0.0,0.0,0.0,0.0
17948,1,0.0,0.0,0.0,0.0,0.0,0.0,0.0,0.0,0.0,0.0
11809,4,0.25,0.35714285714285715,0.39038004999210163,0.25,0.2,0.25,0.2941176470588235,0.39038004999210163,0.25,0.1
11740,4,0.0,0.0,0.0,0.0,0.0,0.0,0.0,0.0,0.0,0.0
8436,4,0.0,0.0,0.0,0.0,0.0,0.0,0.0,0.0,0.0,0.0
67,1,1.0,1.0,1.0,1.0,0.2,1.0,1.0,1.0,1.0,0.1
14541,4,0.0,0.0,0.0,0.0,0.0,0.0,0.0,0.0,0.0,0.0
18273,5,0.0,0.0,0.0,0.0,0.0,0.0,0.0,0.0,0.0,0.0
3030,5,0.0,0.0,0.0,0.0,0.0,0.0,0.0,0.0,0.0,0.0
2196,5,0.0,0.0,0.0,0.0,0.0,0.0,0.0,0.0,0.0,0.0
13125,4,0.0,0.0,0.0,0.0,0.0,0.0,0.0,0.0,0.0,0.0
14090,7,0.0,0.0,0.0,0.0,0.0,0.0,0.0,0.0,0.0,0.0
17951,3,0.0,0.0,0.0,0.0,0.0,0.3333333333333333,0.0,0.0,0.3333333333333333,0.1
4840,1,1.0,1.0,1.0,1.0,0.2,1.0,1.0,1.0,1.0,0.1
6791,2,0.0,0.0,0.0,0.0,0.0,0.0,0.0,0.0,0.0,0.0
17242,1,0.0,0.0,0.0,0.0,0.0,0.0,0.0,0.0,0.0,0.0
6204,8,0.0,0.0,0.0,0.0,0.0,0.0,0.0,0.0,0.0,0.0
5059,1,0.0,0.0,0.0,0.0,0.0,0.0,0.0,0.0,0.0,0.0
10339,6,0.0,0.0,0.0,0.0,0.0,0.0,0.0,0.0,0.0,0.0
4469,3,0.0,0.0,0.0,0.0,0.0,0.0,0.0,0.0,0.0,0.0
7546,2,0.0,0.0,0.0,0.0,0.0,0.0,0.0,0.0,0.0,0.0
17847,4,0.25,0.35714285714285715,0.39038004999210163,0.25,0.2,0.25,0.2941176470588235,0.39038004999210163,0.25,0.1
14592,1,0.0,0.0,0.0,0.0,0.0,0.0,0.0,0.0,0.0,0.0
9225,4,0.0,0.0,0.0,0.0,0.0,0.0,0.0,0.0,0.0,0.0
3735,1,0.0,0.0,0.0,0.0,0.0,0.0,0.0,0.0,0.0,0.0
11123,5,0.2,0.3333333333333333,0.33916020527361607,0.2,0.2,0.2,0.25,0.33916020527361607,0.2,0.1
6231,3,0.0,0.0,0.0,0.0,0.0,0.0,0.0,0.0,0.0,0.0
3170,1,1.0,0.0,0.0,1.0,0.2,1.0,0.0,0.0,1.0,0.1
17029,8,0.0,0.0,0.0,0.0,0.0,0.0,0.0,0.0,0.0,0.0
7583,5,0.0,0.0,0.0,0.0,0.0,0.0,0.0,0.0,0.0,0.0
6269,1,0.0,0.0,0.0,0.0,0.0,0.0,0.0,0.0,0.0,0.0
2399,1,1.0,1.0,1.0,1.0,0.2,1.0,1.0,1.0,1.0,0.1
5665,2,0.0,0.0,0.0,0.0,0.0,0.0,0.0,0.0,0.0,0.0
15345,4,0.0,0.0,0.0,0.0,0.0,0.0,0.0,0.0,0.0,0.0
4637,1,0.0,0.0,0.0,0.0,0.0,0.0,0.0,0.0,0.0,0.0
11731,1,0.0,0.0,0.0,0.0,0.0,0.0,0.0,0.0,0.0,0.0
3311,1,1.0,1.0,1.0,1.0,0.2,1.0,1.0,1.0,1.0,0.1
3889,1,1.0,1.0,1.0,1.0,0.2,1.0,1.0,1.0,1.0,0.1
11274,3,0.0,0.0,0.0,0.0,0.0,0.0,0.0,0.0,0.0,0.0
9371,1,0.0,0.0,0.0,0.0,0.0,0.0,0.0,0.0,0.0,0.0
917,11,0.0,0.0,0.0,0.0,0.0,0.1,0.09090909090909091,0.07839826897867533,0.09090909090909091,0.1
15867,1,0.0,0.0,0.0,0.0,0.0,0.0,0.0,0.0,0.0,0.0
9333,8,0.0,0.0,0.0,0.0,0.0,0.0,0.0,0.0,0.0,0.0
3590,4,0.0,0.0,0.0,0.0,0.0,0.0,0.0,0.0,0.0,0.0
1413,1,1.0,1.0,1.0,1.0,0.2,1.0,1.0,1.0,1.0,0.1
6159,7,0.0,0.0,0.0,0.0,0.0,0.0,0.0,0.0,0.0,0.0
6002,13,0.0,0.0,0.0,0.0,0.0,0.0,0.0,0.0,0.0,0.0
12876,2,0.0,0.0,0.0,0.0,0.0,0.0,0.0,0.0,0.0,0.0
16498,3,0.0,0.0,0.0,0.0,0.0,0.0,0.0,0.0,0.0,0.0
14567,1,0.0,0.0,0.0,0.0,0.0,0.0,0.0,0.0,0.0,0.0
4176,5,0.0,0.0,0.0,0.0,0.0,0.0,0.0,0.0,0.0,0.0
1669,19,0.0,0.0,0.0,0.0,0.0,0.0,0.0,0.0,0.0,0.0
12009,7,0.0,0.0,0.0,0.0,0.0,0.14285714285714285,0.08163265306122448,0.09162544430476363,0.14285714285714285,0.1
10699,2,0.0,0.0,0.0,0.0,0.0,0.0,0.0,0.0,0.0,0.0
9121,1,0.0,0.0,0.0,0.0,0.0,0.0,0.0,0.0,0.0,0.0
363,3,1.0,0.5833333333333334,0.5307212739772434,1.0,0.6,1.0,0.6296296296296297,0.5307212739772434,1.0,0.3
14664,1,0.0,0.0,0.0,0.0,0.0,0.0,0.0,0.0,0.0,0.0
7318,2,0.0,0.0,0.0,0.0,0.0,0.0,0.0,0.0,0.0,0.0
13182,3,0.3333333333333333,0.0,0.0,0.3333333333333333,0.2,0.3333333333333333,0.0,0.0,0.3333333333333333,0.1
1162,12,0.0,0.0,0.0,0.0,0.0,0.0,0.0,0.0,0.0,0.0
11219,4,0.0,0.0,0.0,0.0,0.0,0.0,0.0,0.0,0.0,0.0
14256,5,0.0,0.0,0.0,0.0,0.0,0.0,0.0,0.0,0.0,0.0
17733,3,0.0,0.0,0.0,0.0,0.0,0.0,0.0,0.0,0.0,0.0
3133,6,0.0,0.0,0.0,0.0,0.0,0.0,0.0,0.0,0.0,0.0
17162,1,1.0,1.0,1.0,1.0,0.2,1.0,1.0,1.0,1.0,0.1
16967,1,1.0,1.0,1.0,1.0,0.2,1.0,1.0,1.0,1.0,0.1
17748,1,0.0,0.0,0.0,0.0,0.0,0.0,0.0,0.0,0.0,0.0
2528,3,0.0,0.0,0.0,0.0,0.0,0.0,0.0,0.0,0.0,0.0
840,4,0.0,0.0,0.0,0.0,0.0,0.0,0.0,0.0,0.0,0.0
9775,4,0.0,0.0,0.0,0.0,0.0,0.0,0.0,0.0,0.0,0.0
15167,2,0.0,0.0,0.0,0.0,0.0,0.0,0.0,0.0,0.0,0.0
4281,6,0.0,0.0,0.0,0.0,0.0,0.16666666666666666,0.0,0.0,0.16666666666666666,0.1
7426,4,0.0,0.0,0.0,0.0,0.0,0.0,0.0,0.0,0.0,0.0
8791,2,0.0,0.0,0.0,0.0,0.0,0.0,0.0,0.0,0.0,0.0
4939,3,0.0,0.0,0.0,0.0,0.0,0.0,0.0,0.0,0.0,0.0
1438,7,0.0,0.0,0.0,0.0,0.0,0.0,0.0,0.0,0.0,0.0
5078,2,0.0,0.0,0.0,0.0,0.0,0.0,0.0,0.0,0.0,0.0
10301,2,0.0,0.0,0.0,0.0,0.0,0.0,0.0,0.0,0.0,0.0
6232,6,0.0,0.0,0.0,0.0,0.0,0.0,0.0,0.0,0.0,0.0
17105,8,0.0,0.0,0.0,0.0,0.0,0.125,0.0,0.0,0.125,0.1
3771,1,1.0,1.0,1.0,1.0,0.2,1.0,1.0,1.0,1.0,0.1
10958,3,0.0,0.0,0.0,0.0,0.0,0.3333333333333333,0.0,0.0,0.3333333333333333,0.1
1464,4,0.0,0.0,0.0,0.0,0.0,0.0,0.0,0.0,0.0,0.0
12184,7,0.0,0.0,0.0,0.0,0.0,0.0,0.0,0.0,0.0,0.0
15946,1,0.0,0.0,0.0,0.0,0.0,0.0,0.0,0.0,0.0,0.0
6465,8,0.0,0.0,0.0,0.0,0.0,0.0,0.0,0.0,0.0,0.0
17923,1,0.0,0.0,0.0,0.0,0.0,0.0,0.0,0.0,0.0,0.0
7504,1,1.0,0.0,0.0,1.0,0.2,1.0,0.0,0.0,1.0,0.1
11981,1,0.0,0.0,0.0,0.0,0.0,0.0,0.0,0.0,0.0,0.0
4295,8,0.2,0.3333333333333333,0.33916020527361607,0.125,0.2,0.125,0.1923076923076923,0.2529427027676571,0.125,0.1
12398,4,0.0,0.0,0.0,0.0,0.0,0.0,0.0,0.0,0.0,0.0
12320,6,0.0,0.0,0.0,0.0,0.0,0.0,0.0,0.0,0.0,0.0
10340,7,0.0,0.0,0.0,0.0,0.0,0.0,0.0,0.0,0.0,0.0
5813,19,0.0,0.0,0.0,0.0,0.0,0.0,0.0,0.0,0.0,0.0
3041,2,0.0,0.0,0.0,0.0,0.0,0.0,0.0,0.0,0.0,0.0
6663,6,0.0,0.0,0.0,0.0,0.0,0.0,0.0,0.0,0.0,0.0
17649,5,0.0,0.0,0.0,0.0,0.0,0.0,0.0,0.0,0.0,0.0
14671,8,0.0,0.0,0.0,0.0,0.0,0.0,0.0,0.0,0.0,0.0
12142,7,0.0,0.0,0.0,0.0,0.0,0.14285714285714285,0.08163265306122448,0.09162544430476363,0.14285714285714285,0.1
6849,7,0.0,0.0,0.0,0.0,0.0,0.0,0.0,0.0,0.0,0.0
8617,1,1.0,1.0,1.0,1.0,0.2,1.0,1.0,1.0,1.0,0.1
13359,3,0.0,0.0,0.0,0.0,0.0,0.0,0.0,0.0,0.0,0.0
14725,3,0.0,0.0,0.0,0.0,0.0,0.0,0.0,0.0,0.0,0.0
4224,2,0.5,0.5555555555555556,0.6131471927654584,0.5,0.2,0.5,0.5263157894736842,0.6131471927654584,0.5,0.1
12158,1,1.0,1.0,1.0,1.0,0.2,1.0,1.0,1.0,1.0,0.1
13560,3,0.0,0.0,0.0,0.0,0.0,0.0,0.0,0.0,0.0,0.0
8224,3,0.0,0.0,0.0,0.0,0.0,0.0,0.0,0.0,0.0,0.0
4708,6,0.0,0.0,0.0,0.0,0.0,0.0,0.0,0.0,0.0,0.0
4738,5,0.0,0.0,0.0,0.0,0.0,0.0,0.0,0.0,0.0,0.0
17486,1,1.0,1.0,1.0,1.0,0.2,1.0,1.0,1.0,1.0,0.1
14694,1,1.0,1.0,1.0,1.0,0.2,1.0,1.0,1.0,1.0,0.1
7420,3,0.6666666666666666,0.6666666666666667,0.7039180890341346,0.6666666666666666,0.4,0.6666666666666666,0.6666666666666666,0.7039180890341346,0.6666666666666666,0.2
7500,3,0.0,0.0,0.0,0.0,0.0,0.0,0.0,0.0,0.0,0.0
15876,1,0.0,0.0,0.0,0.0,0.0,0.0,0.0,0.0,0.0,0.0
7473,9,0.0,0.0,0.0,0.0,0.0,0.0,0.0,0.0,0.0,0.0
794,5,0.0,0.0,0.0,0.0,0.0,0.0,0.0,0.0,0.0,0.0
2457,10,0.0,0.0,0.0,0.0,0.0,0.0,0.0,0.0,0.0,0.0
11130,15,0.0,0.0,0.0,0.0,0.0,0.0,0.0,0.0,0.0,0.0
4902,1,1.0,1.0,1.0,1.0,0.2,1.0,1.0,1.0,1.0,0.1
16786,3,0.3333333333333333,0.33333333333333337,0.29608191096586517,0.3333333333333333,0.2,0.3333333333333333,0.3333333333333333,0.29608191096586517,0.3333333333333333,0.1
13139,17,0.0,0.0,0.0,0.0,0.0,0.0,0.0,0.0,0.0,0.0
8053,4,0.25,0.2142857142857143,0.19519002499605081,0.25,0.2,0.25,0.23529411764705882,0.19519002499605081,0.25,0.1
16144,6,0.0,0.0,0.0,0.0,0.0,0.0,0.0,0.0,0.0,0.0
3638,16,0.2,0.3333333333333333,0.33916020527361607,0.0625,0.2,0.1,0.18181818181818182,0.22009176629808014,0.0625,0.1
1171,4,0.0,0.0,0.0,0.0,0.0,0.0,0.0,0.0,0.0,0.0
5615,5,0.0,0.0,0.0,0.0,0.0,0.0,0.0,0.0,0.0,0.0
3861,2,0.0,0.0,0.0,0.0,0.0,0.0,0.0,0.0,0.0,0.0
998,8,0.0,0.0,0.0,0.0,0.0,0.0,0.0,0.0,0.0,0.0
5065,3,0.3333333333333333,0.0,0.0,0.3333333333333333,0.2,0.3333333333333333,0.0,0.0,0.3333333333333333,0.1
9901,2,0.5,0.4444444444444445,0.3868528072345415,0.5,0.2,0.5,0.4736842105263158,0.3868528072345415,0.5,0.1
14368,23,0.0,0.0,0.0,0.0,0.0,0.0,0.0,0.0,0.0,0.0
8445,7,0.0,0.0,0.0,0.0,0.0,0.14285714285714285,0.0,0.0,0.14285714285714285,0.1
3589,7,0.0,0.0,0.0,0.0,0.0,0.0,0.0,0.0,0.0,0.0
9678,2,0.5,0.0,0.0,0.5,0.2,1.0,0.0,0.0,1.0,0.2
6283,9,0.0,0.0,0.0,0.0,0.0,0.0,0.0,0.0,0.0,0.0
11408,1,0.0,0.0,0.0,0.0,0.0,0.0,0.0,0.0,0.0,0.0
16574,1,1.0,1.0,1.0,1.0,0.2,1.0,1.0,1.0,1.0,0.1
14978,2,0.0,0.0,0.0,0.0,0.0,0.0,0.0,0.0,0.0,0.0
11537,12,0.0,0.0,0.0,0.0,0.0,0.0,0.0,0.0,0.0,0.0
10889,4,0.0,0.0,0.0,0.0,0.0,0.0,0.0,0.0,0.0,0.0
2589,6,0.0,0.0,0.0,0.0,0.0,0.0,0.0,0.0,0.0,0.0
1376,14,0.2,0.19999999999999998,0.16958010263680803,0.07142857142857142,0.2,0.1,0.14545454545454548,0.11004588314904007,0.07142857142857142,0.1
4326,1,0.0,0.0,0.0,0.0,0.0,0.0,0.0,0.0,0.0,0.0
11868,2,0.0,0.0,0.0,0.0,0.0,0.0,0.0,0.0,0.0,0.0
8499,11,0.0,0.0,0.0,0.0,0.0,0.0,0.0,0.0,0.0,0.0
8471,6,0.0,0.0,0.0,0.0,0.0,0.0,0.0,0.0,0.0,0.0
16897,5,0.0,0.0,0.0,0.0,0.0,0.0,0.0,0.0,0.0,0.0
8190,3,0.0,0.0,0.0,0.0,0.0,0.0,0.0,0.0,0.0,0.0
9089,3,0.0,0.0,0.0,0.0,0.0,0.0,0.0,0.0,0.0,0.0
12802,1,0.0,0.0,0.0,0.0,0.0,0.0,0.0,0.0,0.0,0.0
2736,9,0.0,0.0,0.0,0.0,0.0,0.0,0.0,0.0,0.0,0.0
16805,4,0.0,0.0,0.0,0.0,0.0,0.0,0.0,0.0,0.0,0.0
18221,4,0.0,0.0,0.0,0.0,0.0,0.0,0.0,0.0,0.0,0.0
10612,5,0.0,0.0,0.0,0.0,0.0,0.0,0.0,0.0,0.0,0.0
5829,2,0.0,0.0,0.0,0.0,0.0,0.0,0.0,0.0,0.0,0.0
8353,3,0.0,0.0,0.0,0.0,0.0,0.0,0.0,0.0,0.0,0.0
15040,4,0.0,0.0,0.0,0.0,0.0,0.0,0.0,0.0,0.0,0.0
3885,5,0.0,0.0,0.0,0.0,0.0,0.0,0.0,0.0,0.0,0.0
7611,5,0.0,0.0,0.0,0.0,0.0,0.0,0.0,0.0,0.0,0.0
15880,7,0.0,0.0,0.0,0.0,0.0,0.0,0.0,0.0,0.0,0.0
5738,2,0.0,0.0,0.0,0.0,0.0,0.0,0.0,0.0,0.0,0.0
1234,1,0.0,0.0,0.0,0.0,0.0,0.0,0.0,0.0,0.0,0.0
18105,3,0.3333333333333333,0.4166666666666667,0.46927872602275644,0.3333333333333333,0.2,0.3333333333333333,0.37037037037037035,0.46927872602275644,0.3333333333333333,0.1
11689,4,0.0,0.0,0.0,0.0,0.0,0.0,0.0,0.0,0.0,0.0
8062,1,0.0,0.0,0.0,0.0,0.0,0.0,0.0,0.0,0.0,0.0
17878,3,0.0,0.0,0.0,0.0,0.0,0.0,0.0,0.0,0.0,0.0
11733,5,0.2,0.19999999999999998,0.16958010263680803,0.2,0.2,0.2,0.2,0.16958010263680803,0.2,0.1
16942,7,0.0,0.0,0.0,0.0,0.0,0.0,0.0,0.0,0.0,0.0
17888,2,0.0,0.0,0.0,0.0,0.0,0.0,0.0,0.0,0.0,0.0
18047,9,0.0,0.0,0.0,0.0,0.0,0.0,0.0,0.0,0.0,0.0
10469,12,0.0,0.0,0.0,0.0,0.0,0.0,0.0,0.0,0.0,0.0
11967,2,0.0,0.0,0.0,0.0,0.0,0.0,0.0,0.0,0.0,0.0
11258,2,0.0,0.0,0.0,0.0,0.0,0.0,0.0,0.0,0.0,0.0
4371,18,0.0,0.0,0.0,0.0,0.0,0.0,0.0,0.0,0.0,0.0
14124,1,0.0,0.0,0.0,0.0,0.0,0.0,0.0,0.0,0.0,0.0
9772,1,0.0,0.0,0.0,0.0,0.0,0.0,0.0,0.0,0.0,0.0
5026,3,0.3333333333333333,0.4166666666666667,0.46927872602275644,0.3333333333333333,0.2,0.6666666666666666,0.37037037037037035,0.46927872602275644,0.6666666666666666,0.2
8731,4,0.25,0.28571428571428575,0.2463023887407299,0.25,0.2,0.5,0.2647058823529412,0.2463023887407299,0.5,0.2
3455,1,1.0,1.0,1.0,1.0,0.2,1.0,1.0,1.0,1.0,0.1
217,1,0.0,0.0,0.0,0.0,0.0,0.0,0.0,0.0,0.0,0.0
6975,1,0.0,0.0,0.0,0.0,0.0,0.0,0.0,0.0,0.0,0.0
3971,4,0.0,0.0,0.0,0.0,0.0,0.0,0.0,0.0,0.0,0.0
5550,1,1.0,1.0,1.0,1.0,0.2,1.0,1.0,1.0,1.0,0.1
8987,5,0.0,0.0,0.0,0.0,0.0,0.0,0.0,0.0,0.0,0.0
9357,7,0.0,0.0,0.0,0.0,0.0,0.0,0.0,0.0,0.0,0.0
10605,2,0.0,0.0,0.0,0.0,0.0,0.0,0.0,0.0,0.0,0.0
17686,2,0.0,0.0,0.0,0.0,0.0,0.0,0.0,0.0,0.0,0.0
1094,9,0.0,0.0,0.0,0.0,0.0,0.0,0.0,0.0,0.0,0.0
15529,3,0.0,0.0,0.0,0.0,0.0,0.0,0.0,0.0,0.0,0.0
15590,3,0.0,0.0,0.0,0.0,0.0,0.0,0.0,0.0,0.0,0.0
15235,2,0.0,0.0,0.0,0.0,0.0,0.0,0.0,0.0,0.0,0.0
10401,5,0.0,0.0,0.0,0.0,0.0,0.0,0.0,0.0,0.0,0.0
12332,7,0.0,0.0,0.0,0.0,0.0,0.0,0.0,0.0,0.0,0.0
833,1,0.0,0.0,0.0,0.0,0.0,0.0,0.0,0.0,0.0,0.0
5047,3,0.0,0.0,0.0,0.0,0.0,0.3333333333333333,0.0,0.0,0.3333333333333333,0.1
13001,1,0.0,0.0,0.0,0.0,0.0,0.0,0.0,0.0,0.0,0.0
18114,4,0.0,0.0,0.0,0.0,0.0,0.0,0.0,0.0,0.0,0.0
3404,2,1.0,1.0,1.0,1.0,0.4,1.0,1.0,1.0,1.0,0.2
15804,3,0.0,0.0,0.0,0.0,0.0,0.0,0.0,0.0,0.0,0.0
5995,8,0.0,0.0,0.0,0.0,0.0,0.0,0.0,0.0,0.0,0.0
865,1,0.0,0.0,0.0,0.0,0.0,0.0,0.0,0.0,0.0,0.0
1778,7,0.0,0.0,0.0,0.0,0.0,0.0,0.0,0.0,0.0,0.0
10318,3,0.0,0.0,0.0,0.0,0.0,0.0,0.0,0.0,0.0,0.0
12665,9,0.0,0.0,0.0,0.0,0.0,0.0,0.0,0.0,0.0,0.0
5142,15,0.0,0.0,0.0,0.0,0.0,0.0,0.0,0.0,0.0,0.0
14840,1,0.0,0.0,0.0,0.0,0.0,0.0,0.0,0.0,0.0,0.0
4250,12,0.0,0.0,0.0,0.0,0.0,0.0,0.0,0.0,0.0,0.0
11286,1,0.0,0.0,0.0,0.0,0.0,0.0,0.0,0.0,0.0,0.0
9922,2,0.0,0.0,0.0,0.0,0.0,0.0,0.0,0.0,0.0,0.0
2468,5,0.0,0.0,0.0,0.0,0.0,0.0,0.0,0.0,0.0,0.0
13698,1,0.0,0.0,0.0,0.0,0.0,0.0,0.0,0.0,0.0,0.0
7398,15,0.0,0.0,0.0,0.0,0.0,0.0,0.0,0.0,0.0,0.0
18388,1,0.0,0.0,0.0,0.0,0.0,0.0,0.0,0.0,0.0,0.0
11121,6,0.0,0.0,0.0,0.0,0.0,0.0,0.0,0.0,0.0,0.0
12155,1,0.0,0.0,0.0,0.0,0.0,0.0,0.0,0.0,0.0,0.0
11269,6,0.2,0.26666666666666666,0.2139862647345275,0.16666666666666666,0.2,0.16666666666666666,0.2,0.1909208661789346,0.16666666666666666,0.1
4916,8,0.0,0.0,0.0,0.0,0.0,0.0,0.0,0.0,0.0,0.0
563,1,0.0,0.0,0.0,0.0,0.0,0.0,0.0,0.0,0.0,0.0
12594,3,0.0,0.0,0.0,0.0,0.0,0.0,0.0,0.0,0.0,0.0
7260,3,0.0,0.0,0.0,0.0,0.0,0.0,0.0,0.0,0.0,0.0
14907,5,0.0,0.0,0.0,0.0,0.0,0.0,0.0,0.0,0.0,0.0
12768,5,0.0,0.0,0.0,0.0,0.0,0.0,0.0,0.0,0.0,0.0
14759,3,0.0,0.0,0.0,0.0,0.0,0.0,0.0,0.0,0.0,0.0
13004,3,0.0,0.0,0.0,0.0,0.0,0.0,0.0,0.0,0.0,0.0
1081,2,0.0,0.0,0.0,0.0,0.0,0.0,0.0,0.0,0.0,0.0
15310,5,0.2,0.13333333333333333,0.14606834984270645,0.2,0.2,0.2,0.175,0.14606834984270645,0.2,0.1
5272,2,0.0,0.0,0.0,0.0,0.0,0.0,0.0,0.0,0.0,0.0
17977,8,0.0,0.0,0.0,0.0,0.0,0.0,0.0,0.0,0.0,0.0
3213,4,0.25,0.35714285714285715,0.39038004999210163,0.25,0.2,0.25,0.2941176470588235,0.39038004999210163,0.25,0.1
16904,3,0.0,0.0,0.0,0.0,0.0,0.0,0.0,0.0,0.0,0.0
14966,11,0.0,0.0,0.0,0.0,0.0,0.0,0.0,0.0,0.0,0.0
17832,2,0.0,0.0,0.0,0.0,0.0,0.0,0.0,0.0,0.0,0.0
2288,3,0.0,0.0,0.0,0.0,0.0,0.0,0.0,0.0,0.0,0.0
14985,2,0.0,0.0,0.0,0.0,0.0,0.0,0.0,0.0,0.0,0.0
11890,1,0.0,0.0,0.0,0.0,0.0,0.0,0.0,0.0,0.0,0.0
6603,4,0.0,0.0,0.0,0.0,0.0,0.0,0.0,0.0,0.0,0.0
7723,1,0.0,0.0,0.0,0.0,0.0,0.0,0.0,0.0,0.0,0.0
1147,6,0.2,0.26666666666666666,0.2139862647345275,0.16666666666666666,0.2,0.16666666666666666,0.2,0.1909208661789346,0.16666666666666666,0.1
6461,21,0.0,0.0,0.0,0.0,0.0,0.0,0.0,0.0,0.0,0.0
5459,1,1.0,0.0,0.0,1.0,0.2,1.0,0.0,0.0,1.0,0.1
2605,3,0.3333333333333333,0.4166666666666667,0.46927872602275644,0.3333333333333333,0.2,0.6666666666666666,0.37037037037037035,0.46927872602275644,0.6666666666666666,0.2
10179,6,0.0,0.0,0.0,0.0,0.0,0.0,0.0,0.0,0.0,0.0
13238,11,0.0,0.0,0.0,0.0,0.0,0.0,0.0,0.0,0.0,0.0
9478,3,0.0,0.0,0.0,0.0,0.0,0.0,0.0,0.0,0.0,0.0
16371,1,0.0,0.0,0.0,0.0,0.0,0.0,0.0,0.0,0.0,0.0
4307,1,0.0,0.0,0.0,0.0,0.0,0.0,0.0,0.0,0.0,0.0
8888,9,0.2,0.13333333333333333,0.14606834984270645,0.1111111111111111,0.2,0.1111111111111111,0.12962962962962962,0.10122860821230019,0.1111111111111111,0.1
8295,8,0.0,0.0,0.0,0.0,0.0,0.0,0.0,0.0,0.0,0.0
17177,4,0.25,0.14285714285714288,0.16812753627111746,0.25,0.2,0.25,0.20588235294117643,0.16812753627111746,0.25,0.1
18300,4,0.0,0.0,0.0,0.0,0.0,0.5,0.0,0.0,0.5,0.2
959,1,0.0,0.0,0.0,0.0,0.0,0.0,0.0,0.0,0.0,0.0
15203,6,0.0,0.0,0.0,0.0,0.0,0.16666666666666666,0.1111111111111111,0.10778915452451095,0.16666666666666666,0.1
14705,4,0.0,0.0,0.0,0.0,0.0,0.0,0.0,0.0,0.0,0.0
16087,17,0.0,0.0,0.0,0.0,0.0,0.0,0.0,0.0,0.0,0.0
892,4,0.0,0.0,0.0,0.0,0.0,0.0,0.0,0.0,0.0,0.0
9308,1,0.0,0.0,0.0,0.0,0.0,0.0,0.0,0.0,0.0,0.0
15877,5,0.2,0.19999999999999998,0.16958010263680803,0.2,0.2,0.2,0.2,0.16958010263680803,0.2,0.1
280,2,0.0,0.0,0.0,0.0,0.0,0.0,0.0,0.0,0.0,0.0
17244,1,0.0,0.0,0.0,0.0,0.0,0.0,0.0,0.0,0.0,0.0
9004,1,0.0,0.0,0.0,0.0,0.0,0.0,0.0,0.0,0.0,0.0
9480,2,0.5,0.4444444444444445,0.3868528072345415,0.5,0.2,0.5,0.4736842105263158,0.3868528072345415,0.5,0.1
14460,3,0.3333333333333333,0.4166666666666667,0.46927872602275644,0.3333333333333333,0.2,0.3333333333333333,0.37037037037037035,0.46927872602275644,0.3333333333333333,0.1
10211,1,0.0,0.0,0.0,0.0,0.0,0.0,0.0,0.0,0.0,0.0
98,4,0.0,0.0,0.0,0.0,0.0,0.0,0.0,0.0,0.0,0.0
9656,1,0.0,0.0,0.0,0.0,0.0,0.0,0.0,0.0,0.0,0.0
4561,3,0.0,0.0,0.0,0.0,0.0,0.0,0.0,0.0,0.0,0.0
16198,1,1.0,1.0,1.0,1.0,0.2,1.0,1.0,1.0,1.0,0.1
11447,4,0.0,0.0,0.0,0.0,0.0,0.25,0.0,0.0,0.25,0.1
10214,1,0.0,0.0,0.0,0.0,0.0,0.0,0.0,0.0,0.0,0.0
1814,2,0.0,0.0,0.0,0.0,0.0,0.0,0.0,0.0,0.0,0.0
2476,3,0.3333333333333333,0.0,0.0,0.3333333333333333,0.2,0.3333333333333333,0.0,0.0,0.3333333333333333,0.1
902,1,1.0,1.0,1.0,1.0,0.2,1.0,1.0,1.0,1.0,0.1
3266,5,0.0,0.0,0.0,0.0,0.0,0.0,0.0,0.0,0.0,0.0
5575,13,0.4,0.39999999999999997,0.4703652827859578,0.15384615384615385,0.4,0.3,0.30909090909090914,0.3688556721386528,0.23076923076923078,0.3
2827,4,0.25,0.35714285714285715,0.39038004999210163,0.25,0.2,0.25,0.2941176470588235,0.39038004999210163,0.25,0.1
15539,1,0.0,0.0,0.0,0.0,0.0,0.0,0.0,0.0,0.0,0.0
5346,7,0.0,0.0,0.0,0.0,0.0,0.0,0.0,0.0,0.0,0.0
17466,1,0.0,0.0,0.0,0.0,0.0,0.0,0.0,0.0,0.0,0.0
11771,1,0.0,0.0,0.0,0.0,0.0,0.0,0.0,0.0,0.0,0.0
3760,2,0.0,0.0,0.0,0.0,0.0,0.5,0.0,0.0,0.5,0.1
5438,2,0.0,0.0,0.0,0.0,0.0,0.0,0.0,0.0,0.0,0.0
10044,2,0.0,0.0,0.0,0.0,0.0,0.0,0.0,0.0,0.0,0.0
3660,11,0.0,0.0,0.0,0.0,0.0,0.0,0.0,0.0,0.0,0.0
11822,5,0.0,0.0,0.0,0.0,0.0,0.0,0.0,0.0,0.0,0.0
15522,7,0.0,0.0,0.0,0.0,0.0,0.0,0.0,0.0,0.0,0.0
5899,2,0.0,0.0,0.0,0.0,0.0,0.0,0.0,0.0,0.0,0.0
8317,10,0.0,0.0,0.0,0.0,0.0,0.0,0.0,0.0,0.0,0.0
5355,5,0.2,0.19999999999999998,0.16958010263680803,0.2,0.2,0.2,0.2,0.16958010263680803,0.2,0.1
5399,5,0.0,0.0,0.0,0.0,0.0,0.0,0.0,0.0,0.0,0.0
7780,3,0.0,0.0,0.0,0.0,0.0,0.0,0.0,0.0,0.0,0.0
6236,9,0.0,0.0,0.0,0.0,0.0,0.0,0.0,0.0,0.0,0.0
9815,4,0.25,0.28571428571428575,0.2463023887407299,0.25,0.2,0.25,0.2647058823529412,0.2463023887407299,0.25,0.1
2936,2,0.0,0.0,0.0,0.0,0.0,0.0,0.0,0.0,0.0,0.0
4335,2,0.5,0.5555555555555556,0.6131471927654584,0.5,0.2,0.5,0.5263157894736842,0.6131471927654584,0.5,0.1
16531,6,0.0,0.0,0.0,0.0,0.0,0.0,0.0,0.0,0.0,0.0
5754,1,1.0,1.0,1.0,1.0,0.2,1.0,1.0,1.0,1.0,0.1
13883,4,0.0,0.0,0.0,0.0,0.0,0.0,0.0,0.0,0.0,0.0
7131,6,0.0,0.0,0.0,0.0,0.0,0.0,0.0,0.0,0.0,0.0
3980,1,1.0,1.0,1.0,1.0,0.2,1.0,1.0,1.0,1.0,0.1
16206,16,0.0,0.0,0.0,0.0,0.0,0.0,0.0,0.0,0.0,0.0
17131,5,0.0,0.0,0.0,0.0,0.0,0.0,0.0,0.0,0.0,0.0
6084,8,0.0,0.0,0.0,0.0,0.0,0.0,0.0,0.0,0.0,0.0
8184,9,0.0,0.0,0.0,0.0,0.0,0.0,0.0,0.0,0.0,0.0
18199,2,0.0,0.0,0.0,0.0,0.0,0.0,0.0,0.0,0.0,0.0
6138,1,1.0,1.0,1.0,1.0,0.2,1.0,1.0,1.0,1.0,0.1
4017,1,0.0,0.0,0.0,0.0,0.0,0.0,0.0,0.0,0.0,0.0
4996,2,0.0,0.0,0.0,0.0,0.0,0.0,0.0,0.0,0.0,0.0
1849,3,0.0,0.0,0.0,0.0,0.0,0.0,0.0,0.0,0.0,0.0
12558,4,0.0,0.0,0.0,0.0,0.0,0.0,0.0,0.0,0.0,0.0
13330,5,0.0,0.0,0.0,0.0,0.0,0.0,0.0,0.0,0.0,0.0
1579,1,0.0,0.0,0.0,0.0,0.0,0.0,0.0,0.0,0.0,0.0
4851,6,0.0,0.0,0.0,0.0,0.0,0.0,0.0,0.0,0.0,0.0
1587,3,0.0,0.0,0.0,0.0,0.0,0.0,0.0,0.0,0.0,0.0
16886,4,0.0,0.0,0.0,0.0,0.0,0.0,0.0,0.0,0.0,0.0
17088,1,1.0,1.0,1.0,1.0,0.2,1.0,1.0,1.0,1.0,0.1
14874,1,0.0,0.0,0.0,0.0,0.0,0.0,0.0,0.0,0.0,0.0
10974,5,0.0,0.0,0.0,0.0,0.0,0.0,0.0,0.0,0.0,0.0
696,1,0.0,0.0,0.0,0.0,0.0,0.0,0.0,0.0,0.0,0.0
15693,2,0.0,0.0,0.0,0.0,0.0,0.0,0.0,0.0,0.0,0.0
16435,2,0.0,0.0,0.0,0.0,0.0,0.0,0.0,0.0,0.0,0.0
4367,28,0.0,0.0,0.0,0.0,0.0,0.0,0.0,0.0,0.0,0.0
5379,3,0.3333333333333333,0.0,0.0,0.3333333333333333,0.2,0.6666666666666666,0.0,0.0,0.6666666666666666,0.2
16028,1,0.0,0.0,0.0,0.0,0.0,0.0,0.0,0.0,0.0,0.0
13684,2,0.5,0.5555555555555556,0.6131471927654584,0.5,0.2,0.5,0.5263157894736842,0.6131471927654584,0.5,0.1
559,3,0.3333333333333333,0.4166666666666667,0.46927872602275644,0.3333333333333333,0.2,0.3333333333333333,0.37037037037037035,0.46927872602275644,0.3333333333333333,0.1
10506,2,0.0,0.0,0.0,0.0,0.0,0.0,0.0,0.0,0.0,0.0
14012,9,0.0,0.0,0.0,0.0,0.0,0.0,0.0,0.0,0.0,0.0
8325,5,0.0,0.0,0.0,0.0,0.0,0.0,0.0,0.0,0.0,0.0
10838,6,0.0,0.0,0.0,0.0,0.0,0.0,0.0,0.0,0.0,0.0
2321,4,0.25,0.2142857142857143,0.19519002499605081,0.25,0.2,0.25,0.23529411764705882,0.19519002499605081,0.25,0.1
18361,1,0.0,0.0,0.0,0.0,0.0,0.0,0.0,0.0,0.0,0.0
13599,1,1.0,1.0,1.0,1.0,0.2,1.0,1.0,1.0,1.0,0.1
829,11,0.0,0.0,0.0,0.0,0.0,0.0,0.0,0.0,0.0,0.0
7901,1,0.0,0.0,0.0,0.0,0.0,0.0,0.0,0.0,0.0,0.0
8029,23,0.0,0.0,0.0,0.0,0.0,0.0,0.0,0.0,0.0,0.0
14099,12,0.2,0.3333333333333333,0.33916020527361607,0.08333333333333333,0.2,0.1,0.18181818181818182,0.22009176629808014,0.08333333333333333,0.1
9020,4,0.0,0.0,0.0,0.0,0.0,0.0,0.0,0.0,0.0,0.0
17802,24,0.2,0.26666666666666666,0.2139862647345275,0.041666666666666664,0.2,0.2,0.21818181818181823,0.20829366581033176,0.08333333333333333,0.2
1159,1,0.0,0.0,0.0,0.0,0.0,0.0,0.0,0.0,0.0,0.0
8637,1,0.0,0.0,0.0,0.0,0.0,0.0,0.0,0.0,0.0,0.0
12311,7,0.0,0.0,0.0,0.0,0.0,0.0,0.0,0.0,0.0,0.0
3540,1,1.0,1.0,1.0,1.0,0.2,1.0,1.0,1.0,1.0,0.1
3270,2,0.0,0.0,0.0,0.0,0.0,0.0,0.0,0.0,0.0,0.0
69,14,0.2,0.26666666666666666,0.2139862647345275,0.07142857142857142,0.2,0.1,0.16363636363636364,0.1388624438735545,0.07142857142857142,0.1
16973,1,1.0,1.0,1.0,1.0,0.2,1.0,1.0,1.0,1.0,0.1
11958,1,0.0,0.0,0.0,0.0,0.0,0.0,0.0,0.0,0.0,0.0
1652,2,0.5,0.5555555555555556,0.6131471927654584,0.5,0.2,0.5,0.5263157894736842,0.6131471927654584,0.5,0.1
4593,5,0.0,0.0,0.0,0.0,0.0,0.0,0.0,0.0,0.0,0.0
16099,6,0.0,0.0,0.0,0.0,0.0,0.0,0.0,0.0,0.0,0.0
1463,13,0.0,0.0,0.0,0.0,0.0,0.0,0.0,0.0,0.0,0.0
13120,4,0.0,0.0,0.0,0.0,0.0,0.0,0.0,0.0,0.0,0.0
9763,4,0.0,0.0,0.0,0.0,0.0,0.0,0.0,0.0,0.0,0.0
15228,2,0.0,0.0,0.0,0.0,0.0,0.0,0.0,0.0,0.0,0.0
755,4,0.0,0.0,0.0,0.0,0.0,0.0,0.0,0.0,0.0,0.0
5434,4,0.0,0.0,0.0,0.0,0.0,0.0,0.0,0.0,0.0,0.0
8682,6,0.0,0.0,0.0,0.0,0.0,0.0,0.0,0.0,0.0,0.0
7222,6,0.0,0.0,0.0,0.0,0.0,0.0,0.0,0.0,0.0,0.0
13702,1,0.0,0.0,0.0,0.0,0.0,1.0,0.0,0.0,1.0,0.1
8398,8,0.0,0.0,0.0,0.0,0.0,0.0,0.0,0.0,0.0,0.0
14231,5,0.2,0.19999999999999998,0.16958010263680803,0.2,0.2,0.4,0.2,0.16958010263680803,0.4,0.2
3617,7,0.0,0.0,0.0,0.0,0.0,0.0,0.0,0.0,0.0,0.0
435,2,0.5,0.4444444444444445,0.3868528072345415,0.5,0.2,1.0,0.4736842105263158,0.3868528072345415,1.0,0.2
5634,3,0.0,0.0,0.0,0.0,0.0,0.0,0.0,0.0,0.0,0.0
13689,1,0.0,0.0,0.0,0.0,0.0,0.0,0.0,0.0,0.0,0.0
3564,8,0.0,0.0,0.0,0.0,0.0,0.125,0.057692307692307696,0.07979453856244816,0.125,0.1
4770,4,0.0,0.0,0.0,0.0,0.0,0.25,0.0,0.0,0.25,0.1
16208,1,0.0,0.0,0.0,0.0,0.0,0.0,0.0,0.0,0.0,0.0
4863,1,1.0,1.0,1.0,1.0,0.2,1.0,1.0,1.0,1.0,0.1
2593,2,0.0,0.0,0.0,0.0,0.0,0.0,0.0,0.0,0.0,0.0
15630,3,0.0,0.0,0.0,0.0,0.0,0.0,0.0,0.0,0.0,0.0
817,2,0.0,0.0,0.0,0.0,0.0,0.0,0.0,0.0,0.0,0.0
9622,4,0.25,0.14285714285714288,0.16812753627111746,0.25,0.2,0.25,0.20588235294117643,0.16812753627111746,0.25,0.1
13160,1,1.0,1.0,1.0,1.0,0.2,1.0,1.0,1.0,1.0,0.1
17144,14,0.0,0.0,0.0,0.0,0.0,0.0,0.0,0.0,0.0,0.0
7311,1,0.0,0.0,0.0,0.0,0.0,0.0,0.0,0.0,0.0,0.0
14374,7,0.0,0.0,0.0,0.0,0.0,0.0,0.0,0.0,0.0,0.0
8777,1,0.0,0.0,0.0,0.0,0.0,0.0,0.0,0.0,0.0,0.0
4736,8,0.0,0.0,0.0,0.0,0.0,0.0,0.0,0.0,0.0,0.0
15175,7,0.0,0.0,0.0,0.0,0.0,0.0,0.0,0.0,0.0,0.0
16037,18,0.0,0.0,0.0,0.0,0.0,0.1,0.036363636363636355,0.06625422345438903,0.05555555555555555,0.1
16205,1,0.0,0.0,0.0,0.0,0.0,0.0,0.0,0.0,0.0,0.0
17494,1,0.0,0.0,0.0,0.0,0.0,1.0,0.0,0.0,1.0,0.1
17630,3,0.0,0.0,0.0,0.0,0.0,0.0,0.0,0.0,0.0,0.0
5157,13,0.2,0.3333333333333333,0.33916020527361607,0.07692307692307693,0.2,0.1,0.18181818181818182,0.22009176629808014,0.07692307692307693,0.1
13781,3,0.0,0.0,0.0,0.0,0.0,0.0,0.0,0.0,0.0,0.0
13822,5,0.0,0.0,0.0,0.0,0.0,0.0,0.0,0.0,0.0,0.0
17555,1,1.0,1.0,1.0,1.0,0.2,1.0,1.0,1.0,1.0,0.1
15507,3,0.0,0.0,0.0,0.0,0.0,0.0,0.0,0.0,0.0,0.0
17062,2,0.0,0.0,0.0,0.0,0.0,0.0,0.0,0.0,0.0,0.0
17333,3,0.0,0.0,0.0,0.0,0.0,0.3333333333333333,0.0,0.0,0.3333333333333333,0.1
8479,3,0.0,0.0,0.0,0.0,0.0,0.0,0.0,0.0,0.0,0.0
16112,5,0.0,0.0,0.0,0.0,0.0,0.0,0.0,0.0,0.0,0.0
8583,2,0.5,0.5555555555555556,0.6131471927654584,0.5,0.2,0.5,0.5263157894736842,0.6131471927654584,0.5,0.1
5761,3,0.0,0.0,0.0,0.0,0.0,0.0,0.0,0.0,0.0,0.0
9939,1,1.0,1.0,1.0,1.0,0.2,1.0,1.0,1.0,1.0,0.1
12621,1,0.0,0.0,0.0,0.0,0.0,0.0,0.0,0.0,0.0,0.0
10370,1,0.0,0.0,0.0,0.0,0.0,0.0,0.0,0.0,0.0,0.0
2652,5,0.0,0.0,0.0,0.0,0.0,0.0,0.0,0.0,0.0,0.0
975,2,0.0,0.0,0.0,0.0,0.0,0.0,0.0,0.0,0.0,0.0
12978,5,0.0,0.0,0.0,0.0,0.0,0.0,0.0,0.0,0.0,0.0
883,3,0.0,0.0,0.0,0.0,0.0,0.0,0.0,0.0,0.0,0.0
3860,3,0.3333333333333333,0.0,0.0,0.3333333333333333,0.2,0.3333333333333333,0.0,0.0,0.3333333333333333,0.1
3875,5,0.0,0.0,0.0,0.0,0.0,0.0,0.0,0.0,0.0,0.0
8649,1,0.0,0.0,0.0,0.0,0.0,0.0,0.0,0.0,0.0,0.0
2491,6,0.2,0.26666666666666666,0.2139862647345275,0.16666666666666666,0.2,0.16666666666666666,0.2,0.1909208661789346,0.16666666666666666,0.1
8362,4,0.0,0.0,0.0,0.0,0.0,0.0,0.0,0.0,0.0,0.0
15111,5,0.0,0.0,0.0,0.0,0.0,0.0,0.0,0.0,0.0,0.0
2790,3,0.0,0.0,0.0,0.0,0.0,0.0,0.0,0.0,0.0,0.0
8798,1,1.0,1.0,1.0,1.0,0.2,1.0,1.0,1.0,1.0,0.1
12862,1,0.0,0.0,0.0,0.0,0.0,0.0,0.0,0.0,0.0,0.0
3901,2,0.0,0.0,0.0,0.0,0.0,0.0,0.0,0.0,0.0,0.0
6195,2,0.0,0.0,0.0,0.0,0.0,0.0,0.0,0.0,0.0,0.0
17961,1,0.0,0.0,0.0,0.0,0.0,0.0,0.0,0.0,0.0,0.0
16604,7,0.0,0.0,0.0,0.0,0.0,0.0,0.0,0.0,0.0,0.0
1115,12,0.0,0.0,0.0,0.0,0.0,0.0,0.0,0.0,0.0,0.0
2026,6,0.0,0.0,0.0,0.0,0.0,0.0,0.0,0.0,0.0,0.0
15393,3,0.0,0.0,0.0,0.0,0.0,0.0,0.0,0.0,0.0,0.0
5852,2,0.0,0.0,0.0,0.0,0.0,0.0,0.0,0.0,0.0,0.0
36,11,0.0,0.0,0.0,0.0,0.0,0.0,0.0,0.0,0.0,0.0
18381,2,0.0,0.0,0.0,0.0,0.0,0.0,0.0,0.0,0.0,0.0
6078,1,0.0,0.0,0.0,0.0,0.0,0.0,0.0,0.0,0.0,0.0
9508,2,0.0,0.0,0.0,0.0,0.0,0.0,0.0,0.0,0.0,0.0
7298,9,0.0,0.0,0.0,0.0,0.0,0.0,0.0,0.0,0.0,0.0
4490,8,0.0,0.0,0.0,0.0,0.0,0.0,0.0,0.0,0.0,0.0
13253,3,0.0,0.0,0.0,0.0,0.0,0.0,0.0,0.0,0.0,0.0
12478,1,0.0,0.0,0.0,0.0,0.0,0.0,0.0,0.0,0.0,0.0
40,7,0.0,0.0,0.0,0.0,0.0,0.0,0.0,0.0,0.0,0.0
17479,3,0.0,0.0,0.0,0.0,0.0,0.0,0.0,0.0,0.0,0.0
10925,2,0.5,0.5555555555555556,0.6131471927654584,0.5,0.2,0.5,0.5263157894736842,0.6131471927654584,0.5,0.1
1572,4,0.0,0.0,0.0,0.0,0.0,0.0,0.0,0.0,0.0,0.0
14025,11,0.4,0.4666666666666666,0.38356636737133554,0.18181818181818182,0.4,0.3,0.3272727272727273,0.31252911522154625,0.2727272727272727,0.3
17084,5,0.0,0.0,0.0,0.0,0.0,0.0,0.0,0.0,0.0,0.0
5997,7,0.0,0.0,0.0,0.0,0.0,0.0,0.0,0.0,0.0,0.0
7353,7,0.0,0.0,0.0,0.0,0.0,0.0,0.0,0.0,0.0,0.0
5322,1,0.0,0.0,0.0,0.0,0.0,0.0,0.0,0.0,0.0,0.0
11906,4,0.0,0.0,0.0,0.0,0.0,0.0,0.0,0.0,0.0,0.0
708,2,0.0,0.0,0.0,0.0,0.0,0.0,0.0,0.0,0.0,0.0
13474,2,0.0,0.0,0.0,0.0,0.0,0.0,0.0,0.0,0.0,0.0
5510,1,0.0,0.0,0.0,0.0,0.0,0.0,0.0,0.0,0.0,0.0
307,3,0.6666666666666666,0.75,0.7653606369886217,0.6666666666666666,0.4,1.0,0.7037037037037036,0.7653606369886217,1.0,0.3
17654,3,0.0,0.0,0.0,0.0,0.0,0.0,0.0,0.0,0.0,0.0
3642,9,0.0,0.0,0.0,0.0,0.0,0.0,0.0,0.0,0.0,0.0
6860,6,0.0,0.0,0.0,0.0,0.0,0.0,0.0,0.0,0.0,0.0
224,6,0.2,0.19999999999999998,0.16958010263680803,0.16666666666666666,0.2,0.16666666666666666,0.17777777777777778,0.15130120674940672,0.16666666666666666,0.1
2542,3,0.0,0.0,0.0,0.0,0.0,0.0,0.0,0.0,0.0,0.0
14604,33,0.0,0.0,0.0,0.0,0.0,0.0,0.0,0.0,0.0,0.0
5159,3,0.3333333333333333,0.25,0.23463936301137822,0.3333333333333333,0.2,0.3333333333333333,0.2962962962962963,0.23463936301137822,0.3333333333333333,0.1
2340,10,0.0,0.0,0.0,0.0,0.0,0.0,0.0,0.0,0.0,0.0
9987,5,0.0,0.0,0.0,0.0,0.0,0.0,0.0,0.0,0.0,0.0
5637,1,1.0,1.0,1.0,1.0,0.2,1.0,1.0,1.0,1.0,0.1
4144,9,0.0,0.0,0.0,0.0,0.0,0.0,0.0,0.0,0.0,0.0
5938,2,0.0,0.0,0.0,0.0,0.0,0.0,0.0,0.0,0.0,0.0
11529,4,0.0,0.0,0.0,0.0,0.0,0.0,0.0,0.0,0.0,0.0
15559,4,0.0,0.0,0.0,0.0,0.0,0.0,0.0,0.0,0.0,0.0
11564,6,0.0,0.0,0.0,0.0,0.0,0.0,0.0,0.0,0.0,0.0
16701,1,0.0,0.0,0.0,0.0,0.0,0.0,0.0,0.0,0.0,0.0
15948,1,0.0,0.0,0.0,0.0,0.0,0.0,0.0,0.0,0.0,0.0
17236,1,1.0,1.0,1.0,1.0,0.2,1.0,1.0,1.0,1.0,0.1
6494,2,0.0,0.0,0.0,0.0,0.0,0.0,0.0,0.0,0.0,0.0
13280,4,0.0,0.0,0.0,0.0,0.0,0.0,0.0,0.0,0.0,0.0
7764,5,0.0,0.0,0.0,0.0,0.0,0.0,0.0,0.0,0.0,0.0
5890,2,0.5,0.5555555555555556,0.6131471927654584,0.5,0.2,0.5,0.5263157894736842,0.6131471927654584,0.5,0.1
15333,8,0.0,0.0,0.0,0.0,0.0,0.0,0.0,0.0,0.0,0.0
3466,1,0.0,0.0,0.0,0.0,0.0,0.0,0.0,0.0,0.0,0.0
16512,1,1.0,0.0,0.0,1.0,0.2,1.0,0.0,0.0,1.0,0.1
3939,3,0.0,0.0,0.0,0.0,0.0,0.0,0.0,0.0,0.0,0.0
1133,3,0.0,0.0,0.0,0.0,0.0,0.0,0.0,0.0,0.0,0.0
6430,2,0.5,0.4444444444444445,0.3868528072345415,0.5,0.2,0.5,0.4736842105263158,0.3868528072345415,0.5,0.1
6164,4,0.0,0.0,0.0,0.0,0.0,0.0,0.0,0.0,0.0,0.0
5291,2,0.5,0.4444444444444445,0.3868528072345415,0.5,0.2,0.5,0.4736842105263158,0.3868528072345415,0.5,0.1
8744,3,0.0,0.0,0.0,0.0,0.0,0.0,0.0,0.0,0.0,0.0
693,4,0.0,0.0,0.0,0.0,0.0,0.0,0.0,0.0,0.0,0.0
14703,9,0.0,0.0,0.0,0.0,0.0,0.1111111111111111,0.09259259259259259,0.08372491399919348,0.1111111111111111,0.1
659,2,0.0,0.0,0.0,0.0,0.0,0.0,0.0,0.0,0.0,0.0
7469,2,0.0,0.0,0.0,0.0,0.0,0.0,0.0,0.0,0.0,0.0
2180,2,0.0,0.0,0.0,0.0,0.0,0.0,0.0,0.0,0.0,0.0
11739,1,0.0,0.0,0.0,0.0,0.0,0.0,0.0,0.0,0.0,0.0
1468,2,1.0,0.5555555555555556,0.6131471927654584,1.0,0.4,1.0,0.5263157894736842,0.6131471927654584,1.0,0.2
6499,4,0.0,0.0,0.0,0.0,0.0,0.0,0.0,0.0,0.0,0.0
4175,6,0.0,0.0,0.0,0.0,0.0,0.0,0.0,0.0,0.0,0.0
9337,1,0.0,0.0,0.0,0.0,0.0,0.0,0.0,0.0,0.0,0.0
12810,8,0.0,0.0,0.0,0.0,0.0,0.0,0.0,0.0,0.0,0.0
10970,3,0.0,0.0,0.0,0.0,0.0,0.0,0.0,0.0,0.0,0.0
827,5,0.2,0.26666666666666666,0.2139862647345275,0.2,0.2,0.2,0.225,0.2139862647345275,0.2,0.1
4101,5,0.0,0.0,0.0,0.0,0.0,0.0,0.0,0.0,0.0,0.0
14805,6,0.0,0.0,0.0,0.0,0.0,0.16666666666666666,0.0,0.0,0.16666666666666666,0.1
9856,6,0.0,0.0,0.0,0.0,0.0,0.0,0.0,0.0,0.0,0.0
3485,9,0.0,0.0,0.0,0.0,0.0,0.1111111111111111,0.03703703703703703,0.0707557607210806,0.1111111111111111,0.1
3464,3,0.3333333333333333,0.4166666666666667,0.46927872602275644,0.3333333333333333,0.2,0.3333333333333333,0.37037037037037035,0.46927872602275644,0.3333333333333333,0.1
16285,1,0.0,0.0,0.0,0.0,0.0,0.0,0.0,0.0,0.0,0.0
555,2,0.0,0.0,0.0,0.0,0.0,0.0,0.0,0.0,0.0,0.0
8313,6,0.0,0.0,0.0,0.0,0.0,0.0,0.0,0.0,0.0,0.0
5993,28,0.0,0.0,0.0,0.0,0.0,0.0,0.0,0.0,0.0,0.0
7141,1,0.0,0.0,0.0,0.0,0.0,0.0,0.0,0.0,0.0,0.0
8196,1,1.0,0.0,0.0,1.0,0.2,1.0,0.0,0.0,1.0,0.1
1797,7,0.0,0.0,0.0,0.0,0.0,0.0,0.0,0.0,0.0,0.0
657,2,0.0,0.0,0.0,0.0,0.0,0.0,0.0,0.0,0.0,0.0
10257,3,0.0,0.0,0.0,0.0,0.0,0.0,0.0,0.0,0.0,0.0
12116,3,1.0,1.0,1.0,1.0,0.6,1.0,1.0,1.0,1.0,0.3
2017,5,0.2,0.3333333333333333,0.33916020527361607,0.2,0.2,0.4,0.25,0.33916020527361607,0.4,0.2
6537,7,0.0,0.0,0.0,0.0,0.0,0.0,0.0,0.0,0.0,0.0
11160,8,0.0,0.0,0.0,0.0,0.0,0.0,0.0,0.0,0.0,0.0
16674,4,0.0,0.0,0.0,0.0,0.0,0.0,0.0,0.0,0.0,0.0
2357,3,0.0,0.0,0.0,0.0,0.0,0.0,0.0,0.0,0.0,0.0
9438,2,0.0,0.0,0.0,0.0,0.0,0.0,0.0,0.0,0.0,0.0
10744,1,0.0,0.0,0.0,0.0,0.0,0.0,0.0,0.0,0.0,0.0
12299,2,0.0,0.0,0.0,0.0,0.0,0.0,0.0,0.0,0.0,0.0
2903,7,0.0,0.0,0.0,0.0,0.0,0.0,0.0,0.0,0.0,0.0
1281,8,0.0,0.0,0.0,0.0,0.0,0.125,0.07692307692307693,0.08431423425588572,0.125,0.1
6180,6,0.0,0.0,0.0,0.0,0.0,0.0,0.0,0.0,0.0,0.0
9860,4,0.25,0.0,0.0,0.25,0.2,0.25,0.0,0.0,0.25,0.1
13456,1,1.0,1.0,1.0,1.0,0.2,1.0,1.0,1.0,1.0,0.1
7842,12,0.2,0.19999999999999998,0.16958010263680803,0.08333333333333333,0.2,0.1,0.14545454545454548,0.11004588314904007,0.08333333333333333,0.1
14895,9,0.0,0.0,0.0,0.0,0.0,0.0,0.0,0.0,0.0,0.0
3924,1,1.0,1.0,1.0,1.0,0.2,1.0,1.0,1.0,1.0,0.1
8576,4,0.0,0.0,0.0,0.0,0.0,0.0,0.0,0.0,0.0,0.0
7223,2,0.0,0.0,0.0,0.0,0.0,0.0,0.0,0.0,0.0,0.0
6294,7,0.0,0.0,0.0,0.0,0.0,0.0,0.0,0.0,0.0,0.0
10741,20,0.0,0.0,0.0,0.0,0.0,0.0,0.0,0.0,0.0,0.0
13189,3,0.0,0.0,0.0,0.0,0.0,0.0,0.0,0.0,0.0,0.0
8095,2,0.0,0.0,0.0,0.0,0.0,0.0,0.0,0.0,0.0,0.0
422,2,0.0,0.0,0.0,0.0,0.0,0.0,0.0,0.0,0.0,0.0
9154,8,0.0,0.0,0.0,0.0,0.0,0.125,0.057692307692307696,0.07979453856244816,0.125,0.1
6558,3,0.0,0.0,0.0,0.0,0.0,0.0,0.0,0.0,0.0,0.0
7472,3,0.0,0.0,0.0,0.0,0.0,0.3333333333333333,0.0,0.0,0.3333333333333333,0.1
716,1,0.0,0.0,0.0,0.0,0.0,0.0,0.0,0.0,0.0,0.0
13874,6,0.0,0.0,0.0,0.0,0.0,0.0,0.0,0.0,0.0,0.0
15033,4,0.0,0.0,0.0,0.0,0.0,0.0,0.0,0.0,0.0,0.0
10836,1,0.0,0.0,0.0,0.0,0.0,0.0,0.0,0.0,0.0,0.0
16479,3,0.3333333333333333,0.4166666666666667,0.46927872602275644,0.3333333333333333,0.2,0.3333333333333333,0.37037037037037035,0.46927872602275644,0.3333333333333333,0.1
10900,1,0.0,0.0,0.0,0.0,0.0,0.0,0.0,0.0,0.0,0.0
6796,3,0.0,0.0,0.0,0.0,0.0,0.0,0.0,0.0,0.0,0.0
6281,12,0.0,0.0,0.0,0.0,0.0,0.0,0.0,0.0,0.0,0.0
8590,4,0.0,0.0,0.0,0.0,0.0,0.0,0.0,0.0,0.0,0.0
12286,1,0.0,0.0,0.0,0.0,0.0,0.0,0.0,0.0,0.0,0.0
3825,8,0.2,0.19999999999999998,0.16958010263680803,0.125,0.2,0.125,0.15384615384615385,0.12647135138382856,0.125,0.1
7550,2,0.0,0.0,0.0,0.0,0.0,0.0,0.0,0.0,0.0,0.0
8357,1,1.0,1.0,1.0,1.0,0.2,1.0,1.0,1.0,1.0,0.1
9538,1,0.0,0.0,0.0,0.0,0.0,0.0,0.0,0.0,0.0,0.0
8496,1,0.0,0.0,0.0,0.0,0.0,0.0,0.0,0.0,0.0,0.0
8520,6,0.0,0.0,0.0,0.0,0.0,0.0,0.0,0.0,0.0,0.0
9131,2,0.0,0.0,0.0,0.0,0.0,0.0,0.0,0.0,0.0,0.0
9007,6,0.0,0.0,0.0,0.0,0.0,0.0,0.0,0.0,0.0,0.0
4634,1,1.0,1.0,1.0,1.0,0.2,1.0,1.0,1.0,1.0,0.1
13627,3,0.0,0.0,0.0,0.0,0.0,0.0,0.0,0.0,0.0,0.0
9128,1,0.0,0.0,0.0,0.0,0.0,0.0,0.0,0.0,0.0,0.0
4719,1,1.0,1.0,1.0,1.0,0.2,1.0,1.0,1.0,1.0,0.1
6597,3,0.0,0.0,0.0,0.0,0.0,0.0,0.0,0.0,0.0,0.0
5595,7,0.0,0.0,0.0,0.0,0.0,0.0,0.0,0.0,0.0,0.0
14149,1,0.0,0.0,0.0,0.0,0.0,1.0,0.0,0.0,1.0,0.1
5999,13,0.0,0.0,0.0,0.0,0.0,0.0,0.0,0.0,0.0,0.0
16066,10,0.0,0.0,0.0,0.0,0.0,0.0,0.0,0.0,0.0,0.0
17142,1,0.0,0.0,0.0,0.0,0.0,0.0,0.0,0.0,0.0,0.0
7596,8,0.2,0.26666666666666666,0.2139862647345275,0.125,0.2,0.125,0.17307692307692307,0.1595890771248963,0.125,0.1
15841,1,0.0,0.0,0.0,0.0,0.0,0.0,0.0,0.0,0.0,0.0
14417,5,0.0,0.0,0.0,0.0,0.0,0.0,0.0,0.0,0.0,0.0
5105,1,1.0,1.0,1.0,1.0,0.2,1.0,1.0,1.0,1.0,0.1
2841,2,0.0,0.0,0.0,0.0,0.0,0.5,0.0,0.0,0.5,0.1
10844,1,0.0,0.0,0.0,0.0,0.0,0.0,0.0,0.0,0.0,0.0
7545,4,0.0,0.0,0.0,0.0,0.0,0.0,0.0,0.0,0.0,0.0
7087,1,0.0,0.0,0.0,0.0,0.0,0.0,0.0,0.0,0.0,0.0
7384,2,0.0,0.0,0.0,0.0,0.0,0.5,0.0,0.0,0.5,0.1
7221,3,0.3333333333333333,0.4166666666666667,0.46927872602275644,0.3333333333333333,0.2,0.3333333333333333,0.37037037037037035,0.46927872602275644,0.3333333333333333,0.1
9889,1,0.0,0.0,0.0,0.0,0.0,0.0,0.0,0.0,0.0,0.0
13808,2,0.5,0.5555555555555556,0.6131471927654584,0.5,0.2,0.5,0.5263157894736842,0.6131471927654584,0.5,0.1
15279,4,0.0,0.0,0.0,0.0,0.0,0.0,0.0,0.0,0.0,0.0
16269,1,0.0,0.0,0.0,0.0,0.0,0.0,0.0,0.0,0.0,0.0
9752,1,0.0,0.0,0.0,0.0,0.0,0.0,0.0,0.0,0.0,0.0
6358,6,0.0,0.0,0.0,0.0,0.0,0.0,0.0,0.0,0.0,0.0
4560,2,0.0,0.0,0.0,0.0,0.0,0.0,0.0,0.0,0.0,0.0
12143,3,0.0,0.0,0.0,0.0,0.0,0.0,0.0,0.0,0.0,0.0
11678,8,0.0,0.0,0.0,0.0,0.0,0.0,0.0,0.0,0.0,0.0
14940,5,0.0,0.0,0.0,0.0,0.0,0.0,0.0,0.0,0.0,0.0
8802,7,0.0,0.0,0.0,0.0,0.0,0.0,0.0,0.0,0.0,0.0
14766,1,0.0,0.0,0.0,0.0,0.0,0.0,0.0,0.0,0.0,0.0
18386,1,0.0,0.0,0.0,0.0,0.0,0.0,0.0,0.0,0.0,0.0
17919,6,0.2,0.26666666666666666,0.2139862647345275,0.16666666666666666,0.2,0.16666666666666666,0.2,0.1909208661789346,0.16666666666666666,0.1
17915,1,0.0,0.0,0.0,0.0,0.0,0.0,0.0,0.0,0.0,0.0
7693,1,0.0,0.0,0.0,0.0,0.0,0.0,0.0,0.0,0.0,0.0
13101,7,0.0,0.0,0.0,0.0,0.0,0.0,0.0,0.0,0.0,0.0
3422,5,0.2,0.06666666666666665,0.13120507751234176,0.2,0.2,0.2,0.15,0.13120507751234176,0.2,0.1
14791,4,0.0,0.0,0.0,0.0,0.0,0.0,0.0,0.0,0.0,0.0
3197,1,1.0,0.0,0.0,1.0,0.2,1.0,0.0,0.0,1.0,0.1
7005,2,0.0,0.0,0.0,0.0,0.0,0.0,0.0,0.0,0.0,0.0
10655,4,0.5,0.6428571428571429,0.6366824387328316,0.5,0.4,0.75,0.5588235294117646,0.6366824387328316,0.75,0.3
11964,3,0.0,0.0,0.0,0.0,0.0,0.0,0.0,0.0,0.0,0.0
14782,13,0.0,0.0,0.0,0.0,0.0,0.0,0.0,0.0,0.0,0.0
9709,1,0.0,0.0,0.0,0.0,0.0,0.0,0.0,0.0,0.0,0.0
14439,2,0.0,0.0,0.0,0.0,0.0,0.0,0.0,0.0,0.0,0.0
1910,1,0.0,0.0,0.0,0.0,0.0,0.0,0.0,0.0,0.0,0.0
14533,5,0.0,0.0,0.0,0.0,0.0,0.0,0.0,0.0,0.0,0.0
13217,7,0.0,0.0,0.0,0.0,0.0,0.0,0.0,0.0,0.0,0.0
13541,1,0.0,0.0,0.0,0.0,0.0,1.0,0.0,0.0,1.0,0.1
10584,3,0.0,0.0,0.0,0.0,0.0,0.0,0.0,0.0,0.0,0.0
1874,6,0.0,0.0,0.0,0.0,0.0,0.0,0.0,0.0,0.0,0.0
7724,1,0.0,0.0,0.0,0.0,0.0,1.0,0.0,0.0,1.0,0.1
12424,2,0.5,0.0,0.0,0.5,0.2,1.0,0.0,0.0,1.0,0.2
11131,1,1.0,0.0,0.0,1.0,0.2,1.0,0.0,0.0,1.0,0.1
12435,1,0.0,0.0,0.0,0.0,0.0,0.0,0.0,0.0,0.0,0.0
6244,7,0.0,0.0,0.0,0.0,0.0,0.0,0.0,0.0,0.0,0.0
16806,1,0.0,0.0,0.0,0.0,0.0,0.0,0.0,0.0,0.0,0.0
3052,5,0.0,0.0,0.0,0.0,0.0,0.0,0.0,0.0,0.0,0.0
18220,4,0.0,0.0,0.0,0.0,0.0,0.0,0.0,0.0,0.0,0.0
13305,7,0.0,0.0,0.0,0.0,0.0,0.0,0.0,0.0,0.0,0.0
17306,2,0.0,0.0,0.0,0.0,0.0,0.0,0.0,0.0,0.0,0.0
14948,1,0.0,0.0,0.0,0.0,0.0,0.0,0.0,0.0,0.0,0.0
15736,4,0.0,0.0,0.0,0.0,0.0,0.0,0.0,0.0,0.0,0.0
5855,6,0.0,0.0,0.0,0.0,0.0,0.0,0.0,0.0,0.0,0.0
6733,2,0.0,0.0,0.0,0.0,0.0,0.0,0.0,0.0,0.0,0.0
7183,9,0.0,0.0,0.0,0.0,0.0,0.2222222222222222,0.12962962962962962,0.15249713175656968,0.2222222222222222,0.2
13279,2,0.0,0.0,0.0,0.0,0.0,0.0,0.0,0.0,0.0,0.0
17921,1,0.0,0.0,0.0,0.0,0.0,0.0,0.0,0.0,0.0,0.0
10647,5,0.2,0.13333333333333333,0.14606834984270645,0.2,0.2,0.2,0.175,0.14606834984270645,0.2,0.1
6869,2,0.0,0.0,0.0,0.0,0.0,0.0,0.0,0.0,0.0,0.0
14323,1,1.0,1.0,1.0,1.0,0.2,1.0,1.0,1.0,1.0,0.1
11664,1,0.0,0.0,0.0,0.0,0.0,0.0,0.0,0.0,0.0,0.0
4129,2,0.0,0.0,0.0,0.0,0.0,0.0,0.0,0.0,0.0,0.0
15705,3,0.0,0.0,0.0,0.0,0.0,0.0,0.0,0.0,0.0,0.0
8776,1,0.0,0.0,0.0,0.0,0.0,0.0,0.0,0.0,0.0,0.0
2783,1,1.0,0.0,0.0,1.0,0.2,1.0,0.0,0.0,1.0,0.1
6489,1,0.0,0.0,0.0,0.0,0.0,0.0,0.0,0.0,0.0,0.0
18356,1,1.0,1.0,1.0,1.0,0.2,1.0,1.0,1.0,1.0,0.1
14692,1,1.0,1.0,1.0,1.0,0.2,1.0,1.0,1.0,1.0,0.1
757,2,0.0,0.0,0.0,0.0,0.0,0.0,0.0,0.0,0.0,0.0
5325,2,0.0,0.0,0.0,0.0,0.0,0.0,0.0,0.0,0.0,0.0
2995,1,0.0,0.0,0.0,0.0,0.0,0.0,0.0,0.0,0.0,0.0
8476,6,0.0,0.0,0.0,0.0,0.0,0.0,0.0,0.0,0.0,0.0
3029,19,0.0,0.0,0.0,0.0,0.0,0.0,0.0,0.0,0.0,0.0
9821,2,0.5,0.0,0.0,0.5,0.2,0.5,0.0,0.0,0.5,0.1
4395,1,1.0,0.0,0.0,1.0,0.2,1.0,0.0,0.0,1.0,0.1
12605,10,0.0,0.0,0.0,0.0,0.0,0.0,0.0,0.0,0.0,0.0
5830,14,0.0,0.0,0.0,0.0,0.0,0.0,0.0,0.0,0.0,0.0
1526,2,0.0,0.0,0.0,0.0,0.0,0.0,0.0,0.0,0.0,0.0
5768,3,0.0,0.0,0.0,0.0,0.0,0.0,0.0,0.0,0.0,0.0
11040,1,0.0,0.0,0.0,0.0,0.0,0.0,0.0,0.0,0.0,0.0
3433,2,0.5,0.0,0.0,0.5,0.2,0.5,0.0,0.0,0.5,0.1
8079,2,0.0,0.0,0.0,0.0,0.0,0.0,0.0,0.0,0.0,0.0
8769,4,0.0,0.0,0.0,0.0,0.0,0.25,0.0,0.0,0.25,0.1
10986,2,0.0,0.0,0.0,0.0,0.0,0.5,0.0,0.0,0.5,0.1
609,1,0.0,0.0,0.0,0.0,0.0,0.0,0.0,0.0,0.0,0.0
16650,1,1.0,0.0,0.0,1.0,0.2,1.0,0.0,0.0,1.0,0.1
15259,3,0.0,0.0,0.0,0.0,0.0,0.3333333333333333,0.0,0.0,0.3333333333333333,0.1
15309,3,0.6666666666666666,0.5833333333333334,0.5307212739772434,0.6666666666666666,0.4,1.0,0.6296296296296297,0.5307212739772434,1.0,0.3
1944,3,0.0,0.0,0.0,0.0,0.0,0.0,0.0,0.0,0.0,0.0
3001,4,0.0,0.0,0.0,0.0,0.0,0.0,0.0,0.0,0.0,0.0
18389,1,0.0,0.0,0.0,0.0,0.0,0.0,0.0,0.0,0.0,0.0
9200,4,0.0,0.0,0.0,0.0,0.0,0.0,0.0,0.0,0.0,0.0
6696,2,0.0,0.0,0.0,0.0,0.0,0.0,0.0,0.0,0.0,0.0
2084,4,0.0,0.0,0.0,0.0,0.0,0.0,0.0,0.0,0.0,0.0
16165,1,0.0,0.0,0.0,0.0,0.0,0.0,0.0,0.0,0.0,0.0
10322,1,1.0,1.0,1.0,1.0,0.2,1.0,1.0,1.0,1.0,0.1
14931,2,0.0,0.0,0.0,0.0,0.0,0.0,0.0,0.0,0.0,0.0
2068,9,0.0,0.0,0.0,0.0,0.0,0.0,0.0,0.0,0.0,0.0
2694,7,0.0,0.0,0.0,0.0,0.0,0.0,0.0,0.0,0.0,0.0
8447,7,0.0,0.0,0.0,0.0,0.0,0.14285714285714285,0.08163265306122448,0.09162544430476363,0.14285714285714285,0.1
16534,1,0.0,0.0,0.0,0.0,0.0,0.0,0.0,0.0,0.0,0.0
17196,2,0.0,0.0,0.0,0.0,0.0,0.0,0.0,0.0,0.0,0.0
13094,1,0.0,0.0,0.0,0.0,0.0,0.0,0.0,0.0,0.0,0.0
16257,1,0.0,0.0,0.0,0.0,0.0,0.0,0.0,0.0,0.0,0.0
9716,1,0.0,0.0,0.0,0.0,0.0,0.0,0.0,0.0,0.0,0.0
10631,8,0.0,0.0,0.0,0.0,0.0,0.0,0.0,0.0,0.0,0.0
8298,6,0.0,0.0,0.0,0.0,0.0,0.0,0.0,0.0,0.0,0.0
15488,4,0.25,0.0,0.0,0.25,0.2,0.25,0.0,0.0,0.25,0.1
7670,1,0.0,0.0,0.0,0.0,0.0,0.0,0.0,0.0,0.0,0.0
7172,1,0.0,0.0,0.0,0.0,0.0,0.0,0.0,0.0,0.0,0.0
10063,3,0.0,0.0,0.0,0.0,0.0,0.0,0.0,0.0,0.0,0.0
12686,6,0.0,0.0,0.0,0.0,0.0,0.0,0.0,0.0,0.0,0.0
13782,4,0.0,0.0,0.0,0.0,0.0,0.0,0.0,0.0,0.0,0.0
12651,2,0.0,0.0,0.0,0.0,0.0,0.0,0.0,0.0,0.0,0.0
8352,6,0.0,0.0,0.0,0.0,0.0,0.0,0.0,0.0,0.0,0.0
715,1,1.0,1.0,1.0,1.0,0.2,1.0,1.0,1.0,1.0,0.1
750,3,0.0,0.0,0.0,0.0,0.0,0.0,0.0,0.0,0.0,0.0
5344,4,0.0,0.0,0.0,0.0,0.0,0.0,0.0,0.0,0.0,0.0
14345,4,0.0,0.0,0.0,0.0,0.0,0.0,0.0,0.0,0.0,0.0
12933,4,0.0,0.0,0.0,0.0,0.0,0.0,0.0,0.0,0.0,0.0
7282,14,0.4,0.5333333333333333,0.5087403079104241,0.14285714285714285,0.4,0.2,0.32727272727272727,0.3301376494471202,0.14285714285714285,0.2
6723,9,0.0,0.0,0.0,0.0,0.0,0.0,0.0,0.0,0.0,0.0
9817,2,0.0,0.0,0.0,0.0,0.0,0.0,0.0,0.0,0.0,0.0
9640,6,0.0,0.0,0.0,0.0,0.0,0.0,0.0,0.0,0.0,0.0
10679,4,0.0,0.0,0.0,0.0,0.0,0.0,0.0,0.0,0.0,0.0
3615,7,0.0,0.0,0.0,0.0,0.0,0.0,0.0,0.0,0.0,0.0
16718,3,0.0,0.0,0.0,0.0,0.0,0.0,0.0,0.0,0.0,0.0
14556,4,0.0,0.0,0.0,0.0,0.0,0.0,0.0,0.0,0.0,0.0
17757,4,0.0,0.0,0.0,0.0,0.0,0.0,0.0,0.0,0.0,0.0
15786,11,0.0,0.0,0.0,0.0,0.0,0.0,0.0,0.0,0.0,0.0
3406,5,0.2,0.06666666666666665,0.13120507751234176,0.2,0.2,0.2,0.15,0.13120507751234176,0.2,0.1
7972,4,0.0,0.0,0.0,0.0,0.0,0.0,0.0,0.0,0.0,0.0
8465,10,0.6,0.6666666666666666,0.6843515475204854,0.3,0.6,0.3,0.45454545454545453,0.44409732781325567,0.3,0.3
17501,1,1.0,1.0,1.0,1.0,0.2,1.0,1.0,1.0,1.0,0.1
6297,4,0.0,0.0,0.0,0.0,0.0,0.0,0.0,0.0,0.0,0.0
17946,5,0.0,0.0,0.0,0.0,0.0,0.0,0.0,0.0,0.0,0.0
9531,7,0.0,0.0,0.0,0.0,0.0,0.0,0.0,0.0,0.0,0.0
18372,4,0.0,0.0,0.0,0.0,0.0,0.0,0.0,0.0,0.0,0.0
12244,1,1.0,1.0,1.0,1.0,0.2,1.0,1.0,1.0,1.0,0.1
13180,4,0.0,0.0,0.0,0.0,0.0,0.0,0.0,0.0,0.0,0.0
11810,6,0.0,0.0,0.0,0.0,0.0,0.0,0.0,0.0,0.0,0.0
9040,9,0.0,0.0,0.0,0.0,0.0,0.0,0.0,0.0,0.0,0.0
14197,3,0.0,0.0,0.0,0.0,0.0,0.0,0.0,0.0,0.0,0.0
15257,2,0.0,0.0,0.0,0.0,0.0,0.0,0.0,0.0,0.0,0.0
2498,3,0.0,0.0,0.0,0.0,0.0,0.0,0.0,0.0,0.0,0.0
6285,5,0.4,0.4666666666666666,0.38356636737133554,0.4,0.4,0.6,0.42500000000000004,0.38356636737133554,0.6,0.3
4285,5,0.0,0.0,0.0,0.0,0.0,0.0,0.0,0.0,0.0,0.0
17875,2,0.0,0.0,0.0,0.0,0.0,0.0,0.0,0.0,0.0,0.0
10352,16,0.2,0.13333333333333333,0.14606834984270645,0.0625,0.2,0.1,0.12727272727272726,0.09478836436955078,0.0625,0.1
16272,2,0.0,0.0,0.0,0.0,0.0,0.0,0.0,0.0,0.0,0.0
1982,1,1.0,1.0,1.0,1.0,0.2,1.0,1.0,1.0,1.0,0.1
16850,6,0.0,0.0,0.0,0.0,0.0,0.0,0.0,0.0,0.0,0.0
6258,6,0.0,0.0,0.0,0.0,0.0,0.0,0.0,0.0,0.0,0.0
3047,1,0.0,0.0,0.0,0.0,0.0,0.0,0.0,0.0,0.0,0.0
10297,1,0.0,0.0,0.0,0.0,0.0,0.0,0.0,0.0,0.0,0.0
18086,2,0.0,0.0,0.0,0.0,0.0,0.0,0.0,0.0,0.0,0.0
9105,2,0.0,0.0,0.0,0.0,0.0,0.0,0.0,0.0,0.0,0.0
12560,6,0.0,0.0,0.0,0.0,0.0,0.0,0.0,0.0,0.0,0.0
14302,1,1.0,1.0,1.0,1.0,0.2,1.0,1.0,1.0,1.0,0.1
16999,7,0.0,0.0,0.0,0.0,0.0,0.0,0.0,0.0,0.0,0.0
3199,8,0.0,0.0,0.0,0.0,0.0,0.0,0.0,0.0,0.0,0.0
2329,3,0.0,0.0,0.0,0.0,0.0,0.0,0.0,0.0,0.0,0.0
16742,3,0.0,0.0,0.0,0.0,0.0,0.0,0.0,0.0,0.0,0.0
6764,4,0.0,0.0,0.0,0.0,0.0,0.25,0.0,0.0,0.25,0.1
4392,4,0.25,0.14285714285714288,0.16812753627111746,0.25,0.2,0.25,0.20588235294117643,0.16812753627111746,0.25,0.1
9861,5,0.2,0.3333333333333333,0.33916020527361607,0.2,0.2,0.2,0.25,0.33916020527361607,0.2,0.1
9402,8,0.0,0.0,0.0,0.0,0.0,0.0,0.0,0.0,0.0,0.0
9946,1,0.0,0.0,0.0,0.0,0.0,0.0,0.0,0.0,0.0,0.0
3678,3,0.0,0.0,0.0,0.0,0.0,0.0,0.0,0.0,0.0,0.0
17987,1,1.0,0.0,0.0,1.0,0.2,1.0,0.0,0.0,1.0,0.1
3148,2,0.0,0.0,0.0,0.0,0.0,0.0,0.0,0.0,0.0,0.0
15403,6,0.0,0.0,0.0,0.0,0.0,0.0,0.0,0.0,0.0,0.0
1800,7,0.0,0.0,0.0,0.0,0.0,0.0,0.0,0.0,0.0,0.0
11432,1,0.0,0.0,0.0,0.0,0.0,0.0,0.0,0.0,0.0,0.0
9412,6,0.0,0.0,0.0,0.0,0.0,0.0,0.0,0.0,0.0,0.0
17517,1,0.0,0.0,0.0,0.0,0.0,0.0,0.0,0.0,0.0,0.0
12533,2,0.0,0.0,0.0,0.0,0.0,0.0,0.0,0.0,0.0,0.0
1002,2,0.0,0.0,0.0,0.0,0.0,0.0,0.0,0.0,0.0,0.0
4393,3,0.0,0.0,0.0,0.0,0.0,0.0,0.0,0.0,0.0,0.0
8539,4,0.0,0.0,0.0,0.0,0.0,0.0,0.0,0.0,0.0,0.0
16815,2,0.0,0.0,0.0,0.0,0.0,0.0,0.0,0.0,0.0,0.0
1448,8,0.0,0.0,0.0,0.0,0.0,0.0,0.0,0.0,0.0,0.0
17862,7,0.0,0.0,0.0,0.0,0.0,0.14285714285714285,0.08163265306122448,0.09162544430476363,0.14285714285714285,0.1
15349,1,0.0,0.0,0.0,0.0,0.0,0.0,0.0,0.0,0.0,0.0
8921,5,0.0,0.0,0.0,0.0,0.0,0.0,0.0,0.0,0.0,0.0
14431,1,0.0,0.0,0.0,0.0,0.0,0.0,0.0,0.0,0.0,0.0
2570,4,0.0,0.0,0.0,0.0,0.0,0.0,0.0,0.0,0.0,0.0
11894,2,0.0,0.0,0.0,0.0,0.0,0.0,0.0,0.0,0.0,0.0
10378,4,0.0,0.0,0.0,0.0,0.0,0.25,0.0,0.0,0.25,0.1
5776,7,0.0,0.0,0.0,0.0,0.0,0.0,0.0,0.0,0.0,0.0
9789,22,0.0,0.0,0.0,0.0,0.0,0.0,0.0,0.0,0.0,0.0
11229,8,0.0,0.0,0.0,0.0,0.0,0.0,0.0,0.0,0.0,0.0
16874,1,0.0,0.0,0.0,0.0,0.0,0.0,0.0,0.0,0.0,0.0
9247,2,0.0,0.0,0.0,0.0,0.0,0.0,0.0,0.0,0.0,0.0
18187,3,0.0,0.0,0.0,0.0,0.0,0.0,0.0,0.0,0.0,0.0
8984,26,0.0,0.0,0.0,0.0,0.0,0.0,0.0,0.0,0.0,0.0
7122,2,0.0,0.0,0.0,0.0,0.0,0.0,0.0,0.0,0.0,0.0
5809,3,0.6666666666666666,0.6666666666666667,0.7039180890341346,0.6666666666666666,0.4,1.0,0.6666666666666666,0.7039180890341346,1.0,0.3
6598,1,1.0,1.0,1.0,1.0,0.2,1.0,1.0,1.0,1.0,0.1
14929,1,0.0,0.0,0.0,0.0,0.0,0.0,0.0,0.0,0.0,0.0
7364,4,0.0,0.0,0.0,0.0,0.0,0.0,0.0,0.0,0.0,0.0
16622,1,0.0,0.0,0.0,0.0,0.0,0.0,0.0,0.0,0.0,0.0
10507,2,0.0,0.0,0.0,0.0,0.0,0.0,0.0,0.0,0.0,0.0
15829,1,0.0,0.0,0.0,0.0,0.0,0.0,0.0,0.0,0.0,0.0
5490,6,0.2,0.26666666666666666,0.2139862647345275,0.16666666666666666,0.2,0.16666666666666666,0.2,0.1909208661789346,0.16666666666666666,0.1
8085,1,0.0,0.0,0.0,0.0,0.0,0.0,0.0,0.0,0.0,0.0
14743,10,0.4,0.4666666666666666,0.38356636737133554,0.2,0.4,0.2,0.30909090909090914,0.24890832702259458,0.2,0.2
12069,4,0.0,0.0,0.0,0.0,0.0,0.0,0.0,0.0,0.0,0.0
9152,7,0.0,0.0,0.0,0.0,0.0,0.0,0.0,0.0,0.0,0.0
16667,5,0.2,0.26666666666666666,0.2139862647345275,0.2,0.2,0.4,0.225,0.2139862647345275,0.4,0.2
16803,1,0.0,0.0,0.0,0.0,0.0,0.0,0.0,0.0,0.0,0.0
1285,6,0.0,0.0,0.0,0.0,0.0,0.0,0.0,0.0,0.0,0.0
9106,15,0.0,0.0,0.0,0.0,0.0,0.0,0.0,0.0,0.0,0.0
824,2,0.0,0.0,0.0,0.0,0.0,0.0,0.0,0.0,0.0,0.0
14873,2,0.0,0.0,0.0,0.0,0.0,0.0,0.0,0.0,0.0,0.0
2752,4,0.0,0.0,0.0,0.0,0.0,0.0,0.0,0.0,0.0,0.0
2806,4,0.0,0.0,0.0,0.0,0.0,0.0,0.0,0.0,0.0,0.0
7106,2,0.5,0.0,0.0,0.5,0.2,1.0,0.0,0.0,1.0,0.2
12337,4,0.0,0.0,0.0,0.0,0.0,0.0,0.0,0.0,0.0,0.0
6188,4,0.0,0.0,0.0,0.0,0.0,0.0,0.0,0.0,0.0,0.0
5474,1,1.0,1.0,1.0,1.0,0.2,1.0,1.0,1.0,1.0,0.1
2558,2,0.0,0.0,0.0,0.0,0.0,0.0,0.0,0.0,0.0,0.0
13195,1,0.0,0.0,0.0,0.0,0.0,0.0,0.0,0.0,0.0,0.0
5901,4,0.0,0.0,0.0,0.0,0.0,0.0,0.0,0.0,0.0,0.0
12472,9,0.0,0.0,0.0,0.0,0.0,0.0,0.0,0.0,0.0,0.0
6030,11,0.0,0.0,0.0,0.0,0.0,0.0,0.0,0.0,0.0,0.0
13576,1,0.0,0.0,0.0,0.0,0.0,0.0,0.0,0.0,0.0,0.0
5820,5,0.0,0.0,0.0,0.0,0.0,0.0,0.0,0.0,0.0,0.0
7793,4,0.0,0.0,0.0,0.0,0.0,0.25,0.0,0.0,0.25,0.1
12172,2,0.5,0.4444444444444445,0.3868528072345415,0.5,0.2,0.5,0.4736842105263158,0.3868528072345415,0.5,0.1
14975,4,0.0,0.0,0.0,0.0,0.0,0.25,0.0,0.0,0.25,0.1
10497,4,0.0,0.0,0.0,0.0,0.0,0.0,0.0,0.0,0.0,0.0
6225,1,0.0,0.0,0.0,0.0,0.0,0.0,0.0,0.0,0.0,0.0
11070,3,0.0,0.0,0.0,0.0,0.0,0.0,0.0,0.0,0.0,0.0
14594,1,1.0,1.0,1.0,1.0,0.2,1.0,1.0,1.0,1.0,0.1
13063,2,0.0,0.0,0.0,0.0,0.0,0.0,0.0,0.0,0.0,0.0
15640,1,0.0,0.0,0.0,0.0,0.0,0.0,0.0,0.0,0.0,0.0
12835,1,0.0,0.0,0.0,0.0,0.0,0.0,0.0,0.0,0.0,0.0
14793,1,0.0,0.0,0.0,0.0,0.0,0.0,0.0,0.0,0.0,0.0
520,3,0.0,0.0,0.0,0.0,0.0,0.0,0.0,0.0,0.0,0.0
13572,7,0.0,0.0,0.0,0.0,0.0,0.0,0.0,0.0,0.0,0.0
15464,1,1.0,1.0,1.0,1.0,0.2,1.0,1.0,1.0,1.0,0.1
10568,4,0.0,0.0,0.0,0.0,0.0,0.0,0.0,0.0,0.0,0.0
8467,6,0.0,0.0,0.0,0.0,0.0,0.16666666666666666,0.0,0.0,0.16666666666666666,0.1
15830,3,0.0,0.0,0.0,0.0,0.0,0.0,0.0,0.0,0.0,0.0
5638,7,0.0,0.0,0.0,0.0,0.0,0.0,0.0,0.0,0.0,0.0
17814,5,0.0,0.0,0.0,0.0,0.0,0.0,0.0,0.0,0.0,0.0
6999,2,0.0,0.0,0.0,0.0,0.0,0.0,0.0,0.0,0.0,0.0
15453,5,0.0,0.0,0.0,0.0,0.0,0.0,0.0,0.0,0.0,0.0
10899,2,0.0,0.0,0.0,0.0,0.0,0.0,0.0,0.0,0.0,0.0
8700,10,0.0,0.0,0.0,0.0,0.0,0.0,0.0,0.0,0.0,0.0
4566,1,0.0,0.0,0.0,0.0,0.0,0.0,0.0,0.0,0.0,0.0
9101,9,0.0,0.0,0.0,0.0,0.0,0.0,0.0,0.0,0.0,0.0
9448,5,0.0,0.0,0.0,0.0,0.0,0.0,0.0,0.0,0.0,0.0
8320,5,0.2,0.13333333333333333,0.14606834984270645,0.2,0.2,0.2,0.175,0.14606834984270645,0.2,0.1
13899,23,0.0,0.0,0.0,0.0,0.0,0.0,0.0,0.0,0.0,0.0
13668,3,0.0,0.0,0.0,0.0,0.0,0.0,0.0,0.0,0.0,0.0
7281,2,0.0,0.0,0.0,0.0,0.0,0.5,0.0,0.0,0.5,0.1
8002,1,0.0,0.0,0.0,0.0,0.0,0.0,0.0,0.0,0.0,0.0
15869,1,1.0,0.0,0.0,1.0,0.2,1.0,0.0,0.0,1.0,0.1
10020,3,0.0,0.0,0.0,0.0,0.0,0.0,0.0,0.0,0.0,0.0
8580,1,0.0,0.0,0.0,0.0,0.0,0.0,0.0,0.0,0.0,0.0
15927,5,0.0,0.0,0.0,0.0,0.0,0.0,0.0,0.0,0.0,0.0
8361,1,1.0,1.0,1.0,1.0,0.2,1.0,1.0,1.0,1.0,0.1
2944,4,0.0,0.0,0.0,0.0,0.0,0.0,0.0,0.0,0.0,0.0
13965,12,0.0,0.0,0.0,0.0,0.0,0.0,0.0,0.0,0.0,0.0
7742,3,0.0,0.0,0.0,0.0,0.0,0.0,0.0,0.0,0.0,0.0
9632,2,0.0,0.0,0.0,0.0,0.0,0.0,0.0,0.0,0.0,0.0
15768,5,0.0,0.0,0.0,0.0,0.0,0.0,0.0,0.0,0.0,0.0
13906,6,0.0,0.0,0.0,0.0,0.0,0.0,0.0,0.0,0.0,0.0
2015,3,0.0,0.0,0.0,0.0,0.0,0.0,0.0,0.0,0.0,0.0
15699,5,0.0,0.0,0.0,0.0,0.0,0.0,0.0,0.0,0.0,0.0
6068,3,0.0,0.0,0.0,0.0,0.0,0.0,0.0,0.0,0.0,0.0
16393,1,1.0,1.0,1.0,1.0,0.2,1.0,1.0,1.0,1.0,0.1
5073,1,0.0,0.0,0.0,0.0,0.0,0.0,0.0,0.0,0.0,0.0
10834,8,0.2,0.26666666666666666,0.2139862647345275,0.125,0.2,0.125,0.17307692307692307,0.1595890771248963,0.125,0.1
15859,3,0.0,0.0,0.0,0.0,0.0,0.0,0.0,0.0,0.0,0.0
8076,4,0.0,0.0,0.0,0.0,0.0,0.0,0.0,0.0,0.0,0.0
10406,4,0.0,0.0,0.0,0.0,0.0,0.0,0.0,0.0,0.0,0.0
11999,3,0.0,0.0,0.0,0.0,0.0,0.0,0.0,0.0,0.0,0.0
16662,1,0.0,0.0,0.0,0.0,0.0,0.0,0.0,0.0,0.0,0.0
13098,2,0.0,0.0,0.0,0.0,0.0,0.0,0.0,0.0,0.0,0.0
2148,2,0.0,0.0,0.0,0.0,0.0,0.0,0.0,0.0,0.0,0.0
3192,4,0.25,0.35714285714285715,0.39038004999210163,0.25,0.2,0.25,0.2941176470588235,0.39038004999210163,0.25,0.1
15115,3,0.0,0.0,0.0,0.0,0.0,0.0,0.0,0.0,0.0,0.0
7414,3,0.3333333333333333,0.0,0.0,0.3333333333333333,0.2,0.3333333333333333,0.0,0.0,0.3333333333333333,0.1
12115,5,0.0,0.0,0.0,0.0,0.0,0.0,0.0,0.0,0.0,0.0
1390,7,0.0,0.0,0.0,0.0,0.0,0.0,0.0,0.0,0.0,0.0
6741,6,0.0,0.0,0.0,0.0,0.0,0.16666666666666666,0.0,0.0,0.16666666666666666,0.1
8094,3,0.3333333333333333,0.4166666666666667,0.46927872602275644,0.3333333333333333,0.2,0.6666666666666666,0.37037037037037035,0.46927872602275644,0.6666666666666666,0.2
17979,1,1.0,0.0,0.0,1.0,0.2,1.0,0.0,0.0,1.0,0.1
11699,1,1.0,0.0,0.0,1.0,0.2,1.0,0.0,0.0,1.0,0.1
10659,5,0.0,0.0,0.0,0.0,0.0,0.0,0.0,0.0,0.0,0.0
7478,4,0.0,0.0,0.0,0.0,0.0,0.0,0.0,0.0,0.0,0.0
17095,2,0.5,0.5555555555555556,0.6131471927654584,0.5,0.2,0.5,0.5263157894736842,0.6131471927654584,0.5,0.1
9830,5,0.0,0.0,0.0,0.0,0.0,0.0,0.0,0.0,0.0,0.0
16472,1,0.0,0.0,0.0,0.0,0.0,0.0,0.0,0.0,0.0,0.0
17561,10,0.2,0.19999999999999998,0.16958010263680803,0.1,0.2,0.1,0.14545454545454548,0.11004588314904007,0.1,0.1
5431,1,1.0,1.0,1.0,1.0,0.2,1.0,1.0,1.0,1.0,0.1
17740,1,0.0,0.0,0.0,0.0,0.0,0.0,0.0,0.0,0.0,0.0
7948,6,0.0,0.0,0.0,0.0,0.0,0.16666666666666666,0.0,0.0,0.16666666666666666,0.1
49,3,0.0,0.0,0.0,0.0,0.0,0.0,0.0,0.0,0.0,0.0
9249,1,0.0,0.0,0.0,0.0,0.0,0.0,0.0,0.0,0.0,0.0
11306,10,0.0,0.0,0.0,0.0,0.0,0.0,0.0,0.0,0.0,0.0
3800,1,0.0,0.0,0.0,0.0,0.0,0.0,0.0,0.0,0.0,0.0
11557,5,0.2,0.19999999999999998,0.16958010263680803,0.2,0.2,0.2,0.2,0.16958010263680803,0.2,0.1
12577,3,0.0,0.0,0.0,0.0,0.0,0.0,0.0,0.0,0.0,0.0
10835,4,0.0,0.0,0.0,0.0,0.0,0.0,0.0,0.0,0.0,0.0
15806,9,1.0,1.0,1.0,0.5555555555555556,1.0,0.7777777777777778,0.9074074074074074,0.8550956239938449,0.7777777777777778,0.7
14232,3,0.0,0.0,0.0,0.0,0.0,0.0,0.0,0.0,0.0,0.0
16505,1,1.0,0.0,0.0,1.0,0.2,1.0,0.0,0.0,1.0,0.1
3873,2,0.0,0.0,0.0,0.0,0.0,0.0,0.0,0.0,0.0,0.0
17345,2,0.5,0.5555555555555556,0.6131471927654584,0.5,0.2,0.5,0.5263157894736842,0.6131471927654584,0.5,0.1
10716,2,0.0,0.0,0.0,0.0,0.0,0.0,0.0,0.0,0.0,0.0
17037,2,0.0,0.0,0.0,0.0,0.0,0.0,0.0,0.0,0.0,0.0
11723,1,0.0,0.0,0.0,0.0,0.0,0.0,0.0,0.0,0.0,0.0
11673,3,0.0,0.0,0.0,0.0,0.0,0.0,0.0,0.0,0.0,0.0
8256,3,0.0,0.0,0.0,0.0,0.0,0.0,0.0,0.0,0.0,0.0
10803,1,1.0,0.0,0.0,1.0,0.2,1.0,0.0,0.0,1.0,0.1
2970,1,1.0,1.0,1.0,1.0,0.2,1.0,1.0,1.0,1.0,0.1
6128,4,0.0,0.0,0.0,0.0,0.0,0.0,0.0,0.0,0.0,0.0
16216,3,0.0,0.0,0.0,0.0,0.0,0.0,0.0,0.0,0.0,0.0
10275,1,0.0,0.0,0.0,0.0,0.0,0.0,0.0,0.0,0.0,0.0
6553,5,0.2,0.06666666666666665,0.13120507751234176,0.2,0.2,0.4,0.15,0.13120507751234176,0.4,0.2
6687,4,0.0,0.0,0.0,0.0,0.0,0.0,0.0,0.0,0.0,0.0
16985,1,1.0,0.0,0.0,1.0,0.2,1.0,0.0,0.0,1.0,0.1
2238,7,0.0,0.0,0.0,0.0,0.0,0.14285714285714285,0.0,0.0,0.14285714285714285,0.1
15146,5,0.0,0.0,0.0,0.0,0.0,0.0,0.0,0.0,0.0,0.0
9551,20,0.0,0.0,0.0,0.0,0.0,0.0,0.0,0.0,0.0,0.0
14746,6,0.0,0.0,0.0,0.0,0.0,0.0,0.0,0.0,0.0,0.0
14267,2,0.0,0.0,0.0,0.0,0.0,0.0,0.0,0.0,0.0,0.0
17844,4,0.0,0.0,0.0,0.0,0.0,0.0,0.0,0.0,0.0,0.0
9745,15,0.0,0.0,0.0,0.0,0.0,0.0,0.0,0.0,0.0,0.0
1875,11,0.2,0.3333333333333333,0.33916020527361607,0.09090909090909091,0.2,0.2,0.2545454545454545,0.29345568839744024,0.18181818181818182,0.2
5421,5,0.0,0.0,0.0,0.0,0.0,0.0,0.0,0.0,0.0,0.0
1847,4,0.0,0.0,0.0,0.0,0.0,0.0,0.0,0.0,0.0,0.0
14613,10,0.0,0.0,0.0,0.0,0.0,0.0,0.0,0.0,0.0,0.0
7721,1,0.0,0.0,0.0,0.0,0.0,0.0,0.0,0.0,0.0,0.0
7051,11,0.0,0.0,0.0,0.0,0.0,0.0,0.0,0.0,0.0,0.0
11089,9,0.0,0.0,0.0,0.0,0.0,0.0,0.0,0.0,0.0,0.0
2691,4,0.0,0.0,0.0,0.0,0.0,0.0,0.0,0.0,0.0,0.0
9609,4,0.25,0.35714285714285715,0.39038004999210163,0.25,0.2,0.25,0.2941176470588235,0.39038004999210163,0.25,0.1
9540,19,0.2,0.19999999999999998,0.16958010263680803,0.05263157894736842,0.2,0.1,0.14545454545454548,0.11004588314904007,0.05263157894736842,0.1
15673,1,0.0,0.0,0.0,0.0,0.0,0.0,0.0,0.0,0.0,0.0
15471,13,0.0,0.0,0.0,0.0,0.0,0.0,0.0,0.0,0.0,0.0
11242,2,0.0,0.0,0.0,0.0,0.0,0.0,0.0,0.0,0.0,0.0
9907,2,0.0,0.0,0.0,0.0,0.0,0.0,0.0,0.0,0.0,0.0
2207,3,0.0,0.0,0.0,0.0,0.0,0.0,0.0,0.0,0.0,0.0
6797,1,1.0,1.0,1.0,1.0,0.2,1.0,1.0,1.0,1.0,0.1
762,3,0.0,0.0,0.0,0.0,0.0,0.3333333333333333,0.0,0.0,0.3333333333333333,0.1
8421,1,1.0,1.0,1.0,1.0,0.2,1.0,1.0,1.0,1.0,0.1
7178,2,0.5,0.4444444444444445,0.3868528072345415,0.5,0.2,0.5,0.4736842105263158,0.3868528072345415,0.5,0.1
17668,5,0.2,0.26666666666666666,0.2139862647345275,0.2,0.2,0.2,0.225,0.2139862647345275,0.2,0.1
5230,4,0.25,0.28571428571428575,0.2463023887407299,0.25,0.2,0.25,0.2647058823529412,0.2463023887407299,0.25,0.1
6049,1,1.0,1.0,1.0,1.0,0.2,1.0,1.0,1.0,1.0,0.1
7184,1,0.0,0.0,0.0,0.0,0.0,0.0,0.0,0.0,0.0,0.0
5102,1,0.0,0.0,0.0,0.0,0.0,0.0,0.0,0.0,0.0,0.0
11818,2,0.0,0.0,0.0,0.0,0.0,0.0,0.0,0.0,0.0,0.0
3604,1,0.0,0.0,0.0,0.0,0.0,0.0,0.0,0.0,0.0,0.0
17213,1,0.0,0.0,0.0,0.0,0.0,0.0,0.0,0.0,0.0,0.0
11857,5,0.0,0.0,0.0,0.0,0.0,0.0,0.0,0.0,0.0,0.0
683,2,0.5,0.0,0.0,0.5,0.2,1.0,0.0,0.0,1.0,0.2
12288,1,0.0,0.0,0.0,0.0,0.0,0.0,0.0,0.0,0.0,0.0
8725,13,0.0,0.0,0.0,0.0,0.0,0.0,0.0,0.0,0.0,0.0
13795,3,0.0,0.0,0.0,0.0,0.0,0.0,0.0,0.0,0.0,0.0
4422,2,0.0,0.0,0.0,0.0,0.0,0.0,0.0,0.0,0.0,0.0
4381,5,0.0,0.0,0.0,0.0,0.0,0.0,0.0,0.0,0.0,0.0
11846,3,0.0,0.0,0.0,0.0,0.0,0.0,0.0,0.0,0.0,0.0
12547,7,0.0,0.0,0.0,0.0,0.0,0.0,0.0,0.0,0.0,0.0
14553,4,0.0,0.0,0.0,0.0,0.0,0.0,0.0,0.0,0.0,0.0
9207,1,1.0,1.0,1.0,1.0,0.2,1.0,1.0,1.0,1.0,0.1
9824,2,0.0,0.0,0.0,0.0,0.0,0.0,0.0,0.0,0.0,0.0
2802,1,0.0,0.0,0.0,0.0,0.0,0.0,0.0,0.0,0.0,0.0
6286,8,0.0,0.0,0.0,0.0,0.0,0.0,0.0,0.0,0.0,0.0
1188,7,0.0,0.0,0.0,0.0,0.0,0.0,0.0,0.0,0.0,0.0
14115,2,0.0,0.0,0.0,0.0,0.0,0.0,0.0,0.0,0.0,0.0
15642,4,0.0,0.0,0.0,0.0,0.0,0.0,0.0,0.0,0.0,0.0
16422,1,0.0,0.0,0.0,0.0,0.0,0.0,0.0,0.0,0.0,0.0
18299,1,0.0,0.0,0.0,0.0,0.0,0.0,0.0,0.0,0.0,0.0
10537,1,1.0,1.0,1.0,1.0,0.2,1.0,1.0,1.0,1.0,0.1
17484,1,1.0,1.0,1.0,1.0,0.2,1.0,1.0,1.0,1.0,0.1
11614,1,0.0,0.0,0.0,0.0,0.0,0.0,0.0,0.0,0.0,0.0
2552,1,0.0,0.0,0.0,0.0,0.0,1.0,0.0,0.0,1.0,0.1
18196,2,0.0,0.0,0.0,0.0,0.0,0.0,0.0,0.0,0.0,0.0
4963,2,0.0,0.0,0.0,0.0,0.0,0.0,0.0,0.0,0.0,0.0
12757,4,0.0,0.0,0.0,0.0,0.0,0.0,0.0,0.0,0.0,0.0
14529,3,0.0,0.0,0.0,0.0,0.0,0.0,0.0,0.0,0.0,0.0
10338,6,0.0,0.0,0.0,0.0,0.0,0.0,0.0,0.0,0.0,0.0
3919,3,1.0,0.75,0.7653606369886217,1.0,0.6,1.0,0.7037037037037036,0.7653606369886217,1.0,0.3
3409,4,0.0,0.0,0.0,0.0,0.0,0.0,0.0,0.0,0.0,0.0
14538,3,0.0,0.0,0.0,0.0,0.0,0.0,0.0,0.0,0.0,0.0
13837,3,0.0,0.0,0.0,0.0,0.0,0.0,0.0,0.0,0.0,0.0
10953,5,0.0,0.0,0.0,0.0,0.0,0.0,0.0,0.0,0.0,0.0
5609,2,1.0,1.0,1.0,1.0,0.4,1.0,1.0,1.0,1.0,0.2
13354,1,0.0,0.0,0.0,0.0,0.0,1.0,0.0,0.0,1.0,0.1
577,3,0.0,0.0,0.0,0.0,0.0,0.0,0.0,0.0,0.0,0.0
7299,5,0.0,0.0,0.0,0.0,0.0,0.0,0.0,0.0,0.0,0.0
6560,2,0.5,0.0,0.0,0.5,0.2,0.5,0.0,0.0,0.5,0.1
16250,1,0.0,0.0,0.0,0.0,0.0,0.0,0.0,0.0,0.0,0.0
12266,1,0.0,0.0,0.0,0.0,0.0,0.0,0.0,0.0,0.0,0.0
7959,6,0.0,0.0,0.0,0.0,0.0,0.0,0.0,0.0,0.0,0.0
16044,2,0.5,0.5555555555555556,0.6131471927654584,0.5,0.2,0.5,0.5263157894736842,0.6131471927654584,0.5,0.1
1922,6,0.2,0.3333333333333333,0.33916020527361607,0.16666666666666666,0.2,0.16666666666666666,0.2222222222222222,0.30260241349881345,0.16666666666666666,0.1
14379,2,0.0,0.0,0.0,0.0,0.0,0.0,0.0,0.0,0.0,0.0
13077,3,0.0,0.0,0.0,0.0,0.0,0.0,0.0,0.0,0.0,0.0
9312,4,0.0,0.0,0.0,0.0,0.0,0.0,0.0,0.0,0.0,0.0
16274,1,0.0,0.0,0.0,0.0,0.0,0.0,0.0,0.0,0.0,0.0
18009,3,0.0,0.0,0.0,0.0,0.0,0.0,0.0,0.0,0.0,0.0
17962,4,0.25,0.2142857142857143,0.19519002499605081,0.25,0.2,0.25,0.23529411764705882,0.19519002499605081,0.25,0.1
1656,1,0.0,0.0,0.0,0.0,0.0,0.0,0.0,0.0,0.0,0.0
17123,1,0.0,0.0,0.0,0.0,0.0,0.0,0.0,0.0,0.0,0.0
3457,1,0.0,0.0,0.0,0.0,0.0,0.0,0.0,0.0,0.0,0.0
1595,3,0.0,0.0,0.0,0.0,0.0,0.0,0.0,0.0,0.0,0.0
10649,11,0.0,0.0,0.0,0.0,0.0,0.0,0.0,0.0,0.0,0.0
16777,6,0.0,0.0,0.0,0.0,0.0,0.0,0.0,0.0,0.0,0.0
18287,1,0.0,0.0,0.0,0.0,0.0,0.0,0.0,0.0,0.0,0.0
3456,3,0.0,0.0,0.0,0.0,0.0,0.0,0.0,0.0,0.0,0.0
15638,4,0.0,0.0,0.0,0.0,0.0,0.0,0.0,0.0,0.0,0.0
6785,3,0.3333333333333333,0.4166666666666667,0.46927872602275644,0.3333333333333333,0.2,0.3333333333333333,0.37037037037037035,0.46927872602275644,0.3333333333333333,0.1
12801,2,0.0,0.0,0.0,0.0,0.0,0.0,0.0,0.0,0.0,0.0
1336,1,0.0,0.0,0.0,0.0,0.0,0.0,0.0,0.0,0.0,0.0
17094,2,0.0,0.0,0.0,0.0,0.0,0.0,0.0,0.0,0.0,0.0
5868,1,1.0,1.0,1.0,1.0,0.2,1.0,1.0,1.0,1.0,0.1
14314,3,0.0,0.0,0.0,0.0,0.0,0.0,0.0,0.0,0.0,0.0
4407,3,0.0,0.0,0.0,0.0,0.0,0.0,0.0,0.0,0.0,0.0
14596,1,0.0,0.0,0.0,0.0,0.0,0.0,0.0,0.0,0.0,0.0
9303,5,0.0,0.0,0.0,0.0,0.0,0.0,0.0,0.0,0.0,0.0
17442,6,0.0,0.0,0.0,0.0,0.0,0.0,0.0,0.0,0.0,0.0
2898,6,0.0,0.0,0.0,0.0,0.0,0.0,0.0,0.0,0.0,0.0
15627,6,0.0,0.0,0.0,0.0,0.0,0.0,0.0,0.0,0.0,0.0
12822,1,1.0,0.0,0.0,1.0,0.2,1.0,0.0,0.0,1.0,0.1
11670,2,0.0,0.0,0.0,0.0,0.0,0.0,0.0,0.0,0.0,0.0
17527,1,0.0,0.0,0.0,0.0,0.0,0.0,0.0,0.0,0.0,0.0
9844,7,0.0,0.0,0.0,0.0,0.0,0.0,0.0,0.0,0.0,0.0
8996,11,0.0,0.0,0.0,0.0,0.0,0.1,0.018181818181818177,0.0636207881989517,0.09090909090909091,0.1
5681,1,1.0,1.0,1.0,1.0,0.2,1.0,1.0,1.0,1.0,0.1
12206,1,1.0,1.0,1.0,1.0,0.2,1.0,1.0,1.0,1.0,0.1
2019,14,0.0,0.0,0.0,0.0,0.0,0.0,0.0,0.0,0.0,0.0
9835,5,0.0,0.0,0.0,0.0,0.0,0.0,0.0,0.0,0.0,0.0
12711,6,0.0,0.0,0.0,0.0,0.0,0.0,0.0,0.0,0.0,0.0
15198,1,0.0,0.0,0.0,0.0,0.0,0.0,0.0,0.0,0.0,0.0
10790,4,0.0,0.0,0.0,0.0,0.0,0.0,0.0,0.0,0.0,0.0
17195,4,0.0,0.0,0.0,0.0,0.0,0.0,0.0,0.0,0.0,0.0
6610,3,0.3333333333333333,0.33333333333333337,0.29608191096586517,0.3333333333333333,0.2,0.3333333333333333,0.3333333333333333,0.29608191096586517,0.3333333333333333,0.1
12489,4,0.0,0.0,0.0,0.0,0.0,0.0,0.0,0.0,0.0,0.0
8485,3,0.0,0.0,0.0,0.0,0.0,0.0,0.0,0.0,0.0,0.0
7886,1,0.0,0.0,0.0,0.0,0.0,0.0,0.0,0.0,0.0,0.0
6279,19,0.2,0.06666666666666665,0.13120507751234176,0.05263157894736842,0.2,0.2,0.12727272727272726,0.14876390584057267,0.10526315789473684,0.2
7743,13,0.0,0.0,0.0,0.0,0.0,0.0,0.0,0.0,0.0,0.0
2873,3,0.0,0.0,0.0,0.0,0.0,0.0,0.0,0.0,0.0,0.0
3937,4,0.0,0.0,0.0,0.0,0.0,0.0,0.0,0.0,0.0,0.0
1,5,0.0,0.0,0.0,0.0,0.0,0.0,0.0,0.0,0.0,0.0
7117,8,0.0,0.0,0.0,0.0,0.0,0.0,0.0,0.0,0.0,0.0
15975,3,0.0,0.0,0.0,0.0,0.0,0.0,0.0,0.0,0.0,0.0
15573,4,0.0,0.0,0.0,0.0,0.0,0.0,0.0,0.0,0.0,0.0
11164,4,0.0,0.0,0.0,0.0,0.0,0.0,0.0,0.0,0.0,0.0
18041,6,0.0,0.0,0.0,0.0,0.0,0.0,0.0,0.0,0.0,0.0
10420,3,0.0,0.0,0.0,0.0,0.0,0.0,0.0,0.0,0.0,0.0
2179,2,0.0,0.0,0.0,0.0,0.0,0.0,0.0,0.0,0.0,0.0
9695,2,0.0,0.0,0.0,0.0,0.0,0.0,0.0,0.0,0.0,0.0
18175,2,0.0,0.0,0.0,0.0,0.0,0.0,0.0,0.0,0.0,0.0
2220,1,0.0,0.0,0.0,0.0,0.0,0.0,0.0,0.0,0.0,0.0
4660,6,0.0,0.0,0.0,0.0,0.0,0.0,0.0,0.0,0.0,0.0
16541,24,0.2,0.26666666666666666,0.2139862647345275,0.041666666666666664,0.2,0.1,0.16363636363636364,0.1388624438735545,0.041666666666666664,0.1
1890,6,0.0,0.0,0.0,0.0,0.0,0.0,0.0,0.0,0.0,0.0
14680,2,0.0,0.0,0.0,0.0,0.0,0.0,0.0,0.0,0.0,0.0
2818,8,0.0,0.0,0.0,0.0,0.0,0.0,0.0,0.0,0.0,0.0
1731,21,0.0,0.0,0.0,0.0,0.0,0.1,0.05454545454545456,0.06943122193677725,0.047619047619047616,0.1
13057,3,0.0,0.0,0.0,0.0,0.0,0.0,0.0,0.0,0.0,0.0
7512,2,0.0,0.0,0.0,0.0,0.0,0.5,0.0,0.0,0.5,0.1
4686,2,0.5,0.0,0.0,0.5,0.2,0.5,0.0,0.0,0.5,0.1
10905,13,0.0,0.0,0.0,0.0,0.0,0.0,0.0,0.0,0.0,0.0
11563,5,0.0,0.0,0.0,0.0,0.0,0.0,0.0,0.0,0.0,0.0
2264,3,0.0,0.0,0.0,0.0,0.0,0.0,0.0,0.0,0.0,0.0
5342,1,1.0,0.0,0.0,1.0,0.2,1.0,0.0,0.0,1.0,0.1
11341,3,0.0,0.0,0.0,0.0,0.0,0.0,0.0,0.0,0.0,0.0
9305,8,0.0,0.0,0.0,0.0,0.0,0.0,0.0,0.0,0.0,0.0
9918,2,0.0,0.0,0.0,0.0,0.0,0.0,0.0,0.0,0.0,0.0
17914,1,0.0,0.0,0.0,0.0,0.0,0.0,0.0,0.0,0.0,0.0
972,1,1.0,1.0,1.0,1.0,0.2,1.0,1.0,1.0,1.0,0.1
7196,4,0.0,0.0,0.0,0.0,0.0,0.0,0.0,0.0,0.0,0.0
4233,2,0.0,0.0,0.0,0.0,0.0,0.0,0.0,0.0,0.0,0.0
2627,2,0.0,0.0,0.0,0.0,0.0,0.0,0.0,0.0,0.0,0.0
2077,5,0.0,0.0,0.0,0.0,0.0,0.0,0.0,0.0,0.0,0.0
8164,2,0.5,0.5555555555555556,0.6131471927654584,0.5,0.2,0.5,0.5263157894736842,0.6131471927654584,0.5,0.1
11887,2,0.0,0.0,0.0,0.0,0.0,0.0,0.0,0.0,0.0,0.0
7227,4,0.0,0.0,0.0,0.0,0.0,0.0,0.0,0.0,0.0,0.0
7079,3,0.0,0.0,0.0,0.0,0.0,0.0,0.0,0.0,0.0,0.0
2651,4,0.5,0.2142857142857143,0.19519002499605081,0.5,0.4,0.5,0.23529411764705882,0.19519002499605081,0.5,0.2
10494,1,0.0,0.0,0.0,0.0,0.0,0.0,0.0,0.0,0.0,0.0
2716,10,0.2,0.3333333333333333,0.33916020527361607,0.1,0.2,0.1,0.18181818181818182,0.22009176629808014,0.1,0.1
14421,9,0.0,0.0,0.0,0.0,0.0,0.1111111111111111,0.05555555555555556,0.07414861528507453,0.1111111111111111,0.1
6935,17,0.0,0.0,0.0,0.0,0.0,0.0,0.0,0.0,0.0,0.0
7875,2,0.0,0.0,0.0,0.0,0.0,0.5,0.0,0.0,0.5,0.1
1246,2,0.0,0.0,0.0,0.0,0.0,0.5,0.0,0.0,0.5,0.1
13736,2,0.0,0.0,0.0,0.0,0.0,0.0,0.0,0.0,0.0,0.0
4030,2,0.0,0.0,0.0,0.0,0.0,0.0,0.0,0.0,0.0,0.0
16891,4,0.0,0.0,0.0,0.0,0.0,0.0,0.0,0.0,0.0,0.0
7800,6,0.0,0.0,0.0,0.0,0.0,0.0,0.0,0.0,0.0,0.0
5797,3,0.0,0.0,0.0,0.0,0.0,0.0,0.0,0.0,0.0,0.0
73,2,0.0,0.0,0.0,0.0,0.0,0.0,0.0,0.0,0.0,0.0
17825,19,0.0,0.0,0.0,0.0,0.0,0.0,0.0,0.0,0.0,0.0
10787,2,0.0,0.0,0.0,0.0,0.0,0.5,0.0,0.0,0.5,0.1
12752,2,0.0,0.0,0.0,0.0,0.0,0.0,0.0,0.0,0.0,0.0
12597,1,0.0,0.0,0.0,0.0,0.0,0.0,0.0,0.0,0.0,0.0
17646,6,0.0,0.0,0.0,0.0,0.0,0.0,0.0,0.0,0.0,0.0
3541,2,0.0,0.0,0.0,0.0,0.0,0.0,0.0,0.0,0.0,0.0
1811,6,0.2,0.06666666666666665,0.13120507751234176,0.16666666666666666,0.2,0.16666666666666666,0.13333333333333333,0.11706259313796352,0.16666666666666666,0.1
1062,1,0.0,0.0,0.0,0.0,0.0,0.0,0.0,0.0,0.0,0.0
10008,4,0.0,0.0,0.0,0.0,0.0,0.0,0.0,0.0,0.0,0.0
584,4,0.0,0.0,0.0,0.0,0.0,0.0,0.0,0.0,0.0,0.0
4034,1,0.0,0.0,0.0,0.0,0.0,0.0,0.0,0.0,0.0,0.0
9254,1,1.0,0.0,0.0,1.0,0.2,1.0,0.0,0.0,1.0,0.1
4131,5,0.0,0.0,0.0,0.0,0.0,0.0,0.0,0.0,0.0,0.0
17924,1,0.0,0.0,0.0,0.0,0.0,0.0,0.0,0.0,0.0,0.0
18049,2,0.0,0.0,0.0,0.0,0.0,0.0,0.0,0.0,0.0,0.0
16111,12,0.0,0.0,0.0,0.0,0.0,0.1,0.018181818181818177,0.0636207881989517,0.08333333333333333,0.1
15100,2,0.0,0.0,0.0,0.0,0.0,0.0,0.0,0.0,0.0,0.0
17631,9,0.0,0.0,0.0,0.0,0.0,0.0,0.0,0.0,0.0,0.0
13388,2,0.0,0.0,0.0,0.0,0.0,0.0,0.0,0.0,0.0,0.0
11033,1,1.0,1.0,1.0,1.0,0.2,1.0,1.0,1.0,1.0,0.1
11837,1,0.0,0.0,0.0,0.0,0.0,0.0,0.0,0.0,0.0,0.0
18101,2,0.5,0.4444444444444445,0.3868528072345415,0.5,0.2,0.5,0.4736842105263158,0.3868528072345415,0.5,0.1
9870,3,0.0,0.0,0.0,0.0,0.0,0.0,0.0,0.0,0.0,0.0
3984,4,0.0,0.0,0.0,0.0,0.0,0.0,0.0,0.0,0.0,0.0
14327,9,0.0,0.0,0.0,0.0,0.0,0.0,0.0,0.0,0.0,0.0
2635,11,0.0,0.0,0.0,0.0,0.0,0.1,0.09090909090909091,0.07839826897867533,0.09090909090909091,0.1
17428,5,0.0,0.0,0.0,0.0,0.0,0.0,0.0,0.0,0.0,0.0
16059,8,0.0,0.0,0.0,0.0,0.0,0.0,0.0,0.0,0.0,0.0
16088,7,0.0,0.0,0.0,0.0,0.0,0.0,0.0,0.0,0.0,0.0
5936,2,0.0,0.0,0.0,0.0,0.0,0.0,0.0,0.0,0.0,0.0
3373,3,0.0,0.0,0.0,0.0,0.0,0.0,0.0,0.0,0.0,0.0
548,4,0.0,0.0,0.0,0.0,0.0,0.0,0.0,0.0,0.0,0.0
3571,10,0.0,0.0,0.0,0.0,0.0,0.0,0.0,0.0,0.0,0.0
12716,6,0.2,0.26666666666666666,0.2139862647345275,0.16666666666666666,0.2,0.16666666666666666,0.2,0.1909208661789346,0.16666666666666666,0.1
5734,5,0.0,0.0,0.0,0.0,0.0,0.0,0.0,0.0,0.0,0.0
4577,5,0.2,0.3333333333333333,0.33916020527361607,0.2,0.2,0.2,0.25,0.33916020527361607,0.2,0.1
1709,4,0.0,0.0,0.0,0.0,0.0,0.25,0.0,0.0,0.25,0.1
14388,19,0.2,0.19999999999999998,0.16958010263680803,0.05263157894736842,0.2,0.1,0.14545454545454548,0.11004588314904007,0.05263157894736842,0.1
12211,6,0.0,0.0,0.0,0.0,0.0,0.0,0.0,0.0,0.0,0.0
1557,5,0.0,0.0,0.0,0.0,0.0,0.0,0.0,0.0,0.0,0.0
1848,6,0.0,0.0,0.0,0.0,0.0,0.0,0.0,0.0,0.0,0.0
1583,1,0.0,0.0,0.0,0.0,0.0,1.0,0.0,0.0,1.0,0.1
7807,9,0.0,0.0,0.0,0.0,0.0,0.0,0.0,0.0,0.0,0.0
11436,1,0.0,0.0,0.0,0.0,0.0,0.0,0.0,0.0,0.0,0.0
9133,1,1.0,1.0,1.0,1.0,0.2,1.0,1.0,1.0,1.0,0.1
16687,1,0.0,0.0,0.0,0.0,0.0,0.0,0.0,0.0,0.0,0.0
17115,42,0.0,0.0,0.0,0.0,0.0,0.1,0.07272727272727274,0.07336392209936006,0.023809523809523808,0.1
4978,2,0.5,0.0,0.0,0.5,0.2,0.5,0.0,0.0,0.5,0.1
12491,1,0.0,0.0,0.0,0.0,0.0,0.0,0.0,0.0,0.0,0.0
4127,3,0.0,0.0,0.0,0.0,0.0,0.0,0.0,0.0,0.0,0.0
14236,4,0.0,0.0,0.0,0.0,0.0,0.25,0.0,0.0,0.25,0.1
15542,1,0.0,0.0,0.0,0.0,0.0,0.0,0.0,0.0,0.0,0.0
3799,1,0.0,0.0,0.0,0.0,0.0,0.0,0.0,0.0,0.0,0.0
3080,1,0.0,0.0,0.0,0.0,0.0,0.0,0.0,0.0,0.0,0.0
13325,4,0.0,0.0,0.0,0.0,0.0,0.25,0.0,0.0,0.25,0.1
6365,4,0.0,0.0,0.0,0.0,0.0,0.0,0.0,0.0,0.0,0.0
12084,3,0.0,0.0,0.0,0.0,0.0,0.0,0.0,0.0,0.0,0.0
4849,1,0.0,0.0,0.0,0.0,0.0,0.0,0.0,0.0,0.0,0.0
10139,9,0.0,0.0,0.0,0.0,0.0,0.0,0.0,0.0,0.0,0.0
17049,1,1.0,0.0,0.0,1.0,0.2,1.0,0.0,0.0,1.0,0.1
11267,1,0.0,0.0,0.0,0.0,0.0,0.0,0.0,0.0,0.0,0.0
15569,2,0.0,0.0,0.0,0.0,0.0,0.0,0.0,0.0,0.0,0.0
642,4,0.0,0.0,0.0,0.0,0.0,0.0,0.0,0.0,0.0,0.0
1141,8,0.0,0.0,0.0,0.0,0.0,0.125,0.09615384615384615,0.0901000086523677,0.125,0.1
6459,7,0.0,0.0,0.0,0.0,0.0,0.0,0.0,0.0,0.0,0.0
1856,5,0.4,0.4666666666666666,0.48522855511632257,0.4,0.4,0.6,0.425,0.48522855511632257,0.6,0.3
3555,9,0.0,0.0,0.0,0.0,0.0,0.0,0.0,0.0,0.0,0.0
4124,8,0.0,0.0,0.0,0.0,0.0,0.0,0.0,0.0,0.0,0.0
16907,2,0.0,0.0,0.0,0.0,0.0,0.0,0.0,0.0,0.0,0.0
17863,3,0.0,0.0,0.0,0.0,0.0,0.0,0.0,0.0,0.0,0.0
13660,1,0.0,0.0,0.0,0.0,0.0,1.0,0.0,0.0,1.0,0.1
10610,3,0.0,0.0,0.0,0.0,0.0,0.0,0.0,0.0,0.0,0.0
1155,2,0.0,0.0,0.0,0.0,0.0,0.0,0.0,0.0,0.0,0.0
16952,3,0.0,0.0,0.0,0.0,0.0,0.0,0.0,0.0,0.0,0.0
13860,1,0.0,0.0,0.0,0.0,0.0,0.0,0.0,0.0,0.0,0.0
462,8,0.0,0.0,0.0,0.0,0.0,0.0,0.0,0.0,0.0,0.0
8707,1,0.0,0.0,0.0,0.0,0.0,0.0,0.0,0.0,0.0,0.0
16980,5,0.0,0.0,0.0,0.0,0.0,0.0,0.0,0.0,0.0,0.0
9798,3,0.0,0.0,0.0,0.0,0.0,0.0,0.0,0.0,0.0,0.0
1623,3,0.0,0.0,0.0,0.0,0.0,0.0,0.0,0.0,0.0,0.0
18142,2,0.0,0.0,0.0,0.0,0.0,0.0,0.0,0.0,0.0,0.0
10956,6,0.0,0.0,0.0,0.0,0.0,0.0,0.0,0.0,0.0,0.0
8344,2,0.0,0.0,0.0,0.0,0.0,0.0,0.0,0.0,0.0,0.0
11811,11,0.0,0.0,0.0,0.0,0.0,0.0,0.0,0.0,0.0,0.0
8755,3,0.3333333333333333,0.25,0.23463936301137822,0.3333333333333333,0.2,0.3333333333333333,0.2962962962962963,0.23463936301137822,0.3333333333333333,0.1
16651,4,0.0,0.0,0.0,0.0,0.0,0.0,0.0,0.0,0.0,0.0
4063,9,0.0,0.0,0.0,0.0,0.0,0.0,0.0,0.0,0.0,0.0
3223,2,1.0,1.0,1.0,1.0,0.4,1.0,1.0,1.0,1.0,0.2
6841,20,0.0,0.0,0.0,0.0,0.0,0.0,0.0,0.0,0.0,0.0
18207,4,0.0,0.0,0.0,0.0,0.0,0.0,0.0,0.0,0.0,0.0
1825,5,0.0,0.0,0.0,0.0,0.0,0.0,0.0,0.0,0.0,0.0
12980,5,0.0,0.0,0.0,0.0,0.0,0.0,0.0,0.0,0.0,0.0
11400,1,1.0,0.0,0.0,1.0,0.2,1.0,0.0,0.0,1.0,0.1
5326,1,0.0,0.0,0.0,0.0,0.0,0.0,0.0,0.0,0.0,0.0
1083,2,0.0,0.0,0.0,0.0,0.0,0.0,0.0,0.0,0.0,0.0
583,1,1.0,1.0,1.0,1.0,0.2,1.0,1.0,1.0,1.0,0.1
1920,8,0.0,0.0,0.0,0.0,0.0,0.0,0.0,0.0,0.0,0.0
5151,2,0.0,0.0,0.0,0.0,0.0,0.0,0.0,0.0,0.0,0.0
2905,1,1.0,1.0,1.0,1.0,0.2,1.0,1.0,1.0,1.0,0.1
8120,2,0.0,0.0,0.0,0.0,0.0,0.0,0.0,0.0,0.0,0.0
15431,7,0.0,0.0,0.0,0.0,0.0,0.0,0.0,0.0,0.0,0.0
7748,3,0.3333333333333333,0.4166666666666667,0.46927872602275644,0.3333333333333333,0.2,0.3333333333333333,0.37037037037037035,0.46927872602275644,0.3333333333333333,0.1
4283,6,0.2,0.19999999999999998,0.16958010263680803,0.16666666666666666,0.2,0.16666666666666666,0.17777777777777778,0.15130120674940672,0.16666666666666666,0.1
1053,5,0.2,0.19999999999999998,0.16958010263680803,0.2,0.2,0.2,0.2,0.16958010263680803,0.2,0.1
1278,3,0.0,0.0,0.0,0.0,0.0,0.3333333333333333,0.0,0.0,0.3333333333333333,0.1
16981,5,0.0,0.0,0.0,0.0,0.0,0.0,0.0,0.0,0.0,0.0
949,3,0.3333333333333333,0.25,0.23463936301137822,0.3333333333333333,0.2,0.6666666666666666,0.2962962962962963,0.23463936301137822,0.6666666666666666,0.2
7950,4,0.0,0.0,0.0,0.0,0.0,0.0,0.0,0.0,0.0,0.0
17475,2,0.5,0.5555555555555556,0.6131471927654584,0.5,0.2,0.5,0.5263157894736842,0.6131471927654584,0.5,0.1
5076,7,0.0,0.0,0.0,0.0,0.0,0.0,0.0,0.0,0.0,0.0
1271,1,0.0,0.0,0.0,0.0,0.0,0.0,0.0,0.0,0.0,0.0
6036,3,0.0,0.0,0.0,0.0,0.0,0.0,0.0,0.0,0.0,0.0
4670,4,0.25,0.2142857142857143,0.19519002499605081,0.25,0.2,0.25,0.23529411764705882,0.19519002499605081,0.25,0.1
7695,3,0.0,0.0,0.0,0.0,0.0,0.3333333333333333,0.0,0.0,0.3333333333333333,0.1
7048,6,0.0,0.0,0.0,0.0,0.0,0.0,0.0,0.0,0.0,0.0
11452,10,0.0,0.0,0.0,0.0,0.0,0.0,0.0,0.0,0.0,0.0
15361,3,0.3333333333333333,0.25,0.23463936301137822,0.3333333333333333,0.2,0.3333333333333333,0.2962962962962963,0.23463936301137822,0.3333333333333333,0.1
13673,8,0.0,0.0,0.0,0.0,0.0,0.0,0.0,0.0,0.0,0.0
8316,7,0.0,0.0,0.0,0.0,0.0,0.0,0.0,0.0,0.0,0.0
8827,14,0.0,0.0,0.0,0.0,0.0,0.1,0.07272727272727274,0.07336392209936006,0.07142857142857142,0.1
7637,1,0.0,0.0,0.0,0.0,0.0,0.0,0.0,0.0,0.0,0.0
8556,3,0.0,0.0,0.0,0.0,0.0,0.0,0.0,0.0,0.0,0.0
15388,9,0.2,0.06666666666666665,0.13120507751234176,0.1111111111111111,0.2,0.1111111111111111,0.1111111111111111,0.09092803061897882,0.1111111111111111,0.1
4365,7,0.0,0.0,0.0,0.0,0.0,0.0,0.0,0.0,0.0,0.0
2671,7,0.0,0.0,0.0,0.0,0.0,0.0,0.0,0.0,0.0,0.0
8061,2,0.0,0.0,0.0,0.0,0.0,0.0,0.0,0.0,0.0,0.0
4784,1,1.0,1.0,1.0,1.0,0.2,1.0,1.0,1.0,1.0,0.1
7766,40,0.0,0.0,0.0,0.0,0.0,0.0,0.0,0.0,0.0,0.0
14527,1,0.0,0.0,0.0,0.0,0.0,0.0,0.0,0.0,0.0,0.0
5680,1,1.0,1.0,1.0,1.0,0.2,1.0,1.0,1.0,1.0,0.1
12418,8,0.0,0.0,0.0,0.0,0.0,0.0,0.0,0.0,0.0,0.0
8007,1,0.0,0.0,0.0,0.0,0.0,0.0,0.0,0.0,0.0,0.0
1585,7,0.0,0.0,0.0,0.0,0.0,0.0,0.0,0.0,0.0,0.0
1501,1,0.0,0.0,0.0,0.0,0.0,0.0,0.0,0.0,0.0,0.0
9960,3,0.0,0.0,0.0,0.0,0.0,0.0,0.0,0.0,0.0,0.0
6595,3,0.0,0.0,0.0,0.0,0.0,0.0,0.0,0.0,0.0,0.0
767,5,0.0,0.0,0.0,0.0,0.0,0.0,0.0,0.0,0.0,0.0
2165,12,0.0,0.0,0.0,0.0,0.0,0.0,0.0,0.0,0.0,0.0
10163,2,0.0,0.0,0.0,0.0,0.0,0.0,0.0,0.0,0.0,0.0
16168,3,0.0,0.0,0.0,0.0,0.0,0.0,0.0,0.0,0.0,0.0
9061,1,0.0,0.0,0.0,0.0,0.0,0.0,0.0,0.0,0.0,0.0
15139,2,0.0,0.0,0.0,0.0,0.0,0.0,0.0,0.0,0.0,0.0
11782,1,1.0,1.0,1.0,1.0,0.2,1.0,1.0,1.0,1.0,0.1
17997,5,0.0,0.0,0.0,0.0,0.0,0.0,0.0,0.0,0.0,0.0
10466,5,0.0,0.0,0.0,0.0,0.0,0.0,0.0,0.0,0.0,0.0
11348,4,0.25,0.0,0.0,0.25,0.2,0.5,0.0,0.0,0.5,0.2
6292,20,0.0,0.0,0.0,0.0,0.0,0.0,0.0,0.0,0.0,0.0
2115,2,0.0,0.0,0.0,0.0,0.0,0.0,0.0,0.0,0.0,0.0
17797,1,0.0,0.0,0.0,0.0,0.0,0.0,0.0,0.0,0.0,0.0
2279,2,0.0,0.0,0.0,0.0,0.0,0.0,0.0,0.0,0.0,0.0
16630,5,0.0,0.0,0.0,0.0,0.0,0.0,0.0,0.0,0.0,0.0
2821,2,0.0,0.0,0.0,0.0,0.0,0.0,0.0,0.0,0.0,0.0
724,1,0.0,0.0,0.0,0.0,0.0,0.0,0.0,0.0,0.0,0.0
2630,2,0.5,0.5555555555555556,0.6131471927654584,0.5,0.2,0.5,0.5263157894736842,0.6131471927654584,0.5,0.1
17259,1,0.0,0.0,0.0,0.0,0.0,0.0,0.0,0.0,0.0,0.0
16790,5,0.0,0.0,0.0,0.0,0.0,0.0,0.0,0.0,0.0,0.0
12204,8,0.0,0.0,0.0,0.0,0.0,0.0,0.0,0.0,0.0,0.0
13350,1,1.0,1.0,1.0,1.0,0.2,1.0,1.0,1.0,1.0,0.1
2957,1,1.0,1.0,1.0,1.0,0.2,1.0,1.0,1.0,1.0,0.1
17984,1,0.0,0.0,0.0,0.0,0.0,0.0,0.0,0.0,0.0,0.0
5691,1,1.0,0.0,0.0,1.0,0.2,1.0,0.0,0.0,1.0,0.1
4447,14,0.0,0.0,0.0,0.0,0.0,0.0,0.0,0.0,0.0,0.0
4492,2,0.0,0.0,0.0,0.0,0.0,0.0,0.0,0.0,0.0,0.0
8874,4,0.0,0.0,0.0,0.0,0.0,0.0,0.0,0.0,0.0,0.0
18316,1,1.0,0.0,0.0,1.0,0.2,1.0,0.0,0.0,1.0,0.1
8125,3,0.0,0.0,0.0,0.0,0.0,0.0,0.0,0.0,0.0,0.0
4428,1,0.0,0.0,0.0,0.0,0.0,0.0,0.0,0.0,0.0,0.0
1657,4,0.0,0.0,0.0,0.0,0.0,0.0,0.0,0.0,0.0,0.0
1964,2,0.5,0.5555555555555556,0.6131471927654584,0.5,0.2,0.5,0.5263157894736842,0.6131471927654584,0.5,0.1
2343,10,0.0,0.0,0.0,0.0,0.0,0.0,0.0,0.0,0.0,0.0
8138,4,0.25,0.2142857142857143,0.19519002499605081,0.25,0.2,0.25,0.23529411764705882,0.19519002499605081,0.25,0.1
1350,4,0.0,0.0,0.0,0.0,0.0,0.0,0.0,0.0,0.0,0.0
10036,2,0.5,0.5555555555555556,0.6131471927654584,0.5,0.2,0.5,0.5263157894736842,0.6131471927654584,0.5,0.1
5503,1,0.0,0.0,0.0,0.0,0.0,1.0,0.0,0.0,1.0,0.1
1113,16,0.0,0.0,0.0,0.0,0.0,0.0,0.0,0.0,0.0,0.0
13145,1,0.0,0.0,0.0,0.0,0.0,0.0,0.0,0.0,0.0,0.0
17544,3,0.0,0.0,0.0,0.0,0.0,0.0,0.0,0.0,0.0,0.0
11102,6,0.0,0.0,0.0,0.0,0.0,0.0,0.0,0.0,0.0,0.0
12264,8,0.0,0.0,0.0,0.0,0.0,0.0,0.0,0.0,0.0,0.0
11798,6,0.0,0.0,0.0,0.0,0.0,0.16666666666666666,0.0,0.0,0.16666666666666666,0.1
3834,8,0.0,0.0,0.0,0.0,0.0,0.0,0.0,0.0,0.0,0.0
6172,4,0.0,0.0,0.0,0.0,0.0,0.0,0.0,0.0,0.0,0.0
9539,4,0.0,0.0,0.0,0.0,0.0,0.0,0.0,0.0,0.0,0.0
6196,1,0.0,0.0,0.0,0.0,0.0,0.0,0.0,0.0,0.0,0.0
9375,2,0.0,0.0,0.0,0.0,0.0,0.0,0.0,0.0,0.0,0.0
7813,2,0.0,0.0,0.0,0.0,0.0,0.0,0.0,0.0,0.0,0.0
9368,1,0.0,0.0,0.0,0.0,0.0,0.0,0.0,0.0,0.0,0.0
11672,10,0.0,0.0,0.0,0.0,0.0,0.0,0.0,0.0,0.0,0.0
14634,1,1.0,1.0,1.0,1.0,0.2,1.0,1.0,1.0,1.0,0.1
8705,6,0.0,0.0,0.0,0.0,0.0,0.0,0.0,0.0,0.0,0.0
3623,5,0.0,0.0,0.0,0.0,0.0,0.0,0.0,0.0,0.0,0.0
1049,1,0.0,0.0,0.0,0.0,0.0,0.0,0.0,0.0,0.0,0.0
6908,4,0.0,0.0,0.0,0.0,0.0,0.0,0.0,0.0,0.0,0.0
4607,2,0.0,0.0,0.0,0.0,0.0,0.5,0.0,0.0,0.5,0.1
17124,5,0.0,0.0,0.0,0.0,0.0,0.0,0.0,0.0,0.0,0.0
6984,1,0.0,0.0,0.0,0.0,0.0,0.0,0.0,0.0,0.0,0.0
365,6,0.0,0.0,0.0,0.0,0.0,0.0,0.0,0.0,0.0,0.0
12373,9,0.0,0.0,0.0,0.0,0.0,0.0,0.0,0.0,0.0,0.0
5741,3,0.0,0.0,0.0,0.0,0.0,0.0,0.0,0.0,0.0,0.0
1606,5,0.0,0.0,0.0,0.0,0.0,0.0,0.0,0.0,0.0,0.0
7584,4,0.0,0.0,0.0,0.0,0.0,0.0,0.0,0.0,0.0,0.0
13955,14,0.2,0.13333333333333333,0.14606834984270645,0.07142857142857142,0.2,0.3,0.2545454545454546,0.2375835084056881,0.21428571428571427,0.3
6923,2,0.0,0.0,0.0,0.0,0.0,0.0,0.0,0.0,0.0,0.0
6197,1,0.0,0.0,0.0,0.0,0.0,0.0,0.0,0.0,0.0,0.0
16578,4,0.0,0.0,0.0,0.0,0.0,0.0,0.0,0.0,0.0,0.0
2629,1,1.0,1.0,1.0,1.0,0.2,1.0,1.0,1.0,1.0,0.1
12234,1,0.0,0.0,0.0,0.0,0.0,0.0,0.0,0.0,0.0,0.0
12839,4,0.0,0.0,0.0,0.0,0.0,0.0,0.0,0.0,0.0,0.0
6948,1,0.0,0.0,0.0,0.0,0.0,0.0,0.0,0.0,0.0,0.0
7268,9,0.0,0.0,0.0,0.0,0.0,0.0,0.0,0.0,0.0,0.0
3634,11,0.0,0.0,0.0,0.0,0.0,0.0,0.0,0.0,0.0,0.0
2832,5,0.2,0.26666666666666666,0.2139862647345275,0.2,0.2,0.2,0.225,0.2139862647345275,0.2,0.1
3692,5,0.0,0.0,0.0,0.0,0.0,0.2,0.0,0.0,0.2,0.1
274,3,0.0,0.0,0.0,0.0,0.0,0.0,0.0,0.0,0.0,0.0
7030,6,0.0,0.0,0.0,0.0,0.0,0.0,0.0,0.0,0.0,0.0
338,1,0.0,0.0,0.0,0.0,0.0,0.0,0.0,0.0,0.0,0.0
4205,1,0.0,0.0,0.0,0.0,0.0,0.0,0.0,0.0,0.0,0.0
9447,5,0.0,0.0,0.0,0.0,0.0,0.0,0.0,0.0,0.0,0.0
2036,1,0.0,0.0,0.0,0.0,0.0,0.0,0.0,0.0,0.0,0.0
8608,1,0.0,0.0,0.0,0.0,0.0,0.0,0.0,0.0,0.0,0.0
12250,7,0.0,0.0,0.0,0.0,0.0,0.0,0.0,0.0,0.0,0.0
5238,6,0.0,0.0,0.0,0.0,0.0,0.0,0.0,0.0,0.0,0.0
10353,7,0.0,0.0,0.0,0.0,0.0,0.0,0.0,0.0,0.0,0.0
17735,3,0.3333333333333333,0.0,0.0,0.3333333333333333,0.2,0.3333333333333333,0.0,0.0,0.3333333333333333,0.1
4541,1,1.0,1.0,1.0,1.0,0.2,1.0,1.0,1.0,1.0,0.1
16528,20,0.2,0.26666666666666666,0.2139862647345275,0.05,0.2,0.2,0.21818181818181823,0.20829366581033176,0.1,0.2
10717,12,0.2,0.3333333333333333,0.33916020527361607,0.08333333333333333,0.2,0.1,0.18181818181818182,0.22009176629808014,0.08333333333333333,0.1
15481,2,0.5,0.4444444444444445,0.3868528072345415,0.5,0.2,0.5,0.4736842105263158,0.3868528072345415,0.5,0.1
8722,8,0.0,0.0,0.0,0.0,0.0,0.125,0.09615384615384615,0.0901000086523677,0.125,0.1
6065,2,0.5,0.4444444444444445,0.3868528072345415,0.5,0.2,0.5,0.4736842105263158,0.3868528072345415,0.5,0.1
12226,3,0.0,0.0,0.0,0.0,0.0,0.0,0.0,0.0,0.0,0.0
16032,2,0.0,0.0,0.0,0.0,0.0,0.0,0.0,0.0,0.0,0.0
16592,23,0.0,0.0,0.0,0.0,0.0,0.0,0.0,0.0,0.0,0.0
11935,3,0.0,0.0,0.0,0.0,0.0,0.3333333333333333,0.0,0.0,0.3333333333333333,0.1
115,33,0.2,0.3333333333333333,0.33916020527361607,0.030303030303030304,0.2,0.1,0.18181818181818182,0.22009176629808014,0.030303030303030304,0.1
9032,4,0.0,0.0,0.0,0.0,0.0,0.0,0.0,0.0,0.0,0.0
9608,2,0.0,0.0,0.0,0.0,0.0,0.0,0.0,0.0,0.0,0.0
4105,9,0.0,0.0,0.0,0.0,0.0,0.0,0.0,0.0,0.0,0.0
16497,2,0.0,0.0,0.0,0.0,0.0,0.0,0.0,0.0,0.0,0.0
11003,2,0.0,0.0,0.0,0.0,0.0,0.0,0.0,0.0,0.0,0.0
12259,2,1.0,1.0,1.0,1.0,0.4,1.0,1.0,1.0,1.0,0.2
13884,6,0.0,0.0,0.0,0.0,0.0,0.0,0.0,0.0,0.0,0.0
10869,11,0.0,0.0,0.0,0.0,0.0,0.0,0.0,0.0,0.0,0.0
13503,1,0.0,0.0,0.0,0.0,0.0,0.0,0.0,0.0,0.0,0.0
3785,1,0.0,0.0,0.0,0.0,0.0,0.0,0.0,0.0,0.0,0.0
12660,2,0.0,0.0,0.0,0.0,0.0,0.0,0.0,0.0,0.0,0.0
13100,1,0.0,0.0,0.0,0.0,0.0,0.0,0.0,0.0,0.0,0.0
34,11,0.0,0.0,0.0,0.0,0.0,0.1,0.036363636363636355,0.06625422345438903,0.09090909090909091,0.1
14246,1,1.0,1.0,1.0,1.0,0.2,1.0,1.0,1.0,1.0,0.1
5629,19,0.0,0.0,0.0,0.0,0.0,0.0,0.0,0.0,0.0,0.0
16572,8,0.0,0.0,0.0,0.0,0.0,0.0,0.0,0.0,0.0,0.0
17507,6,0.0,0.0,0.0,0.0,0.0,0.0,0.0,0.0,0.0,0.0
9943,4,0.0,0.0,0.0,0.0,0.0,0.0,0.0,0.0,0.0,0.0
6775,3,0.3333333333333333,0.4166666666666667,0.46927872602275644,0.3333333333333333,0.2,0.3333333333333333,0.37037037037037035,0.46927872602275644,0.3333333333333333,0.1
4771,2,0.0,0.0,0.0,0.0,0.0,0.0,0.0,0.0,0.0,0.0
4986,9,0.0,0.0,0.0,0.0,0.0,0.0,0.0,0.0,0.0,0.0
17133,3,0.0,0.0,0.0,0.0,0.0,0.0,0.0,0.0,0.0,0.0
14914,5,0.0,0.0,0.0,0.0,0.0,0.0,0.0,0.0,0.0,0.0
4896,1,0.0,0.0,0.0,0.0,0.0,0.0,0.0,0.0,0.0,0.0
6850,2,0.5,0.5555555555555556,0.6131471927654584,0.5,0.2,0.5,0.5263157894736842,0.6131471927654584,0.5,0.1
4913,7,0.0,0.0,0.0,0.0,0.0,0.0,0.0,0.0,0.0,0.0
1432,3,0.3333333333333333,0.33333333333333337,0.29608191096586517,0.3333333333333333,0.2,0.3333333333333333,0.3333333333333333,0.29608191096586517,0.3333333333333333,0.1
1732,4,0.0,0.0,0.0,0.0,0.0,0.0,0.0,0.0,0.0,0.0
8130,4,0.0,0.0,0.0,0.0,0.0,0.25,0.0,0.0,0.25,0.1
2350,1,1.0,1.0,1.0,1.0,0.2,1.0,1.0,1.0,1.0,0.1
12580,8,0.4,0.6,0.5531464700081437,0.25,0.4,0.25,0.36538461538461536,0.4125317798925535,0.25,0.2
12689,21,0.2,0.06666666666666665,0.13120507751234176,0.047619047619047616,0.2,0.1,0.10909090909090909,0.08514311764162097,0.047619047619047616,0.1
10006,4,0.25,0.2142857142857143,0.19519002499605081,0.25,0.2,0.25,0.23529411764705882,0.19519002499605081,0.25,0.1
2645,5,0.2,0.26666666666666666,0.2139862647345275,0.2,0.2,0.2,0.225,0.2139862647345275,0.2,0.1
1980,2,0.0,0.0,0.0,0.0,0.0,0.0,0.0,0.0,0.0,0.0
5455,4,0.0,0.0,0.0,0.0,0.0,0.0,0.0,0.0,0.0,0.0
886,3,0.0,0.0,0.0,0.0,0.0,0.0,0.0,0.0,0.0,0.0
13958,7,0.0,0.0,0.0,0.0,0.0,0.0,0.0,0.0,0.0,0.0
2509,1,0.0,0.0,0.0,0.0,0.0,0.0,0.0,0.0,0.0,0.0
14872,4,0.0,0.0,0.0,0.0,0.0,0.0,0.0,0.0,0.0,0.0
6866,3,0.3333333333333333,0.4166666666666667,0.46927872602275644,0.3333333333333333,0.2,0.3333333333333333,0.37037037037037035,0.46927872602275644,0.3333333333333333,0.1
14378,1,0.0,0.0,0.0,0.0,0.0,0.0,0.0,0.0,0.0,0.0
12028,1,0.0,0.0,0.0,0.0,0.0,0.0,0.0,0.0,0.0,0.0
13700,8,0.0,0.0,0.0,0.0,0.0,0.0,0.0,0.0,0.0,0.0
6441,4,0.0,0.0,0.0,0.0,0.0,0.0,0.0,0.0,0.0,0.0
7023,5,0.0,0.0,0.0,0.0,0.0,0.0,0.0,0.0,0.0,0.0
1332,2,0.0,0.0,0.0,0.0,0.0,0.0,0.0,0.0,0.0,0.0
12959,1,1.0,0.0,0.0,1.0,0.2,1.0,0.0,0.0,1.0,0.1
7638,7,0.0,0.0,0.0,0.0,0.0,0.14285714285714285,0.0,0.0,0.14285714285714285,0.1
17117,2,0.5,0.5555555555555556,0.6131471927654584,0.5,0.2,0.5,0.5263157894736842,0.6131471927654584,0.5,0.1
14751,5,0.0,0.0,0.0,0.0,0.0,0.0,0.0,0.0,0.0,0.0
3824,2,0.0,0.0,0.0,0.0,0.0,0.0,0.0,0.0,0.0,0.0
5058,2,0.5,0.5555555555555556,0.6131471927654584,0.5,0.2,0.5,0.5263157894736842,0.6131471927654584,0.5,0.1
4574,1,0.0,0.0,0.0,0.0,0.0,0.0,0.0,0.0,0.0,0.0
17574,1,1.0,1.0,1.0,1.0,0.2,1.0,1.0,1.0,1.0,0.1
9139,1,0.0,0.0,0.0,0.0,0.0,0.0,0.0,0.0,0.0,0.0
10865,1,0.0,0.0,0.0,0.0,0.0,0.0,0.0,0.0,0.0,0.0
2849,2,0.0,0.0,0.0,0.0,0.0,0.0,0.0,0.0,0.0,0.0
4657,6,0.0,0.0,0.0,0.0,0.0,0.0,0.0,0.0,0.0,0.0
14276,5,0.0,0.0,0.0,0.0,0.0,0.0,0.0,0.0,0.0,0.0
10245,6,0.0,0.0,0.0,0.0,0.0,0.0,0.0,0.0,0.0,0.0
2562,1,0.0,0.0,0.0,0.0,0.0,0.0,0.0,0.0,0.0,0.0
5926,2,0.0,0.0,0.0,0.0,0.0,0.0,0.0,0.0,0.0,0.0
9788,2,0.0,0.0,0.0,0.0,0.0,0.0,0.0,0.0,0.0,0.0
4272,3,0.0,0.0,0.0,0.0,0.0,0.0,0.0,0.0,0.0,0.0
11382,3,0.6666666666666666,0.0,0.0,0.6666666666666666,0.4,0.6666666666666666,0.0,0.0,0.6666666666666666,0.2
6406,1,1.0,1.0,1.0,1.0,0.2,1.0,1.0,1.0,1.0,0.1
982,4,0.0,0.0,0.0,0.0,0.0,0.25,0.0,0.0,0.25,0.1
3974,2,0.0,0.0,0.0,0.0,0.0,0.0,0.0,0.0,0.0,0.0
7910,1,0.0,0.0,0.0,0.0,0.0,0.0,0.0,0.0,0.0,0.0
12758,10,0.0,0.0,0.0,0.0,0.0,0.1,0.018181818181818177,0.0636207881989517,0.1,0.1
2022,3,0.0,0.0,0.0,0.0,0.0,0.0,0.0,0.0,0.0,0.0
13634,1,1.0,1.0,1.0,1.0,0.2,1.0,1.0,1.0,1.0,0.1
15227,1,0.0,0.0,0.0,0.0,0.0,0.0,0.0,0.0,0.0,0.0
15960,3,0.0,0.0,0.0,0.0,0.0,0.0,0.0,0.0,0.0,0.0
11883,2,0.0,0.0,0.0,0.0,0.0,0.0,0.0,0.0,0.0,0.0
11790,1,1.0,1.0,1.0,1.0,0.2,1.0,1.0,1.0,1.0,0.1
14178,3,0.0,0.0,0.0,0.0,0.0,0.0,0.0,0.0,0.0,0.0
14509,13,0.0,0.0,0.0,0.0,0.0,0.1,0.05454545454545456,0.06943122193677725,0.07692307692307693,0.1
4231,5,0.4,0.6,0.5531464700081437,0.4,0.4,0.4,0.475,0.5531464700081437,0.4,0.2
8917,11,0.2,0.3333333333333333,0.33916020527361607,0.09090909090909091,0.2,0.2,0.21818181818181817,0.28634598975246917,0.18181818181818182,0.2
12232,4,0.0,0.0,0.0,0.0,0.0,0.0,0.0,0.0,0.0,0.0
11536,7,0.0,0.0,0.0,0.0,0.0,0.14285714285714285,0.08163265306122448,0.09162544430476363,0.14285714285714285,0.1
443,1,0.0,0.0,0.0,0.0,0.0,0.0,0.0,0.0,0.0,0.0
291,1,0.0,0.0,0.0,0.0,0.0,0.0,0.0,0.0,0.0,0.0
3046,2,0.0,0.0,0.0,0.0,0.0,0.0,0.0,0.0,0.0,0.0
15404,2,0.0,0.0,0.0,0.0,0.0,0.0,0.0,0.0,0.0,0.0
13356,1,1.0,1.0,1.0,1.0,0.2,1.0,1.0,1.0,1.0,0.1
16759,2,0.0,0.0,0.0,0.0,0.0,0.0,0.0,0.0,0.0,0.0
1247,3,0.0,0.0,0.0,0.0,0.0,0.0,0.0,0.0,0.0,0.0
13925,1,0.0,0.0,0.0,0.0,0.0,0.0,0.0,0.0,0.0,0.0
8018,7,0.0,0.0,0.0,0.0,0.0,0.0,0.0,0.0,0.0,0.0
11597,2,0.0,0.0,0.0,0.0,0.0,0.0,0.0,0.0,0.0,0.0
6127,1,0.0,0.0,0.0,0.0,0.0,0.0,0.0,0.0,0.0,0.0
10609,1,0.0,0.0,0.0,0.0,0.0,0.0,0.0,0.0,0.0,0.0
17371,3,0.0,0.0,0.0,0.0,0.0,0.0,0.0,0.0,0.0,0.0
10541,1,1.0,1.0,1.0,1.0,0.2,1.0,1.0,1.0,1.0,0.1
4098,3,0.0,0.0,0.0,0.0,0.0,0.0,0.0,0.0,0.0,0.0
14021,7,0.0,0.0,0.0,0.0,0.0,0.0,0.0,0.0,0.0,0.0
458,1,0.0,0.0,0.0,0.0,0.0,0.0,0.0,0.0,0.0,0.0
15211,1,1.0,1.0,1.0,1.0,0.2,1.0,1.0,1.0,1.0,0.1
753,3,0.0,0.0,0.0,0.0,0.0,0.0,0.0,0.0,0.0,0.0
9096,1,0.0,0.0,0.0,0.0,0.0,0.0,0.0,0.0,0.0,0.0
7665,3,0.0,0.0,0.0,0.0,0.0,0.0,0.0,0.0,0.0,0.0
18225,11,0.0,0.0,0.0,0.0,0.0,0.0,0.0,0.0,0.0,0.0
17853,1,0.0,0.0,0.0,0.0,0.0,0.0,0.0,0.0,0.0,0.0
14044,5,0.0,0.0,0.0,0.0,0.0,0.2,0.0,0.0,0.2,0.1
1116,4,0.0,0.0,0.0,0.0,0.0,0.0,0.0,0.0,0.0,0.0
14026,1,1.0,1.0,1.0,1.0,0.2,1.0,1.0,1.0,1.0,0.1
16378,2,0.0,0.0,0.0,0.0,0.0,0.0,0.0,0.0,0.0,0.0
16808,1,0.0,0.0,0.0,0.0,0.0,1.0,0.0,0.0,1.0,0.1
18013,1,0.0,0.0,0.0,0.0,0.0,0.0,0.0,0.0,0.0,0.0
4251,1,0.0,0.0,0.0,0.0,0.0,0.0,0.0,0.0,0.0,0.0
14500,2,0.0,0.0,0.0,0.0,0.0,0.0,0.0,0.0,0.0,0.0
9086,3,0.0,0.0,0.0,0.0,0.0,0.0,0.0,0.0,0.0,0.0
18362,6,0.0,0.0,0.0,0.0,0.0,0.0,0.0,0.0,0.0,0.0
1305,5,0.0,0.0,0.0,0.0,0.0,0.0,0.0,0.0,0.0,0.0
13142,4,0.0,0.0,0.0,0.0,0.0,0.0,0.0,0.0,0.0,0.0
2762,4,0.0,0.0,0.0,0.0,0.0,0.0,0.0,0.0,0.0,0.0
16177,6,0.0,0.0,0.0,0.0,0.0,0.0,0.0,0.0,0.0,0.0
3833,7,0.0,0.0,0.0,0.0,0.0,0.0,0.0,0.0,0.0,0.0
10274,1,0.0,0.0,0.0,0.0,0.0,0.0,0.0,0.0,0.0,0.0
8392,3,0.0,0.0,0.0,0.0,0.0,0.0,0.0,0.0,0.0,0.0
5713,1,0.0,0.0,0.0,0.0,0.0,0.0,0.0,0.0,0.0,0.0
10238,1,0.0,0.0,0.0,0.0,0.0,0.0,0.0,0.0,0.0,0.0
14212,3,0.0,0.0,0.0,0.0,0.0,0.0,0.0,0.0,0.0,0.0
18327,4,0.0,0.0,0.0,0.0,0.0,0.0,0.0,0.0,0.0,0.0
9428,6,0.2,0.06666666666666665,0.13120507751234176,0.16666666666666666,0.2,0.16666666666666666,0.13333333333333333,0.11706259313796352,0.16666666666666666,0.1
7347,1,0.0,0.0,0.0,0.0,0.0,0.0,0.0,0.0,0.0,0.0
16482,1,0.0,0.0,0.0,0.0,0.0,0.0,0.0,0.0,0.0,0.0
13968,7,0.0,0.0,0.0,0.0,0.0,0.0,0.0,0.0,0.0,0.0
2172,3,0.0,0.0,0.0,0.0,0.0,0.0,0.0,0.0,0.0,0.0
11255,1,0.0,0.0,0.0,0.0,0.0,0.0,0.0,0.0,0.0,0.0
8747,2,0.0,0.0,0.0,0.0,0.0,1.0,0.0,0.0,1.0,0.2
13342,1,0.0,0.0,0.0,0.0,0.0,0.0,0.0,0.0,0.0,0.0
10377,3,0.3333333333333333,0.0,0.0,0.3333333333333333,0.2,0.3333333333333333,0.0,0.0,0.3333333333333333,0.1
13336,2,0.5,0.5555555555555556,0.6131471927654584,0.5,0.2,0.5,0.5263157894736842,0.6131471927654584,0.5,0.1
4434,4,0.0,0.0,0.0,0.0,0.0,0.0,0.0,0.0,0.0,0.0
2141,2,0.0,0.0,0.0,0.0,0.0,0.0,0.0,0.0,0.0,0.0
6371,3,0.0,0.0,0.0,0.0,0.0,0.0,0.0,0.0,0.0,0.0
587,6,0.0,0.0,0.0,0.0,0.0,0.0,0.0,0.0,0.0,0.0
15035,1,0.0,0.0,0.0,0.0,0.0,0.0,0.0,0.0,0.0,0.0
2606,1,1.0,1.0,1.0,1.0,0.2,1.0,1.0,1.0,1.0,0.1
15205,3,0.0,0.0,0.0,0.0,0.0,0.0,0.0,0.0,0.0,0.0
2103,7,0.0,0.0,0.0,0.0,0.0,0.0,0.0,0.0,0.0,0.0
9057,1,0.0,0.0,0.0,0.0,0.0,0.0,0.0,0.0,0.0,0.0
14554,4,0.0,0.0,0.0,0.0,0.0,0.0,0.0,0.0,0.0,0.0
16903,10,0.0,0.0,0.0,0.0,0.0,0.0,0.0,0.0,0.0,0.0
6155,3,0.0,0.0,0.0,0.0,0.0,0.0,0.0,0.0,0.0,0.0
9509,1,0.0,0.0,0.0,0.0,0.0,0.0,0.0,0.0,0.0,0.0
7247,1,1.0,0.0,0.0,1.0,0.2,1.0,0.0,0.0,1.0,0.1
9262,2,0.0,0.0,0.0,0.0,0.0,0.0,0.0,0.0,0.0,0.0
4402,2,0.0,0.0,0.0,0.0,0.0,0.0,0.0,0.0,0.0,0.0
18251,1,0.0,0.0,0.0,0.0,0.0,0.0,0.0,0.0,0.0,0.0
18033,1,0.0,0.0,0.0,0.0,0.0,0.0,0.0,0.0,0.0,0.0
2929,3,0.0,0.0,0.0,0.0,0.0,0.0,0.0,0.0,0.0,0.0
13414,1,0.0,0.0,0.0,0.0,0.0,0.0,0.0,0.0,0.0,0.0
11387,2,0.5,0.0,0.0,0.5,0.2,0.5,0.0,0.0,0.5,0.1
3428,4,0.0,0.0,0.0,0.0,0.0,0.0,0.0,0.0,0.0,0.0
3572,7,0.0,0.0,0.0,0.0,0.0,0.0,0.0,0.0,0.0,0.0
5528,2,0.0,0.0,0.0,0.0,0.0,0.0,0.0,0.0,0.0,0.0
6082,10,0.0,0.0,0.0,0.0,0.0,0.0,0.0,0.0,0.0,0.0
16859,1,0.0,0.0,0.0,0.0,0.0,0.0,0.0,0.0,0.0,0.0
11197,3,0.0,0.0,0.0,0.0,0.0,0.3333333333333333,0.0,0.0,0.3333333333333333,0.1
1764,3,0.0,0.0,0.0,0.0,0.0,0.0,0.0,0.0,0.0,0.0
14264,1,0.0,0.0,0.0,0.0,0.0,0.0,0.0,0.0,0.0,0.0
3537,5,0.0,0.0,0.0,0.0,0.0,0.0,0.0,0.0,0.0,0.0
14788,2,0.5,0.0,0.0,0.5,0.2,0.5,0.0,0.0,0.5,0.1
1478,8,0.0,0.0,0.0,0.0,0.0,0.0,0.0,0.0,0.0,0.0
16006,8,0.0,0.0,0.0,0.0,0.0,0.0,0.0,0.0,0.0,0.0
10988,4,0.0,0.0,0.0,0.0,0.0,0.0,0.0,0.0,0.0,0.0
4319,6,0.0,0.0,0.0,0.0,0.0,0.0,0.0,0.0,0.0,0.0
15915,1,0.0,0.0,0.0,0.0,0.0,0.0,0.0,0.0,0.0,0.0
8553,4,0.0,0.0,0.0,0.0,0.0,0.0,0.0,0.0,0.0,0.0
919,11,0.2,0.19999999999999998,0.16958010263680803,0.09090909090909091,0.2,0.1,0.14545454545454548,0.11004588314904007,0.09090909090909091,0.1
8457,10,0.0,0.0,0.0,0.0,0.0,0.0,0.0,0.0,0.0,0.0
2561,4,0.0,0.0,0.0,0.0,0.0,0.0,0.0,0.0,0.0,0.0
13944,10,0.0,0.0,0.0,0.0,0.0,0.0,0.0,0.0,0.0,0.0
15298,7,0.0,0.0,0.0,0.0,0.0,0.0,0.0,0.0,0.0,0.0
2885,5,0.2,0.19999999999999998,0.16958010263680803,0.2,0.2,0.4,0.2,0.16958010263680803,0.4,0.2
5167,3,0.0,0.0,0.0,0.0,0.0,0.0,0.0,0.0,0.0,0.0
9757,3,0.0,0.0,0.0,0.0,0.0,0.0,0.0,0.0,0.0,0.0
11902,3,0.0,0.0,0.0,0.0,0.0,0.0,0.0,0.0,0.0,0.0
12402,4,0.0,0.0,0.0,0.0,0.0,0.0,0.0,0.0,0.0,0.0
11496,1,1.0,0.0,0.0,1.0,0.2,1.0,0.0,0.0,1.0,0.1
5384,1,1.0,0.0,0.0,1.0,0.2,1.0,0.0,0.0,1.0,0.1
16700,1,0.0,0.0,0.0,0.0,0.0,0.0,0.0,0.0,0.0,0.0
13478,2,0.0,0.0,0.0,0.0,0.0,0.0,0.0,0.0,0.0,0.0
9883,5,0.0,0.0,0.0,0.0,0.0,0.0,0.0,0.0,0.0,0.0
1721,2,1.0,0.0,0.0,1.0,0.4,1.0,0.0,0.0,1.0,0.2
15119,2,0.0,0.0,0.0,0.0,0.0,0.5,0.0,0.0,0.5,0.1
335,1,0.0,0.0,0.0,0.0,0.0,0.0,0.0,0.0,0.0,0.0
438,3,0.0,0.0,0.0,0.0,0.0,0.6666666666666666,0.0,0.0,0.6666666666666666,0.2
10531,4,0.0,0.0,0.0,0.0,0.0,0.0,0.0,0.0,0.0,0.0
15692,10,0.0,0.0,0.0,0.0,0.0,0.0,0.0,0.0,0.0,0.0
2429,4,0.0,0.0,0.0,0.0,0.0,0.0,0.0,0.0,0.0,0.0
5918,1,0.0,0.0,0.0,0.0,0.0,0.0,0.0,0.0,0.0,0.0
50,6,0.4,0.6,0.5531464700081437,0.3333333333333333,0.4,0.3333333333333333,0.4222222222222222,0.4935232796777481,0.3333333333333333,0.2
10515,1,0.0,0.0,0.0,0.0,0.0,0.0,0.0,0.0,0.0,0.0
16228,1,0.0,0.0,0.0,0.0,0.0,0.0,0.0,0.0,0.0,0.0
15551,9,0.0,0.0,0.0,0.0,0.0,0.0,0.0,0.0,0.0,0.0
3672,3,0.0,0.0,0.0,0.0,0.0,0.0,0.0,0.0,0.0,0.0
12208,2,0.0,0.0,0.0,0.0,0.0,0.0,0.0,0.0,0.0,0.0
6718,8,0.0,0.0,0.0,0.0,0.0,0.0,0.0,0.0,0.0,0.0
5553,5,0.0,0.0,0.0,0.0,0.0,0.0,0.0,0.0,0.0,0.0
4532,5,0.2,0.19999999999999998,0.16958010263680803,0.2,0.2,0.2,0.2,0.16958010263680803,0.2,0.1
276,2,0.0,0.0,0.0,0.0,0.0,0.0,0.0,0.0,0.0,0.0
4077,4,0.0,0.0,0.0,0.0,0.0,0.25,0.0,0.0,0.25,0.1
15336,4,0.0,0.0,0.0,0.0,0.0,0.0,0.0,0.0,0.0,0.0
4956,2,0.5,0.0,0.0,0.5,0.2,0.5,0.0,0.0,0.5,0.1
5967,2,0.0,0.0,0.0,0.0,0.0,0.0,0.0,0.0,0.0,0.0
2231,1,0.0,0.0,0.0,0.0,0.0,0.0,0.0,0.0,0.0,0.0
8381,3,0.0,0.0,0.0,0.0,0.0,0.3333333333333333,0.0,0.0,0.3333333333333333,0.1
18113,2,0.0,0.0,0.0,0.0,0.0,0.0,0.0,0.0,0.0,0.0
6224,4,0.0,0.0,0.0,0.0,0.0,0.25,0.0,0.0,0.25,0.1
18092,10,0.0,0.0,0.0,0.0,0.0,0.0,0.0,0.0,0.0,0.0
7409,1,1.0,0.0,0.0,1.0,0.2,1.0,0.0,0.0,1.0,0.1
17212,3,0.0,0.0,0.0,0.0,0.0,0.0,0.0,0.0,0.0,0.0
888,2,0.0,0.0,0.0,0.0,0.0,0.0,0.0,0.0,0.0,0.0
13802,4,0.0,0.0,0.0,0.0,0.0,0.25,0.0,0.0,0.25,0.1
10913,2,0.0,0.0,0.0,0.0,0.0,0.0,0.0,0.0,0.0,0.0
1694,5,0.0,0.0,0.0,0.0,0.0,0.0,0.0,0.0,0.0,0.0
7592,4,0.25,0.14285714285714288,0.16812753627111746,0.25,0.2,0.25,0.20588235294117643,0.16812753627111746,0.25,0.1
9360,2,0.0,0.0,0.0,0.0,0.0,0.0,0.0,0.0,0.0,0.0
340,2,0.0,0.0,0.0,0.0,0.0,0.0,0.0,0.0,0.0,0.0
1091,2,0.0,0.0,0.0,0.0,0.0,0.0,0.0,0.0,0.0,0.0
9005,2,0.0,0.0,0.0,0.0,0.0,0.0,0.0,0.0,0.0,0.0
14968,3,0.3333333333333333,0.0,0.0,0.3333333333333333,0.2,0.3333333333333333,0.0,0.0,0.3333333333333333,0.1
12967,3,0.0,0.0,0.0,0.0,0.0,0.0,0.0,0.0,0.0,0.0
15328,2,0.0,0.0,0.0,0.0,0.0,0.0,0.0,0.0,0.0,0.0
11710,1,0.0,0.0,0.0,0.0,0.0,1.0,0.0,0.0,1.0,0.1
7366,2,0.5,0.0,0.0,0.5,0.2,0.5,0.0,0.0,0.5,0.1
353,6,0.0,0.0,0.0,0.0,0.0,0.0,0.0,0.0,0.0,0.0
4674,3,0.0,0.0,0.0,0.0,0.0,0.0,0.0,0.0,0.0,0.0
1603,2,0.0,0.0,0.0,0.0,0.0,0.0,0.0,0.0,0.0,0.0
3811,4,0.0,0.0,0.0,0.0,0.0,0.0,0.0,0.0,0.0,0.0
4596,2,0.0,0.0,0.0,0.0,0.0,0.0,0.0,0.0,0.0,0.0
7922,1,1.0,1.0,1.0,1.0,0.2,1.0,1.0,1.0,1.0,0.1
6348,2,0.0,0.0,0.0,0.0,0.0,0.0,0.0,0.0,0.0,0.0
10287,3,0.0,0.0,0.0,0.0,0.0,0.0,0.0,0.0,0.0,0.0
3254,2,0.0,0.0,0.0,0.0,0.0,0.0,0.0,0.0,0.0,0.0
8993,1,0.0,0.0,0.0,0.0,0.0,0.0,0.0,0.0,0.0,0.0
13111,2,0.0,0.0,0.0,0.0,0.0,0.0,0.0,0.0,0.0,0.0
5982,2,0.5,0.5555555555555556,0.6131471927654584,0.5,0.2,0.5,0.5263157894736842,0.6131471927654584,0.5,0.1
11840,5,0.4,0.5333333333333333,0.5087403079104241,0.4,0.4,0.4,0.45,0.5087403079104241,0.4,0.2
11226,5,0.0,0.0,0.0,0.0,0.0,0.0,0.0,0.0,0.0,0.0
16452,3,0.0,0.0,0.0,0.0,0.0,0.0,0.0,0.0,0.0,0.0
16555,16,0.0,0.0,0.0,0.0,0.0,0.0,0.0,0.0,0.0,0.0
2745,9,0.0,0.0,0.0,0.0,0.0,0.0,0.0,0.0,0.0,0.0
255,5,0.0,0.0,0.0,0.0,0.0,0.0,0.0,0.0,0.0,0.0
918,4,0.0,0.0,0.0,0.0,0.0,0.0,0.0,0.0,0.0,0.0
232,14,0.0,0.0,0.0,0.0,0.0,0.0,0.0,0.0,0.0,0.0
6526,12,0.0,0.0,0.0,0.0,0.0,0.0,0.0,0.0,0.0,0.0
17081,1,0.0,0.0,0.0,0.0,0.0,0.0,0.0,0.0,0.0,0.0
9110,1,0.0,0.0,0.0,0.0,0.0,0.0,0.0,0.0,0.0,0.0
10950,3,0.3333333333333333,0.0,0.0,0.3333333333333333,0.2,0.3333333333333333,0.0,0.0,0.3333333333333333,0.1
11969,5,0.0,0.0,0.0,0.0,0.0,0.2,0.0,0.0,0.2,0.1
6247,10,0.0,0.0,0.0,0.0,0.0,0.0,0.0,0.0,0.0,0.0
8177,7,0.0,0.0,0.0,0.0,0.0,0.0,0.0,0.0,0.0,0.0
763,4,0.0,0.0,0.0,0.0,0.0,0.0,0.0,0.0,0.0,0.0
1428,5,0.0,0.0,0.0,0.0,0.0,0.0,0.0,0.0,0.0,0.0
18162,8,0.0,0.0,0.0,0.0,0.0,0.0,0.0,0.0,0.0,0.0
16180,4,0.0,0.0,0.0,0.0,0.0,0.0,0.0,0.0,0.0,0.0
11778,3,0.0,0.0,0.0,0.0,0.0,0.0,0.0,0.0,0.0,0.0
4378,10,0.0,0.0,0.0,0.0,0.0,0.0,0.0,0.0,0.0,0.0
17805,6,0.0,0.0,0.0,0.0,0.0,0.0,0.0,0.0,0.0,0.0
10794,2,0.0,0.0,0.0,0.0,0.0,0.0,0.0,0.0,0.0,0.0
7636,9,0.0,0.0,0.0,0.0,0.0,0.0,0.0,0.0,0.0,0.0
17181,12,0.0,0.0,0.0,0.0,0.0,0.0,0.0,0.0,0.0,0.0
6734,2,0.5,0.0,0.0,0.5,0.2,0.5,0.0,0.0,0.5,0.1
574,2,0.0,0.0,0.0,0.0,0.0,0.0,0.0,0.0,0.0,0.0
18115,1,0.0,0.0,0.0,0.0,0.0,0.0,0.0,0.0,0.0,0.0
5005,6,0.2,0.26666666666666666,0.2139862647345275,0.16666666666666666,0.2,0.16666666666666666,0.2,0.1909208661789346,0.16666666666666666,0.1
15047,8,0.0,0.0,0.0,0.0,0.0,0.0,0.0,0.0,0.0,0.0
915,3,0.0,0.0,0.0,0.0,0.0,0.0,0.0,0.0,0.0,0.0
770,1,1.0,0.0,0.0,1.0,0.2,1.0,0.0,0.0,1.0,0.1
18022,6,0.0,0.0,0.0,0.0,0.0,0.0,0.0,0.0,0.0,0.0
3543,4,0.25,0.2142857142857143,0.19519002499605081,0.25,0.2,0.25,0.23529411764705882,0.19519002499605081,0.25,0.1
12454,8,0.0,0.0,0.0,0.0,0.0,0.0,0.0,0.0,0.0,0.0
3371,1,1.0,1.0,1.0,1.0,0.2,1.0,1.0,1.0,1.0,0.1
18218,6,0.0,0.0,0.0,0.0,0.0,0.0,0.0,0.0,0.0,0.0
10054,2,0.5,0.5555555555555556,0.6131471927654584,0.5,0.2,0.5,0.5263157894736842,0.6131471927654584,0.5,0.1
9267,1,0.0,0.0,0.0,0.0,0.0,0.0,0.0,0.0,0.0,0.0
8066,2,0.0,0.0,0.0,0.0,0.0,0.0,0.0,0.0,0.0,0.0
14169,1,1.0,1.0,1.0,1.0,0.2,1.0,1.0,1.0,1.0,0.1
5115,5,0.0,0.0,0.0,0.0,0.0,0.0,0.0,0.0,0.0,0.0
9793,2,1.0,0.4444444444444445,0.3868528072345415,1.0,0.4,1.0,0.4736842105263158,0.3868528072345415,1.0,0.2
18255,2,0.0,0.0,0.0,0.0,0.0,0.0,0.0,0.0,0.0,0.0
4343,6,0.0,0.0,0.0,0.0,0.0,0.0,0.0,0.0,0.0,0.0
10898,1,0.0,0.0,0.0,0.0,0.0,0.0,0.0,0.0,0.0,0.0
3255,1,1.0,0.0,0.0,1.0,0.2,1.0,0.0,0.0,1.0,0.1
13283,4,0.0,0.0,0.0,0.0,0.0,0.0,0.0,0.0,0.0,0.0
13205,2,0.0,0.0,0.0,0.0,0.0,0.0,0.0,0.0,0.0,0.0
13026,2,0.0,0.0,0.0,0.0,0.0,0.0,0.0,0.0,0.0,0.0
7927,1,1.0,0.0,0.0,1.0,0.2,1.0,0.0,0.0,1.0,0.1
5139,5,0.0,0.0,0.0,0.0,0.0,0.0,0.0,0.0,0.0,0.0
18364,1,0.0,0.0,0.0,0.0,0.0,0.0,0.0,0.0,0.0,0.0
6035,6,0.0,0.0,0.0,0.0,0.0,0.0,0.0,0.0,0.0,0.0
6234,10,0.0,0.0,0.0,0.0,0.0,0.1,0.07272727272727274,0.07336392209936006,0.1,0.1
2648,5,0.0,0.0,0.0,0.0,0.0,0.0,0.0,0.0,0.0,0.0
4513,1,0.0,0.0,0.0,0.0,0.0,0.0,0.0,0.0,0.0,0.0
7047,5,0.0,0.0,0.0,0.0,0.0,0.0,0.0,0.0,0.0,0.0
16475,3,0.0,0.0,0.0,0.0,0.0,0.0,0.0,0.0,0.0,0.0
18236,1,0.0,0.0,0.0,0.0,0.0,0.0,0.0,0.0,0.0,0.0
14403,2,0.0,0.0,0.0,0.0,0.0,0.0,0.0,0.0,0.0,0.0
12268,4,0.0,0.0,0.0,0.0,0.0,0.0,0.0,0.0,0.0,0.0
8835,3,0.0,0.0,0.0,0.0,0.0,0.0,0.0,0.0,0.0,0.0
8234,4,0.0,0.0,0.0,0.0,0.0,0.0,0.0,0.0,0.0,0.0
16809,4,0.25,0.28571428571428575,0.2463023887407299,0.25,0.2,0.25,0.2647058823529412,0.2463023887407299,0.25,0.1
6160,1,1.0,1.0,1.0,1.0,0.2,1.0,1.0,1.0,1.0,0.1
17695,5,0.0,0.0,0.0,0.0,0.0,0.0,0.0,0.0,0.0,0.0
13845,14,0.0,0.0,0.0,0.0,0.0,0.0,0.0,0.0,0.0,0.0
12443,1,0.0,0.0,0.0,0.0,0.0,0.0,0.0,0.0,0.0,0.0
4904,9,0.0,0.0,0.0,0.0,0.0,0.0,0.0,0.0,0.0,0.0
17380,1,0.0,0.0,0.0,0.0,0.0,0.0,0.0,0.0,0.0,0.0
1410,3,0.0,0.0,0.0,0.0,0.0,0.0,0.0,0.0,0.0,0.0
16609,9,0.0,0.0,0.0,0.0,0.0,0.0,0.0,0.0,0.0,0.0
14462,5,0.0,0.0,0.0,0.0,0.0,0.0,0.0,0.0,0.0,0.0
15606,1,0.0,0.0,0.0,0.0,0.0,0.0,0.0,0.0,0.0,0.0
1760,4,0.0,0.0,0.0,0.0,0.0,0.0,0.0,0.0,0.0,0.0
8347,4,0.0,0.0,0.0,0.0,0.0,0.0,0.0,0.0,0.0,0.0
12881,1,0.0,0.0,0.0,0.0,0.0,0.0,0.0,0.0,0.0,0.0
3445,1,0.0,0.0,0.0,0.0,0.0,0.0,0.0,0.0,0.0,0.0
12960,1,0.0,0.0,0.0,0.0,0.0,0.0,0.0,0.0,0.0,0.0
1820,7,0.0,0.0,0.0,0.0,0.0,0.14285714285714285,0.0,0.0,0.14285714285714285,0.1
12814,1,0.0,0.0,0.0,0.0,0.0,0.0,0.0,0.0,0.0,0.0
17798,7,0.0,0.0,0.0,0.0,0.0,0.0,0.0,0.0,0.0,0.0
15066,4,0.0,0.0,0.0,0.0,0.0,0.0,0.0,0.0,0.0,0.0
9828,1,1.0,1.0,1.0,1.0,0.2,1.0,1.0,1.0,1.0,0.1
10961,9,0.0,0.0,0.0,0.0,0.0,0.1111111111111111,0.07407407407407407,0.07834851647149513,0.1111111111111111,0.1
3517,1,1.0,1.0,1.0,1.0,0.2,1.0,1.0,1.0,1.0,0.1
6559,4,0.0,0.0,0.0,0.0,0.0,0.0,0.0,0.0,0.0,0.0
4355,7,0.2,0.13333333333333333,0.14606834984270645,0.14285714285714285,0.2,0.42857142857142855,0.22448979591836735,0.21000823726012655,0.42857142857142855,0.3
1749,2,0.0,0.0,0.0,0.0,0.0,0.0,0.0,0.0,0.0,0.0
2816,4,0.25,0.0,0.0,0.25,0.2,0.5,0.0,0.0,0.5,0.2
8765,2,0.0,0.0,0.0,0.0,0.0,0.0,0.0,0.0,0.0,0.0
11596,4,0.0,0.0,0.0,0.0,0.0,0.0,0.0,0.0,0.0,0.0
1852,7,0.0,0.0,0.0,0.0,0.0,0.0,0.0,0.0,0.0,0.0
652,7,0.0,0.0,0.0,0.0,0.0,0.0,0.0,0.0,0.0,0.0
11644,1,0.0,0.0,0.0,0.0,0.0,0.0,0.0,0.0,0.0,0.0
6305,1,1.0,1.0,1.0,1.0,0.2,1.0,1.0,1.0,1.0,0.1
11613,1,0.0,0.0,0.0,0.0,0.0,0.0,0.0,0.0,0.0,0.0
9350,5,0.0,0.0,0.0,0.0,0.0,0.0,0.0,0.0,0.0,0.0
1505,16,0.0,0.0,0.0,0.0,0.0,0.0,0.0,0.0,0.0,0.0
3742,4,0.0,0.0,0.0,0.0,0.0,0.0,0.0,0.0,0.0,0.0
14829,2,0.0,0.0,0.0,0.0,0.0,0.0,0.0,0.0,0.0,0.0
9170,2,0.0,0.0,0.0,0.0,0.0,0.0,0.0,0.0,0.0,0.0
15557,4,0.0,0.0,0.0,0.0,0.0,0.0,0.0,0.0,0.0,0.0
10484,3,0.0,0.0,0.0,0.0,0.0,0.0,0.0,0.0,0.0,0.0
10079,1,0.0,0.0,0.0,0.0,0.0,0.0,0.0,0.0,0.0,0.0
391,1,0.0,0.0,0.0,0.0,0.0,0.0,0.0,0.0,0.0,0.0
3940,2,0.0,0.0,0.0,0.0,0.0,0.0,0.0,0.0,0.0,0.0
4214,12,0.2,0.26666666666666666,0.2139862647345275,0.08333333333333333,0.2,0.1,0.16363636363636364,0.1388624438735545,0.08333333333333333,0.1
6527,8,0.0,0.0,0.0,0.0,0.0,0.0,0.0,0.0,0.0,0.0
12903,33,0.0,0.0,0.0,0.0,0.0,0.0,0.0,0.0,0.0,0.0
1143,7,0.0,0.0,0.0,0.0,0.0,0.0,0.0,0.0,0.0,0.0
7272,5,0.2,0.06666666666666665,0.13120507751234176,0.2,0.2,0.2,0.15,0.13120507751234176,0.2,0.1
14218,1,0.0,0.0,0.0,0.0,0.0,0.0,0.0,0.0,0.0,0.0
14919,7,0.0,0.0,0.0,0.0,0.0,0.0,0.0,0.0,0.0,0.0
12072,2,0.0,0.0,0.0,0.0,0.0,0.0,0.0,0.0,0.0,0.0
4757,7,0.0,0.0,0.0,0.0,0.0,0.0,0.0,0.0,0.0,0.0
15681,1,1.0,1.0,1.0,1.0,0.2,1.0,1.0,1.0,1.0,0.1
376,1,0.0,0.0,0.0,0.0,0.0,0.0,0.0,0.0,0.0,0.0
16655,2,0.0,0.0,0.0,0.0,0.0,0.0,0.0,0.0,0.0,0.0
5572,9,0.0,0.0,0.0,0.0,0.0,0.0,0.0,0.0,0.0,0.0
302,4,0.0,0.0,0.0,0.0,0.0,0.0,0.0,0.0,0.0,0.0
6511,1,0.0,0.0,0.0,0.0,0.0,0.0,0.0,0.0,0.0,0.0
18308,5,0.0,0.0,0.0,0.0,0.0,0.0,0.0,0.0,0.0,0.0
17877,4,0.0,0.0,0.0,0.0,0.0,0.25,0.0,0.0,0.25,0.1
10801,1,0.0,0.0,0.0,0.0,0.0,0.0,0.0,0.0,0.0,0.0
13489,1,0.0,0.0,0.0,0.0,0.0,0.0,0.0,0.0,0.0,0.0
5649,2,0.0,0.0,0.0,0.0,0.0,0.0,0.0,0.0,0.0,0.0
5512,1,1.0,1.0,1.0,1.0,0.2,1.0,1.0,1.0,1.0,0.1
2539,30,0.0,0.0,0.0,0.0,0.0,0.2,0.054545454545454536,0.12987501165334073,0.06666666666666667,0.2
15382,4,0.0,0.0,0.0,0.0,0.0,0.0,0.0,0.0,0.0,0.0
14478,3,0.0,0.0,0.0,0.0,0.0,0.0,0.0,0.0,0.0,0.0
10305,3,0.3333333333333333,0.25,0.23463936301137822,0.3333333333333333,0.2,0.3333333333333333,0.2962962962962963,0.23463936301137822,0.3333333333333333,0.1
1302,3,0.0,0.0,0.0,0.0,0.0,0.0,0.0,0.0,0.0,0.0
14112,8,0.0,0.0,0.0,0.0,0.0,0.0,0.0,0.0,0.0,0.0
13355,4,0.0,0.0,0.0,0.0,0.0,0.0,0.0,0.0,0.0,0.0
7644,2,0.5,0.5555555555555556,0.6131471927654584,0.5,0.2,0.5,0.5263157894736842,0.6131471927654584,0.5,0.1
4582,1,0.0,0.0,0.0,0.0,0.0,0.0,0.0,0.0,0.0,0.0
15748,6,0.0,0.0,0.0,0.0,0.0,0.0,0.0,0.0,0.0,0.0
14060,7,0.0,0.0,0.0,0.0,0.0,0.0,0.0,0.0,0.0,0.0
5407,3,0.0,0.0,0.0,0.0,0.0,0.0,0.0,0.0,0.0,0.0
14876,1,0.0,0.0,0.0,0.0,0.0,0.0,0.0,0.0,0.0,0.0
3608,6,0.6,0.6,0.529634717214042,0.5,0.6,0.5,0.5333333333333334,0.472545838838712,0.5,0.3
2819,9,0.0,0.0,0.0,0.0,0.0,0.0,0.0,0.0,0.0,0.0
1412,2,0.0,0.0,0.0,0.0,0.0,0.0,0.0,0.0,0.0,0.0
10527,1,0.0,0.0,0.0,0.0,0.0,0.0,0.0,0.0,0.0,0.0
6504,3,0.0,0.0,0.0,0.0,0.0,0.0,0.0,0.0,0.0,0.0
1786,5,0.0,0.0,0.0,0.0,0.0,0.0,0.0,0.0,0.0,0.0
11863,3,0.0,0.0,0.0,0.0,0.0,0.0,0.0,0.0,0.0,0.0
8227,11,0.0,0.0,0.0,0.0,0.0,0.0,0.0,0.0,0.0,0.0
6941,5,0.0,0.0,0.0,0.0,0.0,0.0,0.0,0.0,0.0,0.0
2473,18,0.4,0.26666666666666666,0.3007851801491498,0.1111111111111111,0.4,0.2,0.2545454545454545,0.19518900079066104,0.1111111111111111,0.2
16762,4,0.0,0.0,0.0,0.0,0.0,0.0,0.0,0.0,0.0,0.0
14442,24,0.4,0.19999999999999998,0.2772734273550482,0.08333333333333333,0.4,0.3,0.3272727272727272,0.25832975098984706,0.125,0.3
15964,2,0.5,0.5555555555555556,0.6131471927654584,0.5,0.2,0.5,0.5263157894736842,0.6131471927654584,0.5,0.1
11188,5,0.0,0.0,0.0,0.0,0.0,0.0,0.0,0.0,0.0,0.0
8806,7,0.0,0.0,0.0,0.0,0.0,0.0,0.0,0.0,0.0,0.0
1197,4,0.0,0.0,0.0,0.0,0.0,0.0,0.0,0.0,0.0,0.0
15308,2,0.0,0.0,0.0,0.0,0.0,0.0,0.0,0.0,0.0,0.0
2450,2,0.0,0.0,0.0,0.0,0.0,0.0,0.0,0.0,0.0,0.0
14602,10,0.0,0.0,0.0,0.0,0.0,0.0,0.0,0.0,0.0,0.0
2472,4,0.0,0.0,0.0,0.0,0.0,0.0,0.0,0.0,0.0,0.0
939,1,0.0,0.0,0.0,0.0,0.0,0.0,0.0,0.0,0.0,0.0
6113,3,0.0,0.0,0.0,0.0,0.0,0.0,0.0,0.0,0.0,0.0
10167,6,0.0,0.0,0.0,0.0,0.0,0.0,0.0,0.0,0.0,0.0
15275,9,0.0,0.0,0.0,0.0,0.0,0.0,0.0,0.0,0.0,0.0
14560,5,0.0,0.0,0.0,0.0,0.0,0.0,0.0,0.0,0.0,0.0
2135,4,0.0,0.0,0.0,0.0,0.0,0.25,0.0,0.0,0.25,0.1
13936,1,0.0,0.0,0.0,0.0,0.0,0.0,0.0,0.0,0.0,0.0
17504,7,0.0,0.0,0.0,0.0,0.0,0.0,0.0,0.0,0.0,0.0
14550,5,0.0,0.0,0.0,0.0,0.0,0.0,0.0,0.0,0.0,0.0
10661,3,0.0,0.0,0.0,0.0,0.0,0.0,0.0,0.0,0.0,0.0
18224,2,0.0,0.0,0.0,0.0,0.0,0.0,0.0,0.0,0.0,0.0
8784,3,0.0,0.0,0.0,0.0,0.0,0.0,0.0,0.0,0.0,0.0
11005,1,0.0,0.0,0.0,0.0,0.0,0.0,0.0,0.0,0.0,0.0
7964,4,0.0,0.0,0.0,0.0,0.0,0.0,0.0,0.0,0.0,0.0
6157,2,0.0,0.0,0.0,0.0,0.0,0.0,0.0,0.0,0.0,0.0
893,1,0.0,0.0,0.0,0.0,0.0,0.0,0.0,0.0,0.0,0.0
13035,3,0.0,0.0,0.0,0.0,0.0,0.0,0.0,0.0,0.0,0.0
16729,4,0.0,0.0,0.0,0.0,0.0,0.0,0.0,0.0,0.0,0.0
11120,2,0.5,0.5555555555555556,0.6131471927654584,0.5,0.2,0.5,0.5263157894736842,0.6131471927654584,0.5,0.1
5780,1,1.0,1.0,1.0,1.0,0.2,1.0,1.0,1.0,1.0,0.1
13126,1,1.0,1.0,1.0,1.0,0.2,1.0,1.0,1.0,1.0,0.1
7931,10,0.2,0.19999999999999998,0.16958010263680803,0.1,0.2,0.1,0.14545454545454548,0.11004588314904007,0.1,0.1
18344,1,0.0,0.0,0.0,0.0,0.0,0.0,0.0,0.0,0.0,0.0
10770,22,0.0,0.0,0.0,0.0,0.0,0.0,0.0,0.0,0.0,0.0
13544,2,0.0,0.0,0.0,0.0,0.0,0.0,0.0,0.0,0.0,0.0
3345,7,0.0,0.0,0.0,0.0,0.0,0.0,0.0,0.0,0.0,0.0
11251,2,0.5,0.5555555555555556,0.6131471927654584,0.5,0.2,0.5,0.5263157894736842,0.6131471927654584,0.5,0.1
7634,8,0.4,0.3333333333333333,0.31564845247951445,0.25,0.4,0.25,0.28846153846153844,0.23540784400158446,0.25,0.2
2777,6,0.0,0.0,0.0,0.0,0.0,0.0,0.0,0.0,0.0,0.0
18133,3,0.0,0.0,0.0,0.0,0.0,0.0,0.0,0.0,0.0,0.0
5479,1,1.0,1.0,1.0,1.0,0.2,1.0,1.0,1.0,1.0,0.1
4852,7,0.0,0.0,0.0,0.0,0.0,0.0,0.0,0.0,0.0,0.0
15295,5,0.0,0.0,0.0,0.0,0.0,0.0,0.0,0.0,0.0,0.0
18226,1,0.0,0.0,0.0,0.0,0.0,0.0,0.0,0.0,0.0,0.0
17910,1,0.0,0.0,0.0,0.0,0.0,0.0,0.0,0.0,0.0,0.0
16856,5,0.0,0.0,0.0,0.0,0.0,0.0,0.0,0.0,0.0,0.0
17867,1,1.0,0.0,0.0,1.0,0.2,1.0,0.0,0.0,1.0,0.1
11083,2,0.5,0.0,0.0,0.5,0.2,0.5,0.0,0.0,0.5,0.1
5097,3,0.0,0.0,0.0,0.0,0.0,0.0,0.0,0.0,0.0,0.0
3718,4,0.0,0.0,0.0,0.0,0.0,0.0,0.0,0.0,0.0,0.0
17761,3,0.0,0.0,0.0,0.0,0.0,0.0,0.0,0.0,0.0,0.0
2980,1,0.0,0.0,0.0,0.0,0.0,0.0,0.0,0.0,0.0,0.0
8820,1,0.0,0.0,0.0,0.0,0.0,0.0,0.0,0.0,0.0,0.0
1751,8,0.0,0.0,0.0,0.0,0.0,0.0,0.0,0.0,0.0,0.0
5941,5,0.0,0.0,0.0,0.0,0.0,0.0,0.0,0.0,0.0,0.0
10980,5,0.0,0.0,0.0,0.0,0.0,0.0,0.0,0.0,0.0,0.0
10427,1,0.0,0.0,0.0,0.0,0.0,1.0,0.0,0.0,1.0,0.1
6931,6,0.0,0.0,0.0,0.0,0.0,0.0,0.0,0.0,0.0,0.0
10663,1,0.0,0.0,0.0,0.0,0.0,0.0,0.0,0.0,0.0,0.0
9394,2,0.0,0.0,0.0,0.0,0.0,0.0,0.0,0.0,0.0,0.0
611,5,0.0,0.0,0.0,0.0,0.0,0.0,0.0,0.0,0.0,0.0
15134,6,0.0,0.0,0.0,0.0,0.0,0.0,0.0,0.0,0.0,0.0
8019,1,1.0,0.0,0.0,1.0,0.2,1.0,0.0,0.0,1.0,0.1
17060,1,1.0,1.0,1.0,1.0,0.2,1.0,1.0,1.0,1.0,0.1
18082,1,0.0,0.0,0.0,0.0,0.0,0.0,0.0,0.0,0.0,0.0
6089,4,0.0,0.0,0.0,0.0,0.0,0.0,0.0,0.0,0.0,0.0
5670,4,0.0,0.0,0.0,0.0,0.0,0.0,0.0,0.0,0.0,0.0
12126,4,0.0,0.0,0.0,0.0,0.0,0.0,0.0,0.0,0.0,0.0
7872,3,0.6666666666666666,0.33333333333333337,0.29608191096586517,0.6666666666666666,0.4,0.6666666666666666,0.3333333333333333,0.29608191096586517,0.6666666666666666,0.2
10535,1,1.0,1.0,1.0,1.0,0.2,1.0,1.0,1.0,1.0,0.1
7615,3,0.0,0.0,0.0,0.0,0.0,0.0,0.0,0.0,0.0,0.0
10805,1,0.0,0.0,0.0,0.0,0.0,0.0,0.0,0.0,0.0,0.0
8841,3,0.0,0.0,0.0,0.0,0.0,0.0,0.0,0.0,0.0,0.0
14711,1,0.0,0.0,0.0,0.0,0.0,0.0,0.0,0.0,0.0,0.0
4218,5,0.2,0.19999999999999998,0.16958010263680803,0.2,0.2,0.2,0.2,0.16958010263680803,0.2,0.1
10858,10,0.0,0.0,0.0,0.0,0.0,0.0,0.0,0.0,0.0,0.0
13185,7,0.0,0.0,0.0,0.0,0.0,0.14285714285714285,0.0,0.0,0.14285714285714285,0.1
1148,3,0.0,0.0,0.0,0.0,0.0,0.0,0.0,0.0,0.0,0.0
3597,1,0.0,0.0,0.0,0.0,0.0,0.0,0.0,0.0,0.0,0.0
2668,7,0.2,0.13333333333333333,0.14606834984270645,0.14285714285714285,0.2,0.2857142857142857,0.14285714285714285,0.11838279295536291,0.2857142857142857,0.2
8640,2,0.0,0.0,0.0,0.0,0.0,0.0,0.0,0.0,0.0,0.0
4766,8,0.0,0.0,0.0,0.0,0.0,0.125,0.0,0.0,0.125,0.1
14659,3,0.3333333333333333,0.33333333333333337,0.29608191096586517,0.3333333333333333,0.2,0.6666666666666666,0.3333333333333333,0.29608191096586517,0.6666666666666666,0.2
11873,1,1.0,1.0,1.0,1.0,0.2,1.0,1.0,1.0,1.0,0.1
4808,9,0.0,0.0,0.0,0.0,0.0,0.1111111111111111,0.03703703703703703,0.0707557607210806,0.1111111111111111,0.1
6768,2,0.0,0.0,0.0,0.0,0.0,0.5,0.0,0.0,0.5,0.1
16893,5,0.0,0.0,0.0,0.0,0.0,0.0,0.0,0.0,0.0,0.0
15369,3,0.0,0.0,0.0,0.0,0.0,0.0,0.0,0.0,0.0,0.0
10488,5,0.0,0.0,0.0,0.0,0.0,0.0,0.0,0.0,0.0,0.0
11111,2,0.0,0.0,0.0,0.0,0.0,0.5,0.0,0.0,0.5,0.1
3147,1,1.0,1.0,1.0,1.0,0.2,1.0,1.0,1.0,1.0,0.1
5985,7,0.2,0.26666666666666666,0.2139862647345275,0.14285714285714285,0.2,0.14285714285714285,0.18367346938775508,0.17342765698823942,0.14285714285714285,0.1
4370,2,0.0,0.0,0.0,0.0,0.0,0.0,0.0,0.0,0.0,0.0
15584,3,0.3333333333333333,0.25,0.23463936301137822,0.3333333333333333,0.2,0.6666666666666666,0.2962962962962963,0.23463936301137822,0.6666666666666666,0.2
17252,6,0.0,0.0,0.0,0.0,0.0,0.0,0.0,0.0,0.0,0.0
17657,11,0.0,0.0,0.0,0.0,0.0,0.0,0.0,0.0,0.0,0.0
3003,4,0.0,0.0,0.0,0.0,0.0,0.0,0.0,0.0,0.0,0.0
17372,5,0.2,0.3333333333333333,0.33916020527361607,0.2,0.2,0.2,0.25,0.33916020527361607,0.2,0.1
7037,5,0.0,0.0,0.0,0.0,0.0,0.0,0.0,0.0,0.0,0.0
11294,1,0.0,0.0,0.0,0.0,0.0,0.0,0.0,0.0,0.0,0.0
16139,14,0.4,0.4000000000000001,0.3600546145772339,0.14285714285714285,0.4,0.2,0.29090909090909095,0.23365080824310527,0.14285714285714285,0.2
17775,2,0.0,0.0,0.0,0.0,0.0,0.0,0.0,0.0,0.0,0.0
2507,2,0.5,0.5555555555555556,0.6131471927654584,0.5,0.2,1.0,0.5263157894736842,0.6131471927654584,1.0,0.2
7869,4,0.0,0.0,0.0,0.0,0.0,0.0,0.0,0.0,0.0,0.0
13611,3,0.0,0.0,0.0,0.0,0.0,0.0,0.0,0.0,0.0,0.0
17039,3,0.0,0.0,0.0,0.0,0.0,0.0,0.0,0.0,0.0,0.0
14903,3,0.0,0.0,0.0,0.0,0.0,0.0,0.0,0.0,0.0,0.0
5084,1,0.0,0.0,0.0,0.0,0.0,0.0,0.0,0.0,0.0,0.0
11929,3,0.0,0.0,0.0,0.0,0.0,0.0,0.0,0.0,0.0,0.0
17122,3,0.0,0.0,0.0,0.0,0.0,0.0,0.0,0.0,0.0,0.0
17303,1,0.0,0.0,0.0,0.0,0.0,0.0,0.0,0.0,0.0,0.0
3277,3,0.0,0.0,0.0,0.0,0.0,0.0,0.0,0.0,0.0,0.0
5430,2,0.5,0.5555555555555556,0.6131471927654584,0.5,0.2,0.5,0.5263157894736842,0.6131471927654584,0.5,0.1
9917,1,1.0,0.0,0.0,1.0,0.2,1.0,0.0,0.0,1.0,0.1
10126,2,0.0,0.0,0.0,0.0,0.0,0.0,0.0,0.0,0.0,0.0
6910,1,0.0,0.0,0.0,0.0,0.0,0.0,0.0,0.0,0.0,0.0
10914,5,0.0,0.0,0.0,0.0,0.0,0.0,0.0,0.0,0.0,0.0
11812,6,0.0,0.0,0.0,0.0,0.0,0.0,0.0,0.0,0.0,0.0
11534,1,0.0,0.0,0.0,0.0,0.0,0.0,0.0,0.0,0.0,0.0
3392,10,0.0,0.0,0.0,0.0,0.0,0.0,0.0,0.0,0.0,0.0
846,10,0.2,0.06666666666666665,0.13120507751234176,0.1,0.2,0.1,0.10909090909090909,0.08514311764162097,0.1,0.1
10421,2,0.0,0.0,0.0,0.0,0.0,0.0,0.0,0.0,0.0,0.0
3628,3,0.0,0.0,0.0,0.0,0.0,0.0,0.0,0.0,0.0,0.0
9373,2,0.0,0.0,0.0,0.0,0.0,0.0,0.0,0.0,0.0,0.0
5869,2,0.5,0.4444444444444445,0.3868528072345415,0.5,0.2,0.5,0.4736842105263158,0.3868528072345415,0.5,0.1
4535,6,0.0,0.0,0.0,0.0,0.0,0.0,0.0,0.0,0.0,0.0
7120,4,0.0,0.0,0.0,0.0,0.0,0.0,0.0,0.0,0.0,0.0
3323,5,0.0,0.0,0.0,0.0,0.0,0.2,0.0,0.0,0.2,0.1
15911,2,0.5,0.5555555555555556,0.6131471927654584,0.5,0.2,0.5,0.5263157894736842,0.6131471927654584,0.5,0.1
6542,5,0.4,0.26666666666666666,0.3007851801491498,0.4,0.4,0.4,0.35,0.3007851801491498,0.4,0.2
1663,1,0.0,0.0,0.0,0.0,0.0,0.0,0.0,0.0,0.0,0.0
1986,1,1.0,1.0,1.0,1.0,0.2,1.0,1.0,1.0,1.0,0.1
10544,1,0.0,0.0,0.0,0.0,0.0,0.0,0.0,0.0,0.0,0.0
15409,1,0.0,0.0,0.0,0.0,0.0,0.0,0.0,0.0,0.0,0.0
14210,4,0.0,0.0,0.0,0.0,0.0,0.25,0.0,0.0,0.25,0.1
14159,5,0.0,0.0,0.0,0.0,0.0,0.0,0.0,0.0,0.0,0.0
9666,5,0.0,0.0,0.0,0.0,0.0,0.0,0.0,0.0,0.0,0.0
3339,8,0.0,0.0,0.0,0.0,0.0,0.0,0.0,0.0,0.0,0.0
10886,6,0.0,0.0,0.0,0.0,0.0,0.0,0.0,0.0,0.0,0.0
11186,4,0.0,0.0,0.0,0.0,0.0,0.0,0.0,0.0,0.0,0.0
13175,11,0.0,0.0,0.0,0.0,0.0,0.0,0.0,0.0,0.0,0.0
6003,6,0.0,0.0,0.0,0.0,0.0,0.0,0.0,0.0,0.0,0.0
1027,3,0.0,0.0,0.0,0.0,0.0,0.0,0.0,0.0,0.0,0.0
17936,1,0.0,0.0,0.0,0.0,0.0,0.0,0.0,0.0,0.0,0.0
17087,11,0.0,0.0,0.0,0.0,0.0,0.0,0.0,0.0,0.0,0.0
7057,1,1.0,1.0,1.0,1.0,0.2,1.0,1.0,1.0,1.0,0.1
1370,5,0.0,0.0,0.0,0.0,0.0,0.0,0.0,0.0,0.0,0.0
14600,5,0.0,0.0,0.0,0.0,0.0,0.0,0.0,0.0,0.0,0.0
18323,1,0.0,0.0,0.0,0.0,0.0,0.0,0.0,0.0,0.0,0.0
18276,1,0.0,0.0,0.0,0.0,0.0,0.0,0.0,0.0,0.0,0.0
15452,8,0.0,0.0,0.0,0.0,0.0,0.0,0.0,0.0,0.0,0.0
9111,4,0.0,0.0,0.0,0.0,0.0,0.25,0.0,0.0,0.25,0.1
12772,6,0.0,0.0,0.0,0.0,0.0,0.0,0.0,0.0,0.0,0.0
11706,1,0.0,0.0,0.0,0.0,0.0,0.0,0.0,0.0,0.0,0.0
12395,6,0.0,0.0,0.0,0.0,0.0,0.16666666666666666,0.0,0.0,0.16666666666666666,0.1
9562,5,0.0,0.0,0.0,0.0,0.0,0.0,0.0,0.0,0.0,0.0
759,1,1.0,0.0,0.0,1.0,0.2,1.0,0.0,0.0,1.0,0.1
6835,1,1.0,1.0,1.0,1.0,0.2,1.0,1.0,1.0,1.0,0.1
14598,1,0.0,0.0,0.0,0.0,0.0,0.0,0.0,0.0,0.0,0.0
15592,2,0.5,0.5555555555555556,0.6131471927654584,0.5,0.2,0.5,0.5263157894736842,0.6131471927654584,0.5,0.1
634,3,0.0,0.0,0.0,0.0,0.0,0.0,0.0,0.0,0.0,0.0
4048,15,0.0,0.0,0.0,0.0,0.0,0.0,0.0,0.0,0.0,0.0
8570,5,0.0,0.0,0.0,0.0,0.0,0.0,0.0,0.0,0.0,0.0
11631,2,0.0,0.0,0.0,0.0,0.0,0.0,0.0,0.0,0.0,0.0
2079,4,0.0,0.0,0.0,0.0,0.0,0.0,0.0,0.0,0.0,0.0
1763,6,0.0,0.0,0.0,0.0,0.0,0.0,0.0,0.0,0.0,0.0
13661,1,0.0,0.0,0.0,0.0,0.0,0.0,0.0,0.0,0.0,0.0
5268,4,0.0,0.0,0.0,0.0,0.0,0.0,0.0,0.0,0.0,0.0
7731,9,0.0,0.0,0.0,0.0,0.0,0.0,0.0,0.0,0.0,0.0
17178,9,0.0,0.0,0.0,0.0,0.0,0.0,0.0,0.0,0.0,0.0
13617,4,0.0,0.0,0.0,0.0,0.0,0.0,0.0,0.0,0.0,0.0
9451,3,0.0,0.0,0.0,0.0,0.0,0.0,0.0,0.0,0.0,0.0
12581,1,0.0,0.0,0.0,0.0,0.0,0.0,0.0,0.0,0.0,0.0
10076,6,0.0,0.0,0.0,0.0,0.0,0.16666666666666666,0.0,0.0,0.16666666666666666,0.1
14473,2,0.0,0.0,0.0,0.0,0.0,0.0,0.0,0.0,0.0,0.0
8042,3,0.0,0.0,0.0,0.0,0.0,0.0,0.0,0.0,0.0,0.0
3355,1,0.0,0.0,0.0,0.0,0.0,0.0,0.0,0.0,0.0,0.0
4009,1,0.0,0.0,0.0,0.0,0.0,0.0,0.0,0.0,0.0,0.0
14239,3,0.0,0.0,0.0,0.0,0.0,0.0,0.0,0.0,0.0,0.0
8659,4,0.0,0.0,0.0,0.0,0.0,0.0,0.0,0.0,0.0,0.0
1481,2,0.0,0.0,0.0,0.0,0.0,0.0,0.0,0.0,0.0,0.0
149,3,0.3333333333333333,0.25,0.23463936301137822,0.3333333333333333,0.2,0.3333333333333333,0.2962962962962963,0.23463936301137822,0.3333333333333333,0.1
2698,4,0.0,0.0,0.0,0.0,0.0,0.0,0.0,0.0,0.0,0.0
12984,3,0.0,0.0,0.0,0.0,0.0,0.0,0.0,0.0,0.0,0.0
4497,1,0.0,0.0,0.0,0.0,0.0,0.0,0.0,0.0,0.0,0.0
8059,7,0.0,0.0,0.0,0.0,0.0,0.0,0.0,0.0,0.0,0.0
12982,7,0.2,0.3333333333333333,0.33916020527361607,0.14285714285714285,0.2,0.14285714285714285,0.2040816326530612,0.27487633291429087,0.14285714285714285,0.1
17780,4,0.0,0.0,0.0,0.0,0.0,0.0,0.0,0.0,0.0,0.0
13233,1,0.0,0.0,0.0,0.0,0.0,0.0,0.0,0.0,0.0,0.0
12364,1,1.0,1.0,1.0,1.0,0.2,1.0,1.0,1.0,1.0,0.1
16944,1,0.0,0.0,0.0,0.0,0.0,0.0,0.0,0.0,0.0,0.0
15122,1,1.0,0.0,0.0,1.0,0.2,1.0,0.0,0.0,1.0,0.1
4346,8,0.0,0.0,0.0,0.0,0.0,0.0,0.0,0.0,0.0,0.0
3722,2,0.0,0.0,0.0,0.0,0.0,0.0,0.0,0.0,0.0,0.0
15919,1,0.0,0.0,0.0,0.0,0.0,0.0,0.0,0.0,0.0,0.0
14491,9,0.0,0.0,0.0,0.0,0.0,0.0,0.0,0.0,0.0,0.0
12893,4,0.0,0.0,0.0,0.0,0.0,0.0,0.0,0.0,0.0,0.0
16619,8,0.0,0.0,0.0,0.0,0.0,0.0,0.0,0.0,0.0,0.0
13365,1,0.0,0.0,0.0,0.0,0.0,0.0,0.0,0.0,0.0,0.0
8426,3,0.3333333333333333,0.0,0.0,0.3333333333333333,0.2,0.3333333333333333,0.0,0.0,0.3333333333333333,0.1
8210,6,0.0,0.0,0.0,0.0,0.0,0.0,0.0,0.0,0.0,0.0
13767,7,0.0,0.0,0.0,0.0,0.0,0.0,0.0,0.0,0.0,0.0
14622,1,0.0,0.0,0.0,0.0,0.0,0.0,0.0,0.0,0.0,0.0
14868,3,0.0,0.0,0.0,0.0,0.0,0.0,0.0,0.0,0.0,0.0
5267,2,0.5,0.0,0.0,0.5,0.2,1.0,0.0,0.0,1.0,0.2
5480,1,0.0,0.0,0.0,0.0,0.0,0.0,0.0,0.0,0.0,0.0
18042,1,0.0,0.0,0.0,0.0,0.0,0.0,0.0,0.0,0.0,0.0
6380,5,0.0,0.0,0.0,0.0,0.0,0.0,0.0,0.0,0.0,0.0
13005,1,0.0,0.0,0.0,0.0,0.0,0.0,0.0,0.0,0.0,0.0
484,7,0.0,0.0,0.0,0.0,0.0,0.0,0.0,0.0,0.0,0.0
10143,1,0.0,0.0,0.0,0.0,0.0,0.0,0.0,0.0,0.0,0.0
8958,1,0.0,0.0,0.0,0.0,0.0,0.0,0.0,0.0,0.0,0.0
3129,9,0.0,0.0,0.0,0.0,0.0,0.0,0.0,0.0,0.0,0.0
1780,2,0.0,0.0,0.0,0.0,0.0,0.0,0.0,0.0,0.0,0.0
17024,13,0.0,0.0,0.0,0.0,0.0,0.1,0.018181818181818177,0.0636207881989517,0.07692307692307693,0.1
3499,3,0.0,0.0,0.0,0.0,0.0,0.0,0.0,0.0,0.0,0.0
15799,2,0.0,0.0,0.0,0.0,0.0,0.0,0.0,0.0,0.0,0.0
2269,2,0.0,0.0,0.0,0.0,0.0,0.0,0.0,0.0,0.0,0.0
15502,1,0.0,0.0,0.0,0.0,0.0,0.0,0.0,0.0,0.0,0.0
851,5,0.0,0.0,0.0,0.0,0.0,0.0,0.0,0.0,0.0,0.0
5834,1,1.0,1.0,1.0,1.0,0.2,1.0,1.0,1.0,1.0,0.1
11616,5,0.0,0.0,0.0,0.0,0.0,0.0,0.0,0.0,0.0,0.0
15064,1,0.0,0.0,0.0,0.0,0.0,0.0,0.0,0.0,0.0,0.0
7696,2,0.0,0.0,0.0,0.0,0.0,0.0,0.0,0.0,0.0,0.0
5731,1,0.0,0.0,0.0,0.0,0.0,0.0,0.0,0.0,0.0,0.0
1769,4,0.0,0.0,0.0,0.0,0.0,0.0,0.0,0.0,0.0,0.0
8341,5,0.0,0.0,0.0,0.0,0.0,0.0,0.0,0.0,0.0,0.0
11210,3,0.0,0.0,0.0,0.0,0.0,0.0,0.0,0.0,0.0,0.0
14816,3,0.0,0.0,0.0,0.0,0.0,0.0,0.0,0.0,0.0,0.0
3697,1,1.0,0.0,0.0,1.0,0.2,1.0,0.0,0.0,1.0,0.1
13913,1,0.0,0.0,0.0,0.0,0.0,0.0,0.0,0.0,0.0,0.0
16698,4,0.0,0.0,0.0,0.0,0.0,0.0,0.0,0.0,0.0,0.0
7315,5,0.0,0.0,0.0,0.0,0.0,0.0,0.0,0.0,0.0,0.0
3658,3,0.0,0.0,0.0,0.0,0.0,0.0,0.0,0.0,0.0,0.0
13292,4,0.0,0.0,0.0,0.0,0.0,0.0,0.0,0.0,0.0,0.0
8848,6,0.2,0.06666666666666665,0.13120507751234176,0.16666666666666666,0.2,0.16666666666666666,0.13333333333333333,0.11706259313796352,0.16666666666666666,0.1
17834,1,0.0,0.0,0.0,0.0,0.0,0.0,0.0,0.0,0.0,0.0
17985,5,0.0,0.0,0.0,0.0,0.0,0.0,0.0,0.0,0.0,0.0
9056,7,0.0,0.0,0.0,0.0,0.0,0.0,0.0,0.0,0.0,0.0
10350,18,0.0,0.0,0.0,0.0,0.0,0.1,0.05454545454545456,0.06943122193677725,0.05555555555555555,0.1
9486,7,0.0,0.0,0.0,0.0,0.0,0.0,0.0,0.0,0.0,0.0
15986,1,0.0,0.0,0.0,0.0,0.0,0.0,0.0,0.0,0.0,0.0
7191,8,0.0,0.0,0.0,0.0,0.0,0.0,0.0,0.0,0.0,0.0
18052,3,0.0,0.0,0.0,0.0,0.0,0.0,0.0,0.0,0.0,0.0
4811,5,0.0,0.0,0.0,0.0,0.0,0.0,0.0,0.0,0.0,0.0
5113,11,0.0,0.0,0.0,0.0,0.0,0.0,0.0,0.0,0.0,0.0
1596,3,0.3333333333333333,0.4166666666666667,0.46927872602275644,0.3333333333333333,0.2,0.3333333333333333,0.37037037037037035,0.46927872602275644,0.3333333333333333,0.1
2621,7,0.0,0.0,0.0,0.0,0.0,0.0,0.0,0.0,0.0,0.0
6886,1,0.0,0.0,0.0,0.0,0.0,1.0,0.0,0.0,1.0,0.1
11395,1,0.0,0.0,0.0,0.0,0.0,0.0,0.0,0.0,0.0,0.0
16491,3,0.0,0.0,0.0,0.0,0.0,0.0,0.0,0.0,0.0,0.0
14562,2,0.0,0.0,0.0,0.0,0.0,0.0,0.0,0.0,0.0,0.0
18137,1,0.0,0.0,0.0,0.0,0.0,0.0,0.0,0.0,0.0,0.0
855,21,0.0,0.0,0.0,0.0,0.0,0.0,0.0,0.0,0.0,0.0
16470,1,0.0,0.0,0.0,0.0,0.0,0.0,0.0,0.0,0.0,0.0
4217,2,0.0,0.0,0.0,0.0,0.0,0.0,0.0,0.0,0.0,0.0
464,2,0.5,0.4444444444444445,0.3868528072345415,0.5,0.2,0.5,0.4736842105263158,0.3868528072345415,0.5,0.1
18055,3,0.0,0.0,0.0,0.0,0.0,0.0,0.0,0.0,0.0,0.0
7616,2,0.0,0.0,0.0,0.0,0.0,0.0,0.0,0.0,0.0,0.0
7170,4,0.0,0.0,0.0,0.0,0.0,0.0,0.0,0.0,0.0,0.0
10435,2,0.5,0.4444444444444445,0.3868528072345415,0.5,0.2,0.5,0.4736842105263158,0.3868528072345415,0.5,0.1
10984,9,0.0,0.0,0.0,0.0,0.0,0.0,0.0,0.0,0.0,0.0
12948,4,0.0,0.0,0.0,0.0,0.0,0.0,0.0,0.0,0.0,0.0
13282,2,0.5,0.5555555555555556,0.6131471927654584,0.5,0.2,0.5,0.5263157894736842,0.6131471927654584,0.5,0.1
7525,3,0.6666666666666666,0.4166666666666667,0.46927872602275644,0.6666666666666666,0.4,0.6666666666666666,0.37037037037037035,0.46927872602275644,0.6666666666666666,0.2
15833,1,1.0,1.0,1.0,1.0,0.2,1.0,1.0,1.0,1.0,0.1
5606,4,0.0,0.0,0.0,0.0,0.0,0.0,0.0,0.0,0.0,0.0
10549,3,0.0,0.0,0.0,0.0,0.0,0.0,0.0,0.0,0.0,0.0
5584,2,0.0,0.0,0.0,0.0,0.0,0.0,0.0,0.0,0.0,0.0
495,2,0.0,0.0,0.0,0.0,0.0,0.5,0.0,0.0,0.5,0.1
13261,11,0.2,0.13333333333333333,0.14606834984270645,0.09090909090909091,0.2,0.1,0.12727272727272726,0.09478836436955078,0.09090909090909091,0.1
130,9,0.0,0.0,0.0,0.0,0.0,0.0,0.0,0.0,0.0,0.0
10280,4,0.0,0.0,0.0,0.0,0.0,0.0,0.0,0.0,0.0,0.0
8909,5,0.0,0.0,0.0,0.0,0.0,0.0,0.0,0.0,0.0,0.0
9866,1,1.0,1.0,1.0,1.0,0.2,1.0,1.0,1.0,1.0,0.1
13729,4,0.0,0.0,0.0,0.0,0.0,0.0,0.0,0.0,0.0,0.0
16763,1,1.0,1.0,1.0,1.0,0.2,1.0,1.0,1.0,1.0,0.1
2994,5,0.0,0.0,0.0,0.0,0.0,0.0,0.0,0.0,0.0,0.0
6363,3,0.0,0.0,0.0,0.0,0.0,0.0,0.0,0.0,0.0,0.0
7033,1,0.0,0.0,0.0,0.0,0.0,0.0,0.0,0.0,0.0,0.0
2511,1,0.0,0.0,0.0,0.0,0.0,0.0,0.0,0.0,0.0,0.0
2461,3,0.0,0.0,0.0,0.0,0.0,0.6666666666666666,0.0,0.0,0.6666666666666666,0.2
5439,2,0.0,0.0,0.0,0.0,0.0,0.0,0.0,0.0,0.0,0.0
3534,7,0.0,0.0,0.0,0.0,0.0,0.0,0.0,0.0,0.0,0.0
7716,1,0.0,0.0,0.0,0.0,0.0,1.0,0.0,0.0,1.0,0.1
7883,3,0.0,0.0,0.0,0.0,0.0,0.0,0.0,0.0,0.0,0.0
279,6,0.0,0.0,0.0,0.0,0.0,0.0,0.0,0.0,0.0,0.0
10511,1,1.0,1.0,1.0,1.0,0.2,1.0,1.0,1.0,1.0,0.1
5933,3,0.3333333333333333,0.33333333333333337,0.29608191096586517,0.3333333333333333,0.2,0.3333333333333333,0.3333333333333333,0.29608191096586517,0.3333333333333333,0.1
15421,1,0.0,0.0,0.0,0.0,0.0,0.0,0.0,0.0,0.0,0.0
17419,1,1.0,1.0,1.0,1.0,0.2,1.0,1.0,1.0,1.0,0.1
1055,2,1.0,0.5555555555555556,0.6131471927654584,1.0,0.4,1.0,0.5263157894736842,0.6131471927654584,1.0,0.2
10783,3,0.0,0.0,0.0,0.0,0.0,0.0,0.0,0.0,0.0,0.0
14438,2,0.0,0.0,0.0,0.0,0.0,0.0,0.0,0.0,0.0,0.0
6703,18,0.0,0.0,0.0,0.0,0.0,0.0,0.0,0.0,0.0,0.0
12006,8,0.0,0.0,0.0,0.0,0.0,0.0,0.0,0.0,0.0,0.0
12776,1,0.0,0.0,0.0,0.0,0.0,0.0,0.0,0.0,0.0,0.0
8713,7,0.0,0.0,0.0,0.0,0.0,0.0,0.0,0.0,0.0,0.0
12646,5,0.0,0.0,0.0,0.0,0.0,0.0,0.0,0.0,0.0,0.0
7919,1,0.0,0.0,0.0,0.0,0.0,0.0,0.0,0.0,0.0,0.0
3420,5,0.0,0.0,0.0,0.0,0.0,0.0,0.0,0.0,0.0,0.0
15793,4,0.25,0.35714285714285715,0.39038004999210163,0.25,0.2,0.25,0.2941176470588235,0.39038004999210163,0.25,0.1
8742,2,1.0,1.0,1.0,1.0,0.4,1.0,1.0,1.0,1.0,0.2
9230,1,0.0,0.0,0.0,0.0,0.0,0.0,0.0,0.0,0.0,0.0
5485,2,0.0,0.0,0.0,0.0,0.0,0.0,0.0,0.0,0.0,0.0
1465,15,0.0,0.0,0.0,0.0,0.0,0.0,0.0,0.0,0.0,0.0
7732,10,0.0,0.0,0.0,0.0,0.0,0.1,0.036363636363636355,0.06625422345438903,0.1,0.1
5708,1,0.0,0.0,0.0,0.0,0.0,0.0,0.0,0.0,0.0,0.0
850,10,0.0,0.0,0.0,0.0,0.0,0.0,0.0,0.0,0.0,0.0
2908,3,0.0,0.0,0.0,0.0,0.0,0.0,0.0,0.0,0.0,0.0
11232,7,0.2,0.19999999999999998,0.16958010263680803,0.14285714285714285,0.2,0.14285714285714285,0.16326530612244897,0.13743816645714543,0.14285714285714285,0.1
2097,5,0.0,0.0,0.0,0.0,0.0,0.0,0.0,0.0,0.0,0.0
12306,2,0.0,0.0,0.0,0.0,0.0,0.0,0.0,0.0,0.0,0.0
11443,4,0.5,0.42857142857142866,0.41442992501184733,0.5,0.4,0.5,0.47058823529411764,0.41442992501184733,0.5,0.2
2387,6,0.0,0.0,0.0,0.0,0.0,0.0,0.0,0.0,0.0,0.0
17788,10,0.0,0.0,0.0,0.0,0.0,0.0,0.0,0.0,0.0,0.0
4145,1,0.0,0.0,0.0,0.0,0.0,0.0,0.0,0.0,0.0,0.0
5378,2,0.5,0.0,0.0,0.5,0.2,0.5,0.0,0.0,0.5,0.1
8359,5,0.0,0.0,0.0,0.0,0.0,0.0,0.0,0.0,0.0,0.0
16191,1,0.0,0.0,0.0,0.0,0.0,0.0,0.0,0.0,0.0,0.0
18324,4,0.0,0.0,0.0,0.0,0.0,0.0,0.0,0.0,0.0,0.0
13229,3,0.0,0.0,0.0,0.0,0.0,0.6666666666666666,0.0,0.0,0.6666666666666666,0.2
11586,1,0.0,0.0,0.0,0.0,0.0,0.0,0.0,0.0,0.0,0.0
2829,1,0.0,0.0,0.0,0.0,0.0,0.0,0.0,0.0,0.0,0.0
8741,5,0.0,0.0,0.0,0.0,0.0,0.0,0.0,0.0,0.0,0.0
2348,10,0.0,0.0,0.0,0.0,0.0,0.0,0.0,0.0,0.0,0.0
7059,4,0.0,0.0,0.0,0.0,0.0,0.0,0.0,0.0,0.0,0.0
14972,4,0.25,0.2142857142857143,0.19519002499605081,0.25,0.2,0.25,0.23529411764705882,0.19519002499605081,0.25,0.1
8257,3,0.3333333333333333,0.4166666666666667,0.46927872602275644,0.3333333333333333,0.2,0.3333333333333333,0.37037037037037035,0.46927872602275644,0.3333333333333333,0.1
8270,1,1.0,1.0,1.0,1.0,0.2,1.0,1.0,1.0,1.0,0.1
10477,2,0.0,0.0,0.0,0.0,0.0,0.0,0.0,0.0,0.0,0.0
5174,5,0.0,0.0,0.0,0.0,0.0,0.0,0.0,0.0,0.0,0.0
13466,4,0.0,0.0,0.0,0.0,0.0,0.0,0.0,0.0,0.0,0.0
17350,1,0.0,0.0,0.0,0.0,0.0,0.0,0.0,0.0,0.0,0.0
12907,4,0.0,0.0,0.0,0.0,0.0,0.0,0.0,0.0,0.0,0.0
1576,5,0.0,0.0,0.0,0.0,0.0,0.2,0.0,0.0,0.2,0.1
8962,1,0.0,0.0,0.0,0.0,0.0,0.0,0.0,0.0,0.0,0.0
4006,1,0.0,0.0,0.0,0.0,0.0,0.0,0.0,0.0,0.0,0.0
6396,1,0.0,0.0,0.0,0.0,0.0,0.0,0.0,0.0,0.0,0.0
13754,1,1.0,1.0,1.0,1.0,0.2,1.0,1.0,1.0,1.0,0.1
8464,13,0.0,0.0,0.0,0.0,0.0,0.0,0.0,0.0,0.0,0.0
1513,2,0.0,0.0,0.0,0.0,0.0,0.0,0.0,0.0,0.0,0.0
12283,3,0.0,0.0,0.0,0.0,0.0,0.0,0.0,0.0,0.0,0.0
8034,4,0.0,0.0,0.0,0.0,0.0,0.0,0.0,0.0,0.0,0.0
12109,3,0.0,0.0,0.0,0.0,0.0,0.0,0.0,0.0,0.0,0.0
16040,2,0.0,0.0,0.0,0.0,0.0,0.0,0.0,0.0,0.0,0.0
5235,1,1.0,1.0,1.0,1.0,0.2,1.0,1.0,1.0,1.0,0.1
10941,4,0.0,0.0,0.0,0.0,0.0,0.0,0.0,0.0,0.0,0.0
11986,2,0.0,0.0,0.0,0.0,0.0,0.5,0.0,0.0,0.5,0.1
13376,1,1.0,1.0,1.0,1.0,0.2,1.0,1.0,1.0,1.0,0.1
6788,3,0.0,0.0,0.0,0.0,0.0,0.0,0.0,0.0,0.0,0.0
1497,1,0.0,0.0,0.0,0.0,0.0,0.0,0.0,0.0,0.0,0.0
6804,1,1.0,1.0,1.0,1.0,0.2,1.0,1.0,1.0,1.0,0.1
11611,1,0.0,0.0,0.0,0.0,0.0,1.0,0.0,0.0,1.0,0.1
3818,2,0.0,0.0,0.0,0.0,0.0,0.0,0.0,0.0,0.0,0.0
12614,5,0.2,0.3333333333333333,0.33916020527361607,0.2,0.2,0.2,0.25,0.33916020527361607,0.2,0.1
8091,1,0.0,0.0,0.0,0.0,0.0,0.0,0.0,0.0,0.0,0.0
10315,1,0.0,0.0,0.0,0.0,0.0,0.0,0.0,0.0,0.0,0.0
17519,5,0.0,0.0,0.0,0.0,0.0,0.0,0.0,0.0,0.0,0.0
17043,1,0.0,0.0,0.0,0.0,0.0,0.0,0.0,0.0,0.0,0.0
4663,4,0.0,0.0,0.0,0.0,0.0,0.0,0.0,0.0,0.0,0.0
4734,3,0.0,0.0,0.0,0.0,0.0,0.0,0.0,0.0,0.0,0.0
670,10,0.0,0.0,0.0,0.0,0.0,0.0,0.0,0.0,0.0,0.0
17655,19,0.0,0.0,0.0,0.0,0.0,0.0,0.0,0.0,0.0,0.0
18234,1,0.0,0.0,0.0,0.0,0.0,0.0,0.0,0.0,0.0,0.0
13384,3,0.0,0.0,0.0,0.0,0.0,0.0,0.0,0.0,0.0,0.0
8131,1,0.0,0.0,0.0,0.0,0.0,0.0,0.0,0.0,0.0,0.0
13178,1,0.0,0.0,0.0,0.0,0.0,0.0,0.0,0.0,0.0,0.0
17794,1,1.0,1.0,1.0,1.0,0.2,1.0,1.0,1.0,1.0,0.1
92,6,0.0,0.0,0.0,0.0,0.0,0.16666666666666666,0.0,0.0,0.16666666666666666,0.1
13915,1,0.0,0.0,0.0,0.0,0.0,0.0,0.0,0.0,0.0,0.0
8451,5,0.0,0.0,0.0,0.0,0.0,0.0,0.0,0.0,0.0,0.0
2601,1,0.0,0.0,0.0,0.0,0.0,0.0,0.0,0.0,0.0,0.0
14649,4,0.0,0.0,0.0,0.0,0.0,0.0,0.0,0.0,0.0,0.0
9516,1,0.0,0.0,0.0,0.0,0.0,0.0,0.0,0.0,0.0,0.0
401,4,0.0,0.0,0.0,0.0,0.0,0.0,0.0,0.0,0.0,0.0
16801,2,0.0,0.0,0.0,0.0,0.0,0.0,0.0,0.0,0.0,0.0
14898,1,0.0,0.0,0.0,0.0,0.0,0.0,0.0,0.0,0.0,0.0
13712,5,0.0,0.0,0.0,0.0,0.0,0.0,0.0,0.0,0.0,0.0
12326,1,0.0,0.0,0.0,0.0,0.0,0.0,0.0,0.0,0.0,0.0
13102,5,0.0,0.0,0.0,0.0,0.0,0.0,0.0,0.0,0.0,0.0
4713,1,0.0,0.0,0.0,0.0,0.0,0.0,0.0,0.0,0.0,0.0
15898,9,0.0,0.0,0.0,0.0,0.0,0.0,0.0,0.0,0.0,0.0
17906,4,0.0,0.0,0.0,0.0,0.0,0.0,0.0,0.0,0.0,0.0
226,5,0.0,0.0,0.0,0.0,0.0,0.0,0.0,0.0,0.0,0.0
6062,7,0.0,0.0,0.0,0.0,0.0,0.14285714285714285,0.1020408163265306,0.0979129253499678,0.14285714285714285,0.1
16302,2,0.0,0.0,0.0,0.0,0.0,0.0,0.0,0.0,0.0,0.0
6654,3,0.0,0.0,0.0,0.0,0.0,0.0,0.0,0.0,0.0,0.0
17518,4,0.0,0.0,0.0,0.0,0.0,0.0,0.0,0.0,0.0,0.0
7300,3,0.0,0.0,0.0,0.0,0.0,0.0,0.0,0.0,0.0,0.0
5805,5,0.0,0.0,0.0,0.0,0.0,0.2,0.0,0.0,0.2,0.1
5350,10,0.0,0.0,0.0,0.0,0.0,0.0,0.0,0.0,0.0,0.0
16615,2,0.0,0.0,0.0,0.0,0.0,0.0,0.0,0.0,0.0,0.0
3928,3,0.0,0.0,0.0,0.0,0.0,0.0,0.0,0.0,0.0,0.0
15367,8,0.0,0.0,0.0,0.0,0.0,0.0,0.0,0.0,0.0,0.0
9847,11,0.0,0.0,0.0,0.0,0.0,0.0,0.0,0.0,0.0,0.0
15068,1,0.0,0.0,0.0,0.0,0.0,0.0,0.0,0.0,0.0,0.0
18116,1,0.0,0.0,0.0,0.0,0.0,0.0,0.0,0.0,0.0,0.0
5491,2,0.0,0.0,0.0,0.0,0.0,0.0,0.0,0.0,0.0,0.0
12657,2,0.0,0.0,0.0,0.0,0.0,0.0,0.0,0.0,0.0,0.0
10645,6,0.2,0.13333333333333333,0.14606834984270645,0.16666666666666666,0.2,0.16666666666666666,0.15555555555555556,0.13032376591037065,0.16666666666666666,0.1
18275,4,0.0,0.0,0.0,0.0,0.0,0.0,0.0,0.0,0.0,0.0
13639,12,0.0,0.0,0.0,0.0,0.0,0.0,0.0,0.0,0.0,0.0
5156,1,0.0,0.0,0.0,0.0,0.0,0.0,0.0,0.0,0.0,0.0
17998,1,0.0,0.0,0.0,0.0,0.0,0.0,0.0,0.0,0.0,0.0
11773,1,0.0,0.0,0.0,0.0,0.0,0.0,0.0,0.0,0.0,0.0
5915,3,0.3333333333333333,0.0,0.0,0.3333333333333333,0.2,0.3333333333333333,0.0,0.0,0.3333333333333333,0.1
15614,7,0.0,0.0,0.0,0.0,0.0,0.0,0.0,0.0,0.0,0.0
17626,1,0.0,0.0,0.0,0.0,0.0,0.0,0.0,0.0,0.0,0.0
5016,1,0.0,0.0,0.0,0.0,0.0,0.0,0.0,0.0,0.0,0.0
13880,8,0.0,0.0,0.0,0.0,0.0,0.0,0.0,0.0,0.0,0.0
5795,3,0.0,0.0,0.0,0.0,0.0,0.0,0.0,0.0,0.0,0.0
16098,18,0.0,0.0,0.0,0.0,0.0,0.1,0.07272727272727274,0.07336392209936006,0.05555555555555555,0.1
4942,4,0.0,0.0,0.0,0.0,0.0,0.0,0.0,0.0,0.0,0.0
7895,5,0.0,0.0,0.0,0.0,0.0,0.0,0.0,0.0,0.0,0.0
12701,8,0.0,0.0,0.0,0.0,0.0,0.0,0.0,0.0,0.0,0.0
12501,4,0.0,0.0,0.0,0.0,0.0,0.0,0.0,0.0,0.0,0.0
3452,2,0.0,0.0,0.0,0.0,0.0,0.0,0.0,0.0,0.0,0.0
12348,4,0.0,0.0,0.0,0.0,0.0,0.0,0.0,0.0,0.0,0.0
4222,3,0.0,0.0,0.0,0.0,0.0,0.0,0.0,0.0,0.0,0.0
17986,20,0.0,0.0,0.0,0.0,0.0,0.0,0.0,0.0,0.0,0.0
14536,2,0.5,0.5555555555555556,0.6131471927654584,0.5,0.2,0.5,0.5263157894736842,0.6131471927654584,0.5,0.1
11503,11,0.0,0.0,0.0,0.0,0.0,0.0,0.0,0.0,0.0,0.0
782,1,0.0,0.0,0.0,0.0,0.0,0.0,0.0,0.0,0.0,0.0
10665,5,0.0,0.0,0.0,0.0,0.0,0.0,0.0,0.0,0.0,0.0
15865,4,0.0,0.0,0.0,0.0,0.0,0.0,0.0,0.0,0.0,0.0
8023,5,0.0,0.0,0.0,0.0,0.0,0.2,0.0,0.0,0.2,0.1
9384,1,1.0,1.0,1.0,1.0,0.2,1.0,1.0,1.0,1.0,0.1
13649,8,0.0,0.0,0.0,0.0,0.0,0.0,0.0,0.0,0.0,0.0
7926,1,1.0,1.0,1.0,1.0,0.2,1.0,1.0,1.0,1.0,0.1
9888,1,0.0,0.0,0.0,0.0,0.0,0.0,0.0,0.0,0.0,0.0
15868,6,0.0,0.0,0.0,0.0,0.0,0.0,0.0,0.0,0.0,0.0
2932,1,0.0,0.0,0.0,0.0,0.0,0.0,0.0,0.0,0.0,0.0
10033,1,1.0,1.0,1.0,1.0,0.2,1.0,1.0,1.0,1.0,0.1
16772,1,0.0,0.0,0.0,0.0,0.0,0.0,0.0,0.0,0.0,0.0
14777,6,0.0,0.0,0.0,0.0,0.0,0.0,0.0,0.0,0.0,0.0
7561,2,0.0,0.0,0.0,0.0,0.0,0.0,0.0,0.0,0.0,0.0
8975,1,1.0,1.0,1.0,1.0,0.2,1.0,1.0,1.0,1.0,0.1
14539,1,0.0,0.0,0.0,0.0,0.0,0.0,0.0,0.0,0.0,0.0
1549,5,0.0,0.0,0.0,0.0,0.0,0.0,0.0,0.0,0.0,0.0
5492,3,0.3333333333333333,0.4166666666666667,0.46927872602275644,0.3333333333333333,0.2,0.3333333333333333,0.37037037037037035,0.46927872602275644,0.3333333333333333,0.1
17437,1,0.0,0.0,0.0,0.0,0.0,1.0,0.0,0.0,1.0,0.1
7100,17,0.0,0.0,0.0,0.0,0.0,0.0,0.0,0.0,0.0,0.0
15717,6,0.0,0.0,0.0,0.0,0.0,0.0,0.0,0.0,0.0,0.0
8751,6,0.0,0.0,0.0,0.0,0.0,0.0,0.0,0.0,0.0,0.0
16835,2,0.0,0.0,0.0,0.0,0.0,0.0,0.0,0.0,0.0,0.0
5536,2,0.0,0.0,0.0,0.0,0.0,0.0,0.0,0.0,0.0,0.0
12823,1,0.0,0.0,0.0,0.0,0.0,0.0,0.0,0.0,0.0,0.0
5225,2,0.0,0.0,0.0,0.0,0.0,0.0,0.0,0.0,0.0,0.0
2881,1,1.0,1.0,1.0,1.0,0.2,1.0,1.0,1.0,1.0,0.1
12576,15,0.0,0.0,0.0,0.0,0.0,0.0,0.0,0.0,0.0,0.0
2380,4,0.0,0.0,0.0,0.0,0.0,0.0,0.0,0.0,0.0,0.0
6327,4,0.0,0.0,0.0,0.0,0.0,0.0,0.0,0.0,0.0,0.0
16173,4,0.0,0.0,0.0,0.0,0.0,0.0,0.0,0.0,0.0,0.0
6970,4,0.0,0.0,0.0,0.0,0.0,0.0,0.0,0.0,0.0,0.0
3024,5,0.0,0.0,0.0,0.0,0.0,0.0,0.0,0.0,0.0,0.0
2843,1,0.0,0.0,0.0,0.0,0.0,0.0,0.0,0.0,0.0,0.0
14994,3,0.0,0.0,0.0,0.0,0.0,0.0,0.0,0.0,0.0,0.0
16419,1,0.0,0.0,0.0,0.0,0.0,0.0,0.0,0.0,0.0,0.0
9965,6,0.0,0.0,0.0,0.0,0.0,0.0,0.0,0.0,0.0,0.0
5416,3,0.3333333333333333,0.4166666666666667,0.46927872602275644,0.3333333333333333,0.2,0.3333333333333333,0.37037037037037035,0.46927872602275644,0.3333333333333333,0.1
3440,7,0.0,0.0,0.0,0.0,0.0,0.0,0.0,0.0,0.0,0.0
5095,2,0.0,0.0,0.0,0.0,0.0,0.0,0.0,0.0,0.0,0.0
3400,5,0.4,0.3333333333333333,0.31564845247951445,0.4,0.4,0.6,0.375,0.31564845247951445,0.6,0.3
11681,1,0.0,0.0,0.0,0.0,0.0,0.0,0.0,0.0,0.0,0.0
2519,3,0.0,0.0,0.0,0.0,0.0,0.0,0.0,0.0,0.0,0.0
15588,2,0.0,0.0,0.0,0.0,0.0,0.0,0.0,0.0,0.0,0.0
1446,17,0.0,0.0,0.0,0.0,0.0,0.0,0.0,0.0,0.0,0.0
14433,3,0.0,0.0,0.0,0.0,0.0,0.0,0.0,0.0,0.0,0.0
2499,7,0.0,0.0,0.0,0.0,0.0,0.0,0.0,0.0,0.0,0.0
12333,5,0.4,0.4666666666666666,0.38356636737133554,0.4,0.4,0.6,0.42500000000000004,0.38356636737133554,0.6,0.3
10613,3,0.0,0.0,0.0,0.0,0.0,0.0,0.0,0.0,0.0,0.0
16084,3,0.0,0.0,0.0,0.0,0.0,0.0,0.0,0.0,0.0,0.0
8544,6,0.2,0.3333333333333333,0.33916020527361607,0.16666666666666666,0.2,0.16666666666666666,0.2222222222222222,0.30260241349881345,0.16666666666666666,0.1
17976,2,0.0,0.0,0.0,0.0,0.0,0.0,0.0,0.0,0.0,0.0
4617,2,0.0,0.0,0.0,0.0,0.0,0.0,0.0,0.0,0.0,0.0
15290,4,0.0,0.0,0.0,0.0,0.0,0.0,0.0,0.0,0.0,0.0
15239,14,0.0,0.0,0.0,0.0,0.0,0.0,0.0,0.0,0.0,0.0
16618,7,0.0,0.0,0.0,0.0,0.0,0.0,0.0,0.0,0.0,0.0
10848,2,0.0,0.0,0.0,0.0,0.0,0.0,0.0,0.0,0.0,0.0
1179,3,0.0,0.0,0.0,0.0,0.0,0.0,0.0,0.0,0.0,0.0
10680,2,0.0,0.0,0.0,0.0,0.0,0.0,0.0,0.0,0.0,0.0
6596,2,1.0,0.5555555555555556,0.6131471927654584,1.0,0.4,1.0,0.5263157894736842,0.6131471927654584,1.0,0.2
4973,4,0.0,0.0,0.0,0.0,0.0,0.0,0.0,0.0,0.0,0.0
3301,1,1.0,1.0,1.0,1.0,0.2,1.0,1.0,1.0,1.0,0.1
11133,2,0.0,0.0,0.0,0.0,0.0,0.0,0.0,0.0,0.0,0.0
6736,5,0.0,0.0,0.0,0.0,0.0,0.0,0.0,0.0,0.0,0.0
6280,10,0.0,0.0,0.0,0.0,0.0,0.1,0.07272727272727274,0.07336392209936006,0.1,0.1
3693,12,0.0,0.0,0.0,0.0,0.0,0.0,0.0,0.0,0.0,0.0
1451,7,0.0,0.0,0.0,0.0,0.0,0.0,0.0,0.0,0.0,0.0
13009,6,0.0,0.0,0.0,0.0,0.0,0.0,0.0,0.0,0.0,0.0
17179,8,0.0,0.0,0.0,0.0,0.0,0.0,0.0,0.0,0.0,0.0
13033,1,0.0,0.0,0.0,0.0,0.0,0.0,0.0,0.0,0.0,0.0
456,13,0.6,0.7999999999999999,0.7227265726449518,0.23076923076923078,0.6,0.7,0.7272727272727273,0.7538142945344392,0.5384615384615384,0.7
418,4,0.0,0.0,0.0,0.0,0.0,0.0,0.0,0.0,0.0,0.0
11215,3,0.3333333333333333,0.33333333333333337,0.29608191096586517,0.3333333333333333,0.2,0.3333333333333333,0.3333333333333333,0.29608191096586517,0.3333333333333333,0.1
15646,5,0.0,0.0,0.0,0.0,0.0,0.0,0.0,0.0,0.0,0.0
11058,4,0.0,0.0,0.0,0.0,0.0,0.0,0.0,0.0,0.0,0.0
5488,1,1.0,1.0,1.0,1.0,0.2,1.0,1.0,1.0,1.0,0.1
5216,3,0.0,0.0,0.0,0.0,0.0,0.0,0.0,0.0,0.0,0.0
8595,4,0.0,0.0,0.0,0.0,0.0,0.0,0.0,0.0,0.0,0.0
14906,23,0.0,0.0,0.0,0.0,0.0,0.0,0.0,0.0,0.0,0.0
14217,4,0.0,0.0,0.0,0.0,0.0,0.0,0.0,0.0,0.0,0.0
14871,1,0.0,0.0,0.0,0.0,0.0,0.0,0.0,0.0,0.0,0.0
10471,5,0.0,0.0,0.0,0.0,0.0,0.0,0.0,0.0,0.0,0.0
10224,9,0.0,0.0,0.0,0.0,0.0,0.0,0.0,0.0,0.0,0.0
16577,1,0.0,0.0,0.0,0.0,0.0,0.0,0.0,0.0,0.0,0.0
5317,1,0.0,0.0,0.0,0.0,0.0,0.0,0.0,0.0,0.0,0.0
16001,3,0.0,0.0,0.0,0.0,0.0,0.0,0.0,0.0,0.0,0.0
4647,1,0.0,0.0,0.0,0.0,0.0,0.0,0.0,0.0,0.0,0.0
8054,1,1.0,1.0,1.0,1.0,0.2,1.0,1.0,1.0,1.0,0.1
15320,1,0.0,0.0,0.0,0.0,0.0,0.0,0.0,0.0,0.0,0.0
10634,2,0.0,0.0,0.0,0.0,0.0,0.0,0.0,0.0,0.0,0.0
718,4,0.25,0.35714285714285715,0.39038004999210163,0.25,0.2,0.25,0.2941176470588235,0.39038004999210163,0.25,0.1
17071,9,0.0,0.0,0.0,0.0,0.0,0.0,0.0,0.0,0.0,0.0
12961,1,0.0,0.0,0.0,0.0,0.0,0.0,0.0,0.0,0.0,0.0
3396,7,0.0,0.0,0.0,0.0,0.0,0.0,0.0,0.0,0.0,0.0
10216,1,1.0,1.0,1.0,1.0,0.2,1.0,1.0,1.0,1.0,0.1
623,10,0.2,0.26666666666666666,0.2139862647345275,0.1,0.2,0.1,0.16363636363636364,0.1388624438735545,0.1,0.1
3970,2,0.0,0.0,0.0,0.0,0.0,0.0,0.0,0.0,0.0,0.0
16537,1,1.0,0.0,0.0,1.0,0.2,1.0,0.0,0.0,1.0,0.1
2734,8,0.0,0.0,0.0,0.0,0.0,0.0,0.0,0.0,0.0,0.0
18200,1,0.0,0.0,0.0,0.0,0.0,0.0,0.0,0.0,0.0,0.0
16237,1,0.0,0.0,0.0,0.0,0.0,0.0,0.0,0.0,0.0,0.0
8232,2,0.0,0.0,0.0,0.0,0.0,0.0,0.0,0.0,0.0,0.0
2412,8,0.0,0.0,0.0,0.0,0.0,0.0,0.0,0.0,0.0,0.0
12045,12,0.0,0.0,0.0,0.0,0.0,0.1,0.07272727272727274,0.07336392209936006,0.08333333333333333,0.1
13051,1,0.0,0.0,0.0,0.0,0.0,0.0,0.0,0.0,0.0,0.0
16152,28,0.2,0.3333333333333333,0.33916020527361607,0.03571428571428571,0.2,0.3,0.3090909090909091,0.36288691033421744,0.10714285714285714,0.3
13428,6,0.0,0.0,0.0,0.0,0.0,0.0,0.0,0.0,0.0,0.0
9160,3,0.0,0.0,0.0,0.0,0.0,0.0,0.0,0.0,0.0,0.0
9099,4,0.25,0.35714285714285715,0.39038004999210163,0.25,0.2,0.25,0.2941176470588235,0.39038004999210163,0.25,0.1
16595,1,0.0,0.0,0.0,0.0,0.0,0.0,0.0,0.0,0.0,0.0
14691,4,0.0,0.0,0.0,0.0,0.0,0.0,0.0,0.0,0.0,0.0
9931,3,0.0,0.0,0.0,0.0,0.0,0.0,0.0,0.0,0.0,0.0
2159,5,0.0,0.0,0.0,0.0,0.0,0.0,0.0,0.0,0.0,0.0
16061,7,0.0,0.0,0.0,0.0,0.0,0.0,0.0,0.0,0.0,0.0
5607,2,0.0,0.0,0.0,0.0,0.0,0.0,0.0,0.0,0.0,0.0
6346,3,0.3333333333333333,0.0,0.0,0.3333333333333333,0.2,0.3333333333333333,0.0,0.0,0.3333333333333333,0.1
12000,4,0.25,0.35714285714285715,0.39038004999210163,0.25,0.2,0.25,0.2941176470588235,0.39038004999210163,0.25,0.1
11489,1,1.0,1.0,1.0,1.0,0.2,1.0,1.0,1.0,1.0,0.1
1313,1,1.0,1.0,1.0,1.0,0.2,1.0,1.0,1.0,1.0,0.1
1865,6,0.0,0.0,0.0,0.0,0.0,0.0,0.0,0.0,0.0,0.0
8860,8,0.0,0.0,0.0,0.0,0.0,0.0,0.0,0.0,0.0,0.0
11729,6,0.0,0.0,0.0,0.0,0.0,0.0,0.0,0.0,0.0,0.0
14493,1,0.0,0.0,0.0,0.0,0.0,0.0,0.0,0.0,0.0,0.0
15797,5,0.0,0.0,0.0,0.0,0.0,0.0,0.0,0.0,0.0,0.0
15650,7,0.0,0.0,0.0,0.0,0.0,0.0,0.0,0.0,0.0,0.0
15545,1,0.0,0.0,0.0,0.0,0.0,0.0,0.0,0.0,0.0,0.0
641,3,0.0,0.0,0.0,0.0,0.0,0.0,0.0,0.0,0.0,0.0
16933,3,0.0,0.0,0.0,0.0,0.0,0.0,0.0,0.0,0.0,0.0
4891,1,0.0,0.0,0.0,0.0,0.0,0.0,0.0,0.0,0.0,0.0
2510,8,0.0,0.0,0.0,0.0,0.0,0.0,0.0,0.0,0.0,0.0
897,8,0.0,0.0,0.0,0.0,0.0,0.0,0.0,0.0,0.0,0.0
6061,6,0.0,0.0,0.0,0.0,0.0,0.0,0.0,0.0,0.0,0.0
8938,3,0.0,0.0,0.0,0.0,0.0,0.0,0.0,0.0,0.0,0.0
11142,1,1.0,0.0,0.0,1.0,0.2,1.0,0.0,0.0,1.0,0.1
5140,3,0.6666666666666666,0.4166666666666667,0.46927872602275644,0.6666666666666666,0.4,1.0,0.37037037037037035,0.46927872602275644,1.0,0.3
12447,7,0.0,0.0,0.0,0.0,0.0,0.0,0.0,0.0,0.0,0.0
11224,1,1.0,1.0,1.0,1.0,0.2,1.0,1.0,1.0,1.0,0.1
15594,6,0.0,0.0,0.0,0.0,0.0,0.0,0.0,0.0,0.0,0.0
12434,7,0.0,0.0,0.0,0.0,0.0,0.0,0.0,0.0,0.0,0.0
4384,5,0.0,0.0,0.0,0.0,0.0,0.0,0.0,0.0,0.0,0.0
2809,6,0.0,0.0,0.0,0.0,0.0,0.0,0.0,0.0,0.0,0.0
2128,4,0.0,0.0,0.0,0.0,0.0,0.0,0.0,0.0,0.0,0.0
2653,4,0.0,0.0,0.0,0.0,0.0,0.0,0.0,0.0,0.0,0.0
5628,2,0.0,0.0,0.0,0.0,0.0,0.0,0.0,0.0,0.0,0.0
13532,4,0.0,0.0,0.0,0.0,0.0,0.0,0.0,0.0,0.0,0.0
6490,8,0.0,0.0,0.0,0.0,0.0,0.0,0.0,0.0,0.0,0.0
15224,1,1.0,1.0,1.0,1.0,0.2,1.0,1.0,1.0,1.0,0.1
11688,1,1.0,1.0,1.0,1.0,0.2,1.0,1.0,1.0,1.0,0.1
5808,6,0.0,0.0,0.0,0.0,0.0,0.0,0.0,0.0,0.0,0.0
518,4,0.0,0.0,0.0,0.0,0.0,0.0,0.0,0.0,0.0,0.0
635,5,0.0,0.0,0.0,0.0,0.0,0.0,0.0,0.0,0.0,0.0
7588,3,0.3333333333333333,0.4166666666666667,0.46927872602275644,0.3333333333333333,0.2,0.3333333333333333,0.37037037037037035,0.46927872602275644,0.3333333333333333,0.1
5031,4,0.0,0.0,0.0,0.0,0.0,0.0,0.0,0.0,0.0,0.0
1821,4,0.25,0.28571428571428575,0.2463023887407299,0.25,0.2,0.25,0.2647058823529412,0.2463023887407299,0.25,0.1
8055,3,0.0,0.0,0.0,0.0,0.0,0.0,0.0,0.0,0.0,0.0
4948,10,0.0,0.0,0.0,0.0,0.0,0.0,0.0,0.0,0.0,0.0
2592,1,1.0,0.0,0.0,1.0,0.2,1.0,0.0,0.0,1.0,0.1
4128,17,0.0,0.0,0.0,0.0,0.0,0.0,0.0,0.0,0.0,0.0
2107,1,0.0,0.0,0.0,0.0,0.0,0.0,0.0,0.0,0.0,0.0
9818,1,0.0,0.0,0.0,0.0,0.0,1.0,0.0,0.0,1.0,0.1
10407,1,1.0,0.0,0.0,1.0,0.2,1.0,0.0,0.0,1.0,0.1
14008,17,0.0,0.0,0.0,0.0,0.0,0.0,0.0,0.0,0.0,0.0
8804,1,1.0,1.0,1.0,1.0,0.2,1.0,1.0,1.0,1.0,0.1
471,4,0.0,0.0,0.0,0.0,0.0,0.25,0.0,0.0,0.25,0.1
2244,4,0.0,0.0,0.0,0.0,0.0,0.0,0.0,0.0,0.0,0.0
5256,1,1.0,1.0,1.0,1.0,0.2,1.0,1.0,1.0,1.0,0.1
8192,3,0.0,0.0,0.0,0.0,0.0,0.0,0.0,0.0,0.0,0.0
4216,4,0.0,0.0,0.0,0.0,0.0,0.25,0.0,0.0,0.25,0.1
15473,3,0.0,0.0,0.0,0.0,0.0,0.0,0.0,0.0,0.0,0.0
1927,3,0.0,0.0,0.0,0.0,0.0,0.0,0.0,0.0,0.0,0.0
6446,5,0.0,0.0,0.0,0.0,0.0,0.0,0.0,0.0,0.0,0.0
16822,4,0.0,0.0,0.0,0.0,0.0,0.0,0.0,0.0,0.0,0.0
3448,5,0.0,0.0,0.0,0.0,0.0,0.0,0.0,0.0,0.0,0.0
8772,2,0.0,0.0,0.0,0.0,0.0,0.5,0.0,0.0,0.5,0.1
13501,1,0.0,0.0,0.0,0.0,0.0,0.0,0.0,0.0,0.0,0.0
370,3,0.0,0.0,0.0,0.0,0.0,0.0,0.0,0.0,0.0,0.0
4914,8,0.0,0.0,0.0,0.0,0.0,0.0,0.0,0.0,0.0,0.0
8767,1,1.0,1.0,1.0,1.0,0.2,1.0,1.0,1.0,1.0,0.1
12841,6,0.2,0.06666666666666665,0.13120507751234176,0.16666666666666666,0.2,0.16666666666666666,0.13333333333333333,0.11706259313796352,0.16666666666666666,0.1
2121,3,0.0,0.0,0.0,0.0,0.0,0.0,0.0,0.0,0.0,0.0
9529,7,0.0,0.0,0.0,0.0,0.0,0.0,0.0,0.0,0.0,0.0
3201,2,0.0,0.0,0.0,0.0,0.0,0.0,0.0,0.0,0.0,0.0
4586,7,0.0,0.0,0.0,0.0,0.0,0.14285714285714285,0.0,0.0,0.14285714285714285,0.1
15031,1,0.0,0.0,0.0,0.0,0.0,0.0,0.0,0.0,0.0,0.0
7250,2,0.0,0.0,0.0,0.0,0.0,0.5,0.0,0.0,0.5,0.1
9329,8,0.0,0.0,0.0,0.0,0.0,0.0,0.0,0.0,0.0,0.0
5787,10,0.0,0.0,0.0,0.0,0.0,0.0,0.0,0.0,0.0,0.0
9342,2,0.0,0.0,0.0,0.0,0.0,0.0,0.0,0.0,0.0,0.0
13827,9,0.0,0.0,0.0,0.0,0.0,0.0,0.0,0.0,0.0,0.0
507,3,0.0,0.0,0.0,0.0,0.0,0.0,0.0,0.0,0.0,0.0
17030,2,0.0,0.0,0.0,0.0,0.0,0.5,0.0,0.0,0.5,0.1
3916,6,0.0,0.0,0.0,0.0,0.0,0.0,0.0,0.0,0.0,0.0
14361,3,0.0,0.0,0.0,0.0,0.0,0.0,0.0,0.0,0.0,0.0
948,4,0.0,0.0,0.0,0.0,0.0,0.0,0.0,0.0,0.0,0.0
4210,4,0.0,0.0,0.0,0.0,0.0,0.0,0.0,0.0,0.0,0.0
9399,3,0.0,0.0,0.0,0.0,0.0,0.0,0.0,0.0,0.0,0.0
15666,2,0.0,0.0,0.0,0.0,0.0,0.0,0.0,0.0,0.0,0.0
7410,4,0.0,0.0,0.0,0.0,0.0,0.0,0.0,0.0,0.0,0.0
10117,3,0.3333333333333333,0.4166666666666667,0.46927872602275644,0.3333333333333333,0.2,0.3333333333333333,0.37037037037037035,0.46927872602275644,0.3333333333333333,0.1
13542,1,1.0,1.0,1.0,1.0,0.2,1.0,1.0,1.0,1.0,0.1
733,6,0.0,0.0,0.0,0.0,0.0,0.3333333333333333,0.0,0.0,0.3333333333333333,0.2
17165,3,0.3333333333333333,0.4166666666666667,0.46927872602275644,0.3333333333333333,0.2,0.3333333333333333,0.37037037037037035,0.46927872602275644,0.3333333333333333,0.1
16259,1,1.0,0.0,0.0,1.0,0.2,1.0,0.0,0.0,1.0,0.1
8786,4,0.0,0.0,0.0,0.0,0.0,0.0,0.0,0.0,0.0,0.0
1036,1,0.0,0.0,0.0,0.0,0.0,0.0,0.0,0.0,0.0,0.0
2132,8,0.0,0.0,0.0,0.0,0.0,0.0,0.0,0.0,0.0,0.0
13034,1,0.0,0.0,0.0,0.0,0.0,0.0,0.0,0.0,0.0,0.0
2863,4,0.25,0.14285714285714288,0.16812753627111746,0.25,0.2,0.25,0.20588235294117643,0.16812753627111746,0.25,0.1
1570,5,0.2,0.06666666666666665,0.13120507751234176,0.2,0.2,0.4,0.15,0.13120507751234176,0.4,0.2
524,5,0.0,0.0,0.0,0.0,0.0,0.0,0.0,0.0,0.0,0.0
286,5,0.0,0.0,0.0,0.0,0.0,0.0,0.0,0.0,0.0,0.0
12486,5,0.0,0.0,0.0,0.0,0.0,0.0,0.0,0.0,0.0,0.0
17800,1,1.0,0.0,0.0,1.0,0.2,1.0,0.0,0.0,1.0,0.1
12020,5,0.0,0.0,0.0,0.0,0.0,0.0,0.0,0.0,0.0,0.0
360,1,0.0,0.0,0.0,0.0,0.0,0.0,0.0,0.0,0.0,0.0
251,4,0.0,0.0,0.0,0.0,0.0,0.0,0.0,0.0,0.0,0.0
6308,10,0.0,0.0,0.0,0.0,0.0,0.0,0.0,0.0,0.0,0.0
14328,4,0.0,0.0,0.0,0.0,0.0,0.0,0.0,0.0,0.0,0.0
309,3,0.0,0.0,0.0,0.0,0.0,0.0,0.0,0.0,0.0,0.0
16184,2,0.0,0.0,0.0,0.0,0.0,0.0,0.0,0.0,0.0,0.0
6855,5,0.0,0.0,0.0,0.0,0.0,0.0,0.0,0.0,0.0,0.0
12570,1,0.0,0.0,0.0,0.0,0.0,0.0,0.0,0.0,0.0,0.0
9407,10,0.2,0.26666666666666666,0.2139862647345275,0.1,0.2,0.2,0.23636363636363636,0.21222636597291453,0.2,0.2
1805,16,0.0,0.0,0.0,0.0,0.0,0.0,0.0,0.0,0.0,0.0
8696,5,0.0,0.0,0.0,0.0,0.0,0.0,0.0,0.0,0.0,0.0
9598,1,0.0,0.0,0.0,0.0,0.0,0.0,0.0,0.0,0.0,0.0
14195,1,0.0,0.0,0.0,0.0,0.0,0.0,0.0,0.0,0.0,0.0
3451,6,0.0,0.0,0.0,0.0,0.0,0.0,0.0,0.0,0.0,0.0
17670,18,0.0,0.0,0.0,0.0,0.0,0.1,0.036363636363636355,0.06625422345438903,0.05555555555555555,0.1
781,4,0.25,0.35714285714285715,0.39038004999210163,0.25,0.2,0.25,0.2941176470588235,0.39038004999210163,0.25,0.1
7385,7,0.0,0.0,0.0,0.0,0.0,0.0,0.0,0.0,0.0,0.0
6828,1,1.0,1.0,1.0,1.0,0.2,1.0,1.0,1.0,1.0,0.1
7979,3,0.0,0.0,0.0,0.0,0.0,0.0,0.0,0.0,0.0,0.0
15957,1,0.0,0.0,0.0,0.0,0.0,0.0,0.0,0.0,0.0,0.0
17679,1,0.0,0.0,0.0,0.0,0.0,0.0,0.0,0.0,0.0,0.0
6388,2,0.0,0.0,0.0,0.0,0.0,0.5,0.0,0.0,0.5,0.1
1239,1,1.0,1.0,1.0,1.0,0.2,1.0,1.0,1.0,1.0,0.1
17335,3,0.0,0.0,0.0,0.0,0.0,0.0,0.0,0.0,0.0,0.0
143,2,0.0,0.0,0.0,0.0,0.0,0.0,0.0,0.0,0.0,0.0
18228,2,0.0,0.0,0.0,0.0,0.0,0.0,0.0,0.0,0.0,0.0
13289,5,0.0,0.0,0.0,0.0,0.0,0.0,0.0,0.0,0.0,0.0
11001,1,1.0,1.0,1.0,1.0,0.2,1.0,1.0,1.0,1.0,0.1
15353,11,0.0,0.0,0.0,0.0,0.0,0.0,0.0,0.0,0.0,0.0
963,1,0.0,0.0,0.0,0.0,0.0,0.0,0.0,0.0,0.0,0.0
8321,2,0.0,0.0,0.0,0.0,0.0,0.0,0.0,0.0,0.0,0.0
15659,3,0.0,0.0,0.0,0.0,0.0,0.0,0.0,0.0,0.0,0.0
3444,2,1.0,0.5555555555555556,0.6131471927654584,1.0,0.4,1.0,0.5263157894736842,0.6131471927654584,1.0,0.2
1445,5,0.0,0.0,0.0,0.0,0.0,0.0,0.0,0.0,0.0,0.0
5983,2,0.0,0.0,0.0,0.0,0.0,0.0,0.0,0.0,0.0,0.0
5715,5,0.0,0.0,0.0,0.0,0.0,0.0,0.0,0.0,0.0,0.0
16340,7,0.0,0.0,0.0,0.0,0.0,0.0,0.0,0.0,0.0,0.0
1394,6,0.0,0.0,0.0,0.0,0.0,0.0,0.0,0.0,0.0,0.0
10616,1,0.0,0.0,0.0,0.0,0.0,0.0,0.0,0.0,0.0,0.0
7243,2,0.0,0.0,0.0,0.0,0.0,0.0,0.0,0.0,0.0,0.0
14877,3,0.0,0.0,0.0,0.0,0.0,0.0,0.0,0.0,0.0,0.0
6677,1,0.0,0.0,0.0,0.0,0.0,0.0,0.0,0.0,0.0,0.0
15596,16,0.0,0.0,0.0,0.0,0.0,0.0,0.0,0.0,0.0,0.0
1636,4,0.0,0.0,0.0,0.0,0.0,0.0,0.0,0.0,0.0,0.0
2673,2,0.0,0.0,0.0,0.0,0.0,0.0,0.0,0.0,0.0,0.0
13240,4,0.0,0.0,0.0,0.0,0.0,0.0,0.0,0.0,0.0,0.0
15042,1,0.0,0.0,0.0,0.0,0.0,0.0,0.0,0.0,0.0,0.0
3738,5,0.0,0.0,0.0,0.0,0.0,0.0,0.0,0.0,0.0,0.0
18195,1,0.0,0.0,0.0,0.0,0.0,0.0,0.0,0.0,0.0,0.0
15231,2,0.0,0.0,0.0,0.0,0.0,0.0,0.0,0.0,0.0,0.0
6361,1,0.0,0.0,0.0,0.0,0.0,0.0,0.0,0.0,0.0,0.0
8892,1,0.0,0.0,0.0,0.0,0.0,0.0,0.0,0.0,0.0,0.0
147,10,0.0,0.0,0.0,0.0,0.0,0.0,0.0,0.0,0.0,0.0
3386,6,0.0,0.0,0.0,0.0,0.0,0.0,0.0,0.0,0.0,0.0
13772,3,0.0,0.0,0.0,0.0,0.0,0.3333333333333333,0.0,0.0,0.3333333333333333,0.1
12785,9,0.2,0.13333333333333333,0.14606834984270645,0.1111111111111111,0.2,0.1111111111111111,0.12962962962962962,0.10122860821230019,0.1111111111111111,0.1
11599,8,0.0,0.0,0.0,0.0,0.0,0.0,0.0,0.0,0.0,0.0
17464,1,0.0,0.0,0.0,0.0,0.0,0.0,0.0,0.0,0.0,0.0
10904,1,0.0,0.0,0.0,0.0,0.0,0.0,0.0,0.0,0.0,0.0
5833,3,0.3333333333333333,0.25,0.23463936301137822,0.3333333333333333,0.2,0.3333333333333333,0.2962962962962963,0.23463936301137822,0.3333333333333333,0.1
14630,1,0.0,0.0,0.0,0.0,0.0,0.0,0.0,0.0,0.0,0.0
10957,6,0.0,0.0,0.0,0.0,0.0,0.0,0.0,0.0,0.0,0.0
5134,3,0.0,0.0,0.0,0.0,0.0,0.0,0.0,0.0,0.0,0.0
11254,1,1.0,0.0,0.0,1.0,0.2,1.0,0.0,0.0,1.0,0.1
16881,1,0.0,0.0,0.0,0.0,0.0,0.0,0.0,0.0,0.0,0.0
9484,5,0.0,0.0,0.0,0.0,0.0,0.0,0.0,0.0,0.0,0.0
602,6,0.0,0.0,0.0,0.0,0.0,0.0,0.0,0.0,0.0,0.0
5193,1,0.0,0.0,0.0,0.0,0.0,0.0,0.0,0.0,0.0,0.0
17113,9,0.2,0.3333333333333333,0.33916020527361607,0.1111111111111111,0.2,0.2222222222222222,0.18518518518518517,0.23504554941448538,0.2222222222222222,0.2
15734,1,1.0,1.0,1.0,1.0,0.2,1.0,1.0,1.0,1.0,0.1
15255,1,0.0,0.0,0.0,0.0,0.0,0.0,0.0,0.0,0.0,0.0
9747,5,0.0,0.0,0.0,0.0,0.0,0.0,0.0,0.0,0.0,0.0
11952,3,0.0,0.0,0.0,0.0,0.0,0.0,0.0,0.0,0.0,0.0
15338,9,0.0,0.0,0.0,0.0,0.0,0.0,0.0,0.0,0.0,0.0
7440,2,0.0,0.0,0.0,0.0,0.0,0.0,0.0,0.0,0.0,0.0
3551,4,0.0,0.0,0.0,0.0,0.0,0.0,0.0,0.0,0.0,0.0
11880,5,0.0,0.0,0.0,0.0,0.0,0.0,0.0,0.0,0.0,0.0
7394,1,0.0,0.0,0.0,0.0,0.0,0.0,0.0,0.0,0.0,0.0
4237,2,0.0,0.0,0.0,0.0,0.0,0.0,0.0,0.0,0.0,0.0
16719,1,1.0,1.0,1.0,1.0,0.2,1.0,1.0,1.0,1.0,0.1
9277,1,0.0,0.0,0.0,0.0,0.0,0.0,0.0,0.0,0.0,0.0
11777,1,0.0,0.0,0.0,0.0,0.0,0.0,0.0,0.0,0.0,0.0
11208,15,0.0,0.0,0.0,0.0,0.0,0.0,0.0,0.0,0.0,0.0
7827,3,0.0,0.0,0.0,0.0,0.0,0.0,0.0,0.0,0.0,0.0
6549,5,0.0,0.0,0.0,0.0,0.0,0.0,0.0,0.0,0.0,0.0
17742,5,0.2,0.26666666666666666,0.2139862647345275,0.2,0.2,0.2,0.225,0.2139862647345275,0.2,0.1
10196,1,1.0,1.0,1.0,1.0,0.2,1.0,1.0,1.0,1.0,0.1
17575,10,0.0,0.0,0.0,0.0,0.0,0.0,0.0,0.0,0.0,0.0
3476,2,0.0,0.0,0.0,0.0,0.0,0.0,0.0,0.0,0.0,0.0
13404,1,0.0,0.0,0.0,0.0,0.0,0.0,0.0,0.0,0.0,0.0
15558,4,0.0,0.0,0.0,0.0,0.0,0.0,0.0,0.0,0.0,0.0
6238,8,0.0,0.0,0.0,0.0,0.0,0.0,0.0,0.0,0.0,0.0
5309,1,0.0,0.0,0.0,0.0,0.0,0.0,0.0,0.0,0.0,0.0
945,3,0.0,0.0,0.0,0.0,0.0,0.0,0.0,0.0,0.0,0.0
18256,1,0.0,0.0,0.0,0.0,0.0,0.0,0.0,0.0,0.0,0.0
16727,1,1.0,0.0,0.0,1.0,0.2,1.0,0.0,0.0,1.0,0.1
3879,6,0.0,0.0,0.0,0.0,0.0,0.0,0.0,0.0,0.0,0.0
8656,2,0.0,0.0,0.0,0.0,0.0,0.0,0.0,0.0,0.0,0.0
4658,1,1.0,1.0,1.0,1.0,0.2,1.0,1.0,1.0,1.0,0.1
4610,1,1.0,0.0,0.0,1.0,0.2,1.0,0.0,0.0,1.0,0.1
3183,11,0.0,0.0,0.0,0.0,0.0,0.0,0.0,0.0,0.0,0.0
9973,7,0.0,0.0,0.0,0.0,0.0,0.0,0.0,0.0,0.0,0.0
12690,2,0.0,0.0,0.0,0.0,0.0,0.0,0.0,0.0,0.0,0.0
13146,2,1.0,1.0,1.0,1.0,0.4,1.0,1.0,1.0,1.0,0.2
17932,3,0.0,0.0,0.0,0.0,0.0,0.0,0.0,0.0,0.0,0.0
3845,2,0.5,0.5555555555555556,0.6131471927654584,0.5,0.2,0.5,0.5263157894736842,0.6131471927654584,0.5,0.1
1393,2,0.5,0.0,0.0,0.5,0.2,0.5,0.0,0.0,0.5,0.1
14654,6,0.0,0.0,0.0,0.0,0.0,0.0,0.0,0.0,0.0,0.0
8929,4,0.0,0.0,0.0,0.0,0.0,0.0,0.0,0.0,0.0,0.0
12528,3,0.3333333333333333,0.25,0.23463936301137822,0.3333333333333333,0.2,0.3333333333333333,0.2962962962962963,0.23463936301137822,0.3333333333333333,0.1
9427,14,0.0,0.0,0.0,0.0,0.0,0.0,0.0,0.0,0.0,0.0
2529,5,0.0,0.0,0.0,0.0,0.0,0.2,0.0,0.0,0.2,0.1
11390,6,0.0,0.0,0.0,0.0,0.0,0.0,0.0,0.0,0.0,0.0
15585,1,0.0,0.0,0.0,0.0,0.0,0.0,0.0,0.0,0.0,0.0
3650,1,1.0,1.0,1.0,1.0,0.2,1.0,1.0,1.0,1.0,0.1
805,5,0.0,0.0,0.0,0.0,0.0,0.0,0.0,0.0,0.0,0.0
12068,2,0.0,0.0,0.0,0.0,0.0,0.0,0.0,0.0,0.0,0.0
4878,1,1.0,1.0,1.0,1.0,0.2,1.0,1.0,1.0,1.0,0.1
10998,6,0.0,0.0,0.0,0.0,0.0,0.0,0.0,0.0,0.0,0.0
1891,1,0.0,0.0,0.0,0.0,0.0,0.0,0.0,0.0,0.0,0.0
16442,10,0.0,0.0,0.0,0.0,0.0,0.0,0.0,0.0,0.0,0.0
14555,2,0.0,0.0,0.0,0.0,0.0,0.0,0.0,0.0,0.0,0.0
5015,6,0.0,0.0,0.0,0.0,0.0,0.0,0.0,0.0,0.0,0.0
3990,5,0.0,0.0,0.0,0.0,0.0,0.2,0.0,0.0,0.2,0.1
7741,6,0.0,0.0,0.0,0.0,0.0,0.0,0.0,0.0,0.0,0.0
13187,2,0.0,0.0,0.0,0.0,0.0,0.0,0.0,0.0,0.0,0.0
11737,11,0.0,0.0,0.0,0.0,0.0,0.0,0.0,0.0,0.0,0.0
12829,9,0.0,0.0,0.0,0.0,0.0,0.0,0.0,0.0,0.0,0.0
12087,5,0.0,0.0,0.0,0.0,0.0,0.0,0.0,0.0,0.0,0.0
13450,1,0.0,0.0,0.0,0.0,0.0,0.0,0.0,0.0,0.0,0.0
8239,4,0.0,0.0,0.0,0.0,0.0,0.0,0.0,0.0,0.0,0.0
14313,5,0.0,0.0,0.0,0.0,0.0,0.0,0.0,0.0,0.0,0.0
15936,19,0.4,0.3333333333333333,0.31564845247951445,0.10526315789473684,0.4,0.2,0.2727272727272727,0.20483424751859083,0.10526315789473684,0.2
10700,2,0.5,0.4444444444444445,0.3868528072345415,0.5,0.2,0.5,0.4736842105263158,0.3868528072345415,0.5,0.1
16794,2,0.0,0.0,0.0,0.0,0.0,0.0,0.0,0.0,0.0,0.0
7090,7,0.0,0.0,0.0,0.0,0.0,0.0,0.0,0.0,0.0,0.0
7046,12,0.0,0.0,0.0,0.0,0.0,0.0,0.0,0.0,0.0,0.0
498,17,0.2,0.3333333333333333,0.33916020527361607,0.058823529411764705,0.2,0.2,0.21818181818181817,0.28634598975246917,0.11764705882352941,0.2
14967,5,0.0,0.0,0.0,0.0,0.0,0.0,0.0,0.0,0.0,0.0
8541,1,0.0,0.0,0.0,0.0,0.0,0.0,0.0,0.0,0.0,0.0
7257,2,0.5,0.0,0.0,0.5,0.2,0.5,0.0,0.0,0.5,0.1
10938,1,0.0,0.0,0.0,0.0,0.0,0.0,0.0,0.0,0.0,0.0
10927,1,0.0,0.0,0.0,0.0,0.0,0.0,0.0,0.0,0.0,0.0
7354,11,0.0,0.0,0.0,0.0,0.0,0.0,0.0,0.0,0.0,0.0
15538,18,0.0,0.0,0.0,0.0,0.0,0.0,0.0,0.0,0.0,0.0
11179,8,0.0,0.0,0.0,0.0,0.0,0.0,0.0,0.0,0.0,0.0
253,2,0.0,0.0,0.0,0.0,0.0,0.0,0.0,0.0,0.0,0.0
6304,2,0.0,0.0,0.0,0.0,0.0,0.0,0.0,0.0,0.0,0.0
578,5,0.0,0.0,0.0,0.0,0.0,0.0,0.0,0.0,0.0,0.0
14162,1,1.0,0.0,0.0,1.0,0.2,1.0,0.0,0.0,1.0,0.1
17232,1,0.0,0.0,0.0,0.0,0.0,0.0,0.0,0.0,0.0,0.0
6974,1,0.0,0.0,0.0,0.0,0.0,0.0,0.0,0.0,0.0,0.0
14660,3,0.3333333333333333,0.4166666666666667,0.46927872602275644,0.3333333333333333,0.2,0.3333333333333333,0.37037037037037035,0.46927872602275644,0.3333333333333333,0.1
6006,5,0.0,0.0,0.0,0.0,0.0,0.2,0.0,0.0,0.2,0.1
2595,1,0.0,0.0,0.0,0.0,0.0,0.0,0.0,0.0,0.0,0.0
14981,1,1.0,1.0,1.0,1.0,0.2,1.0,1.0,1.0,1.0,0.1
4197,4,0.0,0.0,0.0,0.0,0.0,0.0,0.0,0.0,0.0,0.0
3915,5,0.0,0.0,0.0,0.0,0.0,0.0,0.0,0.0,0.0,0.0
12334,2,0.0,0.0,0.0,0.0,0.0,0.0,0.0,0.0,0.0,0.0
8560,5,0.0,0.0,0.0,0.0,0.0,0.0,0.0,0.0,0.0,0.0
6203,6,0.0,0.0,0.0,0.0,0.0,0.0,0.0,0.0,0.0,0.0
6054,1,1.0,1.0,1.0,1.0,0.2,1.0,1.0,1.0,1.0,0.1
15976,2,0.0,0.0,0.0,0.0,0.0,0.0,0.0,0.0,0.0,0.0
6755,2,0.5,0.0,0.0,0.5,0.2,0.5,0.0,0.0,0.5,0.1
9065,7,0.0,0.0,0.0,0.0,0.0,0.0,0.0,0.0,0.0,0.0
10032,3,0.0,0.0,0.0,0.0,0.0,0.0,0.0,0.0,0.0,0.0
10864,2,0.0,0.0,0.0,0.0,0.0,0.0,0.0,0.0,0.0,0.0
138,1,0.0,0.0,0.0,0.0,0.0,0.0,0.0,0.0,0.0,0.0
16083,4,0.0,0.0,0.0,0.0,0.0,0.0,0.0,0.0,0.0,0.0
5881,2,0.0,0.0,0.0,0.0,0.0,0.0,0.0,0.0,0.0,0.0
9209,1,1.0,1.0,1.0,1.0,0.2,1.0,1.0,1.0,1.0,0.1
11931,9,0.0,0.0,0.0,0.0,0.0,0.0,0.0,0.0,0.0,0.0
10962,11,0.0,0.0,0.0,0.0,0.0,0.0,0.0,0.0,0.0,0.0
5641,5,0.2,0.06666666666666665,0.13120507751234176,0.2,0.2,0.2,0.15,0.13120507751234176,0.2,0.1
9630,6,0.0,0.0,0.0,0.0,0.0,0.0,0.0,0.0,0.0,0.0
9679,1,1.0,0.0,0.0,1.0,0.2,1.0,0.0,0.0,1.0,0.1
1453,2,0.5,0.0,0.0,0.5,0.2,0.5,0.0,0.0,0.5,0.1
14916,8,0.0,0.0,0.0,0.0,0.0,0.0,0.0,0.0,0.0,0.0
9235,25,0.0,0.0,0.0,0.0,0.0,0.0,0.0,0.0,0.0,0.0
15731,1,1.0,1.0,1.0,1.0,0.2,1.0,1.0,1.0,1.0,0.1
8247,1,1.0,1.0,1.0,1.0,0.2,1.0,1.0,1.0,1.0,0.1
16363,1,0.0,0.0,0.0,0.0,0.0,0.0,0.0,0.0,0.0,0.0
6825,2,0.5,0.0,0.0,0.5,0.2,0.5,0.0,0.0,0.5,0.1
4707,4,0.0,0.0,0.0,0.0,0.0,0.0,0.0,0.0,0.0,0.0
10487,7,0.0,0.0,0.0,0.0,0.0,0.0,0.0,0.0,0.0,0.0
8284,6,0.0,0.0,0.0,0.0,0.0,0.0,0.0,0.0,0.0,0.0
5895,1,0.0,0.0,0.0,0.0,0.0,0.0,0.0,0.0,0.0,0.0
7613,3,0.0,0.0,0.0,0.0,0.0,0.0,0.0,0.0,0.0,0.0
15054,1,0.0,0.0,0.0,0.0,0.0,0.0,0.0,0.0,0.0,0.0
11483,1,0.0,0.0,0.0,0.0,0.0,0.0,0.0,0.0,0.0,0.0
10230,1,0.0,0.0,0.0,0.0,0.0,0.0,0.0,0.0,0.0,0.0
17382,1,0.0,0.0,0.0,0.0,0.0,0.0,0.0,0.0,0.0,0.0
5207,4,0.0,0.0,0.0,0.0,0.0,0.0,0.0,0.0,0.0,0.0
4437,3,0.0,0.0,0.0,0.0,0.0,0.0,0.0,0.0,0.0,0.0
764,9,0.0,0.0,0.0,0.0,0.0,0.0,0.0,0.0,0.0,0.0
7878,3,0.0,0.0,0.0,0.0,0.0,0.3333333333333333,0.0,0.0,0.3333333333333333,0.1
9868,3,0.0,0.0,0.0,0.0,0.0,0.0,0.0,0.0,0.0,0.0
15114,1,0.0,0.0,0.0,0.0,0.0,0.0,0.0,0.0,0.0,0.0
4425,19,0.0,0.0,0.0,0.0,0.0,0.0,0.0,0.0,0.0,0.0
4879,1,1.0,0.0,0.0,1.0,0.2,1.0,0.0,0.0,1.0,0.1
18380,1,0.0,0.0,0.0,0.0,0.0,0.0,0.0,0.0,0.0,0.0
11250,6,0.2,0.13333333333333333,0.14606834984270645,0.16666666666666666,0.2,0.16666666666666666,0.15555555555555556,0.13032376591037065,0.16666666666666666,0.1
3125,16,0.2,0.26666666666666666,0.2139862647345275,0.0625,0.2,0.2,0.18181818181818182,0.2024832320725062,0.125,0.2
3303,2,0.0,0.0,0.0,0.0,0.0,0.0,0.0,0.0,0.0,0.0
2712,4,0.0,0.0,0.0,0.0,0.0,0.0,0.0,0.0,0.0,0.0
12551,1,0.0,0.0,0.0,0.0,0.0,1.0,0.0,0.0,1.0,0.1
8719,5,0.2,0.06666666666666665,0.13120507751234176,0.2,0.2,0.2,0.15,0.13120507751234176,0.2,0.1
4874,1,0.0,0.0,0.0,0.0,0.0,0.0,0.0,0.0,0.0,0.0
2213,1,1.0,0.0,0.0,1.0,0.2,1.0,0.0,0.0,1.0,0.1
5769,7,0.0,0.0,0.0,0.0,0.0,0.0,0.0,0.0,0.0,0.0
4312,1,1.0,0.0,0.0,1.0,0.2,1.0,0.0,0.0,1.0,0.1
6562,1,0.0,0.0,0.0,0.0,0.0,0.0,0.0,0.0,0.0,0.0
13093,6,0.0,0.0,0.0,0.0,0.0,0.0,0.0,0.0,0.0,0.0
7655,1,0.0,0.0,0.0,0.0,0.0,0.0,0.0,0.0,0.0,0.0
12721,4,0.0,0.0,0.0,0.0,0.0,0.25,0.0,0.0,0.25,0.1
12623,6,0.0,0.0,0.0,0.0,0.0,0.0,0.0,0.0,0.0,0.0
18365,1,0.0,0.0,0.0,0.0,0.0,0.0,0.0,0.0,0.0,0.0
2053,13,0.2,0.19999999999999998,0.16958010263680803,0.07692307692307693,0.2,0.2,0.2,0.17947710508581735,0.15384615384615385,0.2
55,7,0.0,0.0,0.0,0.0,0.0,0.0,0.0,0.0,0.0,0.0
3483,2,0.5,0.5555555555555556,0.6131471927654584,0.5,0.2,0.5,0.5263157894736842,0.6131471927654584,0.5,0.1
16644,7,0.0,0.0,0.0,0.0,0.0,0.0,0.0,0.0,0.0,0.0
15165,5,0.0,0.0,0.0,0.0,0.0,0.0,0.0,0.0,0.0,0.0
1431,19,0.0,0.0,0.0,0.0,0.0,0.0,0.0,0.0,0.0,0.0
1014,5,0.0,0.0,0.0,0.0,0.0,0.0,0.0,0.0,0.0,0.0
7388,12,0.0,0.0,0.0,0.0,0.0,0.0,0.0,0.0,0.0,0.0
3790,6,0.0,0.0,0.0,0.0,0.0,0.0,0.0,0.0,0.0,0.0
11579,5,0.0,0.0,0.0,0.0,0.0,0.0,0.0,0.0,0.0,0.0
12322,2,0.0,0.0,0.0,0.0,0.0,0.0,0.0,0.0,0.0,0.0
1580,5,0.0,0.0,0.0,0.0,0.0,0.0,0.0,0.0,0.0,0.0
89,6,0.0,0.0,0.0,0.0,0.0,0.0,0.0,0.0,0.0,0.0
3022,4,0.0,0.0,0.0,0.0,0.0,0.0,0.0,0.0,0.0,0.0
3315,1,0.0,0.0,0.0,0.0,0.0,1.0,0.0,0.0,1.0,0.1
11839,3,0.0,0.0,0.0,0.0,0.0,0.0,0.0,0.0,0.0,0.0
9606,1,0.0,0.0,0.0,0.0,0.0,0.0,0.0,0.0,0.0,0.0
1283,5,0.0,0.0,0.0,0.0,0.0,0.0,0.0,0.0,0.0,0.0
16889,3,0.0,0.0,0.0,0.0,0.0,0.0,0.0,0.0,0.0,0.0
3775,1,1.0,1.0,1.0,1.0,0.2,1.0,1.0,1.0,1.0,0.1
1736,10,0.0,0.0,0.0,0.0,0.0,0.0,0.0,0.0,0.0,0.0
2942,5,0.0,0.0,0.0,0.0,0.0,0.0,0.0,0.0,0.0,0.0
12703,1,0.0,0.0,0.0,0.0,0.0,0.0,0.0,0.0,0.0,0.0
3968,1,1.0,1.0,1.0,1.0,0.2,1.0,1.0,1.0,1.0,0.1
7314,1,0.0,0.0,0.0,0.0,0.0,0.0,0.0,0.0,0.0,0.0
13455,1,0.0,0.0,0.0,0.0,0.0,0.0,0.0,0.0,0.0,0.0
9194,1,0.0,0.0,0.0,0.0,0.0,0.0,0.0,0.0,0.0,0.0
14650,4,0.0,0.0,0.0,0.0,0.0,0.0,0.0,0.0,0.0,0.0
12574,4,0.0,0.0,0.0,0.0,0.0,0.0,0.0,0.0,0.0,0.0
4038,1,0.0,0.0,0.0,0.0,0.0,0.0,0.0,0.0,0.0,0.0
15133,6,0.2,0.3333333333333333,0.33916020527361607,0.16666666666666666,0.2,0.16666666666666666,0.2222222222222222,0.30260241349881345,0.16666666666666666,0.1
656,1,0.0,0.0,0.0,0.0,0.0,0.0,0.0,0.0,0.0,0.0
7182,5,0.0,0.0,0.0,0.0,0.0,0.0,0.0,0.0,0.0,0.0
10651,4,0.0,0.0,0.0,0.0,0.0,0.0,0.0,0.0,0.0,0.0
10894,6,0.0,0.0,0.0,0.0,0.0,0.0,0.0,0.0,0.0,0.0
14341,2,0.0,0.0,0.0,0.0,0.0,0.5,0.0,0.0,0.5,0.1
10512,1,0.0,0.0,0.0,0.0,0.0,0.0,0.0,0.0,0.0,0.0
3674,1,0.0,0.0,0.0,0.0,0.0,0.0,0.0,0.0,0.0,0.0
7719,1,1.0,0.0,0.0,1.0,0.2,1.0,0.0,0.0,1.0,0.1
12257,2,0.0,0.0,0.0,0.0,0.0,0.0,0.0,0.0,0.0,0.0
3912,6,0.0,0.0,0.0,0.0,0.0,0.0,0.0,0.0,0.0,0.0
11302,16,0.0,0.0,0.0,0.0,0.0,0.0,0.0,0.0,0.0,0.0
1415,5,0.0,0.0,0.0,0.0,0.0,0.0,0.0,0.0,0.0,0.0
6176,1,0.0,0.0,0.0,0.0,0.0,0.0,0.0,0.0,0.0,0.0
17846,1,0.0,0.0,0.0,0.0,0.0,0.0,0.0,0.0,0.0,0.0
4603,5,0.0,0.0,0.0,0.0,0.0,0.0,0.0,0.0,0.0,0.0
6017,1,0.0,0.0,0.0,0.0,0.0,0.0,0.0,0.0,0.0,0.0
12666,1,0.0,0.0,0.0,0.0,0.0,0.0,0.0,0.0,0.0,0.0
8977,1,1.0,1.0,1.0,1.0,0.2,1.0,1.0,1.0,1.0,0.1
14051,1,0.0,0.0,0.0,0.0,0.0,1.0,0.0,0.0,1.0,0.1
6248,12,0.0,0.0,0.0,0.0,0.0,0.0,0.0,0.0,0.0,0.0
4110,3,0.0,0.0,0.0,0.0,0.0,0.0,0.0,0.0,0.0,0.0
1355,4,0.0,0.0,0.0,0.0,0.0,0.0,0.0,0.0,0.0,0.0
16217,6,0.0,0.0,0.0,0.0,0.0,0.0,0.0,0.0,0.0,0.0
7404,1,0.0,0.0,0.0,0.0,0.0,0.0,0.0,0.0,0.0,0.0
17778,3,0.0,0.0,0.0,0.0,0.0,0.0,0.0,0.0,0.0,0.0
15680,1,1.0,0.0,0.0,1.0,0.2,1.0,0.0,0.0,1.0,0.1
16120,1,1.0,1.0,1.0,1.0,0.2,1.0,1.0,1.0,1.0,0.1
2693,2,0.0,0.0,0.0,0.0,0.0,0.5,0.0,0.0,0.5,0.1
13483,2,0.0,0.0,0.0,0.0,0.0,0.0,0.0,0.0,0.0,0.0
17430,4,0.0,0.0,0.0,0.0,0.0,0.0,0.0,0.0,0.0,0.0
6330,7,0.0,0.0,0.0,0.0,0.0,0.0,0.0,0.0,0.0,0.0
4104,8,0.0,0.0,0.0,0.0,0.0,0.125,0.0,0.0,0.125,0.1
17298,9,0.0,0.0,0.0,0.0,0.0,0.0,0.0,0.0,0.0,0.0
13454,1,0.0,0.0,0.0,0.0,0.0,0.0,0.0,0.0,0.0,0.0
18212,5,0.0,0.0,0.0,0.0,0.0,0.0,0.0,0.0,0.0,0.0
13214,4,0.0,0.0,0.0,0.0,0.0,0.0,0.0,0.0,0.0,0.0
1895,5,0.0,0.0,0.0,0.0,0.0,0.0,0.0,0.0,0.0,0.0
4553,1,1.0,1.0,1.0,1.0,0.2,1.0,1.0,1.0,1.0,0.1
10246,3,0.3333333333333333,0.4166666666666667,0.46927872602275644,0.3333333333333333,0.2,0.3333333333333333,0.37037037037037035,0.46927872602275644,0.3333333333333333,0.1
5096,3,0.3333333333333333,0.25,0.23463936301137822,0.3333333333333333,0.2,0.3333333333333333,0.2962962962962963,0.23463936301137822,0.3333333333333333,0.1
11948,1,0.0,0.0,0.0,0.0,0.0,0.0,0.0,0.0,0.0,0.0
11796,3,0.0,0.0,0.0,0.0,0.0,0.0,0.0,0.0,0.0,0.0
906,5,0.0,0.0,0.0,0.0,0.0,0.0,0.0,0.0,0.0,0.0
14192,4,0.0,0.0,0.0,0.0,0.0,0.0,0.0,0.0,0.0,0.0
3304,2,0.5,0.4444444444444445,0.3868528072345415,0.5,0.2,0.5,0.4736842105263158,0.3868528072345415,0.5,0.1
6273,5,0.0,0.0,0.0,0.0,0.0,0.0,0.0,0.0,0.0,0.0
5353,4,0.75,0.6428571428571429,0.6366824387328316,0.75,0.6,1.0,0.5588235294117646,0.6366824387328316,1.0,0.4
6569,5,0.0,0.0,0.0,0.0,0.0,0.0,0.0,0.0,0.0,0.0
5841,4,0.0,0.0,0.0,0.0,0.0,0.0,0.0,0.0,0.0,0.0
7940,1,0.0,0.0,0.0,0.0,0.0,1.0,0.0,0.0,1.0,0.1
10978,8,0.0,0.0,0.0,0.0,0.0,0.0,0.0,0.0,0.0,0.0
4683,2,0.0,0.0,0.0,0.0,0.0,0.0,0.0,0.0,0.0,0.0
13266,3,0.0,0.0,0.0,0.0,0.0,0.0,0.0,0.0,0.0,0.0
4805,7,0.0,0.0,0.0,0.0,0.0,0.0,0.0,0.0,0.0,0.0
7907,4,0.0,0.0,0.0,0.0,0.0,0.0,0.0,0.0,0.0,0.0
7750,4,0.0,0.0,0.0,0.0,0.0,0.0,0.0,0.0,0.0,0.0
3929,7,0.0,0.0,0.0,0.0,0.0,0.0,0.0,0.0,0.0,0.0
13446,3,0.0,0.0,0.0,0.0,0.0,0.3333333333333333,0.0,0.0,0.3333333333333333,0.1
9677,1,1.0,1.0,1.0,1.0,0.2,1.0,1.0,1.0,1.0,0.1
5330,7,0.0,0.0,0.0,0.0,0.0,0.0,0.0,0.0,0.0,0.0
13134,2,0.0,0.0,0.0,0.0,0.0,0.0,0.0,0.0,0.0,0.0
4564,1,0.0,0.0,0.0,0.0,0.0,0.0,0.0,0.0,0.0,0.0
10030,2,0.0,0.0,0.0,0.0,0.0,0.0,0.0,0.0,0.0,0.0
17856,4,0.0,0.0,0.0,0.0,0.0,0.0,0.0,0.0,0.0,0.0
13820,2,0.0,0.0,0.0,0.0,0.0,0.0,0.0,0.0,0.0,0.0
15732,1,0.0,0.0,0.0,0.0,0.0,0.0,0.0,0.0,0.0,0.0
15052,1,0.0,0.0,0.0,0.0,0.0,0.0,0.0,0.0,0.0,0.0
15753,18,0.2,0.19999999999999998,0.16958010263680803,0.05555555555555555,0.2,0.1,0.14545454545454548,0.11004588314904007,0.05555555555555555,0.1
14437,2,0.5,0.0,0.0,0.5,0.2,0.5,0.0,0.0,0.5,0.1
12782,1,0.0,0.0,0.0,0.0,0.0,0.0,0.0,0.0,0.0,0.0
16978,1,0.0,0.0,0.0,0.0,0.0,0.0,0.0,0.0,0.0,0.0
2262,1,0.0,0.0,0.0,0.0,0.0,0.0,0.0,0.0,0.0,0.0
9895,7,0.0,0.0,0.0,0.0,0.0,0.0,0.0,0.0,0.0,0.0
10016,1,0.0,0.0,0.0,0.0,0.0,0.0,0.0,0.0,0.0,0.0
1803,3,0.3333333333333333,0.0,0.0,0.3333333333333333,0.2,0.3333333333333333,0.0,0.0,0.3333333333333333,0.1
10282,1,0.0,0.0,0.0,0.0,0.0,0.0,0.0,0.0,0.0,0.0
8871,7,0.0,0.0,0.0,0.0,0.0,0.0,0.0,0.0,0.0,0.0
14586,5,0.0,0.0,0.0,0.0,0.0,0.0,0.0,0.0,0.0,0.0
5061,6,0.0,0.0,0.0,0.0,0.0,0.0,0.0,0.0,0.0,0.0
17643,1,0.0,0.0,0.0,0.0,0.0,0.0,0.0,0.0,0.0,0.0
3964,2,0.0,0.0,0.0,0.0,0.0,0.0,0.0,0.0,0.0,0.0
11318,9,0.4,0.6,0.5531464700081437,0.2222222222222222,0.4,0.2222222222222222,0.3518518518518518,0.38334277998463445,0.2222222222222222,0.2
1582,4,0.0,0.0,0.0,0.0,0.0,0.0,0.0,0.0,0.0,0.0
8855,11,0.0,0.0,0.0,0.0,0.0,0.0,0.0,0.0,0.0,0.0
16657,2,0.0,0.0,0.0,0.0,0.0,0.0,0.0,0.0,0.0,0.0
3086,5,0.0,0.0,0.0,0.0,0.0,0.0,0.0,0.0,0.0,0.0
14736,5,0.2,0.06666666666666665,0.13120507751234176,0.2,0.2,0.4,0.15,0.13120507751234176,0.4,0.2
18215,2,0.0,0.0,0.0,0.0,0.0,0.0,0.0,0.0,0.0,0.0
1762,7,0.0,0.0,0.0,0.0,0.0,0.14285714285714285,0.1020408163265306,0.0979129253499678,0.14285714285714285,0.1
9009,7,0.0,0.0,0.0,0.0,0.0,0.0,0.0,0.0,0.0,0.0
8498,10,0.0,0.0,0.0,0.0,0.0,0.0,0.0,0.0,0.0,0.0
12536,6,0.0,0.0,0.0,0.0,0.0,0.0,0.0,0.0,0.0,0.0
5672,3,0.0,0.0,0.0,0.0,0.0,0.0,0.0,0.0,0.0,0.0
16836,3,0.0,0.0,0.0,0.0,0.0,0.0,0.0,0.0,0.0,0.0
8262,10,0.0,0.0,0.0,0.0,0.0,0.1,0.05454545454545456,0.06943122193677725,0.1,0.1
11287,1,0.0,0.0,0.0,0.0,0.0,1.0,0.0,0.0,1.0,0.1
16226,3,0.3333333333333333,0.25,0.23463936301137822,0.3333333333333333,0.2,0.3333333333333333,0.2962962962962963,0.23463936301137822,0.3333333333333333,0.1
8365,2,0.0,0.0,0.0,0.0,0.0,0.0,0.0,0.0,0.0,0.0
14443,1,1.0,1.0,1.0,1.0,0.2,1.0,1.0,1.0,1.0,0.1
1995,7,0.0,0.0,0.0,0.0,0.0,0.0,0.0,0.0,0.0,0.0
6123,1,0.0,0.0,0.0,0.0,0.0,0.0,0.0,0.0,0.0,0.0
17892,7,0.0,0.0,0.0,0.0,0.0,0.0,0.0,0.0,0.0,0.0
10583,4,0.0,0.0,0.0,0.0,0.0,0.0,0.0,0.0,0.0,0.0
6837,6,0.2,0.13333333333333333,0.14606834984270645,0.16666666666666666,0.2,0.16666666666666666,0.15555555555555556,0.13032376591037065,0.16666666666666666,0.1
2318,12,0.0,0.0,0.0,0.0,0.0,0.0,0.0,0.0,0.0,0.0
10065,6,0.0,0.0,0.0,0.0,0.0,0.0,0.0,0.0,0.0,0.0
6166,8,0.0,0.0,0.0,0.0,0.0,0.0,0.0,0.0,0.0,0.0
15233,1,0.0,0.0,0.0,0.0,0.0,0.0,0.0,0.0,0.0,0.0
12762,2,0.5,0.4444444444444445,0.3868528072345415,0.5,0.2,0.5,0.4736842105263158,0.3868528072345415,0.5,0.1
9746,3,0.0,0.0,0.0,0.0,0.0,0.0,0.0,0.0,0.0,0.0
9319,1,0.0,0.0,0.0,0.0,0.0,1.0,0.0,0.0,1.0,0.1
6518,9,0.0,0.0,0.0,0.0,0.0,0.0,0.0,0.0,0.0,0.0
4995,35,0.0,0.0,0.0,0.0,0.0,0.0,0.0,0.0,0.0,0.0
16300,1,0.0,0.0,0.0,0.0,0.0,0.0,0.0,0.0,0.0,0.0
11817,7,0.0,0.0,0.0,0.0,0.0,0.0,0.0,0.0,0.0,0.0
16113,7,0.0,0.0,0.0,0.0,0.0,0.0,0.0,0.0,0.0,0.0
7442,2,0.5,0.0,0.0,0.5,0.2,1.0,0.0,0.0,1.0,0.2
14393,1,0.0,0.0,0.0,0.0,0.0,0.0,0.0,0.0,0.0,0.0
11549,6,0.0,0.0,0.0,0.0,0.0,0.0,0.0,0.0,0.0,0.0
9605,8,0.0,0.0,0.0,0.0,0.0,0.0,0.0,0.0,0.0,0.0
11744,1,0.0,0.0,0.0,0.0,0.0,0.0,0.0,0.0,0.0,0.0
17754,4,0.0,0.0,0.0,0.0,0.0,0.0,0.0,0.0,0.0,0.0
16219,1,1.0,1.0,1.0,1.0,0.2,1.0,1.0,1.0,1.0,0.1
12825,7,0.0,0.0,0.0,0.0,0.0,0.14285714285714285,0.1020408163265306,0.0979129253499678,0.14285714285714285,0.1
15091,1,0.0,0.0,0.0,0.0,0.0,0.0,0.0,0.0,0.0,0.0
4060,7,0.0,0.0,0.0,0.0,0.0,0.0,0.0,0.0,0.0,0.0
11583,4,0.0,0.0,0.0,0.0,0.0,0.0,0.0,0.0,0.0,0.0
3828,12,0.2,0.3333333333333333,0.33916020527361607,0.08333333333333333,0.2,0.1,0.18181818181818182,0.22009176629808014,0.08333333333333333,0.1
16405,4,0.0,0.0,0.0,0.0,0.0,0.25,0.0,0.0,0.25,0.1
11158,1,0.0,0.0,0.0,0.0,0.0,0.0,0.0,0.0,0.0,0.0
5857,7,0.2,0.19999999999999998,0.16958010263680803,0.14285714285714285,0.2,0.14285714285714285,0.16326530612244897,0.13743816645714543,0.14285714285714285,0.1
18057,3,0.0,0.0,0.0,0.0,0.0,0.6666666666666666,0.0,0.0,0.6666666666666666,0.2
12066,5,0.0,0.0,0.0,0.0,0.0,0.0,0.0,0.0,0.0,0.0
4399,3,0.0,0.0,0.0,0.0,0.0,0.0,0.0,0.0,0.0,0.0
14755,1,1.0,1.0,1.0,1.0,0.2,1.0,1.0,1.0,1.0,0.1
11167,1,0.0,0.0,0.0,0.0,0.0,0.0,0.0,0.0,0.0,0.0
11865,4,0.0,0.0,0.0,0.0,0.0,0.25,0.0,0.0,0.25,0.1
18286,1,0.0,0.0,0.0,0.0,0.0,0.0,0.0,0.0,0.0,0.0
14283,2,0.0,0.0,0.0,0.0,0.0,0.0,0.0,0.0,0.0,0.0
8492,10,0.0,0.0,0.0,0.0,0.0,0.0,0.0,0.0,0.0,0.0
10882,5,0.2,0.26666666666666666,0.2139862647345275,0.2,0.2,0.2,0.225,0.2139862647345275,0.2,0.1
9246,1,0.0,0.0,0.0,0.0,0.0,0.0,0.0,0.0,0.0,0.0
11525,5,0.0,0.0,0.0,0.0,0.0,0.0,0.0,0.0,0.0,0.0
9468,11,0.0,0.0,0.0,0.0,0.0,0.0,0.0,0.0,0.0,0.0
4109,7,0.0,0.0,0.0,0.0,0.0,0.0,0.0,0.0,0.0,0.0
5289,1,0.0,0.0,0.0,0.0,0.0,0.0,0.0,0.0,0.0,0.0
16386,8,0.0,0.0,0.0,0.0,0.0,0.0,0.0,0.0,0.0,0.0
1924,4,0.0,0.0,0.0,0.0,0.0,0.0,0.0,0.0,0.0,0.0
14970,4,0.0,0.0,0.0,0.0,0.0,0.25,0.0,0.0,0.25,0.1
15988,1,1.0,1.0,1.0,1.0,0.2,1.0,1.0,1.0,1.0,0.1
17339,2,0.0,0.0,0.0,0.0,0.0,0.0,0.0,0.0,0.0,0.0
16053,2,0.0,0.0,0.0,0.0,0.0,0.0,0.0,0.0,0.0,0.0
7460,4,0.0,0.0,0.0,0.0,0.0,0.0,0.0,0.0,0.0,0.0
8285,6,0.0,0.0,0.0,0.0,0.0,0.0,0.0,0.0,0.0,0.0
11325,3,0.0,0.0,0.0,0.0,0.0,0.0,0.0,0.0,0.0,0.0
1591,1,0.0,0.0,0.0,0.0,0.0,0.0,0.0,0.0,0.0,0.0
544,1,0.0,0.0,0.0,0.0,0.0,0.0,0.0,0.0,0.0,0.0
125,8,0.0,0.0,0.0,0.0,0.0,0.0,0.0,0.0,0.0,0.0
14848,5,0.2,0.26666666666666666,0.2139862647345275,0.2,0.2,0.2,0.225,0.2139862647345275,0.2,0.1
15610,1,0.0,0.0,0.0,0.0,0.0,0.0,0.0,0.0,0.0,0.0
15818,2,0.0,0.0,0.0,0.0,0.0,0.0,0.0,0.0,0.0,0.0
5950,3,0.0,0.0,0.0,0.0,0.0,0.0,0.0,0.0,0.0,0.0
15531,12,0.0,0.0,0.0,0.0,0.0,0.0,0.0,0.0,0.0,0.0
46,7,0.0,0.0,0.0,0.0,0.0,0.0,0.0,0.0,0.0,0.0
5436,1,1.0,1.0,1.0,1.0,0.2,1.0,1.0,1.0,1.0,0.1
2978,1,1.0,1.0,1.0,1.0,0.2,1.0,1.0,1.0,1.0,0.1
6994,1,0.0,0.0,0.0,0.0,0.0,0.0,0.0,0.0,0.0,0.0
2397,5,0.0,0.0,0.0,0.0,0.0,0.0,0.0,0.0,0.0,0.0
13841,3,0.0,0.0,0.0,0.0,0.0,0.0,0.0,0.0,0.0,0.0
10348,6,0.2,0.13333333333333333,0.14606834984270645,0.16666666666666666,0.2,0.16666666666666666,0.15555555555555556,0.13032376591037065,0.16666666666666666,0.1
1712,9,0.0,0.0,0.0,0.0,0.0,0.0,0.0,0.0,0.0,0.0
16212,5,0.0,0.0,0.0,0.0,0.0,0.0,0.0,0.0,0.0,0.0
4594,2,0.0,0.0,0.0,0.0,0.0,0.0,0.0,0.0,0.0,0.0
16962,1,0.0,0.0,0.0,0.0,0.0,0.0,0.0,0.0,0.0,0.0
96,23,0.4,0.5333333333333333,0.5087403079104241,0.08695652173913043,0.4,0.3,0.4,0.40350157154648025,0.13043478260869565,0.3
16965,1,0.0,0.0,0.0,0.0,0.0,0.0,0.0,0.0,0.0,0.0
14696,1,0.0,0.0,0.0,0.0,0.0,0.0,0.0,0.0,0.0,0.0
17698,6,0.0,0.0,0.0,0.0,0.0,0.0,0.0,0.0,0.0,0.0
5070,5,0.0,0.0,0.0,0.0,0.0,0.0,0.0,0.0,0.0,0.0
14655,2,0.5,0.5555555555555556,0.6131471927654584,0.5,0.2,0.5,0.5263157894736842,0.6131471927654584,0.5,0.1
9429,15,0.0,0.0,0.0,0.0,0.0,0.0,0.0,0.0,0.0,0.0
9619,6,0.0,0.0,0.0,0.0,0.0,0.0,0.0,0.0,0.0,0.0
1832,1,0.0,0.0,0.0,0.0,0.0,0.0,0.0,0.0,0.0,0.0
15194,2,0.0,0.0,0.0,0.0,0.0,0.0,0.0,0.0,0.0,0.0
4943,2,0.5,0.4444444444444445,0.3868528072345415,0.5,0.2,0.5,0.4736842105263158,0.3868528072345415,0.5,0.1
12149,4,0.0,0.0,0.0,0.0,0.0,0.0,0.0,0.0,0.0,0.0
17817,1,1.0,1.0,1.0,1.0,0.2,1.0,1.0,1.0,1.0,0.1
466,4,0.0,0.0,0.0,0.0,0.0,0.0,0.0,0.0,0.0,0.0
18354,10,0.0,0.0,0.0,0.0,0.0,0.0,0.0,0.0,0.0,0.0
6073,4,0.25,0.2142857142857143,0.19519002499605081,0.25,0.2,0.25,0.23529411764705882,0.19519002499605081,0.25,0.1
3850,6,0.0,0.0,0.0,0.0,0.0,0.0,0.0,0.0,0.0,0.0
6059,1,0.0,0.0,0.0,0.0,0.0,0.0,0.0,0.0,0.0,0.0
1936,3,0.0,0.0,0.0,0.0,0.0,0.0,0.0,0.0,0.0,0.0
1213,3,0.0,0.0,0.0,0.0,0.0,0.0,0.0,0.0,0.0,0.0
18182,3,0.0,0.0,0.0,0.0,0.0,0.0,0.0,0.0,0.0,0.0
5703,2,0.5,0.4444444444444445,0.3868528072345415,0.5,0.2,0.5,0.4736842105263158,0.3868528072345415,0.5,0.1
15020,17,0.2,0.26666666666666666,0.2139862647345275,0.058823529411764705,0.2,0.1,0.16363636363636364,0.1388624438735545,0.058823529411764705,0.1
2922,1,1.0,1.0,1.0,1.0,0.2,1.0,1.0,1.0,1.0,0.1
2336,19,0.2,0.06666666666666665,0.13120507751234176,0.05263157894736842,0.2,0.2,0.18181818181818182,0.15850703974098102,0.10526315789473684,0.2
1536,1,1.0,1.0,1.0,1.0,0.2,1.0,1.0,1.0,1.0,0.1
13460,2,0.0,0.0,0.0,0.0,0.0,0.0,0.0,0.0,0.0,0.0
14447,1,1.0,1.0,1.0,1.0,0.2,1.0,1.0,1.0,1.0,0.1
995,4,0.0,0.0,0.0,0.0,0.0,0.0,0.0,0.0,0.0,0.0
5265,3,0.0,0.0,0.0,0.0,0.0,0.0,0.0,0.0,0.0,0.0
1111,3,0.0,0.0,0.0,0.0,0.0,0.3333333333333333,0.0,0.0,0.3333333333333333,0.1
17068,4,0.0,0.0,0.0,0.0,0.0,0.0,0.0,0.0,0.0,0.0
15581,4,0.0,0.0,0.0,0.0,0.0,0.0,0.0,0.0,0.0,0.0
3994,2,0.0,0.0,0.0,0.0,0.0,0.0,0.0,0.0,0.0,0.0
9765,1,0.0,0.0,0.0,0.0,0.0,0.0,0.0,0.0,0.0,0.0
11086,1,0.0,0.0,0.0,0.0,0.0,0.0,0.0,0.0,0.0,0.0
15766,1,0.0,0.0,0.0,0.0,0.0,0.0,0.0,0.0,0.0,0.0
9586,5,0.0,0.0,0.0,0.0,0.0,0.0,0.0,0.0,0.0,0.0
4977,9,0.0,0.0,0.0,0.0,0.0,0.0,0.0,0.0,0.0,0.0
5725,12,0.4,0.19999999999999998,0.2772734273550482,0.16666666666666666,0.4,0.3,0.2545454545454545,0.2435522702101234,0.25,0.3
12821,1,0.0,0.0,0.0,0.0,0.0,0.0,0.0,0.0,0.0,0.0
6920,3,0.3333333333333333,0.4166666666666667,0.46927872602275644,0.3333333333333333,0.2,0.3333333333333333,0.37037037037037035,0.46927872602275644,0.3333333333333333,0.1
1166,16,0.0,0.0,0.0,0.0,0.0,0.0,0.0,0.0,0.0,0.0
7536,1,0.0,0.0,0.0,0.0,0.0,0.0,0.0,0.0,0.0,0.0
5218,6,0.0,0.0,0.0,0.0,0.0,0.0,0.0,0.0,0.0,0.0
13349,2,0.0,0.0,0.0,0.0,0.0,0.0,0.0,0.0,0.0,0.0
4331,2,0.5,0.5555555555555556,0.6131471927654584,0.5,0.2,1.0,0.5263157894736842,0.6131471927654584,1.0,0.2
14850,6,0.0,0.0,0.0,0.0,0.0,0.0,0.0,0.0,0.0,0.0
8532,4,0.0,0.0,0.0,0.0,0.0,0.0,0.0,0.0,0.0,0.0
16455,11,0.0,0.0,0.0,0.0,0.0,0.0,0.0,0.0,0.0,0.0
1255,1,0.0,0.0,0.0,0.0,0.0,0.0,0.0,0.0,0.0,0.0
7154,3,0.0,0.0,0.0,0.0,0.0,0.0,0.0,0.0,0.0,0.0
10440,2,0.0,0.0,0.0,0.0,0.0,0.0,0.0,0.0,0.0,0.0
266,2,0.5,0.5555555555555556,0.6131471927654584,0.5,0.2,0.5,0.5263157894736842,0.6131471927654584,0.5,0.1
6356,7,0.0,0.0,0.0,0.0,0.0,0.0,0.0,0.0,0.0,0.0
17502,1,1.0,1.0,1.0,1.0,0.2,1.0,1.0,1.0,1.0,0.1
13314,2,0.0,0.0,0.0,0.0,0.0,0.0,0.0,0.0,0.0,0.0
8863,3,0.0,0.0,0.0,0.0,0.0,0.0,0.0,0.0,0.0,0.0
8446,6,0.0,0.0,0.0,0.0,0.0,0.0,0.0,0.0,0.0,0.0
3242,5,0.4,0.6,0.5531464700081437,0.4,0.4,0.4,0.475,0.5531464700081437,0.4,0.2
13486,2,0.5,0.0,0.0,0.5,0.2,0.5,0.0,0.0,0.5,0.1
11291,1,0.0,0.0,0.0,0.0,0.0,0.0,0.0,0.0,0.0,0.0
2687,3,0.0,0.0,0.0,0.0,0.0,0.0,0.0,0.0,0.0,0.0
8036,3,0.3333333333333333,0.33333333333333337,0.29608191096586517,0.3333333333333333,0.2,0.6666666666666666,0.3333333333333333,0.29608191096586517,0.6666666666666666,0.2
13210,5,0.0,0.0,0.0,0.0,0.0,0.0,0.0,0.0,0.0,0.0
18002,1,1.0,1.0,1.0,1.0,0.2,1.0,1.0,1.0,1.0,0.1
6401,2,0.5,0.0,0.0,0.5,0.2,0.5,0.0,0.0,0.5,0.1
13932,2,0.5,0.5555555555555556,0.6131471927654584,0.5,0.2,0.5,0.5263157894736842,0.6131471927654584,0.5,0.1
9213,2,0.0,0.0,0.0,0.0,0.0,0.0,0.0,0.0,0.0,0.0
8400,5,0.2,0.19999999999999998,0.16958010263680803,0.2,0.2,0.2,0.2,0.16958010263680803,0.2,0.1
16018,9,0.0,0.0,0.0,0.0,0.0,0.0,0.0,0.0,0.0,0.0
1884,3,0.0,0.0,0.0,0.0,0.0,0.0,0.0,0.0,0.0,0.0
14114,4,0.0,0.0,0.0,0.0,0.0,0.0,0.0,0.0,0.0,0.0
12043,7,0.0,0.0,0.0,0.0,0.0,0.0,0.0,0.0,0.0,0.0
90,6,0.0,0.0,0.0,0.0,0.0,0.0,0.0,0.0,0.0,0.0
5158,2,0.0,0.0,0.0,0.0,0.0,0.0,0.0,0.0,0.0,0.0
16747,1,0.0,0.0,0.0,0.0,0.0,0.0,0.0,0.0,0.0,0.0
8299,3,0.0,0.0,0.0,0.0,0.0,0.0,0.0,0.0,0.0,0.0
9518,1,0.0,0.0,0.0,0.0,0.0,0.0,0.0,0.0,0.0,0.0
12452,1,0.0,0.0,0.0,0.0,0.0,0.0,0.0,0.0,0.0,0.0
1872,13,0.4,0.39999999999999997,0.4703652827859578,0.15384615384615385,0.4,0.2,0.29090909090909095,0.3052348839397011,0.15384615384615385,0.2
10765,22,0.2,0.3333333333333333,0.33916020527361607,0.045454545454545456,0.2,0.1,0.18181818181818182,0.22009176629808014,0.045454545454545456,0.1
12061,1,0.0,0.0,0.0,0.0,0.0,0.0,0.0,0.0,0.0,0.0
10316,1,0.0,0.0,0.0,0.0,0.0,0.0,0.0,0.0,0.0,0.0
6752,2,0.0,0.0,0.0,0.0,0.0,0.0,0.0,0.0,0.0,0.0
15967,2,0.0,0.0,0.0,0.0,0.0,0.0,0.0,0.0,0.0,0.0
10857,2,0.5,0.5555555555555556,0.6131471927654584,0.5,0.2,0.5,0.5263157894736842,0.6131471927654584,0.5,0.1
542,1,0.0,0.0,0.0,0.0,0.0,0.0,0.0,0.0,0.0,0.0
14288,3,0.0,0.0,0.0,0.0,0.0,0.0,0.0,0.0,0.0,0.0
16704,12,0.0,0.0,0.0,0.0,0.0,0.0,0.0,0.0,0.0,0.0
17018,2,0.0,0.0,0.0,0.0,0.0,0.0,0.0,0.0,0.0,0.0
9027,5,0.0,0.0,0.0,0.0,0.0,0.0,0.0,0.0,0.0,0.0
3558,7,0.0,0.0,0.0,0.0,0.0,0.0,0.0,0.0,0.0,0.0
6185,1,0.0,0.0,0.0,0.0,0.0,0.0,0.0,0.0,0.0,0.0
7682,4,0.0,0.0,0.0,0.0,0.0,0.0,0.0,0.0,0.0,0.0
5064,4,0.0,0.0,0.0,0.0,0.0,0.0,0.0,0.0,0.0,0.0
9473,13,0.0,0.0,0.0,0.0,0.0,0.0,0.0,0.0,0.0,0.0
18090,6,0.0,0.0,0.0,0.0,0.0,0.0,0.0,0.0,0.0,0.0
8916,3,0.0,0.0,0.0,0.0,0.0,0.0,0.0,0.0,0.0,0.0
3741,3,0.0,0.0,0.0,0.0,0.0,0.0,0.0,0.0,0.0,0.0
14673,1,0.0,0.0,0.0,0.0,0.0,0.0,0.0,0.0,0.0,0.0
179,9,0.0,0.0,0.0,0.0,0.0,0.0,0.0,0.0,0.0,0.0
5831,1,1.0,1.0,1.0,1.0,0.2,1.0,1.0,1.0,1.0,0.1
17312,1,0.0,0.0,0.0,0.0,0.0,0.0,0.0,0.0,0.0,0.0
12335,3,0.0,0.0,0.0,0.0,0.0,0.0,0.0,0.0,0.0,0.0
10291,3,0.0,0.0,0.0,0.0,0.0,0.0,0.0,0.0,0.0,0.0
2966,1,0.0,0.0,0.0,0.0,0.0,0.0,0.0,0.0,0.0,0.0
11774,4,0.0,0.0,0.0,0.0,0.0,0.0,0.0,0.0,0.0,0.0
7679,1,0.0,0.0,0.0,0.0,0.0,0.0,0.0,0.0,0.0,0.0
18043,3,1.0,1.0,1.0,1.0,0.6,1.0,1.0,1.0,1.0,0.3
2338,6,0.0,0.0,0.0,0.0,0.0,0.0,0.0,0.0,0.0,0.0
8648,1,1.0,0.0,0.0,1.0,0.2,1.0,0.0,0.0,1.0,0.1
10416,7,0.0,0.0,0.0,0.0,0.0,0.14285714285714285,0.08163265306122448,0.09162544430476363,0.14285714285714285,0.1
12272,2,0.5,0.0,0.0,0.5,0.2,0.5,0.0,0.0,0.5,0.1
2679,2,0.0,0.0,0.0,0.0,0.0,0.0,0.0,0.0,0.0,0.0
6864,2,0.0,0.0,0.0,0.0,0.0,0.5,0.0,0.0,0.5,0.1
11623,4,0.0,0.0,0.0,0.0,0.0,0.0,0.0,0.0,0.0,0.0
18349,1,0.0,0.0,0.0,0.0,0.0,0.0,0.0,0.0,0.0,0.0
6738,1,1.0,1.0,1.0,1.0,0.2,1.0,1.0,1.0,1.0,0.1
3139,4,0.0,0.0,0.0,0.0,0.0,0.0,0.0,0.0,0.0,0.0
5879,2,0.5,0.5555555555555556,0.6131471927654584,0.5,0.2,0.5,0.5263157894736842,0.6131471927654584,0.5,0.1
13244,1,1.0,0.0,0.0,1.0,0.2,1.0,0.0,0.0,1.0,0.1
3367,26,0.0,0.0,0.0,0.0,0.0,0.0,0.0,0.0,0.0,0.0
8286,4,0.0,0.0,0.0,0.0,0.0,0.0,0.0,0.0,0.0,0.0
10242,4,0.0,0.0,0.0,0.0,0.0,0.0,0.0,0.0,0.0,0.0
9347,8,0.0,0.0,0.0,0.0,0.0,0.0,0.0,0.0,0.0,0.0
5716,6,0.0,0.0,0.0,0.0,0.0,0.0,0.0,0.0,0.0,0.0
16193,2,0.0,0.0,0.0,0.0,0.0,0.0,0.0,0.0,0.0,0.0
3805,1,0.0,0.0,0.0,0.0,0.0,0.0,0.0,0.0,0.0,0.0
1972,3,0.0,0.0,0.0,0.0,0.0,0.0,0.0,0.0,0.0,0.0
17134,6,0.0,0.0,0.0,0.0,0.0,0.0,0.0,0.0,0.0,0.0
9653,1,1.0,1.0,1.0,1.0,0.2,1.0,1.0,1.0,1.0,0.1
11323,9,0.0,0.0,0.0,0.0,0.0,0.0,0.0,0.0,0.0,0.0
10131,1,0.0,0.0,0.0,0.0,0.0,0.0,0.0,0.0,0.0,0.0
4242,10,0.0,0.0,0.0,0.0,0.0,0.0,0.0,0.0,0.0,0.0
10548,8,0.2,0.3333333333333333,0.33916020527361607,0.125,0.2,0.125,0.1923076923076923,0.2529427027676571,0.125,0.1
16011,11,0.0,0.0,0.0,0.0,0.0,0.0,0.0,0.0,0.0,0.0
712,9,0.0,0.0,0.0,0.0,0.0,0.0,0.0,0.0,0.0,0.0
9865,1,0.0,0.0,0.0,0.0,0.0,0.0,0.0,0.0,0.0,0.0
1953,2,0.0,0.0,0.0,0.0,0.0,0.0,0.0,0.0,0.0,0.0
16635,1,0.0,0.0,0.0,0.0,0.0,0.0,0.0,0.0,0.0,0.0
11319,19,0.0,0.0,0.0,0.0,0.0,0.0,0.0,0.0,0.0,0.0
4334,2,0.0,0.0,0.0,0.0,0.0,0.0,0.0,0.0,0.0,0.0
952,4,0.0,0.0,0.0,0.0,0.0,0.0,0.0,0.0,0.0,0.0
9567,2,0.0,0.0,0.0,0.0,0.0,0.0,0.0,0.0,0.0,0.0
308,3,0.0,0.0,0.0,0.0,0.0,0.0,0.0,0.0,0.0,0.0
11100,7,0.0,0.0,0.0,0.0,0.0,0.0,0.0,0.0,0.0,0.0
14955,6,0.0,0.0,0.0,0.0,0.0,0.0,0.0,0.0,0.0,0.0
13052,3,0.0,0.0,0.0,0.0,0.0,0.0,0.0,0.0,0.0,0.0
8013,6,0.0,0.0,0.0,0.0,0.0,0.16666666666666666,0.0,0.0,0.16666666666666666,0.1
13895,2,0.0,0.0,0.0,0.0,0.0,0.0,0.0,0.0,0.0,0.0
13045,5,0.0,0.0,0.0,0.0,0.0,0.0,0.0,0.0,0.0,0.0
14487,6,0.0,0.0,0.0,0.0,0.0,0.0,0.0,0.0,0.0,0.0
13910,4,0.25,0.28571428571428575,0.2463023887407299,0.25,0.2,0.25,0.2647058823529412,0.2463023887407299,0.25,0.1
15397,1,0.0,0.0,0.0,0.0,0.0,0.0,0.0,0.0,0.0,0.0
4284,9,0.0,0.0,0.0,0.0,0.0,0.0,0.0,0.0,0.0,0.0
15504,8,0.0,0.0,0.0,0.0,0.0,0.0,0.0,0.0,0.0,0.0
14670,10,0.0,0.0,0.0,0.0,0.0,0.0,0.0,0.0,0.0,0.0
11598,2,0.0,0.0,0.0,0.0,0.0,0.0,0.0,0.0,0.0,0.0
14435,1,1.0,1.0,1.0,1.0,0.2,1.0,1.0,1.0,1.0,0.1
12678,1,1.0,1.0,1.0,1.0,0.2,1.0,1.0,1.0,1.0,0.1
581,2,0.5,0.0,0.0,0.5,0.2,0.5,0.0,0.0,0.5,0.1
7435,7,0.2,0.3333333333333333,0.33916020527361607,0.14285714285714285,0.2,0.14285714285714285,0.2040816326530612,0.27487633291429087,0.14285714285714285,0.1
14074,7,0.2,0.13333333333333333,0.14606834984270645,0.14285714285714285,0.2,0.14285714285714285,0.14285714285714285,0.11838279295536291,0.14285714285714285,0.1
6217,1,1.0,1.0,1.0,1.0,0.2,1.0,1.0,1.0,1.0,0.1
5128,2,0.0,0.0,0.0,0.0,0.0,0.0,0.0,0.0,0.0,0.0
11572,3,0.0,0.0,0.0,0.0,0.0,0.0,0.0,0.0,0.0,0.0
8763,11,0.0,0.0,0.0,0.0,0.0,0.0,0.0,0.0,0.0,0.0
5775,2,0.0,0.0,0.0,0.0,0.0,0.0,0.0,0.0,0.0,0.0
2259,4,0.0,0.0,0.0,0.0,0.0,0.0,0.0,0.0,0.0,0.0
16426,1,1.0,1.0,1.0,1.0,0.2,1.0,1.0,1.0,1.0,0.1
14783,2,0.0,0.0,0.0,0.0,0.0,0.0,0.0,0.0,0.0,0.0
4270,7,0.0,0.0,0.0,0.0,0.0,0.14285714285714285,0.0,0.0,0.14285714285714285,0.1
3416,4,0.0,0.0,0.0,0.0,0.0,0.0,0.0,0.0,0.0,0.0
15543,2,0.5,0.0,0.0,0.5,0.2,0.5,0.0,0.0,0.5,0.1
1543,2,0.0,0.0,0.0,0.0,0.0,0.0,0.0,0.0,0.0,0.0
3224,5,0.0,0.0,0.0,0.0,0.0,0.0,0.0,0.0,0.0,0.0
11676,5,0.0,0.0,0.0,0.0,0.0,0.0,0.0,0.0,0.0,0.0
3681,3,0.3333333333333333,0.33333333333333337,0.29608191096586517,0.3333333333333333,0.2,0.3333333333333333,0.3333333333333333,0.29608191096586517,0.3333333333333333,0.1
10387,7,0.0,0.0,0.0,0.0,0.0,0.0,0.0,0.0,0.0,0.0
10412,2,0.0,0.0,0.0,0.0,0.0,0.0,0.0,0.0,0.0,0.0
7792,7,0.0,0.0,0.0,0.0,0.0,0.0,0.0,0.0,0.0,0.0
13070,4,0.0,0.0,0.0,0.0,0.0,0.0,0.0,0.0,0.0,0.0
10490,5,0.0,0.0,0.0,0.0,0.0,0.0,0.0,0.0,0.0,0.0
13877,14,0.0,0.0,0.0,0.0,0.0,0.0,0.0,0.0,0.0,0.0
15764,3,0.0,0.0,0.0,0.0,0.0,0.0,0.0,0.0,0.0,0.0
13491,2,0.0,0.0,0.0,0.0,0.0,0.0,0.0,0.0,0.0,0.0
15676,7,0.0,0.0,0.0,0.0,0.0,0.0,0.0,0.0,0.0,0.0
14415,5,0.0,0.0,0.0,0.0,0.0,0.0,0.0,0.0,0.0,0.0
11239,5,0.0,0.0,0.0,0.0,0.0,0.0,0.0,0.0,0.0,0.0
496,6,0.0,0.0,0.0,0.0,0.0,0.16666666666666666,0.0,0.0,0.16666666666666666,0.1
15089,6,0.0,0.0,0.0,0.0,0.0,0.0,0.0,0.0,0.0,0.0
16026,2,0.0,0.0,0.0,0.0,0.0,0.0,0.0,0.0,0.0,0.0
14030,1,0.0,0.0,0.0,0.0,0.0,0.0,0.0,0.0,0.0,0.0
4728,5,0.0,0.0,0.0,0.0,0.0,0.0,0.0,0.0,0.0,0.0
10736,1,0.0,0.0,0.0,0.0,0.0,0.0,0.0,0.0,0.0,0.0
5816,3,0.0,0.0,0.0,0.0,0.0,0.0,0.0,0.0,0.0,0.0
14524,10,0.4,0.3333333333333333,0.31564845247951445,0.2,0.4,0.2,0.2727272727272727,0.20483424751859083,0.2,0.2
8105,5,0.0,0.0,0.0,0.0,0.0,0.0,0.0,0.0,0.0,0.0
1382,7,0.0,0.0,0.0,0.0,0.0,0.0,0.0,0.0,0.0,0.0
11910,1,0.0,0.0,0.0,0.0,0.0,0.0,0.0,0.0,0.0,0.0
15853,7,0.0,0.0,0.0,0.0,0.0,0.0,0.0,0.0,0.0,0.0
12383,9,0.0,0.0,0.0,0.0,0.0,0.0,0.0,0.0,0.0,0.0
2901,1,1.0,1.0,1.0,1.0,0.2,1.0,1.0,1.0,1.0,0.1
11921,2,0.0,0.0,0.0,0.0,0.0,0.0,0.0,0.0,0.0,0.0
10726,4,0.0,0.0,0.0,0.0,0.0,0.0,0.0,0.0,0.0,0.0
4962,9,0.0,0.0,0.0,0.0,0.0,0.0,0.0,0.0,0.0,0.0
7174,3,0.0,0.0,0.0,0.0,0.0,0.0,0.0,0.0,0.0,0.0
13435,3,0.0,0.0,0.0,0.0,0.0,0.3333333333333333,0.0,0.0,0.3333333333333333,0.1
12273,3,1.0,0.33333333333333337,0.29608191096586517,1.0,0.6,1.0,0.3333333333333333,0.29608191096586517,1.0,0.3
14770,7,0.0,0.0,0.0,0.0,0.0,0.0,0.0,0.0,0.0,0.0
9021,9,0.0,0.0,0.0,0.0,0.0,0.0,0.0,0.0,0.0,0.0
8040,4,0.0,0.0,0.0,0.0,0.0,0.0,0.0,0.0,0.0,0.0
2112,3,0.0,0.0,0.0,0.0,0.0,0.0,0.0,0.0,0.0,0.0
857,4,0.0,0.0,0.0,0.0,0.0,0.0,0.0,0.0,0.0,0.0
5290,5,0.0,0.0,0.0,0.0,0.0,0.0,0.0,0.0,0.0,0.0
17912,20,0.0,0.0,0.0,0.0,0.0,0.1,0.036363636363636355,0.06625422345438903,0.05,0.1
7855,5,0.0,0.0,0.0,0.0,0.0,0.0,0.0,0.0,0.0,0.0
16351,1,0.0,0.0,0.0,0.0,0.0,0.0,0.0,0.0,0.0,0.0
1222,3,0.3333333333333333,0.4166666666666667,0.46927872602275644,0.3333333333333333,0.2,0.6666666666666666,0.37037037037037035,0.46927872602275644,0.6666666666666666,0.2
16906,1,0.0,0.0,0.0,0.0,0.0,0.0,0.0,0.0,0.0,0.0
7341,6,0.0,0.0,0.0,0.0,0.0,0.0,0.0,0.0,0.0,0.0
4608,1,1.0,1.0,1.0,1.0,0.2,1.0,1.0,1.0,1.0,0.1
864,20,0.0,0.0,0.0,0.0,0.0,0.0,0.0,0.0,0.0,0.0
5045,6,0.0,0.0,0.0,0.0,0.0,0.0,0.0,0.0,0.0,0.0
14799,1,0.0,0.0,0.0,0.0,0.0,0.0,0.0,0.0,0.0,0.0
9924,3,0.0,0.0,0.0,0.0,0.0,0.0,0.0,0.0,0.0,0.0
17207,1,0.0,0.0,0.0,0.0,0.0,0.0,0.0,0.0,0.0,0.0
15923,8,0.2,0.13333333333333333,0.14606834984270645,0.125,0.2,0.125,0.1346153846153846,0.1089364926177559,0.125,0.1
779,4,0.0,0.0,0.0,0.0,0.0,0.0,0.0,0.0,0.0,0.0
9424,7,0.0,0.0,0.0,0.0,0.0,0.0,0.0,0.0,0.0,0.0
15428,5,0.2,0.3333333333333333,0.33916020527361607,0.2,0.2,0.2,0.25,0.33916020527361607,0.2,0.1
2245,3,0.3333333333333333,0.0,0.0,0.3333333333333333,0.2,0.3333333333333333,0.0,0.0,0.3333333333333333,0.1
3005,7,0.2,0.13333333333333333,0.14606834984270645,0.14285714285714285,0.2,0.14285714285714285,0.14285714285714285,0.11838279295536291,0.14285714285714285,0.1
7234,7,0.0,0.0,0.0,0.0,0.0,0.0,0.0,0.0,0.0,0.0
16485,1,0.0,0.0,0.0,0.0,0.0,1.0,0.0,0.0,1.0,0.1
13351,4,0.0,0.0,0.0,0.0,0.0,0.0,0.0,0.0,0.0,0.0
2959,1,0.0,0.0,0.0,0.0,0.0,0.0,0.0,0.0,0.0,0.0
7522,1,0.0,0.0,0.0,0.0,0.0,0.0,0.0,0.0,0.0,0.0
15244,4,0.0,0.0,0.0,0.0,0.0,0.0,0.0,0.0,0.0,0.0
18046,4,0.0,0.0,0.0,0.0,0.0,0.0,0.0,0.0,0.0,0.0
11284,7,0.0,0.0,0.0,0.0,0.0,0.0,0.0,0.0,0.0,0.0
17920,1,1.0,0.0,0.0,1.0,0.2,1.0,0.0,0.0,1.0,0.1
18254,9,0.0,0.0,0.0,0.0,0.0,0.0,0.0,0.0,0.0,0.0
3034,2,0.0,0.0,0.0,0.0,0.0,0.0,0.0,0.0,0.0,0.0
5006,10,0.0,0.0,0.0,0.0,0.0,0.0,0.0,0.0,0.0,0.0
14804,5,0.0,0.0,0.0,0.0,0.0,0.0,0.0,0.0,0.0,0.0
4115,6,0.0,0.0,0.0,0.0,0.0,0.0,0.0,0.0,0.0,0.0
16243,3,0.0,0.0,0.0,0.0,0.0,0.0,0.0,0.0,0.0,0.0
12462,4,0.0,0.0,0.0,0.0,0.0,0.0,0.0,0.0,0.0,0.0
17147,3,0.0,0.0,0.0,0.0,0.0,0.0,0.0,0.0,0.0,0.0
5331,2,0.0,0.0,0.0,0.0,0.0,0.0,0.0,0.0,0.0,0.0
10587,1,1.0,1.0,1.0,1.0,0.2,1.0,1.0,1.0,1.0,0.1
18044,10,0.2,0.19999999999999998,0.16958010263680803,0.1,0.2,0.1,0.14545454545454548,0.11004588314904007,0.1,0.1
6778,9,0.0,0.0,0.0,0.0,0.0,0.0,0.0,0.0,0.0,0.0
12352,10,0.0,0.0,0.0,0.0,0.0,0.0,0.0,0.0,0.0,0.0
8219,5,0.0,0.0,0.0,0.0,0.0,0.0,0.0,0.0,0.0,0.0
11666,4,0.0,0.0,0.0,0.0,0.0,0.0,0.0,0.0,0.0,0.0
16697,6,0.0,0.0,0.0,0.0,0.0,0.0,0.0,0.0,0.0,0.0
2398,4,0.0,0.0,0.0,0.0,0.0,0.0,0.0,0.0,0.0,0.0
9566,6,0.2,0.19999999999999998,0.16958010263680803,0.16666666666666666,0.2,0.16666666666666666,0.17777777777777778,0.15130120674940672,0.16666666666666666,0.1
5971,2,0.5,0.5555555555555556,0.6131471927654584,0.5,0.2,0.5,0.5263157894736842,0.6131471927654584,0.5,0.1
13555,5,0.0,0.0,0.0,0.0,0.0,0.2,0.0,0.0,0.2,0.1
7811,3,0.0,0.0,0.0,0.0,0.0,0.0,0.0,0.0,0.0,0.0
15357,2,0.0,0.0,0.0,0.0,0.0,0.0,0.0,0.0,0.0,0.0
12493,1,1.0,1.0,1.0,1.0,0.2,1.0,1.0,1.0,1.0,0.1
2301,2,0.0,0.0,0.0,0.0,0.0,0.0,0.0,0.0,0.0,0.0
11146,2,0.5,0.0,0.0,0.5,0.2,0.5,0.0,0.0,0.5,0.1
16672,3,0.0,0.0,0.0,0.0,0.0,0.0,0.0,0.0,0.0,0.0
15501,8,0.0,0.0,0.0,0.0,0.0,0.0,0.0,0.0,0.0,0.0
9660,1,0.0,0.0,0.0,0.0,0.0,0.0,0.0,0.0,0.0,0.0
10764,1,0.0,0.0,0.0,0.0,0.0,0.0,0.0,0.0,0.0,0.0
1099,13,0.2,0.13333333333333333,0.14606834984270645,0.07692307692307693,0.2,0.1,0.12727272727272726,0.09478836436955078,0.07692307692307693,0.1
13439,3,0.0,0.0,0.0,0.0,0.0,0.0,0.0,0.0,0.0,0.0
17812,3,0.0,0.0,0.0,0.0,0.0,0.0,0.0,0.0,0.0,0.0
15220,3,0.0,0.0,0.0,0.0,0.0,0.0,0.0,0.0,0.0,0.0
15102,9,0.0,0.0,0.0,0.0,0.0,0.0,0.0,0.0,0.0,0.0
7283,5,0.0,0.0,0.0,0.0,0.0,0.0,0.0,0.0,0.0,0.0
18071,1,0.0,0.0,0.0,0.0,0.0,1.0,0.0,0.0,1.0,0.1
16678,4,0.0,0.0,0.0,0.0,0.0,0.0,0.0,0.0,0.0,0.0
11912,1,0.0,0.0,0.0,0.0,0.0,0.0,0.0,0.0,0.0,0.0
2918,1,0.0,0.0,0.0,0.0,0.0,0.0,0.0,0.0,0.0,0.0
5892,5,0.6,0.6,0.6399453854227659,0.6,0.6,0.8,0.6,0.6399453854227659,0.8,0.4
10995,2,0.0,0.0,0.0,0.0,0.0,0.0,0.0,0.0,0.0,0.0
15513,3,0.0,0.0,0.0,0.0,0.0,0.0,0.0,0.0,0.0,0.0
16610,3,0.0,0.0,0.0,0.0,0.0,0.0,0.0,0.0,0.0,0.0
16969,3,0.3333333333333333,0.25,0.23463936301137822,0.3333333333333333,0.2,0.3333333333333333,0.2962962962962963,0.23463936301137822,0.3333333333333333,0.1
17539,3,0.0,0.0,0.0,0.0,0.0,0.0,0.0,0.0,0.0,0.0
1552,4,0.0,0.0,0.0,0.0,0.0,0.25,0.0,0.0,0.25,0.1
6306,7,0.0,0.0,0.0,0.0,0.0,0.0,0.0,0.0,0.0,0.0
12934,1,1.0,1.0,1.0,1.0,0.2,1.0,1.0,1.0,1.0,0.1
10804,1,1.0,1.0,1.0,1.0,0.2,1.0,1.0,1.0,1.0,0.1
9624,3,0.3333333333333333,0.25,0.23463936301137822,0.3333333333333333,0.2,0.3333333333333333,0.2962962962962963,0.23463936301137822,0.3333333333333333,0.1
12407,14,0.0,0.0,0.0,0.0,0.0,0.0,0.0,0.0,0.0,0.0
13829,10,0.2,0.26666666666666666,0.2139862647345275,0.1,0.2,0.1,0.16363636363636364,0.1388624438735545,0.1,0.1
12451,3,0.0,0.0,0.0,0.0,0.0,0.0,0.0,0.0,0.0,0.0
2817,5,0.0,0.0,0.0,0.0,0.0,0.0,0.0,0.0,0.0,0.0
7097,6,0.0,0.0,0.0,0.0,0.0,0.0,0.0,0.0,0.0,0.0
9248,1,0.0,0.0,0.0,0.0,0.0,0.0,0.0,0.0,0.0,0.0
9593,1,0.0,0.0,0.0,0.0,0.0,0.0,0.0,0.0,0.0,0.0
7593,1,1.0,0.0,0.0,1.0,0.2,1.0,0.0,0.0,1.0,0.1
186,6,0.0,0.0,0.0,0.0,0.0,0.0,0.0,0.0,0.0,0.0
12818,1,0.0,0.0,0.0,0.0,0.0,0.0,0.0,0.0,0.0,0.0
9603,3,0.0,0.0,0.0,0.0,0.0,0.0,0.0,0.0,0.0,0.0
3622,2,0.0,0.0,0.0,0.0,0.0,0.0,0.0,0.0,0.0,0.0
7434,1,0.0,0.0,0.0,0.0,0.0,0.0,0.0,0.0,0.0,0.0
17696,5,0.0,0.0,0.0,0.0,0.0,0.0,0.0,0.0,0.0,0.0
16096,6,0.0,0.0,0.0,0.0,0.0,0.0,0.0,0.0,0.0,0.0
6121,5,0.0,0.0,0.0,0.0,0.0,0.0,0.0,0.0,0.0,0.0
12196,1,0.0,0.0,0.0,0.0,0.0,0.0,0.0,0.0,0.0,0.0
7373,7,0.0,0.0,0.0,0.0,0.0,0.0,0.0,0.0,0.0,0.0
7858,1,0.0,0.0,0.0,0.0,0.0,0.0,0.0,0.0,0.0,0.0
10199,1,0.0,0.0,0.0,0.0,0.0,0.0,0.0,0.0,0.0,0.0
2160,2,0.0,0.0,0.0,0.0,0.0,0.0,0.0,0.0,0.0,0.0
6604,3,0.3333333333333333,0.4166666666666667,0.46927872602275644,0.3333333333333333,0.2,0.3333333333333333,0.37037037037037035,0.46927872602275644,0.3333333333333333,0.1
4052,1,0.0,0.0,0.0,0.0,0.0,0.0,0.0,0.0,0.0,0.0
15378,2,0.0,0.0,0.0,0.0,0.0,0.0,0.0,0.0,0.0,0.0
9259,2,0.0,0.0,0.0,0.0,0.0,0.0,0.0,0.0,0.0,0.0
13,7,0.0,0.0,0.0,0.0,0.0,0.0,0.0,0.0,0.0,0.0
4690,11,0.0,0.0,0.0,0.0,0.0,0.0,0.0,0.0,0.0,0.0
5692,2,0.5,0.0,0.0,0.5,0.2,0.5,0.0,0.0,0.5,0.1
5209,2,0.0,0.0,0.0,0.0,0.0,0.0,0.0,0.0,0.0,0.0
16636,1,0.0,0.0,0.0,0.0,0.0,0.0,0.0,0.0,0.0,0.0
8490,6,0.0,0.0,0.0,0.0,0.0,0.0,0.0,0.0,0.0,0.0
9341,4,0.0,0.0,0.0,0.0,0.0,0.0,0.0,0.0,0.0,0.0
16154,7,0.0,0.0,0.0,0.0,0.0,0.0,0.0,0.0,0.0,0.0
5135,8,0.0,0.0,0.0,0.0,0.0,0.0,0.0,0.0,0.0,0.0
6132,3,0.0,0.0,0.0,0.0,0.0,0.0,0.0,0.0,0.0,0.0
5027,5,0.0,0.0,0.0,0.0,0.0,0.0,0.0,0.0,0.0,0.0
15027,7,0.0,0.0,0.0,0.0,0.0,0.0,0.0,0.0,0.0,0.0
14775,6,0.0,0.0,0.0,0.0,0.0,0.0,0.0,0.0,0.0,0.0
16699,2,0.5,0.4444444444444445,0.3868528072345415,0.5,0.2,0.5,0.4736842105263158,0.3868528072345415,0.5,0.1
2094,1,0.0,0.0,0.0,0.0,0.0,0.0,0.0,0.0,0.0,0.0
1860,3,0.0,0.0,0.0,0.0,0.0,0.0,0.0,0.0,0.0,0.0
4459,6,0.0,0.0,0.0,0.0,0.0,0.0,0.0,0.0,0.0,0.0
9199,1,0.0,0.0,0.0,0.0,0.0,0.0,0.0,0.0,0.0,0.0
15318,3,0.0,0.0,0.0,0.0,0.0,0.0,0.0,0.0,0.0,0.0
5044,1,0.0,0.0,0.0,0.0,0.0,0.0,0.0,0.0,0.0,0.0
12056,3,0.0,0.0,0.0,0.0,0.0,0.3333333333333333,0.0,0.0,0.3333333333333333,0.1
1170,3,0.0,0.0,0.0,0.0,0.0,0.0,0.0,0.0,0.0,0.0
4116,6,0.0,0.0,0.0,0.0,0.0,0.0,0.0,0.0,0.0,0.0
14516,7,0.0,0.0,0.0,0.0,0.0,0.0,0.0,0.0,0.0,0.0
16863,3,0.0,0.0,0.0,0.0,0.0,0.0,0.0,0.0,0.0,0.0
7166,5,0.0,0.0,0.0,0.0,0.0,0.0,0.0,0.0,0.0,0.0
16158,4,0.25,0.28571428571428575,0.2463023887407299,0.25,0.2,0.25,0.2647058823529412,0.2463023887407299,0.25,0.1
8402,4,0.0,0.0,0.0,0.0,0.0,0.0,0.0,0.0,0.0,0.0
6546,6,0.0,0.0,0.0,0.0,0.0,0.0,0.0,0.0,0.0,0.0
5887,6,0.0,0.0,0.0,0.0,0.0,0.0,0.0,0.0,0.0,0.0
8543,3,0.0,0.0,0.0,0.0,0.0,0.0,0.0,0.0,0.0,0.0
9255,1,0.0,0.0,0.0,0.0,0.0,0.0,0.0,0.0,0.0,0.0
155,5,0.0,0.0,0.0,0.0,0.0,0.0,0.0,0.0,0.0,0.0
6109,2,0.0,0.0,0.0,0.0,0.0,0.0,0.0,0.0,0.0,0.0
11455,3,0.0,0.0,0.0,0.0,0.0,0.0,0.0,0.0,0.0,0.0
8506,9,0.0,0.0,0.0,0.0,0.0,0.0,0.0,0.0,0.0,0.0
4991,8,0.0,0.0,0.0,0.0,0.0,0.0,0.0,0.0,0.0,0.0
7538,3,0.3333333333333333,0.4166666666666667,0.46927872602275644,0.3333333333333333,0.2,0.6666666666666666,0.37037037037037035,0.46927872602275644,0.6666666666666666,0.2
17047,1,0.0,0.0,0.0,0.0,0.0,0.0,0.0,0.0,0.0,0.0
9996,1,0.0,0.0,0.0,0.0,0.0,0.0,0.0,0.0,0.0,0.0
3696,12,0.0,0.0,0.0,0.0,0.0,0.0,0.0,0.0,0.0,0.0
11512,3,0.0,0.0,0.0,0.0,0.0,0.0,0.0,0.0,0.0,0.0
17150,3,0.3333333333333333,0.4166666666666667,0.46927872602275644,0.3333333333333333,0.2,0.3333333333333333,0.37037037037037035,0.46927872602275644,0.3333333333333333,0.1
9063,1,0.0,0.0,0.0,0.0,0.0,0.0,0.0,0.0,0.0,0.0
7237,3,0.0,0.0,0.0,0.0,0.0,0.0,0.0,0.0,0.0,0.0
12380,7,0.0,0.0,0.0,0.0,0.0,0.0,0.0,0.0,0.0,0.0
2608,1,1.0,1.0,1.0,1.0,0.2,1.0,1.0,1.0,1.0,0.1
9799,1,1.0,1.0,1.0,1.0,0.2,1.0,1.0,1.0,1.0,0.1
4745,7,0.0,0.0,0.0,0.0,0.0,0.0,0.0,0.0,0.0,0.0
7577,6,0.0,0.0,0.0,0.0,0.0,0.0,0.0,0.0,0.0,0.0
18298,1,0.0,0.0,0.0,0.0,0.0,0.0,0.0,0.0,0.0,0.0
4841,1,1.0,1.0,1.0,1.0,0.2,1.0,1.0,1.0,1.0,0.1
6648,7,0.0,0.0,0.0,0.0,0.0,0.0,0.0,0.0,0.0,0.0
6885,1,1.0,1.0,1.0,1.0,0.2,1.0,1.0,1.0,1.0,0.1
11898,15,0.0,0.0,0.0,0.0,0.0,0.0,0.0,0.0,0.0,0.0
16399,7,0.0,0.0,0.0,0.0,0.0,0.0,0.0,0.0,0.0,0.0
4924,5,0.0,0.0,0.0,0.0,0.0,0.0,0.0,0.0,0.0,0.0
2437,6,0.2,0.26666666666666666,0.2139862647345275,0.16666666666666666,0.2,0.16666666666666666,0.2,0.1909208661789346,0.16666666666666666,0.1
15723,3,0.0,0.0,0.0,0.0,0.0,0.0,0.0,0.0,0.0,0.0
619,7,0.0,0.0,0.0,0.0,0.0,0.0,0.0,0.0,0.0,0.0
1896,3,0.0,0.0,0.0,0.0,0.0,0.0,0.0,0.0,0.0,0.0
3434,1,0.0,0.0,0.0,0.0,0.0,0.0,0.0,0.0,0.0,0.0
6135,12,0.0,0.0,0.0,0.0,0.0,0.1,0.09090909090909091,0.07839826897867533,0.08333333333333333,0.1
14571,1,1.0,1.0,1.0,1.0,0.2,1.0,1.0,1.0,1.0,0.1
2462,3,0.0,0.0,0.0,0.0,0.0,0.0,0.0,0.0,0.0,0.0
6492,3,0.0,0.0,0.0,0.0,0.0,0.0,0.0,0.0,0.0,0.0
16964,3,0.0,0.0,0.0,0.0,0.0,0.0,0.0,0.0,0.0,0.0
5100,2,0.0,0.0,0.0,0.0,0.0,0.0,0.0,0.0,0.0,0.0
13740,1,0.0,0.0,0.0,0.0,0.0,0.0,0.0,0.0,0.0,0.0
3810,2,0.0,0.0,0.0,0.0,0.0,0.0,0.0,0.0,0.0,0.0
12140,3,0.3333333333333333,0.33333333333333337,0.29608191096586517,0.3333333333333333,0.2,0.3333333333333333,0.3333333333333333,0.29608191096586517,0.3333333333333333,0.1
2625,1,0.0,0.0,0.0,0.0,0.0,1.0,0.0,0.0,1.0,0.1
1941,2,0.0,0.0,0.0,0.0,0.0,0.0,0.0,0.0,0.0,0.0
4870,1,1.0,1.0,1.0,1.0,0.2,1.0,1.0,1.0,1.0,0.1
4056,5,0.0,0.0,0.0,0.0,0.0,0.0,0.0,0.0,0.0,0.0
14990,5,0.0,0.0,0.0,0.0,0.0,0.0,0.0,0.0,0.0,0.0
4418,5,0.0,0.0,0.0,0.0,0.0,0.0,0.0,0.0,0.0,0.0
1700,30,0.2,0.3333333333333333,0.33916020527361607,0.03333333333333333,0.2,0.1,0.18181818181818182,0.22009176629808014,0.03333333333333333,0.1
1881,8,0.0,0.0,0.0,0.0,0.0,0.0,0.0,0.0,0.0,0.0
6655,10,0.0,0.0,0.0,0.0,0.0,0.0,0.0,0.0,0.0,0.0
3208,4,0.0,0.0,0.0,0.0,0.0,0.0,0.0,0.0,0.0,0.0
18172,9,0.0,0.0,0.0,0.0,0.0,0.1111111111111111,0.03703703703703703,0.0707557607210806,0.1111111111111111,0.1
992,1,0.0,0.0,0.0,0.0,0.0,1.0,0.0,0.0,1.0,0.1
4504,1,0.0,0.0,0.0,0.0,0.0,0.0,0.0,0.0,0.0,0.0
14858,4,0.0,0.0,0.0,0.0,0.0,0.0,0.0,0.0,0.0,0.0
10989,4,0.25,0.14285714285714288,0.16812753627111746,0.25,0.2,0.25,0.20588235294117643,0.16812753627111746,0.25,0.1
17460,3,0.0,0.0,0.0,0.0,0.0,0.0,0.0,0.0,0.0,0.0
11750,6,0.0,0.0,0.0,0.0,0.0,0.16666666666666666,0.0,0.0,0.16666666666666666,0.1
10859,1,0.0,0.0,0.0,0.0,0.0,0.0,0.0,0.0,0.0,0.0
926,4,0.25,0.14285714285714288,0.16812753627111746,0.25,0.2,0.25,0.20588235294117643,0.16812753627111746,0.25,0.1
9537,17,0.0,0.0,0.0,0.0,0.0,0.0,0.0,0.0,0.0,0.0
1357,1,1.0,1.0,1.0,1.0,0.2,1.0,1.0,1.0,1.0,0.1
8089,1,1.0,1.0,1.0,1.0,0.2,1.0,1.0,1.0,1.0,0.1
10746,16,0.0,0.0,0.0,0.0,0.0,0.0,0.0,0.0,0.0,0.0
7327,1,1.0,0.0,0.0,1.0,0.2,1.0,0.0,0.0,1.0,0.1
5673,1,1.0,1.0,1.0,1.0,0.2,1.0,1.0,1.0,1.0,0.1
16717,2,0.5,0.0,0.0,0.5,0.2,0.5,0.0,0.0,0.5,0.1
5799,2,0.0,0.0,0.0,0.0,0.0,0.0,0.0,0.0,0.0,0.0
14383,1,0.0,0.0,0.0,0.0,0.0,0.0,0.0,0.0,0.0,0.0
10656,3,0.0,0.0,0.0,0.0,0.0,0.0,0.0,0.0,0.0,0.0
1593,5,0.0,0.0,0.0,0.0,0.0,0.0,0.0,0.0,0.0,0.0
8523,6,0.0,0.0,0.0,0.0,0.0,0.16666666666666666,0.0,0.0,0.16666666666666666,0.1
4933,3,0.0,0.0,0.0,0.0,0.0,0.0,0.0,0.0,0.0,0.0
3084,4,0.0,0.0,0.0,0.0,0.0,0.0,0.0,0.0,0.0,0.0
2654,32,0.0,0.0,0.0,0.0,0.0,0.0,0.0,0.0,0.0,0.0
14102,1,1.0,0.0,0.0,1.0,0.2,1.0,0.0,0.0,1.0,0.1
16745,5,0.0,0.0,0.0,0.0,0.0,0.0,0.0,0.0,0.0,0.0
4427,1,0.0,0.0,0.0,0.0,0.0,0.0,0.0,0.0,0.0,0.0
1968,5,0.0,0.0,0.0,0.0,0.0,0.0,0.0,0.0,0.0,0.0
13465,20,0.0,0.0,0.0,0.0,0.0,0.0,0.0,0.0,0.0,0.0
11649,5,0.0,0.0,0.0,0.0,0.0,0.0,0.0,0.0,0.0,0.0
16369,1,0.0,0.0,0.0,0.0,0.0,0.0,0.0,0.0,0.0,0.0
3241,1,0.0,0.0,0.0,0.0,0.0,0.0,0.0,0.0,0.0,0.0
12044,5,0.0,0.0,0.0,0.0,0.0,0.0,0.0,0.0,0.0,0.0
9991,4,0.0,0.0,0.0,0.0,0.0,0.0,0.0,0.0,0.0,0.0
5604,1,0.0,0.0,0.0,0.0,0.0,0.0,0.0,0.0,0.0,0.0
15656,2,0.0,0.0,0.0,0.0,0.0,0.0,0.0,0.0,0.0,0.0
14818,3,0.0,0.0,0.0,0.0,0.0,0.0,0.0,0.0,0.0,0.0
12035,2,0.0,0.0,0.0,0.0,0.0,0.0,0.0,0.0,0.0,0.0
3792,1,1.0,0.0,0.0,1.0,0.2,1.0,0.0,0.0,1.0,0.1
3882,1,0.0,0.0,0.0,0.0,0.0,0.0,0.0,0.0,0.0,0.0
17026,3,0.0,0.0,0.0,0.0,0.0,0.3333333333333333,0.0,0.0,0.3333333333333333,0.1
8411,2,0.5,0.4444444444444445,0.3868528072345415,0.5,0.2,0.5,0.4736842105263158,0.3868528072345415,0.5,0.1
2326,3,0.0,0.0,0.0,0.0,0.0,0.0,0.0,0.0,0.0,0.0
2731,7,0.2,0.26666666666666666,0.2139862647345275,0.14285714285714285,0.2,0.14285714285714285,0.18367346938775508,0.17342765698823942,0.14285714285714285,0.1
5958,1,1.0,1.0,1.0,1.0,0.2,1.0,1.0,1.0,1.0,0.1
6872,2,0.0,0.0,0.0,0.0,0.0,0.0,0.0,0.0,0.0,0.0
3745,5,0.0,0.0,0.0,0.0,0.0,0.0,0.0,0.0,0.0,0.0
1023,2,0.5,0.5555555555555556,0.6131471927654584,0.5,0.2,0.5,0.5263157894736842,0.6131471927654584,0.5,0.1
1409,3,0.0,0.0,0.0,0.0,0.0,0.3333333333333333,0.0,0.0,0.3333333333333333,0.1
3021,9,0.0,0.0,0.0,0.0,0.0,0.0,0.0,0.0,0.0,0.0
7463,5,0.0,0.0,0.0,0.0,0.0,0.0,0.0,0.0,0.0,0.0
18054,9,0.0,0.0,0.0,0.0,0.0,0.0,0.0,0.0,0.0,0.0
11889,2,0.0,0.0,0.0,0.0,0.0,0.0,0.0,0.0,0.0,0.0
16831,1,0.0,0.0,0.0,0.0,0.0,0.0,0.0,0.0,0.0,0.0
14476,3,0.0,0.0,0.0,0.0,0.0,0.0,0.0,0.0,0.0,0.0
5390,3,0.0,0.0,0.0,0.0,0.0,0.0,0.0,0.0,0.0,0.0
2206,6,0.2,0.3333333333333333,0.33916020527361607,0.16666666666666666,0.2,0.16666666666666666,0.2222222222222222,0.30260241349881345,0.16666666666666666,0.1
10697,1,0.0,0.0,0.0,0.0,0.0,0.0,0.0,0.0,0.0,0.0
8124,8,0.0,0.0,0.0,0.0,0.0,0.0,0.0,0.0,0.0,0.0
7642,4,0.0,0.0,0.0,0.0,0.0,0.0,0.0,0.0,0.0,0.0
8585,1,0.0,0.0,0.0,0.0,0.0,0.0,0.0,0.0,0.0,0.0
6431,1,1.0,1.0,1.0,1.0,0.2,1.0,1.0,1.0,1.0,0.1
5337,4,0.0,0.0,0.0,0.0,0.0,0.0,0.0,0.0,0.0,0.0
18346,1,1.0,1.0,1.0,1.0,0.2,1.0,1.0,1.0,1.0,0.1
17952,6,0.0,0.0,0.0,0.0,0.0,0.0,0.0,0.0,0.0,0.0
11195,8,0.0,0.0,0.0,0.0,0.0,0.125,0.057692307692307696,0.07979453856244816,0.125,0.1
11922,4,0.0,0.0,0.0,0.0,0.0,0.0,0.0,0.0,0.0,0.0
6162,1,1.0,1.0,1.0,1.0,0.2,1.0,1.0,1.0,1.0,0.1
5323,5,0.0,0.0,0.0,0.0,0.0,0.0,0.0,0.0,0.0,0.0
17258,7,0.0,0.0,0.0,0.0,0.0,0.0,0.0,0.0,0.0,0.0
9706,1,0.0,0.0,0.0,0.0,0.0,0.0,0.0,0.0,0.0,0.0
13089,1,0.0,0.0,0.0,0.0,0.0,0.0,0.0,0.0,0.0,0.0
14424,4,0.0,0.0,0.0,0.0,0.0,0.0,0.0,0.0,0.0,0.0
1186,4,0.0,0.0,0.0,0.0,0.0,0.0,0.0,0.0,0.0,0.0
8083,1,0.0,0.0,0.0,0.0,0.0,0.0,0.0,0.0,0.0,0.0
4244,6,0.0,0.0,0.0,0.0,0.0,0.0,0.0,0.0,0.0,0.0
11976,9,0.0,0.0,0.0,0.0,0.0,0.0,0.0,0.0,0.0,0.0
6807,1,0.0,0.0,0.0,0.0,0.0,0.0,0.0,0.0,0.0,0.0
9762,2,0.0,0.0,0.0,0.0,0.0,0.0,0.0,0.0,0.0,0.0
10785,1,1.0,1.0,1.0,1.0,0.2,1.0,1.0,1.0,1.0,0.1
16737,1,0.0,0.0,0.0,0.0,0.0,0.0,0.0,0.0,0.0,0.0
2907,1,1.0,1.0,1.0,1.0,0.2,1.0,1.0,1.0,1.0,0.1
10277,12,0.0,0.0,0.0,0.0,0.0,0.0,0.0,0.0,0.0,0.0
2704,4,0.0,0.0,0.0,0.0,0.0,0.0,0.0,0.0,0.0,0.0
2884,1,0.0,0.0,0.0,0.0,0.0,0.0,0.0,0.0,0.0,0.0
5858,4,0.0,0.0,0.0,0.0,0.0,0.0,0.0,0.0,0.0,0.0
14794,2,0.0,0.0,0.0,0.0,0.0,0.5,0.0,0.0,0.5,0.1
16326,2,0.0,0.0,0.0,0.0,0.0,0.0,0.0,0.0,0.0,0.0
8092,2,0.0,0.0,0.0,0.0,0.0,0.5,0.0,0.0,0.5,0.1
8931,2,0.0,0.0,0.0,0.0,0.0,0.0,0.0,0.0,0.0,0.0
16483,1,0.0,0.0,0.0,0.0,0.0,0.0,0.0,0.0,0.0,0.0
16420,1,0.0,0.0,0.0,0.0,0.0,0.0,0.0,0.0,0.0,0.0
13950,2,0.0,0.0,0.0,0.0,0.0,0.0,0.0,0.0,0.0,0.0
10860,3,0.0,0.0,0.0,0.0,0.0,0.0,0.0,0.0,0.0,0.0
12727,6,0.0,0.0,0.0,0.0,0.0,0.0,0.0,0.0,0.0,0.0
4430,6,0.0,0.0,0.0,0.0,0.0,0.0,0.0,0.0,0.0,0.0
10411,2,0.0,0.0,0.0,0.0,0.0,0.5,0.0,0.0,0.5,0.1
6315,3,0.0,0.0,0.0,0.0,0.0,0.0,0.0,0.0,0.0,0.0
1480,9,0.2,0.26666666666666666,0.2139862647345275,0.1111111111111111,0.2,0.1111111111111111,0.16666666666666666,0.14829723057014907,0.1111111111111111,0.1
4858,2,0.5,0.5555555555555556,0.6131471927654584,0.5,0.2,0.5,0.5263157894736842,0.6131471927654584,0.5,0.1
14731,2,0.5,0.4444444444444445,0.3868528072345415,0.5,0.2,0.5,0.4736842105263158,0.3868528072345415,0.5,0.1
6500,4,0.0,0.0,0.0,0.0,0.0,0.0,0.0,0.0,0.0,0.0
11185,8,0.0,0.0,0.0,0.0,0.0,0.0,0.0,0.0,0.0,0.0
9286,6,0.0,0.0,0.0,0.0,0.0,0.0,0.0,0.0,0.0,0.0
15677,3,0.3333333333333333,0.4166666666666667,0.46927872602275644,0.3333333333333333,0.2,0.3333333333333333,0.37037037037037035,0.46927872602275644,0.3333333333333333,0.1
9588,3,0.0,0.0,0.0,0.0,0.0,0.0,0.0,0.0,0.0,0.0
9426,6,0.0,0.0,0.0,0.0,0.0,0.0,0.0,0.0,0.0,0.0
4822,1,0.0,0.0,0.0,0.0,0.0,0.0,0.0,0.0,0.0,0.0
11211,1,0.0,0.0,0.0,0.0,0.0,0.0,0.0,0.0,0.0,0.0
2644,3,0.0,0.0,0.0,0.0,0.0,0.3333333333333333,0.0,0.0,0.3333333333333333,0.1
9665,1,0.0,0.0,0.0,0.0,0.0,0.0,0.0,0.0,0.0,0.0
12430,1,0.0,0.0,0.0,0.0,0.0,0.0,0.0,0.0,0.0,0.0
8660,4,0.0,0.0,0.0,0.0,0.0,0.0,0.0,0.0,0.0,0.0
856,4,0.0,0.0,0.0,0.0,0.0,0.0,0.0,0.0,0.0,0.0
7399,4,0.0,0.0,0.0,0.0,0.0,0.0,0.0,0.0,0.0,0.0
4556,10,0.0,0.0,0.0,0.0,0.0,0.0,0.0,0.0,0.0,0.0
3050,1,0.0,0.0,0.0,0.0,0.0,0.0,0.0,0.0,0.0,0.0
18129,1,0.0,0.0,0.0,0.0,0.0,0.0,0.0,0.0,0.0,0.0
16440,5,0.0,0.0,0.0,0.0,0.0,0.0,0.0,0.0,0.0,0.0
615,1,0.0,0.0,0.0,0.0,0.0,0.0,0.0,0.0,0.0,0.0
2000,4,0.0,0.0,0.0,0.0,0.0,0.0,0.0,0.0,0.0,0.0
3088,5,0.0,0.0,0.0,0.0,0.0,0.0,0.0,0.0,0.0,0.0
4536,1,0.0,0.0,0.0,0.0,0.0,0.0,0.0,0.0,0.0,0.0
5034,3,0.0,0.0,0.0,0.0,0.0,0.0,0.0,0.0,0.0,0.0
11433,6,0.0,0.0,0.0,0.0,0.0,0.0,0.0,0.0,0.0,0.0
2070,8,0.0,0.0,0.0,0.0,0.0,0.0,0.0,0.0,0.0,0.0
17559,6,0.2,0.13333333333333333,0.14606834984270645,0.16666666666666666,0.2,0.16666666666666666,0.15555555555555556,0.13032376591037065,0.16666666666666666,0.1
772,1,1.0,0.0,0.0,1.0,0.2,1.0,0.0,0.0,1.0,0.1
17799,1,0.0,0.0,0.0,0.0,0.0,0.0,0.0,0.0,0.0,0.0
4265,1,0.0,0.0,0.0,0.0,0.0,0.0,0.0,0.0,0.0,0.0
14242,4,0.0,0.0,0.0,0.0,0.0,0.0,0.0,0.0,0.0,0.0
4001,2,0.5,0.0,0.0,0.5,0.2,0.5,0.0,0.0,0.5,0.1
17959,1,0.0,0.0,0.0,0.0,0.0,0.0,0.0,0.0,0.0,0.0
15966,2,0.0,0.0,0.0,0.0,0.0,0.0,0.0,0.0,0.0,0.0
17435,1,0.0,0.0,0.0,0.0,0.0,0.0,0.0,0.0,0.0,0.0
6117,2,0.0,0.0,0.0,0.0,0.0,0.0,0.0,0.0,0.0,0.0
728,1,0.0,0.0,0.0,0.0,0.0,0.0,0.0,0.0,0.0,0.0
3468,4,0.0,0.0,0.0,0.0,0.0,0.0,0.0,0.0,0.0,0.0
8128,9,0.2,0.3333333333333333,0.33916020527361607,0.1111111111111111,0.2,0.1111111111111111,0.18518518518518517,0.23504554941448538,0.1111111111111111,0.1
2363,8,0.0,0.0,0.0,0.0,0.0,0.0,0.0,0.0,0.0,0.0
2804,3,0.3333333333333333,0.4166666666666667,0.46927872602275644,0.3333333333333333,0.2,0.3333333333333333,0.37037037037037035,0.46927872602275644,0.3333333333333333,0.1
5842,1,0.0,0.0,0.0,0.0,0.0,0.0,0.0,0.0,0.0,0.0
8915,1,0.0,0.0,0.0,0.0,0.0,0.0,0.0,0.0,0.0,0.0
15520,38,0.0,0.0,0.0,0.0,0.0,0.2,0.12727272727272726,0.14465249243306436,0.05263157894736842,0.2
7020,7,0.0,0.0,0.0,0.0,0.0,0.0,0.0,0.0,0.0,0.0
15900,6,0.0,0.0,0.0,0.0,0.0,0.0,0.0,0.0,0.0,0.0
994,2,0.0,0.0,0.0,0.0,0.0,0.0,0.0,0.0,0.0,0.0
6372,1,1.0,0.0,0.0,1.0,0.2,1.0,0.0,0.0,1.0,0.1
16550,3,0.0,0.0,0.0,0.0,0.0,0.0,0.0,0.0,0.0,0.0
6477,7,0.2,0.06666666666666665,0.13120507751234176,0.14285714285714285,0.2,0.14285714285714285,0.12244897959183672,0.10633668103022983,0.14285714285714285,0.1
8642,2,0.0,0.0,0.0,0.0,0.0,0.0,0.0,0.0,0.0,0.0
17425,2,0.5,0.4444444444444445,0.3868528072345415,0.5,0.2,0.5,0.4736842105263158,0.3868528072345415,0.5,0.1
4893,1,0.0,0.0,0.0,0.0,0.0,0.0,0.0,0.0,0.0,0.0
11526,6,0.0,0.0,0.0,0.0,0.0,0.0,0.0,0.0,0.0,0.0
8435,6,0.0,0.0,0.0,0.0,0.0,0.0,0.0,0.0,0.0,0.0
3480,10,0.0,0.0,0.0,0.0,0.0,0.0,0.0,0.0,0.0,0.0
11265,24,0.0,0.0,0.0,0.0,0.0,0.0,0.0,0.0,0.0,0.0
1645,3,0.0,0.0,0.0,0.0,0.0,0.0,0.0,0.0,0.0,0.0
6889,2,0.5,0.0,0.0,0.5,0.2,1.0,0.0,0.0,1.0,0.2
10326,3,0.3333333333333333,0.4166666666666667,0.46927872602275644,0.3333333333333333,0.2,0.3333333333333333,0.37037037037037035,0.46927872602275644,0.3333333333333333,0.1
12190,1,1.0,0.0,0.0,1.0,0.2,1.0,0.0,0.0,1.0,0.1
8542,3,0.0,0.0,0.0,0.0,0.0,0.0,0.0,0.0,0.0,0.0
4960,10,0.0,0.0,0.0,0.0,0.0,0.0,0.0,0.0,0.0,0.0
14628,4,0.0,0.0,0.0,0.0,0.0,0.0,0.0,0.0,0.0,0.0
6947,1,1.0,1.0,1.0,1.0,0.2,1.0,1.0,1.0,1.0,0.1
2968,1,0.0,0.0,0.0,0.0,0.0,0.0,0.0,0.0,0.0,0.0
14767,3,0.0,0.0,0.0,0.0,0.0,0.0,0.0,0.0,0.0,0.0
16058,1,0.0,0.0,0.0,0.0,0.0,0.0,0.0,0.0,0.0,0.0
13216,3,0.0,0.0,0.0,0.0,0.0,0.0,0.0,0.0,0.0,0.0
12846,1,1.0,1.0,1.0,1.0,0.2,1.0,1.0,1.0,1.0,0.1
5165,9,0.0,0.0,0.0,0.0,0.0,0.0,0.0,0.0,0.0,0.0
11430,13,0.0,0.0,0.0,0.0,0.0,0.1,0.07272727272727274,0.07336392209936006,0.07692307692307693,0.1
10415,1,0.0,0.0,0.0,0.0,0.0,0.0,0.0,0.0,0.0,0.0
16188,5,0.0,0.0,0.0,0.0,0.0,0.0,0.0,0.0,0.0,0.0
14639,5,0.0,0.0,0.0,0.0,0.0,0.0,0.0,0.0,0.0,0.0
17267,4,0.0,0.0,0.0,0.0,0.0,0.0,0.0,0.0,0.0,0.0
9613,7,0.0,0.0,0.0,0.0,0.0,0.0,0.0,0.0,0.0,0.0
11230,5,0.0,0.0,0.0,0.0,0.0,0.0,0.0,0.0,0.0,0.0
8548,3,0.0,0.0,0.0,0.0,0.0,0.0,0.0,0.0,0.0,0.0
5707,2,0.0,0.0,0.0,0.0,0.0,0.0,0.0,0.0,0.0,0.0
804,6,0.0,0.0,0.0,0.0,0.0,0.0,0.0,0.0,0.0,0.0
17159,5,0.0,0.0,0.0,0.0,0.0,0.2,0.0,0.0,0.2,0.1
17838,3,0.0,0.0,0.0,0.0,0.0,0.0,0.0,0.0,0.0,0.0
11119,2,0.0,0.0,0.0,0.0,0.0,0.0,0.0,0.0,0.0,0.0
10166,1,0.0,0.0,0.0,0.0,0.0,0.0,0.0,0.0,0.0,0.0
2122,11,0.0,0.0,0.0,0.0,0.0,0.0,0.0,0.0,0.0,0.0
12365,6,0.0,0.0,0.0,0.0,0.0,0.0,0.0,0.0,0.0,0.0
13789,1,0.0,0.0,0.0,0.0,0.0,0.0,0.0,0.0,0.0,0.0
16931,1,0.0,0.0,0.0,0.0,0.0,0.0,0.0,0.0,0.0,0.0
11768,6,0.0,0.0,0.0,0.0,0.0,0.0,0.0,0.0,0.0,0.0
17040,1,0.0,0.0,0.0,0.0,0.0,0.0,0.0,0.0,0.0,0.0
3987,1,1.0,1.0,1.0,1.0,0.2,1.0,1.0,1.0,1.0,0.1
10644,7,0.0,0.0,0.0,0.0,0.0,0.0,0.0,0.0,0.0,0.0
17861,14,0.0,0.0,0.0,0.0,0.0,0.1,0.018181818181818177,0.0636207881989517,0.07142857142857142,0.1
5953,1,1.0,0.0,0.0,1.0,0.2,1.0,0.0,0.0,1.0,0.1
12194,4,0.0,0.0,0.0,0.0,0.0,0.0,0.0,0.0,0.0,0.0
8873,6,0.0,0.0,0.0,0.0,0.0,0.0,0.0,0.0,0.0,0.0
5929,3,0.3333333333333333,0.4166666666666667,0.46927872602275644,0.3333333333333333,0.2,0.3333333333333333,0.37037037037037035,0.46927872602275644,0.3333333333333333,0.1
14221,2,0.0,0.0,0.0,0.0,0.0,0.0,0.0,0.0,0.0,0.0
17137,2,0.0,0.0,0.0,0.0,0.0,0.0,0.0,0.0,0.0,0.0
8932,6,0.0,0.0,0.0,0.0,0.0,0.0,0.0,0.0,0.0,0.0
17745,1,0.0,0.0,0.0,0.0,0.0,0.0,0.0,0.0,0.0,0.0
7324,1,0.0,0.0,0.0,0.0,0.0,0.0,0.0,0.0,0.0,0.0
8509,6,0.0,0.0,0.0,0.0,0.0,0.0,0.0,0.0,0.0,0.0
12366,3,0.0,0.0,0.0,0.0,0.0,0.0,0.0,0.0,0.0,0.0
14723,7,0.0,0.0,0.0,0.0,0.0,0.0,0.0,0.0,0.0,0.0
9708,2,0.0,0.0,0.0,0.0,0.0,0.0,0.0,0.0,0.0,0.0
13602,12,0.0,0.0,0.0,0.0,0.0,0.0,0.0,0.0,0.0,0.0
7649,2,0.0,0.0,0.0,0.0,0.0,0.0,0.0,0.0,0.0,0.0
1491,1,0.0,0.0,0.0,0.0,0.0,0.0,0.0,0.0,0.0,0.0
1430,8,0.0,0.0,0.0,0.0,0.0,0.0,0.0,0.0,0.0,0.0
9651,4,0.0,0.0,0.0,0.0,0.0,0.0,0.0,0.0,0.0,0.0
12051,6,0.0,0.0,0.0,0.0,0.0,0.0,0.0,0.0,0.0,0.0
9872,2,0.0,0.0,0.0,0.0,0.0,0.5,0.0,0.0,0.5,0.1
12947,1,0.0,0.0,0.0,0.0,0.0,0.0,0.0,0.0,0.0,0.0
9994,5,0.0,0.0,0.0,0.0,0.0,0.0,0.0,0.0,0.0,0.0
4159,12,0.0,0.0,0.0,0.0,0.0,0.0,0.0,0.0,0.0,0.0
5362,5,0.0,0.0,0.0,0.0,0.0,0.0,0.0,0.0,0.0,0.0
1604,1,0.0,0.0,0.0,0.0,0.0,0.0,0.0,0.0,0.0,0.0
7198,4,0.0,0.0,0.0,0.0,0.0,0.0,0.0,0.0,0.0,0.0
13136,6,0.0,0.0,0.0,0.0,0.0,0.0,0.0,0.0,0.0,0.0
10623,3,0.0,0.0,0.0,0.0,0.0,0.0,0.0,0.0,0.0,0.0
11217,1,0.0,0.0,0.0,0.0,0.0,0.0,0.0,0.0,0.0,0.0
10589,1,0.0,0.0,0.0,0.0,0.0,0.0,0.0,0.0,0.0,0.0
11547,2,0.0,0.0,0.0,0.0,0.0,0.0,0.0,0.0,0.0,0.0
14612,14,0.0,0.0,0.0,0.0,0.0,0.0,0.0,0.0,0.0,0.0
5800,5,0.0,0.0,0.0,0.0,0.0,0.0,0.0,0.0,0.0,0.0
4884,1,0.0,0.0,0.0,0.0,0.0,0.0,0.0,0.0,0.0,0.0
13290,3,0.0,0.0,0.0,0.0,0.0,0.0,0.0,0.0,0.0,0.0
9645,2,0.5,0.4444444444444445,0.3868528072345415,0.5,0.2,0.5,0.4736842105263158,0.3868528072345415,0.5,0.1
7187,1,0.0,0.0,0.0,0.0,0.0,0.0,0.0,0.0,0.0,0.0
4545,1,0.0,0.0,0.0,0.0,0.0,0.0,0.0,0.0,0.0,0.0
14653,16,0.0,0.0,0.0,0.0,0.0,0.1,0.09090909090909091,0.07839826897867533,0.0625,0.1
4675,6,0.0,0.0,0.0,0.0,0.0,0.16666666666666666,0.0,0.0,0.16666666666666666,0.1
18274,5,0.0,0.0,0.0,0.0,0.0,0.0,0.0,0.0,0.0,0.0
16878,3,0.0,0.0,0.0,0.0,0.0,0.0,0.0,0.0,0.0,0.0
3695,4,0.0,0.0,0.0,0.0,0.0,0.0,0.0,0.0,0.0,0.0
14333,2,1.0,1.0,1.0,1.0,0.4,1.0,1.0,1.0,1.0,0.2
17755,4,0.0,0.0,0.0,0.0,0.0,0.0,0.0,0.0,0.0,0.0
18153,2,0.0,0.0,0.0,0.0,0.0,0.0,0.0,0.0,0.0,0.0
12748,6,0.0,0.0,0.0,0.0,0.0,0.0,0.0,0.0,0.0,0.0
13831,5,0.0,0.0,0.0,0.0,0.0,0.0,0.0,0.0,0.0,0.0
3973,2,0.0,0.0,0.0,0.0,0.0,0.0,0.0,0.0,0.0,0.0
10965,6,0.0,0.0,0.0,0.0,0.0,0.0,0.0,0.0,0.0,0.0
11068,5,0.2,0.3333333333333333,0.33916020527361607,0.2,0.2,0.2,0.25,0.33916020527361607,0.2,0.1
11278,1,0.0,0.0,0.0,0.0,0.0,0.0,0.0,0.0,0.0,0.0
18313,3,0.0,0.0,0.0,0.0,0.0,0.0,0.0,0.0,0.0,0.0
13418,4,0.0,0.0,0.0,0.0,0.0,0.0,0.0,0.0,0.0,0.0
14508,7,0.0,0.0,0.0,0.0,0.0,0.0,0.0,0.0,0.0,0.0
1368,4,0.0,0.0,0.0,0.0,0.0,0.25,0.0,0.0,0.25,0.1
15032,5,0.0,0.0,0.0,0.0,0.0,0.0,0.0,0.0,0.0,0.0
4408,12,0.0,0.0,0.0,0.0,0.0,0.1,0.05454545454545456,0.06943122193677725,0.08333333333333333,0.1
10438,1,1.0,1.0,1.0,1.0,0.2,1.0,1.0,1.0,1.0,0.1
10068,3,0.0,0.0,0.0,0.0,0.0,0.0,0.0,0.0,0.0,0.0
17777,5,0.0,0.0,0.0,0.0,0.0,0.0,0.0,0.0,0.0,0.0
18384,1,1.0,1.0,1.0,1.0,0.2,1.0,1.0,1.0,1.0,0.1
6375,4,0.0,0.0,0.0,0.0,0.0,0.0,0.0,0.0,0.0,0.0
9457,3,0.6666666666666666,0.4166666666666667,0.46927872602275644,0.6666666666666666,0.4,0.6666666666666666,0.37037037037037035,0.46927872602275644,0.6666666666666666,0.2
18382,1,0.0,0.0,0.0,0.0,0.0,0.0,0.0,0.0,0.0,0.0
5815,5,0.0,0.0,0.0,0.0,0.0,0.0,0.0,0.0,0.0,0.0
13762,1,0.0,0.0,0.0,0.0,0.0,0.0,0.0,0.0,0.0,0.0
17331,11,0.0,0.0,0.0,0.0,0.0,0.0,0.0,0.0,0.0,0.0
12806,1,0.0,0.0,0.0,0.0,0.0,0.0,0.0,0.0,0.0,0.0
4573,2,0.5,0.5555555555555556,0.6131471927654584,0.5,0.2,0.5,0.5263157894736842,0.6131471927654584,0.5,0.1
2926,1,0.0,0.0,0.0,0.0,0.0,0.0,0.0,0.0,0.0,0.0
8761,3,0.0,0.0,0.0,0.0,0.0,0.0,0.0,0.0,0.0,0.0
15690,2,0.5,0.0,0.0,0.5,0.2,0.5,0.0,0.0,0.5,0.1
5778,13,0.0,0.0,0.0,0.0,0.0,0.1,0.018181818181818177,0.0636207881989517,0.07692307692307693,0.1
14488,2,0.0,0.0,0.0,0.0,0.0,0.0,0.0,0.0,0.0,0.0
649,13,0.0,0.0,0.0,0.0,0.0,0.0,0.0,0.0,0.0,0.0
4018,3,0.0,0.0,0.0,0.0,0.0,0.0,0.0,0.0,0.0,0.0
2899,2,0.0,0.0,0.0,0.0,0.0,0.0,0.0,0.0,0.0,0.0
4344,2,0.0,0.0,0.0,0.0,0.0,0.0,0.0,0.0,0.0,0.0
4073,3,0.3333333333333333,0.4166666666666667,0.46927872602275644,0.3333333333333333,0.2,0.3333333333333333,0.37037037037037035,0.46927872602275644,0.3333333333333333,0.1
10192,4,0.0,0.0,0.0,0.0,0.0,0.0,0.0,0.0,0.0,0.0
5354,1,1.0,1.0,1.0,1.0,0.2,1.0,1.0,1.0,1.0,0.1
13839,2,0.0,0.0,0.0,0.0,0.0,0.0,0.0,0.0,0.0,0.0
6198,9,0.0,0.0,0.0,0.0,0.0,0.1111111111111111,0.0,0.0,0.1111111111111111,0.1
11888,1,0.0,0.0,0.0,0.0,0.0,0.0,0.0,0.0,0.0,0.0
10284,3,0.0,0.0,0.0,0.0,0.0,0.0,0.0,0.0,0.0,0.0
6944,6,0.0,0.0,0.0,0.0,0.0,0.0,0.0,0.0,0.0,0.0
9721,1,0.0,0.0,0.0,0.0,0.0,0.0,0.0,0.0,0.0,0.0
15933,1,1.0,1.0,1.0,1.0,0.2,1.0,1.0,1.0,1.0,0.1
6482,2,0.0,0.0,0.0,0.0,0.0,0.0,0.0,0.0,0.0,0.0
6774,1,0.0,0.0,0.0,0.0,0.0,0.0,0.0,0.0,0.0,0.0
18277,1,0.0,0.0,0.0,0.0,0.0,0.0,0.0,0.0,0.0,0.0
5483,1,0.0,0.0,0.0,0.0,0.0,0.0,0.0,0.0,0.0,0.0
6771,4,0.0,0.0,0.0,0.0,0.0,0.0,0.0,0.0,0.0,0.0
3300,2,0.0,0.0,0.0,0.0,0.0,0.0,0.0,0.0,0.0,0.0
5523,7,0.0,0.0,0.0,0.0,0.0,0.0,0.0,0.0,0.0,0.0
12329,6,0.0,0.0,0.0,0.0,0.0,0.0,0.0,0.0,0.0,0.0
3078,13,0.0,0.0,0.0,0.0,0.0,0.0,0.0,0.0,0.0,0.0
8605,2,0.0,0.0,0.0,0.0,0.0,0.0,0.0,0.0,0.0,0.0
2579,1,1.0,0.0,0.0,1.0,0.2,1.0,0.0,0.0,1.0,0.1
10093,5,0.0,0.0,0.0,0.0,0.0,0.0,0.0,0.0,0.0,0.0
8967,3,0.0,0.0,0.0,0.0,0.0,0.3333333333333333,0.0,0.0,0.3333333333333333,0.1
6402,7,0.0,0.0,0.0,0.0,0.0,0.0,0.0,0.0,0.0,0.0
3158,5,0.0,0.0,0.0,0.0,0.0,0.0,0.0,0.0,0.0,0.0
15410,3,0.0,0.0,0.0,0.0,0.0,0.0,0.0,0.0,0.0,0.0
2162,6,0.0,0.0,0.0,0.0,0.0,0.0,0.0,0.0,0.0,0.0
15755,3,0.0,0.0,0.0,0.0,0.0,0.6666666666666666,0.0,0.0,0.6666666666666666,0.2
6186,1,0.0,0.0,0.0,0.0,0.0,0.0,0.0,0.0,0.0,0.0
1529,2,0.0,0.0,0.0,0.0,0.0,0.0,0.0,0.0,0.0,0.0
13039,1,0.0,0.0,0.0,0.0,0.0,0.0,0.0,0.0,0.0,0.0
10456,3,0.3333333333333333,0.0,0.0,0.3333333333333333,0.2,0.3333333333333333,0.0,0.0,0.3333333333333333,0.1
162,3,0.0,0.0,0.0,0.0,0.0,0.0,0.0,0.0,0.0,0.0
2375,4,0.0,0.0,0.0,0.0,0.0,0.0,0.0,0.0,0.0,0.0
11143,1,0.0,0.0,0.0,0.0,0.0,0.0,0.0,0.0,0.0,0.0
7261,1,1.0,1.0,1.0,1.0,0.2,1.0,1.0,1.0,1.0,0.1
10228,6,0.0,0.0,0.0,0.0,0.0,0.0,0.0,0.0,0.0,0.0
6387,4,0.0,0.0,0.0,0.0,0.0,0.0,0.0,0.0,0.0,0.0
3599,1,0.0,0.0,0.0,0.0,0.0,0.0,0.0,0.0,0.0,0.0
18292,1,0.0,0.0,0.0,0.0,0.0,0.0,0.0,0.0,0.0,0.0
6133,3,0.0,0.0,0.0,0.0,0.0,0.0,0.0,0.0,0.0,0.0
8687,7,0.0,0.0,0.0,0.0,0.0,0.14285714285714285,0.1020408163265306,0.0979129253499678,0.14285714285714285,0.1
14381,11,0.0,0.0,0.0,0.0,0.0,0.0,0.0,0.0,0.0,0.0
15237,1,0.0,0.0,0.0,0.0,0.0,0.0,0.0,0.0,0.0,0.0
2065,5,0.0,0.0,0.0,0.0,0.0,0.0,0.0,0.0,0.0,0.0
15151,3,0.0,0.0,0.0,0.0,0.0,0.0,0.0,0.0,0.0,0.0
4782,8,0.0,0.0,0.0,0.0,0.0,0.0,0.0,0.0,0.0,0.0
11849,2,0.0,0.0,0.0,0.0,0.0,0.0,0.0,0.0,0.0,0.0
7824,7,0.0,0.0,0.0,0.0,0.0,0.0,0.0,0.0,0.0,0.0
1519,4,0.0,0.0,0.0,0.0,0.0,0.0,0.0,0.0,0.0,0.0
3011,1,0.0,0.0,0.0,0.0,0.0,0.0,0.0,0.0,0.0,0.0
13768,3,0.0,0.0,0.0,0.0,0.0,0.0,0.0,0.0,0.0,0.0
11628,1,0.0,0.0,0.0,0.0,0.0,0.0,0.0,0.0,0.0,0.0
18029,7,0.0,0.0,0.0,0.0,0.0,0.0,0.0,0.0,0.0,0.0
14772,1,0.0,0.0,0.0,0.0,0.0,0.0,0.0,0.0,0.0,0.0
15571,17,0.0,0.0,0.0,0.0,0.0,0.0,0.0,0.0,0.0,0.0
14423,1,0.0,0.0,0.0,0.0,0.0,0.0,0.0,0.0,0.0,0.0
13864,1,1.0,1.0,1.0,1.0,0.2,1.0,1.0,1.0,1.0,0.1
3897,7,0.2,0.13333333333333333,0.14606834984270645,0.14285714285714285,0.2,0.14285714285714285,0.14285714285714285,0.11838279295536291,0.14285714285714285,0.1
7894,1,0.0,0.0,0.0,0.0,0.0,0.0,0.0,0.0,0.0,0.0
5098,1,1.0,0.0,0.0,1.0,0.2,1.0,0.0,0.0,1.0,0.1
14440,3,0.3333333333333333,0.0,0.0,0.3333333333333333,0.2,0.3333333333333333,0.0,0.0,0.3333333333333333,0.1
8825,1,1.0,0.0,0.0,1.0,0.2,1.0,0.0,0.0,1.0,0.1
12913,8,0.2,0.19999999999999998,0.16958010263680803,0.125,0.2,0.125,0.15384615384615385,0.12647135138382856,0.125,0.1
1343,1,0.0,0.0,0.0,0.0,0.0,0.0,0.0,0.0,0.0,0.0
301,5,0.0,0.0,0.0,0.0,0.0,0.0,0.0,0.0,0.0,0.0
8280,38,0.0,0.0,0.0,0.0,0.0,0.0,0.0,0.0,0.0,0.0
3920,1,0.0,0.0,0.0,0.0,0.0,0.0,0.0,0.0,0.0,0.0
8259,10,0.0,0.0,0.0,0.0,0.0,0.0,0.0,0.0,0.0,0.0
17766,2,0.5,0.5555555555555556,0.6131471927654584,0.5,0.2,0.5,0.5263157894736842,0.6131471927654584,0.5,0.1
8986,6,0.0,0.0,0.0,0.0,0.0,0.0,0.0,0.0,0.0,0.0
4749,3,0.0,0.0,0.0,0.0,0.0,0.0,0.0,0.0,0.0,0.0
4813,2,0.5,0.5555555555555556,0.6131471927654584,0.5,0.2,0.5,0.5263157894736842,0.6131471927654584,0.5,0.1
15776,1,0.0,0.0,0.0,0.0,0.0,0.0,0.0,0.0,0.0,0.0
15608,1,0.0,0.0,0.0,0.0,0.0,0.0,0.0,0.0,0.0,0.0
12641,8,0.0,0.0,0.0,0.0,0.0,0.0,0.0,0.0,0.0,0.0
16140,6,0.0,0.0,0.0,0.0,0.0,0.0,0.0,0.0,0.0,0.0
16345,1,0.0,0.0,0.0,0.0,0.0,0.0,0.0,0.0,0.0,0.0
10332,8,0.0,0.0,0.0,0.0,0.0,0.0,0.0,0.0,0.0,0.0
4722,1,1.0,1.0,1.0,1.0,0.2,1.0,1.0,1.0,1.0,0.1
5130,2,0.5,0.0,0.0,0.5,0.2,0.5,0.0,0.0,0.5,0.1
5254,2,0.5,0.4444444444444445,0.3868528072345415,0.5,0.2,0.5,0.4736842105263158,0.3868528072345415,0.5,0.1
9019,1,0.0,0.0,0.0,0.0,0.0,0.0,0.0,0.0,0.0,0.0
6313,5,0.0,0.0,0.0,0.0,0.0,0.0,0.0,0.0,0.0,0.0
14407,2,0.0,0.0,0.0,0.0,0.0,0.0,0.0,0.0,0.0,0.0
7204,1,0.0,0.0,0.0,0.0,0.0,0.0,0.0,0.0,0.0,0.0
4743,2,0.0,0.0,0.0,0.0,0.0,0.0,0.0,0.0,0.0,0.0
12688,6,0.0,0.0,0.0,0.0,0.0,0.0,0.0,0.0,0.0,0.0
12176,2,0.5,0.5555555555555556,0.6131471927654584,0.5,0.2,0.5,0.5263157894736842,0.6131471927654584,0.5,0.1
3867,5,0.0,0.0,0.0,0.0,0.0,0.0,0.0,0.0,0.0,0.0
9237,1,1.0,1.0,1.0,1.0,0.2,1.0,1.0,1.0,1.0,0.1
17663,4,0.0,0.0,0.0,0.0,0.0,0.0,0.0,0.0,0.0,0.0
825,13,0.0,0.0,0.0,0.0,0.0,0.0,0.0,0.0,0.0,0.0
9198,10,0.2,0.06666666666666665,0.13120507751234176,0.1,0.2,0.1,0.10909090909090909,0.08514311764162097,0.1,0.1
9582,2,0.0,0.0,0.0,0.0,0.0,0.0,0.0,0.0,0.0,0.0
6986,2,0.5,0.5555555555555556,0.6131471927654584,0.5,0.2,0.5,0.5263157894736842,0.6131471927654584,0.5,0.1
6503,10,0.0,0.0,0.0,0.0,0.0,0.0,0.0,0.0,0.0,0.0
17601,4,0.0,0.0,0.0,0.0,0.0,0.0,0.0,0.0,0.0,0.0
3941,5,0.2,0.3333333333333333,0.33916020527361607,0.2,0.2,0.2,0.25,0.33916020527361607,0.2,0.1
15078,2,0.0,0.0,0.0,0.0,0.0,0.0,0.0,0.0,0.0,0.0
12296,1,1.0,1.0,1.0,1.0,0.2,1.0,1.0,1.0,1.0,0.1
11490,2,0.0,0.0,0.0,0.0,0.0,0.0,0.0,0.0,0.0,0.0
6924,4,0.0,0.0,0.0,0.0,0.0,0.0,0.0,0.0,0.0,0.0
7010,1,0.0,0.0,0.0,0.0,0.0,0.0,0.0,0.0,0.0,0.0
16586,7,0.0,0.0,0.0,0.0,0.0,0.0,0.0,0.0,0.0,0.0
106,12,0.2,0.19999999999999998,0.16958010263680803,0.08333333333333333,0.2,0.1,0.14545454545454548,0.11004588314904007,0.08333333333333333,0.1
8533,3,0.0,0.0,0.0,0.0,0.0,0.0,0.0,0.0,0.0,0.0
3492,9,0.0,0.0,0.0,0.0,0.0,0.0,0.0,0.0,0.0,0.0
2402,5,0.0,0.0,0.0,0.0,0.0,0.0,0.0,0.0,0.0,0.0
24,6,0.2,0.26666666666666666,0.2139862647345275,0.16666666666666666,0.2,0.16666666666666666,0.2,0.1909208661789346,0.16666666666666666,0.1
8886,1,0.0,0.0,0.0,0.0,0.0,0.0,0.0,0.0,0.0,0.0
1472,4,0.0,0.0,0.0,0.0,0.0,0.0,0.0,0.0,0.0,0.0
14945,5,0.0,0.0,0.0,0.0,0.0,0.0,0.0,0.0,0.0,0.0
11711,1,0.0,0.0,0.0,0.0,0.0,0.0,0.0,0.0,0.0,0.0
3043,13,0.0,0.0,0.0,0.0,0.0,0.0,0.0,0.0,0.0,0.0
10038,1,0.0,0.0,0.0,0.0,0.0,0.0,0.0,0.0,0.0,0.0
895,4,0.0,0.0,0.0,0.0,0.0,0.0,0.0,0.0,0.0,0.0
6383,3,0.0,0.0,0.0,0.0,0.0,0.0,0.0,0.0,0.0,0.0
921,18,0.0,0.0,0.0,0.0,0.0,0.0,0.0,0.0,0.0,0.0
9437,5,0.0,0.0,0.0,0.0,0.0,0.2,0.0,0.0,0.2,0.1
4287,5,0.0,0.0,0.0,0.0,0.0,0.0,0.0,0.0,0.0,0.0
14852,4,0.0,0.0,0.0,0.0,0.0,0.0,0.0,0.0,0.0,0.0
6201,1,0.0,0.0,0.0,0.0,0.0,0.0,0.0,0.0,0.0,0.0
6585,2,0.5,0.5555555555555556,0.6131471927654584,0.5,0.2,0.5,0.5263157894736842,0.6131471927654584,0.5,0.1
16521,5,0.0,0.0,0.0,0.0,0.0,0.0,0.0,0.0,0.0,0.0
4825,3,0.6666666666666666,0.75,0.7653606369886217,0.6666666666666666,0.4,0.6666666666666666,0.7037037037037036,0.7653606369886217,0.6666666666666666,0.2
17041,2,0.0,0.0,0.0,0.0,0.0,0.5,0.0,0.0,0.5,0.1
6720,2,0.5,0.4444444444444445,0.3868528072345415,0.5,0.2,0.5,0.4736842105263158,0.3868528072345415,0.5,0.1
11114,5,0.0,0.0,0.0,0.0,0.0,0.0,0.0,0.0,0.0,0.0
5080,1,0.0,0.0,0.0,0.0,0.0,0.0,0.0,0.0,0.0,0.0
13492,6,0.0,0.0,0.0,0.0,0.0,0.0,0.0,0.0,0.0,0.0
10724,5,0.2,0.3333333333333333,0.33916020527361607,0.2,0.2,0.2,0.25,0.33916020527361607,0.2,0.1
10642,2,0.5,0.0,0.0,0.5,0.2,0.5,0.0,0.0,0.5,0.1
1959,2,0.0,0.0,0.0,0.0,0.0,0.0,0.0,0.0,0.0,0.0
6863,2,1.0,0.0,0.0,1.0,0.4,1.0,0.0,0.0,1.0,0.2
3348,22,0.2,0.26666666666666666,0.2139862647345275,0.045454545454545456,0.2,0.1,0.16363636363636364,0.1388624438735545,0.045454545454545456,0.1
12242,1,1.0,0.0,0.0,1.0,0.2,1.0,0.0,0.0,1.0,0.1
8683,2,0.0,0.0,0.0,0.0,0.0,0.0,0.0,0.0,0.0,0.0
9224,4,0.0,0.0,0.0,0.0,0.0,0.25,0.0,0.0,0.25,0.1
16769,3,0.0,0.0,0.0,0.0,0.0,0.0,0.0,0.0,0.0,0.0
12201,1,1.0,1.0,1.0,1.0,0.2,1.0,1.0,1.0,1.0,0.1
16448,1,0.0,0.0,0.0,0.0,0.0,0.0,0.0,0.0,0.0,0.0
8052,6,0.0,0.0,0.0,0.0,0.0,0.0,0.0,0.0,0.0,0.0
12888,7,0.0,0.0,0.0,0.0,0.0,0.0,0.0,0.0,0.0,0.0
5596,5,0.0,0.0,0.0,0.0,0.0,0.0,0.0,0.0,0.0,0.0
5109,1,1.0,1.0,1.0,1.0,0.2,1.0,1.0,1.0,1.0,0.1
8171,2,0.0,0.0,0.0,0.0,0.0,0.0,0.0,0.0,0.0,0.0
13859,5,0.0,0.0,0.0,0.0,0.0,0.0,0.0,0.0,0.0,0.0
17276,4,0.0,0.0,0.0,0.0,0.0,0.0,0.0,0.0,0.0,0.0
5009,16,0.2,0.26666666666666666,0.2139862647345275,0.0625,0.2,0.1,0.16363636363636364,0.1388624438735545,0.0625,0.1
11693,3,0.0,0.0,0.0,0.0,0.0,0.0,0.0,0.0,0.0,0.0
5970,7,0.0,0.0,0.0,0.0,0.0,0.0,0.0,0.0,0.0,0.0
5201,5,0.0,0.0,0.0,0.0,0.0,0.0,0.0,0.0,0.0,0.0
14833,2,0.0,0.0,0.0,0.0,0.0,0.5,0.0,0.0,0.5,0.1
16638,3,0.0,0.0,0.0,0.0,0.0,0.0,0.0,0.0,0.0,0.0
9289,1,0.0,0.0,0.0,0.0,0.0,0.0,0.0,0.0,0.0,0.0
4000,2,0.0,0.0,0.0,0.0,0.0,0.0,0.0,0.0,0.0,0.0
4744,2,0.0,0.0,0.0,0.0,0.0,0.0,0.0,0.0,0.0,0.0
4765,5,0.0,0.0,0.0,0.0,0.0,0.0,0.0,0.0,0.0,0.0
3267,1,1.0,1.0,1.0,1.0,0.2,1.0,1.0,1.0,1.0,0.1
1477,2,0.0,0.0,0.0,0.0,0.0,0.0,0.0,0.0,0.0,0.0
11558,6,0.0,0.0,0.0,0.0,0.0,0.0,0.0,0.0,0.0,0.0
4816,4,0.0,0.0,0.0,0.0,0.0,0.25,0.0,0.0,0.25,0.1
17378,1,0.0,0.0,0.0,0.0,0.0,0.0,0.0,0.0,0.0,0.0
2414,1,1.0,1.0,1.0,1.0,0.2,1.0,1.0,1.0,1.0,0.1
2958,5,0.0,0.0,0.0,0.0,0.0,0.0,0.0,0.0,0.0,0.0
1108,12,0.0,0.0,0.0,0.0,0.0,0.0,0.0,0.0,0.0,0.0
3343,11,0.0,0.0,0.0,0.0,0.0,0.0,0.0,0.0,0.0,0.0
11679,1,0.0,0.0,0.0,0.0,0.0,0.0,0.0,0.0,0.0,0.0
6681,10,0.0,0.0,0.0,0.0,0.0,0.0,0.0,0.0,0.0,0.0
5285,4,0.0,0.0,0.0,0.0,0.0,0.0,0.0,0.0,0.0,0.0
18060,4,0.0,0.0,0.0,0.0,0.0,0.0,0.0,0.0,0.0,0.0
9284,7,0.0,0.0,0.0,0.0,0.0,0.0,0.0,0.0,0.0,0.0
10470,6,0.0,0.0,0.0,0.0,0.0,0.0,0.0,0.0,0.0,0.0
3074,2,0.0,0.0,0.0,0.0,0.0,0.0,0.0,0.0,0.0,0.0
8108,2,0.5,0.5555555555555556,0.6131471927654584,0.5,0.2,0.5,0.5263157894736842,0.6131471927654584,0.5,0.1
1132,2,0.5,0.0,0.0,0.5,0.2,0.5,0.0,0.0,0.5,0.1
3777,2,0.0,0.0,0.0,0.0,0.0,0.0,0.0,0.0,0.0,0.0
5229,4,0.0,0.0,0.0,0.0,0.0,0.0,0.0,0.0,0.0,0.0
15432,3,0.0,0.0,0.0,0.0,0.0,0.0,0.0,0.0,0.0,0.0
2758,11,0.0,0.0,0.0,0.0,0.0,0.0,0.0,0.0,0.0,0.0
4043,1,1.0,0.0,0.0,1.0,0.2,1.0,0.0,0.0,1.0,0.1
5453,1,0.0,0.0,0.0,0.0,0.0,0.0,0.0,0.0,0.0,0.0
12129,3,0.3333333333333333,0.4166666666666667,0.46927872602275644,0.3333333333333333,0.2,0.3333333333333333,0.37037037037037035,0.46927872602275644,0.3333333333333333,0.1
10841,10,0.0,0.0,0.0,0.0,0.0,0.0,0.0,0.0,0.0,0.0
14606,7,0.0,0.0,0.0,0.0,0.0,0.0,0.0,0.0,0.0,0.0
1294,8,0.0,0.0,0.0,0.0,0.0,0.0,0.0,0.0,0.0,0.0
6295,4,0.25,0.28571428571428575,0.2463023887407299,0.25,0.2,0.25,0.2647058823529412,0.2463023887407299,0.25,0.1
4240,4,0.0,0.0,0.0,0.0,0.0,0.0,0.0,0.0,0.0,0.0
5303,1,1.0,1.0,1.0,1.0,0.2,1.0,1.0,1.0,1.0,0.1
18107,1,0.0,0.0,0.0,0.0,0.0,0.0,0.0,0.0,0.0,0.0
16993,1,0.0,0.0,0.0,0.0,0.0,0.0,0.0,0.0,0.0,0.0
13138,4,0.25,0.2142857142857143,0.19519002499605081,0.25,0.2,0.25,0.23529411764705882,0.19519002499605081,0.25,0.1
7254,8,0.2,0.13333333333333333,0.14606834984270645,0.125,0.2,0.125,0.1346153846153846,0.1089364926177559,0.125,0.1
18367,1,1.0,1.0,1.0,1.0,0.2,1.0,1.0,1.0,1.0,0.1
1876,2,0.0,0.0,0.0,0.0,0.0,0.0,0.0,0.0,0.0,0.0
3935,2,0.0,0.0,0.0,0.0,0.0,0.0,0.0,0.0,0.0,0.0
6808,2,0.0,0.0,0.0,0.0,0.0,0.0,0.0,0.0,0.0,0.0
14719,2,0.0,0.0,0.0,0.0,0.0,0.0,0.0,0.0,0.0,0.0
1356,3,0.0,0.0,0.0,0.0,0.0,0.0,0.0,0.0,0.0,0.0
3494,2,0.0,0.0,0.0,0.0,0.0,0.0,0.0,0.0,0.0,0.0
16908,13,0.0,0.0,0.0,0.0,0.0,0.0,0.0,0.0,0.0,0.0
6337,1,0.0,0.0,0.0,0.0,0.0,0.0,0.0,0.0,0.0,0.0
15322,4,0.0,0.0,0.0,0.0,0.0,0.0,0.0,0.0,0.0,0.0
9949,5,0.0,0.0,0.0,0.0,0.0,0.0,0.0,0.0,0.0,0.0
6299,11,0.0,0.0,0.0,0.0,0.0,0.0,0.0,0.0,0.0,0.0
13547,1,0.0,0.0,0.0,0.0,0.0,0.0,0.0,0.0,0.0,0.0
8797,3,0.0,0.0,0.0,0.0,0.0,0.3333333333333333,0.0,0.0,0.3333333333333333,0.1
771,1,0.0,0.0,0.0,0.0,0.0,0.0,0.0,0.0,0.0,0.0
2367,2,0.5,0.5555555555555556,0.6131471927654584,0.5,0.2,0.5,0.5263157894736842,0.6131471927654584,0.5,0.1
6343,5,0.0,0.0,0.0,0.0,0.0,0.0,0.0,0.0,0.0,0.0
8212,1,0.0,0.0,0.0,0.0,0.0,0.0,0.0,0.0,0.0,0.0
10209,1,1.0,1.0,1.0,1.0,0.2,1.0,1.0,1.0,1.0,0.1
14928,6,0.0,0.0,0.0,0.0,0.0,0.0,0.0,0.0,0.0,0.0
9668,1,0.0,0.0,0.0,0.0,0.0,0.0,0.0,0.0,0.0,0.0
13247,14,0.4,0.39999999999999997,0.4703652827859578,0.14285714285714285,0.4,0.2,0.29090909090909095,0.3052348839397011,0.14285714285714285,0.2
17078,8,0.0,0.0,0.0,0.0,0.0,0.0,0.0,0.0,0.0,0.0
1650,1,0.0,0.0,0.0,0.0,0.0,0.0,0.0,0.0,0.0,0.0
17552,1,0.0,0.0,0.0,0.0,0.0,0.0,0.0,0.0,0.0,0.0
16404,3,0.0,0.0,0.0,0.0,0.0,0.0,0.0,0.0,0.0,0.0
