user,total purchases,HR@5,WHR@5,nDCG@5,recall@5,precision@5,HR@10,WHR@10,nDCG@10,recall@10,precision@10
12168,3,0.3333333333333333,0.33333333333333337,0.29608191096586517,0.3333333333333333,0.2,0.3333333333333333,0.3333333333333333,0.29608191096586517,0.3333333333333333,0.1
7815,12,0.0,0.0,0.0,0.0,0.0,0.0,0.0,0.0,0.0,0.0
21705,7,0.2,0.26666666666666666,0.2139862647345275,0.14285714285714285,0.2,0.14285714285714285,0.18367346938775508,0.17342765698823942,0.14285714285714285,0.1
18354,3,0.0,0.0,0.0,0.0,0.0,0.3333333333333333,0.0,0.0,0.3333333333333333,0.1
7824,19,1.0,1.0,1.0,0.2631578947368421,1.0,0.8,0.9090909090909091,0.8630152897016882,0.42105263157894735,0.8
11678,2,0.5,0.5555555555555556,0.6131471927654584,0.5,0.2,0.5,0.5263157894736842,0.6131471927654584,0.5,0.1
17249,1,1.0,1.0,1.0,1.0,0.2,1.0,1.0,1.0,1.0,0.1
12581,3,0.3333333333333333,0.25,0.23463936301137822,0.3333333333333333,0.2,0.3333333333333333,0.2962962962962963,0.23463936301137822,0.3333333333333333,0.1
6668,2,0.0,0.0,0.0,0.0,0.0,0.0,0.0,0.0,0.0,0.0
8816,1,1.0,1.0,1.0,1.0,0.2,1.0,1.0,1.0,1.0,0.1
1714,5,0.0,0.0,0.0,0.0,0.0,0.0,0.0,0.0,0.0,0.0
14323,10,0.8,0.6666666666666666,0.6608397947263838,0.4,0.8,0.6,0.6363636363636366,0.5645252544249326,0.6,0.6
17420,3,0.3333333333333333,0.33333333333333337,0.29608191096586517,0.3333333333333333,0.2,0.3333333333333333,0.3333333333333333,0.29608191096586517,0.3333333333333333,0.1
3367,4,0.0,0.0,0.0,0.0,0.0,0.0,0.0,0.0,0.0,0.0
15029,2,0.0,0.0,0.0,0.0,0.0,0.0,0.0,0.0,0.0,0.0
18262,3,1.0,0.75,0.7653606369886217,1.0,0.6,1.0,0.7037037037037036,0.7653606369886217,1.0,0.3
2811,1,0.0,0.0,0.0,0.0,0.0,0.0,0.0,0.0,0.0,0.0
18484,2,0.0,0.0,0.0,0.0,0.0,0.0,0.0,0.0,0.0,0.0
10258,3,0.3333333333333333,0.4166666666666667,0.46927872602275644,0.3333333333333333,0.2,0.6666666666666666,0.37037037037037035,0.46927872602275644,0.6666666666666666,0.2
3935,1,0.0,0.0,0.0,0.0,0.0,0.0,0.0,0.0,0.0,0.0
17127,3,0.6666666666666666,0.5833333333333334,0.5307212739772434,0.6666666666666666,0.4,0.6666666666666666,0.6296296296296297,0.5307212739772434,0.6666666666666666,0.2
17201,5,0.2,0.3333333333333333,0.33916020527361607,0.2,0.2,0.2,0.25,0.33916020527361607,0.2,0.1
18573,9,0.4,0.6,0.5531464700081437,0.2222222222222222,0.4,0.3333333333333333,0.4259259259259259,0.4616912964561296,0.3333333333333333,0.3
4197,5,0.4,0.4666666666666666,0.48522855511632257,0.4,0.4,0.6,0.425,0.48522855511632257,0.6,0.3
21840,1,0.0,0.0,0.0,0.0,0.0,0.0,0.0,0.0,0.0,0.0
16703,2,0.0,0.0,0.0,0.0,0.0,0.0,0.0,0.0,0.0,0.0
16586,1,0.0,0.0,0.0,0.0,0.0,0.0,0.0,0.0,0.0,0.0
2586,4,0.25,0.2142857142857143,0.19519002499605081,0.25,0.2,0.5,0.23529411764705882,0.19519002499605081,0.5,0.2
20254,3,0.6666666666666666,0.4166666666666667,0.46927872602275644,0.6666666666666666,0.4,0.6666666666666666,0.37037037037037035,0.46927872602275644,0.6666666666666666,0.2
4511,11,0.2,0.3333333333333333,0.33916020527361607,0.09090909090909091,0.2,0.1,0.18181818181818182,0.22009176629808014,0.09090909090909091,0.1
3940,3,0.0,0.0,0.0,0.0,0.0,0.0,0.0,0.0,0.0,0.0
568,7,0.2,0.26666666666666666,0.2139862647345275,0.14285714285714285,0.2,0.14285714285714285,0.18367346938775508,0.17342765698823942,0.14285714285714285,0.1
19119,16,0.4,0.6,0.5531464700081437,0.125,0.4,0.4,0.4181818181818182,0.49200622030736363,0.25,0.4
18856,13,0.4,0.4000000000000001,0.3600546145772339,0.15384615384615385,0.4,0.2,0.29090909090909095,0.23365080824310527,0.15384615384615385,0.2
8390,3,0.0,0.0,0.0,0.0,0.0,0.0,0.0,0.0,0.0,0.0
15073,6,0.2,0.3333333333333333,0.33916020527361607,0.16666666666666666,0.2,0.16666666666666666,0.2222222222222222,0.30260241349881345,0.16666666666666666,0.1
19753,2,0.0,0.0,0.0,0.0,0.0,0.0,0.0,0.0,0.0,0.0
12405,2,0.0,0.0,0.0,0.0,0.0,0.0,0.0,0.0,0.0,0.0
8815,5,0.2,0.3333333333333333,0.33916020527361607,0.2,0.2,0.2,0.25,0.33916020527361607,0.2,0.1
13424,1,0.0,0.0,0.0,0.0,0.0,0.0,0.0,0.0,0.0,0.0
17320,15,0.4,0.3333333333333333,0.31564845247951445,0.13333333333333333,0.4,0.2,0.2727272727272727,0.20483424751859083,0.13333333333333333,0.2
15175,4,0.25,0.28571428571428575,0.2463023887407299,0.25,0.2,0.25,0.2647058823529412,0.2463023887407299,0.25,0.1
2041,22,0.4,0.39999999999999997,0.4703652827859578,0.09090909090909091,0.4,0.2,0.29090909090909095,0.3052348839397011,0.09090909090909091,0.2
10700,3,0.0,0.0,0.0,0.0,0.0,0.0,0.0,0.0,0.0,0.0
3828,1,0.0,0.0,0.0,0.0,0.0,0.0,0.0,0.0,0.0,0.0
6673,16,0.2,0.13333333333333333,0.14606834984270645,0.0625,0.2,0.2,0.1636363636363636,0.16104258782393982,0.125,0.2
18437,1,0.0,0.0,0.0,0.0,0.0,0.0,0.0,0.0,0.0,0.0
3320,5,0.0,0.0,0.0,0.0,0.0,0.0,0.0,0.0,0.0,0.0
13527,6,0.0,0.0,0.0,0.0,0.0,0.0,0.0,0.0,0.0,0.0
16274,8,0.6,0.7333333333333334,0.6992148198508501,0.375,0.6,0.375,0.4999999999999999,0.5214682725103094,0.375,0.3
20457,29,0.2,0.3333333333333333,0.33916020527361607,0.034482758620689655,0.2,0.2,0.23636363636363636,0.2895229882348574,0.06896551724137931,0.2
9446,11,0.4,0.26666666666666666,0.3007851801491498,0.18181818181818182,0.4,0.3,0.3090909090909091,0.2646202227274383,0.2727272727272727,0.3
5619,1,0.0,0.0,0.0,0.0,0.0,0.0,0.0,0.0,0.0,0.0
13695,13,0.0,0.0,0.0,0.0,0.0,0.2,0.09090909090909091,0.13568544539116628,0.15384615384615385,0.2
7621,2,0.0,0.0,0.0,0.0,0.0,0.5,0.0,0.0,0.5,0.1
4217,6,0.4,0.6,0.5531464700081437,0.3333333333333333,0.4,0.3333333333333333,0.4222222222222222,0.4935232796777481,0.3333333333333333,0.2
7420,21,0.4,0.3333333333333333,0.31564845247951445,0.09523809523809523,0.4,0.3,0.34545454545454546,0.2781981696179509,0.14285714285714285,0.3
18949,7,0.2,0.3333333333333333,0.33916020527361607,0.14285714285714285,0.2,0.2857142857142857,0.3061224489795918,0.3727892582642587,0.2857142857142857,0.2
21913,18,0.8,0.8666666666666666,0.8539316501572936,0.2222222222222222,0.8,0.6,0.7636363636363637,0.7059054020403311,0.3333333333333333,0.6
16790,33,0.6,0.6666666666666666,0.6843515475204854,0.09090909090909091,0.6,0.3,0.45454545454545453,0.44409732781325567,0.09090909090909091,0.3
4604,11,0.0,0.0,0.0,0.0,0.0,0.1,0.018181818181818177,0.0636207881989517,0.09090909090909091,0.1
12440,1,0.0,0.0,0.0,0.0,0.0,0.0,0.0,0.0,0.0,0.0
21216,4,0.0,0.0,0.0,0.0,0.0,0.0,0.0,0.0,0.0,0.0
19825,1,1.0,1.0,1.0,1.0,0.2,1.0,1.0,1.0,1.0,0.1
20145,43,0.6,0.6666666666666666,0.6548086577531306,0.06976744186046512,0.6,0.5,0.6181818181818182,0.5766882048947064,0.11627906976744186,0.5
22072,4,0.0,0.0,0.0,0.0,0.0,0.25,0.0,0.0,0.25,0.1
10573,2,0.0,0.0,0.0,0.0,0.0,0.0,0.0,0.0,0.0,0.0
2746,3,0.0,0.0,0.0,0.0,0.0,0.3333333333333333,0.0,0.0,0.3333333333333333,0.1
12345,2,0.0,0.0,0.0,0.0,0.0,0.0,0.0,0.0,0.0,0.0
20296,2,0.0,0.0,0.0,0.0,0.0,0.0,0.0,0.0,0.0,0.0
15810,25,0.8,0.8666666666666666,0.8539316501572936,0.16,0.8,0.6,0.7272727272727273,0.6969383549984332,0.24,0.6
7192,16,0.4,0.5333333333333333,0.5087403079104241,0.125,0.4,0.5,0.5454545454545454,0.5513310624619328,0.3125,0.5
4839,3,0.3333333333333333,0.4166666666666667,0.46927872602275644,0.3333333333333333,0.2,0.6666666666666666,0.37037037037037035,0.46927872602275644,0.6666666666666666,0.2
2470,2,0.0,0.0,0.0,0.0,0.0,0.0,0.0,0.0,0.0,0.0
18516,6,0.0,0.0,0.0,0.0,0.0,0.0,0.0,0.0,0.0,0.0
628,5,0.2,0.3333333333333333,0.33916020527361607,0.2,0.2,0.4,0.25,0.33916020527361607,0.4,0.2
4551,10,0.6,0.7333333333333334,0.6992148198508501,0.3,0.6,0.4,0.5454545454545454,0.5271064966405455,0.4,0.4
10781,17,0.4,0.39999999999999997,0.4703652827859578,0.11764705882352941,0.4,0.3,0.32727272727272727,0.37148910739409013,0.17647058823529413,0.3
3201,2,0.0,0.0,0.0,0.0,0.0,0.0,0.0,0.0,0.0,0.0
13784,3,0.3333333333333333,0.25,0.23463936301137822,0.3333333333333333,0.2,0.3333333333333333,0.2962962962962963,0.23463936301137822,0.3333333333333333,0.1
14638,1,0.0,0.0,0.0,0.0,0.0,0.0,0.0,0.0,0.0,0.0
9141,5,0.0,0.0,0.0,0.0,0.0,0.2,0.0,0.0,0.2,0.1
18576,6,0.0,0.0,0.0,0.0,0.0,0.16666666666666666,0.0,0.0,0.16666666666666666,0.1
19917,6,0.6,0.7999999999999999,0.7227265726449518,0.5,0.6,0.5,0.6000000000000001,0.6448244864271548,0.5,0.3
15076,8,0.2,0.26666666666666666,0.2139862647345275,0.125,0.2,0.25,0.2692307692307692,0.249689085777264,0.25,0.2
8366,11,0.8,0.9333333333333332,0.8687949224876582,0.36363636363636365,0.8,0.6,0.781818181818182,0.7155506487682609,0.5454545454545454,0.6
13602,11,0.2,0.13333333333333333,0.14606834984270645,0.09090909090909091,0.2,0.1,0.12727272727272726,0.09478836436955078,0.09090909090909091,0.1
12024,4,0.5,0.5714285714285715,0.5855700749881524,0.5,0.4,0.75,0.5294117647058824,0.5855700749881524,0.75,0.3
11852,1,0.0,0.0,0.0,0.0,0.0,0.0,0.0,0.0,0.0,0.0
12537,8,0.4,0.19999999999999998,0.2772734273550482,0.25,0.4,0.375,0.32692307692307687,0.29110232150880205,0.375,0.3
18207,4,0.25,0.35714285714285715,0.39038004999210163,0.25,0.2,0.25,0.2941176470588235,0.39038004999210163,0.25,0.1
4674,1,0.0,0.0,0.0,0.0,0.0,0.0,0.0,0.0,0.0,0.0
14816,2,0.0,0.0,0.0,0.0,0.0,0.5,0.0,0.0,0.5,0.1
22493,17,0.4,0.39999999999999997,0.4703652827859578,0.11764705882352941,0.4,0.3,0.38181818181818183,0.3836331529183764,0.17647058823529413,0.3
15656,1,0.0,0.0,0.0,0.0,0.0,0.0,0.0,0.0,0.0,0.0
4220,5,0.0,0.0,0.0,0.0,0.0,0.2,0.0,0.0,0.2,0.1
18299,2,0.0,0.0,0.0,0.0,0.0,0.0,0.0,0.0,0.0,0.0
5767,1,1.0,0.0,0.0,1.0,0.2,1.0,0.0,0.0,1.0,0.1
9554,9,0.2,0.3333333333333333,0.33916020527361607,0.1111111111111111,0.2,0.2222222222222222,0.27777777777777773,0.3187704634136788,0.2222222222222222,0.2
3346,15,0.8,0.8000000000000002,0.8304198973631919,0.26666666666666666,0.8,0.5,0.6545454545454544,0.6122496142821665,0.3333333333333333,0.5
6954,11,0.0,0.0,0.0,0.0,0.0,0.1,0.05454545454545456,0.06943122193677725,0.09090909090909091,0.1
10123,6,0.2,0.26666666666666666,0.2139862647345275,0.16666666666666666,0.2,0.16666666666666666,0.2,0.1909208661789346,0.16666666666666666,0.1
2134,15,0.2,0.26666666666666666,0.2139862647345275,0.06666666666666667,0.2,0.2,0.2545454545454545,0.21726071285222984,0.13333333333333333,0.2
5830,6,0.6,0.6,0.6399453854227659,0.5,0.6,0.5,0.5333333333333333,0.5709662133861837,0.5,0.3
22317,7,0.4,0.3333333333333333,0.31564845247951445,0.2857142857142857,0.4,0.2857142857142857,0.3061224489795918,0.2558209594125083,0.2857142857142857,0.2
20206,3,0.0,0.0,0.0,0.0,0.0,0.0,0.0,0.0,0.0,0.0
10463,5,0.2,0.13333333333333333,0.14606834984270645,0.2,0.2,0.4,0.175,0.14606834984270645,0.4,0.2
2004,21,0.8,0.9333333333333332,0.8687949224876582,0.19047619047619047,0.8,0.6,0.7454545454545456,0.7065836017263629,0.2857142857142857,0.6
21867,7,0.0,0.0,0.0,0.0,0.0,0.14285714285714285,0.0,0.0,0.14285714285714285,0.1
14290,4,0.0,0.0,0.0,0.0,0.0,0.25,0.0,0.0,0.25,0.1
18751,35,0.6,0.6,0.6399453854227659,0.08571428571428572,0.6,0.6,0.6,0.6243301345792676,0.17142857142857143,0.6
14054,5,0.4,0.4666666666666666,0.48522855511632257,0.4,0.4,0.4,0.425,0.48522855511632257,0.4,0.2
10803,4,0.0,0.0,0.0,0.0,0.0,0.0,0.0,0.0,0.0,0.0
18361,17,0.4,0.6,0.5531464700081437,0.11764705882352941,0.4,0.3,0.4,0.4283854321084119,0.17647058823529413,0.3
13238,30,0.8,0.8666666666666666,0.8539316501572936,0.13333333333333333,0.8,0.4,0.6000000000000001,0.5541432109622958,0.13333333333333333,0.4
4488,3,0.3333333333333333,0.33333333333333337,0.29608191096586517,0.3333333333333333,0.2,0.3333333333333333,0.3333333333333333,0.29608191096586517,0.3333333333333333,0.1
8670,2,0.5,0.4444444444444445,0.3868528072345415,0.5,0.2,0.5,0.4736842105263158,0.3868528072345415,0.5,0.1
2432,3,0.0,0.0,0.0,0.0,0.0,0.0,0.0,0.0,0.0,0.0
3581,3,0.0,0.0,0.0,0.0,0.0,0.0,0.0,0.0,0.0,0.0
11406,12,0.6,0.7333333333333334,0.6992148198508501,0.25,0.6,0.4,0.5454545454545454,0.5271064966405455,0.3333333333333333,0.4
15123,3,0.3333333333333333,0.4166666666666667,0.46927872602275644,0.3333333333333333,0.2,0.6666666666666666,0.37037037037037035,0.46927872602275644,0.6666666666666666,0.2
1028,7,0.0,0.0,0.0,0.0,0.0,0.14285714285714285,0.0,0.0,0.14285714285714285,0.1
17501,6,0.0,0.0,0.0,0.0,0.0,0.3333333333333333,0.1111111111111111,0.10778915452451095,0.3333333333333333,0.2
8109,15,0.6,0.6666666666666666,0.6843515475204854,0.2,0.6,0.4,0.5454545454545454,0.522495596791931,0.26666666666666666,0.4
6431,1,0.0,0.0,0.0,0.0,0.0,0.0,0.0,0.0,0.0,0.0
8932,2,0.0,0.0,0.0,0.0,0.0,0.0,0.0,0.0,0.0,0.0
14244,1,0.0,0.0,0.0,0.0,0.0,0.0,0.0,0.0,0.0,0.0
18902,10,0.4,0.6,0.5531464700081437,0.2,0.4,0.4,0.47272727272727266,0.5036067026046991,0.4,0.4
21297,12,0.4,0.26666666666666666,0.3007851801491498,0.16666666666666666,0.4,0.2,0.2545454545454545,0.19518900079066104,0.16666666666666666,0.2
16340,3,0.0,0.0,0.0,0.0,0.0,0.3333333333333333,0.0,0.0,0.3333333333333333,0.1
15067,10,0.4,0.4666666666666666,0.38356636737133554,0.2,0.4,0.2,0.30909090909090914,0.24890832702259458,0.2,0.2
8689,1,0.0,0.0,0.0,0.0,0.0,1.0,0.0,0.0,1.0,0.1
1720,4,0.0,0.0,0.0,0.0,0.0,0.0,0.0,0.0,0.0,0.0
17428,3,0.0,0.0,0.0,0.0,0.0,0.0,0.0,0.0,0.0,0.0
7079,1,0.0,0.0,0.0,0.0,0.0,0.0,0.0,0.0,0.0,0.0
8506,11,0.4,0.4666666666666666,0.38356636737133554,0.18181818181818182,0.4,0.2,0.30909090909090914,0.24890832702259458,0.18181818181818182,0.2
19141,3,0.3333333333333333,0.4166666666666667,0.46927872602275644,0.3333333333333333,0.2,0.3333333333333333,0.37037037037037035,0.46927872602275644,0.3333333333333333,0.1
6351,17,0.0,0.0,0.0,0.0,0.0,0.1,0.018181818181818177,0.0636207881989517,0.058823529411764705,0.1
5930,1,0.0,0.0,0.0,0.0,0.0,0.0,0.0,0.0,0.0,0.0
9840,2,0.0,0.0,0.0,0.0,0.0,0.0,0.0,0.0,0.0,0.0
591,2,0.0,0.0,0.0,0.0,0.0,0.0,0.0,0.0,0.0,0.0
8336,3,0.3333333333333333,0.4166666666666667,0.46927872602275644,0.3333333333333333,0.2,0.3333333333333333,0.37037037037037035,0.46927872602275644,0.3333333333333333,0.1
10452,1,0.0,0.0,0.0,0.0,0.0,0.0,0.0,0.0,0.0,0.0
1528,13,0.2,0.19999999999999998,0.16958010263680803,0.07692307692307693,0.2,0.1,0.14545454545454548,0.11004588314904007,0.07692307692307693,0.1
6761,2,0.0,0.0,0.0,0.0,0.0,0.0,0.0,0.0,0.0,0.0
16303,2,0.5,0.0,0.0,0.5,0.2,0.5,0.0,0.0,0.5,0.1
3286,8,0.0,0.0,0.0,0.0,0.0,0.0,0.0,0.0,0.0,0.0
21547,1,0.0,0.0,0.0,0.0,0.0,0.0,0.0,0.0,0.0,0.0
3582,3,0.0,0.0,0.0,0.0,0.0,0.0,0.0,0.0,0.0,0.0
19680,4,0.0,0.0,0.0,0.0,0.0,0.0,0.0,0.0,0.0,0.0
5569,2,0.0,0.0,0.0,0.0,0.0,0.0,0.0,0.0,0.0,0.0
3604,2,0.0,0.0,0.0,0.0,0.0,0.0,0.0,0.0,0.0,0.0
21509,4,0.0,0.0,0.0,0.0,0.0,0.0,0.0,0.0,0.0,0.0
1888,3,0.0,0.0,0.0,0.0,0.0,0.0,0.0,0.0,0.0,0.0
13702,1,0.0,0.0,0.0,0.0,0.0,1.0,0.0,0.0,1.0,0.1
3890,20,0.6,0.5333333333333333,0.5147714448836773,0.15,0.6,0.5,0.5818181818181819,0.48581363574225095,0.25,0.5
14473,22,0.8,0.8666666666666666,0.8539316501572936,0.18181818181818182,0.8,0.7,0.7636363636363637,0.7631925784528222,0.3181818181818182,0.7
7787,4,0.5,0.5714285714285715,0.5855700749881524,0.5,0.4,0.5,0.5294117647058824,0.5855700749881524,0.5,0.2
14507,3,0.0,0.0,0.0,0.0,0.0,0.0,0.0,0.0,0.0,0.0
1441,9,0.6,0.7333333333333334,0.6992148198508501,0.3333333333333333,0.6,0.3333333333333333,0.4814814814814814,0.4845713881969347,0.3333333333333333,0.3
3888,11,0.2,0.13333333333333333,0.14606834984270645,0.09090909090909091,0.2,0.1,0.12727272727272726,0.09478836436955078,0.09090909090909091,0.1
13279,27,0.2,0.3333333333333333,0.33916020527361607,0.037037037037037035,0.2,0.1,0.18181818181818182,0.22009176629808014,0.037037037037037035,0.1
10506,1,0.0,0.0,0.0,0.0,0.0,0.0,0.0,0.0,0.0,0.0
5030,28,1.0,1.0,1.0,0.17857142857142858,1.0,0.8,0.9454545454545454,0.8701249883466592,0.2857142857142857,0.8
6940,6,0.4,0.4666666666666666,0.48522855511632257,0.3333333333333333,0.4,0.3333333333333333,0.37777777777777777,0.4329261794091841,0.3333333333333333,0.2
11518,2,0.0,0.0,0.0,0.0,0.0,0.0,0.0,0.0,0.0,0.0
12497,6,0.4,0.6,0.5531464700081437,0.3333333333333333,0.4,0.5,0.4222222222222222,0.4935232796777481,0.5,0.3
2427,18,0.4,0.6,0.5531464700081437,0.1111111111111111,0.4,0.4,0.39999999999999997,0.4888292218249754,0.2222222222222222,0.4
21642,3,0.3333333333333333,0.4166666666666667,0.46927872602275644,0.3333333333333333,0.2,0.6666666666666666,0.37037037037037035,0.46927872602275644,0.6666666666666666,0.2
18840,22,0.8,0.8000000000000002,0.8304198973631919,0.18181818181818182,0.8,0.7,0.7818181818181817,0.756902106715231,0.3181818181818182,0.7
3580,4,0.0,0.0,0.0,0.0,0.0,0.0,0.0,0.0,0.0,0.0
18187,7,0.0,0.0,0.0,0.0,0.0,0.0,0.0,0.0,0.0,0.0
15704,2,0.0,0.0,0.0,0.0,0.0,0.0,0.0,0.0,0.0,0.0
12365,2,0.0,0.0,0.0,0.0,0.0,0.0,0.0,0.0,0.0,0.0
4658,1,0.0,0.0,0.0,0.0,0.0,0.0,0.0,0.0,0.0,0.0
17293,6,0.2,0.3333333333333333,0.33916020527361607,0.16666666666666666,0.2,0.3333333333333333,0.2222222222222222,0.30260241349881345,0.3333333333333333,0.2
12098,16,0.6,0.7999999999999999,0.7227265726449518,0.1875,0.6,0.4,0.5454545454545454,0.538431315257452,0.25,0.4
10435,10,0.0,0.0,0.0,0.0,0.0,0.2,0.1272727272727273,0.1427951440361373,0.2,0.2
8214,10,0.2,0.26666666666666666,0.2139862647345275,0.1,0.2,0.1,0.16363636363636364,0.1388624438735545,0.1,0.1
17617,8,0.4,0.39999999999999997,0.4703652827859578,0.25,0.4,0.25,0.3076923076923077,0.35079429740281753,0.25,0.2
11294,2,0.5,0.4444444444444445,0.3868528072345415,0.5,0.2,0.5,0.4736842105263158,0.3868528072345415,0.5,0.1
18990,3,0.0,0.0,0.0,0.0,0.0,0.0,0.0,0.0,0.0,0.0
17843,1,0.0,0.0,0.0,0.0,0.0,0.0,0.0,0.0,0.0,0.0
9788,32,0.6,0.6,0.529634717214042,0.09375,0.6,0.5,0.5090909090909091,0.4767487015278743,0.15625,0.5
17281,15,0.6,0.6,0.6399453854227659,0.2,0.6,0.6,0.6000000000000001,0.6267310462031455,0.4,0.6
10908,9,0.4,0.4666666666666666,0.48522855511632257,0.2222222222222222,0.4,0.2222222222222222,0.31481481481481477,0.3362741576267856,0.2222222222222222,0.2
6864,26,0.2,0.19999999999999998,0.16958010263680803,0.038461538461538464,0.2,0.2,0.23636363636363636,0.1884441521277154,0.07692307692307693,0.2
12297,1,0.0,0.0,0.0,0.0,0.0,0.0,0.0,0.0,0.0,0.0
7528,2,0.0,0.0,0.0,0.0,0.0,0.0,0.0,0.0,0.0,0.0
1672,3,0.3333333333333333,0.33333333333333337,0.29608191096586517,0.3333333333333333,0.2,0.3333333333333333,0.3333333333333333,0.29608191096586517,0.3333333333333333,0.1
20198,1,0.0,0.0,0.0,0.0,0.0,0.0,0.0,0.0,0.0,0.0
22468,5,0.0,0.0,0.0,0.0,0.0,0.0,0.0,0.0,0.0,0.0
9568,26,0.4,0.5333333333333333,0.5087403079104241,0.07692307692307693,0.4,0.4,0.45454545454545453,0.47479014188018454,0.15384615384615385,0.4
12080,1,0.0,0.0,0.0,0.0,0.0,0.0,0.0,0.0,0.0,0.0
4537,15,0.8,0.8666666666666666,0.8539316501572936,0.26666666666666666,0.8,0.6,0.7272727272727273,0.6987957033953601,0.4,0.6
19390,2,0.0,0.0,0.0,0.0,0.0,0.0,0.0,0.0,0.0,0.0
1024,21,0.2,0.3333333333333333,0.33916020527361607,0.047619047619047616,0.2,0.1,0.18181818181818182,0.22009176629808014,0.047619047619047616,0.1
14832,18,0.4,0.4666666666666666,0.48522855511632257,0.1111111111111111,0.4,0.3,0.38181818181818183,0.38824405276699103,0.16666666666666666,0.3
2778,9,0.2,0.19999999999999998,0.16958010263680803,0.1111111111111111,0.2,0.1111111111111111,0.14814814814814814,0.11752277470724269,0.1111111111111111,0.1
15367,10,0.4,0.6,0.5531464700081437,0.2,0.4,0.2,0.34545454545454546,0.3589542101716347,0.2,0.2
20738,17,0.0,0.0,0.0,0.0,0.0,0.0,0.0,0.0,0.0,0.0
19674,16,0.2,0.13333333333333333,0.14606834984270645,0.0625,0.2,0.1,0.12727272727272726,0.09478836436955078,0.0625,0.1
2171,3,0.0,0.0,0.0,0.0,0.0,0.0,0.0,0.0,0.0,0.0
16547,2,0.5,0.0,0.0,0.5,0.2,0.5,0.0,0.0,0.5,0.1
14272,6,0.0,0.0,0.0,0.0,0.0,0.0,0.0,0.0,0.0,0.0
7798,2,0.0,0.0,0.0,0.0,0.0,0.0,0.0,0.0,0.0,0.0
13902,3,0.0,0.0,0.0,0.0,0.0,0.0,0.0,0.0,0.0,0.0
14007,2,0.0,0.0,0.0,0.0,0.0,0.0,0.0,0.0,0.0,0.0
288,17,0.4,0.6,0.5531464700081437,0.11764705882352941,0.4,0.5,0.45454545454545464,0.5582604437617527,0.29411764705882354,0.5
11764,3,0.0,0.0,0.0,0.0,0.0,0.0,0.0,0.0,0.0,0.0
6368,9,0.6,0.46666666666666673,0.4912596920895757,0.3333333333333333,0.6,0.4444444444444444,0.48148148148148145,0.41880238587292323,0.4444444444444444,0.4
3496,7,0.0,0.0,0.0,0.0,0.0,0.0,0.0,0.0,0.0,0.0
368,3,0.0,0.0,0.0,0.0,0.0,0.0,0.0,0.0,0.0,0.0
21672,4,0.5,0.35714285714285715,0.39038004999210163,0.5,0.4,0.75,0.2941176470588235,0.39038004999210163,0.75,0.3
10534,1,0.0,0.0,0.0,0.0,0.0,0.0,0.0,0.0,0.0,0.0
14943,6,0.4,0.4000000000000001,0.3600546145772339,0.3333333333333333,0.4,0.3333333333333333,0.35555555555555557,0.32124463208930526,0.3333333333333333,0.2
8912,9,0.2,0.26666666666666666,0.2139862647345275,0.1111111111111111,0.2,0.2222222222222222,0.25925925925925924,0.23202214456934253,0.2222222222222222,0.2
7716,24,0.6,0.7999999999999999,0.7227265726449518,0.125,0.6,0.6,0.7090909090909091,0.6901935063354874,0.25,0.6
7312,6,0.4,0.4666666666666666,0.48522855511632257,0.3333333333333333,0.4,0.3333333333333333,0.37777777777777777,0.4329261794091841,0.3333333333333333,0.2
6548,7,0.6,0.7333333333333334,0.6992148198508501,0.42857142857142855,0.6,0.5714285714285714,0.5306122448979591,0.5666867828578932,0.5714285714285714,0.4
13126,2,0.0,0.0,0.0,0.0,0.0,0.0,0.0,0.0,0.0,0.0
20213,4,0.25,0.28571428571428575,0.2463023887407299,0.25,0.2,0.25,0.2647058823529412,0.2463023887407299,0.25,0.1
4786,9,0.0,0.0,0.0,0.0,0.0,0.0,0.0,0.0,0.0,0.0
16802,10,0.0,0.0,0.0,0.0,0.0,0.0,0.0,0.0,0.0,0.0
15234,15,0.0,0.0,0.0,0.0,0.0,0.1,0.09090909090909091,0.07839826897867533,0.06666666666666667,0.1
15854,13,0.2,0.06666666666666665,0.13120507751234176,0.07692307692307693,0.2,0.2,0.18181818181818182,0.15850703974098102,0.15384615384615385,0.2
3114,5,0.0,0.0,0.0,0.0,0.0,0.2,0.0,0.0,0.2,0.1
18186,6,0.0,0.0,0.0,0.0,0.0,0.16666666666666666,0.0,0.0,0.16666666666666666,0.1
17759,11,0.6,0.6666666666666666,0.6548086577531306,0.2727272727272727,0.6,0.4,0.4727272727272727,0.48854680201562267,0.36363636363636365,0.4
18298,21,0.2,0.19999999999999998,0.16958010263680803,0.047619047619047616,0.2,0.3,0.2545454545454546,0.24966402870278911,0.14285714285714285,0.3
4235,1,1.0,0.0,0.0,1.0,0.2,1.0,0.0,0.0,1.0,0.1
3424,16,0.6,0.7333333333333334,0.6992148198508501,0.1875,0.6,0.4,0.5272727272727272,0.5231737964779627,0.25,0.4
16365,3,0.0,0.0,0.0,0.0,0.0,0.0,0.0,0.0,0.0,0.0
9206,27,1.0,1.0,1.0,0.18518518518518517,1.0,0.8,0.8727272727272727,0.8572048559638626,0.2962962962962963,0.8
8964,1,0.0,0.0,0.0,0.0,0.0,0.0,0.0,0.0,0.0,0.0
9742,29,0.8,0.7333333333333334,0.7860137352654724,0.13793103448275862,0.8,0.7,0.7090909090909091,0.716485063693381,0.2413793103448276,0.7
16268,3,0.6666666666666666,0.5833333333333334,0.5307212739772434,0.6666666666666666,0.4,0.6666666666666666,0.6296296296296297,0.5307212739772434,0.6666666666666666,0.2
10941,2,0.0,0.0,0.0,0.0,0.0,0.0,0.0,0.0,0.0,0.0
20691,4,0.5,0.5714285714285715,0.5855700749881524,0.5,0.4,0.5,0.5294117647058824,0.5855700749881524,0.5,0.2
17625,12,0.4,0.4666666666666666,0.48522855511632257,0.16666666666666666,0.4,0.4,0.4181818181818182,0.456899187845258,0.3333333333333333,0.4
19943,1,1.0,1.0,1.0,1.0,0.2,1.0,1.0,1.0,1.0,0.1
14355,14,0.8,0.7333333333333334,0.7860137352654724,0.2857142857142857,0.8,0.7,0.7090909090909091,0.7183424120903081,0.5,0.7
22113,3,0.0,0.0,0.0,0.0,0.0,0.0,0.0,0.0,0.0,0.0
4773,5,0.0,0.0,0.0,0.0,0.0,0.0,0.0,0.0,0.0,0.0
1157,8,0.0,0.0,0.0,0.0,0.0,0.0,0.0,0.0,0.0,0.0
21362,7,0.4,0.39999999999999997,0.4703652827859578,0.2857142857142857,0.4,0.2857142857142857,0.32653061224489793,0.3812130139445206,0.2857142857142857,0.2
16772,17,0.2,0.26666666666666666,0.2139862647345275,0.058823529411764705,0.2,0.2,0.2545454545454545,0.21726071285222984,0.11764705882352941,0.2
14598,2,0.5,0.5555555555555556,0.6131471927654584,0.5,0.2,0.5,0.5263157894736842,0.6131471927654584,0.5,0.1
8801,3,0.0,0.0,0.0,0.0,0.0,0.0,0.0,0.0,0.0,0.0
16353,27,0.6,0.39999999999999997,0.4468535299918562,0.1111111111111111,0.6,0.4,0.45454545454545453,0.3633412872595718,0.14814814814814814,0.4
16801,20,0.8,0.8666666666666666,0.8539316501572936,0.2,0.8,0.5,0.6363636363636364,0.6203974344166848,0.25,0.5
3436,1,1.0,0.0,0.0,1.0,0.2,1.0,0.0,0.0,1.0,0.1
11983,1,0.0,0.0,0.0,0.0,0.0,0.0,0.0,0.0,0.0,0.0
16131,1,0.0,0.0,0.0,0.0,0.0,0.0,0.0,0.0,0.0,0.0
7683,3,0.0,0.0,0.0,0.0,0.0,0.0,0.0,0.0,0.0,0.0
15838,37,0.8,0.9333333333333332,0.8687949224876582,0.10810810810810811,0.8,0.4,0.6181818181818183,0.5637884576902256,0.10810810810810811,0.4
8258,1,0.0,0.0,0.0,0.0,0.0,0.0,0.0,0.0,0.0,0.0
2280,10,0.2,0.3333333333333333,0.33916020527361607,0.1,0.2,0.1,0.18181818181818182,0.22009176629808014,0.1,0.1
22453,4,0.0,0.0,0.0,0.0,0.0,0.0,0.0,0.0,0.0,0.0
19962,1,0.0,0.0,0.0,0.0,0.0,0.0,0.0,0.0,0.0,0.0
17409,26,1.0,1.0,1.0,0.19230769230769232,1.0,0.8,0.9272727272727274,0.866947989864271,0.3076923076923077,0.8
20797,7,0.4,0.3333333333333333,0.31564845247951445,0.2857142857142857,0.4,0.2857142857142857,0.3061224489795918,0.2558209594125083,0.2857142857142857,0.2
5381,8,0.2,0.13333333333333333,0.14606834984270645,0.125,0.2,0.25,0.1346153846153846,0.1089364926177559,0.25,0.2
13618,3,0.0,0.0,0.0,0.0,0.0,0.0,0.0,0.0,0.0,0.0
18433,2,0.0,0.0,0.0,0.0,0.0,0.0,0.0,0.0,0.0,0.0
21841,6,0.2,0.06666666666666665,0.13120507751234176,0.16666666666666666,0.2,0.16666666666666666,0.13333333333333333,0.11706259313796352,0.16666666666666666,0.1
561,10,0.2,0.3333333333333333,0.33916020527361607,0.1,0.2,0.1,0.18181818181818182,0.22009176629808014,0.1,0.1
5616,1,0.0,0.0,0.0,0.0,0.0,0.0,0.0,0.0,0.0,0.0
20970,3,0.3333333333333333,0.4166666666666667,0.46927872602275644,0.3333333333333333,0.2,0.3333333333333333,0.37037037037037035,0.46927872602275644,0.3333333333333333,0.1
3906,23,0.4,0.26666666666666666,0.3007851801491498,0.08695652173913043,0.4,0.5,0.45454545454545453,0.41320541532308547,0.21739130434782608,0.5
6132,1,0.0,0.0,0.0,0.0,0.0,1.0,0.0,0.0,1.0,0.1
3644,4,0.25,0.35714285714285715,0.39038004999210163,0.25,0.2,0.25,0.2941176470588235,0.39038004999210163,0.25,0.1
9295,12,0.0,0.0,0.0,0.0,0.0,0.0,0.0,0.0,0.0,0.0
12192,7,0.0,0.0,0.0,0.0,0.0,0.0,0.0,0.0,0.0,0.0
13758,14,0.6,0.46666666666666673,0.4912596920895757,0.21428571428571427,0.6,0.4,0.49090909090909096,0.39719219486340157,0.2857142857142857,0.4
21192,2,0.0,0.0,0.0,0.0,0.0,0.0,0.0,0.0,0.0,0.0
9324,5,0.0,0.0,0.0,0.0,0.0,0.0,0.0,0.0,0.0,0.0
15328,15,0.2,0.3333333333333333,0.33916020527361607,0.06666666666666667,0.2,0.3,0.2727272727272727,0.3570764765963919,0.2,0.3
12284,2,0.5,0.5555555555555556,0.6131471927654584,0.5,0.2,0.5,0.5263157894736842,0.6131471927654584,0.5,0.1
8053,9,0.0,0.0,0.0,0.0,0.0,0.3333333333333333,0.18518518518518517,0.22862929000534862,0.3333333333333333,0.3
20056,2,0.0,0.0,0.0,0.0,0.0,0.0,0.0,0.0,0.0,0.0
19540,12,0.6,0.6666666666666666,0.6843515475204854,0.25,0.6,0.3,0.45454545454545453,0.44409732781325567,0.25,0.3
8304,23,0.8,0.9333333333333332,0.8687949224876582,0.17391304347826086,0.8,0.5,0.6363636363636365,0.6274092458891773,0.21739130434782608,0.5
1810,11,0.4,0.19999999999999998,0.2772734273550482,0.18181818181818182,0.4,0.3,0.309090909090909,0.2532954041105318,0.2727272727272727,0.3
8639,14,0.4,0.4000000000000001,0.3600546145772339,0.14285714285714285,0.4,0.3,0.32727272727272727,0.2999050316974943,0.21428571428571427,0.3
19359,11,0.2,0.3333333333333333,0.33916020527361607,0.09090909090909091,0.2,0.2,0.2545454545454545,0.29345568839744024,0.18181818181818182,0.2
1104,3,0.0,0.0,0.0,0.0,0.0,0.0,0.0,0.0,0.0,0.0
19881,1,1.0,1.0,1.0,1.0,0.2,1.0,1.0,1.0,1.0,0.1
11515,9,0.0,0.0,0.0,0.0,0.0,0.0,0.0,0.0,0.0,0.0
11765,4,0.5,0.35714285714285715,0.39038004999210163,0.5,0.4,0.5,0.2941176470588235,0.39038004999210163,0.5,0.2
1143,8,0.2,0.13333333333333333,0.14606834984270645,0.125,0.2,0.125,0.1346153846153846,0.1089364926177559,0.125,0.1
4320,4,0.0,0.0,0.0,0.0,0.0,0.25,0.0,0.0,0.25,0.1
19603,4,0.25,0.35714285714285715,0.39038004999210163,0.25,0.2,0.25,0.2941176470588235,0.39038004999210163,0.25,0.1
22368,17,0.2,0.19999999999999998,0.16958010263680803,0.058823529411764705,0.2,0.1,0.14545454545454548,0.11004588314904007,0.058823529411764705,0.1
8505,1,0.0,0.0,0.0,0.0,0.0,0.0,0.0,0.0,0.0,0.0
20219,3,0.3333333333333333,0.0,0.0,0.3333333333333333,0.2,0.6666666666666666,0.0,0.0,0.6666666666666666,0.2
2922,6,0.6,0.6,0.6399453854227659,0.5,0.6,0.5,0.5333333333333333,0.5709662133861837,0.5,0.3
21541,2,0.0,0.0,0.0,0.0,0.0,0.0,0.0,0.0,0.0,0.0
19300,21,1.0,1.0,1.0,0.23809523809523808,1.0,0.7,0.8363636363636364,0.7885497208855957,0.3333333333333333,0.7
3236,6,0.0,0.0,0.0,0.0,0.0,0.16666666666666666,0.1111111111111111,0.10778915452451095,0.16666666666666666,0.1
12140,13,0.2,0.3333333333333333,0.33916020527361607,0.07692307692307693,0.2,0.2,0.2545454545454545,0.29345568839744024,0.15384615384615385,0.2
21662,1,0.0,0.0,0.0,0.0,0.0,0.0,0.0,0.0,0.0,0.0
5246,7,0.4,0.4000000000000001,0.3600546145772339,0.2857142857142857,0.4,0.2857142857142857,0.32653061224489793,0.29181044994360233,0.2857142857142857,0.2
1039,16,0.6,0.6666666666666666,0.6843515475204854,0.1875,0.6,0.5,0.5818181818181819,0.586892471849393,0.3125,0.5
20041,4,0.0,0.0,0.0,0.0,0.0,0.25,0.0,0.0,0.25,0.1
20648,3,0.0,0.0,0.0,0.0,0.0,0.0,0.0,0.0,0.0,0.0
21594,27,0.2,0.3333333333333333,0.33916020527361607,0.037037037037037035,0.2,0.1,0.18181818181818182,0.22009176629808014,0.037037037037037035,0.1
20335,1,0.0,0.0,0.0,0.0,0.0,0.0,0.0,0.0,0.0,0.0
6585,1,0.0,0.0,0.0,0.0,0.0,0.0,0.0,0.0,0.0,0.0
18845,5,0.0,0.0,0.0,0.0,0.0,0.2,0.0,0.0,0.2,0.1
15456,23,0.6,0.7999999999999999,0.7227265726449518,0.13043478260869565,0.6,0.5,0.6363636363636364,0.6168295842361273,0.21739130434782608,0.5
17682,5,0.2,0.06666666666666665,0.13120507751234176,0.2,0.2,0.4,0.15,0.13120507751234176,0.4,0.2
2918,8,0.4,0.4666666666666666,0.38356636737133554,0.25,0.4,0.375,0.3846153846153846,0.36585496707117304,0.375,0.3
15417,16,0.2,0.3333333333333333,0.33916020527361607,0.0625,0.2,0.1,0.18181818181818182,0.22009176629808014,0.0625,0.1
226,17,0.2,0.26666666666666666,0.2139862647345275,0.058823529411764705,0.2,0.2,0.2545454545454545,0.21726071285222984,0.11764705882352941,0.2
17297,2,1.0,1.0,1.0,1.0,0.4,1.0,1.0,1.0,1.0,0.2
10989,3,0.0,0.0,0.0,0.0,0.0,0.0,0.0,0.0,0.0,0.0
15027,1,1.0,1.0,1.0,1.0,0.2,1.0,1.0,1.0,1.0,0.1
5594,3,0.0,0.0,0.0,0.0,0.0,0.0,0.0,0.0,0.0,0.0
214,1,0.0,0.0,0.0,0.0,0.0,0.0,0.0,0.0,0.0,0.0
19388,7,0.4,0.6,0.5531464700081437,0.2857142857142857,0.4,0.42857142857142855,0.4693877551020407,0.539929434207294,0.42857142857142855,0.3
3519,24,0.8,0.9333333333333332,0.8687949224876582,0.16666666666666666,0.8,0.4,0.6181818181818183,0.5637884576902256,0.16666666666666666,0.4
9813,6,0.2,0.26666666666666666,0.2139862647345275,0.16666666666666666,0.2,0.16666666666666666,0.2,0.1909208661789346,0.16666666666666666,0.1
15287,15,0.4,0.4000000000000001,0.3600546145772339,0.13333333333333333,0.4,0.5,0.43636363636363634,0.4400667404781943,0.3333333333333333,0.5
9973,4,0.25,0.28571428571428575,0.2463023887407299,0.25,0.2,0.25,0.2647058823529412,0.2463023887407299,0.25,0.1
3085,39,1.0,1.0,1.0,0.1282051282051282,1.0,0.6,0.7636363636363637,0.7151857987862357,0.15384615384615385,0.6
9334,4,0.25,0.14285714285714288,0.16812753627111746,0.25,0.2,0.25,0.20588235294117643,0.16812753627111746,0.25,0.1
14349,3,0.6666666666666666,0.6666666666666667,0.7039180890341346,0.6666666666666666,0.4,0.6666666666666666,0.6666666666666666,0.7039180890341346,0.6666666666666666,0.2
17946,18,0.6,0.7333333333333334,0.6992148198508501,0.16666666666666666,0.6,0.6,0.6545454545454544,0.6691255538181726,0.3333333333333333,0.6
4401,2,0.0,0.0,0.0,0.0,0.0,0.5,0.0,0.0,0.5,0.1
17144,1,0.0,0.0,0.0,0.0,0.0,0.0,0.0,0.0,0.0,0.0
2787,14,0.4,0.3333333333333333,0.34519134224686926,0.14285714285714285,0.4,0.3,0.32727272727272727,0.29343678345195273,0.21428571428571427,0.3
5426,6,0.0,0.0,0.0,0.0,0.0,0.0,0.0,0.0,0.0,0.0
20144,4,0.25,0.28571428571428575,0.2463023887407299,0.25,0.2,0.25,0.2647058823529412,0.2463023887407299,0.25,0.1
17785,4,0.25,0.35714285714285715,0.39038004999210163,0.25,0.2,0.25,0.2941176470588235,0.39038004999210163,0.25,0.1
3479,9,1.0,1.0,1.0,0.5555555555555556,1.0,0.7777777777777778,0.8703703703703703,0.845519325279726,0.7777777777777778,0.7
9730,13,0.2,0.19999999999999998,0.16958010263680803,0.07692307692307693,0.2,0.1,0.14545454545454548,0.11004588314904007,0.07692307692307693,0.1
3991,4,0.25,0.35714285714285715,0.39038004999210163,0.25,0.2,0.25,0.2941176470588235,0.39038004999210163,0.25,0.1
13329,6,0.2,0.3333333333333333,0.33916020527361607,0.16666666666666666,0.2,0.16666666666666666,0.2222222222222222,0.30260241349881345,0.16666666666666666,0.1
8368,3,0.3333333333333333,0.0,0.0,0.3333333333333333,0.2,0.6666666666666666,0.0,0.0,0.6666666666666666,0.2
10759,2,0.0,0.0,0.0,0.0,0.0,0.0,0.0,0.0,0.0,0.0
6610,4,0.0,0.0,0.0,0.0,0.0,0.25,0.0,0.0,0.25,0.1
1760,12,0.0,0.0,0.0,0.0,0.0,0.0,0.0,0.0,0.0,0.0
21827,1,0.0,0.0,0.0,0.0,0.0,0.0,0.0,0.0,0.0,0.0
21651,9,0.6,0.7999999999999999,0.7227265726449518,0.3333333333333333,0.6,0.3333333333333333,0.5,0.5008655546918772,0.3333333333333333,0.3
10000,1,0.0,0.0,0.0,0.0,0.0,0.0,0.0,0.0,0.0,0.0
16572,2,0.0,0.0,0.0,0.0,0.0,0.0,0.0,0.0,0.0,0.0
7288,3,0.0,0.0,0.0,0.0,0.0,0.0,0.0,0.0,0.0,0.0
5922,29,0.0,0.0,0.0,0.0,0.0,0.1,0.07272727272727274,0.07336392209936006,0.034482758620689655,0.1
3004,5,0.2,0.3333333333333333,0.33916020527361607,0.2,0.2,0.4,0.25,0.33916020527361607,0.4,0.2
11681,8,0.4,0.39999999999999997,0.4703652827859578,0.25,0.4,0.375,0.3076923076923077,0.35079429740281753,0.375,0.3
3427,20,0.0,0.0,0.0,0.0,0.0,0.0,0.0,0.0,0.0,0.0
5321,15,0.4,0.5333333333333333,0.5087403079104241,0.13333333333333333,0.4,0.3,0.34545454545454546,0.3937584376460719,0.2,0.3
12685,2,0.5,0.5555555555555556,0.6131471927654584,0.5,0.2,0.5,0.5263157894736842,0.6131471927654584,0.5,0.1
14977,9,0.2,0.19999999999999998,0.16958010263680803,0.1111111111111111,0.2,0.1111111111111111,0.14814814814814814,0.11752277470724269,0.1111111111111111,0.1
8574,1,0.0,0.0,0.0,0.0,0.0,0.0,0.0,0.0,0.0,0.0
18517,3,0.0,0.0,0.0,0.0,0.0,0.0,0.0,0.0,0.0,0.0
13065,5,0.0,0.0,0.0,0.0,0.0,0.0,0.0,0.0,0.0,0.0
3027,1,0.0,0.0,0.0,0.0,0.0,0.0,0.0,0.0,0.0,0.0
11787,7,0.2,0.26666666666666666,0.2139862647345275,0.14285714285714285,0.2,0.2857142857142857,0.18367346938775508,0.17342765698823942,0.2857142857142857,0.2
15626,4,0.25,0.35714285714285715,0.39038004999210163,0.25,0.2,0.25,0.2941176470588235,0.39038004999210163,0.25,0.1
11394,1,0.0,0.0,0.0,0.0,0.0,0.0,0.0,0.0,0.0,0.0
19685,3,0.0,0.0,0.0,0.0,0.0,0.3333333333333333,0.0,0.0,0.3333333333333333,0.1
2122,11,0.2,0.13333333333333333,0.14606834984270645,0.09090909090909091,0.2,0.2,0.2,0.16815228646891084,0.18181818181818182,0.2
10119,2,0.0,0.0,0.0,0.0,0.0,0.0,0.0,0.0,0.0,0.0
16369,28,0.2,0.19999999999999998,0.16958010263680803,0.03571428571428571,0.2,0.2,0.23636363636363636,0.1884441521277154,0.07142857142857142,0.2
6695,5,0.4,0.19999999999999998,0.2772734273550482,0.4,0.4,0.4,0.32499999999999996,0.2772734273550482,0.4,0.2
10846,16,0.2,0.19999999999999998,0.16958010263680803,0.0625,0.2,0.3,0.2727272727272727,0.2546983755821044,0.1875,0.3
4091,2,0.0,0.0,0.0,0.0,0.0,0.0,0.0,0.0,0.0,0.0
611,5,0.0,0.0,0.0,0.0,0.0,0.0,0.0,0.0,0.0,0.0
7775,4,0.0,0.0,0.0,0.0,0.0,0.0,0.0,0.0,0.0,0.0
14909,4,0.5,0.35714285714285715,0.39038004999210163,0.5,0.4,0.5,0.2941176470588235,0.39038004999210163,0.5,0.2
18219,4,0.25,0.0,0.0,0.25,0.2,0.25,0.0,0.0,0.25,0.1
15728,6,0.2,0.19999999999999998,0.16958010263680803,0.16666666666666666,0.2,0.3333333333333333,0.17777777777777778,0.15130120674940672,0.3333333333333333,0.2
10116,4,0.0,0.0,0.0,0.0,0.0,0.25,0.0,0.0,0.25,0.1
20348,3,0.0,0.0,0.0,0.0,0.0,0.0,0.0,0.0,0.0,0.0
4579,1,0.0,0.0,0.0,0.0,0.0,0.0,0.0,0.0,0.0,0.0
6644,14,0.4,0.3333333333333333,0.31564845247951445,0.14285714285714285,0.4,0.4,0.41818181818181815,0.3526637384340434,0.2857142857142857,0.4
11244,1,0.0,0.0,0.0,0.0,0.0,0.0,0.0,0.0,0.0,0.0
1615,14,0.4,0.5333333333333333,0.5087403079104241,0.14285714285714285,0.4,0.4,0.49090909090909085,0.48189984052515555,0.2857142857142857,0.4
21069,2,0.5,0.5555555555555556,0.6131471927654584,0.5,0.2,0.5,0.5263157894736842,0.6131471927654584,0.5,0.1
5895,2,0.5,0.0,0.0,0.5,0.2,0.5,0.0,0.0,0.5,0.1
11073,18,1.0,1.0,1.0,0.2777777777777778,1.0,0.9,0.9636363636363636,0.933745776545611,0.5,0.9
20928,1,1.0,0.0,0.0,1.0,0.2,1.0,0.0,0.0,1.0,0.1
18180,8,0.0,0.0,0.0,0.0,0.0,0.25,0.07692307692307693,0.08431423425588572,0.25,0.2
18619,5,0.0,0.0,0.0,0.0,0.0,0.0,0.0,0.0,0.0,0.0
8099,16,0.4,0.26666666666666666,0.3007851801491498,0.125,0.4,0.4,0.34545454545454546,0.3321737110889728,0.25,0.4
16091,16,0.6,0.5333333333333333,0.6164336326286642,0.1875,0.6,0.5,0.509090909090909,0.5370079586075637,0.3125,0.5
10727,7,0.0,0.0,0.0,0.0,0.0,0.0,0.0,0.0,0.0,0.0
20881,3,0.3333333333333333,0.4166666666666667,0.46927872602275644,0.3333333333333333,0.2,0.3333333333333333,0.37037037037037035,0.46927872602275644,0.3333333333333333,0.1
18193,2,0.0,0.0,0.0,0.0,0.0,0.0,0.0,0.0,0.0,0.0
15199,2,0.5,0.5555555555555556,0.6131471927654584,0.5,0.2,0.5,0.5263157894736842,0.6131471927654584,0.5,0.1
9301,25,0.6,0.5333333333333333,0.6164336326286642,0.12,0.6,0.3,0.41818181818181815,0.4000232483092519,0.12,0.3
17349,5,0.2,0.26666666666666666,0.2139862647345275,0.2,0.2,0.4,0.225,0.2139862647345275,0.4,0.2
19570,12,0.2,0.13333333333333333,0.14606834984270645,0.08333333333333333,0.2,0.1,0.12727272727272726,0.09478836436955078,0.08333333333333333,0.1
13937,11,0.4,0.3333333333333333,0.34519134224686926,0.18181818181818182,0.4,0.2,0.2727272727272727,0.22400556151517548,0.18181818181818182,0.2
19298,2,0.5,0.4444444444444445,0.3868528072345415,0.5,0.2,0.5,0.4736842105263158,0.3868528072345415,0.5,0.1
18906,2,0.0,0.0,0.0,0.0,0.0,0.5,0.0,0.0,0.5,0.1
8153,3,0.0,0.0,0.0,0.0,0.0,0.0,0.0,0.0,0.0,0.0
20353,12,0.6,0.7999999999999999,0.7227265726449518,0.25,0.6,0.5,0.6181818181818183,0.6117952373568121,0.4166666666666667,0.5
5645,2,0.0,0.0,0.0,0.0,0.0,0.0,0.0,0.0,0.0,0.0
210,11,0.0,0.0,0.0,0.0,0.0,0.1,0.05454545454545456,0.06943122193677725,0.09090909090909091,0.1
21905,14,0.0,0.0,0.0,0.0,0.0,0.0,0.0,0.0,0.0,0.0
9430,1,0.0,0.0,0.0,0.0,0.0,0.0,0.0,0.0,0.0,0.0
12374,3,0.0,0.0,0.0,0.0,0.0,0.0,0.0,0.0,0.0,0.0
7906,2,0.0,0.0,0.0,0.0,0.0,0.0,0.0,0.0,0.0,0.0
6162,21,0.6,0.39999999999999997,0.4468535299918562,0.14285714285714285,0.6,0.4,0.41818181818181815,0.3562315886146008,0.19047619047619047,0.4
22233,1,0.0,0.0,0.0,0.0,0.0,0.0,0.0,0.0,0.0,0.0
16549,8,0.6,0.6,0.6399453854227659,0.375,0.6,0.5,0.5576923076923077,0.5673656574390138,0.5,0.4
14511,7,0.8,0.7333333333333334,0.7860137352654724,0.5714285714285714,0.8,0.8571428571428571,0.8163265306122448,0.8265723430117604,0.8571428571428571,0.6
11519,4,0.0,0.0,0.0,0.0,0.0,0.0,0.0,0.0,0.0,0.0
1792,3,0.0,0.0,0.0,0.0,0.0,0.0,0.0,0.0,0.0,0.0
6603,16,0.8,0.8666666666666666,0.8539316501572936,0.25,0.8,0.4,0.6000000000000001,0.5541432109622958,0.25,0.4
22428,7,0.0,0.0,0.0,0.0,0.0,0.0,0.0,0.0,0.0,0.0
9628,1,0.0,0.0,0.0,0.0,0.0,0.0,0.0,0.0,0.0,0.0
21315,5,0.0,0.0,0.0,0.0,0.0,0.0,0.0,0.0,0.0,0.0
12956,10,0.2,0.19999999999999998,0.16958010263680803,0.1,0.2,0.1,0.14545454545454548,0.11004588314904007,0.1,0.1
13173,3,0.0,0.0,0.0,0.0,0.0,0.3333333333333333,0.0,0.0,0.3333333333333333,0.1
7497,25,0.6,0.6,0.529634717214042,0.12,0.6,0.6,0.6000000000000001,0.5551469705065496,0.24,0.6
22117,15,0.0,0.0,0.0,0.0,0.0,0.1,0.09090909090909091,0.07839826897867533,0.06666666666666667,0.1
3796,27,0.4,0.6,0.5531464700081437,0.07407407407407407,0.4,0.6,0.5636363636363636,0.6405914129030108,0.2222222222222222,0.6
7548,15,0.2,0.13333333333333333,0.14606834984270645,0.06666666666666667,0.2,0.2,0.21818181818181817,0.1731866333482261,0.13333333333333333,0.2
6249,2,0.0,0.0,0.0,0.0,0.0,0.0,0.0,0.0,0.0,0.0
12841,18,0.4,0.4666666666666666,0.38356636737133554,0.1111111111111111,0.4,0.4,0.4,0.38589303732090635,0.2222222222222222,0.4
9919,8,0.2,0.3333333333333333,0.33916020527361607,0.125,0.2,0.125,0.1923076923076923,0.2529427027676571,0.125,0.1
8854,1,1.0,0.0,0.0,1.0,0.2,1.0,0.0,0.0,1.0,0.1
6661,21,0.2,0.3333333333333333,0.33916020527361607,0.047619047619047616,0.2,0.2,0.2545454545454545,0.29345568839744024,0.09523809523809523,0.2
21279,1,1.0,0.0,0.0,1.0,0.2,1.0,0.0,0.0,1.0,0.1
10823,3,0.0,0.0,0.0,0.0,0.0,0.3333333333333333,0.0,0.0,0.3333333333333333,0.1
18606,14,0.0,0.0,0.0,0.0,0.0,0.1,0.036363636363636355,0.06625422345438903,0.07142857142857142,0.1
13335,2,0.0,0.0,0.0,0.0,0.0,0.0,0.0,0.0,0.0,0.0
6950,5,0.0,0.0,0.0,0.0,0.0,0.0,0.0,0.0,0.0,0.0
11963,5,0.4,0.3333333333333333,0.31564845247951445,0.4,0.4,0.6,0.375,0.31564845247951445,0.6,0.3
5392,1,1.0,1.0,1.0,1.0,0.2,1.0,1.0,1.0,1.0,0.1
8966,7,0.4,0.4666666666666666,0.48522855511632257,0.2857142857142857,0.4,0.2857142857142857,0.346938775510204,0.3932591258696538,0.2857142857142857,0.2
2972,11,0.0,0.0,0.0,0.0,0.0,0.0,0.0,0.0,0.0,0.0
4001,9,0.2,0.26666666666666666,0.2139862647345275,0.1111111111111111,0.2,0.1111111111111111,0.16666666666666666,0.14829723057014907,0.1111111111111111,0.1
7626,1,0.0,0.0,0.0,0.0,0.0,0.0,0.0,0.0,0.0,0.0
5890,2,0.0,0.0,0.0,0.0,0.0,0.0,0.0,0.0,0.0,0.0
19830,15,0.4,0.5333333333333333,0.5087403079104241,0.13333333333333333,0.4,0.4,0.49090909090909085,0.48189984052515555,0.26666666666666666,0.4
7262,4,0.0,0.0,0.0,0.0,0.0,0.0,0.0,0.0,0.0,0.0
12392,2,0.5,0.5555555555555556,0.6131471927654584,0.5,0.2,0.5,0.5263157894736842,0.6131471927654584,0.5,0.1
15947,5,0.6,0.6,0.529634717214042,0.6,0.6,0.6,0.6000000000000001,0.529634717214042,0.6,0.3
12332,17,0.8,0.9333333333333332,0.8687949224876582,0.23529411764705882,0.8,0.6,0.6909090909090909,0.6968404678259545,0.35294117647058826,0.6
15065,1,1.0,0.0,0.0,1.0,0.2,1.0,0.0,0.0,1.0,0.1
137,21,0.6,0.6666666666666666,0.6843515475204854,0.14285714285714285,0.6,0.4,0.509090909090909,0.5135285497500329,0.19047619047619047,0.4
3769,22,0.4,0.19999999999999998,0.2772734273550482,0.09090909090909091,0.4,0.4,0.3818181818181818,0.3277609729266243,0.18181818181818182,0.4
20556,1,0.0,0.0,0.0,0.0,0.0,0.0,0.0,0.0,0.0,0.0
9960,1,0.0,0.0,0.0,0.0,0.0,0.0,0.0,0.0,0.0,0.0
10027,5,0.0,0.0,0.0,0.0,0.0,0.0,0.0,0.0,0.0,0.0
6520,3,0.0,0.0,0.0,0.0,0.0,0.0,0.0,0.0,0.0,0.0
19000,3,0.0,0.0,0.0,0.0,0.0,0.3333333333333333,0.0,0.0,0.3333333333333333,0.1
18900,3,0.3333333333333333,0.4166666666666667,0.46927872602275644,0.3333333333333333,0.2,0.3333333333333333,0.37037037037037035,0.46927872602275644,0.3333333333333333,0.1
17632,3,0.3333333333333333,0.0,0.0,0.3333333333333333,0.2,0.6666666666666666,0.0,0.0,0.6666666666666666,0.2
20539,3,0.0,0.0,0.0,0.0,0.0,0.3333333333333333,0.0,0.0,0.3333333333333333,0.1
17612,5,0.4,0.39999999999999997,0.4703652827859578,0.4,0.4,0.4,0.4,0.4703652827859578,0.4,0.2
6751,13,0.2,0.3333333333333333,0.33916020527361607,0.07692307692307693,0.2,0.1,0.18181818181818182,0.22009176629808014,0.07692307692307693,0.1
18549,7,0.0,0.0,0.0,0.0,0.0,0.0,0.0,0.0,0.0,0.0
99,3,0.0,0.0,0.0,0.0,0.0,0.0,0.0,0.0,0.0,0.0
3488,3,0.0,0.0,0.0,0.0,0.0,0.0,0.0,0.0,0.0,0.0
2779,4,0.25,0.2142857142857143,0.19519002499605081,0.25,0.2,0.25,0.23529411764705882,0.19519002499605081,0.25,0.1
3465,16,0.2,0.3333333333333333,0.33916020527361607,0.0625,0.2,0.3,0.34545454545454546,0.37185395737611554,0.1875,0.3
5469,20,0.4,0.4666666666666666,0.48522855511632257,0.1,0.4,0.3,0.3272727272727272,0.3785009188665826,0.15,0.3
19802,1,0.0,0.0,0.0,0.0,0.0,0.0,0.0,0.0,0.0,0.0
10029,3,0.0,0.0,0.0,0.0,0.0,0.0,0.0,0.0,0.0,0.0
4791,14,0.2,0.3333333333333333,0.33916020527361607,0.07142857142857142,0.2,0.1,0.18181818181818182,0.22009176629808014,0.07142857142857142,0.1
13341,2,0.5,0.4444444444444445,0.3868528072345415,0.5,0.2,0.5,0.4736842105263158,0.3868528072345415,0.5,0.1
3098,13,0.2,0.3333333333333333,0.33916020527361607,0.07692307692307693,0.2,0.1,0.18181818181818182,0.22009176629808014,0.07692307692307693,0.1
13575,5,0.2,0.13333333333333333,0.14606834984270645,0.2,0.2,0.2,0.175,0.14606834984270645,0.2,0.1
17005,3,0.0,0.0,0.0,0.0,0.0,0.0,0.0,0.0,0.0,0.0
12579,6,0.2,0.3333333333333333,0.33916020527361607,0.16666666666666666,0.2,0.16666666666666666,0.2222222222222222,0.30260241349881345,0.16666666666666666,0.1
5263,7,0.0,0.0,0.0,0.0,0.0,0.0,0.0,0.0,0.0,0.0
16245,1,0.0,0.0,0.0,0.0,0.0,0.0,0.0,0.0,0.0,0.0
2911,2,0.5,0.0,0.0,0.5,0.2,0.5,0.0,0.0,0.5,0.1
5896,10,0.2,0.26666666666666666,0.2139862647345275,0.1,0.2,0.1,0.16363636363636364,0.1388624438735545,0.1,0.1
2406,1,0.0,0.0,0.0,0.0,0.0,0.0,0.0,0.0,0.0,0.0
931,1,0.0,0.0,0.0,0.0,0.0,1.0,0.0,0.0,1.0,0.1
6699,9,0.4,0.5333333333333333,0.5087403079104241,0.2222222222222222,0.4,0.3333333333333333,0.4259259259259259,0.43629323812092147,0.3333333333333333,0.3
923,10,0.6,0.5333333333333333,0.5147714448836773,0.3,0.6,0.3,0.4181818181818182,0.3340514446642156,0.3,0.3
5544,1,0.0,0.0,0.0,0.0,0.0,0.0,0.0,0.0,0.0,0.0
16990,1,0.0,0.0,0.0,0.0,0.0,0.0,0.0,0.0,0.0,0.0
3875,10,0.6,0.7999999999999999,0.7227265726449518,0.3,0.6,0.3,0.49090909090909096,0.46900009332067477,0.3,0.3
21369,1,0.0,0.0,0.0,0.0,0.0,0.0,0.0,0.0,0.0,0.0
3654,5,0.4,0.4666666666666666,0.38356636737133554,0.4,0.4,0.4,0.42500000000000004,0.38356636737133554,0.4,0.2
5375,2,0.0,0.0,0.0,0.0,0.0,0.0,0.0,0.0,0.0,0.0
8677,11,0.4,0.3333333333333333,0.34519134224686926,0.18181818181818182,0.4,0.4,0.43636363636363634,0.3757677525932108,0.36363636363636365,0.4
3455,9,0.2,0.3333333333333333,0.33916020527361607,0.1111111111111111,0.2,0.1111111111111111,0.18518518518518517,0.23504554941448538,0.1111111111111111,0.1
13113,5,0.0,0.0,0.0,0.0,0.0,0.0,0.0,0.0,0.0,0.0
3199,6,0.2,0.19999999999999998,0.16958010263680803,0.16666666666666666,0.2,0.16666666666666666,0.17777777777777778,0.15130120674940672,0.16666666666666666,0.1
18676,9,0.2,0.19999999999999998,0.16958010263680803,0.1111111111111111,0.2,0.1111111111111111,0.14814814814814814,0.11752277470724269,0.1111111111111111,0.1
19083,7,0.4,0.4666666666666666,0.48522855511632257,0.2857142857142857,0.4,0.2857142857142857,0.346938775510204,0.3932591258696538,0.2857142857142857,0.2
3697,13,0.0,0.0,0.0,0.0,0.0,0.0,0.0,0.0,0.0,0.0
17214,17,0.2,0.26666666666666666,0.2139862647345275,0.058823529411764705,0.2,0.1,0.16363636363636364,0.1388624438735545,0.058823529411764705,0.1
10105,2,0.0,0.0,0.0,0.0,0.0,0.0,0.0,0.0,0.0,0.0
4665,5,0.2,0.13333333333333333,0.14606834984270645,0.2,0.2,0.4,0.175,0.14606834984270645,0.4,0.2
1661,3,0.0,0.0,0.0,0.0,0.0,0.3333333333333333,0.0,0.0,0.3333333333333333,0.1
20986,14,0.0,0.0,0.0,0.0,0.0,0.1,0.036363636363636355,0.06625422345438903,0.07142857142857142,0.1
17287,2,0.0,0.0,0.0,0.0,0.0,0.0,0.0,0.0,0.0,0.0
20917,9,0.0,0.0,0.0,0.0,0.0,0.0,0.0,0.0,0.0,0.0
17698,19,0.2,0.26666666666666666,0.2139862647345275,0.05263157894736842,0.2,0.2,0.2545454545454545,0.21726071285222984,0.10526315789473684,0.2
21574,2,1.0,0.5555555555555556,0.6131471927654584,1.0,0.4,1.0,0.5263157894736842,0.6131471927654584,1.0,0.2
420,2,1.0,0.5555555555555556,0.6131471927654584,1.0,0.4,1.0,0.5263157894736842,0.6131471927654584,1.0,0.2
5269,5,0.0,0.0,0.0,0.0,0.0,0.0,0.0,0.0,0.0,0.0
13076,8,1.0,1.0,1.0,0.625,1.0,0.875,0.9038461538461539,0.9098999913476323,0.875,0.7
17696,1,0.0,0.0,0.0,0.0,0.0,0.0,0.0,0.0,0.0,0.0
2359,1,1.0,0.0,0.0,1.0,0.2,1.0,0.0,0.0,1.0,0.1
10769,8,0.2,0.3333333333333333,0.33916020527361607,0.125,0.2,0.375,0.28846153846153844,0.34304271142002485,0.375,0.3
8859,16,0.6,0.6,0.6399453854227659,0.1875,0.6,0.3,0.43636363636363634,0.4152807670887412,0.1875,0.3
16883,3,0.3333333333333333,0.0,0.0,0.3333333333333333,0.2,0.3333333333333333,0.0,0.0,0.3333333333333333,0.1
21720,5,0.0,0.0,0.0,0.0,0.0,0.2,0.0,0.0,0.2,0.1
682,3,0.0,0.0,0.0,0.0,0.0,1.0,0.0,0.0,1.0,0.3
16564,8,0.0,0.0,0.0,0.0,0.0,0.0,0.0,0.0,0.0,0.0
18211,11,0.0,0.0,0.0,0.0,0.0,0.0,0.0,0.0,0.0,0.0
7587,8,0.0,0.0,0.0,0.0,0.0,0.0,0.0,0.0,0.0,0.0
5164,5,0.0,0.0,0.0,0.0,0.0,0.0,0.0,0.0,0.0,0.0
7457,2,0.0,0.0,0.0,0.0,0.0,0.0,0.0,0.0,0.0,0.0
17159,1,0.0,0.0,0.0,0.0,0.0,0.0,0.0,0.0,0.0,0.0
11103,14,0.6,0.7333333333333334,0.6992148198508501,0.21428571428571427,0.6,0.3,0.47272727272727266,0.4537425745411855,0.21428571428571427,0.3
22026,6,0.2,0.3333333333333333,0.33916020527361607,0.16666666666666666,0.2,0.16666666666666666,0.2222222222222222,0.30260241349881345,0.16666666666666666,0.1
20026,3,0.0,0.0,0.0,0.0,0.0,0.0,0.0,0.0,0.0,0.0
20088,4,0.0,0.0,0.0,0.0,0.0,0.0,0.0,0.0,0.0,0.0
11850,8,0.2,0.3333333333333333,0.33916020527361607,0.125,0.2,0.25,0.1923076923076923,0.2529427027676571,0.25,0.2
17198,3,0.0,0.0,0.0,0.0,0.0,0.0,0.0,0.0,0.0,0.0
21950,2,0.0,0.0,0.0,0.0,0.0,0.0,0.0,0.0,0.0,0.0
1152,19,0.4,0.4666666666666666,0.38356636737133554,0.10526315789473684,0.4,0.3,0.3272727272727273,0.31252911522154625,0.15789473684210525,0.3
15559,15,0.2,0.13333333333333333,0.14606834984270645,0.06666666666666667,0.2,0.3,0.2727272727272727,0.24261785528500332,0.2,0.3
4482,3,0.3333333333333333,0.4166666666666667,0.46927872602275644,0.3333333333333333,0.2,0.6666666666666666,0.37037037037037035,0.46927872602275644,0.6666666666666666,0.2
5628,1,0.0,0.0,0.0,0.0,0.0,0.0,0.0,0.0,0.0,0.0
14682,13,0.6,0.5333333333333333,0.6164336326286642,0.23076923076923078,0.6,0.4,0.45454545454545453,0.4662774717636409,0.3076923076923077,0.4
5638,1,0.0,0.0,0.0,0.0,0.0,0.0,0.0,0.0,0.0,0.0
22342,2,0.0,0.0,0.0,0.0,0.0,0.0,0.0,0.0,0.0,0.0
517,2,0.0,0.0,0.0,0.0,0.0,0.0,0.0,0.0,0.0,0.0
5634,1,0.0,0.0,0.0,0.0,0.0,0.0,0.0,0.0,0.0,0.0
13189,15,0.8,0.8000000000000002,0.8304198973631919,0.26666666666666666,0.8,0.6,0.6727272727272727,0.6745711375739728,0.4,0.6
19205,8,0.2,0.19999999999999998,0.16958010263680803,0.125,0.2,0.125,0.15384615384615385,0.12647135138382856,0.125,0.1
19206,7,0.2,0.26666666666666666,0.2139862647345275,0.14285714285714285,0.2,0.2857142857142857,0.18367346938775508,0.17342765698823942,0.2857142857142857,0.2
8272,2,0.0,0.0,0.0,0.0,0.0,0.0,0.0,0.0,0.0,0.0
4408,12,0.8,0.8000000000000002,0.8304198973631919,0.3333333333333333,0.8,0.5,0.6545454545454544,0.6122496142821665,0.4166666666666667,0.5
1335,2,0.0,0.0,0.0,0.0,0.0,0.0,0.0,0.0,0.0,0.0
17378,3,0.3333333333333333,0.33333333333333337,0.29608191096586517,0.3333333333333333,0.2,0.3333333333333333,0.3333333333333333,0.29608191096586517,0.3333333333333333,0.1
13931,20,0.4,0.3333333333333333,0.31564845247951445,0.1,0.4,0.3,0.3090909090909091,0.27108847097297983,0.15,0.3
10265,2,0.0,0.0,0.0,0.0,0.0,0.0,0.0,0.0,0.0,0.0
10464,4,0.0,0.0,0.0,0.0,0.0,0.0,0.0,0.0,0.0,0.0
2476,2,0.0,0.0,0.0,0.0,0.0,0.0,0.0,0.0,0.0,0.0
9215,3,0.0,0.0,0.0,0.0,0.0,0.0,0.0,0.0,0.0,0.0
14688,9,0.2,0.19999999999999998,0.16958010263680803,0.1111111111111111,0.2,0.2222222222222222,0.24074074074074073,0.20124768870643617,0.2222222222222222,0.2
3656,1,0.0,0.0,0.0,0.0,0.0,0.0,0.0,0.0,0.0,0.0
21564,4,0.0,0.0,0.0,0.0,0.0,0.0,0.0,0.0,0.0,0.0
8028,7,0.2,0.06666666666666665,0.13120507751234176,0.14285714285714285,0.2,0.14285714285714285,0.12244897959183672,0.10633668103022983,0.14285714285714285,0.1
6054,9,0.2,0.3333333333333333,0.33916020527361607,0.1111111111111111,0.2,0.1111111111111111,0.18518518518518517,0.23504554941448538,0.1111111111111111,0.1
16176,5,0.2,0.06666666666666665,0.13120507751234176,0.2,0.2,0.2,0.15,0.13120507751234176,0.2,0.1
20868,31,0.4,0.4666666666666666,0.48522855511632257,0.06451612903225806,0.4,0.4,0.45454545454545453,0.46270962158308354,0.12903225806451613,0.4
21560,14,0.4,0.4000000000000001,0.3600546145772339,0.14285714285714285,0.4,0.3,0.36363636363636365,0.30701473034246535,0.21428571428571427,0.3
16807,30,0.4,0.6,0.5531464700081437,0.06666666666666667,0.4,0.4,0.49090909090909096,0.5067837010870873,0.13333333333333333,0.4
13119,16,0.4,0.6,0.5531464700081437,0.125,0.4,0.4,0.509090909090909,0.5107164012496701,0.25,0.4
13032,4,0.0,0.0,0.0,0.0,0.0,0.0,0.0,0.0,0.0,0.0
18669,2,0.5,0.0,0.0,0.5,0.2,1.0,0.0,0.0,1.0,0.2
12036,2,0.5,0.4444444444444445,0.3868528072345415,0.5,0.2,0.5,0.4736842105263158,0.3868528072345415,0.5,0.1
4566,3,0.0,0.0,0.0,0.0,0.0,0.0,0.0,0.0,0.0,0.0
5075,25,0.8,0.7333333333333334,0.7860137352654724,0.16,0.8,0.8,0.7818181818181817,0.7917063341896682,0.32,0.8
12972,1,0.0,0.0,0.0,0.0,0.0,0.0,0.0,0.0,0.0,0.0
6309,7,0.4,0.39999999999999997,0.4703652827859578,0.2857142857142857,0.4,0.42857142857142855,0.32653061224489793,0.3812130139445206,0.42857142857142855,0.3
6106,9,0.4,0.6,0.5531464700081437,0.2222222222222222,0.4,0.3333333333333333,0.3888888888888888,0.4540985407057151,0.3333333333333333,0.3
3781,21,0.4,0.6,0.5531464700081437,0.09523809523809523,0.4,0.4,0.47272727272727266,0.501749354207772,0.19047619047619047,0.4
13036,8,0.4,0.3333333333333333,0.34519134224686926,0.25,0.4,0.625,0.3846153846153846,0.3475406804124244,0.625,0.5
18445,1,0.0,0.0,0.0,0.0,0.0,0.0,0.0,0.0,0.0,0.0
5555,13,1.0,1.0,1.0,0.38461538461538464,1.0,0.7,0.8545454545454546,0.7917267193679839,0.5384615384615384,0.7
14517,4,0.0,0.0,0.0,0.0,0.0,0.0,0.0,0.0,0.0,0.0
382,1,0.0,0.0,0.0,0.0,0.0,0.0,0.0,0.0,0.0,0.0
12793,3,0.0,0.0,0.0,0.0,0.0,0.0,0.0,0.0,0.0,0.0
5518,2,0.5,0.5555555555555556,0.6131471927654584,0.5,0.2,0.5,0.5263157894736842,0.6131471927654584,0.5,0.1
9181,1,0.0,0.0,0.0,0.0,0.0,0.0,0.0,0.0,0.0,0.0
9577,4,0.25,0.35714285714285715,0.39038004999210163,0.25,0.2,0.25,0.2941176470588235,0.39038004999210163,0.25,0.1
14299,1,0.0,0.0,0.0,0.0,0.0,0.0,0.0,0.0,0.0,0.0
16611,1,0.0,0.0,0.0,0.0,0.0,0.0,0.0,0.0,0.0,0.0
20651,2,0.0,0.0,0.0,0.0,0.0,0.5,0.0,0.0,0.5,0.1
1593,1,0.0,0.0,0.0,0.0,0.0,0.0,0.0,0.0,0.0,0.0
17629,2,0.5,0.4444444444444445,0.3868528072345415,0.5,0.2,0.5,0.4736842105263158,0.3868528072345415,0.5,0.1
20563,6,0.0,0.0,0.0,0.0,0.0,0.0,0.0,0.0,0.0,0.0
16424,2,0.0,0.0,0.0,0.0,0.0,0.0,0.0,0.0,0.0,0.0
15611,1,0.0,0.0,0.0,0.0,0.0,0.0,0.0,0.0,0.0,0.0
11241,4,0.0,0.0,0.0,0.0,0.0,0.0,0.0,0.0,0.0,0.0
7703,1,0.0,0.0,0.0,0.0,0.0,0.0,0.0,0.0,0.0,0.0
487,12,0.2,0.13333333333333333,0.14606834984270645,0.08333333333333333,0.2,0.2,0.1636363636363636,0.16104258782393982,0.16666666666666666,0.2
9054,4,0.0,0.0,0.0,0.0,0.0,0.0,0.0,0.0,0.0,0.0
19287,7,0.2,0.19999999999999998,0.16958010263680803,0.14285714285714285,0.2,0.2857142857142857,0.2653061224489796,0.23535109180711322,0.2857142857142857,0.2
20773,2,0.5,0.5555555555555556,0.6131471927654584,0.5,0.2,0.5,0.5263157894736842,0.6131471927654584,0.5,0.1
22281,13,0.2,0.3333333333333333,0.33916020527361607,0.07692307692307693,0.2,0.2,0.21818181818181817,0.28634598975246917,0.15384615384615385,0.2
21025,24,0.6,0.6666666666666666,0.6548086577531306,0.125,0.6,0.5,0.5636363636363636,0.5669450709942979,0.20833333333333334,0.5
1233,2,0.0,0.0,0.0,0.0,0.0,0.0,0.0,0.0,0.0,0.0
18157,15,0.2,0.3333333333333333,0.33916020527361607,0.06666666666666667,0.2,0.1,0.18181818181818182,0.22009176629808014,0.06666666666666667,0.1
7254,21,0.4,0.5333333333333333,0.5087403079104241,0.09523809523809523,0.4,0.3,0.36363636363636365,0.39639187290150923,0.14285714285714285,0.3
1155,1,0.0,0.0,0.0,0.0,0.0,1.0,0.0,0.0,1.0,0.1
8139,1,0.0,0.0,0.0,0.0,0.0,1.0,0.0,0.0,1.0,0.1
19633,4,0.25,0.0,0.0,0.25,0.2,0.5,0.0,0.0,0.5,0.2
14571,1,0.0,0.0,0.0,0.0,0.0,0.0,0.0,0.0,0.0,0.0
17834,35,0.6,0.5333333333333333,0.5147714448836773,0.08571428571428572,0.6,0.6,0.6363636363636364,0.5552448576790282,0.17142857142857143,0.6
6001,16,0.6,0.7999999999999999,0.7227265726449518,0.1875,0.6,0.4,0.5818181818181819,0.5473983622993501,0.25,0.4
7000,7,0.0,0.0,0.0,0.0,0.0,0.14285714285714285,0.1020408163265306,0.0979129253499678,0.14285714285714285,0.1
16443,6,0.2,0.13333333333333333,0.14606834984270645,0.16666666666666666,0.2,0.16666666666666666,0.15555555555555556,0.13032376591037065,0.16666666666666666,0.1
18208,13,0.6,0.7333333333333334,0.6992148198508501,0.23076923076923078,0.6,0.3,0.47272727272727266,0.4537425745411855,0.23076923076923078,0.3
5152,2,0.0,0.0,0.0,0.0,0.0,0.0,0.0,0.0,0.0,0.0
19554,5,0.2,0.13333333333333333,0.14606834984270645,0.2,0.2,0.2,0.175,0.14606834984270645,0.2,0.1
4239,2,0.5,0.5555555555555556,0.6131471927654584,0.5,0.2,0.5,0.5263157894736842,0.6131471927654584,0.5,0.1
2786,7,0.0,0.0,0.0,0.0,0.0,0.0,0.0,0.0,0.0,0.0
14820,11,0.4,0.5333333333333333,0.5087403079104241,0.18181818181818182,0.4,0.3,0.38181818181818183,0.3995688713838974,0.2727272727272727,0.3
8521,1,0.0,0.0,0.0,0.0,0.0,0.0,0.0,0.0,0.0,0.0
10660,8,0.2,0.3333333333333333,0.33916020527361607,0.125,0.2,0.125,0.1923076923076923,0.2529427027676571,0.125,0.1
11055,16,0.4,0.4666666666666666,0.48522855511632257,0.125,0.4,0.2,0.3090909090909091,0.31488013066763093,0.125,0.2
17500,5,0.2,0.3333333333333333,0.33916020527361607,0.2,0.2,0.2,0.25,0.33916020527361607,0.2,0.1
12348,1,0.0,0.0,0.0,0.0,0.0,0.0,0.0,0.0,0.0,0.0
9375,4,0.25,0.35714285714285715,0.39038004999210163,0.25,0.2,0.25,0.2941176470588235,0.39038004999210163,0.25,0.1
12573,4,0.5,0.6428571428571429,0.6366824387328316,0.5,0.4,0.75,0.5588235294117646,0.6366824387328316,0.75,0.3
6824,13,0.6,0.7999999999999999,0.7227265726449518,0.23076923076923078,0.6,0.5,0.6363636363636364,0.6168295842361273,0.38461538461538464,0.5
16031,4,0.0,0.0,0.0,0.0,0.0,0.25,0.0,0.0,0.25,0.1
12843,19,0.4,0.5333333333333333,0.5087403079104241,0.10526315789473684,0.4,0.2,0.32727272727272727,0.3301376494471202,0.10526315789473684,0.2
17831,1,1.0,0.0,0.0,1.0,0.2,1.0,0.0,0.0,1.0,0.1
4061,15,0.0,0.0,0.0,0.0,0.0,0.2,0.10909090909090909,0.13961814555374907,0.13333333333333333,0.2
8867,11,0.2,0.06666666666666665,0.13120507751234176,0.09090909090909091,0.2,0.3,0.23636363636363636,0.22793826167775824,0.2727272727272727,0.3
14293,26,0.6,0.46666666666666673,0.4912596920895757,0.11538461538461539,0.6,0.6,0.5818181818181819,0.5341769051617133,0.23076923076923078,0.6
4322,4,0.0,0.0,0.0,0.0,0.0,0.25,0.0,0.0,0.25,0.1
22463,1,0.0,0.0,0.0,0.0,0.0,0.0,0.0,0.0,0.0,0.0
7694,1,0.0,0.0,0.0,0.0,0.0,0.0,0.0,0.0,0.0,0.0
13837,26,0.4,0.4000000000000001,0.3600546145772339,0.07692307692307693,0.4,0.3,0.32727272727272727,0.2999050316974943,0.11538461538461539,0.3
677,8,0.6,0.6,0.6399453854227659,0.375,0.6,0.375,0.4615384615384615,0.4772656487866461,0.375,0.3
6886,1,0.0,0.0,0.0,0.0,0.0,0.0,0.0,0.0,0.0,0.0
4998,2,0.0,0.0,0.0,0.0,0.0,0.0,0.0,0.0,0.0,0.0
8268,2,0.5,0.4444444444444445,0.3868528072345415,0.5,0.2,0.5,0.4736842105263158,0.3868528072345415,0.5,0.1
4622,4,0.0,0.0,0.0,0.0,0.0,0.0,0.0,0.0,0.0,0.0
6061,1,0.0,0.0,0.0,0.0,0.0,0.0,0.0,0.0,0.0,0.0
9688,10,0.4,0.39999999999999997,0.4703652827859578,0.2,0.4,0.2,0.29090909090909095,0.3052348839397011,0.2,0.2
13144,24,0.0,0.0,0.0,0.0,0.0,0.1,0.018181818181818177,0.0636207881989517,0.041666666666666664,0.1
1259,3,0.3333333333333333,0.25,0.23463936301137822,0.3333333333333333,0.2,0.3333333333333333,0.2962962962962963,0.23463936301137822,0.3333333333333333,0.1
9211,8,0.0,0.0,0.0,0.0,0.0,0.0,0.0,0.0,0.0,0.0
16933,3,0.3333333333333333,0.4166666666666667,0.46927872602275644,0.3333333333333333,0.2,0.3333333333333333,0.37037037037037035,0.46927872602275644,0.3333333333333333,0.1
13634,3,0.0,0.0,0.0,0.0,0.0,0.0,0.0,0.0,0.0,0.0
11349,5,0.0,0.0,0.0,0.0,0.0,0.0,0.0,0.0,0.0,0.0
4610,1,1.0,0.0,0.0,1.0,0.2,1.0,0.0,0.0,1.0,0.1
13970,19,0.6,0.5333333333333333,0.5147714448836773,0.15789473684210525,0.6,0.4,0.45454545454545453,0.40030566811860463,0.21052631578947367,0.4
15329,25,0.4,0.3333333333333333,0.34519134224686926,0.08,0.4,0.4,0.36363636363636365,0.35969100690634176,0.16,0.4
14134,14,0.2,0.26666666666666666,0.2139862647345275,0.07142857142857142,0.2,0.1,0.16363636363636364,0.1388624438735545,0.07142857142857142,0.1
21993,4,0.5,0.5714285714285715,0.5855700749881524,0.5,0.4,0.5,0.5294117647058824,0.5855700749881524,0.5,0.2
1611,24,0.4,0.3333333333333333,0.34519134224686926,0.08333333333333333,0.4,0.3,0.29090909090909095,0.28762634971412715,0.125,0.3
9247,2,0.5,0.5555555555555556,0.6131471927654584,0.5,0.2,0.5,0.5263157894736842,0.6131471927654584,0.5,0.1
2494,2,0.0,0.0,0.0,0.0,0.0,0.0,0.0,0.0,0.0,0.0
15179,2,0.5,0.0,0.0,0.5,0.2,1.0,0.0,0.0,1.0,0.2
17099,1,0.0,0.0,0.0,0.0,0.0,0.0,0.0,0.0,0.0,0.0
4921,1,1.0,0.0,0.0,1.0,0.2,1.0,0.0,0.0,1.0,0.1
20428,9,0.2,0.19999999999999998,0.16958010263680803,0.1111111111111111,0.2,0.2222222222222222,0.18518518518518517,0.1882785354283233,0.2222222222222222,0.2
363,8,0.4,0.6,0.5531464700081437,0.25,0.4,0.5,0.4615384615384615,0.5026317885449212,0.5,0.4
20223,1,0.0,0.0,0.0,0.0,0.0,0.0,0.0,0.0,0.0,0.0
19960,7,0.2,0.3333333333333333,0.33916020527361607,0.14285714285714285,0.2,0.2857142857142857,0.2040816326530612,0.27487633291429087,0.2857142857142857,0.2
21402,31,0.4,0.19999999999999998,0.2772734273550482,0.06451612903225806,0.4,0.3,0.3272727272727272,0.25832975098984706,0.0967741935483871,0.3
16336,2,0.5,0.0,0.0,0.5,0.2,0.5,0.0,0.0,0.5,0.1
22181,1,1.0,0.0,0.0,1.0,0.2,1.0,0.0,0.0,1.0,0.1
2071,2,0.0,0.0,0.0,0.0,0.0,0.0,0.0,0.0,0.0,0.0
668,27,0.4,0.4666666666666666,0.48522855511632257,0.07407407407407407,0.4,0.3,0.3272727272727272,0.3785009188665826,0.1111111111111111,0.3
18094,13,0.6,0.6,0.529634717214042,0.23076923076923078,0.6,0.3,0.43636363636363645,0.34369669139214537,0.23076923076923078,0.3
6169,1,0.0,0.0,0.0,0.0,0.0,0.0,0.0,0.0,0.0,0.0
21798,1,0.0,0.0,0.0,0.0,0.0,1.0,0.0,0.0,1.0,0.1
12925,2,0.0,0.0,0.0,0.0,0.0,0.0,0.0,0.0,0.0,0.0
13886,26,0.2,0.19999999999999998,0.16958010263680803,0.038461538461538464,0.2,0.2,0.16363636363636364,0.1736666713479918,0.07692307692307693,0.2
1027,31,1.0,1.0,1.0,0.16129032258064516,1.0,0.8,0.9272727272727274,0.866947989864271,0.25806451612903225,0.8
14756,22,0.4,0.4000000000000001,0.3600546145772339,0.09090909090909091,0.4,0.3,0.36363636363636365,0.30701473034246535,0.13636363636363635,0.3
17573,3,0.3333333333333333,0.0,0.0,0.3333333333333333,0.2,0.3333333333333333,0.0,0.0,0.3333333333333333,0.1
14076,2,0.0,0.0,0.0,0.0,0.0,0.0,0.0,0.0,0.0,0.0
11881,2,0.0,0.0,0.0,0.0,0.0,0.0,0.0,0.0,0.0,0.0
20602,2,0.0,0.0,0.0,0.0,0.0,0.0,0.0,0.0,0.0,0.0
10773,2,0.0,0.0,0.0,0.0,0.0,0.0,0.0,0.0,0.0,0.0
6264,12,0.4,0.39999999999999997,0.4703652827859578,0.16666666666666666,0.4,0.3,0.36363636363636365,0.37859880603906115,0.25,0.3
16479,1,1.0,0.0,0.0,1.0,0.2,1.0,0.0,0.0,1.0,0.1
21271,5,0.2,0.26666666666666666,0.2139862647345275,0.2,0.2,0.2,0.225,0.2139862647345275,0.2,0.1
22488,1,0.0,0.0,0.0,0.0,0.0,0.0,0.0,0.0,0.0,0.0
19149,10,0.2,0.3333333333333333,0.33916020527361607,0.1,0.2,0.3,0.2727272727272727,0.3570764765963919,0.3,0.3
19538,6,0.2,0.3333333333333333,0.33916020527361607,0.16666666666666666,0.2,0.16666666666666666,0.2222222222222222,0.30260241349881345,0.16666666666666666,0.1
10427,2,0.0,0.0,0.0,0.0,0.0,0.0,0.0,0.0,0.0,0.0
19282,9,0.2,0.26666666666666666,0.2139862647345275,0.1111111111111111,0.2,0.2222222222222222,0.24074074074074073,0.22664574704164417,0.2222222222222222,0.2
19888,5,0.2,0.26666666666666666,0.2139862647345275,0.2,0.2,0.2,0.225,0.2139862647345275,0.2,0.1
7102,2,0.0,0.0,0.0,0.0,0.0,0.0,0.0,0.0,0.0,0.0
10508,17,0.0,0.0,0.0,0.0,0.0,0.1,0.036363636363636355,0.06625422345438903,0.058823529411764705,0.1
154,6,0.0,0.0,0.0,0.0,0.0,0.16666666666666666,0.0,0.0,0.16666666666666666,0.1
8773,6,0.4,0.26666666666666666,0.3007851801491498,0.3333333333333333,0.4,0.3333333333333333,0.3111111111111111,0.26836379988737025,0.3333333333333333,0.2
8263,6,0.2,0.3333333333333333,0.33916020527361607,0.16666666666666666,0.2,0.16666666666666666,0.2222222222222222,0.30260241349881345,0.16666666666666666,0.1
9872,1,0.0,0.0,0.0,0.0,0.0,0.0,0.0,0.0,0.0,0.0
14154,6,0.2,0.3333333333333333,0.33916020527361607,0.16666666666666666,0.2,0.3333333333333333,0.2222222222222222,0.30260241349881345,0.3333333333333333,0.2
17809,11,0.0,0.0,0.0,0.0,0.0,0.0,0.0,0.0,0.0,0.0
9331,7,0.0,0.0,0.0,0.0,0.0,0.0,0.0,0.0,0.0,0.0
2062,2,0.0,0.0,0.0,0.0,0.0,0.0,0.0,0.0,0.0,0.0
6839,15,0.4,0.5333333333333333,0.5087403079104241,0.13333333333333333,0.4,0.3,0.34545454545454546,0.3937584376460719,0.2,0.3
12126,11,0.4,0.26666666666666666,0.3007851801491498,0.18181818181818182,0.4,0.3,0.3090909090909091,0.2646202227274383,0.2727272727272727,0.3
18057,23,0.6,0.5333333333333333,0.5147714448836773,0.13043478260869565,0.6,0.4,0.49090909090909096,0.40741536676357565,0.17391304347826086,0.4
11613,3,0.3333333333333333,0.33333333333333337,0.29608191096586517,0.3333333333333333,0.2,0.3333333333333333,0.3333333333333333,0.29608191096586517,0.3333333333333333,0.1
18738,16,0.4,0.4000000000000001,0.3600546145772339,0.125,0.4,0.2,0.29090909090909095,0.23365080824310527,0.125,0.2
4822,2,0.0,0.0,0.0,0.0,0.0,0.0,0.0,0.0,0.0,0.0
14957,10,0.2,0.19999999999999998,0.16958010263680803,0.1,0.2,0.1,0.14545454545454548,0.11004588314904007,0.1,0.1
6055,9,0.0,0.0,0.0,0.0,0.0,0.0,0.0,0.0,0.0,0.0
19968,4,0.0,0.0,0.0,0.0,0.0,0.0,0.0,0.0,0.0,0.0
20350,4,0.5,0.5714285714285715,0.5855700749881524,0.5,0.4,0.75,0.5294117647058824,0.5855700749881524,0.75,0.3
8874,2,0.0,0.0,0.0,0.0,0.0,0.5,0.0,0.0,0.5,0.1
18266,6,0.0,0.0,0.0,0.0,0.0,0.16666666666666666,0.0,0.0,0.16666666666666666,0.1
1680,6,0.2,0.19999999999999998,0.16958010263680803,0.16666666666666666,0.2,0.16666666666666666,0.17777777777777778,0.15130120674940672,0.16666666666666666,0.1
14591,6,0.2,0.26666666666666666,0.2139862647345275,0.16666666666666666,0.2,0.16666666666666666,0.2,0.1909208661789346,0.16666666666666666,0.1
4170,32,0.0,0.0,0.0,0.0,0.0,0.1,0.05454545454545456,0.06943122193677725,0.03125,0.1
14865,2,0.0,0.0,0.0,0.0,0.0,0.5,0.0,0.0,0.5,0.1
18173,10,0.4,0.6,0.5531464700081437,0.2,0.4,0.2,0.34545454545454546,0.3589542101716347,0.2,0.2
3908,28,0.4,0.3333333333333333,0.31564845247951445,0.07142857142857142,0.4,0.3,0.34545454545454546,0.2781981696179509,0.10714285714285714,0.3
11922,1,0.0,0.0,0.0,0.0,0.0,0.0,0.0,0.0,0.0,0.0
621,3,0.0,0.0,0.0,0.0,0.0,0.0,0.0,0.0,0.0,0.0
16439,3,0.3333333333333333,0.25,0.23463936301137822,0.3333333333333333,0.2,0.3333333333333333,0.2962962962962963,0.23463936301137822,0.3333333333333333,0.1
10986,6,0.2,0.3333333333333333,0.33916020527361607,0.16666666666666666,0.2,0.16666666666666666,0.2222222222222222,0.30260241349881345,0.16666666666666666,0.1
5016,2,1.0,0.0,0.0,1.0,0.4,1.0,0.0,0.0,1.0,0.2
4928,2,0.0,0.0,0.0,0.0,0.0,0.0,0.0,0.0,0.0,0.0
4369,1,0.0,0.0,0.0,0.0,0.0,0.0,0.0,0.0,0.0,0.0
7009,17,1.0,1.0,1.0,0.29411764705882354,1.0,0.8,0.9454545454545454,0.8701249883466592,0.47058823529411764,0.8
20779,3,0.3333333333333333,0.0,0.0,0.3333333333333333,0.2,0.6666666666666666,0.0,0.0,0.6666666666666666,0.2
15403,8,0.0,0.0,0.0,0.0,0.0,0.125,0.09615384615384615,0.0901000086523677,0.125,0.1
20154,12,0.0,0.0,0.0,0.0,0.0,0.0,0.0,0.0,0.0,0.0
9413,9,0.0,0.0,0.0,0.0,0.0,0.1111111111111111,0.07407407407407407,0.07834851647149513,0.1111111111111111,0.1
11173,5,0.0,0.0,0.0,0.0,0.0,0.2,0.0,0.0,0.2,0.1
5036,5,0.2,0.13333333333333333,0.14606834984270645,0.2,0.2,0.2,0.175,0.14606834984270645,0.2,0.1
12638,4,0.5,0.14285714285714288,0.16812753627111746,0.5,0.4,0.5,0.20588235294117643,0.16812753627111746,0.5,0.2
9031,8,0.2,0.3333333333333333,0.33916020527361607,0.125,0.2,0.125,0.1923076923076923,0.2529427027676571,0.125,0.1
7498,11,0.2,0.3333333333333333,0.33916020527361607,0.09090909090909091,0.2,0.1,0.18181818181818182,0.22009176629808014,0.09090909090909091,0.1
10974,1,0.0,0.0,0.0,0.0,0.0,0.0,0.0,0.0,0.0,0.0
3118,10,0.8,0.9333333333333332,0.8687949224876582,0.4,0.8,0.5,0.6727272727272727,0.6332196796270029,0.5,0.5
10345,2,0.5,0.0,0.0,0.5,0.2,0.5,0.0,0.0,0.5,0.1
16151,11,0.2,0.3333333333333333,0.33916020527361607,0.09090909090909091,0.2,0.2,0.21818181818181817,0.28634598975246917,0.18181818181818182,0.2
12816,1,0.0,0.0,0.0,0.0,0.0,0.0,0.0,0.0,0.0,0.0
7349,15,0.2,0.26666666666666666,0.2139862647345275,0.06666666666666667,0.2,0.2,0.23636363636363636,0.21222636597291453,0.13333333333333333,0.2
16915,20,0.8,0.9333333333333332,0.8687949224876582,0.2,0.8,0.4,0.6181818181818183,0.5637884576902256,0.2,0.4
11573,10,0.4,0.5333333333333333,0.5087403079104241,0.2,0.4,0.2,0.32727272727272727,0.3301376494471202,0.2,0.2
13619,31,0.8,0.8666666666666666,0.8539316501572936,0.12903225806451613,0.8,0.5,0.6545454545454547,0.623574432899073,0.16129032258064516,0.5
5327,27,0.8,0.8666666666666666,0.8539316501572936,0.14814814814814814,0.8,0.8,0.8363636363636363,0.8389574121760601,0.2962962962962963,0.8
2850,17,0.8,0.8000000000000002,0.8304198973631919,0.23529411764705882,0.8,0.5,0.6545454545454544,0.6122496142821665,0.29411764705882354,0.5
10652,18,0.6,0.39999999999999997,0.4468535299918562,0.16666666666666666,0.6,0.5,0.509090909090909,0.4327725091963491,0.2777777777777778,0.5
3708,6,0.4,0.4666666666666666,0.38356636737133554,0.3333333333333333,0.4,0.3333333333333333,0.3777777777777778,0.34222207292834134,0.3333333333333333,0.2
2687,4,0.5,0.5,0.4414924137367807,0.5,0.4,0.5,0.5,0.4414924137367807,0.5,0.2
17272,16,0.2,0.06666666666666665,0.13120507751234176,0.0625,0.2,0.1,0.10909090909090909,0.08514311764162097,0.0625,0.1
2851,8,0.0,0.0,0.0,0.0,0.0,0.0,0.0,0.0,0.0,0.0
15659,11,0.2,0.26666666666666666,0.2139862647345275,0.09090909090909091,0.2,0.1,0.16363636363636364,0.1388624438735545,0.09090909090909091,0.1
13397,15,0.6,0.7999999999999999,0.7227265726449518,0.2,0.6,0.3,0.49090909090909096,0.46900009332067477,0.2,0.3
10475,4,0.0,0.0,0.0,0.0,0.0,0.5,0.0,0.0,0.5,0.2
13040,10,0.4,0.4666666666666666,0.38356636737133554,0.2,0.4,0.2,0.30909090909090914,0.24890832702259458,0.2,0.2
9328,6,0.4,0.26666666666666666,0.3007851801491498,0.3333333333333333,0.4,0.3333333333333333,0.3111111111111111,0.26836379988737025,0.3333333333333333,0.2
12181,5,0.0,0.0,0.0,0.0,0.0,0.4,0.0,0.0,0.4,0.2
16846,9,0.6,0.6666666666666666,0.6548086577531306,0.3333333333333333,0.6,0.4444444444444444,0.5555555555555555,0.5375218463332216,0.4444444444444444,0.4
9366,18,0.6,0.7999999999999999,0.7227265726449518,0.16666666666666666,0.6,0.5,0.5636363636363636,0.6020521034564037,0.2777777777777778,0.5
14354,4,0.5,0.5,0.5585075862632192,0.5,0.4,0.75,0.49999999999999994,0.5585075862632192,0.75,0.3
8802,25,0.2,0.26666666666666666,0.2139862647345275,0.04,0.2,0.2,0.21818181818181823,0.20829366581033176,0.08,0.2
2222,2,0.5,0.4444444444444445,0.3868528072345415,0.5,0.2,0.5,0.4736842105263158,0.3868528072345415,0.5,0.1
11560,8,0.2,0.06666666666666665,0.13120507751234176,0.125,0.2,0.25,0.1923076923076923,0.1821658288910461,0.25,0.2
12763,3,0.0,0.0,0.0,0.0,0.0,0.0,0.0,0.0,0.0,0.0
11532,2,0.0,0.0,0.0,0.0,0.0,0.0,0.0,0.0,0.0,0.0
20361,13,0.0,0.0,0.0,0.0,0.0,0.1,0.09090909090909091,0.07839826897867533,0.07692307692307693,0.1
5027,2,0.0,0.0,0.0,0.0,0.0,0.0,0.0,0.0,0.0,0.0
2108,3,0.0,0.0,0.0,0.0,0.0,0.0,0.0,0.0,0.0,0.0
5403,12,0.4,0.6,0.5531464700081437,0.16666666666666666,0.4,0.2,0.34545454545454546,0.3589542101716347,0.16666666666666666,0.2
20827,15,0.8,0.9333333333333332,0.8687949224876582,0.26666666666666666,0.8,0.8,0.8,0.8364586133797037,0.5333333333333333,0.8
6039,15,0.6,0.7999999999999999,0.7227265726449518,0.2,0.6,0.3,0.49090909090909096,0.46900009332067477,0.2,0.3
17527,1,0.0,0.0,0.0,0.0,0.0,0.0,0.0,0.0,0.0,0.0
16578,2,0.0,0.0,0.0,0.0,0.0,0.0,0.0,0.0,0.0,0.0
9273,1,0.0,0.0,0.0,0.0,0.0,0.0,0.0,0.0,0.0,0.0
2366,8,0.2,0.3333333333333333,0.33916020527361607,0.125,0.2,0.125,0.1923076923076923,0.2529427027676571,0.125,0.1
4529,13,0.2,0.3333333333333333,0.33916020527361607,0.07692307692307693,0.2,0.1,0.18181818181818182,0.22009176629808014,0.07692307692307693,0.1
11927,3,0.0,0.0,0.0,0.0,0.0,0.3333333333333333,0.0,0.0,0.3333333333333333,0.1
15268,36,0.4,0.3333333333333333,0.34519134224686926,0.05555555555555555,0.4,0.3,0.36363636363636365,0.30240383049385083,0.08333333333333333,0.3
9420,15,1.0,1.0,1.0,0.3333333333333333,1.0,0.7,0.8363636363636364,0.7885497208855957,0.4666666666666667,0.7
3245,3,0.0,0.0,0.0,0.0,0.0,0.0,0.0,0.0,0.0,0.0
9656,10,0.0,0.0,0.0,0.0,0.0,0.2,0.09090909090909091,0.13698471029831175,0.2,0.2
13347,22,0.8,0.8666666666666666,0.8539316501572936,0.18181818181818182,0.8,0.6,0.7454545454545456,0.7019727018777483,0.2727272727272727,0.6
15820,8,0.0,0.0,0.0,0.0,0.0,0.0,0.0,0.0,0.0,0.0
2452,6,0.2,0.19999999999999998,0.16958010263680803,0.16666666666666666,0.2,0.16666666666666666,0.17777777777777778,0.15130120674940672,0.16666666666666666,0.1
19729,16,0.2,0.3333333333333333,0.33916020527361607,0.0625,0.2,0.1,0.18181818181818182,0.22009176629808014,0.0625,0.1
6363,4,0.0,0.0,0.0,0.0,0.0,0.0,0.0,0.0,0.0,0.0
12726,18,0.8,0.8666666666666666,0.8539316501572936,0.2222222222222222,0.8,0.5,0.6363636363636364,0.6203974344166848,0.2777777777777778,0.5
17637,7,0.2,0.26666666666666666,0.2139862647345275,0.14285714285714285,0.2,0.14285714285714285,0.18367346938775508,0.17342765698823942,0.14285714285714285,0.1
1429,4,0.25,0.35714285714285715,0.39038004999210163,0.25,0.2,0.5,0.2941176470588235,0.39038004999210163,0.5,0.2
18144,17,0.6,0.6,0.529634717214042,0.17647058823529413,0.6,0.4,0.5272727272727273,0.42209496037082067,0.23529411764705882,0.4
16531,17,0.4,0.4666666666666666,0.38356636737133554,0.11764705882352941,0.4,0.2,0.30909090909090914,0.24890832702259458,0.11764705882352941,0.2
10575,5,0.2,0.13333333333333333,0.14606834984270645,0.2,0.2,0.2,0.175,0.14606834984270645,0.2,0.1
11124,6,0.8,0.9333333333333332,0.8687949224876582,0.6666666666666666,0.8,0.8333333333333334,0.8666666666666667,0.8829374068620365,0.8333333333333334,0.5
9979,5,0.2,0.26666666666666666,0.2139862647345275,0.2,0.2,0.2,0.225,0.2139862647345275,0.2,0.1
20889,7,0.2,0.26666666666666666,0.2139862647345275,0.14285714285714285,0.2,0.14285714285714285,0.18367346938775508,0.17342765698823942,0.14285714285714285,0.1
22017,5,0.2,0.3333333333333333,0.33916020527361607,0.2,0.2,0.2,0.25,0.33916020527361607,0.2,0.1
10565,13,0.6,0.6,0.529634717214042,0.23076923076923078,0.6,0.6,0.6545454545454547,0.564890104406958,0.46153846153846156,0.6
11311,2,0.0,0.0,0.0,0.0,0.0,0.0,0.0,0.0,0.0,0.0
17976,1,0.0,0.0,0.0,0.0,0.0,0.0,0.0,0.0,0.0,0.0
21043,1,0.0,0.0,0.0,0.0,0.0,0.0,0.0,0.0,0.0,0.0
2314,11,0.2,0.19999999999999998,0.16958010263680803,0.09090909090909091,0.2,0.1,0.14545454545454548,0.11004588314904007,0.09090909090909091,0.1
4954,6,0.4,0.4666666666666666,0.38356636737133554,0.3333333333333333,0.4,0.3333333333333333,0.3777777777777778,0.34222207292834134,0.3333333333333333,0.2
3852,13,0.2,0.3333333333333333,0.33916020527361607,0.07692307692307693,0.2,0.4,0.34545454545454546,0.4315420454124844,0.3076923076923077,0.4
17780,6,0.2,0.3333333333333333,0.33916020527361607,0.16666666666666666,0.2,0.5,0.2222222222222222,0.30260241349881345,0.5,0.3
19645,4,0.25,0.35714285714285715,0.39038004999210163,0.25,0.2,0.25,0.2941176470588235,0.39038004999210163,0.25,0.1
11384,5,0.2,0.06666666666666665,0.13120507751234176,0.2,0.2,0.4,0.15,0.13120507751234176,0.4,0.2
5602,9,0.2,0.26666666666666666,0.2139862647345275,0.1111111111111111,0.2,0.1111111111111111,0.16666666666666666,0.14829723057014907,0.1111111111111111,0.1
11429,3,0.0,0.0,0.0,0.0,0.0,0.0,0.0,0.0,0.0,0.0
14797,3,0.0,0.0,0.0,0.0,0.0,0.0,0.0,0.0,0.0,0.0
11198,17,0.4,0.6,0.5531464700081437,0.11764705882352941,0.4,0.2,0.34545454545454546,0.3589542101716347,0.11764705882352941,0.2
11550,17,0.0,0.0,0.0,0.0,0.0,0.1,0.018181818181818177,0.0636207881989517,0.058823529411764705,0.1
5744,5,0.2,0.3333333333333333,0.33916020527361607,0.2,0.2,0.2,0.25,0.33916020527361607,0.2,0.1
6034,1,0.0,0.0,0.0,0.0,0.0,0.0,0.0,0.0,0.0,0.0
13832,2,0.0,0.0,0.0,0.0,0.0,0.0,0.0,0.0,0.0,0.0
5556,3,0.6666666666666666,0.75,0.7653606369886217,0.6666666666666666,0.4,0.6666666666666666,0.7037037037037036,0.7653606369886217,0.6666666666666666,0.2
12232,26,1.0,1.0,1.0,0.19230769230769232,1.0,1.0,1.0,1.0,0.38461538461538464,1.0
5259,1,0.0,0.0,0.0,0.0,0.0,0.0,0.0,0.0,0.0,0.0
12450,5,0.2,0.3333333333333333,0.33916020527361607,0.2,0.2,0.2,0.25,0.33916020527361607,0.2,0.1
1839,8,0.2,0.26666666666666666,0.2139862647345275,0.125,0.2,0.25,0.17307692307692307,0.1595890771248963,0.25,0.2
13395,13,0.6,0.6666666666666666,0.6843515475204854,0.23076923076923078,0.6,0.4,0.49090909090909096,0.5103515512676448,0.3076923076923077,0.4
9488,4,0.25,0.28571428571428575,0.2463023887407299,0.25,0.2,0.25,0.2647058823529412,0.2463023887407299,0.25,0.1
9819,11,0.0,0.0,0.0,0.0,0.0,0.0,0.0,0.0,0.0,0.0
7773,5,0.2,0.06666666666666665,0.13120507751234176,0.2,0.2,0.2,0.15,0.13120507751234176,0.2,0.1
14768,6,0.0,0.0,0.0,0.0,0.0,0.0,0.0,0.0,0.0,0.0
7275,1,0.0,0.0,0.0,0.0,0.0,0.0,0.0,0.0,0.0,0.0
16515,3,0.0,0.0,0.0,0.0,0.0,0.0,0.0,0.0,0.0,0.0
15230,1,1.0,0.0,0.0,1.0,0.2,1.0,0.0,0.0,1.0,0.1
7745,8,0.4,0.3333333333333333,0.31564845247951445,0.25,0.4,0.375,0.28846153846153844,0.23540784400158446,0.375,0.3
19342,7,0.2,0.3333333333333333,0.33916020527361607,0.14285714285714285,0.2,0.14285714285714285,0.2040816326530612,0.27487633291429087,0.14285714285714285,0.1
17122,2,0.0,0.0,0.0,0.0,0.0,0.5,0.0,0.0,0.5,0.1
12646,15,1.0,1.0,1.0,0.3333333333333333,1.0,0.8,0.9090909090909091,0.8643145546088338,0.5333333333333333,0.8
21836,6,0.6,0.6,0.529634717214042,0.5,0.6,0.5,0.5333333333333334,0.472545838838712,0.5,0.3
5341,6,0.2,0.26666666666666666,0.2139862647345275,0.16666666666666666,0.2,0.5,0.2,0.1909208661789346,0.5,0.3
20448,3,0.3333333333333333,0.25,0.23463936301137822,0.3333333333333333,0.2,0.3333333333333333,0.2962962962962963,0.23463936301137822,0.3333333333333333,0.1
15351,2,0.0,0.0,0.0,0.0,0.0,0.0,0.0,0.0,0.0,0.0
14204,1,0.0,0.0,0.0,0.0,0.0,0.0,0.0,0.0,0.0,0.0
16129,5,0.0,0.0,0.0,0.0,0.0,0.2,0.0,0.0,0.2,0.1
9780,2,0.5,0.0,0.0,0.5,0.2,0.5,0.0,0.0,0.5,0.1
10397,1,1.0,1.0,1.0,1.0,0.2,1.0,1.0,1.0,1.0,0.1
3570,8,0.6,0.7999999999999999,0.7227265726449518,0.375,0.6,0.5,0.5961538461538461,0.6233173655322678,0.5,0.4
785,7,0.4,0.5333333333333333,0.5087403079104241,0.2857142857142857,0.4,0.2857142857142857,0.36734693877551017,0.4123144993714362,0.2857142857142857,0.2
3223,20,0.6,0.6,0.6399453854227659,0.15,0.6,0.4,0.5272727272727272,0.4936790360674165,0.2,0.4
12144,20,0.6,0.6666666666666666,0.6843515475204854,0.15,0.6,0.4,0.4727272727272727,0.5077181160122074,0.2,0.4
6752,21,0.6,0.5333333333333333,0.5147714448836773,0.14285714285714285,0.6,0.4,0.45454545454545453,0.40030566811860463,0.19047619047619047,0.4
20977,1,1.0,0.0,0.0,1.0,0.2,1.0,0.0,0.0,1.0,0.1
18871,4,0.25,0.28571428571428575,0.2463023887407299,0.25,0.2,0.5,0.2647058823529412,0.2463023887407299,0.5,0.2
3866,2,0.0,0.0,0.0,0.0,0.0,0.0,0.0,0.0,0.0,0.0
19065,1,0.0,0.0,0.0,0.0,0.0,0.0,0.0,0.0,0.0,0.0
14267,34,0.4,0.5333333333333333,0.5087403079104241,0.058823529411764705,0.4,0.4,0.49090909090909085,0.48189984052515555,0.11764705882352941,0.4
17040,8,0.2,0.26666666666666666,0.2139862647345275,0.125,0.2,0.125,0.17307692307692307,0.1595890771248963,0.125,0.1
2442,3,0.3333333333333333,0.33333333333333337,0.29608191096586517,0.3333333333333333,0.2,0.3333333333333333,0.3333333333333333,0.29608191096586517,0.3333333333333333,0.1
3803,3,0.0,0.0,0.0,0.0,0.0,0.0,0.0,0.0,0.0,0.0
7171,1,0.0,0.0,0.0,0.0,0.0,0.0,0.0,0.0,0.0,0.0
7643,1,0.0,0.0,0.0,0.0,0.0,0.0,0.0,0.0,0.0,0.0
8150,5,0.2,0.3333333333333333,0.33916020527361607,0.2,0.2,0.4,0.25,0.33916020527361607,0.4,0.2
9777,7,0.0,0.0,0.0,0.0,0.0,0.0,0.0,0.0,0.0,0.0
12164,1,0.0,0.0,0.0,0.0,0.0,0.0,0.0,0.0,0.0,0.0
6572,3,0.3333333333333333,0.0,0.0,0.3333333333333333,0.2,0.6666666666666666,0.0,0.0,0.6666666666666666,0.2
17455,13,0.2,0.3333333333333333,0.33916020527361607,0.07692307692307693,0.2,0.2,0.2545454545454545,0.29345568839744024,0.15384615384615385,0.2
16552,6,0.4,0.26666666666666666,0.3007851801491498,0.3333333333333333,0.4,0.3333333333333333,0.3111111111111111,0.26836379988737025,0.3333333333333333,0.2
11235,18,0.4,0.4666666666666666,0.38356636737133554,0.1111111111111111,0.4,0.3,0.3272727272727273,0.31252911522154625,0.16666666666666666,0.3
12626,3,0.3333333333333333,0.0,0.0,0.3333333333333333,0.2,0.6666666666666666,0.0,0.0,0.6666666666666666,0.2
2834,15,0.4,0.39999999999999997,0.4703652827859578,0.13333333333333333,0.4,0.2,0.29090909090909095,0.3052348839397011,0.13333333333333333,0.2
5283,1,0.0,0.0,0.0,0.0,0.0,1.0,0.0,0.0,1.0,0.1
2950,2,0.5,0.0,0.0,0.5,0.2,0.5,0.0,0.0,0.5,0.1
14468,2,0.0,0.0,0.0,0.0,0.0,0.0,0.0,0.0,0.0,0.0
9604,15,0.4,0.5333333333333333,0.5087403079104241,0.13333333333333333,0.4,0.3,0.38181818181818183,0.3995688713838974,0.2,0.3
2914,2,0.0,0.0,0.0,0.0,0.0,0.0,0.0,0.0,0.0,0.0
7005,2,0.5,0.4444444444444445,0.3868528072345415,0.5,0.2,0.5,0.4736842105263158,0.3868528072345415,0.5,0.1
63,2,0.0,0.0,0.0,0.0,0.0,0.0,0.0,0.0,0.0,0.0
3040,1,0.0,0.0,0.0,0.0,0.0,0.0,0.0,0.0,0.0,0.0
10113,14,0.8,0.8666666666666666,0.8539316501572936,0.2857142857142857,0.8,0.5,0.6727272727272727,0.6275071330616558,0.35714285714285715,0.5
5839,11,0.6,0.7333333333333334,0.6992148198508501,0.2727272727272727,0.6,0.3,0.47272727272727266,0.4537425745411855,0.2727272727272727,0.3
11112,6,0.4,0.5333333333333333,0.5087403079104241,0.3333333333333333,0.4,0.5,0.4,0.4539036202482201,0.5,0.3
10148,2,0.0,0.0,0.0,0.0,0.0,0.5,0.0,0.0,0.5,0.1
12923,20,0.2,0.13333333333333333,0.14606834984270645,0.05,0.2,0.4,0.34545454545454546,0.3159817773843634,0.2,0.4
17925,1,0.0,0.0,0.0,0.0,0.0,0.0,0.0,0.0,0.0,0.0
19997,5,0.2,0.3333333333333333,0.33916020527361607,0.2,0.2,0.2,0.25,0.33916020527361607,0.2,0.1
3683,19,0.0,0.0,0.0,0.0,0.0,0.1,0.05454545454545456,0.06943122193677725,0.05263157894736842,0.1
17765,10,0.4,0.6,0.5531464700081437,0.2,0.4,0.3,0.3818181818181818,0.42520843362602373,0.3,0.3
19218,2,0.5,0.5555555555555556,0.6131471927654584,0.5,0.2,0.5,0.5263157894736842,0.6131471927654584,0.5,0.1
15867,2,0.0,0.0,0.0,0.0,0.0,0.0,0.0,0.0,0.0,0.0
13939,14,0.8,0.8000000000000002,0.8304198973631919,0.2857142857142857,0.8,0.7,0.7272727272727272,0.7453016244178955,0.5,0.7
19828,7,0.2,0.26666666666666666,0.2139862647345275,0.14285714285714285,0.2,0.14285714285714285,0.18367346938775508,0.17342765698823942,0.14285714285714285,0.1
6623,8,0.6,0.7999999999999999,0.7227265726449518,0.375,0.6,0.625,0.5961538461538461,0.6233173655322678,0.625,0.5
22173,7,0.0,0.0,0.0,0.0,0.0,0.0,0.0,0.0,0.0,0.0
22021,12,0.2,0.26666666666666666,0.2139862647345275,0.08333333333333333,0.2,0.3,0.23636363636363641,0.27191445400928344,0.25,0.3
15335,7,0.4,0.3333333333333333,0.31564845247951445,0.2857142857142857,0.4,0.2857142857142857,0.3061224489795918,0.2558209594125083,0.2857142857142857,0.2
898,15,0.6,0.5333333333333333,0.5147714448836773,0.2,0.6,0.6,0.5636363636363636,0.5404673768993046,0.4,0.6
7720,15,0.8,0.8000000000000002,0.8304198973631919,0.26666666666666666,0.8,0.8,0.818181818181818,0.8236998933965708,0.5333333333333333,0.8
13835,4,0.0,0.0,0.0,0.0,0.0,0.0,0.0,0.0,0.0,0.0
11445,1,0.0,0.0,0.0,0.0,0.0,0.0,0.0,0.0,0.0,0.0
13177,2,0.5,0.5555555555555556,0.6131471927654584,0.5,0.2,0.5,0.5263157894736842,0.6131471927654584,0.5,0.1
6677,1,0.0,0.0,0.0,0.0,0.0,0.0,0.0,0.0,0.0,0.0
9729,1,0.0,0.0,0.0,0.0,0.0,1.0,0.0,0.0,1.0,0.1
7874,3,0.3333333333333333,0.25,0.23463936301137822,0.3333333333333333,0.2,0.3333333333333333,0.2962962962962963,0.23463936301137822,0.3333333333333333,0.1
19599,1,0.0,0.0,0.0,0.0,0.0,0.0,0.0,0.0,0.0,0.0
8350,1,0.0,0.0,0.0,0.0,0.0,0.0,0.0,0.0,0.0,0.0
7647,3,0.3333333333333333,0.4166666666666667,0.46927872602275644,0.3333333333333333,0.2,0.3333333333333333,0.37037037037037035,0.46927872602275644,0.3333333333333333,0.1
3661,1,0.0,0.0,0.0,0.0,0.0,0.0,0.0,0.0,0.0,0.0
17192,18,0.4,0.3333333333333333,0.31564845247951445,0.1111111111111111,0.4,0.3,0.29090909090909095,0.26845503571754253,0.16666666666666666,0.3
12109,1,0.0,0.0,0.0,0.0,0.0,0.0,0.0,0.0,0.0,0.0
16376,36,0.0,0.0,0.0,0.0,0.0,0.1,0.018181818181818177,0.0636207881989517,0.027777777777777776,0.1
5204,2,0.0,0.0,0.0,0.0,0.0,0.0,0.0,0.0,0.0,0.0
16553,18,0.4,0.26666666666666666,0.3007851801491498,0.1111111111111111,0.4,0.2,0.2545454545454545,0.19518900079066104,0.1111111111111111,0.2
16623,2,0.0,0.0,0.0,0.0,0.0,0.0,0.0,0.0,0.0,0.0
7676,5,0.0,0.0,0.0,0.0,0.0,0.0,0.0,0.0,0.0,0.0
9541,1,0.0,0.0,0.0,0.0,0.0,0.0,0.0,0.0,0.0,0.0
958,10,0.0,0.0,0.0,0.0,0.0,0.0,0.0,0.0,0.0,0.0
3053,9,0.2,0.3333333333333333,0.33916020527361607,0.1111111111111111,0.2,0.2222222222222222,0.27777777777777773,0.3187704634136788,0.2222222222222222,0.2
19321,4,0.25,0.28571428571428575,0.2463023887407299,0.25,0.2,0.25,0.2647058823529412,0.2463023887407299,0.25,0.1
3188,1,0.0,0.0,0.0,0.0,0.0,0.0,0.0,0.0,0.0,0.0
21816,13,0.4,0.3333333333333333,0.31564845247951445,0.15384615384615385,0.4,0.5,0.45454545454545453,0.4202172267955779,0.38461538461538464,0.5
4660,8,0.4,0.5333333333333333,0.5087403079104241,0.25,0.4,0.375,0.44230769230769224,0.4695140628038533,0.375,0.3
19524,5,0.0,0.0,0.0,0.0,0.0,0.0,0.0,0.0,0.0,0.0
16739,6,0.2,0.3333333333333333,0.33916020527361607,0.16666666666666666,0.2,0.16666666666666666,0.2222222222222222,0.30260241349881345,0.16666666666666666,0.1
4024,4,0.25,0.28571428571428575,0.2463023887407299,0.25,0.2,0.5,0.2647058823529412,0.2463023887407299,0.5,0.2
21985,25,0.2,0.26666666666666666,0.2139862647345275,0.04,0.2,0.3,0.3090909090909091,0.28669193478900706,0.12,0.3
4637,9,0.2,0.3333333333333333,0.33916020527361607,0.1111111111111111,0.2,0.3333333333333333,0.31481481481481477,0.38754268117105506,0.3333333333333333,0.3
8327,1,0.0,0.0,0.0,0.0,0.0,0.0,0.0,0.0,0.0,0.0
5786,6,0.0,0.0,0.0,0.0,0.0,0.0,0.0,0.0,0.0,0.0
1342,2,0.0,0.0,0.0,0.0,0.0,0.0,0.0,0.0,0.0,0.0
20014,6,0.0,0.0,0.0,0.0,0.0,0.0,0.0,0.0,0.0,0.0
18635,1,0.0,0.0,0.0,0.0,0.0,0.0,0.0,0.0,0.0,0.0
14300,27,0.2,0.3333333333333333,0.33916020527361607,0.037037037037037035,0.2,0.3,0.2909090909090909,0.35970991185182927,0.1111111111111111,0.3
16473,4,0.0,0.0,0.0,0.0,0.0,0.0,0.0,0.0,0.0,0.0
21814,5,0.2,0.3333333333333333,0.33916020527361607,0.2,0.2,0.2,0.25,0.33916020527361607,0.2,0.1
4080,1,0.0,0.0,0.0,0.0,0.0,0.0,0.0,0.0,0.0,0.0
17945,1,0.0,0.0,0.0,0.0,0.0,1.0,0.0,0.0,1.0,0.1
1001,13,0.4,0.3333333333333333,0.34519134224686926,0.15384615384615385,0.4,0.2,0.2727272727272727,0.22400556151517548,0.15384615384615385,0.2
8000,14,0.4,0.4666666666666666,0.48522855511632257,0.14285714285714285,0.4,0.3,0.36363636363636365,0.3843113526044082,0.21428571428571427,0.3
8361,3,0.3333333333333333,0.25,0.23463936301137822,0.3333333333333333,0.2,0.3333333333333333,0.2962962962962963,0.23463936301137822,0.3333333333333333,0.1
7384,3,0.6666666666666666,0.6666666666666667,0.7039180890341346,0.6666666666666666,0.4,0.6666666666666666,0.6666666666666666,0.7039180890341346,0.6666666666666666,0.2
17549,32,0.0,0.0,0.0,0.0,0.0,0.0,0.0,0.0,0.0,0.0
17283,3,0.0,0.0,0.0,0.0,0.0,0.0,0.0,0.0,0.0,0.0
9468,4,0.0,0.0,0.0,0.0,0.0,0.0,0.0,0.0,0.0,0.0
22153,5,0.2,0.3333333333333333,0.33916020527361607,0.2,0.2,0.2,0.25,0.33916020527361607,0.2,0.1
7330,9,0.4,0.4666666666666666,0.38356636737133554,0.2222222222222222,0.4,0.2222222222222222,0.3148148148148148,0.26582000527739175,0.2222222222222222,0.2
12950,6,0.2,0.26666666666666666,0.2139862647345275,0.16666666666666666,0.2,0.3333333333333333,0.2,0.1909208661789346,0.3333333333333333,0.2
14413,2,0.5,0.0,0.0,0.5,0.2,0.5,0.0,0.0,0.5,0.1
22073,5,0.2,0.19999999999999998,0.16958010263680803,0.2,0.2,0.2,0.2,0.16958010263680803,0.2,0.1
8719,4,0.25,0.14285714285714288,0.16812753627111746,0.25,0.2,0.25,0.20588235294117643,0.16812753627111746,0.25,0.1
16341,1,1.0,1.0,1.0,1.0,0.2,1.0,1.0,1.0,1.0,0.1
8296,6,0.0,0.0,0.0,0.0,0.0,0.16666666666666666,0.0,0.0,0.16666666666666666,0.1
10690,12,0.2,0.26666666666666666,0.2139862647345275,0.08333333333333333,0.2,0.2,0.2,0.2051166673279435,0.16666666666666666,0.2
17676,10,0.4,0.3333333333333333,0.34519134224686926,0.2,0.4,0.3,0.29090909090909095,0.28762634971412715,0.3,0.3
21000,2,0.0,0.0,0.0,0.0,0.0,0.0,0.0,0.0,0.0,0.0
19724,19,0.6,0.6666666666666666,0.6548086577531306,0.15789473684210525,0.6,0.6,0.6000000000000001,0.6313419460517601,0.3157894736842105,0.6
9327,14,0.2,0.3333333333333333,0.33916020527361607,0.07142857142857142,0.2,0.1,0.18181818181818182,0.22009176629808014,0.07142857142857142,0.1
12757,18,0.6,0.5333333333333333,0.6164336326286642,0.16666666666666666,0.6,0.5,0.5272727272727272,0.539641393863001,0.2777777777777778,0.5
8010,25,0.2,0.06666666666666665,0.13120507751234176,0.04,0.2,0.3,0.2,0.2221278279399327,0.12,0.3
9152,15,0.4,0.4000000000000001,0.3600546145772339,0.13333333333333333,0.4,0.2,0.29090909090909095,0.23365080824310527,0.13333333333333333,0.2
21038,7,0.4,0.6,0.5531464700081437,0.2857142857142857,0.4,0.42857142857142855,0.38775510204081626,0.4483039899025303,0.42857142857142855,0.3
8734,7,0.4,0.5333333333333333,0.5087403079104241,0.2857142857142857,0.4,0.42857142857142855,0.36734693877551017,0.4123144993714362,0.42857142857142855,0.3
8418,7,0.0,0.0,0.0,0.0,0.0,0.14285714285714285,0.1020408163265306,0.0979129253499678,0.14285714285714285,0.1
8198,8,0.4,0.4666666666666666,0.38356636737133554,0.25,0.4,0.25,0.3269230769230769,0.2860604285087249,0.25,0.2
569,3,0.3333333333333333,0.25,0.23463936301137822,0.3333333333333333,0.2,0.3333333333333333,0.2962962962962963,0.23463936301137822,0.3333333333333333,0.1
13451,12,0.6,0.6666666666666666,0.6548086577531306,0.25,0.6,0.4,0.5272727272727272,0.49828993591603105,0.3333333333333333,0.4
7964,3,0.0,0.0,0.0,0.0,0.0,0.0,0.0,0.0,0.0,0.0
19211,1,0.0,0.0,0.0,0.0,0.0,0.0,0.0,0.0,0.0,0.0
10529,4,0.0,0.0,0.0,0.0,0.0,0.0,0.0,0.0,0.0,0.0
17601,15,0.6,0.6666666666666666,0.6548086577531306,0.2,0.6,0.3,0.45454545454545453,0.424926013816671,0.2,0.3
10237,2,0.0,0.0,0.0,0.0,0.0,0.0,0.0,0.0,0.0,0.0
14437,2,0.0,0.0,0.0,0.0,0.0,0.5,0.0,0.0,0.5,0.1
9853,2,0.0,0.0,0.0,0.0,0.0,0.0,0.0,0.0,0.0,0.0
11343,6,0.0,0.0,0.0,0.0,0.0,0.0,0.0,0.0,0.0,0.0
14777,13,0.0,0.0,0.0,0.0,0.0,0.0,0.0,0.0,0.0,0.0
5368,12,0.2,0.26666666666666666,0.2139862647345275,0.08333333333333333,0.2,0.2,0.2545454545454545,0.21726071285222984,0.16666666666666666,0.2
578,20,0.8,0.7333333333333334,0.7860137352654724,0.2,0.8,0.6,0.6181818181818182,0.6399441431116328,0.3,0.6
12425,6,0.2,0.3333333333333333,0.33916020527361607,0.16666666666666666,0.2,0.16666666666666666,0.2222222222222222,0.30260241349881345,0.16666666666666666,0.1
21285,3,0.6666666666666666,0.75,0.7653606369886217,0.6666666666666666,0.4,0.6666666666666666,0.7037037037037036,0.7653606369886217,0.6666666666666666,0.2
21512,1,1.0,0.0,0.0,1.0,0.2,1.0,0.0,0.0,1.0,0.1
3242,20,0.0,0.0,0.0,0.0,0.0,0.1,0.036363636363636355,0.06625422345438903,0.05,0.1
9926,5,0.0,0.0,0.0,0.0,0.0,0.0,0.0,0.0,0.0,0.0
18084,8,0.0,0.0,0.0,0.0,0.0,0.25,0.07692307692307693,0.08431423425588572,0.25,0.2
12290,4,0.25,0.35714285714285715,0.39038004999210163,0.25,0.2,0.25,0.2941176470588235,0.39038004999210163,0.25,0.1
11021,4,0.25,0.2142857142857143,0.19519002499605081,0.25,0.2,0.25,0.23529411764705882,0.19519002499605081,0.25,0.1
13211,7,0.0,0.0,0.0,0.0,0.0,0.0,0.0,0.0,0.0,0.0
6005,4,0.5,0.35714285714285715,0.39038004999210163,0.5,0.4,0.5,0.2941176470588235,0.39038004999210163,0.5,0.2
5718,2,0.0,0.0,0.0,0.0,0.0,0.0,0.0,0.0,0.0,0.0
12018,8,0.0,0.0,0.0,0.0,0.0,0.0,0.0,0.0,0.0,0.0
15151,20,1.0,1.0,1.0,0.25,1.0,0.8,0.8727272727272727,0.8553475075669357,0.4,0.8
7543,1,0.0,0.0,0.0,0.0,0.0,0.0,0.0,0.0,0.0,0.0
20426,2,0.5,0.0,0.0,0.5,0.2,0.5,0.0,0.0,0.5,0.1
16501,4,0.0,0.0,0.0,0.0,0.0,0.0,0.0,0.0,0.0,0.0
5243,1,0.0,0.0,0.0,0.0,0.0,0.0,0.0,0.0,0.0,0.0
13627,11,0.2,0.19999999999999998,0.16958010263680803,0.09090909090909091,0.2,0.2,0.23636363636363636,0.1884441521277154,0.18181818181818182,0.2
16426,4,0.25,0.14285714285714288,0.16812753627111746,0.25,0.2,0.25,0.20588235294117643,0.16812753627111746,0.25,0.1
4703,11,0.8,0.9333333333333332,0.8687949224876582,0.36363636363636365,0.8,0.5,0.6545454545454547,0.6300426811446146,0.45454545454545453,0.5
14920,13,0.4,0.4666666666666666,0.38356636737133554,0.15384615384615385,0.4,0.4,0.43636363636363645,0.3935608194556589,0.3076923076923077,0.4
16265,41,0.6,0.6666666666666666,0.6843515475204854,0.07317073170731707,0.6,0.5,0.5454545454545454,0.579782773204422,0.12195121951219512,0.5
15662,7,0.0,0.0,0.0,0.0,0.0,0.0,0.0,0.0,0.0,0.0
2535,24,0.4,0.6,0.5531464700081437,0.08333333333333333,0.4,0.4,0.39999999999999997,0.4888292218249754,0.16666666666666666,0.4
11474,2,0.0,0.0,0.0,0.0,0.0,0.5,0.0,0.0,0.5,0.1
20784,1,1.0,1.0,1.0,1.0,0.2,1.0,1.0,1.0,1.0,0.1
21704,6,0.0,0.0,0.0,0.0,0.0,0.3333333333333333,0.0,0.0,0.3333333333333333,0.2
9578,16,0.4,0.6,0.5531464700081437,0.125,0.4,0.2,0.34545454545454546,0.3589542101716347,0.125,0.2
16327,14,0.4,0.4666666666666666,0.48522855511632257,0.14285714285714285,0.4,0.3,0.36363636363636365,0.3843113526044082,0.21428571428571427,0.3
4399,6,0.0,0.0,0.0,0.0,0.0,0.0,0.0,0.0,0.0,0.0
18728,12,0.2,0.3333333333333333,0.33916020527361607,0.08333333333333333,0.2,0.2,0.23636363636363636,0.2895229882348574,0.16666666666666666,0.2
12161,3,0.0,0.0,0.0,0.0,0.0,0.0,0.0,0.0,0.0,0.0
15215,6,0.2,0.13333333333333333,0.14606834984270645,0.16666666666666666,0.2,0.16666666666666666,0.15555555555555556,0.13032376591037065,0.16666666666666666,0.1
5966,15,0.2,0.13333333333333333,0.14606834984270645,0.06666666666666667,0.2,0.1,0.12727272727272726,0.09478836436955078,0.06666666666666667,0.1
20293,3,0.0,0.0,0.0,0.0,0.0,0.0,0.0,0.0,0.0,0.0
817,9,0.2,0.3333333333333333,0.33916020527361607,0.1111111111111111,0.2,0.3333333333333333,0.31481481481481477,0.38754268117105506,0.3333333333333333,0.3
3453,9,0.6,0.6,0.529634717214042,0.3333333333333333,0.6,0.5555555555555556,0.5370370370370371,0.4507735274888854,0.5555555555555556,0.5
17376,2,0.0,0.0,0.0,0.0,0.0,0.0,0.0,0.0,0.0,0.0
2685,2,0.0,0.0,0.0,0.0,0.0,0.0,0.0,0.0,0.0,0.0
12835,20,0.6,0.7999999999999999,0.7227265726449518,0.15,0.6,0.5,0.6363636363636364,0.6168295842361273,0.25,0.5
12693,5,0.0,0.0,0.0,0.0,0.0,0.0,0.0,0.0,0.0,0.0
10787,1,0.0,0.0,0.0,0.0,0.0,0.0,0.0,0.0,0.0,0.0
558,2,0.0,0.0,0.0,0.0,0.0,0.5,0.0,0.0,0.5,0.1
11267,15,0.2,0.26666666666666666,0.2139862647345275,0.06666666666666667,0.2,0.1,0.16363636363636364,0.1388624438735545,0.06666666666666667,0.1
7459,11,0.0,0.0,0.0,0.0,0.0,0.0,0.0,0.0,0.0,0.0
21251,9,0.0,0.0,0.0,0.0,0.0,0.2222222222222222,0.09259259259259259,0.14490437600615513,0.2222222222222222,0.2
17257,17,0.8,0.7333333333333334,0.7860137352654724,0.23529411764705882,0.8,0.4,0.5636363636363636,0.510069131458292,0.23529411764705882,0.4
16892,1,0.0,0.0,0.0,0.0,0.0,0.0,0.0,0.0,0.0,0.0
1414,8,0.4,0.4666666666666666,0.48522855511632257,0.25,0.4,0.25,0.3269230769230769,0.3618791953854131,0.25,0.2
4218,16,0.2,0.06666666666666665,0.13120507751234176,0.0625,0.2,0.1,0.10909090909090909,0.08514311764162097,0.0625,0.1
21749,24,0.0,0.0,0.0,0.0,0.0,0.2,0.16363636363636364,0.1517621910780354,0.08333333333333333,0.2
8954,3,0.0,0.0,0.0,0.0,0.0,0.0,0.0,0.0,0.0,0.0
4471,2,0.0,0.0,0.0,0.0,0.0,0.0,0.0,0.0,0.0,0.0
7836,25,1.0,1.0,1.0,0.2,1.0,0.7,0.7999999999999999,0.7819835854675756,0.28,0.7
1419,2,0.5,0.5555555555555556,0.6131471927654584,0.5,0.2,0.5,0.5263157894736842,0.6131471927654584,0.5,0.1
5131,3,0.0,0.0,0.0,0.0,0.0,0.0,0.0,0.0,0.0,0.0
12282,2,0.0,0.0,0.0,0.0,0.0,0.0,0.0,0.0,0.0,0.0
673,2,0.0,0.0,0.0,0.0,0.0,0.0,0.0,0.0,0.0,0.0
3503,5,0.0,0.0,0.0,0.0,0.0,0.0,0.0,0.0,0.0,0.0
13756,1,0.0,0.0,0.0,0.0,0.0,0.0,0.0,0.0,0.0,0.0
8884,10,0.2,0.13333333333333333,0.14606834984270645,0.1,0.2,0.1,0.12727272727272726,0.09478836436955078,0.1,0.1
12781,5,0.0,0.0,0.0,0.0,0.0,0.0,0.0,0.0,0.0,0.0
10223,18,0.0,0.0,0.0,0.0,0.0,0.0,0.0,0.0,0.0,0.0
13132,2,0.0,0.0,0.0,0.0,0.0,0.0,0.0,0.0,0.0,0.0
20709,3,0.0,0.0,0.0,0.0,0.0,0.3333333333333333,0.0,0.0,0.3333333333333333,0.1
12720,1,0.0,0.0,0.0,0.0,0.0,0.0,0.0,0.0,0.0,0.0
13976,5,0.2,0.26666666666666666,0.2139862647345275,0.2,0.2,0.6,0.225,0.2139862647345275,0.6,0.3
2381,11,0.2,0.06666666666666665,0.13120507751234176,0.09090909090909091,0.2,0.2,0.14545454545454545,0.15139734109601,0.18181818181818182,0.2
15835,19,0.6,0.7999999999999999,0.7227265726449518,0.15789473684210525,0.6,0.3,0.49090909090909096,0.46900009332067477,0.15789473684210525,0.3
4366,10,0.4,0.4000000000000001,0.3600546145772339,0.2,0.4,0.2,0.29090909090909095,0.23365080824310527,0.2,0.2
9679,6,0.4,0.6,0.5531464700081437,0.3333333333333333,0.4,0.3333333333333333,0.4222222222222222,0.4935232796777481,0.3333333333333333,0.2
4120,9,1.0,1.0,1.0,0.5555555555555556,1.0,0.6666666666666666,0.7777777777777778,0.7637779542442369,0.6666666666666666,0.6
5582,3,0.0,0.0,0.0,0.0,0.0,0.0,0.0,0.0,0.0,0.0
22347,1,1.0,0.0,0.0,1.0,0.2,1.0,0.0,0.0,1.0,0.1
5122,7,0.2,0.26666666666666666,0.2139862647345275,0.14285714285714285,0.2,0.2857142857142857,0.18367346938775508,0.17342765698823942,0.2857142857142857,0.2
4910,2,0.0,0.0,0.0,0.0,0.0,0.0,0.0,0.0,0.0,0.0
2789,12,0.2,0.3333333333333333,0.33916020527361607,0.08333333333333333,0.2,0.3,0.34545454545454546,0.37185395737611554,0.25,0.3
16590,14,0.4,0.6,0.5531464700081437,0.14285714285714285,0.4,0.2,0.34545454545454546,0.3589542101716347,0.14285714285714285,0.2
22311,1,0.0,0.0,0.0,0.0,0.0,0.0,0.0,0.0,0.0,0.0
14039,13,0.2,0.3333333333333333,0.33916020527361607,0.07692307692307693,0.2,0.3,0.2727272727272727,0.3557772116892464,0.23076923076923078,0.3
16107,1,0.0,0.0,0.0,0.0,0.0,0.0,0.0,0.0,0.0,0.0
13644,7,0.6,0.7999999999999999,0.7227265726449518,0.42857142857142855,0.6,0.5714285714285714,0.6530612244897959,0.6836550817096435,0.5714285714285714,0.4
7324,2,0.0,0.0,0.0,0.0,0.0,0.0,0.0,0.0,0.0,0.0
6072,21,1.0,1.0,1.0,0.23809523809523808,1.0,0.6,0.7454545454545454,0.7125523635307983,0.2857142857142857,0.6
8791,11,0.2,0.3333333333333333,0.33916020527361607,0.09090909090909091,0.2,0.2,0.2727272727272727,0.2984900352767555,0.18181818181818182,0.2
19563,15,0.2,0.26666666666666666,0.2139862647345275,0.06666666666666667,0.2,0.4,0.309090909090909,0.34713572450557056,0.26666666666666666,0.4
2977,6,0.2,0.3333333333333333,0.33916020527361607,0.16666666666666666,0.2,0.16666666666666666,0.2222222222222222,0.30260241349881345,0.16666666666666666,0.1
11099,16,0.6,0.7333333333333334,0.6992148198508501,0.1875,0.6,0.5,0.6,0.5965377185773227,0.3125,0.5
17094,1,0.0,0.0,0.0,0.0,0.0,0.0,0.0,0.0,0.0,0.0
16751,1,0.0,0.0,0.0,0.0,0.0,0.0,0.0,0.0,0.0,0.0
12946,3,0.0,0.0,0.0,0.0,0.0,0.0,0.0,0.0,0.0,0.0
6021,23,0.6,0.6666666666666666,0.6843515475204854,0.13043478260869565,0.6,0.6,0.6363636363636364,0.6594803070902429,0.2608695652173913,0.6
1503,32,0.8,0.9333333333333332,0.8687949224876582,0.125,0.8,0.6,0.7454545454545456,0.7084409501232899,0.1875,0.6
5448,5,0.4,0.4666666666666666,0.48522855511632257,0.4,0.4,0.6,0.425,0.48522855511632257,0.6,0.3
6365,13,0.6,0.7999999999999999,0.7227265726449518,0.23076923076923078,0.6,0.3,0.49090909090909096,0.46900009332067477,0.23076923076923078,0.3
19285,9,0.4,0.19999999999999998,0.2772734273550482,0.2222222222222222,0.4,0.3333333333333333,0.2962962962962963,0.26630525411635353,0.3333333333333333,0.3
17385,11,0.2,0.3333333333333333,0.33916020527361607,0.09090909090909091,0.2,0.1,0.18181818181818182,0.22009176629808014,0.09090909090909091,0.1
8808,11,0.2,0.06666666666666665,0.13120507751234176,0.09090909090909091,0.2,0.1,0.10909090909090909,0.08514311764162097,0.09090909090909091,0.1
5121,22,1.0,1.0,1.0,0.22727272727272727,1.0,0.8,0.8727272727272727,0.8572048559638626,0.36363636363636365,0.8
10784,12,0.4,0.19999999999999998,0.2772734273550482,0.16666666666666666,0.4,0.4,0.29090909090909084,0.30980649366451246,0.3333333333333333,0.4
9090,1,0.0,0.0,0.0,0.0,0.0,0.0,0.0,0.0,0.0,0.0
6508,3,0.6666666666666666,0.4166666666666667,0.46927872602275644,0.6666666666666666,0.4,0.6666666666666666,0.37037037037037035,0.46927872602275644,0.6666666666666666,0.2
3137,2,0.0,0.0,0.0,0.0,0.0,0.0,0.0,0.0,0.0,0.0
5465,5,0.0,0.0,0.0,0.0,0.0,0.0,0.0,0.0,0.0,0.0
14703,3,0.0,0.0,0.0,0.0,0.0,0.0,0.0,0.0,0.0,0.0
9969,8,0.0,0.0,0.0,0.0,0.0,0.0,0.0,0.0,0.0,0.0
22198,5,0.0,0.0,0.0,0.0,0.0,0.2,0.0,0.0,0.2,0.1
19299,3,0.0,0.0,0.0,0.0,0.0,0.0,0.0,0.0,0.0,0.0
8947,5,0.2,0.26666666666666666,0.2139862647345275,0.2,0.2,0.2,0.225,0.2139862647345275,0.2,0.1
2188,4,0.5,0.5714285714285715,0.5855700749881524,0.5,0.4,0.5,0.5294117647058824,0.5855700749881524,0.5,0.2
15082,4,0.0,0.0,0.0,0.0,0.0,0.0,0.0,0.0,0.0,0.0
8358,17,0.6,0.7999999999999999,0.7227265726449518,0.17647058823529413,0.6,0.5,0.6363636363636364,0.6168295842361273,0.29411764705882354,0.5
19515,17,0.8,0.9333333333333332,0.8687949224876582,0.23529411764705882,0.8,0.5,0.6545454545454547,0.6300426811446146,0.29411764705882354,0.5
19626,6,0.4,0.39999999999999997,0.4703652827859578,0.3333333333333333,0.4,0.5,0.35555555555555557,0.4196650066367769,0.5,0.3
14597,7,0.4,0.19999999999999998,0.2772734273550482,0.2857142857142857,0.4,0.42857142857142855,0.36734693877551017,0.32263239933556054,0.42857142857142855,0.3
13176,3,0.3333333333333333,0.33333333333333337,0.29608191096586517,0.3333333333333333,0.2,0.6666666666666666,0.3333333333333333,0.29608191096586517,0.6666666666666666,0.2
125,4,0.25,0.2142857142857143,0.19519002499605081,0.25,0.2,0.25,0.23529411764705882,0.19519002499605081,0.25,0.1
95,2,0.0,0.0,0.0,0.0,0.0,0.0,0.0,0.0,0.0,0.0
12249,2,0.0,0.0,0.0,0.0,0.0,0.0,0.0,0.0,0.0,0.0
10263,10,0.2,0.19999999999999998,0.16958010263680803,0.1,0.2,0.1,0.14545454545454548,0.11004588314904007,0.1,0.1
2400,6,0.0,0.0,0.0,0.0,0.0,0.0,0.0,0.0,0.0,0.0
13761,6,0.0,0.0,0.0,0.0,0.0,0.0,0.0,0.0,0.0,0.0
17740,3,0.3333333333333333,0.4166666666666667,0.46927872602275644,0.3333333333333333,0.2,0.3333333333333333,0.37037037037037035,0.46927872602275644,0.3333333333333333,0.1
7942,13,0.0,0.0,0.0,0.0,0.0,0.0,0.0,0.0,0.0,0.0
9581,1,0.0,0.0,0.0,0.0,0.0,0.0,0.0,0.0,0.0,0.0
22127,5,0.4,0.19999999999999998,0.2772734273550482,0.4,0.4,0.4,0.32499999999999996,0.2772734273550482,0.4,0.2
16065,1,0.0,0.0,0.0,0.0,0.0,0.0,0.0,0.0,0.0,0.0
5669,47,0.6,0.6666666666666666,0.6548086577531306,0.06382978723404255,0.6,0.3,0.45454545454545453,0.424926013816671,0.06382978723404255,0.3
7899,1,0.0,0.0,0.0,0.0,0.0,0.0,0.0,0.0,0.0,0.0
7640,9,0.6,0.7999999999999999,0.7227265726449518,0.3333333333333333,0.6,0.3333333333333333,0.5,0.5008655546918772,0.3333333333333333,0.3
5675,1,0.0,0.0,0.0,0.0,0.0,0.0,0.0,0.0,0.0,0.0
9761,2,0.0,0.0,0.0,0.0,0.0,0.0,0.0,0.0,0.0,0.0
7012,44,0.8,0.7333333333333334,0.7860137352654724,0.09090909090909091,0.8,0.7,0.6909090909090909,0.7133080652109929,0.1590909090909091,0.7
16696,3,0.3333333333333333,0.0,0.0,0.3333333333333333,0.2,0.3333333333333333,0.0,0.0,0.3333333333333333,0.1
7963,2,0.0,0.0,0.0,0.0,0.0,0.0,0.0,0.0,0.0,0.0
5257,7,0.2,0.3333333333333333,0.33916020527361607,0.14285714285714285,0.2,0.14285714285714285,0.2040816326530612,0.27487633291429087,0.14285714285714285,0.1
15965,1,0.0,0.0,0.0,0.0,0.0,0.0,0.0,0.0,0.0,0.0
1638,2,0.0,0.0,0.0,0.0,0.0,0.0,0.0,0.0,0.0,0.0
9711,1,1.0,0.0,0.0,1.0,0.2,1.0,0.0,0.0,1.0,0.1
14343,21,0.8,0.6666666666666666,0.6608397947263838,0.19047619047619047,0.8,0.7,0.6727272727272728,0.6320787427864673,0.3333333333333333,0.7
764,2,0.5,0.4444444444444445,0.3868528072345415,0.5,0.2,0.5,0.4736842105263158,0.3868528072345415,0.5,0.1
20387,16,0.4,0.19999999999999998,0.2772734273550482,0.125,0.4,0.2,0.23636363636363633,0.17993148201117173,0.125,0.2
762,3,0.0,0.0,0.0,0.0,0.0,0.0,0.0,0.0,0.0,0.0
14310,2,0.5,0.4444444444444445,0.3868528072345415,0.5,0.2,0.5,0.4736842105263158,0.3868528072345415,0.5,0.1
4245,3,0.3333333333333333,0.0,0.0,0.3333333333333333,0.2,0.3333333333333333,0.0,0.0,0.3333333333333333,0.1
9702,10,0.0,0.0,0.0,0.0,0.0,0.0,0.0,0.0,0.0,0.0
6335,2,0.5,0.4444444444444445,0.3868528072345415,0.5,0.2,0.5,0.4736842105263158,0.3868528072345415,0.5,0.1
13824,1,0.0,0.0,0.0,0.0,0.0,0.0,0.0,0.0,0.0,0.0
6370,6,0.2,0.3333333333333333,0.33916020527361607,0.16666666666666666,0.2,0.16666666666666666,0.2222222222222222,0.30260241349881345,0.16666666666666666,0.1
17641,3,0.0,0.0,0.0,0.0,0.0,0.0,0.0,0.0,0.0,0.0
13227,21,0.2,0.3333333333333333,0.33916020527361607,0.047619047619047616,0.2,0.2,0.2545454545454545,0.29345568839744024,0.09523809523809523,0.2
3379,1,0.0,0.0,0.0,0.0,0.0,1.0,0.0,0.0,1.0,0.1
14441,1,0.0,0.0,0.0,0.0,0.0,0.0,0.0,0.0,0.0,0.0
5844,2,0.0,0.0,0.0,0.0,0.0,0.0,0.0,0.0,0.0,0.0
21689,7,0.0,0.0,0.0,0.0,0.0,0.0,0.0,0.0,0.0,0.0
13007,9,0.2,0.26666666666666666,0.2139862647345275,0.1111111111111111,0.2,0.1111111111111111,0.16666666666666666,0.14829723057014907,0.1111111111111111,0.1
11430,1,0.0,0.0,0.0,0.0,0.0,0.0,0.0,0.0,0.0,0.0
1399,31,0.2,0.3333333333333333,0.33916020527361607,0.03225806451612903,0.2,0.2,0.2727272727272727,0.2984900352767555,0.06451612903225806,0.2
8373,12,0.0,0.0,0.0,0.0,0.0,0.2,0.10909090909090909,0.13961814555374907,0.16666666666666666,0.2
10918,1,0.0,0.0,0.0,0.0,0.0,0.0,0.0,0.0,0.0,0.0
21746,2,0.0,0.0,0.0,0.0,0.0,0.0,0.0,0.0,0.0,0.0
4094,3,0.3333333333333333,0.0,0.0,0.3333333333333333,0.2,0.3333333333333333,0.0,0.0,0.3333333333333333,0.1
5339,8,0.0,0.0,0.0,0.0,0.0,0.0,0.0,0.0,0.0,0.0
12222,2,0.0,0.0,0.0,0.0,0.0,0.0,0.0,0.0,0.0,0.0
59,10,0.2,0.13333333333333333,0.14606834984270645,0.1,0.2,0.1,0.12727272727272726,0.09478836436955078,0.1,0.1
17440,1,0.0,0.0,0.0,0.0,0.0,0.0,0.0,0.0,0.0,0.0
12358,2,0.0,0.0,0.0,0.0,0.0,0.0,0.0,0.0,0.0,0.0
20742,5,0.2,0.26666666666666666,0.2139862647345275,0.2,0.2,0.4,0.225,0.2139862647345275,0.4,0.2
2890,1,0.0,0.0,0.0,0.0,0.0,0.0,0.0,0.0,0.0,0.0
14709,11,0.4,0.4666666666666666,0.48522855511632257,0.18181818181818182,0.4,0.4,0.4,0.4518648409659427,0.36363636363636365,0.4
14334,4,0.25,0.0,0.0,0.25,0.2,0.25,0.0,0.0,0.25,0.1
1655,1,0.0,0.0,0.0,0.0,0.0,0.0,0.0,0.0,0.0,0.0
3489,1,0.0,0.0,0.0,0.0,0.0,0.0,0.0,0.0,0.0,0.0
15292,4,0.25,0.35714285714285715,0.39038004999210163,0.25,0.2,0.25,0.2941176470588235,0.39038004999210163,0.25,0.1
4852,9,0.0,0.0,0.0,0.0,0.0,0.1111111111111111,0.09259259259259259,0.08372491399919348,0.1111111111111111,0.1
12873,19,0.4,0.26666666666666666,0.3007851801491498,0.10526315789473684,0.4,0.4,0.41818181818181815,0.34695119186869644,0.21052631578947367,0.4
9691,12,0.2,0.26666666666666666,0.2139862647345275,0.08333333333333333,0.2,0.1,0.16363636363636364,0.1388624438735545,0.08333333333333333,0.1
21091,12,0.0,0.0,0.0,0.0,0.0,0.1,0.07272727272727274,0.07336392209936006,0.08333333333333333,0.1
19634,3,0.3333333333333333,0.0,0.0,0.3333333333333333,0.2,0.6666666666666666,0.0,0.0,0.6666666666666666,0.2
6062,23,0.8,0.7333333333333334,0.7860137352654724,0.17391304347826086,0.8,0.6,0.7272727272727273,0.6618313225363274,0.2608695652173913,0.6
1758,4,0.0,0.0,0.0,0.0,0.0,0.0,0.0,0.0,0.0,0.0
21632,5,0.0,0.0,0.0,0.0,0.0,0.0,0.0,0.0,0.0,0.0
21885,5,0.2,0.19999999999999998,0.16958010263680803,0.2,0.2,0.4,0.2,0.16958010263680803,0.4,0.2
3633,1,0.0,0.0,0.0,0.0,0.0,0.0,0.0,0.0,0.0,0.0
9470,4,0.25,0.35714285714285715,0.39038004999210163,0.25,0.2,0.5,0.2941176470588235,0.39038004999210163,0.5,0.2
7736,6,0.0,0.0,0.0,0.0,0.0,0.0,0.0,0.0,0.0,0.0
2982,6,0.2,0.3333333333333333,0.33916020527361607,0.16666666666666666,0.2,0.16666666666666666,0.2222222222222222,0.30260241349881345,0.16666666666666666,0.1
20092,8,0.0,0.0,0.0,0.0,0.0,0.125,0.057692307692307696,0.07979453856244816,0.125,0.1
3686,14,0.4,0.6,0.5531464700081437,0.14285714285714285,0.4,0.2,0.34545454545454546,0.3589542101716347,0.14285714285714285,0.2
19608,2,0.0,0.0,0.0,0.0,0.0,0.0,0.0,0.0,0.0,0.0
16894,4,0.0,0.0,0.0,0.0,0.0,0.0,0.0,0.0,0.0,0.0
20524,6,0.0,0.0,0.0,0.0,0.0,0.0,0.0,0.0,0.0,0.0
17980,1,0.0,0.0,0.0,0.0,0.0,0.0,0.0,0.0,0.0,0.0
15811,5,0.2,0.26666666666666666,0.2139862647345275,0.2,0.2,0.2,0.225,0.2139862647345275,0.2,0.1
12097,1,0.0,0.0,0.0,0.0,0.0,1.0,0.0,0.0,1.0,0.1
18653,9,0.0,0.0,0.0,0.0,0.0,0.1111111111111111,0.0,0.0,0.1111111111111111,0.1
16945,8,0.0,0.0,0.0,0.0,0.0,0.0,0.0,0.0,0.0,0.0
21869,1,0.0,0.0,0.0,0.0,0.0,0.0,0.0,0.0,0.0,0.0
19474,6,0.4,0.39999999999999997,0.4703652827859578,0.3333333333333333,0.4,0.3333333333333333,0.35555555555555557,0.4196650066367769,0.3333333333333333,0.2
9787,4,0.0,0.0,0.0,0.0,0.0,0.0,0.0,0.0,0.0,0.0
402,2,0.5,0.0,0.0,0.5,0.2,0.5,0.0,0.0,0.5,0.1
4178,6,0.0,0.0,0.0,0.0,0.0,0.0,0.0,0.0,0.0,0.0
16781,20,1.0,1.0,1.0,0.25,1.0,0.7,0.8181818181818182,0.7859162856301585,0.35,0.7
16729,5,0.2,0.06666666666666665,0.13120507751234176,0.2,0.2,0.2,0.15,0.13120507751234176,0.2,0.1
4473,10,0.2,0.3333333333333333,0.33916020527361607,0.1,0.2,0.1,0.18181818181818182,0.22009176629808014,0.1,0.1
22191,1,0.0,0.0,0.0,0.0,0.0,0.0,0.0,0.0,0.0,0.0
9149,3,0.0,0.0,0.0,0.0,0.0,0.0,0.0,0.0,0.0,0.0
18878,8,0.2,0.26666666666666666,0.2139862647345275,0.125,0.2,0.25,0.25,0.243903311380782,0.25,0.2
16992,12,0.2,0.3333333333333333,0.33916020527361607,0.08333333333333333,0.2,0.1,0.18181818181818182,0.22009176629808014,0.08333333333333333,0.1
18608,1,0.0,0.0,0.0,0.0,0.0,0.0,0.0,0.0,0.0,0.0
11563,10,0.8,0.8000000000000002,0.8304198973631919,0.4,0.8,0.6,0.6727272727272727,0.6758704024811183,0.6,0.6
8692,6,0.2,0.3333333333333333,0.33916020527361607,0.16666666666666666,0.2,0.16666666666666666,0.2222222222222222,0.30260241349881345,0.16666666666666666,0.1
7300,2,0.0,0.0,0.0,0.0,0.0,0.0,0.0,0.0,0.0,0.0
13782,4,0.25,0.28571428571428575,0.2463023887407299,0.25,0.2,0.25,0.2647058823529412,0.2463023887407299,0.25,0.1
18310,1,0.0,0.0,0.0,0.0,0.0,0.0,0.0,0.0,0.0,0.0
18923,9,0.4,0.4666666666666666,0.48522855511632257,0.2222222222222222,0.4,0.3333333333333333,0.37037037037037035,0.4104227729118601,0.3333333333333333,0.3
9627,2,0.0,0.0,0.0,0.0,0.0,0.0,0.0,0.0,0.0,0.0
17813,2,0.0,0.0,0.0,0.0,0.0,0.0,0.0,0.0,0.0,0.0
19767,11,0.2,0.13333333333333333,0.14606834984270645,0.09090909090909091,0.2,0.2,0.21818181818181817,0.1731866333482261,0.18181818181818182,0.2
14048,1,0.0,0.0,0.0,0.0,0.0,0.0,0.0,0.0,0.0,0.0
9597,1,0.0,0.0,0.0,0.0,0.0,0.0,0.0,0.0,0.0,0.0
13041,8,0.4,0.6,0.5531464700081437,0.25,0.4,0.5,0.44230769230769224,0.4968460141484392,0.5,0.4
20394,12,0.0,0.0,0.0,0.0,0.0,0.1,0.09090909090909091,0.07839826897867533,0.08333333333333333,0.1
15142,13,0.4,0.6,0.5531464700081437,0.15384615384615385,0.4,0.3,0.3818181818181818,0.42520843362602373,0.23076923076923078,0.3
15636,5,0.2,0.19999999999999998,0.16958010263680803,0.2,0.2,0.4,0.2,0.16958010263680803,0.4,0.2
2177,4,0.0,0.0,0.0,0.0,0.0,0.0,0.0,0.0,0.0,0.0
21012,13,0.4,0.6,0.5531464700081437,0.15384615384615385,0.4,0.4,0.43636363636363634,0.4959389204699464,0.3076923076923077,0.4
19754,8,0.6,0.6,0.6399453854227659,0.375,0.6,0.5,0.5384615384615384,0.5615798830425318,0.5,0.4
491,6,0.0,0.0,0.0,0.0,0.0,0.16666666666666666,0.1111111111111111,0.10778915452451095,0.16666666666666666,0.1
3323,5,0.0,0.0,0.0,0.0,0.0,0.0,0.0,0.0,0.0,0.0
17989,20,0.8,0.9333333333333332,0.8687949224876582,0.2,0.8,0.7,0.781818181818182,0.772837825180752,0.35,0.7
3001,1,0.0,0.0,0.0,0.0,0.0,0.0,0.0,0.0,0.0,0.0
5467,2,0.0,0.0,0.0,0.0,0.0,0.0,0.0,0.0,0.0,0.0
20609,1,0.0,0.0,0.0,0.0,0.0,0.0,0.0,0.0,0.0,0.0
14673,16,0.8,0.8666666666666666,0.8539316501572936,0.25,0.8,0.7,0.8181818181818182,0.7753366239771085,0.4375,0.7
14662,3,0.0,0.0,0.0,0.0,0.0,0.3333333333333333,0.0,0.0,0.3333333333333333,0.1
10380,21,0.4,0.4666666666666666,0.48522855511632257,0.09523809523809523,0.4,0.6,0.490909090909091,0.5875502863571089,0.2857142857142857,0.6
7842,9,0.4,0.4666666666666666,0.48522855511632257,0.2222222222222222,0.4,0.3333333333333333,0.31481481481481477,0.3362741576267856,0.3333333333333333,0.3
7310,1,1.0,1.0,1.0,1.0,0.2,1.0,1.0,1.0,1.0,0.1
8626,1,0.0,0.0,0.0,0.0,0.0,0.0,0.0,0.0,0.0,0.0
19087,7,0.0,0.0,0.0,0.0,0.0,0.14285714285714285,0.0,0.0,0.14285714285714285,0.1
20032,10,0.2,0.26666666666666666,0.2139862647345275,0.1,0.2,0.1,0.16363636363636364,0.1388624438735545,0.1,0.1
10277,1,1.0,0.0,0.0,1.0,0.2,1.0,0.0,0.0,1.0,0.1
1787,13,0.6,0.7333333333333334,0.6992148198508501,0.23076923076923078,0.6,0.5,0.5818181818181818,0.5957616317188125,0.38461538461538464,0.5
2184,21,0.2,0.13333333333333333,0.14606834984270645,0.047619047619047616,0.2,0.4,0.29090909090909095,0.306238643483955,0.19047619047619047,0.4
12606,15,0.4,0.4666666666666666,0.48522855511632257,0.13333333333333333,0.4,0.4,0.41818181818181815,0.45449827622138006,0.26666666666666666,0.4
19663,5,0.0,0.0,0.0,0.0,0.0,0.0,0.0,0.0,0.0,0.0
17899,1,0.0,0.0,0.0,0.0,0.0,0.0,0.0,0.0,0.0,0.0
8991,2,0.0,0.0,0.0,0.0,0.0,0.0,0.0,0.0,0.0,0.0
21016,5,0.0,0.0,0.0,0.0,0.0,0.2,0.0,0.0,0.2,0.1
7878,2,0.0,0.0,0.0,0.0,0.0,0.0,0.0,0.0,0.0,0.0
10553,4,0.0,0.0,0.0,0.0,0.0,0.0,0.0,0.0,0.0,0.0
7469,4,0.25,0.35714285714285715,0.39038004999210163,0.25,0.2,0.25,0.2941176470588235,0.39038004999210163,0.25,0.1
10789,7,0.0,0.0,0.0,0.0,0.0,0.0,0.0,0.0,0.0,0.0
16787,2,0.0,0.0,0.0,0.0,0.0,0.0,0.0,0.0,0.0,0.0
7971,11,0.0,0.0,0.0,0.0,0.0,0.0,0.0,0.0,0.0,0.0
5650,2,0.0,0.0,0.0,0.0,0.0,0.0,0.0,0.0,0.0,0.0
6036,8,0.0,0.0,0.0,0.0,0.0,0.0,0.0,0.0,0.0,0.0
1788,34,0.4,0.6,0.5531464700081437,0.058823529411764705,0.4,0.4,0.4181818181818182,0.49200622030736363,0.11764705882352941,0.4
16092,5,0.2,0.26666666666666666,0.2139862647345275,0.2,0.2,0.2,0.225,0.2139862647345275,0.2,0.1
13535,2,0.0,0.0,0.0,0.0,0.0,0.0,0.0,0.0,0.0,0.0
11521,3,0.6666666666666666,0.33333333333333337,0.29608191096586517,0.6666666666666666,0.4,1.0,0.3333333333333333,0.29608191096586517,1.0,0.3
14603,2,0.0,0.0,0.0,0.0,0.0,0.0,0.0,0.0,0.0,0.0
3283,8,0.2,0.26666666666666666,0.2139862647345275,0.125,0.2,0.375,0.23076923076923078,0.23938361568734448,0.375,0.3
213,13,0.0,0.0,0.0,0.0,0.0,0.0,0.0,0.0,0.0,0.0
4302,2,0.0,0.0,0.0,0.0,0.0,0.0,0.0,0.0,0.0,0.0
20418,8,0.0,0.0,0.0,0.0,0.0,0.25,0.07692307692307693,0.08431423425588572,0.25,0.2
15613,3,0.0,0.0,0.0,0.0,0.0,0.0,0.0,0.0,0.0,0.0
13391,2,0.0,0.0,0.0,0.0,0.0,0.0,0.0,0.0,0.0,0.0
11360,5,0.4,0.5333333333333333,0.5087403079104241,0.4,0.4,0.6,0.45,0.5087403079104241,0.6,0.3
17757,4,0.0,0.0,0.0,0.0,0.0,0.0,0.0,0.0,0.0,0.0
5065,17,0.4,0.3333333333333333,0.31564845247951445,0.11764705882352941,0.4,0.3,0.34545454545454546,0.2781981696179509,0.17647058823529413,0.3
17331,1,0.0,0.0,0.0,0.0,0.0,0.0,0.0,0.0,0.0,0.0
16695,3,0.0,0.0,0.0,0.0,0.0,0.3333333333333333,0.0,0.0,0.3333333333333333,0.1
215,2,0.5,0.5555555555555556,0.6131471927654584,0.5,0.2,0.5,0.5263157894736842,0.6131471927654584,0.5,0.1
16066,7,0.2,0.13333333333333333,0.14606834984270645,0.14285714285714285,0.2,0.2857142857142857,0.24489795918367344,0.2162957183053307,0.2857142857142857,0.2
1603,1,0.0,0.0,0.0,0.0,0.0,0.0,0.0,0.0,0.0,0.0
5587,2,0.0,0.0,0.0,0.0,0.0,0.0,0.0,0.0,0.0,0.0
17906,28,0.4,0.3333333333333333,0.31564845247951445,0.07142857142857142,0.4,0.2,0.2727272727272727,0.20483424751859083,0.07142857142857142,0.2
5507,9,0.2,0.3333333333333333,0.33916020527361607,0.1111111111111111,0.2,0.2222222222222222,0.24074074074074073,0.3091941646995599,0.2222222222222222,0.2
6392,1,0.0,0.0,0.0,0.0,0.0,0.0,0.0,0.0,0.0,0.0
6584,3,0.3333333333333333,0.4166666666666667,0.46927872602275644,0.3333333333333333,0.2,0.3333333333333333,0.37037037037037035,0.46927872602275644,0.3333333333333333,0.1
17570,4,0.0,0.0,0.0,0.0,0.0,0.0,0.0,0.0,0.0,0.0
16596,10,0.0,0.0,0.0,0.0,0.0,0.0,0.0,0.0,0.0,0.0
17244,11,0.4,0.39999999999999997,0.4703652827859578,0.18181818181818182,0.4,0.3,0.34545454545454546,0.3746661058764783,0.2727272727272727,0.3
7635,3,0.0,0.0,0.0,0.0,0.0,0.3333333333333333,0.0,0.0,0.3333333333333333,0.1
18776,5,0.0,0.0,0.0,0.0,0.0,0.0,0.0,0.0,0.0,0.0
17368,6,0.2,0.26666666666666666,0.2139862647345275,0.16666666666666666,0.2,0.16666666666666666,0.2,0.1909208661789346,0.16666666666666666,0.1
10997,2,0.0,0.0,0.0,0.0,0.0,0.0,0.0,0.0,0.0,0.0
11901,1,0.0,0.0,0.0,0.0,0.0,0.0,0.0,0.0,0.0,0.0
2129,3,0.0,0.0,0.0,0.0,0.0,0.6666666666666666,0.0,0.0,0.6666666666666666,0.2
6142,3,0.0,0.0,0.0,0.0,0.0,0.6666666666666666,0.0,0.0,0.6666666666666666,0.2
4439,6,0.2,0.26666666666666666,0.2139862647345275,0.16666666666666666,0.2,0.16666666666666666,0.2,0.1909208661789346,0.16666666666666666,0.1
22036,2,0.0,0.0,0.0,0.0,0.0,0.0,0.0,0.0,0.0,0.0
16449,13,0.6,0.6666666666666666,0.6548086577531306,0.23076923076923078,0.6,0.4,0.4727272727272727,0.48854680201562267,0.3076923076923077,0.4
14765,4,0.0,0.0,0.0,0.0,0.0,0.0,0.0,0.0,0.0,0.0
2674,1,0.0,0.0,0.0,0.0,0.0,0.0,0.0,0.0,0.0,0.0
19143,5,0.2,0.19999999999999998,0.16958010263680803,0.2,0.2,0.2,0.2,0.16958010263680803,0.2,0.1
15195,2,0.0,0.0,0.0,0.0,0.0,0.0,0.0,0.0,0.0,0.0
8875,2,0.5,0.5555555555555556,0.6131471927654584,0.5,0.2,1.0,0.5263157894736842,0.6131471927654584,1.0,0.2
7890,9,0.2,0.3333333333333333,0.33916020527361607,0.1111111111111111,0.2,0.1111111111111111,0.18518518518518517,0.23504554941448538,0.1111111111111111,0.1
6598,23,0.8,0.8666666666666666,0.8539316501572936,0.17391304347826086,0.8,0.9,0.8727272727272727,0.9052116356304492,0.391304347826087,0.9
19542,19,0.2,0.19999999999999998,0.16958010263680803,0.05263157894736842,0.2,0.1,0.14545454545454548,0.11004588314904007,0.05263157894736842,0.1
7872,1,0.0,0.0,0.0,0.0,0.0,0.0,0.0,0.0,0.0,0.0
8064,5,0.0,0.0,0.0,0.0,0.0,0.0,0.0,0.0,0.0,0.0
2219,6,0.4,0.4666666666666666,0.48522855511632257,0.3333333333333333,0.4,0.5,0.37777777777777777,0.4329261794091841,0.5,0.3
11720,13,0.4,0.6,0.5531464700081437,0.15384615384615385,0.4,0.3,0.3818181818181818,0.42520843362602373,0.23076923076923078,0.3
16418,1,0.0,0.0,0.0,0.0,0.0,0.0,0.0,0.0,0.0,0.0
10229,3,0.0,0.0,0.0,0.0,0.0,0.3333333333333333,0.0,0.0,0.3333333333333333,0.1
3051,11,0.4,0.19999999999999998,0.2772734273550482,0.18181818181818182,0.4,0.2,0.23636363636363633,0.17993148201117173,0.18181818181818182,0.2
17145,1,0.0,0.0,0.0,0.0,0.0,0.0,0.0,0.0,0.0,0.0
16278,1,1.0,0.0,0.0,1.0,0.2,1.0,0.0,0.0,1.0,0.1
6272,15,0.2,0.26666666666666666,0.2139862647345275,0.06666666666666667,0.2,0.4,0.2727272727272727,0.3381686774636725,0.26666666666666666,0.4
20275,19,0.2,0.19999999999999998,0.16958010263680803,0.05263157894736842,0.2,0.2,0.23636363636363636,0.1884441521277154,0.10526315789473684,0.2
20508,1,0.0,0.0,0.0,0.0,0.0,0.0,0.0,0.0,0.0,0.0
707,4,0.0,0.0,0.0,0.0,0.0,0.0,0.0,0.0,0.0,0.0
6326,3,0.0,0.0,0.0,0.0,0.0,0.0,0.0,0.0,0.0,0.0
10439,1,0.0,0.0,0.0,0.0,0.0,0.0,0.0,0.0,0.0,0.0
12059,7,0.2,0.3333333333333333,0.33916020527361607,0.14285714285714285,0.2,0.14285714285714285,0.2040816326530612,0.27487633291429087,0.14285714285714285,0.1
5759,1,0.0,0.0,0.0,0.0,0.0,0.0,0.0,0.0,0.0,0.0
16655,5,0.2,0.26666666666666666,0.2139862647345275,0.2,0.2,0.2,0.225,0.2139862647345275,0.2,0.1
520,5,0.2,0.13333333333333333,0.14606834984270645,0.2,0.2,0.4,0.175,0.14606834984270645,0.4,0.2
9527,2,0.0,0.0,0.0,0.0,0.0,0.0,0.0,0.0,0.0,0.0
7665,6,0.2,0.26666666666666666,0.2139862647345275,0.16666666666666666,0.2,0.16666666666666666,0.2,0.1909208661789346,0.16666666666666666,0.1
15608,1,0.0,0.0,0.0,0.0,0.0,0.0,0.0,0.0,0.0,0.0
21839,2,0.0,0.0,0.0,0.0,0.0,0.0,0.0,0.0,0.0,0.0
15156,5,0.0,0.0,0.0,0.0,0.0,0.0,0.0,0.0,0.0,0.0
16296,11,0.8,0.8000000000000002,0.8304198973631919,0.36363636363636365,0.8,0.5,0.6727272727272727,0.6172839611614818,0.45454545454545453,0.5
20925,11,0.0,0.0,0.0,0.0,0.0,0.0,0.0,0.0,0.0,0.0
15716,11,0.4,0.4666666666666666,0.48522855511632257,0.18181818181818182,0.4,0.3,0.4,0.3932783996463063,0.2727272727272727,0.3
9545,13,0.4,0.5333333333333333,0.5087403079104241,0.15384615384615385,0.4,0.4,0.43636363636363634,0.4721567066247472,0.3076923076923077,0.4
18079,4,0.0,0.0,0.0,0.0,0.0,0.0,0.0,0.0,0.0,0.0
20684,2,0.0,0.0,0.0,0.0,0.0,0.5,0.0,0.0,0.5,0.1
10665,8,0.2,0.26666666666666666,0.2139862647345275,0.125,0.2,0.125,0.17307692307692307,0.1595890771248963,0.125,0.1
16782,13,0.2,0.3333333333333333,0.33916020527361607,0.07692307692307693,0.2,0.2,0.23636363636363636,0.2895229882348574,0.15384615384615385,0.2
18706,2,0.5,0.5555555555555556,0.6131471927654584,0.5,0.2,1.0,0.5263157894736842,0.6131471927654584,1.0,0.2
19232,1,1.0,0.0,0.0,1.0,0.2,1.0,0.0,0.0,1.0,0.1
13138,13,0.8,0.8666666666666666,0.8539316501572936,0.3076923076923077,0.8,0.5,0.6545454545454547,0.623574432899073,0.38461538461538464,0.5
8030,1,0.0,0.0,0.0,0.0,0.0,0.0,0.0,0.0,0.0,0.0
4756,4,0.25,0.28571428571428575,0.2463023887407299,0.25,0.2,0.25,0.2647058823529412,0.2463023887407299,0.25,0.1
11039,1,0.0,0.0,0.0,0.0,0.0,0.0,0.0,0.0,0.0,0.0
20197,6,0.2,0.26666666666666666,0.2139862647345275,0.16666666666666666,0.2,0.16666666666666666,0.2,0.1909208661789346,0.16666666666666666,0.1
5236,3,0.0,0.0,0.0,0.0,0.0,0.3333333333333333,0.0,0.0,0.3333333333333333,0.1
20659,7,0.0,0.0,0.0,0.0,0.0,0.0,0.0,0.0,0.0,0.0
5792,21,0.4,0.39999999999999997,0.4703652827859578,0.09523809523809523,0.4,0.4,0.45454545454545453,0.45699707501773645,0.19047619047619047,0.4
3337,14,0.2,0.3333333333333333,0.33916020527361607,0.07142857142857142,0.2,0.1,0.18181818181818182,0.22009176629808014,0.07142857142857142,0.1
3226,3,0.3333333333333333,0.0,0.0,0.3333333333333333,0.2,0.3333333333333333,0.0,0.0,0.3333333333333333,0.1
9024,12,0.0,0.0,0.0,0.0,0.0,0.0,0.0,0.0,0.0,0.0
12131,4,0.0,0.0,0.0,0.0,0.0,0.0,0.0,0.0,0.0,0.0
20626,1,0.0,0.0,0.0,0.0,0.0,0.0,0.0,0.0,0.0,0.0
8687,9,0.4,0.6,0.5531464700081437,0.2222222222222222,0.4,0.3333333333333333,0.40740740740740744,0.457491395269709,0.3333333333333333,0.3
2662,10,0.2,0.3333333333333333,0.33916020527361607,0.1,0.2,0.2,0.23636363636363636,0.2895229882348574,0.2,0.2
15906,1,0.0,0.0,0.0,0.0,0.0,0.0,0.0,0.0,0.0,0.0
19201,2,0.5,0.0,0.0,0.5,0.2,0.5,0.0,0.0,0.5,0.1
16860,15,0.4,0.5333333333333333,0.5087403079104241,0.13333333333333333,0.4,0.4,0.38181818181818183,0.4600126611004609,0.26666666666666666,0.4
8271,1,0.0,0.0,0.0,0.0,0.0,0.0,0.0,0.0,0.0,0.0
3281,8,0.2,0.13333333333333333,0.14606834984270645,0.125,0.2,0.375,0.2692307692307693,0.2730452654360898,0.375,0.3
20517,24,0.2,0.13333333333333333,0.14606834984270645,0.041666666666666664,0.2,0.1,0.12727272727272726,0.09478836436955078,0.041666666666666664,0.1
13516,5,0.0,0.0,0.0,0.0,0.0,0.2,0.0,0.0,0.2,0.1
16521,7,0.4,0.3333333333333333,0.31564845247951445,0.2857142857142857,0.4,0.2857142857142857,0.3061224489795918,0.2558209594125083,0.2857142857142857,0.2
2069,3,0.3333333333333333,0.4166666666666667,0.46927872602275644,0.3333333333333333,0.2,0.3333333333333333,0.37037037037037035,0.46927872602275644,0.3333333333333333,0.1
5765,10,0.2,0.06666666666666665,0.13120507751234176,0.1,0.2,0.2,0.14545454545454545,0.15139734109601,0.2,0.2
13906,17,0.6,0.6666666666666666,0.6548086577531306,0.17647058823529413,0.6,0.4,0.4727272727272727,0.48854680201562267,0.23529411764705882,0.4
21080,7,0.0,0.0,0.0,0.0,0.0,0.0,0.0,0.0,0.0,0.0
17176,20,0.8,0.8666666666666666,0.8539316501572936,0.2,0.8,0.6,0.7090909090909091,0.6937613565160449,0.3,0.6
9257,5,0.2,0.19999999999999998,0.16958010263680803,0.2,0.2,0.2,0.2,0.16958010263680803,0.2,0.1
10797,10,0.4,0.26666666666666666,0.3007851801491498,0.2,0.4,0.3,0.3090909090909091,0.2646202227274383,0.3,0.3
21947,1,0.0,0.0,0.0,0.0,0.0,0.0,0.0,0.0,0.0,0.0
19618,22,0.4,0.5333333333333333,0.5087403079104241,0.09090909090909091,0.4,0.4,0.38181818181818183,0.4600126611004609,0.18181818181818182,0.4
3780,9,0.0,0.0,0.0,0.0,0.0,0.1111111111111111,0.05555555555555556,0.07414861528507453,0.1111111111111111,0.1
6386,18,0.2,0.3333333333333333,0.33916020527361607,0.05555555555555555,0.2,0.3,0.2545454545454545,0.35314377643380906,0.16666666666666666,0.3
12062,10,0.2,0.3333333333333333,0.33916020527361607,0.1,0.2,0.2,0.2727272727272727,0.2984900352767555,0.2,0.2
5552,1,1.0,0.0,0.0,1.0,0.2,1.0,0.0,0.0,1.0,0.1
7799,17,0.4,0.5333333333333333,0.5087403079104241,0.11764705882352941,0.4,0.3,0.4,0.40350157154648025,0.17647058823529413,0.3
11321,6,0.2,0.3333333333333333,0.33916020527361607,0.16666666666666666,0.2,0.16666666666666666,0.2222222222222222,0.30260241349881345,0.16666666666666666,0.1
21222,1,0.0,0.0,0.0,0.0,0.0,0.0,0.0,0.0,0.0,0.0
9025,2,0.0,0.0,0.0,0.0,0.0,0.0,0.0,0.0,0.0,0.0
4357,22,0.8,0.6666666666666666,0.6608397947263838,0.18181818181818182,0.8,0.5,0.6000000000000001,0.4982710309705436,0.22727272727272727,0.5
7604,8,0.4,0.5333333333333333,0.5087403079104241,0.25,0.4,0.375,0.40384615384615385,0.4592085927139338,0.375,0.3
22374,1,0.0,0.0,0.0,0.0,0.0,0.0,0.0,0.0,0.0,0.0
9087,7,0.0,0.0,0.0,0.0,0.0,0.0,0.0,0.0,0.0,0.0
22501,4,0.0,0.0,0.0,0.0,0.0,0.0,0.0,0.0,0.0,0.0
18518,2,0.5,0.0,0.0,0.5,0.2,0.5,0.0,0.0,0.5,0.1
16292,20,0.2,0.26666666666666666,0.2139862647345275,0.05,0.2,0.2,0.23636363636363636,0.21222636597291453,0.1,0.2
21572,23,0.0,0.0,0.0,0.0,0.0,0.0,0.0,0.0,0.0,0.0
10914,9,0.4,0.4000000000000001,0.3600546145772339,0.2222222222222222,0.4,0.4444444444444444,0.3333333333333333,0.32028159950352986,0.4444444444444444,0.4
7949,1,0.0,0.0,0.0,0.0,0.0,0.0,0.0,0.0,0.0,0.0
11934,9,0.8,0.6666666666666666,0.6608397947263838,0.4444444444444444,0.8,0.5555555555555556,0.5925925925925926,0.5287324048297515,0.5555555555555556,0.5
22392,2,0.0,0.0,0.0,0.0,0.0,0.0,0.0,0.0,0.0,0.0
216,17,0.6,0.7999999999999999,0.7227265726449518,0.17647058823529413,0.6,0.3,0.49090909090909096,0.46900009332067477,0.17647058823529413,0.3
352,1,0.0,0.0,0.0,0.0,0.0,0.0,0.0,0.0,0.0,0.0
1643,4,0.75,0.8571428571428572,0.8318724637288825,0.75,0.6,0.75,0.7941176470588235,0.8318724637288825,0.75,0.3
19448,1,0.0,0.0,0.0,0.0,0.0,1.0,0.0,0.0,1.0,0.1
3327,5,0.6,0.7999999999999999,0.7227265726449518,0.6,0.6,0.6,0.675,0.7227265726449518,0.6,0.3
22131,17,0.2,0.26666666666666666,0.2139862647345275,0.058823529411764705,0.2,0.1,0.16363636363636364,0.1388624438735545,0.058823529411764705,0.1
3304,32,0.8,0.6666666666666666,0.6608397947263838,0.125,0.8,0.5,0.6181818181818183,0.5022037311331264,0.15625,0.5
10689,9,0.4,0.3333333333333333,0.31564845247951445,0.2222222222222222,0.4,0.2222222222222222,0.27777777777777773,0.21875138291954285,0.2222222222222222,0.2
12944,4,0.25,0.0,0.0,0.25,0.2,0.25,0.0,0.0,0.25,0.1
11460,8,0.4,0.19999999999999998,0.2772734273550482,0.25,0.4,0.25,0.24999999999999994,0.20678808725291628,0.25,0.2
10512,17,0.2,0.06666666666666665,0.13120507751234176,0.058823529411764705,0.2,0.1,0.10909090909090909,0.08514311764162097,0.058823529411764705,0.1
18074,17,0.8,0.8666666666666666,0.8539316501572936,0.23529411764705882,0.8,0.5,0.6545454545454547,0.623574432899073,0.29411764705882354,0.5
9338,14,0.4,0.5333333333333333,0.5087403079104241,0.14285714285714285,0.4,0.2,0.32727272727272727,0.3301376494471202,0.14285714285714285,0.2
18535,12,0.4,0.6,0.5531464700081437,0.16666666666666666,0.4,0.3,0.43636363636363634,0.43735247915031,0.25,0.3
9160,8,0.4,0.3333333333333333,0.34519134224686926,0.25,0.4,0.25,0.28846153846153844,0.25744067176005675,0.25,0.2
18016,9,0.2,0.13333333333333333,0.14606834984270645,0.1111111111111111,0.2,0.2222222222222222,0.12962962962962962,0.10122860821230019,0.2222222222222222,0.2
3471,19,0.4,0.6,0.5531464700081437,0.10526315789473684,0.4,0.3,0.36363636363636365,0.4225749983705864,0.15789473684210525,0.3
19027,29,0.4,0.6,0.5531464700081437,0.06896551724137931,0.4,0.5,0.49090909090909085,0.5653701424067237,0.1724137931034483,0.5
20831,7,0.4,0.3333333333333333,0.31564845247951445,0.2857142857142857,0.4,0.2857142857142857,0.3061224489795918,0.2558209594125083,0.2857142857142857,0.2
17934,3,0.0,0.0,0.0,0.0,0.0,0.0,0.0,0.0,0.0,0.0
19277,7,0.2,0.26666666666666666,0.2139862647345275,0.14285714285714285,0.2,0.2857142857142857,0.2653061224489796,0.265053101293003,0.2857142857142857,0.2
15115,19,0.6,0.7999999999999999,0.7227265726449518,0.15789473684210525,0.6,0.6,0.6363636363636365,0.6772733739526909,0.3157894736842105,0.6
7318,8,0.2,0.3333333333333333,0.33916020527361607,0.125,0.2,0.125,0.1923076923076923,0.2529427027676571,0.125,0.1
12974,9,0.2,0.26666666666666666,0.2139862647345275,0.1111111111111111,0.2,0.1111111111111111,0.16666666666666666,0.14829723057014907,0.1111111111111111,0.1
19018,1,1.0,0.0,0.0,1.0,0.2,1.0,0.0,0.0,1.0,0.1
19256,4,0.25,0.28571428571428575,0.2463023887407299,0.25,0.2,0.25,0.2647058823529412,0.2463023887407299,0.25,0.1
1946,2,0.0,0.0,0.0,0.0,0.0,0.0,0.0,0.0,0.0,0.0
19955,4,0.25,0.14285714285714288,0.16812753627111746,0.25,0.2,0.5,0.20588235294117643,0.16812753627111746,0.5,0.2
13301,16,0.8,0.8000000000000002,0.8304198973631919,0.25,0.8,0.4,0.5818181818181818,0.5388856921828065,0.25,0.4
19103,5,0.2,0.3333333333333333,0.33916020527361607,0.2,0.2,0.2,0.25,0.33916020527361607,0.2,0.1
9946,10,0.6,0.6,0.529634717214042,0.3,0.6,0.3,0.43636363636363645,0.34369669139214537,0.3,0.3
4396,4,0.25,0.28571428571428575,0.2463023887407299,0.25,0.2,0.25,0.2647058823529412,0.2463023887407299,0.25,0.1
21166,1,0.0,0.0,0.0,0.0,0.0,0.0,0.0,0.0,0.0,0.0
19469,2,0.0,0.0,0.0,0.0,0.0,0.0,0.0,0.0,0.0,0.0
14378,18,0.4,0.3333333333333333,0.34519134224686926,0.1111111111111111,0.4,0.4,0.4,0.3668007055513128,0.2222222222222222,0.4
13463,3,0.0,0.0,0.0,0.0,0.0,0.0,0.0,0.0,0.0,0.0
6007,18,0.8,0.9333333333333332,0.8687949224876582,0.2222222222222222,0.8,0.9,0.890909090909091,0.914856882358379,0.5,0.9
10467,7,0.0,0.0,0.0,0.0,0.0,0.0,0.0,0.0,0.0,0.0
6352,24,1.0,1.0,1.0,0.20833333333333334,1.0,0.6,0.7818181818181817,0.7183627972686238,0.25,0.6
5997,9,0.0,0.0,0.0,0.0,0.0,0.2222222222222222,0.05555555555555556,0.07414861528507453,0.2222222222222222,0.2
2272,24,1.0,1.0,1.0,0.20833333333333334,1.0,0.8,0.8727272727272727,0.8572048559638626,0.3333333333333333,0.8
7115,4,0.0,0.0,0.0,0.0,0.0,0.25,0.0,0.0,0.25,0.1
15718,8,0.0,0.0,0.0,0.0,0.0,0.0,0.0,0.0,0.0,0.0
19178,1,0.0,0.0,0.0,0.0,0.0,0.0,0.0,0.0,0.0,0.0
3538,3,0.0,0.0,0.0,0.0,0.0,0.0,0.0,0.0,0.0,0.0
19755,21,0.6,0.5333333333333333,0.5147714448836773,0.14285714285714285,0.6,0.5,0.5818181818181819,0.48581363574225095,0.23809523809523808,0.5
10710,3,0.6666666666666666,0.4166666666666667,0.46927872602275644,0.6666666666666666,0.4,0.6666666666666666,0.37037037037037035,0.46927872602275644,0.6666666666666666,0.2
5558,7,0.0,0.0,0.0,0.0,0.0,0.14285714285714285,0.0,0.0,0.14285714285714285,0.1
10043,2,0.0,0.0,0.0,0.0,0.0,0.0,0.0,0.0,0.0,0.0
4089,3,0.3333333333333333,0.25,0.23463936301137822,0.3333333333333333,0.2,0.3333333333333333,0.2962962962962963,0.23463936301137822,0.3333333333333333,0.1
10742,14,1.0,1.0,1.0,0.35714285714285715,1.0,0.6,0.8181818181818182,0.727329844310522,0.42857142857142855,0.6
3038,12,0.2,0.06666666666666665,0.13120507751234176,0.08333333333333333,0.2,0.1,0.10909090909090909,0.08514311764162097,0.08333333333333333,0.1
10884,19,0.6,0.7999999999999999,0.7227265726449518,0.15789473684210525,0.6,0.4,0.5090909090909091,0.5326208815196265,0.21052631578947367,0.4
17849,13,0.0,0.0,0.0,0.0,0.0,0.1,0.07272727272727274,0.07336392209936006,0.07692307692307693,0.1
100,3,0.0,0.0,0.0,0.0,0.0,0.0,0.0,0.0,0.0,0.0
17542,5,0.4,0.4666666666666666,0.48522855511632257,0.4,0.4,0.4,0.425,0.48522855511632257,0.4,0.2
177,4,0.0,0.0,0.0,0.0,0.0,0.0,0.0,0.0,0.0,0.0
14812,2,0.5,0.5555555555555556,0.6131471927654584,0.5,0.2,0.5,0.5263157894736842,0.6131471927654584,0.5,0.1
18486,11,0.4,0.4000000000000001,0.3600546145772339,0.18181818181818182,0.4,0.5,0.509090909090909,0.45484422125791785,0.45454545454545453,0.5
21883,1,0.0,0.0,0.0,0.0,0.0,0.0,0.0,0.0,0.0,0.0
22438,4,0.0,0.0,0.0,0.0,0.0,0.0,0.0,0.0,0.0,0.0
9737,4,0.75,0.8571428571428572,0.8318724637288825,0.75,0.6,0.75,0.7941176470588235,0.8318724637288825,0.75,0.3
8162,15,0.2,0.13333333333333333,0.14606834984270645,0.06666666666666667,0.2,0.3,0.21818181818181817,0.23047380976071705,0.2,0.3
10198,7,0.0,0.0,0.0,0.0,0.0,0.14285714285714285,0.0,0.0,0.14285714285714285,0.1
232,5,0.2,0.26666666666666666,0.2139862647345275,0.2,0.2,0.2,0.225,0.2139862647345275,0.2,0.1
20398,1,0.0,0.0,0.0,0.0,0.0,0.0,0.0,0.0,0.0,0.0
10270,18,0.2,0.3333333333333333,0.33916020527361607,0.05555555555555555,0.2,0.3,0.2727272727272727,0.3557772116892464,0.16666666666666666,0.3
6624,17,1.0,1.0,1.0,0.29411764705882354,1.0,0.7,0.8545454545454546,0.7917267193679839,0.4117647058823529,0.7
19602,1,0.0,0.0,0.0,0.0,0.0,0.0,0.0,0.0,0.0,0.0
9151,4,0.25,0.0,0.0,0.25,0.2,0.25,0.0,0.0,0.25,0.1
14605,1,0.0,0.0,0.0,0.0,0.0,0.0,0.0,0.0,0.0,0.0
15614,4,0.5,0.35714285714285715,0.39038004999210163,0.5,0.4,0.75,0.2941176470588235,0.39038004999210163,0.75,0.3
22205,4,0.0,0.0,0.0,0.0,0.0,0.0,0.0,0.0,0.0,0.0
8523,19,0.6,0.7999999999999999,0.7227265726449518,0.15789473684210525,0.6,0.4,0.5272727272727273,0.5352543167750639,0.21052631578947367,0.4
4385,12,0.2,0.13333333333333333,0.14606834984270645,0.08333333333333333,0.2,0.1,0.12727272727272726,0.09478836436955078,0.08333333333333333,0.1
6127,3,0.0,0.0,0.0,0.0,0.0,0.0,0.0,0.0,0.0,0.0
11007,15,0.6,0.6,0.529634717214042,0.2,0.6,0.3,0.43636363636363645,0.34369669139214537,0.2,0.3
3993,1,0.0,0.0,0.0,0.0,0.0,0.0,0.0,0.0,0.0,0.0
11552,3,0.0,0.0,0.0,0.0,0.0,0.0,0.0,0.0,0.0,0.0
18855,20,0.8,0.8000000000000002,0.8304198973631919,0.2,0.8,0.5,0.6545454545454544,0.6122496142821665,0.25,0.5
17892,3,0.0,0.0,0.0,0.0,0.0,0.0,0.0,0.0,0.0,0.0
22159,5,0.0,0.0,0.0,0.0,0.0,0.0,0.0,0.0,0.0,0.0
21031,7,0.2,0.26666666666666666,0.2139862647345275,0.14285714285714285,0.2,0.14285714285714285,0.18367346938775508,0.17342765698823942,0.14285714285714285,0.1
10461,4,0.0,0.0,0.0,0.0,0.0,0.0,0.0,0.0,0.0,0.0
1009,1,0.0,0.0,0.0,0.0,0.0,0.0,0.0,0.0,0.0,0.0
258,9,0.6,0.6,0.6399453854227659,0.3333333333333333,0.6,0.5555555555555556,0.611111111111111,0.6055697852113955,0.5555555555555556,0.5
13651,28,0.4,0.26666666666666666,0.3007851801491498,0.07142857142857142,0.4,0.4,0.41818181818181815,0.34695119186869644,0.14285714285714285,0.4
7814,2,0.0,0.0,0.0,0.0,0.0,0.0,0.0,0.0,0.0,0.0
9100,9,0.2,0.3333333333333333,0.33916020527361607,0.1111111111111111,0.2,0.2222222222222222,0.2222222222222222,0.30580131013556594,0.2222222222222222,0.2
12602,5,0.8,0.9333333333333332,0.8687949224876582,0.8,0.8,0.8,0.8500000000000001,0.8687949224876582,0.8,0.4
10233,3,0.3333333333333333,0.0,0.0,0.3333333333333333,0.2,0.3333333333333333,0.0,0.0,0.3333333333333333,0.1
10640,2,0.5,0.4444444444444445,0.3868528072345415,0.5,0.2,0.5,0.4736842105263158,0.3868528072345415,0.5,0.1
8806,17,0.0,0.0,0.0,0.0,0.0,0.2,0.054545454545454536,0.12987501165334073,0.11764705882352941,0.2
20576,1,0.0,0.0,0.0,0.0,0.0,1.0,0.0,0.0,1.0,0.1
1708,1,1.0,1.0,1.0,1.0,0.2,1.0,1.0,1.0,1.0,0.1
17220,2,0.0,0.0,0.0,0.0,0.0,0.5,0.0,0.0,0.5,0.1
8079,16,0.6,0.6,0.6399453854227659,0.1875,0.6,0.4,0.47272727272727266,0.48153499054313026,0.25,0.4
14574,1,1.0,0.0,0.0,1.0,0.2,1.0,0.0,0.0,1.0,0.1
7263,3,0.0,0.0,0.0,0.0,0.0,0.0,0.0,0.0,0.0,0.0
9696,16,0.4,0.4000000000000001,0.3600546145772339,0.125,0.4,0.3,0.32727272727272727,0.2999050316974943,0.1875,0.3
5402,6,0.0,0.0,0.0,0.0,0.0,0.0,0.0,0.0,0.0,0.0
21899,2,0.0,0.0,0.0,0.0,0.0,0.0,0.0,0.0,0.0,0.0
9400,1,0.0,0.0,0.0,0.0,0.0,0.0,0.0,0.0,0.0,0.0
20538,25,0.0,0.0,0.0,0.0,0.0,0.0,0.0,0.0,0.0,0.0
21896,2,1.0,0.5555555555555556,0.6131471927654584,1.0,0.4,1.0,0.5263157894736842,0.6131471927654584,1.0,0.2
7214,4,0.5,0.5714285714285715,0.5855700749881524,0.5,0.4,0.75,0.5294117647058824,0.5855700749881524,0.75,0.3
13739,3,0.6666666666666666,0.4166666666666667,0.46927872602275644,0.6666666666666666,0.4,0.6666666666666666,0.37037037037037035,0.46927872602275644,0.6666666666666666,0.2
18759,1,0.0,0.0,0.0,0.0,0.0,0.0,0.0,0.0,0.0,0.0
20632,3,0.0,0.0,0.0,0.0,0.0,0.0,0.0,0.0,0.0,0.0
1855,2,0.0,0.0,0.0,0.0,0.0,0.0,0.0,0.0,0.0,0.0
18750,23,0.0,0.0,0.0,0.0,0.0,0.0,0.0,0.0,0.0,0.0
200,2,0.0,0.0,0.0,0.0,0.0,0.0,0.0,0.0,0.0,0.0
19398,6,0.2,0.19999999999999998,0.16958010263680803,0.16666666666666666,0.2,0.16666666666666666,0.17777777777777778,0.15130120674940672,0.16666666666666666,0.1
20546,5,0.2,0.19999999999999998,0.16958010263680803,0.2,0.2,0.2,0.2,0.16958010263680803,0.2,0.1
18628,19,0.6,0.7999999999999999,0.7227265726449518,0.15789473684210525,0.6,0.5,0.5636363636363636,0.6020521034564037,0.2631578947368421,0.5
14857,13,0.0,0.0,0.0,0.0,0.0,0.0,0.0,0.0,0.0,0.0
5037,1,0.0,0.0,0.0,0.0,0.0,0.0,0.0,0.0,0.0,0.0
15401,5,0.2,0.13333333333333333,0.14606834984270645,0.2,0.2,0.2,0.175,0.14606834984270645,0.2,0.1
20492,4,0.0,0.0,0.0,0.0,0.0,0.0,0.0,0.0,0.0,0.0
4706,7,0.4,0.6,0.5531464700081437,0.2857142857142857,0.4,0.42857142857142855,0.38775510204081626,0.4483039899025303,0.42857142857142855,0.3
6262,5,0.0,0.0,0.0,0.0,0.0,0.0,0.0,0.0,0.0,0.0
19200,17,0.4,0.39999999999999997,0.4703652827859578,0.11764705882352941,0.4,0.2,0.29090909090909095,0.3052348839397011,0.11764705882352941,0.2
16576,21,0.2,0.26666666666666666,0.2139862647345275,0.047619047619047616,0.2,0.2,0.21818181818181823,0.20829366581033176,0.09523809523809523,0.2
11064,6,0.4,0.3333333333333333,0.31564845247951445,0.3333333333333333,0.4,0.3333333333333333,0.3333333333333333,0.2816249726597773,0.3333333333333333,0.2
2428,10,0.2,0.3333333333333333,0.33916020527361607,0.1,0.2,0.1,0.18181818181818182,0.22009176629808014,0.1,0.1
7342,14,0.6,0.5333333333333333,0.5147714448836773,0.21428571428571427,0.6,0.3,0.4181818181818182,0.3340514446642156,0.21428571428571427,0.3
17362,14,0.2,0.26666666666666666,0.2139862647345275,0.07142857142857142,0.2,0.1,0.16363636363636364,0.1388624438735545,0.07142857142857142,0.1
6611,16,0.2,0.06666666666666665,0.13120507751234176,0.0625,0.2,0.2,0.12727272727272726,0.14876390584057267,0.125,0.2
16337,26,0.6,0.6,0.529634717214042,0.11538461538461539,0.6,0.3,0.43636363636363645,0.34369669139214537,0.11538461538461539,0.3
4020,3,0.0,0.0,0.0,0.0,0.0,0.6666666666666666,0.0,0.0,0.6666666666666666,0.2
5748,1,0.0,0.0,0.0,0.0,0.0,0.0,0.0,0.0,0.0,0.0
1468,6,0.2,0.19999999999999998,0.16958010263680803,0.16666666666666666,0.2,0.3333333333333333,0.17777777777777778,0.15130120674940672,0.3333333333333333,0.2
14066,3,0.3333333333333333,0.4166666666666667,0.46927872602275644,0.3333333333333333,0.2,0.3333333333333333,0.37037037037037035,0.46927872602275644,0.3333333333333333,0.1
13271,10,0.4,0.39999999999999997,0.4703652827859578,0.2,0.4,0.3,0.32727272727272727,0.37148910739409013,0.3,0.3
15946,3,0.0,0.0,0.0,0.0,0.0,0.0,0.0,0.0,0.0,0.0
6473,1,0.0,0.0,0.0,0.0,0.0,0.0,0.0,0.0,0.0,0.0
17032,9,0.2,0.3333333333333333,0.33916020527361607,0.1111111111111111,0.2,0.2222222222222222,0.27777777777777773,0.3187704634136788,0.2222222222222222,0.2
14742,1,0.0,0.0,0.0,0.0,0.0,0.0,0.0,0.0,0.0,0.0
3431,14,0.4,0.26666666666666666,0.3007851801491498,0.14285714285714285,0.4,0.6,0.49090909090909085,0.4800032020044253,0.42857142857142855,0.6
13286,1,0.0,0.0,0.0,0.0,0.0,0.0,0.0,0.0,0.0,0.0
5371,4,0.0,0.0,0.0,0.0,0.0,0.0,0.0,0.0,0.0,0.0
15224,5,0.4,0.19999999999999998,0.2772734273550482,0.4,0.4,0.6,0.32499999999999996,0.2772734273550482,0.6,0.3
3950,9,0.0,0.0,0.0,0.0,0.0,0.0,0.0,0.0,0.0,0.0
8829,1,0.0,0.0,0.0,0.0,0.0,0.0,0.0,0.0,0.0,0.0
19197,6,0.0,0.0,0.0,0.0,0.0,0.16666666666666666,0.0,0.0,0.16666666666666666,0.1
9991,1,0.0,0.0,0.0,0.0,0.0,0.0,0.0,0.0,0.0,0.0
12272,1,0.0,0.0,0.0,0.0,0.0,0.0,0.0,0.0,0.0,0.0
20491,4,0.25,0.0,0.0,0.25,0.2,0.5,0.0,0.0,0.5,0.2
13161,19,0.4,0.39999999999999997,0.4703652827859578,0.10526315789473684,0.4,0.4,0.4,0.4472539411173281,0.21052631578947367,0.4
4937,2,0.0,0.0,0.0,0.0,0.0,0.0,0.0,0.0,0.0,0.0
21324,3,0.0,0.0,0.0,0.0,0.0,0.0,0.0,0.0,0.0,0.0
13661,3,0.3333333333333333,0.0,0.0,0.3333333333333333,0.2,0.3333333333333333,0.0,0.0,0.3333333333333333,0.1
10811,20,1.0,1.0,1.0,0.25,1.0,0.5,0.7272727272727273,0.6489315753318466,0.25,0.5
5561,7,0.2,0.13333333333333333,0.14606834984270645,0.14285714285714285,0.2,0.14285714285714285,0.14285714285714285,0.11838279295536291,0.14285714285714285,0.1
8299,3,0.0,0.0,0.0,0.0,0.0,0.0,0.0,0.0,0.0,0.0
15674,1,0.0,0.0,0.0,0.0,0.0,0.0,0.0,0.0,0.0,0.0
5511,10,0.2,0.3333333333333333,0.33916020527361607,0.1,0.2,0.1,0.18181818181818182,0.22009176629808014,0.1,0.1
7871,4,0.5,0.5,0.4414924137367807,0.5,0.4,0.5,0.5,0.4414924137367807,0.5,0.2
21775,1,0.0,0.0,0.0,0.0,0.0,0.0,0.0,0.0,0.0,0.0
11866,2,0.0,0.0,0.0,0.0,0.0,0.0,0.0,0.0,0.0,0.0
1464,1,0.0,0.0,0.0,0.0,0.0,0.0,0.0,0.0,0.0,0.0
19506,26,0.4,0.5333333333333333,0.5087403079104241,0.07692307692307693,0.4,0.3,0.4,0.40350157154648025,0.11538461538461539,0.3
12013,1,0.0,0.0,0.0,0.0,0.0,1.0,0.0,0.0,1.0,0.1
19381,3,0.3333333333333333,0.33333333333333337,0.29608191096586517,0.3333333333333333,0.2,0.3333333333333333,0.3333333333333333,0.29608191096586517,0.3333333333333333,0.1
13158,7,0.4,0.19999999999999998,0.2772734273550482,0.2857142857142857,0.4,0.2857142857142857,0.26530612244897955,0.22471947398559272,0.2857142857142857,0.2
14094,5,0.0,0.0,0.0,0.0,0.0,0.2,0.0,0.0,0.2,0.1
8823,6,0.0,0.0,0.0,0.0,0.0,0.0,0.0,0.0,0.0,0.0
17273,15,0.0,0.0,0.0,0.0,0.0,0.1,0.09090909090909091,0.07839826897867533,0.06666666666666667,0.1
20662,12,0.2,0.3333333333333333,0.33916020527361607,0.08333333333333333,0.2,0.2,0.2727272727272727,0.2984900352767555,0.16666666666666666,0.2
5933,11,0.0,0.0,0.0,0.0,0.0,0.0,0.0,0.0,0.0,0.0
6691,4,0.25,0.35714285714285715,0.39038004999210163,0.25,0.2,0.25,0.2941176470588235,0.39038004999210163,0.25,0.1
13863,28,0.4,0.6,0.5531464700081437,0.07142857142857142,0.4,0.5,0.5272727272727273,0.5730379245414763,0.17857142857142858,0.5
21124,13,0.6,0.7999999999999999,0.7227265726449518,0.23076923076923078,0.6,0.3,0.49090909090909096,0.46900009332067477,0.23076923076923078,0.3
1425,6,0.0,0.0,0.0,0.0,0.0,0.16666666666666666,0.0,0.0,0.16666666666666666,0.1
15944,10,0.2,0.3333333333333333,0.33916020527361607,0.1,0.2,0.1,0.18181818181818182,0.22009176629808014,0.1,0.1
20568,1,0.0,0.0,0.0,0.0,0.0,0.0,0.0,0.0,0.0,0.0
8724,1,0.0,0.0,0.0,0.0,0.0,0.0,0.0,0.0,0.0,0.0
14381,2,0.0,0.0,0.0,0.0,0.0,0.0,0.0,0.0,0.0,0.0
10961,3,0.3333333333333333,0.4166666666666667,0.46927872602275644,0.3333333333333333,0.2,0.3333333333333333,0.37037037037037035,0.46927872602275644,0.3333333333333333,0.1
9929,6,0.0,0.0,0.0,0.0,0.0,0.5,0.1111111111111111,0.10778915452451095,0.5,0.3
8850,38,0.6,0.46666666666666673,0.4912596920895757,0.07894736842105263,0.6,0.3,0.4,0.31879392588472627,0.07894736842105263,0.3
19758,1,0.0,0.0,0.0,0.0,0.0,0.0,0.0,0.0,0.0,0.0
7121,4,0.0,0.0,0.0,0.0,0.0,0.0,0.0,0.0,0.0,0.0
4767,11,0.4,0.5333333333333333,0.5087403079104241,0.18181818181818182,0.4,0.3,0.41818181818181815,0.4085359184257955,0.2727272727272727,0.3
16420,4,0.25,0.0,0.0,0.25,0.2,0.25,0.0,0.0,0.25,0.1
406,2,0.0,0.0,0.0,0.0,0.0,0.0,0.0,0.0,0.0,0.0
21833,12,0.0,0.0,0.0,0.0,0.0,0.1,0.07272727272727274,0.07336392209936006,0.08333333333333333,0.1
4275,3,0.0,0.0,0.0,0.0,0.0,0.0,0.0,0.0,0.0,0.0
189,4,0.0,0.0,0.0,0.0,0.0,0.0,0.0,0.0,0.0,0.0
3894,11,0.0,0.0,0.0,0.0,0.0,0.0,0.0,0.0,0.0,0.0
12853,5,0.0,0.0,0.0,0.0,0.0,0.0,0.0,0.0,0.0,0.0
6941,4,0.0,0.0,0.0,0.0,0.0,0.0,0.0,0.0,0.0,0.0
11839,10,0.2,0.26666666666666666,0.2139862647345275,0.1,0.2,0.1,0.16363636363636364,0.1388624438735545,0.1,0.1
12307,1,1.0,1.0,1.0,1.0,0.2,1.0,1.0,1.0,1.0,0.1
3083,4,0.25,0.0,0.0,0.25,0.2,0.25,0.0,0.0,0.25,0.1
8860,35,0.8,0.6666666666666666,0.6608397947263838,0.11428571428571428,0.8,0.7,0.6727272727272728,0.6320787427864673,0.2,0.7
14839,17,0.2,0.3333333333333333,0.33916020527361607,0.058823529411764705,0.2,0.2,0.2,0.2837125544970318,0.11764705882352941,0.2
11718,15,0.4,0.39999999999999997,0.4703652827859578,0.13333333333333333,0.4,0.5,0.4181818181818182,0.5084738176924019,0.3333333333333333,0.5
14158,16,0.6,0.6666666666666666,0.6843515475204854,0.1875,0.6,0.4,0.4727272727272727,0.5077181160122074,0.25,0.4
20686,3,0.0,0.0,0.0,0.0,0.0,0.0,0.0,0.0,0.0,0.0
20579,14,0.4,0.3333333333333333,0.31564845247951445,0.14285714285714285,0.4,0.2,0.2727272727272727,0.20483424751859083,0.14285714285714285,0.2
22015,2,0.0,0.0,0.0,0.0,0.0,0.5,0.0,0.0,0.5,0.1
6799,3,0.0,0.0,0.0,0.0,0.0,0.0,0.0,0.0,0.0,0.0
20015,12,0.2,0.06666666666666665,0.13120507751234176,0.08333333333333333,0.2,0.2,0.12727272727272726,0.14876390584057267,0.16666666666666666,0.2
21927,4,0.0,0.0,0.0,0.0,0.0,0.0,0.0,0.0,0.0,0.0
1498,20,0.4,0.3333333333333333,0.31564845247951445,0.1,0.4,0.3,0.36363636363636365,0.28323251649726616,0.15,0.3
18742,11,0.2,0.26666666666666666,0.2139862647345275,0.09090909090909091,0.2,0.2,0.21818181818181823,0.20829366581033176,0.18181818181818182,0.2
308,1,0.0,0.0,0.0,0.0,0.0,0.0,0.0,0.0,0.0,0.0
13442,21,0.6,0.7999999999999999,0.7227265726449518,0.14285714285714285,0.6,0.5,0.6181818181818183,0.6136525857537392,0.23809523809523808,0.5
6919,7,0.0,0.0,0.0,0.0,0.0,0.0,0.0,0.0,0.0,0.0
18451,1,1.0,1.0,1.0,1.0,0.2,1.0,1.0,1.0,1.0,0.1
6609,4,0.0,0.0,0.0,0.0,0.0,0.0,0.0,0.0,0.0,0.0
4052,23,0.2,0.19999999999999998,0.16958010263680803,0.043478260869565216,0.2,0.4,0.29090909090909095,0.31646181538412904,0.17391304347826086,0.4
4414,8,0.4,0.6,0.5531464700081437,0.25,0.4,0.25,0.36538461538461536,0.4125317798925535,0.25,0.2
6698,1,0.0,0.0,0.0,0.0,0.0,0.0,0.0,0.0,0.0,0.0
18153,6,0.8,0.8000000000000002,0.8304198973631919,0.6666666666666666,0.8,0.8333333333333334,0.711111111111111,0.7409096387260823,0.8333333333333334,0.5
715,5,0.4,0.6,0.5531464700081437,0.4,0.4,0.4,0.475,0.5531464700081437,0.4,0.2
2118,5,0.2,0.06666666666666665,0.13120507751234176,0.2,0.2,0.4,0.15,0.13120507751234176,0.4,0.2
13503,2,0.0,0.0,0.0,0.0,0.0,0.0,0.0,0.0,0.0,0.0
9203,1,0.0,0.0,0.0,0.0,0.0,0.0,0.0,0.0,0.0,0.0
14964,26,0.8,0.6666666666666666,0.6608397947263838,0.15384615384615385,0.8,0.5,0.5818181818181819,0.4950940324881554,0.19230769230769232,0.5
4290,13,0.6,0.6666666666666666,0.6843515475204854,0.23076923076923078,0.6,0.4,0.509090909090909,0.5135285497500329,0.3076923076923077,0.4
3779,22,0.6,0.7999999999999999,0.7227265726449518,0.13636363636363635,0.6,0.4,0.5090909090909091,0.5326208815196265,0.18181818181818182,0.4
4519,3,1.0,0.75,0.7653606369886217,1.0,0.6,1.0,0.7037037037037036,0.7653606369886217,1.0,0.3
14955,11,0.6,0.6666666666666666,0.6548086577531306,0.2727272727272727,0.6,0.4,0.5272727272727272,0.49828993591603105,0.36363636363636365,0.4
21274,20,0.4,0.6,0.5531464700081437,0.1,0.4,0.5,0.49090909090909085,0.5653701424067237,0.25,0.5
2898,8,0.6,0.7333333333333334,0.6992148198508501,0.375,0.6,0.375,0.4999999999999999,0.5214682725103094,0.375,0.3
21194,4,0.0,0.0,0.0,0.0,0.0,0.0,0.0,0.0,0.0,0.0
19387,14,0.0,0.0,0.0,0.0,0.0,0.1,0.018181818181818177,0.0636207881989517,0.07142857142857142,0.1
18631,2,0.5,0.4444444444444445,0.3868528072345415,0.5,0.2,0.5,0.4736842105263158,0.3868528072345415,0.5,0.1
5528,9,0.0,0.0,0.0,0.0,0.0,0.1111111111111111,0.03703703703703703,0.0707557607210806,0.1111111111111111,0.1
16514,4,0.25,0.28571428571428575,0.2463023887407299,0.25,0.2,0.5,0.2647058823529412,0.2463023887407299,0.5,0.2
6996,3,0.6666666666666666,0.6666666666666667,0.7039180890341346,0.6666666666666666,0.4,0.6666666666666666,0.6666666666666666,0.7039180890341346,0.6666666666666666,0.2
20991,3,0.6666666666666666,0.6666666666666667,0.7039180890341346,0.6666666666666666,0.4,0.6666666666666666,0.6666666666666666,0.7039180890341346,0.6666666666666666,0.2
6747,15,0.4,0.4666666666666666,0.48522855511632257,0.13333333333333333,0.4,0.5,0.49090909090909096,0.5302631099446181,0.3333333333333333,0.5
21545,2,0.0,0.0,0.0,0.0,0.0,0.0,0.0,0.0,0.0,0.0
20076,1,0.0,0.0,0.0,0.0,0.0,0.0,0.0,0.0,0.0,0.0
19447,12,0.2,0.3333333333333333,0.33916020527361607,0.08333333333333333,0.2,0.1,0.18181818181818182,0.22009176629808014,0.08333333333333333,0.1
18604,1,0.0,0.0,0.0,0.0,0.0,0.0,0.0,0.0,0.0,0.0
8385,3,0.0,0.0,0.0,0.0,0.0,0.0,0.0,0.0,0.0,0.0
11465,6,0.0,0.0,0.0,0.0,0.0,0.0,0.0,0.0,0.0,0.0
4251,13,0.8,0.8666666666666666,0.8539316501572936,0.3076923076923077,0.8,0.4,0.6000000000000001,0.5541432109622958,0.3076923076923077,0.4
7674,15,0.2,0.26666666666666666,0.2139862647345275,0.06666666666666667,0.2,0.3,0.29090909090909095,0.28165758790969175,0.2,0.3
10411,16,0.0,0.0,0.0,0.0,0.0,0.1,0.018181818181818177,0.0636207881989517,0.0625,0.1
14028,37,0.8,0.7333333333333334,0.7860137352654724,0.10810810810810811,0.8,0.5,0.5818181818181819,0.5736899196572437,0.13513513513513514,0.5
12795,19,1.0,1.0,1.0,0.2631578947368421,1.0,0.7,0.890909090909091,0.800693766409882,0.3684210526315789,0.7
6795,11,0.2,0.3333333333333333,0.33916020527361607,0.09090909090909091,0.2,0.3,0.2727272727272727,0.3570764765963919,0.2727272727272727,0.3
11526,8,0.4,0.3333333333333333,0.31564845247951445,0.25,0.4,0.25,0.28846153846153844,0.23540784400158446,0.25,0.2
18933,2,0.0,0.0,0.0,0.0,0.0,0.0,0.0,0.0,0.0,0.0
18352,12,0.4,0.39999999999999997,0.4703652827859578,0.16666666666666666,0.4,0.3,0.38181818181818183,0.3836331529183764,0.25,0.3
7675,6,0.4,0.39999999999999997,0.4703652827859578,0.3333333333333333,0.4,0.3333333333333333,0.35555555555555557,0.4196650066367769,0.3333333333333333,0.2
9422,2,0.0,0.0,0.0,0.0,0.0,0.0,0.0,0.0,0.0,0.0
3110,8,0.2,0.3333333333333333,0.33916020527361607,0.125,0.2,0.125,0.1923076923076923,0.2529427027676571,0.125,0.1
2248,1,0.0,0.0,0.0,0.0,0.0,0.0,0.0,0.0,0.0,0.0
11457,23,0.8,0.9333333333333332,0.8687949224876582,0.17391304347826086,0.8,0.7,0.7636363636363637,0.7720617383222417,0.30434782608695654,0.7
3785,4,0.5,0.5714285714285715,0.5855700749881524,0.5,0.4,0.5,0.5294117647058824,0.5855700749881524,0.5,0.2
15406,12,0.6,0.46666666666666673,0.4912596920895757,0.25,0.6,0.4,0.43636363636363645,0.3850481493391153,0.3333333333333333,0.4
12066,2,0.0,0.0,0.0,0.0,0.0,0.0,0.0,0.0,0.0,0.0
19959,5,0.0,0.0,0.0,0.0,0.0,0.0,0.0,0.0,0.0,0.0
8583,3,0.3333333333333333,0.4166666666666667,0.46927872602275644,0.3333333333333333,0.2,0.3333333333333333,0.37037037037037035,0.46927872602275644,0.3333333333333333,0.1
7039,2,0.0,0.0,0.0,0.0,0.0,0.0,0.0,0.0,0.0,0.0
2376,2,0.0,0.0,0.0,0.0,0.0,0.0,0.0,0.0,0.0,0.0
21743,17,0.2,0.13333333333333333,0.14606834984270645,0.058823529411764705,0.2,0.1,0.12727272727272726,0.09478836436955078,0.058823529411764705,0.1
20208,10,0.4,0.39999999999999997,0.4703652827859578,0.2,0.4,0.3,0.38181818181818183,0.3836331529183764,0.3,0.3
8971,26,0.6,0.39999999999999997,0.4468535299918562,0.11538461538461539,0.6,0.5,0.509090909090909,0.4346298575932762,0.19230769230769232,0.5
11426,5,0.4,0.5333333333333333,0.5087403079104241,0.4,0.4,0.4,0.45,0.5087403079104241,0.4,0.2
9240,18,0.4,0.39999999999999997,0.4703652827859578,0.1111111111111111,0.4,0.3,0.38181818181818183,0.3836331529183764,0.16666666666666666,0.3
14823,4,0.25,0.2142857142857143,0.19519002499605081,0.25,0.2,0.25,0.23529411764705882,0.19519002499605081,0.25,0.1
5193,3,0.0,0.0,0.0,0.0,0.0,0.0,0.0,0.0,0.0,0.0
16467,1,1.0,0.0,0.0,1.0,0.2,1.0,0.0,0.0,1.0,0.1
6356,8,0.0,0.0,0.0,0.0,0.0,0.125,0.0,0.0,0.125,0.1
14666,6,0.2,0.13333333333333333,0.14606834984270645,0.16666666666666666,0.2,0.5,0.15555555555555556,0.13032376591037065,0.5,0.3
15735,16,0.4,0.3333333333333333,0.31564845247951445,0.125,0.4,0.5,0.47272727272727266,0.42285066205101524,0.3125,0.5
7328,13,0.8,0.8666666666666666,0.8539316501572936,0.3076923076923077,0.8,0.5,0.6909090909090909,0.6325414799409711,0.38461538461538464,0.5
19131,32,0.4,0.6,0.5531464700081437,0.0625,0.4,0.3,0.4,0.4283854321084119,0.09375,0.3
723,2,0.5,0.5555555555555556,0.6131471927654584,0.5,0.2,0.5,0.5263157894736842,0.6131471927654584,0.5,0.1
22373,2,0.0,0.0,0.0,0.0,0.0,0.0,0.0,0.0,0.0,0.0
15721,1,0.0,0.0,0.0,0.0,0.0,0.0,0.0,0.0,0.0,0.0
4236,8,0.2,0.26666666666666666,0.2139862647345275,0.125,0.2,0.125,0.17307692307692307,0.1595890771248963,0.125,0.1
19009,11,0.0,0.0,0.0,0.0,0.0,0.2,0.16363636363636364,0.1517621910780354,0.18181818181818182,0.2
3319,4,0.0,0.0,0.0,0.0,0.0,0.0,0.0,0.0,0.0,0.0
11316,1,0.0,0.0,0.0,0.0,0.0,0.0,0.0,0.0,0.0,0.0
4506,4,1.0,0.7142857142857143,0.7536976112592699,1.0,0.8,1.0,0.7352941176470588,0.7536976112592699,1.0,0.4
4258,3,0.3333333333333333,0.4166666666666667,0.46927872602275644,0.3333333333333333,0.2,0.3333333333333333,0.37037037037037035,0.46927872602275644,0.3333333333333333,0.1
20207,2,0.0,0.0,0.0,0.0,0.0,0.0,0.0,0.0,0.0,0.0
19550,1,0.0,0.0,0.0,0.0,0.0,0.0,0.0,0.0,0.0,0.0
17611,8,0.0,0.0,0.0,0.0,0.0,0.0,0.0,0.0,0.0,0.0
20681,8,0.2,0.26666666666666666,0.2139862647345275,0.125,0.2,0.125,0.17307692307692307,0.1595890771248963,0.125,0.1
17643,9,0.2,0.3333333333333333,0.33916020527361607,0.1111111111111111,0.2,0.2222222222222222,0.27777777777777773,0.3187704634136788,0.2222222222222222,0.2
2370,9,0.2,0.3333333333333333,0.33916020527361607,0.1111111111111111,0.2,0.1111111111111111,0.18518518518518517,0.23504554941448538,0.1111111111111111,0.1
769,9,0.2,0.06666666666666665,0.13120507751234176,0.1111111111111111,0.2,0.1111111111111111,0.1111111111111111,0.09092803061897882,0.1111111111111111,0.1
1117,6,0.6,0.7999999999999999,0.7227265726449518,0.5,0.6,0.5,0.6000000000000001,0.6448244864271548,0.5,0.3
4480,1,0.0,0.0,0.0,0.0,0.0,0.0,0.0,0.0,0.0,0.0
10177,13,0.6,0.6666666666666666,0.6548086577531306,0.23076923076923078,0.6,0.5,0.5090909090909091,0.5548010254700118,0.38461538461538464,0.5
21578,5,0.0,0.0,0.0,0.0,0.0,0.0,0.0,0.0,0.0,0.0
10670,12,0.2,0.3333333333333333,0.33916020527361607,0.08333333333333333,0.2,0.2,0.23636363636363636,0.2895229882348574,0.16666666666666666,0.2
13691,1,1.0,0.0,0.0,1.0,0.2,1.0,0.0,0.0,1.0,0.1
22292,14,0.4,0.4666666666666666,0.38356636737133554,0.14285714285714285,0.4,0.2,0.30909090909090914,0.24890832702259458,0.14285714285714285,0.2
16166,16,0.4,0.4666666666666666,0.38356636737133554,0.125,0.4,0.3,0.4,0.3273065960012699,0.1875,0.3
875,2,0.0,0.0,0.0,0.0,0.0,0.0,0.0,0.0,0.0,0.0
10158,1,0.0,0.0,0.0,0.0,0.0,0.0,0.0,0.0,0.0,0.0
14639,12,0.8,0.7333333333333334,0.7860137352654724,0.3333333333333333,0.8,0.5,0.6545454545454545,0.5884674004369673,0.4166666666666667,0.5
206,20,0.2,0.3333333333333333,0.33916020527361607,0.05,0.2,0.2,0.2,0.2837125544970318,0.1,0.2
9213,2,0.0,0.0,0.0,0.0,0.0,0.0,0.0,0.0,0.0,0.0
12300,2,0.0,0.0,0.0,0.0,0.0,0.0,0.0,0.0,0.0,0.0
14642,3,0.3333333333333333,0.33333333333333337,0.29608191096586517,0.3333333333333333,0.2,0.3333333333333333,0.3333333333333333,0.29608191096586517,0.3333333333333333,0.1
22212,1,0.0,0.0,0.0,0.0,0.0,0.0,0.0,0.0,0.0,0.0
1995,22,0.6,0.7999999999999999,0.7227265726449518,0.13636363636363635,0.6,0.3,0.49090909090909096,0.46900009332067477,0.13636363636363635,0.3
15666,2,0.0,0.0,0.0,0.0,0.0,0.0,0.0,0.0,0.0,0.0
10601,20,0.8,0.9333333333333332,0.8687949224876582,0.2,0.8,0.7,0.7454545454545454,0.7670273914429264,0.35,0.7
6850,3,0.3333333333333333,0.4166666666666667,0.46927872602275644,0.3333333333333333,0.2,0.3333333333333333,0.37037037037037035,0.46927872602275644,0.3333333333333333,0.1
6541,6,0.4,0.5333333333333333,0.5087403079104241,0.3333333333333333,0.4,0.6666666666666666,0.4,0.4539036202482201,0.6666666666666666,0.4
21621,11,0.0,0.0,0.0,0.0,0.0,0.1,0.09090909090909091,0.07839826897867533,0.09090909090909091,0.1
20791,3,0.0,0.0,0.0,0.0,0.0,0.0,0.0,0.0,0.0,0.0
2802,13,0.2,0.3333333333333333,0.33916020527361607,0.07692307692307693,0.2,0.2,0.21818181818181817,0.28634598975246917,0.15384615384615385,0.2
7147,3,0.0,0.0,0.0,0.0,0.0,0.0,0.0,0.0,0.0,0.0
10406,2,0.0,0.0,0.0,0.0,0.0,0.0,0.0,0.0,0.0,0.0
15655,5,0.0,0.0,0.0,0.0,0.0,0.0,0.0,0.0,0.0,0.0
14859,3,0.0,0.0,0.0,0.0,0.0,0.0,0.0,0.0,0.0,0.0
3144,1,0.0,0.0,0.0,0.0,0.0,0.0,0.0,0.0,0.0,0.0
16878,7,0.2,0.3333333333333333,0.33916020527361607,0.14285714285714285,0.2,0.14285714285714285,0.2040816326530612,0.27487633291429087,0.14285714285714285,0.1
13312,10,0.2,0.06666666666666665,0.13120507751234176,0.1,0.2,0.1,0.10909090909090909,0.08514311764162097,0.1,0.1
10977,1,0.0,0.0,0.0,0.0,0.0,0.0,0.0,0.0,0.0,0.0
4813,7,0.0,0.0,0.0,0.0,0.0,0.14285714285714285,0.1020408163265306,0.0979129253499678,0.14285714285714285,0.1
16386,1,0.0,0.0,0.0,0.0,0.0,0.0,0.0,0.0,0.0,0.0
6642,2,0.0,0.0,0.0,0.0,0.0,0.0,0.0,0.0,0.0,0.0
17607,2,0.0,0.0,0.0,0.0,0.0,0.5,0.0,0.0,0.5,0.1
3815,6,0.2,0.26666666666666666,0.2139862647345275,0.16666666666666666,0.2,0.3333333333333333,0.2,0.1909208661789346,0.3333333333333333,0.2
10164,8,0.2,0.3333333333333333,0.33916020527361607,0.125,0.2,0.125,0.1923076923076923,0.2529427027676571,0.125,0.1
1287,4,0.0,0.0,0.0,0.0,0.0,0.0,0.0,0.0,0.0,0.0
20750,6,0.0,0.0,0.0,0.0,0.0,0.0,0.0,0.0,0.0,0.0
10186,3,0.0,0.0,0.0,0.0,0.0,0.3333333333333333,0.0,0.0,0.3333333333333333,0.1
19264,2,0.0,0.0,0.0,0.0,0.0,0.0,0.0,0.0,0.0,0.0
17576,2,0.5,0.5555555555555556,0.6131471927654584,0.5,0.2,0.5,0.5263157894736842,0.6131471927654584,0.5,0.1
16212,2,0.5,0.4444444444444445,0.3868528072345415,0.5,0.2,0.5,0.4736842105263158,0.3868528072345415,0.5,0.1
10627,6,0.4,0.5333333333333333,0.5087403079104241,0.3333333333333333,0.4,0.5,0.4,0.4539036202482201,0.5,0.3
13380,5,0.0,0.0,0.0,0.0,0.0,0.2,0.0,0.0,0.2,0.1
1983,6,0.2,0.06666666666666665,0.13120507751234176,0.16666666666666666,0.2,0.16666666666666666,0.13333333333333333,0.11706259313796352,0.16666666666666666,0.1
11890,25,0.4,0.5333333333333333,0.5087403079104241,0.08,0.4,0.2,0.32727272727272727,0.3301376494471202,0.08,0.2
15583,32,0.8,0.8000000000000002,0.8304198973631919,0.125,0.8,0.7,0.7818181818181817,0.756902106715231,0.21875,0.7
4747,1,0.0,0.0,0.0,0.0,0.0,0.0,0.0,0.0,0.0,0.0
10246,7,0.0,0.0,0.0,0.0,0.0,0.14285714285714285,0.08163265306122448,0.09162544430476363,0.14285714285714285,0.1
21893,5,0.2,0.19999999999999998,0.16958010263680803,0.2,0.2,0.4,0.2,0.16958010263680803,0.4,0.2
18918,3,0.0,0.0,0.0,0.0,0.0,0.3333333333333333,0.0,0.0,0.3333333333333333,0.1
21698,2,0.5,0.0,0.0,0.5,0.2,1.0,0.0,0.0,1.0,0.2
16294,3,0.0,0.0,0.0,0.0,0.0,0.0,0.0,0.0,0.0,0.0
18032,4,0.0,0.0,0.0,0.0,0.0,0.0,0.0,0.0,0.0,0.0
20313,14,0.2,0.3333333333333333,0.33916020527361607,0.07142857142857142,0.2,0.2,0.2545454545454545,0.29345568839744024,0.14285714285714285,0.2
12802,5,0.6,0.7333333333333334,0.6992148198508501,0.6,0.6,0.6,0.6499999999999999,0.6992148198508501,0.6,0.3
8163,4,0.0,0.0,0.0,0.0,0.0,0.0,0.0,0.0,0.0,0.0
8617,8,0.0,0.0,0.0,0.0,0.0,0.125,0.0,0.0,0.125,0.1
3257,6,0.4,0.4000000000000001,0.3600546145772339,0.3333333333333333,0.4,0.3333333333333333,0.35555555555555557,0.32124463208930526,0.3333333333333333,0.2
18376,3,0.0,0.0,0.0,0.0,0.0,0.0,0.0,0.0,0.0,0.0
6166,3,0.0,0.0,0.0,0.0,0.0,0.3333333333333333,0.0,0.0,0.3333333333333333,0.1
18570,1,0.0,0.0,0.0,0.0,0.0,1.0,0.0,0.0,1.0,0.1
20664,7,0.2,0.26666666666666666,0.2139862647345275,0.14285714285714285,0.2,0.14285714285714285,0.18367346938775508,0.17342765698823942,0.14285714285714285,0.1
1757,6,0.0,0.0,0.0,0.0,0.0,0.0,0.0,0.0,0.0,0.0
4727,29,1.0,1.0,1.0,0.1724137931034483,1.0,0.8,0.8727272727272727,0.8553475075669357,0.27586206896551724,0.8
1944,2,0.0,0.0,0.0,0.0,0.0,0.0,0.0,0.0,0.0,0.0
9489,4,0.25,0.2142857142857143,0.19519002499605081,0.25,0.2,0.5,0.23529411764705882,0.19519002499605081,0.5,0.2
16897,25,0.2,0.13333333333333333,0.14606834984270645,0.04,0.2,0.1,0.12727272727272726,0.09478836436955078,0.04,0.1
17426,1,0.0,0.0,0.0,0.0,0.0,0.0,0.0,0.0,0.0,0.0
7409,4,0.5,0.42857142857142866,0.41442992501184733,0.5,0.4,0.75,0.47058823529411764,0.41442992501184733,0.75,0.3
20523,11,0.2,0.13333333333333333,0.14606834984270645,0.09090909090909091,0.2,0.2,0.18181818181818182,0.16421958630632802,0.18181818181818182,0.2
2443,11,0.4,0.5333333333333333,0.5087403079104241,0.18181818181818182,0.4,0.2,0.32727272727272727,0.3301376494471202,0.18181818181818182,0.2
7667,1,0.0,0.0,0.0,0.0,0.0,1.0,0.0,0.0,1.0,0.1
17375,2,0.0,0.0,0.0,0.0,0.0,0.0,0.0,0.0,0.0,0.0
6243,2,0.5,0.4444444444444445,0.3868528072345415,0.5,0.2,0.5,0.4736842105263158,0.3868528072345415,0.5,0.1
8965,4,0.0,0.0,0.0,0.0,0.0,0.0,0.0,0.0,0.0,0.0
15905,17,0.4,0.4666666666666666,0.48522855511632257,0.11764705882352941,0.4,0.4,0.43636363636363645,0.45767527470376823,0.23529411764705882,0.4
18464,17,0.0,0.0,0.0,0.0,0.0,0.1,0.018181818181818177,0.0636207881989517,0.058823529411764705,0.1
8031,6,0.4,0.3333333333333333,0.31564845247951445,0.3333333333333333,0.4,0.3333333333333333,0.3333333333333333,0.2816249726597773,0.3333333333333333,0.2
9233,1,0.0,0.0,0.0,0.0,0.0,0.0,0.0,0.0,0.0,0.0
18103,1,0.0,0.0,0.0,0.0,0.0,0.0,0.0,0.0,0.0,0.0
6593,26,0.8,0.8666666666666666,0.8539316501572936,0.15384615384615385,0.8,0.6,0.7272727272727273,0.6969383549984332,0.23076923076923078,0.6
14090,4,0.0,0.0,0.0,0.0,0.0,0.0,0.0,0.0,0.0,0.0
13844,9,0.2,0.26666666666666666,0.2139862647345275,0.1111111111111111,0.2,0.1111111111111111,0.16666666666666666,0.14829723057014907,0.1111111111111111,0.1
12905,20,0.0,0.0,0.0,0.0,0.0,0.0,0.0,0.0,0.0,0.0
5517,3,0.3333333333333333,0.0,0.0,0.3333333333333333,0.2,0.3333333333333333,0.0,0.0,0.3333333333333333,0.1
7958,16,0.4,0.3333333333333333,0.34519134224686926,0.125,0.4,0.5,0.45454545454545453,0.43938854079216255,0.3125,0.5
19185,16,0.8,0.6666666666666666,0.6608397947263838,0.25,0.8,0.7,0.7636363636363637,0.6500332220485789,0.4375,0.7
7520,1,0.0,0.0,0.0,0.0,0.0,0.0,0.0,0.0,0.0,0.0
18378,13,0.4,0.6,0.5531464700081437,0.15384615384615385,0.4,0.3,0.41818181818181815,0.43231813227099475,0.23076923076923078,0.3
16527,2,0.0,0.0,0.0,0.0,0.0,0.0,0.0,0.0,0.0,0.0
19219,3,0.6666666666666666,0.4166666666666667,0.46927872602275644,0.6666666666666666,0.4,0.6666666666666666,0.37037037037037035,0.46927872602275644,0.6666666666666666,0.2
1579,8,0.0,0.0,0.0,0.0,0.0,0.0,0.0,0.0,0.0,0.0
12419,7,0.0,0.0,0.0,0.0,0.0,0.14285714285714285,0.1020408163265306,0.0979129253499678,0.14285714285714285,0.1
4898,9,0.4,0.6,0.5531464700081437,0.2222222222222222,0.4,0.3333333333333333,0.4444444444444444,0.4670676939838279,0.3333333333333333,0.3
11041,1,0.0,0.0,0.0,0.0,0.0,0.0,0.0,0.0,0.0,0.0
10230,6,0.2,0.3333333333333333,0.33916020527361607,0.16666666666666666,0.2,0.16666666666666666,0.2222222222222222,0.30260241349881345,0.16666666666666666,0.1
6088,11,0.6,0.39999999999999997,0.4468535299918562,0.2727272727272727,0.6,0.5,0.5272727272727273,0.4378068560756644,0.45454545454545453,0.5
10476,6,0.0,0.0,0.0,0.0,0.0,0.0,0.0,0.0,0.0,0.0
5644,7,0.4,0.6,0.5531464700081437,0.2857142857142857,0.4,0.42857142857142855,0.4693877551020407,0.539929434207294,0.42857142857142855,0.3
15002,4,0.5,0.42857142857142866,0.41442992501184733,0.5,0.4,0.5,0.47058823529411764,0.41442992501184733,0.5,0.2
16188,1,0.0,0.0,0.0,0.0,0.0,0.0,0.0,0.0,0.0,0.0
6667,10,0.0,0.0,0.0,0.0,0.0,0.0,0.0,0.0,0.0,0.0
10861,3,0.0,0.0,0.0,0.0,0.0,0.0,0.0,0.0,0.0,0.0
4127,4,0.75,0.7857142857142858,0.8048099750039491,0.75,0.6,0.75,0.764705882352941,0.8048099750039491,0.75,0.3
19734,2,0.0,0.0,0.0,0.0,0.0,0.0,0.0,0.0,0.0,0.0
6414,1,0.0,0.0,0.0,0.0,0.0,0.0,0.0,0.0,0.0,0.0
3363,12,0.4,0.6,0.5531464700081437,0.16666666666666666,0.4,0.2,0.34545454545454546,0.3589542101716347,0.16666666666666666,0.2
15503,16,0.2,0.3333333333333333,0.33916020527361607,0.0625,0.2,0.2,0.21818181818181817,0.28634598975246917,0.125,0.2
8760,12,0.2,0.3333333333333333,0.33916020527361607,0.08333333333333333,0.2,0.3,0.2727272727272727,0.3557772116892464,0.25,0.3
2409,26,0.6,0.7333333333333334,0.6992148198508501,0.11538461538461539,0.6,0.5,0.6,0.5983950669742498,0.19230769230769232,0.5
1727,21,0.8,0.8666666666666666,0.8539316501572936,0.19047619047619047,0.8,0.6,0.7636363636363637,0.7059054020403311,0.2857142857142857,0.6
16588,5,0.2,0.06666666666666665,0.13120507751234176,0.2,0.2,0.4,0.15,0.13120507751234176,0.4,0.2
13232,26,0.6,0.46666666666666673,0.4912596920895757,0.11538461538461539,0.6,0.7,0.6181818181818182,0.6004311286161024,0.2692307692307692,0.7
13692,21,0.2,0.3333333333333333,0.33916020527361607,0.047619047619047616,0.2,0.2,0.2545454545454545,0.29345568839744024,0.09523809523809523,0.2
22325,1,0.0,0.0,0.0,0.0,0.0,0.0,0.0,0.0,0.0,0.0
5581,23,0.6,0.7999999999999999,0.7227265726449518,0.13043478260869565,0.6,0.7,0.7090909090909091,0.750637296052051,0.30434782608695654,0.7
4803,3,0.3333333333333333,0.25,0.23463936301137822,0.3333333333333333,0.2,0.3333333333333333,0.2962962962962963,0.23463936301137822,0.3333333333333333,0.1
8409,27,0.6,0.6666666666666666,0.6843515475204854,0.1111111111111111,0.6,0.3,0.45454545454545453,0.44409732781325567,0.1111111111111111,0.3
1976,1,0.0,0.0,0.0,0.0,0.0,0.0,0.0,0.0,0.0,0.0
2430,38,0.2,0.13333333333333333,0.14606834984270645,0.02631578947368421,0.2,0.2,0.2,0.16815228646891084,0.05263157894736842,0.2
5977,2,0.0,0.0,0.0,0.0,0.0,0.0,0.0,0.0,0.0,0.0
10761,12,0.0,0.0,0.0,0.0,0.0,0.1,0.09090909090909091,0.07839826897867533,0.08333333333333333,0.1
6237,10,0.2,0.13333333333333333,0.14606834984270645,0.1,0.2,0.1,0.12727272727272726,0.09478836436955078,0.1,0.1
5728,3,0.0,0.0,0.0,0.0,0.0,0.0,0.0,0.0,0.0,0.0
12525,11,0.2,0.06666666666666665,0.13120507751234176,0.09090909090909091,0.2,0.1,0.10909090909090909,0.08514311764162097,0.09090909090909091,0.1
18520,1,0.0,0.0,0.0,0.0,0.0,0.0,0.0,0.0,0.0,0.0
12009,9,0.2,0.26666666666666666,0.2139862647345275,0.1111111111111111,0.2,0.1111111111111111,0.16666666666666666,0.14829723057014907,0.1111111111111111,0.1
10645,2,0.0,0.0,0.0,0.0,0.0,0.0,0.0,0.0,0.0,0.0
5408,2,0.5,0.0,0.0,0.5,0.2,0.5,0.0,0.0,0.5,0.1
17421,13,0.4,0.4000000000000001,0.3600546145772339,0.15384615384615385,0.4,0.4,0.34545454545454546,0.363525819896446,0.3076923076923077,0.4
18135,18,0.6,0.6666666666666666,0.6548086577531306,0.16666666666666666,0.6,0.6,0.6545454545454544,0.6429424283490954,0.3333333333333333,0.6
7575,4,0.5,0.5,0.5585075862632192,0.5,0.4,0.5,0.49999999999999994,0.5585075862632192,0.5,0.2
1344,1,1.0,0.0,0.0,1.0,0.2,1.0,0.0,0.0,1.0,0.1
3218,2,0.5,0.0,0.0,0.5,0.2,0.5,0.0,0.0,0.5,0.1
2653,1,0.0,0.0,0.0,0.0,0.0,0.0,0.0,0.0,0.0,0.0
17290,1,0.0,0.0,0.0,0.0,0.0,0.0,0.0,0.0,0.0,0.0
5176,5,0.0,0.0,0.0,0.0,0.0,0.0,0.0,0.0,0.0,0.0
21987,11,0.2,0.3333333333333333,0.33916020527361607,0.09090909090909091,0.2,0.1,0.18181818181818182,0.22009176629808014,0.09090909090909091,0.1
16392,18,0.2,0.26666666666666666,0.2139862647345275,0.05555555555555555,0.2,0.3,0.2545454545454546,0.2745478892647208,0.16666666666666666,0.3
21181,10,0.8,0.8000000000000002,0.8304198973631919,0.4,0.8,0.4,0.5818181818181818,0.5388856921828065,0.4,0.4
18203,1,0.0,0.0,0.0,0.0,0.0,0.0,0.0,0.0,0.0,0.0
1462,20,0.2,0.19999999999999998,0.16958010263680803,0.05,0.2,0.2,0.21818181818181823,0.18340980524840012,0.1,0.2
2198,9,0.4,0.4666666666666666,0.48522855511632257,0.2222222222222222,0.4,0.2222222222222222,0.31481481481481477,0.3362741576267856,0.2222222222222222,0.2
6703,5,0.4,0.4666666666666666,0.48522855511632257,0.4,0.4,0.8,0.425,0.48522855511632257,0.8,0.4
14888,15,0.2,0.3333333333333333,0.33916020527361607,0.06666666666666667,0.2,0.1,0.18181818181818182,0.22009176629808014,0.06666666666666667,0.1
7581,1,0.0,0.0,0.0,0.0,0.0,0.0,0.0,0.0,0.0,0.0
12530,13,0.2,0.26666666666666666,0.2139862647345275,0.07692307692307693,0.2,0.3,0.2545454545454545,0.2758471541718662,0.23076923076923078,0.3
1065,2,0.0,0.0,0.0,0.0,0.0,0.0,0.0,0.0,0.0,0.0
5965,5,0.2,0.19999999999999998,0.16958010263680803,0.2,0.2,0.4,0.2,0.16958010263680803,0.4,0.2
21695,1,0.0,0.0,0.0,0.0,0.0,0.0,0.0,0.0,0.0,0.0
3531,2,0.0,0.0,0.0,0.0,0.0,0.0,0.0,0.0,0.0,0.0
486,23,1.0,1.0,1.0,0.21739130434782608,1.0,0.8,0.9272727272727274,0.866947989864271,0.34782608695652173,0.8
2466,3,0.3333333333333333,0.4166666666666667,0.46927872602275644,0.3333333333333333,0.2,0.3333333333333333,0.37037037037037035,0.46927872602275644,0.3333333333333333,0.1
21070,5,0.0,0.0,0.0,0.0,0.0,0.0,0.0,0.0,0.0,0.0
16544,3,0.0,0.0,0.0,0.0,0.0,0.0,0.0,0.0,0.0,0.0
21344,5,0.0,0.0,0.0,0.0,0.0,0.0,0.0,0.0,0.0,0.0
20685,9,0.0,0.0,0.0,0.0,0.0,0.2222222222222222,0.03703703703703703,0.0707557607210806,0.2222222222222222,0.2
16868,16,0.6,0.7999999999999999,0.7227265726449518,0.1875,0.6,0.4,0.5818181818181819,0.5473983622993501,0.25,0.4
14713,24,0.4,0.4000000000000001,0.3600546145772339,0.08333333333333333,0.4,0.4,0.45454545454545453,0.38541299932114065,0.16666666666666666,0.4
14800,30,0.0,0.0,0.0,0.0,0.0,0.1,0.05454545454545456,0.06943122193677725,0.03333333333333333,0.1
7875,1,0.0,0.0,0.0,0.0,0.0,0.0,0.0,0.0,0.0,0.0
16132,3,0.3333333333333333,0.33333333333333337,0.29608191096586517,0.3333333333333333,0.2,0.3333333333333333,0.3333333333333333,0.29608191096586517,0.3333333333333333,0.1
3396,5,0.2,0.13333333333333333,0.14606834984270645,0.2,0.2,0.2,0.175,0.14606834984270645,0.2,0.1
21912,2,0.0,0.0,0.0,0.0,0.0,0.0,0.0,0.0,0.0,0.0
1409,5,0.2,0.19999999999999998,0.16958010263680803,0.2,0.2,0.4,0.2,0.16958010263680803,0.4,0.2
3567,1,0.0,0.0,0.0,0.0,0.0,0.0,0.0,0.0,0.0,0.0
16557,3,0.3333333333333333,0.25,0.23463936301137822,0.3333333333333333,0.2,0.3333333333333333,0.2962962962962963,0.23463936301137822,0.3333333333333333,0.1
10807,4,0.0,0.0,0.0,0.0,0.0,0.0,0.0,0.0,0.0,0.0
7926,3,0.0,0.0,0.0,0.0,0.0,0.0,0.0,0.0,0.0,0.0
9192,1,0.0,0.0,0.0,0.0,0.0,0.0,0.0,0.0,0.0,0.0
18380,2,0.5,0.0,0.0,0.5,0.2,0.5,0.0,0.0,0.5,0.1
19543,6,0.0,0.0,0.0,0.0,0.0,0.16666666666666666,0.0,0.0,0.16666666666666666,0.1
12808,6,0.0,0.0,0.0,0.0,0.0,0.0,0.0,0.0,0.0,0.0
22460,2,0.5,0.0,0.0,0.5,0.2,0.5,0.0,0.0,0.5,0.1
184,34,0.2,0.26666666666666666,0.2139862647345275,0.029411764705882353,0.2,0.4,0.34545454545454546,0.3529461582433961,0.11764705882352941,0.4
5686,1,0.0,0.0,0.0,0.0,0.0,0.0,0.0,0.0,0.0,0.0
19996,3,0.0,0.0,0.0,0.0,0.0,0.0,0.0,0.0,0.0,0.0
16745,17,0.2,0.26666666666666666,0.2139862647345275,0.058823529411764705,0.2,0.1,0.16363636363636364,0.1388624438735545,0.058823529411764705,0.1
3598,2,0.0,0.0,0.0,0.0,0.0,0.0,0.0,0.0,0.0,0.0
7287,5,0.2,0.3333333333333333,0.33916020527361607,0.2,0.2,0.2,0.25,0.33916020527361607,0.2,0.1
6167,4,0.25,0.2142857142857143,0.19519002499605081,0.25,0.2,0.25,0.23529411764705882,0.19519002499605081,0.25,0.1
16645,3,0.0,0.0,0.0,0.0,0.0,0.0,0.0,0.0,0.0,0.0
12804,12,0.6,0.6666666666666666,0.6843515475204854,0.25,0.6,0.4,0.5454545454545454,0.522495596791931,0.3333333333333333,0.4
20413,29,0.6,0.7999999999999999,0.7227265726449518,0.10344827586206896,0.6,0.6,0.6545454545454545,0.6804503724350791,0.20689655172413793,0.6
20421,4,0.0,0.0,0.0,0.0,0.0,0.0,0.0,0.0,0.0,0.0
18295,5,0.2,0.26666666666666666,0.2139862647345275,0.2,0.2,0.2,0.225,0.2139862647345275,0.2,0.1
18083,7,0.2,0.3333333333333333,0.33916020527361607,0.14285714285714285,0.2,0.14285714285714285,0.2040816326530612,0.27487633291429087,0.14285714285714285,0.1
1057,1,1.0,0.0,0.0,1.0,0.2,1.0,0.0,0.0,1.0,0.1
1808,13,0.8,0.9333333333333332,0.8687949224876582,0.3076923076923077,0.8,0.4,0.6181818181818183,0.5637884576902256,0.3076923076923077,0.4
13989,2,0.0,0.0,0.0,0.0,0.0,0.5,0.0,0.0,0.5,0.1
5212,31,0.4,0.4666666666666666,0.38356636737133554,0.06451612903225806,0.4,0.5,0.49090909090909096,0.46299204139243616,0.16129032258064516,0.5
16249,14,0.4,0.6,0.5531464700081437,0.14285714285714285,0.4,0.3,0.43636363636363634,0.43735247915031,0.21428571428571427,0.3
5035,39,0.2,0.19999999999999998,0.16958010263680803,0.02564102564102564,0.2,0.2,0.2,0.17947710508581735,0.05128205128205128,0.2
9546,2,0.0,0.0,0.0,0.0,0.0,0.0,0.0,0.0,0.0,0.0
9231,14,1.0,1.0,1.0,0.35714285714285715,1.0,0.6,0.8181818181818182,0.727329844310522,0.42857142857142855,0.6
13899,2,0.0,0.0,0.0,0.0,0.0,0.0,0.0,0.0,0.0,0.0
18765,11,0.0,0.0,0.0,0.0,0.0,0.2,0.09090909090909091,0.13568544539116628,0.18181818181818182,0.2
6010,17,0.4,0.6,0.5531464700081437,0.11764705882352941,0.4,0.3,0.36363636363636365,0.4225749983705864,0.17647058823529413,0.3
2107,3,0.0,0.0,0.0,0.0,0.0,0.0,0.0,0.0,0.0,0.0
10835,3,0.3333333333333333,0.4166666666666667,0.46927872602275644,0.3333333333333333,0.2,0.3333333333333333,0.37037037037037035,0.46927872602275644,0.3333333333333333,0.1
2353,19,0.8,0.9333333333333332,0.8687949224876582,0.21052631578947367,0.8,0.5,0.6363636363636365,0.6274092458891773,0.2631578947368421,0.5
7179,3,0.0,0.0,0.0,0.0,0.0,0.0,0.0,0.0,0.0,0.0
15297,10,0.0,0.0,0.0,0.0,0.0,0.1,0.036363636363636355,0.06625422345438903,0.1,0.1
19622,2,0.5,0.5555555555555556,0.6131471927654584,0.5,0.2,0.5,0.5263157894736842,0.6131471927654584,0.5,0.1
4600,23,0.4,0.6,0.5531464700081437,0.08695652173913043,0.4,0.2,0.34545454545454546,0.3589542101716347,0.08695652173913043,0.2
847,1,0.0,0.0,0.0,0.0,0.0,0.0,0.0,0.0,0.0,0.0
17537,3,0.3333333333333333,0.4166666666666667,0.46927872602275644,0.3333333333333333,0.2,0.3333333333333333,0.37037037037037035,0.46927872602275644,0.3333333333333333,0.1
19263,7,0.2,0.13333333333333333,0.14606834984270645,0.14285714285714285,0.2,0.14285714285714285,0.14285714285714285,0.11838279295536291,0.14285714285714285,0.1
19623,6,0.0,0.0,0.0,0.0,0.0,0.3333333333333333,0.0,0.0,0.3333333333333333,0.2
6466,28,0.6,0.7333333333333334,0.6992148198508501,0.10714285714285714,0.6,0.5,0.6,0.5983950669742498,0.17857142857142858,0.5
22469,1,0.0,0.0,0.0,0.0,0.0,0.0,0.0,0.0,0.0,0.0
8187,22,0.4,0.5333333333333333,0.5087403079104241,0.09090909090909091,0.4,0.3,0.36363636363636365,0.39639187290150923,0.13636363636363635,0.3
12030,5,0.2,0.26666666666666666,0.2139862647345275,0.2,0.2,0.2,0.225,0.2139862647345275,0.2,0.1
3905,15,0.6,0.7999999999999999,0.7227265726449518,0.2,0.6,0.5,0.6181818181818183,0.6136525857537392,0.3333333333333333,0.5
16977,20,0.4,0.4666666666666666,0.38356636737133554,0.1,0.4,0.4,0.4,0.38589303732090635,0.2,0.4
7063,1,0.0,0.0,0.0,0.0,0.0,0.0,0.0,0.0,0.0,0.0
3224,9,0.0,0.0,0.0,0.0,0.0,0.0,0.0,0.0,0.0,0.0
15840,32,0.0,0.0,0.0,0.0,0.0,0.0,0.0,0.0,0.0,0.0
22423,3,0.0,0.0,0.0,0.0,0.0,0.0,0.0,0.0,0.0,0.0
20203,6,0.2,0.13333333333333333,0.14606834984270645,0.16666666666666666,0.2,0.5,0.26666666666666666,0.23811292043488155,0.5,0.3
11379,12,0.0,0.0,0.0,0.0,0.0,0.0,0.0,0.0,0.0,0.0
9847,8,0.0,0.0,0.0,0.0,0.0,0.0,0.0,0.0,0.0,0.0
13455,5,0.2,0.06666666666666665,0.13120507751234176,0.2,0.2,0.4,0.15,0.13120507751234176,0.4,0.2
2650,1,0.0,0.0,0.0,0.0,0.0,0.0,0.0,0.0,0.0,0.0
17694,3,0.3333333333333333,0.0,0.0,0.3333333333333333,0.2,0.6666666666666666,0.0,0.0,0.6666666666666666,0.2
14254,8,0.0,0.0,0.0,0.0,0.0,0.0,0.0,0.0,0.0,0.0
6481,17,0.6,0.5333333333333333,0.6164336326286642,0.17647058823529413,0.6,0.6,0.5636363636363636,0.608296528941268,0.35294117647058826,0.6
4496,3,0.3333333333333333,0.33333333333333337,0.29608191096586517,0.3333333333333333,0.2,0.3333333333333333,0.3333333333333333,0.29608191096586517,0.3333333333333333,0.1
5897,6,0.4,0.6,0.5531464700081437,0.3333333333333333,0.4,0.6666666666666666,0.4222222222222222,0.4935232796777481,0.6666666666666666,0.4
4704,24,0.4,0.4000000000000001,0.3600546145772339,0.08333333333333333,0.4,0.6,0.5272727272727272,0.5184650094568696,0.25,0.6
17338,14,0.2,0.3333333333333333,0.33916020527361607,0.07142857142857142,0.2,0.1,0.18181818181818182,0.22009176629808014,0.07142857142857142,0.1
7064,30,0.6,0.5333333333333333,0.5147714448836773,0.1,0.6,0.5,0.5818181818181819,0.48581363574225095,0.16666666666666666,0.5
14700,5,0.2,0.3333333333333333,0.33916020527361607,0.2,0.2,0.2,0.25,0.33916020527361607,0.2,0.1
20402,1,0.0,0.0,0.0,0.0,0.0,0.0,0.0,0.0,0.0,0.0
17380,2,0.0,0.0,0.0,0.0,0.0,0.0,0.0,0.0,0.0,0.0
17468,7,0.0,0.0,0.0,0.0,0.0,0.0,0.0,0.0,0.0,0.0
9751,2,0.5,0.0,0.0,0.5,0.2,0.5,0.0,0.0,0.5,0.1
14436,5,0.4,0.5333333333333333,0.5087403079104241,0.4,0.4,0.4,0.45,0.5087403079104241,0.4,0.2
17060,1,0.0,0.0,0.0,0.0,0.0,0.0,0.0,0.0,0.0,0.0
9191,23,0.6,0.6666666666666666,0.6843515475204854,0.13043478260869565,0.6,0.5,0.5818181818181819,0.58874982024632,0.21739130434782608,0.5
538,1,0.0,0.0,0.0,0.0,0.0,0.0,0.0,0.0,0.0,0.0
15756,1,0.0,0.0,0.0,0.0,0.0,1.0,0.0,0.0,1.0,0.1
5178,5,0.0,0.0,0.0,0.0,0.0,0.2,0.0,0.0,0.2,0.1
15479,16,0.6,0.6666666666666666,0.6843515475204854,0.1875,0.6,0.4,0.5272727272727272,0.5174612499126158,0.25,0.4
16818,2,0.0,0.0,0.0,0.0,0.0,0.0,0.0,0.0,0.0,0.0
12547,3,0.0,0.0,0.0,0.0,0.0,0.0,0.0,0.0,0.0,0.0
12608,28,0.8,0.9333333333333332,0.8687949224876582,0.14285714285714285,0.8,0.5,0.6545454545454547,0.6300426811446146,0.17857142857142858,0.5
18544,22,0.4,0.39999999999999997,0.4703652827859578,0.09090909090909091,0.4,0.2,0.29090909090909095,0.3052348839397011,0.09090909090909091,0.2
9650,8,0.2,0.26666666666666666,0.2139862647345275,0.125,0.2,0.25,0.2692307692307692,0.249689085777264,0.25,0.2
14199,14,0.4,0.4666666666666666,0.38356636737133554,0.14285714285714285,0.4,0.4,0.43636363636363645,0.3935608194556589,0.2857142857142857,0.4
5770,6,0.0,0.0,0.0,0.0,0.0,0.0,0.0,0.0,0.0,0.0
6000,20,0.4,0.6,0.5531464700081437,0.1,0.4,0.4,0.43636363636363645,0.494639655562801,0.2,0.4
7160,2,0.0,0.0,0.0,0.0,0.0,0.0,0.0,0.0,0.0,0.0
6704,5,0.2,0.06666666666666665,0.13120507751234176,0.2,0.2,0.2,0.15,0.13120507751234176,0.2,0.1
10858,13,0.4,0.26666666666666666,0.3007851801491498,0.15384615384615385,0.4,0.3,0.2909090909090909,0.26144322424505007,0.23076923076923078,0.3
22426,1,0.0,0.0,0.0,0.0,0.0,0.0,0.0,0.0,0.0,0.0
8619,4,0.5,0.5,0.5585075862632192,0.5,0.4,0.5,0.49999999999999994,0.5585075862632192,0.5,0.2
5969,1,0.0,0.0,0.0,0.0,0.0,1.0,0.0,0.0,1.0,0.1
12043,2,0.5,0.0,0.0,0.5,0.2,0.5,0.0,0.0,0.5,0.1
12600,2,0.5,0.4444444444444445,0.3868528072345415,0.5,0.2,0.5,0.4736842105263158,0.3868528072345415,0.5,0.1
15822,1,0.0,0.0,0.0,0.0,0.0,0.0,0.0,0.0,0.0,0.0
16115,1,0.0,0.0,0.0,0.0,0.0,0.0,0.0,0.0,0.0,0.0
9208,27,0.8,0.8000000000000002,0.8304198973631919,0.14814814814814814,0.8,0.6,0.6727272727272727,0.6745711375739728,0.2222222222222222,0.6
15592,20,0.8,0.8000000000000002,0.8304198973631919,0.2,0.8,0.7,0.7454545454545454,0.7503359712972107,0.35,0.7
7235,4,0.25,0.28571428571428575,0.2463023887407299,0.25,0.2,0.25,0.2647058823529412,0.2463023887407299,0.25,0.1
13934,4,0.25,0.14285714285714288,0.16812753627111746,0.25,0.2,0.25,0.20588235294117643,0.16812753627111746,0.25,0.1
7120,2,0.0,0.0,0.0,0.0,0.0,0.0,0.0,0.0,0.0,0.0
17804,6,0.0,0.0,0.0,0.0,0.0,0.0,0.0,0.0,0.0,0.0
349,5,0.6,0.7333333333333334,0.6992148198508501,0.6,0.6,0.6,0.6499999999999999,0.6992148198508501,0.6,0.3
10738,33,0.4,0.5333333333333333,0.5087403079104241,0.06060606060606061,0.4,0.2,0.32727272727272727,0.3301376494471202,0.06060606060606061,0.2
16839,1,0.0,0.0,0.0,0.0,0.0,0.0,0.0,0.0,0.0,0.0
287,4,0.0,0.0,0.0,0.0,0.0,0.0,0.0,0.0,0.0,0.0
16381,4,0.25,0.28571428571428575,0.2463023887407299,0.25,0.2,0.25,0.2647058823529412,0.2463023887407299,0.25,0.1
8731,2,0.5,0.4444444444444445,0.3868528072345415,0.5,0.2,0.5,0.4736842105263158,0.3868528072345415,0.5,0.1
3170,7,0.4,0.5333333333333333,0.5087403079104241,0.2857142857142857,0.4,0.2857142857142857,0.36734693877551017,0.4123144993714362,0.2857142857142857,0.2
20170,4,0.0,0.0,0.0,0.0,0.0,0.0,0.0,0.0,0.0,0.0
21815,3,0.0,0.0,0.0,0.0,0.0,0.0,0.0,0.0,0.0,0.0
4680,3,0.0,0.0,0.0,0.0,0.0,0.0,0.0,0.0,0.0,0.0
11988,3,0.6666666666666666,0.6666666666666667,0.7039180890341346,0.6666666666666666,0.4,0.6666666666666666,0.6666666666666666,0.7039180890341346,0.6666666666666666,0.2
20615,20,0.4,0.6,0.5531464700081437,0.1,0.4,0.4,0.43636363636363645,0.494639655562801,0.2,0.4
15871,4,0.0,0.0,0.0,0.0,0.0,0.0,0.0,0.0,0.0,0.0
3122,1,0.0,0.0,0.0,0.0,0.0,0.0,0.0,0.0,0.0,0.0
1074,2,0.0,0.0,0.0,0.0,0.0,0.0,0.0,0.0,0.0,0.0
11936,11,1.0,1.0,1.0,0.45454545454545453,1.0,0.6,0.8181818181818182,0.727329844310522,0.5454545454545454,0.6
17666,5,0.2,0.3333333333333333,0.33916020527361607,0.2,0.2,0.2,0.25,0.33916020527361607,0.2,0.1
9674,9,0.4,0.26666666666666666,0.3007851801491498,0.2222222222222222,0.4,0.2222222222222222,0.25925925925925924,0.2084508053262215,0.2222222222222222,0.2
7740,1,0.0,0.0,0.0,0.0,0.0,0.0,0.0,0.0,0.0,0.0
18844,5,0.2,0.26666666666666666,0.2139862647345275,0.2,0.2,0.4,0.225,0.2139862647345275,0.4,0.2
6907,2,0.0,0.0,0.0,0.0,0.0,0.0,0.0,0.0,0.0,0.0
15276,10,0.8,0.9333333333333332,0.8687949224876582,0.4,0.8,0.6,0.7272727272727273,0.7058075148678526,0.6,0.6
9187,9,0.6,0.7333333333333334,0.6992148198508501,0.3333333333333333,0.6,0.4444444444444444,0.5370370370370369,0.5587200034820092,0.4444444444444444,0.4
7974,4,0.0,0.0,0.0,0.0,0.0,0.25,0.0,0.0,0.25,0.1
2068,7,0.2,0.19999999999999998,0.16958010263680803,0.14285714285714285,0.2,0.14285714285714285,0.16326530612244897,0.13743816645714543,0.14285714285714285,0.1
7867,2,0.0,0.0,0.0,0.0,0.0,0.0,0.0,0.0,0.0,0.0
14525,5,0.2,0.19999999999999998,0.16958010263680803,0.2,0.2,0.4,0.2,0.16958010263680803,0.4,0.2
19744,9,0.4,0.4666666666666666,0.38356636737133554,0.2222222222222222,0.4,0.3333333333333333,0.35185185185185186,0.3365757659984724,0.3333333333333333,0.3
7245,4,0.0,0.0,0.0,0.0,0.0,0.0,0.0,0.0,0.0,0.0
17955,2,0.0,0.0,0.0,0.0,0.0,0.5,0.0,0.0,0.5,0.1
18678,4,0.25,0.0,0.0,0.25,0.2,0.25,0.0,0.0,0.25,0.1
20974,1,0.0,0.0,0.0,0.0,0.0,0.0,0.0,0.0,0.0,0.0
12999,8,0.4,0.4000000000000001,0.3600546145772339,0.25,0.4,0.5,0.40384615384615385,0.35862557839501985,0.5,0.4
4073,2,0.0,0.0,0.0,0.0,0.0,0.0,0.0,0.0,0.0,0.0
13546,4,0.0,0.0,0.0,0.0,0.0,0.0,0.0,0.0,0.0,0.0
13991,13,0.8,0.9333333333333332,0.8687949224876582,0.3076923076923077,0.8,0.4,0.6181818181818183,0.5637884576902256,0.3076923076923077,0.4
19207,11,0.6,0.6666666666666666,0.6548086577531306,0.2727272727272727,0.6,0.4,0.509090909090909,0.4943572357534482,0.36363636363636365,0.4
4578,3,0.6666666666666666,0.6666666666666667,0.7039180890341346,0.6666666666666666,0.4,0.6666666666666666,0.6666666666666666,0.7039180890341346,0.6666666666666666,0.2
6111,27,0.6,0.6,0.6399453854227659,0.1111111111111111,0.6,0.4,0.49090909090909096,0.48471198902551843,0.14814814814814814,0.4
7945,17,0.2,0.13333333333333333,0.14606834984270645,0.058823529411764705,0.2,0.1,0.12727272727272726,0.09478836436955078,0.058823529411764705,0.1
12892,6,0.2,0.13333333333333333,0.14606834984270645,0.16666666666666666,0.2,0.16666666666666666,0.15555555555555556,0.13032376591037065,0.16666666666666666,0.1
7387,18,0.8,0.8666666666666666,0.8539316501572936,0.2222222222222222,0.8,0.6,0.7454545454545456,0.7019727018777483,0.3333333333333333,0.6
7304,4,0.0,0.0,0.0,0.0,0.0,0.0,0.0,0.0,0.0,0.0
13248,21,0.8,0.6666666666666666,0.6608397947263838,0.19047619047619047,0.8,0.6,0.6727272727272727,0.5716349530699036,0.2857142857142857,0.6
9808,12,0.6,0.5333333333333333,0.6164336326286642,0.25,0.6,0.3,0.41818181818181815,0.4000232483092519,0.25,0.3
11046,14,0.2,0.3333333333333333,0.33916020527361607,0.07142857142857142,0.2,0.3,0.3090909090909091,0.3647442587311445,0.21428571428571427,0.3
1704,22,0.6,0.39999999999999997,0.4468535299918562,0.13636363636363635,0.6,0.7,0.6000000000000001,0.5716145678915879,0.3181818181818182,0.7
5760,4,0.0,0.0,0.0,0.0,0.0,0.0,0.0,0.0,0.0,0.0
22350,2,0.0,0.0,0.0,0.0,0.0,0.0,0.0,0.0,0.0,0.0
2194,2,0.0,0.0,0.0,0.0,0.0,0.0,0.0,0.0,0.0,0.0
3378,22,0.6,0.7999999999999999,0.7227265726449518,0.13636363636363635,0.6,0.6,0.6909090909090909,0.6870165078530992,0.2727272727272727,0.6
16170,8,0.6,0.6,0.529634717214042,0.375,0.6,0.625,0.5576923076923077,0.48509692977884844,0.625,0.5
1194,26,0.6,0.7999999999999999,0.7227265726449518,0.11538461538461539,0.6,0.4,0.5636363636363636,0.5423640154200349,0.15384615384615385,0.4
12821,8,0.0,0.0,0.0,0.0,0.0,0.0,0.0,0.0,0.0,0.0
15362,11,0.4,0.4666666666666666,0.38356636737133554,0.18181818181818182,0.4,0.2,0.30909090909090914,0.24890832702259458,0.18181818181818182,0.2
3764,3,0.0,0.0,0.0,0.0,0.0,0.0,0.0,0.0,0.0,0.0
5088,3,0.0,0.0,0.0,0.0,0.0,0.0,0.0,0.0,0.0,0.0
7529,4,0.0,0.0,0.0,0.0,0.0,0.0,0.0,0.0,0.0,0.0
6924,2,0.0,0.0,0.0,0.0,0.0,0.0,0.0,0.0,0.0,0.0
21826,1,0.0,0.0,0.0,0.0,0.0,0.0,0.0,0.0,0.0,0.0
13549,6,0.2,0.19999999999999998,0.16958010263680803,0.16666666666666666,0.2,0.16666666666666666,0.17777777777777778,0.15130120674940672,0.16666666666666666,0.1
20946,3,0.0,0.0,0.0,0.0,0.0,0.0,0.0,0.0,0.0,0.0
4304,5,0.2,0.3333333333333333,0.33916020527361607,0.2,0.2,0.2,0.25,0.33916020527361607,0.2,0.1
8917,9,0.8,0.8666666666666666,0.8539316501572936,0.4444444444444444,0.8,0.4444444444444444,0.6111111111111112,0.591793585310856,0.4444444444444444,0.4
14840,12,0.8,0.9333333333333332,0.8687949224876582,0.3333333333333333,0.8,0.5,0.6727272727272727,0.6332196796270029,0.4166666666666667,0.5
13891,26,1.0,1.0,1.0,0.19230769230769232,1.0,0.9,0.9818181818181819,0.9363792118010482,0.34615384615384615,0.9
1188,2,0.5,0.4444444444444445,0.3868528072345415,0.5,0.2,0.5,0.4736842105263158,0.3868528072345415,0.5,0.1
20406,8,0.4,0.4000000000000001,0.3600546145772339,0.25,0.4,0.25,0.3076923076923077,0.2685255697426522,0.25,0.2
7296,4,0.25,0.14285714285714288,0.16812753627111746,0.25,0.2,0.25,0.20588235294117643,0.16812753627111746,0.25,0.1
21065,12,0.4,0.19999999999999998,0.2772734273550482,0.16666666666666666,0.4,0.2,0.23636363636363633,0.17993148201117173,0.16666666666666666,0.2
18396,1,1.0,0.0,0.0,1.0,0.2,1.0,0.0,0.0,1.0,0.1
8311,6,0.0,0.0,0.0,0.0,0.0,0.0,0.0,0.0,0.0,0.0
2110,3,1.0,0.6666666666666667,0.7039180890341346,1.0,0.6,1.0,0.6666666666666666,0.7039180890341346,1.0,0.3
6360,19,0.2,0.26666666666666666,0.2139862647345275,0.05263157894736842,0.2,0.5,0.41818181818181815,0.4263100803427562,0.2631578947368421,0.5
1036,3,0.3333333333333333,0.4166666666666667,0.46927872602275644,0.3333333333333333,0.2,0.3333333333333333,0.37037037037037035,0.46927872602275644,0.3333333333333333,0.1
14737,9,0.4,0.26666666666666666,0.3007851801491498,0.2222222222222222,0.4,0.4444444444444444,0.3888888888888888,0.36293148004649556,0.4444444444444444,0.4
17014,1,0.0,0.0,0.0,0.0,0.0,0.0,0.0,0.0,0.0,0.0
21970,4,0.0,0.0,0.0,0.0,0.0,0.25,0.0,0.0,0.25,0.1
17753,8,0.4,0.4666666666666666,0.48522855511632257,0.25,0.4,0.5,0.5,0.5362934382936665,0.5,0.4
10403,2,1.0,1.0,1.0,1.0,0.4,1.0,1.0,1.0,1.0,0.2
5315,4,0.25,0.35714285714285715,0.39038004999210163,0.25,0.2,0.25,0.2941176470588235,0.39038004999210163,0.25,0.1
8228,3,0.0,0.0,0.0,0.0,0.0,0.0,0.0,0.0,0.0,0.0
514,3,0.0,0.0,0.0,0.0,0.0,0.0,0.0,0.0,0.0,0.0
10576,5,0.2,0.26666666666666666,0.2139862647345275,0.2,0.2,0.2,0.225,0.2139862647345275,0.2,0.1
18726,1,1.0,0.0,0.0,1.0,0.2,1.0,0.0,0.0,1.0,0.1
3867,3,0.3333333333333333,0.33333333333333337,0.29608191096586517,0.3333333333333333,0.2,0.6666666666666666,0.3333333333333333,0.29608191096586517,0.6666666666666666,0.2
5271,14,0.4,0.5333333333333333,0.5087403079104241,0.14285714285714285,0.4,0.2,0.32727272727272727,0.3301376494471202,0.14285714285714285,0.2
9308,3,0.0,0.0,0.0,0.0,0.0,0.0,0.0,0.0,0.0,0.0
5340,10,0.6,0.46666666666666673,0.4912596920895757,0.3,0.6,0.5,0.5272727272727273,0.4634464183177906,0.5,0.5
15988,1,1.0,1.0,1.0,1.0,0.2,1.0,1.0,1.0,1.0,0.1
1689,29,0.2,0.3333333333333333,0.33916020527361607,0.034482758620689655,0.2,0.2,0.2545454545454545,0.29345568839744024,0.06896551724137931,0.2
7489,19,0.2,0.26666666666666666,0.2139862647345275,0.05263157894736842,0.2,0.3,0.2545454545454545,0.2758471541718662,0.15789473684210525,0.3
19578,4,0.0,0.0,0.0,0.0,0.0,0.0,0.0,0.0,0.0,0.0
19899,2,0.5,0.0,0.0,0.5,0.2,0.5,0.0,0.0,0.5,0.1
2969,1,0.0,0.0,0.0,0.0,0.0,0.0,0.0,0.0,0.0,0.0
17081,18,0.2,0.06666666666666665,0.13120507751234176,0.05555555555555555,0.2,0.1,0.10909090909090909,0.08514311764162097,0.05555555555555555,0.1
18500,5,0.2,0.3333333333333333,0.33916020527361607,0.2,0.2,0.2,0.25,0.33916020527361607,0.2,0.1
17355,8,0.2,0.26666666666666666,0.2139862647345275,0.125,0.2,0.375,0.25,0.243903311380782,0.375,0.3
18899,2,0.0,0.0,0.0,0.0,0.0,0.0,0.0,0.0,0.0,0.0
9078,2,0.5,0.4444444444444445,0.3868528072345415,0.5,0.2,0.5,0.4736842105263158,0.3868528072345415,0.5,0.1
4060,3,0.0,0.0,0.0,0.0,0.0,0.0,0.0,0.0,0.0,0.0
22037,5,0.2,0.13333333333333333,0.14606834984270645,0.2,0.2,0.2,0.175,0.14606834984270645,0.2,0.1
1394,15,0.0,0.0,0.0,0.0,0.0,0.0,0.0,0.0,0.0,0.0
16987,13,0.8,0.9333333333333332,0.8687949224876582,0.3076923076923077,0.8,0.6,0.7454545454545456,0.7065836017263629,0.46153846153846156,0.6
6899,4,0.0,0.0,0.0,0.0,0.0,0.0,0.0,0.0,0.0,0.0
8723,3,0.3333333333333333,0.4166666666666667,0.46927872602275644,0.3333333333333333,0.2,0.3333333333333333,0.37037037037037035,0.46927872602275644,0.3333333333333333,0.1
20027,6,0.2,0.26666666666666666,0.2139862647345275,0.16666666666666666,0.2,0.3333333333333333,0.2,0.1909208661789346,0.3333333333333333,0.2
5740,3,0.0,0.0,0.0,0.0,0.0,0.0,0.0,0.0,0.0,0.0
21061,3,0.6666666666666666,0.75,0.7653606369886217,0.6666666666666666,0.4,0.6666666666666666,0.7037037037037036,0.7653606369886217,0.6666666666666666,0.2
2436,1,1.0,0.0,0.0,1.0,0.2,1.0,0.0,0.0,1.0,0.1
15374,15,0.0,0.0,0.0,0.0,0.0,0.2,0.14545454545454548,0.14782949091545258,0.13333333333333333,0.2
6944,11,0.4,0.6,0.5531464700081437,0.18181818181818182,0.4,0.2,0.34545454545454546,0.3589542101716347,0.18181818181818182,0.2
7130,4,0.75,0.8571428571428572,0.8318724637288825,0.75,0.6,0.75,0.7941176470588235,0.8318724637288825,0.75,0.3
13261,13,0.2,0.19999999999999998,0.16958010263680803,0.07692307692307693,0.2,0.2,0.2,0.17947710508581735,0.15384615384615385,0.2
5058,25,0.6,0.7999999999999999,0.7227265726449518,0.12,0.6,0.6,0.6363636363636365,0.6772733739526909,0.24,0.6
11813,11,0.2,0.13333333333333333,0.14606834984270645,0.09090909090909091,0.2,0.1,0.12727272727272726,0.09478836436955078,0.09090909090909091,0.1
5832,5,0.2,0.3333333333333333,0.33916020527361607,0.2,0.2,0.4,0.25,0.33916020527361607,0.4,0.2
19911,8,0.6,0.5333333333333333,0.5147714448836773,0.375,0.6,0.5,0.5384615384615385,0.474012031796253,0.5,0.4
18364,14,0.0,0.0,0.0,0.0,0.0,0.1,0.05454545454545456,0.06943122193677725,0.07142857142857142,0.1
9746,8,0.0,0.0,0.0,0.0,0.0,0.0,0.0,0.0,0.0,0.0
15868,1,0.0,0.0,0.0,0.0,0.0,0.0,0.0,0.0,0.0,0.0
11567,29,0.6,0.6,0.529634717214042,0.10344827586206896,0.6,0.4,0.5272727272727273,0.42209496037082067,0.13793103448275862,0.4
16458,24,0.4,0.4666666666666666,0.48522855511632257,0.08333333333333333,0.4,0.5,0.49090909090909096,0.5302631099446181,0.20833333333333334,0.5
10951,4,0.0,0.0,0.0,0.0,0.0,0.25,0.0,0.0,0.25,0.1
11873,5,0.2,0.3333333333333333,0.33916020527361607,0.2,0.2,0.4,0.25,0.33916020527361607,0.4,0.2
1042,14,0.6,0.39999999999999997,0.4468535299918562,0.21428571428571427,0.6,0.4,0.45454545454545453,0.3633412872595718,0.2857142857142857,0.4
20605,9,0.4,0.5333333333333333,0.5087403079104241,0.2222222222222222,0.4,0.3333333333333333,0.4259259259259259,0.43629323812092147,0.3333333333333333,0.3
9749,1,0.0,0.0,0.0,0.0,0.0,0.0,0.0,0.0,0.0,0.0
8565,18,0.4,0.26666666666666666,0.3007851801491498,0.1111111111111111,0.4,0.4,0.34545454545454546,0.3308744461818273,0.2222222222222222,0.4
9700,2,0.5,0.0,0.0,0.5,0.2,0.5,0.0,0.0,0.5,0.1
20384,12,0.4,0.26666666666666666,0.3007851801491498,0.16666666666666666,0.4,0.2,0.2545454545454545,0.19518900079066104,0.16666666666666666,0.2
3212,1,0.0,0.0,0.0,0.0,0.0,0.0,0.0,0.0,0.0,0.0
4989,18,0.4,0.4666666666666666,0.48522855511632257,0.1111111111111111,0.4,0.2,0.3090909090909091,0.31488013066763093,0.1111111111111111,0.2
7861,4,0.0,0.0,0.0,0.0,0.0,0.0,0.0,0.0,0.0,0.0
10916,10,0.6,0.7999999999999999,0.7227265726449518,0.3,0.6,0.3,0.49090909090909096,0.46900009332067477,0.3,0.3
2264,44,0.8,0.9333333333333332,0.8687949224876582,0.09090909090909091,0.8,0.7,0.8363636363636364,0.7849818707050382,0.1590909090909091,0.7
9441,5,0.2,0.3333333333333333,0.33916020527361607,0.2,0.2,0.4,0.25,0.33916020527361607,0.4,0.2
18458,1,0.0,0.0,0.0,0.0,0.0,0.0,0.0,0.0,0.0,0.0
16098,1,0.0,0.0,0.0,0.0,0.0,0.0,0.0,0.0,0.0,0.0
17125,1,0.0,0.0,0.0,0.0,0.0,0.0,0.0,0.0,0.0,0.0
16034,15,0.0,0.0,0.0,0.0,0.0,0.0,0.0,0.0,0.0,0.0
15386,1,0.0,0.0,0.0,0.0,0.0,0.0,0.0,0.0,0.0,0.0
17825,1,0.0,0.0,0.0,0.0,0.0,0.0,0.0,0.0,0.0,0.0
15317,17,0.6,0.7999999999999999,0.7227265726449518,0.17647058823529413,0.6,0.4,0.5636363636363636,0.5423640154200349,0.23529411764705882,0.4
8242,5,0.2,0.3333333333333333,0.33916020527361607,0.2,0.2,0.2,0.25,0.33916020527361607,0.2,0.1
3978,4,0.25,0.2142857142857143,0.19519002499605081,0.25,0.2,0.25,0.23529411764705882,0.19519002499605081,0.25,0.1
19768,1,1.0,1.0,1.0,1.0,0.2,1.0,1.0,1.0,1.0,0.1
20209,6,0.0,0.0,0.0,0.0,0.0,0.0,0.0,0.0,0.0,0.0
14779,9,0.0,0.0,0.0,0.0,0.0,0.1111111111111111,0.09259259259259259,0.08372491399919348,0.1111111111111111,0.1
21096,27,0.6,0.6,0.6399453854227659,0.1111111111111111,0.6,0.3,0.43636363636363634,0.4152807670887412,0.1111111111111111,0.3
22408,8,0.6,0.6666666666666666,0.6843515475204854,0.375,0.6,0.375,0.4807692307692307,0.510383374527714,0.375,0.3
14836,2,0.0,0.0,0.0,0.0,0.0,0.0,0.0,0.0,0.0,0.0
4283,4,0.0,0.0,0.0,0.0,0.0,0.0,0.0,0.0,0.0,0.0
22424,1,0.0,0.0,0.0,0.0,0.0,0.0,0.0,0.0,0.0,0.0
16780,1,0.0,0.0,0.0,0.0,0.0,1.0,0.0,0.0,1.0,0.1
21710,5,0.0,0.0,0.0,0.0,0.0,0.0,0.0,0.0,0.0,0.0
12403,9,0.6,0.6666666666666666,0.6548086577531306,0.3333333333333333,0.6,0.4444444444444444,0.5,0.5245526930551089,0.4444444444444444,0.4
880,2,0.5,0.5555555555555556,0.6131471927654584,0.5,0.2,0.5,0.5263157894736842,0.6131471927654584,0.5,0.1
17177,25,0.2,0.26666666666666666,0.2139862647345275,0.04,0.2,0.2,0.21818181818181823,0.20829366581033176,0.08,0.2
21311,5,0.2,0.19999999999999998,0.16958010263680803,0.2,0.2,0.6,0.2,0.16958010263680803,0.6,0.3
9515,6,0.2,0.26666666666666666,0.2139862647345275,0.16666666666666666,0.2,0.16666666666666666,0.2,0.1909208661789346,0.16666666666666666,0.1
9081,4,0.25,0.28571428571428575,0.2463023887407299,0.25,0.2,0.25,0.2647058823529412,0.2463023887407299,0.25,0.1
21394,4,0.0,0.0,0.0,0.0,0.0,0.0,0.0,0.0,0.0,0.0
21851,1,0.0,0.0,0.0,0.0,0.0,1.0,0.0,0.0,1.0,0.1
14038,5,0.2,0.3333333333333333,0.33916020527361607,0.2,0.2,0.2,0.25,0.33916020527361607,0.2,0.1
7088,2,0.0,0.0,0.0,0.0,0.0,0.0,0.0,0.0,0.0,0.0
22456,13,0.2,0.26666666666666666,0.2139862647345275,0.07692307692307693,0.2,0.3,0.29090909090909095,0.28165758790969175,0.23076923076923078,0.3
17863,6,0.0,0.0,0.0,0.0,0.0,0.0,0.0,0.0,0.0,0.0
2346,15,0.6,0.7999999999999999,0.7227265726449518,0.2,0.6,0.4,0.5090909090909091,0.5326208815196265,0.26666666666666666,0.4
7080,6,0.0,0.0,0.0,0.0,0.0,0.16666666666666666,0.0,0.0,0.16666666666666666,0.1
14629,1,0.0,0.0,0.0,0.0,0.0,0.0,0.0,0.0,0.0,0.0
11878,14,0.2,0.13333333333333333,0.14606834984270645,0.07142857142857142,0.2,0.2,0.2,0.16815228646891084,0.14285714285714285,0.2
17690,2,0.0,0.0,0.0,0.0,0.0,0.0,0.0,0.0,0.0,0.0
16753,23,0.4,0.4666666666666666,0.48522855511632257,0.08695652173913043,0.4,0.3,0.3272727272727272,0.3785009188665826,0.13043478260869565,0.3
6202,14,0.6,0.7333333333333334,0.6992148198508501,0.21428571428571427,0.6,0.5,0.5454545454545454,0.5867945846769144,0.35714285714285715,0.5
2324,8,0.2,0.3333333333333333,0.33916020527361607,0.125,0.2,0.125,0.1923076923076923,0.2529427027676571,0.125,0.1
18170,16,0.2,0.13333333333333333,0.14606834984270645,0.0625,0.2,0.1,0.12727272727272726,0.09478836436955078,0.0625,0.1
20534,2,0.0,0.0,0.0,0.0,0.0,0.0,0.0,0.0,0.0,0.0
986,4,0.0,0.0,0.0,0.0,0.0,0.0,0.0,0.0,0.0,0.0
21301,27,0.2,0.26666666666666666,0.2139862647345275,0.037037037037037035,0.2,0.2,0.2,0.2051166673279435,0.07407407407407407,0.2
17383,23,0.4,0.4666666666666666,0.48522855511632257,0.08695652173913043,0.4,0.2,0.3090909090909091,0.31488013066763093,0.08695652173913043,0.2
14757,1,0.0,0.0,0.0,0.0,0.0,0.0,0.0,0.0,0.0,0.0
17528,2,0.5,0.4444444444444445,0.3868528072345415,0.5,0.2,0.5,0.4736842105263158,0.3868528072345415,0.5,0.1
11786,11,0.0,0.0,0.0,0.0,0.0,0.0,0.0,0.0,0.0,0.0
2207,1,0.0,0.0,0.0,0.0,0.0,0.0,0.0,0.0,0.0,0.0
18992,2,0.0,0.0,0.0,0.0,0.0,0.0,0.0,0.0,0.0,0.0
22172,6,0.0,0.0,0.0,0.0,0.0,0.0,0.0,0.0,0.0,0.0
13081,4,0.25,0.28571428571428575,0.2463023887407299,0.25,0.2,0.25,0.2647058823529412,0.2463023887407299,0.25,0.1
19265,6,0.6,0.7333333333333334,0.6992148198508501,0.5,0.6,0.5,0.5777777777777777,0.6238470455881188,0.5,0.3
2242,24,0.0,0.0,0.0,0.0,0.0,0.0,0.0,0.0,0.0,0.0
20912,7,0.2,0.19999999999999998,0.16958010263680803,0.14285714285714285,0.2,0.14285714285714285,0.16326530612244897,0.13743816645714543,0.14285714285714285,0.1
12491,2,1.0,0.4444444444444445,0.3868528072345415,1.0,0.4,1.0,0.4736842105263158,0.3868528072345415,1.0,0.2
2005,2,0.0,0.0,0.0,0.0,0.0,0.0,0.0,0.0,0.0,0.0
18804,1,0.0,0.0,0.0,0.0,0.0,0.0,0.0,0.0,0.0,0.0
16209,8,0.4,0.6,0.5531464700081437,0.25,0.4,0.625,0.5192307692307693,0.5824263271073693,0.625,0.5
13318,22,0.6,0.6,0.529634717214042,0.13636363636363635,0.6,0.3,0.43636363636363645,0.34369669139214537,0.13636363636363635,0.3
3543,20,0.8,0.9333333333333332,0.8687949224876582,0.2,0.8,0.4,0.6181818181818183,0.5637884576902256,0.2,0.4
14938,20,1.0,1.0,1.0,0.25,1.0,0.7,0.8545454545454546,0.793584067764911,0.35,0.7
2999,2,0.0,0.0,0.0,0.0,0.0,0.0,0.0,0.0,0.0,0.0
17961,4,0.0,0.0,0.0,0.0,0.0,0.0,0.0,0.0,0.0,0.0
1859,9,0.4,0.3333333333333333,0.31564845247951445,0.2222222222222222,0.4,0.3333333333333333,0.3333333333333333,0.2928999982046174,0.3333333333333333,0.3
15301,8,0.2,0.19999999999999998,0.16958010263680803,0.125,0.2,0.125,0.15384615384615385,0.12647135138382856,0.125,0.1
17587,2,0.5,0.5555555555555556,0.6131471927654584,0.5,0.2,0.5,0.5263157894736842,0.6131471927654584,0.5,0.1
6024,14,0.4,0.4666666666666666,0.48522855511632257,0.14285714285714285,0.4,0.5,0.49090909090909096,0.5289638450374726,0.35714285714285715,0.5
18560,5,0.4,0.6,0.5531464700081437,0.4,0.4,0.4,0.475,0.5531464700081437,0.4,0.2
4464,4,0.0,0.0,0.0,0.0,0.0,0.0,0.0,0.0,0.0,0.0
857,9,0.0,0.0,0.0,0.0,0.0,0.1111111111111111,0.09259259259259259,0.08372491399919348,0.1111111111111111,0.1
17184,5,0.2,0.3333333333333333,0.33916020527361607,0.2,0.2,0.2,0.25,0.33916020527361607,0.2,0.1
8386,13,0.6,0.6666666666666666,0.6548086577531306,0.23076923076923078,0.6,0.4,0.49090909090909096,0.49118023727106,0.3076923076923077,0.4
6510,1,0.0,0.0,0.0,0.0,0.0,0.0,0.0,0.0,0.0,0.0
350,6,0.2,0.13333333333333333,0.14606834984270645,0.16666666666666666,0.2,0.16666666666666666,0.15555555555555556,0.13032376591037065,0.16666666666666666,0.1
3145,2,0.5,0.0,0.0,0.5,0.2,0.5,0.0,0.0,0.5,0.1
19402,6,0.0,0.0,0.0,0.0,0.0,0.16666666666666666,0.0,0.0,0.16666666666666666,0.1
11833,24,0.4,0.6,0.5531464700081437,0.08333333333333333,0.4,0.3,0.36363636363636365,0.4225749983705864,0.125,0.3
9062,2,0.5,0.0,0.0,0.5,0.2,0.5,0.0,0.0,0.5,0.1
8507,3,0.3333333333333333,0.4166666666666667,0.46927872602275644,0.3333333333333333,0.2,0.3333333333333333,0.37037037037037035,0.46927872602275644,0.3333333333333333,0.1
20633,10,0.4,0.6,0.5531464700081437,0.2,0.4,0.4,0.49090909090909096,0.5067837010870873,0.4,0.4
8470,9,0.4,0.6,0.5531464700081437,0.2222222222222222,0.4,0.4444444444444444,0.4629629629629629,0.5324470571772103,0.4444444444444444,0.4
9059,16,0.2,0.13333333333333333,0.14606834984270645,0.0625,0.2,0.1,0.12727272727272726,0.09478836436955078,0.0625,0.1
9210,1,0.0,0.0,0.0,0.0,0.0,0.0,0.0,0.0,0.0,0.0
3289,8,0.2,0.06666666666666665,0.13120507751234176,0.125,0.2,0.125,0.11538461538461538,0.09785159463516041,0.125,0.1
2484,1,0.0,0.0,0.0,0.0,0.0,0.0,0.0,0.0,0.0,0.0
13580,10,0.2,0.26666666666666666,0.2139862647345275,0.1,0.2,0.3,0.29090909090909095,0.28165758790969175,0.3,0.3
15794,9,0.4,0.6,0.5531464700081437,0.2222222222222222,0.4,0.2222222222222222,0.3518518518518518,0.38334277998463445,0.2222222222222222,0.2
1583,1,0.0,0.0,0.0,0.0,0.0,0.0,0.0,0.0,0.0,0.0
2570,7,0.0,0.0,0.0,0.0,0.0,0.14285714285714285,0.0,0.0,0.14285714285714285,0.1
2170,10,0.2,0.19999999999999998,0.16958010263680803,0.1,0.2,0.2,0.2,0.17947710508581735,0.2,0.2
16243,1,0.0,0.0,0.0,0.0,0.0,1.0,0.0,0.0,1.0,0.1
13570,1,0.0,0.0,0.0,0.0,0.0,0.0,0.0,0.0,0.0,0.0
1805,4,0.25,0.35714285714285715,0.39038004999210163,0.25,0.2,0.25,0.2941176470588235,0.39038004999210163,0.25,0.1
13281,12,0.6,0.46666666666666673,0.4912596920895757,0.25,0.6,0.6,0.5636363636363637,0.5278432933752526,0.5,0.6
18693,2,0.0,0.0,0.0,0.0,0.0,0.0,0.0,0.0,0.0,0.0
12616,16,1.0,1.0,1.0,0.3125,1.0,0.7,0.7818181818181817,0.7788065869851873,0.4375,0.7
2540,6,0.0,0.0,0.0,0.0,0.0,0.16666666666666666,0.0,0.0,0.16666666666666666,0.1
499,1,0.0,0.0,0.0,0.0,0.0,0.0,0.0,0.0,0.0,0.0
7081,38,0.4,0.19999999999999998,0.2772734273550482,0.05263157894736842,0.4,0.7,0.5090909090909091,0.5309999066793251,0.18421052631578946,0.7
7277,2,0.5,0.4444444444444445,0.3868528072345415,0.5,0.2,0.5,0.4736842105263158,0.3868528072345415,0.5,0.1
7394,7,0.0,0.0,0.0,0.0,0.0,0.0,0.0,0.0,0.0,0.0
7259,23,0.6,0.7333333333333334,0.6992148198508501,0.13043478260869565,0.6,0.4,0.5454545454545454,0.5271064966405455,0.17391304347826086,0.4
20537,11,0.0,0.0,0.0,0.0,0.0,0.0,0.0,0.0,0.0,0.0
13457,15,0.2,0.3333333333333333,0.33916020527361607,0.06666666666666667,0.2,0.1,0.18181818181818182,0.22009176629808014,0.06666666666666667,0.1
15132,4,0.0,0.0,0.0,0.0,0.0,0.0,0.0,0.0,0.0,0.0
4191,7,0.2,0.26666666666666666,0.2139862647345275,0.14285714285714285,0.2,0.2857142857142857,0.18367346938775508,0.17342765698823942,0.2857142857142857,0.2
13285,31,1.0,1.0,1.0,0.16129032258064516,1.0,0.7,0.7818181818181817,0.7788065869851873,0.22580645161290322,0.7
10631,1,0.0,0.0,0.0,0.0,0.0,0.0,0.0,0.0,0.0,0.0
21958,3,0.0,0.0,0.0,0.0,0.0,0.3333333333333333,0.0,0.0,0.3333333333333333,0.1
5232,2,0.0,0.0,0.0,0.0,0.0,0.0,0.0,0.0,0.0,0.0
11293,4,0.25,0.0,0.0,0.25,0.2,0.25,0.0,0.0,0.25,0.1
17619,2,0.0,0.0,0.0,0.0,0.0,0.0,0.0,0.0,0.0,0.0
14813,1,1.0,0.0,0.0,1.0,0.2,1.0,0.0,0.0,1.0,0.1
11336,4,0.0,0.0,0.0,0.0,0.0,0.0,0.0,0.0,0.0,0.0
5751,23,0.2,0.26666666666666666,0.2139862647345275,0.043478260869565216,0.2,0.2,0.23636363636363636,0.21222636597291453,0.08695652173913043,0.2
14191,13,0.6,0.7999999999999999,0.7227265726449518,0.23076923076923078,0.6,0.4,0.5818181818181819,0.5473983622993501,0.3076923076923077,0.4
8439,9,0.6,0.7999999999999999,0.7227265726449518,0.3333333333333333,0.6,0.3333333333333333,0.5,0.5008655546918772,0.3333333333333333,0.3
13296,23,0.8,0.9333333333333332,0.8687949224876582,0.17391304347826086,0.8,0.5,0.7090909090909091,0.6421867266689009,0.21739130434782608,0.5
15828,2,0.0,0.0,0.0,0.0,0.0,0.0,0.0,0.0,0.0,0.0
7999,2,0.0,0.0,0.0,0.0,0.0,0.0,0.0,0.0,0.0,0.0
5978,2,0.0,0.0,0.0,0.0,0.0,0.0,0.0,0.0,0.0,0.0
19675,1,0.0,0.0,0.0,0.0,0.0,0.0,0.0,0.0,0.0,0.0
22046,5,0.0,0.0,0.0,0.0,0.0,0.0,0.0,0.0,0.0,0.0
17490,6,0.2,0.3333333333333333,0.33916020527361607,0.16666666666666666,0.2,0.16666666666666666,0.2222222222222222,0.30260241349881345,0.16666666666666666,0.1
2527,9,0.4,0.6,0.5531464700081437,0.2222222222222222,0.4,0.2222222222222222,0.3518518518518518,0.38334277998463445,0.2222222222222222,0.2
11531,2,0.0,0.0,0.0,0.0,0.0,0.0,0.0,0.0,0.0,0.0
6354,5,0.4,0.4666666666666666,0.48522855511632257,0.4,0.4,0.6,0.425,0.48522855511632257,0.6,0.3
20844,28,0.2,0.19999999999999998,0.16958010263680803,0.03571428571428571,0.2,0.1,0.14545454545454548,0.11004588314904007,0.03571428571428571,0.1
4168,26,0.6,0.6,0.6399453854227659,0.11538461538461539,0.6,0.4,0.509090909090909,0.4886446891881013,0.15384615384615385,0.4
11058,1,1.0,0.0,0.0,1.0,0.2,1.0,0.0,0.0,1.0,0.1
2576,14,0.6,0.6666666666666666,0.6548086577531306,0.21428571428571427,0.6,0.6,0.6727272727272727,0.6461194268314836,0.42857142857142855,0.6
21535,11,0.2,0.3333333333333333,0.33916020527361607,0.09090909090909091,0.2,0.3,0.32727272727272727,0.36792125721353275,0.2727272727272727,0.3
7653,3,0.0,0.0,0.0,0.0,0.0,0.3333333333333333,0.0,0.0,0.3333333333333333,0.1
10090,2,0.5,0.4444444444444445,0.3868528072345415,0.5,0.2,0.5,0.4736842105263158,0.3868528072345415,0.5,0.1
15596,20,0.6,0.6666666666666666,0.6548086577531306,0.15,0.6,0.3,0.45454545454545453,0.424926013816671,0.15,0.3
5299,7,0.2,0.06666666666666665,0.13120507751234176,0.14285714285714285,0.2,0.14285714285714285,0.12244897959183672,0.10633668103022983,0.14285714285714285,0.1
21155,3,1.0,0.75,0.7653606369886217,1.0,0.6,1.0,0.7037037037037036,0.7653606369886217,1.0,0.3
11928,2,0.5,0.5555555555555556,0.6131471927654584,0.5,0.2,0.5,0.5263157894736842,0.6131471927654584,0.5,0.1
16827,13,0.6,0.6666666666666666,0.6843515475204854,0.23076923076923078,0.6,0.4,0.509090909090909,0.5135285497500329,0.3076923076923077,0.4
3271,10,0.2,0.3333333333333333,0.33916020527361607,0.1,0.2,0.1,0.18181818181818182,0.22009176629808014,0.1,0.1
20366,15,0.4,0.3333333333333333,0.34519134224686926,0.13333333333333333,0.4,0.3,0.29090909090909095,0.28762634971412715,0.2,0.3
394,17,0.0,0.0,0.0,0.0,0.0,0.1,0.09090909090909091,0.07839826897867533,0.058823529411764705,0.1
9785,2,0.0,0.0,0.0,0.0,0.0,0.5,0.0,0.0,0.5,0.1
7428,17,0.4,0.6,0.5531464700081437,0.11764705882352941,0.4,0.5,0.5090909090909091,0.5704044892860389,0.29411764705882354,0.5
12500,8,0.4,0.6,0.5531464700081437,0.25,0.4,0.25,0.36538461538461536,0.4125317798925535,0.25,0.2
4893,28,0.6,0.7999999999999999,0.7227265726449518,0.10714285714285714,0.6,0.5,0.5818181818181819,0.604685538711841,0.17857142857142858,0.5
13061,18,0.4,0.6,0.5531464700081437,0.1111111111111111,0.4,0.2,0.34545454545454546,0.3589542101716347,0.1111111111111111,0.2
8340,17,0.4,0.4666666666666666,0.38356636737133554,0.11764705882352941,0.4,0.2,0.30909090909090914,0.24890832702259458,0.11764705882352941,0.2
21532,3,0.0,0.0,0.0,0.0,0.0,0.0,0.0,0.0,0.0,0.0
8573,19,0.2,0.26666666666666666,0.2139862647345275,0.05263157894736842,0.2,0.2,0.2545454545454545,0.21726071285222984,0.10526315789473684,0.2
8416,2,0.0,0.0,0.0,0.0,0.0,0.0,0.0,0.0,0.0,0.0
22202,4,0.25,0.35714285714285715,0.39038004999210163,0.25,0.2,0.5,0.2941176470588235,0.39038004999210163,0.5,0.2
7276,13,0.2,0.19999999999999998,0.16958010263680803,0.07692307692307693,0.2,0.1,0.14545454545454548,0.11004588314904007,0.07692307692307693,0.1
10444,2,0.0,0.0,0.0,0.0,0.0,0.0,0.0,0.0,0.0,0.0
17267,6,0.4,0.26666666666666666,0.3007851801491498,0.3333333333333333,0.4,0.3333333333333333,0.3111111111111111,0.26836379988737025,0.3333333333333333,0.2
2028,13,0.2,0.19999999999999998,0.16958010263680803,0.07692307692307693,0.2,0.1,0.14545454545454548,0.11004588314904007,0.07692307692307693,0.1
6161,13,0.2,0.3333333333333333,0.33916020527361607,0.07692307692307693,0.2,0.3,0.2727272727272727,0.3557772116892464,0.23076923076923078,0.3
19344,2,0.5,0.5555555555555556,0.6131471927654584,0.5,0.2,0.5,0.5263157894736842,0.6131471927654584,0.5,0.1
4409,5,0.0,0.0,0.0,0.0,0.0,0.0,0.0,0.0,0.0,0.0
13240,10,1.0,1.0,1.0,0.5,1.0,0.5,0.7272727272727273,0.6489315753318466,0.5,0.5
19892,8,0.2,0.19999999999999998,0.16958010263680803,0.125,0.2,0.125,0.15384615384615385,0.12647135138382856,0.125,0.1
6998,1,0.0,0.0,0.0,0.0,0.0,0.0,0.0,0.0,0.0,0.0
7566,5,0.2,0.3333333333333333,0.33916020527361607,0.2,0.2,0.4,0.25,0.33916020527361607,0.4,0.2
9032,1,0.0,0.0,0.0,0.0,0.0,0.0,0.0,0.0,0.0,0.0
14689,5,0.2,0.3333333333333333,0.33916020527361607,0.2,0.2,0.2,0.25,0.33916020527361607,0.2,0.1
19939,33,0.4,0.4666666666666666,0.48522855511632257,0.06060606060606061,0.4,0.2,0.3090909090909091,0.31488013066763093,0.06060606060606061,0.2
15628,26,0.6,0.5333333333333333,0.6164336326286642,0.11538461538461539,0.6,0.6,0.6363636363636364,0.6212166613240645,0.23076923076923078,0.6
22391,2,0.0,0.0,0.0,0.0,0.0,0.0,0.0,0.0,0.0,0.0
4788,11,0.2,0.3333333333333333,0.33916020527361607,0.09090909090909091,0.2,0.2,0.2727272727272727,0.2984900352767555,0.18181818181818182,0.2
12363,1,1.0,0.0,0.0,1.0,0.2,1.0,0.0,0.0,1.0,0.1
16633,37,0.4,0.3333333333333333,0.34519134224686926,0.05405405405405406,0.4,0.3,0.32727272727272727,0.29343678345195273,0.08108108108108109,0.3
14587,3,0.0,0.0,0.0,0.0,0.0,0.0,0.0,0.0,0.0,0.0
16039,2,0.0,0.0,0.0,0.0,0.0,0.0,0.0,0.0,0.0,0.0
17275,1,0.0,0.0,0.0,0.0,0.0,0.0,0.0,0.0,0.0,0.0
18231,4,0.0,0.0,0.0,0.0,0.0,0.0,0.0,0.0,0.0,0.0
20657,11,0.4,0.6,0.5531464700081437,0.18181818181818182,0.4,0.2,0.34545454545454546,0.3589542101716347,0.18181818181818182,0.2
22316,7,0.2,0.26666666666666666,0.2139862647345275,0.14285714285714285,0.2,0.2857142857142857,0.18367346938775508,0.17342765698823942,0.2857142857142857,0.2
19127,1,1.0,0.0,0.0,1.0,0.2,1.0,0.0,0.0,1.0,0.1
19953,3,0.0,0.0,0.0,0.0,0.0,0.0,0.0,0.0,0.0,0.0
1460,2,0.0,0.0,0.0,0.0,0.0,1.0,0.0,0.0,1.0,0.2
3007,1,0.0,0.0,0.0,0.0,0.0,0.0,0.0,0.0,0.0,0.0
20778,3,0.6666666666666666,0.75,0.7653606369886217,0.6666666666666666,0.4,0.6666666666666666,0.7037037037037036,0.7653606369886217,0.6666666666666666,0.2
5411,10,0.4,0.4666666666666666,0.38356636737133554,0.2,0.4,0.4,0.36363636363636365,0.37878333867593533,0.4,0.4
6376,3,0.0,0.0,0.0,0.0,0.0,0.0,0.0,0.0,0.0,0.0
13004,18,0.4,0.26666666666666666,0.3007851801491498,0.1111111111111111,0.4,0.4,0.3818181818181818,0.33798414482679834,0.2222222222222222,0.4
8531,3,0.0,0.0,0.0,0.0,0.0,0.0,0.0,0.0,0.0,0.0
9685,1,0.0,0.0,0.0,0.0,0.0,0.0,0.0,0.0,0.0,0.0
18700,2,0.0,0.0,0.0,0.0,0.0,0.0,0.0,0.0,0.0,0.0
946,1,0.0,0.0,0.0,0.0,0.0,0.0,0.0,0.0,0.0,0.0
10468,2,0.0,0.0,0.0,0.0,0.0,0.5,0.0,0.0,0.5,0.1
8041,3,0.0,0.0,0.0,0.0,0.0,0.0,0.0,0.0,0.0,0.0
387,18,0.4,0.4000000000000001,0.3600546145772339,0.1111111111111111,0.4,0.3,0.32727272727272727,0.2999050316974943,0.16666666666666666,0.3
4809,8,0.0,0.0,0.0,0.0,0.0,0.0,0.0,0.0,0.0,0.0
457,6,0.2,0.3333333333333333,0.33916020527361607,0.16666666666666666,0.2,0.16666666666666666,0.2222222222222222,0.30260241349881345,0.16666666666666666,0.1
1880,2,0.5,0.4444444444444445,0.3868528072345415,0.5,0.2,0.5,0.4736842105263158,0.3868528072345415,0.5,0.1
16143,15,0.6,0.6666666666666666,0.6843515475204854,0.2,0.6,0.4,0.509090909090909,0.5135285497500329,0.26666666666666666,0.4
16003,10,0.2,0.3333333333333333,0.33916020527361607,0.1,0.2,0.2,0.23636363636363636,0.2895229882348574,0.2,0.2
15731,8,0.6,0.7333333333333334,0.6992148198508501,0.375,0.6,0.5,0.596153846153846,0.611568281162677,0.5,0.4
2341,12,0.2,0.19999999999999998,0.16958010263680803,0.08333333333333333,0.2,0.1,0.14545454545454548,0.11004588314904007,0.08333333333333333,0.1
7408,8,0.2,0.19999999999999998,0.16958010263680803,0.125,0.2,0.125,0.15384615384615385,0.12647135138382856,0.125,0.1
3859,21,0.4,0.19999999999999998,0.2772734273550482,0.09523809523809523,0.4,0.5,0.34545454545454546,0.3792377156012897,0.23809523809523808,0.5
3824,3,0.0,0.0,0.0,0.0,0.0,0.0,0.0,0.0,0.0,0.0
21685,6,0.2,0.19999999999999998,0.16958010263680803,0.16666666666666666,0.2,0.3333333333333333,0.17777777777777778,0.15130120674940672,0.3333333333333333,0.2
11341,16,0.8,0.9333333333333332,0.8687949224876582,0.25,0.8,0.7,0.7818181818181817,0.7752387368046298,0.4375,0.7
3886,3,0.0,0.0,0.0,0.0,0.0,0.0,0.0,0.0,0.0,0.0
14581,14,0.4,0.4000000000000001,0.3600546145772339,0.14285714285714285,0.4,0.2,0.29090909090909095,0.23365080824310527,0.14285714285714285,0.2
19746,1,0.0,0.0,0.0,0.0,0.0,0.0,0.0,0.0,0.0,0.0
11658,1,0.0,0.0,0.0,0.0,0.0,0.0,0.0,0.0,0.0,0.0
16805,6,0.0,0.0,0.0,0.0,0.0,0.0,0.0,0.0,0.0,0.0
7417,2,0.0,0.0,0.0,0.0,0.0,0.5,0.0,0.0,0.5,0.1
7811,36,0.8,0.9333333333333332,0.8687949224876582,0.1111111111111111,0.8,0.7,0.7636363636363637,0.7720617383222417,0.19444444444444445,0.7
17158,14,0.2,0.3333333333333333,0.33916020527361607,0.07142857142857142,0.2,0.1,0.18181818181818182,0.22009176629808014,0.07142857142857142,0.1
16959,5,0.2,0.3333333333333333,0.33916020527361607,0.2,0.2,0.2,0.25,0.33916020527361607,0.2,0.1
3129,3,0.3333333333333333,0.0,0.0,0.3333333333333333,0.2,0.3333333333333333,0.0,0.0,0.3333333333333333,0.1
7022,2,0.0,0.0,0.0,0.0,0.0,0.0,0.0,0.0,0.0,0.0
20019,12,0.2,0.3333333333333333,0.33916020527361607,0.08333333333333333,0.2,0.1,0.18181818181818182,0.22009176629808014,0.08333333333333333,0.1
10756,16,0.2,0.3333333333333333,0.33916020527361607,0.0625,0.2,0.3,0.2909090909090909,0.35970991185182927,0.1875,0.3
13943,2,0.5,0.5555555555555556,0.6131471927654584,0.5,0.2,0.5,0.5263157894736842,0.6131471927654584,0.5,0.1
209,18,0.2,0.3333333333333333,0.33916020527361607,0.05555555555555555,0.2,0.3,0.29090909090909095,0.3621108234757072,0.16666666666666666,0.3
5819,2,0.5,0.5555555555555556,0.6131471927654584,0.5,0.2,0.5,0.5263157894736842,0.6131471927654584,0.5,0.1
7376,5,0.0,0.0,0.0,0.0,0.0,0.0,0.0,0.0,0.0,0.0
15916,21,0.4,0.5333333333333333,0.5087403079104241,0.09523809523809523,0.4,0.2,0.32727272727272727,0.3301376494471202,0.09523809523809523,0.2
1091,17,0.8,0.9333333333333332,0.8687949224876582,0.23529411764705882,0.8,0.5,0.6727272727272727,0.6332196796270029,0.29411764705882354,0.5
16634,3,0.0,0.0,0.0,0.0,0.0,0.0,0.0,0.0,0.0,0.0
13533,15,0.0,0.0,0.0,0.0,0.0,0.1,0.07272727272727274,0.07336392209936006,0.06666666666666667,0.1
21668,8,0.2,0.06666666666666665,0.13120507751234176,0.125,0.2,0.125,0.11538461538461538,0.09785159463516041,0.125,0.1
11503,7,0.0,0.0,0.0,0.0,0.0,0.14285714285714285,0.1020408163265306,0.0979129253499678,0.14285714285714285,0.1
8526,9,0.2,0.26666666666666666,0.2139862647345275,0.1111111111111111,0.2,0.2222222222222222,0.25925925925925924,0.23202214456934253,0.2222222222222222,0.2
3332,2,0.0,0.0,0.0,0.0,0.0,0.0,0.0,0.0,0.0,0.0
5627,2,0.0,0.0,0.0,0.0,0.0,0.0,0.0,0.0,0.0,0.0
11636,22,0.6,0.6666666666666666,0.6843515475204854,0.13636363636363635,0.6,0.7,0.7090909090909091,0.7315449642824573,0.3181818181818182,0.7
10898,13,0.4,0.6,0.5531464700081437,0.15384615384615385,0.4,0.3,0.43636363636363634,0.43735247915031,0.23076923076923078,0.3
19194,1,0.0,0.0,0.0,0.0,0.0,0.0,0.0,0.0,0.0,0.0
17233,1,0.0,0.0,0.0,0.0,0.0,0.0,0.0,0.0,0.0,0.0
11790,23,0.6,0.6,0.529634717214042,0.13043478260869565,0.6,0.4,0.5272727272727273,0.42209496037082067,0.17391304347826086,0.4
19513,6,0.0,0.0,0.0,0.0,0.0,0.16666666666666666,0.1111111111111111,0.10778915452451095,0.16666666666666666,0.1
14758,16,0.0,0.0,0.0,0.0,0.0,0.0,0.0,0.0,0.0,0.0
21857,12,0.2,0.19999999999999998,0.16958010263680803,0.08333333333333333,0.2,0.3,0.23636363636363641,0.2470305934473518,0.25,0.3
9901,8,0.2,0.3333333333333333,0.33916020527361607,0.125,0.2,0.125,0.1923076923076923,0.2529427027676571,0.125,0.1
19837,3,0.0,0.0,0.0,0.0,0.0,0.0,0.0,0.0,0.0,0.0
13062,5,0.0,0.0,0.0,0.0,0.0,0.4,0.0,0.0,0.4,0.2
18334,27,0.2,0.06666666666666665,0.13120507751234176,0.037037037037037035,0.2,0.2,0.14545454545454545,0.15139734109601,0.07407407407407407,0.2
18659,14,0.4,0.5333333333333333,0.5087403079104241,0.14285714285714285,0.4,0.2,0.32727272727272727,0.3301376494471202,0.14285714285714285,0.2
2625,6,0.2,0.3333333333333333,0.33916020527361607,0.16666666666666666,0.2,0.5,0.2222222222222222,0.30260241349881345,0.5,0.3
2497,33,0.0,0.0,0.0,0.0,0.0,0.2,0.054545454545454536,0.12987501165334073,0.06060606060606061,0.2
1366,9,0.4,0.19999999999999998,0.2772734273550482,0.2222222222222222,0.4,0.3333333333333333,0.31481481481481477,0.27050515530277414,0.3333333333333333,0.3
3091,15,0.4,0.4666666666666666,0.38356636737133554,0.13333333333333333,0.4,0.3,0.38181818181818183,0.3222722491219546,0.2,0.3
8319,4,0.25,0.0,0.0,0.25,0.2,0.25,0.0,0.0,0.25,0.1
18521,8,0.0,0.0,0.0,0.0,0.0,0.125,0.07692307692307693,0.08431423425588572,0.125,0.1
15080,1,0.0,0.0,0.0,0.0,0.0,0.0,0.0,0.0,0.0,0.0
20052,5,0.0,0.0,0.0,0.0,0.0,0.2,0.0,0.0,0.2,0.1
16338,2,0.5,0.5555555555555556,0.6131471927654584,0.5,0.2,0.5,0.5263157894736842,0.6131471927654584,0.5,0.1
5140,3,0.3333333333333333,0.33333333333333337,0.29608191096586517,0.3333333333333333,0.2,0.6666666666666666,0.3333333333333333,0.29608191096586517,0.6666666666666666,0.2
20766,28,0.4,0.5333333333333333,0.5087403079104241,0.07142857142857142,0.4,0.2,0.32727272727272727,0.3301376494471202,0.07142857142857142,0.2
9154,17,0.0,0.0,0.0,0.0,0.0,0.0,0.0,0.0,0.0,0.0
11618,10,0.0,0.0,0.0,0.0,0.0,0.1,0.09090909090909091,0.07839826897867533,0.1,0.1
11737,4,0.25,0.14285714285714288,0.16812753627111746,0.25,0.2,0.25,0.20588235294117643,0.16812753627111746,0.25,0.1
18444,1,0.0,0.0,0.0,0.0,0.0,0.0,0.0,0.0,0.0,0.0
7173,8,0.4,0.39999999999999997,0.4703652827859578,0.25,0.4,0.25,0.3076923076923077,0.35079429740281753,0.25,0.2
3882,1,0.0,0.0,0.0,0.0,0.0,0.0,0.0,0.0,0.0,0.0
11897,10,0.8,0.8000000000000002,0.8304198973631919,0.4,0.8,0.4,0.5818181818181818,0.5388856921828065,0.4,0.4
20356,10,0.2,0.3333333333333333,0.33916020527361607,0.1,0.2,0.3,0.2727272727272727,0.3570764765963919,0.3,0.3
5415,7,0.0,0.0,0.0,0.0,0.0,0.0,0.0,0.0,0.0,0.0
1776,14,0.0,0.0,0.0,0.0,0.0,0.0,0.0,0.0,0.0,0.0
2577,11,0.2,0.3333333333333333,0.33916020527361607,0.09090909090909091,0.2,0.2,0.2545454545454545,0.29345568839744024,0.18181818181818182,0.2
21530,9,0.4,0.3333333333333333,0.34519134224686926,0.2222222222222222,0.4,0.4444444444444444,0.37037037037037035,0.38412963719528304,0.4444444444444444,0.4
6298,15,1.0,1.0,1.0,0.3333333333333333,1.0,0.7,0.8363636363636363,0.7909506325094736,0.4666666666666667,0.7
1025,14,0.4,0.4666666666666666,0.38356636737133554,0.14285714285714285,0.4,0.4,0.4181818181818182,0.39092738420022155,0.2857142857142857,0.4
13860,6,0.4,0.39999999999999997,0.4703652827859578,0.3333333333333333,0.4,0.3333333333333333,0.35555555555555557,0.4196650066367769,0.3333333333333333,0.2
21062,2,0.0,0.0,0.0,0.0,0.0,0.0,0.0,0.0,0.0,0.0
11169,6,0.2,0.19999999999999998,0.16958010263680803,0.16666666666666666,0.2,0.16666666666666666,0.17777777777777778,0.15130120674940672,0.16666666666666666,0.1
9426,15,0.4,0.39999999999999997,0.4703652827859578,0.13333333333333333,0.4,0.3,0.34545454545454546,0.3746661058764783,0.2,0.3
13475,7,0.4,0.6,0.5531464700081437,0.2857142857142857,0.4,0.2857142857142857,0.38775510204081626,0.4483039899025303,0.2857142857142857,0.2
10959,4,0.25,0.35714285714285715,0.39038004999210163,0.25,0.2,0.25,0.2941176470588235,0.39038004999210163,0.25,0.1
8133,2,0.0,0.0,0.0,0.0,0.0,0.0,0.0,0.0,0.0,0.0
18465,1,0.0,0.0,0.0,0.0,0.0,0.0,0.0,0.0,0.0,0.0
5389,5,0.4,0.4000000000000001,0.3600546145772339,0.4,0.4,0.4,0.4,0.3600546145772339,0.4,0.2
21024,9,0.2,0.06666666666666665,0.13120507751234176,0.1111111111111111,0.2,0.2222222222222222,0.16666666666666666,0.16507664590405338,0.2222222222222222,0.2
19785,19,0.6,0.5333333333333333,0.6164336326286642,0.15789473684210525,0.6,0.5,0.5272727272727272,0.5420423054868788,0.2631578947368421,0.5
10012,8,0.2,0.13333333333333333,0.14606834984270645,0.125,0.2,0.375,0.2692307692307693,0.2730452654360898,0.375,0.3
7519,18,0.4,0.4666666666666666,0.38356636737133554,0.1111111111111111,0.4,0.5,0.47272727272727283,0.4579576945131209,0.2777777777777778,0.5
18651,13,0.4,0.39999999999999997,0.4703652827859578,0.15384615384615385,0.4,0.3,0.34545454545454546,0.3746661058764783,0.23076923076923078,0.3
6261,2,0.5,0.0,0.0,0.5,0.2,0.5,0.0,0.0,0.5,0.1
5452,7,0.2,0.3333333333333333,0.33916020527361607,0.14285714285714285,0.2,0.14285714285714285,0.2040816326530612,0.27487633291429087,0.14285714285714285,0.1
13720,22,0.6,0.6666666666666666,0.6548086577531306,0.13636363636363635,0.6,0.7,0.6545454545454545,0.7026305163854644,0.3181818181818182,0.7
5209,1,0.0,0.0,0.0,0.0,0.0,0.0,0.0,0.0,0.0,0.0
14778,2,1.0,0.5555555555555556,0.6131471927654584,1.0,0.4,1.0,0.5263157894736842,0.6131471927654584,1.0,0.2
10680,11,0.4,0.5333333333333333,0.5087403079104241,0.18181818181818182,0.4,0.4,0.47272727272727266,0.4779671403625727,0.36363636363636365,0.4
3554,1,0.0,0.0,0.0,0.0,0.0,0.0,0.0,0.0,0.0,0.0
13793,4,0.25,0.35714285714285715,0.39038004999210163,0.25,0.2,0.5,0.2941176470588235,0.39038004999210163,0.5,0.2
908,17,1.0,1.0,1.0,0.29411764705882354,1.0,0.8,0.8727272727272727,0.8572048559638626,0.47058823529411764,0.8
2830,1,0.0,0.0,0.0,0.0,0.0,0.0,0.0,0.0,0.0,0.0
7651,12,0.6,0.7333333333333334,0.6992148198508501,0.25,0.6,0.5,0.5636363636363636,0.5894280199323517,0.4166666666666667,0.5
13823,4,0.0,0.0,0.0,0.0,0.0,0.0,0.0,0.0,0.0,0.0
8178,1,0.0,0.0,0.0,0.0,0.0,0.0,0.0,0.0,0.0,0.0
11785,2,0.5,0.5555555555555556,0.6131471927654584,0.5,0.2,0.5,0.5263157894736842,0.6131471927654584,0.5,0.1
15781,5,0.2,0.3333333333333333,0.33916020527361607,0.2,0.2,0.2,0.25,0.33916020527361607,0.2,0.1
10782,2,0.0,0.0,0.0,0.0,0.0,0.0,0.0,0.0,0.0,0.0
19165,27,0.4,0.4666666666666666,0.48522855511632257,0.07407407407407407,0.4,0.4,0.38181818181818183,0.44793214080335986,0.14814814814814814,0.4
10557,1,1.0,0.0,0.0,1.0,0.2,1.0,0.0,0.0,1.0,0.1
15411,1,1.0,0.0,0.0,1.0,0.2,1.0,0.0,0.0,1.0,0.1
17261,6,0.0,0.0,0.0,0.0,0.0,0.0,0.0,0.0,0.0,0.0
9044,7,0.2,0.06666666666666665,0.13120507751234176,0.14285714285714285,0.2,0.14285714285714285,0.12244897959183672,0.10633668103022983,0.14285714285714285,0.1
17535,18,1.0,1.0,1.0,0.2777777777777778,1.0,0.5,0.7272727272727273,0.6489315753318466,0.2777777777777778,0.5
11413,1,0.0,0.0,0.0,0.0,0.0,0.0,0.0,0.0,0.0,0.0
518,2,0.0,0.0,0.0,0.0,0.0,0.0,0.0,0.0,0.0,0.0
243,4,0.25,0.0,0.0,0.25,0.2,0.25,0.0,0.0,0.25,0.1
19293,12,0.0,0.0,0.0,0.0,0.0,0.0,0.0,0.0,0.0,0.0
12554,1,0.0,0.0,0.0,0.0,0.0,0.0,0.0,0.0,0.0,0.0
9535,7,0.0,0.0,0.0,0.0,0.0,0.0,0.0,0.0,0.0,0.0
6395,16,0.0,0.0,0.0,0.0,0.0,0.2,0.12727272727272726,0.14465249243306436,0.125,0.2
19161,25,0.6,0.7333333333333334,0.6992148198508501,0.12,0.6,0.5,0.6,0.5965377185773227,0.2,0.5
9185,1,0.0,0.0,0.0,0.0,0.0,0.0,0.0,0.0,0.0,0.0
20202,2,0.0,0.0,0.0,0.0,0.0,0.0,0.0,0.0,0.0,0.0
22268,1,1.0,0.0,0.0,1.0,0.2,1.0,0.0,0.0,1.0,0.1
684,17,0.4,0.5333333333333333,0.5087403079104241,0.11764705882352941,0.4,0.3,0.41818181818181815,0.4085359184257955,0.17647058823529413,0.3
20875,1,0.0,0.0,0.0,0.0,0.0,0.0,0.0,0.0,0.0,0.0
9397,18,0.4,0.3333333333333333,0.34519134224686926,0.1111111111111111,0.4,0.5,0.49090909090909096,0.4451989745299881,0.2777777777777778,0.5
17996,10,0.2,0.26666666666666666,0.2139862647345275,0.1,0.2,0.2,0.21818181818181823,0.20829366581033176,0.2,0.2
19032,3,0.6666666666666666,0.5833333333333334,0.5307212739772434,0.6666666666666666,0.4,0.6666666666666666,0.6296296296296297,0.5307212739772434,0.6666666666666666,0.2
20580,5,0.0,0.0,0.0,0.0,0.0,0.2,0.0,0.0,0.2,0.1
16017,3,0.0,0.0,0.0,0.0,0.0,0.0,0.0,0.0,0.0,0.0
1273,1,0.0,0.0,0.0,0.0,0.0,0.0,0.0,0.0,0.0,0.0
16650,2,0.0,0.0,0.0,0.0,0.0,0.5,0.0,0.0,0.5,0.1
20931,3,0.0,0.0,0.0,0.0,0.0,0.0,0.0,0.0,0.0,0.0
21287,2,0.0,0.0,0.0,0.0,0.0,0.0,0.0,0.0,0.0,0.0
5468,14,0.4,0.5333333333333333,0.5087403079104241,0.14285714285714285,0.4,0.4,0.38181818181818183,0.4600126611004609,0.2857142857142857,0.4
13952,8,0.2,0.26666666666666666,0.2139862647345275,0.125,0.2,0.125,0.17307692307692307,0.1595890771248963,0.125,0.1
2924,1,0.0,0.0,0.0,0.0,0.0,0.0,0.0,0.0,0.0,0.0
15576,19,0.8,0.8666666666666666,0.8539316501572936,0.21052631578947367,0.8,0.7,0.781818181818182,0.7682269253321374,0.3684210526315789,0.7
4765,13,0.2,0.26666666666666666,0.2139862647345275,0.07692307692307693,0.2,0.2,0.2,0.2051166673279435,0.15384615384615385,0.2
18034,21,1.0,1.0,1.0,0.23809523809523808,1.0,0.7,0.8363636363636364,0.7885497208855957,0.3333333333333333,0.7
5417,10,0.8,0.8666666666666666,0.8539316501572936,0.4,0.8,0.5,0.6363636363636364,0.6203974344166848,0.5,0.5
11245,6,0.0,0.0,0.0,0.0,0.0,0.0,0.0,0.0,0.0,0.0
2440,17,0.4,0.4666666666666666,0.48522855511632257,0.11764705882352941,0.4,0.2,0.3090909090909091,0.31488013066763093,0.11764705882352941,0.2
17031,2,0.0,0.0,0.0,0.0,0.0,0.0,0.0,0.0,0.0,0.0
22476,1,0.0,0.0,0.0,0.0,0.0,0.0,0.0,0.0,0.0,0.0
18117,10,0.6,0.6,0.6399453854227659,0.3,0.6,0.5,0.5818181818181819,0.5631102580041938,0.5,0.5
3722,1,0.0,0.0,0.0,0.0,0.0,0.0,0.0,0.0,0.0,0.0
756,3,0.3333333333333333,0.25,0.23463936301137822,0.3333333333333333,0.2,0.3333333333333333,0.2962962962962963,0.23463936301137822,0.3333333333333333,0.1
17084,2,0.0,0.0,0.0,0.0,0.0,0.0,0.0,0.0,0.0,0.0
19202,14,0.6,0.5333333333333333,0.6164336326286642,0.21428571428571427,0.6,0.5,0.509090909090909,0.5357086937004182,0.35714285714285715,0.5
15226,18,0.8,0.8666666666666666,0.8539316501572936,0.2222222222222222,0.8,0.8,0.8545454545454546,0.8415908474314975,0.4444444444444444,0.8
9214,10,0.6,0.6,0.6399453854227659,0.3,0.6,0.3,0.43636363636363634,0.4152807670887412,0.3,0.3
11211,1,0.0,0.0,0.0,0.0,0.0,0.0,0.0,0.0,0.0,0.0
16260,3,0.0,0.0,0.0,0.0,0.0,0.0,0.0,0.0,0.0,0.0
17551,5,0.0,0.0,0.0,0.0,0.0,0.0,0.0,0.0,0.0,0.0
18757,1,0.0,0.0,0.0,0.0,0.0,0.0,0.0,0.0,0.0,0.0
11191,5,0.2,0.06666666666666665,0.13120507751234176,0.2,0.2,0.2,0.15,0.13120507751234176,0.2,0.1
15813,7,0.0,0.0,0.0,0.0,0.0,0.0,0.0,0.0,0.0,0.0
18970,15,0.6,0.6,0.529634717214042,0.2,0.6,0.4,0.47272727272727283,0.4099509148465344,0.26666666666666666,0.4
20444,1,0.0,0.0,0.0,0.0,0.0,0.0,0.0,0.0,0.0,0.0
19775,4,0.0,0.0,0.0,0.0,0.0,0.0,0.0,0.0,0.0,0.0
18243,22,0.4,0.5333333333333333,0.5087403079104241,0.09090909090909091,0.4,0.3,0.34545454545454546,0.3937584376460719,0.13636363636363635,0.3
11117,18,0.8,0.8000000000000002,0.8304198973631919,0.2222222222222222,0.8,0.4,0.5818181818181818,0.5388856921828065,0.2222222222222222,0.4
17353,21,0.0,0.0,0.0,0.0,0.0,0.0,0.0,0.0,0.0,0.0
13873,5,0.0,0.0,0.0,0.0,0.0,0.0,0.0,0.0,0.0,0.0
7505,13,0.6,0.6666666666666666,0.6843515475204854,0.23076923076923078,0.6,0.4,0.509090909090909,0.5135285497500329,0.3076923076923077,0.4
12334,1,0.0,0.0,0.0,0.0,0.0,0.0,0.0,0.0,0.0,0.0
16687,4,0.0,0.0,0.0,0.0,0.0,0.0,0.0,0.0,0.0,0.0
17829,7,0.4,0.3333333333333333,0.31564845247951445,0.2857142857142857,0.4,0.2857142857142857,0.3061224489795918,0.2558209594125083,0.2857142857142857,0.2
1660,12,0.2,0.06666666666666665,0.13120507751234176,0.08333333333333333,0.2,0.2,0.16363636363636364,0.15457433957839825,0.16666666666666666,0.2
13587,19,0.6,0.39999999999999997,0.4468535299918562,0.15789473684210525,0.6,0.4,0.4,0.3535981533591635,0.21052631578947367,0.4
10433,4,0.0,0.0,0.0,0.0,0.0,0.0,0.0,0.0,0.0,0.0
8018,3,0.3333333333333333,0.0,0.0,0.3333333333333333,0.2,0.3333333333333333,0.0,0.0,0.3333333333333333,0.1
14222,13,0.6,0.6666666666666666,0.6548086577531306,0.23076923076923078,0.6,0.4,0.49090909090909096,0.49118023727106,0.3076923076923077,0.4
15107,1,0.0,0.0,0.0,0.0,0.0,0.0,0.0,0.0,0.0,0.0
435,25,0.2,0.3333333333333333,0.33916020527361607,0.04,0.2,0.1,0.18181818181818182,0.22009176629808014,0.04,0.1
12217,5,0.2,0.13333333333333333,0.14606834984270645,0.2,0.2,0.4,0.175,0.14606834984270645,0.4,0.2
17000,8,0.2,0.3333333333333333,0.33916020527361607,0.125,0.2,0.125,0.1923076923076923,0.2529427027676571,0.125,0.1
14520,10,0.4,0.4666666666666666,0.48522855511632257,0.2,0.4,0.3,0.38181818181818183,0.38824405276699103,0.3,0.3
20507,1,0.0,0.0,0.0,0.0,0.0,0.0,0.0,0.0,0.0,0.0
14749,1,0.0,0.0,0.0,0.0,0.0,0.0,0.0,0.0,0.0,0.0
13667,4,0.0,0.0,0.0,0.0,0.0,0.0,0.0,0.0,0.0,0.0
7843,9,0.4,0.4666666666666666,0.48522855511632257,0.2222222222222222,0.4,0.2222222222222222,0.31481481481481477,0.3362741576267856,0.2222222222222222,0.2
11543,20,0.4,0.4666666666666666,0.38356636737133554,0.1,0.4,0.2,0.30909090909090914,0.24890832702259458,0.1,0.2
2114,5,0.0,0.0,0.0,0.0,0.0,0.0,0.0,0.0,0.0,0.0
20295,5,0.2,0.19999999999999998,0.16958010263680803,0.2,0.2,0.2,0.2,0.16958010263680803,0.2,0.1
10887,6,0.2,0.3333333333333333,0.33916020527361607,0.16666666666666666,0.2,0.16666666666666666,0.2222222222222222,0.30260241349881345,0.16666666666666666,0.1
9458,8,0.4,0.3333333333333333,0.31564845247951445,0.25,0.4,0.5,0.3846153846153846,0.32550785265395216,0.5,0.4
17746,22,0.6,0.6666666666666666,0.6843515475204854,0.13636363636363635,0.6,0.6,0.6000000000000001,0.6523706084452718,0.2727272727272727,0.6
1384,1,0.0,0.0,0.0,0.0,0.0,0.0,0.0,0.0,0.0,0.0
17775,3,0.0,0.0,0.0,0.0,0.0,0.3333333333333333,0.0,0.0,0.3333333333333333,0.1
2304,6,0.0,0.0,0.0,0.0,0.0,0.16666666666666666,0.0,0.0,0.16666666666666666,0.1
5876,6,0.0,0.0,0.0,0.0,0.0,0.3333333333333333,0.0,0.0,0.3333333333333333,0.2
9624,14,0.6,0.7333333333333334,0.6992148198508501,0.21428571428571427,0.6,0.3,0.47272727272727266,0.4537425745411855,0.21428571428571427,0.3
5155,13,0.2,0.13333333333333333,0.14606834984270645,0.07692307692307693,0.2,0.1,0.12727272727272726,0.09478836436955078,0.07692307692307693,0.1
12732,2,1.0,0.5555555555555556,0.6131471927654584,1.0,0.4,1.0,0.5263157894736842,0.6131471927654584,1.0,0.2
4867,15,0.4,0.4000000000000001,0.3600546145772339,0.13333333333333333,0.4,0.2,0.29090909090909095,0.23365080824310527,0.13333333333333333,0.2
19429,3,0.3333333333333333,0.33333333333333337,0.29608191096586517,0.3333333333333333,0.2,0.3333333333333333,0.3333333333333333,0.29608191096586517,0.3333333333333333,0.1
20864,1,0.0,0.0,0.0,0.0,0.0,0.0,0.0,0.0,0.0,0.0
16055,22,0.4,0.3333333333333333,0.34519134224686926,0.09090909090909091,0.4,0.2,0.2727272727272727,0.22400556151517548,0.09090909090909091,0.2
7142,1,0.0,0.0,0.0,0.0,0.0,0.0,0.0,0.0,0.0,0.0
12467,2,0.0,0.0,0.0,0.0,0.0,0.0,0.0,0.0,0.0,0.0
8799,16,0.4,0.39999999999999997,0.4703652827859578,0.125,0.4,0.2,0.29090909090909095,0.3052348839397011,0.125,0.2
11950,4,0.25,0.35714285714285715,0.39038004999210163,0.25,0.2,0.5,0.2941176470588235,0.39038004999210163,0.5,0.2
12385,2,0.0,0.0,0.0,0.0,0.0,0.0,0.0,0.0,0.0,0.0
6504,11,0.4,0.5333333333333333,0.5087403079104241,0.18181818181818182,0.4,0.2,0.32727272727272727,0.3301376494471202,0.18181818181818182,0.2
11534,5,0.0,0.0,0.0,0.0,0.0,0.0,0.0,0.0,0.0,0.0
9019,11,0.8,0.9333333333333332,0.8687949224876582,0.36363636363636365,0.8,0.5,0.6545454545454547,0.6300426811446146,0.45454545454545453,0.5
16229,29,0.6,0.5333333333333333,0.5147714448836773,0.10344827586206896,0.6,0.5,0.490909090909091,0.4671034547999445,0.1724137931034483,0.5
5012,24,0.6,0.6666666666666666,0.6548086577531306,0.125,0.6,0.4,0.5272727272727272,0.49828993591603105,0.16666666666666666,0.4
4144,5,0.4,0.5333333333333333,0.5087403079104241,0.4,0.4,0.4,0.45,0.5087403079104241,0.4,0.2
19237,2,0.0,0.0,0.0,0.0,0.0,0.0,0.0,0.0,0.0,0.0
22395,8,0.0,0.0,0.0,0.0,0.0,0.0,0.0,0.0,0.0,0.0
7116,3,0.0,0.0,0.0,0.0,0.0,0.0,0.0,0.0,0.0,0.0
16682,18,0.2,0.26666666666666666,0.2139862647345275,0.05555555555555555,0.2,0.5,0.3818181818181818,0.42049964660493067,0.2777777777777778,0.5
5260,4,0.5,0.35714285714285715,0.39038004999210163,0.5,0.4,0.5,0.2941176470588235,0.39038004999210163,0.5,0.2
15738,17,0.2,0.13333333333333333,0.14606834984270645,0.058823529411764705,0.2,0.1,0.12727272727272726,0.09478836436955078,0.058823529411764705,0.1
15926,5,0.2,0.26666666666666666,0.2139862647345275,0.2,0.2,0.2,0.225,0.2139862647345275,0.2,0.1
8221,1,0.0,0.0,0.0,0.0,0.0,0.0,0.0,0.0,0.0,0.0
7368,30,1.0,1.0,1.0,0.16666666666666666,1.0,0.8,0.8727272727272727,0.8553475075669357,0.26666666666666666,0.8
2278,2,0.0,0.0,0.0,0.0,0.0,0.0,0.0,0.0,0.0,0.0
6529,3,0.0,0.0,0.0,0.0,0.0,0.0,0.0,0.0,0.0,0.0
20907,40,1.0,1.0,1.0,0.125,1.0,0.8,0.9090909090909091,0.8643145546088338,0.2,0.8
14167,5,0.2,0.19999999999999998,0.16958010263680803,0.2,0.2,0.2,0.2,0.16958010263680803,0.2,0.1
21068,31,0.6,0.7999999999999999,0.7227265726449518,0.0967741935483871,0.6,0.6,0.6363636363636365,0.6772733739526909,0.1935483870967742,0.6
808,3,0.3333333333333333,0.33333333333333337,0.29608191096586517,0.3333333333333333,0.2,0.3333333333333333,0.3333333333333333,0.29608191096586517,0.3333333333333333,0.1
17988,9,0.0,0.0,0.0,0.0,0.0,0.0,0.0,0.0,0.0,0.0
15725,33,0.2,0.3333333333333333,0.33916020527361607,0.030303030303030304,0.2,0.2,0.2,0.2837125544970318,0.06060606060606061,0.2
8288,16,0.4,0.4666666666666666,0.38356636737133554,0.125,0.4,0.3,0.3272727272727273,0.31252911522154625,0.1875,0.3
19163,11,0.2,0.26666666666666666,0.2139862647345275,0.09090909090909091,0.2,0.2,0.2,0.2051166673279435,0.18181818181818182,0.2
12657,2,0.0,0.0,0.0,0.0,0.0,0.0,0.0,0.0,0.0,0.0
14897,9,0.4,0.4666666666666666,0.38356636737133554,0.2222222222222222,0.4,0.2222222222222222,0.3148148148148148,0.26582000527739175,0.2222222222222222,0.2
262,3,0.3333333333333333,0.4166666666666667,0.46927872602275644,0.3333333333333333,0.2,0.3333333333333333,0.37037037037037035,0.46927872602275644,0.3333333333333333,0.1
21470,11,0.2,0.3333333333333333,0.33916020527361607,0.09090909090909091,0.2,0.2,0.2,0.2837125544970318,0.18181818181818182,0.2
3041,1,0.0,0.0,0.0,0.0,0.0,0.0,0.0,0.0,0.0,0.0
14123,4,0.0,0.0,0.0,0.0,0.0,0.0,0.0,0.0,0.0,0.0
15493,1,0.0,0.0,0.0,0.0,0.0,0.0,0.0,0.0,0.0,0.0
3200,1,0.0,0.0,0.0,0.0,0.0,0.0,0.0,0.0,0.0,0.0
5049,15,0.6,0.6666666666666666,0.6548086577531306,0.2,0.6,0.4,0.509090909090909,0.4943572357534482,0.26666666666666666,0.4
20754,4,0.0,0.0,0.0,0.0,0.0,0.0,0.0,0.0,0.0,0.0
17422,2,0.0,0.0,0.0,0.0,0.0,0.5,0.0,0.0,0.5,0.1
16222,10,0.4,0.39999999999999997,0.4703652827859578,0.2,0.4,0.5,0.45454545454545464,0.5166851630541053,0.5,0.5
10115,4,0.0,0.0,0.0,0.0,0.0,0.0,0.0,0.0,0.0,0.0
10274,5,0.0,0.0,0.0,0.0,0.0,0.0,0.0,0.0,0.0,0.0
1276,2,0.5,0.5555555555555556,0.6131471927654584,0.5,0.2,0.5,0.5263157894736842,0.6131471927654584,0.5,0.1
15866,3,0.3333333333333333,0.4166666666666667,0.46927872602275644,0.3333333333333333,0.2,0.3333333333333333,0.37037037037037035,0.46927872602275644,0.3333333333333333,0.1
4787,2,0.0,0.0,0.0,0.0,0.0,0.0,0.0,0.0,0.0,0.0
13966,2,0.0,0.0,0.0,0.0,0.0,0.0,0.0,0.0,0.0,0.0
1937,13,0.0,0.0,0.0,0.0,0.0,0.0,0.0,0.0,0.0,0.0
8314,3,0.0,0.0,0.0,0.0,0.0,0.0,0.0,0.0,0.0,0.0
11653,9,1.0,1.0,1.0,0.5555555555555556,1.0,0.7777777777777778,0.9074074074074074,0.8550956239938449,0.7777777777777778,0.7
14006,8,0.2,0.13333333333333333,0.14606834984270645,0.125,0.2,0.125,0.1346153846153846,0.1089364926177559,0.125,0.1
10081,7,0.0,0.0,0.0,0.0,0.0,0.14285714285714285,0.0,0.0,0.14285714285714285,0.1
10897,8,0.2,0.26666666666666666,0.2139862647345275,0.125,0.2,0.125,0.17307692307692307,0.1595890771248963,0.125,0.1
7451,7,0.4,0.5333333333333333,0.5087403079104241,0.2857142857142857,0.4,0.7142857142857143,0.5510204081632653,0.6018528690261676,0.7142857142857143,0.5
13972,1,0.0,0.0,0.0,0.0,0.0,0.0,0.0,0.0,0.0,0.0
16272,1,0.0,0.0,0.0,0.0,0.0,0.0,0.0,0.0,0.0,0.0
8082,1,0.0,0.0,0.0,0.0,0.0,0.0,0.0,0.0,0.0,0.0
10396,29,1.0,1.0,1.0,0.1724137931034483,1.0,1.0,1.0,1.0,0.3448275862068966,1.0
2507,14,0.0,0.0,0.0,0.0,0.0,0.0,0.0,0.0,0.0,0.0
5831,7,0.4,0.6,0.5531464700081437,0.2857142857142857,0.4,0.2857142857142857,0.38775510204081626,0.4483039899025303,0.2857142857142857,0.2
21184,7,0.2,0.13333333333333333,0.14606834984270645,0.14285714285714285,0.2,0.14285714285714285,0.14285714285714285,0.11838279295536291,0.14285714285714285,0.1
10779,9,0.2,0.3333333333333333,0.33916020527361607,0.1111111111111111,0.2,0.1111111111111111,0.18518518518518517,0.23504554941448538,0.1111111111111111,0.1
425,12,0.6,0.5333333333333333,0.6164336326286642,0.25,0.6,0.4,0.509090909090909,0.4784215172879272,0.3333333333333333,0.4
18473,1,0.0,0.0,0.0,0.0,0.0,0.0,0.0,0.0,0.0,0.0
10261,1,0.0,0.0,0.0,0.0,0.0,0.0,0.0,0.0,0.0,0.0
10753,11,0.6,0.6666666666666666,0.6843515475204854,0.2727272727272727,0.6,0.6,0.6727272727272727,0.6652907408280683,0.5454545454545454,0.6
13474,13,0.4,0.3333333333333333,0.31564845247951445,0.15384615384615385,0.4,0.3,0.34545454545454546,0.2781981696179509,0.23076923076923078,0.3
18885,1,1.0,0.0,0.0,1.0,0.2,1.0,0.0,0.0,1.0,0.1
13614,1,1.0,1.0,1.0,1.0,0.2,1.0,1.0,1.0,1.0,0.1
22167,8,0.2,0.26666666666666666,0.2139862647345275,0.125,0.2,0.125,0.17307692307692307,0.1595890771248963,0.125,0.1
8945,7,0.2,0.26666666666666666,0.2139862647345275,0.14285714285714285,0.2,0.14285714285714285,0.18367346938775508,0.17342765698823942,0.14285714285714285,0.1
7614,15,0.2,0.06666666666666665,0.13120507751234176,0.06666666666666667,0.2,0.1,0.10909090909090909,0.08514311764162097,0.06666666666666667,0.1
20239,7,0.0,0.0,0.0,0.0,0.0,0.14285714285714285,0.1020408163265306,0.0979129253499678,0.14285714285714285,0.1
5461,1,0.0,0.0,0.0,0.0,0.0,0.0,0.0,0.0,0.0,0.0
15921,1,0.0,0.0,0.0,0.0,0.0,0.0,0.0,0.0,0.0,0.0
19289,13,0.2,0.19999999999999998,0.16958010263680803,0.07692307692307693,0.2,0.2,0.16363636363636364,0.1736666713479918,0.15384615384615385,0.2
22327,3,0.0,0.0,0.0,0.0,0.0,0.0,0.0,0.0,0.0,0.0
10193,3,0.0,0.0,0.0,0.0,0.0,0.0,0.0,0.0,0.0,0.0
16836,14,0.0,0.0,0.0,0.0,0.0,0.0,0.0,0.0,0.0,0.0
8104,3,0.0,0.0,0.0,0.0,0.0,0.6666666666666666,0.0,0.0,0.6666666666666666,0.2
5688,10,0.2,0.26666666666666666,0.2139862647345275,0.1,0.2,0.1,0.16363636363636364,0.1388624438735545,0.1,0.1
8541,1,0.0,0.0,0.0,0.0,0.0,0.0,0.0,0.0,0.0,0.0
11157,3,0.0,0.0,0.0,0.0,0.0,0.0,0.0,0.0,0.0,0.0
6967,6,0.2,0.3333333333333333,0.33916020527361607,0.16666666666666666,0.2,0.16666666666666666,0.2222222222222222,0.30260241349881345,0.16666666666666666,0.1
22005,7,0.2,0.3333333333333333,0.33916020527361607,0.14285714285714285,0.2,0.14285714285714285,0.2040816326530612,0.27487633291429087,0.14285714285714285,0.1
15236,3,0.0,0.0,0.0,0.0,0.0,0.0,0.0,0.0,0.0,0.0
6516,14,0.4,0.6,0.5531464700081437,0.14285714285714285,0.4,0.4,0.49090909090909096,0.5067837010870873,0.2857142857142857,0.4
19100,1,1.0,0.0,0.0,1.0,0.2,1.0,0.0,0.0,1.0,0.1
22048,5,0.4,0.3333333333333333,0.31564845247951445,0.4,0.4,0.4,0.375,0.31564845247951445,0.4,0.2
3893,4,0.25,0.35714285714285715,0.39038004999210163,0.25,0.2,0.5,0.2941176470588235,0.39038004999210163,0.5,0.2
8741,4,0.25,0.35714285714285715,0.39038004999210163,0.25,0.2,0.5,0.2941176470588235,0.39038004999210163,0.5,0.2
17857,1,0.0,0.0,0.0,0.0,0.0,0.0,0.0,0.0,0.0,0.0
21583,26,0.0,0.0,0.0,0.0,0.0,0.2,0.14545454545454548,0.14782949091545258,0.07692307692307693,0.2
1765,5,0.2,0.3333333333333333,0.33916020527361607,0.2,0.2,0.2,0.25,0.33916020527361607,0.2,0.1
14337,7,0.6,0.7333333333333334,0.6992148198508501,0.42857142857142855,0.6,0.42857142857142855,0.5306122448979591,0.5666867828578932,0.42857142857142855,0.3
12932,17,0.8,0.8000000000000002,0.8304198973631919,0.23529411764705882,0.8,0.5,0.6545454545454544,0.6122496142821665,0.29411764705882354,0.5
10929,19,0.6,0.6666666666666666,0.6548086577531306,0.15789473684210525,0.6,0.4,0.5454545454545454,0.5033242827953462,0.21052631578947367,0.4
11080,6,0.4,0.5333333333333333,0.5087403079104241,0.3333333333333333,0.4,0.3333333333333333,0.4,0.4539036202482201,0.3333333333333333,0.2
3687,5,0.2,0.3333333333333333,0.33916020527361607,0.2,0.2,0.2,0.25,0.33916020527361607,0.2,0.1
20969,11,0.4,0.4666666666666666,0.38356636737133554,0.18181818181818182,0.4,0.3,0.4,0.3273065960012699,0.2727272727272727,0.3
13693,12,0.6,0.6,0.529634717214042,0.25,0.6,0.4,0.45454545454545464,0.40731747959109704,0.3333333333333333,0.4
3096,3,0.0,0.0,0.0,0.0,0.0,0.0,0.0,0.0,0.0,0.0
7527,1,0.0,0.0,0.0,0.0,0.0,0.0,0.0,0.0,0.0,0.0
4313,10,0.2,0.13333333333333333,0.14606834984270645,0.1,0.2,0.3,0.2727272727272727,0.24261785528500332,0.3,0.3
6684,1,0.0,0.0,0.0,0.0,0.0,0.0,0.0,0.0,0.0,0.0
12023,4,0.25,0.0,0.0,0.25,0.2,0.5,0.0,0.0,0.5,0.2
19936,6,0.4,0.3333333333333333,0.34519134224686926,0.3333333333333333,0.4,0.5,0.3333333333333333,0.30798345931689813,0.5,0.3
18227,1,0.0,0.0,0.0,0.0,0.0,0.0,0.0,0.0,0.0,0.0
16681,3,0.0,0.0,0.0,0.0,0.0,0.0,0.0,0.0,0.0,0.0
22388,16,0.8,0.9333333333333332,0.8687949224876582,0.25,0.8,0.7,0.8181818181818183,0.78180487222265,0.4375,0.7
3688,1,0.0,0.0,0.0,0.0,0.0,0.0,0.0,0.0,0.0,0.0
921,5,0.0,0.0,0.0,0.0,0.0,0.0,0.0,0.0,0.0,0.0
4522,9,0.2,0.3333333333333333,0.33916020527361607,0.1111111111111111,0.2,0.1111111111111111,0.18518518518518517,0.23504554941448538,0.1111111111111111,0.1
13199,14,0.0,0.0,0.0,0.0,0.0,0.1,0.036363636363636355,0.06625422345438903,0.07142857142857142,0.1
8107,4,0.25,0.2142857142857143,0.19519002499605081,0.25,0.2,0.25,0.23529411764705882,0.19519002499605081,0.25,0.1
12100,22,0.2,0.3333333333333333,0.33916020527361607,0.045454545454545456,0.2,0.3,0.23636363636363633,0.3499667779514209,0.13636363636363635,0.3
1901,3,0.0,0.0,0.0,0.0,0.0,0.0,0.0,0.0,0.0,0.0
13670,17,0.8,0.8666666666666666,0.8539316501572936,0.23529411764705882,0.8,0.7,0.781818181818182,0.7682269253321374,0.4117647058823529,0.7
2221,1,0.0,0.0,0.0,0.0,0.0,0.0,0.0,0.0,0.0,0.0
3714,13,0.4,0.19999999999999998,0.2772734273550482,0.15384615384615385,0.4,0.3,0.3272727272727272,0.25832975098984706,0.23076923076923078,0.3
7717,2,0.0,0.0,0.0,0.0,0.0,0.0,0.0,0.0,0.0,0.0
9207,28,1.0,1.0,1.0,0.17857142857142858,1.0,0.6,0.8181818181818182,0.727329844310522,0.21428571428571427,0.6
13465,2,0.5,0.0,0.0,0.5,0.2,1.0,0.0,0.0,1.0,0.2
4868,10,0.6,0.7999999999999999,0.7227265726449518,0.3,0.6,0.4,0.5818181818181819,0.5473983622993501,0.4,0.4
10083,13,0.4,0.5333333333333333,0.5087403079104241,0.15384615384615385,0.4,0.2,0.32727272727272727,0.3301376494471202,0.15384615384615385,0.2
16453,13,0.0,0.0,0.0,0.0,0.0,0.1,0.07272727272727274,0.07336392209936006,0.07692307692307693,0.1
16889,8,0.4,0.3333333333333333,0.31564845247951445,0.25,0.4,0.25,0.28846153846153844,0.23540784400158446,0.25,0.2
6308,2,1.0,0.5555555555555556,0.6131471927654584,1.0,0.4,1.0,0.5263157894736842,0.6131471927654584,1.0,0.2
21403,3,0.3333333333333333,0.4166666666666667,0.46927872602275644,0.3333333333333333,0.2,0.3333333333333333,0.37037037037037035,0.46927872602275644,0.3333333333333333,0.1
12502,1,0.0,0.0,0.0,0.0,0.0,1.0,0.0,0.0,1.0,0.1
20278,6,0.2,0.3333333333333333,0.33916020527361607,0.16666666666666666,0.2,0.3333333333333333,0.2222222222222222,0.30260241349881345,0.3333333333333333,0.2
21439,2,0.0,0.0,0.0,0.0,0.0,0.0,0.0,0.0,0.0,0.0
12490,18,0.4,0.4666666666666666,0.38356636737133554,0.1111111111111111,0.4,0.3,0.38181818181818183,0.3222722491219546,0.16666666666666666,0.3
21724,22,0.0,0.0,0.0,0.0,0.0,0.2,0.16363636363636364,0.1517621910780354,0.09090909090909091,0.2
5114,28,0.6,0.7999999999999999,0.7227265726449518,0.10714285714285714,0.6,0.5,0.5818181818181819,0.6059848036189865,0.17857142857142858,0.5
13402,2,0.0,0.0,0.0,0.0,0.0,0.0,0.0,0.0,0.0,0.0
11612,4,0.25,0.14285714285714288,0.16812753627111746,0.25,0.2,0.25,0.20588235294117643,0.16812753627111746,0.25,0.1
17382,2,0.0,0.0,0.0,0.0,0.0,0.5,0.0,0.0,0.5,0.1
8266,6,0.4,0.6,0.5531464700081437,0.3333333333333333,0.4,0.3333333333333333,0.4222222222222222,0.4935232796777481,0.3333333333333333,0.2
8587,1,0.0,0.0,0.0,0.0,0.0,0.0,0.0,0.0,0.0,0.0
9879,20,0.6,0.5333333333333333,0.6164336326286642,0.15,0.6,0.4,0.49090909090909085,0.47338717040861195,0.2,0.4
8729,7,0.4,0.4666666666666666,0.48522855511632257,0.2857142857142857,0.4,0.42857142857142855,0.4489795918367347,0.49117205121962165,0.42857142857142855,0.3
3335,13,0.2,0.13333333333333333,0.14606834984270645,0.07692307692307693,0.2,0.3,0.2545454545454545,0.2394408568026151,0.23076923076923078,0.3
20737,17,0.4,0.5333333333333333,0.5087403079104241,0.11764705882352941,0.4,0.2,0.32727272727272727,0.3301376494471202,0.11764705882352941,0.2
7455,7,0.0,0.0,0.0,0.0,0.0,0.0,0.0,0.0,0.0,0.0
21500,1,1.0,0.0,0.0,1.0,0.2,1.0,0.0,0.0,1.0,0.1
4782,4,0.0,0.0,0.0,0.0,0.0,0.0,0.0,0.0,0.0,0.0
9300,3,0.0,0.0,0.0,0.0,0.0,0.0,0.0,0.0,0.0,0.0
920,2,0.0,0.0,0.0,0.0,0.0,0.0,0.0,0.0,0.0,0.0
1823,25,0.4,0.5333333333333333,0.5087403079104241,0.08,0.4,0.3,0.38181818181818183,0.3995688713838974,0.12,0.3
7043,21,0.2,0.06666666666666665,0.13120507751234176,0.047619047619047616,0.2,0.1,0.10909090909090909,0.08514311764162097,0.047619047619047616,0.1
14398,5,0.6,0.6666666666666666,0.6548086577531306,0.6,0.6,0.6,0.625,0.6548086577531306,0.6,0.3
9305,3,0.0,0.0,0.0,0.0,0.0,0.0,0.0,0.0,0.0,0.0
17386,9,0.2,0.3333333333333333,0.33916020527361607,0.1111111111111111,0.2,0.1111111111111111,0.18518518518518517,0.23504554941448538,0.1111111111111111,0.1
9435,6,0.2,0.19999999999999998,0.16958010263680803,0.16666666666666666,0.2,0.16666666666666666,0.17777777777777778,0.15130120674940672,0.16666666666666666,0.1
4668,4,0.5,0.5714285714285715,0.5855700749881524,0.5,0.4,0.5,0.5294117647058824,0.5855700749881524,0.5,0.2
6180,2,0.0,0.0,0.0,0.0,0.0,0.0,0.0,0.0,0.0,0.0
11281,1,0.0,0.0,0.0,0.0,0.0,0.0,0.0,0.0,0.0,0.0
18287,4,0.0,0.0,0.0,0.0,0.0,0.0,0.0,0.0,0.0,0.0
21501,5,0.0,0.0,0.0,0.0,0.0,0.0,0.0,0.0,0.0,0.0
19702,7,0.0,0.0,0.0,0.0,0.0,0.0,0.0,0.0,0.0,0.0
9883,11,0.0,0.0,0.0,0.0,0.0,0.1,0.05454545454545456,0.06943122193677725,0.09090909090909091,0.1
8832,5,0.2,0.06666666666666665,0.13120507751234176,0.2,0.2,0.2,0.15,0.13120507751234176,0.2,0.1
18754,4,0.0,0.0,0.0,0.0,0.0,0.0,0.0,0.0,0.0,0.0
14594,3,0.0,0.0,0.0,0.0,0.0,0.3333333333333333,0.0,0.0,0.3333333333333333,0.1
3358,27,0.2,0.26666666666666666,0.2139862647345275,0.037037037037037035,0.2,0.2,0.2,0.2051166673279435,0.07407407407407407,0.2
15515,3,0.0,0.0,0.0,0.0,0.0,0.0,0.0,0.0,0.0,0.0
6966,4,0.0,0.0,0.0,0.0,0.0,0.0,0.0,0.0,0.0,0.0
17689,16,0.0,0.0,0.0,0.0,0.0,0.1,0.036363636363636355,0.06625422345438903,0.0625,0.1
4810,3,0.0,0.0,0.0,0.0,0.0,0.0,0.0,0.0,0.0,0.0
18506,2,0.5,0.0,0.0,0.5,0.2,0.5,0.0,0.0,0.5,0.1
14671,5,0.2,0.3333333333333333,0.33916020527361607,0.2,0.2,0.2,0.25,0.33916020527361607,0.2,0.1
20446,9,0.0,0.0,0.0,0.0,0.0,0.0,0.0,0.0,0.0,0.0
15842,26,0.4,0.3333333333333333,0.34519134224686926,0.07692307692307693,0.4,0.3,0.3090909090909091,0.2902597849695645,0.11538461538461539,0.3
16602,2,0.0,0.0,0.0,0.0,0.0,0.0,0.0,0.0,0.0,0.0
11965,2,0.0,0.0,0.0,0.0,0.0,0.0,0.0,0.0,0.0,0.0
4618,1,0.0,0.0,0.0,0.0,0.0,0.0,0.0,0.0,0.0,0.0
1374,6,0.4,0.3333333333333333,0.34519134224686926,0.3333333333333333,0.4,0.5,0.3333333333333333,0.30798345931689813,0.5,0.3
1130,1,0.0,0.0,0.0,0.0,0.0,0.0,0.0,0.0,0.0,0.0
7750,1,1.0,1.0,1.0,1.0,0.2,1.0,1.0,1.0,1.0,0.1
11482,10,0.2,0.3333333333333333,0.33916020527361607,0.1,0.2,0.3,0.3090909090909091,0.3647442587311445,0.3,0.3
17417,1,0.0,0.0,0.0,0.0,0.0,0.0,0.0,0.0,0.0,0.0
15755,18,0.6,0.5333333333333333,0.6164336326286642,0.16666666666666666,0.6,0.5,0.4727272727272727,0.5298982599625927,0.2777777777777778,0.5
12402,4,0.0,0.0,0.0,0.0,0.0,0.0,0.0,0.0,0.0,0.0
2630,7,0.2,0.3333333333333333,0.33916020527361607,0.14285714285714285,0.2,0.14285714285714285,0.2040816326530612,0.27487633291429087,0.14285714285714285,0.1
5078,2,0.0,0.0,0.0,0.0,0.0,0.5,0.0,0.0,0.5,0.1
5577,5,0.2,0.3333333333333333,0.33916020527361607,0.2,0.2,0.2,0.25,0.33916020527361607,0.2,0.1
293,3,0.3333333333333333,0.0,0.0,0.3333333333333333,0.2,0.3333333333333333,0.0,0.0,0.3333333333333333,0.1
18834,12,0.2,0.19999999999999998,0.16958010263680803,0.08333333333333333,0.2,0.2,0.23636363636363636,0.1884441521277154,0.16666666666666666,0.2
22415,2,0.0,0.0,0.0,0.0,0.0,0.0,0.0,0.0,0.0,0.0
22041,4,0.0,0.0,0.0,0.0,0.0,0.25,0.0,0.0,0.25,0.1
20344,8,0.6,0.5333333333333333,0.5147714448836773,0.375,0.6,0.5,0.5192307692307693,0.4682262573997711,0.5,0.4
274,2,0.0,0.0,0.0,0.0,0.0,0.5,0.0,0.0,0.5,0.1
11861,33,0.4,0.26666666666666666,0.3007851801491498,0.06060606060606061,0.4,0.5,0.36363636363636365,0.394495234380779,0.15151515151515152,0.5
3507,9,0.2,0.19999999999999998,0.16958010263680803,0.1111111111111111,0.2,0.1111111111111111,0.14814814814814814,0.11752277470724269,0.1111111111111111,0.1
20620,24,0.2,0.3333333333333333,0.33916020527361607,0.041666666666666664,0.2,0.3,0.2545454545454545,0.35314377643380906,0.125,0.3
10109,2,0.0,0.0,0.0,0.0,0.0,0.0,0.0,0.0,0.0,0.0
16902,3,0.0,0.0,0.0,0.0,0.0,0.0,0.0,0.0,0.0,0.0
1054,2,0.0,0.0,0.0,0.0,0.0,0.0,0.0,0.0,0.0,0.0
2928,1,0.0,0.0,0.0,0.0,0.0,0.0,0.0,0.0,0.0,0.0
20004,9,0.4,0.26666666666666666,0.3007851801491498,0.2222222222222222,0.4,0.2222222222222222,0.25925925925925924,0.2084508053262215,0.2222222222222222,0.2
20097,4,0.25,0.28571428571428575,0.2463023887407299,0.25,0.2,0.25,0.2647058823529412,0.2463023887407299,0.25,0.1
20690,25,0.2,0.26666666666666666,0.2139862647345275,0.04,0.2,0.1,0.16363636363636364,0.1388624438735545,0.04,0.1
21845,1,0.0,0.0,0.0,0.0,0.0,0.0,0.0,0.0,0.0,0.0
6315,3,0.3333333333333333,0.25,0.23463936301137822,0.3333333333333333,0.2,0.3333333333333333,0.2962962962962963,0.23463936301137822,0.3333333333333333,0.1
2780,13,0.2,0.3333333333333333,0.33916020527361607,0.07692307692307693,0.2,0.2,0.2545454545454545,0.29345568839744024,0.15384615384615385,0.2
2007,6,0.2,0.3333333333333333,0.33916020527361607,0.16666666666666666,0.2,0.16666666666666666,0.2222222222222222,0.30260241349881345,0.16666666666666666,0.1
1107,2,0.0,0.0,0.0,0.0,0.0,0.0,0.0,0.0,0.0,0.0
13016,4,0.0,0.0,0.0,0.0,0.0,0.0,0.0,0.0,0.0,0.0
5955,14,0.4,0.4666666666666666,0.48522855511632257,0.14285714285714285,0.4,0.4,0.45454545454545453,0.46270962158308354,0.2857142857142857,0.4
186,7,0.4,0.26666666666666666,0.3007851801491498,0.2857142857142857,0.4,0.2857142857142857,0.2857142857142857,0.24377484748737527,0.2857142857142857,0.2
17312,2,0.0,0.0,0.0,0.0,0.0,0.0,0.0,0.0,0.0,0.0
18966,10,0.4,0.6,0.5531464700081437,0.2,0.4,0.3,0.41818181818181815,0.43231813227099475,0.3,0.3
21064,4,0.0,0.0,0.0,0.0,0.0,0.5,0.0,0.0,0.5,0.2
13941,4,0.0,0.0,0.0,0.0,0.0,0.0,0.0,0.0,0.0,0.0
11908,16,0.6,0.7999999999999999,0.7227265726449518,0.1875,0.6,0.5,0.6363636363636364,0.6168295842361273,0.3125,0.5
9551,1,0.0,0.0,0.0,0.0,0.0,0.0,0.0,0.0,0.0,0.0
7713,7,0.4,0.3333333333333333,0.34519134224686926,0.2857142857142857,0.4,0.2857142857142857,0.3061224489795918,0.2797643380184692,0.2857142857142857,0.2
13,3,0.3333333333333333,0.4166666666666667,0.46927872602275644,0.3333333333333333,0.2,0.3333333333333333,0.37037037037037035,0.46927872602275644,0.3333333333333333,0.1
10962,3,0.3333333333333333,0.25,0.23463936301137822,0.3333333333333333,0.2,0.3333333333333333,0.2962962962962963,0.23463936301137822,0.3333333333333333,0.1
4007,2,0.0,0.0,0.0,0.0,0.0,0.0,0.0,0.0,0.0,0.0
10587,14,0.6,0.7333333333333334,0.6992148198508501,0.21428571428571427,0.6,0.3,0.47272727272727266,0.4537425745411855,0.21428571428571427,0.3
14650,2,0.5,0.4444444444444445,0.3868528072345415,0.5,0.2,0.5,0.4736842105263158,0.3868528072345415,0.5,0.1
175,18,0.8,0.9333333333333332,0.8687949224876582,0.2222222222222222,0.8,0.7,0.8181818181818183,0.78180487222265,0.3888888888888889,0.7
4678,1,0.0,0.0,0.0,0.0,0.0,0.0,0.0,0.0,0.0,0.0
9586,5,0.2,0.19999999999999998,0.16958010263680803,0.2,0.2,0.2,0.2,0.16958010263680803,0.2,0.1
2408,7,0.0,0.0,0.0,0.0,0.0,0.0,0.0,0.0,0.0,0.0
3213,2,0.5,0.0,0.0,0.5,0.2,0.5,0.0,0.0,0.5,0.1
11319,1,0.0,0.0,0.0,0.0,0.0,0.0,0.0,0.0,0.0,0.0
14805,5,0.0,0.0,0.0,0.0,0.0,0.0,0.0,0.0,0.0,0.0
19859,2,0.0,0.0,0.0,0.0,0.0,0.0,0.0,0.0,0.0,0.0
9786,2,0.0,0.0,0.0,0.0,0.0,0.0,0.0,0.0,0.0,0.0
17302,2,0.0,0.0,0.0,0.0,0.0,0.0,0.0,0.0,0.0,0.0
13353,13,0.2,0.06666666666666665,0.13120507751234176,0.07692307692307693,0.2,0.1,0.10909090909090909,0.08514311764162097,0.07692307692307693,0.1
6912,2,0.0,0.0,0.0,0.0,0.0,0.0,0.0,0.0,0.0,0.0
950,10,0.0,0.0,0.0,0.0,0.0,0.0,0.0,0.0,0.0,0.0
20347,5,0.4,0.39999999999999997,0.4703652827859578,0.4,0.4,0.4,0.4,0.4703652827859578,0.4,0.2
273,6,0.0,0.0,0.0,0.0,0.0,0.0,0.0,0.0,0.0,0.0
15035,3,0.0,0.0,0.0,0.0,0.0,0.3333333333333333,0.0,0.0,0.3333333333333333,0.1
9118,4,0.25,0.35714285714285715,0.39038004999210163,0.25,0.2,0.5,0.2941176470588235,0.39038004999210163,0.5,0.2
16853,4,0.0,0.0,0.0,0.0,0.0,0.0,0.0,0.0,0.0,0.0
21260,4,0.25,0.14285714285714288,0.16812753627111746,0.25,0.2,0.5,0.20588235294117643,0.16812753627111746,0.5,0.2
5149,3,0.6666666666666666,0.33333333333333337,0.29608191096586517,0.6666666666666666,0.4,0.6666666666666666,0.3333333333333333,0.29608191096586517,0.6666666666666666,0.2
19584,3,0.0,0.0,0.0,0.0,0.0,0.0,0.0,0.0,0.0,0.0
4946,9,0.0,0.0,0.0,0.0,0.0,0.1111111111111111,0.0,0.0,0.1111111111111111,0.1
7348,2,0.5,0.5555555555555556,0.6131471927654584,0.5,0.2,0.5,0.5263157894736842,0.6131471927654584,0.5,0.1
180,5,0.4,0.4000000000000001,0.3600546145772339,0.4,0.4,0.4,0.4,0.3600546145772339,0.4,0.2
495,14,0.6,0.6666666666666666,0.6548086577531306,0.21428571428571427,0.6,0.3,0.45454545454545453,0.424926013816671,0.21428571428571427,0.3
19330,1,0.0,0.0,0.0,0.0,0.0,0.0,0.0,0.0,0.0,0.0
5218,8,0.6,0.7999999999999999,0.7227265726449518,0.375,0.6,0.5,0.5769230769230769,0.6187976698388302,0.5,0.4
18062,14,0.0,0.0,0.0,0.0,0.0,0.0,0.0,0.0,0.0,0.0
1240,1,0.0,0.0,0.0,0.0,0.0,0.0,0.0,0.0,0.0,0.0
14357,9,0.2,0.26666666666666666,0.2139862647345275,0.1111111111111111,0.2,0.1111111111111111,0.16666666666666666,0.14829723057014907,0.1111111111111111,0.1
13400,2,0.5,0.0,0.0,0.5,0.2,0.5,0.0,0.0,0.5,0.1
15196,5,0.0,0.0,0.0,0.0,0.0,0.0,0.0,0.0,0.0,0.0
456,1,0.0,0.0,0.0,0.0,0.0,0.0,0.0,0.0,0.0,0.0
21984,1,0.0,0.0,0.0,0.0,0.0,0.0,0.0,0.0,0.0,0.0
4348,1,0.0,0.0,0.0,0.0,0.0,0.0,0.0,0.0,0.0,0.0
2492,1,0.0,0.0,0.0,0.0,0.0,0.0,0.0,0.0,0.0,0.0
2175,1,0.0,0.0,0.0,0.0,0.0,0.0,0.0,0.0,0.0,0.0
22240,13,0.2,0.13333333333333333,0.14606834984270645,0.07692307692307693,0.2,0.3,0.1818181818181818,0.22466337602289152,0.23076923076923078,0.3
15162,20,0.2,0.13333333333333333,0.14606834984270645,0.05,0.2,0.1,0.12727272727272726,0.09478836436955078,0.05,0.1
11357,3,0.3333333333333333,0.0,0.0,0.3333333333333333,0.2,0.3333333333333333,0.0,0.0,0.3333333333333333,0.1
4775,2,0.0,0.0,0.0,0.0,0.0,0.0,0.0,0.0,0.0,0.0
11606,24,0.4,0.19999999999999998,0.2772734273550482,0.08333333333333333,0.4,0.4,0.3272727272727272,0.3169161923094835,0.16666666666666666,0.4
5362,1,0.0,0.0,0.0,0.0,0.0,0.0,0.0,0.0,0.0,0.0
14216,22,0.6,0.7999999999999999,0.7227265726449518,0.13636363636363635,0.6,0.5,0.6,0.6086182388744239,0.22727272727272727,0.5
9223,1,0.0,0.0,0.0,0.0,0.0,0.0,0.0,0.0,0.0,0.0
167,16,0.6,0.6666666666666666,0.6843515475204854,0.1875,0.6,0.3,0.45454545454545453,0.44409732781325567,0.1875,0.3
10415,3,0.0,0.0,0.0,0.0,0.0,0.0,0.0,0.0,0.0,0.0
15539,5,0.6,0.7999999999999999,0.7227265726449518,0.6,0.6,0.8,0.675,0.7227265726449518,0.8,0.4
14453,19,0.6,0.7999999999999999,0.7227265726449518,0.15789473684210525,0.6,0.5,0.6181818181818183,0.6117952373568121,0.2631578947368421,0.5
2392,6,0.2,0.13333333333333333,0.14606834984270645,0.16666666666666666,0.2,0.16666666666666666,0.15555555555555556,0.13032376591037065,0.16666666666666666,0.1
15605,8,0.6,0.6666666666666666,0.6548086577531306,0.375,0.6,0.625,0.5769230769230769,0.5784505554216093,0.625,0.5
18967,1,0.0,0.0,0.0,0.0,0.0,0.0,0.0,0.0,0.0,0.0
10608,2,0.0,0.0,0.0,0.0,0.0,0.0,0.0,0.0,0.0,0.0
17142,8,0.4,0.6,0.5531464700081437,0.25,0.4,0.25,0.36538461538461536,0.4125317798925535,0.25,0.2
8899,10,0.4,0.6,0.5531464700081437,0.2,0.4,0.2,0.34545454545454546,0.3589542101716347,0.2,0.2
20972,1,0.0,0.0,0.0,0.0,0.0,1.0,0.0,0.0,1.0,0.1
13799,1,0.0,0.0,0.0,0.0,0.0,0.0,0.0,0.0,0.0,0.0
14506,16,0.6,0.7333333333333334,0.6992148198508501,0.1875,0.6,0.3,0.47272727272727266,0.4537425745411855,0.1875,0.3
18756,2,0.0,0.0,0.0,0.0,0.0,0.0,0.0,0.0,0.0,0.0
3942,3,0.3333333333333333,0.4166666666666667,0.46927872602275644,0.3333333333333333,0.2,0.3333333333333333,0.37037037037037035,0.46927872602275644,0.3333333333333333,0.1
2183,4,0.25,0.35714285714285715,0.39038004999210163,0.25,0.2,0.25,0.2941176470588235,0.39038004999210163,0.25,0.1
14020,11,0.0,0.0,0.0,0.0,0.0,0.2,0.09090909090909091,0.13568544539116628,0.18181818181818182,0.2
3743,2,0.0,0.0,0.0,0.0,0.0,0.0,0.0,0.0,0.0,0.0
8643,3,0.3333333333333333,0.4166666666666667,0.46927872602275644,0.3333333333333333,0.2,0.3333333333333333,0.37037037037037035,0.46927872602275644,0.3333333333333333,0.1
7600,2,0.5,0.5555555555555556,0.6131471927654584,0.5,0.2,0.5,0.5263157894736842,0.6131471927654584,0.5,0.1
18359,3,0.0,0.0,0.0,0.0,0.0,0.0,0.0,0.0,0.0,0.0
12069,3,0.3333333333333333,0.25,0.23463936301137822,0.3333333333333333,0.2,0.6666666666666666,0.2962962962962963,0.23463936301137822,0.6666666666666666,0.2
5196,1,0.0,0.0,0.0,0.0,0.0,0.0,0.0,0.0,0.0,0.0
21318,14,0.4,0.6,0.5531464700081437,0.14285714285714285,0.4,0.2,0.34545454545454546,0.3589542101716347,0.14285714285714285,0.2
10715,7,0.0,0.0,0.0,0.0,0.0,0.0,0.0,0.0,0.0,0.0
1588,2,0.5,0.4444444444444445,0.3868528072345415,0.5,0.2,0.5,0.4736842105263158,0.3868528072345415,0.5,0.1
1230,2,0.0,0.0,0.0,0.0,0.0,0.0,0.0,0.0,0.0,0.0
14156,15,0.2,0.26666666666666666,0.2139862647345275,0.06666666666666667,0.2,0.1,0.16363636363636364,0.1388624438735545,0.06666666666666667,0.1
20966,13,0.6,0.6666666666666666,0.6843515475204854,0.23076923076923078,0.6,0.5,0.5636363636363636,0.5837154733670048,0.38461538461538464,0.5
11686,6,0.4,0.4666666666666666,0.48522855511632257,0.3333333333333333,0.4,0.3333333333333333,0.37777777777777777,0.4329261794091841,0.3333333333333333,0.2
770,2,0.0,0.0,0.0,0.0,0.0,0.0,0.0,0.0,0.0,0.0
7001,12,0.4,0.4666666666666666,0.48522855511632257,0.16666666666666666,0.4,0.3,0.36363636363636365,0.3843113526044082,0.25,0.3
2176,23,0.6,0.7333333333333334,0.6992148198508501,0.13043478260869565,0.6,0.5,0.5636363636363636,0.5907272848394972,0.21739130434782608,0.5
12730,1,0.0,0.0,0.0,0.0,0.0,0.0,0.0,0.0,0.0,0.0
11724,2,0.0,0.0,0.0,0.0,0.0,0.0,0.0,0.0,0.0,0.0
20513,1,0.0,0.0,0.0,0.0,0.0,0.0,0.0,0.0,0.0,0.0
3111,22,0.2,0.19999999999999998,0.16958010263680803,0.045454545454545456,0.2,0.4,0.29090909090909095,0.3183191637810561,0.18181818181818182,0.4
839,11,0.0,0.0,0.0,0.0,0.0,0.0,0.0,0.0,0.0,0.0
2727,4,0.0,0.0,0.0,0.0,0.0,0.0,0.0,0.0,0.0,0.0
133,6,0.4,0.4666666666666666,0.48522855511632257,0.3333333333333333,0.4,0.3333333333333333,0.37777777777777777,0.4329261794091841,0.3333333333333333,0.2
4501,2,0.0,0.0,0.0,0.0,0.0,0.0,0.0,0.0,0.0,0.0
9846,1,1.0,1.0,1.0,1.0,0.2,1.0,1.0,1.0,1.0,0.1
15774,19,0.8,0.6666666666666666,0.6608397947263838,0.21052631578947367,0.8,0.9,0.8181818181818182,0.7799082337019198,0.47368421052631576,0.9
11557,13,0.2,0.06666666666666665,0.13120507751234176,0.07692307692307693,0.2,0.3,0.18181818181818182,0.21819512777734992,0.23076923076923078,0.3
3389,3,0.3333333333333333,0.25,0.23463936301137822,0.3333333333333333,0.2,0.3333333333333333,0.2962962962962963,0.23463936301137822,0.3333333333333333,0.1
5655,1,0.0,0.0,0.0,0.0,0.0,0.0,0.0,0.0,0.0,0.0
18284,28,0.2,0.3333333333333333,0.33916020527361607,0.03571428571428571,0.2,0.2,0.2,0.2837125544970318,0.07142857142857142,0.2
14255,5,0.0,0.0,0.0,0.0,0.0,0.2,0.0,0.0,0.2,0.1
14185,4,0.25,0.28571428571428575,0.2463023887407299,0.25,0.2,0.5,0.2647058823529412,0.2463023887407299,0.5,0.2
17741,1,0.0,0.0,0.0,0.0,0.0,0.0,0.0,0.0,0.0,0.0
19254,4,0.0,0.0,0.0,0.0,0.0,0.0,0.0,0.0,0.0,0.0
4846,3,0.3333333333333333,0.4166666666666667,0.46927872602275644,0.3333333333333333,0.2,0.3333333333333333,0.37037037037037035,0.46927872602275644,0.3333333333333333,0.1
11731,13,0.2,0.26666666666666666,0.2139862647345275,0.07692307692307693,0.2,0.2,0.23636363636363636,0.21222636597291453,0.15384615384615385,0.2
9944,4,0.25,0.28571428571428575,0.2463023887407299,0.25,0.2,0.25,0.2647058823529412,0.2463023887407299,0.25,0.1
5288,8,0.2,0.26666666666666666,0.2139862647345275,0.125,0.2,0.25,0.17307692307692307,0.1595890771248963,0.25,0.2
21859,4,0.25,0.14285714285714288,0.16812753627111746,0.25,0.2,0.25,0.20588235294117643,0.16812753627111746,0.25,0.1
11230,6,0.2,0.26666666666666666,0.2139862647345275,0.16666666666666666,0.2,0.16666666666666666,0.2,0.1909208661789346,0.16666666666666666,0.1
14162,18,0.0,0.0,0.0,0.0,0.0,0.3,0.16363636363636364,0.20904936749052633,0.16666666666666666,0.3
12987,2,0.5,0.0,0.0,0.5,0.2,0.5,0.0,0.0,0.5,0.1
19374,5,0.0,0.0,0.0,0.0,0.0,0.2,0.0,0.0,0.2,0.1
11614,5,0.2,0.26666666666666666,0.2139862647345275,0.2,0.2,0.2,0.225,0.2139862647345275,0.2,0.1
261,2,0.5,0.5555555555555556,0.6131471927654584,0.5,0.2,0.5,0.5263157894736842,0.6131471927654584,0.5,0.1
18324,7,0.2,0.19999999999999998,0.16958010263680803,0.14285714285714285,0.2,0.14285714285714285,0.16326530612244897,0.13743816645714543,0.14285714285714285,0.1
3466,3,0.3333333333333333,0.4166666666666667,0.46927872602275644,0.3333333333333333,0.2,0.3333333333333333,0.37037037037037035,0.46927872602275644,0.3333333333333333,0.1
12423,2,0.0,0.0,0.0,0.0,0.0,0.5,0.0,0.0,0.5,0.1
14139,6,0.4,0.19999999999999998,0.2772734273550482,0.3333333333333333,0.4,0.5,0.28888888888888886,0.24738635904833414,0.5,0.3
11093,19,0.8,0.9333333333333332,0.8687949224876582,0.21052631578947367,0.8,0.6,0.7090909090909091,0.6994739030813919,0.3157894736842105,0.6
14821,22,0.2,0.13333333333333333,0.14606834984270645,0.045454545454545456,0.2,0.1,0.12727272727272726,0.09478836436955078,0.045454545454545456,0.1
13869,1,0.0,0.0,0.0,0.0,0.0,0.0,0.0,0.0,0.0,0.0
2706,4,0.0,0.0,0.0,0.0,0.0,0.0,0.0,0.0,0.0,0.0
19797,15,0.4,0.6,0.5531464700081437,0.13333333333333333,0.4,0.3,0.3818181818181818,0.42520843362602373,0.2,0.3
5768,5,0.2,0.06666666666666665,0.13120507751234176,0.2,0.2,0.2,0.15,0.13120507751234176,0.2,0.1
18248,6,0.0,0.0,0.0,0.0,0.0,0.16666666666666666,0.0,0.0,0.16666666666666666,0.1
848,6,0.0,0.0,0.0,0.0,0.0,0.16666666666666666,0.0,0.0,0.16666666666666666,0.1
4223,17,0.8,0.8666666666666666,0.8539316501572936,0.23529411764705882,0.8,0.5,0.6909090909090909,0.6325414799409711,0.29411764705882354,0.5
14604,9,0.6,0.5333333333333333,0.5147714448836773,0.3333333333333333,0.6,0.6666666666666666,0.6481481481481481,0.5929700816521337,0.6666666666666666,0.6
16187,5,0.0,0.0,0.0,0.0,0.0,0.0,0.0,0.0,0.0,0.0
7790,2,0.0,0.0,0.0,0.0,0.0,0.0,0.0,0.0,0.0,0.0
14490,7,0.6,0.6,0.529634717214042,0.42857142857142855,0.6,0.42857142857142855,0.489795918367347,0.4292486164007478,0.42857142857142855,0.3
7844,1,0.0,0.0,0.0,0.0,0.0,0.0,0.0,0.0,0.0,0.0
19908,2,0.0,0.0,0.0,0.0,0.0,0.0,0.0,0.0,0.0,0.0
22369,1,0.0,0.0,0.0,0.0,0.0,0.0,0.0,0.0,0.0,0.0
21770,8,0.0,0.0,0.0,0.0,0.0,0.0,0.0,0.0,0.0,0.0
9286,4,0.0,0.0,0.0,0.0,0.0,0.5,0.0,0.0,0.5,0.2
1824,5,0.2,0.3333333333333333,0.33916020527361607,0.2,0.2,0.2,0.25,0.33916020527361607,0.2,0.1
10741,2,0.0,0.0,0.0,0.0,0.0,0.0,0.0,0.0,0.0,0.0
20847,1,0.0,0.0,0.0,0.0,0.0,0.0,0.0,0.0,0.0,0.0
5796,6,0.0,0.0,0.0,0.0,0.0,0.16666666666666666,0.1111111111111111,0.10778915452451095,0.16666666666666666,0.1
3615,1,0.0,0.0,0.0,0.0,0.0,0.0,0.0,0.0,0.0,0.0
13357,2,0.0,0.0,0.0,0.0,0.0,0.0,0.0,0.0,0.0,0.0
2677,3,0.0,0.0,0.0,0.0,0.0,0.0,0.0,0.0,0.0,0.0
3353,14,0.2,0.13333333333333333,0.14606834984270645,0.07142857142857142,0.2,0.1,0.12727272727272726,0.09478836436955078,0.07142857142857142,0.1
401,1,0.0,0.0,0.0,0.0,0.0,0.0,0.0,0.0,0.0,0.0
8768,1,0.0,0.0,0.0,0.0,0.0,0.0,0.0,0.0,0.0,0.0
20189,6,0.6,0.7999999999999999,0.7227265726449518,0.5,0.6,0.5,0.6000000000000001,0.6448244864271548,0.5,0.3
4811,5,0.0,0.0,0.0,0.0,0.0,0.0,0.0,0.0,0.0,0.0
16205,4,0.0,0.0,0.0,0.0,0.0,0.0,0.0,0.0,0.0,0.0
19696,16,0.4,0.39999999999999997,0.4703652827859578,0.125,0.4,0.2,0.29090909090909095,0.3052348839397011,0.125,0.2
10409,5,0.2,0.19999999999999998,0.16958010263680803,0.2,0.2,0.2,0.2,0.16958010263680803,0.2,0.1
11800,4,0.5,0.5714285714285715,0.5855700749881524,0.5,0.4,0.5,0.5294117647058824,0.5855700749881524,0.5,0.2
4015,6,0.2,0.3333333333333333,0.33916020527361607,0.16666666666666666,0.2,0.16666666666666666,0.2222222222222222,0.30260241349881345,0.16666666666666666,0.1
10503,1,0.0,0.0,0.0,0.0,0.0,0.0,0.0,0.0,0.0,0.0
11078,16,0.4,0.5333333333333333,0.5087403079104241,0.125,0.4,0.3,0.41818181818181815,0.4085359184257955,0.1875,0.3
2399,13,0.4,0.39999999999999997,0.4703652827859578,0.15384615384615385,0.4,0.5,0.509090909090909,0.5264282969545137,0.38461538461538464,0.5
21337,1,0.0,0.0,0.0,0.0,0.0,0.0,0.0,0.0,0.0,0.0
1834,3,0.0,0.0,0.0,0.0,0.0,0.0,0.0,0.0,0.0,0.0
13752,13,0.4,0.3333333333333333,0.34519134224686926,0.15384615384615385,0.4,0.2,0.2727272727272727,0.22400556151517548,0.15384615384615385,0.2
1456,6,0.0,0.0,0.0,0.0,0.0,0.0,0.0,0.0,0.0,0.0
18315,7,0.2,0.26666666666666666,0.2139862647345275,0.14285714285714285,0.2,0.14285714285714285,0.18367346938775508,0.17342765698823942,0.14285714285714285,0.1
2151,4,0.75,0.8571428571428572,0.8318724637288825,0.75,0.6,0.75,0.7941176470588235,0.8318724637288825,0.75,0.3
3019,3,0.3333333333333333,0.25,0.23463936301137822,0.3333333333333333,0.2,0.3333333333333333,0.2962962962962963,0.23463936301137822,0.3333333333333333,0.1
2941,1,0.0,0.0,0.0,0.0,0.0,0.0,0.0,0.0,0.0,0.0
2001,2,0.5,0.5555555555555556,0.6131471927654584,0.5,0.2,0.5,0.5263157894736842,0.6131471927654584,0.5,0.1
6468,3,0.0,0.0,0.0,0.0,0.0,0.0,0.0,0.0,0.0,0.0
11458,2,0.0,0.0,0.0,0.0,0.0,0.0,0.0,0.0,0.0,0.0
10626,2,0.0,0.0,0.0,0.0,0.0,0.0,0.0,0.0,0.0,0.0
8909,2,0.0,0.0,0.0,0.0,0.0,0.5,0.0,0.0,0.5,0.1
2253,9,0.6,0.6666666666666666,0.6548086577531306,0.3333333333333333,0.6,0.3333333333333333,0.4629629629629629,0.45379693233402824,0.3333333333333333,0.3
901,3,0.0,0.0,0.0,0.0,0.0,0.0,0.0,0.0,0.0,0.0
9954,2,0.0,0.0,0.0,0.0,0.0,0.0,0.0,0.0,0.0,0.0
9906,1,0.0,0.0,0.0,0.0,0.0,0.0,0.0,0.0,0.0,0.0
1817,15,0.6,0.6666666666666666,0.6843515475204854,0.2,0.6,0.8,0.7272727272727273,0.7951657524814091,0.5333333333333333,0.8
18052,3,0.3333333333333333,0.4166666666666667,0.46927872602275644,0.3333333333333333,0.2,0.6666666666666666,0.37037037037037035,0.46927872602275644,0.6666666666666666,0.2
14527,11,0.2,0.13333333333333333,0.14606834984270645,0.09090909090909091,0.2,0.2,0.21818181818181817,0.1731866333482261,0.18181818181818182,0.2
540,3,0.3333333333333333,0.4166666666666667,0.46927872602275644,0.3333333333333333,0.2,0.3333333333333333,0.37037037037037035,0.46927872602275644,0.3333333333333333,0.1
13999,3,0.0,0.0,0.0,0.0,0.0,0.0,0.0,0.0,0.0,0.0
19257,4,0.0,0.0,0.0,0.0,0.0,0.0,0.0,0.0,0.0,0.0
5431,9,0.2,0.26666666666666666,0.2139862647345275,0.1111111111111111,0.2,0.1111111111111111,0.16666666666666666,0.14829723057014907,0.1111111111111111,0.1
8279,17,0.0,0.0,0.0,0.0,0.0,0.0,0.0,0.0,0.0,0.0
6495,3,0.3333333333333333,0.33333333333333337,0.29608191096586517,0.3333333333333333,0.2,0.3333333333333333,0.3333333333333333,0.29608191096586517,0.3333333333333333,0.1
5490,7,0.2,0.3333333333333333,0.33916020527361607,0.14285714285714285,0.2,0.14285714285714285,0.2040816326530612,0.27487633291429087,0.14285714285714285,0.1
16428,4,0.0,0.0,0.0,0.0,0.0,0.25,0.0,0.0,0.25,0.1
5077,23,0.8,0.6666666666666666,0.6608397947263838,0.17391304347826086,0.8,0.6,0.6181818181818183,0.5618918191694953,0.2608695652173913,0.6
10018,1,0.0,0.0,0.0,0.0,0.0,0.0,0.0,0.0,0.0,0.0
2444,14,0.4,0.39999999999999997,0.4703652827859578,0.14285714285714285,0.4,0.2,0.29090909090909095,0.3052348839397011,0.14285714285714285,0.2
14976,1,0.0,0.0,0.0,0.0,0.0,0.0,0.0,0.0,0.0,0.0
1557,4,0.0,0.0,0.0,0.0,0.0,0.0,0.0,0.0,0.0,0.0
2235,7,0.0,0.0,0.0,0.0,0.0,0.0,0.0,0.0,0.0,0.0
341,1,0.0,0.0,0.0,0.0,0.0,0.0,0.0,0.0,0.0,0.0
2450,11,0.4,0.3333333333333333,0.31564845247951445,0.18181818181818182,0.4,0.3,0.3090909090909091,0.27108847097297983,0.2727272727272727,0.3
11971,14,0.0,0.0,0.0,0.0,0.0,0.0,0.0,0.0,0.0,0.0
21029,16,0.0,0.0,0.0,0.0,0.0,0.1,0.09090909090909091,0.07839826897867533,0.0625,0.1
7845,4,0.5,0.28571428571428575,0.2463023887407299,0.5,0.4,0.5,0.2647058823529412,0.2463023887407299,0.5,0.2
3534,13,0.8,0.8000000000000002,0.8304198973631919,0.3076923076923077,0.8,0.6,0.6909090909090909,0.6785038377365556,0.46153846153846156,0.6
21527,3,0.0,0.0,0.0,0.0,0.0,0.0,0.0,0.0,0.0,0.0
18677,2,0.0,0.0,0.0,0.0,0.0,0.0,0.0,0.0,0.0,0.0
20587,14,0.4,0.5333333333333333,0.5087403079104241,0.14285714285714285,0.4,0.3,0.34545454545454546,0.3937584376460719,0.21428571428571427,0.3
13961,7,0.2,0.26666666666666666,0.2139862647345275,0.14285714285714285,0.2,0.2857142857142857,0.2653061224489796,0.265053101293003,0.2857142857142857,0.2
22326,4,0.0,0.0,0.0,0.0,0.0,0.0,0.0,0.0,0.0,0.0
12756,20,0.6,0.6666666666666666,0.6843515475204854,0.15,0.6,0.7,0.6909090909090909,0.72891152902702,0.35,0.7
9632,2,0.0,0.0,0.0,0.0,0.0,0.0,0.0,0.0,0.0,0.0
21747,10,0.0,0.0,0.0,0.0,0.0,0.1,0.09090909090909091,0.07839826897867533,0.1,0.1
15823,15,0.0,0.0,0.0,0.0,0.0,0.1,0.09090909090909091,0.07839826897867533,0.06666666666666667,0.1
21466,3,0.0,0.0,0.0,0.0,0.0,0.0,0.0,0.0,0.0,0.0
2403,1,0.0,0.0,0.0,0.0,0.0,0.0,0.0,0.0,0.0,0.0
15747,13,0.4,0.39999999999999997,0.4703652827859578,0.15384615384615385,0.4,0.3,0.32727272727272727,0.37148910739409013,0.23076923076923078,0.3
18917,2,0.0,0.0,0.0,0.0,0.0,0.0,0.0,0.0,0.0,0.0
8648,8,0.4,0.4000000000000001,0.3600546145772339,0.25,0.4,0.375,0.3653846153846154,0.34832010830510035,0.375,0.3
9831,15,0.0,0.0,0.0,0.0,0.0,0.0,0.0,0.0,0.0,0.0
15447,1,0.0,0.0,0.0,0.0,0.0,0.0,0.0,0.0,0.0,0.0
2640,3,0.0,0.0,0.0,0.0,0.0,0.0,0.0,0.0,0.0,0.0
18064,23,0.4,0.5333333333333333,0.5087403079104241,0.08695652173913043,0.4,0.3,0.34545454545454546,0.3937584376460719,0.13043478260869565,0.3
15852,9,0.4,0.4666666666666666,0.48522855511632257,0.2222222222222222,0.4,0.4444444444444444,0.3888888888888889,0.41462267409828074,0.4444444444444444,0.4
17773,31,0.2,0.19999999999999998,0.16958010263680803,0.03225806451612903,0.2,0.2,0.2,0.17947710508581735,0.06451612903225806,0.2
14055,10,0.0,0.0,0.0,0.0,0.0,0.1,0.05454545454545456,0.06943122193677725,0.1,0.1
15130,14,0.2,0.26666666666666666,0.2139862647345275,0.07142857142857142,0.2,0.3,0.2909090909090909,0.28351493630661884,0.21428571428571427,0.3
6299,6,0.0,0.0,0.0,0.0,0.0,0.16666666666666666,0.1111111111111111,0.10778915452451095,0.16666666666666666,0.1
6526,1,0.0,0.0,0.0,0.0,0.0,0.0,0.0,0.0,0.0,0.0
5907,16,0.8,0.8666666666666666,0.8539316501572936,0.25,0.8,0.7,0.7454545454545454,0.7624164915943119,0.4375,0.7
12633,7,0.6,0.46666666666666673,0.4912596920895757,0.42857142857142855,0.6,0.5714285714285714,0.4489795918367347,0.3981471309738322,0.5714285714285714,0.4
9839,3,0.0,0.0,0.0,0.0,0.0,0.0,0.0,0.0,0.0,0.0
13572,1,0.0,0.0,0.0,0.0,0.0,0.0,0.0,0.0,0.0,0.0
1865,3,0.0,0.0,0.0,0.0,0.0,0.0,0.0,0.0,0.0,0.0
1477,1,1.0,1.0,1.0,1.0,0.2,1.0,1.0,1.0,1.0,0.1
6102,3,0.6666666666666666,0.6666666666666667,0.7039180890341346,0.6666666666666666,0.4,0.6666666666666666,0.6666666666666666,0.7039180890341346,0.6666666666666666,0.2
12376,11,0.6,0.7333333333333334,0.6992148198508501,0.2727272727272727,0.6,0.3,0.47272727272727266,0.4537425745411855,0.2727272727272727,0.3
7432,2,0.0,0.0,0.0,0.0,0.0,0.0,0.0,0.0,0.0,0.0
12670,1,0.0,0.0,0.0,0.0,0.0,0.0,0.0,0.0,0.0,0.0
12331,1,0.0,0.0,0.0,0.0,0.0,0.0,0.0,0.0,0.0,0.0
18694,6,0.6,0.7333333333333334,0.6992148198508501,0.5,0.6,0.6666666666666666,0.5777777777777777,0.6238470455881188,0.6666666666666666,0.4
7534,8,0.4,0.39999999999999997,0.4703652827859578,0.25,0.4,0.25,0.3076923076923077,0.35079429740281753,0.25,0.2
1509,16,0.4,0.6,0.5531464700081437,0.125,0.4,0.3,0.4,0.4283854321084119,0.1875,0.3
536,5,0.2,0.3333333333333333,0.33916020527361607,0.2,0.2,0.2,0.25,0.33916020527361607,0.2,0.1
19688,1,0.0,0.0,0.0,0.0,0.0,0.0,0.0,0.0,0.0,0.0
11527,2,0.5,0.0,0.0,0.5,0.2,0.5,0.0,0.0,0.5,0.1
13921,5,0.2,0.19999999999999998,0.16958010263680803,0.2,0.2,0.2,0.2,0.16958010263680803,0.2,0.1
21871,4,0.25,0.2142857142857143,0.19519002499605081,0.25,0.2,0.75,0.23529411764705882,0.19519002499605081,0.75,0.3
2652,2,0.0,0.0,0.0,0.0,0.0,0.0,0.0,0.0,0.0,0.0
17901,2,0.5,0.5555555555555556,0.6131471927654584,0.5,0.2,0.5,0.5263157894736842,0.6131471927654584,0.5,0.1
11716,1,1.0,0.0,0.0,1.0,0.2,1.0,0.0,0.0,1.0,0.1
9599,1,1.0,0.0,0.0,1.0,0.2,1.0,0.0,0.0,1.0,0.1
3843,17,0.8,0.9333333333333332,0.8687949224876582,0.23529411764705882,0.8,0.5,0.7090909090909091,0.6421867266689009,0.29411764705882354,0.5
1315,1,0.0,0.0,0.0,0.0,0.0,0.0,0.0,0.0,0.0,0.0
12953,2,0.0,0.0,0.0,0.0,0.0,0.5,0.0,0.0,0.5,0.1
17236,7,0.0,0.0,0.0,0.0,0.0,0.0,0.0,0.0,0.0,0.0
10859,23,0.6,0.6,0.6399453854227659,0.13043478260869565,0.6,0.4,0.509090909090909,0.4886446891881013,0.17391304347826086,0.4
1581,2,0.0,0.0,0.0,0.0,0.0,0.0,0.0,0.0,0.0,0.0
18931,1,0.0,0.0,0.0,0.0,0.0,0.0,0.0,0.0,0.0,0.0
11746,2,0.5,0.4444444444444445,0.3868528072345415,0.5,0.2,1.0,0.4736842105263158,0.3868528072345415,1.0,0.2
19338,3,0.0,0.0,0.0,0.0,0.0,0.0,0.0,0.0,0.0,0.0
3480,2,0.0,0.0,0.0,0.0,0.0,0.0,0.0,0.0,0.0,0.0
21465,2,0.0,0.0,0.0,0.0,0.0,0.0,0.0,0.0,0.0,0.0
5603,5,0.0,0.0,0.0,0.0,0.0,0.2,0.0,0.0,0.2,0.1
7103,12,0.4,0.3333333333333333,0.34519134224686926,0.16666666666666666,0.4,0.3,0.34545454545454546,0.2973694836145355,0.25,0.3
18553,1,0.0,0.0,0.0,0.0,0.0,0.0,0.0,0.0,0.0,0.0
18047,13,0.0,0.0,0.0,0.0,0.0,0.0,0.0,0.0,0.0,0.0
11469,2,0.0,0.0,0.0,0.0,0.0,0.5,0.0,0.0,0.5,0.1
20740,6,0.4,0.6,0.5531464700081437,0.3333333333333333,0.4,0.5,0.4222222222222222,0.4935232796777481,0.5,0.3
2816,7,0.0,0.0,0.0,0.0,0.0,0.0,0.0,0.0,0.0,0.0
8401,2,0.5,0.5555555555555556,0.6131471927654584,0.5,0.2,0.5,0.5263157894736842,0.6131471927654584,0.5,0.1
3161,10,0.0,0.0,0.0,0.0,0.0,0.0,0.0,0.0,0.0,0.0
17189,3,0.0,0.0,0.0,0.0,0.0,0.0,0.0,0.0,0.0,0.0
21380,3,0.0,0.0,0.0,0.0,0.0,0.0,0.0,0.0,0.0,0.0
17511,4,0.25,0.35714285714285715,0.39038004999210163,0.25,0.2,0.5,0.2941176470588235,0.39038004999210163,0.5,0.2
19829,10,0.6,0.7999999999999999,0.7227265726449518,0.3,0.6,0.5,0.5818181818181819,0.6059848036189865,0.5,0.5
4402,20,0.2,0.13333333333333333,0.14606834984270645,0.05,0.2,0.1,0.12727272727272726,0.09478836436955078,0.05,0.1
19376,2,1.0,1.0,1.0,1.0,0.4,1.0,1.0,1.0,1.0,0.2
7727,5,0.0,0.0,0.0,0.0,0.0,0.4,0.0,0.0,0.4,0.2
8973,11,0.4,0.6,0.5531464700081437,0.18181818181818182,0.4,0.2,0.34545454545454546,0.3589542101716347,0.18181818181818182,0.2
12162,8,0.6,0.7999999999999999,0.7227265726449518,0.375,0.6,0.625,0.5769230769230769,0.6187976698388302,0.625,0.5
2708,2,0.0,0.0,0.0,0.0,0.0,0.0,0.0,0.0,0.0,0.0
4974,5,0.2,0.13333333333333333,0.14606834984270645,0.2,0.2,0.4,0.175,0.14606834984270645,0.4,0.2
5082,2,0.0,0.0,0.0,0.0,0.0,0.0,0.0,0.0,0.0,0.0
21015,2,0.0,0.0,0.0,0.0,0.0,0.0,0.0,0.0,0.0,0.0
14996,2,0.5,0.4444444444444445,0.3868528072345415,0.5,0.2,0.5,0.4736842105263158,0.3868528072345415,0.5,0.1
12219,10,0.4,0.39999999999999997,0.4703652827859578,0.2,0.4,0.2,0.29090909090909095,0.3052348839397011,0.2,0.2
18875,13,0.2,0.19999999999999998,0.16958010263680803,0.07692307692307693,0.2,0.1,0.14545454545454548,0.11004588314904007,0.07692307692307693,0.1
4000,3,0.0,0.0,0.0,0.0,0.0,0.0,0.0,0.0,0.0,0.0
8380,18,0.4,0.4666666666666666,0.38356636737133554,0.1111111111111111,0.4,0.2,0.30909090909090914,0.24890832702259458,0.1111111111111111,0.2
7561,1,0.0,0.0,0.0,0.0,0.0,0.0,0.0,0.0,0.0,0.0
1274,4,0.0,0.0,0.0,0.0,0.0,0.0,0.0,0.0,0.0,0.0
2750,28,0.8,0.7333333333333334,0.7860137352654724,0.14285714285714285,0.8,0.6,0.6545454545454547,0.6457545768494583,0.21428571428571427,0.6
2281,40,0.8,0.8000000000000002,0.8304198973631919,0.1,0.8,0.6,0.6727272727272727,0.6745711375739728,0.15,0.6
15189,45,0.4,0.4666666666666666,0.48522855511632257,0.044444444444444446,0.4,0.4,0.4727272727272727,0.4666423217456664,0.08888888888888889,0.4
21373,3,0.0,0.0,0.0,0.0,0.0,0.0,0.0,0.0,0.0,0.0
1175,3,0.3333333333333333,0.25,0.23463936301137822,0.3333333333333333,0.2,0.3333333333333333,0.2962962962962963,0.23463936301137822,0.3333333333333333,0.1
7535,8,0.0,0.0,0.0,0.0,0.0,0.0,0.0,0.0,0.0,0.0
7732,7,0.6,0.6,0.529634717214042,0.42857142857142855,0.6,0.5714285714285714,0.489795918367347,0.4292486164007478,0.5714285714285714,0.4
221,7,0.0,0.0,0.0,0.0,0.0,0.0,0.0,0.0,0.0,0.0
13327,17,0.6,0.6,0.529634717214042,0.17647058823529413,0.6,0.4,0.45454545454545464,0.40731747959109704,0.23529411764705882,0.4
16949,1,0.0,0.0,0.0,0.0,0.0,0.0,0.0,0.0,0.0,0.0
13174,6,0.2,0.3333333333333333,0.33916020527361607,0.16666666666666666,0.2,0.16666666666666666,0.2222222222222222,0.30260241349881345,0.16666666666666666,0.1
11697,2,0.0,0.0,0.0,0.0,0.0,0.0,0.0,0.0,0.0,0.0
8502,7,0.6,0.6,0.529634717214042,0.42857142857142855,0.6,0.5714285714285714,0.489795918367347,0.4292486164007478,0.5714285714285714,0.4
786,1,0.0,0.0,0.0,0.0,0.0,0.0,0.0,0.0,0.0,0.0
6849,1,0.0,0.0,0.0,0.0,0.0,0.0,0.0,0.0,0.0,0.0
3258,7,0.0,0.0,0.0,0.0,0.0,0.0,0.0,0.0,0.0,0.0
455,1,0.0,0.0,0.0,0.0,0.0,0.0,0.0,0.0,0.0,0.0
20913,12,0.2,0.26666666666666666,0.2139862647345275,0.08333333333333333,0.2,0.2,0.21818181818181823,0.20829366581033176,0.16666666666666666,0.2
10502,14,0.2,0.19999999999999998,0.16958010263680803,0.07142857142857142,0.2,0.2,0.23636363636363636,0.1884441521277154,0.14285714285714285,0.2
15952,2,0.0,0.0,0.0,0.0,0.0,0.0,0.0,0.0,0.0,0.0
2595,14,1.0,1.0,1.0,0.35714285714285715,1.0,0.6,0.8,0.7222954974312067,0.42857142857142855,0.6
12534,1,0.0,0.0,0.0,0.0,0.0,0.0,0.0,0.0,0.0,0.0
11603,18,0.6,0.5333333333333333,0.5147714448836773,0.16666666666666666,0.6,0.4,0.5090909090909091,0.4124497136428909,0.2222222222222222,0.4
5224,1,0.0,0.0,0.0,0.0,0.0,0.0,0.0,0.0,0.0,0.0
5850,14,0.4,0.6,0.5531464700081437,0.14285714285714285,0.4,0.3,0.3818181818181818,0.42520843362602373,0.21428571428571427,0.3
5750,4,0.0,0.0,0.0,0.0,0.0,0.0,0.0,0.0,0.0,0.0
16016,3,0.0,0.0,0.0,0.0,0.0,0.0,0.0,0.0,0.0,0.0
1089,5,0.2,0.13333333333333333,0.14606834984270645,0.2,0.2,0.2,0.175,0.14606834984270645,0.2,0.1
19192,15,0.6,0.5333333333333333,0.6164336326286642,0.2,0.6,0.4,0.509090909090909,0.4784215172879272,0.26666666666666666,0.4
12466,3,0.3333333333333333,0.33333333333333337,0.29608191096586517,0.3333333333333333,0.2,0.3333333333333333,0.3333333333333333,0.29608191096586517,0.3333333333333333,0.1
4492,3,0.6666666666666666,0.33333333333333337,0.29608191096586517,0.6666666666666666,0.4,0.6666666666666666,0.3333333333333333,0.29608191096586517,0.6666666666666666,0.2
13649,7,0.0,0.0,0.0,0.0,0.0,0.14285714285714285,0.0,0.0,0.14285714285714285,0.1
6669,30,0.4,0.4000000000000001,0.3600546145772339,0.06666666666666667,0.4,0.3,0.36363636363636365,0.30701473034246535,0.1,0.3
141,2,0.0,0.0,0.0,0.0,0.0,0.0,0.0,0.0,0.0,0.0
7228,23,0.4,0.26666666666666666,0.3007851801491498,0.08695652173913043,0.4,0.2,0.2545454545454545,0.19518900079066104,0.08695652173913043,0.2
8517,1,0.0,0.0,0.0,0.0,0.0,0.0,0.0,0.0,0.0,0.0
18630,1,0.0,0.0,0.0,0.0,0.0,0.0,0.0,0.0,0.0,0.0
20985,30,0.4,0.6,0.5531464700081437,0.06666666666666667,0.4,0.4,0.39999999999999997,0.4888292218249754,0.13333333333333333,0.4
2296,2,0.5,0.0,0.0,0.5,0.2,0.5,0.0,0.0,0.5,0.1
20386,8,0.2,0.3333333333333333,0.33916020527361607,0.125,0.2,0.5,0.25,0.3327372413301053,0.5,0.4
21964,8,0.0,0.0,0.0,0.0,0.0,0.0,0.0,0.0,0.0,0.0
19841,3,0.0,0.0,0.0,0.0,0.0,0.0,0.0,0.0,0.0,0.0
1778,4,0.25,0.28571428571428575,0.2463023887407299,0.25,0.2,0.25,0.2647058823529412,0.2463023887407299,0.25,0.1
15281,31,0.8,0.7333333333333334,0.7860137352654724,0.12903225806451613,0.8,0.8,0.8181818181818182,0.7975167679274936,0.25806451612903225,0.8
4434,4,0.0,0.0,0.0,0.0,0.0,0.0,0.0,0.0,0.0,0.0
5008,5,0.4,0.26666666666666666,0.3007851801491498,0.4,0.4,0.4,0.35,0.3007851801491498,0.4,0.2
12731,3,0.3333333333333333,0.33333333333333337,0.29608191096586517,0.3333333333333333,0.2,0.6666666666666666,0.3333333333333333,0.29608191096586517,0.6666666666666666,0.2
14782,10,0.0,0.0,0.0,0.0,0.0,0.0,0.0,0.0,0.0,0.0
1129,4,0.25,0.35714285714285715,0.39038004999210163,0.25,0.2,0.25,0.2941176470588235,0.39038004999210163,0.25,0.1
5050,10,0.0,0.0,0.0,0.0,0.0,0.1,0.036363636363636355,0.06625422345438903,0.1,0.1
5519,4,0.0,0.0,0.0,0.0,0.0,0.0,0.0,0.0,0.0,0.0
17186,2,0.0,0.0,0.0,0.0,0.0,0.0,0.0,0.0,0.0,0.0
15480,3,0.0,0.0,0.0,0.0,0.0,0.0,0.0,0.0,0.0,0.0
6456,17,0.0,0.0,0.0,0.0,0.0,0.4,0.23636363636363641,0.2848142012137644,0.23529411764705882,0.4
7278,18,0.4,0.19999999999999998,0.2772734273550482,0.1111111111111111,0.4,0.4,0.3272727272727272,0.315616927402338,0.2222222222222222,0.4
17860,4,0.0,0.0,0.0,0.0,0.0,0.0,0.0,0.0,0.0,0.0
22051,3,0.0,0.0,0.0,0.0,0.0,0.0,0.0,0.0,0.0,0.0
11958,1,0.0,0.0,0.0,0.0,0.0,0.0,0.0,0.0,0.0,0.0
15011,1,0.0,0.0,0.0,0.0,0.0,1.0,0.0,0.0,1.0,0.1
22382,5,0.0,0.0,0.0,0.0,0.0,0.0,0.0,0.0,0.0,0.0
8835,6,0.4,0.5333333333333333,0.5087403079104241,0.3333333333333333,0.4,0.3333333333333333,0.4,0.4539036202482201,0.3333333333333333,0.2
7957,9,0.0,0.0,0.0,0.0,0.0,0.1111111111111111,0.05555555555555556,0.07414861528507453,0.1111111111111111,0.1
9456,1,0.0,0.0,0.0,0.0,0.0,0.0,0.0,0.0,0.0,0.0
21991,1,0.0,0.0,0.0,0.0,0.0,0.0,0.0,0.0,0.0,0.0
17658,8,0.2,0.19999999999999998,0.16958010263680803,0.125,0.2,0.25,0.23076923076923078,0.21078558563971428,0.25,0.2
4182,1,0.0,0.0,0.0,0.0,0.0,0.0,0.0,0.0,0.0,0.0
9932,3,0.3333333333333333,0.33333333333333337,0.29608191096586517,0.3333333333333333,0.2,0.3333333333333333,0.3333333333333333,0.29608191096586517,0.3333333333333333,0.1
10950,4,0.25,0.28571428571428575,0.2463023887407299,0.25,0.2,0.25,0.2647058823529412,0.2463023887407299,0.25,0.1
5680,3,0.0,0.0,0.0,0.0,0.0,0.0,0.0,0.0,0.0,0.0
20800,16,0.4,0.6,0.5531464700081437,0.125,0.4,0.2,0.34545454545454546,0.3589542101716347,0.125,0.2
18642,1,0.0,0.0,0.0,0.0,0.0,0.0,0.0,0.0,0.0,0.0
16867,2,0.0,0.0,0.0,0.0,0.0,0.0,0.0,0.0,0.0,0.0
4221,15,0.8,0.8666666666666666,0.8539316501572936,0.26666666666666666,0.8,0.6,0.7454545454545456,0.7019727018777483,0.4,0.6
11216,1,0.0,0.0,0.0,0.0,0.0,0.0,0.0,0.0,0.0,0.0
77,28,0.4,0.5333333333333333,0.5087403079104241,0.07142857142857142,0.4,0.3,0.36363636363636365,0.39639187290150923,0.10714285714285714,0.3
14918,3,0.0,0.0,0.0,0.0,0.0,0.0,0.0,0.0,0.0,0.0
20665,6,0.0,0.0,0.0,0.0,0.0,0.0,0.0,0.0,0.0,0.0
7801,10,0.2,0.3333333333333333,0.33916020527361607,0.1,0.2,0.1,0.18181818181818182,0.22009176629808014,0.1,0.1
20564,1,0.0,0.0,0.0,0.0,0.0,0.0,0.0,0.0,0.0,0.0
18223,6,0.0,0.0,0.0,0.0,0.0,0.0,0.0,0.0,0.0,0.0
16995,3,0.0,0.0,0.0,0.0,0.0,0.0,0.0,0.0,0.0,0.0
14282,1,0.0,0.0,0.0,0.0,0.0,0.0,0.0,0.0,0.0,0.0
222,22,0.4,0.26666666666666666,0.3007851801491498,0.09090909090909091,0.4,0.4,0.3818181818181818,0.3398414932237254,0.18181818181818182,0.4
12556,2,0.0,0.0,0.0,0.0,0.0,0.0,0.0,0.0,0.0,0.0
2738,4,0.0,0.0,0.0,0.0,0.0,0.5,0.0,0.0,0.5,0.2
838,2,0.0,0.0,0.0,0.0,0.0,0.5,0.0,0.0,0.5,0.1
17951,9,0.2,0.06666666666666665,0.13120507751234176,0.1111111111111111,0.2,0.3333333333333333,0.18518518518518517,0.16927654709047393,0.3333333333333333,0.3
567,3,0.0,0.0,0.0,0.0,0.0,0.0,0.0,0.0,0.0,0.0
13982,2,0.5,0.5555555555555556,0.6131471927654584,0.5,0.2,0.5,0.5263157894736842,0.6131471927654584,0.5,0.1
11575,4,0.0,0.0,0.0,0.0,0.0,0.0,0.0,0.0,0.0,0.0
21811,9,0.4,0.4666666666666666,0.38356636737133554,0.2222222222222222,0.4,0.2222222222222222,0.3148148148148148,0.26582000527739175,0.2222222222222222,0.2
6823,8,0.4,0.19999999999999998,0.2772734273550482,0.25,0.4,0.375,0.32692307692307687,0.29110232150880205,0.375,0.3
14559,11,0.0,0.0,0.0,0.0,0.0,0.1,0.09090909090909091,0.07839826897867533,0.09090909090909091,0.1
6733,5,0.2,0.06666666666666665,0.13120507751234176,0.2,0.2,0.2,0.15,0.13120507751234176,0.2,0.1
15358,1,0.0,0.0,0.0,0.0,0.0,0.0,0.0,0.0,0.0,0.0
15012,16,0.4,0.6,0.5531464700081437,0.125,0.4,0.3,0.3818181818181818,0.42520843362602373,0.1875,0.3
2072,8,0.2,0.13333333333333333,0.14606834984270645,0.125,0.2,0.125,0.1346153846153846,0.1089364926177559,0.125,0.1
10473,39,0.2,0.26666666666666666,0.2139862647345275,0.02564102564102564,0.2,0.2,0.23636363636363636,0.21222636597291453,0.05128205128205128,0.2
3986,23,0.6,0.7999999999999999,0.7227265726449518,0.13043478260869565,0.6,0.4,0.5636363636363636,0.5423640154200349,0.17391304347826086,0.4
7938,11,0.2,0.19999999999999998,0.16958010263680803,0.09090909090909091,0.2,0.2,0.23636363636363636,0.1884441521277154,0.18181818181818182,0.2
6364,5,0.2,0.3333333333333333,0.33916020527361607,0.2,0.2,0.2,0.25,0.33916020527361607,0.2,0.1
43,22,0.6,0.6,0.6399453854227659,0.13636363636363635,0.6,0.5,0.5818181818181819,0.5631102580041938,0.22727272727272727,0.5
8158,25,0.8,0.8666666666666666,0.8539316501572936,0.16,0.8,0.7,0.7818181818181817,0.7695261902392829,0.28,0.7
15951,2,0.5,0.5555555555555556,0.6131471927654584,0.5,0.2,0.5,0.5263157894736842,0.6131471927654584,0.5,0.1
18042,1,0.0,0.0,0.0,0.0,0.0,0.0,0.0,0.0,0.0,0.0
17095,4,0.25,0.0,0.0,0.25,0.2,0.25,0.0,0.0,0.25,0.1
15621,8,0.6,0.6666666666666666,0.6548086577531306,0.375,0.6,0.375,0.4807692307692307,0.4883505467692416,0.375,0.3
13370,9,0.2,0.19999999999999998,0.16958010263680803,0.1111111111111111,0.2,0.2222222222222222,0.20370370370370372,0.19167138999231723,0.2222222222222222,0.2
2265,4,0.25,0.35714285714285715,0.39038004999210163,0.25,0.2,0.25,0.2941176470588235,0.39038004999210163,0.25,0.1
2275,5,0.4,0.5333333333333333,0.5087403079104241,0.4,0.4,0.4,0.45,0.5087403079104241,0.4,0.2
13554,23,1.0,1.0,1.0,0.21739130434782608,1.0,0.5,0.7272727272727273,0.6489315753318466,0.21739130434782608,0.5
888,8,0.4,0.19999999999999998,0.2772734273550482,0.25,0.4,0.25,0.24999999999999994,0.20678808725291628,0.25,0.2
17445,4,0.0,0.0,0.0,0.0,0.0,0.0,0.0,0.0,0.0,0.0
1049,9,0.4,0.39999999999999997,0.4703652827859578,0.2222222222222222,0.4,0.2222222222222222,0.2962962962962963,0.32597358003346416,0.2222222222222222,0.2
6949,7,0.0,0.0,0.0,0.0,0.0,0.14285714285714285,0.1020408163265306,0.0979129253499678,0.14285714285714285,0.1
8061,2,0.0,0.0,0.0,0.0,0.0,0.0,0.0,0.0,0.0,0.0
15786,1,0.0,0.0,0.0,0.0,0.0,0.0,0.0,0.0,0.0,0.0
1962,5,0.0,0.0,0.0,0.0,0.0,0.2,0.0,0.0,0.2,0.1
13192,5,0.0,0.0,0.0,0.0,0.0,0.2,0.0,0.0,0.2,0.1
19594,1,0.0,0.0,0.0,0.0,0.0,0.0,0.0,0.0,0.0,0.0
21719,3,0.0,0.0,0.0,0.0,0.0,0.0,0.0,0.0,0.0,0.0
2411,2,0.0,0.0,0.0,0.0,0.0,0.0,0.0,0.0,0.0,0.0
3398,6,0.2,0.3333333333333333,0.33916020527361607,0.16666666666666666,0.2,0.3333333333333333,0.2222222222222222,0.30260241349881345,0.3333333333333333,0.2
8372,1,0.0,0.0,0.0,0.0,0.0,0.0,0.0,0.0,0.0,0.0
21625,2,0.0,0.0,0.0,0.0,0.0,0.0,0.0,0.0,0.0,0.0
22056,1,0.0,0.0,0.0,0.0,0.0,0.0,0.0,0.0,0.0,0.0
12406,9,0.0,0.0,0.0,0.0,0.0,0.0,0.0,0.0,0.0,0.0
17828,2,0.0,0.0,0.0,0.0,0.0,0.0,0.0,0.0,0.0,0.0
548,17,0.6,0.7999999999999999,0.7227265726449518,0.17647058823529413,0.6,0.5,0.6363636363636364,0.6168295842361273,0.29411764705882354,0.5
5958,9,0.2,0.26666666666666666,0.2139862647345275,0.1111111111111111,0.2,0.1111111111111111,0.16666666666666666,0.14829723057014907,0.1111111111111111,0.1
8172,9,0.4,0.39999999999999997,0.4703652827859578,0.2222222222222222,0.4,0.2222222222222222,0.2962962962962963,0.32597358003346416,0.2222222222222222,0.2
667,23,0.2,0.13333333333333333,0.14606834984270645,0.043478260869565216,0.2,0.2,0.14545454545454545,0.15840915256850246,0.08695652173913043,0.2
4279,2,0.0,0.0,0.0,0.0,0.0,0.0,0.0,0.0,0.0,0.0
11264,3,0.0,0.0,0.0,0.0,0.0,0.0,0.0,0.0,0.0,0.0
4129,31,0.4,0.3333333333333333,0.31564845247951445,0.06451612903225806,0.4,0.4,0.3818181818181818,0.34445239307233994,0.12903225806451613,0.4
11677,22,0.8,0.8666666666666666,0.8539316501572936,0.18181818181818182,0.8,0.7,0.7454545454545454,0.7605591431973848,0.3181818181818182,0.7
9084,13,0.4,0.5333333333333333,0.5087403079104241,0.15384615384615385,0.4,0.3,0.4,0.40350157154648025,0.23076923076923078,0.3
7781,16,0.2,0.19999999999999998,0.16958010263680803,0.0625,0.2,0.2,0.23636363636363636,0.1884441521277154,0.125,0.2
10160,1,1.0,0.0,0.0,1.0,0.2,1.0,0.0,0.0,1.0,0.1
22109,1,1.0,1.0,1.0,1.0,0.2,1.0,1.0,1.0,1.0,0.1
14708,12,0.2,0.06666666666666665,0.13120507751234176,0.08333333333333333,0.2,0.2,0.16363636363636364,0.15457433957839825,0.16666666666666666,0.2
3081,12,0.2,0.3333333333333333,0.33916020527361607,0.08333333333333333,0.2,0.2,0.2545454545454545,0.29345568839744024,0.16666666666666666,0.2
15428,6,0.4,0.3333333333333333,0.34519134224686926,0.3333333333333333,0.4,0.3333333333333333,0.3333333333333333,0.30798345931689813,0.3333333333333333,0.2
18827,11,0.6,0.6666666666666666,0.6843515475204854,0.2727272727272727,0.6,0.4,0.509090909090909,0.5135285497500329,0.36363636363636365,0.4
13116,1,0.0,0.0,0.0,0.0,0.0,0.0,0.0,0.0,0.0,0.0
10582,30,1.0,1.0,1.0,0.16666666666666666,1.0,0.9,0.9818181818181819,0.9363792118010482,0.3,0.9
0,6,0.2,0.3333333333333333,0.33916020527361607,0.16666666666666666,0.2,0.16666666666666666,0.2222222222222222,0.30260241349881345,0.16666666666666666,0.1
15339,33,0.4,0.4666666666666666,0.48522855511632257,0.06060606060606061,0.4,0.3,0.36363636363636365,0.3843113526044082,0.09090909090909091,0.3
10559,3,0.6666666666666666,0.33333333333333337,0.29608191096586517,0.6666666666666666,0.4,0.6666666666666666,0.3333333333333333,0.29608191096586517,0.6666666666666666,0.2
4382,15,0.4,0.39999999999999997,0.4703652827859578,0.13333333333333333,0.4,0.2,0.29090909090909095,0.3052348839397011,0.13333333333333333,0.2
7305,2,0.0,0.0,0.0,0.0,0.0,0.5,0.0,0.0,0.5,0.1
2377,3,0.0,0.0,0.0,0.0,0.0,0.0,0.0,0.0,0.0,0.0
8472,6,0.0,0.0,0.0,0.0,0.0,0.16666666666666666,0.1111111111111111,0.10778915452451095,0.16666666666666666,0.1
16056,1,0.0,0.0,0.0,0.0,0.0,0.0,0.0,0.0,0.0,0.0
21881,1,0.0,0.0,0.0,0.0,0.0,0.0,0.0,0.0,0.0,0.0
10833,6,0.0,0.0,0.0,0.0,0.0,0.0,0.0,0.0,0.0,0.0
1981,3,0.0,0.0,0.0,0.0,0.0,0.0,0.0,0.0,0.0,0.0
5799,3,0.0,0.0,0.0,0.0,0.0,0.0,0.0,0.0,0.0,0.0
18720,4,0.0,0.0,0.0,0.0,0.0,0.5,0.0,0.0,0.5,0.2
20805,3,0.0,0.0,0.0,0.0,0.0,0.3333333333333333,0.0,0.0,0.3333333333333333,0.1
1400,5,0.4,0.4666666666666666,0.48522855511632257,0.4,0.4,0.4,0.425,0.48522855511632257,0.4,0.2
21346,2,0.0,0.0,0.0,0.0,0.0,0.0,0.0,0.0,0.0,0.0
13051,27,0.6,0.7333333333333334,0.6992148198508501,0.1111111111111111,0.6,0.4,0.5272727272727272,0.5231737964779627,0.14814814814814814,0.4
12042,13,0.4,0.4666666666666666,0.48522855511632257,0.15384615384615385,0.4,0.2,0.3090909090909091,0.31488013066763093,0.15384615384615385,0.2
13302,17,0.4,0.39999999999999997,0.4703652827859578,0.11764705882352941,0.4,0.3,0.32727272727272727,0.37148910739409013,0.17647058823529413,0.3
878,6,0.6,0.5333333333333333,0.6164336326286642,0.5,0.6,0.5,0.5111111111111111,0.5499887725471476,0.5,0.3
8323,5,0.2,0.19999999999999998,0.16958010263680803,0.2,0.2,0.2,0.2,0.16958010263680803,0.2,0.1
11776,2,0.5,0.5555555555555556,0.6131471927654584,0.5,0.2,0.5,0.5263157894736842,0.6131471927654584,0.5,0.1
20479,17,0.6,0.7333333333333334,0.6992148198508501,0.17647058823529413,0.6,0.3,0.47272727272727266,0.4537425745411855,0.17647058823529413,0.3
10292,9,0.4,0.4666666666666666,0.48522855511632257,0.2222222222222222,0.4,0.3333333333333333,0.40740740740740744,0.4199990716259791,0.3333333333333333,0.3
22006,3,0.0,0.0,0.0,0.0,0.0,0.0,0.0,0.0,0.0,0.0
5441,12,0.4,0.6,0.5531464700081437,0.16666666666666666,0.4,0.2,0.34545454545454546,0.3589542101716347,0.16666666666666666,0.2
10330,8,0.2,0.26666666666666666,0.2139862647345275,0.125,0.2,0.125,0.17307692307692307,0.1595890771248963,0.125,0.1
9220,12,0.6,0.6666666666666666,0.6843515475204854,0.25,0.6,0.5,0.5818181818181819,0.58874982024632,0.4166666666666667,0.5
15982,6,0.2,0.3333333333333333,0.33916020527361607,0.16666666666666666,0.2,0.16666666666666666,0.2222222222222222,0.30260241349881345,0.16666666666666666,0.1
9126,12,0.6,0.5333333333333333,0.5147714448836773,0.25,0.6,0.6,0.6000000000000001,0.5494344239412027,0.5,0.6
2932,14,0.6,0.7333333333333334,0.6992148198508501,0.21428571428571427,0.6,0.4,0.509090909090909,0.5199967979955745,0.2857142857142857,0.4
9976,18,0.4,0.4000000000000001,0.3600546145772339,0.1111111111111111,0.4,0.4,0.34545454545454546,0.363525819896446,0.2222222222222222,0.4
2213,9,0.0,0.0,0.0,0.0,0.0,0.0,0.0,0.0,0.0,0.0
17583,13,0.4,0.4666666666666666,0.38356636737133554,0.15384615384615385,0.4,0.2,0.30909090909090914,0.24890832702259458,0.15384615384615385,0.2
14125,1,0.0,0.0,0.0,0.0,0.0,0.0,0.0,0.0,0.0,0.0
15724,5,0.4,0.5333333333333333,0.5087403079104241,0.4,0.4,0.4,0.45,0.5087403079104241,0.4,0.2
7823,2,0.0,0.0,0.0,0.0,0.0,0.0,0.0,0.0,0.0,0.0
6213,2,0.0,0.0,0.0,0.0,0.0,0.5,0.0,0.0,0.5,0.1
3074,22,1.0,1.0,1.0,0.22727272727272727,1.0,0.7,0.8181818181818182,0.7846170207230129,0.3181818181818182,0.7
14332,2,0.5,0.0,0.0,0.5,0.2,0.5,0.0,0.0,0.5,0.1
22114,1,0.0,0.0,0.0,0.0,0.0,1.0,0.0,0.0,1.0,0.1
14714,12,0.2,0.13333333333333333,0.14606834984270645,0.08333333333333333,0.2,0.1,0.12727272727272726,0.09478836436955078,0.08333333333333333,0.1
6172,11,0.8,0.8666666666666666,0.8539316501572936,0.36363636363636365,0.8,0.5,0.6909090909090909,0.6325414799409711,0.45454545454545453,0.5
11522,7,0.6,0.6666666666666666,0.6843515475204854,0.42857142857142855,0.6,0.42857142857142855,0.5102040816326531,0.5546406709327601,0.42857142857142855,0.3
21995,12,0.2,0.26666666666666666,0.2139862647345275,0.08333333333333333,0.2,0.1,0.16363636363636364,0.1388624438735545,0.08333333333333333,0.1
18384,2,0.0,0.0,0.0,0.0,0.0,0.0,0.0,0.0,0.0,0.0
16571,12,0.2,0.3333333333333333,0.33916020527361607,0.08333333333333333,0.2,0.2,0.21818181818181817,0.28634598975246917,0.16666666666666666,0.2
5758,5,0.0,0.0,0.0,0.0,0.0,0.0,0.0,0.0,0.0,0.0
1031,2,0.0,0.0,0.0,0.0,0.0,0.0,0.0,0.0,0.0,0.0
3789,3,0.0,0.0,0.0,0.0,0.0,0.0,0.0,0.0,0.0,0.0
18415,2,0.0,0.0,0.0,0.0,0.0,0.0,0.0,0.0,0.0,0.0
22089,3,0.0,0.0,0.0,0.0,0.0,0.0,0.0,0.0,0.0,0.0
1494,5,0.4,0.6,0.5531464700081437,0.4,0.4,0.4,0.475,0.5531464700081437,0.4,0.2
16766,9,0.8,0.8000000000000002,0.8304198973631919,0.4444444444444444,0.8,0.5555555555555556,0.6481481481481481,0.649648034100988,0.5555555555555556,0.5
18585,1,0.0,0.0,0.0,0.0,0.0,0.0,0.0,0.0,0.0,0.0
5935,2,0.0,0.0,0.0,0.0,0.0,0.0,0.0,0.0,0.0,0.0
20401,8,0.2,0.13333333333333333,0.14606834984270645,0.125,0.2,0.125,0.1346153846153846,0.1089364926177559,0.125,0.1
7985,3,0.0,0.0,0.0,0.0,0.0,0.0,0.0,0.0,0.0,0.0
5574,5,0.2,0.3333333333333333,0.33916020527361607,0.2,0.2,0.2,0.25,0.33916020527361607,0.2,0.1
20248,7,0.2,0.3333333333333333,0.33916020527361607,0.14285714285714285,0.2,0.14285714285714285,0.2040816326530612,0.27487633291429087,0.14285714285714285,0.1
12951,8,0.0,0.0,0.0,0.0,0.0,0.0,0.0,0.0,0.0,0.0
7620,4,0.0,0.0,0.0,0.0,0.0,0.25,0.0,0.0,0.25,0.1
13233,26,0.8,0.8000000000000002,0.8304198973631919,0.15384615384615385,0.8,0.8,0.7818181818181817,0.8165901947515998,0.3076923076923077,0.8
1496,30,0.6,0.6,0.529634717214042,0.1,0.6,0.4,0.47272727272727283,0.4099509148465344,0.13333333333333333,0.4
10493,3,0.0,0.0,0.0,0.0,0.0,0.3333333333333333,0.0,0.0,0.3333333333333333,0.1
1064,2,0.0,0.0,0.0,0.0,0.0,0.0,0.0,0.0,0.0,0.0
7631,1,0.0,0.0,0.0,0.0,0.0,0.0,0.0,0.0,0.0,0.0
3039,28,0.2,0.3333333333333333,0.33916020527361607,0.03571428571428571,0.2,0.1,0.18181818181818182,0.22009176629808014,0.03571428571428571,0.1
10532,16,0.6,0.5333333333333333,0.5147714448836773,0.1875,0.6,0.6,0.5454545454545455,0.5372903784169164,0.375,0.6
2052,1,0.0,0.0,0.0,0.0,0.0,0.0,0.0,0.0,0.0,0.0
3307,9,0.2,0.26666666666666666,0.2139862647345275,0.1111111111111111,0.2,0.2222222222222222,0.16666666666666666,0.14829723057014907,0.2222222222222222,0.2
11807,1,0.0,0.0,0.0,0.0,0.0,0.0,0.0,0.0,0.0,0.0
10826,4,0.0,0.0,0.0,0.0,0.0,0.0,0.0,0.0,0.0,0.0
11441,1,0.0,0.0,0.0,0.0,0.0,0.0,0.0,0.0,0.0,0.0
12252,33,1.0,1.0,1.0,0.15151515151515152,1.0,0.8,0.9090909090909091,0.8630152897016882,0.24242424242424243,0.8
9865,24,0.4,0.3333333333333333,0.34519134224686926,0.08333333333333333,0.4,0.3,0.32727272727272727,0.29343678345195273,0.125,0.3
9654,10,0.2,0.3333333333333333,0.33916020527361607,0.1,0.2,0.2,0.23636363636363636,0.2895229882348574,0.2,0.2
4256,6,0.0,0.0,0.0,0.0,0.0,0.0,0.0,0.0,0.0,0.0
1789,4,0.0,0.0,0.0,0.0,0.0,0.0,0.0,0.0,0.0,0.0
21443,3,0.0,0.0,0.0,0.0,0.0,0.3333333333333333,0.0,0.0,0.3333333333333333,0.1
7170,10,0.2,0.13333333333333333,0.14606834984270645,0.1,0.2,0.1,0.12727272727272726,0.09478836436955078,0.1,0.1
7065,1,0.0,0.0,0.0,0.0,0.0,0.0,0.0,0.0,0.0,0.0
6436,7,0.0,0.0,0.0,0.0,0.0,0.0,0.0,0.0,0.0,0.0
361,5,0.6,0.7999999999999999,0.7227265726449518,0.6,0.6,1.0,0.675,0.7227265726449518,1.0,0.5
832,3,0.0,0.0,0.0,0.0,0.0,0.0,0.0,0.0,0.0,0.0
19984,3,0.3333333333333333,0.4166666666666667,0.46927872602275644,0.3333333333333333,0.2,0.3333333333333333,0.37037037037037035,0.46927872602275644,0.3333333333333333,0.1
18613,1,0.0,0.0,0.0,0.0,0.0,0.0,0.0,0.0,0.0,0.0
4379,8,0.0,0.0,0.0,0.0,0.0,0.0,0.0,0.0,0.0,0.0
4165,6,0.2,0.19999999999999998,0.16958010263680803,0.16666666666666666,0.2,0.16666666666666666,0.17777777777777778,0.15130120674940672,0.16666666666666666,0.1
3776,1,0.0,0.0,0.0,0.0,0.0,0.0,0.0,0.0,0.0,0.0
19811,1,0.0,0.0,0.0,0.0,0.0,0.0,0.0,0.0,0.0,0.0
1533,2,0.0,0.0,0.0,0.0,0.0,0.0,0.0,0.0,0.0,0.0
5130,2,0.0,0.0,0.0,0.0,0.0,0.0,0.0,0.0,0.0,0.0
3498,1,0.0,0.0,0.0,0.0,0.0,0.0,0.0,0.0,0.0,0.0
3788,1,0.0,0.0,0.0,0.0,0.0,0.0,0.0,0.0,0.0,0.0
12231,4,0.75,0.8571428571428572,0.8318724637288825,0.75,0.6,0.75,0.7941176470588235,0.8318724637288825,0.75,0.3
10251,1,0.0,0.0,0.0,0.0,0.0,0.0,0.0,0.0,0.0,0.0
9199,14,0.4,0.19999999999999998,0.2772734273550482,0.14285714285714285,0.4,0.2,0.23636363636363633,0.17993148201117173,0.14285714285714285,0.2
18502,5,0.4,0.4666666666666666,0.48522855511632257,0.4,0.4,0.4,0.425,0.48522855511632257,0.4,0.2
8898,1,0.0,0.0,0.0,0.0,0.0,1.0,0.0,0.0,1.0,0.1
15305,1,0.0,0.0,0.0,0.0,0.0,0.0,0.0,0.0,0.0,0.0
17596,7,0.4,0.4666666666666666,0.38356636737133554,0.2857142857142857,0.4,0.42857142857142855,0.3469387755102041,0.3108658234453848,0.42857142857142855,0.3
7630,3,0.0,0.0,0.0,0.0,0.0,0.0,0.0,0.0,0.0,0.0
10267,6,0.0,0.0,0.0,0.0,0.0,0.0,0.0,0.0,0.0,0.0
3475,2,0.5,0.4444444444444445,0.3868528072345415,0.5,0.2,0.5,0.4736842105263158,0.3868528072345415,0.5,0.1
19700,4,0.0,0.0,0.0,0.0,0.0,0.0,0.0,0.0,0.0,0.0
10269,5,0.6,0.6,0.6399453854227659,0.6,0.6,0.6,0.6,0.6399453854227659,0.6,0.3
21882,14,0.2,0.3333333333333333,0.33916020527361607,0.07142857142857142,0.2,0.3,0.34545454545454546,0.37185395737611554,0.21428571428571427,0.3
4078,1,1.0,0.0,0.0,1.0,0.2,1.0,0.0,0.0,1.0,0.1
3823,6,0.2,0.19999999999999998,0.16958010263680803,0.16666666666666666,0.2,0.5,0.17777777777777778,0.15130120674940672,0.5,0.3
674,6,0.0,0.0,0.0,0.0,0.0,0.0,0.0,0.0,0.0,0.0
16248,1,0.0,0.0,0.0,0.0,0.0,0.0,0.0,0.0,0.0,0.0
21277,1,0.0,0.0,0.0,0.0,0.0,0.0,0.0,0.0,0.0,0.0
14554,8,0.6,0.7333333333333334,0.6992148198508501,0.375,0.6,0.5,0.4999999999999999,0.5214682725103094,0.5,0.4
15201,1,0.0,0.0,0.0,0.0,0.0,0.0,0.0,0.0,0.0,0.0
9403,6,0.2,0.3333333333333333,0.33916020527361607,0.16666666666666666,0.2,0.16666666666666666,0.2222222222222222,0.30260241349881345,0.16666666666666666,0.1
7381,5,0.0,0.0,0.0,0.0,0.0,0.0,0.0,0.0,0.0,0.0
20645,2,0.0,0.0,0.0,0.0,0.0,0.0,0.0,0.0,0.0,0.0
21137,22,0.6,0.7333333333333334,0.6992148198508501,0.13636363636363635,0.6,0.6,0.6909090909090909,0.674935987555998,0.2727272727272727,0.6
15785,8,0.2,0.06666666666666665,0.13120507751234176,0.125,0.2,0.25,0.11538461538461538,0.09785159463516041,0.25,0.2
13124,11,0.2,0.3333333333333333,0.33916020527361607,0.09090909090909091,0.2,0.3,0.3090909090909091,0.36288691033421744,0.2727272727272727,0.3
5443,18,0.4,0.26666666666666666,0.3007851801491498,0.1111111111111111,0.4,0.2,0.2545454545454545,0.19518900079066104,0.1111111111111111,0.2
2832,13,0.0,0.0,0.0,0.0,0.0,0.2,0.1272727272727273,0.1427951440361373,0.15384615384615385,0.2
1736,3,0.6666666666666666,0.5833333333333334,0.5307212739772434,0.6666666666666666,0.4,0.6666666666666666,0.6296296296296297,0.5307212739772434,0.6666666666666666,0.2
2357,3,0.0,0.0,0.0,0.0,0.0,0.0,0.0,0.0,0.0,0.0
616,13,0.2,0.06666666666666665,0.13120507751234176,0.07692307692307693,0.2,0.2,0.12727272727272726,0.14876390584057267,0.15384615384615385,0.2
20959,18,0.4,0.4666666666666666,0.38356636737133554,0.1111111111111111,0.4,0.3,0.38181818181818183,0.3222722491219546,0.16666666666666666,0.3
7891,15,0.6,0.5333333333333333,0.5147714448836773,0.2,0.6,0.5,0.5090909090909093,0.4697368900553819,0.3333333333333333,0.5
14023,1,0.0,0.0,0.0,0.0,0.0,0.0,0.0,0.0,0.0,0.0
18277,10,0.0,0.0,0.0,0.0,0.0,0.1,0.05454545454545456,0.06943122193677725,0.1,0.1
7723,11,0.6,0.7333333333333334,0.6992148198508501,0.2727272727272727,0.6,0.3,0.47272727272727266,0.4537425745411855,0.2727272727272727,0.3
17663,6,0.2,0.3333333333333333,0.33916020527361607,0.16666666666666666,0.2,0.16666666666666666,0.2222222222222222,0.30260241349881345,0.16666666666666666,0.1
7165,1,0.0,0.0,0.0,0.0,0.0,0.0,0.0,0.0,0.0,0.0
13973,7,0.2,0.13333333333333333,0.14606834984270645,0.14285714285714285,0.2,0.2857142857142857,0.22448979591836735,0.21000823726012655,0.2857142857142857,0.2
5276,14,0.2,0.3333333333333333,0.33916020527361607,0.07142857142857142,0.2,0.2,0.23636363636363636,0.2895229882348574,0.14285714285714285,0.2
17782,11,0.4,0.4666666666666666,0.48522855511632257,0.18181818181818182,0.4,0.4,0.38181818181818183,0.44793214080335986,0.36363636363636365,0.4
5228,1,0.0,0.0,0.0,0.0,0.0,0.0,0.0,0.0,0.0,0.0
11193,2,0.0,0.0,0.0,0.0,0.0,0.5,0.0,0.0,0.5,0.1
17037,2,0.0,0.0,0.0,0.0,0.0,0.0,0.0,0.0,0.0,0.0
16989,2,0.0,0.0,0.0,0.0,0.0,0.0,0.0,0.0,0.0,0.0
20010,3,0.0,0.0,0.0,0.0,0.0,0.0,0.0,0.0,0.0,0.0
22335,1,0.0,0.0,0.0,0.0,0.0,0.0,0.0,0.0,0.0,0.0
19572,1,0.0,0.0,0.0,0.0,0.0,0.0,0.0,0.0,0.0,0.0
17895,13,0.6,0.6666666666666666,0.6843515475204854,0.23076923076923078,0.6,0.5,0.5818181818181819,0.58874982024632,0.38461538461538464,0.5
22129,25,0.4,0.5333333333333333,0.5087403079104241,0.08,0.4,0.3,0.4,0.40350157154648025,0.12,0.3
21377,25,0.8,0.8666666666666666,0.8539316501572936,0.16,0.8,0.7,0.7090909090909092,0.7534494445524138,0.28,0.7
17429,1,0.0,0.0,0.0,0.0,0.0,0.0,0.0,0.0,0.0,0.0
1537,1,1.0,1.0,1.0,1.0,0.2,1.0,1.0,1.0,1.0,0.1
18699,7,0.4,0.3333333333333333,0.34519134224686926,0.2857142857142857,0.4,0.2857142857142857,0.3061224489795918,0.2797643380184692,0.2857142857142857,0.2
20592,1,0.0,0.0,0.0,0.0,0.0,0.0,0.0,0.0,0.0,0.0
12172,12,0.4,0.6,0.5531464700081437,0.16666666666666666,0.4,0.2,0.34545454545454546,0.3589542101716347,0.16666666666666666,0.2
6513,2,0.0,0.0,0.0,0.0,0.0,0.0,0.0,0.0,0.0,0.0
6306,9,0.4,0.39999999999999997,0.4703652827859578,0.2222222222222222,0.4,0.3333333333333333,0.37037037037037035,0.4043220965049593,0.3333333333333333,0.3
1895,10,0.6,0.5333333333333333,0.5147714448836773,0.3,0.6,0.4,0.43636363636363645,0.3976722328631673,0.4,0.4
22435,4,0.0,0.0,0.0,0.0,0.0,0.0,0.0,0.0,0.0,0.0
4876,8,0.6,0.7999999999999999,0.7227265726449518,0.375,0.6,0.625,0.6153846153846154,0.6291031399287498,0.625,0.5
11090,1,1.0,0.0,0.0,1.0,0.2,1.0,0.0,0.0,1.0,0.1
9748,1,0.0,0.0,0.0,0.0,0.0,0.0,0.0,0.0,0.0,0.0
20443,5,0.0,0.0,0.0,0.0,0.0,0.2,0.0,0.0,0.2,0.1
13342,1,0.0,0.0,0.0,0.0,0.0,0.0,0.0,0.0,0.0,0.0
10448,28,0.2,0.06666666666666665,0.13120507751234176,0.03571428571428571,0.2,0.2,0.16363636363636364,0.15457433957839825,0.07142857142857142,0.2
640,1,1.0,0.0,0.0,1.0,0.2,1.0,0.0,0.0,1.0,0.1
15941,3,0.0,0.0,0.0,0.0,0.0,0.0,0.0,0.0,0.0,0.0
16737,1,0.0,0.0,0.0,0.0,0.0,0.0,0.0,0.0,0.0,0.0
11599,20,0.2,0.3333333333333333,0.33916020527361607,0.05,0.2,0.1,0.18181818181818182,0.22009176629808014,0.05,0.1
327,3,0.0,0.0,0.0,0.0,0.0,0.0,0.0,0.0,0.0,0.0
8655,2,0.0,0.0,0.0,0.0,0.0,0.5,0.0,0.0,0.5,0.1
2205,3,0.3333333333333333,0.0,0.0,0.3333333333333333,0.2,0.3333333333333333,0.0,0.0,0.3333333333333333,0.1
17022,2,0.0,0.0,0.0,0.0,0.0,0.0,0.0,0.0,0.0,0.0
9482,1,0.0,0.0,0.0,0.0,0.0,0.0,0.0,0.0,0.0,0.0
15099,39,0.4,0.5333333333333333,0.5087403079104241,0.05128205128205128,0.4,0.4,0.49090909090909085,0.48189984052515555,0.10256410256410256,0.4
13407,24,0.4,0.5333333333333333,0.5087403079104241,0.08333333333333333,0.4,0.2,0.32727272727272727,0.3301376494471202,0.08333333333333333,0.2
3970,4,0.25,0.35714285714285715,0.39038004999210163,0.25,0.2,0.5,0.2941176470588235,0.39038004999210163,0.5,0.2
10614,19,0.0,0.0,0.0,0.0,0.0,0.1,0.07272727272727274,0.07336392209936006,0.05263157894736842,0.1
14809,27,0.2,0.06666666666666665,0.13120507751234176,0.037037037037037035,0.2,0.1,0.10909090909090909,0.08514311764162097,0.037037037037037035,0.1
1791,3,0.0,0.0,0.0,0.0,0.0,0.3333333333333333,0.0,0.0,0.3333333333333333,0.1
10324,12,0.2,0.19999999999999998,0.16958010263680803,0.08333333333333333,0.2,0.1,0.14545454545454548,0.11004588314904007,0.08333333333333333,0.1
1544,1,0.0,0.0,0.0,0.0,0.0,0.0,0.0,0.0,0.0,0.0
2768,3,0.3333333333333333,0.0,0.0,0.3333333333333333,0.2,0.3333333333333333,0.0,0.0,0.3333333333333333,0.1
16936,5,0.2,0.26666666666666666,0.2139862647345275,0.2,0.2,0.2,0.225,0.2139862647345275,0.2,0.1
6110,4,0.25,0.14285714285714288,0.16812753627111746,0.25,0.2,0.25,0.20588235294117643,0.16812753627111746,0.25,0.1
437,8,0.4,0.4666666666666666,0.38356636737133554,0.25,0.4,0.25,0.3269230769230769,0.2860604285087249,0.25,0.2
13653,12,0.0,0.0,0.0,0.0,0.0,0.0,0.0,0.0,0.0,0.0
5672,19,0.6,0.7999999999999999,0.7227265726449518,0.15789473684210525,0.6,0.5,0.6181818181818183,0.6117952373568121,0.2631578947368421,0.5
9254,2,0.0,0.0,0.0,0.0,0.0,0.0,0.0,0.0,0.0,0.0
18385,20,0.8,0.8000000000000002,0.8304198973631919,0.2,0.8,0.6,0.709090909090909,0.6816808362189438,0.3,0.6
22232,5,0.0,0.0,0.0,0.0,0.0,0.0,0.0,0.0,0.0,0.0
16543,2,0.0,0.0,0.0,0.0,0.0,0.0,0.0,0.0,0.0,0.0
10302,18,0.0,0.0,0.0,0.0,0.0,0.1,0.09090909090909091,0.07839826897867533,0.05555555555555555,0.1
7422,6,0.8,0.8000000000000002,0.8304198973631919,0.6666666666666666,0.8,0.8333333333333334,0.711111111111111,0.7409096387260823,0.8333333333333334,0.5
7818,2,0.0,0.0,0.0,0.0,0.0,0.0,0.0,0.0,0.0,0.0
21776,1,0.0,0.0,0.0,0.0,0.0,0.0,0.0,0.0,0.0,0.0
13737,6,0.6,0.46666666666666673,0.4912596920895757,0.5,0.6,0.5,0.48888888888888893,0.4383072252272688,0.5,0.3
12784,3,0.0,0.0,0.0,0.0,0.0,0.0,0.0,0.0,0.0,0.0
9092,1,0.0,0.0,0.0,0.0,0.0,0.0,0.0,0.0,0.0,0.0
5367,1,0.0,0.0,0.0,0.0,0.0,0.0,0.0,0.0,0.0,0.0
1706,5,0.0,0.0,0.0,0.0,0.0,0.0,0.0,0.0,0.0,0.0
2011,2,0.0,0.0,0.0,0.0,0.0,0.0,0.0,0.0,0.0,0.0
17715,14,0.8,0.8666666666666666,0.8539316501572936,0.2857142857142857,0.8,0.4,0.6000000000000001,0.5541432109622958,0.2857142857142857,0.4
4270,2,0.5,0.0,0.0,0.5,0.2,0.5,0.0,0.0,0.5,0.1
11966,4,0.25,0.2142857142857143,0.19519002499605081,0.25,0.2,0.25,0.23529411764705882,0.19519002499605081,0.25,0.1
12783,18,0.8,0.8666666666666666,0.8539316501572936,0.2222222222222222,0.8,0.6,0.6909090909090909,0.6911279212606076,0.3333333333333333,0.6
3261,27,0.4,0.6,0.5531464700081437,0.07407407407407407,0.4,0.3,0.36363636363636365,0.4225749983705864,0.1111111111111111,0.3
11102,8,0.4,0.6,0.5531464700081437,0.25,0.4,0.25,0.36538461538461536,0.4125317798925535,0.25,0.2
6605,10,0.2,0.3333333333333333,0.33916020527361607,0.1,0.2,0.3,0.2727272727272727,0.3557772116892464,0.3,0.3
5747,11,0.6,0.6,0.529634717214042,0.2727272727272727,0.6,0.4,0.47272727272727283,0.4099509148465344,0.36363636363636365,0.4
21195,5,0.6,0.5333333333333333,0.6164336326286642,0.6,0.6,0.6,0.575,0.6164336326286642,0.6,0.3
5687,5,0.0,0.0,0.0,0.0,0.0,0.0,0.0,0.0,0.0,0.0
11670,10,0.0,0.0,0.0,0.0,0.0,0.0,0.0,0.0,0.0,0.0
20870,2,0.0,0.0,0.0,0.0,0.0,0.0,0.0,0.0,0.0,0.0
6653,2,0.5,0.0,0.0,0.5,0.2,0.5,0.0,0.0,0.5,0.1
10609,10,0.0,0.0,0.0,0.0,0.0,0.0,0.0,0.0,0.0,0.0
1085,14,0.0,0.0,0.0,0.0,0.0,0.1,0.05454545454545456,0.06943122193677725,0.07142857142857142,0.1
20820,7,0.0,0.0,0.0,0.0,0.0,0.0,0.0,0.0,0.0,0.0
4072,9,0.6,0.6666666666666666,0.6548086577531306,0.3333333333333333,0.6,0.4444444444444444,0.4629629629629629,0.45379693233402824,0.4444444444444444,0.4
21986,6,0.0,0.0,0.0,0.0,0.0,0.0,0.0,0.0,0.0,0.0
6268,22,0.6,0.39999999999999997,0.4468535299918562,0.13636363636363635,0.6,0.5,0.509090909090909,0.4346298575932762,0.22727272727272727,0.5
4432,3,0.3333333333333333,0.4166666666666667,0.46927872602275644,0.3333333333333333,0.2,0.3333333333333333,0.37037037037037035,0.46927872602275644,0.3333333333333333,0.1
6490,4,0.0,0.0,0.0,0.0,0.0,0.0,0.0,0.0,0.0,0.0
10257,8,0.8,0.9333333333333332,0.8687949224876582,0.5,0.8,0.75,0.826923076923077,0.8223538668023914,0.75,0.6
1783,3,0.0,0.0,0.0,0.0,0.0,0.0,0.0,0.0,0.0,0.0
3181,1,0.0,0.0,0.0,0.0,0.0,0.0,0.0,0.0,0.0,0.0
7649,2,0.0,0.0,0.0,0.0,0.0,0.0,0.0,0.0,0.0,0.0
22059,4,0.0,0.0,0.0,0.0,0.0,0.0,0.0,0.0,0.0,0.0
21436,14,0.4,0.6,0.5531464700081437,0.14285714285714285,0.4,0.2,0.34545454545454546,0.3589542101716347,0.14285714285714285,0.2
15293,9,0.6,0.6,0.529634717214042,0.3333333333333333,0.6,0.3333333333333333,0.4444444444444445,0.367048613489692,0.3333333333333333,0.3
6626,1,0.0,0.0,0.0,0.0,0.0,0.0,0.0,0.0,0.0,0.0
6064,5,0.0,0.0,0.0,0.0,0.0,0.0,0.0,0.0,0.0,0.0
10646,10,0.6,0.7999999999999999,0.7227265726449518,0.3,0.6,0.5,0.6545454545454545,0.6207622843987102,0.5,0.5
7472,3,0.0,0.0,0.0,0.0,0.0,0.3333333333333333,0.0,0.0,0.3333333333333333,0.1
992,2,0.0,0.0,0.0,0.0,0.0,0.0,0.0,0.0,0.0,0.0
12037,26,1.0,1.0,1.0,0.19230769230769232,1.0,0.8,0.8727272727272727,0.8572048559638626,0.3076923076923077,0.8
22097,6,0.0,0.0,0.0,0.0,0.0,0.0,0.0,0.0,0.0,0.0
8370,1,0.0,0.0,0.0,0.0,0.0,0.0,0.0,0.0,0.0,0.0
13196,15,0.6,0.5333333333333333,0.6164336326286642,0.2,0.6,0.4,0.45454545454545453,0.4662774717636409,0.26666666666666666,0.4
2875,7,0.4,0.5333333333333333,0.5087403079104241,0.2857142857142857,0.4,0.2857142857142857,0.36734693877551017,0.4123144993714362,0.2857142857142857,0.2
8493,4,0.25,0.35714285714285715,0.39038004999210163,0.25,0.2,0.25,0.2941176470588235,0.39038004999210163,0.25,0.1
12351,1,1.0,0.0,0.0,1.0,0.2,1.0,0.0,0.0,1.0,0.1
4241,7,0.0,0.0,0.0,0.0,0.0,0.0,0.0,0.0,0.0,0.0
20705,2,0.0,0.0,0.0,0.0,0.0,0.0,0.0,0.0,0.0,0.0
7774,1,0.0,0.0,0.0,0.0,0.0,0.0,0.0,0.0,0.0,0.0
8699,3,0.0,0.0,0.0,0.0,0.0,0.3333333333333333,0.0,0.0,0.3333333333333333,0.1
20695,9,0.4,0.4666666666666666,0.48522855511632257,0.2222222222222222,0.4,0.4444444444444444,0.4444444444444445,0.48877128938335523,0.4444444444444444,0.4
20988,2,0.0,0.0,0.0,0.0,0.0,0.0,0.0,0.0,0.0,0.0
15775,2,0.0,0.0,0.0,0.0,0.0,0.0,0.0,0.0,0.0,0.0
10746,11,0.2,0.19999999999999998,0.16958010263680803,0.09090909090909091,0.2,0.2,0.18181818181818182,0.1763001066034291,0.18181818181818182,0.2
2293,14,0.0,0.0,0.0,0.0,0.0,0.1,0.036363636363636355,0.06625422345438903,0.07142857142857142,0.1
10346,10,0.2,0.26666666666666666,0.2139862647345275,0.1,0.2,0.3,0.29090909090909095,0.28165758790969175,0.3,0.3
6651,10,0.4,0.4666666666666666,0.48522855511632257,0.2,0.4,0.3,0.34545454545454546,0.38113435412202,0.3,0.3
1848,7,0.2,0.3333333333333333,0.33916020527361607,0.14285714285714285,0.2,0.2857142857142857,0.3061224489795918,0.3727892582642587,0.2857142857142857,0.2
479,5,0.2,0.3333333333333333,0.33916020527361607,0.2,0.2,0.4,0.25,0.33916020527361607,0.4,0.2
9311,26,0.6,0.6666666666666666,0.6548086577531306,0.11538461538461539,0.6,0.5,0.6181818181818182,0.5766882048947064,0.19230769230769232,0.5
18691,1,0.0,0.0,0.0,0.0,0.0,0.0,0.0,0.0,0.0,0.0
2873,1,0.0,0.0,0.0,0.0,0.0,0.0,0.0,0.0,0.0,0.0
1358,4,0.0,0.0,0.0,0.0,0.0,0.5,0.0,0.0,0.5,0.2
20146,1,1.0,0.0,0.0,1.0,0.2,1.0,0.0,0.0,1.0,0.1
11437,1,0.0,0.0,0.0,0.0,0.0,0.0,0.0,0.0,0.0,0.0
9173,1,1.0,0.0,0.0,1.0,0.2,1.0,0.0,0.0,1.0,0.1
15163,2,0.5,0.4444444444444445,0.3868528072345415,0.5,0.2,0.5,0.4736842105263158,0.3868528072345415,0.5,0.1
9829,2,0.0,0.0,0.0,0.0,0.0,0.0,0.0,0.0,0.0,0.0
19712,4,0.0,0.0,0.0,0.0,0.0,0.0,0.0,0.0,0.0,0.0
7418,3,0.3333333333333333,0.4166666666666667,0.46927872602275644,0.3333333333333333,0.2,0.3333333333333333,0.37037037037037035,0.46927872602275644,0.3333333333333333,0.1
16419,1,0.0,0.0,0.0,0.0,0.0,0.0,0.0,0.0,0.0,0.0
21589,5,0.2,0.26666666666666666,0.2139862647345275,0.2,0.2,0.2,0.225,0.2139862647345275,0.2,0.1
8112,7,0.6,0.5333333333333333,0.6164336326286642,0.42857142857142855,0.6,0.42857142857142855,0.4693877551020407,0.4995958068998836,0.42857142857142855,0.3
4443,4,0.0,0.0,0.0,0.0,0.0,0.0,0.0,0.0,0.0,0.0
22195,2,0.0,0.0,0.0,0.0,0.0,0.0,0.0,0.0,0.0,0.0
12273,2,0.0,0.0,0.0,0.0,0.0,0.0,0.0,0.0,0.0,0.0
6067,2,0.0,0.0,0.0,0.0,0.0,0.0,0.0,0.0,0.0,0.0
1904,5,0.0,0.0,0.0,0.0,0.0,0.0,0.0,0.0,0.0,0.0
19037,5,0.0,0.0,0.0,0.0,0.0,0.0,0.0,0.0,0.0,0.0
18547,15,0.6,0.6666666666666666,0.6548086577531306,0.2,0.6,0.4,0.5454545454545454,0.5033242827953462,0.26666666666666666,0.4
19808,4,0.0,0.0,0.0,0.0,0.0,0.25,0.0,0.0,0.25,0.1
14328,2,0.5,0.5555555555555556,0.6131471927654584,0.5,0.2,0.5,0.5263157894736842,0.6131471927654584,0.5,0.1
1440,10,0.4,0.5333333333333333,0.5087403079104241,0.2,0.4,0.4,0.43636363636363634,0.4721567066247472,0.4,0.4
20505,1,1.0,0.0,0.0,1.0,0.2,1.0,0.0,0.0,1.0,0.1
8404,7,0.0,0.0,0.0,0.0,0.0,0.0,0.0,0.0,0.0,0.0
13278,1,0.0,0.0,0.0,0.0,0.0,0.0,0.0,0.0,0.0,0.0
4081,1,0.0,0.0,0.0,0.0,0.0,0.0,0.0,0.0,0.0,0.0
16784,9,0.0,0.0,0.0,0.0,0.0,0.0,0.0,0.0,0.0,0.0
3620,1,0.0,0.0,0.0,0.0,0.0,1.0,0.0,0.0,1.0,0.1
13997,3,0.3333333333333333,0.4166666666666667,0.46927872602275644,0.3333333333333333,0.2,0.6666666666666666,0.37037037037037035,0.46927872602275644,0.6666666666666666,0.2
21127,10,0.0,0.0,0.0,0.0,0.0,0.0,0.0,0.0,0.0,0.0
7681,12,0.2,0.13333333333333333,0.14606834984270645,0.08333333333333333,0.2,0.2,0.1636363636363636,0.16104258782393982,0.16666666666666666,0.2
13632,19,0.6,0.5333333333333333,0.5147714448836773,0.15789473684210525,0.6,0.7,0.6181818181818183,0.611755947233009,0.3684210526315789,0.7
21379,1,1.0,1.0,1.0,1.0,0.2,1.0,1.0,1.0,1.0,0.1
7274,7,0.4,0.4666666666666666,0.48522855511632257,0.2857142857142857,0.4,0.42857142857142855,0.42857142857142855,0.48488457017441744,0.42857142857142855,0.3
4576,17,0.4,0.3333333333333333,0.34519134224686926,0.11764705882352941,0.4,0.3,0.34545454545454546,0.2973694836145355,0.17647058823529413,0.3
8979,2,1.0,0.5555555555555556,0.6131471927654584,1.0,0.4,1.0,0.5263157894736842,0.6131471927654584,1.0,0.2
22132,5,0.0,0.0,0.0,0.0,0.0,0.0,0.0,0.0,0.0,0.0
2140,1,0.0,0.0,0.0,0.0,0.0,0.0,0.0,0.0,0.0,0.0
20761,3,0.6666666666666666,0.4166666666666667,0.46927872602275644,0.6666666666666666,0.4,0.6666666666666666,0.37037037037037035,0.46927872602275644,0.6666666666666666,0.2
6266,16,0.0,0.0,0.0,0.0,0.0,0.1,0.05454545454545456,0.06943122193677725,0.0625,0.1
5394,8,0.6,0.7999999999999999,0.7227265726449518,0.375,0.6,0.5,0.5961538461538461,0.6233173655322678,0.5,0.4
11196,1,0.0,0.0,0.0,0.0,0.0,0.0,0.0,0.0,0.0,0.0
3296,4,0.0,0.0,0.0,0.0,0.0,0.0,0.0,0.0,0.0,0.0
18528,9,0.6,0.39999999999999997,0.4468535299918562,0.3333333333333333,0.6,0.5555555555555556,0.5185185185185185,0.46217654529509133,0.5555555555555556,0.5
18276,16,0.6,0.6666666666666666,0.6548086577531306,0.1875,0.6,0.3,0.45454545454545453,0.424926013816671,0.1875,0.3
17687,15,0.0,0.0,0.0,0.0,0.0,0.1,0.09090909090909091,0.07839826897867533,0.06666666666666667,0.1
9815,10,0.2,0.3333333333333333,0.33916020527361607,0.1,0.2,0.2,0.21818181818181817,0.28634598975246917,0.2,0.2
4426,17,0.0,0.0,0.0,0.0,0.0,0.2,0.14545454545454548,0.14782949091545258,0.11764705882352941,0.2
16335,1,0.0,0.0,0.0,0.0,0.0,0.0,0.0,0.0,0.0,0.0
6943,3,0.0,0.0,0.0,0.0,0.0,0.0,0.0,0.0,0.0,0.0
14941,3,0.0,0.0,0.0,0.0,0.0,0.0,0.0,0.0,0.0,0.0
3594,4,0.0,0.0,0.0,0.0,0.0,0.25,0.0,0.0,0.25,0.1
7317,21,0.6,0.5333333333333333,0.5147714448836773,0.14285714285714285,0.6,0.4,0.5090909090909091,0.4124497136428909,0.19047619047619047,0.4
20999,17,0.6,0.6,0.529634717214042,0.17647058823529413,0.6,0.5,0.5272727272727273,0.48068140169045714,0.29411764705882354,0.5
11962,1,0.0,0.0,0.0,0.0,0.0,0.0,0.0,0.0,0.0,0.0
17504,12,0.2,0.19999999999999998,0.16958010263680803,0.08333333333333333,0.2,0.2,0.2,0.17947710508581735,0.16666666666666666,0.2
3445,9,1.0,1.0,1.0,0.5555555555555556,1.0,0.5555555555555556,0.7407407407407407,0.6930221935231563,0.5555555555555556,0.5
3957,15,0.2,0.06666666666666665,0.13120507751234176,0.06666666666666667,0.2,0.3,0.2727272727272727,0.23690530871965637,0.2,0.3
2031,5,0.4,0.6,0.5531464700081437,0.4,0.4,0.4,0.475,0.5531464700081437,0.4,0.2
1802,21,0.4,0.4666666666666666,0.38356636737133554,0.09523809523809523,0.4,0.3,0.4,0.3273065960012699,0.14285714285714285,0.3
16371,35,0.8,0.8000000000000002,0.8304198973631919,0.11428571428571428,0.8,0.5,0.618181818181818,0.6051399156371955,0.14285714285714285,0.5
6391,11,0.6,0.7999999999999999,0.7227265726449518,0.2727272727272727,0.6,0.3,0.49090909090909096,0.46900009332067477,0.2727272727272727,0.3
9043,14,0.2,0.3333333333333333,0.33916020527361607,0.07142857142857142,0.2,0.1,0.18181818181818182,0.22009176629808014,0.07142857142857142,0.1
8215,3,0.0,0.0,0.0,0.0,0.0,0.3333333333333333,0.0,0.0,0.3333333333333333,0.1
20195,11,0.0,0.0,0.0,0.0,0.0,0.1,0.07272727272727274,0.07336392209936006,0.09090909090909091,0.1
20802,2,0.0,0.0,0.0,0.0,0.0,0.0,0.0,0.0,0.0,0.0
21036,8,0.0,0.0,0.0,0.0,0.0,0.0,0.0,0.0,0.0,0.0
16757,13,0.2,0.19999999999999998,0.16958010263680803,0.07692307692307693,0.2,0.2,0.23636363636363636,0.1884441521277154,0.15384615384615385,0.2
4288,7,0.2,0.3333333333333333,0.33916020527361607,0.14285714285714285,0.2,0.2857142857142857,0.2040816326530612,0.27487633291429087,0.2857142857142857,0.2
3553,15,0.8,0.7333333333333334,0.7860137352654724,0.26666666666666666,0.8,0.5,0.6545454545454545,0.5884674004369673,0.3333333333333333,0.5
9313,1,1.0,0.0,0.0,1.0,0.2,1.0,0.0,0.0,1.0,0.1
7829,2,0.0,0.0,0.0,0.0,0.0,0.0,0.0,0.0,0.0,0.0
7216,2,0.0,0.0,0.0,0.0,0.0,0.0,0.0,0.0,0.0,0.0
7909,1,0.0,0.0,0.0,0.0,0.0,0.0,0.0,0.0,0.0,0.0
13300,1,0.0,0.0,0.0,0.0,0.0,0.0,0.0,0.0,0.0,0.0
6549,1,0.0,0.0,0.0,0.0,0.0,0.0,0.0,0.0,0.0,0.0
11089,3,0.0,0.0,0.0,0.0,0.0,0.0,0.0,0.0,0.0,0.0
19284,3,0.3333333333333333,0.33333333333333337,0.29608191096586517,0.3333333333333333,0.2,0.6666666666666666,0.3333333333333333,0.29608191096586517,0.6666666666666666,0.2
2731,2,0.0,0.0,0.0,0.0,0.0,0.0,0.0,0.0,0.0,0.0
5038,21,0.6,0.46666666666666673,0.4912596920895757,0.14285714285714285,0.6,0.5,0.5090909090909091,0.46081298306235324,0.23809523809523808,0.5
20814,4,0.0,0.0,0.0,0.0,0.0,0.25,0.0,0.0,0.25,0.1
19332,6,0.0,0.0,0.0,0.0,0.0,0.16666666666666666,0.0,0.0,0.16666666666666666,0.1
3240,4,0.5,0.28571428571428575,0.2463023887407299,0.5,0.4,0.5,0.2647058823529412,0.2463023887407299,0.5,0.2
10280,7,1.0,1.0,1.0,0.7142857142857143,1.0,0.8571428571428571,0.9183673469387754,0.9083745556952364,0.8571428571428571,0.6
7487,5,0.2,0.06666666666666665,0.13120507751234176,0.2,0.2,0.4,0.15,0.13120507751234176,0.4,0.2
19938,21,0.4,0.6,0.5531464700081437,0.09523809523809523,0.4,0.4,0.509090909090909,0.5107164012496701,0.19047619047619047,0.4
6207,12,0.6,0.7333333333333334,0.6992148198508501,0.25,0.6,0.3,0.47272727272727266,0.4537425745411855,0.25,0.3
2055,1,0.0,0.0,0.0,0.0,0.0,0.0,0.0,0.0,0.0,0.0
21111,1,0.0,0.0,0.0,0.0,0.0,0.0,0.0,0.0,0.0,0.0
3446,1,0.0,0.0,0.0,0.0,0.0,0.0,0.0,0.0,0.0,0.0
3067,2,0.0,0.0,0.0,0.0,0.0,0.0,0.0,0.0,0.0,0.0
1093,1,0.0,0.0,0.0,0.0,0.0,1.0,0.0,0.0,1.0,0.1
4858,3,0.3333333333333333,0.4166666666666667,0.46927872602275644,0.3333333333333333,0.2,0.3333333333333333,0.37037037037037035,0.46927872602275644,0.3333333333333333,0.1
14428,1,0.0,0.0,0.0,0.0,0.0,0.0,0.0,0.0,0.0,0.0
17036,3,0.0,0.0,0.0,0.0,0.0,0.0,0.0,0.0,0.0,0.0
1433,9,0.2,0.06666666666666665,0.13120507751234176,0.1111111111111111,0.2,0.1111111111111111,0.1111111111111111,0.09092803061897882,0.1111111111111111,0.1
16368,7,0.0,0.0,0.0,0.0,0.0,0.14285714285714285,0.08163265306122448,0.09162544430476363,0.14285714285714285,0.1
632,15,0.2,0.3333333333333333,0.33916020527361607,0.06666666666666667,0.2,0.2,0.2,0.2837125544970318,0.13333333333333333,0.2
13676,8,0.0,0.0,0.0,0.0,0.0,0.0,0.0,0.0,0.0,0.0
21513,12,0.4,0.3333333333333333,0.34519134224686926,0.16666666666666666,0.4,0.3,0.32727272727272727,0.29343678345195273,0.25,0.3
13470,1,0.0,0.0,0.0,0.0,0.0,0.0,0.0,0.0,0.0,0.0
16474,20,0.8,0.9333333333333332,0.8687949224876582,0.2,0.8,0.8,0.8545454545454546,0.8486026589039899,0.4,0.8
19885,7,0.0,0.0,0.0,0.0,0.0,0.0,0.0,0.0,0.0,0.0
10772,6,0.2,0.26666666666666666,0.2139862647345275,0.16666666666666666,0.2,0.16666666666666666,0.2,0.1909208661789346,0.16666666666666666,0.1
18182,3,0.6666666666666666,0.4166666666666667,0.46927872602275644,0.6666666666666666,0.4,0.6666666666666666,0.37037037037037035,0.46927872602275644,0.6666666666666666,0.2
11781,1,0.0,0.0,0.0,0.0,0.0,0.0,0.0,0.0,0.0,0.0
521,2,0.5,0.5555555555555556,0.6131471927654584,0.5,0.2,0.5,0.5263157894736842,0.6131471927654584,0.5,0.1
12785,17,0.4,0.4000000000000001,0.3600546145772339,0.11764705882352941,0.4,0.2,0.29090909090909095,0.23365080824310527,0.11764705882352941,0.2
13382,1,0.0,0.0,0.0,0.0,0.0,0.0,0.0,0.0,0.0,0.0
14664,6,0.0,0.0,0.0,0.0,0.0,0.0,0.0,0.0,0.0,0.0
3923,5,0.2,0.3333333333333333,0.33916020527361607,0.2,0.2,0.2,0.25,0.33916020527361607,0.2,0.1
889,3,0.0,0.0,0.0,0.0,0.0,0.0,0.0,0.0,0.0,0.0
13701,1,0.0,0.0,0.0,0.0,0.0,1.0,0.0,0.0,1.0,0.1
14718,4,0.0,0.0,0.0,0.0,0.0,0.0,0.0,0.0,0.0,0.0
2154,2,0.0,0.0,0.0,0.0,0.0,0.0,0.0,0.0,0.0,0.0
17050,8,0.2,0.06666666666666665,0.13120507751234176,0.125,0.2,0.375,0.2692307692307693,0.26774614184997625,0.375,0.3
22337,2,0.0,0.0,0.0,0.0,0.0,0.0,0.0,0.0,0.0,0.0
14762,1,0.0,0.0,0.0,0.0,0.0,0.0,0.0,0.0,0.0,0.0
1568,7,0.0,0.0,0.0,0.0,0.0,0.0,0.0,0.0,0.0,0.0
8224,3,0.3333333333333333,0.4166666666666667,0.46927872602275644,0.3333333333333333,0.2,0.3333333333333333,0.37037037037037035,0.46927872602275644,0.3333333333333333,0.1
4684,11,0.2,0.26666666666666666,0.2139862647345275,0.09090909090909091,0.2,0.2,0.2545454545454545,0.21726071285222984,0.18181818181818182,0.2
12145,2,0.5,0.5555555555555556,0.6131471927654584,0.5,0.2,0.5,0.5263157894736842,0.6131471927654584,0.5,0.1
15943,16,0.8,0.8000000000000002,0.8304198973631919,0.25,0.8,0.9,0.8545454545454544,0.8899541168509599,0.5625,0.9
11151,2,0.0,0.0,0.0,0.0,0.0,0.0,0.0,0.0,0.0,0.0
17591,2,0.5,0.4444444444444445,0.3868528072345415,0.5,0.2,0.5,0.4736842105263158,0.3868528072345415,0.5,0.1
14608,2,0.0,0.0,0.0,0.0,0.0,0.5,0.0,0.0,0.5,0.1
11227,2,0.5,0.0,0.0,0.5,0.2,0.5,0.0,0.0,0.5,0.1
18915,3,0.3333333333333333,0.25,0.23463936301137822,0.3333333333333333,0.2,0.3333333333333333,0.2962962962962963,0.23463936301137822,0.3333333333333333,0.1
4591,5,0.2,0.3333333333333333,0.33916020527361607,0.2,0.2,0.2,0.25,0.33916020527361607,0.2,0.1
522,3,0.0,0.0,0.0,0.0,0.0,0.0,0.0,0.0,0.0,0.0
20266,5,0.2,0.3333333333333333,0.33916020527361607,0.2,0.2,0.2,0.25,0.33916020527361607,0.2,0.1
18290,6,0.2,0.3333333333333333,0.33916020527361607,0.16666666666666666,0.2,0.16666666666666666,0.2222222222222222,0.30260241349881345,0.16666666666666666,0.1
15383,4,0.0,0.0,0.0,0.0,0.0,0.0,0.0,0.0,0.0,0.0
13352,14,0.4,0.3333333333333333,0.34519134224686926,0.14285714285714285,0.4,0.3,0.3090909090909091,0.2902597849695645,0.21428571428571427,0.3
13858,18,0.8,0.7333333333333334,0.7860137352654724,0.2222222222222222,0.8,0.6,0.6727272727272727,0.652088188635919,0.3333333333333333,0.6
10226,12,0.6,0.7333333333333334,0.6992148198508501,0.25,0.6,0.5,0.6,0.5965377185773227,0.4166666666666667,0.5
3920,5,0.0,0.0,0.0,0.0,0.0,0.0,0.0,0.0,0.0,0.0
21648,3,0.0,0.0,0.0,0.0,0.0,0.0,0.0,0.0,0.0,0.0
6246,13,0.6,0.5333333333333333,0.6164336326286642,0.23076923076923078,0.6,0.4,0.49090909090909085,0.47338717040861195,0.3076923076923077,0.4
4968,2,0.5,0.0,0.0,0.5,0.2,0.5,0.0,0.0,0.5,0.1
3493,8,0.2,0.3333333333333333,0.33916020527361607,0.125,0.2,0.125,0.1923076923076923,0.2529427027676571,0.125,0.1
1982,9,1.0,1.0,1.0,0.5555555555555556,1.0,0.6666666666666666,0.7407407407407407,0.6930221935231563,0.6666666666666666,0.6
2103,1,0.0,0.0,0.0,0.0,0.0,0.0,0.0,0.0,0.0,0.0
935,12,0.6,0.7999999999999999,0.7227265726449518,0.25,0.6,0.3,0.49090909090909096,0.46900009332067477,0.25,0.3
5753,5,0.0,0.0,0.0,0.0,0.0,0.0,0.0,0.0,0.0,0.0
4476,4,0.25,0.35714285714285715,0.39038004999210163,0.25,0.2,0.5,0.2941176470588235,0.39038004999210163,0.5,0.2
11045,16,0.8,0.9333333333333332,0.8687949224876582,0.25,0.8,0.7,0.7636363636363637,0.7720617383222417,0.4375,0.7
3125,5,0.0,0.0,0.0,0.0,0.0,0.2,0.0,0.0,0.2,0.1
5366,19,0.4,0.39999999999999997,0.4703652827859578,0.10526315789473684,0.4,0.2,0.29090909090909095,0.3052348839397011,0.10526315789473684,0.2
14485,17,0.4,0.3333333333333333,0.31564845247951445,0.11764705882352941,0.4,0.3,0.36363636363636365,0.28323251649726616,0.17647058823529413,0.3
1505,2,0.0,0.0,0.0,0.0,0.0,0.0,0.0,0.0,0.0,0.0
2781,4,0.25,0.28571428571428575,0.2463023887407299,0.25,0.2,0.25,0.2647058823529412,0.2463023887407299,0.25,0.1
15376,11,0.6,0.7999999999999999,0.7227265726449518,0.2727272727272727,0.6,0.4,0.5818181818181819,0.5473983622993501,0.36363636363636365,0.4
20914,21,0.6,0.7333333333333334,0.6992148198508501,0.14285714285714285,0.6,0.3,0.47272727272727266,0.4537425745411855,0.14285714285714285,0.3
18124,3,0.0,0.0,0.0,0.0,0.0,0.0,0.0,0.0,0.0,0.0
3671,3,0.0,0.0,0.0,0.0,0.0,0.0,0.0,0.0,0.0,0.0
17554,23,0.0,0.0,0.0,0.0,0.0,0.1,0.05454545454545456,0.06943122193677725,0.043478260869565216,0.1
21300,4,0.0,0.0,0.0,0.0,0.0,0.0,0.0,0.0,0.0,0.0
622,27,0.8,0.8666666666666666,0.8539316501572936,0.14814814814814814,0.8,0.6,0.690909090909091,0.6898286563534621,0.2222222222222222,0.6
20753,2,0.0,0.0,0.0,0.0,0.0,0.0,0.0,0.0,0.0,0.0
13646,5,0.2,0.3333333333333333,0.33916020527361607,0.2,0.2,0.2,0.25,0.33916020527361607,0.2,0.1
5310,9,0.6,0.7999999999999999,0.7227265726449518,0.3333333333333333,0.6,0.3333333333333333,0.5,0.5008655546918772,0.3333333333333333,0.3
17449,1,0.0,0.0,0.0,0.0,0.0,0.0,0.0,0.0,0.0,0.0
7294,4,0.0,0.0,0.0,0.0,0.0,0.0,0.0,0.0,0.0,0.0
3133,3,0.0,0.0,0.0,0.0,0.0,0.0,0.0,0.0,0.0,0.0
10420,5,0.2,0.3333333333333333,0.33916020527361607,0.2,0.2,0.2,0.25,0.33916020527361607,0.2,0.1
19927,3,0.3333333333333333,0.0,0.0,0.3333333333333333,0.2,0.3333333333333333,0.0,0.0,0.3333333333333333,0.1
12880,13,0.6,0.6666666666666666,0.6548086577531306,0.23076923076923078,0.6,0.6,0.6363636363636364,0.6390097281865126,0.46153846153846156,0.6
17136,2,0.0,0.0,0.0,0.0,0.0,0.0,0.0,0.0,0.0,0.0
10636,18,0.8,0.6666666666666666,0.6608397947263838,0.2222222222222222,0.8,0.7,0.7636363636363637,0.6500332220485789,0.3888888888888889,0.7
17525,21,0.2,0.3333333333333333,0.33916020527361607,0.047619047619047616,0.2,0.2,0.2545454545454545,0.29345568839744024,0.09523809523809523,0.2
14994,21,0.6,0.7333333333333334,0.6992148198508501,0.14285714285714285,0.6,0.3,0.47272727272727266,0.4537425745411855,0.14285714285714285,0.3
20482,5,0.2,0.13333333333333333,0.14606834984270645,0.2,0.2,0.4,0.175,0.14606834984270645,0.4,0.2
724,5,0.2,0.13333333333333333,0.14606834984270645,0.2,0.2,0.2,0.175,0.14606834984270645,0.2,0.1
24,14,0.8,0.7333333333333334,0.7860137352654724,0.2857142857142857,0.8,0.7,0.7636363636363637,0.7280855459907164,0.5,0.7
16020,8,0.0,0.0,0.0,0.0,0.0,0.125,0.0,0.0,0.125,0.1
5572,2,0.0,0.0,0.0,0.0,0.0,0.0,0.0,0.0,0.0,0.0
12926,7,0.2,0.3333333333333333,0.33916020527361607,0.14285714285714285,0.2,0.14285714285714285,0.2040816326530612,0.27487633291429087,0.14285714285714285,0.1
3429,4,0.0,0.0,0.0,0.0,0.0,0.0,0.0,0.0,0.0,0.0
18067,2,0.0,0.0,0.0,0.0,0.0,0.5,0.0,0.0,0.5,0.1
18879,7,0.8,0.9333333333333332,0.8687949224876582,0.5714285714285714,0.8,0.7142857142857143,0.7959183673469388,0.8020378746650065,0.7142857142857143,0.5
19399,2,0.0,0.0,0.0,0.0,0.0,0.0,0.0,0.0,0.0,0.0
375,1,0.0,0.0,0.0,0.0,0.0,0.0,0.0,0.0,0.0,0.0
17439,13,0.0,0.0,0.0,0.0,0.0,0.0,0.0,0.0,0.0,0.0
15309,3,0.3333333333333333,0.4166666666666667,0.46927872602275644,0.3333333333333333,0.2,0.6666666666666666,0.37037037037037035,0.46927872602275644,0.6666666666666666,0.2
12701,13,0.6,0.5333333333333333,0.6164336326286642,0.23076923076923078,0.6,0.4,0.509090909090909,0.4784215172879272,0.3076923076923077,0.4
11900,2,0.5,0.5555555555555556,0.6131471927654584,0.5,0.2,0.5,0.5263157894736842,0.6131471927654584,0.5,0.1
660,4,0.25,0.0,0.0,0.25,0.2,0.25,0.0,0.0,0.25,0.1
2837,2,0.0,0.0,0.0,0.0,0.0,0.0,0.0,0.0,0.0,0.0
10758,5,0.4,0.4666666666666666,0.38356636737133554,0.4,0.4,0.6,0.42500000000000004,0.38356636737133554,0.6,0.3
6557,1,0.0,0.0,0.0,0.0,0.0,0.0,0.0,0.0,0.0,0.0
17101,4,0.0,0.0,0.0,0.0,0.0,0.25,0.0,0.0,0.25,0.1
19928,15,0.2,0.06666666666666665,0.13120507751234176,0.06666666666666667,0.2,0.2,0.14545454545454545,0.15139734109601,0.13333333333333333,0.2
15923,4,0.0,0.0,0.0,0.0,0.0,0.0,0.0,0.0,0.0,0.0
12736,12,0.6,0.7333333333333334,0.6992148198508501,0.25,0.6,0.4,0.5454545454545454,0.5271064966405455,0.3333333333333333,0.4
19848,14,0.2,0.19999999999999998,0.16958010263680803,0.07142857142857142,0.2,0.1,0.14545454545454548,0.11004588314904007,0.07142857142857142,0.1
11921,3,0.6666666666666666,0.6666666666666667,0.7039180890341346,0.6666666666666666,0.4,0.6666666666666666,0.6666666666666666,0.7039180890341346,0.6666666666666666,0.2
19036,28,0.6,0.7999999999999999,0.7227265726449518,0.10714285714285714,0.6,0.3,0.49090909090909096,0.46900009332067477,0.10714285714285714,0.3
9772,2,0.0,0.0,0.0,0.0,0.0,0.0,0.0,0.0,0.0,0.0
60,10,0.2,0.26666666666666666,0.2139862647345275,0.1,0.2,0.2,0.2,0.2051166673279435,0.2,0.2
14344,1,0.0,0.0,0.0,0.0,0.0,0.0,0.0,0.0,0.0,0.0
21183,4,0.25,0.28571428571428575,0.2463023887407299,0.25,0.2,0.25,0.2647058823529412,0.2463023887407299,0.25,0.1
13078,19,0.2,0.26666666666666666,0.2139862647345275,0.05263157894736842,0.2,0.4,0.32727272727272727,0.34791181136408084,0.21052631578947367,0.4
8036,3,0.3333333333333333,0.4166666666666667,0.46927872602275644,0.3333333333333333,0.2,0.3333333333333333,0.37037037037037035,0.46927872602275644,0.3333333333333333,0.1
21353,4,0.0,0.0,0.0,0.0,0.0,0.25,0.0,0.0,0.25,0.1
17195,2,0.0,0.0,0.0,0.0,0.0,0.0,0.0,0.0,0.0,0.0
16232,10,0.2,0.26666666666666666,0.2139862647345275,0.1,0.2,0.1,0.16363636363636364,0.1388624438735545,0.1,0.1
17055,2,0.0,0.0,0.0,0.0,0.0,0.5,0.0,0.0,0.5,0.1
19694,1,0.0,0.0,0.0,0.0,0.0,0.0,0.0,0.0,0.0,0.0
21171,2,0.5,0.4444444444444445,0.3868528072345415,0.5,0.2,0.5,0.4736842105263158,0.3868528072345415,0.5,0.1
8334,1,1.0,0.0,0.0,1.0,0.2,1.0,0.0,0.0,1.0,0.1
19748,2,0.5,0.0,0.0,0.5,0.2,0.5,0.0,0.0,0.5,0.1
15616,7,0.4,0.4666666666666666,0.48522855511632257,0.2857142857142857,0.4,0.42857142857142855,0.4489795918367347,0.49117205121962165,0.42857142857142855,0.3
4342,8,0.4,0.39999999999999997,0.4703652827859578,0.25,0.4,0.25,0.3076923076923077,0.35079429740281753,0.25,0.2
7930,3,0.0,0.0,0.0,0.0,0.0,0.0,0.0,0.0,0.0,0.0
19568,5,0.0,0.0,0.0,0.0,0.0,0.4,0.0,0.0,0.4,0.2
15231,12,1.0,1.0,1.0,0.4166666666666667,1.0,0.8,0.8545454545454546,0.8521705090845475,0.6666666666666666,0.8
4779,3,0.0,0.0,0.0,0.0,0.0,0.0,0.0,0.0,0.0,0.0
20440,13,0.6,0.6666666666666666,0.6548086577531306,0.23076923076923078,0.6,0.3,0.45454545454545453,0.424926013816671,0.23076923076923078,0.3
488,1,0.0,0.0,0.0,0.0,0.0,0.0,0.0,0.0,0.0,0.0
15106,12,0.4,0.3333333333333333,0.31564845247951445,0.16666666666666666,0.4,0.2,0.2727272727272727,0.20483424751859083,0.16666666666666666,0.2
9669,3,0.3333333333333333,0.4166666666666667,0.46927872602275644,0.3333333333333333,0.2,0.6666666666666666,0.37037037037037035,0.46927872602275644,0.6666666666666666,0.2
2986,1,0.0,0.0,0.0,0.0,0.0,0.0,0.0,0.0,0.0,0.0
869,11,0.4,0.3333333333333333,0.34519134224686926,0.18181818181818182,0.4,0.3,0.29090909090909095,0.28762634971412715,0.2727272727272727,0.3
21610,8,0.0,0.0,0.0,0.0,0.0,0.0,0.0,0.0,0.0,0.0
18552,1,0.0,0.0,0.0,0.0,0.0,0.0,0.0,0.0,0.0,0.0
13925,2,0.5,0.0,0.0,0.5,0.2,0.5,0.0,0.0,0.5,0.1
21661,5,0.4,0.6,0.5531464700081437,0.4,0.4,0.4,0.475,0.5531464700081437,0.4,0.2
52,15,0.8,0.8000000000000002,0.8304198973631919,0.26666666666666666,0.8,0.5,0.6727272727272727,0.6172839611614818,0.3333333333333333,0.5
7207,1,0.0,0.0,0.0,0.0,0.0,0.0,0.0,0.0,0.0,0.0
11048,1,0.0,0.0,0.0,0.0,0.0,0.0,0.0,0.0,0.0,0.0
15958,18,0.2,0.13333333333333333,0.14606834984270645,0.05555555555555555,0.2,0.4,0.32727272727272727,0.3128047789019752,0.2222222222222222,0.4
8904,5,0.0,0.0,0.0,0.0,0.0,0.0,0.0,0.0,0.0,0.0
21276,5,0.2,0.3333333333333333,0.33916020527361607,0.2,0.2,0.2,0.25,0.33916020527361607,0.2,0.1
9646,4,0.0,0.0,0.0,0.0,0.0,0.0,0.0,0.0,0.0,0.0
2639,1,0.0,0.0,0.0,0.0,0.0,0.0,0.0,0.0,0.0,0.0
6814,3,0.0,0.0,0.0,0.0,0.0,0.0,0.0,0.0,0.0,0.0
2144,20,0.6,0.6666666666666666,0.6548086577531306,0.15,0.6,0.4,0.49090909090909096,0.49118023727106,0.2,0.4
22445,7,0.0,0.0,0.0,0.0,0.0,0.14285714285714285,0.08163265306122448,0.09162544430476363,0.14285714285714285,0.1
14234,1,0.0,0.0,0.0,0.0,0.0,0.0,0.0,0.0,0.0,0.0
17862,11,0.4,0.5333333333333333,0.5087403079104241,0.18181818181818182,0.4,0.3,0.41818181818181815,0.4085359184257955,0.2727272727272727,0.3
3887,5,0.0,0.0,0.0,0.0,0.0,0.0,0.0,0.0,0.0,0.0
20708,5,0.2,0.13333333333333333,0.14606834984270645,0.2,0.2,0.2,0.175,0.14606834984270645,0.2,0.1
4391,11,0.2,0.19999999999999998,0.16958010263680803,0.09090909090909091,0.2,0.1,0.14545454545454548,0.11004588314904007,0.09090909090909091,0.1
16126,1,0.0,0.0,0.0,0.0,0.0,0.0,0.0,0.0,0.0,0.0
15174,3,0.0,0.0,0.0,0.0,0.0,0.0,0.0,0.0,0.0,0.0
12324,4,0.0,0.0,0.0,0.0,0.0,0.0,0.0,0.0,0.0,0.0
15133,2,0.5,0.5555555555555556,0.6131471927654584,0.5,0.2,1.0,0.5263157894736842,0.6131471927654584,1.0,0.2
5783,7,0.4,0.4666666666666666,0.48522855511632257,0.2857142857142857,0.4,0.2857142857142857,0.346938775510204,0.3932591258696538,0.2857142857142857,0.2
9494,4,0.0,0.0,0.0,0.0,0.0,0.0,0.0,0.0,0.0,0.0
5991,2,0.0,0.0,0.0,0.0,0.0,0.0,0.0,0.0,0.0,0.0
9357,2,0.0,0.0,0.0,0.0,0.0,0.0,0.0,0.0,0.0,0.0
14817,6,0.0,0.0,0.0,0.0,0.0,0.0,0.0,0.0,0.0,0.0
10437,3,0.3333333333333333,0.0,0.0,0.3333333333333333,0.2,0.3333333333333333,0.0,0.0,0.3333333333333333,0.1
11012,9,0.2,0.13333333333333333,0.14606834984270645,0.1111111111111111,0.2,0.1111111111111111,0.12962962962962962,0.10122860821230019,0.1111111111111111,0.1
15665,3,0.3333333333333333,0.0,0.0,0.3333333333333333,0.2,0.3333333333333333,0.0,0.0,0.3333333333333333,0.1
7905,14,0.6,0.7999999999999999,0.7227265726449518,0.21428571428571427,0.6,0.4,0.5636363636363636,0.5423640154200349,0.2857142857142857,0.4
344,1,0.0,0.0,0.0,0.0,0.0,0.0,0.0,0.0,0.0,0.0
12780,11,0.4,0.4666666666666666,0.48522855511632257,0.18181818181818182,0.4,0.2,0.3090909090909091,0.31488013066763093,0.18181818181818182,0.2
10430,14,0.2,0.3333333333333333,0.33916020527361607,0.07142857142857142,0.2,0.2,0.23636363636363636,0.2895229882348574,0.14285714285714285,0.2
18247,1,0.0,0.0,0.0,0.0,0.0,0.0,0.0,0.0,0.0,0.0
6914,4,0.0,0.0,0.0,0.0,0.0,0.0,0.0,0.0,0.0,0.0
7907,8,0.0,0.0,0.0,0.0,0.0,0.0,0.0,0.0,0.0,0.0
14124,22,0.8,0.9333333333333332,0.8687949224876582,0.18181818181818182,0.8,0.5,0.7090909090909091,0.6421867266689009,0.22727272727272727,0.5
2519,5,0.4,0.4666666666666666,0.38356636737133554,0.4,0.4,0.4,0.42500000000000004,0.38356636737133554,0.4,0.2
19089,7,0.0,0.0,0.0,0.0,0.0,0.0,0.0,0.0,0.0,0.0
9756,12,0.4,0.4000000000000001,0.3600546145772339,0.16666666666666666,0.4,0.4,0.4,0.3756698654207322,0.3333333333333333,0.4
1481,5,0.0,0.0,0.0,0.0,0.0,0.0,0.0,0.0,0.0,0.0
15090,1,0.0,0.0,0.0,0.0,0.0,0.0,0.0,0.0,0.0,0.0
3826,1,0.0,0.0,0.0,0.0,0.0,0.0,0.0,0.0,0.0,0.0
4638,1,0.0,0.0,0.0,0.0,0.0,0.0,0.0,0.0,0.0,0.0
11342,3,0.3333333333333333,0.4166666666666667,0.46927872602275644,0.3333333333333333,0.2,0.3333333333333333,0.37037037037037035,0.46927872602275644,0.3333333333333333,0.1
2243,7,0.8,0.9333333333333332,0.8687949224876582,0.5714285714285714,0.8,0.7142857142857143,0.6938775510204082,0.7041249493150387,0.7142857142857143,0.5
3333,1,0.0,0.0,0.0,0.0,0.0,0.0,0.0,0.0,0.0,0.0
6096,2,0.0,0.0,0.0,0.0,0.0,0.0,0.0,0.0,0.0,0.0
8961,21,0.8,0.9333333333333332,0.8687949224876582,0.19047619047619047,0.8,0.5,0.6727272727272727,0.6332196796270029,0.23809523809523808,0.5
20702,2,1.0,0.5555555555555556,0.6131471927654584,1.0,0.4,1.0,0.5263157894736842,0.6131471927654584,1.0,0.2
5722,12,0.6,0.6,0.529634717214042,0.25,0.6,0.6,0.6363636363636364,0.5617131059245698,0.5,0.6
223,10,0.2,0.06666666666666665,0.13120507751234176,0.1,0.2,0.2,0.12727272727272726,0.14876390584057267,0.2,0.2
19053,2,0.0,0.0,0.0,0.0,0.0,0.0,0.0,0.0,0.0,0.0
4033,4,0.0,0.0,0.0,0.0,0.0,0.0,0.0,0.0,0.0,0.0
8843,6,0.2,0.19999999999999998,0.16958010263680803,0.16666666666666666,0.2,0.16666666666666666,0.17777777777777778,0.15130120674940672,0.16666666666666666,0.1
22385,3,0.3333333333333333,0.0,0.0,0.3333333333333333,0.2,0.3333333333333333,0.0,0.0,0.3333333333333333,0.1
15462,16,1.0,1.0,1.0,0.3125,1.0,0.9,0.9090909090909091,0.9216017310213247,0.5625,0.9
1800,1,0.0,0.0,0.0,0.0,0.0,0.0,0.0,0.0,0.0,0.0
11830,10,0.6,0.7333333333333334,0.6992148198508501,0.3,0.6,0.5,0.6363636363636362,0.6055047656192208,0.5,0.5
11052,17,0.2,0.26666666666666666,0.2139862647345275,0.058823529411764705,0.2,0.3,0.2545454545454545,0.2758471541718662,0.17647058823529413,0.3
17550,4,0.25,0.0,0.0,0.25,0.2,0.25,0.0,0.0,0.25,0.1
7688,8,0.4,0.4666666666666666,0.48522855511632257,0.25,0.4,0.375,0.4230769230769231,0.4519792040377808,0.375,0.3
18220,9,0.0,0.0,0.0,0.0,0.0,0.0,0.0,0.0,0.0,0.0
3230,3,0.0,0.0,0.0,0.0,0.0,0.0,0.0,0.0,0.0,0.0
6362,1,0.0,0.0,0.0,0.0,0.0,0.0,0.0,0.0,0.0,0.0
5791,12,0.4,0.6,0.5531464700081437,0.16666666666666666,0.4,0.3,0.4,0.4283854321084119,0.25,0.3
6334,13,0.2,0.13333333333333333,0.14606834984270645,0.07692307692307693,0.2,0.3,0.21818181818181823,0.23177307466786254,0.23076923076923078,0.3
9297,4,0.25,0.2142857142857143,0.19519002499605081,0.25,0.2,0.25,0.23529411764705882,0.19519002499605081,0.25,0.1
17237,4,0.0,0.0,0.0,0.0,0.0,0.0,0.0,0.0,0.0,0.0
11468,3,0.0,0.0,0.0,0.0,0.0,0.0,0.0,0.0,0.0,0.0
12103,7,0.0,0.0,0.0,0.0,0.0,0.0,0.0,0.0,0.0,0.0
7354,3,0.0,0.0,0.0,0.0,0.0,0.0,0.0,0.0,0.0,0.0
13679,24,0.4,0.39999999999999997,0.4703652827859578,0.08333333333333333,0.4,0.6,0.5454545454545454,0.5926825204089028,0.25,0.6
21479,3,0.0,0.0,0.0,0.0,0.0,0.0,0.0,0.0,0.0,0.0
15918,1,0.0,0.0,0.0,0.0,0.0,0.0,0.0,0.0,0.0,0.0
15314,28,0.2,0.3333333333333333,0.33916020527361607,0.03571428571428571,0.2,0.2,0.2545454545454545,0.29345568839744024,0.07142857142857142,0.2
2193,5,0.0,0.0,0.0,0.0,0.0,0.0,0.0,0.0,0.0,0.0
18717,10,0.0,0.0,0.0,0.0,0.0,0.1,0.09090909090909091,0.07839826897867533,0.1,0.1
10522,5,0.2,0.26666666666666666,0.2139862647345275,0.2,0.2,0.2,0.225,0.2139862647345275,0.2,0.1
2865,3,0.0,0.0,0.0,0.0,0.0,0.0,0.0,0.0,0.0,0.0
1822,2,0.0,0.0,0.0,0.0,0.0,0.0,0.0,0.0,0.0,0.0
5976,3,0.0,0.0,0.0,0.0,0.0,0.0,0.0,0.0,0.0,0.0
9619,7,0.2,0.3333333333333333,0.33916020527361607,0.14285714285714285,0.2,0.2857142857142857,0.2040816326530612,0.27487633291429087,0.2857142857142857,0.2
17388,1,0.0,0.0,0.0,0.0,0.0,0.0,0.0,0.0,0.0,0.0
13105,4,0.5,0.5,0.4414924137367807,0.5,0.4,0.5,0.5,0.4414924137367807,0.5,0.2
18942,27,0.6,0.7999999999999999,0.7227265726449518,0.1111111111111111,0.6,0.4,0.5818181818181819,0.5473983622993501,0.14814814814814814,0.4
17057,4,0.0,0.0,0.0,0.0,0.0,0.0,0.0,0.0,0.0,0.0
4230,2,0.0,0.0,0.0,0.0,0.0,0.0,0.0,0.0,0.0,0.0
4526,4,0.0,0.0,0.0,0.0,0.0,0.25,0.0,0.0,0.25,0.1
7153,6,0.0,0.0,0.0,0.0,0.0,0.0,0.0,0.0,0.0,0.0
12143,20,0.8,0.8000000000000002,0.8304198973631919,0.2,0.8,0.8,0.8363636363636363,0.8263333286520081,0.4,0.8
3716,7,0.4,0.26666666666666666,0.3007851801491498,0.2857142857142857,0.4,0.42857142857142855,0.2857142857142857,0.24377484748737527,0.42857142857142855,0.3
17478,5,0.0,0.0,0.0,0.0,0.0,0.2,0.0,0.0,0.2,0.1
9237,7,1.0,1.0,1.0,0.7142857142857143,1.0,0.7142857142857143,0.8163265306122448,0.8104616303452686,0.7142857142857143,0.5
14181,1,0.0,0.0,0.0,0.0,0.0,0.0,0.0,0.0,0.0,0.0
3050,11,0.2,0.06666666666666665,0.13120507751234176,0.09090909090909091,0.2,0.2,0.2,0.1635413866202963,0.18181818181818182,0.2
9589,16,0.6,0.6,0.529634717214042,0.1875,0.6,0.3,0.43636363636363645,0.34369669139214537,0.1875,0.3
5117,2,0.0,0.0,0.0,0.0,0.0,0.0,0.0,0.0,0.0,0.0
7227,5,0.0,0.0,0.0,0.0,0.0,0.0,0.0,0.0,0.0,0.0
14065,23,0.8,0.8000000000000002,0.8304198973631919,0.17391304347826086,0.8,0.7,0.7272727272727272,0.7453016244178955,0.30434782608695654,0.7
7257,5,0.4,0.4666666666666666,0.38356636737133554,0.4,0.4,0.4,0.42500000000000004,0.38356636737133554,0.4,0.2
18993,27,0.4,0.6,0.5531464700081437,0.07407407407407407,0.4,0.4,0.509090909090909,0.5107164012496701,0.14814814814814814,0.4
18308,1,0.0,0.0,0.0,0.0,0.0,0.0,0.0,0.0,0.0,0.0
13723,1,0.0,0.0,0.0,0.0,0.0,0.0,0.0,0.0,0.0,0.0
8813,2,0.0,0.0,0.0,0.0,0.0,0.0,0.0,0.0,0.0,0.0
19600,3,0.0,0.0,0.0,0.0,0.0,0.0,0.0,0.0,0.0,0.0
9370,2,0.0,0.0,0.0,0.0,0.0,0.0,0.0,0.0,0.0,0.0
9055,12,0.6,0.5333333333333333,0.5147714448836773,0.25,0.6,0.6,0.5636363636363636,0.5423247252962317,0.5,0.6
15425,3,0.0,0.0,0.0,0.0,0.0,0.0,0.0,0.0,0.0,0.0
531,4,0.25,0.35714285714285715,0.39038004999210163,0.25,0.2,0.25,0.2941176470588235,0.39038004999210163,0.25,0.1
4966,1,0.0,0.0,0.0,0.0,0.0,0.0,0.0,0.0,0.0,0.0
12613,4,0.5,0.14285714285714288,0.16812753627111746,0.5,0.4,0.5,0.20588235294117643,0.16812753627111746,0.5,0.2
12472,6,0.0,0.0,0.0,0.0,0.0,0.0,0.0,0.0,0.0,0.0
20143,23,0.4,0.39999999999999997,0.4703652827859578,0.08695652173913043,0.4,0.4,0.34545454545454546,0.4351098955930418,0.17391304347826086,0.4
13495,2,0.0,0.0,0.0,0.0,0.0,0.0,0.0,0.0,0.0,0.0
7356,11,0.6,0.6,0.6399453854227659,0.2727272727272727,0.6,0.3,0.43636363636363634,0.4152807670887412,0.2727272727272727,0.3
2732,15,0.8,0.7333333333333334,0.7860137352654724,0.26666666666666666,0.8,0.8,0.7636363636363637,0.7877736340270853,0.5333333333333333,0.8
740,1,0.0,0.0,0.0,0.0,0.0,0.0,0.0,0.0,0.0,0.0
6421,12,0.6,0.39999999999999997,0.4468535299918562,0.25,0.6,0.3,0.38181818181818183,0.28997736516021183,0.25,0.3
20713,4,0.0,0.0,0.0,0.0,0.0,0.5,0.0,0.0,0.5,0.2
9851,3,0.0,0.0,0.0,0.0,0.0,0.0,0.0,0.0,0.0,0.0
1547,13,0.4,0.3333333333333333,0.31564845247951445,0.15384615384615385,0.4,0.3,0.36363636363636365,0.28323251649726616,0.23076923076923078,0.3
19208,9,0.6,0.5333333333333333,0.6164336326286642,0.3333333333333333,0.6,0.5555555555555556,0.574074074074074,0.5850757175300323,0.5555555555555556,0.5
19091,1,1.0,0.0,0.0,1.0,0.2,1.0,0.0,0.0,1.0,0.1
20590,11,0.8,0.9333333333333332,0.8687949224876582,0.36363636363636365,0.8,0.5,0.6727272727272727,0.6332196796270029,0.45454545454545453,0.5
13852,7,0.4,0.39999999999999997,0.4703652827859578,0.2857142857142857,0.4,0.2857142857142857,0.32653061224489793,0.3812130139445206,0.2857142857142857,0.2
19425,2,0.0,0.0,0.0,0.0,0.0,0.0,0.0,0.0,0.0,0.0
7434,2,0.0,0.0,0.0,0.0,0.0,0.0,0.0,0.0,0.0,0.0
14646,4,0.25,0.35714285714285715,0.39038004999210163,0.25,0.2,0.25,0.2941176470588235,0.39038004999210163,0.25,0.1
18698,21,0.2,0.26666666666666666,0.2139862647345275,0.047619047619047616,0.2,0.2,0.21818181818181823,0.20829366581033176,0.09523809523809523,0.2
7995,1,0.0,0.0,0.0,0.0,0.0,0.0,0.0,0.0,0.0,0.0
14408,7,0.0,0.0,0.0,0.0,0.0,0.0,0.0,0.0,0.0,0.0
15966,18,0.2,0.19999999999999998,0.16958010263680803,0.05555555555555555,0.2,0.2,0.2,0.17947710508581735,0.1111111111111111,0.2
11668,3,0.3333333333333333,0.25,0.23463936301137822,0.3333333333333333,0.2,0.3333333333333333,0.2962962962962963,0.23463936301137822,0.3333333333333333,0.1
14049,9,0.2,0.06666666666666665,0.13120507751234176,0.1111111111111111,0.2,0.3333333333333333,0.16666666666666666,0.16507664590405338,0.3333333333333333,0.3
12079,20,0.8,0.7333333333333334,0.7860137352654724,0.2,0.8,0.8,0.8181818181818182,0.7975167679274936,0.4,0.8
21990,2,0.0,0.0,0.0,0.0,0.0,0.0,0.0,0.0,0.0,0.0
5275,1,0.0,0.0,0.0,0.0,0.0,0.0,0.0,0.0,0.0,0.0
22139,32,0.4,0.4666666666666666,0.48522855511632257,0.0625,0.4,0.6,0.5090909090909091,0.5925846332364243,0.1875,0.6
20826,2,0.0,0.0,0.0,0.0,0.0,0.0,0.0,0.0,0.0,0.0
16407,16,0.8,0.9333333333333332,0.8687949224876582,0.25,0.8,0.6,0.7636363636363637,0.7116179486056782,0.375,0.6
911,11,0.6,0.46666666666666673,0.4912596920895757,0.2727272727272727,0.6,0.4,0.43636363636363645,0.3850481493391153,0.36363636363636365,0.4
5051,27,0.4,0.26666666666666666,0.3007851801491498,0.07407407407407407,0.4,0.4,0.3818181818181818,0.33798414482679834,0.14814814814814814,0.4
1585,7,0.2,0.26666666666666666,0.2139862647345275,0.14285714285714285,0.2,0.14285714285714285,0.18367346938775508,0.17342765698823942,0.14285714285714285,0.1
21336,17,0.2,0.19999999999999998,0.16958010263680803,0.058823529411764705,0.2,0.1,0.14545454545454548,0.11004588314904007,0.058823529411764705,0.1
14070,2,0.0,0.0,0.0,0.0,0.0,0.0,0.0,0.0,0.0,0.0
20473,6,0.0,0.0,0.0,0.0,0.0,0.0,0.0,0.0,0.0,0.0
5864,15,0.8,0.8666666666666666,0.8539316501572936,0.26666666666666666,0.8,0.6,0.7272727272727273,0.6969383549984332,0.4,0.6
13147,9,0.6,0.7333333333333334,0.6992148198508501,0.3333333333333333,0.6,0.3333333333333333,0.4814814814814814,0.4845713881969347,0.3333333333333333,0.3
4569,9,0.0,0.0,0.0,0.0,0.0,0.1111111111111111,0.09259259259259259,0.08372491399919348,0.1111111111111111,0.1
9378,2,0.0,0.0,0.0,0.0,0.0,0.0,0.0,0.0,0.0,0.0
7010,2,0.0,0.0,0.0,0.0,0.0,0.0,0.0,0.0,0.0,0.0
13159,17,0.6,0.7999999999999999,0.7227265726449518,0.17647058823529413,0.6,0.3,0.49090909090909096,0.46900009332067477,0.17647058823529413,0.3
20153,4,0.25,0.28571428571428575,0.2463023887407299,0.25,0.2,0.5,0.2647058823529412,0.2463023887407299,0.5,0.2
22022,1,0.0,0.0,0.0,0.0,0.0,0.0,0.0,0.0,0.0,0.0
4963,4,0.25,0.35714285714285715,0.39038004999210163,0.25,0.2,0.5,0.2941176470588235,0.39038004999210163,0.5,0.2
11860,2,0.0,0.0,0.0,0.0,0.0,0.0,0.0,0.0,0.0,0.0
234,20,0.4,0.5333333333333333,0.5087403079104241,0.1,0.4,0.3,0.36363636363636365,0.39639187290150923,0.15,0.3
13195,10,0.0,0.0,0.0,0.0,0.0,0.2,0.16363636363636364,0.1517621910780354,0.2,0.2
20194,8,0.4,0.4666666666666666,0.38356636737133554,0.25,0.4,0.25,0.3269230769230769,0.2860604285087249,0.25,0.2
3973,8,0.6,0.7333333333333334,0.6992148198508501,0.375,0.6,0.5,0.5576923076923076,0.6012628110727576,0.5,0.4
5264,1,1.0,0.0,0.0,1.0,0.2,1.0,0.0,0.0,1.0,0.1
3836,2,0.0,0.0,0.0,0.0,0.0,0.0,0.0,0.0,0.0,0.0
12734,1,1.0,0.0,0.0,1.0,0.2,1.0,0.0,0.0,1.0,0.1
12102,12,0.6,0.7333333333333334,0.6992148198508501,0.25,0.6,0.3,0.47272727272727266,0.4537425745411855,0.25,0.3
18371,9,0.2,0.3333333333333333,0.33916020527361607,0.1111111111111111,0.2,0.2222222222222222,0.27777777777777773,0.3187704634136788,0.2222222222222222,0.2
5073,1,0.0,0.0,0.0,0.0,0.0,0.0,0.0,0.0,0.0,0.0
277,1,0.0,0.0,0.0,0.0,0.0,0.0,0.0,0.0,0.0,0.0
20136,2,0.5,0.4444444444444445,0.3868528072345415,0.5,0.2,0.5,0.4736842105263158,0.3868528072345415,0.5,0.1
3029,5,0.4,0.4666666666666666,0.48522855511632257,0.4,0.4,0.4,0.425,0.48522855511632257,0.4,0.2
1940,2,0.0,0.0,0.0,0.0,0.0,0.0,0.0,0.0,0.0,0.0
20867,1,0.0,0.0,0.0,0.0,0.0,0.0,0.0,0.0,0.0,0.0
4163,12,0.6,0.6666666666666666,0.6843515475204854,0.25,0.6,0.5,0.5636363636363636,0.5837154733670048,0.4166666666666667,0.5
4695,4,0.25,0.14285714285714288,0.16812753627111746,0.25,0.2,0.25,0.20588235294117643,0.16812753627111746,0.25,0.1
16378,1,1.0,0.0,0.0,1.0,0.2,1.0,0.0,0.0,1.0,0.1
11075,12,0.2,0.13333333333333333,0.14606834984270645,0.08333333333333333,0.2,0.1,0.12727272727272726,0.09478836436955078,0.08333333333333333,0.1
9639,10,0.6,0.7999999999999999,0.7227265726449518,0.3,0.6,0.3,0.49090909090909096,0.46900009332067477,0.3,0.3
16838,25,0.4,0.6,0.5531464700081437,0.08,0.4,0.4,0.47272727272727266,0.5036067026046991,0.16,0.4
2501,6,0.2,0.19999999999999998,0.16958010263680803,0.16666666666666666,0.2,0.16666666666666666,0.17777777777777778,0.15130120674940672,0.16666666666666666,0.1
20244,8,0.2,0.3333333333333333,0.33916020527361607,0.125,0.2,0.25,0.28846153846153844,0.34304271142002485,0.25,0.2
3368,1,1.0,0.0,0.0,1.0,0.2,1.0,0.0,0.0,1.0,0.1
4002,13,0.2,0.26666666666666666,0.2139862647345275,0.07692307692307693,0.2,0.3,0.3090909090909091,0.28669193478900706,0.23076923076923078,0.3
2601,11,0.2,0.3333333333333333,0.33916020527361607,0.09090909090909091,0.2,0.2,0.23636363636363636,0.2895229882348574,0.18181818181818182,0.2
6465,18,0.6,0.6,0.529634717214042,0.16666666666666666,0.6,0.5,0.5454545454545454,0.4833148369458945,0.2777777777777778,0.5
11459,3,0.0,0.0,0.0,0.0,0.0,0.0,0.0,0.0,0.0,0.0
15688,6,0.4,0.5333333333333333,0.5087403079104241,0.3333333333333333,0.4,0.5,0.4,0.4539036202482201,0.5,0.3
8360,1,0.0,0.0,0.0,0.0,0.0,0.0,0.0,0.0,0.0,0.0
12171,7,0.6,0.7333333333333334,0.6992148198508501,0.42857142857142855,0.6,0.42857142857142855,0.5306122448979591,0.5666867828578932,0.42857142857142855,0.3
9750,1,0.0,0.0,0.0,0.0,0.0,0.0,0.0,0.0,0.0,0.0
3360,10,0.6,0.5333333333333333,0.5147714448836773,0.3,0.6,0.3,0.4181818181818182,0.3340514446642156,0.3,0.3
21401,3,0.0,0.0,0.0,0.0,0.0,0.0,0.0,0.0,0.0,0.0
21831,1,1.0,1.0,1.0,1.0,0.2,1.0,1.0,1.0,1.0,0.1
5021,13,0.4,0.5333333333333333,0.5087403079104241,0.15384615384615385,0.4,0.2,0.32727272727272727,0.3301376494471202,0.15384615384615385,0.2
7473,10,0.2,0.13333333333333333,0.14606834984270645,0.1,0.2,0.1,0.12727272727272726,0.09478836436955078,0.1,0.1
2113,3,0.0,0.0,0.0,0.0,0.0,0.0,0.0,0.0,0.0,0.0
19697,5,0.6,0.7999999999999999,0.7227265726449518,0.6,0.6,0.6,0.675,0.7227265726449518,0.6,0.3
4232,1,0.0,0.0,0.0,0.0,0.0,0.0,0.0,0.0,0.0,0.0
19437,8,0.2,0.19999999999999998,0.16958010263680803,0.125,0.2,0.25,0.15384615384615385,0.12647135138382856,0.25,0.2
15036,4,0.25,0.28571428571428575,0.2463023887407299,0.25,0.2,0.25,0.2647058823529412,0.2463023887407299,0.25,0.1
39,5,0.8,0.8666666666666666,0.8539316501572936,0.8,0.8,0.8,0.8250000000000001,0.8539316501572936,0.8,0.4
248,4,0.25,0.28571428571428575,0.2463023887407299,0.25,0.2,0.25,0.2647058823529412,0.2463023887407299,0.25,0.1
22267,1,0.0,0.0,0.0,0.0,0.0,0.0,0.0,0.0,0.0,0.0
22304,2,1.0,0.4444444444444445,0.3868528072345415,1.0,0.4,1.0,0.4736842105263158,0.3868528072345415,1.0,0.2
18790,21,0.6,0.7333333333333334,0.6992148198508501,0.14285714285714285,0.6,0.4,0.5454545454545454,0.5271064966405455,0.19047619047619047,0.4
3674,5,0.0,0.0,0.0,0.0,0.0,0.0,0.0,0.0,0.0,0.0
5618,33,0.8,0.8666666666666666,0.8539316501572936,0.12121212121212122,0.8,0.6,0.7636363636363637,0.7059054020403311,0.18181818181818182,0.6
16954,4,0.25,0.0,0.0,0.25,0.2,0.25,0.0,0.0,0.25,0.1
17442,15,0.4,0.6,0.5531464700081437,0.13333333333333333,0.4,0.2,0.34545454545454546,0.3589542101716347,0.13333333333333333,0.2
315,6,0.6,0.6,0.529634717214042,0.5,0.6,0.5,0.5333333333333334,0.472545838838712,0.5,0.3
12823,15,0.8,0.7333333333333334,0.7860137352654724,0.26666666666666666,0.8,0.6,0.7090909090909091,0.6578986223737445,0.4,0.6
13366,4,0.25,0.28571428571428575,0.2463023887407299,0.25,0.2,0.25,0.2647058823529412,0.2463023887407299,0.25,0.1
11436,14,0.2,0.3333333333333333,0.33916020527361607,0.07142857142857142,0.2,0.2,0.2727272727272727,0.2984900352767555,0.14285714285714285,0.2
4620,10,0.6,0.7999999999999999,0.7227265726449518,0.3,0.6,0.6,0.6727272727272727,0.6830838076905164,0.6,0.6
1971,19,0.6,0.7333333333333334,0.6992148198508501,0.15789473684210525,0.6,0.4,0.49090909090909085,0.5173633627401372,0.21052631578947367,0.4
7042,3,0.6666666666666666,0.33333333333333337,0.29608191096586517,0.6666666666666666,0.4,0.6666666666666666,0.3333333333333333,0.29608191096586517,0.6666666666666666,0.2
12274,11,0.2,0.3333333333333333,0.33916020527361607,0.09090909090909091,0.2,0.1,0.18181818181818182,0.22009176629808014,0.09090909090909091,0.1
16999,13,0.2,0.19999999999999998,0.16958010263680803,0.07692307692307693,0.2,0.2,0.18181818181818182,0.1763001066034291,0.15384615384615385,0.2
530,18,0.4,0.5333333333333333,0.5087403079104241,0.1111111111111111,0.4,0.3,0.4,0.40350157154648025,0.16666666666666666,0.3
6870,4,0.0,0.0,0.0,0.0,0.0,0.0,0.0,0.0,0.0,0.0
3205,11,0.6,0.6666666666666666,0.6548086577531306,0.2727272727272727,0.6,0.5,0.5818181818181819,0.5695785062497354,0.45454545454545453,0.5
4895,8,0.2,0.3333333333333333,0.33916020527361607,0.125,0.2,0.125,0.1923076923076923,0.2529427027676571,0.125,0.1
18229,1,0.0,0.0,0.0,0.0,0.0,0.0,0.0,0.0,0.0,0.0
2699,4,0.0,0.0,0.0,0.0,0.0,0.0,0.0,0.0,0.0,0.0
4746,24,0.4,0.4666666666666666,0.48522855511632257,0.08333333333333333,0.4,0.3,0.3272727272727272,0.3785009188665826,0.125,0.3
18894,1,0.0,0.0,0.0,0.0,0.0,0.0,0.0,0.0,0.0,0.0
22265,2,0.0,0.0,0.0,0.0,0.0,0.5,0.0,0.0,0.5,0.1
13981,9,0.2,0.26666666666666666,0.2139862647345275,0.1111111111111111,0.2,0.2222222222222222,0.24074074074074073,0.22664574704164417,0.2222222222222222,0.2
7190,6,0.0,0.0,0.0,0.0,0.0,0.0,0.0,0.0,0.0,0.0
14281,3,0.0,0.0,0.0,0.0,0.0,0.0,0.0,0.0,0.0,0.0
7002,5,0.0,0.0,0.0,0.0,0.0,0.0,0.0,0.0,0.0,0.0
5099,7,0.6,0.7999999999999999,0.7227265726449518,0.42857142857142855,0.6,0.42857142857142855,0.5510204081632653,0.5857421563596757,0.42857142857142855,0.3
3059,19,0.4,0.6,0.5531464700081437,0.10526315789473684,0.4,0.3,0.41818181818181815,0.43231813227099475,0.15789473684210525,0.3
3285,7,0.4,0.4666666666666666,0.48522855511632257,0.2857142857142857,0.4,0.2857142857142857,0.346938775510204,0.3932591258696538,0.2857142857142857,0.2
15369,26,0.8,0.8000000000000002,0.8304198973631919,0.15384615384615385,0.8,0.6,0.7272727272727273,0.6867151830982591,0.23076923076923078,0.6
13096,1,0.0,0.0,0.0,0.0,0.0,0.0,0.0,0.0,0.0,0.0
17247,5,0.2,0.26666666666666666,0.2139862647345275,0.2,0.2,0.2,0.225,0.2139862647345275,0.2,0.1
8346,9,0.4,0.19999999999999998,0.2772734273550482,0.2222222222222222,0.4,0.3333333333333333,0.27777777777777773,0.26291239955235957,0.3333333333333333,0.3
12437,23,0.2,0.26666666666666666,0.2139862647345275,0.043478260869565216,0.2,0.2,0.21818181818181823,0.20829366581033176,0.08695652173913043,0.2
13414,14,0.2,0.13333333333333333,0.14606834984270645,0.07142857142857142,0.2,0.4,0.29090909090909095,0.306238643483955,0.2857142857142857,0.4
22193,3,0.6666666666666666,0.4166666666666667,0.46927872602275644,0.6666666666666666,0.4,0.6666666666666666,0.37037037037037035,0.46927872602275644,0.6666666666666666,0.2
3069,11,0.2,0.06666666666666665,0.13120507751234176,0.09090909090909091,0.2,0.2,0.12727272727272726,0.14876390584057267,0.18181818181818182,0.2
2261,2,0.5,0.5555555555555556,0.6131471927654584,0.5,0.2,0.5,0.5263157894736842,0.6131471927654584,0.5,0.1
11165,6,0.2,0.13333333333333333,0.14606834984270645,0.16666666666666666,0.2,0.3333333333333333,0.15555555555555556,0.13032376591037065,0.3333333333333333,0.2
21973,2,0.0,0.0,0.0,0.0,0.0,0.0,0.0,0.0,0.0,0.0
12446,1,0.0,0.0,0.0,0.0,0.0,0.0,0.0,0.0,0.0,0.0
17836,2,0.0,0.0,0.0,0.0,0.0,0.0,0.0,0.0,0.0,0.0
7090,12,0.4,0.6,0.5531464700081437,0.16666666666666666,0.4,0.2,0.34545454545454546,0.3589542101716347,0.16666666666666666,0.2
5370,23,0.8,0.8000000000000002,0.8304198973631919,0.17391304347826086,0.8,0.5,0.6363636363636364,0.6083169141195838,0.21739130434782608,0.5
8338,1,0.0,0.0,0.0,0.0,0.0,0.0,0.0,0.0,0.0,0.0
20551,16,0.4,0.6,0.5531464700081437,0.125,0.4,0.3,0.4,0.4283854321084119,0.1875,0.3
7731,20,0.8,0.8666666666666666,0.8539316501572936,0.2,0.8,0.6,0.6545454545454545,0.6840182226156366,0.3,0.6
8478,1,1.0,1.0,1.0,1.0,0.2,1.0,1.0,1.0,1.0,0.1
13617,9,0.2,0.26666666666666666,0.2139862647345275,0.1111111111111111,0.2,0.2222222222222222,0.24074074074074073,0.22664574704164417,0.2222222222222222,0.2
16879,5,0.2,0.26666666666666666,0.2139862647345275,0.2,0.2,0.2,0.225,0.2139862647345275,0.2,0.1
12236,20,0.8,0.9333333333333332,0.8687949224876582,0.2,0.8,0.5,0.6727272727272727,0.6332196796270029,0.25,0.5
16231,1,0.0,0.0,0.0,0.0,0.0,0.0,0.0,0.0,0.0,0.0
16035,4,0.25,0.35714285714285715,0.39038004999210163,0.25,0.2,0.25,0.2941176470588235,0.39038004999210163,0.25,0.1
11242,11,0.0,0.0,0.0,0.0,0.0,0.1,0.018181818181818177,0.0636207881989517,0.09090909090909091,0.1
3992,4,0.5,0.35714285714285715,0.39038004999210163,0.5,0.4,0.5,0.2941176470588235,0.39038004999210163,0.5,0.2
444,15,0.4,0.26666666666666666,0.3007851801491498,0.13333333333333333,0.4,0.4,0.309090909090909,0.3250640124440018,0.26666666666666666,0.4
11025,1,0.0,0.0,0.0,0.0,0.0,0.0,0.0,0.0,0.0,0.0
18189,3,0.0,0.0,0.0,0.0,0.0,0.0,0.0,0.0,0.0,0.0
3874,11,0.4,0.4666666666666666,0.48522855511632257,0.18181818181818182,0.4,0.4,0.38181818181818183,0.44793214080335986,0.36363636363636365,0.4
8857,6,0.0,0.0,0.0,0.0,0.0,0.0,0.0,0.0,0.0,0.0
9475,20,0.0,0.0,0.0,0.0,0.0,0.0,0.0,0.0,0.0,0.0
19508,5,0.0,0.0,0.0,0.0,0.0,0.0,0.0,0.0,0.0,0.0
2040,2,0.0,0.0,0.0,0.0,0.0,0.0,0.0,0.0,0.0,0.0
7110,16,0.8,0.7333333333333334,0.7860137352654724,0.25,0.8,0.5,0.6,0.576323354912681,0.3125,0.5
16997,2,0.5,0.0,0.0,0.5,0.2,0.5,0.0,0.0,0.5,0.1
5286,4,0.0,0.0,0.0,0.0,0.0,0.0,0.0,0.0,0.0,0.0
11098,21,0.4,0.4666666666666666,0.38356636737133554,0.09523809523809523,0.4,0.4,0.4181818181818182,0.39092738420022155,0.19047619047619047,0.4
4834,8,0.0,0.0,0.0,0.0,0.0,0.0,0.0,0.0,0.0,0.0
10712,13,0.2,0.3333333333333333,0.33916020527361607,0.07692307692307693,0.2,0.1,0.18181818181818182,0.22009176629808014,0.07692307692307693,0.1
16299,15,0.2,0.13333333333333333,0.14606834984270645,0.06666666666666667,0.2,0.4,0.2727272727272727,0.30120429660463977,0.26666666666666666,0.4
7760,1,0.0,0.0,0.0,0.0,0.0,0.0,0.0,0.0,0.0,0.0
20934,4,0.0,0.0,0.0,0.0,0.0,0.0,0.0,0.0,0.0,0.0
10379,1,0.0,0.0,0.0,0.0,0.0,0.0,0.0,0.0,0.0,0.0
21409,2,0.0,0.0,0.0,0.0,0.0,0.0,0.0,0.0,0.0,0.0
21997,2,0.0,0.0,0.0,0.0,0.0,0.0,0.0,0.0,0.0,0.0
1489,5,0.0,0.0,0.0,0.0,0.0,0.2,0.0,0.0,0.2,0.1
1845,4,0.25,0.35714285714285715,0.39038004999210163,0.25,0.2,0.25,0.2941176470588235,0.39038004999210163,0.25,0.1
17981,11,0.4,0.39999999999999997,0.4703652827859578,0.18181818181818182,0.4,0.4,0.45454545454545453,0.45699707501773645,0.36363636363636365,0.4
22003,5,0.4,0.5333333333333333,0.5087403079104241,0.4,0.4,0.6,0.45,0.5087403079104241,0.6,0.3
21497,12,0.0,0.0,0.0,0.0,0.0,0.1,0.05454545454545456,0.06943122193677725,0.08333333333333333,0.1
11059,1,0.0,0.0,0.0,0.0,0.0,0.0,0.0,0.0,0.0,0.0
17779,1,0.0,0.0,0.0,0.0,0.0,0.0,0.0,0.0,0.0,0.0
2305,5,0.2,0.19999999999999998,0.16958010263680803,0.2,0.2,0.2,0.2,0.16958010263680803,0.2,0.1
20652,24,0.0,0.0,0.0,0.0,0.0,0.1,0.018181818181818177,0.0636207881989517,0.041666666666666664,0.1
12124,2,1.0,0.5555555555555556,0.6131471927654584,1.0,0.4,1.0,0.5263157894736842,0.6131471927654584,1.0,0.2
18854,3,0.0,0.0,0.0,0.0,0.0,0.0,0.0,0.0,0.0,0.0
10304,12,0.2,0.19999999999999998,0.16958010263680803,0.08333333333333333,0.2,0.1,0.14545454545454548,0.11004588314904007,0.08333333333333333,0.1
4776,4,0.0,0.0,0.0,0.0,0.0,0.0,0.0,0.0,0.0,0.0
1641,1,1.0,1.0,1.0,1.0,0.2,1.0,1.0,1.0,1.0,0.1
12589,5,0.8,0.7333333333333334,0.7860137352654724,0.8,0.8,1.0,0.775,0.7860137352654724,1.0,0.5
8820,1,0.0,0.0,0.0,0.0,0.0,0.0,0.0,0.0,0.0,0.0
17467,7,0.4,0.4666666666666666,0.38356636737133554,0.2857142857142857,0.4,0.2857142857142857,0.3469387755102041,0.3108658234453848,0.2857142857142857,0.2
8750,1,0.0,0.0,0.0,0.0,0.0,0.0,0.0,0.0,0.0,0.0
3437,23,0.2,0.13333333333333333,0.14606834984270645,0.043478260869565216,0.2,0.2,0.18181818181818182,0.16421958630632802,0.08695652173913043,0.2
18898,7,0.0,0.0,0.0,0.0,0.0,0.14285714285714285,0.0,0.0,0.14285714285714285,0.1
7425,1,0.0,0.0,0.0,0.0,0.0,0.0,0.0,0.0,0.0,0.0
13343,4,0.5,0.28571428571428575,0.2463023887407299,0.5,0.4,0.5,0.2647058823529412,0.2463023887407299,0.5,0.2
16174,3,0.6666666666666666,0.4166666666666667,0.46927872602275644,0.6666666666666666,0.4,0.6666666666666666,0.37037037037037035,0.46927872602275644,0.6666666666666666,0.2
15618,9,0.6,0.46666666666666673,0.4912596920895757,0.3333333333333333,0.6,0.4444444444444444,0.4444444444444445,0.4112096301225087,0.4444444444444444,0.4
9928,5,0.0,0.0,0.0,0.0,0.0,0.0,0.0,0.0,0.0,0.0
3062,1,0.0,0.0,0.0,0.0,0.0,0.0,0.0,0.0,0.0,0.0
21855,1,0.0,0.0,0.0,0.0,0.0,0.0,0.0,0.0,0.0,0.0
7981,9,0.2,0.13333333333333333,0.14606834984270645,0.1111111111111111,0.2,0.2222222222222222,0.16666666666666663,0.17198436893338082,0.2222222222222222,0.2
8032,1,0.0,0.0,0.0,0.0,0.0,0.0,0.0,0.0,0.0,0.0
22066,2,0.0,0.0,0.0,0.0,0.0,0.0,0.0,0.0,0.0,0.0
20282,4,0.0,0.0,0.0,0.0,0.0,0.0,0.0,0.0,0.0,0.0
13456,10,0.6,0.7999999999999999,0.7227265726449518,0.3,0.6,0.4,0.5090909090909091,0.5326208815196265,0.4,0.4
3532,1,0.0,0.0,0.0,0.0,0.0,0.0,0.0,0.0,0.0,0.0
16558,8,0.0,0.0,0.0,0.0,0.0,0.0,0.0,0.0,0.0,0.0
11586,20,0.8,0.6666666666666666,0.6608397947263838,0.2,0.8,0.8,0.7818181818181817,0.7136540102475307,0.4,0.8
21392,3,0.0,0.0,0.0,0.0,0.0,0.0,0.0,0.0,0.0,0.0
13515,8,0.6,0.46666666666666673,0.4912596920895757,0.375,0.6,0.625,0.5769230769230769,0.5362717115926284,0.625,0.5
20400,24,0.8,0.8666666666666666,0.8539316501572936,0.16666666666666666,0.8,0.5,0.6363636363636364,0.6203974344166848,0.20833333333333334,0.5
7280,2,1.0,1.0,1.0,1.0,0.4,1.0,1.0,1.0,1.0,0.2
14923,9,0.6,0.6,0.529634717214042,0.3333333333333333,0.6,0.5555555555555556,0.5555555555555555,0.5161528906822678,0.5555555555555556,0.5
17065,4,0.0,0.0,0.0,0.0,0.0,0.25,0.0,0.0,0.25,0.1
2266,23,0.4,0.3333333333333333,0.34519134224686926,0.08695652173913043,0.4,0.3,0.32727272727272727,0.29343678345195273,0.13043478260869565,0.3
21199,3,0.3333333333333333,0.4166666666666667,0.46927872602275644,0.3333333333333333,0.2,0.3333333333333333,0.37037037037037035,0.46927872602275644,0.3333333333333333,0.1
12571,5,0.4,0.3333333333333333,0.34519134224686926,0.4,0.4,0.4,0.375,0.34519134224686926,0.4,0.2
4667,27,0.6,0.6666666666666666,0.6843515475204854,0.1111111111111111,0.6,0.4,0.5454545454545454,0.522495596791931,0.14814814814814814,0.4
12609,5,0.2,0.3333333333333333,0.33916020527361607,0.2,0.2,0.4,0.25,0.33916020527361607,0.4,0.2
15390,14,0.6,0.6666666666666666,0.6548086577531306,0.21428571428571427,0.6,0.4,0.5454545454545454,0.5033242827953462,0.2857142857142857,0.4
6293,2,0.0,0.0,0.0,0.0,0.0,0.0,0.0,0.0,0.0,0.0
13385,1,0.0,0.0,0.0,0.0,0.0,0.0,0.0,0.0,0.0,0.0
17030,8,0.0,0.0,0.0,0.0,0.0,0.0,0.0,0.0,0.0,0.0
7215,8,0.4,0.3333333333333333,0.31564845247951445,0.25,0.4,0.25,0.28846153846153844,0.23540784400158446,0.25,0.2
1721,1,0.0,0.0,0.0,0.0,0.0,0.0,0.0,0.0,0.0,0.0
19306,3,0.0,0.0,0.0,0.0,0.0,0.0,0.0,0.0,0.0,0.0
4572,22,0.2,0.26666666666666666,0.2139862647345275,0.045454545454545456,0.2,0.3,0.2545454545454545,0.2758471541718662,0.13636363636363635,0.3
2328,31,0.6,0.5333333333333333,0.5147714448836773,0.0967741935483871,0.6,0.3,0.4181818181818182,0.3340514446642156,0.0967741935483871,0.3
9462,10,0.2,0.3333333333333333,0.33916020527361607,0.1,0.2,0.2,0.2,0.2837125544970318,0.2,0.2
18575,32,0.0,0.0,0.0,0.0,0.0,0.4,0.2,0.2777045025687933,0.125,0.4
416,21,0.6,0.7999999999999999,0.7227265726449518,0.14285714285714285,0.6,0.5,0.6363636363636364,0.6168295842361273,0.23809523809523808,0.5
18314,4,0.0,0.0,0.0,0.0,0.0,0.0,0.0,0.0,0.0,0.0
19559,7,0.2,0.26666666666666666,0.2139862647345275,0.14285714285714285,0.2,0.2857142857142857,0.2857142857142857,0.27134058233820724,0.2857142857142857,0.2
2109,6,0.4,0.6,0.5531464700081437,0.3333333333333333,0.4,0.3333333333333333,0.4222222222222222,0.4935232796777481,0.3333333333333333,0.2
1292,26,0.6,0.6666666666666666,0.6548086577531306,0.11538461538461539,0.6,0.6,0.6181818181818183,0.6339753813071973,0.23076923076923078,0.6
6026,7,0.0,0.0,0.0,0.0,0.0,0.14285714285714285,0.0,0.0,0.14285714285714285,0.1
12308,11,0.2,0.3333333333333333,0.33916020527361607,0.09090909090909091,0.2,0.1,0.18181818181818182,0.22009176629808014,0.09090909090909091,0.1
6570,3,0.3333333333333333,0.4166666666666667,0.46927872602275644,0.3333333333333333,0.2,0.3333333333333333,0.37037037037037035,0.46927872602275644,0.3333333333333333,0.1
3851,1,0.0,0.0,0.0,0.0,0.0,0.0,0.0,0.0,0.0,0.0
11420,24,0.8,0.9333333333333332,0.8687949224876582,0.16666666666666666,0.8,0.5,0.7090909090909091,0.6421867266689009,0.20833333333333334,0.5
6741,1,0.0,0.0,0.0,0.0,0.0,0.0,0.0,0.0,0.0,0.0
16120,29,0.6,0.6,0.6399453854227659,0.10344827586206896,0.6,0.4,0.49090909090909096,0.48471198902551843,0.13793103448275862,0.4
9389,20,1.0,1.0,1.0,0.25,1.0,0.5,0.7272727272727273,0.6489315753318466,0.25,0.5
5292,2,0.0,0.0,0.0,0.0,0.0,0.5,0.0,0.0,0.5,0.1
4433,9,0.4,0.4000000000000001,0.3600546145772339,0.2222222222222222,0.4,0.3333333333333333,0.35185185185185186,0.32367445406752376,0.3333333333333333,0.3
6915,3,0.3333333333333333,0.0,0.0,0.3333333333333333,0.2,0.3333333333333333,0.0,0.0,0.3333333333333333,0.1
10296,4,0.25,0.28571428571428575,0.2463023887407299,0.25,0.2,0.5,0.2647058823529412,0.2463023887407299,0.5,0.2
6759,16,0.6,0.6666666666666666,0.6843515475204854,0.1875,0.6,0.4,0.4727272727272727,0.5077181160122074,0.25,0.4
7873,6,0.6,0.6666666666666666,0.6548086577531306,0.5,0.6,0.5,0.5555555555555556,0.5842273861585908,0.5,0.3
378,5,0.4,0.6,0.5531464700081437,0.4,0.4,0.4,0.475,0.5531464700081437,0.4,0.2
1180,9,0.0,0.0,0.0,0.0,0.0,0.0,0.0,0.0,0.0,0.0
14338,11,0.0,0.0,0.0,0.0,0.0,0.1,0.07272727272727274,0.07336392209936006,0.09090909090909091,0.1
19435,13,0.4,0.4666666666666666,0.48522855511632257,0.15384615384615385,0.4,0.3,0.36363636363636365,0.3843113526044082,0.23076923076923078,0.3
17767,2,0.0,0.0,0.0,0.0,0.0,0.0,0.0,0.0,0.0,0.0
7013,1,1.0,0.0,0.0,1.0,0.2,1.0,0.0,0.0,1.0,0.1
3549,6,0.4,0.4666666666666666,0.48522855511632257,0.3333333333333333,0.4,0.5,0.37777777777777777,0.4329261794091841,0.5,0.3
624,4,0.0,0.0,0.0,0.0,0.0,0.0,0.0,0.0,0.0,0.0
20255,6,0.2,0.19999999999999998,0.16958010263680803,0.16666666666666666,0.2,0.3333333333333333,0.17777777777777778,0.15130120674940672,0.3333333333333333,0.2
17458,6,0.2,0.06666666666666665,0.13120507751234176,0.16666666666666666,0.2,0.16666666666666666,0.13333333333333333,0.11706259313796352,0.16666666666666666,0.1
2876,11,0.2,0.3333333333333333,0.33916020527361607,0.09090909090909091,0.2,0.1,0.18181818181818182,0.22009176629808014,0.09090909090909091,0.1
20535,5,0.0,0.0,0.0,0.0,0.0,0.0,0.0,0.0,0.0,0.0
13960,3,0.0,0.0,0.0,0.0,0.0,0.3333333333333333,0.0,0.0,0.3333333333333333,0.1
3997,8,0.4,0.26666666666666666,0.3007851801491498,0.25,0.4,0.375,0.3461538461538461,0.30863718027487475,0.375,0.3
14867,1,0.0,0.0,0.0,0.0,0.0,0.0,0.0,0.0,0.0,0.0
15667,1,0.0,0.0,0.0,0.0,0.0,0.0,0.0,0.0,0.0,0.0
14641,4,0.25,0.14285714285714288,0.16812753627111746,0.25,0.2,0.25,0.20588235294117643,0.16812753627111746,0.25,0.1
15676,1,0.0,0.0,0.0,0.0,0.0,0.0,0.0,0.0,0.0,0.0
17886,2,0.0,0.0,0.0,0.0,0.0,0.0,0.0,0.0,0.0,0.0
13276,24,0.4,0.6,0.5531464700081437,0.08333333333333333,0.4,0.3,0.3818181818181818,0.42520843362602373,0.125,0.3
20671,13,0.0,0.0,0.0,0.0,0.0,0.1,0.05454545454545456,0.06943122193677725,0.07692307692307693,0.1
686,1,0.0,0.0,0.0,0.0,0.0,0.0,0.0,0.0,0.0,0.0
16466,6,0.0,0.0,0.0,0.0,0.0,0.0,0.0,0.0,0.0,0.0
5920,16,0.6,0.7999999999999999,0.7227265726449518,0.1875,0.6,0.3,0.49090909090909096,0.46900009332067477,0.1875,0.3
17111,7,0.0,0.0,0.0,0.0,0.0,0.0,0.0,0.0,0.0,0.0
9753,12,0.2,0.13333333333333333,0.14606834984270645,0.08333333333333333,0.2,0.2,0.18181818181818182,0.16421958630632802,0.16666666666666666,0.2
7816,2,0.5,0.5555555555555556,0.6131471927654584,0.5,0.2,1.0,0.5263157894736842,0.6131471927654584,1.0,0.2
8164,8,0.8,0.6666666666666666,0.6608397947263838,0.5,0.8,0.625,0.6538461538461539,0.577162750017527,0.625,0.5
5241,18,0.2,0.3333333333333333,0.33916020527361607,0.05555555555555555,0.2,0.3,0.29090909090909095,0.3621108234757072,0.16666666666666666,0.3
19385,21,0.2,0.26666666666666666,0.2139862647345275,0.047619047619047616,0.2,0.2,0.23636363636363636,0.21222636597291453,0.09523809523809523,0.2
11993,29,0.6,0.5333333333333333,0.6164336326286642,0.10344827586206896,0.6,0.5,0.5272727272727272,0.539641393863001,0.1724137931034483,0.5
11933,2,0.0,0.0,0.0,0.0,0.0,0.0,0.0,0.0,0.0,0.0
14993,2,0.0,0.0,0.0,0.0,0.0,0.0,0.0,0.0,0.0,0.0
9073,9,0.0,0.0,0.0,0.0,0.0,0.0,0.0,0.0,0.0,0.0
14950,2,0.0,0.0,0.0,0.0,0.0,0.0,0.0,0.0,0.0,0.0
21368,6,0.2,0.3333333333333333,0.33916020527361607,0.16666666666666666,0.2,0.16666666666666666,0.2222222222222222,0.30260241349881345,0.16666666666666666,0.1
18010,2,0.0,0.0,0.0,0.0,0.0,0.0,0.0,0.0,0.0,0.0
19048,1,0.0,0.0,0.0,0.0,0.0,0.0,0.0,0.0,0.0,0.0
5438,1,0.0,0.0,0.0,0.0,0.0,0.0,0.0,0.0,0.0,0.0
22491,3,0.3333333333333333,0.4166666666666667,0.46927872602275644,0.3333333333333333,0.2,0.3333333333333333,0.37037037037037035,0.46927872602275644,0.3333333333333333,0.1
305,2,0.0,0.0,0.0,0.0,0.0,0.5,0.0,0.0,0.5,0.1
18515,4,0.0,0.0,0.0,0.0,0.0,0.0,0.0,0.0,0.0,0.0
7500,2,0.0,0.0,0.0,0.0,0.0,0.0,0.0,0.0,0.0,0.0
5653,3,0.6666666666666666,0.33333333333333337,0.29608191096586517,0.6666666666666666,0.4,0.6666666666666666,0.3333333333333333,0.29608191096586517,0.6666666666666666,0.2
12214,6,0.4,0.6,0.5531464700081437,0.3333333333333333,0.4,0.3333333333333333,0.4222222222222222,0.4935232796777481,0.3333333333333333,0.2
1592,8,0.2,0.06666666666666665,0.13120507751234176,0.125,0.2,0.125,0.11538461538461538,0.09785159463516041,0.125,0.1
4493,4,0.0,0.0,0.0,0.0,0.0,0.5,0.0,0.0,0.5,0.2
945,4,0.5,0.42857142857142866,0.41442992501184733,0.5,0.4,0.5,0.47058823529411764,0.41442992501184733,0.5,0.2
18764,21,0.8,0.9333333333333332,0.8687949224876582,0.19047619047619047,0.8,0.7,0.8363636363636364,0.7849818707050382,0.3333333333333333,0.7
17888,2,0.0,0.0,0.0,0.0,0.0,0.5,0.0,0.0,0.5,0.1
9158,4,0.0,0.0,0.0,0.0,0.0,0.0,0.0,0.0,0.0,0.0
4718,5,0.2,0.3333333333333333,0.33916020527361607,0.2,0.2,0.4,0.25,0.33916020527361607,0.4,0.2
11811,12,0.2,0.19999999999999998,0.16958010263680803,0.08333333333333333,0.2,0.3,0.2,0.23992089480238077,0.25,0.3
11092,17,0.2,0.3333333333333333,0.33916020527361607,0.058823529411764705,0.2,0.5,0.4181818181818182,0.5049059675118445,0.29411764705882354,0.5
5358,3,0.3333333333333333,0.4166666666666667,0.46927872602275644,0.3333333333333333,0.2,0.3333333333333333,0.37037037037037035,0.46927872602275644,0.3333333333333333,0.1
1483,4,0.0,0.0,0.0,0.0,0.0,0.0,0.0,0.0,0.0,0.0
21001,5,0.0,0.0,0.0,0.0,0.0,0.0,0.0,0.0,0.0,0.0
22055,1,0.0,0.0,0.0,0.0,0.0,0.0,0.0,0.0,0.0,0.0
18648,6,0.0,0.0,0.0,0.0,0.0,0.0,0.0,0.0,0.0,0.0
17058,6,0.4,0.39999999999999997,0.4703652827859578,0.3333333333333333,0.4,0.5,0.35555555555555557,0.4196650066367769,0.5,0.3
20235,1,1.0,0.0,0.0,1.0,0.2,1.0,0.0,0.0,1.0,0.1
2088,3,0.0,0.0,0.0,0.0,0.0,0.0,0.0,0.0,0.0,0.0
14901,2,0.0,0.0,0.0,0.0,0.0,0.0,0.0,0.0,0.0,0.0
4306,2,0.5,0.0,0.0,0.5,0.2,0.5,0.0,0.0,0.5,0.1
10892,6,0.0,0.0,0.0,0.0,0.0,0.0,0.0,0.0,0.0,0.0
17915,6,0.2,0.26666666666666666,0.2139862647345275,0.16666666666666666,0.2,0.16666666666666666,0.2,0.1909208661789346,0.16666666666666666,0.1
8934,12,0.2,0.3333333333333333,0.33916020527361607,0.08333333333333333,0.2,0.2,0.21818181818181817,0.28634598975246917,0.16666666666666666,0.2
13320,3,0.3333333333333333,0.4166666666666667,0.46927872602275644,0.3333333333333333,0.2,0.3333333333333333,0.37037037037037035,0.46927872602275644,0.3333333333333333,0.1
2590,18,0.2,0.26666666666666666,0.2139862647345275,0.05555555555555555,0.2,0.1,0.16363636363636364,0.1388624438735545,0.05555555555555555,0.1
1270,1,0.0,0.0,0.0,0.0,0.0,0.0,0.0,0.0,0.0,0.0
14911,8,0.4,0.5333333333333333,0.5087403079104241,0.25,0.4,0.25,0.34615384615384615,0.37941405415148566,0.25,0.2
16663,9,0.0,0.0,0.0,0.0,0.0,0.1111111111111111,0.09259259259259259,0.08372491399919348,0.1111111111111111,0.1
13109,2,0.0,0.0,0.0,0.0,0.0,0.0,0.0,0.0,0.0,0.0
7464,5,0.0,0.0,0.0,0.0,0.0,0.0,0.0,0.0,0.0,0.0
2401,4,0.25,0.2142857142857143,0.19519002499605081,0.25,0.2,0.25,0.23529411764705882,0.19519002499605081,0.25,0.1
12792,4,0.0,0.0,0.0,0.0,0.0,0.0,0.0,0.0,0.0,0.0
17670,3,0.3333333333333333,0.33333333333333337,0.29608191096586517,0.3333333333333333,0.2,0.3333333333333333,0.3333333333333333,0.29608191096586517,0.3333333333333333,0.1
17618,6,0.2,0.19999999999999998,0.16958010263680803,0.16666666666666666,0.2,0.16666666666666666,0.17777777777777778,0.15130120674940672,0.16666666666666666,0.1
14240,12,0.2,0.3333333333333333,0.33916020527361607,0.08333333333333333,0.2,0.1,0.18181818181818182,0.22009176629808014,0.08333333333333333,0.1
21052,3,0.3333333333333333,0.4166666666666667,0.46927872602275644,0.3333333333333333,0.2,0.6666666666666666,0.37037037037037035,0.46927872602275644,0.6666666666666666,0.2
16063,14,0.6,0.6666666666666666,0.6843515475204854,0.21428571428571427,0.6,0.4,0.509090909090909,0.5135285497500329,0.2857142857142857,0.4
5591,2,0.0,0.0,0.0,0.0,0.0,0.0,0.0,0.0,0.0,0.0
5541,19,0.2,0.19999999999999998,0.16958010263680803,0.05263157894736842,0.2,0.1,0.14545454545454548,0.11004588314904007,0.05263157894736842,0.1
1621,3,0.0,0.0,0.0,0.0,0.0,0.0,0.0,0.0,0.0,0.0
14339,5,0.0,0.0,0.0,0.0,0.0,0.0,0.0,0.0,0.0,0.0
3625,2,0.0,0.0,0.0,0.0,0.0,0.0,0.0,0.0,0.0,0.0
19750,6,0.2,0.3333333333333333,0.33916020527361607,0.16666666666666666,0.2,0.16666666666666666,0.2222222222222222,0.30260241349881345,0.16666666666666666,0.1
12031,12,0.6,0.46666666666666673,0.4912596920895757,0.25,0.6,0.4,0.43636363636363645,0.3850481493391153,0.3333333333333333,0.4
21423,18,0.0,0.0,0.0,0.0,0.0,0.0,0.0,0.0,0.0,0.0
20516,1,0.0,0.0,0.0,0.0,0.0,0.0,0.0,0.0,0.0,0.0
6400,6,0.2,0.26666666666666666,0.2139862647345275,0.16666666666666666,0.2,0.3333333333333333,0.2,0.1909208661789346,0.3333333333333333,0.2
18964,24,0.6,0.46666666666666673,0.4912596920895757,0.125,0.6,0.3,0.4,0.31879392588472627,0.125,0.3
20141,4,0.25,0.28571428571428575,0.2463023887407299,0.25,0.2,0.25,0.2647058823529412,0.2463023887407299,0.25,0.1
11386,1,0.0,0.0,0.0,0.0,0.0,0.0,0.0,0.0,0.0,0.0
21943,1,0.0,0.0,0.0,0.0,0.0,0.0,0.0,0.0,0.0,0.0
2534,6,0.4,0.4666666666666666,0.38356636737133554,0.3333333333333333,0.4,0.3333333333333333,0.3777777777777778,0.34222207292834134,0.3333333333333333,0.2
19945,1,0.0,0.0,0.0,0.0,0.0,0.0,0.0,0.0,0.0,0.0
8457,5,0.4,0.6,0.5531464700081437,0.4,0.4,0.6,0.475,0.5531464700081437,0.6,0.3
18843,8,0.2,0.13333333333333333,0.14606834984270645,0.125,0.2,0.125,0.1346153846153846,0.1089364926177559,0.125,0.1
12948,7,0.0,0.0,0.0,0.0,0.0,0.0,0.0,0.0,0.0,0.0
10181,2,0.0,0.0,0.0,0.0,0.0,0.0,0.0,0.0,0.0,0.0
15010,22,0.8,0.9333333333333332,0.8687949224876582,0.18181818181818182,0.8,0.6,0.7272727272727273,0.7058075148678526,0.2727272727272727,0.6
70,5,0.0,0.0,0.0,0.0,0.0,0.2,0.0,0.0,0.2,0.1
8298,14,0.2,0.3333333333333333,0.33916020527361607,0.07142857142857142,0.2,0.2,0.21818181818181817,0.28634598975246917,0.14285714285714285,0.2
20540,3,0.0,0.0,0.0,0.0,0.0,0.0,0.0,0.0,0.0,0.0
5757,9,0.2,0.06666666666666665,0.13120507751234176,0.1111111111111111,0.2,0.3333333333333333,0.25925925925925924,0.24880155990324682,0.3333333333333333,0.3
8004,4,0.5,0.5,0.5585075862632192,0.5,0.4,0.5,0.49999999999999994,0.5585075862632192,0.5,0.2
9922,2,1.0,0.4444444444444445,0.3868528072345415,1.0,0.4,1.0,0.4736842105263158,0.3868528072345415,1.0,0.2
16073,1,0.0,0.0,0.0,0.0,0.0,0.0,0.0,0.0,0.0,0.0
13622,27,0.4,0.5333333333333333,0.5087403079104241,0.07407407407407407,0.4,0.5,0.43636363636363634,0.5294438830372381,0.18518518518518517,0.5
3934,20,0.4,0.4000000000000001,0.3600546145772339,0.1,0.4,0.2,0.29090909090909095,0.23365080824310527,0.1,0.2
14961,1,1.0,0.0,0.0,1.0,0.2,1.0,0.0,0.0,1.0,0.1
21441,11,0.2,0.3333333333333333,0.33916020527361607,0.09090909090909091,0.2,0.1,0.18181818181818182,0.22009176629808014,0.09090909090909091,0.1
16403,5,0.0,0.0,0.0,0.0,0.0,0.0,0.0,0.0,0.0,0.0
14576,3,0.0,0.0,0.0,0.0,0.0,0.0,0.0,0.0,0.0,0.0
1220,1,0.0,0.0,0.0,0.0,0.0,0.0,0.0,0.0,0.0,0.0
1038,3,0.0,0.0,0.0,0.0,0.0,0.0,0.0,0.0,0.0,0.0
12952,15,0.4,0.5333333333333333,0.5087403079104241,0.13333333333333333,0.4,0.2,0.32727272727272727,0.3301376494471202,0.13333333333333333,0.2
17938,5,0.0,0.0,0.0,0.0,0.0,0.0,0.0,0.0,0.0,0.0
8776,9,0.4,0.39999999999999997,0.4703652827859578,0.2222222222222222,0.4,0.2222222222222222,0.2962962962962963,0.32597358003346416,0.2222222222222222,0.2
19726,2,0.0,0.0,0.0,0.0,0.0,0.0,0.0,0.0,0.0,0.0
14882,1,0.0,0.0,0.0,0.0,0.0,0.0,0.0,0.0,0.0,0.0
17071,6,0.0,0.0,0.0,0.0,0.0,0.0,0.0,0.0,0.0,0.0
4397,13,0.2,0.19999999999999998,0.16958010263680803,0.07692307692307693,0.2,0.1,0.14545454545454548,0.11004588314904007,0.07692307692307693,0.1
21795,2,0.5,0.5555555555555556,0.6131471927654584,0.5,0.2,0.5,0.5263157894736842,0.6131471927654584,0.5,0.1
1761,13,0.8,0.8000000000000002,0.8304198973631919,0.3076923076923077,0.8,0.5,0.6727272727272727,0.6172839611614818,0.38461538461538464,0.5
8424,10,0.4,0.3333333333333333,0.34519134224686926,0.2,0.4,0.2,0.2727272727272727,0.22400556151517548,0.2,0.2
14171,3,0.0,0.0,0.0,0.0,0.0,0.0,0.0,0.0,0.0,0.0
21163,1,0.0,0.0,0.0,0.0,0.0,0.0,0.0,0.0,0.0,0.0
4364,2,0.0,0.0,0.0,0.0,0.0,0.0,0.0,0.0,0.0,0.0
1930,5,0.2,0.13333333333333333,0.14606834984270645,0.2,0.2,0.4,0.175,0.14606834984270645,0.4,0.2
9904,1,1.0,1.0,1.0,1.0,0.2,1.0,1.0,1.0,1.0,0.1
12060,5,0.0,0.0,0.0,0.0,0.0,0.0,0.0,0.0,0.0,0.0
17251,3,0.3333333333333333,0.25,0.23463936301137822,0.3333333333333333,0.2,0.3333333333333333,0.2962962962962963,0.23463936301137822,0.3333333333333333,0.1
6892,18,0.2,0.3333333333333333,0.33916020527361607,0.05555555555555555,0.2,0.1,0.18181818181818182,0.22009176629808014,0.05555555555555555,0.1
1511,1,1.0,0.0,0.0,1.0,0.2,1.0,0.0,0.0,1.0,0.1
1413,11,0.4,0.6,0.5531464700081437,0.18181818181818182,0.4,0.5,0.5272727272727272,0.5743371894486218,0.45454545454545453,0.5
16710,6,0.4,0.5333333333333333,0.5087403079104241,0.3333333333333333,0.4,0.3333333333333333,0.4,0.4539036202482201,0.3333333333333333,0.2
4136,10,0.2,0.13333333333333333,0.14606834984270645,0.1,0.2,0.2,0.14545454545454545,0.15840915256850246,0.2,0.2
16863,2,0.5,0.4444444444444445,0.3868528072345415,0.5,0.2,0.5,0.4736842105263158,0.3868528072345415,0.5,0.1
13480,22,0.2,0.26666666666666666,0.2139862647345275,0.045454545454545456,0.2,0.1,0.16363636363636364,0.1388624438735545,0.045454545454545456,0.1
2667,3,0.0,0.0,0.0,0.0,0.0,0.0,0.0,0.0,0.0,0.0
13805,4,0.5,0.35714285714285715,0.39038004999210163,0.5,0.4,0.5,0.2941176470588235,0.39038004999210163,0.5,0.2
18041,1,0.0,0.0,0.0,0.0,0.0,0.0,0.0,0.0,0.0,0.0
3254,15,0.4,0.39999999999999997,0.4703652827859578,0.13333333333333333,0.4,0.3,0.38181818181818183,0.3836331529183764,0.2,0.3
8232,1,0.0,0.0,0.0,0.0,0.0,0.0,0.0,0.0,0.0,0.0
4945,2,0.0,0.0,0.0,0.0,0.0,0.5,0.0,0.0,0.5,0.1
4047,2,0.0,0.0,0.0,0.0,0.0,0.0,0.0,0.0,0.0,0.0
6735,5,0.0,0.0,0.0,0.0,0.0,0.0,0.0,0.0,0.0,0.0
15812,6,0.2,0.3333333333333333,0.33916020527361607,0.16666666666666666,0.2,0.16666666666666666,0.2222222222222222,0.30260241349881345,0.16666666666666666,0.1
4147,19,0.4,0.4000000000000001,0.3600546145772339,0.10526315789473684,0.4,0.3,0.36363636363636365,0.30701473034246535,0.15789473684210525,0.3
17598,7,0.0,0.0,0.0,0.0,0.0,0.0,0.0,0.0,0.0,0.0
10842,1,0.0,0.0,0.0,0.0,0.0,0.0,0.0,0.0,0.0,0.0
8602,3,0.0,0.0,0.0,0.0,0.0,0.0,0.0,0.0,0.0,0.0
6367,1,0.0,0.0,0.0,0.0,0.0,1.0,0.0,0.0,1.0,0.1
9824,14,0.2,0.3333333333333333,0.33916020527361607,0.07142857142857142,0.2,0.2,0.2727272727272727,0.2984900352767555,0.14285714285714285,0.2
6008,1,0.0,0.0,0.0,0.0,0.0,0.0,0.0,0.0,0.0,0.0
3036,2,0.0,0.0,0.0,0.0,0.0,0.0,0.0,0.0,0.0,0.0
750,1,0.0,0.0,0.0,0.0,0.0,0.0,0.0,0.0,0.0,0.0
20636,5,0.0,0.0,0.0,0.0,0.0,0.2,0.0,0.0,0.2,0.1
21742,2,0.0,0.0,0.0,0.0,0.0,0.0,0.0,0.0,0.0,0.0
19116,1,0.0,0.0,0.0,0.0,0.0,0.0,0.0,0.0,0.0,0.0
2066,8,0.2,0.3333333333333333,0.33916020527361607,0.125,0.2,0.25,0.1923076923076923,0.2529427027676571,0.25,0.2
11022,1,0.0,0.0,0.0,0.0,0.0,0.0,0.0,0.0,0.0,0.0
17336,1,0.0,0.0,0.0,0.0,0.0,0.0,0.0,0.0,0.0,0.0
15780,2,0.0,0.0,0.0,0.0,0.0,0.5,0.0,0.0,0.5,0.1
16427,15,0.4,0.5333333333333333,0.5087403079104241,0.13333333333333333,0.4,0.3,0.36363636363636365,0.39639187290150923,0.2,0.3
3297,9,0.2,0.19999999999999998,0.16958010263680803,0.1111111111111111,0.2,0.2222222222222222,0.24074074074074073,0.20124768870643617,0.2222222222222222,0.2
10096,1,0.0,0.0,0.0,0.0,0.0,0.0,0.0,0.0,0.0,0.0
3520,7,0.0,0.0,0.0,0.0,0.0,0.0,0.0,0.0,0.0,0.0
7438,24,0.6,0.6,0.529634717214042,0.125,0.6,0.5,0.5454545454545454,0.4833148369458945,0.20833333333333334,0.5
13914,1,0.0,0.0,0.0,0.0,0.0,0.0,0.0,0.0,0.0,0.0
10007,3,0.3333333333333333,0.0,0.0,0.3333333333333333,0.2,0.3333333333333333,0.0,0.0,0.3333333333333333,0.1
16300,3,0.0,0.0,0.0,0.0,0.0,0.0,0.0,0.0,0.0,0.0
13038,10,0.6,0.5333333333333333,0.5147714448836773,0.3,0.6,0.3,0.4181818181818182,0.3340514446642156,0.3,0.3
1338,5,0.2,0.3333333333333333,0.33916020527361607,0.2,0.2,0.4,0.25,0.33916020527361607,0.4,0.2
18941,5,0.0,0.0,0.0,0.0,0.0,0.0,0.0,0.0,0.0,0.0
2720,1,0.0,0.0,0.0,0.0,0.0,0.0,0.0,0.0,0.0,0.0
12411,7,0.4,0.6,0.5531464700081437,0.2857142857142857,0.4,0.5714285714285714,0.4693877551020407,0.539929434207294,0.5714285714285714,0.4
12604,1,0.0,0.0,0.0,0.0,0.0,0.0,0.0,0.0,0.0,0.0
18574,5,0.2,0.26666666666666666,0.2139862647345275,0.2,0.2,0.6,0.225,0.2139862647345275,0.6,0.3
13165,8,0.2,0.13333333333333333,0.14606834984270645,0.125,0.2,0.25,0.1923076923076923,0.18873103118020407,0.25,0.2
17291,2,0.5,0.4444444444444445,0.3868528072345415,0.5,0.2,0.5,0.4736842105263158,0.3868528072345415,0.5,0.1
14100,9,0.0,0.0,0.0,0.0,0.0,0.1111111111111111,0.05555555555555556,0.07414861528507453,0.1111111111111111,0.1
14372,12,0.4,0.4666666666666666,0.38356636737133554,0.16666666666666666,0.4,0.2,0.30909090909090914,0.24890832702259458,0.16666666666666666,0.2
4705,3,0.0,0.0,0.0,0.0,0.0,0.3333333333333333,0.0,0.0,0.3333333333333333,0.1
13655,13,0.4,0.4666666666666666,0.48522855511632257,0.15384615384615385,0.4,0.3,0.4,0.3932783996463063,0.23076923076923078,0.3
19564,4,0.5,0.35714285714285715,0.36331756126716824,0.5,0.4,0.5,0.4411764705882352,0.36331756126716824,0.5,0.2
21076,1,0.0,0.0,0.0,0.0,0.0,0.0,0.0,0.0,0.0,0.0
6973,5,0.2,0.26666666666666666,0.2139862647345275,0.2,0.2,0.6,0.225,0.2139862647345275,0.6,0.3
19094,13,0.2,0.13333333333333333,0.14606834984270645,0.07692307692307693,0.2,0.1,0.12727272727272726,0.09478836436955078,0.07692307692307693,0.1
15093,21,0.8,0.9333333333333332,0.8687949224876582,0.19047619047619047,0.8,0.8,0.8545454545454546,0.8486026589039899,0.38095238095238093,0.8
12517,15,0.0,0.0,0.0,0.0,0.0,0.0,0.0,0.0,0.0,0.0
7251,3,0.3333333333333333,0.4166666666666667,0.46927872602275644,0.3333333333333333,0.2,0.3333333333333333,0.37037037037037035,0.46927872602275644,0.3333333333333333,0.1
1697,2,0.5,0.0,0.0,0.5,0.2,0.5,0.0,0.0,0.5,0.1
10374,18,0.4,0.3333333333333333,0.34519134224686926,0.1111111111111111,0.4,0.4,0.41818181818181815,0.3718350524306281,0.2222222222222222,0.4
11865,13,0.2,0.26666666666666666,0.2139862647345275,0.07692307692307693,0.2,0.3,0.3090909090909091,0.28669193478900706,0.23076923076923078,0.3
14537,1,0.0,0.0,0.0,0.0,0.0,0.0,0.0,0.0,0.0,0.0
4336,1,0.0,0.0,0.0,0.0,0.0,0.0,0.0,0.0,0.0,0.0
893,3,0.0,0.0,0.0,0.0,0.0,0.0,0.0,0.0,0.0,0.0
17318,39,0.4,0.6,0.5531464700081437,0.05128205128205128,0.4,0.3,0.43636363636363634,0.43735247915031,0.07692307692307693,0.3
17433,1,1.0,0.0,0.0,1.0,0.2,1.0,0.0,0.0,1.0,0.1
3171,3,0.0,0.0,0.0,0.0,0.0,0.3333333333333333,0.0,0.0,0.3333333333333333,0.1
13548,2,0.5,0.5555555555555556,0.6131471927654584,0.5,0.2,0.5,0.5263157894736842,0.6131471927654584,0.5,0.1
12747,12,0.4,0.39999999999999997,0.4703652827859578,0.16666666666666666,0.4,0.6,0.5454545454545454,0.5926825204089028,0.5,0.6
6017,16,0.4,0.5333333333333333,0.5087403079104241,0.125,0.4,0.3,0.34545454545454546,0.3937584376460719,0.1875,0.3
11084,7,0.4,0.19999999999999998,0.2772734273550482,0.2857142857142857,0.4,0.2857142857142857,0.26530612244897955,0.22471947398559272,0.2857142857142857,0.2
20113,8,0.2,0.3333333333333333,0.33916020527361607,0.125,0.2,0.125,0.1923076923076923,0.2529427027676571,0.125,0.1
18055,28,0.8,0.7333333333333334,0.7860137352654724,0.14285714285714285,0.8,0.7,0.6909090909090909,0.7133080652109929,0.25,0.7
14789,5,0.2,0.26666666666666666,0.2139862647345275,0.2,0.2,0.2,0.225,0.2139862647345275,0.2,0.1
16837,2,0.0,0.0,0.0,0.0,0.0,0.0,0.0,0.0,0.0,0.0
14409,3,0.0,0.0,0.0,0.0,0.0,0.0,0.0,0.0,0.0,0.0
13005,17,0.6,0.7333333333333334,0.6992148198508501,0.17647058823529413,0.6,0.7,0.6909090909090908,0.7353797772725617,0.4117647058823529,0.7
4462,1,0.0,0.0,0.0,0.0,0.0,0.0,0.0,0.0,0.0,0.0
5355,8,0.6,0.5333333333333333,0.6164336326286642,0.375,0.6,0.375,0.44230769230769224,0.45973079002057343,0.375,0.3
1532,3,0.0,0.0,0.0,0.0,0.0,0.0,0.0,0.0,0.0,0.0
18922,8,0.0,0.0,0.0,0.0,0.0,0.0,0.0,0.0,0.0,0.0
16948,5,0.2,0.26666666666666666,0.2139862647345275,0.2,0.2,0.4,0.225,0.2139862647345275,0.4,0.2
19573,3,0.3333333333333333,0.33333333333333337,0.29608191096586517,0.3333333333333333,0.2,0.3333333333333333,0.3333333333333333,0.29608191096586517,0.3333333333333333,0.1
334,28,0.6,0.7999999999999999,0.7227265726449518,0.10714285714285714,0.6,0.5,0.5818181818181819,0.604685538711841,0.17857142857142858,0.5
6022,14,0.2,0.19999999999999998,0.16958010263680803,0.07142857142857142,0.2,0.1,0.14545454545454548,0.11004588314904007,0.07142857142857142,0.1
713,19,0.2,0.06666666666666665,0.13120507751234176,0.05263157894736842,0.2,0.3,0.2727272727272727,0.23690530871965637,0.15789473684210525,0.3
16502,4,0.25,0.14285714285714288,0.16812753627111746,0.25,0.2,0.25,0.20588235294117643,0.16812753627111746,0.25,0.1
12572,1,1.0,0.0,0.0,1.0,0.2,1.0,0.0,0.0,1.0,0.1
7599,8,0.2,0.13333333333333333,0.14606834984270645,0.125,0.2,0.125,0.1346153846153846,0.1089364926177559,0.125,0.1
1560,2,0.0,0.0,0.0,0.0,0.0,0.0,0.0,0.0,0.0,0.0
18837,8,0.0,0.0,0.0,0.0,0.0,0.125,0.057692307692307696,0.07979453856244816,0.125,0.1
2147,1,0.0,0.0,0.0,0.0,0.0,0.0,0.0,0.0,0.0,0.0
22236,3,0.0,0.0,0.0,0.0,0.0,0.0,0.0,0.0,0.0,0.0
21525,16,0.2,0.19999999999999998,0.16958010263680803,0.0625,0.2,0.3,0.30909090909090914,0.26180807422707547,0.1875,0.3
18662,9,0.4,0.5333333333333333,0.5087403079104241,0.2222222222222222,0.4,0.3333333333333333,0.3888888888888889,0.42671693940680255,0.3333333333333333,0.3
2473,18,0.2,0.3333333333333333,0.33916020527361607,0.05555555555555555,0.2,0.3,0.3090909090909091,0.3647442587311445,0.16666666666666666,0.3
372,22,0.4,0.19999999999999998,0.2772734273550482,0.09090909090909091,0.4,0.3,0.309090909090909,0.2532954041105318,0.13636363636363635,0.3
436,7,0.2,0.3333333333333333,0.33916020527361607,0.14285714285714285,0.2,0.2857142857142857,0.3061224489795918,0.3727892582642587,0.2857142857142857,0.2
11703,15,0.8,0.8666666666666666,0.8539316501572936,0.26666666666666666,0.8,0.5,0.6909090909090909,0.6325414799409711,0.3333333333333333,0.5
10843,1,0.0,0.0,0.0,0.0,0.0,0.0,0.0,0.0,0.0,0.0
1651,1,1.0,1.0,1.0,1.0,0.2,1.0,1.0,1.0,1.0,0.1
11250,4,0.0,0.0,0.0,0.0,0.0,0.0,0.0,0.0,0.0,0.0
6697,2,0.0,0.0,0.0,0.0,0.0,0.0,0.0,0.0,0.0,0.0
8705,5,0.0,0.0,0.0,0.0,0.0,0.0,0.0,0.0,0.0,0.0
19326,3,0.3333333333333333,0.4166666666666667,0.46927872602275644,0.3333333333333333,0.2,0.3333333333333333,0.37037037037037035,0.46927872602275644,0.3333333333333333,0.1
17788,8,0.4,0.5333333333333333,0.5087403079104241,0.25,0.4,0.25,0.34615384615384615,0.37941405415148566,0.25,0.2
1908,27,0.0,0.0,0.0,0.0,0.0,0.3,0.21818181818181823,0.22119341301481263,0.1111111111111111,0.3
12250,26,0.6,0.6666666666666666,0.6843515475204854,0.11538461538461539,0.6,0.7,0.6727272727272727,0.7257345305446319,0.2692307692307692,0.7
11691,1,0.0,0.0,0.0,0.0,0.0,0.0,0.0,0.0,0.0,0.0
147,4,0.25,0.35714285714285715,0.39038004999210163,0.25,0.2,0.25,0.2941176470588235,0.39038004999210163,0.25,0.1
17431,5,0.2,0.3333333333333333,0.33916020527361607,0.2,0.2,0.2,0.25,0.33916020527361607,0.2,0.1
11745,1,0.0,0.0,0.0,0.0,0.0,0.0,0.0,0.0,0.0,0.0
21694,20,0.4,0.3333333333333333,0.34519134224686926,0.1,0.4,0.3,0.32727272727272727,0.29343678345195273,0.15,0.3
5999,2,0.5,0.5555555555555556,0.6131471927654584,0.5,0.2,0.5,0.5263157894736842,0.6131471927654584,0.5,0.1
13968,1,0.0,0.0,0.0,0.0,0.0,0.0,0.0,0.0,0.0,0.0
16364,19,0.2,0.3333333333333333,0.33916020527361607,0.05263157894736842,0.2,0.1,0.18181818181818182,0.22009176629808014,0.05263157894736842,0.1
16871,3,0.0,0.0,0.0,0.0,0.0,0.0,0.0,0.0,0.0,0.0
9945,3,0.3333333333333333,0.4166666666666667,0.46927872602275644,0.3333333333333333,0.2,0.3333333333333333,0.37037037037037035,0.46927872602275644,0.3333333333333333,0.1
20224,14,0.0,0.0,0.0,0.0,0.0,0.1,0.09090909090909091,0.07839826897867533,0.07142857142857142,0.1
14724,17,0.6,0.5333333333333333,0.5147714448836773,0.17647058823529413,0.6,0.3,0.4181818181818182,0.3340514446642156,0.17647058823529413,0.3
19423,1,0.0,0.0,0.0,0.0,0.0,0.0,0.0,0.0,0.0,0.0
3573,7,0.0,0.0,0.0,0.0,0.0,0.0,0.0,0.0,0.0,0.0
4950,9,0.4,0.4666666666666666,0.38356636737133554,0.2222222222222222,0.4,0.3333333333333333,0.35185185185185186,0.3365757659984724,0.3333333333333333,0.3
8902,6,0.0,0.0,0.0,0.0,0.0,0.16666666666666666,0.0,0.0,0.16666666666666666,0.1
5305,2,0.5,0.0,0.0,0.5,0.2,0.5,0.0,0.0,0.5,0.1
14522,5,0.2,0.06666666666666665,0.13120507751234176,0.2,0.2,0.2,0.15,0.13120507751234176,0.2,0.1
9537,9,0.4,0.6,0.5531464700081437,0.2222222222222222,0.4,0.3333333333333333,0.3518518518518518,0.38334277998463445,0.3333333333333333,0.3
17210,3,0.3333333333333333,0.4166666666666667,0.46927872602275644,0.3333333333333333,0.2,0.6666666666666666,0.37037037037037035,0.46927872602275644,0.6666666666666666,0.2
17436,7,0.2,0.19999999999999998,0.16958010263680803,0.14285714285714285,0.2,0.14285714285714285,0.16326530612244897,0.13743816645714543,0.14285714285714285,0.1
20951,4,0.25,0.35714285714285715,0.39038004999210163,0.25,0.2,0.75,0.2941176470588235,0.39038004999210163,0.75,0.3
12741,6,0.2,0.3333333333333333,0.33916020527361607,0.16666666666666666,0.2,0.16666666666666666,0.2222222222222222,0.30260241349881345,0.16666666666666666,0.1
15030,1,0.0,0.0,0.0,0.0,0.0,0.0,0.0,0.0,0.0,0.0
7809,7,0.4,0.4666666666666666,0.48522855511632257,0.2857142857142857,0.4,0.2857142857142857,0.346938775510204,0.3932591258696538,0.2857142857142857,0.2
7180,2,0.0,0.0,0.0,0.0,0.0,0.5,0.0,0.0,0.5,0.1
20595,3,0.0,0.0,0.0,0.0,0.0,0.3333333333333333,0.0,0.0,0.3333333333333333,0.1
19022,1,0.0,0.0,0.0,0.0,0.0,0.0,0.0,0.0,0.0,0.0
15338,6,0.0,0.0,0.0,0.0,0.0,0.16666666666666666,0.0,0.0,0.16666666666666666,0.1
35,3,0.3333333333333333,0.4166666666666667,0.46927872602275644,0.3333333333333333,0.2,0.3333333333333333,0.37037037037037035,0.46927872602275644,0.3333333333333333,0.1
19491,2,0.0,0.0,0.0,0.0,0.0,0.0,0.0,0.0,0.0,0.0
2647,3,0.0,0.0,0.0,0.0,0.0,0.0,0.0,0.0,0.0,0.0
19950,2,0.5,0.5555555555555556,0.6131471927654584,0.5,0.2,0.5,0.5263157894736842,0.6131471927654584,0.5,0.1
21296,9,0.0,0.0,0.0,0.0,0.0,0.0,0.0,0.0,0.0,0.0
3043,9,0.0,0.0,0.0,0.0,0.0,0.1111111111111111,0.05555555555555556,0.07414861528507453,0.1111111111111111,0.1
5249,9,0.2,0.06666666666666665,0.13120507751234176,0.1111111111111111,0.2,0.1111111111111111,0.1111111111111111,0.09092803061897882,0.1111111111111111,0.1
17098,3,0.3333333333333333,0.33333333333333337,0.29608191096586517,0.3333333333333333,0.2,0.3333333333333333,0.3333333333333333,0.29608191096586517,0.3333333333333333,0.1
4967,10,0.0,0.0,0.0,0.0,0.0,0.1,0.05454545454545456,0.06943122193677725,0.1,0.1
4420,35,0.4,0.5333333333333333,0.5087403079104241,0.05714285714285714,0.4,0.3,0.34545454545454546,0.3937584376460719,0.08571428571428572,0.3
15969,15,0.6,0.6,0.6399453854227659,0.2,0.6,0.4,0.49090909090909096,0.48471198902551843,0.26666666666666666,0.4
2716,6,0.0,0.0,0.0,0.0,0.0,0.0,0.0,0.0,0.0,0.0
10657,20,1.0,1.0,1.0,0.25,1.0,0.9,0.9272727272727272,0.92663607790064,0.45,0.9
3734,4,0.0,0.0,0.0,0.0,0.0,0.0,0.0,0.0,0.0,0.0
18236,10,0.4,0.6,0.5531464700081437,0.2,0.4,0.4,0.47272727272727266,0.5036067026046991,0.4,0.4
12539,5,0.4,0.3333333333333333,0.34519134224686926,0.4,0.4,0.4,0.375,0.34519134224686926,0.4,0.2
12995,3,0.0,0.0,0.0,0.0,0.0,0.0,0.0,0.0,0.0,0.0
16227,6,0.0,0.0,0.0,0.0,0.0,0.0,0.0,0.0,0.0,0.0
6041,2,0.5,0.0,0.0,0.5,0.2,0.5,0.0,0.0,0.5,0.1
15863,7,0.2,0.26666666666666666,0.2139862647345275,0.14285714285714285,0.2,0.14285714285714285,0.18367346938775508,0.17342765698823942,0.14285714285714285,0.1
701,9,0.4,0.4000000000000001,0.3600546145772339,0.2222222222222222,0.4,0.2222222222222222,0.2962962962962963,0.24952583878244924,0.2222222222222222,0.2
19364,20,1.0,1.0,1.0,0.25,1.0,0.8,0.9090909090909091,0.8630152897016882,0.4,0.8
10253,2,0.5,0.0,0.0,0.5,0.2,0.5,0.0,0.0,0.5,0.1
18194,16,0.4,0.3333333333333333,0.31564845247951445,0.125,0.4,0.3,0.32727272727272727,0.27426546945536806,0.1875,0.3
15019,2,0.0,0.0,0.0,0.0,0.0,0.0,0.0,0.0,0.0,0.0
16966,2,0.0,0.0,0.0,0.0,0.0,0.5,0.0,0.0,0.5,0.1
19490,3,0.3333333333333333,0.0,0.0,0.3333333333333333,0.2,0.3333333333333333,0.0,0.0,0.3333333333333333,0.1
15957,1,0.0,0.0,0.0,0.0,0.0,0.0,0.0,0.0,0.0,0.0
7749,12,0.6,0.6666666666666666,0.6843515475204854,0.25,0.6,0.4,0.49090909090909096,0.5103515512676448,0.3333333333333333,0.4
7105,3,0.0,0.0,0.0,0.0,0.0,0.0,0.0,0.0,0.0,0.0
1336,2,0.5,0.4444444444444445,0.3868528072345415,0.5,0.2,0.5,0.4736842105263158,0.3868528072345415,0.5,0.1
19057,5,0.0,0.0,0.0,0.0,0.0,0.0,0.0,0.0,0.0,0.0
18375,8,0.0,0.0,0.0,0.0,0.0,0.0,0.0,0.0,0.0,0.0
10791,18,0.0,0.0,0.0,0.0,0.0,0.1,0.07272727272727274,0.07336392209936006,0.05555555555555555,0.1
6143,1,0.0,0.0,0.0,0.0,0.0,0.0,0.0,0.0,0.0,0.0
5308,3,0.3333333333333333,0.33333333333333337,0.29608191096586517,0.3333333333333333,0.2,0.6666666666666666,0.3333333333333333,0.29608191096586517,0.6666666666666666,0.2
9302,2,0.0,0.0,0.0,0.0,0.0,0.0,0.0,0.0,0.0,0.0
388,5,0.0,0.0,0.0,0.0,0.0,0.0,0.0,0.0,0.0,0.0
700,1,0.0,0.0,0.0,0.0,0.0,0.0,0.0,0.0,0.0,0.0
1549,4,0.0,0.0,0.0,0.0,0.0,0.0,0.0,0.0,0.0,0.0
8636,14,0.8,0.8000000000000002,0.8304198973631919,0.2857142857142857,0.8,0.4,0.5818181818181818,0.5388856921828065,0.2857142857142857,0.4
8320,4,0.5,0.6428571428571429,0.6366824387328316,0.5,0.4,0.75,0.5588235294117646,0.6366824387328316,0.75,0.3
18512,6,0.0,0.0,0.0,0.0,0.0,0.0,0.0,0.0,0.0,0.0
6071,2,0.5,0.0,0.0,0.5,0.2,0.5,0.0,0.0,0.5,0.1
4172,4,0.0,0.0,0.0,0.0,0.0,0.0,0.0,0.0,0.0,0.0
14568,1,0.0,0.0,0.0,0.0,0.0,0.0,0.0,0.0,0.0,0.0
3138,4,0.0,0.0,0.0,0.0,0.0,0.0,0.0,0.0,0.0,0.0
6119,15,0.0,0.0,0.0,0.0,0.0,0.0,0.0,0.0,0.0,0.0
15512,11,0.0,0.0,0.0,0.0,0.0,0.2,0.09090909090909091,0.13698471029831175,0.18181818181818182,0.2
17359,2,0.0,0.0,0.0,0.0,0.0,0.0,0.0,0.0,0.0,0.0
7602,1,0.0,0.0,0.0,0.0,0.0,1.0,0.0,0.0,1.0,0.1
2051,10,0.4,0.6,0.5531464700081437,0.2,0.4,0.2,0.34545454545454546,0.3589542101716347,0.2,0.2
696,4,0.0,0.0,0.0,0.0,0.0,0.25,0.0,0.0,0.25,0.1
11929,27,0.8,0.9333333333333332,0.8687949224876582,0.14814814814814814,0.8,0.5,0.7090909090909091,0.6421867266689009,0.18518518518518517,0.5
18409,1,1.0,0.0,0.0,1.0,0.2,1.0,0.0,0.0,1.0,0.1
9799,8,0.2,0.3333333333333333,0.33916020527361607,0.125,0.2,0.375,0.25,0.3327372413301053,0.375,0.3
17260,51,0.6,0.39999999999999997,0.4468535299918562,0.058823529411764705,0.6,0.8,0.6545454545454545,0.6410457898283651,0.1568627450980392,0.8
11561,1,0.0,0.0,0.0,0.0,0.0,0.0,0.0,0.0,0.0,0.0
7189,1,1.0,1.0,1.0,1.0,0.2,1.0,1.0,1.0,1.0,0.1
22444,3,0.3333333333333333,0.33333333333333337,0.29608191096586517,0.3333333333333333,0.2,0.3333333333333333,0.3333333333333333,0.29608191096586517,0.3333333333333333,0.1
18719,11,0.2,0.3333333333333333,0.33916020527361607,0.09090909090909091,0.2,0.3,0.3090909090909091,0.36288691033421744,0.2727272727272727,0.3
18305,1,0.0,0.0,0.0,0.0,0.0,0.0,0.0,0.0,0.0,0.0
15350,2,0.0,0.0,0.0,0.0,0.0,0.0,0.0,0.0,0.0,0.0
2260,1,0.0,0.0,0.0,0.0,0.0,0.0,0.0,0.0,0.0,0.0
586,4,0.25,0.35714285714285715,0.39038004999210163,0.25,0.2,0.25,0.2941176470588235,0.39038004999210163,0.25,0.1
17413,4,0.0,0.0,0.0,0.0,0.0,0.25,0.0,0.0,0.25,0.1
2372,8,0.4,0.4000000000000001,0.3600546145772339,0.25,0.4,0.375,0.3653846153846154,0.34832010830510035,0.375,0.3
10760,29,0.8,0.8000000000000002,0.8304198973631919,0.13793103448275862,0.8,0.7,0.6909090909090909,0.7381919257729245,0.2413793103448276,0.7
264,3,0.0,0.0,0.0,0.0,0.0,0.0,0.0,0.0,0.0,0.0
13243,8,0.2,0.3333333333333333,0.33916020527361607,0.125,0.2,0.125,0.1923076923076923,0.2529427027676571,0.125,0.1
19154,20,0.4,0.4666666666666666,0.38356636737133554,0.1,0.4,0.3,0.36363636363636365,0.31833954895937183,0.15,0.3
6770,4,0.0,0.0,0.0,0.0,0.0,0.0,0.0,0.0,0.0,0.0
6937,11,0.6,0.5333333333333333,0.5147714448836773,0.2727272727272727,0.6,0.4,0.45454545454545453,0.40030566811860463,0.36363636363636365,0.4
20853,5,0.2,0.13333333333333333,0.14606834984270645,0.2,0.2,0.2,0.175,0.14606834984270645,0.2,0.1
654,5,0.0,0.0,0.0,0.0,0.0,0.0,0.0,0.0,0.0,0.0
6613,11,0.8,0.7333333333333334,0.7860137352654724,0.36363636363636365,0.8,0.7,0.7454545454545456,0.7241528458281336,0.6363636363636364,0.7
8087,1,0.0,0.0,0.0,0.0,0.0,0.0,0.0,0.0,0.0,0.0
16168,3,0.0,0.0,0.0,0.0,0.0,0.0,0.0,0.0,0.0,0.0
4272,5,0.2,0.19999999999999998,0.16958010263680803,0.2,0.2,0.2,0.2,0.16958010263680803,0.2,0.1
21739,23,0.2,0.19999999999999998,0.16958010263680803,0.043478260869565216,0.2,0.1,0.14545454545454548,0.11004588314904007,0.043478260869565216,0.1
4470,13,0.8,0.8666666666666666,0.8539316501572936,0.3076923076923077,0.8,0.5,0.6363636363636364,0.6203974344166848,0.38461538461538464,0.5
13747,10,0.6,0.5333333333333333,0.5147714448836773,0.3,0.6,0.6,0.6181818181818183,0.55206785919664,0.6,0.6
4691,1,1.0,0.0,0.0,1.0,0.2,1.0,0.0,0.0,1.0,0.1
732,3,0.0,0.0,0.0,0.0,0.0,0.0,0.0,0.0,0.0,0.0
11864,8,0.6,0.7333333333333334,0.6992148198508501,0.375,0.6,0.5,0.4999999999999999,0.5214682725103094,0.5,0.4
19535,1,0.0,0.0,0.0,0.0,0.0,0.0,0.0,0.0,0.0,0.0
12859,1,0.0,0.0,0.0,0.0,0.0,0.0,0.0,0.0,0.0,0.0
1290,3,0.3333333333333333,0.33333333333333337,0.29608191096586517,0.3333333333333333,0.2,0.3333333333333333,0.3333333333333333,0.29608191096586517,0.3333333333333333,0.1
10239,2,0.0,0.0,0.0,0.0,0.0,0.0,0.0,0.0,0.0,0.0
11285,13,0.8,0.8666666666666666,0.8539316501572936,0.3076923076923077,0.8,0.6,0.7090909090909091,0.6937613565160449,0.46153846153846156,0.6
22440,2,0.0,0.0,0.0,0.0,0.0,0.0,0.0,0.0,0.0,0.0
15800,2,0.0,0.0,0.0,0.0,0.0,0.0,0.0,0.0,0.0,0.0
4160,1,0.0,0.0,0.0,0.0,0.0,0.0,0.0,0.0,0.0,0.0
15795,15,0.6,0.6,0.529634717214042,0.2,0.6,0.5,0.6000000000000001,0.4954588824701807,0.3333333333333333,0.5
464,5,0.2,0.13333333333333333,0.14606834984270645,0.2,0.2,0.4,0.175,0.14606834984270645,0.4,0.2
13226,1,0.0,0.0,0.0,0.0,0.0,0.0,0.0,0.0,0.0,0.0
5081,1,0.0,0.0,0.0,0.0,0.0,0.0,0.0,0.0,0.0,0.0
15909,24,0.6,0.6,0.529634717214042,0.125,0.6,0.6,0.5454545454545455,0.5430029249822633,0.25,0.6
7233,1,0.0,0.0,0.0,0.0,0.0,0.0,0.0,0.0,0.0,0.0
8661,2,0.5,0.0,0.0,0.5,0.2,0.5,0.0,0.0,0.5,0.1
18612,1,0.0,0.0,0.0,0.0,0.0,0.0,0.0,0.0,0.0,0.0
9385,12,0.2,0.3333333333333333,0.33916020527361607,0.08333333333333333,0.2,0.3,0.23636363636363633,0.3499667779514209,0.25,0.3
4274,14,0.6,0.6,0.529634717214042,0.21428571428571427,0.6,0.5,0.5272727272727273,0.48068140169045714,0.35714285714285715,0.5
4491,18,0.2,0.26666666666666666,0.2139862647345275,0.05555555555555555,0.2,0.1,0.16363636363636364,0.1388624438735545,0.05555555555555555,0.1
22480,5,0.0,0.0,0.0,0.0,0.0,0.0,0.0,0.0,0.0,0.0
2312,17,0.6,0.7999999999999999,0.7227265726449518,0.17647058823529413,0.6,0.4,0.5636363636363636,0.5423640154200349,0.23529411764705882,0.4
16422,2,0.5,0.4444444444444445,0.3868528072345415,0.5,0.2,0.5,0.4736842105263158,0.3868528072345415,0.5,0.1
9463,2,0.0,0.0,0.0,0.0,0.0,0.0,0.0,0.0,0.0,0.0
5378,3,0.6666666666666666,0.25,0.23463936301137822,0.6666666666666666,0.4,1.0,0.2962962962962963,0.23463936301137822,1.0,0.3
5352,2,0.0,0.0,0.0,0.0,0.0,0.0,0.0,0.0,0.0,0.0
20114,2,0.0,0.0,0.0,0.0,0.0,0.0,0.0,0.0,0.0,0.0
15330,5,0.0,0.0,0.0,0.0,0.0,0.0,0.0,0.0,0.0,0.0
4368,16,0.4,0.4666666666666666,0.48522855511632257,0.125,0.4,0.3,0.4,0.3932783996463063,0.1875,0.3
13448,31,0.4,0.5333333333333333,0.5087403079104241,0.06451612903225806,0.4,0.6,0.5272727272727272,0.6078421520159134,0.1935483870967742,0.6
17307,6,0.0,0.0,0.0,0.0,0.0,0.0,0.0,0.0,0.0,0.0
2541,13,0.6,0.6666666666666666,0.6548086577531306,0.23076923076923078,0.6,0.3,0.45454545454545453,0.424926013816671,0.23076923076923078,0.3
16652,16,0.4,0.5333333333333333,0.5087403079104241,0.125,0.4,0.3,0.36363636363636365,0.39639187290150923,0.1875,0.3
14193,20,0.4,0.5333333333333333,0.5087403079104241,0.1,0.4,0.5,0.49090909090909096,0.5391870169376466,0.25,0.5
7195,10,0.6,0.39999999999999997,0.4468535299918562,0.3,0.6,0.4,0.43636363636363645,0.3594085870969891,0.4,0.4
15326,4,0.0,0.0,0.0,0.0,0.0,0.0,0.0,0.0,0.0,0.0
21534,8,0.0,0.0,0.0,0.0,0.0,0.0,0.0,0.0,0.0,0.0
6,6,0.4,0.5333333333333333,0.5087403079104241,0.3333333333333333,0.4,0.5,0.4,0.4539036202482201,0.5,0.3
11579,10,0.6,0.6666666666666666,0.6548086577531306,0.3,0.6,0.5,0.5272727272727272,0.5579780239523999,0.5,0.5
22403,3,0.6666666666666666,0.6666666666666667,0.7039180890341346,0.6666666666666666,0.4,0.6666666666666666,0.6666666666666666,0.7039180890341346,0.6666666666666666,0.2
105,3,0.0,0.0,0.0,0.0,0.0,0.0,0.0,0.0,0.0,0.0
4309,4,0.0,0.0,0.0,0.0,0.0,0.0,0.0,0.0,0.0,0.0
11491,1,0.0,0.0,0.0,0.0,0.0,0.0,0.0,0.0,0.0,0.0
9934,21,1.0,1.0,1.0,0.23809523809523808,1.0,0.7,0.8545454545454546,0.7917267193679839,0.3333333333333333,0.7
15433,2,0.0,0.0,0.0,0.0,0.0,0.0,0.0,0.0,0.0,0.0
13629,4,0.0,0.0,0.0,0.0,0.0,0.25,0.0,0.0,0.25,0.1
4866,15,0.8,0.8666666666666666,0.8539316501572936,0.26666666666666666,0.8,0.5,0.6909090909090909,0.6325414799409711,0.3333333333333333,0.5
2798,1,0.0,0.0,0.0,0.0,0.0,0.0,0.0,0.0,0.0,0.0
19354,4,0.25,0.14285714285714288,0.16812753627111746,0.25,0.2,0.25,0.20588235294117643,0.16812753627111746,0.25,0.1
12075,14,0.2,0.3333333333333333,0.33916020527361607,0.07142857142857142,0.2,0.3,0.23636363636363633,0.3499667779514209,0.21428571428571427,0.3
15591,4,0.25,0.35714285714285715,0.39038004999210163,0.25,0.2,0.25,0.2941176470588235,0.39038004999210163,0.25,0.1
4058,2,0.0,0.0,0.0,0.0,0.0,0.0,0.0,0.0,0.0,0.0
10590,8,0.6,0.6,0.6399453854227659,0.375,0.6,0.375,0.4615384615384615,0.4772656487866461,0.375,0.3
11952,1,0.0,0.0,0.0,0.0,0.0,0.0,0.0,0.0,0.0,0.0
19462,6,0.2,0.13333333333333333,0.14606834984270645,0.16666666666666666,0.2,0.5,0.26666666666666666,0.23811292043488155,0.5,0.3
3752,2,0.5,0.4444444444444445,0.3868528072345415,0.5,0.2,1.0,0.4736842105263158,0.3868528072345415,1.0,0.2
4166,3,0.0,0.0,0.0,0.0,0.0,0.0,0.0,0.0,0.0,0.0
2186,2,0.0,0.0,0.0,0.0,0.0,0.0,0.0,0.0,0.0,0.0
10838,1,1.0,1.0,1.0,1.0,0.2,1.0,1.0,1.0,1.0,0.1
12427,3,0.3333333333333333,0.33333333333333337,0.29608191096586517,0.3333333333333333,0.2,0.3333333333333333,0.3333333333333333,0.29608191096586517,0.3333333333333333,0.1
229,6,0.0,0.0,0.0,0.0,0.0,0.16666666666666666,0.1111111111111111,0.10778915452451095,0.16666666666666666,0.1
4891,9,0.2,0.19999999999999998,0.16958010263680803,0.1111111111111111,0.2,0.2222222222222222,0.14814814814814814,0.11752277470724269,0.2222222222222222,0.2
17174,13,0.6,0.7999999999999999,0.7227265726449518,0.23076923076923078,0.6,0.3,0.49090909090909096,0.46900009332067477,0.23076923076923078,0.3
16589,22,0.4,0.39999999999999997,0.4703652827859578,0.09090909090909091,0.4,0.5,0.509090909090909,0.5264282969545137,0.22727272727272727,0.5
12184,22,0.8,0.9333333333333332,0.8687949224876582,0.18181818181818182,0.8,0.5,0.7090909090909091,0.6421867266689009,0.22727272727272727,0.5
20716,22,0.4,0.4666666666666666,0.48522855511632257,0.09090909090909091,0.4,0.2,0.3090909090909091,0.31488013066763093,0.09090909090909091,0.2
20968,2,0.0,0.0,0.0,0.0,0.0,0.5,0.0,0.0,0.5,0.1
19128,3,0.3333333333333333,0.0,0.0,0.3333333333333333,0.2,0.3333333333333333,0.0,0.0,0.3333333333333333,0.1
9457,9,0.2,0.19999999999999998,0.16958010263680803,0.1111111111111111,0.2,0.2222222222222222,0.22222222222222224,0.1958712911787378,0.2222222222222222,0.2
21537,3,0.0,0.0,0.0,0.0,0.0,0.0,0.0,0.0,0.0,0.0
8071,3,0.6666666666666666,0.75,0.7653606369886217,0.6666666666666666,0.4,1.0,0.7037037037037036,0.7653606369886217,1.0,0.3
17150,1,0.0,0.0,0.0,0.0,0.0,0.0,0.0,0.0,0.0,0.0
18435,3,0.0,0.0,0.0,0.0,0.0,0.0,0.0,0.0,0.0,0.0
267,1,1.0,1.0,1.0,1.0,0.2,1.0,1.0,1.0,1.0,0.1
6372,4,0.0,0.0,0.0,0.0,0.0,0.0,0.0,0.0,0.0,0.0
2487,1,0.0,0.0,0.0,0.0,0.0,0.0,0.0,0.0,0.0,0.0
17223,12,0.2,0.3333333333333333,0.33916020527361607,0.08333333333333333,0.2,0.1,0.18181818181818182,0.22009176629808014,0.08333333333333333,0.1
14203,3,0.3333333333333333,0.0,0.0,0.3333333333333333,0.2,0.3333333333333333,0.0,0.0,0.3333333333333333,0.1
19866,1,0.0,0.0,0.0,0.0,0.0,0.0,0.0,0.0,0.0,0.0
22136,1,0.0,0.0,0.0,0.0,0.0,0.0,0.0,0.0,0.0,0.0
4077,2,0.0,0.0,0.0,0.0,0.0,0.0,0.0,0.0,0.0,0.0
17772,7,0.2,0.13333333333333333,0.14606834984270645,0.14285714285714285,0.2,0.14285714285714285,0.14285714285714285,0.11838279295536291,0.14285714285714285,0.1
17403,19,0.4,0.4666666666666666,0.48522855511632257,0.10526315789473684,0.4,0.3,0.36363636363636365,0.3843113526044082,0.15789473684210525,0.3
5709,13,0.2,0.13333333333333333,0.14606834984270645,0.07692307692307693,0.2,0.1,0.12727272727272726,0.09478836436955078,0.07692307692307693,0.1
10159,1,0.0,0.0,0.0,0.0,0.0,0.0,0.0,0.0,0.0,0.0
3607,2,0.0,0.0,0.0,0.0,0.0,0.0,0.0,0.0,0.0,0.0
18668,7,0.0,0.0,0.0,0.0,0.0,0.0,0.0,0.0,0.0,0.0
4229,4,0.25,0.35714285714285715,0.39038004999210163,0.25,0.2,0.25,0.2941176470588235,0.39038004999210163,0.25,0.1
19777,3,0.3333333333333333,0.25,0.23463936301137822,0.3333333333333333,0.2,0.3333333333333333,0.2962962962962963,0.23463936301137822,0.3333333333333333,0.1
3965,8,0.0,0.0,0.0,0.0,0.0,0.0,0.0,0.0,0.0,0.0
15044,3,0.3333333333333333,0.33333333333333337,0.29608191096586517,0.3333333333333333,0.2,0.3333333333333333,0.3333333333333333,0.29608191096586517,0.3333333333333333,0.1
9284,1,0.0,0.0,0.0,0.0,0.0,0.0,0.0,0.0,0.0,0.0
11506,19,1.0,1.0,1.0,0.2631578947368421,1.0,0.8,0.9272727272727274,0.866947989864271,0.42105263157894735,0.8
19157,3,0.0,0.0,0.0,0.0,0.0,0.0,0.0,0.0,0.0,0.0
9362,4,0.0,0.0,0.0,0.0,0.0,0.25,0.0,0.0,0.25,0.1
16330,9,0.4,0.4000000000000001,0.3600546145772339,0.2222222222222222,0.4,0.6666666666666666,0.4629629629629629,0.47277873126009956,0.6666666666666666,0.6
3597,7,0.2,0.06666666666666665,0.13120507751234176,0.14285714285714285,0.2,0.14285714285714285,0.12244897959183672,0.10633668103022983,0.14285714285714285,0.1
13771,18,0.6,0.5333333333333333,0.5147714448836773,0.16666666666666666,0.6,0.3,0.4181818181818182,0.3340514446642156,0.16666666666666666,0.3
13083,6,0.6,0.7999999999999999,0.7227265726449518,0.5,0.6,0.6666666666666666,0.6000000000000001,0.6448244864271548,0.6666666666666666,0.4
318,10,0.2,0.06666666666666665,0.13120507751234176,0.1,0.2,0.2,0.2,0.1635413866202963,0.2,0.2
13958,17,0.2,0.3333333333333333,0.33916020527361607,0.058823529411764705,0.2,0.3,0.3090909090909091,0.3647442587311445,0.17647058823529413,0.3
10134,14,0.2,0.3333333333333333,0.33916020527361607,0.07142857142857142,0.2,0.1,0.18181818181818182,0.22009176629808014,0.07142857142857142,0.1
20732,7,0.4,0.19999999999999998,0.2772734273550482,0.2857142857142857,0.4,0.42857142857142855,0.26530612244897955,0.22471947398559272,0.42857142857142855,0.3
18539,3,0.0,0.0,0.0,0.0,0.0,0.0,0.0,0.0,0.0,0.0
14073,20,0.6,0.7999999999999999,0.7227265726449518,0.15,0.6,0.5,0.6545454545454545,0.6207622843987102,0.25,0.5
614,6,0.4,0.26666666666666666,0.3007851801491498,0.3333333333333333,0.4,0.3333333333333333,0.3111111111111111,0.26836379988737025,0.3333333333333333,0.2
4346,1,1.0,1.0,1.0,1.0,0.2,1.0,1.0,1.0,1.0,0.1
2926,2,0.5,0.5555555555555556,0.6131471927654584,0.5,0.2,0.5,0.5263157894736842,0.6131471927654584,0.5,0.1
20300,12,0.0,0.0,0.0,0.0,0.0,0.1,0.09090909090909091,0.07839826897867533,0.08333333333333333,0.1
13085,2,0.0,0.0,0.0,0.0,0.0,0.0,0.0,0.0,0.0,0.0
17900,29,0.6,0.6666666666666666,0.6843515475204854,0.10344827586206896,0.6,0.6,0.6363636363636364,0.6594803070902429,0.20689655172413793,0.6
12504,1,0.0,0.0,0.0,0.0,0.0,0.0,0.0,0.0,0.0,0.0
8958,4,0.75,0.8571428571428572,0.8318724637288825,0.75,0.6,0.75,0.7941176470588235,0.8318724637288825,0.75,0.3
16194,2,0.0,0.0,0.0,0.0,0.0,0.5,0.0,0.0,0.5,0.1
11375,24,1.0,1.0,1.0,0.20833333333333334,1.0,0.7,0.7999999999999999,0.7819835854675756,0.2916666666666667,0.7
5433,4,0.25,0.28571428571428575,0.2463023887407299,0.25,0.2,0.5,0.2647058823529412,0.2463023887407299,0.5,0.2
2906,1,0.0,0.0,0.0,0.0,0.0,0.0,0.0,0.0,0.0,0.0
9258,1,0.0,0.0,0.0,0.0,0.0,0.0,0.0,0.0,0.0,0.0
20087,2,0.5,0.4444444444444445,0.3868528072345415,0.5,0.2,0.5,0.4736842105263158,0.3868528072345415,0.5,0.1
10545,2,0.0,0.0,0.0,0.0,0.0,0.5,0.0,0.0,0.5,0.1
9854,16,0.6,0.6666666666666666,0.6548086577531306,0.1875,0.6,0.3,0.45454545454545453,0.424926013816671,0.1875,0.3
11328,2,0.0,0.0,0.0,0.0,0.0,0.0,0.0,0.0,0.0,0.0
18226,4,0.25,0.28571428571428575,0.2463023887407299,0.25,0.2,0.25,0.2647058823529412,0.2463023887407299,0.25,0.1
204,37,1.0,1.0,1.0,0.13513513513513514,1.0,0.8,0.890909090909091,0.8579809428223729,0.21621621621621623,0.8
14593,1,0.0,0.0,0.0,0.0,0.0,0.0,0.0,0.0,0.0,0.0
12645,10,0.2,0.3333333333333333,0.33916020527361607,0.1,0.2,0.2,0.23636363636363636,0.2895229882348574,0.2,0.2
19118,1,0.0,0.0,0.0,0.0,0.0,0.0,0.0,0.0,0.0,0.0
19718,6,0.4,0.4666666666666666,0.48522855511632257,0.3333333333333333,0.4,0.3333333333333333,0.37777777777777777,0.4329261794091841,0.3333333333333333,0.2
17769,20,0.4,0.39999999999999997,0.4703652827859578,0.1,0.4,0.2,0.29090909090909095,0.3052348839397011,0.1,0.2
419,10,0.2,0.13333333333333333,0.14606834984270645,0.1,0.2,0.4,0.2727272727272727,0.30306164500156685,0.4,0.4
20338,2,0.0,0.0,0.0,0.0,0.0,0.5,0.0,0.0,0.5,0.1
9377,13,0.6,0.5333333333333333,0.5147714448836773,0.23076923076923078,0.6,0.4,0.5090909090909091,0.4124497136428909,0.3076923076923077,0.4
19404,17,0.8,0.8000000000000002,0.8304198973631919,0.23529411764705882,0.8,0.6,0.7454545454545454,0.6906478832608418,0.35294117647058826,0.6
9605,1,1.0,1.0,1.0,1.0,0.2,1.0,1.0,1.0,1.0,0.1
19274,1,0.0,0.0,0.0,0.0,0.0,0.0,0.0,0.0,0.0,0.0
14927,24,1.0,1.0,1.0,0.20833333333333334,1.0,1.0,1.0,1.0,0.4166666666666667,1.0
5206,4,0.75,0.7857142857142858,0.8048099750039491,0.75,0.6,0.75,0.764705882352941,0.8048099750039491,0.75,0.3
13903,7,0.2,0.3333333333333333,0.33916020527361607,0.14285714285714285,0.2,0.14285714285714285,0.2040816326530612,0.27487633291429087,0.14285714285714285,0.1
6116,13,0.2,0.26666666666666666,0.2139862647345275,0.07692307692307693,0.2,0.2,0.21818181818181823,0.20829366581033176,0.15384615384615385,0.2
19759,7,0.0,0.0,0.0,0.0,0.0,0.0,0.0,0.0,0.0,0.0
2426,12,0.2,0.3333333333333333,0.33916020527361607,0.08333333333333333,0.2,0.2,0.21818181818181817,0.28634598975246917,0.16666666666666666,0.2
5936,10,0.2,0.19999999999999998,0.16958010263680803,0.1,0.2,0.3,0.2545454545454546,0.24966402870278911,0.3,0.3
5407,13,0.2,0.3333333333333333,0.33916020527361607,0.07692307692307693,0.2,0.3,0.2909090909090909,0.35970991185182927,0.23076923076923078,0.3
1957,2,0.0,0.0,0.0,0.0,0.0,0.0,0.0,0.0,0.0,0.0
1022,20,0.2,0.06666666666666665,0.13120507751234176,0.05,0.2,0.2,0.14545454545454545,0.15139734109601,0.1,0.2
10095,10,0.0,0.0,0.0,0.0,0.0,0.0,0.0,0.0,0.0,0.0
9256,2,0.0,0.0,0.0,0.0,0.0,0.0,0.0,0.0,0.0,0.0
5576,17,0.2,0.26666666666666666,0.2139862647345275,0.058823529411764705,0.2,0.1,0.16363636363636364,0.1388624438735545,0.058823529411764705,0.1
14922,4,0.25,0.14285714285714288,0.16812753627111746,0.25,0.2,0.25,0.20588235294117643,0.16812753627111746,0.25,0.1
19677,5,0.4,0.3333333333333333,0.31564845247951445,0.4,0.4,0.4,0.375,0.31564845247951445,0.4,0.2
16400,4,0.0,0.0,0.0,0.0,0.0,0.25,0.0,0.0,0.25,0.1
708,7,0.4,0.6,0.5531464700081437,0.2857142857142857,0.4,0.2857142857142857,0.38775510204081626,0.4483039899025303,0.2857142857142857,0.2
16929,3,0.0,0.0,0.0,0.0,0.0,0.3333333333333333,0.0,0.0,0.3333333333333333,0.1
4987,17,0.4,0.4666666666666666,0.38356636737133554,0.11764705882352941,0.4,0.2,0.30909090909090914,0.24890832702259458,0.11764705882352941,0.2
12105,19,0.0,0.0,0.0,0.0,0.0,0.1,0.018181818181818177,0.0636207881989517,0.05263157894736842,0.1
2861,3,0.0,0.0,0.0,0.0,0.0,0.0,0.0,0.0,0.0,0.0
10494,4,0.25,0.35714285714285715,0.39038004999210163,0.25,0.2,0.25,0.2941176470588235,0.39038004999210163,0.25,0.1
6274,1,0.0,0.0,0.0,0.0,0.0,0.0,0.0,0.0,0.0,0.0
19162,9,0.4,0.4666666666666666,0.38356636737133554,0.2222222222222222,0.4,0.2222222222222222,0.3148148148148148,0.26582000527739175,0.2222222222222222,0.2
4013,2,0.5,0.0,0.0,0.5,0.2,0.5,0.0,0.0,0.5,0.1
6227,1,0.0,0.0,0.0,0.0,0.0,0.0,0.0,0.0,0.0,0.0
717,17,0.8,0.9333333333333332,0.8687949224876582,0.23529411764705882,0.8,0.6,0.7636363636363637,0.7116179486056782,0.35294117647058826,0.6
5596,2,0.5,0.5555555555555556,0.6131471927654584,0.5,0.2,0.5,0.5263157894736842,0.6131471927654584,0.5,0.1
560,11,0.0,0.0,0.0,0.0,0.0,0.0,0.0,0.0,0.0,0.0
13907,12,0.2,0.19999999999999998,0.16958010263680803,0.08333333333333333,0.2,0.2,0.23636363636363636,0.1884441521277154,0.16666666666666666,0.2
12797,32,0.4,0.6,0.5531464700081437,0.0625,0.4,0.5,0.5636363636363636,0.5801476231864473,0.15625,0.5
7838,15,0.6,0.6666666666666666,0.6548086577531306,0.2,0.6,0.4,0.49090909090909096,0.49118023727106,0.26666666666666666,0.4
19203,3,0.0,0.0,0.0,0.0,0.0,0.0,0.0,0.0,0.0,0.0
9940,5,0.4,0.5333333333333333,0.5087403079104241,0.4,0.4,0.4,0.45,0.5087403079104241,0.4,0.2
20965,3,0.0,0.0,0.0,0.0,0.0,0.0,0.0,0.0,0.0,0.0
10243,4,0.0,0.0,0.0,0.0,0.0,0.5,0.0,0.0,0.5,0.2
256,13,0.6,0.7999999999999999,0.7227265726449518,0.23076923076923078,0.6,0.5,0.5454545454545455,0.5988751049740155,0.38461538461538464,0.5
6641,3,0.3333333333333333,0.0,0.0,0.3333333333333333,0.2,0.6666666666666666,0.0,0.0,0.6666666666666666,0.2
10152,12,0.0,0.0,0.0,0.0,0.0,0.0,0.0,0.0,0.0,0.0
21471,1,0.0,0.0,0.0,0.0,0.0,0.0,0.0,0.0,0.0,0.0
15371,2,0.0,0.0,0.0,0.0,0.0,0.0,0.0,0.0,0.0,0.0
13576,1,0.0,0.0,0.0,0.0,0.0,0.0,0.0,0.0,0.0,0.0
6350,1,0.0,0.0,0.0,0.0,0.0,0.0,0.0,0.0,0.0,0.0
2302,12,0.4,0.6,0.5531464700081437,0.16666666666666666,0.4,0.3,0.36363636363636365,0.4225749983705864,0.25,0.3
7509,11,0.0,0.0,0.0,0.0,0.0,0.1,0.05454545454545456,0.06943122193677725,0.09090909090909091,0.1
10147,14,0.4,0.6,0.5531464700081437,0.14285714285714285,0.4,0.3,0.43636363636363634,0.43735247915031,0.21428571428571427,0.3
17546,2,0.0,0.0,0.0,0.0,0.0,0.0,0.0,0.0,0.0,0.0
6199,7,0.0,0.0,0.0,0.0,0.0,0.2857142857142857,0.1020408163265306,0.0979129253499678,0.2857142857142857,0.2
119,2,0.5,0.5555555555555556,0.6131471927654584,0.5,0.2,0.5,0.5263157894736842,0.6131471927654584,0.5,0.1
11799,1,0.0,0.0,0.0,0.0,0.0,0.0,0.0,0.0,0.0,0.0
19064,13,0.2,0.06666666666666665,0.13120507751234176,0.07692307692307693,0.2,0.2,0.18181818181818182,0.15850703974098102,0.15384615384615385,0.2
10568,7,0.4,0.4666666666666666,0.48522855511632257,0.2857142857142857,0.4,0.2857142857142857,0.346938775510204,0.3932591258696538,0.2857142857142857,0.2
9899,1,0.0,0.0,0.0,0.0,0.0,0.0,0.0,0.0,0.0,0.0
12413,16,0.0,0.0,0.0,0.0,0.0,0.0,0.0,0.0,0.0,0.0
20654,3,0.0,0.0,0.0,0.0,0.0,0.0,0.0,0.0,0.0,0.0
13590,4,0.0,0.0,0.0,0.0,0.0,0.0,0.0,0.0,0.0,0.0
5319,7,0.2,0.3333333333333333,0.33916020527361607,0.14285714285714285,0.2,0.2857142857142857,0.2040816326530612,0.27487633291429087,0.2857142857142857,0.2
11439,1,0.0,0.0,0.0,0.0,0.0,0.0,0.0,0.0,0.0,0.0
5311,5,0.4,0.6,0.5531464700081437,0.4,0.4,0.6,0.475,0.5531464700081437,0.6,0.3
10455,21,0.4,0.6,0.5531464700081437,0.09523809523809523,0.4,0.3,0.43636363636363634,0.43735247915031,0.14285714285714285,0.3
10210,3,0.3333333333333333,0.33333333333333337,0.29608191096586517,0.3333333333333333,0.2,0.3333333333333333,0.3333333333333333,0.29608191096586517,0.3333333333333333,0.1
22204,1,0.0,0.0,0.0,0.0,0.0,0.0,0.0,0.0,0.0,0.0
16520,3,0.3333333333333333,0.4166666666666667,0.46927872602275644,0.3333333333333333,0.2,0.3333333333333333,0.37037037037037035,0.46927872602275644,0.3333333333333333,0.1
6045,22,0.8,0.8000000000000002,0.8304198973631919,0.18181818181818182,0.8,0.5,0.6,0.6025064803817581,0.22727272727272727,0.5
17043,8,0.2,0.26666666666666666,0.2139862647345275,0.125,0.2,0.125,0.17307692307692307,0.1595890771248963,0.125,0.1
9752,3,0.0,0.0,0.0,0.0,0.0,0.3333333333333333,0.0,0.0,0.3333333333333333,0.1
15366,7,0.0,0.0,0.0,0.0,0.0,0.14285714285714285,0.08163265306122448,0.09162544430476363,0.14285714285714285,0.1
12684,4,0.25,0.35714285714285715,0.39038004999210163,0.25,0.2,0.25,0.2941176470588235,0.39038004999210163,0.25,0.1
6302,3,0.6666666666666666,0.75,0.7653606369886217,0.6666666666666666,0.4,0.6666666666666666,0.7037037037037036,0.7653606369886217,0.6666666666666666,0.2
3020,8,0.4,0.4666666666666666,0.38356636737133554,0.25,0.4,0.25,0.3269230769230769,0.2860604285087249,0.25,0.2
4517,7,0.0,0.0,0.0,0.0,0.0,0.0,0.0,0.0,0.0,0.0
12501,1,0.0,0.0,0.0,0.0,0.0,0.0,0.0,0.0,0.0,0.0
1675,3,0.3333333333333333,0.25,0.23463936301137822,0.3333333333333333,0.2,0.3333333333333333,0.2962962962962963,0.23463936301137822,0.3333333333333333,0.1
21066,1,0.0,0.0,0.0,0.0,0.0,0.0,0.0,0.0,0.0,0.0
4528,10,0.0,0.0,0.0,0.0,0.0,0.1,0.036363636363636355,0.06625422345438903,0.1,0.1
1451,3,0.0,0.0,0.0,0.0,0.0,0.0,0.0,0.0,0.0,0.0
18121,4,0.0,0.0,0.0,0.0,0.0,0.0,0.0,0.0,0.0,0.0
21175,11,0.4,0.4666666666666666,0.38356636737133554,0.18181818181818182,0.4,0.2,0.30909090909090914,0.24890832702259458,0.18181818181818182,0.2
12886,2,0.0,0.0,0.0,0.0,0.0,0.0,0.0,0.0,0.0,0.0
11719,2,0.0,0.0,0.0,0.0,0.0,0.0,0.0,0.0,0.0,0.0
10385,13,0.8,0.9333333333333332,0.8687949224876582,0.3076923076923077,0.8,0.5,0.6727272727272727,0.6332196796270029,0.38461538461538464,0.5
9388,19,0.8,0.8000000000000002,0.8304198973631919,0.21052631578947367,0.8,0.7,0.7636363636363636,0.7542686714597936,0.3684210526315789,0.7
11871,23,0.4,0.4000000000000001,0.3600546145772339,0.08695652173913043,0.4,0.6,0.5454545454545454,0.5210984447123069,0.2608695652173913,0.6
19333,3,0.6666666666666666,0.6666666666666667,0.7039180890341346,0.6666666666666666,0.4,0.6666666666666666,0.6666666666666666,0.7039180890341346,0.6666666666666666,0.2
10426,5,0.0,0.0,0.0,0.0,0.0,0.0,0.0,0.0,0.0,0.0
1034,1,0.0,0.0,0.0,0.0,0.0,0.0,0.0,0.0,0.0,0.0
17460,6,0.2,0.26666666666666666,0.2139862647345275,0.16666666666666666,0.2,0.3333333333333333,0.2,0.1909208661789346,0.3333333333333333,0.2
17087,2,0.0,0.0,0.0,0.0,0.0,0.0,0.0,0.0,0.0,0.0
11454,6,0.4,0.19999999999999998,0.2772734273550482,0.3333333333333333,0.4,0.3333333333333333,0.28888888888888886,0.24738635904833414,0.3333333333333333,0.2
7783,7,0.0,0.0,0.0,0.0,0.0,0.0,0.0,0.0,0.0,0.0
14276,6,0.2,0.19999999999999998,0.16958010263680803,0.16666666666666666,0.2,0.3333333333333333,0.17777777777777778,0.15130120674940672,0.3333333333333333,0.2
22402,10,0.2,0.3333333333333333,0.33916020527361607,0.1,0.2,0.1,0.18181818181818182,0.22009176629808014,0.1,0.1
12163,9,0.2,0.19999999999999998,0.16958010263680803,0.1111111111111111,0.2,0.1111111111111111,0.14814814814814814,0.11752277470724269,0.1111111111111111,0.1
8552,8,0.2,0.26666666666666666,0.2139862647345275,0.125,0.2,0.125,0.17307692307692307,0.1595890771248963,0.125,0.1
