user,total purchases,HR@5,WHR@5,nDCG@5,recall@5,precision@5,HR@10,WHR@10,nDCG@10,recall@10,precision@10
7682,7,0.2,0.06666666666666665,0.13120507751234176,0.14285714285714285,0.2,0.14285714285714285,0.12244897959183672,0.10633668103022983,0.14285714285714285,0.1
7358,2,0.5,0.0,0.0,0.5,0.2,0.5,0.0,0.0,0.5,0.1
11083,8,0.0,0.0,0.0,0.0,0.0,0.0,0.0,0.0,0.0,0.0
6509,1,1.0,0.0,0.0,1.0,0.2,1.0,0.0,0.0,1.0,0.1
5090,6,0.0,0.0,0.0,0.0,0.0,0.0,0.0,0.0,0.0,0.0
18432,12,0.2,0.26666666666666666,0.2139862647345275,0.08333333333333333,0.2,0.2,0.23636363636363636,0.21222636597291453,0.16666666666666666,0.2
18990,3,0.0,0.0,0.0,0.0,0.0,0.0,0.0,0.0,0.0,0.0
20682,20,0.0,0.0,0.0,0.0,0.0,0.0,0.0,0.0,0.0,0.0
13030,3,0.0,0.0,0.0,0.0,0.0,0.0,0.0,0.0,0.0,0.0
4081,1,0.0,0.0,0.0,0.0,0.0,0.0,0.0,0.0,0.0,0.0
395,20,0.4,0.6,0.5531464700081437,0.1,0.4,0.2,0.34545454545454546,0.3589542101716347,0.1,0.2
10816,4,0.0,0.0,0.0,0.0,0.0,0.0,0.0,0.0,0.0,0.0
18280,12,0.4,0.19999999999999998,0.2772734273550482,0.16666666666666666,0.4,0.2,0.23636363636363633,0.17993148201117173,0.16666666666666666,0.2
8902,6,0.0,0.0,0.0,0.0,0.0,0.0,0.0,0.0,0.0,0.0
14724,17,0.0,0.0,0.0,0.0,0.0,0.0,0.0,0.0,0.0,0.0
15628,26,0.0,0.0,0.0,0.0,0.0,0.1,0.07272727272727274,0.07336392209936006,0.038461538461538464,0.1
762,3,0.0,0.0,0.0,0.0,0.0,0.0,0.0,0.0,0.0,0.0
2704,20,0.4,0.39999999999999997,0.4703652827859578,0.1,0.4,0.3,0.34545454545454546,0.3746661058764783,0.15,0.3
1727,21,0.8,0.9333333333333332,0.8687949224876582,0.19047619047619047,0.8,0.4,0.6181818181818183,0.5637884576902256,0.19047619047619047,0.4
22383,28,0.2,0.3333333333333333,0.33916020527361607,0.03571428571428571,0.2,0.3,0.3090909090909091,0.3647442587311445,0.10714285714285714,0.3
17074,5,0.0,0.0,0.0,0.0,0.0,0.0,0.0,0.0,0.0,0.0
4762,11,0.2,0.26666666666666666,0.2139862647345275,0.09090909090909091,0.2,0.1,0.16363636363636364,0.1388624438735545,0.09090909090909091,0.1
5497,2,0.0,0.0,0.0,0.0,0.0,0.0,0.0,0.0,0.0,0.0
1524,3,0.0,0.0,0.0,0.0,0.0,0.0,0.0,0.0,0.0,0.0
6122,3,0.0,0.0,0.0,0.0,0.0,0.0,0.0,0.0,0.0,0.0
552,10,0.0,0.0,0.0,0.0,0.0,0.0,0.0,0.0,0.0,0.0
20805,3,0.3333333333333333,0.0,0.0,0.3333333333333333,0.2,0.3333333333333333,0.0,0.0,0.3333333333333333,0.1
6943,3,0.0,0.0,0.0,0.0,0.0,0.0,0.0,0.0,0.0,0.0
2333,9,0.4,0.39999999999999997,0.4703652827859578,0.2222222222222222,0.4,0.3333333333333333,0.2962962962962963,0.32597358003346416,0.3333333333333333,0.3
11589,12,0.0,0.0,0.0,0.0,0.0,0.0,0.0,0.0,0.0,0.0
11429,3,0.0,0.0,0.0,0.0,0.0,0.0,0.0,0.0,0.0,0.0
8440,2,0.5,0.5555555555555556,0.6131471927654584,0.5,0.2,0.5,0.5263157894736842,0.6131471927654584,0.5,0.1
10264,13,0.2,0.26666666666666666,0.2139862647345275,0.07692307692307693,0.2,0.2,0.18181818181818182,0.2024832320725062,0.15384615384615385,0.2
4482,3,0.3333333333333333,0.33333333333333337,0.29608191096586517,0.3333333333333333,0.2,0.3333333333333333,0.3333333333333333,0.29608191096586517,0.3333333333333333,0.1
15446,14,0.2,0.3333333333333333,0.33916020527361607,0.07142857142857142,0.2,0.1,0.18181818181818182,0.22009176629808014,0.07142857142857142,0.1
21166,1,0.0,0.0,0.0,0.0,0.0,0.0,0.0,0.0,0.0,0.0
4611,3,0.0,0.0,0.0,0.0,0.0,0.0,0.0,0.0,0.0,0.0
9159,6,0.0,0.0,0.0,0.0,0.0,0.16666666666666666,0.0,0.0,0.16666666666666666,0.1
7470,11,0.2,0.06666666666666665,0.13120507751234176,0.09090909090909091,0.2,0.3,0.2,0.22082856303278725,0.2727272727272727,0.3
8826,2,0.0,0.0,0.0,0.0,0.0,0.0,0.0,0.0,0.0,0.0
13043,1,0.0,0.0,0.0,0.0,0.0,0.0,0.0,0.0,0.0,0.0
10856,10,0.2,0.3333333333333333,0.33916020527361607,0.1,0.2,0.1,0.18181818181818182,0.22009176629808014,0.1,0.1
8965,4,0.0,0.0,0.0,0.0,0.0,0.0,0.0,0.0,0.0,0.0
8955,1,0.0,0.0,0.0,0.0,0.0,0.0,0.0,0.0,0.0,0.0
7300,2,0.0,0.0,0.0,0.0,0.0,0.0,0.0,0.0,0.0,0.0
940,4,0.25,0.14285714285714288,0.16812753627111746,0.25,0.2,0.5,0.20588235294117643,0.16812753627111746,0.5,0.2
22416,1,0.0,0.0,0.0,0.0,0.0,0.0,0.0,0.0,0.0,0.0
19674,16,0.0,0.0,0.0,0.0,0.0,0.1,0.018181818181818177,0.0636207881989517,0.0625,0.1
4746,24,0.4,0.19999999999999998,0.2772734273550482,0.08333333333333333,0.4,0.2,0.23636363636363633,0.17993148201117173,0.08333333333333333,0.2
4868,10,0.4,0.4666666666666666,0.48522855511632257,0.2,0.4,0.3,0.3272727272727272,0.3785009188665826,0.3,0.3
20259,2,0.0,0.0,0.0,0.0,0.0,0.0,0.0,0.0,0.0,0.0
21843,3,0.0,0.0,0.0,0.0,0.0,0.0,0.0,0.0,0.0,0.0
18184,8,0.0,0.0,0.0,0.0,0.0,0.0,0.0,0.0,0.0,0.0
12759,16,0.2,0.06666666666666665,0.13120507751234176,0.0625,0.2,0.2,0.16363636363636364,0.15457433957839825,0.125,0.2
21174,1,0.0,0.0,0.0,0.0,0.0,0.0,0.0,0.0,0.0,0.0
11892,2,0.5,0.4444444444444445,0.3868528072345415,0.5,0.2,0.5,0.4736842105263158,0.3868528072345415,0.5,0.1
10624,9,0.0,0.0,0.0,0.0,0.0,0.0,0.0,0.0,0.0,0.0
5610,7,0.0,0.0,0.0,0.0,0.0,0.0,0.0,0.0,0.0,0.0
17861,3,0.0,0.0,0.0,0.0,0.0,0.0,0.0,0.0,0.0,0.0
16125,4,0.0,0.0,0.0,0.0,0.0,0.0,0.0,0.0,0.0,0.0
14269,3,0.3333333333333333,0.4166666666666667,0.46927872602275644,0.3333333333333333,0.2,0.3333333333333333,0.37037037037037035,0.46927872602275644,0.3333333333333333,0.1
14310,2,0.5,0.5555555555555556,0.6131471927654584,0.5,0.2,0.5,0.5263157894736842,0.6131471927654584,0.5,0.1
12649,6,0.2,0.3333333333333333,0.33916020527361607,0.16666666666666666,0.2,0.16666666666666666,0.2222222222222222,0.30260241349881345,0.16666666666666666,0.1
12054,2,0.0,0.0,0.0,0.0,0.0,0.0,0.0,0.0,0.0,0.0
20456,14,0.2,0.06666666666666665,0.13120507751234176,0.07142857142857142,0.2,0.1,0.10909090909090909,0.08514311764162097,0.07142857142857142,0.1
18176,10,0.2,0.26666666666666666,0.2139862647345275,0.1,0.2,0.1,0.16363636363636364,0.1388624438735545,0.1,0.1
1799,5,0.0,0.0,0.0,0.0,0.0,0.0,0.0,0.0,0.0,0.0
857,9,0.2,0.19999999999999998,0.16958010263680803,0.1111111111111111,0.2,0.1111111111111111,0.14814814814814814,0.11752277470724269,0.1111111111111111,0.1
15542,1,0.0,0.0,0.0,0.0,0.0,0.0,0.0,0.0,0.0,0.0
4666,9,0.2,0.26666666666666666,0.2139862647345275,0.1111111111111111,0.2,0.1111111111111111,0.16666666666666666,0.14829723057014907,0.1111111111111111,0.1
9220,12,0.4,0.6,0.5531464700081437,0.16666666666666666,0.4,0.3,0.43636363636363634,0.43735247915031,0.25,0.3
17307,6,0.0,0.0,0.0,0.0,0.0,0.0,0.0,0.0,0.0,0.0
18801,12,0.0,0.0,0.0,0.0,0.0,0.0,0.0,0.0,0.0,0.0
20404,18,0.2,0.06666666666666665,0.13120507751234176,0.05555555555555555,0.2,0.1,0.10909090909090909,0.08514311764162097,0.05555555555555555,0.1
16556,1,0.0,0.0,0.0,0.0,0.0,0.0,0.0,0.0,0.0,0.0
16564,8,0.0,0.0,0.0,0.0,0.0,0.0,0.0,0.0,0.0,0.0
13269,1,0.0,0.0,0.0,0.0,0.0,0.0,0.0,0.0,0.0,0.0
17947,2,0.0,0.0,0.0,0.0,0.0,0.0,0.0,0.0,0.0,0.0
3937,12,0.0,0.0,0.0,0.0,0.0,0.0,0.0,0.0,0.0,0.0
15021,14,0.2,0.3333333333333333,0.33916020527361607,0.07142857142857142,0.2,0.2,0.2727272727272727,0.2984900352767555,0.14285714285714285,0.2
18260,2,0.5,0.5555555555555556,0.6131471927654584,0.5,0.2,0.5,0.5263157894736842,0.6131471927654584,0.5,0.1
21383,1,0.0,0.0,0.0,0.0,0.0,0.0,0.0,0.0,0.0,0.0
17653,13,0.0,0.0,0.0,0.0,0.0,0.0,0.0,0.0,0.0,0.0
296,1,0.0,0.0,0.0,0.0,0.0,0.0,0.0,0.0,0.0,0.0
8091,1,0.0,0.0,0.0,0.0,0.0,0.0,0.0,0.0,0.0,0.0
2438,16,0.6,0.6666666666666666,0.6548086577531306,0.1875,0.6,0.4,0.49090909090909096,0.49118023727106,0.25,0.4
20695,9,0.2,0.19999999999999998,0.16958010263680803,0.1111111111111111,0.2,0.2222222222222222,0.24074074074074073,0.20124768870643617,0.2222222222222222,0.2
8082,1,0.0,0.0,0.0,0.0,0.0,0.0,0.0,0.0,0.0,0.0
20665,6,0.0,0.0,0.0,0.0,0.0,0.0,0.0,0.0,0.0,0.0
19203,3,0.3333333333333333,0.25,0.23463936301137822,0.3333333333333333,0.2,0.3333333333333333,0.2962962962962963,0.23463936301137822,0.3333333333333333,0.1
2724,9,0.2,0.26666666666666666,0.2139862647345275,0.1111111111111111,0.2,0.1111111111111111,0.16666666666666666,0.14829723057014907,0.1111111111111111,0.1
18064,23,0.4,0.6,0.5531464700081437,0.08695652173913043,0.4,0.3,0.36363636363636365,0.4225749983705864,0.13043478260869565,0.3
5137,1,0.0,0.0,0.0,0.0,0.0,0.0,0.0,0.0,0.0,0.0
16175,1,0.0,0.0,0.0,0.0,0.0,1.0,0.0,0.0,1.0,0.1
6716,2,0.0,0.0,0.0,0.0,0.0,0.0,0.0,0.0,0.0,0.0
2198,9,0.0,0.0,0.0,0.0,0.0,0.0,0.0,0.0,0.0,0.0
11893,20,0.6,0.7333333333333334,0.6992148198508501,0.15,0.6,0.3,0.47272727272727266,0.4537425745411855,0.15,0.3
8280,7,0.0,0.0,0.0,0.0,0.0,0.0,0.0,0.0,0.0,0.0
1309,33,0.2,0.3333333333333333,0.33916020527361607,0.030303030303030304,0.2,0.3,0.2909090909090909,0.35970991185182927,0.09090909090909091,0.3
16014,11,0.2,0.26666666666666666,0.2139862647345275,0.09090909090909091,0.2,0.1,0.16363636363636364,0.1388624438735545,0.09090909090909091,0.1
19799,4,0.0,0.0,0.0,0.0,0.0,0.0,0.0,0.0,0.0,0.0
16070,1,0.0,0.0,0.0,0.0,0.0,0.0,0.0,0.0,0.0,0.0
14191,13,0.4,0.3333333333333333,0.31564845247951445,0.15384615384615385,0.4,0.3,0.36363636363636365,0.28323251649726616,0.23076923076923078,0.3
15694,1,0.0,0.0,0.0,0.0,0.0,0.0,0.0,0.0,0.0,0.0
18952,3,0.0,0.0,0.0,0.0,0.0,0.3333333333333333,0.0,0.0,0.3333333333333333,0.1
15025,33,0.2,0.3333333333333333,0.33916020527361607,0.030303030303030304,0.2,0.3,0.3090909090909091,0.36288691033421744,0.09090909090909091,0.3
7249,2,0.0,0.0,0.0,0.0,0.0,0.0,0.0,0.0,0.0,0.0
19578,4,0.0,0.0,0.0,0.0,0.0,0.0,0.0,0.0,0.0,0.0
4328,4,0.25,0.0,0.0,0.25,0.2,0.25,0.0,0.0,0.25,0.1
14045,1,0.0,0.0,0.0,0.0,0.0,0.0,0.0,0.0,0.0,0.0
2237,1,0.0,0.0,0.0,0.0,0.0,0.0,0.0,0.0,0.0,0.0
3051,11,0.2,0.3333333333333333,0.33916020527361607,0.09090909090909091,0.2,0.2,0.2,0.2837125544970318,0.18181818181818182,0.2
16352,10,0.2,0.26666666666666666,0.2139862647345275,0.1,0.2,0.2,0.23636363636363636,0.21222636597291453,0.2,0.2
6515,5,0.0,0.0,0.0,0.0,0.0,0.0,0.0,0.0,0.0,0.0
16884,15,0.4,0.3333333333333333,0.34519134224686926,0.13333333333333333,0.4,0.3,0.29090909090909095,0.28762634971412715,0.2,0.3
2274,3,0.3333333333333333,0.33333333333333337,0.29608191096586517,0.3333333333333333,0.2,0.3333333333333333,0.3333333333333333,0.29608191096586517,0.3333333333333333,0.1
12502,1,0.0,0.0,0.0,0.0,0.0,0.0,0.0,0.0,0.0,0.0
7330,9,0.2,0.3333333333333333,0.33916020527361607,0.1111111111111111,0.2,0.2222222222222222,0.24074074074074073,0.3091941646995599,0.2222222222222222,0.2
19788,1,0.0,0.0,0.0,0.0,0.0,0.0,0.0,0.0,0.0,0.0
7793,3,0.3333333333333333,0.4166666666666667,0.46927872602275644,0.3333333333333333,0.2,0.3333333333333333,0.37037037037037035,0.46927872602275644,0.3333333333333333,0.1
10533,22,0.2,0.06666666666666665,0.13120507751234176,0.045454545454545456,0.2,0.2,0.2,0.1635413866202963,0.09090909090909091,0.2
19414,6,0.0,0.0,0.0,0.0,0.0,0.16666666666666666,0.0,0.0,0.16666666666666666,0.1
12736,12,0.0,0.0,0.0,0.0,0.0,0.0,0.0,0.0,0.0,0.0
11221,14,0.0,0.0,0.0,0.0,0.0,0.1,0.036363636363636355,0.06625422345438903,0.07142857142857142,0.1
5939,6,0.0,0.0,0.0,0.0,0.0,0.0,0.0,0.0,0.0,0.0
11821,1,0.0,0.0,0.0,0.0,0.0,0.0,0.0,0.0,0.0,0.0
15782,3,0.0,0.0,0.0,0.0,0.0,0.0,0.0,0.0,0.0,0.0
13865,13,0.0,0.0,0.0,0.0,0.0,0.0,0.0,0.0,0.0,0.0
14712,3,0.0,0.0,0.0,0.0,0.0,0.0,0.0,0.0,0.0,0.0
11062,3,0.0,0.0,0.0,0.0,0.0,0.0,0.0,0.0,0.0,0.0
1935,35,0.2,0.3333333333333333,0.33916020527361607,0.02857142857142857,0.2,0.3,0.23636363636363633,0.3499667779514209,0.08571428571428572,0.3
16946,7,0.2,0.3333333333333333,0.33916020527361607,0.14285714285714285,0.2,0.14285714285714285,0.2040816326530612,0.27487633291429087,0.14285714285714285,0.1
22227,5,0.0,0.0,0.0,0.0,0.0,0.2,0.0,0.0,0.2,0.1
1677,13,0.4,0.3333333333333333,0.31564845247951445,0.15384615384615385,0.4,0.2,0.2727272727272727,0.20483424751859083,0.15384615384615385,0.2
12530,13,0.0,0.0,0.0,0.0,0.0,0.0,0.0,0.0,0.0,0.0
12396,24,0.0,0.0,0.0,0.0,0.0,0.1,0.036363636363636355,0.06625422345438903,0.041666666666666664,0.1
17677,2,0.0,0.0,0.0,0.0,0.0,0.0,0.0,0.0,0.0,0.0
2697,15,0.2,0.26666666666666666,0.2139862647345275,0.06666666666666667,0.2,0.2,0.2,0.2051166673279435,0.13333333333333333,0.2
11124,6,0.6,0.6,0.6399453854227659,0.5,0.6,0.6666666666666666,0.5333333333333333,0.5709662133861837,0.6666666666666666,0.4
9708,2,0.0,0.0,0.0,0.0,0.0,0.0,0.0,0.0,0.0,0.0
16189,26,0.4,0.4000000000000001,0.3600546145772339,0.07692307692307693,0.4,0.2,0.29090909090909095,0.23365080824310527,0.07692307692307693,0.2
16898,11,0.0,0.0,0.0,0.0,0.0,0.1,0.036363636363636355,0.06625422345438903,0.09090909090909091,0.1
7384,3,0.0,0.0,0.0,0.0,0.0,0.3333333333333333,0.0,0.0,0.3333333333333333,0.1
1051,13,0.0,0.0,0.0,0.0,0.0,0.1,0.07272727272727274,0.07336392209936006,0.07692307692307693,0.1
19207,11,0.6,0.5333333333333333,0.5147714448836773,0.2727272727272727,0.6,0.3,0.4181818181818182,0.3340514446642156,0.2727272727272727,0.3
12684,4,0.25,0.2142857142857143,0.19519002499605081,0.25,0.2,0.25,0.23529411764705882,0.19519002499605081,0.25,0.1
15711,4,0.0,0.0,0.0,0.0,0.0,0.25,0.0,0.0,0.25,0.1
1804,11,0.4,0.6,0.5531464700081437,0.18181818181818182,0.4,0.4,0.45454545454545453,0.49857235572538383,0.36363636363636365,0.4
11337,12,0.0,0.0,0.0,0.0,0.0,0.0,0.0,0.0,0.0,0.0
4357,22,0.4,0.6,0.5531464700081437,0.09090909090909091,0.4,0.2,0.34545454545454546,0.3589542101716347,0.09090909090909091,0.2
9400,1,0.0,0.0,0.0,0.0,0.0,1.0,0.0,0.0,1.0,0.1
9814,14,0.4,0.6,0.5531464700081437,0.14285714285714285,0.4,0.3,0.36363636363636365,0.4225749983705864,0.21428571428571427,0.3
6310,9,0.0,0.0,0.0,0.0,0.0,0.1111111111111111,0.05555555555555556,0.07414861528507453,0.1111111111111111,0.1
675,15,0.2,0.3333333333333333,0.33916020527361607,0.06666666666666667,0.2,0.1,0.18181818181818182,0.22009176629808014,0.06666666666666667,0.1
10202,1,1.0,0.0,0.0,1.0,0.2,1.0,0.0,0.0,1.0,0.1
6888,2,0.0,0.0,0.0,0.0,0.0,0.0,0.0,0.0,0.0,0.0
22141,3,0.0,0.0,0.0,0.0,0.0,0.0,0.0,0.0,0.0,0.0
3373,2,0.5,0.4444444444444445,0.3868528072345415,0.5,0.2,0.5,0.4736842105263158,0.3868528072345415,0.5,0.1
11549,15,0.2,0.26666666666666666,0.2139862647345275,0.06666666666666667,0.2,0.1,0.16363636363636364,0.1388624438735545,0.06666666666666667,0.1
21365,2,0.0,0.0,0.0,0.0,0.0,0.0,0.0,0.0,0.0,0.0
21780,5,0.2,0.3333333333333333,0.33916020527361607,0.2,0.2,0.2,0.25,0.33916020527361607,0.2,0.1
18473,1,0.0,0.0,0.0,0.0,0.0,0.0,0.0,0.0,0.0,0.0
16967,7,0.2,0.3333333333333333,0.33916020527361607,0.14285714285714285,0.2,0.2857142857142857,0.2857142857142857,0.3665017772190545,0.2857142857142857,0.2
5797,19,0.2,0.06666666666666665,0.13120507751234176,0.05263157894736842,0.2,0.2,0.18181818181818182,0.15850703974098102,0.10526315789473684,0.2
16635,4,0.0,0.0,0.0,0.0,0.0,0.0,0.0,0.0,0.0,0.0
2175,1,0.0,0.0,0.0,0.0,0.0,0.0,0.0,0.0,0.0,0.0
2275,5,0.2,0.19999999999999998,0.16958010263680803,0.2,0.2,0.4,0.2,0.16958010263680803,0.4,0.2
12166,1,0.0,0.0,0.0,0.0,0.0,0.0,0.0,0.0,0.0,0.0
716,2,0.0,0.0,0.0,0.0,0.0,0.0,0.0,0.0,0.0,0.0
21127,10,0.0,0.0,0.0,0.0,0.0,0.0,0.0,0.0,0.0,0.0
14761,13,0.2,0.26666666666666666,0.2139862647345275,0.07692307692307693,0.2,0.1,0.16363636363636364,0.1388624438735545,0.07692307692307693,0.1
6949,7,0.2,0.19999999999999998,0.16958010263680803,0.14285714285714285,0.2,0.14285714285714285,0.16326530612244897,0.13743816645714543,0.14285714285714285,0.1
3443,15,0.4,0.6,0.5531464700081437,0.13333333333333333,0.4,0.3,0.41818181818181815,0.43231813227099475,0.2,0.3
19485,3,0.6666666666666666,0.75,0.7653606369886217,0.6666666666666666,0.4,0.6666666666666666,0.7037037037037036,0.7653606369886217,0.6666666666666666,0.2
22079,3,0.3333333333333333,0.33333333333333337,0.29608191096586517,0.3333333333333333,0.2,0.3333333333333333,0.3333333333333333,0.29608191096586517,0.3333333333333333,0.1
7478,1,0.0,0.0,0.0,0.0,0.0,0.0,0.0,0.0,0.0,0.0
2977,6,0.0,0.0,0.0,0.0,0.0,0.0,0.0,0.0,0.0,0.0
20904,4,0.0,0.0,0.0,0.0,0.0,0.25,0.0,0.0,0.25,0.1
4277,1,0.0,0.0,0.0,0.0,0.0,0.0,0.0,0.0,0.0,0.0
7453,3,0.0,0.0,0.0,0.0,0.0,0.0,0.0,0.0,0.0,0.0
3518,5,0.2,0.13333333333333333,0.14606834984270645,0.2,0.2,0.2,0.175,0.14606834984270645,0.2,0.1
19970,4,0.0,0.0,0.0,0.0,0.0,0.0,0.0,0.0,0.0,0.0
4188,2,0.0,0.0,0.0,0.0,0.0,0.0,0.0,0.0,0.0,0.0
4718,5,0.0,0.0,0.0,0.0,0.0,0.4,0.0,0.0,0.4,0.2
2383,4,0.0,0.0,0.0,0.0,0.0,0.0,0.0,0.0,0.0,0.0
10629,8,0.6,0.5333333333333333,0.6164336326286642,0.375,0.6,0.375,0.44230769230769224,0.45973079002057343,0.375,0.3
17903,20,0.4,0.4666666666666666,0.48522855511632257,0.1,0.4,0.2,0.3090909090909091,0.31488013066763093,0.1,0.2
13893,16,0.2,0.13333333333333333,0.14606834984270645,0.0625,0.2,0.2,0.21818181818181817,0.1731866333482261,0.125,0.2
14268,16,0.0,0.0,0.0,0.0,0.0,0.0,0.0,0.0,0.0,0.0
412,10,0.0,0.0,0.0,0.0,0.0,0.0,0.0,0.0,0.0,0.0
17770,2,0.0,0.0,0.0,0.0,0.0,0.0,0.0,0.0,0.0,0.0
16707,2,0.0,0.0,0.0,0.0,0.0,0.5,0.0,0.0,0.5,0.1
6387,16,0.2,0.13333333333333333,0.14606834984270645,0.0625,0.2,0.2,0.2,0.16815228646891084,0.125,0.2
21284,19,0.2,0.3333333333333333,0.33916020527361607,0.05263157894736842,0.2,0.2,0.2,0.2837125544970318,0.10526315789473684,0.2
911,11,0.6,0.6666666666666666,0.6548086577531306,0.2727272727272727,0.6,0.4,0.509090909090909,0.4943572357534482,0.36363636363636365,0.4
7431,12,0.2,0.3333333333333333,0.33916020527361607,0.08333333333333333,0.2,0.1,0.18181818181818182,0.22009176629808014,0.08333333333333333,0.1
852,29,0.4,0.39999999999999997,0.4703652827859578,0.06896551724137931,0.4,0.3,0.36363636363636365,0.37859880603906115,0.10344827586206896,0.3
19849,4,0.0,0.0,0.0,0.0,0.0,0.0,0.0,0.0,0.0,0.0
2242,24,0.0,0.0,0.0,0.0,0.0,0.0,0.0,0.0,0.0,0.0
15283,3,0.0,0.0,0.0,0.0,0.0,0.0,0.0,0.0,0.0,0.0
637,4,0.25,0.28571428571428575,0.2463023887407299,0.25,0.2,0.5,0.2647058823529412,0.2463023887407299,0.5,0.2
20724,1,0.0,0.0,0.0,0.0,0.0,0.0,0.0,0.0,0.0,0.0
12947,2,0.0,0.0,0.0,0.0,0.0,0.0,0.0,0.0,0.0,0.0
15606,2,0.0,0.0,0.0,0.0,0.0,0.0,0.0,0.0,0.0,0.0
17027,7,0.2,0.26666666666666666,0.2139862647345275,0.14285714285714285,0.2,0.14285714285714285,0.18367346938775508,0.17342765698823942,0.14285714285714285,0.1
12370,1,0.0,0.0,0.0,0.0,0.0,0.0,0.0,0.0,0.0,0.0
21453,6,0.0,0.0,0.0,0.0,0.0,0.0,0.0,0.0,0.0,0.0
3819,1,0.0,0.0,0.0,0.0,0.0,0.0,0.0,0.0,0.0,0.0
12162,8,0.4,0.19999999999999998,0.2772734273550482,0.25,0.4,0.25,0.24999999999999994,0.20678808725291628,0.25,0.2
20562,1,0.0,0.0,0.0,0.0,0.0,0.0,0.0,0.0,0.0,0.0
7667,1,0.0,0.0,0.0,0.0,0.0,1.0,0.0,0.0,1.0,0.1
11834,2,0.0,0.0,0.0,0.0,0.0,0.5,0.0,0.0,0.5,0.1
20890,19,0.2,0.19999999999999998,0.16958010263680803,0.05263157894736842,0.2,0.2,0.21818181818181823,0.18340980524840012,0.10526315789473684,0.2
14535,3,0.3333333333333333,0.0,0.0,0.3333333333333333,0.2,0.3333333333333333,0.0,0.0,0.3333333333333333,0.1
5284,16,0.0,0.0,0.0,0.0,0.0,0.0,0.0,0.0,0.0,0.0
2194,2,0.0,0.0,0.0,0.0,0.0,0.0,0.0,0.0,0.0,0.0
7089,8,0.0,0.0,0.0,0.0,0.0,0.0,0.0,0.0,0.0,0.0
12797,32,0.4,0.26666666666666666,0.3007851801491498,0.0625,0.4,0.2,0.2545454545454545,0.19518900079066104,0.0625,0.2
17179,1,0.0,0.0,0.0,0.0,0.0,0.0,0.0,0.0,0.0,0.0
21669,1,0.0,0.0,0.0,0.0,0.0,0.0,0.0,0.0,0.0,0.0
14496,2,0.5,0.4444444444444445,0.3868528072345415,0.5,0.2,0.5,0.4736842105263158,0.3868528072345415,0.5,0.1
17717,4,0.25,0.2142857142857143,0.19519002499605081,0.25,0.2,0.25,0.23529411764705882,0.19519002499605081,0.25,0.1
2341,12,0.2,0.26666666666666666,0.2139862647345275,0.08333333333333333,0.2,0.1,0.16363636363636364,0.1388624438735545,0.08333333333333333,0.1
6130,8,0.2,0.19999999999999998,0.16958010263680803,0.125,0.2,0.25,0.21153846153846154,0.20626588994627676,0.25,0.2
16288,20,0.2,0.3333333333333333,0.33916020527361607,0.05,0.2,0.1,0.18181818181818182,0.22009176629808014,0.05,0.1
16350,1,0.0,0.0,0.0,0.0,0.0,0.0,0.0,0.0,0.0,0.0
9628,1,0.0,0.0,0.0,0.0,0.0,0.0,0.0,0.0,0.0,0.0
10102,29,0.4,0.39999999999999997,0.4703652827859578,0.06896551724137931,0.4,0.3,0.34545454545454546,0.3746661058764783,0.10344827586206896,0.3
20729,2,0.0,0.0,0.0,0.0,0.0,0.0,0.0,0.0,0.0,0.0
17992,13,0.0,0.0,0.0,0.0,0.0,0.0,0.0,0.0,0.0,0.0
15277,3,0.0,0.0,0.0,0.0,0.0,0.0,0.0,0.0,0.0,0.0
18244,1,0.0,0.0,0.0,0.0,0.0,0.0,0.0,0.0,0.0,0.0
12667,1,0.0,0.0,0.0,0.0,0.0,0.0,0.0,0.0,0.0,0.0
8783,10,0.0,0.0,0.0,0.0,0.0,0.0,0.0,0.0,0.0,0.0
14190,4,0.25,0.2142857142857143,0.19519002499605081,0.25,0.2,0.25,0.23529411764705882,0.19519002499605081,0.25,0.1
19717,3,0.0,0.0,0.0,0.0,0.0,0.0,0.0,0.0,0.0,0.0
18306,2,0.0,0.0,0.0,0.0,0.0,0.0,0.0,0.0,0.0,0.0
18385,20,0.6,0.46666666666666673,0.4912596920895757,0.15,0.6,0.4,0.43636363636363645,0.3850481493391153,0.2,0.4
22127,5,0.0,0.0,0.0,0.0,0.0,0.0,0.0,0.0,0.0,0.0
13468,11,0.0,0.0,0.0,0.0,0.0,0.0,0.0,0.0,0.0,0.0
12038,28,0.4,0.4666666666666666,0.48522855511632257,0.07142857142857142,0.4,0.4,0.4181818181818182,0.456899187845258,0.14285714285714285,0.4
6624,17,0.6,0.7333333333333334,0.6992148198508501,0.17647058823529413,0.6,0.3,0.47272727272727266,0.4537425745411855,0.17647058823529413,0.3
7464,5,0.0,0.0,0.0,0.0,0.0,0.0,0.0,0.0,0.0,0.0
13838,2,1.0,1.0,1.0,1.0,0.4,1.0,1.0,1.0,1.0,0.2
2448,2,0.5,0.0,0.0,0.5,0.2,0.5,0.0,0.0,0.5,0.1
8394,1,0.0,0.0,0.0,0.0,0.0,0.0,0.0,0.0,0.0,0.0
10489,2,0.5,0.5555555555555556,0.6131471927654584,0.5,0.2,0.5,0.5263157894736842,0.6131471927654584,0.5,0.1
11013,1,0.0,0.0,0.0,0.0,0.0,0.0,0.0,0.0,0.0,0.0
10399,2,0.5,0.0,0.0,0.5,0.2,0.5,0.0,0.0,0.5,0.1
11862,1,0.0,0.0,0.0,0.0,0.0,0.0,0.0,0.0,0.0,0.0
21367,1,1.0,0.0,0.0,1.0,0.2,1.0,0.0,0.0,1.0,0.1
13798,6,0.6,0.46666666666666673,0.4912596920895757,0.5,0.6,0.5,0.48888888888888893,0.4383072252272688,0.5,0.3
19613,25,0.2,0.3333333333333333,0.33916020527361607,0.04,0.2,0.2,0.2727272727272727,0.2984900352767555,0.08,0.2
809,7,0.2,0.26666666666666666,0.2139862647345275,0.14285714285714285,0.2,0.14285714285714285,0.18367346938775508,0.17342765698823942,0.14285714285714285,0.1
17270,2,0.5,0.0,0.0,0.5,0.2,0.5,0.0,0.0,0.5,0.1
16814,18,0.2,0.06666666666666665,0.13120507751234176,0.05555555555555555,0.2,0.2,0.16363636363636364,0.15457433957839825,0.1111111111111111,0.2
12920,13,0.2,0.06666666666666665,0.13120507751234176,0.07692307692307693,0.2,0.1,0.10909090909090909,0.08514311764162097,0.07692307692307693,0.1
5455,4,0.0,0.0,0.0,0.0,0.0,0.0,0.0,0.0,0.0,0.0
2394,9,0.2,0.3333333333333333,0.33916020527361607,0.1111111111111111,0.2,0.1111111111111111,0.18518518518518517,0.23504554941448538,0.1111111111111111,0.1
8831,7,0.2,0.26666666666666666,0.2139862647345275,0.14285714285714285,0.2,0.2857142857142857,0.18367346938775508,0.17342765698823942,0.2857142857142857,0.2
4434,4,0.0,0.0,0.0,0.0,0.0,0.0,0.0,0.0,0.0,0.0
18114,3,0.0,0.0,0.0,0.0,0.0,0.0,0.0,0.0,0.0,0.0
18139,4,0.0,0.0,0.0,0.0,0.0,0.0,0.0,0.0,0.0,0.0
14720,28,0.4,0.3333333333333333,0.31564845247951445,0.07142857142857142,0.4,0.2,0.2727272727272727,0.20483424751859083,0.07142857142857142,0.2
18859,1,0.0,0.0,0.0,0.0,0.0,0.0,0.0,0.0,0.0,0.0
9122,7,0.2,0.26666666666666666,0.2139862647345275,0.14285714285714285,0.2,0.2857142857142857,0.18367346938775508,0.17342765698823942,0.2857142857142857,0.2
3327,5,0.2,0.3333333333333333,0.33916020527361607,0.2,0.2,0.4,0.25,0.33916020527361607,0.4,0.2
5504,1,0.0,0.0,0.0,0.0,0.0,0.0,0.0,0.0,0.0,0.0
3751,2,0.0,0.0,0.0,0.0,0.0,0.0,0.0,0.0,0.0,0.0
12749,2,0.5,0.4444444444444445,0.3868528072345415,0.5,0.2,0.5,0.4736842105263158,0.3868528072345415,0.5,0.1
10756,16,0.2,0.06666666666666665,0.13120507751234176,0.0625,0.2,0.3,0.18181818181818182,0.21819512777734992,0.1875,0.3
4705,3,0.0,0.0,0.0,0.0,0.0,0.0,0.0,0.0,0.0,0.0
14553,20,0.4,0.4666666666666666,0.38356636737133554,0.1,0.4,0.3,0.4,0.3273065960012699,0.15,0.3
4906,2,0.5,0.0,0.0,0.5,0.2,0.5,0.0,0.0,0.5,0.1
3271,10,0.2,0.26666666666666666,0.2139862647345275,0.1,0.2,0.1,0.16363636363636364,0.1388624438735545,0.1,0.1
20068,5,0.0,0.0,0.0,0.0,0.0,0.2,0.0,0.0,0.2,0.1
14362,5,0.0,0.0,0.0,0.0,0.0,0.0,0.0,0.0,0.0,0.0
4381,5,0.2,0.26666666666666666,0.2139862647345275,0.2,0.2,0.2,0.225,0.2139862647345275,0.2,0.1
21811,9,0.2,0.26666666666666666,0.2139862647345275,0.1111111111111111,0.2,0.1111111111111111,0.16666666666666666,0.14829723057014907,0.1111111111111111,0.1
20273,8,0.0,0.0,0.0,0.0,0.0,0.25,0.09615384615384615,0.0901000086523677,0.25,0.2
13970,19,0.2,0.06666666666666665,0.13120507751234176,0.05263157894736842,0.2,0.2,0.12727272727272726,0.14876390584057267,0.10526315789473684,0.2
343,8,0.0,0.0,0.0,0.0,0.0,0.0,0.0,0.0,0.0,0.0
6912,2,0.0,0.0,0.0,0.0,0.0,0.0,0.0,0.0,0.0,0.0
8890,9,0.2,0.19999999999999998,0.16958010263680803,0.1111111111111111,0.2,0.1111111111111111,0.14814814814814814,0.11752277470724269,0.1111111111111111,0.1
12998,12,0.0,0.0,0.0,0.0,0.0,0.0,0.0,0.0,0.0,0.0
15598,4,0.5,0.6428571428571429,0.6366824387328316,0.5,0.4,0.5,0.5588235294117646,0.6366824387328316,0.5,0.2
17486,2,0.5,0.4444444444444445,0.3868528072345415,0.5,0.2,0.5,0.4736842105263158,0.3868528072345415,0.5,0.1
9973,4,0.0,0.0,0.0,0.0,0.0,0.0,0.0,0.0,0.0,0.0
10423,2,0.5,0.0,0.0,0.5,0.2,0.5,0.0,0.0,0.5,0.1
3904,10,0.6,0.7999999999999999,0.7227265726449518,0.3,0.6,0.3,0.49090909090909096,0.46900009332067477,0.3,0.3
20411,13,0.4,0.4666666666666666,0.38356636737133554,0.15384615384615385,0.4,0.4,0.4,0.38459377241376086,0.3076923076923077,0.4
7042,3,0.3333333333333333,0.4166666666666667,0.46927872602275644,0.3333333333333333,0.2,0.3333333333333333,0.37037037037037035,0.46927872602275644,0.3333333333333333,0.1
2671,1,0.0,0.0,0.0,0.0,0.0,0.0,0.0,0.0,0.0,0.0
9455,2,0.0,0.0,0.0,0.0,0.0,0.0,0.0,0.0,0.0,0.0
21831,1,1.0,1.0,1.0,1.0,0.2,1.0,1.0,1.0,1.0,0.1
11411,2,0.0,0.0,0.0,0.0,0.0,0.0,0.0,0.0,0.0,0.0
15405,11,0.2,0.19999999999999998,0.16958010263680803,0.09090909090909091,0.2,0.5,0.36363636363636365,0.3916830858804162,0.45454545454545453,0.5
11644,17,0.4,0.6,0.5531464700081437,0.11764705882352941,0.4,0.2,0.34545454545454546,0.3589542101716347,0.11764705882352941,0.2
8664,1,0.0,0.0,0.0,0.0,0.0,0.0,0.0,0.0,0.0,0.0
2895,5,0.2,0.19999999999999998,0.16958010263680803,0.2,0.2,0.2,0.2,0.16958010263680803,0.2,0.1
16010,2,0.0,0.0,0.0,0.0,0.0,0.0,0.0,0.0,0.0,0.0
10315,4,0.0,0.0,0.0,0.0,0.0,0.0,0.0,0.0,0.0,0.0
16789,18,0.0,0.0,0.0,0.0,0.0,0.2,0.16363636363636364,0.1517621910780354,0.1111111111111111,0.2
3910,10,0.0,0.0,0.0,0.0,0.0,0.0,0.0,0.0,0.0,0.0
4893,28,0.2,0.13333333333333333,0.14606834984270645,0.03571428571428571,0.2,0.1,0.12727272727272726,0.09478836436955078,0.03571428571428571,0.1
9415,16,0.2,0.13333333333333333,0.14606834984270645,0.0625,0.2,0.2,0.14545454545454545,0.15840915256850246,0.125,0.2
12066,2,0.0,0.0,0.0,0.0,0.0,0.0,0.0,0.0,0.0,0.0
7271,12,0.0,0.0,0.0,0.0,0.0,0.2,0.1272727272727273,0.1427951440361373,0.16666666666666666,0.2
8717,1,0.0,0.0,0.0,0.0,0.0,0.0,0.0,0.0,0.0,0.0
7216,2,0.0,0.0,0.0,0.0,0.0,0.0,0.0,0.0,0.0,0.0
20569,1,0.0,0.0,0.0,0.0,0.0,0.0,0.0,0.0,0.0,0.0
3218,2,0.5,0.5555555555555556,0.6131471927654584,0.5,0.2,0.5,0.5263157894736842,0.6131471927654584,0.5,0.1
1130,1,0.0,0.0,0.0,0.0,0.0,0.0,0.0,0.0,0.0,0.0
11858,5,0.0,0.0,0.0,0.0,0.0,0.0,0.0,0.0,0.0,0.0
21656,3,0.0,0.0,0.0,0.0,0.0,0.0,0.0,0.0,0.0,0.0
13147,9,0.2,0.3333333333333333,0.33916020527361607,0.1111111111111111,0.2,0.1111111111111111,0.18518518518518517,0.23504554941448538,0.1111111111111111,0.1
20225,10,0.0,0.0,0.0,0.0,0.0,0.0,0.0,0.0,0.0,0.0
4982,7,0.4,0.3333333333333333,0.31564845247951445,0.2857142857142857,0.4,0.42857142857142855,0.4081632653061224,0.35373388476247614,0.42857142857142855,0.3
8557,3,0.6666666666666666,0.5833333333333334,0.5307212739772434,0.6666666666666666,0.4,0.6666666666666666,0.6296296296296297,0.5307212739772434,0.6666666666666666,0.2
15805,2,0.0,0.0,0.0,0.0,0.0,0.0,0.0,0.0,0.0,0.0
1588,2,0.5,0.5555555555555556,0.6131471927654584,0.5,0.2,0.5,0.5263157894736842,0.6131471927654584,0.5,0.1
13518,3,0.0,0.0,0.0,0.0,0.0,0.0,0.0,0.0,0.0,0.0
18327,24,0.2,0.3333333333333333,0.33916020527361607,0.041666666666666664,0.2,0.2,0.2727272727272727,0.2984900352767555,0.08333333333333333,0.2
11487,1,0.0,0.0,0.0,0.0,0.0,0.0,0.0,0.0,0.0,0.0
21,6,0.0,0.0,0.0,0.0,0.0,0.0,0.0,0.0,0.0,0.0
8496,8,0.0,0.0,0.0,0.0,0.0,0.0,0.0,0.0,0.0,0.0
20976,2,0.5,0.5555555555555556,0.6131471927654584,0.5,0.2,0.5,0.5263157894736842,0.6131471927654584,0.5,0.1
10405,1,0.0,0.0,0.0,0.0,0.0,0.0,0.0,0.0,0.0,0.0
18848,4,0.0,0.0,0.0,0.0,0.0,0.0,0.0,0.0,0.0,0.0
7513,2,0.0,0.0,0.0,0.0,0.0,0.0,0.0,0.0,0.0,0.0
6452,1,0.0,0.0,0.0,0.0,0.0,0.0,0.0,0.0,0.0,0.0
16179,5,0.2,0.26666666666666666,0.2139862647345275,0.2,0.2,0.2,0.225,0.2139862647345275,0.2,0.1
13273,5,0.4,0.6,0.5531464700081437,0.4,0.4,0.4,0.475,0.5531464700081437,0.4,0.2
8024,11,0.4,0.4666666666666666,0.38356636737133554,0.18181818181818182,0.4,0.2,0.30909090909090914,0.24890832702259458,0.18181818181818182,0.2
13224,1,0.0,0.0,0.0,0.0,0.0,0.0,0.0,0.0,0.0,0.0
14589,8,0.2,0.3333333333333333,0.33916020527361607,0.125,0.2,0.125,0.1923076923076923,0.2529427027676571,0.125,0.1
21899,2,0.0,0.0,0.0,0.0,0.0,0.0,0.0,0.0,0.0,0.0
19496,6,0.2,0.3333333333333333,0.33916020527361607,0.16666666666666666,0.2,0.3333333333333333,0.2222222222222222,0.30260241349881345,0.3333333333333333,0.2
10484,6,0.0,0.0,0.0,0.0,0.0,0.0,0.0,0.0,0.0,0.0
4068,1,1.0,0.0,0.0,1.0,0.2,1.0,0.0,0.0,1.0,0.1
15344,9,0.2,0.3333333333333333,0.33916020527361607,0.1111111111111111,0.2,0.3333333333333333,0.2222222222222222,0.30580131013556594,0.3333333333333333,0.3
17293,6,0.2,0.3333333333333333,0.33916020527361607,0.16666666666666666,0.2,0.3333333333333333,0.3333333333333333,0.4103915680233244,0.3333333333333333,0.2
16541,4,0.0,0.0,0.0,0.0,0.0,0.0,0.0,0.0,0.0,0.0
117,22,0.4,0.39999999999999997,0.4703652827859578,0.09090909090909091,0.4,0.4,0.34545454545454546,0.4351098955930418,0.18181818181818182,0.4
5938,1,0.0,0.0,0.0,0.0,0.0,0.0,0.0,0.0,0.0,0.0
3704,22,0.2,0.3333333333333333,0.33916020527361607,0.045454545454545456,0.2,0.1,0.18181818181818182,0.22009176629808014,0.045454545454545456,0.1
21331,1,0.0,0.0,0.0,0.0,0.0,0.0,0.0,0.0,0.0,0.0
6302,3,0.3333333333333333,0.4166666666666667,0.46927872602275644,0.3333333333333333,0.2,0.6666666666666666,0.37037037037037035,0.46927872602275644,0.6666666666666666,0.2
16825,2,0.0,0.0,0.0,0.0,0.0,0.0,0.0,0.0,0.0,0.0
13415,5,0.0,0.0,0.0,0.0,0.0,0.0,0.0,0.0,0.0,0.0
4913,5,0.0,0.0,0.0,0.0,0.0,0.0,0.0,0.0,0.0,0.0
776,13,0.0,0.0,0.0,0.0,0.0,0.0,0.0,0.0,0.0,0.0
21202,1,0.0,0.0,0.0,0.0,0.0,0.0,0.0,0.0,0.0,0.0
16810,16,0.4,0.4000000000000001,0.3600546145772339,0.125,0.4,0.2,0.29090909090909095,0.23365080824310527,0.125,0.2
14215,5,0.2,0.26666666666666666,0.2139862647345275,0.2,0.2,0.2,0.225,0.2139862647345275,0.2,0.1
633,9,0.0,0.0,0.0,0.0,0.0,0.1111111111111111,0.03703703703703703,0.0707557607210806,0.1111111111111111,0.1
3689,20,0.0,0.0,0.0,0.0,0.0,0.0,0.0,0.0,0.0,0.0
2410,1,0.0,0.0,0.0,0.0,0.0,0.0,0.0,0.0,0.0,0.0
19809,15,0.2,0.3333333333333333,0.33916020527361607,0.06666666666666667,0.2,0.1,0.18181818181818182,0.22009176629808014,0.06666666666666667,0.1
12785,17,0.2,0.19999999999999998,0.16958010263680803,0.058823529411764705,0.2,0.1,0.14545454545454548,0.11004588314904007,0.058823529411764705,0.1
6513,2,0.0,0.0,0.0,0.0,0.0,0.0,0.0,0.0,0.0,0.0
474,7,0.0,0.0,0.0,0.0,0.0,0.14285714285714285,0.1020408163265306,0.0979129253499678,0.14285714285714285,0.1
4620,10,0.6,0.6666666666666666,0.6843515475204854,0.3,0.6,0.4,0.509090909090909,0.5135285497500329,0.4,0.4
13603,6,0.0,0.0,0.0,0.0,0.0,0.16666666666666666,0.0,0.0,0.16666666666666666,0.1
6849,1,0.0,0.0,0.0,0.0,0.0,0.0,0.0,0.0,0.0,0.0
6953,4,0.0,0.0,0.0,0.0,0.0,0.0,0.0,0.0,0.0,0.0
11355,20,0.4,0.4666666666666666,0.48522855511632257,0.1,0.4,0.4,0.36363636363636365,0.4447551423209717,0.2,0.4
6708,7,0.0,0.0,0.0,0.0,0.0,0.0,0.0,0.0,0.0,0.0
150,4,0.0,0.0,0.0,0.0,0.0,0.0,0.0,0.0,0.0,0.0
746,2,0.0,0.0,0.0,0.0,0.0,0.5,0.0,0.0,0.5,0.1
2025,10,0.2,0.3333333333333333,0.33916020527361607,0.1,0.2,0.1,0.18181818181818182,0.22009176629808014,0.1,0.1
10054,21,0.6,0.7999999999999999,0.7227265726449518,0.14285714285714285,0.6,0.3,0.49090909090909096,0.46900009332067477,0.14285714285714285,0.3
7887,3,0.0,0.0,0.0,0.0,0.0,0.0,0.0,0.0,0.0,0.0
1916,3,0.0,0.0,0.0,0.0,0.0,0.0,0.0,0.0,0.0,0.0
14660,18,0.0,0.0,0.0,0.0,0.0,0.1,0.018181818181818177,0.0636207881989517,0.05555555555555555,0.1
3972,15,0.2,0.06666666666666665,0.13120507751234176,0.06666666666666667,0.2,0.2,0.14545454545454545,0.15139734109601,0.13333333333333333,0.2
10071,7,0.0,0.0,0.0,0.0,0.0,0.0,0.0,0.0,0.0,0.0
999,10,0.0,0.0,0.0,0.0,0.0,0.1,0.07272727272727274,0.07336392209936006,0.1,0.1
7609,2,0.0,0.0,0.0,0.0,0.0,0.0,0.0,0.0,0.0,0.0
10851,7,0.0,0.0,0.0,0.0,0.0,0.0,0.0,0.0,0.0,0.0
12604,1,0.0,0.0,0.0,0.0,0.0,0.0,0.0,0.0,0.0,0.0
21829,11,0.2,0.26666666666666666,0.2139862647345275,0.09090909090909091,0.2,0.1,0.16363636363636364,0.1388624438735545,0.09090909090909091,0.1
17929,1,0.0,0.0,0.0,0.0,0.0,0.0,0.0,0.0,0.0,0.0
19073,5,0.4,0.6,0.5531464700081437,0.4,0.4,0.4,0.475,0.5531464700081437,0.4,0.2
2491,17,0.0,0.0,0.0,0.0,0.0,0.0,0.0,0.0,0.0,0.0
4247,1,0.0,0.0,0.0,0.0,0.0,0.0,0.0,0.0,0.0,0.0
11491,1,0.0,0.0,0.0,0.0,0.0,0.0,0.0,0.0,0.0,0.0
1377,4,0.25,0.35714285714285715,0.39038004999210163,0.25,0.2,0.25,0.2941176470588235,0.39038004999210163,0.25,0.1
9287,3,0.0,0.0,0.0,0.0,0.0,0.0,0.0,0.0,0.0,0.0
12543,2,0.0,0.0,0.0,0.0,0.0,0.0,0.0,0.0,0.0,0.0
6632,15,0.0,0.0,0.0,0.0,0.0,0.0,0.0,0.0,0.0,0.0
11027,11,0.2,0.3333333333333333,0.33916020527361607,0.09090909090909091,0.2,0.1,0.18181818181818182,0.22009176629808014,0.09090909090909091,0.1
20470,9,0.2,0.19999999999999998,0.16958010263680803,0.1111111111111111,0.2,0.1111111111111111,0.14814814814814814,0.11752277470724269,0.1111111111111111,0.1
12979,4,0.25,0.28571428571428575,0.2463023887407299,0.25,0.2,0.25,0.2647058823529412,0.2463023887407299,0.25,0.1
4215,2,0.0,0.0,0.0,0.0,0.0,0.0,0.0,0.0,0.0,0.0
16703,2,0.0,0.0,0.0,0.0,0.0,0.0,0.0,0.0,0.0,0.0
14975,18,0.2,0.3333333333333333,0.33916020527361607,0.05555555555555555,0.2,0.2,0.23636363636363636,0.2895229882348574,0.1111111111111111,0.2
6523,10,0.4,0.4000000000000001,0.3600546145772339,0.2,0.4,0.2,0.29090909090909095,0.23365080824310527,0.2,0.2
1515,4,0.5,0.5714285714285715,0.5855700749881524,0.5,0.4,0.5,0.5294117647058824,0.5855700749881524,0.5,0.2
22367,2,0.0,0.0,0.0,0.0,0.0,0.0,0.0,0.0,0.0,0.0
14598,2,0.5,0.0,0.0,0.5,0.2,0.5,0.0,0.0,0.5,0.1
16771,3,0.0,0.0,0.0,0.0,0.0,0.3333333333333333,0.0,0.0,0.3333333333333333,0.1
4203,2,0.0,0.0,0.0,0.0,0.0,0.0,0.0,0.0,0.0,0.0
15599,5,0.0,0.0,0.0,0.0,0.0,0.0,0.0,0.0,0.0,0.0
8796,4,0.0,0.0,0.0,0.0,0.0,0.0,0.0,0.0,0.0,0.0
16340,3,0.0,0.0,0.0,0.0,0.0,0.0,0.0,0.0,0.0,0.0
9485,2,0.0,0.0,0.0,0.0,0.0,0.0,0.0,0.0,0.0,0.0
19437,8,0.2,0.13333333333333333,0.14606834984270645,0.125,0.2,0.25,0.1346153846153846,0.1089364926177559,0.25,0.2
6719,30,0.6,0.5333333333333333,0.5147714448836773,0.1,0.6,0.3,0.4181818181818182,0.3340514446642156,0.1,0.3
15814,1,0.0,0.0,0.0,0.0,0.0,0.0,0.0,0.0,0.0,0.0
652,6,0.0,0.0,0.0,0.0,0.0,0.0,0.0,0.0,0.0,0.0
13421,6,0.0,0.0,0.0,0.0,0.0,0.0,0.0,0.0,0.0,0.0
11257,14,0.2,0.3333333333333333,0.33916020527361607,0.07142857142857142,0.2,0.1,0.18181818181818182,0.22009176629808014,0.07142857142857142,0.1
12775,1,0.0,0.0,0.0,0.0,0.0,0.0,0.0,0.0,0.0,0.0
991,17,0.2,0.3333333333333333,0.33916020527361607,0.058823529411764705,0.2,0.1,0.18181818181818182,0.22009176629808014,0.058823529411764705,0.1
21753,1,0.0,0.0,0.0,0.0,0.0,0.0,0.0,0.0,0.0,0.0
13175,35,0.2,0.06666666666666665,0.13120507751234176,0.02857142857142857,0.2,0.2,0.18181818181818182,0.15850703974098102,0.05714285714285714,0.2
4041,5,0.4,0.39999999999999997,0.4703652827859578,0.4,0.4,0.4,0.4,0.4703652827859578,0.4,0.2
10351,5,0.2,0.13333333333333333,0.14606834984270645,0.2,0.2,0.2,0.175,0.14606834984270645,0.2,0.1
7493,1,0.0,0.0,0.0,0.0,0.0,0.0,0.0,0.0,0.0,0.0
16469,2,0.0,0.0,0.0,0.0,0.0,0.0,0.0,0.0,0.0,0.0
15737,4,0.0,0.0,0.0,0.0,0.0,0.0,0.0,0.0,0.0,0.0
22393,2,0.5,0.5555555555555556,0.6131471927654584,0.5,0.2,0.5,0.5263157894736842,0.6131471927654584,0.5,0.1
8092,2,0.0,0.0,0.0,0.0,0.0,0.0,0.0,0.0,0.0,0.0
14416,31,0.2,0.3333333333333333,0.33916020527361607,0.03225806451612903,0.2,0.3,0.2727272727272727,0.3557772116892464,0.0967741935483871,0.3
17773,31,0.0,0.0,0.0,0.0,0.0,0.1,0.09090909090909091,0.07839826897867533,0.03225806451612903,0.1
17361,7,0.0,0.0,0.0,0.0,0.0,0.0,0.0,0.0,0.0,0.0
11944,6,0.2,0.19999999999999998,0.16958010263680803,0.16666666666666666,0.2,0.16666666666666666,0.17777777777777778,0.15130120674940672,0.16666666666666666,0.1
6551,4,0.25,0.2142857142857143,0.19519002499605081,0.25,0.2,0.25,0.23529411764705882,0.19519002499605081,0.25,0.1
6243,2,0.5,0.5555555555555556,0.6131471927654584,0.5,0.2,0.5,0.5263157894736842,0.6131471927654584,0.5,0.1
16757,13,0.4,0.5333333333333333,0.5087403079104241,0.15384615384615385,0.4,0.2,0.32727272727272727,0.3301376494471202,0.15384615384615385,0.2
3239,18,0.4,0.6,0.5531464700081437,0.1111111111111111,0.4,0.2,0.34545454545454546,0.3589542101716347,0.1111111111111111,0.2
20513,1,0.0,0.0,0.0,0.0,0.0,0.0,0.0,0.0,0.0,0.0
3030,4,0.0,0.0,0.0,0.0,0.0,0.0,0.0,0.0,0.0,0.0
19880,1,0.0,0.0,0.0,0.0,0.0,0.0,0.0,0.0,0.0,0.0
7648,21,0.0,0.0,0.0,0.0,0.0,0.1,0.07272727272727274,0.07336392209936006,0.047619047619047616,0.1
7552,6,0.0,0.0,0.0,0.0,0.0,0.3333333333333333,0.0,0.0,0.3333333333333333,0.2
13892,8,0.0,0.0,0.0,0.0,0.0,0.0,0.0,0.0,0.0,0.0
18745,8,0.0,0.0,0.0,0.0,0.0,0.0,0.0,0.0,0.0,0.0
900,22,0.4,0.6,0.5531464700081437,0.09090909090909091,0.4,0.3,0.36363636363636365,0.4225749983705864,0.13636363636363635,0.3
4686,19,0.2,0.06666666666666665,0.13120507751234176,0.05263157894736842,0.2,0.1,0.10909090909090909,0.08514311764162097,0.05263157894736842,0.1
7748,2,0.0,0.0,0.0,0.0,0.0,0.0,0.0,0.0,0.0,0.0
21936,1,0.0,0.0,0.0,0.0,0.0,0.0,0.0,0.0,0.0,0.0
16869,18,0.2,0.3333333333333333,0.33916020527361607,0.05555555555555555,0.2,0.1,0.18181818181818182,0.22009176629808014,0.05555555555555555,0.1
15510,22,0.0,0.0,0.0,0.0,0.0,0.1,0.036363636363636355,0.06625422345438903,0.045454545454545456,0.1
18212,3,0.3333333333333333,0.33333333333333337,0.29608191096586517,0.3333333333333333,0.2,0.3333333333333333,0.3333333333333333,0.29608191096586517,0.3333333333333333,0.1
9904,1,1.0,0.0,0.0,1.0,0.2,1.0,0.0,0.0,1.0,0.1
5829,1,0.0,0.0,0.0,0.0,0.0,0.0,0.0,0.0,0.0,0.0
16236,40,0.0,0.0,0.0,0.0,0.0,0.0,0.0,0.0,0.0,0.0
5430,6,0.2,0.06666666666666665,0.13120507751234176,0.16666666666666666,0.2,0.16666666666666666,0.13333333333333333,0.11706259313796352,0.16666666666666666,0.1
10219,8,0.2,0.13333333333333333,0.14606834984270645,0.125,0.2,0.125,0.1346153846153846,0.1089364926177559,0.125,0.1
17684,1,0.0,0.0,0.0,0.0,0.0,0.0,0.0,0.0,0.0,0.0
3089,8,0.2,0.06666666666666665,0.13120507751234176,0.125,0.2,0.125,0.11538461538461538,0.09785159463516041,0.125,0.1
10397,1,1.0,0.0,0.0,1.0,0.2,1.0,0.0,0.0,1.0,0.1
22379,9,0.2,0.3333333333333333,0.33916020527361607,0.1111111111111111,0.2,0.1111111111111111,0.18518518518518517,0.23504554941448538,0.1111111111111111,0.1
10736,4,0.0,0.0,0.0,0.0,0.0,0.0,0.0,0.0,0.0,0.0
18991,9,0.0,0.0,0.0,0.0,0.0,0.0,0.0,0.0,0.0,0.0
10497,2,0.0,0.0,0.0,0.0,0.0,0.0,0.0,0.0,0.0,0.0
21618,24,0.4,0.5333333333333333,0.5087403079104241,0.08333333333333333,0.4,0.2,0.32727272727272727,0.3301376494471202,0.08333333333333333,0.2
6675,7,0.2,0.3333333333333333,0.33916020527361607,0.14285714285714285,0.2,0.14285714285714285,0.2040816326530612,0.27487633291429087,0.14285714285714285,0.1
10415,3,0.0,0.0,0.0,0.0,0.0,0.0,0.0,0.0,0.0,0.0
20605,9,0.4,0.6,0.5531464700081437,0.2222222222222222,0.4,0.2222222222222222,0.3518518518518518,0.38334277998463445,0.2222222222222222,0.2
4431,2,0.0,0.0,0.0,0.0,0.0,0.0,0.0,0.0,0.0,0.0
13684,5,0.0,0.0,0.0,0.0,0.0,0.2,0.0,0.0,0.2,0.1
8660,10,0.8,0.6666666666666666,0.6608397947263838,0.4,0.8,0.4,0.5454545454545455,0.4288398090337664,0.4,0.4
21866,1,0.0,0.0,0.0,0.0,0.0,0.0,0.0,0.0,0.0,0.0
21621,11,0.0,0.0,0.0,0.0,0.0,0.0,0.0,0.0,0.0,0.0
1977,16,0.2,0.13333333333333333,0.14606834984270645,0.0625,0.2,0.1,0.12727272727272726,0.09478836436955078,0.0625,0.1
21757,6,0.2,0.3333333333333333,0.33916020527361607,0.16666666666666666,0.2,0.16666666666666666,0.2222222222222222,0.30260241349881345,0.16666666666666666,0.1
14417,4,0.0,0.0,0.0,0.0,0.0,0.0,0.0,0.0,0.0,0.0
10983,6,0.2,0.3333333333333333,0.33916020527361607,0.16666666666666666,0.2,0.16666666666666666,0.2222222222222222,0.30260241349881345,0.16666666666666666,0.1
6161,13,0.0,0.0,0.0,0.0,0.0,0.1,0.09090909090909091,0.07839826897867533,0.07692307692307693,0.1
19599,1,0.0,0.0,0.0,0.0,0.0,0.0,0.0,0.0,0.0,0.0
10776,3,0.3333333333333333,0.33333333333333337,0.29608191096586517,0.3333333333333333,0.2,0.3333333333333333,0.3333333333333333,0.29608191096586517,0.3333333333333333,0.1
1680,6,0.0,0.0,0.0,0.0,0.0,0.0,0.0,0.0,0.0,0.0
13786,12,0.2,0.19999999999999998,0.16958010263680803,0.08333333333333333,0.2,0.1,0.14545454545454548,0.11004588314904007,0.08333333333333333,0.1
21814,5,0.0,0.0,0.0,0.0,0.0,0.0,0.0,0.0,0.0,0.0
17706,11,0.2,0.19999999999999998,0.16958010263680803,0.09090909090909091,0.2,0.1,0.14545454545454548,0.11004588314904007,0.09090909090909091,0.1
19483,26,0.4,0.6,0.5531464700081437,0.07692307692307693,0.4,0.3,0.41818181818181815,0.43231813227099475,0.11538461538461539,0.3
3488,3,0.0,0.0,0.0,0.0,0.0,0.0,0.0,0.0,0.0,0.0
20945,14,0.2,0.26666666666666666,0.2139862647345275,0.07142857142857142,0.2,0.2,0.23636363636363636,0.21222636597291453,0.14285714285714285,0.2
17334,4,0.0,0.0,0.0,0.0,0.0,0.0,0.0,0.0,0.0,0.0
1879,4,0.0,0.0,0.0,0.0,0.0,0.0,0.0,0.0,0.0,0.0
1840,6,0.0,0.0,0.0,0.0,0.0,0.0,0.0,0.0,0.0,0.0
3954,1,0.0,0.0,0.0,0.0,0.0,0.0,0.0,0.0,0.0,0.0
19609,25,0.2,0.3333333333333333,0.33916020527361607,0.04,0.2,0.1,0.18181818181818182,0.22009176629808014,0.04,0.1
1121,6,0.6,0.6,0.529634717214042,0.5,0.6,0.5,0.5333333333333334,0.472545838838712,0.5,0.3
18154,3,0.0,0.0,0.0,0.0,0.0,0.0,0.0,0.0,0.0,0.0
20580,5,0.0,0.0,0.0,0.0,0.0,0.2,0.0,0.0,0.2,0.1
14654,15,0.4,0.26666666666666666,0.3007851801491498,0.13333333333333333,0.4,0.2,0.2545454545454545,0.19518900079066104,0.13333333333333333,0.2
17615,4,0.0,0.0,0.0,0.0,0.0,0.0,0.0,0.0,0.0,0.0
492,10,0.0,0.0,0.0,0.0,0.0,0.0,0.0,0.0,0.0,0.0
16736,1,0.0,0.0,0.0,0.0,0.0,0.0,0.0,0.0,0.0,0.0
21503,12,0.0,0.0,0.0,0.0,0.0,0.0,0.0,0.0,0.0,0.0
14239,5,0.2,0.3333333333333333,0.33916020527361607,0.2,0.2,0.2,0.25,0.33916020527361607,0.2,0.1
17110,8,0.2,0.13333333333333333,0.14606834984270645,0.125,0.2,0.125,0.1346153846153846,0.1089364926177559,0.125,0.1
14859,3,0.0,0.0,0.0,0.0,0.0,0.0,0.0,0.0,0.0,0.0
10711,38,0.2,0.3333333333333333,0.33916020527361607,0.02631578947368421,0.2,0.3,0.2727272727272727,0.3557772116892464,0.07894736842105263,0.3
22452,4,0.0,0.0,0.0,0.0,0.0,0.0,0.0,0.0,0.0,0.0
972,5,0.0,0.0,0.0,0.0,0.0,0.0,0.0,0.0,0.0,0.0
19034,7,0.0,0.0,0.0,0.0,0.0,0.0,0.0,0.0,0.0,0.0
15411,1,0.0,0.0,0.0,0.0,0.0,0.0,0.0,0.0,0.0,0.0
11179,6,0.4,0.4666666666666666,0.48522855511632257,0.3333333333333333,0.4,0.3333333333333333,0.37777777777777777,0.4329261794091841,0.3333333333333333,0.2
5704,5,0.0,0.0,0.0,0.0,0.0,0.0,0.0,0.0,0.0,0.0
2362,12,0.2,0.26666666666666666,0.2139862647345275,0.08333333333333333,0.2,0.1,0.16363636363636364,0.1388624438735545,0.08333333333333333,0.1
18414,9,0.0,0.0,0.0,0.0,0.0,0.0,0.0,0.0,0.0,0.0
18037,24,0.0,0.0,0.0,0.0,0.0,0.0,0.0,0.0,0.0,0.0
10543,5,0.2,0.19999999999999998,0.16958010263680803,0.2,0.2,0.2,0.2,0.16958010263680803,0.2,0.1
6959,2,0.0,0.0,0.0,0.0,0.0,0.0,0.0,0.0,0.0,0.0
9385,12,0.2,0.3333333333333333,0.33916020527361607,0.08333333333333333,0.2,0.1,0.18181818181818182,0.22009176629808014,0.08333333333333333,0.1
20747,18,0.4,0.4000000000000001,0.3600546145772339,0.1111111111111111,0.4,0.2,0.29090909090909095,0.23365080824310527,0.1111111111111111,0.2
16491,4,0.0,0.0,0.0,0.0,0.0,0.0,0.0,0.0,0.0,0.0
5352,2,0.0,0.0,0.0,0.0,0.0,0.0,0.0,0.0,0.0,0.0
11476,4,0.0,0.0,0.0,0.0,0.0,0.0,0.0,0.0,0.0,0.0
15596,20,0.0,0.0,0.0,0.0,0.0,0.0,0.0,0.0,0.0,0.0
7356,11,0.2,0.3333333333333333,0.33916020527361607,0.09090909090909091,0.2,0.2,0.2545454545454545,0.29345568839744024,0.18181818181818182,0.2
14786,23,0.2,0.06666666666666665,0.13120507751234176,0.043478260869565216,0.2,0.1,0.10909090909090909,0.08514311764162097,0.043478260869565216,0.1
10343,1,0.0,0.0,0.0,0.0,0.0,0.0,0.0,0.0,0.0,0.0
6571,5,0.2,0.3333333333333333,0.33916020527361607,0.2,0.2,0.2,0.25,0.33916020527361607,0.2,0.1
1558,2,0.0,0.0,0.0,0.0,0.0,0.0,0.0,0.0,0.0,0.0
11734,14,0.2,0.06666666666666665,0.13120507751234176,0.07142857142857142,0.2,0.2,0.14545454545454545,0.15139734109601,0.14285714285714285,0.2
2046,15,0.4,0.3333333333333333,0.34519134224686926,0.13333333333333333,0.4,0.4,0.4,0.3668007055513128,0.26666666666666666,0.4
4474,8,0.0,0.0,0.0,0.0,0.0,0.125,0.0,0.0,0.125,0.1
3917,3,0.0,0.0,0.0,0.0,0.0,0.0,0.0,0.0,0.0,0.0
15917,3,0.3333333333333333,0.4166666666666667,0.46927872602275644,0.3333333333333333,0.2,0.3333333333333333,0.37037037037037035,0.46927872602275644,0.3333333333333333,0.1
19119,16,0.4,0.6,0.5531464700081437,0.125,0.4,0.4,0.49090909090909096,0.5067837010870873,0.25,0.4
22390,4,0.25,0.35714285714285715,0.39038004999210163,0.25,0.2,0.25,0.2941176470588235,0.39038004999210163,0.25,0.1
19791,5,0.2,0.26666666666666666,0.2139862647345275,0.2,0.2,0.2,0.225,0.2139862647345275,0.2,0.1
17432,8,0.2,0.3333333333333333,0.33916020527361607,0.125,0.2,0.25,0.2692307692307692,0.33725693702354287,0.25,0.2
17084,2,0.0,0.0,0.0,0.0,0.0,0.0,0.0,0.0,0.0,0.0
4846,3,0.3333333333333333,0.33333333333333337,0.29608191096586517,0.3333333333333333,0.2,0.3333333333333333,0.3333333333333333,0.29608191096586517,0.3333333333333333,0.1
12146,4,0.0,0.0,0.0,0.0,0.0,0.0,0.0,0.0,0.0,0.0
8155,1,1.0,0.0,0.0,1.0,0.2,1.0,0.0,0.0,1.0,0.1
18056,1,0.0,0.0,0.0,0.0,0.0,0.0,0.0,0.0,0.0,0.0
946,1,0.0,0.0,0.0,0.0,0.0,0.0,0.0,0.0,0.0,0.0
21991,1,0.0,0.0,0.0,0.0,0.0,0.0,0.0,0.0,0.0,0.0
18938,7,0.0,0.0,0.0,0.0,0.0,0.0,0.0,0.0,0.0,0.0
3922,1,0.0,0.0,0.0,0.0,0.0,0.0,0.0,0.0,0.0,0.0
15158,9,0.0,0.0,0.0,0.0,0.0,0.1111111111111111,0.09259259259259259,0.08372491399919348,0.1111111111111111,0.1
19274,1,0.0,0.0,0.0,0.0,0.0,0.0,0.0,0.0,0.0,0.0
9144,21,0.0,0.0,0.0,0.0,0.0,0.0,0.0,0.0,0.0,0.0
11188,5,0.0,0.0,0.0,0.0,0.0,0.0,0.0,0.0,0.0,0.0
20121,6,0.4,0.5333333333333333,0.5087403079104241,0.3333333333333333,0.4,0.3333333333333333,0.4,0.4539036202482201,0.3333333333333333,0.2
15287,15,0.4,0.5333333333333333,0.5087403079104241,0.13333333333333333,0.4,0.2,0.32727272727272727,0.3301376494471202,0.13333333333333333,0.2
10256,4,0.25,0.2142857142857143,0.19519002499605081,0.25,0.2,0.5,0.23529411764705882,0.19519002499605081,0.5,0.2
15851,3,0.3333333333333333,0.4166666666666667,0.46927872602275644,0.3333333333333333,0.2,0.3333333333333333,0.37037037037037035,0.46927872602275644,0.3333333333333333,0.1
3980,9,0.0,0.0,0.0,0.0,0.0,0.0,0.0,0.0,0.0,0.0
10366,23,0.0,0.0,0.0,0.0,0.0,0.2,0.16363636363636364,0.1517621910780354,0.08695652173913043,0.2
1582,12,0.4,0.4000000000000001,0.3600546145772339,0.16666666666666666,0.4,0.2,0.29090909090909095,0.23365080824310527,0.16666666666666666,0.2
186,7,0.2,0.13333333333333333,0.14606834984270645,0.14285714285714285,0.2,0.14285714285714285,0.14285714285714285,0.11838279295536291,0.14285714285714285,0.1
6486,5,0.4,0.5333333333333333,0.5087403079104241,0.4,0.4,0.6,0.45,0.5087403079104241,0.6,0.3
15026,2,0.0,0.0,0.0,0.0,0.0,0.5,0.0,0.0,0.5,0.1
10212,27,0.2,0.13333333333333333,0.14606834984270645,0.037037037037037035,0.2,0.1,0.12727272727272726,0.09478836436955078,0.037037037037037035,0.1
19038,1,0.0,0.0,0.0,0.0,0.0,0.0,0.0,0.0,0.0,0.0
19290,1,0.0,0.0,0.0,0.0,0.0,0.0,0.0,0.0,0.0,0.0
15872,5,0.2,0.13333333333333333,0.14606834984270645,0.2,0.2,0.2,0.175,0.14606834984270645,0.2,0.1
20556,1,0.0,0.0,0.0,0.0,0.0,0.0,0.0,0.0,0.0,0.0
16906,3,0.3333333333333333,0.4166666666666667,0.46927872602275644,0.3333333333333333,0.2,0.3333333333333333,0.37037037037037035,0.46927872602275644,0.3333333333333333,0.1
269,5,0.2,0.3333333333333333,0.33916020527361607,0.2,0.2,0.2,0.25,0.33916020527361607,0.2,0.1
19812,1,0.0,0.0,0.0,0.0,0.0,0.0,0.0,0.0,0.0,0.0
7017,17,0.4,0.3333333333333333,0.31564845247951445,0.11764705882352941,0.4,0.5,0.47272727272727266,0.42285066205101524,0.29411764705882354,0.5
10505,22,0.2,0.3333333333333333,0.33916020527361607,0.045454545454545456,0.2,0.1,0.18181818181818182,0.22009176629808014,0.045454545454545456,0.1
12374,3,0.0,0.0,0.0,0.0,0.0,0.0,0.0,0.0,0.0,0.0
15087,3,0.0,0.0,0.0,0.0,0.0,0.0,0.0,0.0,0.0,0.0
20738,17,0.0,0.0,0.0,0.0,0.0,0.1,0.05454545454545456,0.06943122193677725,0.058823529411764705,0.1
3626,4,0.0,0.0,0.0,0.0,0.0,0.0,0.0,0.0,0.0,0.0
77,28,0.2,0.3333333333333333,0.33916020527361607,0.03571428571428571,0.2,0.2,0.2,0.2837125544970318,0.07142857142857142,0.2
13831,4,0.25,0.35714285714285715,0.39038004999210163,0.25,0.2,0.25,0.2941176470588235,0.39038004999210163,0.25,0.1
10830,3,0.0,0.0,0.0,0.0,0.0,0.0,0.0,0.0,0.0,0.0
12249,2,0.0,0.0,0.0,0.0,0.0,0.5,0.0,0.0,0.5,0.1
17879,11,0.0,0.0,0.0,0.0,0.0,0.1,0.07272727272727274,0.07336392209936006,0.09090909090909091,0.1
2772,12,0.0,0.0,0.0,0.0,0.0,0.0,0.0,0.0,0.0,0.0
6738,6,0.0,0.0,0.0,0.0,0.0,0.0,0.0,0.0,0.0,0.0
15260,20,0.4,0.4666666666666666,0.38356636737133554,0.1,0.4,0.2,0.30909090909090914,0.24890832702259458,0.1,0.2
5855,18,1.0,1.0,1.0,0.2777777777777778,1.0,0.6,0.7636363636363637,0.7151857987862357,0.3333333333333333,0.6
18484,2,0.0,0.0,0.0,0.0,0.0,0.0,0.0,0.0,0.0,0.0
11794,20,0.4,0.6,0.5531464700081437,0.1,0.4,0.2,0.34545454545454546,0.3589542101716347,0.1,0.2
11306,8,0.0,0.0,0.0,0.0,0.0,0.0,0.0,0.0,0.0,0.0
15019,2,0.0,0.0,0.0,0.0,0.0,0.0,0.0,0.0,0.0,0.0
20060,3,0.3333333333333333,0.25,0.23463936301137822,0.3333333333333333,0.2,0.6666666666666666,0.2962962962962963,0.23463936301137822,0.6666666666666666,0.2
20521,26,0.6,0.6,0.6399453854227659,0.11538461538461539,0.6,0.6,0.5636363636363636,0.618519700841442,0.23076923076923078,0.6
1860,16,0.6,0.6666666666666666,0.6548086577531306,0.1875,0.6,0.3,0.45454545454545453,0.424926013816671,0.1875,0.3
7837,12,0.0,0.0,0.0,0.0,0.0,0.1,0.036363636363636355,0.06625422345438903,0.08333333333333333,0.1
16610,20,0.2,0.26666666666666666,0.2139862647345275,0.05,0.2,0.1,0.16363636363636364,0.1388624438735545,0.05,0.1
8459,3,0.3333333333333333,0.0,0.0,0.3333333333333333,0.2,0.3333333333333333,0.0,0.0,0.3333333333333333,0.1
20021,13,0.4,0.3333333333333333,0.31564845247951445,0.15384615384615385,0.4,0.2,0.2727272727272727,0.20483424751859083,0.15384615384615385,0.2
21074,1,0.0,0.0,0.0,0.0,0.0,0.0,0.0,0.0,0.0,0.0
3202,1,0.0,0.0,0.0,0.0,0.0,0.0,0.0,0.0,0.0,0.0
11418,1,0.0,0.0,0.0,0.0,0.0,0.0,0.0,0.0,0.0,0.0
12924,6,0.2,0.3333333333333333,0.33916020527361607,0.16666666666666666,0.2,0.16666666666666666,0.2222222222222222,0.30260241349881345,0.16666666666666666,0.1
12317,1,0.0,0.0,0.0,0.0,0.0,0.0,0.0,0.0,0.0,0.0
20101,8,0.2,0.26666666666666666,0.2139862647345275,0.125,0.2,0.25,0.25,0.243903311380782,0.25,0.2
5553,12,0.0,0.0,0.0,0.0,0.0,0.1,0.018181818181818177,0.0636207881989517,0.08333333333333333,0.1
19774,18,0.6,0.46666666666666673,0.4912596920895757,0.16666666666666666,0.6,0.4,0.4181818181818182,0.38241471408367794,0.2222222222222222,0.4
21372,4,0.0,0.0,0.0,0.0,0.0,0.0,0.0,0.0,0.0,0.0
7696,19,0.2,0.3333333333333333,0.33916020527361607,0.05263157894736842,0.2,0.2,0.21818181818181817,0.28634598975246917,0.10526315789473684,0.2
8754,5,0.0,0.0,0.0,0.0,0.0,0.0,0.0,0.0,0.0,0.0
12131,4,0.0,0.0,0.0,0.0,0.0,0.25,0.0,0.0,0.25,0.1
6622,11,0.2,0.19999999999999998,0.16958010263680803,0.09090909090909091,0.2,0.1,0.14545454545454548,0.11004588314904007,0.09090909090909091,0.1
5301,15,0.2,0.26666666666666666,0.2139862647345275,0.06666666666666667,0.2,0.1,0.16363636363636364,0.1388624438735545,0.06666666666666667,0.1
16871,3,0.0,0.0,0.0,0.0,0.0,0.0,0.0,0.0,0.0,0.0
18185,8,0.2,0.26666666666666666,0.2139862647345275,0.125,0.2,0.25,0.25,0.243903311380782,0.25,0.2
3918,2,0.0,0.0,0.0,0.0,0.0,0.5,0.0,0.0,0.5,0.1
10064,7,0.4,0.39999999999999997,0.4703652827859578,0.2857142857142857,0.4,0.42857142857142855,0.32653061224489793,0.3812130139445206,0.42857142857142855,0.3
10792,5,0.2,0.3333333333333333,0.33916020527361607,0.2,0.2,0.2,0.25,0.33916020527361607,0.2,0.1
17153,2,0.0,0.0,0.0,0.0,0.0,0.0,0.0,0.0,0.0,0.0
15440,13,0.4,0.4666666666666666,0.38356636737133554,0.15384615384615385,0.4,0.3,0.4,0.3273065960012699,0.23076923076923078,0.3
16995,3,0.0,0.0,0.0,0.0,0.0,0.0,0.0,0.0,0.0,0.0
7333,2,0.0,0.0,0.0,0.0,0.0,0.0,0.0,0.0,0.0,0.0
17223,12,0.2,0.06666666666666665,0.13120507751234176,0.08333333333333333,0.2,0.1,0.10909090909090909,0.08514311764162097,0.08333333333333333,0.1
14993,2,0.0,0.0,0.0,0.0,0.0,0.0,0.0,0.0,0.0,0.0
128,4,0.5,0.35714285714285715,0.39038004999210163,0.5,0.4,0.5,0.2941176470588235,0.39038004999210163,0.5,0.2
2573,16,0.2,0.26666666666666666,0.2139862647345275,0.0625,0.2,0.2,0.2545454545454545,0.21726071285222984,0.125,0.2
210,11,0.0,0.0,0.0,0.0,0.0,0.1,0.018181818181818177,0.0636207881989517,0.09090909090909091,0.1
17275,1,0.0,0.0,0.0,0.0,0.0,0.0,0.0,0.0,0.0,0.0
11023,2,0.0,0.0,0.0,0.0,0.0,0.0,0.0,0.0,0.0,0.0
16479,1,1.0,1.0,1.0,1.0,0.2,1.0,1.0,1.0,1.0,0.1
7224,7,0.2,0.13333333333333333,0.14606834984270645,0.14285714285714285,0.2,0.2857142857142857,0.14285714285714285,0.11838279295536291,0.2857142857142857,0.2
13109,2,0.0,0.0,0.0,0.0,0.0,0.0,0.0,0.0,0.0,0.0
20120,4,0.0,0.0,0.0,0.0,0.0,0.0,0.0,0.0,0.0,0.0
9975,9,0.0,0.0,0.0,0.0,0.0,0.0,0.0,0.0,0.0,0.0
19898,2,0.0,0.0,0.0,0.0,0.0,0.0,0.0,0.0,0.0,0.0
8402,2,0.0,0.0,0.0,0.0,0.0,0.0,0.0,0.0,0.0,0.0
11203,2,0.0,0.0,0.0,0.0,0.0,0.0,0.0,0.0,0.0,0.0
20481,9,0.0,0.0,0.0,0.0,0.0,0.0,0.0,0.0,0.0,0.0
21592,5,0.0,0.0,0.0,0.0,0.0,0.0,0.0,0.0,0.0,0.0
9125,1,0.0,0.0,0.0,0.0,0.0,0.0,0.0,0.0,0.0,0.0
22378,7,0.0,0.0,0.0,0.0,0.0,0.0,0.0,0.0,0.0,0.0
19117,3,0.3333333333333333,0.4166666666666667,0.46927872602275644,0.3333333333333333,0.2,0.3333333333333333,0.37037037037037035,0.46927872602275644,0.3333333333333333,0.1
11556,12,0.6,0.7999999999999999,0.7227265726449518,0.25,0.6,0.3,0.49090909090909096,0.46900009332067477,0.25,0.3
8458,11,0.2,0.26666666666666666,0.2139862647345275,0.09090909090909091,0.2,0.1,0.16363636363636364,0.1388624438735545,0.09090909090909091,0.1
19350,2,0.0,0.0,0.0,0.0,0.0,0.0,0.0,0.0,0.0,0.0
14300,27,0.2,0.3333333333333333,0.33916020527361607,0.037037037037037035,0.2,0.1,0.18181818181818182,0.22009176629808014,0.037037037037037035,0.1
3342,3,0.0,0.0,0.0,0.0,0.0,0.0,0.0,0.0,0.0,0.0
3804,8,0.2,0.26666666666666666,0.2139862647345275,0.125,0.2,0.125,0.17307692307692307,0.1595890771248963,0.125,0.1
13241,5,0.0,0.0,0.0,0.0,0.0,0.0,0.0,0.0,0.0,0.0
16794,19,0.0,0.0,0.0,0.0,0.0,0.0,0.0,0.0,0.0,0.0
14237,19,0.0,0.0,0.0,0.0,0.0,0.1,0.036363636363636355,0.06625422345438903,0.05263157894736842,0.1
17170,5,0.0,0.0,0.0,0.0,0.0,0.0,0.0,0.0,0.0,0.0
18144,17,0.2,0.3333333333333333,0.33916020527361607,0.058823529411764705,0.2,0.2,0.2545454545454545,0.29345568839744024,0.11764705882352941,0.2
6339,3,0.0,0.0,0.0,0.0,0.0,0.0,0.0,0.0,0.0,0.0
17331,1,0.0,0.0,0.0,0.0,0.0,0.0,0.0,0.0,0.0,0.0
19992,2,0.0,0.0,0.0,0.0,0.0,0.0,0.0,0.0,0.0,0.0
14200,7,0.0,0.0,0.0,0.0,0.0,0.0,0.0,0.0,0.0,0.0
18736,1,1.0,1.0,1.0,1.0,0.2,1.0,1.0,1.0,1.0,0.1
13975,2,0.0,0.0,0.0,0.0,0.0,0.0,0.0,0.0,0.0,0.0
13020,10,0.2,0.3333333333333333,0.33916020527361607,0.1,0.2,0.1,0.18181818181818182,0.22009176629808014,0.1,0.1
2864,8,0.2,0.13333333333333333,0.14606834984270645,0.125,0.2,0.125,0.1346153846153846,0.1089364926177559,0.125,0.1
20709,3,0.0,0.0,0.0,0.0,0.0,0.0,0.0,0.0,0.0,0.0
13017,6,0.0,0.0,0.0,0.0,0.0,0.16666666666666666,0.0,0.0,0.16666666666666666,0.1
7857,8,0.0,0.0,0.0,0.0,0.0,0.125,0.07692307692307693,0.08431423425588572,0.125,0.1
14610,21,0.2,0.13333333333333333,0.14606834984270645,0.047619047619047616,0.2,0.3,0.21818181818181823,0.23177307466786254,0.14285714285714285,0.3
2303,3,0.0,0.0,0.0,0.0,0.0,0.0,0.0,0.0,0.0,0.0
7474,2,0.0,0.0,0.0,0.0,0.0,0.0,0.0,0.0,0.0,0.0
6814,3,0.0,0.0,0.0,0.0,0.0,0.0,0.0,0.0,0.0,0.0
17982,6,0.0,0.0,0.0,0.0,0.0,0.16666666666666666,0.1111111111111111,0.10778915452451095,0.16666666666666666,0.1
17254,4,0.5,0.5,0.5585075862632192,0.5,0.4,0.5,0.49999999999999994,0.5585075862632192,0.5,0.2
302,5,0.0,0.0,0.0,0.0,0.0,0.0,0.0,0.0,0.0,0.0
21067,7,0.2,0.3333333333333333,0.33916020527361607,0.14285714285714285,0.2,0.14285714285714285,0.2040816326530612,0.27487633291429087,0.14285714285714285,0.1
21113,4,0.0,0.0,0.0,0.0,0.0,0.0,0.0,0.0,0.0,0.0
295,3,0.0,0.0,0.0,0.0,0.0,0.0,0.0,0.0,0.0,0.0
7340,13,0.0,0.0,0.0,0.0,0.0,0.1,0.07272727272727274,0.07336392209936006,0.07692307692307693,0.1
7836,25,0.6,0.7999999999999999,0.7227265726449518,0.12,0.6,0.5,0.6181818181818183,0.6117952373568121,0.2,0.5
125,4,0.25,0.28571428571428575,0.2463023887407299,0.25,0.2,0.25,0.2647058823529412,0.2463023887407299,0.25,0.1
139,2,0.0,0.0,0.0,0.0,0.0,0.0,0.0,0.0,0.0,0.0
2361,18,0.2,0.3333333333333333,0.33916020527361607,0.05555555555555555,0.2,0.1,0.18181818181818182,0.22009176629808014,0.05555555555555555,0.1
15835,19,0.6,0.6666666666666666,0.6548086577531306,0.15789473684210525,0.6,0.4,0.509090909090909,0.4943572357534482,0.21052631578947367,0.4
10976,1,0.0,0.0,0.0,0.0,0.0,0.0,0.0,0.0,0.0,0.0
7394,7,0.0,0.0,0.0,0.0,0.0,0.0,0.0,0.0,0.0,0.0
19696,16,0.2,0.26666666666666666,0.2139862647345275,0.0625,0.2,0.1,0.16363636363636364,0.1388624438735545,0.0625,0.1
12813,16,0.0,0.0,0.0,0.0,0.0,0.0,0.0,0.0,0.0,0.0
15861,9,0.0,0.0,0.0,0.0,0.0,0.0,0.0,0.0,0.0,0.0
15318,1,0.0,0.0,0.0,0.0,0.0,0.0,0.0,0.0,0.0,0.0
9222,12,0.0,0.0,0.0,0.0,0.0,0.1,0.07272727272727274,0.07336392209936006,0.08333333333333333,0.1
14120,13,0.0,0.0,0.0,0.0,0.0,0.1,0.09090909090909091,0.07839826897867533,0.07692307692307693,0.1
21047,16,0.4,0.19999999999999998,0.2772734273550482,0.125,0.4,0.3,0.3272727272727272,0.25832975098984706,0.1875,0.3
13924,1,0.0,0.0,0.0,0.0,0.0,0.0,0.0,0.0,0.0,0.0
19816,4,0.25,0.2142857142857143,0.19519002499605081,0.25,0.2,0.25,0.23529411764705882,0.19519002499605081,0.25,0.1
6088,11,0.0,0.0,0.0,0.0,0.0,0.0,0.0,0.0,0.0,0.0
12723,1,0.0,0.0,0.0,0.0,0.0,0.0,0.0,0.0,0.0,0.0
20083,1,0.0,0.0,0.0,0.0,0.0,0.0,0.0,0.0,0.0,0.0
5000,14,0.2,0.3333333333333333,0.33916020527361607,0.07142857142857142,0.2,0.2,0.23636363636363636,0.2895229882348574,0.14285714285714285,0.2
1480,2,0.0,0.0,0.0,0.0,0.0,0.0,0.0,0.0,0.0,0.0
22348,6,0.0,0.0,0.0,0.0,0.0,0.0,0.0,0.0,0.0,0.0
9683,1,0.0,0.0,0.0,0.0,0.0,0.0,0.0,0.0,0.0,0.0
18560,5,0.0,0.0,0.0,0.0,0.0,0.0,0.0,0.0,0.0,0.0
7360,2,0.0,0.0,0.0,0.0,0.0,0.0,0.0,0.0,0.0,0.0
13789,11,0.2,0.19999999999999998,0.16958010263680803,0.09090909090909091,0.2,0.2,0.18181818181818182,0.1763001066034291,0.18181818181818182,0.2
3402,2,0.0,0.0,0.0,0.0,0.0,0.0,0.0,0.0,0.0,0.0
12669,5,0.0,0.0,0.0,0.0,0.0,0.0,0.0,0.0,0.0,0.0
7169,20,0.2,0.06666666666666665,0.13120507751234176,0.05,0.2,0.2,0.2,0.1635413866202963,0.1,0.2
9272,2,0.5,0.5555555555555556,0.6131471927654584,0.5,0.2,0.5,0.5263157894736842,0.6131471927654584,0.5,0.1
5802,6,0.2,0.3333333333333333,0.33916020527361607,0.16666666666666666,0.2,0.16666666666666666,0.2222222222222222,0.30260241349881345,0.16666666666666666,0.1
15190,1,0.0,0.0,0.0,0.0,0.0,0.0,0.0,0.0,0.0,0.0
2368,14,0.2,0.19999999999999998,0.16958010263680803,0.07142857142857142,0.2,0.1,0.14545454545454548,0.11004588314904007,0.07142857142857142,0.1
2726,15,0.4,0.3333333333333333,0.34519134224686926,0.13333333333333333,0.4,0.2,0.2727272727272727,0.22400556151517548,0.13333333333333333,0.2
10528,19,0.4,0.6,0.5531464700081437,0.10526315789473684,0.4,0.3,0.41818181818181815,0.43231813227099475,0.15789473684210525,0.3
1071,10,0.2,0.3333333333333333,0.33916020527361607,0.1,0.2,0.1,0.18181818181818182,0.22009176629808014,0.1,0.1
21254,4,0.0,0.0,0.0,0.0,0.0,0.0,0.0,0.0,0.0,0.0
5299,7,0.2,0.13333333333333333,0.14606834984270645,0.14285714285714285,0.2,0.2857142857142857,0.22448979591836735,0.21000823726012655,0.2857142857142857,0.2
11759,9,0.0,0.0,0.0,0.0,0.0,0.0,0.0,0.0,0.0,0.0
4333,15,0.2,0.06666666666666665,0.13120507751234176,0.06666666666666667,0.2,0.1,0.10909090909090909,0.08514311764162097,0.06666666666666667,0.1
632,15,0.2,0.26666666666666666,0.2139862647345275,0.06666666666666667,0.2,0.2,0.23636363636363636,0.21222636597291453,0.13333333333333333,0.2
21183,4,0.25,0.2142857142857143,0.19519002499605081,0.25,0.2,0.25,0.23529411764705882,0.19519002499605081,0.25,0.1
18672,2,0.0,0.0,0.0,0.0,0.0,0.0,0.0,0.0,0.0,0.0
16824,3,0.3333333333333333,0.4166666666666667,0.46927872602275644,0.3333333333333333,0.2,0.3333333333333333,0.37037037037037035,0.46927872602275644,0.3333333333333333,0.1
408,13,0.2,0.06666666666666665,0.13120507751234176,0.07692307692307693,0.2,0.1,0.10909090909090909,0.08514311764162097,0.07692307692307693,0.1
949,20,0.2,0.19999999999999998,0.16958010263680803,0.05,0.2,0.2,0.21818181818181823,0.18340980524840012,0.1,0.2
12300,2,0.0,0.0,0.0,0.0,0.0,0.0,0.0,0.0,0.0,0.0
14431,13,0.2,0.3333333333333333,0.33916020527361607,0.07692307692307693,0.2,0.2,0.2545454545454545,0.29345568839744024,0.15384615384615385,0.2
356,10,0.4,0.6,0.5531464700081437,0.2,0.4,0.2,0.34545454545454546,0.3589542101716347,0.2,0.2
14184,10,0.2,0.3333333333333333,0.33916020527361607,0.1,0.2,0.1,0.18181818181818182,0.22009176629808014,0.1,0.1
12377,11,0.2,0.3333333333333333,0.33916020527361607,0.09090909090909091,0.2,0.1,0.18181818181818182,0.22009176629808014,0.09090909090909091,0.1
19443,8,0.0,0.0,0.0,0.0,0.0,0.0,0.0,0.0,0.0,0.0
21516,3,0.0,0.0,0.0,0.0,0.0,0.3333333333333333,0.0,0.0,0.3333333333333333,0.1
15535,16,0.0,0.0,0.0,0.0,0.0,0.0,0.0,0.0,0.0,0.0
21240,2,0.0,0.0,0.0,0.0,0.0,0.0,0.0,0.0,0.0,0.0
21568,1,0.0,0.0,0.0,0.0,0.0,0.0,0.0,0.0,0.0,0.0
17113,32,0.0,0.0,0.0,0.0,0.0,0.1,0.07272727272727274,0.07336392209936006,0.03125,0.1
141,2,0.5,0.0,0.0,0.5,0.2,0.5,0.0,0.0,0.5,0.1
5734,8,0.0,0.0,0.0,0.0,0.0,0.0,0.0,0.0,0.0,0.0
11341,16,0.2,0.3333333333333333,0.33916020527361607,0.0625,0.2,0.1,0.18181818181818182,0.22009176629808014,0.0625,0.1
17101,4,0.0,0.0,0.0,0.0,0.0,0.0,0.0,0.0,0.0,0.0
2260,1,1.0,0.0,0.0,1.0,0.2,1.0,0.0,0.0,1.0,0.1
18187,7,0.0,0.0,0.0,0.0,0.0,0.0,0.0,0.0,0.0,0.0
4208,2,0.0,0.0,0.0,0.0,0.0,0.0,0.0,0.0,0.0,0.0
15162,20,0.2,0.26666666666666666,0.2139862647345275,0.05,0.2,0.1,0.16363636363636364,0.1388624438735545,0.05,0.1
16517,9,0.0,0.0,0.0,0.0,0.0,0.2222222222222222,0.16666666666666666,0.1620734304706886,0.2222222222222222,0.2
4378,5,0.0,0.0,0.0,0.0,0.0,0.0,0.0,0.0,0.0,0.0
8441,1,0.0,0.0,0.0,0.0,0.0,0.0,0.0,0.0,0.0,0.0
14336,1,0.0,0.0,0.0,0.0,0.0,0.0,0.0,0.0,0.0,0.0
3425,5,0.6,0.6,0.529634717214042,0.6,0.6,0.8,0.6000000000000001,0.529634717214042,0.8,0.4
19566,1,0.0,0.0,0.0,0.0,0.0,1.0,0.0,0.0,1.0,0.1
9843,7,0.2,0.06666666666666665,0.13120507751234176,0.14285714285714285,0.2,0.14285714285714285,0.12244897959183672,0.10633668103022983,0.14285714285714285,0.1
5775,8,0.2,0.13333333333333333,0.14606834984270645,0.125,0.2,0.25,0.1923076923076923,0.18873103118020407,0.25,0.2
13443,8,0.2,0.13333333333333333,0.14606834984270645,0.125,0.2,0.125,0.1346153846153846,0.1089364926177559,0.125,0.1
10404,2,0.0,0.0,0.0,0.0,0.0,0.0,0.0,0.0,0.0,0.0
11581,8,0.2,0.26666666666666666,0.2139862647345275,0.125,0.2,0.125,0.17307692307692307,0.1595890771248963,0.125,0.1
21025,24,0.4,0.5333333333333333,0.5087403079104241,0.08333333333333333,0.4,0.3,0.4,0.40350157154648025,0.125,0.3
16202,19,0.0,0.0,0.0,0.0,0.0,0.0,0.0,0.0,0.0,0.0
10378,1,0.0,0.0,0.0,0.0,0.0,0.0,0.0,0.0,0.0,0.0
1111,3,0.3333333333333333,0.33333333333333337,0.29608191096586517,0.3333333333333333,0.2,0.6666666666666666,0.3333333333333333,0.29608191096586517,0.6666666666666666,0.2
22151,7,0.0,0.0,0.0,0.0,0.0,0.0,0.0,0.0,0.0,0.0
9741,12,0.2,0.3333333333333333,0.33916020527361607,0.08333333333333333,0.2,0.1,0.18181818181818182,0.22009176629808014,0.08333333333333333,0.1
16875,3,0.0,0.0,0.0,0.0,0.0,0.0,0.0,0.0,0.0,0.0
18867,6,0.2,0.3333333333333333,0.33916020527361607,0.16666666666666666,0.2,0.16666666666666666,0.2222222222222222,0.30260241349881345,0.16666666666666666,0.1
383,3,0.0,0.0,0.0,0.0,0.0,0.0,0.0,0.0,0.0,0.0
22026,6,0.0,0.0,0.0,0.0,0.0,0.16666666666666666,0.1111111111111111,0.10778915452451095,0.16666666666666666,0.1
1345,2,0.0,0.0,0.0,0.0,0.0,0.0,0.0,0.0,0.0,0.0
12800,2,0.5,0.5555555555555556,0.6131471927654584,0.5,0.2,0.5,0.5263157894736842,0.6131471927654584,0.5,0.1
893,3,0.0,0.0,0.0,0.0,0.0,0.0,0.0,0.0,0.0,0.0
6553,3,0.3333333333333333,0.33333333333333337,0.29608191096586517,0.3333333333333333,0.2,0.3333333333333333,0.3333333333333333,0.29608191096586517,0.3333333333333333,0.1
17505,9,0.0,0.0,0.0,0.0,0.0,0.0,0.0,0.0,0.0,0.0
15808,4,0.25,0.35714285714285715,0.39038004999210163,0.25,0.2,0.25,0.2941176470588235,0.39038004999210163,0.25,0.1
8068,5,0.4,0.26666666666666666,0.3007851801491498,0.4,0.4,0.4,0.35,0.3007851801491498,0.4,0.2
14643,7,0.0,0.0,0.0,0.0,0.0,0.0,0.0,0.0,0.0,0.0
18384,2,0.0,0.0,0.0,0.0,0.0,0.0,0.0,0.0,0.0,0.0
16402,3,0.0,0.0,0.0,0.0,0.0,0.0,0.0,0.0,0.0,0.0
21226,16,0.2,0.13333333333333333,0.14606834984270645,0.0625,0.2,0.3,0.23636363636363636,0.23440650992329984,0.1875,0.3
16970,3,0.0,0.0,0.0,0.0,0.0,0.0,0.0,0.0,0.0,0.0
4962,2,0.5,0.0,0.0,0.5,0.2,0.5,0.0,0.0,0.5,0.1
5947,2,0.0,0.0,0.0,0.0,0.0,0.0,0.0,0.0,0.0,0.0
22373,2,0.0,0.0,0.0,0.0,0.0,0.0,0.0,0.0,0.0,0.0
21629,4,0.5,0.6428571428571429,0.6366824387328316,0.5,0.4,0.5,0.5588235294117646,0.6366824387328316,0.5,0.2
6520,3,0.0,0.0,0.0,0.0,0.0,0.0,0.0,0.0,0.0,0.0
15643,22,0.6,0.7333333333333334,0.6992148198508501,0.13636363636363635,0.6,0.5,0.5818181818181818,0.5957616317188125,0.22727272727272727,0.5
13517,2,0.0,0.0,0.0,0.0,0.0,0.0,0.0,0.0,0.0,0.0
9623,1,0.0,0.0,0.0,0.0,0.0,0.0,0.0,0.0,0.0,0.0
19378,1,0.0,0.0,0.0,0.0,0.0,0.0,0.0,0.0,0.0,0.0
15572,2,0.0,0.0,0.0,0.0,0.0,0.0,0.0,0.0,0.0,0.0
13587,19,0.0,0.0,0.0,0.0,0.0,0.1,0.018181818181818177,0.0636207881989517,0.05263157894736842,0.1
5247,24,0.0,0.0,0.0,0.0,0.0,0.1,0.07272727272727274,0.07336392209936006,0.041666666666666664,0.1
7502,7,0.2,0.19999999999999998,0.16958010263680803,0.14285714285714285,0.2,0.14285714285714285,0.16326530612244897,0.13743816645714543,0.14285714285714285,0.1
11874,15,0.2,0.26666666666666666,0.2139862647345275,0.06666666666666667,0.2,0.1,0.16363636363636364,0.1388624438735545,0.06666666666666667,0.1
13706,3,0.0,0.0,0.0,0.0,0.0,0.0,0.0,0.0,0.0,0.0
19299,3,0.0,0.0,0.0,0.0,0.0,0.0,0.0,0.0,0.0,0.0
2912,7,0.0,0.0,0.0,0.0,0.0,0.0,0.0,0.0,0.0,0.0
8958,4,0.25,0.35714285714285715,0.39038004999210163,0.25,0.2,0.5,0.2941176470588235,0.39038004999210163,0.5,0.2
10374,18,0.0,0.0,0.0,0.0,0.0,0.2,0.10909090909090909,0.13961814555374907,0.1111111111111111,0.2
21826,1,0.0,0.0,0.0,0.0,0.0,0.0,0.0,0.0,0.0,0.0
13103,11,0.6,0.5333333333333333,0.5147714448836773,0.2727272727272727,0.6,0.3,0.4181818181818182,0.3340514446642156,0.2727272727272727,0.3
21276,5,0.2,0.3333333333333333,0.33916020527361607,0.2,0.2,0.2,0.25,0.33916020527361607,0.2,0.1
19001,2,0.5,0.0,0.0,0.5,0.2,0.5,0.0,0.0,0.5,0.1
4824,3,0.0,0.0,0.0,0.0,0.0,0.3333333333333333,0.0,0.0,0.3333333333333333,0.1
9812,26,0.4,0.4666666666666666,0.48522855511632257,0.07692307692307693,0.4,0.2,0.3090909090909091,0.31488013066763093,0.07692307692307693,0.2
1802,21,0.4,0.4000000000000001,0.3600546145772339,0.09523809523809523,0.4,0.3,0.32727272727272727,0.2999050316974943,0.14285714285714285,0.3
919,1,0.0,0.0,0.0,0.0,0.0,0.0,0.0,0.0,0.0,0.0
19051,5,0.0,0.0,0.0,0.0,0.0,0.0,0.0,0.0,0.0,0.0
8785,1,0.0,0.0,0.0,0.0,0.0,0.0,0.0,0.0,0.0,0.0
1473,7,0.0,0.0,0.0,0.0,0.0,0.0,0.0,0.0,0.0,0.0
3313,3,0.0,0.0,0.0,0.0,0.0,0.3333333333333333,0.0,0.0,0.3333333333333333,0.1
6809,3,0.3333333333333333,0.4166666666666667,0.46927872602275644,0.3333333333333333,0.2,0.3333333333333333,0.37037037037037035,0.46927872602275644,0.3333333333333333,0.1
13346,5,0.0,0.0,0.0,0.0,0.0,0.0,0.0,0.0,0.0,0.0
662,10,0.4,0.3333333333333333,0.34519134224686926,0.2,0.4,0.3,0.34545454545454546,0.2973694836145355,0.3,0.3
12185,4,0.0,0.0,0.0,0.0,0.0,0.0,0.0,0.0,0.0,0.0
14234,1,0.0,0.0,0.0,0.0,0.0,0.0,0.0,0.0,0.0,0.0
6562,3,0.3333333333333333,0.4166666666666667,0.46927872602275644,0.3333333333333333,0.2,0.3333333333333333,0.37037037037037035,0.46927872602275644,0.3333333333333333,0.1
9804,10,0.4,0.6,0.5531464700081437,0.2,0.4,0.4,0.4181818181818182,0.49200622030736363,0.4,0.4
6062,23,0.2,0.26666666666666666,0.2139862647345275,0.043478260869565216,0.2,0.1,0.16363636363636364,0.1388624438735545,0.043478260869565216,0.1
20382,1,0.0,0.0,0.0,0.0,0.0,0.0,0.0,0.0,0.0,0.0
17891,3,0.0,0.0,0.0,0.0,0.0,0.0,0.0,0.0,0.0,0.0
19139,4,0.0,0.0,0.0,0.0,0.0,0.0,0.0,0.0,0.0,0.0
19036,28,0.2,0.3333333333333333,0.33916020527361607,0.03571428571428571,0.2,0.1,0.18181818181818182,0.22009176629808014,0.03571428571428571,0.1
17661,5,0.0,0.0,0.0,0.0,0.0,0.0,0.0,0.0,0.0,0.0
18772,2,0.5,0.5555555555555556,0.6131471927654584,0.5,0.2,0.5,0.5263157894736842,0.6131471927654584,0.5,0.1
6982,5,0.0,0.0,0.0,0.0,0.0,0.0,0.0,0.0,0.0,0.0
4571,8,0.0,0.0,0.0,0.0,0.0,0.0,0.0,0.0,0.0,0.0
18085,4,0.0,0.0,0.0,0.0,0.0,0.0,0.0,0.0,0.0,0.0
10841,19,0.6,0.5333333333333333,0.6164336326286642,0.15789473684210525,0.6,0.4,0.509090909090909,0.4784215172879272,0.21052631578947367,0.4
16406,20,0.0,0.0,0.0,0.0,0.0,0.0,0.0,0.0,0.0,0.0
3877,3,0.0,0.0,0.0,0.0,0.0,0.0,0.0,0.0,0.0,0.0
4683,3,0.0,0.0,0.0,0.0,0.0,0.3333333333333333,0.0,0.0,0.3333333333333333,0.1
5945,2,0.0,0.0,0.0,0.0,0.0,0.0,0.0,0.0,0.0,0.0
9924,18,0.2,0.26666666666666666,0.2139862647345275,0.05555555555555555,0.2,0.1,0.16363636363636364,0.1388624438735545,0.05555555555555555,0.1
2149,1,0.0,0.0,0.0,0.0,0.0,0.0,0.0,0.0,0.0,0.0
7369,9,0.0,0.0,0.0,0.0,0.0,0.0,0.0,0.0,0.0,0.0
7307,25,0.6,0.6666666666666666,0.6548086577531306,0.12,0.6,0.4,0.5454545454545454,0.5033242827953462,0.16,0.4
10136,19,0.4,0.5333333333333333,0.5087403079104241,0.10526315789473684,0.4,0.2,0.32727272727272727,0.3301376494471202,0.10526315789473684,0.2
18197,15,0.4,0.39999999999999997,0.4703652827859578,0.13333333333333333,0.4,0.3,0.30909090909090914,0.3688556721386528,0.2,0.3
8510,3,0.0,0.0,0.0,0.0,0.0,0.0,0.0,0.0,0.0,0.0
11957,29,0.2,0.26666666666666666,0.2139862647345275,0.034482758620689655,0.2,0.2,0.2545454545454545,0.21726071285222984,0.06896551724137931,0.2
20004,9,0.0,0.0,0.0,0.0,0.0,0.0,0.0,0.0,0.0,0.0
2358,4,0.0,0.0,0.0,0.0,0.0,0.0,0.0,0.0,0.0,0.0
7064,30,0.4,0.39999999999999997,0.4703652827859578,0.06666666666666667,0.4,0.2,0.29090909090909095,0.3052348839397011,0.06666666666666667,0.2
14566,18,0.4,0.5333333333333333,0.5087403079104241,0.1111111111111111,0.4,0.4,0.45454545454545453,0.47479014188018454,0.2222222222222222,0.4
21931,7,0.0,0.0,0.0,0.0,0.0,0.14285714285714285,0.0,0.0,0.14285714285714285,0.1
11034,4,0.0,0.0,0.0,0.0,0.0,0.0,0.0,0.0,0.0,0.0
21557,9,0.0,0.0,0.0,0.0,0.0,0.0,0.0,0.0,0.0,0.0
12413,16,0.0,0.0,0.0,0.0,0.0,0.1,0.09090909090909091,0.07839826897867533,0.0625,0.1
272,13,0.0,0.0,0.0,0.0,0.0,0.0,0.0,0.0,0.0,0.0
19535,1,0.0,0.0,0.0,0.0,0.0,0.0,0.0,0.0,0.0,0.0
8939,11,0.2,0.06666666666666665,0.13120507751234176,0.09090909090909091,0.2,0.1,0.10909090909090909,0.08514311764162097,0.09090909090909091,0.1
4670,19,0.2,0.3333333333333333,0.33916020527361607,0.05263157894736842,0.2,0.2,0.23636363636363636,0.2895229882348574,0.10526315789473684,0.2
3204,11,0.2,0.26666666666666666,0.2139862647345275,0.09090909090909091,0.2,0.1,0.16363636363636364,0.1388624438735545,0.09090909090909091,0.1
14604,9,0.0,0.0,0.0,0.0,0.0,0.2222222222222222,0.1111111111111111,0.14910427719257574,0.2222222222222222,0.2
12387,16,0.0,0.0,0.0,0.0,0.0,0.0,0.0,0.0,0.0,0.0
15770,26,0.2,0.06666666666666665,0.13120507751234176,0.038461538461538464,0.2,0.3,0.23636363636363636,0.22979561007468532,0.11538461538461539,0.3
18692,2,0.0,0.0,0.0,0.0,0.0,0.5,0.0,0.0,0.5,0.1
3184,13,0.0,0.0,0.0,0.0,0.0,0.1,0.018181818181818177,0.0636207881989517,0.07692307692307693,0.1
20384,12,0.0,0.0,0.0,0.0,0.0,0.0,0.0,0.0,0.0,0.0
14956,21,0.2,0.13333333333333333,0.14606834984270645,0.047619047619047616,0.2,0.1,0.12727272727272726,0.09478836436955078,0.047619047619047616,0.1
1471,26,0.0,0.0,0.0,0.0,0.0,0.0,0.0,0.0,0.0,0.0
22129,25,0.6,0.6666666666666666,0.6843515475204854,0.12,0.6,0.4,0.509090909090909,0.5135285497500329,0.16,0.4
4937,2,0.0,0.0,0.0,0.0,0.0,0.0,0.0,0.0,0.0,0.0
73,5,0.2,0.3333333333333333,0.33916020527361607,0.2,0.2,0.2,0.25,0.33916020527361607,0.2,0.1
15894,3,0.0,0.0,0.0,0.0,0.0,0.0,0.0,0.0,0.0,0.0
19351,13,0.2,0.06666666666666665,0.13120507751234176,0.07692307692307693,0.2,0.1,0.10909090909090909,0.08514311764162097,0.07692307692307693,0.1
7623,4,0.25,0.35714285714285715,0.39038004999210163,0.25,0.2,0.25,0.2941176470588235,0.39038004999210163,0.25,0.1
14383,9,0.0,0.0,0.0,0.0,0.0,0.1111111111111111,0.09259259259259259,0.08372491399919348,0.1111111111111111,0.1
9146,1,0.0,0.0,0.0,0.0,0.0,0.0,0.0,0.0,0.0,0.0
14664,6,0.2,0.13333333333333333,0.14606834984270645,0.16666666666666666,0.2,0.16666666666666666,0.15555555555555556,0.13032376591037065,0.16666666666666666,0.1
13692,21,0.0,0.0,0.0,0.0,0.0,0.2,0.12727272727272726,0.14465249243306436,0.09523809523809523,0.2
16930,2,0.0,0.0,0.0,0.0,0.0,0.0,0.0,0.0,0.0,0.0
2940,25,0.2,0.13333333333333333,0.14606834984270645,0.04,0.2,0.2,0.1636363636363636,0.16104258782393982,0.08,0.2
19241,5,0.0,0.0,0.0,0.0,0.0,0.0,0.0,0.0,0.0,0.0
7229,1,0.0,0.0,0.0,0.0,0.0,0.0,0.0,0.0,0.0,0.0
2617,8,0.4,0.3333333333333333,0.34519134224686926,0.25,0.4,0.25,0.28846153846153844,0.25744067176005675,0.25,0.2
3923,5,0.2,0.13333333333333333,0.14606834984270645,0.2,0.2,0.2,0.175,0.14606834984270645,0.2,0.1
6661,21,0.2,0.26666666666666666,0.2139862647345275,0.047619047619047616,0.2,0.1,0.16363636363636364,0.1388624438735545,0.047619047619047616,0.1
1825,1,0.0,0.0,0.0,0.0,0.0,0.0,0.0,0.0,0.0,0.0
20559,4,0.0,0.0,0.0,0.0,0.0,0.0,0.0,0.0,0.0,0.0
1979,3,0.3333333333333333,0.4166666666666667,0.46927872602275644,0.3333333333333333,0.2,0.3333333333333333,0.37037037037037035,0.46927872602275644,0.3333333333333333,0.1
19079,2,0.0,0.0,0.0,0.0,0.0,0.0,0.0,0.0,0.0,0.0
21977,1,0.0,0.0,0.0,0.0,0.0,0.0,0.0,0.0,0.0,0.0
21787,1,1.0,0.0,0.0,1.0,0.2,1.0,0.0,0.0,1.0,0.1
4924,4,0.0,0.0,0.0,0.0,0.0,0.0,0.0,0.0,0.0,0.0
6450,33,0.2,0.06666666666666665,0.13120507751234176,0.030303030303030304,0.2,0.1,0.10909090909090909,0.08514311764162097,0.030303030303030304,0.1
11180,10,0.4,0.39999999999999997,0.4703652827859578,0.2,0.4,0.2,0.29090909090909095,0.3052348839397011,0.2,0.2
11339,4,0.0,0.0,0.0,0.0,0.0,0.0,0.0,0.0,0.0,0.0
11050,1,0.0,0.0,0.0,0.0,0.0,0.0,0.0,0.0,0.0,0.0
3274,3,0.0,0.0,0.0,0.0,0.0,0.0,0.0,0.0,0.0,0.0
5347,1,0.0,0.0,0.0,0.0,0.0,0.0,0.0,0.0,0.0,0.0
11588,2,0.0,0.0,0.0,0.0,0.0,0.0,0.0,0.0,0.0,0.0
3411,5,0.2,0.3333333333333333,0.33916020527361607,0.2,0.2,0.4,0.25,0.33916020527361607,0.4,0.2
10013,14,0.4,0.6,0.5531464700081437,0.14285714285714285,0.4,0.3,0.41818181818181815,0.43231813227099475,0.21428571428571427,0.3
15536,13,0.0,0.0,0.0,0.0,0.0,0.1,0.07272727272727274,0.07336392209936006,0.07692307692307693,0.1
1711,4,0.5,0.5714285714285715,0.5855700749881524,0.5,0.4,0.5,0.5294117647058824,0.5855700749881524,0.5,0.2
4348,1,0.0,0.0,0.0,0.0,0.0,0.0,0.0,0.0,0.0,0.0
12603,4,0.25,0.35714285714285715,0.39038004999210163,0.25,0.2,0.5,0.2941176470588235,0.39038004999210163,0.5,0.2
19600,3,0.0,0.0,0.0,0.0,0.0,0.0,0.0,0.0,0.0,0.0
969,7,0.2,0.26666666666666666,0.2139862647345275,0.14285714285714285,0.2,0.14285714285714285,0.18367346938775508,0.17342765698823942,0.14285714285714285,0.1
18986,13,0.0,0.0,0.0,0.0,0.0,0.0,0.0,0.0,0.0,0.0
7057,3,0.0,0.0,0.0,0.0,0.0,0.0,0.0,0.0,0.0,0.0
3294,1,0.0,0.0,0.0,0.0,0.0,0.0,0.0,0.0,0.0,0.0
9061,1,0.0,0.0,0.0,0.0,0.0,0.0,0.0,0.0,0.0,0.0
6245,8,0.2,0.3333333333333333,0.33916020527361607,0.125,0.2,0.5,0.36538461538461536,0.42735694567591054,0.5,0.4
16039,2,0.0,0.0,0.0,0.0,0.0,0.0,0.0,0.0,0.0,0.0
14244,1,0.0,0.0,0.0,0.0,0.0,0.0,0.0,0.0,0.0,0.0
12195,1,0.0,0.0,0.0,0.0,0.0,0.0,0.0,0.0,0.0,0.0
9792,4,0.0,0.0,0.0,0.0,0.0,0.0,0.0,0.0,0.0,0.0
5894,1,0.0,0.0,0.0,0.0,0.0,0.0,0.0,0.0,0.0,0.0
4918,2,0.0,0.0,0.0,0.0,0.0,0.0,0.0,0.0,0.0,0.0
17359,2,0.0,0.0,0.0,0.0,0.0,0.0,0.0,0.0,0.0,0.0
1654,7,0.0,0.0,0.0,0.0,0.0,0.0,0.0,0.0,0.0,0.0
8579,33,0.4,0.6,0.5531464700081437,0.06060606060606061,0.4,0.4,0.39999999999999997,0.4888292218249754,0.12121212121212122,0.4
5237,2,0.0,0.0,0.0,0.0,0.0,0.5,0.0,0.0,0.5,0.1
14804,2,0.5,0.5555555555555556,0.6131471927654584,0.5,0.2,0.5,0.5263157894736842,0.6131471927654584,0.5,0.1
21587,22,0.0,0.0,0.0,0.0,0.0,0.0,0.0,0.0,0.0,0.0
2256,3,0.0,0.0,0.0,0.0,0.0,0.0,0.0,0.0,0.0,0.0
6175,5,0.0,0.0,0.0,0.0,0.0,0.0,0.0,0.0,0.0,0.0
8842,22,0.4,0.3333333333333333,0.31564845247951445,0.09090909090909091,0.4,0.3,0.3090909090909091,0.27108847097297983,0.13636363636363635,0.3
16255,2,0.0,0.0,0.0,0.0,0.0,0.0,0.0,0.0,0.0,0.0
4152,1,0.0,0.0,0.0,0.0,0.0,0.0,0.0,0.0,0.0,0.0
2478,4,0.0,0.0,0.0,0.0,0.0,0.0,0.0,0.0,0.0,0.0
5151,3,0.0,0.0,0.0,0.0,0.0,0.0,0.0,0.0,0.0,0.0
5188,2,0.5,0.4444444444444445,0.3868528072345415,0.5,0.2,0.5,0.4736842105263158,0.3868528072345415,0.5,0.1
4892,23,0.4,0.4000000000000001,0.3600546145772339,0.08695652173913043,0.4,0.2,0.29090909090909095,0.23365080824310527,0.08695652173913043,0.2
4029,19,0.2,0.26666666666666666,0.2139862647345275,0.05263157894736842,0.2,0.1,0.16363636363636364,0.1388624438735545,0.05263157894736842,0.1
6357,2,0.0,0.0,0.0,0.0,0.0,0.0,0.0,0.0,0.0,0.0
4079,3,0.0,0.0,0.0,0.0,0.0,0.0,0.0,0.0,0.0,0.0
15044,3,0.3333333333333333,0.4166666666666667,0.46927872602275644,0.3333333333333333,0.2,0.3333333333333333,0.37037037037037035,0.46927872602275644,0.3333333333333333,0.1
10436,4,0.25,0.28571428571428575,0.2463023887407299,0.25,0.2,0.25,0.2647058823529412,0.2463023887407299,0.25,0.1
13709,1,0.0,0.0,0.0,0.0,0.0,0.0,0.0,0.0,0.0,0.0
14368,3,0.3333333333333333,0.25,0.23463936301137822,0.3333333333333333,0.2,0.3333333333333333,0.2962962962962963,0.23463936301137822,0.3333333333333333,0.1
7187,19,0.4,0.39999999999999997,0.4703652827859578,0.10526315789473684,0.4,0.2,0.29090909090909095,0.3052348839397011,0.10526315789473684,0.2
201,5,0.0,0.0,0.0,0.0,0.0,0.2,0.0,0.0,0.2,0.1
13165,8,0.0,0.0,0.0,0.0,0.0,0.25,0.07692307692307693,0.08431423425588572,0.25,0.2
16252,3,0.3333333333333333,0.0,0.0,0.3333333333333333,0.2,0.3333333333333333,0.0,0.0,0.3333333333333333,0.1
12930,9,0.0,0.0,0.0,0.0,0.0,0.0,0.0,0.0,0.0,0.0
11479,2,0.0,0.0,0.0,0.0,0.0,0.0,0.0,0.0,0.0,0.0
18565,4,0.25,0.14285714285714288,0.16812753627111746,0.25,0.2,0.25,0.20588235294117643,0.16812753627111746,0.25,0.1
862,5,0.4,0.6,0.5531464700081437,0.4,0.4,0.4,0.475,0.5531464700081437,0.4,0.2
7915,8,0.2,0.19999999999999998,0.16958010263680803,0.125,0.2,0.125,0.15384615384615385,0.12647135138382856,0.125,0.1
20710,3,0.3333333333333333,0.25,0.23463936301137822,0.3333333333333333,0.2,0.3333333333333333,0.2962962962962963,0.23463936301137822,0.3333333333333333,0.1
3585,16,0.2,0.3333333333333333,0.33916020527361607,0.0625,0.2,0.1,0.18181818181818182,0.22009176629808014,0.0625,0.1
15804,2,0.0,0.0,0.0,0.0,0.0,0.0,0.0,0.0,0.0,0.0
19603,4,0.0,0.0,0.0,0.0,0.0,0.0,0.0,0.0,0.0,0.0
12768,9,0.4,0.3333333333333333,0.31564845247951445,0.2222222222222222,0.4,0.3333333333333333,0.3518518518518518,0.29709989939103804,0.3333333333333333,0.3
11571,27,0.4,0.5333333333333333,0.5087403079104241,0.07407407407407407,0.4,0.3,0.41818181818181815,0.4085359184257955,0.1111111111111111,0.3
18250,7,0.2,0.3333333333333333,0.33916020527361607,0.14285714285714285,0.2,0.14285714285714285,0.2040816326530612,0.27487633291429087,0.14285714285714285,0.1
8908,6,0.0,0.0,0.0,0.0,0.0,0.0,0.0,0.0,0.0,0.0
13485,1,0.0,0.0,0.0,0.0,0.0,0.0,0.0,0.0,0.0,0.0
12527,11,0.2,0.26666666666666666,0.2139862647345275,0.09090909090909091,0.2,0.3,0.2727272727272727,0.28088150105118154,0.2727272727272727,0.3
4510,12,0.0,0.0,0.0,0.0,0.0,0.0,0.0,0.0,0.0,0.0
3106,9,0.6,0.5333333333333333,0.6164336326286642,0.3333333333333333,0.6,0.3333333333333333,0.4259259259259259,0.4272021882457644,0.3333333333333333,0.3
18493,26,0.6,0.7333333333333334,0.6992148198508501,0.11538461538461539,0.6,0.4,0.5272727272727272,0.5231737964779627,0.15384615384615385,0.4
14741,5,0.2,0.3333333333333333,0.33916020527361607,0.2,0.2,0.2,0.25,0.33916020527361607,0.2,0.1
8108,6,0.0,0.0,0.0,0.0,0.0,0.16666666666666666,0.0,0.0,0.16666666666666666,0.1
3052,7,0.0,0.0,0.0,0.0,0.0,0.0,0.0,0.0,0.0,0.0
4283,4,0.25,0.0,0.0,0.25,0.2,0.25,0.0,0.0,0.25,0.1
12546,16,0.2,0.26666666666666666,0.2139862647345275,0.0625,0.2,0.2,0.18181818181818182,0.2024832320725062,0.125,0.2
3653,14,0.2,0.3333333333333333,0.33916020527361607,0.07142857142857142,0.2,0.2,0.2,0.2837125544970318,0.14285714285714285,0.2
1494,5,0.4,0.5333333333333333,0.5087403079104241,0.4,0.4,0.4,0.45,0.5087403079104241,0.4,0.2
10015,5,0.0,0.0,0.0,0.0,0.0,0.0,0.0,0.0,0.0,0.0
20388,3,0.0,0.0,0.0,0.0,0.0,0.0,0.0,0.0,0.0,0.0
18504,12,0.2,0.19999999999999998,0.16958010263680803,0.08333333333333333,0.2,0.1,0.14545454545454548,0.11004588314904007,0.08333333333333333,0.1
8931,6,0.0,0.0,0.0,0.0,0.0,0.16666666666666666,0.0,0.0,0.16666666666666666,0.1
13308,2,0.0,0.0,0.0,0.0,0.0,0.5,0.0,0.0,0.5,0.1
13748,10,0.0,0.0,0.0,0.0,0.0,0.0,0.0,0.0,0.0,0.0
16917,1,0.0,0.0,0.0,0.0,0.0,0.0,0.0,0.0,0.0,0.0
20635,1,0.0,0.0,0.0,0.0,0.0,0.0,0.0,0.0,0.0,0.0
1506,3,0.0,0.0,0.0,0.0,0.0,0.0,0.0,0.0,0.0,0.0
21389,2,0.0,0.0,0.0,0.0,0.0,0.0,0.0,0.0,0.0,0.0
3761,4,0.0,0.0,0.0,0.0,0.0,0.0,0.0,0.0,0.0,0.0
2381,11,0.0,0.0,0.0,0.0,0.0,0.0,0.0,0.0,0.0,0.0
15109,21,0.2,0.3333333333333333,0.33916020527361607,0.047619047619047616,0.2,0.3,0.2545454545454545,0.35314377643380906,0.14285714285714285,0.3
7651,12,0.4,0.5333333333333333,0.5087403079104241,0.16666666666666666,0.4,0.2,0.32727272727272727,0.3301376494471202,0.16666666666666666,0.2
8128,10,0.2,0.19999999999999998,0.16958010263680803,0.1,0.2,0.2,0.18181818181818182,0.1763001066034291,0.2,0.2
6498,3,0.0,0.0,0.0,0.0,0.0,0.0,0.0,0.0,0.0,0.0
6212,7,0.2,0.26666666666666666,0.2139862647345275,0.14285714285714285,0.2,0.14285714285714285,0.18367346938775508,0.17342765698823942,0.14285714285714285,0.1
1854,4,0.0,0.0,0.0,0.0,0.0,0.0,0.0,0.0,0.0,0.0
2401,4,0.0,0.0,0.0,0.0,0.0,0.25,0.0,0.0,0.25,0.1
1254,34,0.2,0.26666666666666666,0.2139862647345275,0.029411764705882353,0.2,0.3,0.2545454545454545,0.2758471541718662,0.08823529411764706,0.3
21458,2,0.5,0.0,0.0,0.5,0.2,0.5,0.0,0.0,0.5,0.1
1678,2,0.0,0.0,0.0,0.0,0.0,0.0,0.0,0.0,0.0,0.0
19225,13,0.6,0.6666666666666666,0.6843515475204854,0.23076923076923078,0.6,0.4,0.5454545454545454,0.522495596791931,0.3076923076923077,0.4
15268,36,0.6,0.6666666666666666,0.6843515475204854,0.08333333333333333,0.6,0.4,0.4727272727272727,0.5077181160122074,0.1111111111111111,0.4
10125,1,0.0,0.0,0.0,0.0,0.0,0.0,0.0,0.0,0.0,0.0
12235,5,0.0,0.0,0.0,0.0,0.0,0.0,0.0,0.0,0.0,0.0
2357,3,0.0,0.0,0.0,0.0,0.0,0.0,0.0,0.0,0.0,0.0
22172,6,0.0,0.0,0.0,0.0,0.0,0.0,0.0,0.0,0.0,0.0
21387,8,0.0,0.0,0.0,0.0,0.0,0.125,0.09615384615384615,0.0901000086523677,0.125,0.1
10873,16,0.2,0.06666666666666665,0.13120507751234176,0.0625,0.2,0.1,0.10909090909090909,0.08514311764162097,0.0625,0.1
9420,15,0.4,0.6,0.5531464700081437,0.13333333333333333,0.4,0.3,0.3818181818181818,0.42520843362602373,0.2,0.3
19765,5,0.0,0.0,0.0,0.0,0.0,0.0,0.0,0.0,0.0,0.0
11279,1,0.0,0.0,0.0,0.0,0.0,0.0,0.0,0.0,0.0,0.0
16135,7,0.2,0.26666666666666666,0.2139862647345275,0.14285714285714285,0.2,0.14285714285714285,0.18367346938775508,0.17342765698823942,0.14285714285714285,0.1
7140,5,0.0,0.0,0.0,0.0,0.0,0.0,0.0,0.0,0.0,0.0
6241,2,0.5,0.4444444444444445,0.3868528072345415,0.5,0.2,0.5,0.4736842105263158,0.3868528072345415,0.5,0.1
5421,1,0.0,0.0,0.0,0.0,0.0,1.0,0.0,0.0,1.0,0.1
2308,9,0.0,0.0,0.0,0.0,0.0,0.0,0.0,0.0,0.0,0.0
19936,6,0.2,0.06666666666666665,0.13120507751234176,0.16666666666666666,0.2,0.16666666666666666,0.13333333333333333,0.11706259313796352,0.16666666666666666,0.1
13178,27,0.4,0.4666666666666666,0.38356636737133554,0.07407407407407407,0.4,0.4,0.4727272727272727,0.4006705181006299,0.14814814814814814,0.4
14027,6,0.0,0.0,0.0,0.0,0.0,0.0,0.0,0.0,0.0,0.0
1047,7,0.2,0.3333333333333333,0.33916020527361607,0.14285714285714285,0.2,0.14285714285714285,0.2040816326530612,0.27487633291429087,0.14285714285714285,0.1
16547,2,0.0,0.0,0.0,0.0,0.0,0.0,0.0,0.0,0.0,0.0
10623,12,0.0,0.0,0.0,0.0,0.0,0.2,0.12727272727272726,0.14465249243306436,0.16666666666666666,0.2
15506,4,0.0,0.0,0.0,0.0,0.0,0.0,0.0,0.0,0.0,0.0
14125,1,0.0,0.0,0.0,0.0,0.0,0.0,0.0,0.0,0.0,0.0
18127,1,0.0,0.0,0.0,0.0,0.0,0.0,0.0,0.0,0.0,0.0
21237,17,0.2,0.26666666666666666,0.2139862647345275,0.058823529411764705,0.2,0.1,0.16363636363636364,0.1388624438735545,0.058823529411764705,0.1
13511,1,0.0,0.0,0.0,0.0,0.0,0.0,0.0,0.0,0.0,0.0
12182,20,0.6,0.5333333333333333,0.6164336326286642,0.15,0.6,0.4,0.509090909090909,0.4784215172879272,0.2,0.4
7884,13,0.0,0.0,0.0,0.0,0.0,0.0,0.0,0.0,0.0,0.0
6542,2,0.0,0.0,0.0,0.0,0.0,0.0,0.0,0.0,0.0,0.0
10376,4,0.25,0.35714285714285715,0.39038004999210163,0.25,0.2,0.25,0.2941176470588235,0.39038004999210163,0.25,0.1
7759,25,0.2,0.3333333333333333,0.33916020527361607,0.04,0.2,0.1,0.18181818181818182,0.22009176629808014,0.04,0.1
6598,23,0.6,0.5333333333333333,0.6164336326286642,0.13043478260869565,0.6,0.5,0.5272727272727272,0.5420423054868788,0.21739130434782608,0.5
18761,11,0.2,0.19999999999999998,0.16958010263680803,0.09090909090909091,0.2,0.2,0.16363636363636364,0.1736666713479918,0.18181818181818182,0.2
16137,3,0.0,0.0,0.0,0.0,0.0,0.0,0.0,0.0,0.0,0.0
21713,4,0.0,0.0,0.0,0.0,0.0,0.0,0.0,0.0,0.0,0.0
15414,2,0.0,0.0,0.0,0.0,0.0,0.5,0.0,0.0,0.5,0.1
6292,16,0.2,0.13333333333333333,0.14606834984270645,0.0625,0.2,0.1,0.12727272727272726,0.09478836436955078,0.0625,0.1
21739,23,0.2,0.13333333333333333,0.14606834984270645,0.043478260869565216,0.2,0.1,0.12727272727272726,0.09478836436955078,0.043478260869565216,0.1
8529,2,0.0,0.0,0.0,0.0,0.0,0.0,0.0,0.0,0.0,0.0
20201,8,0.4,0.39999999999999997,0.4703652827859578,0.25,0.4,0.5,0.3846153846153846,0.4351085316587032,0.5,0.4
9356,1,0.0,0.0,0.0,0.0,0.0,0.0,0.0,0.0,0.0,0.0
2223,1,0.0,0.0,0.0,0.0,0.0,0.0,0.0,0.0,0.0,0.0
5230,3,0.3333333333333333,0.4166666666666667,0.46927872602275644,0.3333333333333333,0.2,0.6666666666666666,0.37037037037037035,0.46927872602275644,0.6666666666666666,0.2
15517,7,0.0,0.0,0.0,0.0,0.0,0.0,0.0,0.0,0.0,0.0
9198,18,0.2,0.06666666666666665,0.13120507751234176,0.05555555555555555,0.2,0.3,0.21818181818181817,0.22476126319537001,0.16666666666666666,0.3
22161,5,0.2,0.26666666666666666,0.2139862647345275,0.2,0.2,0.2,0.225,0.2139862647345275,0.2,0.1
11304,14,0.0,0.0,0.0,0.0,0.0,0.0,0.0,0.0,0.0,0.0
1414,8,0.4,0.6,0.5531464700081437,0.25,0.4,0.25,0.36538461538461536,0.4125317798925535,0.25,0.2
8130,1,1.0,1.0,1.0,1.0,0.2,1.0,1.0,1.0,1.0,0.1
12687,1,0.0,0.0,0.0,0.0,0.0,0.0,0.0,0.0,0.0,0.0
15905,17,0.6,0.6666666666666666,0.6843515475204854,0.17647058823529413,0.6,0.3,0.45454545454545453,0.44409732781325567,0.17647058823529413,0.3
20375,27,0.2,0.06666666666666665,0.13120507751234176,0.037037037037037035,0.2,0.4,0.2727272727272727,0.2965933967560252,0.14814814814814814,0.4
14271,4,0.0,0.0,0.0,0.0,0.0,0.0,0.0,0.0,0.0,0.0
6415,3,0.3333333333333333,0.25,0.23463936301137822,0.3333333333333333,0.2,0.3333333333333333,0.2962962962962963,0.23463936301137822,0.3333333333333333,0.1
21834,2,0.5,0.0,0.0,0.5,0.2,0.5,0.0,0.0,0.5,0.1
5043,29,0.2,0.13333333333333333,0.14606834984270645,0.034482758620689655,0.2,0.1,0.12727272727272726,0.09478836436955078,0.034482758620689655,0.1
21668,8,0.2,0.19999999999999998,0.16958010263680803,0.125,0.2,0.125,0.15384615384615385,0.12647135138382856,0.125,0.1
5039,18,0.2,0.06666666666666665,0.13120507751234176,0.05555555555555555,0.2,0.1,0.10909090909090909,0.08514311764162097,0.05555555555555555,0.1
11636,22,0.0,0.0,0.0,0.0,0.0,0.0,0.0,0.0,0.0,0.0
18970,15,0.2,0.13333333333333333,0.14606834984270645,0.06666666666666667,0.2,0.1,0.12727272727272726,0.09478836436955078,0.06666666666666667,0.1
20653,2,0.0,0.0,0.0,0.0,0.0,0.0,0.0,0.0,0.0,0.0
15873,9,0.0,0.0,0.0,0.0,0.0,0.0,0.0,0.0,0.0,0.0
742,23,0.4,0.3333333333333333,0.34519134224686926,0.08695652173913043,0.4,0.3,0.3090909090909091,0.2902597849695645,0.13043478260869565,0.3
7305,2,0.0,0.0,0.0,0.0,0.0,0.5,0.0,0.0,0.5,0.1
1449,3,0.3333333333333333,0.4166666666666667,0.46927872602275644,0.3333333333333333,0.2,0.3333333333333333,0.37037037037037035,0.46927872602275644,0.3333333333333333,0.1
2126,1,0.0,0.0,0.0,0.0,0.0,1.0,0.0,0.0,1.0,0.1
10706,17,0.4,0.19999999999999998,0.2772734273550482,0.11764705882352941,0.4,0.2,0.23636363636363633,0.17993148201117173,0.11764705882352941,0.2
10370,15,0.0,0.0,0.0,0.0,0.0,0.0,0.0,0.0,0.0,0.0
17376,2,0.0,0.0,0.0,0.0,0.0,0.0,0.0,0.0,0.0,0.0
3211,5,0.0,0.0,0.0,0.0,0.0,0.0,0.0,0.0,0.0,0.0
3420,13,0.0,0.0,0.0,0.0,0.0,0.1,0.07272727272727274,0.07336392209936006,0.07692307692307693,0.1
9238,4,0.0,0.0,0.0,0.0,0.0,0.25,0.0,0.0,0.25,0.1
15837,7,0.2,0.3333333333333333,0.33916020527361607,0.14285714285714285,0.2,0.2857142857142857,0.2040816326530612,0.27487633291429087,0.2857142857142857,0.2
16712,2,0.0,0.0,0.0,0.0,0.0,0.0,0.0,0.0,0.0,0.0
13235,3,0.3333333333333333,0.0,0.0,0.3333333333333333,0.2,0.3333333333333333,0.0,0.0,0.3333333333333333,0.1
1464,1,0.0,0.0,0.0,0.0,0.0,0.0,0.0,0.0,0.0,0.0
18575,32,0.0,0.0,0.0,0.0,0.0,0.3,0.14545454545454545,0.20827328063201603,0.09375,0.3
16248,1,0.0,0.0,0.0,0.0,0.0,0.0,0.0,0.0,0.0,0.0
3138,4,0.0,0.0,0.0,0.0,0.0,0.0,0.0,0.0,0.0,0.0
20786,3,0.3333333333333333,0.0,0.0,0.3333333333333333,0.2,0.3333333333333333,0.0,0.0,0.3333333333333333,0.1
16314,9,0.4,0.4666666666666666,0.38356636737133554,0.2222222222222222,0.4,0.2222222222222222,0.3148148148148148,0.26582000527739175,0.2222222222222222,0.2
10192,2,0.5,0.5555555555555556,0.6131471927654584,0.5,0.2,0.5,0.5263157894736842,0.6131471927654584,0.5,0.1
9066,11,0.0,0.0,0.0,0.0,0.0,0.0,0.0,0.0,0.0,0.0
8381,4,0.25,0.35714285714285715,0.39038004999210163,0.25,0.2,0.25,0.2941176470588235,0.39038004999210163,0.25,0.1
18635,1,0.0,0.0,0.0,0.0,0.0,0.0,0.0,0.0,0.0,0.0
12776,2,0.5,0.4444444444444445,0.3868528072345415,0.5,0.2,0.5,0.4736842105263158,0.3868528072345415,0.5,0.1
20111,22,0.4,0.19999999999999998,0.2772734273550482,0.09090909090909091,0.4,0.2,0.23636363636363633,0.17993148201117173,0.09090909090909091,0.2
16121,13,0.2,0.3333333333333333,0.33916020527361607,0.07692307692307693,0.2,0.2,0.2,0.2837125544970318,0.15384615384615385,0.2
16626,2,0.0,0.0,0.0,0.0,0.0,0.0,0.0,0.0,0.0,0.0
19705,11,0.0,0.0,0.0,0.0,0.0,0.0,0.0,0.0,0.0,0.0
1015,14,0.2,0.19999999999999998,0.16958010263680803,0.07142857142857142,0.2,0.2,0.16363636363636364,0.1736666713479918,0.14285714285714285,0.2
22255,9,0.0,0.0,0.0,0.0,0.0,0.0,0.0,0.0,0.0,0.0
8811,4,0.25,0.35714285714285715,0.39038004999210163,0.25,0.2,0.25,0.2941176470588235,0.39038004999210163,0.25,0.1
19976,1,0.0,0.0,0.0,0.0,0.0,0.0,0.0,0.0,0.0,0.0
20633,10,0.4,0.6,0.5531464700081437,0.2,0.4,0.2,0.34545454545454546,0.3589542101716347,0.2,0.2
15880,28,0.2,0.06666666666666665,0.13120507751234176,0.03571428571428571,0.2,0.2,0.16363636363636364,0.15457433957839825,0.07142857142857142,0.2
20378,23,0.2,0.19999999999999998,0.16958010263680803,0.043478260869565216,0.2,0.1,0.14545454545454548,0.11004588314904007,0.043478260869565216,0.1
3576,1,0.0,0.0,0.0,0.0,0.0,0.0,0.0,0.0,0.0,0.0
6423,2,0.0,0.0,0.0,0.0,0.0,0.0,0.0,0.0,0.0,0.0
4905,2,0.0,0.0,0.0,0.0,0.0,0.0,0.0,0.0,0.0,0.0
3414,5,0.2,0.3333333333333333,0.33916020527361607,0.2,0.2,0.2,0.25,0.33916020527361607,0.2,0.1
14645,11,0.0,0.0,0.0,0.0,0.0,0.0,0.0,0.0,0.0,0.0
17899,1,0.0,0.0,0.0,0.0,0.0,0.0,0.0,0.0,0.0,0.0
21543,5,0.2,0.13333333333333333,0.14606834984270645,0.2,0.2,0.2,0.175,0.14606834984270645,0.2,0.1
3233,5,0.2,0.19999999999999998,0.16958010263680803,0.2,0.2,0.4,0.2,0.16958010263680803,0.4,0.2
21978,7,0.0,0.0,0.0,0.0,0.0,0.0,0.0,0.0,0.0,0.0
9315,5,0.0,0.0,0.0,0.0,0.0,0.0,0.0,0.0,0.0,0.0
6259,19,0.2,0.3333333333333333,0.33916020527361607,0.05263157894736842,0.2,0.2,0.2,0.2837125544970318,0.10526315789473684,0.2
19128,3,0.0,0.0,0.0,0.0,0.0,0.3333333333333333,0.0,0.0,0.3333333333333333,0.1
20664,7,0.0,0.0,0.0,0.0,0.0,0.0,0.0,0.0,0.0,0.0
5078,2,0.0,0.0,0.0,0.0,0.0,0.0,0.0,0.0,0.0,0.0
9507,22,0.2,0.13333333333333333,0.14606834984270645,0.045454545454545456,0.2,0.1,0.12727272727272726,0.09478836436955078,0.045454545454545456,0.1
16851,1,0.0,0.0,0.0,0.0,0.0,0.0,0.0,0.0,0.0,0.0
20857,2,0.0,0.0,0.0,0.0,0.0,0.0,0.0,0.0,0.0,0.0
7939,4,0.0,0.0,0.0,0.0,0.0,0.0,0.0,0.0,0.0,0.0
15291,1,0.0,0.0,0.0,0.0,0.0,0.0,0.0,0.0,0.0,0.0
2635,2,0.0,0.0,0.0,0.0,0.0,0.5,0.0,0.0,0.5,0.1
3701,9,0.0,0.0,0.0,0.0,0.0,0.0,0.0,0.0,0.0,0.0
18179,8,0.0,0.0,0.0,0.0,0.0,0.0,0.0,0.0,0.0,0.0
20418,8,0.0,0.0,0.0,0.0,0.0,0.125,0.057692307692307696,0.07979453856244816,0.125,0.1
3438,4,0.25,0.28571428571428575,0.2463023887407299,0.25,0.2,0.25,0.2647058823529412,0.2463023887407299,0.25,0.1
20839,14,0.2,0.3333333333333333,0.33916020527361607,0.07142857142857142,0.2,0.1,0.18181818181818182,0.22009176629808014,0.07142857142857142,0.1
941,6,0.2,0.3333333333333333,0.33916020527361607,0.16666666666666666,0.2,0.16666666666666666,0.2222222222222222,0.30260241349881345,0.16666666666666666,0.1
3634,3,0.0,0.0,0.0,0.0,0.0,0.0,0.0,0.0,0.0,0.0
8946,18,0.4,0.4666666666666666,0.38356636737133554,0.1111111111111111,0.4,0.2,0.30909090909090914,0.24890832702259458,0.1111111111111111,0.2
20144,4,0.0,0.0,0.0,0.0,0.0,0.0,0.0,0.0,0.0,0.0
17180,22,0.0,0.0,0.0,0.0,0.0,0.0,0.0,0.0,0.0,0.0
11769,6,0.0,0.0,0.0,0.0,0.0,0.16666666666666666,0.0,0.0,0.16666666666666666,0.1
13836,4,0.0,0.0,0.0,0.0,0.0,0.25,0.0,0.0,0.25,0.1
21026,10,0.0,0.0,0.0,0.0,0.0,0.0,0.0,0.0,0.0,0.0
10317,6,0.2,0.3333333333333333,0.33916020527361607,0.16666666666666666,0.2,0.16666666666666666,0.2222222222222222,0.30260241349881345,0.16666666666666666,0.1
2607,27,0.0,0.0,0.0,0.0,0.0,0.1,0.05454545454545456,0.06943122193677725,0.037037037037037035,0.1
18748,1,0.0,0.0,0.0,0.0,0.0,1.0,0.0,0.0,1.0,0.1
8558,26,0.6,0.6,0.529634717214042,0.11538461538461539,0.6,0.4,0.5090909090909091,0.4170606134915054,0.15384615384615385,0.4
16234,15,0.4,0.4666666666666666,0.48522855511632257,0.13333333333333333,0.4,0.4,0.36363636363636365,0.4447551423209717,0.26666666666666666,0.4
17256,1,0.0,0.0,0.0,0.0,0.0,0.0,0.0,0.0,0.0,0.0
8036,3,0.0,0.0,0.0,0.0,0.0,0.0,0.0,0.0,0.0,0.0
15397,16,0.0,0.0,0.0,0.0,0.0,0.2,0.14545454545454548,0.14782949091545258,0.125,0.2
12685,2,0.0,0.0,0.0,0.0,0.0,0.0,0.0,0.0,0.0,0.0
9162,8,0.4,0.5333333333333333,0.5087403079104241,0.25,0.4,0.25,0.34615384615384615,0.37941405415148566,0.25,0.2
5596,2,0.0,0.0,0.0,0.0,0.0,0.0,0.0,0.0,0.0,0.0
15556,11,0.0,0.0,0.0,0.0,0.0,0.1,0.09090909090909091,0.07839826897867533,0.09090909090909091,0.1
218,29,0.4,0.4000000000000001,0.3600546145772339,0.06896551724137931,0.4,0.3,0.36363636363636365,0.30701473034246535,0.10344827586206896,0.3
8093,24,0.0,0.0,0.0,0.0,0.0,0.3,0.2,0.21801641453242443,0.125,0.3
18980,3,0.0,0.0,0.0,0.0,0.0,0.0,0.0,0.0,0.0,0.0
6586,17,0.4,0.4666666666666666,0.38356636737133554,0.11764705882352941,0.4,0.3,0.34545454545454546,0.3151625504769836,0.17647058823529413,0.3
17350,1,0.0,0.0,0.0,0.0,0.0,0.0,0.0,0.0,0.0,0.0
10626,2,0.0,0.0,0.0,0.0,0.0,0.0,0.0,0.0,0.0,0.0
17808,13,0.4,0.4666666666666666,0.38356636737133554,0.15384615384615385,0.4,0.2,0.30909090909090914,0.24890832702259458,0.15384615384615385,0.2
8069,3,0.0,0.0,0.0,0.0,0.0,0.0,0.0,0.0,0.0,0.0
4621,3,0.0,0.0,0.0,0.0,0.0,0.3333333333333333,0.0,0.0,0.3333333333333333,0.1
5954,13,0.2,0.06666666666666665,0.13120507751234176,0.07692307692307693,0.2,0.1,0.10909090909090909,0.08514311764162097,0.07692307692307693,0.1
19897,2,0.0,0.0,0.0,0.0,0.0,0.0,0.0,0.0,0.0,0.0
20350,4,0.5,0.5,0.5585075862632192,0.5,0.4,0.5,0.49999999999999994,0.5585075862632192,0.5,0.2
611,5,0.0,0.0,0.0,0.0,0.0,0.0,0.0,0.0,0.0,0.0
21917,3,0.0,0.0,0.0,0.0,0.0,0.0,0.0,0.0,0.0,0.0
3696,23,0.4,0.4666666666666666,0.38356636737133554,0.08695652173913043,0.4,0.4,0.41818181818181815,0.3885264725763437,0.17391304347826086,0.4
2950,2,0.0,0.0,0.0,0.0,0.0,0.0,0.0,0.0,0.0,0.0
13956,5,0.0,0.0,0.0,0.0,0.0,0.0,0.0,0.0,0.0,0.0
10709,1,0.0,0.0,0.0,0.0,0.0,0.0,0.0,0.0,0.0,0.0
14420,7,0.0,0.0,0.0,0.0,0.0,0.0,0.0,0.0,0.0,0.0
16161,16,0.0,0.0,0.0,0.0,0.0,0.0,0.0,0.0,0.0,0.0
6780,2,0.0,0.0,0.0,0.0,0.0,0.0,0.0,0.0,0.0,0.0
18966,10,0.4,0.6,0.5531464700081437,0.2,0.4,0.3,0.36363636363636365,0.4225749983705864,0.3,0.3
21136,1,0.0,0.0,0.0,0.0,0.0,0.0,0.0,0.0,0.0,0.0
21725,4,0.0,0.0,0.0,0.0,0.0,0.0,0.0,0.0,0.0,0.0
5929,16,0.2,0.13333333333333333,0.14606834984270645,0.0625,0.2,0.2,0.18181818181818182,0.16421958630632802,0.125,0.2
4902,2,0.0,0.0,0.0,0.0,0.0,0.0,0.0,0.0,0.0,0.0
21766,8,0.0,0.0,0.0,0.0,0.0,0.0,0.0,0.0,0.0,0.0
5582,3,0.0,0.0,0.0,0.0,0.0,0.0,0.0,0.0,0.0,0.0
7636,1,1.0,1.0,1.0,1.0,0.2,1.0,1.0,1.0,1.0,0.1
2169,1,0.0,0.0,0.0,0.0,0.0,0.0,0.0,0.0,0.0,0.0
21178,3,0.0,0.0,0.0,0.0,0.0,0.0,0.0,0.0,0.0,0.0
4998,2,0.0,0.0,0.0,0.0,0.0,0.0,0.0,0.0,0.0,0.0
11578,4,0.0,0.0,0.0,0.0,0.0,0.0,0.0,0.0,0.0,0.0
5262,4,0.0,0.0,0.0,0.0,0.0,0.0,0.0,0.0,0.0,0.0
3674,5,0.0,0.0,0.0,0.0,0.0,0.0,0.0,0.0,0.0,0.0
2277,16,0.2,0.13333333333333333,0.14606834984270645,0.0625,0.2,0.1,0.12727272727272726,0.09478836436955078,0.0625,0.1
16203,3,0.0,0.0,0.0,0.0,0.0,0.3333333333333333,0.0,0.0,0.3333333333333333,0.1
14653,3,0.0,0.0,0.0,0.0,0.0,0.0,0.0,0.0,0.0,0.0
22051,3,0.0,0.0,0.0,0.0,0.0,0.0,0.0,0.0,0.0,0.0
9466,3,0.0,0.0,0.0,0.0,0.0,0.0,0.0,0.0,0.0,0.0
4971,3,0.3333333333333333,0.4166666666666667,0.46927872602275644,0.3333333333333333,0.2,0.3333333333333333,0.37037037037037035,0.46927872602275644,0.3333333333333333,0.1
6820,2,0.5,0.4444444444444445,0.3868528072345415,0.5,0.2,0.5,0.4736842105263158,0.3868528072345415,0.5,0.1
11085,16,0.0,0.0,0.0,0.0,0.0,0.0,0.0,0.0,0.0,0.0
6275,1,0.0,0.0,0.0,0.0,0.0,0.0,0.0,0.0,0.0,0.0
18559,34,0.4,0.4666666666666666,0.48522855511632257,0.058823529411764705,0.4,0.4,0.36363636363636365,0.4447551423209717,0.11764705882352941,0.4
21925,9,0.0,0.0,0.0,0.0,0.0,0.0,0.0,0.0,0.0,0.0
10313,8,0.0,0.0,0.0,0.0,0.0,0.0,0.0,0.0,0.0,0.0
7248,3,0.0,0.0,0.0,0.0,0.0,0.0,0.0,0.0,0.0,0.0
10613,1,0.0,0.0,0.0,0.0,0.0,0.0,0.0,0.0,0.0,0.0
7826,1,0.0,0.0,0.0,0.0,0.0,0.0,0.0,0.0,0.0,0.0
5902,14,0.4,0.4666666666666666,0.38356636737133554,0.14285714285714285,0.4,0.4,0.36363636363636365,0.37878333867593533,0.2857142857142857,0.4
19494,25,0.2,0.3333333333333333,0.33916020527361607,0.04,0.2,0.2,0.2727272727272727,0.2984900352767555,0.08,0.2
7706,3,0.0,0.0,0.0,0.0,0.0,0.0,0.0,0.0,0.0,0.0
5690,2,0.0,0.0,0.0,0.0,0.0,0.0,0.0,0.0,0.0,0.0
2443,11,0.2,0.19999999999999998,0.16958010263680803,0.09090909090909091,0.2,0.1,0.14545454545454548,0.11004588314904007,0.09090909090909091,0.1
6604,18,0.0,0.0,0.0,0.0,0.0,0.1,0.09090909090909091,0.07839826897867533,0.05555555555555555,0.1
18296,37,0.2,0.26666666666666666,0.2139862647345275,0.02702702702702703,0.2,0.1,0.16363636363636364,0.1388624438735545,0.02702702702702703,0.1
3323,5,0.0,0.0,0.0,0.0,0.0,0.0,0.0,0.0,0.0,0.0
20568,1,0.0,0.0,0.0,0.0,0.0,0.0,0.0,0.0,0.0,0.0
16747,9,0.4,0.6,0.5531464700081437,0.2222222222222222,0.4,0.2222222222222222,0.3518518518518518,0.38334277998463445,0.2222222222222222,0.2
11427,12,0.0,0.0,0.0,0.0,0.0,0.2,0.09090909090909091,0.13698471029831175,0.16666666666666666,0.2
20822,2,0.0,0.0,0.0,0.0,0.0,0.0,0.0,0.0,0.0,0.0
1657,4,0.25,0.35714285714285715,0.39038004999210163,0.25,0.2,0.25,0.2941176470588235,0.39038004999210163,0.25,0.1
19419,18,0.2,0.19999999999999998,0.16958010263680803,0.05555555555555555,0.2,0.1,0.14545454545454548,0.11004588314904007,0.05555555555555555,0.1
18181,6,0.4,0.19999999999999998,0.2772734273550482,0.3333333333333333,0.4,0.3333333333333333,0.28888888888888886,0.24738635904833414,0.3333333333333333,0.2
9434,3,0.0,0.0,0.0,0.0,0.0,0.0,0.0,0.0,0.0,0.0
11622,2,0.0,0.0,0.0,0.0,0.0,0.0,0.0,0.0,0.0,0.0
1720,4,0.0,0.0,0.0,0.0,0.0,0.0,0.0,0.0,0.0,0.0
9537,9,0.4,0.5333333333333333,0.5087403079104241,0.2222222222222222,0.4,0.2222222222222222,0.3333333333333333,0.352568324121728,0.2222222222222222,0.2
8015,11,0.2,0.13333333333333333,0.14606834984270645,0.09090909090909091,0.2,0.3,0.23636363636363636,0.23440650992329984,0.2727272727272727,0.3
20090,1,0.0,0.0,0.0,0.0,0.0,0.0,0.0,0.0,0.0,0.0
6358,5,0.0,0.0,0.0,0.0,0.0,0.2,0.0,0.0,0.2,0.1
1959,11,0.2,0.19999999999999998,0.16958010263680803,0.09090909090909091,0.2,0.1,0.14545454545454548,0.11004588314904007,0.09090909090909091,0.1
19886,3,0.0,0.0,0.0,0.0,0.0,0.0,0.0,0.0,0.0,0.0
11617,24,0.0,0.0,0.0,0.0,0.0,0.1,0.07272727272727274,0.07336392209936006,0.041666666666666664,0.1
2107,3,0.0,0.0,0.0,0.0,0.0,0.0,0.0,0.0,0.0,0.0
16268,3,0.3333333333333333,0.4166666666666667,0.46927872602275644,0.3333333333333333,0.2,0.3333333333333333,0.37037037037037035,0.46927872602275644,0.3333333333333333,0.1
11861,33,0.6,0.7999999999999999,0.7227265726449518,0.09090909090909091,0.6,0.3,0.49090909090909096,0.46900009332067477,0.09090909090909091,0.3
7806,9,0.4,0.4666666666666666,0.48522855511632257,0.2222222222222222,0.4,0.3333333333333333,0.40740740740740744,0.4199990716259791,0.3333333333333333,0.3
9750,1,0.0,0.0,0.0,0.0,0.0,0.0,0.0,0.0,0.0,0.0
2826,1,1.0,0.0,0.0,1.0,0.2,1.0,0.0,0.0,1.0,0.1
382,1,0.0,0.0,0.0,0.0,0.0,0.0,0.0,0.0,0.0,0.0
19187,4,0.25,0.28571428571428575,0.2463023887407299,0.25,0.2,0.25,0.2647058823529412,0.2463023887407299,0.25,0.1
17326,6,0.2,0.3333333333333333,0.33916020527361607,0.16666666666666666,0.2,0.16666666666666666,0.2222222222222222,0.30260241349881345,0.16666666666666666,0.1
81,10,0.4,0.5333333333333333,0.5087403079104241,0.2,0.4,0.2,0.32727272727272727,0.3301376494471202,0.2,0.2
4979,9,0.2,0.19999999999999998,0.16958010263680803,0.1111111111111111,0.2,0.1111111111111111,0.14814814814814814,0.11752277470724269,0.1111111111111111,0.1
8423,2,0.5,0.4444444444444445,0.3868528072345415,0.5,0.2,0.5,0.4736842105263158,0.3868528072345415,0.5,0.1
13841,2,0.0,0.0,0.0,0.0,0.0,0.0,0.0,0.0,0.0,0.0
11770,13,0.0,0.0,0.0,0.0,0.0,0.0,0.0,0.0,0.0,0.0
6233,4,0.0,0.0,0.0,0.0,0.0,0.0,0.0,0.0,0.0,0.0
4952,1,0.0,0.0,0.0,0.0,0.0,0.0,0.0,0.0,0.0,0.0
2094,15,0.6,0.7999999999999999,0.7227265726449518,0.2,0.6,0.3,0.49090909090909096,0.46900009332067477,0.2,0.3
8631,9,0.0,0.0,0.0,0.0,0.0,0.1111111111111111,0.09259259259259259,0.08372491399919348,0.1111111111111111,0.1
19497,1,0.0,0.0,0.0,0.0,0.0,0.0,0.0,0.0,0.0,0.0
14737,9,0.4,0.39999999999999997,0.4703652827859578,0.2222222222222222,0.4,0.3333333333333333,0.37037037037037035,0.4043220965049593,0.3333333333333333,0.3
18829,4,0.0,0.0,0.0,0.0,0.0,0.0,0.0,0.0,0.0,0.0
7447,6,0.2,0.3333333333333333,0.33916020527361607,0.16666666666666666,0.2,0.16666666666666666,0.2222222222222222,0.30260241349881345,0.16666666666666666,0.1
10369,3,0.0,0.0,0.0,0.0,0.0,0.0,0.0,0.0,0.0,0.0
5831,7,0.0,0.0,0.0,0.0,0.0,0.14285714285714285,0.0,0.0,0.14285714285714285,0.1
15486,7,0.4,0.6,0.5531464700081437,0.2857142857142857,0.4,0.2857142857142857,0.38775510204081626,0.4483039899025303,0.2857142857142857,0.2
556,1,0.0,0.0,0.0,0.0,0.0,0.0,0.0,0.0,0.0,0.0
12812,8,0.2,0.13333333333333333,0.14606834984270645,0.125,0.2,0.125,0.1346153846153846,0.1089364926177559,0.125,0.1
4137,22,0.4,0.26666666666666666,0.3007851801491498,0.09090909090909091,0.4,0.3,0.3272727272727272,0.26855292289002114,0.13636363636363635,0.3
1445,12,0.4,0.6,0.5531464700081437,0.16666666666666666,0.4,0.2,0.34545454545454546,0.3589542101716347,0.16666666666666666,0.2
9784,8,0.2,0.26666666666666666,0.2139862647345275,0.125,0.2,0.125,0.17307692307692307,0.1595890771248963,0.125,0.1
714,3,0.0,0.0,0.0,0.0,0.0,0.0,0.0,0.0,0.0,0.0
11717,2,0.5,0.5555555555555556,0.6131471927654584,0.5,0.2,0.5,0.5263157894736842,0.6131471927654584,0.5,0.1
9245,5,0.4,0.6,0.5531464700081437,0.4,0.4,0.6,0.475,0.5531464700081437,0.6,0.3
17286,16,0.0,0.0,0.0,0.0,0.0,0.0,0.0,0.0,0.0,0.0
8903,1,1.0,0.0,0.0,1.0,0.2,1.0,0.0,0.0,1.0,0.1
7963,2,0.0,0.0,0.0,0.0,0.0,0.0,0.0,0.0,0.0,0.0
14067,1,0.0,0.0,0.0,0.0,0.0,0.0,0.0,0.0,0.0,0.0
18706,2,0.0,0.0,0.0,0.0,0.0,0.5,0.0,0.0,0.5,0.1
14457,13,0.4,0.19999999999999998,0.2772734273550482,0.15384615384615385,0.4,0.3,0.3272727272727272,0.25832975098984706,0.23076923076923078,0.3
10963,5,0.2,0.13333333333333333,0.14606834984270645,0.2,0.2,0.2,0.175,0.14606834984270645,0.2,0.1
21945,6,0.0,0.0,0.0,0.0,0.0,0.0,0.0,0.0,0.0,0.0
11629,2,0.0,0.0,0.0,0.0,0.0,0.0,0.0,0.0,0.0,0.0
13622,27,0.4,0.4666666666666666,0.48522855511632257,0.07407407407407407,0.4,0.3,0.3272727272727272,0.3785009188665826,0.1111111111111111,0.3
14276,6,0.0,0.0,0.0,0.0,0.0,0.16666666666666666,0.0,0.0,0.16666666666666666,0.1
20741,1,0.0,0.0,0.0,0.0,0.0,0.0,0.0,0.0,0.0,0.0
13263,4,0.25,0.0,0.0,0.25,0.2,0.25,0.0,0.0,0.25,0.1
12380,28,0.4,0.5333333333333333,0.5087403079104241,0.07142857142857142,0.4,0.3,0.36363636363636365,0.39639187290150923,0.10714285714285714,0.3
4938,2,0.0,0.0,0.0,0.0,0.0,0.0,0.0,0.0,0.0,0.0
10715,7,0.0,0.0,0.0,0.0,0.0,0.0,0.0,0.0,0.0,0.0
12686,38,0.0,0.0,0.0,0.0,0.0,0.0,0.0,0.0,0.0,0.0
18642,1,0.0,0.0,0.0,0.0,0.0,0.0,0.0,0.0,0.0,0.0
19534,1,0.0,0.0,0.0,0.0,0.0,0.0,0.0,0.0,0.0,0.0
8390,3,0.0,0.0,0.0,0.0,0.0,0.3333333333333333,0.0,0.0,0.3333333333333333,0.1
20246,2,0.0,0.0,0.0,0.0,0.0,0.0,0.0,0.0,0.0,0.0
14966,11,0.2,0.3333333333333333,0.33916020527361607,0.09090909090909091,0.2,0.1,0.18181818181818182,0.22009176629808014,0.09090909090909091,0.1
6825,20,0.0,0.0,0.0,0.0,0.0,0.2,0.12727272727272726,0.14465249243306436,0.1,0.2
5539,12,0.0,0.0,0.0,0.0,0.0,0.0,0.0,0.0,0.0,0.0
22211,1,0.0,0.0,0.0,0.0,0.0,0.0,0.0,0.0,0.0,0.0
22342,2,0.0,0.0,0.0,0.0,0.0,0.0,0.0,0.0,0.0,0.0
9230,5,0.2,0.3333333333333333,0.33916020527361607,0.2,0.2,0.2,0.25,0.33916020527361607,0.2,0.1
11211,1,0.0,0.0,0.0,0.0,0.0,0.0,0.0,0.0,0.0,0.0
6032,6,0.2,0.26666666666666666,0.2139862647345275,0.16666666666666666,0.2,0.16666666666666666,0.2,0.1909208661789346,0.16666666666666666,0.1
4010,2,0.0,0.0,0.0,0.0,0.0,0.0,0.0,0.0,0.0,0.0
5474,12,0.4,0.5333333333333333,0.5087403079104241,0.16666666666666666,0.4,0.3,0.34545454545454546,0.3937584376460719,0.25,0.3
22286,4,0.25,0.35714285714285715,0.39038004999210163,0.25,0.2,0.25,0.2941176470588235,0.39038004999210163,0.25,0.1
3194,2,0.0,0.0,0.0,0.0,0.0,0.0,0.0,0.0,0.0,0.0
271,7,0.0,0.0,0.0,0.0,0.0,0.0,0.0,0.0,0.0,0.0
16943,6,0.0,0.0,0.0,0.0,0.0,0.0,0.0,0.0,0.0,0.0
20361,13,0.4,0.6,0.5531464700081437,0.15384615384615385,0.4,0.3,0.43636363636363634,0.43735247915031,0.23076923076923078,0.3
21873,2,0.0,0.0,0.0,0.0,0.0,0.0,0.0,0.0,0.0,0.0
94,1,0.0,0.0,0.0,0.0,0.0,0.0,0.0,0.0,0.0,0.0
5788,1,0.0,0.0,0.0,0.0,0.0,0.0,0.0,0.0,0.0,0.0
1641,1,0.0,0.0,0.0,0.0,0.0,0.0,0.0,0.0,0.0,0.0
8609,6,0.0,0.0,0.0,0.0,0.0,0.0,0.0,0.0,0.0,0.0
9139,5,0.0,0.0,0.0,0.0,0.0,0.2,0.0,0.0,0.2,0.1
18722,21,0.4,0.5333333333333333,0.5087403079104241,0.09523809523809523,0.4,0.3,0.4,0.40350157154648025,0.14285714285714285,0.3
17811,7,0.2,0.19999999999999998,0.16958010263680803,0.14285714285714285,0.2,0.14285714285714285,0.16326530612244897,0.13743816645714543,0.14285714285714285,0.1
20137,6,0.2,0.3333333333333333,0.33916020527361607,0.16666666666666666,0.2,0.16666666666666666,0.2222222222222222,0.30260241349881345,0.16666666666666666,0.1
8365,9,0.0,0.0,0.0,0.0,0.0,0.0,0.0,0.0,0.0,0.0
5027,2,0.5,0.0,0.0,0.5,0.2,0.5,0.0,0.0,0.5,0.1
21803,1,0.0,0.0,0.0,0.0,0.0,0.0,0.0,0.0,0.0,0.0
2824,19,0.6,0.39999999999999997,0.4468535299918562,0.15789473684210525,0.6,0.3,0.38181818181818183,0.28997736516021183,0.15789473684210525,0.3
12151,2,0.0,0.0,0.0,0.0,0.0,0.0,0.0,0.0,0.0,0.0
5021,13,0.0,0.0,0.0,0.0,0.0,0.0,0.0,0.0,0.0,0.0
8051,10,0.0,0.0,0.0,0.0,0.0,0.0,0.0,0.0,0.0,0.0
8256,2,0.5,0.4444444444444445,0.3868528072345415,0.5,0.2,0.5,0.4736842105263158,0.3868528072345415,0.5,0.1
7948,7,0.0,0.0,0.0,0.0,0.0,0.0,0.0,0.0,0.0,0.0
751,14,0.0,0.0,0.0,0.0,0.0,0.2,0.10909090909090909,0.13961814555374907,0.14285714285714285,0.2
19477,9,0.0,0.0,0.0,0.0,0.0,0.0,0.0,0.0,0.0,0.0
14014,9,0.2,0.06666666666666665,0.13120507751234176,0.1111111111111111,0.2,0.1111111111111111,0.1111111111111111,0.09092803061897882,0.1111111111111111,0.1
6315,3,0.0,0.0,0.0,0.0,0.0,0.0,0.0,0.0,0.0,0.0
3159,5,0.0,0.0,0.0,0.0,0.0,0.0,0.0,0.0,0.0,0.0
19913,8,0.2,0.06666666666666665,0.13120507751234176,0.125,0.2,0.125,0.11538461538461538,0.09785159463516041,0.125,0.1
7576,23,0.0,0.0,0.0,0.0,0.0,0.1,0.09090909090909091,0.07839826897867533,0.043478260869565216,0.1
9246,2,0.0,0.0,0.0,0.0,0.0,0.5,0.0,0.0,0.5,0.1
8367,4,0.0,0.0,0.0,0.0,0.0,0.0,0.0,0.0,0.0,0.0
5018,14,0.0,0.0,0.0,0.0,0.0,0.0,0.0,0.0,0.0,0.0
2137,1,0.0,0.0,0.0,0.0,0.0,0.0,0.0,0.0,0.0,0.0
22301,1,1.0,0.0,0.0,1.0,0.2,1.0,0.0,0.0,1.0,0.1
12972,1,0.0,0.0,0.0,0.0,0.0,0.0,0.0,0.0,0.0,0.0
8497,3,0.3333333333333333,0.25,0.23463936301137822,0.3333333333333333,0.2,0.6666666666666666,0.2962962962962963,0.23463936301137822,0.6666666666666666,0.2
10344,4,0.25,0.35714285714285715,0.39038004999210163,0.25,0.2,0.25,0.2941176470588235,0.39038004999210163,0.25,0.1
9692,4,0.5,0.5,0.4414924137367807,0.5,0.4,0.5,0.5,0.4414924137367807,0.5,0.2
18754,4,0.0,0.0,0.0,0.0,0.0,0.0,0.0,0.0,0.0,0.0
16686,4,0.25,0.28571428571428575,0.2463023887407299,0.25,0.2,0.25,0.2647058823529412,0.2463023887407299,0.25,0.1
18955,8,0.0,0.0,0.0,0.0,0.0,0.0,0.0,0.0,0.0,0.0
9883,11,0.2,0.06666666666666665,0.13120507751234176,0.09090909090909091,0.2,0.1,0.10909090909090909,0.08514311764162097,0.09090909090909091,0.1
5767,1,1.0,0.0,0.0,1.0,0.2,1.0,0.0,0.0,1.0,0.1
16666,19,0.2,0.26666666666666666,0.2139862647345275,0.05263157894736842,0.2,0.1,0.16363636363636364,0.1388624438735545,0.05263157894736842,0.1
8787,4,0.0,0.0,0.0,0.0,0.0,0.0,0.0,0.0,0.0,0.0
19301,2,0.0,0.0,0.0,0.0,0.0,0.0,0.0,0.0,0.0,0.0
18059,10,0.2,0.26666666666666666,0.2139862647345275,0.1,0.2,0.1,0.16363636363636364,0.1388624438735545,0.1,0.1
3141,1,0.0,0.0,0.0,0.0,0.0,0.0,0.0,0.0,0.0,0.0
11344,5,0.4,0.6,0.5531464700081437,0.4,0.4,0.4,0.475,0.5531464700081437,0.4,0.2
988,6,0.2,0.26666666666666666,0.2139862647345275,0.16666666666666666,0.2,0.16666666666666666,0.2,0.1909208661789346,0.16666666666666666,0.1
5471,8,0.0,0.0,0.0,0.0,0.0,0.0,0.0,0.0,0.0,0.0
19216,25,0.2,0.26666666666666666,0.2139862647345275,0.04,0.2,0.2,0.18181818181818182,0.2024832320725062,0.08,0.2
15425,3,0.0,0.0,0.0,0.0,0.0,0.0,0.0,0.0,0.0,0.0
1755,10,0.2,0.26666666666666666,0.2139862647345275,0.1,0.2,0.1,0.16363636363636364,0.1388624438735545,0.1,0.1
853,3,0.0,0.0,0.0,0.0,0.0,0.0,0.0,0.0,0.0,0.0
1931,1,0.0,0.0,0.0,0.0,0.0,0.0,0.0,0.0,0.0,0.0
11964,13,0.4,0.6,0.5531464700081437,0.15384615384615385,0.4,0.2,0.34545454545454546,0.3589542101716347,0.15384615384615385,0.2
18679,4,0.25,0.35714285714285715,0.39038004999210163,0.25,0.2,0.25,0.2941176470588235,0.39038004999210163,0.25,0.1
894,20,0.2,0.13333333333333333,0.14606834984270645,0.05,0.2,0.1,0.12727272727272726,0.09478836436955078,0.05,0.1
8105,2,0.5,0.0,0.0,0.5,0.2,0.5,0.0,0.0,0.5,0.1
4114,1,0.0,0.0,0.0,0.0,0.0,0.0,0.0,0.0,0.0,0.0
3331,1,0.0,0.0,0.0,0.0,0.0,0.0,0.0,0.0,0.0,0.0
5443,18,0.2,0.3333333333333333,0.33916020527361607,0.05555555555555555,0.2,0.1,0.18181818181818182,0.22009176629808014,0.05555555555555555,0.1
22204,1,0.0,0.0,0.0,0.0,0.0,0.0,0.0,0.0,0.0,0.0
10761,12,0.0,0.0,0.0,0.0,0.0,0.1,0.09090909090909091,0.07839826897867533,0.08333333333333333,0.1
13505,30,0.4,0.19999999999999998,0.2772734273550482,0.06666666666666667,0.4,0.6,0.49090909090909096,0.4673791184803734,0.2,0.6
7530,17,0.2,0.3333333333333333,0.33916020527361607,0.058823529411764705,0.2,0.3,0.2727272727272727,0.3570764765963919,0.17647058823529413,0.3
13639,8,0.0,0.0,0.0,0.0,0.0,0.0,0.0,0.0,0.0,0.0
17870,13,0.0,0.0,0.0,0.0,0.0,0.0,0.0,0.0,0.0,0.0
4036,1,0.0,0.0,0.0,0.0,0.0,0.0,0.0,0.0,0.0,0.0
8634,23,0.4,0.3333333333333333,0.34519134224686926,0.08695652173913043,0.4,0.3,0.29090909090909095,0.28762634971412715,0.13043478260869565,0.3
6133,4,0.25,0.2142857142857143,0.19519002499605081,0.25,0.2,0.25,0.23529411764705882,0.19519002499605081,0.25,0.1
6222,5,0.0,0.0,0.0,0.0,0.0,0.0,0.0,0.0,0.0,0.0
12490,18,0.2,0.3333333333333333,0.33916020527361607,0.05555555555555555,0.2,0.2,0.23636363636363636,0.2895229882348574,0.1111111111111111,0.2
10566,19,0.6,0.7999999999999999,0.7227265726449518,0.15789473684210525,0.6,0.4,0.5090909090909091,0.5326208815196265,0.21052631578947367,0.4
15468,15,0.0,0.0,0.0,0.0,0.0,0.1,0.018181818181818177,0.0636207881989517,0.06666666666666667,0.1
10450,1,0.0,0.0,0.0,0.0,0.0,0.0,0.0,0.0,0.0,0.0
16867,2,0.0,0.0,0.0,0.0,0.0,0.5,0.0,0.0,0.5,0.1
15218,7,0.2,0.3333333333333333,0.33916020527361607,0.14285714285714285,0.2,0.2857142857142857,0.3061224489795918,0.3727892582642587,0.2857142857142857,0.2
3739,1,0.0,0.0,0.0,0.0,0.0,0.0,0.0,0.0,0.0,0.0
8954,3,0.0,0.0,0.0,0.0,0.0,0.6666666666666666,0.0,0.0,0.6666666666666666,0.2
17487,17,0.4,0.5333333333333333,0.5087403079104241,0.11764705882352941,0.4,0.3,0.4,0.40350157154648025,0.17647058823529413,0.3
13662,23,0.2,0.3333333333333333,0.33916020527361607,0.043478260869565216,0.2,0.1,0.18181818181818182,0.22009176629808014,0.043478260869565216,0.1
5893,14,0.8,0.7333333333333334,0.7860137352654724,0.2857142857142857,0.8,0.4,0.5636363636363636,0.510069131458292,0.2857142857142857,0.4
20592,1,0.0,0.0,0.0,0.0,0.0,0.0,0.0,0.0,0.0,0.0
1283,22,0.2,0.3333333333333333,0.33916020527361607,0.045454545454545456,0.2,0.3,0.32727272727272727,0.36792125721353275,0.13636363636363635,0.3
17411,5,0.0,0.0,0.0,0.0,0.0,0.2,0.0,0.0,0.2,0.1
17343,5,0.2,0.3333333333333333,0.33916020527361607,0.2,0.2,0.2,0.25,0.33916020527361607,0.2,0.1
21036,8,0.2,0.26666666666666666,0.2139862647345275,0.125,0.2,0.25,0.23076923076923078,0.23938361568734448,0.25,0.2
1172,4,0.0,0.0,0.0,0.0,0.0,0.0,0.0,0.0,0.0,0.0
168,2,0.0,0.0,0.0,0.0,0.0,0.0,0.0,0.0,0.0,0.0
3753,3,0.0,0.0,0.0,0.0,0.0,0.3333333333333333,0.0,0.0,0.3333333333333333,0.1
18301,5,0.0,0.0,0.0,0.0,0.0,0.0,0.0,0.0,0.0,0.0
20832,2,0.0,0.0,0.0,0.0,0.0,0.0,0.0,0.0,0.0,0.0
14808,5,0.0,0.0,0.0,0.0,0.0,0.0,0.0,0.0,0.0,0.0
7374,7,0.2,0.3333333333333333,0.33916020527361607,0.14285714285714285,0.2,0.5714285714285714,0.2857142857142857,0.3665017772190545,0.5714285714285714,0.4
10650,6,0.2,0.26666666666666666,0.2139862647345275,0.16666666666666666,0.2,0.16666666666666666,0.2,0.1909208661789346,0.16666666666666666,0.1
8188,14,0.4,0.5333333333333333,0.5087403079104241,0.14285714285714285,0.4,0.2,0.32727272727272727,0.3301376494471202,0.14285714285714285,0.2
18816,9,0.0,0.0,0.0,0.0,0.0,0.0,0.0,0.0,0.0,0.0
17987,19,0.4,0.5333333333333333,0.5087403079104241,0.10526315789473684,0.4,0.2,0.32727272727272727,0.3301376494471202,0.10526315789473684,0.2
12757,18,0.4,0.26666666666666666,0.3007851801491498,0.1111111111111111,0.4,0.2,0.2545454545454545,0.19518900079066104,0.1111111111111111,0.2
13417,31,0.4,0.5333333333333333,0.5087403079104241,0.06451612903225806,0.4,0.3,0.38181818181818183,0.3995688713838974,0.0967741935483871,0.3
4060,3,0.0,0.0,0.0,0.0,0.0,0.0,0.0,0.0,0.0,0.0
4890,2,0.5,0.0,0.0,0.5,0.2,0.5,0.0,0.0,0.5,0.1
14443,31,0.2,0.26666666666666666,0.2139862647345275,0.03225806451612903,0.2,0.5,0.36363636363636365,0.4165669464423478,0.16129032258064516,0.5
8447,5,0.2,0.19999999999999998,0.16958010263680803,0.2,0.2,0.2,0.2,0.16958010263680803,0.2,0.1
5749,3,0.0,0.0,0.0,0.0,0.0,0.0,0.0,0.0,0.0,0.0
14649,12,0.2,0.26666666666666666,0.2139862647345275,0.08333333333333333,0.2,0.1,0.16363636363636364,0.1388624438735545,0.08333333333333333,0.1
1443,1,0.0,0.0,0.0,0.0,0.0,0.0,0.0,0.0,0.0,0.0
21728,3,0.0,0.0,0.0,0.0,0.0,0.0,0.0,0.0,0.0,0.0
15838,37,0.2,0.3333333333333333,0.33916020527361607,0.02702702702702703,0.2,0.1,0.18181818181818182,0.22009176629808014,0.02702702702702703,0.1
18654,9,0.0,0.0,0.0,0.0,0.0,0.0,0.0,0.0,0.0,0.0
16286,10,0.2,0.06666666666666665,0.13120507751234176,0.1,0.2,0.1,0.10909090909090909,0.08514311764162097,0.1,0.1
9928,5,0.0,0.0,0.0,0.0,0.0,0.2,0.0,0.0,0.2,0.1
2727,4,0.0,0.0,0.0,0.0,0.0,0.0,0.0,0.0,0.0,0.0
3232,19,0.2,0.26666666666666666,0.2139862647345275,0.05263157894736842,0.2,0.3,0.2727272727272727,0.2784805894273035,0.15789473684210525,0.3
20086,2,0.0,0.0,0.0,0.0,0.0,0.0,0.0,0.0,0.0,0.0
14799,5,0.0,0.0,0.0,0.0,0.0,0.0,0.0,0.0,0.0,0.0
14828,3,0.0,0.0,0.0,0.0,0.0,0.0,0.0,0.0,0.0,0.0
6262,5,0.0,0.0,0.0,0.0,0.0,0.0,0.0,0.0,0.0,0.0
17862,11,0.2,0.19999999999999998,0.16958010263680803,0.09090909090909091,0.2,0.2,0.16363636363636364,0.1736666713479918,0.18181818181818182,0.2
1712,19,0.2,0.3333333333333333,0.33916020527361607,0.05263157894736842,0.2,0.1,0.18181818181818182,0.22009176629808014,0.05263157894736842,0.1
11070,3,0.3333333333333333,0.4166666666666667,0.46927872602275644,0.3333333333333333,0.2,0.3333333333333333,0.37037037037037035,0.46927872602275644,0.3333333333333333,0.1
20896,1,0.0,0.0,0.0,0.0,0.0,0.0,0.0,0.0,0.0,0.0
9340,3,0.0,0.0,0.0,0.0,0.0,0.0,0.0,0.0,0.0,0.0
17241,10,0.2,0.26666666666666666,0.2139862647345275,0.1,0.2,0.1,0.16363636363636364,0.1388624438735545,0.1,0.1
13943,2,0.5,0.5555555555555556,0.6131471927654584,0.5,0.2,0.5,0.5263157894736842,0.6131471927654584,0.5,0.1
14734,1,0.0,0.0,0.0,0.0,0.0,0.0,0.0,0.0,0.0,0.0
5681,9,0.4,0.39999999999999997,0.4703652827859578,0.2222222222222222,0.4,0.2222222222222222,0.2962962962962963,0.32597358003346416,0.2222222222222222,0.2
14815,3,0.0,0.0,0.0,0.0,0.0,0.0,0.0,0.0,0.0,0.0
8305,7,0.0,0.0,0.0,0.0,0.0,0.0,0.0,0.0,0.0,0.0
18357,1,0.0,0.0,0.0,0.0,0.0,0.0,0.0,0.0,0.0,0.0
18995,33,0.2,0.06666666666666665,0.13120507751234176,0.030303030303030304,0.2,0.1,0.10909090909090909,0.08514311764162097,0.030303030303030304,0.1
1142,19,0.0,0.0,0.0,0.0,0.0,0.1,0.036363636363636355,0.06625422345438903,0.05263157894736842,0.1
18906,2,0.0,0.0,0.0,0.0,0.0,0.0,0.0,0.0,0.0,0.0
4321,1,0.0,0.0,0.0,0.0,0.0,0.0,0.0,0.0,0.0,0.0
6690,2,0.0,0.0,0.0,0.0,0.0,0.0,0.0,0.0,0.0,0.0
7744,5,0.0,0.0,0.0,0.0,0.0,0.0,0.0,0.0,0.0,0.0
4123,30,0.2,0.3333333333333333,0.33916020527361607,0.03333333333333333,0.2,0.1,0.18181818181818182,0.22009176629808014,0.03333333333333333,0.1
7729,1,0.0,0.0,0.0,0.0,0.0,0.0,0.0,0.0,0.0,0.0
7405,3,0.0,0.0,0.0,0.0,0.0,0.0,0.0,0.0,0.0,0.0
6965,5,0.2,0.3333333333333333,0.33916020527361607,0.2,0.2,0.4,0.25,0.33916020527361607,0.4,0.2
21558,6,0.0,0.0,0.0,0.0,0.0,0.0,0.0,0.0,0.0,0.0
2990,1,0.0,0.0,0.0,0.0,0.0,0.0,0.0,0.0,0.0,0.0
5079,2,0.0,0.0,0.0,0.0,0.0,0.0,0.0,0.0,0.0,0.0
16513,1,1.0,0.0,0.0,1.0,0.2,1.0,0.0,0.0,1.0,0.1
19075,6,0.0,0.0,0.0,0.0,0.0,0.0,0.0,0.0,0.0,0.0
16710,6,0.0,0.0,0.0,0.0,0.0,0.0,0.0,0.0,0.0,0.0
15270,44,0.0,0.0,0.0,0.0,0.0,0.2,0.10909090909090909,0.14201905717762703,0.045454545454545456,0.2
14807,5,0.2,0.26666666666666666,0.2139862647345275,0.2,0.2,0.2,0.225,0.2139862647345275,0.2,0.1
16629,8,0.2,0.26666666666666666,0.2139862647345275,0.125,0.2,0.125,0.17307692307692307,0.1595890771248963,0.125,0.1
10922,2,1.0,0.4444444444444445,0.3868528072345415,1.0,0.4,1.0,0.4736842105263158,0.3868528072345415,1.0,0.2
4909,2,0.0,0.0,0.0,0.0,0.0,0.0,0.0,0.0,0.0,0.0
15301,8,0.0,0.0,0.0,0.0,0.0,0.125,0.09615384615384615,0.0901000086523677,0.125,0.1
22146,13,0.4,0.5333333333333333,0.5087403079104241,0.15384615384615385,0.4,0.2,0.32727272727272727,0.3301376494471202,0.15384615384615385,0.2
17051,1,0.0,0.0,0.0,0.0,0.0,0.0,0.0,0.0,0.0,0.0
203,7,0.2,0.26666666666666666,0.2139862647345275,0.14285714285714285,0.2,0.14285714285714285,0.18367346938775508,0.17342765698823942,0.14285714285714285,0.1
3905,15,0.2,0.26666666666666666,0.2139862647345275,0.06666666666666667,0.2,0.2,0.2545454545454545,0.21726071285222984,0.13333333333333333,0.2
2325,1,0.0,0.0,0.0,0.0,0.0,0.0,0.0,0.0,0.0,0.0
22167,8,0.0,0.0,0.0,0.0,0.0,0.0,0.0,0.0,0.0,0.0
11727,2,0.0,0.0,0.0,0.0,0.0,0.0,0.0,0.0,0.0,0.0
6049,35,0.4,0.5333333333333333,0.5087403079104241,0.05714285714285714,0.4,0.3,0.41818181818181815,0.4085359184257955,0.08571428571428572,0.3
19199,10,0.2,0.13333333333333333,0.14606834984270645,0.1,0.2,0.1,0.12727272727272726,0.09478836436955078,0.1,0.1
17023,5,0.0,0.0,0.0,0.0,0.0,0.0,0.0,0.0,0.0,0.0
441,3,0.0,0.0,0.0,0.0,0.0,0.0,0.0,0.0,0.0,0.0
498,5,0.2,0.3333333333333333,0.33916020527361607,0.2,0.2,0.2,0.25,0.33916020527361607,0.2,0.1
16604,19,0.2,0.13333333333333333,0.14606834984270645,0.05263157894736842,0.2,0.1,0.12727272727272726,0.09478836436955078,0.05263157894736842,0.1
16147,5,0.0,0.0,0.0,0.0,0.0,0.0,0.0,0.0,0.0,0.0
16484,2,0.0,0.0,0.0,0.0,0.0,0.0,0.0,0.0,0.0,0.0
19964,11,0.4,0.26666666666666666,0.3007851801491498,0.18181818181818182,0.4,0.2,0.2545454545454545,0.19518900079066104,0.18181818181818182,0.2
4682,3,0.0,0.0,0.0,0.0,0.0,0.0,0.0,0.0,0.0,0.0
6234,1,0.0,0.0,0.0,0.0,0.0,0.0,0.0,0.0,0.0,0.0
17184,5,0.0,0.0,0.0,0.0,0.0,0.0,0.0,0.0,0.0,0.0
11633,16,0.0,0.0,0.0,0.0,0.0,0.0,0.0,0.0,0.0,0.0
21764,4,0.25,0.28571428571428575,0.2463023887407299,0.25,0.2,0.25,0.2647058823529412,0.2463023887407299,0.25,0.1
5045,8,0.0,0.0,0.0,0.0,0.0,0.125,0.09615384615384615,0.0901000086523677,0.125,0.1
14931,2,0.0,0.0,0.0,0.0,0.0,0.0,0.0,0.0,0.0,0.0
7160,2,0.0,0.0,0.0,0.0,0.0,0.0,0.0,0.0,0.0,0.0
10368,2,0.5,0.4444444444444445,0.3868528072345415,0.5,0.2,0.5,0.4736842105263158,0.3868528072345415,0.5,0.1
15789,10,0.2,0.3333333333333333,0.33916020527361607,0.1,0.2,0.1,0.18181818181818182,0.22009176629808014,0.1,0.1
13853,3,0.0,0.0,0.0,0.0,0.0,0.0,0.0,0.0,0.0,0.0
13504,7,0.2,0.19999999999999998,0.16958010263680803,0.14285714285714285,0.2,0.14285714285714285,0.16326530612244897,0.13743816645714543,0.14285714285714285,0.1
1694,14,0.4,0.4666666666666666,0.38356636737133554,0.14285714285714285,0.4,0.2,0.30909090909090914,0.24890832702259458,0.14285714285714285,0.2
3398,6,0.0,0.0,0.0,0.0,0.0,0.0,0.0,0.0,0.0,0.0
16337,26,0.2,0.3333333333333333,0.33916020527361607,0.038461538461538464,0.2,0.1,0.18181818181818182,0.22009176629808014,0.038461538461538464,0.1
6082,18,0.4,0.6,0.5531464700081437,0.1111111111111111,0.4,0.2,0.34545454545454546,0.3589542101716347,0.1111111111111111,0.2
21617,10,0.0,0.0,0.0,0.0,0.0,0.0,0.0,0.0,0.0,0.0
12283,4,0.0,0.0,0.0,0.0,0.0,0.0,0.0,0.0,0.0,0.0
20606,8,0.0,0.0,0.0,0.0,0.0,0.0,0.0,0.0,0.0,0.0
16555,8,0.2,0.19999999999999998,0.16958010263680803,0.125,0.2,0.125,0.15384615384615385,0.12647135138382856,0.125,0.1
13610,4,0.0,0.0,0.0,0.0,0.0,0.25,0.0,0.0,0.25,0.1
16932,1,0.0,0.0,0.0,0.0,0.0,0.0,0.0,0.0,0.0,0.0
5323,1,0.0,0.0,0.0,0.0,0.0,0.0,0.0,0.0,0.0,0.0
19664,2,0.0,0.0,0.0,0.0,0.0,0.0,0.0,0.0,0.0,0.0
15366,7,0.0,0.0,0.0,0.0,0.0,0.0,0.0,0.0,0.0,0.0
3973,8,0.4,0.3333333333333333,0.34519134224686926,0.25,0.4,0.25,0.28846153846153844,0.25744067176005675,0.25,0.2
14939,1,1.0,1.0,1.0,1.0,0.2,1.0,1.0,1.0,1.0,0.1
11978,3,0.0,0.0,0.0,0.0,0.0,0.0,0.0,0.0,0.0,0.0
13105,4,0.0,0.0,0.0,0.0,0.0,0.0,0.0,0.0,0.0,0.0
16462,2,0.0,0.0,0.0,0.0,0.0,0.5,0.0,0.0,0.5,0.1
21994,1,0.0,0.0,0.0,0.0,0.0,0.0,0.0,0.0,0.0,0.0
6419,23,0.4,0.5333333333333333,0.5087403079104241,0.08695652173913043,0.4,0.2,0.32727272727272727,0.3301376494471202,0.08695652173913043,0.2
13293,2,0.0,0.0,0.0,0.0,0.0,0.0,0.0,0.0,0.0,0.0
11623,10,0.0,0.0,0.0,0.0,0.0,0.0,0.0,0.0,0.0,0.0
17393,13,0.0,0.0,0.0,0.0,0.0,0.0,0.0,0.0,0.0,0.0
3225,2,0.5,0.5555555555555556,0.6131471927654584,0.5,0.2,0.5,0.5263157894736842,0.6131471927654584,0.5,0.1
18781,16,0.4,0.6,0.5531464700081437,0.125,0.4,0.2,0.34545454545454546,0.3589542101716347,0.125,0.2
2634,4,0.25,0.0,0.0,0.25,0.2,0.25,0.0,0.0,0.25,0.1
10457,10,0.0,0.0,0.0,0.0,0.0,0.0,0.0,0.0,0.0,0.0
21330,5,0.0,0.0,0.0,0.0,0.0,0.0,0.0,0.0,0.0,0.0
9561,4,0.0,0.0,0.0,0.0,0.0,0.0,0.0,0.0,0.0,0.0
17098,3,0.0,0.0,0.0,0.0,0.0,0.0,0.0,0.0,0.0,0.0
20107,2,0.0,0.0,0.0,0.0,0.0,0.0,0.0,0.0,0.0,0.0
11527,2,0.5,0.0,0.0,0.5,0.2,0.5,0.0,0.0,0.5,0.1
2750,28,0.2,0.26666666666666666,0.2139862647345275,0.03571428571428571,0.2,0.2,0.2545454545454545,0.21726071285222984,0.07142857142857142,0.2
8191,2,0.5,0.5555555555555556,0.6131471927654584,0.5,0.2,0.5,0.5263157894736842,0.6131471927654584,0.5,0.1
14075,8,0.2,0.3333333333333333,0.33916020527361607,0.125,0.2,0.125,0.1923076923076923,0.2529427027676571,0.125,0.1
4396,4,0.25,0.35714285714285715,0.39038004999210163,0.25,0.2,0.25,0.2941176470588235,0.39038004999210163,0.25,0.1
19382,25,0.0,0.0,0.0,0.0,0.0,0.0,0.0,0.0,0.0,0.0
20932,4,0.0,0.0,0.0,0.0,0.0,0.0,0.0,0.0,0.0,0.0
20920,3,0.0,0.0,0.0,0.0,0.0,0.0,0.0,0.0,0.0,0.0
8923,19,0.6,0.6,0.6399453854227659,0.15789473684210525,0.6,0.3,0.43636363636363634,0.4152807670887412,0.15789473684210525,0.3
2683,1,1.0,1.0,1.0,1.0,0.2,1.0,1.0,1.0,1.0,0.1
6804,3,0.0,0.0,0.0,0.0,0.0,0.0,0.0,0.0,0.0,0.0
13667,4,0.0,0.0,0.0,0.0,0.0,0.0,0.0,0.0,0.0,0.0
7901,19,0.4,0.5333333333333333,0.5087403079104241,0.10526315789473684,0.4,0.4,0.43636363636363634,0.4721567066247472,0.21052631578947367,0.4
13547,9,0.2,0.3333333333333333,0.33916020527361607,0.1111111111111111,0.2,0.1111111111111111,0.18518518518518517,0.23504554941448538,0.1111111111111111,0.1
3320,5,0.0,0.0,0.0,0.0,0.0,0.0,0.0,0.0,0.0,0.0
7441,2,0.0,0.0,0.0,0.0,0.0,0.0,0.0,0.0,0.0,0.0
3157,1,0.0,0.0,0.0,0.0,0.0,0.0,0.0,0.0,0.0,0.0
13256,7,0.0,0.0,0.0,0.0,0.0,0.0,0.0,0.0,0.0,0.0
19211,1,0.0,0.0,0.0,0.0,0.0,0.0,0.0,0.0,0.0,0.0
18202,4,0.0,0.0,0.0,0.0,0.0,0.0,0.0,0.0,0.0,0.0
21328,1,0.0,0.0,0.0,0.0,0.0,0.0,0.0,0.0,0.0,0.0
16842,11,0.0,0.0,0.0,0.0,0.0,0.0,0.0,0.0,0.0,0.0
12843,19,0.2,0.13333333333333333,0.14606834984270645,0.05263157894736842,0.2,0.2,0.2,0.16815228646891084,0.10526315789473684,0.2
2380,4,0.0,0.0,0.0,0.0,0.0,0.0,0.0,0.0,0.0,0.0
9128,10,0.0,0.0,0.0,0.0,0.0,0.0,0.0,0.0,0.0,0.0
8719,4,0.0,0.0,0.0,0.0,0.0,0.0,0.0,0.0,0.0,0.0
5717,1,0.0,0.0,0.0,0.0,0.0,0.0,0.0,0.0,0.0,0.0
5022,7,0.2,0.3333333333333333,0.33916020527361607,0.14285714285714285,0.2,0.14285714285714285,0.2040816326530612,0.27487633291429087,0.14285714285714285,0.1
13315,13,0.4,0.26666666666666666,0.3007851801491498,0.15384615384615385,0.4,0.3,0.2909090909090909,0.26144322424505007,0.23076923076923078,0.3
8077,1,0.0,0.0,0.0,0.0,0.0,0.0,0.0,0.0,0.0,0.0
11529,17,0.4,0.39999999999999997,0.4703652827859578,0.11764705882352941,0.4,0.4,0.34545454545454546,0.4351098955930418,0.23529411764705882,0.4
4795,2,0.0,0.0,0.0,0.0,0.0,0.0,0.0,0.0,0.0,0.0
7564,1,0.0,0.0,0.0,0.0,0.0,0.0,0.0,0.0,0.0,0.0
3391,1,0.0,0.0,0.0,0.0,0.0,0.0,0.0,0.0,0.0,0.0
18541,12,0.6,0.7999999999999999,0.7227265726449518,0.25,0.6,0.3,0.49090909090909096,0.46900009332067477,0.25,0.3
6381,2,0.5,0.4444444444444445,0.3868528072345415,0.5,0.2,0.5,0.4736842105263158,0.3868528072345415,0.5,0.1
16183,7,0.2,0.3333333333333333,0.33916020527361607,0.14285714285714285,0.2,0.2857142857142857,0.2040816326530612,0.27487633291429087,0.2857142857142857,0.2
5754,1,0.0,0.0,0.0,0.0,0.0,0.0,0.0,0.0,0.0,0.0
12863,1,0.0,0.0,0.0,0.0,0.0,0.0,0.0,0.0,0.0,0.0
5983,3,0.0,0.0,0.0,0.0,0.0,0.0,0.0,0.0,0.0,0.0
19503,5,0.4,0.4666666666666666,0.48522855511632257,0.4,0.4,0.4,0.425,0.48522855511632257,0.4,0.2
13869,1,0.0,0.0,0.0,0.0,0.0,0.0,0.0,0.0,0.0,0.0
3983,1,0.0,0.0,0.0,0.0,0.0,0.0,0.0,0.0,0.0,0.0
10115,4,0.0,0.0,0.0,0.0,0.0,0.0,0.0,0.0,0.0,0.0
4659,2,0.0,0.0,0.0,0.0,0.0,0.0,0.0,0.0,0.0,0.0
3521,5,0.4,0.5333333333333333,0.5087403079104241,0.4,0.4,0.6,0.45,0.5087403079104241,0.6,0.3
14900,18,0.4,0.4000000000000001,0.3600546145772339,0.1111111111111111,0.4,0.2,0.29090909090909095,0.23365080824310527,0.1111111111111111,0.2
4843,17,0.6,0.7999999999999999,0.7227265726449518,0.17647058823529413,0.6,0.3,0.49090909090909096,0.46900009332067477,0.17647058823529413,0.3
19910,7,0.0,0.0,0.0,0.0,0.0,0.0,0.0,0.0,0.0,0.0
21334,2,0.5,0.5555555555555556,0.6131471927654584,0.5,0.2,0.5,0.5263157894736842,0.6131471927654584,0.5,0.1
13403,10,0.0,0.0,0.0,0.0,0.0,0.1,0.036363636363636355,0.06625422345438903,0.1,0.1
4515,1,0.0,0.0,0.0,0.0,0.0,0.0,0.0,0.0,0.0,0.0
3756,7,0.2,0.19999999999999998,0.16958010263680803,0.14285714285714285,0.2,0.14285714285714285,0.16326530612244897,0.13743816645714543,0.14285714285714285,0.1
10051,1,0.0,0.0,0.0,0.0,0.0,0.0,0.0,0.0,0.0,0.0
14680,6,0.0,0.0,0.0,0.0,0.0,0.0,0.0,0.0,0.0,0.0
314,3,0.6666666666666666,0.4166666666666667,0.46927872602275644,0.6666666666666666,0.4,0.6666666666666666,0.37037037037037035,0.46927872602275644,0.6666666666666666,0.2
2587,18,0.8,0.8000000000000002,0.8304198973631919,0.2222222222222222,0.8,0.4,0.5818181818181818,0.5388856921828065,0.2222222222222222,0.4
17103,1,0.0,0.0,0.0,0.0,0.0,0.0,0.0,0.0,0.0,0.0
9433,16,0.6,0.6,0.529634717214042,0.1875,0.6,0.3,0.43636363636363645,0.34369669139214537,0.1875,0.3
2716,6,0.0,0.0,0.0,0.0,0.0,0.3333333333333333,0.1111111111111111,0.10778915452451095,0.3333333333333333,0.2
3799,10,0.4,0.6,0.5531464700081437,0.2,0.4,0.3,0.41818181818181815,0.43231813227099475,0.3,0.3
10175,17,0.0,0.0,0.0,0.0,0.0,0.1,0.018181818181818177,0.0636207881989517,0.058823529411764705,0.1
3553,15,0.4,0.6,0.5531464700081437,0.13333333333333333,0.4,0.3,0.43636363636363634,0.43735247915031,0.2,0.3
4523,4,0.0,0.0,0.0,0.0,0.0,0.0,0.0,0.0,0.0,0.0
20067,6,0.4,0.4666666666666666,0.48522855511632257,0.3333333333333333,0.4,0.3333333333333333,0.37777777777777777,0.4329261794091841,0.3333333333333333,0.2
20581,1,0.0,0.0,0.0,0.0,0.0,0.0,0.0,0.0,0.0,0.0
10016,11,0.4,0.6,0.5531464700081437,0.18181818181818182,0.4,0.2,0.34545454545454546,0.3589542101716347,0.18181818181818182,0.2
20743,8,0.2,0.26666666666666666,0.2139862647345275,0.125,0.2,0.375,0.25,0.243903311380782,0.375,0.3
17279,10,0.4,0.6,0.5531464700081437,0.2,0.4,0.3,0.43636363636363634,0.43735247915031,0.3,0.3
6192,3,0.3333333333333333,0.4166666666666667,0.46927872602275644,0.3333333333333333,0.2,0.3333333333333333,0.37037037037037035,0.46927872602275644,0.3333333333333333,0.1
8148,15,0.4,0.3333333333333333,0.31564845247951445,0.13333333333333333,0.4,0.3,0.34545454545454546,0.2781981696179509,0.2,0.3
14147,2,0.0,0.0,0.0,0.0,0.0,0.0,0.0,0.0,0.0,0.0
4516,1,1.0,0.0,0.0,1.0,0.2,1.0,0.0,0.0,1.0,0.1
20772,4,0.0,0.0,0.0,0.0,0.0,0.0,0.0,0.0,0.0,0.0
19612,11,0.0,0.0,0.0,0.0,0.0,0.2,0.07272727272727274,0.13305201013572895,0.18181818181818182,0.2
14253,3,0.0,0.0,0.0,0.0,0.0,0.0,0.0,0.0,0.0,0.0
6320,3,0.0,0.0,0.0,0.0,0.0,0.0,0.0,0.0,0.0,0.0
14563,11,0.4,0.39999999999999997,0.4703652827859578,0.18181818181818182,0.4,0.2,0.29090909090909095,0.3052348839397011,0.18181818181818182,0.2
5149,3,0.3333333333333333,0.33333333333333337,0.29608191096586517,0.3333333333333333,0.2,0.3333333333333333,0.3333333333333333,0.29608191096586517,0.3333333333333333,0.1
10499,2,0.0,0.0,0.0,0.0,0.0,0.0,0.0,0.0,0.0,0.0
19740,4,0.0,0.0,0.0,0.0,0.0,0.0,0.0,0.0,0.0,0.0
18095,1,0.0,0.0,0.0,0.0,0.0,0.0,0.0,0.0,0.0,0.0
19258,4,0.0,0.0,0.0,0.0,0.0,0.0,0.0,0.0,0.0,0.0
21589,5,0.0,0.0,0.0,0.0,0.0,0.0,0.0,0.0,0.0,0.0
9051,3,0.0,0.0,0.0,0.0,0.0,0.0,0.0,0.0,0.0,0.0
22191,1,0.0,0.0,0.0,0.0,0.0,0.0,0.0,0.0,0.0,0.0
7339,6,0.0,0.0,0.0,0.0,0.0,0.0,0.0,0.0,0.0,0.0
20169,1,0.0,0.0,0.0,0.0,0.0,0.0,0.0,0.0,0.0,0.0
5341,6,0.4,0.26666666666666666,0.3007851801491498,0.3333333333333333,0.4,0.3333333333333333,0.3111111111111111,0.26836379988737025,0.3333333333333333,0.2
15979,7,0.2,0.3333333333333333,0.33916020527361607,0.14285714285714285,0.2,0.14285714285714285,0.2040816326530612,0.27487633291429087,0.14285714285714285,0.1
12007,3,0.3333333333333333,0.0,0.0,0.3333333333333333,0.2,0.3333333333333333,0.0,0.0,0.3333333333333333,0.1
15973,18,0.2,0.13333333333333333,0.14606834984270645,0.05555555555555555,0.2,0.3,0.2727272727272727,0.24261785528500332,0.16666666666666666,0.3
18570,1,0.0,0.0,0.0,0.0,0.0,1.0,0.0,0.0,1.0,0.1
15966,18,0.4,0.4000000000000001,0.3600546145772339,0.1111111111111111,0.4,0.3,0.34545454545454546,0.3030820301798825,0.16666666666666666,0.3
16390,2,0.0,0.0,0.0,0.0,0.0,0.0,0.0,0.0,0.0,0.0
9304,1,0.0,0.0,0.0,0.0,0.0,0.0,0.0,0.0,0.0,0.0
3961,1,0.0,0.0,0.0,0.0,0.0,0.0,0.0,0.0,0.0,0.0
18237,2,0.0,0.0,0.0,0.0,0.0,0.0,0.0,0.0,0.0,0.0
15987,13,0.2,0.19999999999999998,0.16958010263680803,0.07692307692307693,0.2,0.1,0.14545454545454548,0.11004588314904007,0.07692307692307693,0.1
1841,10,0.0,0.0,0.0,0.0,0.0,0.1,0.036363636363636355,0.06625422345438903,0.1,0.1
15952,2,0.0,0.0,0.0,0.0,0.0,0.0,0.0,0.0,0.0,0.0
4231,2,0.5,0.0,0.0,0.5,0.2,0.5,0.0,0.0,0.5,0.1
9250,4,0.0,0.0,0.0,0.0,0.0,0.0,0.0,0.0,0.0,0.0
22332,17,0.2,0.3333333333333333,0.33916020527361607,0.058823529411764705,0.2,0.1,0.18181818181818182,0.22009176629808014,0.058823529411764705,0.1
20696,7,0.4,0.6,0.5531464700081437,0.2857142857142857,0.4,0.42857142857142855,0.4693877551020407,0.539929434207294,0.42857142857142855,0.3
13648,17,0.2,0.19999999999999998,0.16958010263680803,0.058823529411764705,0.2,0.1,0.14545454545454548,0.11004588314904007,0.058823529411764705,0.1
13206,3,1.0,0.75,0.7653606369886217,1.0,0.6,1.0,0.7037037037037036,0.7653606369886217,1.0,0.3
6682,7,0.0,0.0,0.0,0.0,0.0,0.0,0.0,0.0,0.0,0.0
2231,4,0.25,0.28571428571428575,0.2463023887407299,0.25,0.2,0.25,0.2647058823529412,0.2463023887407299,0.25,0.1
5444,4,0.0,0.0,0.0,0.0,0.0,0.0,0.0,0.0,0.0,0.0
14690,18,0.6,0.6666666666666666,0.6843515475204854,0.16666666666666666,0.6,0.4,0.509090909090909,0.5135285497500329,0.2222222222222222,0.4
6006,2,0.0,0.0,0.0,0.0,0.0,0.0,0.0,0.0,0.0,0.0
22447,7,0.4,0.6,0.5531464700081437,0.2857142857142857,0.4,0.2857142857142857,0.38775510204081626,0.4483039899025303,0.2857142857142857,0.2
22474,10,0.0,0.0,0.0,0.0,0.0,0.0,0.0,0.0,0.0,0.0
2931,6,0.0,0.0,0.0,0.0,0.0,0.0,0.0,0.0,0.0,0.0
8352,11,0.0,0.0,0.0,0.0,0.0,0.0,0.0,0.0,0.0,0.0
13923,2,0.0,0.0,0.0,0.0,0.0,0.0,0.0,0.0,0.0,0.0
13749,13,0.4,0.6,0.5531464700081437,0.15384615384615385,0.4,0.3,0.4,0.4283854321084119,0.23076923076923078,0.3
22182,1,0.0,0.0,0.0,0.0,0.0,0.0,0.0,0.0,0.0,0.0
12740,1,0.0,0.0,0.0,0.0,0.0,1.0,0.0,0.0,1.0,0.1
14615,8,0.4,0.6,0.5531464700081437,0.25,0.4,0.25,0.36538461538461536,0.4125317798925535,0.25,0.2
4600,23,0.4,0.26666666666666666,0.3007851801491498,0.08695652173913043,0.4,0.2,0.2545454545454545,0.19518900079066104,0.08695652173913043,0.2
9546,2,0.0,0.0,0.0,0.0,0.0,0.0,0.0,0.0,0.0,0.0
20684,2,0.0,0.0,0.0,0.0,0.0,0.0,0.0,0.0,0.0,0.0
21427,9,0.0,0.0,0.0,0.0,0.0,0.0,0.0,0.0,0.0,0.0
3995,1,0.0,0.0,0.0,0.0,0.0,0.0,0.0,0.0,0.0,0.0
18738,16,0.2,0.3333333333333333,0.33916020527361607,0.0625,0.2,0.1,0.18181818181818182,0.22009176629808014,0.0625,0.1
1534,32,0.6,0.6,0.529634717214042,0.09375,0.6,0.7,0.6727272727272728,0.6285108926059098,0.21875,0.7
8786,8,0.4,0.3333333333333333,0.34519134224686926,0.25,0.4,0.25,0.28846153846153844,0.25744067176005675,0.25,0.2
9914,1,0.0,0.0,0.0,0.0,0.0,0.0,0.0,0.0,0.0,0.0
15215,6,0.2,0.06666666666666665,0.13120507751234176,0.16666666666666666,0.2,0.16666666666666666,0.13333333333333333,0.11706259313796352,0.16666666666666666,0.1
19458,13,0.2,0.06666666666666665,0.13120507751234176,0.07692307692307693,0.2,0.3,0.23636363636363636,0.22979561007468532,0.23076923076923078,0.3
4326,1,0.0,0.0,0.0,0.0,0.0,0.0,0.0,0.0,0.0,0.0
8757,1,0.0,0.0,0.0,0.0,0.0,0.0,0.0,0.0,0.0,0.0
13270,7,0.2,0.19999999999999998,0.16958010263680803,0.14285714285714285,0.2,0.14285714285714285,0.16326530612244897,0.13743816645714543,0.14285714285714285,0.1
12267,1,0.0,0.0,0.0,0.0,0.0,0.0,0.0,0.0,0.0,0.0
10913,10,0.4,0.4000000000000001,0.3600546145772339,0.2,0.4,0.2,0.29090909090909095,0.23365080824310527,0.2,0.2
12157,16,0.4,0.3333333333333333,0.31564845247951445,0.125,0.4,0.3,0.34545454545454546,0.2781981696179509,0.1875,0.3
587,8,0.0,0.0,0.0,0.0,0.0,0.0,0.0,0.0,0.0,0.0
16953,13,0.2,0.3333333333333333,0.33916020527361607,0.07692307692307693,0.2,0.1,0.18181818181818182,0.22009176629808014,0.07692307692307693,0.1
11877,1,0.0,0.0,0.0,0.0,0.0,0.0,0.0,0.0,0.0,0.0
2512,16,0.2,0.19999999999999998,0.16958010263680803,0.0625,0.2,0.2,0.21818181818181823,0.18340980524840012,0.125,0.2
11837,2,0.0,0.0,0.0,0.0,0.0,0.0,0.0,0.0,0.0,0.0
13939,14,0.4,0.4000000000000001,0.3600546145772339,0.14285714285714285,0.4,0.2,0.29090909090909095,0.23365080824310527,0.14285714285714285,0.2
14561,6,0.0,0.0,0.0,0.0,0.0,0.0,0.0,0.0,0.0,0.0
20639,8,0.0,0.0,0.0,0.0,0.0,0.0,0.0,0.0,0.0,0.0
15895,8,0.4,0.4666666666666666,0.38356636737133554,0.25,0.4,0.25,0.3269230769230769,0.2860604285087249,0.25,0.2
13301,16,0.2,0.3333333333333333,0.33916020527361607,0.0625,0.2,0.1,0.18181818181818182,0.22009176629808014,0.0625,0.1
10546,38,0.4,0.39999999999999997,0.4703652827859578,0.05263157894736842,0.4,0.3,0.34545454545454546,0.3746661058764783,0.07894736842105263,0.3
22358,1,0.0,0.0,0.0,0.0,0.0,0.0,0.0,0.0,0.0,0.0
15768,9,0.0,0.0,0.0,0.0,0.0,0.0,0.0,0.0,0.0,0.0
6495,3,0.3333333333333333,0.4166666666666667,0.46927872602275644,0.3333333333333333,0.2,0.3333333333333333,0.37037037037037035,0.46927872602275644,0.3333333333333333,0.1
1940,2,0.0,0.0,0.0,0.0,0.0,0.0,0.0,0.0,0.0,0.0
13312,10,0.0,0.0,0.0,0.0,0.0,0.0,0.0,0.0,0.0,0.0
1240,1,0.0,0.0,0.0,0.0,0.0,0.0,0.0,0.0,0.0,0.0
7600,2,0.0,0.0,0.0,0.0,0.0,0.0,0.0,0.0,0.0,0.0
17673,10,0.0,0.0,0.0,0.0,0.0,0.1,0.018181818181818177,0.0636207881989517,0.1,0.1
18884,7,0.4,0.4000000000000001,0.3600546145772339,0.2857142857142857,0.4,0.2857142857142857,0.32653061224489793,0.29181044994360233,0.2857142857142857,0.2
5403,12,0.0,0.0,0.0,0.0,0.0,0.0,0.0,0.0,0.0,0.0
4693,2,0.0,0.0,0.0,0.0,0.0,0.0,0.0,0.0,0.0,0.0
961,8,0.0,0.0,0.0,0.0,0.0,0.0,0.0,0.0,0.0,0.0
8993,11,0.2,0.13333333333333333,0.14606834984270645,0.09090909090909091,0.2,0.1,0.12727272727272726,0.09478836436955078,0.09090909090909091,0.1
17000,8,0.2,0.26666666666666666,0.2139862647345275,0.125,0.2,0.125,0.17307692307692307,0.1595890771248963,0.125,0.1
7605,3,0.0,0.0,0.0,0.0,0.0,0.0,0.0,0.0,0.0,0.0
3788,1,0.0,0.0,0.0,0.0,0.0,0.0,0.0,0.0,0.0,0.0
18935,13,0.0,0.0,0.0,0.0,0.0,0.0,0.0,0.0,0.0,0.0
12961,6,0.2,0.26666666666666666,0.2139862647345275,0.16666666666666666,0.2,0.16666666666666666,0.2,0.1909208661789346,0.16666666666666666,0.1
20879,1,0.0,0.0,0.0,0.0,0.0,0.0,0.0,0.0,0.0,0.0
3911,23,0.4,0.5333333333333333,0.5087403079104241,0.08695652173913043,0.4,0.4,0.38181818181818183,0.4600126611004609,0.17391304347826086,0.4
17906,28,0.0,0.0,0.0,0.0,0.0,0.1,0.09090909090909091,0.07839826897867533,0.03571428571428571,0.1
17876,12,0.0,0.0,0.0,0.0,0.0,0.1,0.09090909090909091,0.07839826897867533,0.08333333333333333,0.1
1537,1,1.0,0.0,0.0,1.0,0.2,1.0,0.0,0.0,1.0,0.1
10145,1,0.0,0.0,0.0,0.0,0.0,0.0,0.0,0.0,0.0,0.0
6253,11,0.0,0.0,0.0,0.0,0.0,0.0,0.0,0.0,0.0,0.0
2505,1,0.0,0.0,0.0,0.0,0.0,0.0,0.0,0.0,0.0,0.0
17506,22,0.2,0.26666666666666666,0.2139862647345275,0.045454545454545456,0.2,0.1,0.16363636363636364,0.1388624438735545,0.045454545454545456,0.1
11163,5,0.2,0.26666666666666666,0.2139862647345275,0.2,0.2,0.2,0.225,0.2139862647345275,0.2,0.1
3900,4,0.0,0.0,0.0,0.0,0.0,0.0,0.0,0.0,0.0,0.0
14749,1,0.0,0.0,0.0,0.0,0.0,0.0,0.0,0.0,0.0,0.0
16434,1,0.0,0.0,0.0,0.0,0.0,0.0,0.0,0.0,0.0,0.0
19708,1,0.0,0.0,0.0,0.0,0.0,0.0,0.0,0.0,0.0,0.0
6101,19,0.4,0.6,0.5531464700081437,0.10526315789473684,0.4,0.2,0.34545454545454546,0.3589542101716347,0.10526315789473684,0.2
15470,8,0.0,0.0,0.0,0.0,0.0,0.0,0.0,0.0,0.0,0.0
4613,22,0.2,0.06666666666666665,0.13120507751234176,0.045454545454545456,0.2,0.2,0.2,0.1635413866202963,0.09090909090909091,0.2
102,10,0.0,0.0,0.0,0.0,0.0,0.0,0.0,0.0,0.0,0.0
15607,2,0.0,0.0,0.0,0.0,0.0,0.0,0.0,0.0,0.0,0.0
15133,2,0.5,0.5555555555555556,0.6131471927654584,0.5,0.2,0.5,0.5263157894736842,0.6131471927654584,0.5,0.1
16560,8,0.0,0.0,0.0,0.0,0.0,0.0,0.0,0.0,0.0,0.0
5226,14,0.0,0.0,0.0,0.0,0.0,0.1,0.05454545454545456,0.06943122193677725,0.07142857142857142,0.1
20687,1,0.0,0.0,0.0,0.0,0.0,0.0,0.0,0.0,0.0,0.0
6132,1,1.0,1.0,1.0,1.0,0.2,1.0,1.0,1.0,1.0,0.1
10764,3,0.0,0.0,0.0,0.0,0.0,0.0,0.0,0.0,0.0,0.0
14537,1,0.0,0.0,0.0,0.0,0.0,0.0,0.0,0.0,0.0,0.0
3699,15,0.0,0.0,0.0,0.0,0.0,0.1,0.09090909090909091,0.07839826897867533,0.06666666666666667,0.1
4875,1,0.0,0.0,0.0,0.0,0.0,0.0,0.0,0.0,0.0,0.0
3316,3,0.0,0.0,0.0,0.0,0.0,0.0,0.0,0.0,0.0,0.0
16644,3,0.0,0.0,0.0,0.0,0.0,0.0,0.0,0.0,0.0,0.0
18740,10,0.4,0.26666666666666666,0.3007851801491498,0.2,0.4,0.3,0.2727272727272727,0.2588097889896127,0.3,0.3
8310,2,0.0,0.0,0.0,0.0,0.0,0.0,0.0,0.0,0.0,0.0
8986,1,0.0,0.0,0.0,0.0,0.0,0.0,0.0,0.0,0.0,0.0
9779,1,0.0,0.0,0.0,0.0,0.0,0.0,0.0,0.0,0.0,0.0
18585,1,0.0,0.0,0.0,0.0,0.0,0.0,0.0,0.0,0.0,0.0
2723,1,0.0,0.0,0.0,0.0,0.0,0.0,0.0,0.0,0.0,0.0
19872,8,0.2,0.06666666666666665,0.13120507751234176,0.125,0.2,0.125,0.11538461538461538,0.09785159463516041,0.125,0.1
14845,37,0.4,0.6,0.5531464700081437,0.05405405405405406,0.4,0.4,0.49090909090909096,0.5067837010870873,0.10810810810810811,0.4
16709,1,0.0,0.0,0.0,0.0,0.0,0.0,0.0,0.0,0.0,0.0
4124,1,0.0,0.0,0.0,0.0,0.0,0.0,0.0,0.0,0.0,0.0
3151,9,0.0,0.0,0.0,0.0,0.0,0.0,0.0,0.0,0.0,0.0
799,7,0.0,0.0,0.0,0.0,0.0,0.0,0.0,0.0,0.0,0.0
3289,8,0.0,0.0,0.0,0.0,0.0,0.0,0.0,0.0,0.0,0.0
1591,24,0.4,0.5333333333333333,0.5087403079104241,0.08333333333333333,0.4,0.3,0.38181818181818183,0.3995688713838974,0.125,0.3
14485,17,0.6,0.6666666666666666,0.6843515475204854,0.17647058823529413,0.6,0.4,0.5272727272727272,0.5174612499126158,0.23529411764705882,0.4
7734,1,1.0,0.0,0.0,1.0,0.2,1.0,0.0,0.0,1.0,0.1
6892,18,0.2,0.19999999999999998,0.16958010263680803,0.05555555555555555,0.2,0.1,0.14545454545454548,0.11004588314904007,0.05555555555555555,0.1
20303,12,0.4,0.5333333333333333,0.5087403079104241,0.16666666666666666,0.4,0.2,0.32727272727272727,0.3301376494471202,0.16666666666666666,0.2
17644,13,0.0,0.0,0.0,0.0,0.0,0.0,0.0,0.0,0.0,0.0
18686,18,0.4,0.19999999999999998,0.2772734273550482,0.1111111111111111,0.4,0.2,0.23636363636363633,0.17993148201117173,0.1111111111111111,0.2
418,9,0.0,0.0,0.0,0.0,0.0,0.0,0.0,0.0,0.0,0.0
19026,8,0.2,0.26666666666666666,0.2139862647345275,0.125,0.2,0.125,0.17307692307692307,0.1595890771248963,0.125,0.1
20530,2,0.0,0.0,0.0,0.0,0.0,0.0,0.0,0.0,0.0,0.0
18659,14,0.2,0.26666666666666666,0.2139862647345275,0.07142857142857142,0.2,0.2,0.23636363636363636,0.21222636597291453,0.14285714285714285,0.2
11786,11,0.0,0.0,0.0,0.0,0.0,0.0,0.0,0.0,0.0,0.0
17785,4,0.25,0.14285714285714288,0.16812753627111746,0.25,0.2,0.25,0.20588235294117643,0.16812753627111746,0.25,0.1
7223,8,0.2,0.13333333333333333,0.14606834984270645,0.125,0.2,0.25,0.1346153846153846,0.1089364926177559,0.25,0.2
3895,21,0.4,0.6,0.5531464700081437,0.09523809523809523,0.4,0.3,0.41818181818181815,0.43231813227099475,0.14285714285714285,0.3
4512,16,0.4,0.19999999999999998,0.2772734273550482,0.125,0.4,0.3,0.309090909090909,0.2532954041105318,0.1875,0.3
14287,15,0.4,0.5333333333333333,0.5087403079104241,0.13333333333333333,0.4,0.2,0.32727272727272727,0.3301376494471202,0.13333333333333333,0.2
13345,15,0.0,0.0,0.0,0.0,0.0,0.0,0.0,0.0,0.0,0.0
9965,8,0.0,0.0,0.0,0.0,0.0,0.0,0.0,0.0,0.0,0.0
9855,2,0.0,0.0,0.0,0.0,0.0,0.0,0.0,0.0,0.0,0.0
15396,2,0.0,0.0,0.0,0.0,0.0,0.5,0.0,0.0,0.5,0.1
848,6,0.0,0.0,0.0,0.0,0.0,0.0,0.0,0.0,0.0,0.0
20406,8,0.0,0.0,0.0,0.0,0.0,0.25,0.057692307692307696,0.07979453856244816,0.25,0.2
130,6,0.0,0.0,0.0,0.0,0.0,0.0,0.0,0.0,0.0,0.0
13036,8,0.4,0.6,0.5531464700081437,0.25,0.4,0.25,0.36538461538461536,0.4125317798925535,0.25,0.2
14503,12,0.2,0.3333333333333333,0.33916020527361607,0.08333333333333333,0.2,0.1,0.18181818181818182,0.22009176629808014,0.08333333333333333,0.1
18818,11,0.4,0.39999999999999997,0.4703652827859578,0.18181818181818182,0.4,0.3,0.34545454545454546,0.3746661058764783,0.2727272727272727,0.3
15381,1,0.0,0.0,0.0,0.0,0.0,0.0,0.0,0.0,0.0,0.0
1681,1,0.0,0.0,0.0,0.0,0.0,0.0,0.0,0.0,0.0,0.0
10853,30,0.2,0.13333333333333333,0.14606834984270645,0.03333333333333333,0.2,0.2,0.21818181818181817,0.1731866333482261,0.06666666666666667,0.2
15391,3,0.0,0.0,0.0,0.0,0.0,0.0,0.0,0.0,0.0,0.0
1257,3,0.3333333333333333,0.4166666666666667,0.46927872602275644,0.3333333333333333,0.2,0.3333333333333333,0.37037037037037035,0.46927872602275644,0.3333333333333333,0.1
12850,3,0.0,0.0,0.0,0.0,0.0,0.3333333333333333,0.0,0.0,0.3333333333333333,0.1
12641,5,0.0,0.0,0.0,0.0,0.0,0.0,0.0,0.0,0.0,0.0
703,4,0.25,0.14285714285714288,0.16812753627111746,0.25,0.2,0.25,0.20588235294117643,0.16812753627111746,0.25,0.1
4506,4,0.5,0.35714285714285715,0.36331756126716824,0.5,0.4,0.75,0.4411764705882352,0.36331756126716824,0.75,0.3
5461,1,0.0,0.0,0.0,0.0,0.0,1.0,0.0,0.0,1.0,0.1
7075,4,0.25,0.2142857142857143,0.19519002499605081,0.25,0.2,0.25,0.23529411764705882,0.19519002499605081,0.25,0.1
10819,4,0.0,0.0,0.0,0.0,0.0,0.0,0.0,0.0,0.0,0.0
2212,3,0.0,0.0,0.0,0.0,0.0,0.3333333333333333,0.0,0.0,0.3333333333333333,0.1
1792,3,0.0,0.0,0.0,0.0,0.0,0.0,0.0,0.0,0.0,0.0
20630,4,0.0,0.0,0.0,0.0,0.0,0.0,0.0,0.0,0.0,0.0
11652,4,0.0,0.0,0.0,0.0,0.0,0.0,0.0,0.0,0.0,0.0
20859,16,0.0,0.0,0.0,0.0,0.0,0.2,0.1272727272727273,0.1427951440361373,0.125,0.2
22422,2,0.0,0.0,0.0,0.0,0.0,0.0,0.0,0.0,0.0,0.0
8851,5,0.2,0.26666666666666666,0.2139862647345275,0.2,0.2,0.2,0.225,0.2139862647345275,0.2,0.1
2549,3,0.3333333333333333,0.4166666666666667,0.46927872602275644,0.3333333333333333,0.2,0.3333333333333333,0.37037037037037035,0.46927872602275644,0.3333333333333333,0.1
12753,1,0.0,0.0,0.0,0.0,0.0,0.0,0.0,0.0,0.0,0.0
22414,4,0.25,0.2142857142857143,0.19519002499605081,0.25,0.2,0.25,0.23529411764705882,0.19519002499605081,0.25,0.1
3153,2,0.0,0.0,0.0,0.0,0.0,0.0,0.0,0.0,0.0,0.0
7567,12,0.4,0.6,0.5531464700081437,0.16666666666666666,0.4,0.2,0.34545454545454546,0.3589542101716347,0.16666666666666666,0.2
10777,1,0.0,0.0,0.0,0.0,0.0,0.0,0.0,0.0,0.0,0.0
14881,8,0.2,0.3333333333333333,0.33916020527361607,0.125,0.2,0.125,0.1923076923076923,0.2529427027676571,0.125,0.1
18563,13,0.2,0.13333333333333333,0.14606834984270645,0.07692307692307693,0.2,0.1,0.12727272727272726,0.09478836436955078,0.07692307692307693,0.1
10367,1,0.0,0.0,0.0,0.0,0.0,1.0,0.0,0.0,1.0,0.1
18200,17,0.6,0.46666666666666673,0.4912596920895757,0.17647058823529413,0.6,0.4,0.45454545454545453,0.3882251478215035,0.23529411764705882,0.4
20372,6,0.2,0.19999999999999998,0.16958010263680803,0.16666666666666666,0.2,0.16666666666666666,0.17777777777777778,0.15130120674940672,0.16666666666666666,0.1
3148,8,0.4,0.6,0.5531464700081437,0.25,0.4,0.25,0.36538461538461536,0.4125317798925535,0.25,0.2
17499,9,0.0,0.0,0.0,0.0,0.0,0.0,0.0,0.0,0.0,0.0
15758,8,0.0,0.0,0.0,0.0,0.0,0.0,0.0,0.0,0.0,0.0
8404,7,0.0,0.0,0.0,0.0,0.0,0.0,0.0,0.0,0.0,0.0
19550,1,0.0,0.0,0.0,0.0,0.0,0.0,0.0,0.0,0.0,0.0
7461,4,0.0,0.0,0.0,0.0,0.0,0.0,0.0,0.0,0.0,0.0
7779,13,0.2,0.26666666666666666,0.2139862647345275,0.07692307692307693,0.2,0.1,0.16363636363636364,0.1388624438735545,0.07692307692307693,0.1
11982,5,0.0,0.0,0.0,0.0,0.0,0.0,0.0,0.0,0.0,0.0
7508,1,1.0,0.0,0.0,1.0,0.2,1.0,0.0,0.0,1.0,0.1
18689,13,0.4,0.6,0.5531464700081437,0.15384615384615385,0.4,0.3,0.43636363636363634,0.43735247915031,0.23076923076923078,0.3
15501,4,0.0,0.0,0.0,0.0,0.0,0.25,0.0,0.0,0.25,0.1
17332,2,0.0,0.0,0.0,0.0,0.0,0.0,0.0,0.0,0.0,0.0
844,6,0.0,0.0,0.0,0.0,0.0,0.0,0.0,0.0,0.0,0.0
21882,14,0.2,0.3333333333333333,0.33916020527361607,0.07142857142857142,0.2,0.1,0.18181818181818182,0.22009176629808014,0.07142857142857142,0.1
12791,3,0.0,0.0,0.0,0.0,0.0,0.0,0.0,0.0,0.0,0.0
13814,1,0.0,0.0,0.0,0.0,0.0,0.0,0.0,0.0,0.0,0.0
22413,3,0.0,0.0,0.0,0.0,0.0,0.0,0.0,0.0,0.0,0.0
20903,2,0.0,0.0,0.0,0.0,0.0,0.0,0.0,0.0,0.0,0.0
5935,2,0.0,0.0,0.0,0.0,0.0,0.0,0.0,0.0,0.0,0.0
8973,11,0.0,0.0,0.0,0.0,0.0,0.0,0.0,0.0,0.0,0.0
4468,4,0.25,0.2142857142857143,0.19519002499605081,0.25,0.2,0.25,0.23529411764705882,0.19519002499605081,0.25,0.1
17626,1,0.0,0.0,0.0,0.0,0.0,0.0,0.0,0.0,0.0,0.0
16596,10,0.0,0.0,0.0,0.0,0.0,0.0,0.0,0.0,0.0,0.0
18763,3,0.0,0.0,0.0,0.0,0.0,0.0,0.0,0.0,0.0,0.0
10179,1,1.0,1.0,1.0,1.0,0.2,1.0,1.0,1.0,1.0,0.1
18696,7,0.4,0.3333333333333333,0.34519134224686926,0.2857142857142857,0.4,0.2857142857142857,0.3061224489795918,0.2797643380184692,0.2857142857142857,0.2
6835,3,0.0,0.0,0.0,0.0,0.0,0.0,0.0,0.0,0.0,0.0
5731,4,0.0,0.0,0.0,0.0,0.0,0.0,0.0,0.0,0.0,0.0
19230,6,0.0,0.0,0.0,0.0,0.0,0.16666666666666666,0.0,0.0,0.16666666666666666,0.1
728,2,0.0,0.0,0.0,0.0,0.0,0.0,0.0,0.0,0.0,0.0
15518,1,0.0,0.0,0.0,0.0,0.0,0.0,0.0,0.0,0.0,0.0
21965,20,0.2,0.3333333333333333,0.33916020527361607,0.05,0.2,0.1,0.18181818181818182,0.22009176629808014,0.05,0.1
4769,11,0.0,0.0,0.0,0.0,0.0,0.0,0.0,0.0,0.0,0.0
16649,3,0.0,0.0,0.0,0.0,0.0,0.0,0.0,0.0,0.0,0.0
16640,24,0.2,0.26666666666666666,0.2139862647345275,0.041666666666666664,0.2,0.1,0.16363636363636364,0.1388624438735545,0.041666666666666664,0.1
11310,5,0.2,0.26666666666666666,0.2139862647345275,0.2,0.2,0.4,0.225,0.2139862647345275,0.4,0.2
4388,17,0.6,0.5333333333333333,0.6164336326286642,0.17647058823529413,0.6,0.4,0.47272727272727266,0.4694544702460291,0.23529411764705882,0.4
18243,22,0.2,0.13333333333333333,0.14606834984270645,0.045454545454545456,0.2,0.1,0.12727272727272726,0.09478836436955078,0.045454545454545456,0.1
12683,1,0.0,0.0,0.0,0.0,0.0,0.0,0.0,0.0,0.0,0.0
4789,14,0.0,0.0,0.0,0.0,0.0,0.0,0.0,0.0,0.0,0.0
3650,18,0.0,0.0,0.0,0.0,0.0,0.0,0.0,0.0,0.0,0.0
22157,1,0.0,0.0,0.0,0.0,0.0,0.0,0.0,0.0,0.0,0.0
19733,1,0.0,0.0,0.0,0.0,0.0,0.0,0.0,0.0,0.0,0.0
20814,4,0.25,0.35714285714285715,0.39038004999210163,0.25,0.2,0.25,0.2941176470588235,0.39038004999210163,0.25,0.1
18051,2,0.0,0.0,0.0,0.0,0.0,0.0,0.0,0.0,0.0,0.0
13766,33,0.2,0.19999999999999998,0.16958010263680803,0.030303030303030304,0.2,0.1,0.14545454545454548,0.11004588314904007,0.030303030303030304,0.1
20509,1,0.0,0.0,0.0,0.0,0.0,0.0,0.0,0.0,0.0,0.0
8170,15,0.2,0.26666666666666666,0.2139862647345275,0.06666666666666667,0.2,0.2,0.23636363636363636,0.21222636597291453,0.13333333333333333,0.2
12309,11,0.2,0.13333333333333333,0.14606834984270645,0.09090909090909091,0.2,0.1,0.12727272727272726,0.09478836436955078,0.09090909090909091,0.1
13007,9,0.2,0.13333333333333333,0.14606834984270645,0.1111111111111111,0.2,0.1111111111111111,0.12962962962962962,0.10122860821230019,0.1111111111111111,0.1
18894,1,0.0,0.0,0.0,0.0,0.0,0.0,0.0,0.0,0.0,0.0
5616,1,0.0,0.0,0.0,0.0,0.0,0.0,0.0,0.0,0.0,0.0
16612,1,0.0,0.0,0.0,0.0,0.0,0.0,0.0,0.0,0.0,0.0
20496,10,0.0,0.0,0.0,0.0,0.0,0.0,0.0,0.0,0.0,0.0
13217,12,0.4,0.6,0.5531464700081437,0.16666666666666666,0.4,0.2,0.34545454545454546,0.3589542101716347,0.16666666666666666,0.2
21009,4,0.25,0.0,0.0,0.25,0.2,0.5,0.0,0.0,0.5,0.2
4594,3,0.3333333333333333,0.4166666666666667,0.46927872602275644,0.3333333333333333,0.2,0.3333333333333333,0.37037037037037035,0.46927872602275644,0.3333333333333333,0.1
532,15,0.0,0.0,0.0,0.0,0.0,0.0,0.0,0.0,0.0,0.0
5531,2,0.0,0.0,0.0,0.0,0.0,0.0,0.0,0.0,0.0,0.0
11739,2,0.0,0.0,0.0,0.0,0.0,0.0,0.0,0.0,0.0,0.0
1207,1,0.0,0.0,0.0,0.0,0.0,0.0,0.0,0.0,0.0,0.0
9348,4,0.0,0.0,0.0,0.0,0.0,0.0,0.0,0.0,0.0,0.0
9673,28,0.2,0.26666666666666666,0.2139862647345275,0.03571428571428571,0.2,0.1,0.16363636363636364,0.1388624438735545,0.03571428571428571,0.1
17768,12,0.2,0.3333333333333333,0.33916020527361607,0.08333333333333333,0.2,0.1,0.18181818181818182,0.22009176629808014,0.08333333333333333,0.1
13799,1,0.0,0.0,0.0,0.0,0.0,0.0,0.0,0.0,0.0,0.0
1545,11,0.2,0.19999999999999998,0.16958010263680803,0.09090909090909091,0.2,0.1,0.14545454545454548,0.11004588314904007,0.09090909090909091,0.1
3817,19,0.2,0.3333333333333333,0.33916020527361607,0.05263157894736842,0.2,0.2,0.2727272727272727,0.2984900352767555,0.10526315789473684,0.2
19361,9,0.0,0.0,0.0,0.0,0.0,0.1111111111111111,0.09259259259259259,0.08372491399919348,0.1111111111111111,0.1
21515,5,0.0,0.0,0.0,0.0,0.0,0.0,0.0,0.0,0.0,0.0
14835,6,0.0,0.0,0.0,0.0,0.0,0.0,0.0,0.0,0.0,0.0
17714,9,0.2,0.3333333333333333,0.33916020527361607,0.1111111111111111,0.2,0.1111111111111111,0.18518518518518517,0.23504554941448538,0.1111111111111111,0.1
17261,6,0.0,0.0,0.0,0.0,0.0,0.0,0.0,0.0,0.0,0.0
2216,2,0.0,0.0,0.0,0.0,0.0,0.0,0.0,0.0,0.0,0.0
18526,19,0.2,0.13333333333333333,0.14606834984270645,0.05263157894736842,0.2,0.1,0.12727272727272726,0.09478836436955078,0.05263157894736842,0.1
21411,2,1.0,0.0,0.0,1.0,0.4,1.0,0.0,0.0,1.0,0.2
11312,3,0.3333333333333333,0.4166666666666667,0.46927872602275644,0.3333333333333333,0.2,0.3333333333333333,0.37037037037037035,0.46927872602275644,0.3333333333333333,0.1
22465,2,0.0,0.0,0.0,0.0,0.0,0.0,0.0,0.0,0.0,0.0
16067,22,0.4,0.6,0.5531464700081437,0.09090909090909091,0.4,0.6,0.5272727272727272,0.6316243658611128,0.2727272727272727,0.6
20780,3,0.0,0.0,0.0,0.0,0.0,0.3333333333333333,0.0,0.0,0.3333333333333333,0.1
19561,23,0.2,0.06666666666666665,0.13120507751234176,0.043478260869565216,0.2,0.2,0.14545454545454545,0.15139734109601,0.08695652173913043,0.2
7757,3,0.3333333333333333,0.4166666666666667,0.46927872602275644,0.3333333333333333,0.2,0.3333333333333333,0.37037037037037035,0.46927872602275644,0.3333333333333333,0.1
7611,12,0.0,0.0,0.0,0.0,0.0,0.0,0.0,0.0,0.0,0.0
19536,2,0.5,0.4444444444444445,0.3868528072345415,0.5,0.2,0.5,0.4736842105263158,0.3868528072345415,0.5,0.1
19326,3,0.0,0.0,0.0,0.0,0.0,0.0,0.0,0.0,0.0,0.0
3610,1,0.0,0.0,0.0,0.0,0.0,1.0,0.0,0.0,1.0,0.1
9595,11,0.6,0.7999999999999999,0.7227265726449518,0.2727272727272727,0.6,0.3,0.49090909090909096,0.46900009332067477,0.2727272727272727,0.3
784,3,0.0,0.0,0.0,0.0,0.0,0.0,0.0,0.0,0.0,0.0
11151,2,0.0,0.0,0.0,0.0,0.0,0.0,0.0,0.0,0.0,0.0
18535,12,0.6,0.7333333333333334,0.6992148198508501,0.25,0.6,0.3,0.47272727272727266,0.4537425745411855,0.25,0.3
17552,1,0.0,0.0,0.0,0.0,0.0,0.0,0.0,0.0,0.0,0.0
9359,3,0.0,0.0,0.0,0.0,0.0,0.0,0.0,0.0,0.0,0.0
21775,1,0.0,0.0,0.0,0.0,0.0,0.0,0.0,0.0,0.0,0.0
17749,2,0.5,0.4444444444444445,0.3868528072345415,0.5,0.2,0.5,0.4736842105263158,0.3868528072345415,0.5,0.1
4259,1,0.0,0.0,0.0,0.0,0.0,1.0,0.0,0.0,1.0,0.1
21681,12,0.2,0.3333333333333333,0.33916020527361607,0.08333333333333333,0.2,0.3,0.2545454545454545,0.35314377643380906,0.25,0.3
7641,2,0.0,0.0,0.0,0.0,0.0,0.5,0.0,0.0,0.5,0.1
16530,11,0.2,0.06666666666666665,0.13120507751234176,0.09090909090909091,0.2,0.1,0.10909090909090909,0.08514311764162097,0.09090909090909091,0.1
21827,1,0.0,0.0,0.0,0.0,0.0,0.0,0.0,0.0,0.0,0.0
4658,1,1.0,1.0,1.0,1.0,0.2,1.0,1.0,1.0,1.0,0.1
11448,7,0.0,0.0,0.0,0.0,0.0,0.0,0.0,0.0,0.0,0.0
12012,3,0.0,0.0,0.0,0.0,0.0,0.0,0.0,0.0,0.0,0.0
13580,10,0.0,0.0,0.0,0.0,0.0,0.0,0.0,0.0,0.0,0.0
9889,12,0.0,0.0,0.0,0.0,0.0,0.0,0.0,0.0,0.0,0.0
19909,27,0.2,0.13333333333333333,0.14606834984270645,0.037037037037037035,0.2,0.2,0.21818181818181817,0.1731866333482261,0.07407407407407407,0.2
8480,7,0.4,0.4666666666666666,0.38356636737133554,0.2857142857142857,0.4,0.2857142857142857,0.3469387755102041,0.3108658234453848,0.2857142857142857,0.2
16376,36,0.0,0.0,0.0,0.0,0.0,0.0,0.0,0.0,0.0,0.0
4897,3,0.0,0.0,0.0,0.0,0.0,0.0,0.0,0.0,0.0,0.0
576,1,0.0,0.0,0.0,0.0,0.0,0.0,0.0,0.0,0.0,0.0
6071,2,0.0,0.0,0.0,0.0,0.0,0.0,0.0,0.0,0.0,0.0
16441,5,0.0,0.0,0.0,0.0,0.0,0.0,0.0,0.0,0.0,0.0
15887,2,0.0,0.0,0.0,0.0,0.0,0.0,0.0,0.0,0.0,0.0
21422,1,0.0,0.0,0.0,0.0,0.0,0.0,0.0,0.0,0.0,0.0
11970,2,0.0,0.0,0.0,0.0,0.0,0.0,0.0,0.0,0.0,0.0
21735,9,0.4,0.26666666666666666,0.3007851801491498,0.2222222222222222,0.4,0.2222222222222222,0.25925925925925924,0.2084508053262215,0.2222222222222222,0.2
16717,3,0.0,0.0,0.0,0.0,0.0,0.3333333333333333,0.0,0.0,0.3333333333333333,0.1
20071,6,0.0,0.0,0.0,0.0,0.0,0.0,0.0,0.0,0.0,0.0
12082,9,0.2,0.3333333333333333,0.33916020527361607,0.1111111111111111,0.2,0.1111111111111111,0.18518518518518517,0.23504554941448538,0.1111111111111111,0.1
7739,2,0.5,0.0,0.0,0.5,0.2,0.5,0.0,0.0,0.5,0.1
17266,1,0.0,0.0,0.0,0.0,0.0,0.0,0.0,0.0,0.0,0.0
1745,1,0.0,0.0,0.0,0.0,0.0,0.0,0.0,0.0,0.0,0.0
19560,1,0.0,0.0,0.0,0.0,0.0,0.0,0.0,0.0,0.0,0.0
11671,28,0.4,0.39999999999999997,0.4703652827859578,0.07142857142857142,0.4,0.4,0.45454545454545453,0.45699707501773645,0.14285714285714285,0.4
17939,8,0.2,0.13333333333333333,0.14606834984270645,0.125,0.2,0.25,0.23076923076923075,0.19903650127012357,0.25,0.2
2475,11,0.4,0.4666666666666666,0.38356636737133554,0.18181818181818182,0.4,0.3,0.38181818181818183,0.3222722491219546,0.2727272727272727,0.3
16840,1,0.0,0.0,0.0,0.0,0.0,0.0,0.0,0.0,0.0,0.0
21391,2,0.0,0.0,0.0,0.0,0.0,0.0,0.0,0.0,0.0,0.0
17726,1,0.0,0.0,0.0,0.0,0.0,0.0,0.0,0.0,0.0,0.0
7208,3,0.3333333333333333,0.33333333333333337,0.29608191096586517,0.3333333333333333,0.2,0.3333333333333333,0.3333333333333333,0.29608191096586517,0.3333333333333333,0.1
3536,3,0.0,0.0,0.0,0.0,0.0,0.0,0.0,0.0,0.0,0.0
16577,2,0.5,0.0,0.0,0.5,0.2,1.0,0.0,0.0,1.0,0.2
3293,16,0.4,0.4666666666666666,0.48522855511632257,0.125,0.4,0.3,0.36363636363636365,0.3843113526044082,0.1875,0.3
21706,7,0.2,0.3333333333333333,0.33916020527361607,0.14285714285714285,0.2,0.2857142857142857,0.2857142857142857,0.3665017772190545,0.2857142857142857,0.2
19838,1,0.0,0.0,0.0,0.0,0.0,0.0,0.0,0.0,0.0,0.0
9749,1,0.0,0.0,0.0,0.0,0.0,0.0,0.0,0.0,0.0,0.0
6069,2,0.0,0.0,0.0,0.0,0.0,0.0,0.0,0.0,0.0,0.0
11004,14,0.6,0.7999999999999999,0.7227265726449518,0.21428571428571427,0.6,0.3,0.49090909090909096,0.46900009332067477,0.21428571428571427,0.3
18997,2,0.0,0.0,0.0,0.0,0.0,0.0,0.0,0.0,0.0,0.0
20946,3,0.0,0.0,0.0,0.0,0.0,0.0,0.0,0.0,0.0,0.0
15991,3,0.0,0.0,0.0,0.0,0.0,0.0,0.0,0.0,0.0,0.0
5743,3,0.0,0.0,0.0,0.0,0.0,0.0,0.0,0.0,0.0,0.0
2036,9,0.2,0.06666666666666665,0.13120507751234176,0.1111111111111111,0.2,0.1111111111111111,0.1111111111111111,0.09092803061897882,0.1111111111111111,0.1
21302,3,0.0,0.0,0.0,0.0,0.0,0.0,0.0,0.0,0.0,0.0
5958,9,0.4,0.5333333333333333,0.5087403079104241,0.2222222222222222,0.4,0.2222222222222222,0.3333333333333333,0.352568324121728,0.2222222222222222,0.2
2692,8,0.2,0.13333333333333333,0.14606834984270645,0.125,0.2,0.125,0.1346153846153846,0.1089364926177559,0.125,0.1
21475,19,0.2,0.26666666666666666,0.2139862647345275,0.05263157894736842,0.2,0.2,0.2,0.2051166673279435,0.10526315789473684,0.2
10990,18,0.6,0.7333333333333334,0.6992148198508501,0.16666666666666666,0.6,0.3,0.47272727272727266,0.4537425745411855,0.16666666666666666,0.3
10674,15,0.2,0.26666666666666666,0.2139862647345275,0.06666666666666667,0.2,0.1,0.16363636363636364,0.1388624438735545,0.06666666666666667,0.1
15978,4,0.5,0.35714285714285715,0.36331756126716824,0.5,0.4,0.5,0.4411764705882352,0.36331756126716824,0.5,0.2
16501,4,0.0,0.0,0.0,0.0,0.0,0.0,0.0,0.0,0.0,0.0
20878,14,0.2,0.26666666666666666,0.2139862647345275,0.07142857142857142,0.2,0.1,0.16363636363636364,0.1388624438735545,0.07142857142857142,0.1
5979,3,0.0,0.0,0.0,0.0,0.0,0.3333333333333333,0.0,0.0,0.3333333333333333,0.1
24,14,0.6,0.6666666666666666,0.6843515475204854,0.21428571428571427,0.6,0.3,0.45454545454545453,0.44409732781325567,0.21428571428571427,0.3
17123,1,0.0,0.0,0.0,0.0,0.0,0.0,0.0,0.0,0.0,0.0
5968,2,0.0,0.0,0.0,0.0,0.0,0.0,0.0,0.0,0.0,0.0
13816,6,0.0,0.0,0.0,0.0,0.0,0.0,0.0,0.0,0.0,0.0
22396,3,0.3333333333333333,0.0,0.0,0.3333333333333333,0.2,0.3333333333333333,0.0,0.0,0.3333333333333333,0.1
4649,3,0.0,0.0,0.0,0.0,0.0,0.3333333333333333,0.0,0.0,0.3333333333333333,0.1
20130,27,0.2,0.19999999999999998,0.16958010263680803,0.037037037037037035,0.2,0.1,0.14545454545454548,0.11004588314904007,0.037037037037037035,0.1
7445,7,0.0,0.0,0.0,0.0,0.0,0.14285714285714285,0.1020408163265306,0.0979129253499678,0.14285714285714285,0.1
5550,8,0.0,0.0,0.0,0.0,0.0,0.0,0.0,0.0,0.0,0.0
5580,1,1.0,0.0,0.0,1.0,0.2,1.0,0.0,0.0,1.0,0.1
6110,4,0.0,0.0,0.0,0.0,0.0,0.0,0.0,0.0,0.0,0.0
12494,6,0.0,0.0,0.0,0.0,0.0,0.0,0.0,0.0,0.0,0.0
4838,3,0.0,0.0,0.0,0.0,0.0,0.0,0.0,0.0,0.0,0.0
2454,19,0.6,0.5333333333333333,0.5147714448836773,0.15789473684210525,0.6,0.4,0.43636363636363645,0.3976722328631673,0.21052631578947367,0.4
17659,18,0.0,0.0,0.0,0.0,0.0,0.1,0.036363636363636355,0.06625422345438903,0.05555555555555555,0.1
19000,3,0.0,0.0,0.0,0.0,0.0,0.0,0.0,0.0,0.0,0.0
8261,4,0.25,0.35714285714285715,0.39038004999210163,0.25,0.2,0.25,0.2941176470588235,0.39038004999210163,0.25,0.1
17933,1,0.0,0.0,0.0,0.0,0.0,0.0,0.0,0.0,0.0,0.0
12846,7,0.2,0.13333333333333333,0.14606834984270645,0.14285714285714285,0.2,0.14285714285714285,0.14285714285714285,0.11838279295536291,0.14285714285714285,0.1
3144,1,0.0,0.0,0.0,0.0,0.0,0.0,0.0,0.0,0.0,0.0
12624,20,0.4,0.6,0.5531464700081437,0.1,0.4,0.3,0.41818181818181815,0.43231813227099475,0.15,0.3
2570,7,0.2,0.13333333333333333,0.14606834984270645,0.14285714285714285,0.2,0.14285714285714285,0.14285714285714285,0.11838279295536291,0.14285714285714285,0.1
16460,3,0.0,0.0,0.0,0.0,0.0,0.0,0.0,0.0,0.0,0.0
10257,8,0.4,0.6,0.5531464700081437,0.25,0.4,0.375,0.4615384615384615,0.5026317885449212,0.375,0.3
1032,3,0.3333333333333333,0.0,0.0,0.3333333333333333,0.2,0.3333333333333333,0.0,0.0,0.3333333333333333,0.1
18153,6,0.6,0.6666666666666666,0.6548086577531306,0.5,0.6,0.5,0.5555555555555556,0.5842273861585908,0.5,0.3
1235,5,0.0,0.0,0.0,0.0,0.0,0.0,0.0,0.0,0.0,0.0
10004,3,0.0,0.0,0.0,0.0,0.0,0.3333333333333333,0.0,0.0,0.3333333333333333,0.1
8345,9,0.0,0.0,0.0,0.0,0.0,0.0,0.0,0.0,0.0,0.0
21205,1,1.0,0.0,0.0,1.0,0.2,1.0,0.0,0.0,1.0,0.1
22014,29,0.2,0.26666666666666666,0.2139862647345275,0.034482758620689655,0.2,0.1,0.16363636363636364,0.1388624438735545,0.034482758620689655,0.1
4494,2,0.5,0.5555555555555556,0.6131471927654584,0.5,0.2,1.0,0.5263157894736842,0.6131471927654584,1.0,0.2
20796,21,0.0,0.0,0.0,0.0,0.0,0.1,0.07272727272727274,0.07336392209936006,0.047619047619047616,0.1
8442,6,0.2,0.3333333333333333,0.33916020527361607,0.16666666666666666,0.2,0.16666666666666666,0.2222222222222222,0.30260241349881345,0.16666666666666666,0.1
5124,1,0.0,0.0,0.0,0.0,0.0,0.0,0.0,0.0,0.0,0.0
16934,1,0.0,0.0,0.0,0.0,0.0,0.0,0.0,0.0,0.0,0.0
11450,16,0.0,0.0,0.0,0.0,0.0,0.0,0.0,0.0,0.0,0.0
17478,5,0.0,0.0,0.0,0.0,0.0,0.0,0.0,0.0,0.0,0.0
3069,11,0.2,0.26666666666666666,0.2139862647345275,0.09090909090909091,0.2,0.2,0.18181818181818182,0.2024832320725062,0.18181818181818182,0.2
7764,4,0.25,0.0,0.0,0.25,0.2,0.25,0.0,0.0,0.25,0.1
9609,18,0.4,0.4000000000000001,0.3600546145772339,0.1111111111111111,0.4,0.4,0.38181818181818183,0.3693362536342715,0.2222222222222222,0.4
3428,3,0.3333333333333333,0.33333333333333337,0.29608191096586517,0.3333333333333333,0.2,0.6666666666666666,0.3333333333333333,0.29608191096586517,0.6666666666666666,0.2
20622,2,0.5,0.0,0.0,0.5,0.2,0.5,0.0,0.0,0.5,0.1
10065,8,0.2,0.26666666666666666,0.2139862647345275,0.125,0.2,0.125,0.17307692307692307,0.1595890771248963,0.125,0.1
2099,3,0.3333333333333333,0.25,0.23463936301137822,0.3333333333333333,0.2,0.3333333333333333,0.2962962962962963,0.23463936301137822,0.3333333333333333,0.1
7283,2,1.0,1.0,1.0,1.0,0.4,1.0,1.0,1.0,1.0,0.2
2992,3,0.0,0.0,0.0,0.0,0.0,0.0,0.0,0.0,0.0,0.0
20702,2,1.0,0.4444444444444445,0.3868528072345415,1.0,0.4,1.0,0.4736842105263158,0.3868528072345415,1.0,0.2
18137,5,0.0,0.0,0.0,0.0,0.0,0.0,0.0,0.0,0.0,0.0
12848,9,0.2,0.3333333333333333,0.33916020527361607,0.1111111111111111,0.2,0.2222222222222222,0.27777777777777773,0.3187704634136788,0.2222222222222222,0.2
6711,7,0.2,0.19999999999999998,0.16958010263680803,0.14285714285714285,0.2,0.2857142857142857,0.2448979591836735,0.22906361076190904,0.2857142857142857,0.2
883,9,0.2,0.3333333333333333,0.33916020527361607,0.1111111111111111,0.2,0.3333333333333333,0.27777777777777773,0.3187704634136788,0.3333333333333333,0.3
14918,3,0.0,0.0,0.0,0.0,0.0,0.0,0.0,0.0,0.0,0.0
12229,4,0.25,0.28571428571428575,0.2463023887407299,0.25,0.2,0.25,0.2647058823529412,0.2463023887407299,0.25,0.1
13168,2,0.5,0.0,0.0,0.5,0.2,0.5,0.0,0.0,0.5,0.1
8174,18,0.2,0.06666666666666665,0.13120507751234176,0.05555555555555555,0.2,0.2,0.2,0.1635413866202963,0.1111111111111111,0.2
22356,13,0.0,0.0,0.0,0.0,0.0,0.0,0.0,0.0,0.0,0.0
5953,9,0.0,0.0,0.0,0.0,0.0,0.2222222222222222,0.12962962962962962,0.15448067472027407,0.2222222222222222,0.2
10295,23,0.4,0.4666666666666666,0.38356636737133554,0.08695652173913043,0.4,0.4,0.45454545454545453,0.39673781793804713,0.17391304347826086,0.4
13912,1,1.0,1.0,1.0,1.0,0.2,1.0,1.0,1.0,1.0,0.1
20821,7,0.2,0.3333333333333333,0.33916020527361607,0.14285714285714285,0.2,0.14285714285714285,0.2040816326530612,0.27487633291429087,0.14285714285714285,0.1
3878,1,0.0,0.0,0.0,0.0,0.0,0.0,0.0,0.0,0.0,0.0
10931,4,0.25,0.28571428571428575,0.2463023887407299,0.25,0.2,0.25,0.2647058823529412,0.2463023887407299,0.25,0.1
13640,1,0.0,0.0,0.0,0.0,0.0,0.0,0.0,0.0,0.0,0.0
18976,6,0.2,0.3333333333333333,0.33916020527361607,0.16666666666666666,0.2,0.3333333333333333,0.3333333333333333,0.4103915680233244,0.3333333333333333,0.2
14543,16,0.2,0.26666666666666666,0.2139862647345275,0.0625,0.2,0.1,0.16363636363636364,0.1388624438735545,0.0625,0.1
19902,3,0.6666666666666666,0.25,0.23463936301137822,0.6666666666666666,0.4,0.6666666666666666,0.2962962962962963,0.23463936301137822,0.6666666666666666,0.2
1359,3,0.0,0.0,0.0,0.0,0.0,0.3333333333333333,0.0,0.0,0.3333333333333333,0.1
3496,7,0.0,0.0,0.0,0.0,0.0,0.14285714285714285,0.08163265306122448,0.09162544430476363,0.14285714285714285,0.1
4016,16,0.4,0.6,0.5531464700081437,0.125,0.4,0.3,0.4,0.4283854321084119,0.1875,0.3
8272,2,0.0,0.0,0.0,0.0,0.0,0.0,0.0,0.0,0.0,0.0
1151,4,0.0,0.0,0.0,0.0,0.0,0.0,0.0,0.0,0.0,0.0
15951,2,0.5,0.4444444444444445,0.3868528072345415,0.5,0.2,0.5,0.4736842105263158,0.3868528072345415,0.5,0.1
17678,10,0.0,0.0,0.0,0.0,0.0,0.0,0.0,0.0,0.0,0.0
8208,3,0.0,0.0,0.0,0.0,0.0,0.0,0.0,0.0,0.0,0.0
17989,20,0.4,0.4666666666666666,0.48522855511632257,0.1,0.4,0.5,0.4727272727272727,0.5263304097820353,0.25,0.5
1353,18,0.4,0.4666666666666666,0.48522855511632257,0.1111111111111111,0.4,0.2,0.3090909090909091,0.31488013066763093,0.1111111111111111,0.2
1793,2,0.0,0.0,0.0,0.0,0.0,0.0,0.0,0.0,0.0,0.0
12369,4,0.0,0.0,0.0,0.0,0.0,0.0,0.0,0.0,0.0,0.0
20172,1,1.0,1.0,1.0,1.0,0.2,1.0,1.0,1.0,1.0,0.1
17498,1,1.0,0.0,0.0,1.0,0.2,1.0,0.0,0.0,1.0,0.1
17960,8,0.0,0.0,0.0,0.0,0.0,0.0,0.0,0.0,0.0,0.0
2953,4,0.0,0.0,0.0,0.0,0.0,0.0,0.0,0.0,0.0,0.0
267,1,1.0,0.0,0.0,1.0,0.2,1.0,0.0,0.0,1.0,0.1
3633,1,0.0,0.0,0.0,0.0,0.0,0.0,0.0,0.0,0.0,0.0
14192,9,0.2,0.26666666666666666,0.2139862647345275,0.1111111111111111,0.2,0.1111111111111111,0.16666666666666666,0.14829723057014907,0.1111111111111111,0.1
18926,6,0.2,0.19999999999999998,0.16958010263680803,0.16666666666666666,0.2,0.16666666666666666,0.17777777777777778,0.15130120674940672,0.16666666666666666,0.1
17638,1,0.0,0.0,0.0,0.0,0.0,0.0,0.0,0.0,0.0,0.0
15583,32,0.0,0.0,0.0,0.0,0.0,0.2,0.14545454545454548,0.14782949091545258,0.0625,0.2
14344,1,0.0,0.0,0.0,0.0,0.0,0.0,0.0,0.0,0.0,0.0
21491,1,0.0,0.0,0.0,0.0,0.0,0.0,0.0,0.0,0.0,0.0
18525,4,0.0,0.0,0.0,0.0,0.0,0.0,0.0,0.0,0.0,0.0
20447,10,0.0,0.0,0.0,0.0,0.0,0.0,0.0,0.0,0.0,0.0
17345,1,0.0,0.0,0.0,0.0,0.0,0.0,0.0,0.0,0.0,0.0
14924,8,0.0,0.0,0.0,0.0,0.0,0.0,0.0,0.0,0.0,0.0
14174,5,0.0,0.0,0.0,0.0,0.0,0.0,0.0,0.0,0.0,0.0
12650,11,0.2,0.13333333333333333,0.14606834984270645,0.09090909090909091,0.2,0.1,0.12727272727272726,0.09478836436955078,0.09090909090909091,0.1
14032,2,0.5,0.0,0.0,0.5,0.2,0.5,0.0,0.0,0.5,0.1
6403,2,0.0,0.0,0.0,0.0,0.0,0.0,0.0,0.0,0.0,0.0
16372,1,0.0,0.0,0.0,0.0,0.0,0.0,0.0,0.0,0.0,0.0
5172,17,0.2,0.3333333333333333,0.33916020527361607,0.058823529411764705,0.2,0.1,0.18181818181818182,0.22009176629808014,0.058823529411764705,0.1
7909,1,0.0,0.0,0.0,0.0,0.0,0.0,0.0,0.0,0.0,0.0
15264,27,0.2,0.06666666666666665,0.13120507751234176,0.037037037037037035,0.2,0.1,0.10909090909090909,0.08514311764162097,0.037037037037037035,0.1
5982,15,0.6,0.7333333333333334,0.6992148198508501,0.2,0.6,0.3,0.47272727272727266,0.4537425745411855,0.2,0.3
3581,3,0.0,0.0,0.0,0.0,0.0,0.0,0.0,0.0,0.0,0.0
12357,14,0.2,0.06666666666666665,0.13120507751234176,0.07142857142857142,0.2,0.1,0.10909090909090909,0.08514311764162097,0.07142857142857142,0.1
14353,1,0.0,0.0,0.0,0.0,0.0,0.0,0.0,0.0,0.0,0.0
6946,6,0.2,0.26666666666666666,0.2139862647345275,0.16666666666666666,0.2,0.16666666666666666,0.2,0.1909208661789346,0.16666666666666666,0.1
735,11,0.4,0.5333333333333333,0.5087403079104241,0.18181818181818182,0.4,0.2,0.32727272727272727,0.3301376494471202,0.18181818181818182,0.2
2695,8,0.2,0.19999999999999998,0.16958010263680803,0.125,0.2,0.125,0.15384615384615385,0.12647135138382856,0.125,0.1
12694,2,1.0,0.4444444444444445,0.3868528072345415,1.0,0.4,1.0,0.4736842105263158,0.3868528072345415,1.0,0.2
8469,15,0.0,0.0,0.0,0.0,0.0,0.1,0.05454545454545456,0.06943122193677725,0.06666666666666667,0.1
7791,2,0.0,0.0,0.0,0.0,0.0,0.0,0.0,0.0,0.0,0.0
1442,1,0.0,0.0,0.0,0.0,0.0,0.0,0.0,0.0,0.0,0.0
12635,13,0.2,0.19999999999999998,0.16958010263680803,0.07692307692307693,0.2,0.2,0.21818181818181823,0.18340980524840012,0.15384615384615385,0.2
18152,9,0.4,0.39999999999999997,0.4703652827859578,0.2222222222222222,0.4,0.4444444444444444,0.40740740740740744,0.47507785722603996,0.4444444444444444,0.4
4106,2,0.5,0.5555555555555556,0.6131471927654584,0.5,0.2,0.5,0.5263157894736842,0.6131471927654584,0.5,0.1
9958,1,0.0,0.0,0.0,0.0,0.0,0.0,0.0,0.0,0.0,0.0
21769,6,0.2,0.3333333333333333,0.33916020527361607,0.16666666666666666,0.2,0.16666666666666666,0.2222222222222222,0.30260241349881345,0.16666666666666666,0.1
10789,7,0.0,0.0,0.0,0.0,0.0,0.0,0.0,0.0,0.0,0.0
8326,2,0.0,0.0,0.0,0.0,0.0,0.0,0.0,0.0,0.0,0.0
18314,4,0.0,0.0,0.0,0.0,0.0,0.0,0.0,0.0,0.0,0.0
20477,1,0.0,0.0,0.0,0.0,0.0,0.0,0.0,0.0,0.0,0.0
21002,10,0.4,0.5333333333333333,0.5087403079104241,0.2,0.4,0.2,0.32727272727272727,0.3301376494471202,0.2,0.2
21046,5,0.2,0.26666666666666666,0.2139862647345275,0.2,0.2,0.2,0.225,0.2139862647345275,0.2,0.1
13360,9,0.2,0.19999999999999998,0.16958010263680803,0.1111111111111111,0.2,0.2222222222222222,0.14814814814814814,0.11752277470724269,0.2222222222222222,0.2
4135,2,0.0,0.0,0.0,0.0,0.0,0.0,0.0,0.0,0.0,0.0
6117,1,0.0,0.0,0.0,0.0,0.0,0.0,0.0,0.0,0.0,0.0
10379,1,0.0,0.0,0.0,0.0,0.0,0.0,0.0,0.0,0.0,0.0
2618,3,0.3333333333333333,0.4166666666666667,0.46927872602275644,0.3333333333333333,0.2,0.3333333333333333,0.37037037037037035,0.46927872602275644,0.3333333333333333,0.1
5405,12,0.4,0.3333333333333333,0.34519134224686926,0.16666666666666666,0.4,0.4,0.38181818181818183,0.3660246186928025,0.3333333333333333,0.4
12605,19,0.2,0.3333333333333333,0.33916020527361607,0.05263157894736842,0.2,0.2,0.2727272727272727,0.2984900352767555,0.10526315789473684,0.2
19738,7,0.2,0.3333333333333333,0.33916020527361607,0.14285714285714285,0.2,0.14285714285714285,0.2040816326530612,0.27487633291429087,0.14285714285714285,0.1
22388,16,0.2,0.3333333333333333,0.33916020527361607,0.0625,0.2,0.1,0.18181818181818182,0.22009176629808014,0.0625,0.1
13034,2,0.0,0.0,0.0,0.0,0.0,0.0,0.0,0.0,0.0,0.0
11939,1,0.0,0.0,0.0,0.0,0.0,0.0,0.0,0.0,0.0,0.0
11403,14,0.4,0.5333333333333333,0.5087403079104241,0.14285714285714285,0.4,0.5,0.4727272727272727,0.5365535816822092,0.35714285714285715,0.5
907,9,0.0,0.0,0.0,0.0,0.0,0.0,0.0,0.0,0.0,0.0
5850,14,0.4,0.39999999999999997,0.4703652827859578,0.14285714285714285,0.4,0.2,0.29090909090909095,0.3052348839397011,0.14285714285714285,0.2
12607,4,0.0,0.0,0.0,0.0,0.0,0.0,0.0,0.0,0.0,0.0
9974,18,0.4,0.3333333333333333,0.31564845247951445,0.1111111111111111,0.4,0.3,0.3090909090909091,0.27108847097297983,0.16666666666666666,0.3
11011,3,0.3333333333333333,0.0,0.0,0.3333333333333333,0.2,0.3333333333333333,0.0,0.0,0.3333333333333333,0.1
4581,3,0.3333333333333333,0.0,0.0,0.3333333333333333,0.2,1.0,0.0,0.0,1.0,0.3
6050,2,0.0,0.0,0.0,0.0,0.0,0.0,0.0,0.0,0.0,0.0
3230,3,0.0,0.0,0.0,0.0,0.0,0.0,0.0,0.0,0.0,0.0
16302,17,0.4,0.26666666666666666,0.3007851801491498,0.11764705882352941,0.4,0.2,0.2545454545454545,0.19518900079066104,0.11764705882352941,0.2
11836,9,0.0,0.0,0.0,0.0,0.0,0.0,0.0,0.0,0.0,0.0
3592,23,0.0,0.0,0.0,0.0,0.0,0.1,0.036363636363636355,0.06625422345438903,0.043478260869565216,0.1
17014,1,0.0,0.0,0.0,0.0,0.0,0.0,0.0,0.0,0.0,0.0
21321,6,0.2,0.26666666666666666,0.2139862647345275,0.16666666666666666,0.2,0.16666666666666666,0.2,0.1909208661789346,0.16666666666666666,0.1
2984,4,0.0,0.0,0.0,0.0,0.0,0.0,0.0,0.0,0.0,0.0
19213,9,0.2,0.26666666666666666,0.2139862647345275,0.1111111111111111,0.2,0.1111111111111111,0.16666666666666666,0.14829723057014907,0.1111111111111111,0.1
18389,8,0.0,0.0,0.0,0.0,0.0,0.0,0.0,0.0,0.0,0.0
21702,1,0.0,0.0,0.0,0.0,0.0,0.0,0.0,0.0,0.0,0.0
6004,3,0.3333333333333333,0.0,0.0,0.3333333333333333,0.2,0.3333333333333333,0.0,0.0,0.3333333333333333,0.1
5859,32,0.6,0.7999999999999999,0.7227265726449518,0.09375,0.6,0.4,0.5454545454545454,0.538431315257452,0.125,0.4
17055,2,0.5,0.0,0.0,0.5,0.2,0.5,0.0,0.0,0.5,0.1
936,1,0.0,0.0,0.0,0.0,0.0,0.0,0.0,0.0,0.0,0.0
15151,20,0.4,0.6,0.5531464700081437,0.1,0.4,0.3,0.41818181818181815,0.43231813227099475,0.15,0.3
11402,9,0.0,0.0,0.0,0.0,0.0,0.0,0.0,0.0,0.0,0.0
21317,4,0.0,0.0,0.0,0.0,0.0,0.0,0.0,0.0,0.0,0.0
607,1,0.0,0.0,0.0,0.0,0.0,0.0,0.0,0.0,0.0,0.0
811,4,0.0,0.0,0.0,0.0,0.0,0.0,0.0,0.0,0.0,0.0
7997,4,0.0,0.0,0.0,0.0,0.0,0.0,0.0,0.0,0.0,0.0
5491,1,0.0,0.0,0.0,0.0,0.0,0.0,0.0,0.0,0.0,0.0
7014,4,0.25,0.2142857142857143,0.19519002499605081,0.25,0.2,0.25,0.23529411764705882,0.19519002499605081,0.25,0.1
16944,1,0.0,0.0,0.0,0.0,0.0,0.0,0.0,0.0,0.0,0.0
19430,2,0.5,0.4444444444444445,0.3868528072345415,0.5,0.2,0.5,0.4736842105263158,0.3868528072345415,0.5,0.1
6421,12,0.4,0.6,0.5531464700081437,0.16666666666666666,0.4,0.3,0.36363636363636365,0.4225749983705864,0.25,0.3
21619,7,0.2,0.3333333333333333,0.33916020527361607,0.14285714285714285,0.2,0.14285714285714285,0.2040816326530612,0.27487633291429087,0.14285714285714285,0.1
6064,5,0.0,0.0,0.0,0.0,0.0,0.2,0.0,0.0,0.2,0.1
1401,15,0.2,0.3333333333333333,0.33916020527361607,0.06666666666666667,0.2,0.1,0.18181818181818182,0.22009176629808014,0.06666666666666667,0.1
18223,6,0.0,0.0,0.0,0.0,0.0,0.0,0.0,0.0,0.0,0.0
10966,5,0.0,0.0,0.0,0.0,0.0,0.0,0.0,0.0,0.0,0.0
12915,2,0.0,0.0,0.0,0.0,0.0,0.0,0.0,0.0,0.0,0.0
12707,1,0.0,0.0,0.0,0.0,0.0,0.0,0.0,0.0,0.0,0.0
6173,19,0.0,0.0,0.0,0.0,0.0,0.1,0.036363636363636355,0.06625422345438903,0.05263157894736842,0.1
19438,3,0.3333333333333333,0.0,0.0,0.3333333333333333,0.2,0.3333333333333333,0.0,0.0,0.3333333333333333,0.1
1265,1,0.0,0.0,0.0,0.0,0.0,1.0,0.0,0.0,1.0,0.1
3936,7,0.2,0.19999999999999998,0.16958010263680803,0.14285714285714285,0.2,0.2857142857142857,0.16326530612244897,0.13743816645714543,0.2857142857142857,0.2
12273,2,0.0,0.0,0.0,0.0,0.0,0.0,0.0,0.0,0.0,0.0
18615,2,0.0,0.0,0.0,0.0,0.0,0.0,0.0,0.0,0.0,0.0
20831,7,0.4,0.3333333333333333,0.31564845247951445,0.2857142857142857,0.4,0.2857142857142857,0.3061224489795918,0.2558209594125083,0.2857142857142857,0.2
7247,9,0.2,0.3333333333333333,0.33916020527361607,0.1111111111111111,0.2,0.1111111111111111,0.18518518518518517,0.23504554941448538,0.1111111111111111,0.1
10652,18,0.4,0.4666666666666666,0.48522855511632257,0.1111111111111111,0.4,0.3,0.36363636363636365,0.3843113526044082,0.16666666666666666,0.3
11852,1,0.0,0.0,0.0,0.0,0.0,0.0,0.0,0.0,0.0,0.0
12034,9,0.2,0.26666666666666666,0.2139862647345275,0.1111111111111111,0.2,0.2222222222222222,0.25925925925925924,0.23202214456934253,0.2222222222222222,0.2
8964,1,0.0,0.0,0.0,0.0,0.0,0.0,0.0,0.0,0.0,0.0
8932,2,0.5,0.4444444444444445,0.3868528072345415,0.5,0.2,0.5,0.4736842105263158,0.3868528072345415,0.5,0.1
5398,5,0.0,0.0,0.0,0.0,0.0,0.0,0.0,0.0,0.0,0.0
384,3,0.0,0.0,0.0,0.0,0.0,0.0,0.0,0.0,0.0,0.0
12435,8,0.0,0.0,0.0,0.0,0.0,0.125,0.09615384615384615,0.0901000086523677,0.125,0.1
4315,30,0.0,0.0,0.0,0.0,0.0,0.1,0.09090909090909091,0.07839826897867533,0.03333333333333333,0.1
21398,11,0.8,0.8666666666666666,0.8539316501572936,0.36363636363636365,0.8,0.4,0.6000000000000001,0.5541432109622958,0.36363636363636365,0.4
19645,4,0.25,0.14285714285714288,0.16812753627111746,0.25,0.2,0.25,0.20588235294117643,0.16812753627111746,0.25,0.1
3831,15,0.2,0.3333333333333333,0.33916020527361607,0.06666666666666667,0.2,0.1,0.18181818181818182,0.22009176629808014,0.06666666666666667,0.1
21677,1,1.0,0.0,0.0,1.0,0.2,1.0,0.0,0.0,1.0,0.1
1354,3,0.3333333333333333,0.33333333333333337,0.29608191096586517,0.3333333333333333,0.2,0.3333333333333333,0.3333333333333333,0.29608191096586517,0.3333333333333333,0.1
22335,1,0.0,0.0,0.0,0.0,0.0,0.0,0.0,0.0,0.0,0.0
21659,4,0.0,0.0,0.0,0.0,0.0,0.0,0.0,0.0,0.0,0.0
5783,7,0.4,0.6,0.5531464700081437,0.2857142857142857,0.4,0.2857142857142857,0.38775510204081626,0.4483039899025303,0.2857142857142857,0.2
19035,10,0.2,0.26666666666666666,0.2139862647345275,0.1,0.2,0.1,0.16363636363636364,0.1388624438735545,0.1,0.1
10597,2,0.5,0.4444444444444445,0.3868528072345415,0.5,0.2,0.5,0.4736842105263158,0.3868528072345415,0.5,0.1
12147,6,0.0,0.0,0.0,0.0,0.0,0.0,0.0,0.0,0.0,0.0
10278,6,0.0,0.0,0.0,0.0,0.0,0.0,0.0,0.0,0.0,0.0
13170,1,0.0,0.0,0.0,0.0,0.0,0.0,0.0,0.0,0.0,0.0
18925,2,0.5,0.5555555555555556,0.6131471927654584,0.5,0.2,0.5,0.5263157894736842,0.6131471927654584,0.5,0.1
8043,32,0.4,0.6,0.5531464700081437,0.0625,0.4,0.2,0.34545454545454546,0.3589542101716347,0.0625,0.2
9710,14,0.6,0.6666666666666666,0.6548086577531306,0.21428571428571427,0.6,0.3,0.45454545454545453,0.424926013816671,0.21428571428571427,0.3
19058,2,0.5,0.0,0.0,0.5,0.2,1.0,0.0,0.0,1.0,0.2
10660,8,0.0,0.0,0.0,0.0,0.0,0.125,0.0,0.0,0.125,0.1
5011,3,0.0,0.0,0.0,0.0,0.0,0.0,0.0,0.0,0.0,0.0
0,6,0.2,0.3333333333333333,0.33916020527361607,0.16666666666666666,0.2,0.16666666666666666,0.2222222222222222,0.30260241349881345,0.16666666666666666,0.1
340,8,0.2,0.3333333333333333,0.33916020527361607,0.125,0.2,0.125,0.1923076923076923,0.2529427027676571,0.125,0.1
2467,9,0.0,0.0,0.0,0.0,0.0,0.0,0.0,0.0,0.0,0.0
10155,12,0.2,0.26666666666666666,0.2139862647345275,0.08333333333333333,0.2,0.1,0.16363636363636364,0.1388624438735545,0.08333333333333333,0.1
14281,3,0.3333333333333333,0.0,0.0,0.3333333333333333,0.2,0.3333333333333333,0.0,0.0,0.3333333333333333,0.1
154,6,0.0,0.0,0.0,0.0,0.0,0.0,0.0,0.0,0.0,0.0
411,9,0.4,0.4666666666666666,0.38356636737133554,0.2222222222222222,0.4,0.2222222222222222,0.3148148148148148,0.26582000527739175,0.2222222222222222,0.2
6484,5,0.2,0.19999999999999998,0.16958010263680803,0.2,0.2,0.2,0.2,0.16958010263680803,0.2,0.1
15070,7,0.2,0.3333333333333333,0.33916020527361607,0.14285714285714285,0.2,0.14285714285714285,0.2040816326530612,0.27487633291429087,0.14285714285714285,0.1
12908,17,0.2,0.26666666666666666,0.2139862647345275,0.058823529411764705,0.2,0.1,0.16363636363636364,0.1388624438735545,0.058823529411764705,0.1
20778,3,0.3333333333333333,0.33333333333333337,0.29608191096586517,0.3333333333333333,0.2,0.3333333333333333,0.3333333333333333,0.29608191096586517,0.3333333333333333,0.1
11436,14,0.2,0.26666666666666666,0.2139862647345275,0.07142857142857142,0.2,0.2,0.21818181818181823,0.20829366581033176,0.14285714285714285,0.2
11131,12,0.0,0.0,0.0,0.0,0.0,0.0,0.0,0.0,0.0,0.0
11451,20,0.4,0.26666666666666666,0.3007851801491498,0.1,0.4,0.3,0.3090909090909091,0.2646202227274383,0.15,0.3
17840,4,0.0,0.0,0.0,0.0,0.0,0.0,0.0,0.0,0.0,0.0
13159,17,0.4,0.3333333333333333,0.34519134224686926,0.11764705882352941,0.4,0.4,0.3818181818181818,0.3636237070689246,0.23529411764705882,0.4
21637,3,0.0,0.0,0.0,0.0,0.0,0.0,0.0,0.0,0.0,0.0
12366,3,0.0,0.0,0.0,0.0,0.0,0.0,0.0,0.0,0.0,0.0
22489,1,1.0,1.0,1.0,1.0,0.2,1.0,1.0,1.0,1.0,0.1
4704,24,0.6,0.6666666666666666,0.6548086577531306,0.125,0.6,0.3,0.45454545454545453,0.424926013816671,0.125,0.3
10167,22,0.2,0.3333333333333333,0.33916020527361607,0.045454545454545456,0.2,0.1,0.18181818181818182,0.22009176629808014,0.045454545454545456,0.1
19598,19,0.2,0.26666666666666666,0.2139862647345275,0.05263157894736842,0.2,0.3,0.2727272727272727,0.2784805894273035,0.15789473684210525,0.3
11496,4,0.0,0.0,0.0,0.0,0.0,0.0,0.0,0.0,0.0,0.0
7459,11,0.0,0.0,0.0,0.0,0.0,0.1,0.07272727272727274,0.07336392209936006,0.09090909090909091,0.1
8616,2,0.0,0.0,0.0,0.0,0.0,0.0,0.0,0.0,0.0,0.0
18341,2,0.0,0.0,0.0,0.0,0.0,0.0,0.0,0.0,0.0,0.0
14689,5,0.2,0.3333333333333333,0.33916020527361607,0.2,0.2,0.2,0.25,0.33916020527361607,0.2,0.1
90,15,0.2,0.19999999999999998,0.16958010263680803,0.06666666666666667,0.2,0.1,0.14545454545454548,0.11004588314904007,0.06666666666666667,0.1
3927,6,0.0,0.0,0.0,0.0,0.0,0.0,0.0,0.0,0.0,0.0
8838,16,0.2,0.3333333333333333,0.33916020527361607,0.0625,0.2,0.3,0.2545454545454545,0.35314377643380906,0.1875,0.3
9328,6,0.2,0.26666666666666666,0.2139862647345275,0.16666666666666666,0.2,0.16666666666666666,0.2,0.1909208661789346,0.16666666666666666,0.1
15349,17,0.2,0.3333333333333333,0.33916020527361607,0.058823529411764705,0.2,0.3,0.23636363636363633,0.3499667779514209,0.17647058823529413,0.3
13226,1,0.0,0.0,0.0,0.0,0.0,0.0,0.0,0.0,0.0,0.0
15869,7,0.4,0.39999999999999997,0.4703652827859578,0.2857142857142857,0.4,0.42857142857142855,0.4081632653061224,0.4728384582492843,0.42857142857142855,0.3
15565,11,0.2,0.3333333333333333,0.33916020527361607,0.09090909090909091,0.2,0.1,0.18181818181818182,0.22009176629808014,0.09090909090909091,0.1
17046,14,0.2,0.19999999999999998,0.16958010263680803,0.07142857142857142,0.2,0.1,0.14545454545454548,0.11004588314904007,0.07142857142857142,0.1
21070,5,0.0,0.0,0.0,0.0,0.0,0.0,0.0,0.0,0.0,0.0
18714,1,0.0,0.0,0.0,0.0,0.0,0.0,0.0,0.0,0.0,0.0
18115,4,0.0,0.0,0.0,0.0,0.0,0.0,0.0,0.0,0.0,0.0
7260,8,0.0,0.0,0.0,0.0,0.0,0.25,0.09615384615384615,0.0901000086523677,0.25,0.2
10617,11,0.0,0.0,0.0,0.0,0.0,0.1,0.09090909090909091,0.07839826897867533,0.09090909090909091,0.1
2555,2,0.0,0.0,0.0,0.0,0.0,0.5,0.0,0.0,0.5,0.1
2959,1,0.0,0.0,0.0,0.0,0.0,0.0,0.0,0.0,0.0,0.0
14695,1,1.0,1.0,1.0,1.0,0.2,1.0,1.0,1.0,1.0,0.1
14391,3,0.6666666666666666,0.25,0.23463936301137822,0.6666666666666666,0.4,0.6666666666666666,0.2962962962962963,0.23463936301137822,0.6666666666666666,0.2
9937,2,0.5,0.5555555555555556,0.6131471927654584,0.5,0.2,0.5,0.5263157894736842,0.6131471927654584,0.5,0.1
20788,4,0.0,0.0,0.0,0.0,0.0,0.0,0.0,0.0,0.0,0.0
16669,12,0.0,0.0,0.0,0.0,0.0,0.0,0.0,0.0,0.0,0.0
6790,9,0.4,0.5333333333333333,0.5087403079104241,0.2222222222222222,0.4,0.2222222222222222,0.3333333333333333,0.352568324121728,0.2222222222222222,0.2
2650,1,0.0,0.0,0.0,0.0,0.0,0.0,0.0,0.0,0.0,0.0
11256,2,0.0,0.0,0.0,0.0,0.0,0.0,0.0,0.0,0.0,0.0
14293,26,0.4,0.4666666666666666,0.48522855511632257,0.07692307692307693,0.4,0.2,0.3090909090909091,0.31488013066763093,0.07692307692307693,0.2
20338,2,0.5,0.4444444444444445,0.3868528072345415,0.5,0.2,0.5,0.4736842105263158,0.3868528072345415,0.5,0.1
21185,11,0.2,0.3333333333333333,0.33916020527361607,0.09090909090909091,0.2,0.1,0.18181818181818182,0.22009176629808014,0.09090909090909091,0.1
15665,3,0.0,0.0,0.0,0.0,0.0,0.3333333333333333,0.0,0.0,0.3333333333333333,0.1
22116,3,0.0,0.0,0.0,0.0,0.0,0.0,0.0,0.0,0.0,0.0
21436,14,0.2,0.3333333333333333,0.33916020527361607,0.07142857142857142,0.2,0.2,0.2727272727272727,0.2984900352767555,0.14285714285714285,0.2
9092,1,0.0,0.0,0.0,0.0,0.0,0.0,0.0,0.0,0.0,0.0
16281,7,0.0,0.0,0.0,0.0,0.0,0.0,0.0,0.0,0.0,0.0
5604,1,1.0,1.0,1.0,1.0,0.2,1.0,1.0,1.0,1.0,0.1
20663,4,0.0,0.0,0.0,0.0,0.0,0.0,0.0,0.0,0.0,0.0
18370,10,0.2,0.06666666666666665,0.13120507751234176,0.1,0.2,0.1,0.10909090909090909,0.08514311764162097,0.1,0.1
734,2,0.5,0.5555555555555556,0.6131471927654584,0.5,0.2,0.5,0.5263157894736842,0.6131471927654584,0.5,0.1
22217,1,0.0,0.0,0.0,0.0,0.0,0.0,0.0,0.0,0.0,0.0
13788,9,0.2,0.3333333333333333,0.33916020527361607,0.1111111111111111,0.2,0.1111111111111111,0.18518518518518517,0.23504554941448538,0.1111111111111111,0.1
4960,22,0.4,0.5333333333333333,0.5087403079104241,0.09090909090909091,0.4,0.4,0.43636363636363634,0.4721567066247472,0.18181818181818182,0.4
4930,5,0.6,0.7333333333333334,0.6992148198508501,0.6,0.6,0.6,0.6499999999999999,0.6992148198508501,0.6,0.3
3462,1,0.0,0.0,0.0,0.0,0.0,0.0,0.0,0.0,0.0,0.0
14199,14,0.0,0.0,0.0,0.0,0.0,0.1,0.09090909090909091,0.07839826897867533,0.07142857142857142,0.1
21154,10,0.2,0.06666666666666665,0.13120507751234176,0.1,0.2,0.3,0.21818181818181823,0.227162174819248,0.3,0.3
21121,6,0.2,0.3333333333333333,0.33916020527361607,0.16666666666666666,0.2,0.16666666666666666,0.2222222222222222,0.30260241349881345,0.16666666666666666,0.1
10347,1,0.0,0.0,0.0,0.0,0.0,0.0,0.0,0.0,0.0,0.0
2606,1,1.0,0.0,0.0,1.0,0.2,1.0,0.0,0.0,1.0,0.1
10675,3,0.0,0.0,0.0,0.0,0.0,0.0,0.0,0.0,0.0,0.0
20754,4,0.25,0.2142857142857143,0.19519002499605081,0.25,0.2,0.25,0.23529411764705882,0.19519002499605081,0.25,0.1
15458,17,0.4,0.6,0.5531464700081437,0.11764705882352941,0.4,0.4,0.39999999999999997,0.4888292218249754,0.23529411764705882,0.4
8987,1,1.0,0.0,0.0,1.0,0.2,1.0,0.0,0.0,1.0,0.1
9648,5,0.0,0.0,0.0,0.0,0.0,0.0,0.0,0.0,0.0,0.0
16084,9,0.0,0.0,0.0,0.0,0.0,0.0,0.0,0.0,0.0,0.0
11749,1,0.0,0.0,0.0,0.0,0.0,0.0,0.0,0.0,0.0,0.0
9298,7,0.0,0.0,0.0,0.0,0.0,0.14285714285714285,0.0,0.0,0.14285714285714285,0.1
18201,2,0.0,0.0,0.0,0.0,0.0,0.0,0.0,0.0,0.0,0.0
2326,20,0.2,0.3333333333333333,0.33916020527361607,0.05,0.2,0.1,0.18181818181818182,0.22009176629808014,0.05,0.1
10045,10,0.2,0.3333333333333333,0.33916020527361607,0.1,0.2,0.1,0.18181818181818182,0.22009176629808014,0.1,0.1
19330,1,0.0,0.0,0.0,0.0,0.0,0.0,0.0,0.0,0.0,0.0
4882,1,0.0,0.0,0.0,0.0,0.0,0.0,0.0,0.0,0.0,0.0
22442,8,0.0,0.0,0.0,0.0,0.0,0.125,0.057692307692307696,0.07979453856244816,0.125,0.1
4000,3,0.0,0.0,0.0,0.0,0.0,0.0,0.0,0.0,0.0,0.0
15125,12,0.0,0.0,0.0,0.0,0.0,0.1,0.07272727272727274,0.07336392209936006,0.08333333333333333,0.1
21075,4,0.0,0.0,0.0,0.0,0.0,0.0,0.0,0.0,0.0,0.0
20893,5,0.0,0.0,0.0,0.0,0.0,0.0,0.0,0.0,0.0,0.0
4556,3,0.3333333333333333,0.33333333333333337,0.29608191096586517,0.3333333333333333,0.2,0.3333333333333333,0.3333333333333333,0.29608191096586517,0.3333333333333333,0.1
20749,21,0.0,0.0,0.0,0.0,0.0,0.0,0.0,0.0,0.0,0.0
12239,1,0.0,0.0,0.0,0.0,0.0,0.0,0.0,0.0,0.0,0.0
5680,3,0.0,0.0,0.0,0.0,0.0,0.0,0.0,0.0,0.0,0.0
3726,6,0.2,0.13333333333333333,0.14606834984270645,0.16666666666666666,0.2,0.16666666666666666,0.15555555555555556,0.13032376591037065,0.16666666666666666,0.1
16865,3,0.0,0.0,0.0,0.0,0.0,0.0,0.0,0.0,0.0,0.0
592,3,0.0,0.0,0.0,0.0,0.0,0.0,0.0,0.0,0.0,0.0
7037,13,0.6,0.6666666666666666,0.6843515475204854,0.23076923076923078,0.6,0.6,0.6545454545454544,0.6621137423456801,0.46153846153846156,0.6
19324,9,0.2,0.06666666666666665,0.13120507751234176,0.1111111111111111,0.2,0.1111111111111111,0.1111111111111111,0.09092803061897882,0.1111111111111111,0.1
15538,2,1.0,0.5555555555555556,0.6131471927654584,1.0,0.4,1.0,0.5263157894736842,0.6131471927654584,1.0,0.2
13708,1,0.0,0.0,0.0,0.0,0.0,0.0,0.0,0.0,0.0,0.0
10260,4,0.0,0.0,0.0,0.0,0.0,0.25,0.0,0.0,0.25,0.1
6103,8,0.2,0.26666666666666666,0.2139862647345275,0.125,0.2,0.125,0.17307692307692307,0.1595890771248963,0.125,0.1
5054,1,0.0,0.0,0.0,0.0,0.0,0.0,0.0,0.0,0.0,0.0
9760,7,0.0,0.0,0.0,0.0,0.0,0.0,0.0,0.0,0.0,0.0
21539,4,0.0,0.0,0.0,0.0,0.0,0.0,0.0,0.0,0.0,0.0
21064,4,0.0,0.0,0.0,0.0,0.0,0.25,0.0,0.0,0.25,0.1
21296,9,0.0,0.0,0.0,0.0,0.0,0.1111111111111111,0.07407407407407407,0.07834851647149513,0.1111111111111111,0.1
21368,6,0.2,0.26666666666666666,0.2139862647345275,0.16666666666666666,0.2,0.16666666666666666,0.2,0.1909208661789346,0.16666666666666666,0.1
19784,6,0.2,0.19999999999999998,0.16958010263680803,0.16666666666666666,0.2,0.16666666666666666,0.17777777777777778,0.15130120674940672,0.16666666666666666,0.1
4764,2,0.5,0.5555555555555556,0.6131471927654584,0.5,0.2,0.5,0.5263157894736842,0.6131471927654584,0.5,0.1
4672,11,0.6,0.6,0.6399453854227659,0.2727272727272727,0.6,0.4,0.45454545454545453,0.4789015552876929,0.36363636363636365,0.4
8079,16,0.4,0.3333333333333333,0.34519134224686926,0.125,0.4,0.3,0.32727272727272727,0.29343678345195273,0.1875,0.3
19533,7,0.0,0.0,0.0,0.0,0.0,0.0,0.0,0.0,0.0,0.0
3285,7,0.4,0.6,0.5531464700081437,0.2857142857142857,0.4,0.2857142857142857,0.38775510204081626,0.4483039899025303,0.2857142857142857,0.2
17365,4,0.0,0.0,0.0,0.0,0.0,0.0,0.0,0.0,0.0,0.0
8296,6,0.2,0.3333333333333333,0.33916020527361607,0.16666666666666666,0.2,0.16666666666666666,0.2222222222222222,0.30260241349881345,0.16666666666666666,0.1
1420,1,0.0,0.0,0.0,0.0,0.0,0.0,0.0,0.0,0.0,0.0
10196,25,0.6,0.39999999999999997,0.4468535299918562,0.12,0.6,0.4,0.41818181818181815,0.3562315886146008,0.16,0.4
15614,4,0.0,0.0,0.0,0.0,0.0,0.0,0.0,0.0,0.0,0.0
17851,20,0.2,0.3333333333333333,0.33916020527361607,0.05,0.2,0.3,0.32727272727272727,0.36792125721353275,0.15,0.3
10562,5,0.2,0.19999999999999998,0.16958010263680803,0.2,0.2,0.2,0.2,0.16958010263680803,0.2,0.1
20276,6,0.0,0.0,0.0,0.0,0.0,0.0,0.0,0.0,0.0,0.0
2862,2,0.5,0.0,0.0,0.5,0.2,0.5,0.0,0.0,0.5,0.1
5524,3,0.0,0.0,0.0,0.0,0.0,0.0,0.0,0.0,0.0,0.0
11812,7,0.2,0.26666666666666666,0.2139862647345275,0.14285714285714285,0.2,0.42857142857142855,0.2857142857142857,0.27134058233820724,0.42857142857142855,0.3
4540,17,0.6,0.5333333333333333,0.5147714448836773,0.17647058823529413,0.6,0.3,0.4181818181818182,0.3340514446642156,0.17647058823529413,0.3
11404,6,0.2,0.26666666666666666,0.2139862647345275,0.16666666666666666,0.2,0.16666666666666666,0.2,0.1909208661789346,0.16666666666666666,0.1
17830,16,0.2,0.06666666666666665,0.13120507751234176,0.0625,0.2,0.1,0.10909090909090909,0.08514311764162097,0.0625,0.1
14873,14,0.2,0.26666666666666666,0.2139862647345275,0.07142857142857142,0.2,0.1,0.16363636363636364,0.1388624438735545,0.07142857142857142,0.1
12347,3,0.3333333333333333,0.0,0.0,0.3333333333333333,0.2,0.3333333333333333,0.0,0.0,0.3333333333333333,0.1
15054,18,0.2,0.13333333333333333,0.14606834984270645,0.05555555555555555,0.2,0.3,0.21818181818181823,0.23177307466786254,0.16666666666666666,0.3
11642,3,0.0,0.0,0.0,0.0,0.0,0.0,0.0,0.0,0.0,0.0
20170,4,0.0,0.0,0.0,0.0,0.0,0.0,0.0,0.0,0.0,0.0
5975,18,0.2,0.3333333333333333,0.33916020527361607,0.05555555555555555,0.2,0.3,0.29090909090909095,0.3621108234757072,0.16666666666666666,0.3
9632,2,0.0,0.0,0.0,0.0,0.0,0.0,0.0,0.0,0.0,0.0
12099,3,0.6666666666666666,0.75,0.7653606369886217,0.6666666666666666,0.4,0.6666666666666666,0.7037037037037036,0.7653606369886217,0.6666666666666666,0.2
13257,10,0.2,0.19999999999999998,0.16958010263680803,0.1,0.2,0.1,0.14545454545454548,0.11004588314904007,0.1,0.1
21820,2,0.0,0.0,0.0,0.0,0.0,0.0,0.0,0.0,0.0,0.0
1786,2,0.5,0.0,0.0,0.5,0.2,0.5,0.0,0.0,0.5,0.1
6007,18,0.4,0.4666666666666666,0.48522855511632257,0.1111111111111111,0.4,0.4,0.4,0.4505655760587972,0.2222222222222222,0.4
13181,17,0.4,0.3333333333333333,0.34519134224686926,0.11764705882352941,0.4,0.2,0.2727272727272727,0.22400556151517548,0.11764705882352941,0.2
2012,12,0.6,0.5333333333333333,0.5147714448836773,0.25,0.6,0.4,0.47272727272727283,0.4034826666009928,0.3333333333333333,0.4
9416,3,0.0,0.0,0.0,0.0,0.0,0.0,0.0,0.0,0.0,0.0
13879,1,0.0,0.0,0.0,0.0,0.0,0.0,0.0,0.0,0.0,0.0
15429,1,0.0,0.0,0.0,0.0,0.0,0.0,0.0,0.0,0.0,0.0
20789,6,0.2,0.3333333333333333,0.33916020527361607,0.16666666666666666,0.2,0.3333333333333333,0.2222222222222222,0.30260241349881345,0.3333333333333333,0.2
6201,6,0.0,0.0,0.0,0.0,0.0,0.0,0.0,0.0,0.0,0.0
3572,3,0.0,0.0,0.0,0.0,0.0,0.3333333333333333,0.0,0.0,0.3333333333333333,0.1
12057,12,0.4,0.4666666666666666,0.38356636737133554,0.16666666666666666,0.4,0.3,0.4,0.3273065960012699,0.25,0.3
20270,14,0.2,0.3333333333333333,0.33916020527361607,0.07142857142857142,0.2,0.1,0.18181818181818182,0.22009176629808014,0.07142857142857142,0.1
20699,19,0.0,0.0,0.0,0.0,0.0,0.0,0.0,0.0,0.0,0.0
22270,1,0.0,0.0,0.0,0.0,0.0,0.0,0.0,0.0,0.0,0.0
1625,11,0.0,0.0,0.0,0.0,0.0,0.0,0.0,0.0,0.0,0.0
2490,5,0.0,0.0,0.0,0.0,0.0,0.0,0.0,0.0,0.0,0.0
17683,3,0.3333333333333333,0.4166666666666667,0.46927872602275644,0.3333333333333333,0.2,0.3333333333333333,0.37037037037037035,0.46927872602275644,0.3333333333333333,0.1
11563,10,0.4,0.6,0.5531464700081437,0.2,0.4,0.3,0.43636363636363634,0.43735247915031,0.3,0.3
14114,27,0.0,0.0,0.0,0.0,0.0,0.0,0.0,0.0,0.0,0.0
16060,11,0.2,0.3333333333333333,0.33916020527361607,0.09090909090909091,0.2,0.2,0.2727272727272727,0.2984900352767555,0.18181818181818182,0.2
1108,1,0.0,0.0,0.0,0.0,0.0,0.0,0.0,0.0,0.0,0.0
8679,1,0.0,0.0,0.0,0.0,0.0,0.0,0.0,0.0,0.0,0.0
7926,3,0.0,0.0,0.0,0.0,0.0,0.0,0.0,0.0,0.0,0.0
3143,1,0.0,0.0,0.0,0.0,0.0,0.0,0.0,0.0,0.0,0.0
122,16,0.2,0.26666666666666666,0.2139862647345275,0.0625,0.2,0.1,0.16363636363636364,0.1388624438735545,0.0625,0.1
13161,19,0.4,0.5333333333333333,0.5087403079104241,0.10526315789473684,0.4,0.2,0.32727272727272727,0.3301376494471202,0.10526315789473684,0.2
5489,4,0.25,0.2142857142857143,0.19519002499605081,0.25,0.2,0.25,0.23529411764705882,0.19519002499605081,0.25,0.1
15621,8,0.4,0.5333333333333333,0.5087403079104241,0.25,0.4,0.25,0.34615384615384615,0.37941405415148566,0.25,0.2
14819,1,0.0,0.0,0.0,0.0,0.0,0.0,0.0,0.0,0.0,0.0
1791,3,0.0,0.0,0.0,0.0,0.0,0.0,0.0,0.0,0.0,0.0
6705,4,0.0,0.0,0.0,0.0,0.0,0.0,0.0,0.0,0.0,0.0
15007,18,0.4,0.6,0.5531464700081437,0.1111111111111111,0.4,0.2,0.34545454545454546,0.3589542101716347,0.1111111111111111,0.2
22330,1,0.0,0.0,0.0,0.0,0.0,0.0,0.0,0.0,0.0,0.0
8106,3,0.0,0.0,0.0,0.0,0.0,0.0,0.0,0.0,0.0,0.0
10646,10,0.4,0.4666666666666666,0.38356636737133554,0.2,0.4,0.2,0.30909090909090914,0.24890832702259458,0.2,0.2
15969,15,0.2,0.13333333333333333,0.14606834984270645,0.06666666666666667,0.2,0.2,0.21818181818181817,0.1731866333482261,0.13333333333333333,0.2
13809,16,0.6,0.7999999999999999,0.7227265726449518,0.1875,0.6,0.3,0.49090909090909096,0.46900009332067477,0.1875,0.3
5330,10,0.2,0.26666666666666666,0.2139862647345275,0.1,0.2,0.2,0.2545454545454545,0.21726071285222984,0.2,0.2
12205,6,0.2,0.3333333333333333,0.33916020527361607,0.16666666666666666,0.2,0.16666666666666666,0.2222222222222222,0.30260241349881345,0.16666666666666666,0.1
18800,5,0.0,0.0,0.0,0.0,0.0,0.0,0.0,0.0,0.0,0.0
20438,18,0.0,0.0,0.0,0.0,0.0,0.2,0.10909090909090909,0.14201905717762703,0.1111111111111111,0.2
3215,3,0.0,0.0,0.0,0.0,0.0,0.0,0.0,0.0,0.0,0.0
9606,11,0.2,0.26666666666666666,0.2139862647345275,0.09090909090909091,0.2,0.1,0.16363636363636364,0.1388624438735545,0.09090909090909091,0.1
146,3,0.0,0.0,0.0,0.0,0.0,0.0,0.0,0.0,0.0,0.0
20051,3,0.0,0.0,0.0,0.0,0.0,0.0,0.0,0.0,0.0,0.0
10028,2,0.0,0.0,0.0,0.0,0.0,0.0,0.0,0.0,0.0,0.0
8268,2,0.5,0.0,0.0,0.5,0.2,0.5,0.0,0.0,0.5,0.1
15769,12,0.4,0.6,0.5531464700081437,0.16666666666666666,0.4,0.2,0.34545454545454546,0.3589542101716347,0.16666666666666666,0.2
6626,1,0.0,0.0,0.0,0.0,0.0,0.0,0.0,0.0,0.0,0.0
8791,11,0.2,0.13333333333333333,0.14606834984270645,0.09090909090909091,0.2,0.2,0.1636363636363636,0.16104258782393982,0.18181818181818182,0.2
16777,2,0.0,0.0,0.0,0.0,0.0,0.0,0.0,0.0,0.0,0.0
4678,1,0.0,0.0,0.0,0.0,0.0,0.0,0.0,0.0,0.0,0.0
19242,17,0.4,0.4666666666666666,0.38356636737133554,0.11764705882352941,0.4,0.2,0.30909090909090914,0.24890832702259458,0.11764705882352941,0.2
10243,4,0.0,0.0,0.0,0.0,0.0,0.0,0.0,0.0,0.0,0.0
876,9,0.0,0.0,0.0,0.0,0.0,0.0,0.0,0.0,0.0,0.0
19657,20,0.2,0.3333333333333333,0.33916020527361607,0.05,0.2,0.1,0.18181818181818182,0.22009176629808014,0.05,0.1
1125,8,0.0,0.0,0.0,0.0,0.0,0.0,0.0,0.0,0.0,0.0
16437,4,0.0,0.0,0.0,0.0,0.0,0.0,0.0,0.0,0.0,0.0
14087,6,0.2,0.3333333333333333,0.33916020527361607,0.16666666666666666,0.2,0.3333333333333333,0.2222222222222222,0.30260241349881345,0.3333333333333333,0.2
721,3,0.0,0.0,0.0,0.0,0.0,0.0,0.0,0.0,0.0,0.0
18014,4,0.0,0.0,0.0,0.0,0.0,0.0,0.0,0.0,0.0,0.0
8046,6,0.0,0.0,0.0,0.0,0.0,0.0,0.0,0.0,0.0,0.0
1961,2,0.0,0.0,0.0,0.0,0.0,0.0,0.0,0.0,0.0,0.0
440,2,0.0,0.0,0.0,0.0,0.0,0.0,0.0,0.0,0.0,0.0
1441,9,0.4,0.3333333333333333,0.31564845247951445,0.2222222222222222,0.4,0.2222222222222222,0.27777777777777773,0.21875138291954285,0.2222222222222222,0.2
8327,1,0.0,0.0,0.0,0.0,0.0,0.0,0.0,0.0,0.0,0.0
6608,4,0.25,0.28571428571428575,0.2463023887407299,0.25,0.2,0.25,0.2647058823529412,0.2463023887407299,0.25,0.1
8301,17,0.2,0.06666666666666665,0.13120507751234176,0.058823529411764705,0.2,0.1,0.10909090909090909,0.08514311764162097,0.058823529411764705,0.1
21526,1,1.0,0.0,0.0,1.0,0.2,1.0,0.0,0.0,1.0,0.1
11726,12,0.2,0.26666666666666666,0.2139862647345275,0.08333333333333333,0.2,0.1,0.16363636363636364,0.1388624438735545,0.08333333333333333,0.1
5914,7,0.0,0.0,0.0,0.0,0.0,0.0,0.0,0.0,0.0,0.0
1297,2,0.0,0.0,0.0,0.0,0.0,0.5,0.0,0.0,0.5,0.1
22399,1,0.0,0.0,0.0,0.0,0.0,0.0,0.0,0.0,0.0,0.0
15756,1,0.0,0.0,0.0,0.0,0.0,1.0,0.0,0.0,1.0,0.1
5891,1,0.0,0.0,0.0,0.0,0.0,0.0,0.0,0.0,0.0,0.0
12133,3,0.0,0.0,0.0,0.0,0.0,0.3333333333333333,0.0,0.0,0.3333333333333333,0.1
16889,8,0.0,0.0,0.0,0.0,0.0,0.25,0.15384615384615385,0.16989454721481584,0.25,0.2
1048,1,0.0,0.0,0.0,0.0,0.0,0.0,0.0,0.0,0.0,0.0
1703,5,0.0,0.0,0.0,0.0,0.0,0.0,0.0,0.0,0.0,0.0
11281,1,0.0,0.0,0.0,0.0,0.0,0.0,0.0,0.0,0.0,0.0
8933,36,0.0,0.0,0.0,0.0,0.0,0.0,0.0,0.0,0.0,0.0
1929,3,0.0,0.0,0.0,0.0,0.0,0.0,0.0,0.0,0.0,0.0
18587,1,0.0,0.0,0.0,0.0,0.0,0.0,0.0,0.0,0.0,0.0
3677,4,0.25,0.35714285714285715,0.39038004999210163,0.25,0.2,0.25,0.2941176470588235,0.39038004999210163,0.25,0.1
6934,7,0.0,0.0,0.0,0.0,0.0,0.14285714285714285,0.1020408163265306,0.0979129253499678,0.14285714285714285,0.1
7586,2,0.5,0.0,0.0,0.5,0.2,0.5,0.0,0.0,0.5,0.1
5123,7,0.2,0.3333333333333333,0.33916020527361607,0.14285714285714285,0.2,0.14285714285714285,0.2040816326530612,0.27487633291429087,0.14285714285714285,0.1
13633,5,0.0,0.0,0.0,0.0,0.0,0.2,0.0,0.0,0.2,0.1
20252,1,0.0,0.0,0.0,0.0,0.0,0.0,0.0,0.0,0.0,0.0
16571,12,0.2,0.26666666666666666,0.2139862647345275,0.08333333333333333,0.2,0.1,0.16363636363636364,0.1388624438735545,0.08333333333333333,0.1
20,8,0.2,0.3333333333333333,0.33916020527361607,0.125,0.2,0.125,0.1923076923076923,0.2529427027676571,0.125,0.1
18027,14,0.0,0.0,0.0,0.0,0.0,0.1,0.05454545454545456,0.06943122193677725,0.07142857142857142,0.1
11555,20,0.2,0.3333333333333333,0.33916020527361607,0.05,0.2,0.1,0.18181818181818182,0.22009176629808014,0.05,0.1
850,9,0.4,0.39999999999999997,0.4703652827859578,0.2222222222222222,0.4,0.2222222222222222,0.2962962962962963,0.32597358003346416,0.2222222222222222,0.2
21483,7,0.0,0.0,0.0,0.0,0.0,0.14285714285714285,0.0,0.0,0.14285714285714285,0.1
1554,6,0.2,0.26666666666666666,0.2139862647345275,0.16666666666666666,0.2,0.3333333333333333,0.2,0.1909208661789346,0.3333333333333333,0.2
3881,3,0.0,0.0,0.0,0.0,0.0,0.0,0.0,0.0,0.0,0.0
11417,1,0.0,0.0,0.0,0.0,0.0,0.0,0.0,0.0,0.0,0.0
20905,1,0.0,0.0,0.0,0.0,0.0,0.0,0.0,0.0,0.0,0.0
18279,6,0.0,0.0,0.0,0.0,0.0,0.16666666666666666,0.1111111111111111,0.10778915452451095,0.16666666666666666,0.1
21927,4,0.0,0.0,0.0,0.0,0.0,0.0,0.0,0.0,0.0,0.0
21473,4,0.0,0.0,0.0,0.0,0.0,0.25,0.0,0.0,0.25,0.1
10350,24,0.2,0.3333333333333333,0.33916020527361607,0.041666666666666664,0.2,0.2,0.21818181818181817,0.28634598975246917,0.08333333333333333,0.2
6251,3,0.0,0.0,0.0,0.0,0.0,0.0,0.0,0.0,0.0,0.0
2813,5,0.0,0.0,0.0,0.0,0.0,0.0,0.0,0.0,0.0,0.0
5703,4,0.0,0.0,0.0,0.0,0.0,0.0,0.0,0.0,0.0,0.0
4573,9,0.0,0.0,0.0,0.0,0.0,0.0,0.0,0.0,0.0,0.0
20750,6,0.0,0.0,0.0,0.0,0.0,0.0,0.0,0.0,0.0,0.0
9460,15,0.0,0.0,0.0,0.0,0.0,0.1,0.036363636363636355,0.06625422345438903,0.06666666666666667,0.1
3981,5,0.2,0.3333333333333333,0.33916020527361607,0.2,0.2,0.2,0.25,0.33916020527361607,0.2,0.1
9745,19,0.0,0.0,0.0,0.0,0.0,0.0,0.0,0.0,0.0,0.0
6446,8,0.0,0.0,0.0,0.0,0.0,0.125,0.07692307692307693,0.08431423425588572,0.125,0.1
10531,3,0.0,0.0,0.0,0.0,0.0,0.0,0.0,0.0,0.0,0.0
12666,5,0.2,0.19999999999999998,0.16958010263680803,0.2,0.2,0.4,0.2,0.16958010263680803,0.4,0.2
12625,6,0.0,0.0,0.0,0.0,0.0,0.0,0.0,0.0,0.0,0.0
1139,7,0.0,0.0,0.0,0.0,0.0,0.0,0.0,0.0,0.0,0.0
7214,4,0.0,0.0,0.0,0.0,0.0,0.0,0.0,0.0,0.0,0.0
22362,5,0.0,0.0,0.0,0.0,0.0,0.0,0.0,0.0,0.0,0.0
4546,1,0.0,0.0,0.0,0.0,0.0,0.0,0.0,0.0,0.0,0.0
21040,5,0.0,0.0,0.0,0.0,0.0,0.0,0.0,0.0,0.0,0.0
17215,4,0.0,0.0,0.0,0.0,0.0,0.0,0.0,0.0,0.0,0.0
1833,1,0.0,0.0,0.0,0.0,0.0,0.0,0.0,0.0,0.0,0.0
5103,9,0.4,0.6,0.5531464700081437,0.2222222222222222,0.4,0.2222222222222222,0.3518518518518518,0.38334277998463445,0.2222222222222222,0.2
4768,1,0.0,0.0,0.0,0.0,0.0,0.0,0.0,0.0,0.0,0.0
7753,15,0.0,0.0,0.0,0.0,0.0,0.0,0.0,0.0,0.0,0.0
3,7,0.2,0.19999999999999998,0.16958010263680803,0.14285714285714285,0.2,0.14285714285714285,0.16326530612244897,0.13743816645714543,0.14285714285714285,0.1
4014,2,0.0,0.0,0.0,0.0,0.0,0.0,0.0,0.0,0.0,0.0
4286,8,0.0,0.0,0.0,0.0,0.0,0.0,0.0,0.0,0.0,0.0
9289,4,0.25,0.28571428571428575,0.2463023887407299,0.25,0.2,0.5,0.2647058823529412,0.2463023887407299,0.5,0.2
4336,1,0.0,0.0,0.0,0.0,0.0,0.0,0.0,0.0,0.0,0.0
13307,5,0.2,0.3333333333333333,0.33916020527361607,0.2,0.2,0.2,0.25,0.33916020527361607,0.2,0.1
4264,14,0.4,0.5333333333333333,0.5087403079104241,0.14285714285714285,0.4,0.2,0.32727272727272727,0.3301376494471202,0.14285714285714285,0.2
11225,5,0.2,0.3333333333333333,0.33916020527361607,0.2,0.2,0.2,0.25,0.33916020527361607,0.2,0.1
14942,3,0.0,0.0,0.0,0.0,0.0,0.0,0.0,0.0,0.0,0.0
14586,18,0.4,0.39999999999999997,0.4703652827859578,0.1111111111111111,0.4,0.2,0.29090909090909095,0.3052348839397011,0.1111111111111111,0.2
11249,1,0.0,0.0,0.0,0.0,0.0,0.0,0.0,0.0,0.0,0.0
21354,2,0.5,0.5555555555555556,0.6131471927654584,0.5,0.2,0.5,0.5263157894736842,0.6131471927654584,0.5,0.1
15175,4,0.0,0.0,0.0,0.0,0.0,0.0,0.0,0.0,0.0,0.0
9772,2,0.0,0.0,0.0,0.0,0.0,0.0,0.0,0.0,0.0,0.0
21701,9,0.0,0.0,0.0,0.0,0.0,0.1111111111111111,0.05555555555555556,0.07414861528507453,0.1111111111111111,0.1
4900,9,0.2,0.06666666666666665,0.13120507751234176,0.1111111111111111,0.2,0.2222222222222222,0.20370370370370372,0.1746529446181723,0.2222222222222222,0.2
5969,1,0.0,0.0,0.0,0.0,0.0,0.0,0.0,0.0,0.0,0.0
3949,1,0.0,0.0,0.0,0.0,0.0,0.0,0.0,0.0,0.0,0.0
12696,2,0.0,0.0,0.0,0.0,0.0,0.0,0.0,0.0,0.0,0.0
572,10,0.4,0.4000000000000001,0.3600546145772339,0.2,0.4,0.4,0.38181818181818183,0.370635518541417,0.4,0.4
5382,1,0.0,0.0,0.0,0.0,0.0,0.0,0.0,0.0,0.0,0.0
10001,3,0.3333333333333333,0.33333333333333337,0.29608191096586517,0.3333333333333333,0.2,0.3333333333333333,0.3333333333333333,0.29608191096586517,0.3333333333333333,0.1
15629,2,0.0,0.0,0.0,0.0,0.0,0.0,0.0,0.0,0.0,0.0
10177,13,0.4,0.4000000000000001,0.3600546145772339,0.15384615384615385,0.4,0.3,0.30909090909090914,0.2972715964420569,0.23076923076923078,0.3
18707,11,0.2,0.3333333333333333,0.33916020527361607,0.09090909090909091,0.2,0.1,0.18181818181818182,0.22009176629808014,0.09090909090909091,0.1
21409,2,0.0,0.0,0.0,0.0,0.0,0.0,0.0,0.0,0.0,0.0
13430,2,0.0,0.0,0.0,0.0,0.0,0.0,0.0,0.0,0.0,0.0
20670,7,0.0,0.0,0.0,0.0,0.0,0.0,0.0,0.0,0.0,0.0
20118,1,0.0,0.0,0.0,0.0,0.0,0.0,0.0,0.0,0.0,0.0
6179,19,0.2,0.19999999999999998,0.16958010263680803,0.05263157894736842,0.2,0.1,0.14545454545454548,0.11004588314904007,0.05263157894736842,0.1
14614,19,0.4,0.4666666666666666,0.48522855511632257,0.10526315789473684,0.4,0.4,0.45454545454545453,0.46270962158308354,0.21052631578947367,0.4
9410,15,0.4,0.6,0.5531464700081437,0.13333333333333333,0.4,0.2,0.34545454545454546,0.3589542101716347,0.13333333333333333,0.2
5349,4,0.0,0.0,0.0,0.0,0.0,0.0,0.0,0.0,0.0,0.0
15083,3,0.3333333333333333,0.25,0.23463936301137822,0.3333333333333333,0.2,0.3333333333333333,0.2962962962962963,0.23463936301137822,0.3333333333333333,0.1
18133,15,0.2,0.06666666666666665,0.13120507751234176,0.06666666666666667,0.2,0.1,0.10909090909090909,0.08514311764162097,0.06666666666666667,0.1
1011,2,0.0,0.0,0.0,0.0,0.0,0.0,0.0,0.0,0.0,0.0
10695,3,0.3333333333333333,0.0,0.0,0.3333333333333333,0.2,0.6666666666666666,0.0,0.0,0.6666666666666666,0.2
14375,4,0.0,0.0,0.0,0.0,0.0,0.0,0.0,0.0,0.0,0.0
7290,6,0.0,0.0,0.0,0.0,0.0,0.0,0.0,0.0,0.0,0.0
5456,1,0.0,0.0,0.0,0.0,0.0,0.0,0.0,0.0,0.0,0.0
15265,5,0.0,0.0,0.0,0.0,0.0,0.0,0.0,0.0,0.0,0.0
3045,13,0.4,0.6,0.5531464700081437,0.15384615384615385,0.4,0.3,0.41818181818181815,0.43231813227099475,0.23076923076923078,0.3
2776,2,0.0,0.0,0.0,0.0,0.0,0.0,0.0,0.0,0.0,0.0
16327,14,0.2,0.19999999999999998,0.16958010263680803,0.07142857142857142,0.2,0.3,0.21818181818181823,0.24309789328476902,0.21428571428571427,0.3
13475,7,0.0,0.0,0.0,0.0,0.0,0.0,0.0,0.0,0.0,0.0
13035,6,0.0,0.0,0.0,0.0,0.0,0.0,0.0,0.0,0.0,0.0
21426,5,0.0,0.0,0.0,0.0,0.0,0.0,0.0,0.0,0.0,0.0
21333,5,0.2,0.26666666666666666,0.2139862647345275,0.2,0.2,0.2,0.225,0.2139862647345275,0.2,0.1
11922,1,0.0,0.0,0.0,0.0,0.0,0.0,0.0,0.0,0.0,0.0
19047,2,0.0,0.0,0.0,0.0,0.0,0.0,0.0,0.0,0.0,0.0
8829,1,0.0,0.0,0.0,0.0,0.0,0.0,0.0,0.0,0.0,0.0
8380,18,0.0,0.0,0.0,0.0,0.0,0.0,0.0,0.0,0.0,0.0
12431,21,0.2,0.26666666666666666,0.2139862647345275,0.047619047619047616,0.2,0.3,0.2727272727272727,0.28088150105118154,0.14285714285714285,0.3
13328,2,0.0,0.0,0.0,0.0,0.0,0.0,0.0,0.0,0.0,0.0
20809,14,0.0,0.0,0.0,0.0,0.0,0.0,0.0,0.0,0.0,0.0
6674,10,0.2,0.26666666666666666,0.2139862647345275,0.1,0.2,0.1,0.16363636363636364,0.1388624438735545,0.1,0.1
13369,4,0.0,0.0,0.0,0.0,0.0,0.0,0.0,0.0,0.0,0.0
10193,3,0.0,0.0,0.0,0.0,0.0,0.0,0.0,0.0,0.0,0.0
14688,9,0.2,0.3333333333333333,0.33916020527361607,0.1111111111111111,0.2,0.2222222222222222,0.25925925925925924,0.3133940658859805,0.2222222222222222,0.2
7505,13,0.4,0.6,0.5531464700081437,0.15384615384615385,0.4,0.2,0.34545454545454546,0.3589542101716347,0.15384615384615385,0.2
9380,7,0.2,0.13333333333333333,0.14606834984270645,0.14285714285714285,0.2,0.14285714285714285,0.14285714285714285,0.11838279295536291,0.14285714285714285,0.1
1986,8,0.2,0.06666666666666665,0.13120507751234176,0.125,0.2,0.25,0.11538461538461538,0.09785159463516041,0.25,0.2
11574,2,0.0,0.0,0.0,0.0,0.0,0.0,0.0,0.0,0.0,0.0
13941,4,0.0,0.0,0.0,0.0,0.0,0.0,0.0,0.0,0.0,0.0
16251,1,0.0,0.0,0.0,0.0,0.0,0.0,0.0,0.0,0.0,0.0
21268,2,0.0,0.0,0.0,0.0,0.0,0.0,0.0,0.0,0.0,0.0
88,2,0.0,0.0,0.0,0.0,0.0,0.0,0.0,0.0,0.0,0.0
6978,18,0.0,0.0,0.0,0.0,0.0,0.0,0.0,0.0,0.0,0.0
1950,5,0.2,0.26666666666666666,0.2139862647345275,0.2,0.2,0.2,0.225,0.2139862647345275,0.2,0.1
15051,10,0.6,0.7999999999999999,0.7227265726449518,0.3,0.6,0.3,0.49090909090909096,0.46900009332067477,0.3,0.3
7523,12,0.0,0.0,0.0,0.0,0.0,0.0,0.0,0.0,0.0,0.0
140,3,0.0,0.0,0.0,0.0,0.0,0.0,0.0,0.0,0.0,0.0
4667,27,0.2,0.26666666666666666,0.2139862647345275,0.037037037037037035,0.2,0.3,0.2727272727272727,0.2784805894273035,0.1111111111111111,0.3
21341,2,0.0,0.0,0.0,0.0,0.0,0.0,0.0,0.0,0.0,0.0
14472,5,0.0,0.0,0.0,0.0,0.0,0.0,0.0,0.0,0.0,0.0
1050,1,0.0,0.0,0.0,0.0,0.0,0.0,0.0,0.0,0.0,0.0
2610,22,0.4,0.39999999999999997,0.4703652827859578,0.09090909090909091,0.4,0.2,0.29090909090909095,0.3052348839397011,0.09090909090909091,0.2
16536,6,0.0,0.0,0.0,0.0,0.0,0.16666666666666666,0.0,0.0,0.16666666666666666,0.1
22207,3,0.3333333333333333,0.4166666666666667,0.46927872602275644,0.3333333333333333,0.2,0.3333333333333333,0.37037037037037035,0.46927872602275644,0.3333333333333333,0.1
16374,14,0.4,0.4666666666666666,0.38356636737133554,0.14285714285714285,0.4,0.3,0.38181818181818183,0.3222722491219546,0.21428571428571427,0.3
19063,26,0.4,0.3333333333333333,0.34519134224686926,0.07692307692307693,0.4,0.2,0.2727272727272727,0.22400556151517548,0.07692307692307693,0.2
3433,12,0.0,0.0,0.0,0.0,0.0,0.0,0.0,0.0,0.0,0.0
13733,1,1.0,0.0,0.0,1.0,0.2,1.0,0.0,0.0,1.0,0.1
9869,3,0.3333333333333333,0.4166666666666667,0.46927872602275644,0.3333333333333333,0.2,0.3333333333333333,0.37037037037037035,0.46927872602275644,0.3333333333333333,0.1
19086,1,0.0,0.0,0.0,0.0,0.0,0.0,0.0,0.0,0.0,0.0
11553,10,0.0,0.0,0.0,0.0,0.0,0.1,0.05454545454545456,0.06943122193677725,0.1,0.1
1289,4,0.25,0.35714285714285715,0.39038004999210163,0.25,0.2,0.25,0.2941176470588235,0.39038004999210163,0.25,0.1
20206,3,0.0,0.0,0.0,0.0,0.0,0.0,0.0,0.0,0.0,0.0
22154,3,0.0,0.0,0.0,0.0,0.0,0.0,0.0,0.0,0.0,0.0
1517,6,0.2,0.13333333333333333,0.14606834984270645,0.16666666666666666,0.2,0.16666666666666666,0.15555555555555556,0.13032376591037065,0.16666666666666666,0.1
17695,4,0.0,0.0,0.0,0.0,0.0,0.0,0.0,0.0,0.0,0.0
6805,3,0.0,0.0,0.0,0.0,0.0,0.0,0.0,0.0,0.0,0.0
12144,20,0.4,0.3333333333333333,0.31564845247951445,0.1,0.4,0.2,0.2727272727272727,0.20483424751859083,0.1,0.2
7279,3,0.0,0.0,0.0,0.0,0.0,0.0,0.0,0.0,0.0,0.0
8824,9,0.2,0.3333333333333333,0.33916020527361607,0.1111111111111111,0.2,0.1111111111111111,0.18518518518518517,0.23504554941448538,0.1111111111111111,0.1
10535,7,0.0,0.0,0.0,0.0,0.0,0.0,0.0,0.0,0.0,0.0
7337,2,0.0,0.0,0.0,0.0,0.0,0.0,0.0,0.0,0.0,0.0
20563,6,0.0,0.0,0.0,0.0,0.0,0.0,0.0,0.0,0.0,0.0
8944,3,0.0,0.0,0.0,0.0,0.0,0.0,0.0,0.0,0.0,0.0
17771,7,0.0,0.0,0.0,0.0,0.0,0.42857142857142855,0.0,0.0,0.42857142857142855,0.3
4054,13,0.2,0.06666666666666665,0.13120507751234176,0.07692307692307693,0.2,0.2,0.18181818181818182,0.15850703974098102,0.15384615384615385,0.2
19465,1,0.0,0.0,0.0,0.0,0.0,0.0,0.0,0.0,0.0,0.0
16082,17,0.2,0.19999999999999998,0.16958010263680803,0.058823529411764705,0.2,0.2,0.18181818181818182,0.1763001066034291,0.11764705882352941,0.2
4195,27,0.6,0.7999999999999999,0.7227265726449518,0.1111111111111111,0.6,0.4,0.5454545454545454,0.538431315257452,0.14814814814814814,0.4
18844,5,0.2,0.3333333333333333,0.33916020527361607,0.2,0.2,0.2,0.25,0.33916020527361607,0.2,0.1
12855,2,0.0,0.0,0.0,0.0,0.0,0.0,0.0,0.0,0.0,0.0
8074,1,0.0,0.0,0.0,0.0,0.0,0.0,0.0,0.0,0.0,0.0
21772,1,0.0,0.0,0.0,0.0,0.0,0.0,0.0,0.0,0.0,0.0
12517,15,0.0,0.0,0.0,0.0,0.0,0.1,0.018181818181818177,0.0636207881989517,0.06666666666666667,0.1
13981,9,0.0,0.0,0.0,0.0,0.0,0.1111111111111111,0.03703703703703703,0.0707557607210806,0.1111111111111111,0.1
16373,2,0.0,0.0,0.0,0.0,0.0,0.0,0.0,0.0,0.0,0.0
15402,1,0.0,0.0,0.0,0.0,0.0,0.0,0.0,0.0,0.0,0.0
22428,7,0.2,0.13333333333333333,0.14606834984270645,0.14285714285714285,0.2,0.14285714285714285,0.14285714285714285,0.11838279295536291,0.14285714285714285,0.1
20431,6,0.4,0.6,0.5531464700081437,0.3333333333333333,0.4,0.3333333333333333,0.4222222222222222,0.4935232796777481,0.3333333333333333,0.2
2252,8,0.0,0.0,0.0,0.0,0.0,0.25,0.13461538461538464,0.1641087728183339,0.25,0.2
2317,4,0.0,0.0,0.0,0.0,0.0,0.0,0.0,0.0,0.0,0.0
11657,38,0.0,0.0,0.0,0.0,0.0,0.0,0.0,0.0,0.0,0.0
17572,7,0.0,0.0,0.0,0.0,0.0,0.14285714285714285,0.0,0.0,0.14285714285714285,0.1
9217,1,0.0,0.0,0.0,0.0,0.0,0.0,0.0,0.0,0.0,0.0
1351,3,0.0,0.0,0.0,0.0,0.0,0.0,0.0,0.0,0.0,0.0
11651,20,0.4,0.5333333333333333,0.5087403079104241,0.1,0.4,0.4,0.4,0.46318965958284913,0.2,0.4
12894,27,0.6,0.46666666666666673,0.4912596920895757,0.1111111111111111,0.6,0.4,0.4727272727272727,0.3921578479840863,0.14814814814814814,0.4
15723,3,0.3333333333333333,0.33333333333333337,0.29608191096586517,0.3333333333333333,0.2,0.6666666666666666,0.3333333333333333,0.29608191096586517,0.6666666666666666,0.2
12232,26,0.6,0.6,0.529634717214042,0.11538461538461539,0.6,0.5,0.5272727272727273,0.48068140169045714,0.19230769230769232,0.5
13083,6,0.0,0.0,0.0,0.0,0.0,0.16666666666666666,0.0,0.0,0.16666666666666666,0.1
13059,16,0.0,0.0,0.0,0.0,0.0,0.1,0.036363636363636355,0.06625422345438903,0.0625,0.1
2961,6,0.2,0.3333333333333333,0.33916020527361607,0.16666666666666666,0.2,0.16666666666666666,0.2222222222222222,0.30260241349881345,0.16666666666666666,0.1
22380,18,0.2,0.26666666666666666,0.2139862647345275,0.05555555555555555,0.2,0.2,0.21818181818181823,0.20829366581033176,0.1111111111111111,0.2
3038,12,0.2,0.26666666666666666,0.2139862647345275,0.08333333333333333,0.2,0.1,0.16363636363636364,0.1388624438735545,0.08333333333333333,0.1
8426,2,0.0,0.0,0.0,0.0,0.0,0.0,0.0,0.0,0.0,0.0
21958,3,0.3333333333333333,0.4166666666666667,0.46927872602275644,0.3333333333333333,0.2,0.3333333333333333,0.37037037037037035,0.46927872602275644,0.3333333333333333,0.1
10721,6,0.0,0.0,0.0,0.0,0.0,0.0,0.0,0.0,0.0,0.0
21597,10,0.2,0.3333333333333333,0.33916020527361607,0.1,0.2,0.1,0.18181818181818182,0.22009176629808014,0.1,0.1
18964,24,0.2,0.06666666666666665,0.13120507751234176,0.041666666666666664,0.2,0.1,0.10909090909090909,0.08514311764162097,0.041666666666666664,0.1
9151,4,0.0,0.0,0.0,0.0,0.0,0.25,0.0,0.0,0.25,0.1
3931,12,0.4,0.6,0.5531464700081437,0.16666666666666666,0.4,0.2,0.34545454545454546,0.3589542101716347,0.16666666666666666,0.2
18140,18,0.4,0.4000000000000001,0.3600546145772339,0.1111111111111111,0.4,0.2,0.29090909090909095,0.23365080824310527,0.1111111111111111,0.2
22486,4,0.0,0.0,0.0,0.0,0.0,0.25,0.0,0.0,0.25,0.1
2100,2,0.0,0.0,0.0,0.0,0.0,0.0,0.0,0.0,0.0,0.0
10705,1,1.0,1.0,1.0,1.0,0.2,1.0,1.0,1.0,1.0,0.1
16576,21,0.2,0.13333333333333333,0.14606834984270645,0.047619047619047616,0.2,0.2,0.2,0.16815228646891084,0.09523809523809523,0.2
12763,3,0.3333333333333333,0.33333333333333337,0.29608191096586517,0.3333333333333333,0.2,0.3333333333333333,0.3333333333333333,0.29608191096586517,0.3333333333333333,0.1
13240,10,0.4,0.5333333333333333,0.5087403079104241,0.2,0.4,0.4,0.45454545454545453,0.47479014188018454,0.4,0.4
18556,5,0.0,0.0,0.0,0.0,0.0,0.0,0.0,0.0,0.0,0.0
7173,8,0.2,0.26666666666666666,0.2139862647345275,0.125,0.2,0.125,0.17307692307692307,0.1595890771248963,0.125,0.1
20678,1,0.0,0.0,0.0,0.0,0.0,0.0,0.0,0.0,0.0,0.0
11509,11,0.6,0.5333333333333333,0.6164336326286642,0.2727272727272727,0.6,0.4,0.43636363636363634,0.46364403650820357,0.36363636363636365,0.4
7720,15,0.4,0.3333333333333333,0.34519134224686926,0.13333333333333333,0.4,0.2,0.2727272727272727,0.22400556151517548,0.13333333333333333,0.2
3698,14,0.4,0.6,0.5531464700081437,0.14285714285714285,0.4,0.2,0.34545454545454546,0.3589542101716347,0.14285714285714285,0.2
14995,2,0.0,0.0,0.0,0.0,0.0,0.0,0.0,0.0,0.0,0.0
21712,6,0.0,0.0,0.0,0.0,0.0,0.0,0.0,0.0,0.0,0.0
1380,12,0.0,0.0,0.0,0.0,0.0,0.0,0.0,0.0,0.0,0.0
19009,11,0.2,0.19999999999999998,0.16958010263680803,0.09090909090909091,0.2,0.1,0.14545454545454548,0.11004588314904007,0.09090909090909091,0.1
7503,2,0.0,0.0,0.0,0.0,0.0,0.0,0.0,0.0,0.0,0.0
8080,13,0.2,0.13333333333333333,0.14606834984270645,0.07692307692307693,0.2,0.1,0.12727272727272726,0.09478836436955078,0.07692307692307693,0.1
2406,1,0.0,0.0,0.0,0.0,0.0,0.0,0.0,0.0,0.0,0.0
11082,7,0.4,0.5333333333333333,0.5087403079104241,0.2857142857142857,0.4,0.2857142857142857,0.36734693877551017,0.4123144993714362,0.2857142857142857,0.2
5869,3,0.3333333333333333,0.0,0.0,0.3333333333333333,0.2,0.3333333333333333,0.0,0.0,0.3333333333333333,0.1
20690,25,0.2,0.19999999999999998,0.16958010263680803,0.04,0.2,0.1,0.14545454545454548,0.11004588314904007,0.04,0.1
11017,1,0.0,0.0,0.0,0.0,0.0,0.0,0.0,0.0,0.0,0.0
10621,1,0.0,0.0,0.0,0.0,0.0,0.0,0.0,0.0,0.0,0.0
17205,5,0.0,0.0,0.0,0.0,0.0,0.2,0.0,0.0,0.2,0.1
12837,5,0.0,0.0,0.0,0.0,0.0,0.0,0.0,0.0,0.0,0.0
9665,5,0.4,0.5333333333333333,0.5087403079104241,0.4,0.4,0.4,0.45,0.5087403079104241,0.4,0.2
12415,6,0.2,0.19999999999999998,0.16958010263680803,0.16666666666666666,0.2,0.3333333333333333,0.17777777777777778,0.15130120674940672,0.3333333333333333,0.2
6055,9,0.2,0.26666666666666666,0.2139862647345275,0.1111111111111111,0.2,0.1111111111111111,0.16666666666666666,0.14829723057014907,0.1111111111111111,0.1
3625,2,0.0,0.0,0.0,0.0,0.0,0.0,0.0,0.0,0.0,0.0
10684,15,0.2,0.19999999999999998,0.16958010263680803,0.06666666666666667,0.2,0.2,0.18181818181818182,0.1763001066034291,0.13333333333333333,0.2
19048,1,0.0,0.0,0.0,0.0,0.0,0.0,0.0,0.0,0.0,0.0
15863,7,0.0,0.0,0.0,0.0,0.0,0.0,0.0,0.0,0.0,0.0
21351,4,0.0,0.0,0.0,0.0,0.0,0.0,0.0,0.0,0.0,0.0
8014,1,0.0,0.0,0.0,0.0,0.0,0.0,0.0,0.0,0.0,0.0
7440,1,0.0,0.0,0.0,0.0,0.0,0.0,0.0,0.0,0.0,0.0
5697,1,1.0,0.0,0.0,1.0,0.2,1.0,0.0,0.0,1.0,0.1
415,14,0.0,0.0,0.0,0.0,0.0,0.0,0.0,0.0,0.0,0.0
4815,26,0.4,0.4000000000000001,0.3600546145772339,0.07692307692307693,0.4,0.3,0.30909090909090914,0.2972715964420569,0.11538461538461539,0.3
7918,1,0.0,0.0,0.0,0.0,0.0,0.0,0.0,0.0,0.0,0.0
10387,2,0.0,0.0,0.0,0.0,0.0,0.0,0.0,0.0,0.0,0.0
5655,1,1.0,0.0,0.0,1.0,0.2,1.0,0.0,0.0,1.0,0.1
16238,38,0.0,0.0,0.0,0.0,0.0,0.0,0.0,0.0,0.0,0.0
15379,4,0.25,0.0,0.0,0.25,0.2,0.25,0.0,0.0,0.25,0.1
12722,1,0.0,0.0,0.0,0.0,0.0,0.0,0.0,0.0,0.0,0.0
19953,3,0.0,0.0,0.0,0.0,0.0,0.0,0.0,0.0,0.0,0.0
18018,18,0.2,0.26666666666666666,0.2139862647345275,0.05555555555555555,0.2,0.1,0.16363636363636364,0.1388624438735545,0.05555555555555555,0.1
15717,1,0.0,0.0,0.0,0.0,0.0,0.0,0.0,0.0,0.0,0.0
17554,23,0.4,0.3333333333333333,0.31564845247951445,0.08695652173913043,0.4,0.2,0.2727272727272727,0.20483424751859083,0.08695652173913043,0.2
3856,1,0.0,0.0,0.0,0.0,0.0,0.0,0.0,0.0,0.0,0.0
7525,9,0.0,0.0,0.0,0.0,0.0,0.0,0.0,0.0,0.0,0.0
832,3,0.0,0.0,0.0,0.0,0.0,0.0,0.0,0.0,0.0,0.0
22064,2,0.0,0.0,0.0,0.0,0.0,0.0,0.0,0.0,0.0,0.0
11536,7,0.4,0.6,0.5531464700081437,0.2857142857142857,0.4,0.42857142857142855,0.38775510204081626,0.4483039899025303,0.42857142857142855,0.3
229,6,0.0,0.0,0.0,0.0,0.0,0.0,0.0,0.0,0.0,0.0
17603,7,0.0,0.0,0.0,0.0,0.0,0.0,0.0,0.0,0.0,0.0
13714,4,0.0,0.0,0.0,0.0,0.0,0.0,0.0,0.0,0.0,0.0
18943,15,0.4,0.39999999999999997,0.4703652827859578,0.13333333333333333,0.4,0.3,0.30909090909090914,0.3688556721386528,0.2,0.3
13833,5,0.0,0.0,0.0,0.0,0.0,0.0,0.0,0.0,0.0,0.0
11626,9,0.0,0.0,0.0,0.0,0.0,0.1111111111111111,0.09259259259259259,0.08372491399919348,0.1111111111111111,0.1
18987,4,0.0,0.0,0.0,0.0,0.0,0.0,0.0,0.0,0.0,0.0
1487,6,0.0,0.0,0.0,0.0,0.0,0.16666666666666666,0.0,0.0,0.16666666666666666,0.1
19243,25,0.4,0.5333333333333333,0.5087403079104241,0.08,0.4,0.4,0.47272727272727266,0.4779671403625727,0.16,0.4
12818,2,0.0,0.0,0.0,0.0,0.0,0.0,0.0,0.0,0.0,0.0
10688,4,0.0,0.0,0.0,0.0,0.0,0.25,0.0,0.0,0.25,0.1
18194,16,0.2,0.06666666666666665,0.13120507751234176,0.0625,0.2,0.2,0.18181818181818182,0.15850703974098102,0.125,0.2
15828,2,0.0,0.0,0.0,0.0,0.0,0.0,0.0,0.0,0.0,0.0
1984,5,0.0,0.0,0.0,0.0,0.0,0.0,0.0,0.0,0.0,0.0
19080,5,0.0,0.0,0.0,0.0,0.0,0.0,0.0,0.0,0.0,0.0
15666,2,0.5,0.0,0.0,0.5,0.2,0.5,0.0,0.0,0.5,0.1
10503,1,0.0,0.0,0.0,0.0,0.0,0.0,0.0,0.0,0.0,0.0
21501,5,0.0,0.0,0.0,0.0,0.0,0.2,0.0,0.0,0.2,0.1
13675,1,0.0,0.0,0.0,0.0,0.0,0.0,0.0,0.0,0.0,0.0
2217,10,0.2,0.3333333333333333,0.33916020527361607,0.1,0.2,0.2,0.2545454545454545,0.29345568839744024,0.2,0.2
3009,2,0.0,0.0,0.0,0.0,0.0,0.0,0.0,0.0,0.0,0.0
8137,3,0.0,0.0,0.0,0.0,0.0,0.0,0.0,0.0,0.0,0.0
22483,4,0.0,0.0,0.0,0.0,0.0,0.0,0.0,0.0,0.0,0.0
9635,2,0.5,0.5555555555555556,0.6131471927654584,0.5,0.2,0.5,0.5263157894736842,0.6131471927654584,0.5,0.1
1722,15,0.0,0.0,0.0,0.0,0.0,0.0,0.0,0.0,0.0,0.0
7763,5,0.6,0.7999999999999999,0.7227265726449518,0.6,0.6,0.6,0.675,0.7227265726449518,0.6,0.3
2866,9,0.0,0.0,0.0,0.0,0.0,0.0,0.0,0.0,0.0,0.0
3738,3,0.0,0.0,0.0,0.0,0.0,0.0,0.0,0.0,0.0,0.0
9464,26,0.4,0.4666666666666666,0.38356636737133554,0.07692307692307693,0.4,0.3,0.3272727272727273,0.31252911522154625,0.11538461538461539,0.3
3940,3,0.0,0.0,0.0,0.0,0.0,0.0,0.0,0.0,0.0,0.0
8589,1,0.0,0.0,0.0,0.0,0.0,0.0,0.0,0.0,0.0,0.0
11762,3,0.3333333333333333,0.33333333333333337,0.29608191096586517,0.3333333333333333,0.2,0.3333333333333333,0.3333333333333333,0.29608191096586517,0.3333333333333333,0.1
8290,8,0.2,0.26666666666666666,0.2139862647345275,0.125,0.2,0.125,0.17307692307692307,0.1595890771248963,0.125,0.1
6511,5,0.0,0.0,0.0,0.0,0.0,0.0,0.0,0.0,0.0,0.0
18724,6,0.0,0.0,0.0,0.0,0.0,0.0,0.0,0.0,0.0,0.0
8874,2,0.0,0.0,0.0,0.0,0.0,0.0,0.0,0.0,0.0,0.0
18652,27,0.4,0.39999999999999997,0.4703652827859578,0.07407407407407407,0.4,0.2,0.29090909090909095,0.3052348839397011,0.07407407407407407,0.2
5133,2,0.0,0.0,0.0,0.0,0.0,0.0,0.0,0.0,0.0,0.0
18376,3,0.3333333333333333,0.25,0.23463936301137822,0.3333333333333333,0.2,0.3333333333333333,0.2962962962962963,0.23463936301137822,0.3333333333333333,0.1
16227,6,0.0,0.0,0.0,0.0,0.0,0.0,0.0,0.0,0.0,0.0
11628,13,0.2,0.19999999999999998,0.16958010263680803,0.07692307692307693,0.2,0.1,0.14545454545454548,0.11004588314904007,0.07692307692307693,0.1
21874,3,0.0,0.0,0.0,0.0,0.0,0.3333333333333333,0.0,0.0,0.3333333333333333,0.1
7117,6,0.4,0.4666666666666666,0.38356636737133554,0.3333333333333333,0.4,0.5,0.3777777777777778,0.34222207292834134,0.5,0.3
10485,14,0.0,0.0,0.0,0.0,0.0,0.0,0.0,0.0,0.0,0.0
18649,1,0.0,0.0,0.0,0.0,0.0,0.0,0.0,0.0,0.0,0.0
17844,8,0.4,0.39999999999999997,0.4703652827859578,0.25,0.4,0.25,0.3076923076923077,0.35079429740281753,0.25,0.2
20460,1,0.0,0.0,0.0,0.0,0.0,0.0,0.0,0.0,0.0,0.0
16782,13,0.2,0.19999999999999998,0.16958010263680803,0.07692307692307693,0.2,0.2,0.23636363636363636,0.1884441521277154,0.15384615384615385,0.2
20188,2,0.0,0.0,0.0,0.0,0.0,0.0,0.0,0.0,0.0,0.0
22438,4,0.25,0.2142857142857143,0.19519002499605081,0.25,0.2,0.25,0.23529411764705882,0.19519002499605081,0.25,0.1
79,8,0.0,0.0,0.0,0.0,0.0,0.125,0.07692307692307693,0.08431423425588572,0.125,0.1
725,4,0.0,0.0,0.0,0.0,0.0,0.25,0.0,0.0,0.25,0.1
6008,1,0.0,0.0,0.0,0.0,0.0,0.0,0.0,0.0,0.0,0.0
21759,3,0.0,0.0,0.0,0.0,0.0,0.0,0.0,0.0,0.0,0.0
14572,2,0.0,0.0,0.0,0.0,0.0,0.0,0.0,0.0,0.0,0.0
15646,3,0.0,0.0,0.0,0.0,0.0,0.0,0.0,0.0,0.0,0.0
20008,14,0.0,0.0,0.0,0.0,0.0,0.0,0.0,0.0,0.0,0.0
18470,2,0.0,0.0,0.0,0.0,0.0,0.0,0.0,0.0,0.0,0.0
3076,18,0.2,0.26666666666666666,0.2139862647345275,0.05555555555555555,0.2,0.3,0.2727272727272727,0.2784805894273035,0.16666666666666666,0.3
10863,9,0.2,0.19999999999999998,0.16958010263680803,0.1111111111111111,0.2,0.1111111111111111,0.14814814814814814,0.11752277470724269,0.1111111111111111,0.1
10190,1,0.0,0.0,0.0,0.0,0.0,0.0,0.0,0.0,0.0,0.0
1200,9,0.2,0.26666666666666666,0.2139862647345275,0.1111111111111111,0.2,0.1111111111111111,0.16666666666666666,0.14829723057014907,0.1111111111111111,0.1
1957,2,0.0,0.0,0.0,0.0,0.0,0.0,0.0,0.0,0.0,0.0
1053,8,0.6,0.6666666666666666,0.6548086577531306,0.375,0.6,0.375,0.4807692307692307,0.4883505467692416,0.375,0.3
9370,2,0.0,0.0,0.0,0.0,0.0,0.0,0.0,0.0,0.0,0.0
1095,22,0.2,0.3333333333333333,0.33916020527361607,0.045454545454545456,0.2,0.1,0.18181818181818182,0.22009176629808014,0.045454545454545456,0.1
15918,1,0.0,0.0,0.0,0.0,0.0,0.0,0.0,0.0,0.0,0.0
12253,11,0.0,0.0,0.0,0.0,0.0,0.0,0.0,0.0,0.0,0.0
5411,10,0.4,0.4000000000000001,0.3600546145772339,0.2,0.4,0.3,0.32727272727272727,0.2999050316974943,0.3,0.3
72,1,0.0,0.0,0.0,0.0,0.0,0.0,0.0,0.0,0.0,0.0
3783,4,0.0,0.0,0.0,0.0,0.0,0.0,0.0,0.0,0.0,0.0
12807,3,0.0,0.0,0.0,0.0,0.0,0.0,0.0,0.0,0.0,0.0
12944,4,0.25,0.0,0.0,0.25,0.2,0.25,0.0,0.0,0.25,0.1
13278,1,0.0,0.0,0.0,0.0,0.0,0.0,0.0,0.0,0.0,0.0
22492,23,0.0,0.0,0.0,0.0,0.0,0.2,0.14545454545454548,0.14782949091545258,0.08695652173913043,0.2
11792,13,0.0,0.0,0.0,0.0,0.0,0.0,0.0,0.0,0.0,0.0
8287,6,0.6,0.6666666666666666,0.6843515475204854,0.5,0.6,0.5,0.5555555555555556,0.6105858728157116,0.5,0.3
11220,1,0.0,0.0,0.0,0.0,0.0,0.0,0.0,0.0,0.0,0.0
12975,18,0.4,0.39999999999999997,0.4703652827859578,0.1111111111111111,0.4,0.2,0.29090909090909095,0.3052348839397011,0.1111111111111111,0.2
3816,3,0.6666666666666666,0.5833333333333334,0.5307212739772434,0.6666666666666666,0.4,0.6666666666666666,0.6296296296296297,0.5307212739772434,0.6666666666666666,0.2
22313,6,0.0,0.0,0.0,0.0,0.0,0.0,0.0,0.0,0.0,0.0
15441,1,0.0,0.0,0.0,0.0,0.0,0.0,0.0,0.0,0.0,0.0
11867,4,0.25,0.35714285714285715,0.39038004999210163,0.25,0.2,0.25,0.2941176470588235,0.39038004999210163,0.25,0.1
3238,4,0.0,0.0,0.0,0.0,0.0,0.25,0.0,0.0,0.25,0.1
21247,4,0.0,0.0,0.0,0.0,0.0,0.0,0.0,0.0,0.0,0.0
18522,1,0.0,0.0,0.0,0.0,0.0,0.0,0.0,0.0,0.0,0.0
7178,1,0.0,0.0,0.0,0.0,0.0,0.0,0.0,0.0,0.0,0.0
9575,24,0.6,0.6666666666666666,0.6843515475204854,0.125,0.6,0.5,0.5818181818181819,0.58874982024632,0.20833333333333334,0.5
6223,5,0.6,0.7999999999999999,0.7227265726449518,0.6,0.6,0.6,0.675,0.7227265726449518,0.6,0.3
769,9,0.2,0.06666666666666665,0.13120507751234176,0.1111111111111111,0.2,0.2222222222222222,0.18518518518518517,0.16927654709047393,0.2222222222222222,0.2
10042,1,0.0,0.0,0.0,0.0,0.0,0.0,0.0,0.0,0.0,0.0
12003,10,0.4,0.4000000000000001,0.3600546145772339,0.2,0.4,0.2,0.29090909090909095,0.23365080824310527,0.2,0.2
5740,3,0.0,0.0,0.0,0.0,0.0,0.0,0.0,0.0,0.0,0.0
4781,5,0.2,0.19999999999999998,0.16958010263680803,0.2,0.2,0.4,0.2,0.16958010263680803,0.4,0.2
16320,4,0.0,0.0,0.0,0.0,0.0,0.0,0.0,0.0,0.0,0.0
1572,12,0.0,0.0,0.0,0.0,0.0,0.0,0.0,0.0,0.0,0.0
21952,18,0.0,0.0,0.0,0.0,0.0,0.0,0.0,0.0,0.0,0.0
7903,29,0.2,0.19999999999999998,0.16958010263680803,0.034482758620689655,0.2,0.1,0.14545454545454548,0.11004588314904007,0.034482758620689655,0.1
15937,1,0.0,0.0,0.0,0.0,0.0,0.0,0.0,0.0,0.0,0.0
13333,4,0.25,0.28571428571428575,0.2463023887407299,0.25,0.2,0.25,0.2647058823529412,0.2463023887407299,0.25,0.1
16428,4,0.0,0.0,0.0,0.0,0.0,0.0,0.0,0.0,0.0,0.0
9815,10,0.2,0.3333333333333333,0.33916020527361607,0.1,0.2,0.1,0.18181818181818182,0.22009176629808014,0.1,0.1
6777,9,0.0,0.0,0.0,0.0,0.0,0.0,0.0,0.0,0.0,0.0
1418,3,0.0,0.0,0.0,0.0,0.0,0.0,0.0,0.0,0.0,0.0
4959,4,0.25,0.2142857142857143,0.19519002499605081,0.25,0.2,0.5,0.23529411764705882,0.19519002499605081,0.5,0.2
15699,14,0.6,0.6666666666666666,0.6843515475204854,0.21428571428571427,0.6,0.4,0.509090909090909,0.5135285497500329,0.2857142857142857,0.4
1647,1,0.0,0.0,0.0,0.0,0.0,0.0,0.0,0.0,0.0,0.0
4138,3,0.0,0.0,0.0,0.0,0.0,0.3333333333333333,0.0,0.0,0.3333333333333333,0.1
16987,13,0.8,0.8666666666666666,0.8539316501572936,0.3076923076923077,0.8,0.4,0.6000000000000001,0.5541432109622958,0.3076923076923077,0.4
489,2,0.0,0.0,0.0,0.0,0.0,0.0,0.0,0.0,0.0,0.0
2701,3,0.0,0.0,0.0,0.0,0.0,0.0,0.0,0.0,0.0,0.0
17524,7,0.2,0.13333333333333333,0.14606834984270645,0.14285714285714285,0.2,0.14285714285714285,0.14285714285714285,0.11838279295536291,0.14285714285714285,0.1
5885,9,0.2,0.13333333333333333,0.14606834984270645,0.1111111111111111,0.2,0.2222222222222222,0.18518518518518517,0.17537722349737472,0.2222222222222222,0.2
13643,1,0.0,0.0,0.0,0.0,0.0,0.0,0.0,0.0,0.0,0.0
3520,7,0.0,0.0,0.0,0.0,0.0,0.0,0.0,0.0,0.0,0.0
19971,3,0.0,0.0,0.0,0.0,0.0,0.0,0.0,0.0,0.0,0.0
18415,2,0.0,0.0,0.0,0.0,0.0,0.0,0.0,0.0,0.0,0.0
15521,1,0.0,0.0,0.0,0.0,0.0,0.0,0.0,0.0,0.0,0.0
1429,4,0.0,0.0,0.0,0.0,0.0,0.0,0.0,0.0,0.0,0.0
6826,2,0.0,0.0,0.0,0.0,0.0,0.0,0.0,0.0,0.0,0.0
5088,3,0.0,0.0,0.0,0.0,0.0,0.0,0.0,0.0,0.0,0.0
18182,3,0.6666666666666666,0.25,0.23463936301137822,0.6666666666666666,0.4,0.6666666666666666,0.2962962962962963,0.23463936301137822,0.6666666666666666,0.2
7649,2,0.0,0.0,0.0,0.0,0.0,0.0,0.0,0.0,0.0,0.0
5966,15,0.0,0.0,0.0,0.0,0.0,0.0,0.0,0.0,0.0,0.0
16855,1,0.0,0.0,0.0,0.0,0.0,0.0,0.0,0.0,0.0,0.0
5870,2,0.0,0.0,0.0,0.0,0.0,0.0,0.0,0.0,0.0,0.0
13350,5,0.0,0.0,0.0,0.0,0.0,0.0,0.0,0.0,0.0,0.0
18416,6,0.0,0.0,0.0,0.0,0.0,0.0,0.0,0.0,0.0,0.0
14381,2,0.0,0.0,0.0,0.0,0.0,0.0,0.0,0.0,0.0,0.0
5995,8,0.6,0.7999999999999999,0.7227265726449518,0.375,0.6,0.375,0.5192307692307693,0.5390031312763821,0.375,0.3
20487,2,0.0,0.0,0.0,0.0,0.0,0.0,0.0,0.0,0.0,0.0
16057,7,0.0,0.0,0.0,0.0,0.0,0.0,0.0,0.0,0.0,0.0
11595,18,0.4,0.4000000000000001,0.3600546145772339,0.1111111111111111,0.4,0.3,0.34545454545454546,0.3030820301798825,0.16666666666666666,0.3
5442,4,0.0,0.0,0.0,0.0,0.0,0.25,0.0,0.0,0.25,0.1
14732,2,0.0,0.0,0.0,0.0,0.0,0.0,0.0,0.0,0.0,0.0
1006,7,0.0,0.0,0.0,0.0,0.0,0.0,0.0,0.0,0.0,0.0
15469,11,0.0,0.0,0.0,0.0,0.0,0.0,0.0,0.0,0.0,0.0
19405,19,0.4,0.6,0.5531464700081437,0.10526315789473684,0.4,0.2,0.34545454545454546,0.3589542101716347,0.10526315789473684,0.2
17942,8,0.0,0.0,0.0,0.0,0.0,0.0,0.0,0.0,0.0,0.0
13562,4,0.25,0.28571428571428575,0.2463023887407299,0.25,0.2,0.25,0.2647058823529412,0.2463023887407299,0.25,0.1
18231,4,0.0,0.0,0.0,0.0,0.0,0.0,0.0,0.0,0.0,0.0
3112,14,0.0,0.0,0.0,0.0,0.0,0.1,0.09090909090909091,0.07839826897867533,0.07142857142857142,0.1
13395,13,0.2,0.3333333333333333,0.33916020527361607,0.07692307692307693,0.2,0.1,0.18181818181818182,0.22009176629808014,0.07692307692307693,0.1
1169,3,0.3333333333333333,0.4166666666666667,0.46927872602275644,0.3333333333333333,0.2,0.3333333333333333,0.37037037037037035,0.46927872602275644,0.3333333333333333,0.1
2382,3,0.0,0.0,0.0,0.0,0.0,0.0,0.0,0.0,0.0,0.0
22041,4,0.0,0.0,0.0,0.0,0.0,0.0,0.0,0.0,0.0,0.0
14358,2,0.0,0.0,0.0,0.0,0.0,0.5,0.0,0.0,0.5,0.1
4107,4,0.0,0.0,0.0,0.0,0.0,0.0,0.0,0.0,0.0,0.0
21940,1,0.0,0.0,0.0,0.0,0.0,0.0,0.0,0.0,0.0,0.0
19261,18,0.6,0.6666666666666666,0.6843515475204854,0.16666666666666666,0.6,0.5,0.5272727272727272,0.5771493379489846,0.2777777777777778,0.5
14544,22,0.0,0.0,0.0,0.0,0.0,0.0,0.0,0.0,0.0,0.0
7596,7,0.0,0.0,0.0,0.0,0.0,0.0,0.0,0.0,0.0,0.0
3409,2,0.0,0.0,0.0,0.0,0.0,0.0,0.0,0.0,0.0,0.0
13593,16,0.2,0.3333333333333333,0.33916020527361607,0.0625,0.2,0.2,0.2727272727272727,0.2984900352767555,0.125,0.2
17702,4,0.0,0.0,0.0,0.0,0.0,0.0,0.0,0.0,0.0,0.0
228,2,0.0,0.0,0.0,0.0,0.0,0.0,0.0,0.0,0.0,0.0
13558,2,0.5,0.4444444444444445,0.3868528072345415,0.5,0.2,0.5,0.4736842105263158,0.3868528072345415,0.5,0.1
21035,4,0.0,0.0,0.0,0.0,0.0,0.0,0.0,0.0,0.0,0.0
3863,9,0.0,0.0,0.0,0.0,0.0,0.0,0.0,0.0,0.0,0.0
3800,1,1.0,0.0,0.0,1.0,0.2,1.0,0.0,0.0,1.0,0.1
19160,6,0.2,0.26666666666666666,0.2139862647345275,0.16666666666666666,0.2,0.16666666666666666,0.2,0.1909208661789346,0.16666666666666666,0.1
14888,15,0.4,0.4666666666666666,0.48522855511632257,0.13333333333333333,0.4,0.2,0.3090909090909091,0.31488013066763093,0.13333333333333333,0.2
13982,2,0.5,0.5555555555555556,0.6131471927654584,0.5,0.2,1.0,0.5263157894736842,0.6131471927654584,1.0,0.2
9932,3,0.3333333333333333,0.4166666666666667,0.46927872602275644,0.3333333333333333,0.2,0.3333333333333333,0.37037037037037035,0.46927872602275644,0.3333333333333333,0.1
20524,6,0.0,0.0,0.0,0.0,0.0,0.0,0.0,0.0,0.0,0.0
16447,5,0.2,0.3333333333333333,0.33916020527361607,0.2,0.2,0.2,0.25,0.33916020527361607,0.2,0.1
19559,7,0.2,0.06666666666666665,0.13120507751234176,0.14285714285714285,0.2,0.14285714285714285,0.12244897959183672,0.10633668103022983,0.14285714285714285,0.1
11435,14,0.4,0.6,0.5531464700081437,0.14285714285714285,0.4,0.4,0.45454545454545453,0.5009732673492616,0.2857142857142857,0.4
16027,6,0.4,0.6,0.5531464700081437,0.3333333333333333,0.4,0.3333333333333333,0.4222222222222222,0.4935232796777481,0.3333333333333333,0.2
15771,6,0.2,0.19999999999999998,0.16958010263680803,0.16666666666666666,0.2,0.16666666666666666,0.17777777777777778,0.15130120674940672,0.16666666666666666,0.1
16696,3,0.0,0.0,0.0,0.0,0.0,0.0,0.0,0.0,0.0,0.0
10504,9,0.0,0.0,0.0,0.0,0.0,0.2222222222222222,0.09259259259259259,0.08372491399919348,0.2222222222222222,0.2
920,2,0.0,0.0,0.0,0.0,0.0,0.0,0.0,0.0,0.0,0.0
9177,16,0.2,0.13333333333333333,0.14606834984270645,0.0625,0.2,0.2,0.1636363636363636,0.16104258782393982,0.125,0.2
11614,5,0.2,0.13333333333333333,0.14606834984270645,0.2,0.2,0.2,0.175,0.14606834984270645,0.2,0.1
3346,15,0.0,0.0,0.0,0.0,0.0,0.2,0.09090909090909091,0.13568544539116628,0.13333333333333333,0.2
7426,1,1.0,0.0,0.0,1.0,0.2,1.0,0.0,0.0,1.0,0.1
16742,20,0.4,0.6,0.5531464700081437,0.1,0.4,0.2,0.34545454545454546,0.3589542101716347,0.1,0.2
18909,7,0.2,0.19999999999999998,0.16958010263680803,0.14285714285714285,0.2,0.14285714285714285,0.16326530612244897,0.13743816645714543,0.14285714285714285,0.1
15145,23,0.2,0.19999999999999998,0.16958010263680803,0.043478260869565216,0.2,0.2,0.21818181818181823,0.18340980524840012,0.08695652173913043,0.2
755,2,0.5,0.5555555555555556,0.6131471927654584,0.5,0.2,0.5,0.5263157894736842,0.6131471927654584,0.5,0.1
8570,14,0.2,0.3333333333333333,0.33916020527361607,0.07142857142857142,0.2,0.3,0.3090909090909091,0.3647442587311445,0.21428571428571427,0.3
18121,4,0.0,0.0,0.0,0.0,0.0,0.0,0.0,0.0,0.0,0.0
14630,20,0.6,0.7999999999999999,0.7227265726449518,0.15,0.6,0.4,0.5454545454545454,0.538431315257452,0.2,0.4
8152,10,0.0,0.0,0.0,0.0,0.0,0.1,0.09090909090909091,0.07839826897867533,0.1,0.1
2247,14,0.0,0.0,0.0,0.0,0.0,0.0,0.0,0.0,0.0,0.0
16229,29,0.4,0.4666666666666666,0.38356636737133554,0.06896551724137931,0.4,0.2,0.30909090909090914,0.24890832702259458,0.06896551724137931,0.2
15868,1,0.0,0.0,0.0,0.0,0.0,0.0,0.0,0.0,0.0,0.0
14908,6,0.0,0.0,0.0,0.0,0.0,0.0,0.0,0.0,0.0,0.0
5080,17,0.2,0.06666666666666665,0.13120507751234176,0.058823529411764705,0.2,0.1,0.10909090909090909,0.08514311764162097,0.058823529411764705,0.1
18225,7,0.0,0.0,0.0,0.0,0.0,0.14285714285714285,0.0,0.0,0.14285714285714285,0.1
2820,14,0.6,0.6666666666666666,0.6548086577531306,0.21428571428571427,0.6,0.5,0.5818181818181819,0.5677211578528083,0.35714285714285715,0.5
21054,8,0.0,0.0,0.0,0.0,0.0,0.0,0.0,0.0,0.0,0.0
21474,12,0.2,0.3333333333333333,0.33916020527361607,0.08333333333333333,0.2,0.1,0.18181818181818182,0.22009176629808014,0.08333333333333333,0.1
15032,1,0.0,0.0,0.0,0.0,0.0,0.0,0.0,0.0,0.0,0.0
4664,15,0.2,0.26666666666666666,0.2139862647345275,0.06666666666666667,0.2,0.1,0.16363636363636364,0.1388624438735545,0.06666666666666667,0.1
18113,4,0.25,0.35714285714285715,0.39038004999210163,0.25,0.2,0.5,0.2941176470588235,0.39038004999210163,0.5,0.2
4139,1,0.0,0.0,0.0,0.0,0.0,0.0,0.0,0.0,0.0,0.0
9850,26,0.2,0.3333333333333333,0.33916020527361607,0.038461538461538464,0.2,0.3,0.34545454545454546,0.37185395737611554,0.11538461538461539,0.3
11975,4,0.5,0.14285714285714288,0.16812753627111746,0.5,0.4,0.75,0.20588235294117643,0.16812753627111746,0.75,0.3
12277,1,0.0,0.0,0.0,0.0,0.0,0.0,0.0,0.0,0.0,0.0
21924,9,0.0,0.0,0.0,0.0,0.0,0.0,0.0,0.0,0.0,0.0
20928,1,0.0,0.0,0.0,0.0,0.0,0.0,0.0,0.0,0.0,0.0
16249,14,0.2,0.3333333333333333,0.33916020527361607,0.07142857142857142,0.2,0.2,0.2727272727272727,0.2984900352767555,0.14285714285714285,0.2
1651,1,1.0,0.0,0.0,1.0,0.2,1.0,0.0,0.0,1.0,0.1
11904,2,0.5,0.4444444444444445,0.3868528072345415,0.5,0.2,0.5,0.4736842105263158,0.3868528072345415,0.5,0.1
14448,5,0.0,0.0,0.0,0.0,0.0,0.0,0.0,0.0,0.0,0.0
14979,8,0.6,0.7333333333333334,0.6992148198508501,0.375,0.6,0.375,0.4999999999999999,0.5214682725103094,0.375,0.3
16748,19,0.4,0.6,0.5531464700081437,0.10526315789473684,0.4,0.4,0.509090909090909,0.5107164012496701,0.21052631578947367,0.4
15310,2,0.0,0.0,0.0,0.0,0.0,0.0,0.0,0.0,0.0,0.0
1975,19,0.0,0.0,0.0,0.0,0.0,0.2,0.1272727272727273,0.1427951440361373,0.10526315789473684,0.2
9020,14,0.0,0.0,0.0,0.0,0.0,0.0,0.0,0.0,0.0,0.0
7028,1,0.0,0.0,0.0,0.0,0.0,0.0,0.0,0.0,0.0,0.0
3598,2,0.0,0.0,0.0,0.0,0.0,0.0,0.0,0.0,0.0,0.0
3985,4,0.25,0.2142857142857143,0.19519002499605081,0.25,0.2,0.25,0.23529411764705882,0.19519002499605081,0.25,0.1
8030,1,0.0,0.0,0.0,0.0,0.0,0.0,0.0,0.0,0.0,0.0
21143,19,0.6,0.5333333333333333,0.6164336326286642,0.15789473684210525,0.6,0.4,0.509090909090909,0.4784215172879272,0.21052631578947367,0.4
21379,1,1.0,1.0,1.0,1.0,0.2,1.0,1.0,1.0,1.0,0.1
12989,1,0.0,0.0,0.0,0.0,0.0,0.0,0.0,0.0,0.0,0.0
14266,23,0.4,0.3333333333333333,0.34519134224686926,0.08695652173913043,0.4,0.2,0.2727272727272727,0.22400556151517548,0.08695652173913043,0.2
12390,1,0.0,0.0,0.0,0.0,0.0,0.0,0.0,0.0,0.0,0.0
17625,12,0.2,0.3333333333333333,0.33916020527361607,0.08333333333333333,0.2,0.1,0.18181818181818182,0.22009176629808014,0.08333333333333333,0.1
14240,12,0.2,0.3333333333333333,0.33916020527361607,0.08333333333333333,0.2,0.1,0.18181818181818182,0.22009176629808014,0.08333333333333333,0.1
15691,3,0.0,0.0,0.0,0.0,0.0,0.0,0.0,0.0,0.0,0.0
3394,9,0.2,0.26666666666666666,0.2139862647345275,0.1111111111111111,0.2,0.1111111111111111,0.16666666666666666,0.14829723057014907,0.1111111111111111,0.1
12315,11,0.0,0.0,0.0,0.0,0.0,0.0,0.0,0.0,0.0,0.0
3257,6,0.2,0.3333333333333333,0.33916020527361607,0.16666666666666666,0.2,0.3333333333333333,0.3333333333333333,0.4103915680233244,0.3333333333333333,0.2
8329,1,0.0,0.0,0.0,0.0,0.0,0.0,0.0,0.0,0.0,0.0
20466,23,0.0,0.0,0.0,0.0,0.0,0.1,0.07272727272727274,0.07336392209936006,0.043478260869565216,0.1
9072,5,0.0,0.0,0.0,0.0,0.0,0.0,0.0,0.0,0.0,0.0
10458,4,0.0,0.0,0.0,0.0,0.0,0.25,0.0,0.0,0.25,0.1
8643,3,0.3333333333333333,0.25,0.23463936301137822,0.3333333333333333,0.2,0.3333333333333333,0.2962962962962963,0.23463936301137822,0.3333333333333333,0.1
7545,1,0.0,0.0,0.0,0.0,0.0,0.0,0.0,0.0,0.0,0.0
14647,6,0.2,0.3333333333333333,0.33916020527361607,0.16666666666666666,0.2,0.16666666666666666,0.2222222222222222,0.30260241349881345,0.16666666666666666,0.1
967,24,0.0,0.0,0.0,0.0,0.0,0.1,0.05454545454545456,0.06943122193677725,0.041666666666666664,0.1
12126,11,0.2,0.3333333333333333,0.33916020527361607,0.09090909090909091,0.2,0.2,0.23636363636363636,0.2895229882348574,0.18181818181818182,0.2
7188,1,0.0,0.0,0.0,0.0,0.0,0.0,0.0,0.0,0.0,0.0
8626,1,0.0,0.0,0.0,0.0,0.0,1.0,0.0,0.0,1.0,0.1
8736,1,0.0,0.0,0.0,0.0,0.0,0.0,0.0,0.0,0.0,0.0
21717,5,0.0,0.0,0.0,0.0,0.0,0.0,0.0,0.0,0.0,0.0
17971,4,0.0,0.0,0.0,0.0,0.0,0.0,0.0,0.0,0.0,0.0
5282,11,0.8,0.9333333333333332,0.8687949224876582,0.36363636363636365,0.8,0.5,0.7090909090909091,0.6421867266689009,0.45454545454545453,0.5
251,11,0.4,0.4666666666666666,0.48522855511632257,0.18181818181818182,0.4,0.2,0.3090909090909091,0.31488013066763093,0.18181818181818182,0.2
6651,10,0.6,0.7999999999999999,0.7227265726449518,0.3,0.6,0.3,0.49090909090909096,0.46900009332067477,0.3,0.3
1182,5,0.0,0.0,0.0,0.0,0.0,0.0,0.0,0.0,0.0,0.0
5890,2,0.0,0.0,0.0,0.0,0.0,0.0,0.0,0.0,0.0,0.0
13848,6,0.2,0.19999999999999998,0.16958010263680803,0.16666666666666666,0.2,0.16666666666666666,0.17777777777777778,0.15130120674940672,0.16666666666666666,0.1
22326,4,0.0,0.0,0.0,0.0,0.0,0.0,0.0,0.0,0.0,0.0
5613,2,0.0,0.0,0.0,0.0,0.0,0.0,0.0,0.0,0.0,0.0
8257,14,0.2,0.3333333333333333,0.33916020527361607,0.07142857142857142,0.2,0.1,0.18181818181818182,0.22009176629808014,0.07142857142857142,0.1
13021,14,0.2,0.26666666666666666,0.2139862647345275,0.07142857142857142,0.2,0.3,0.2909090909090909,0.28351493630661884,0.21428571428571427,0.3
10572,5,0.2,0.26666666666666666,0.2139862647345275,0.2,0.2,0.2,0.225,0.2139862647345275,0.2,0.1
20409,9,0.2,0.26666666666666666,0.2139862647345275,0.1111111111111111,0.2,0.1111111111111111,0.16666666666666666,0.14829723057014907,0.1111111111111111,0.1
3448,5,0.2,0.19999999999999998,0.16958010263680803,0.2,0.2,0.2,0.2,0.16958010263680803,0.2,0.1
15223,1,0.0,0.0,0.0,0.0,0.0,0.0,0.0,0.0,0.0,0.0
3217,2,0.5,0.0,0.0,0.5,0.2,0.5,0.0,0.0,0.5,0.1
3538,3,0.0,0.0,0.0,0.0,0.0,0.0,0.0,0.0,0.0,0.0
8052,17,0.0,0.0,0.0,0.0,0.0,0.0,0.0,0.0,0.0,0.0
17451,4,0.0,0.0,0.0,0.0,0.0,0.0,0.0,0.0,0.0,0.0
3036,2,0.0,0.0,0.0,0.0,0.0,0.0,0.0,0.0,0.0,0.0
15370,1,0.0,0.0,0.0,0.0,0.0,0.0,0.0,0.0,0.0,0.0
11994,2,0.0,0.0,0.0,0.0,0.0,0.0,0.0,0.0,0.0,0.0
22271,2,0.0,0.0,0.0,0.0,0.0,0.0,0.0,0.0,0.0,0.0
9659,2,0.0,0.0,0.0,0.0,0.0,0.0,0.0,0.0,0.0,0.0
18822,1,1.0,1.0,1.0,1.0,0.2,1.0,1.0,1.0,1.0,0.1
16888,2,0.0,0.0,0.0,0.0,0.0,0.0,0.0,0.0,0.0,0.0
16634,3,0.0,0.0,0.0,0.0,0.0,0.0,0.0,0.0,0.0,0.0
9319,10,0.8,0.8000000000000002,0.8304198973631919,0.4,0.8,0.4,0.5818181818181818,0.5388856921828065,0.4,0.4
1038,3,0.0,0.0,0.0,0.0,0.0,0.0,0.0,0.0,0.0,0.0
2589,10,0.0,0.0,0.0,0.0,0.0,0.0,0.0,0.0,0.0,0.0
7654,12,0.0,0.0,0.0,0.0,0.0,0.1,0.036363636363636355,0.06625422345438903,0.08333333333333333,0.1
14022,1,0.0,0.0,0.0,0.0,0.0,0.0,0.0,0.0,0.0,0.0
4149,4,0.0,0.0,0.0,0.0,0.0,0.0,0.0,0.0,0.0,0.0
2433,20,0.2,0.26666666666666666,0.2139862647345275,0.05,0.2,0.2,0.2,0.2051166673279435,0.1,0.2
16886,11,0.0,0.0,0.0,0.0,0.0,0.0,0.0,0.0,0.0,0.0
10906,15,0.0,0.0,0.0,0.0,0.0,0.1,0.09090909090909091,0.07839826897867533,0.06666666666666667,0.1
21095,2,0.0,0.0,0.0,0.0,0.0,0.0,0.0,0.0,0.0,0.0
13818,3,0.0,0.0,0.0,0.0,0.0,0.0,0.0,0.0,0.0,0.0
10262,8,0.0,0.0,0.0,0.0,0.0,0.0,0.0,0.0,0.0,0.0
7488,2,0.0,0.0,0.0,0.0,0.0,0.0,0.0,0.0,0.0,0.0
2369,1,0.0,0.0,0.0,0.0,0.0,0.0,0.0,0.0,0.0,0.0
14508,1,0.0,0.0,0.0,0.0,0.0,0.0,0.0,0.0,0.0,0.0
9553,9,0.0,0.0,0.0,0.0,0.0,0.1111111111111111,0.07407407407407407,0.07834851647149513,0.1111111111111111,0.1
12917,2,0.0,0.0,0.0,0.0,0.0,0.0,0.0,0.0,0.0,0.0
18538,9,0.2,0.26666666666666666,0.2139862647345275,0.1111111111111111,0.2,0.1111111111111111,0.16666666666666666,0.14829723057014907,0.1111111111111111,0.1
22407,1,0.0,0.0,0.0,0.0,0.0,0.0,0.0,0.0,0.0,0.0
21688,5,0.0,0.0,0.0,0.0,0.0,0.2,0.0,0.0,0.2,0.1
22455,3,0.3333333333333333,0.4166666666666667,0.46927872602275644,0.3333333333333333,0.2,0.3333333333333333,0.37037037037037035,0.46927872602275644,0.3333333333333333,0.1
1690,7,0.4,0.4666666666666666,0.48522855511632257,0.2857142857142857,0.4,0.2857142857142857,0.346938775510204,0.3932591258696538,0.2857142857142857,0.2
10642,6,0.0,0.0,0.0,0.0,0.0,0.0,0.0,0.0,0.0,0.0
553,6,0.2,0.3333333333333333,0.33916020527361607,0.16666666666666666,0.2,0.16666666666666666,0.2222222222222222,0.30260241349881345,0.16666666666666666,0.1
21578,5,0.0,0.0,0.0,0.0,0.0,0.2,0.0,0.0,0.2,0.1
10053,15,0.6,0.6666666666666666,0.6843515475204854,0.2,0.6,0.3,0.45454545454545453,0.44409732781325567,0.2,0.3
16140,1,0.0,0.0,0.0,0.0,0.0,0.0,0.0,0.0,0.0,0.0
3142,10,0.2,0.3333333333333333,0.33916020527361607,0.1,0.2,0.1,0.18181818181818182,0.22009176629808014,0.1,0.1
15406,12,0.0,0.0,0.0,0.0,0.0,0.0,0.0,0.0,0.0,0.0
20656,3,0.0,0.0,0.0,0.0,0.0,0.0,0.0,0.0,0.0,0.0
1039,16,0.0,0.0,0.0,0.0,0.0,0.1,0.09090909090909091,0.07839826897867533,0.0625,0.1
14502,26,0.4,0.39999999999999997,0.4703652827859578,0.07692307692307693,0.4,0.3,0.32727272727272727,0.37148910739409013,0.11538461538461539,0.3
13434,26,0.2,0.06666666666666665,0.13120507751234176,0.038461538461538464,0.2,0.1,0.10909090909090909,0.08514311764162097,0.038461538461538464,0.1
207,7,0.0,0.0,0.0,0.0,0.0,0.14285714285714285,0.0,0.0,0.14285714285714285,0.1
17871,22,0.0,0.0,0.0,0.0,0.0,0.1,0.05454545454545456,0.06943122193677725,0.045454545454545456,0.1
15048,1,0.0,0.0,0.0,0.0,0.0,0.0,0.0,0.0,0.0,0.0
17263,4,0.5,0.42857142857142866,0.41442992501184733,0.5,0.4,0.5,0.47058823529411764,0.41442992501184733,0.5,0.2
7205,9,0.0,0.0,0.0,0.0,0.0,0.0,0.0,0.0,0.0,0.0
12827,22,0.2,0.26666666666666666,0.2139862647345275,0.045454545454545456,0.2,0.1,0.16363636363636364,0.1388624438735545,0.045454545454545456,0.1
5620,4,0.0,0.0,0.0,0.0,0.0,0.0,0.0,0.0,0.0,0.0
15496,15,0.2,0.19999999999999998,0.16958010263680803,0.06666666666666667,0.2,0.1,0.14545454545454548,0.11004588314904007,0.06666666666666667,0.1
13986,1,0.0,0.0,0.0,0.0,0.0,0.0,0.0,0.0,0.0,0.0
7451,7,0.4,0.4666666666666666,0.48522855511632257,0.2857142857142857,0.4,0.42857142857142855,0.4489795918367347,0.49117205121962165,0.42857142857142855,0.3
18172,3,0.0,0.0,0.0,0.0,0.0,0.0,0.0,0.0,0.0,0.0
19315,4,0.25,0.35714285714285715,0.39038004999210163,0.25,0.2,0.25,0.2941176470588235,0.39038004999210163,0.25,0.1
761,8,0.0,0.0,0.0,0.0,0.0,0.125,0.09615384615384615,0.0901000086523677,0.125,0.1
19634,3,0.3333333333333333,0.0,0.0,0.3333333333333333,0.2,0.3333333333333333,0.0,0.0,0.3333333333333333,0.1
10565,13,0.2,0.26666666666666666,0.2139862647345275,0.07692307692307693,0.2,0.3,0.23636363636363641,0.27191445400928344,0.23076923076923078,0.3
11722,3,0.3333333333333333,0.33333333333333337,0.29608191096586517,0.3333333333333333,0.2,0.3333333333333333,0.3333333333333333,0.29608191096586517,0.3333333333333333,0.1
6164,3,0.0,0.0,0.0,0.0,0.0,0.0,0.0,0.0,0.0,0.0
12914,10,0.2,0.26666666666666666,0.2139862647345275,0.1,0.2,0.2,0.2,0.2051166673279435,0.2,0.2
14833,6,0.0,0.0,0.0,0.0,0.0,0.0,0.0,0.0,0.0,0.0
10500,2,0.0,0.0,0.0,0.0,0.0,0.0,0.0,0.0,0.0,0.0
12981,1,0.0,0.0,0.0,0.0,0.0,0.0,0.0,0.0,0.0,0.0
4445,13,0.4,0.19999999999999998,0.2772734273550482,0.15384615384615385,0.4,0.3,0.309090909090909,0.2532954041105318,0.23076923076923078,0.3
9874,18,0.4,0.6,0.5531464700081437,0.1111111111111111,0.4,0.2,0.34545454545454546,0.3589542101716347,0.1111111111111111,0.2
9223,1,0.0,0.0,0.0,0.0,0.0,0.0,0.0,0.0,0.0,0.0
12409,9,0.4,0.4666666666666666,0.48522855511632257,0.2222222222222222,0.4,0.3333333333333333,0.3888888888888889,0.41462267409828074,0.3333333333333333,0.3
131,5,0.0,0.0,0.0,0.0,0.0,0.0,0.0,0.0,0.0,0.0
29,16,0.2,0.3333333333333333,0.33916020527361607,0.0625,0.2,0.3,0.2909090909090909,0.35970991185182927,0.1875,0.3
364,10,0.0,0.0,0.0,0.0,0.0,0.0,0.0,0.0,0.0,0.0
21165,1,0.0,0.0,0.0,0.0,0.0,0.0,0.0,0.0,0.0,0.0
813,4,0.0,0.0,0.0,0.0,0.0,0.25,0.0,0.0,0.25,0.1
196,1,0.0,0.0,0.0,0.0,0.0,1.0,0.0,0.0,1.0,0.1
13467,10,0.2,0.3333333333333333,0.33916020527361607,0.1,0.2,0.1,0.18181818181818182,0.22009176629808014,0.1,0.1
21758,12,0.6,0.6,0.6399453854227659,0.25,0.6,0.3,0.43636363636363634,0.4152807670887412,0.25,0.3
5113,3,0.0,0.0,0.0,0.0,0.0,0.0,0.0,0.0,0.0,0.0
17664,9,0.4,0.5333333333333333,0.5087403079104241,0.2222222222222222,0.4,0.2222222222222222,0.3333333333333333,0.352568324121728,0.2222222222222222,0.2
20804,7,0.2,0.19999999999999998,0.16958010263680803,0.14285714285714285,0.2,0.14285714285714285,0.16326530612244897,0.13743816645714543,0.14285714285714285,0.1
15497,2,0.0,0.0,0.0,0.0,0.0,0.0,0.0,0.0,0.0,0.0
18889,2,0.0,0.0,0.0,0.0,0.0,0.0,0.0,0.0,0.0,0.0
19024,4,0.25,0.35714285714285715,0.39038004999210163,0.25,0.2,0.25,0.2941176470588235,0.39038004999210163,0.25,0.1
16920,4,0.25,0.0,0.0,0.25,0.2,0.25,0.0,0.0,0.25,0.1
2652,2,0.0,0.0,0.0,0.0,0.0,0.0,0.0,0.0,0.0,0.0
53,4,0.5,0.5714285714285715,0.5855700749881524,0.5,0.4,0.75,0.5294117647058824,0.5855700749881524,0.75,0.3
18269,7,0.2,0.3333333333333333,0.33916020527361607,0.14285714285714285,0.2,0.14285714285714285,0.2040816326530612,0.27487633291429087,0.14285714285714285,0.1
3747,15,0.0,0.0,0.0,0.0,0.0,0.0,0.0,0.0,0.0,0.0
9835,9,0.2,0.19999999999999998,0.16958010263680803,0.1111111111111111,0.2,0.1111111111111111,0.14814814814814814,0.11752277470724269,0.1111111111111111,0.1
13472,5,0.0,0.0,0.0,0.0,0.0,0.0,0.0,0.0,0.0,0.0
12958,6,0.0,0.0,0.0,0.0,0.0,0.0,0.0,0.0,0.0,0.0
15876,2,0.0,0.0,0.0,0.0,0.0,0.0,0.0,0.0,0.0,0.0
9064,18,0.4,0.6,0.5531464700081437,0.1111111111111111,0.4,0.3,0.4,0.4283854321084119,0.16666666666666666,0.3
9762,3,0.0,0.0,0.0,0.0,0.0,0.0,0.0,0.0,0.0,0.0
18693,2,0.0,0.0,0.0,0.0,0.0,0.0,0.0,0.0,0.0,0.0
3390,2,0.5,0.5555555555555556,0.6131471927654584,0.5,0.2,0.5,0.5263157894736842,0.6131471927654584,0.5,0.1
10311,27,0.2,0.3333333333333333,0.33916020527361607,0.037037037037037035,0.2,0.1,0.18181818181818182,0.22009176629808014,0.037037037037037035,0.1
16110,15,0.4,0.5333333333333333,0.5087403079104241,0.13333333333333333,0.4,0.4,0.45454545454545453,0.4729327934832575,0.26666666666666666,0.4
13096,1,0.0,0.0,0.0,0.0,0.0,0.0,0.0,0.0,0.0,0.0
16440,2,0.5,0.0,0.0,0.5,0.2,0.5,0.0,0.0,0.5,0.1
13785,6,0.2,0.13333333333333333,0.14606834984270645,0.16666666666666666,0.2,0.16666666666666666,0.15555555555555556,0.13032376591037065,0.16666666666666666,0.1
21306,1,0.0,0.0,0.0,0.0,0.0,0.0,0.0,0.0,0.0,0.0
14863,28,0.4,0.4000000000000001,0.3600546145772339,0.07142857142857142,0.4,0.3,0.32727272727272727,0.2999050316974943,0.10714285714285714,0.3
19480,15,0.8,0.6666666666666666,0.6608397947263838,0.26666666666666666,0.8,0.6,0.6363636363636366,0.5645252544249326,0.4,0.6
9424,8,0.0,0.0,0.0,0.0,0.0,0.0,0.0,0.0,0.0,0.0
20463,1,0.0,0.0,0.0,0.0,0.0,0.0,0.0,0.0,0.0,0.0
5410,19,0.4,0.4666666666666666,0.38356636737133554,0.10526315789473684,0.4,0.2,0.30909090909090914,0.24890832702259458,0.10526315789473684,0.2
20929,16,0.0,0.0,0.0,0.0,0.0,0.1,0.09090909090909091,0.07839826897867533,0.0625,0.1
615,13,0.2,0.19999999999999998,0.16958010263680803,0.07692307692307693,0.2,0.1,0.14545454545454548,0.11004588314904007,0.07692307692307693,0.1
18382,1,0.0,0.0,0.0,0.0,0.0,0.0,0.0,0.0,0.0,0.0
16893,1,0.0,0.0,0.0,0.0,0.0,0.0,0.0,0.0,0.0,0.0
17257,17,0.4,0.6,0.5531464700081437,0.11764705882352941,0.4,0.2,0.34545454545454546,0.3589542101716347,0.11764705882352941,0.2
10377,10,0.4,0.4666666666666666,0.48522855511632257,0.2,0.4,0.2,0.3090909090909091,0.31488013066763093,0.2,0.2
11007,15,0.4,0.6,0.5531464700081437,0.13333333333333333,0.4,0.2,0.34545454545454546,0.3589542101716347,0.13333333333333333,0.2
1539,1,0.0,0.0,0.0,0.0,0.0,0.0,0.0,0.0,0.0,0.0
21386,18,0.4,0.3333333333333333,0.31564845247951445,0.1111111111111111,0.4,0.4,0.41818181818181815,0.3526637384340434,0.2222222222222222,0.4
14395,3,0.0,0.0,0.0,0.0,0.0,0.0,0.0,0.0,0.0,0.0
15319,4,0.0,0.0,0.0,0.0,0.0,0.0,0.0,0.0,0.0,0.0
12808,6,0.0,0.0,0.0,0.0,0.0,0.0,0.0,0.0,0.0,0.0
17323,3,0.0,0.0,0.0,0.0,0.0,0.0,0.0,0.0,0.0,0.0
19977,3,0.0,0.0,0.0,0.0,0.0,0.0,0.0,0.0,0.0,0.0
11167,1,0.0,0.0,0.0,0.0,0.0,0.0,0.0,0.0,0.0,0.0
17520,6,0.2,0.19999999999999998,0.16958010263680803,0.16666666666666666,0.2,0.16666666666666666,0.17777777777777778,0.15130120674940672,0.16666666666666666,0.1
9043,14,0.2,0.06666666666666665,0.13120507751234176,0.07142857142857142,0.2,0.1,0.10909090909090909,0.08514311764162097,0.07142857142857142,0.1
13612,1,0.0,0.0,0.0,0.0,0.0,0.0,0.0,0.0,0.0,0.0
16956,3,0.0,0.0,0.0,0.0,0.0,0.0,0.0,0.0,0.0,0.0
16630,14,0.4,0.39999999999999997,0.4703652827859578,0.14285714285714285,0.4,0.2,0.29090909090909095,0.3052348839397011,0.14285714285714285,0.2
10584,8,0.2,0.26666666666666666,0.2139862647345275,0.125,0.2,0.25,0.23076923076923078,0.23938361568734448,0.25,0.2
10857,5,0.2,0.19999999999999998,0.16958010263680803,0.2,0.2,0.2,0.2,0.16958010263680803,0.2,0.1
1162,9,0.0,0.0,0.0,0.0,0.0,0.1111111111111111,0.05555555555555556,0.07414861528507453,0.1111111111111111,0.1
4240,11,0.2,0.13333333333333333,0.14606834984270645,0.09090909090909091,0.2,0.1,0.12727272727272726,0.09478836436955078,0.09090909090909091,0.1
8731,2,0.0,0.0,0.0,0.0,0.0,0.5,0.0,0.0,0.5,0.1
13154,5,0.2,0.3333333333333333,0.33916020527361607,0.2,0.2,0.6,0.25,0.33916020527361607,0.6,0.3
19764,1,0.0,0.0,0.0,0.0,0.0,0.0,0.0,0.0,0.0,0.0
18583,1,0.0,0.0,0.0,0.0,0.0,1.0,0.0,0.0,1.0,0.1
18233,1,0.0,0.0,0.0,0.0,0.0,0.0,0.0,0.0,0.0,0.0
6843,20,0.4,0.6,0.5531464700081437,0.1,0.4,0.3,0.43636363636363634,0.43735247915031,0.15,0.3
17336,1,0.0,0.0,0.0,0.0,0.0,0.0,0.0,0.0,0.0,0.0
8161,1,0.0,0.0,0.0,0.0,0.0,0.0,0.0,0.0,0.0,0.0
2684,5,0.0,0.0,0.0,0.0,0.0,0.0,0.0,0.0,0.0,0.0
22246,1,0.0,0.0,0.0,0.0,0.0,0.0,0.0,0.0,0.0,0.0
16446,6,0.0,0.0,0.0,0.0,0.0,0.0,0.0,0.0,0.0,0.0
21848,11,0.2,0.3333333333333333,0.33916020527361607,0.09090909090909091,0.2,0.1,0.18181818181818182,0.22009176629808014,0.09090909090909091,0.1
12748,6,0.0,0.0,0.0,0.0,0.0,0.16666666666666666,0.0,0.0,0.16666666666666666,0.1
10929,19,0.4,0.39999999999999997,0.4703652827859578,0.10526315789473684,0.4,0.3,0.38181818181818183,0.3836331529183764,0.15789473684210525,0.3
21492,3,0.0,0.0,0.0,0.0,0.0,0.3333333333333333,0.0,0.0,0.3333333333333333,0.1
5950,14,0.6,0.39999999999999997,0.4468535299918562,0.21428571428571427,0.6,0.3,0.38181818181818183,0.28997736516021183,0.21428571428571427,0.3
7101,10,0.0,0.0,0.0,0.0,0.0,0.0,0.0,0.0,0.0,0.0
19422,7,0.2,0.06666666666666665,0.13120507751234176,0.14285714285714285,0.2,0.2857142857142857,0.12244897959183672,0.10633668103022983,0.2857142857142857,0.2
11729,6,0.2,0.13333333333333333,0.14606834984270645,0.16666666666666666,0.2,0.16666666666666666,0.15555555555555556,0.13032376591037065,0.16666666666666666,0.1
2205,3,0.3333333333333333,0.33333333333333337,0.29608191096586517,0.3333333333333333,0.2,0.3333333333333333,0.3333333333333333,0.29608191096586517,0.3333333333333333,0.1
8228,3,0.0,0.0,0.0,0.0,0.0,0.0,0.0,0.0,0.0,0.0
4948,5,0.2,0.3333333333333333,0.33916020527361607,0.2,0.2,0.2,0.25,0.33916020527361607,0.2,0.1
13946,2,0.5,0.5555555555555556,0.6131471927654584,0.5,0.2,1.0,0.5263157894736842,0.6131471927654584,1.0,0.2
22451,1,0.0,0.0,0.0,0.0,0.0,0.0,0.0,0.0,0.0,0.0
21444,13,0.2,0.26666666666666666,0.2139862647345275,0.07692307692307693,0.2,0.1,0.16363636363636364,0.1388624438735545,0.07692307692307693,0.1
13977,18,0.4,0.5333333333333333,0.5087403079104241,0.1111111111111111,0.4,0.2,0.32727272727272727,0.3301376494471202,0.1111111111111111,0.2
20995,17,0.0,0.0,0.0,0.0,0.0,0.1,0.05454545454545456,0.06943122193677725,0.058823529411764705,0.1
13777,4,0.0,0.0,0.0,0.0,0.0,0.0,0.0,0.0,0.0,0.0
16496,5,0.2,0.19999999999999998,0.16958010263680803,0.2,0.2,0.2,0.2,0.16958010263680803,0.2,0.1
7843,9,0.6,0.6,0.6399453854227659,0.3333333333333333,0.6,0.3333333333333333,0.4444444444444444,0.44349635474070687,0.3333333333333333,0.3
18910,1,0.0,0.0,0.0,0.0,0.0,0.0,0.0,0.0,0.0,0.0
19032,3,0.3333333333333333,0.4166666666666667,0.46927872602275644,0.3333333333333333,0.2,0.3333333333333333,0.37037037037037035,0.46927872602275644,0.3333333333333333,0.1
15478,8,0.2,0.3333333333333333,0.33916020527361607,0.125,0.2,0.125,0.1923076923076923,0.2529427027676571,0.125,0.1
7940,5,0.2,0.26666666666666666,0.2139862647345275,0.2,0.2,0.2,0.225,0.2139862647345275,0.2,0.1
12319,5,0.2,0.3333333333333333,0.33916020527361607,0.2,0.2,0.2,0.25,0.33916020527361607,0.2,0.1
12143,20,0.0,0.0,0.0,0.0,0.0,0.0,0.0,0.0,0.0,0.0
1881,1,0.0,0.0,0.0,0.0,0.0,0.0,0.0,0.0,0.0,0.0
4755,7,0.2,0.3333333333333333,0.33916020527361607,0.14285714285714285,0.2,0.14285714285714285,0.2040816326530612,0.27487633291429087,0.14285714285714285,0.1
18298,21,0.2,0.19999999999999998,0.16958010263680803,0.047619047619047616,0.2,0.1,0.14545454545454548,0.11004588314904007,0.047619047619047616,0.1
11128,9,0.0,0.0,0.0,0.0,0.0,0.0,0.0,0.0,0.0,0.0
1486,2,0.0,0.0,0.0,0.0,0.0,0.0,0.0,0.0,0.0,0.0
13710,23,0.0,0.0,0.0,0.0,0.0,0.0,0.0,0.0,0.0,0.0
7514,2,0.0,0.0,0.0,0.0,0.0,0.0,0.0,0.0,0.0,0.0
20122,8,0.0,0.0,0.0,0.0,0.0,0.0,0.0,0.0,0.0,0.0
9664,1,0.0,0.0,0.0,0.0,0.0,0.0,0.0,0.0,0.0,0.0
2016,1,0.0,0.0,0.0,0.0,0.0,0.0,0.0,0.0,0.0,0.0
14335,29,0.6,0.6,0.529634717214042,0.10344827586206896,0.6,0.5,0.5090909090909091,0.4767487015278743,0.1724137931034483,0.5
18561,10,0.0,0.0,0.0,0.0,0.0,0.0,0.0,0.0,0.0,0.0
7425,1,0.0,0.0,0.0,0.0,0.0,0.0,0.0,0.0,0.0,0.0
9003,10,0.2,0.3333333333333333,0.33916020527361607,0.1,0.2,0.1,0.18181818181818182,0.22009176629808014,0.1,0.1
19797,15,0.2,0.26666666666666666,0.2139862647345275,0.06666666666666667,0.2,0.4,0.309090909090909,0.34713572450557056,0.26666666666666666,0.4
2700,25,0.2,0.26666666666666666,0.2139862647345275,0.04,0.2,0.1,0.16363636363636364,0.1388624438735545,0.04,0.1
18521,8,0.0,0.0,0.0,0.0,0.0,0.0,0.0,0.0,0.0,0.0
12521,11,0.0,0.0,0.0,0.0,0.0,0.0,0.0,0.0,0.0,0.0
3879,18,0.4,0.4666666666666666,0.38356636737133554,0.1111111111111111,0.4,0.2,0.30909090909090914,0.24890832702259458,0.1111111111111111,0.2
18855,20,0.6,0.6666666666666666,0.6843515475204854,0.15,0.6,0.5,0.5454545454545454,0.579782773204422,0.25,0.5
13670,17,0.2,0.06666666666666665,0.13120507751234176,0.058823529411764705,0.2,0.3,0.1636363636363636,0.21501812929496167,0.17647058823529413,0.3
22020,4,0.25,0.35714285714285715,0.39038004999210163,0.25,0.2,0.5,0.2941176470588235,0.39038004999210163,0.5,0.2
5381,8,0.0,0.0,0.0,0.0,0.0,0.0,0.0,0.0,0.0,0.0
18401,1,0.0,0.0,0.0,0.0,0.0,0.0,0.0,0.0,0.0,0.0
8449,5,0.0,0.0,0.0,0.0,0.0,0.0,0.0,0.0,0.0,0.0
1872,22,0.6,0.5333333333333333,0.6164336326286642,0.13636363636363635,0.6,0.4,0.509090909090909,0.4784215172879272,0.18181818181818182,0.4
5880,5,0.2,0.3333333333333333,0.33916020527361607,0.2,0.2,0.2,0.25,0.33916020527361607,0.2,0.1
14042,7,0.2,0.06666666666666665,0.13120507751234176,0.14285714285714285,0.2,0.14285714285714285,0.12244897959183672,0.10633668103022983,0.14285714285714285,0.1
7715,2,0.0,0.0,0.0,0.0,0.0,0.0,0.0,0.0,0.0,0.0
2057,5,0.0,0.0,0.0,0.0,0.0,0.0,0.0,0.0,0.0,0.0
20767,14,0.0,0.0,0.0,0.0,0.0,0.1,0.036363636363636355,0.06625422345438903,0.07142857142857142,0.1
22145,17,0.4,0.3333333333333333,0.34519134224686926,0.11764705882352941,0.4,0.2,0.2727272727272727,0.22400556151517548,0.11764705882352941,0.2
601,5,0.0,0.0,0.0,0.0,0.0,0.0,0.0,0.0,0.0,0.0
18941,5,0.0,0.0,0.0,0.0,0.0,0.0,0.0,0.0,0.0,0.0
4839,3,0.3333333333333333,0.33333333333333337,0.29608191096586517,0.3333333333333333,0.2,0.3333333333333333,0.3333333333333333,0.29608191096586517,0.3333333333333333,0.1
4993,3,0.0,0.0,0.0,0.0,0.0,0.0,0.0,0.0,0.0,0.0
2009,1,0.0,0.0,0.0,0.0,0.0,1.0,0.0,0.0,1.0,0.1
16806,5,0.2,0.3333333333333333,0.33916020527361607,0.2,0.2,0.2,0.25,0.33916020527361607,0.2,0.1
14476,4,0.0,0.0,0.0,0.0,0.0,0.0,0.0,0.0,0.0,0.0
11348,1,0.0,0.0,0.0,0.0,0.0,0.0,0.0,0.0,0.0,0.0
6106,9,0.2,0.3333333333333333,0.33916020527361607,0.1111111111111111,0.2,0.1111111111111111,0.18518518518518517,0.23504554941448538,0.1111111111111111,0.1
7852,9,0.0,0.0,0.0,0.0,0.0,0.0,0.0,0.0,0.0,0.0
1684,3,0.0,0.0,0.0,0.0,0.0,0.0,0.0,0.0,0.0,0.0
22259,1,0.0,0.0,0.0,0.0,0.0,0.0,0.0,0.0,0.0,0.0
19693,10,0.0,0.0,0.0,0.0,0.0,0.0,0.0,0.0,0.0,0.0
8548,4,0.0,0.0,0.0,0.0,0.0,0.0,0.0,0.0,0.0,0.0
10716,14,0.0,0.0,0.0,0.0,0.0,0.1,0.05454545454545456,0.06943122193677725,0.07142857142857142,0.1
7403,2,0.0,0.0,0.0,0.0,0.0,0.0,0.0,0.0,0.0,0.0
21868,8,0.4,0.4000000000000001,0.3600546145772339,0.25,0.4,0.375,0.3076923076923077,0.2685255697426522,0.375,0.3
3820,5,0.0,0.0,0.0,0.0,0.0,0.0,0.0,0.0,0.0,0.0
9716,1,0.0,0.0,0.0,0.0,0.0,0.0,0.0,0.0,0.0,0.0
2356,23,0.6,0.7333333333333334,0.6992148198508501,0.13043478260869565,0.6,0.3,0.47272727272727266,0.4537425745411855,0.13043478260869565,0.3
1474,1,1.0,1.0,1.0,1.0,0.2,1.0,1.0,1.0,1.0,0.1
2122,11,0.0,0.0,0.0,0.0,0.0,0.1,0.05454545454545456,0.06943122193677725,0.09090909090909091,0.1
13042,26,0.2,0.19999999999999998,0.16958010263680803,0.038461538461538464,0.2,0.2,0.2,0.17947710508581735,0.07692307692307693,0.2
22044,1,0.0,0.0,0.0,0.0,0.0,0.0,0.0,0.0,0.0,0.0
13098,1,0.0,0.0,0.0,0.0,0.0,0.0,0.0,0.0,0.0,0.0
17325,5,0.2,0.06666666666666665,0.13120507751234176,0.2,0.2,0.2,0.15,0.13120507751234176,0.2,0.1
16040,7,0.2,0.3333333333333333,0.33916020527361607,0.14285714285714285,0.2,0.14285714285714285,0.2040816326530612,0.27487633291429087,0.14285714285714285,0.1
9638,2,0.0,0.0,0.0,0.0,0.0,0.0,0.0,0.0,0.0,0.0
9823,19,0.4,0.39999999999999997,0.4703652827859578,0.10526315789473684,0.4,0.3,0.32727272727272727,0.37148910739409013,0.15789473684210525,0.3
9627,2,0.0,0.0,0.0,0.0,0.0,0.0,0.0,0.0,0.0,0.0
16625,2,0.0,0.0,0.0,0.0,0.0,0.0,0.0,0.0,0.0,0.0
7029,13,0.0,0.0,0.0,0.0,0.0,0.0,0.0,0.0,0.0,0.0
19404,17,0.0,0.0,0.0,0.0,0.0,0.1,0.05454545454545456,0.06943122193677725,0.058823529411764705,0.1
2901,2,0.0,0.0,0.0,0.0,0.0,0.0,0.0,0.0,0.0,0.0
9038,25,0.6,0.6,0.529634717214042,0.12,0.6,0.4,0.5090909090909091,0.4170606134915054,0.16,0.4
8759,14,0.4,0.6,0.5531464700081437,0.14285714285714285,0.4,0.2,0.34545454545454546,0.3589542101716347,0.14285714285714285,0.2
5993,4,0.0,0.0,0.0,0.0,0.0,0.0,0.0,0.0,0.0,0.0
19222,13,0.2,0.26666666666666666,0.2139862647345275,0.07692307692307693,0.2,0.1,0.16363636363636364,0.1388624438735545,0.07692307692307693,0.1
11823,5,0.0,0.0,0.0,0.0,0.0,0.0,0.0,0.0,0.0,0.0
300,6,0.2,0.3333333333333333,0.33916020527361607,0.16666666666666666,0.2,0.16666666666666666,0.2222222222222222,0.30260241349881345,0.16666666666666666,0.1
22226,1,0.0,0.0,0.0,0.0,0.0,0.0,0.0,0.0,0.0,0.0
515,10,0.2,0.26666666666666666,0.2139862647345275,0.1,0.2,0.1,0.16363636363636364,0.1388624438735545,0.1,0.1
21096,27,0.4,0.4666666666666666,0.48522855511632257,0.07407407407407407,0.4,0.2,0.3090909090909091,0.31488013066763093,0.07407407407407407,0.2
15415,2,0.0,0.0,0.0,0.0,0.0,0.0,0.0,0.0,0.0,0.0
4711,28,0.4,0.26666666666666666,0.3007851801491498,0.07142857142857142,0.4,0.3,0.3090909090909091,0.2646202227274383,0.10714285714285714,0.3
15103,1,0.0,0.0,0.0,0.0,0.0,0.0,0.0,0.0,0.0,0.0
11433,10,0.2,0.26666666666666666,0.2139862647345275,0.1,0.2,0.1,0.16363636363636364,0.1388624438735545,0.1,0.1
8318,2,0.0,0.0,0.0,0.0,0.0,0.0,0.0,0.0,0.0,0.0
11882,6,0.0,0.0,0.0,0.0,0.0,0.16666666666666666,0.0,0.0,0.16666666666666666,0.1
9896,1,0.0,0.0,0.0,0.0,0.0,0.0,0.0,0.0,0.0,0.0
1476,1,0.0,0.0,0.0,0.0,0.0,0.0,0.0,0.0,0.0,0.0
16377,3,0.0,0.0,0.0,0.0,0.0,0.0,0.0,0.0,0.0,0.0
11146,30,0.6,0.6,0.6399453854227659,0.1,0.6,0.3,0.43636363636363634,0.4152807670887412,0.1,0.3
15616,7,0.0,0.0,0.0,0.0,0.0,0.0,0.0,0.0,0.0,0.0
9491,4,0.0,0.0,0.0,0.0,0.0,0.0,0.0,0.0,0.0,0.0
14711,20,0.6,0.6666666666666666,0.6548086577531306,0.15,0.6,0.5,0.5636363636363636,0.5669450709942979,0.25,0.5
11238,5,0.2,0.3333333333333333,0.33916020527361607,0.2,0.2,0.2,0.25,0.33916020527361607,0.2,0.1
6564,3,0.0,0.0,0.0,0.0,0.0,0.0,0.0,0.0,0.0,0.0
7138,6,0.0,0.0,0.0,0.0,0.0,0.0,0.0,0.0,0.0,0.0
21415,2,0.0,0.0,0.0,0.0,0.0,0.0,0.0,0.0,0.0,0.0
7952,3,0.0,0.0,0.0,0.0,0.0,0.0,0.0,0.0,0.0,0.0
8141,7,0.4,0.6,0.5531464700081437,0.2857142857142857,0.4,0.2857142857142857,0.38775510204081626,0.4483039899025303,0.2857142857142857,0.2
17198,3,0.0,0.0,0.0,0.0,0.0,0.3333333333333333,0.0,0.0,0.3333333333333333,0.1
4141,16,0.0,0.0,0.0,0.0,0.0,0.0,0.0,0.0,0.0,0.0
8956,6,0.0,0.0,0.0,0.0,0.0,0.0,0.0,0.0,0.0,0.0
18025,1,1.0,0.0,0.0,1.0,0.2,1.0,0.0,0.0,1.0,0.1
11160,4,0.0,0.0,0.0,0.0,0.0,0.25,0.0,0.0,0.25,0.1
20368,4,0.0,0.0,0.0,0.0,0.0,0.0,0.0,0.0,0.0,0.0
1176,3,0.0,0.0,0.0,0.0,0.0,0.3333333333333333,0.0,0.0,0.3333333333333333,0.1
9977,6,0.2,0.13333333333333333,0.14606834984270645,0.16666666666666666,0.2,0.16666666666666666,0.15555555555555556,0.13032376591037065,0.16666666666666666,0.1
3548,5,0.0,0.0,0.0,0.0,0.0,0.0,0.0,0.0,0.0,0.0
16925,28,0.2,0.3333333333333333,0.33916020527361607,0.03571428571428571,0.2,0.1,0.18181818181818182,0.22009176629808014,0.03571428571428571,0.1
4994,6,0.0,0.0,0.0,0.0,0.0,0.0,0.0,0.0,0.0,0.0
13085,2,0.0,0.0,0.0,0.0,0.0,0.0,0.0,0.0,0.0,0.0
6499,3,0.0,0.0,0.0,0.0,0.0,0.0,0.0,0.0,0.0,0.0
3827,6,0.0,0.0,0.0,0.0,0.0,0.0,0.0,0.0,0.0,0.0
8298,14,0.2,0.3333333333333333,0.33916020527361607,0.07142857142857142,0.2,0.1,0.18181818181818182,0.22009176629808014,0.07142857142857142,0.1
3719,4,0.0,0.0,0.0,0.0,0.0,0.0,0.0,0.0,0.0,0.0
9794,2,0.0,0.0,0.0,0.0,0.0,0.0,0.0,0.0,0.0,0.0
1897,29,0.0,0.0,0.0,0.0,0.0,0.2,0.09090909090909091,0.13698471029831175,0.06896551724137931,0.2
1085,14,0.0,0.0,0.0,0.0,0.0,0.0,0.0,0.0,0.0,0.0
14558,2,0.0,0.0,0.0,0.0,0.0,0.5,0.0,0.0,0.5,0.1
2682,4,0.0,0.0,0.0,0.0,0.0,0.0,0.0,0.0,0.0,0.0
3375,7,0.0,0.0,0.0,0.0,0.0,0.0,0.0,0.0,0.0,0.0
19157,3,0.0,0.0,0.0,0.0,0.0,0.0,0.0,0.0,0.0,0.0
6852,10,0.4,0.6,0.5531464700081437,0.2,0.4,0.2,0.34545454545454546,0.3589542101716347,0.2,0.2
3169,17,0.2,0.13333333333333333,0.14606834984270645,0.058823529411764705,0.2,0.1,0.12727272727272726,0.09478836436955078,0.058823529411764705,0.1
17297,2,0.5,0.0,0.0,0.5,0.2,0.5,0.0,0.0,0.5,0.1
2,25,0.4,0.6,0.5531464700081437,0.08,0.4,0.2,0.34545454545454546,0.3589542101716347,0.08,0.2
4074,19,0.2,0.3333333333333333,0.33916020527361607,0.05263157894736842,0.2,0.2,0.2545454545454545,0.29345568839744024,0.10526315789473684,0.2
3240,4,0.25,0.2142857142857143,0.19519002499605081,0.25,0.2,0.5,0.23529411764705882,0.19519002499605081,0.5,0.2
9672,6,0.4,0.4000000000000001,0.3600546145772339,0.3333333333333333,0.4,0.3333333333333333,0.35555555555555557,0.32124463208930526,0.3333333333333333,0.2
19237,2,0.0,0.0,0.0,0.0,0.0,0.0,0.0,0.0,0.0,0.0
6904,1,0.0,0.0,0.0,0.0,0.0,0.0,0.0,0.0,0.0,0.0
1022,20,0.2,0.06666666666666665,0.13120507751234176,0.05,0.2,0.2,0.16363636363636364,0.15457433957839825,0.1,0.2
10672,7,0.2,0.3333333333333333,0.33916020527361607,0.14285714285714285,0.2,0.14285714285714285,0.2040816326530612,0.27487633291429087,0.14285714285714285,0.1
16464,14,0.4,0.4000000000000001,0.3600546145772339,0.14285714285714285,0.4,0.2,0.29090909090909095,0.23365080824310527,0.14285714285714285,0.2
20072,19,0.2,0.26666666666666666,0.2139862647345275,0.05263157894736842,0.2,0.2,0.23636363636363636,0.21222636597291453,0.10526315789473684,0.2
21961,4,0.25,0.14285714285714288,0.16812753627111746,0.25,0.2,0.25,0.20588235294117643,0.16812753627111746,0.25,0.1
16026,7,0.4,0.5333333333333333,0.5087403079104241,0.2857142857142857,0.4,0.2857142857142857,0.36734693877551017,0.4123144993714362,0.2857142857142857,0.2
3525,5,0.0,0.0,0.0,0.0,0.0,0.0,0.0,0.0,0.0,0.0
13423,11,0.2,0.3333333333333333,0.33916020527361607,0.09090909090909091,0.2,0.1,0.18181818181818182,0.22009176629808014,0.09090909090909091,0.1
12988,4,0.25,0.28571428571428575,0.2463023887407299,0.25,0.2,0.25,0.2647058823529412,0.2463023887407299,0.25,0.1
6034,1,0.0,0.0,0.0,0.0,0.0,0.0,0.0,0.0,0.0,0.0
21807,4,0.0,0.0,0.0,0.0,0.0,0.0,0.0,0.0,0.0,0.0
8115,30,0.4,0.3333333333333333,0.34519134224686926,0.06666666666666667,0.4,0.3,0.32727272727272727,0.29343678345195273,0.1,0.3
2069,3,0.3333333333333333,0.0,0.0,0.3333333333333333,0.2,0.3333333333333333,0.0,0.0,0.3333333333333333,0.1
5016,2,0.5,0.4444444444444445,0.3868528072345415,0.5,0.2,0.5,0.4736842105263158,0.3868528072345415,0.5,0.1
20249,2,0.0,0.0,0.0,0.0,0.0,0.0,0.0,0.0,0.0,0.0
17070,13,0.0,0.0,0.0,0.0,0.0,0.2,0.09090909090909091,0.13568544539116628,0.15384615384615385,0.2
12,1,0.0,0.0,0.0,0.0,0.0,0.0,0.0,0.0,0.0,0.0
15285,14,0.0,0.0,0.0,0.0,0.0,0.0,0.0,0.0,0.0,0.0
14283,11,0.2,0.3333333333333333,0.33916020527361607,0.09090909090909091,0.2,0.1,0.18181818181818182,0.22009176629808014,0.09090909090909091,0.1
14523,4,0.0,0.0,0.0,0.0,0.0,0.0,0.0,0.0,0.0,0.0
1231,9,0.8,0.9333333333333332,0.8687949224876582,0.4444444444444444,0.8,0.4444444444444444,0.6296296296296297,0.6020941629041774,0.4444444444444444,0.4
11264,3,0.0,0.0,0.0,0.0,0.0,0.0,0.0,0.0,0.0,0.0
32,20,0.4,0.39999999999999997,0.4703652827859578,0.1,0.4,0.3,0.38181818181818183,0.3836331529183764,0.15,0.3
15833,3,1.0,1.0,1.0,1.0,0.6,1.0,1.0,1.0,1.0,0.3
10631,1,0.0,0.0,0.0,0.0,0.0,0.0,0.0,0.0,0.0,0.0
20874,2,0.0,0.0,0.0,0.0,0.0,0.0,0.0,0.0,0.0,0.0
13553,12,0.4,0.5333333333333333,0.5087403079104241,0.16666666666666666,0.4,0.2,0.32727272727272727,0.3301376494471202,0.16666666666666666,0.2
20282,4,0.0,0.0,0.0,0.0,0.0,0.0,0.0,0.0,0.0,0.0
13214,6,0.0,0.0,0.0,0.0,0.0,0.0,0.0,0.0,0.0,0.0
2280,10,0.2,0.19999999999999998,0.16958010263680803,0.1,0.2,0.1,0.14545454545454548,0.11004588314904007,0.1,0.1
8797,3,0.0,0.0,0.0,0.0,0.0,0.0,0.0,0.0,0.0,0.0
12549,3,0.0,0.0,0.0,0.0,0.0,0.0,0.0,0.0,0.0,0.0
6017,16,0.2,0.13333333333333333,0.14606834984270645,0.0625,0.2,0.2,0.14545454545454545,0.15840915256850246,0.125,0.2
4065,15,0.0,0.0,0.0,0.0,0.0,0.2,0.10909090909090909,0.13961814555374907,0.13333333333333333,0.2
20561,7,0.0,0.0,0.0,0.0,0.0,0.0,0.0,0.0,0.0,0.0
19007,5,0.2,0.19999999999999998,0.16958010263680803,0.2,0.2,0.2,0.2,0.16958010263680803,0.2,0.1
871,3,0.0,0.0,0.0,0.0,0.0,0.0,0.0,0.0,0.0,0.0
1901,3,0.0,0.0,0.0,0.0,0.0,0.0,0.0,0.0,0.0,0.0
10786,2,0.0,0.0,0.0,0.0,0.0,0.0,0.0,0.0,0.0,0.0
895,3,0.0,0.0,0.0,0.0,0.0,0.3333333333333333,0.0,0.0,0.3333333333333333,0.1
9045,8,0.2,0.3333333333333333,0.33916020527361607,0.125,0.2,0.125,0.1923076923076923,0.2529427027676571,0.125,0.1
21151,1,0.0,0.0,0.0,0.0,0.0,0.0,0.0,0.0,0.0,0.0
8763,2,0.0,0.0,0.0,0.0,0.0,0.0,0.0,0.0,0.0,0.0
439,8,0.2,0.26666666666666666,0.2139862647345275,0.125,0.2,0.125,0.17307692307692307,0.1595890771248963,0.125,0.1
6343,7,0.4,0.4666666666666666,0.38356636737133554,0.2857142857142857,0.4,0.42857142857142855,0.3469387755102041,0.3108658234453848,0.42857142857142855,0.3
1834,3,0.0,0.0,0.0,0.0,0.0,0.0,0.0,0.0,0.0,0.0
17491,12,0.0,0.0,0.0,0.0,0.0,0.1,0.05454545454545456,0.06943122193677725,0.08333333333333333,0.1
98,5,0.2,0.19999999999999998,0.16958010263680803,0.2,0.2,0.4,0.2,0.16958010263680803,0.4,0.2
20228,16,0.2,0.26666666666666666,0.2139862647345275,0.0625,0.2,0.1,0.16363636363636364,0.1388624438735545,0.0625,0.1
7261,8,0.4,0.5333333333333333,0.5087403079104241,0.25,0.4,0.25,0.34615384615384615,0.37941405415148566,0.25,0.2
14180,6,0.2,0.3333333333333333,0.33916020527361607,0.16666666666666666,0.2,0.16666666666666666,0.2222222222222222,0.30260241349881345,0.16666666666666666,0.1
5970,13,0.2,0.13333333333333333,0.14606834984270645,0.07692307692307693,0.2,0.2,0.1636363636363636,0.16104258782393982,0.15384615384615385,0.2
21721,3,0.0,0.0,0.0,0.0,0.0,0.0,0.0,0.0,0.0,0.0
19547,22,0.2,0.26666666666666666,0.2139862647345275,0.045454545454545456,0.2,0.1,0.16363636363636364,0.1388624438735545,0.045454545454545456,0.1
551,21,0.2,0.26666666666666666,0.2139862647345275,0.047619047619047616,0.2,0.1,0.16363636363636364,0.1388624438735545,0.047619047619047616,0.1
17530,3,0.0,0.0,0.0,0.0,0.0,0.0,0.0,0.0,0.0,0.0
7045,1,0.0,0.0,0.0,0.0,0.0,0.0,0.0,0.0,0.0,0.0
1119,2,0.0,0.0,0.0,0.0,0.0,0.0,0.0,0.0,0.0,0.0
8550,22,0.8,0.9333333333333332,0.8687949224876582,0.18181818181818182,0.8,0.7,0.781818181818182,0.772837825180752,0.3181818181818182,0.7
15680,5,0.2,0.13333333333333333,0.14606834984270645,0.2,0.2,0.2,0.175,0.14606834984270645,0.2,0.1
14987,2,0.0,0.0,0.0,0.0,0.0,0.0,0.0,0.0,0.0,0.0
7085,10,0.0,0.0,0.0,0.0,0.0,0.1,0.018181818181818177,0.0636207881989517,0.1,0.1
16948,5,0.4,0.26666666666666666,0.3007851801491498,0.4,0.4,0.4,0.35,0.3007851801491498,0.4,0.2
19217,3,0.0,0.0,0.0,0.0,0.0,0.0,0.0,0.0,0.0,0.0
11961,1,0.0,0.0,0.0,0.0,0.0,0.0,0.0,0.0,0.0,0.0
6972,2,0.5,0.0,0.0,0.5,0.2,0.5,0.0,0.0,0.5,0.1
17835,10,0.2,0.19999999999999998,0.16958010263680803,0.1,0.2,0.2,0.18181818181818182,0.1763001066034291,0.2,0.2
14051,1,0.0,0.0,0.0,0.0,0.0,0.0,0.0,0.0,0.0,0.0
20644,2,0.0,0.0,0.0,0.0,0.0,0.0,0.0,0.0,0.0,0.0
11327,6,0.2,0.3333333333333333,0.33916020527361607,0.16666666666666666,0.2,0.16666666666666666,0.2222222222222222,0.30260241349881345,0.16666666666666666,0.1
14364,13,0.2,0.13333333333333333,0.14606834984270645,0.07692307692307693,0.2,0.1,0.12727272727272726,0.09478836436955078,0.07692307692307693,0.1
17290,1,0.0,0.0,0.0,0.0,0.0,0.0,0.0,0.0,0.0,0.0
1325,3,0.3333333333333333,0.4166666666666667,0.46927872602275644,0.3333333333333333,0.2,0.3333333333333333,0.37037037037037035,0.46927872602275644,0.3333333333333333,0.1
13942,7,0.0,0.0,0.0,0.0,0.0,0.0,0.0,0.0,0.0,0.0
7898,1,0.0,0.0,0.0,0.0,0.0,0.0,0.0,0.0,0.0,0.0
5396,11,0.0,0.0,0.0,0.0,0.0,0.1,0.018181818181818177,0.0636207881989517,0.09090909090909091,0.1
15821,8,0.2,0.13333333333333333,0.14606834984270645,0.125,0.2,0.125,0.1346153846153846,0.1089364926177559,0.125,0.1
16172,2,0.5,0.0,0.0,0.5,0.2,0.5,0.0,0.0,0.5,0.1
3125,5,0.0,0.0,0.0,0.0,0.0,0.0,0.0,0.0,0.0,0.0
14692,5,0.0,0.0,0.0,0.0,0.0,0.0,0.0,0.0,0.0,0.0
8375,1,0.0,0.0,0.0,0.0,0.0,0.0,0.0,0.0,0.0,0.0
7874,3,0.3333333333333333,0.4166666666666667,0.46927872602275644,0.3333333333333333,0.2,0.3333333333333333,0.37037037037037035,0.46927872602275644,0.3333333333333333,0.1
22095,2,0.0,0.0,0.0,0.0,0.0,0.0,0.0,0.0,0.0,0.0
11594,8,0.2,0.26666666666666666,0.2139862647345275,0.125,0.2,0.125,0.17307692307692307,0.1595890771248963,0.125,0.1
2059,1,0.0,0.0,0.0,0.0,0.0,0.0,0.0,0.0,0.0,0.0
22290,4,0.25,0.28571428571428575,0.2463023887407299,0.25,0.2,0.25,0.2647058823529412,0.2463023887407299,0.25,0.1
14554,8,0.4,0.3333333333333333,0.34519134224686926,0.25,0.4,0.25,0.28846153846153844,0.25744067176005675,0.25,0.2
18119,1,1.0,0.0,0.0,1.0,0.2,1.0,0.0,0.0,1.0,0.1
7373,17,0.4,0.3333333333333333,0.31564845247951445,0.11764705882352941,0.4,0.4,0.41818181818181815,0.3526637384340434,0.23529411764705882,0.4
15057,13,0.0,0.0,0.0,0.0,0.0,0.0,0.0,0.0,0.0,0.0
1697,2,0.5,0.0,0.0,0.5,0.2,0.5,0.0,0.0,0.5,0.1
6044,4,0.0,0.0,0.0,0.0,0.0,0.25,0.0,0.0,0.25,0.1
20538,25,0.0,0.0,0.0,0.0,0.0,0.0,0.0,0.0,0.0,0.0
1797,4,0.0,0.0,0.0,0.0,0.0,0.25,0.0,0.0,0.25,0.1
17797,7,0.0,0.0,0.0,0.0,0.0,0.0,0.0,0.0,0.0,0.0
10849,9,0.0,0.0,0.0,0.0,0.0,0.1111111111111111,0.05555555555555556,0.07414861528507453,0.1111111111111111,0.1
3074,22,0.4,0.4666666666666666,0.48522855511632257,0.09090909090909091,0.4,0.3,0.4,0.3932783996463063,0.13636363636363635,0.3
1186,14,0.0,0.0,0.0,0.0,0.0,0.0,0.0,0.0,0.0,0.0
4638,1,0.0,0.0,0.0,0.0,0.0,0.0,0.0,0.0,0.0,0.0
4640,1,0.0,0.0,0.0,0.0,0.0,0.0,0.0,0.0,0.0,0.0
10887,6,0.2,0.3333333333333333,0.33916020527361607,0.16666666666666666,0.2,0.16666666666666666,0.2222222222222222,0.30260241349881345,0.16666666666666666,0.1
18286,20,0.6,0.7999999999999999,0.7227265726449518,0.15,0.6,0.4,0.5090909090909091,0.5326208815196265,0.2,0.4
1730,2,0.5,0.5555555555555556,0.6131471927654584,0.5,0.2,0.5,0.5263157894736842,0.6131471927654584,0.5,0.1
2542,14,0.4,0.3333333333333333,0.31564845247951445,0.14285714285714285,0.4,0.2,0.2727272727272727,0.20483424751859083,0.14285714285714285,0.2
2259,2,0.0,0.0,0.0,0.0,0.0,0.0,0.0,0.0,0.0,0.0
21632,5,0.0,0.0,0.0,0.0,0.0,0.0,0.0,0.0,0.0,0.0
12688,16,0.0,0.0,0.0,0.0,0.0,0.0,0.0,0.0,0.0,0.0
18988,4,0.0,0.0,0.0,0.0,0.0,0.0,0.0,0.0,0.0,0.0
6441,2,0.5,0.0,0.0,0.5,0.2,0.5,0.0,0.0,0.5,0.1
11724,2,0.0,0.0,0.0,0.0,0.0,0.0,0.0,0.0,0.0,0.0
9447,18,0.2,0.26666666666666666,0.2139862647345275,0.05555555555555555,0.2,0.1,0.16363636363636364,0.1388624438735545,0.05555555555555555,0.1
3828,1,0.0,0.0,0.0,0.0,0.0,0.0,0.0,0.0,0.0,0.0
4244,9,0.4,0.4666666666666666,0.38356636737133554,0.2222222222222222,0.4,0.2222222222222222,0.3148148148148148,0.26582000527739175,0.2222222222222222,0.2
15093,21,0.2,0.3333333333333333,0.33916020527361607,0.047619047619047616,0.2,0.4,0.36363636363636365,0.4341754806679218,0.19047619047619047,0.4
20058,4,0.0,0.0,0.0,0.0,0.0,0.0,0.0,0.0,0.0,0.0
13309,4,0.0,0.0,0.0,0.0,0.0,0.0,0.0,0.0,0.0,0.0
20394,12,0.0,0.0,0.0,0.0,0.0,0.0,0.0,0.0,0.0,0.0
126,2,0.0,0.0,0.0,0.0,0.0,0.0,0.0,0.0,0.0,0.0
9801,1,1.0,1.0,1.0,1.0,0.2,1.0,1.0,1.0,1.0,0.1
490,5,0.0,0.0,0.0,0.0,0.0,0.0,0.0,0.0,0.0,0.0
17962,12,0.2,0.3333333333333333,0.33916020527361607,0.08333333333333333,0.2,0.2,0.23636363636363636,0.2895229882348574,0.16666666666666666,0.2
8663,3,0.0,0.0,0.0,0.0,0.0,0.0,0.0,0.0,0.0,0.0
361,5,0.4,0.4666666666666666,0.38356636737133554,0.4,0.4,0.6,0.42500000000000004,0.38356636737133554,0.6,0.3
13405,1,0.0,0.0,0.0,0.0,0.0,0.0,0.0,0.0,0.0,0.0
7114,3,0.6666666666666666,0.4166666666666667,0.46927872602275644,0.6666666666666666,0.4,0.6666666666666666,0.37037037037037035,0.46927872602275644,0.6666666666666666,0.2
521,2,0.5,0.5555555555555556,0.6131471927654584,0.5,0.2,0.5,0.5263157894736842,0.6131471927654584,0.5,0.1
5384,11,0.2,0.13333333333333333,0.14606834984270645,0.09090909090909091,0.2,0.1,0.12727272727272726,0.09478836436955078,0.09090909090909091,0.1
17121,10,0.4,0.4666666666666666,0.48522855511632257,0.2,0.4,0.4,0.4,0.4505655760587972,0.4,0.4
15568,4,0.0,0.0,0.0,0.0,0.0,0.25,0.0,0.0,0.25,0.1
11364,1,0.0,0.0,0.0,0.0,0.0,0.0,0.0,0.0,0.0,0.0
16768,7,0.2,0.06666666666666665,0.13120507751234176,0.14285714285714285,0.2,0.14285714285714285,0.12244897959183672,0.10633668103022983,0.14285714285714285,0.1
16643,3,0.3333333333333333,0.0,0.0,0.3333333333333333,0.2,0.3333333333333333,0.0,0.0,0.3333333333333333,0.1
3333,1,0.0,0.0,0.0,0.0,0.0,0.0,0.0,0.0,0.0,0.0
20305,14,0.2,0.06666666666666665,0.13120507751234176,0.07142857142857142,0.2,0.2,0.12727272727272726,0.14876390584057267,0.14285714285714285,0.2
4943,1,0.0,0.0,0.0,0.0,0.0,0.0,0.0,0.0,0.0,0.0
114,2,0.5,0.0,0.0,0.5,0.2,1.0,0.0,0.0,1.0,0.2
20280,1,0.0,0.0,0.0,0.0,0.0,0.0,0.0,0.0,0.0,0.0
9357,2,0.0,0.0,0.0,0.0,0.0,0.0,0.0,0.0,0.0,0.0
9827,12,0.4,0.3333333333333333,0.31564845247951445,0.16666666666666666,0.4,0.3,0.32727272727272727,0.27426546945536806,0.25,0.3
21676,7,0.0,0.0,0.0,0.0,0.0,0.0,0.0,0.0,0.0,0.0
14849,1,0.0,0.0,0.0,0.0,0.0,0.0,0.0,0.0,0.0,0.0
15644,6,0.0,0.0,0.0,0.0,0.0,0.0,0.0,0.0,0.0,0.0
8378,20,0.0,0.0,0.0,0.0,0.0,0.0,0.0,0.0,0.0,0.0
16802,10,0.0,0.0,0.0,0.0,0.0,0.0,0.0,0.0,0.0,0.0
3893,4,0.25,0.28571428571428575,0.2463023887407299,0.25,0.2,0.25,0.2647058823529412,0.2463023887407299,0.25,0.1
13288,2,0.0,0.0,0.0,0.0,0.0,0.0,0.0,0.0,0.0,0.0
13719,3,0.0,0.0,0.0,0.0,0.0,0.0,0.0,0.0,0.0,0.0
13304,1,1.0,0.0,0.0,1.0,0.2,1.0,0.0,0.0,1.0,0.1
11056,18,0.4,0.26666666666666666,0.3007851801491498,0.1111111111111111,0.4,0.4,0.36363636363636365,0.3372080579682881,0.2222222222222222,0.4
22472,1,0.0,0.0,0.0,0.0,0.0,0.0,0.0,0.0,0.0,0.0
11406,12,0.2,0.26666666666666666,0.2139862647345275,0.08333333333333333,0.2,0.3,0.2545454545454545,0.2758471541718662,0.25,0.3
5828,1,0.0,0.0,0.0,0.0,0.0,0.0,0.0,0.0,0.0,0.0
15667,1,0.0,0.0,0.0,0.0,0.0,0.0,0.0,0.0,0.0,0.0
19029,2,0.0,0.0,0.0,0.0,0.0,0.0,0.0,0.0,0.0,0.0
2314,11,0.0,0.0,0.0,0.0,0.0,0.0,0.0,0.0,0.0,0.0
4387,9,0.0,0.0,0.0,0.0,0.0,0.0,0.0,0.0,0.0,0.0
2037,15,0.0,0.0,0.0,0.0,0.0,0.0,0.0,0.0,0.0,0.0
19493,1,0.0,0.0,0.0,0.0,0.0,0.0,0.0,0.0,0.0,0.0
393,2,0.0,0.0,0.0,0.0,0.0,0.0,0.0,0.0,0.0,0.0
7509,11,0.4,0.4000000000000001,0.3600546145772339,0.18181818181818182,0.4,0.2,0.29090909090909095,0.23365080824310527,0.18181818181818182,0.2
215,2,0.0,0.0,0.0,0.0,0.0,0.0,0.0,0.0,0.0,0.0
2662,10,0.0,0.0,0.0,0.0,0.0,0.1,0.018181818181818177,0.0636207881989517,0.1,0.1
16391,3,0.0,0.0,0.0,0.0,0.0,0.0,0.0,0.0,0.0,0.0
20824,16,0.4,0.4666666666666666,0.48522855511632257,0.125,0.4,0.3,0.4,0.3932783996463063,0.1875,0.3
19958,13,0.0,0.0,0.0,0.0,0.0,0.0,0.0,0.0,0.0,0.0
5851,13,0.4,0.26666666666666666,0.3007851801491498,0.15384615384615385,0.4,0.2,0.2545454545454545,0.19518900079066104,0.15384615384615385,0.2
71,2,0.5,0.5555555555555556,0.6131471927654584,0.5,0.2,0.5,0.5263157894736842,0.6131471927654584,0.5,0.1
6957,3,0.0,0.0,0.0,0.0,0.0,0.0,0.0,0.0,0.0,0.0
19202,14,0.2,0.13333333333333333,0.14606834984270645,0.07142857142857142,0.2,0.1,0.12727272727272726,0.09478836436955078,0.07142857142857142,0.1
16055,22,0.0,0.0,0.0,0.0,0.0,0.0,0.0,0.0,0.0,0.0
8038,1,0.0,0.0,0.0,0.0,0.0,0.0,0.0,0.0,0.0,0.0
14702,1,0.0,0.0,0.0,0.0,0.0,0.0,0.0,0.0,0.0,0.0
17940,3,0.0,0.0,0.0,0.0,0.0,0.0,0.0,0.0,0.0,0.0
19940,3,0.0,0.0,0.0,0.0,0.0,0.3333333333333333,0.0,0.0,0.3333333333333333,0.1
8353,1,0.0,0.0,0.0,0.0,0.0,0.0,0.0,0.0,0.0,0.0
1428,1,0.0,0.0,0.0,0.0,0.0,0.0,0.0,0.0,0.0,0.0
11649,3,0.3333333333333333,0.0,0.0,0.3333333333333333,0.2,0.3333333333333333,0.0,0.0,0.3333333333333333,0.1
16864,2,0.0,0.0,0.0,0.0,0.0,0.0,0.0,0.0,0.0,0.0
6693,2,0.5,0.4444444444444445,0.3868528072345415,0.5,0.2,1.0,0.4736842105263158,0.3868528072345415,1.0,0.2
12640,15,0.4,0.5333333333333333,0.5087403079104241,0.13333333333333333,0.4,0.3,0.4,0.40350157154648025,0.2,0.3
11541,4,0.25,0.28571428571428575,0.2463023887407299,0.25,0.2,0.25,0.2647058823529412,0.2463023887407299,0.25,0.1
19954,3,0.0,0.0,0.0,0.0,0.0,0.0,0.0,0.0,0.0,0.0
7650,1,0.0,0.0,0.0,0.0,0.0,0.0,0.0,0.0,0.0,0.0
18460,10,0.0,0.0,0.0,0.0,0.0,0.0,0.0,0.0,0.0,0.0
7145,2,0.0,0.0,0.0,0.0,0.0,0.0,0.0,0.0,0.0,0.0
15747,13,0.2,0.3333333333333333,0.33916020527361607,0.07692307692307693,0.2,0.2,0.23636363636363636,0.2895229882348574,0.15384615384615385,0.2
8943,1,1.0,0.0,0.0,1.0,0.2,1.0,0.0,0.0,1.0,0.1
6300,9,0.0,0.0,0.0,0.0,0.0,0.0,0.0,0.0,0.0,0.0
20730,3,0.0,0.0,0.0,0.0,0.0,0.0,0.0,0.0,0.0,0.0
8056,8,0.2,0.3333333333333333,0.33916020527361607,0.125,0.2,0.25,0.1923076923076923,0.2529427027676571,0.25,0.2
15359,1,0.0,0.0,0.0,0.0,0.0,0.0,0.0,0.0,0.0,0.0
5248,19,0.2,0.3333333333333333,0.33916020527361607,0.05263157894736842,0.2,0.2,0.2727272727272727,0.2984900352767555,0.10526315789473684,0.2
6026,7,0.0,0.0,0.0,0.0,0.0,0.0,0.0,0.0,0.0,0.0
6335,2,0.5,0.0,0.0,0.5,0.2,0.5,0.0,0.0,0.5,0.1
17004,10,0.2,0.3333333333333333,0.33916020527361607,0.1,0.2,0.1,0.18181818181818182,0.22009176629808014,0.1,0.1
17720,13,0.0,0.0,0.0,0.0,0.0,0.1,0.09090909090909091,0.07839826897867533,0.07692307692307693,0.1
18598,3,0.3333333333333333,0.0,0.0,0.3333333333333333,0.2,0.3333333333333333,0.0,0.0,0.3333333333333333,0.1
4687,8,0.2,0.06666666666666665,0.13120507751234176,0.125,0.2,0.125,0.11538461538461538,0.09785159463516041,0.125,0.1
17988,9,0.2,0.3333333333333333,0.33916020527361607,0.1111111111111111,0.2,0.1111111111111111,0.18518518518518517,0.23504554941448538,0.1111111111111111,0.1
18205,1,0.0,0.0,0.0,0.0,0.0,0.0,0.0,0.0,0.0,0.0
8897,8,0.6,0.7999999999999999,0.7227265726449518,0.375,0.6,0.75,0.6923076923076923,0.7134173741846355,0.75,0.6
19870,9,0.2,0.3333333333333333,0.33916020527361607,0.1111111111111111,0.2,0.1111111111111111,0.18518518518518517,0.23504554941448538,0.1111111111111111,0.1
15493,1,0.0,0.0,0.0,0.0,0.0,0.0,0.0,0.0,0.0,0.0
2860,7,0.4,0.4666666666666666,0.48522855511632257,0.2857142857142857,0.4,0.2857142857142857,0.346938775510204,0.3932591258696538,0.2857142857142857,0.2
13122,17,0.2,0.19999999999999998,0.16958010263680803,0.058823529411764705,0.2,0.3,0.27272727272727276,0.25284102718517737,0.17647058823529413,0.3
13509,3,0.3333333333333333,0.4166666666666667,0.46927872602275644,0.3333333333333333,0.2,0.3333333333333333,0.37037037037037035,0.46927872602275644,0.3333333333333333,0.1
6094,7,0.2,0.19999999999999998,0.16958010263680803,0.14285714285714285,0.2,0.14285714285714285,0.16326530612244897,0.13743816645714543,0.14285714285714285,0.1
5375,2,0.5,0.0,0.0,0.5,0.2,0.5,0.0,0.0,0.5,0.1
13860,6,0.2,0.26666666666666666,0.2139862647345275,0.16666666666666666,0.2,0.16666666666666666,0.2,0.1909208661789346,0.16666666666666666,0.1
16998,8,0.4,0.6,0.5531464700081437,0.25,0.4,0.375,0.44230769230769224,0.4968460141484392,0.375,0.3
19877,2,0.0,0.0,0.0,0.0,0.0,0.0,0.0,0.0,0.0,0.0
15384,18,0.6,0.7999999999999999,0.7227265726449518,0.16666666666666666,0.6,0.5,0.6181818181818183,0.6136525857537392,0.2777777777777778,0.5
7873,6,0.2,0.3333333333333333,0.33916020527361607,0.16666666666666666,0.2,0.16666666666666666,0.2222222222222222,0.30260241349881345,0.16666666666666666,0.1
1781,7,0.0,0.0,0.0,0.0,0.0,0.0,0.0,0.0,0.0,0.0
1060,7,0.2,0.13333333333333333,0.14606834984270645,0.14285714285714285,0.2,0.14285714285714285,0.14285714285714285,0.11838279295536291,0.14285714285714285,0.1
20334,12,0.2,0.19999999999999998,0.16958010263680803,0.08333333333333333,0.2,0.2,0.21818181818181823,0.18340980524840012,0.16666666666666666,0.2
8484,1,0.0,0.0,0.0,0.0,0.0,0.0,0.0,0.0,0.0,0.0
12122,2,0.0,0.0,0.0,0.0,0.0,0.0,0.0,0.0,0.0,0.0
10836,1,0.0,0.0,0.0,0.0,0.0,1.0,0.0,0.0,1.0,0.1
19266,13,0.4,0.5333333333333333,0.5087403079104241,0.15384615384615385,0.4,0.2,0.32727272727272727,0.3301376494471202,0.15384615384615385,0.2
21438,1,0.0,0.0,0.0,0.0,0.0,0.0,0.0,0.0,0.0,0.0
11311,2,0.0,0.0,0.0,0.0,0.0,0.0,0.0,0.0,0.0,0.0
20239,7,0.0,0.0,0.0,0.0,0.0,0.0,0.0,0.0,0.0,0.0
3958,4,0.0,0.0,0.0,0.0,0.0,0.0,0.0,0.0,0.0,0.0
1573,6,0.0,0.0,0.0,0.0,0.0,0.0,0.0,0.0,0.0,0.0
6213,2,0.0,0.0,0.0,0.0,0.0,1.0,0.0,0.0,1.0,0.2
914,12,0.2,0.3333333333333333,0.33916020527361607,0.08333333333333333,0.2,0.1,0.18181818181818182,0.22009176629808014,0.08333333333333333,0.1
1282,8,0.0,0.0,0.0,0.0,0.0,0.0,0.0,0.0,0.0,0.0
11137,5,0.0,0.0,0.0,0.0,0.0,0.0,0.0,0.0,0.0,0.0
15947,5,0.2,0.26666666666666666,0.2139862647345275,0.2,0.2,0.4,0.225,0.2139862647345275,0.4,0.2
1969,1,0.0,0.0,0.0,0.0,0.0,0.0,0.0,0.0,0.0,0.0
3545,12,0.2,0.06666666666666665,0.13120507751234176,0.08333333333333333,0.2,0.2,0.16363636363636364,0.15457433957839825,0.16666666666666666,0.2
7554,3,0.0,0.0,0.0,0.0,0.0,0.3333333333333333,0.0,0.0,0.3333333333333333,0.1
22165,2,0.0,0.0,0.0,0.0,0.0,0.0,0.0,0.0,0.0,0.0
14100,9,0.4,0.3333333333333333,0.31564845247951445,0.2222222222222222,0.4,0.2222222222222222,0.27777777777777773,0.21875138291954285,0.2222222222222222,0.2
11624,8,0.0,0.0,0.0,0.0,0.0,0.0,0.0,0.0,0.0,0.0
13414,14,0.4,0.39999999999999997,0.4703652827859578,0.14285714285714285,0.4,0.3,0.30909090909090914,0.3688556721386528,0.21428571428571427,0.3
21400,9,0.4,0.4666666666666666,0.38356636737133554,0.2222222222222222,0.4,0.3333333333333333,0.35185185185185186,0.3365757659984724,0.3333333333333333,0.3
3549,6,0.2,0.19999999999999998,0.16958010263680803,0.16666666666666666,0.2,0.16666666666666666,0.17777777777777778,0.15130120674940672,0.16666666666666666,0.1
1209,1,0.0,0.0,0.0,0.0,0.0,0.0,0.0,0.0,0.0,0.0
5584,27,0.4,0.6,0.5531464700081437,0.07407407407407407,0.4,0.2,0.34545454545454546,0.3589542101716347,0.07407407407407407,0.2
15284,2,0.0,0.0,0.0,0.0,0.0,0.0,0.0,0.0,0.0,0.0
9510,3,0.0,0.0,0.0,0.0,0.0,0.3333333333333333,0.0,0.0,0.3333333333333333,0.1
7930,3,0.0,0.0,0.0,0.0,0.0,0.0,0.0,0.0,0.0,0.0
5583,2,0.0,0.0,0.0,0.0,0.0,0.0,0.0,0.0,0.0,0.0
13810,4,0.0,0.0,0.0,0.0,0.0,0.0,0.0,0.0,0.0,0.0
17918,3,0.0,0.0,0.0,0.0,0.0,0.0,0.0,0.0,0.0,0.0
18482,4,0.0,0.0,0.0,0.0,0.0,0.0,0.0,0.0,0.0,0.0
15885,1,0.0,0.0,0.0,0.0,0.0,0.0,0.0,0.0,0.0,0.0
2933,7,0.0,0.0,0.0,0.0,0.0,0.14285714285714285,0.08163265306122448,0.09162544430476363,0.14285714285714285,0.1
12482,4,0.0,0.0,0.0,0.0,0.0,0.0,0.0,0.0,0.0,0.0
5987,2,0.0,0.0,0.0,0.0,0.0,0.0,0.0,0.0,0.0,0.0
17433,1,0.0,0.0,0.0,0.0,0.0,0.0,0.0,0.0,0.0,0.0
11236,1,0.0,0.0,0.0,0.0,0.0,0.0,0.0,0.0,0.0,0.0
2637,12,0.0,0.0,0.0,0.0,0.0,0.1,0.036363636363636355,0.06625422345438903,0.08333333333333333,0.1
22250,5,0.0,0.0,0.0,0.0,0.0,0.0,0.0,0.0,0.0,0.0
19678,8,0.2,0.3333333333333333,0.33916020527361607,0.125,0.2,0.125,0.1923076923076923,0.2529427027676571,0.125,0.1
20152,8,0.0,0.0,0.0,0.0,0.0,0.125,0.07692307692307693,0.08431423425588572,0.125,0.1
16606,4,0.25,0.14285714285714288,0.16812753627111746,0.25,0.2,0.25,0.20588235294117643,0.16812753627111746,0.25,0.1
14968,5,0.2,0.13333333333333333,0.14606834984270645,0.2,0.2,0.2,0.175,0.14606834984270645,0.2,0.1
737,1,0.0,0.0,0.0,0.0,0.0,0.0,0.0,0.0,0.0,0.0
9525,10,0.0,0.0,0.0,0.0,0.0,0.0,0.0,0.0,0.0,0.0
19113,1,0.0,0.0,0.0,0.0,0.0,0.0,0.0,0.0,0.0,0.0
4119,1,1.0,0.0,0.0,1.0,0.2,1.0,0.0,0.0,1.0,0.1
11608,4,0.0,0.0,0.0,0.0,0.0,0.0,0.0,0.0,0.0,0.0
13198,1,0.0,0.0,0.0,0.0,0.0,0.0,0.0,0.0,0.0,0.0
3844,2,0.0,0.0,0.0,0.0,0.0,0.0,0.0,0.0,0.0,0.0
10537,2,0.0,0.0,0.0,0.0,0.0,0.0,0.0,0.0,0.0,0.0
5540,16,0.4,0.3333333333333333,0.31564845247951445,0.125,0.4,0.2,0.2727272727272727,0.20483424751859083,0.125,0.2
5157,14,0.8,0.7333333333333334,0.7860137352654724,0.2857142857142857,0.8,0.4,0.5636363636363636,0.510069131458292,0.2857142857142857,0.4
21507,2,0.0,0.0,0.0,0.0,0.0,0.0,0.0,0.0,0.0,0.0
5186,25,0.4,0.3333333333333333,0.34519134224686926,0.08,0.4,0.3,0.34545454545454546,0.2973694836145355,0.12,0.3
6983,11,0.2,0.3333333333333333,0.33916020527361607,0.09090909090909091,0.2,0.1,0.18181818181818182,0.22009176629808014,0.09090909090909091,0.1
21107,10,0.2,0.26666666666666666,0.2139862647345275,0.1,0.2,0.1,0.16363636363636364,0.1388624438735545,0.1,0.1
16226,10,0.2,0.3333333333333333,0.33916020527361607,0.1,0.2,0.3,0.29090909090909095,0.3621108234757072,0.3,0.3
14056,5,0.0,0.0,0.0,0.0,0.0,0.0,0.0,0.0,0.0,0.0
17265,1,0.0,0.0,0.0,0.0,0.0,0.0,0.0,0.0,0.0,0.0
15144,34,0.8,0.8000000000000002,0.8304198973631919,0.11764705882352941,0.8,0.4,0.5818181818181818,0.5388856921828065,0.11764705882352941,0.4
11960,4,0.0,0.0,0.0,0.0,0.0,0.0,0.0,0.0,0.0,0.0
6322,3,0.0,0.0,0.0,0.0,0.0,0.0,0.0,0.0,0.0,0.0
16654,9,0.2,0.3333333333333333,0.33916020527361607,0.1111111111111111,0.2,0.1111111111111111,0.18518518518518517,0.23504554941448538,0.1111111111111111,0.1
3622,2,0.0,0.0,0.0,0.0,0.0,0.0,0.0,0.0,0.0,0.0
956,7,0.0,0.0,0.0,0.0,0.0,0.0,0.0,0.0,0.0,0.0
7851,1,0.0,0.0,0.0,0.0,0.0,0.0,0.0,0.0,0.0,0.0
18359,3,0.0,0.0,0.0,0.0,0.0,0.0,0.0,0.0,0.0,0.0
21968,14,0.0,0.0,0.0,0.0,0.0,0.0,0.0,0.0,0.0,0.0
21541,2,0.0,0.0,0.0,0.0,0.0,0.0,0.0,0.0,0.0,0.0
13823,4,0.0,0.0,0.0,0.0,0.0,0.0,0.0,0.0,0.0,0.0
9258,1,0.0,0.0,0.0,0.0,0.0,0.0,0.0,0.0,0.0,0.0
15299,3,0.0,0.0,0.0,0.0,0.0,0.0,0.0,0.0,0.0,0.0
16866,12,0.0,0.0,0.0,0.0,0.0,0.0,0.0,0.0,0.0,0.0
13474,13,0.2,0.3333333333333333,0.33916020527361607,0.07692307692307693,0.2,0.2,0.23636363636363636,0.2895229882348574,0.15384615384615385,0.2
7436,4,0.0,0.0,0.0,0.0,0.0,0.0,0.0,0.0,0.0,0.0
21999,18,0.2,0.26666666666666666,0.2139862647345275,0.05555555555555555,0.2,0.1,0.16363636363636364,0.1388624438735545,0.05555555555555555,0.1
7180,2,0.0,0.0,0.0,0.0,0.0,0.0,0.0,0.0,0.0,0.0
5619,1,0.0,0.0,0.0,0.0,0.0,0.0,0.0,0.0,0.0,0.0
14559,11,0.2,0.3333333333333333,0.33916020527361607,0.09090909090909091,0.2,0.1,0.18181818181818182,0.22009176629808014,0.09090909090909091,0.1
20138,4,0.0,0.0,0.0,0.0,0.0,0.0,0.0,0.0,0.0,0.0
18503,11,0.0,0.0,0.0,0.0,0.0,0.2,0.054545454545454536,0.12987501165334073,0.18181818181818182,0.2
4583,39,0.4,0.3333333333333333,0.34519134224686926,0.05128205128205128,0.4,0.4,0.4,0.3686580539482398,0.10256410256410256,0.4
9509,6,0.0,0.0,0.0,0.0,0.0,0.0,0.0,0.0,0.0,0.0
8504,3,0.0,0.0,0.0,0.0,0.0,0.0,0.0,0.0,0.0,0.0
89,7,0.0,0.0,0.0,0.0,0.0,0.0,0.0,0.0,0.0,0.0
2145,7,0.0,0.0,0.0,0.0,0.0,0.0,0.0,0.0,0.0,0.0
288,17,0.0,0.0,0.0,0.0,0.0,0.1,0.036363636363636355,0.06625422345438903,0.058823529411764705,0.1
2193,5,0.0,0.0,0.0,0.0,0.0,0.2,0.0,0.0,0.2,0.1
808,3,0.3333333333333333,0.4166666666666667,0.46927872602275644,0.3333333333333333,0.2,0.3333333333333333,0.37037037037037035,0.46927872602275644,0.3333333333333333,0.1
6142,3,0.0,0.0,0.0,0.0,0.0,0.0,0.0,0.0,0.0,0.0
4760,2,0.5,0.5555555555555556,0.6131471927654584,0.5,0.2,0.5,0.5263157894736842,0.6131471927654584,0.5,0.1
14371,21,0.4,0.19999999999999998,0.2772734273550482,0.09523809523809523,0.4,0.2,0.23636363636363633,0.17993148201117173,0.09523809523809523,0.2
7331,3,0.3333333333333333,0.4166666666666667,0.46927872602275644,0.3333333333333333,0.2,0.3333333333333333,0.37037037037037035,0.46927872602275644,0.3333333333333333,0.1
3343,2,0.5,0.5555555555555556,0.6131471927654584,0.5,0.2,0.5,0.5263157894736842,0.6131471927654584,0.5,0.1
6791,1,0.0,0.0,0.0,0.0,0.0,0.0,0.0,0.0,0.0,0.0
16927,1,0.0,0.0,0.0,0.0,0.0,0.0,0.0,0.0,0.0,0.0
19543,6,0.2,0.19999999999999998,0.16958010263680803,0.16666666666666666,0.2,0.16666666666666666,0.17777777777777778,0.15130120674940672,0.16666666666666666,0.1
16423,1,1.0,0.0,0.0,1.0,0.2,1.0,0.0,0.0,1.0,0.1
7745,8,0.6,0.6666666666666666,0.6843515475204854,0.375,0.6,0.375,0.4807692307692307,0.510383374527714,0.375,0.3
1138,3,0.0,0.0,0.0,0.0,0.0,0.0,0.0,0.0,0.0,0.0
17436,7,0.0,0.0,0.0,0.0,0.0,0.14285714285714285,0.0,0.0,0.14285714285714285,0.1
13119,16,0.4,0.5333333333333333,0.5087403079104241,0.125,0.4,0.2,0.32727272727272727,0.3301376494471202,0.125,0.2
3180,12,0.0,0.0,0.0,0.0,0.0,0.2,0.054545454545454536,0.12987501165334073,0.16666666666666666,0.2
3087,1,1.0,1.0,1.0,1.0,0.2,1.0,1.0,1.0,1.0,0.1
10181,2,0.0,0.0,0.0,0.0,0.0,0.0,0.0,0.0,0.0,0.0
18958,15,0.4,0.4666666666666666,0.38356636737133554,0.13333333333333333,0.4,0.3,0.4,0.3273065960012699,0.2,0.3
9700,2,0.5,0.4444444444444445,0.3868528072345415,0.5,0.2,0.5,0.4736842105263158,0.3868528072345415,0.5,0.1
10250,8,0.0,0.0,0.0,0.0,0.0,0.0,0.0,0.0,0.0,0.0
4985,3,0.3333333333333333,0.0,0.0,0.3333333333333333,0.2,0.6666666666666666,0.0,0.0,0.6666666666666666,0.2
5387,6,0.2,0.13333333333333333,0.14606834984270645,0.16666666666666666,0.2,0.16666666666666666,0.15555555555555556,0.13032376591037065,0.16666666666666666,0.1
14104,3,0.3333333333333333,0.4166666666666667,0.46927872602275644,0.3333333333333333,0.2,0.3333333333333333,0.37037037037037035,0.46927872602275644,0.3333333333333333,0.1
10434,21,0.4,0.4666666666666666,0.48522855511632257,0.09523809523809523,0.4,0.5,0.4181818181818182,0.5141863642577489,0.23809523809523808,0.5
18883,3,0.0,0.0,0.0,0.0,0.0,0.0,0.0,0.0,0.0,0.0
10335,1,0.0,0.0,0.0,0.0,0.0,0.0,0.0,0.0,0.0,0.0
21537,3,0.0,0.0,0.0,0.0,0.0,0.0,0.0,0.0,0.0,0.0
2693,6,0.0,0.0,0.0,0.0,0.0,0.0,0.0,0.0,0.0,0.0
1536,1,0.0,0.0,0.0,0.0,0.0,0.0,0.0,0.0,0.0,0.0
15000,10,0.0,0.0,0.0,0.0,0.0,0.0,0.0,0.0,0.0,0.0
20442,11,0.4,0.4666666666666666,0.38356636737133554,0.18181818181818182,0.4,0.3,0.4,0.3273065960012699,0.2727272727272727,0.3
10643,5,0.0,0.0,0.0,0.0,0.0,0.0,0.0,0.0,0.0,0.0
6474,1,0.0,0.0,0.0,0.0,0.0,0.0,0.0,0.0,0.0,0.0
11377,6,0.0,0.0,0.0,0.0,0.0,0.0,0.0,0.0,0.0,0.0
21894,11,0.0,0.0,0.0,0.0,0.0,0.1,0.05454545454545456,0.06943122193677725,0.09090909090909091,0.1
16558,8,0.0,0.0,0.0,0.0,0.0,0.0,0.0,0.0,0.0,0.0
19908,2,0.0,0.0,0.0,0.0,0.0,0.0,0.0,0.0,0.0,0.0
18188,11,0.2,0.06666666666666665,0.13120507751234176,0.09090909090909091,0.2,0.1,0.10909090909090909,0.08514311764162097,0.09090909090909091,0.1
19616,22,0.4,0.39999999999999997,0.4703652827859578,0.09090909090909091,0.4,0.2,0.29090909090909095,0.3052348839397011,0.09090909090909091,0.2
18268,5,0.0,0.0,0.0,0.0,0.0,0.0,0.0,0.0,0.0,0.0
840,6,0.0,0.0,0.0,0.0,0.0,0.0,0.0,0.0,0.0,0.0
10130,8,0.0,0.0,0.0,0.0,0.0,0.0,0.0,0.0,0.0,0.0
15866,3,0.3333333333333333,0.33333333333333337,0.29608191096586517,0.3333333333333333,0.2,0.3333333333333333,0.3333333333333333,0.29608191096586517,0.3333333333333333,0.1
19555,2,0.0,0.0,0.0,0.0,0.0,0.0,0.0,0.0,0.0,0.0
17348,1,0.0,0.0,0.0,0.0,0.0,0.0,0.0,0.0,0.0,0.0
20545,1,0.0,0.0,0.0,0.0,0.0,0.0,0.0,0.0,0.0,0.0
14676,3,0.6666666666666666,0.75,0.7653606369886217,0.6666666666666666,0.4,0.6666666666666666,0.7037037037037036,0.7653606369886217,0.6666666666666666,0.2
6966,4,0.0,0.0,0.0,0.0,0.0,0.0,0.0,0.0,0.0,0.0
18337,7,0.0,0.0,0.0,0.0,0.0,0.0,0.0,0.0,0.0,0.0
9047,14,0.4,0.6,0.5531464700081437,0.14285714285714285,0.4,0.2,0.34545454545454546,0.3589542101716347,0.14285714285714285,0.2
2614,3,0.0,0.0,0.0,0.0,0.0,0.0,0.0,0.0,0.0,0.0
3892,7,0.2,0.26666666666666666,0.2139862647345275,0.14285714285714285,0.2,0.14285714285714285,0.18367346938775508,0.17342765698823942,0.14285714285714285,0.1
10964,16,0.2,0.3333333333333333,0.33916020527361607,0.0625,0.2,0.1,0.18181818181818182,0.22009176629808014,0.0625,0.1
15049,14,0.2,0.13333333333333333,0.14606834984270645,0.07142857142857142,0.2,0.1,0.12727272727272726,0.09478836436955078,0.07142857142857142,0.1
16458,24,0.6,0.7333333333333334,0.6992148198508501,0.125,0.6,0.3,0.47272727272727266,0.4537425745411855,0.125,0.3
21802,1,0.0,0.0,0.0,0.0,0.0,0.0,0.0,0.0,0.0,0.0
3102,1,0.0,0.0,0.0,0.0,0.0,0.0,0.0,0.0,0.0,0.0
12506,6,0.4,0.4666666666666666,0.48522855511632257,0.3333333333333333,0.4,0.6666666666666666,0.48888888888888893,0.5407153339336951,0.6666666666666666,0.4
18383,5,0.0,0.0,0.0,0.0,0.0,0.0,0.0,0.0,0.0,0.0
21640,2,0.5,0.4444444444444445,0.3868528072345415,0.5,0.2,0.5,0.4736842105263158,0.3868528072345415,0.5,0.1
10961,3,0.0,0.0,0.0,0.0,0.0,0.0,0.0,0.0,0.0,0.0
10595,3,0.0,0.0,0.0,0.0,0.0,0.3333333333333333,0.0,0.0,0.3333333333333333,0.1
14980,10,0.2,0.3333333333333333,0.33916020527361607,0.1,0.2,0.1,0.18181818181818182,0.22009176629808014,0.1,0.1
6619,1,0.0,0.0,0.0,0.0,0.0,0.0,0.0,0.0,0.0,0.0
16461,3,0.6666666666666666,0.5833333333333334,0.5307212739772434,0.6666666666666666,0.4,1.0,0.6296296296296297,0.5307212739772434,1.0,0.3
9968,11,0.2,0.3333333333333333,0.33916020527361607,0.09090909090909091,0.2,0.1,0.18181818181818182,0.22009176629808014,0.09090909090909091,0.1
6841,12,0.0,0.0,0.0,0.0,0.0,0.0,0.0,0.0,0.0,0.0
11632,14,0.4,0.5333333333333333,0.5087403079104241,0.14285714285714285,0.4,0.2,0.32727272727272727,0.3301376494471202,0.14285714285714285,0.2
18555,2,0.5,0.4444444444444445,0.3868528072345415,0.5,0.2,0.5,0.4736842105263158,0.3868528072345415,0.5,0.1
16247,9,0.4,0.3333333333333333,0.31564845247951445,0.2222222222222222,0.4,0.2222222222222222,0.27777777777777773,0.21875138291954285,0.2222222222222222,0.2
3740,3,0.3333333333333333,0.33333333333333337,0.29608191096586517,0.3333333333333333,0.2,0.3333333333333333,0.3333333333333333,0.29608191096586517,0.3333333333333333,0.1
14046,15,0.2,0.26666666666666666,0.2139862647345275,0.06666666666666667,0.2,0.1,0.16363636363636364,0.1388624438735545,0.06666666666666667,0.1
20576,1,0.0,0.0,0.0,0.0,0.0,0.0,0.0,0.0,0.0,0.0
1096,7,0.2,0.3333333333333333,0.33916020527361607,0.14285714285714285,0.2,0.14285714285714285,0.2040816326530612,0.27487633291429087,0.14285714285714285,0.1
17859,11,0.2,0.19999999999999998,0.16958010263680803,0.09090909090909091,0.2,0.2,0.23636363636363636,0.1884441521277154,0.18181818181818182,0.2
13582,16,0.0,0.0,0.0,0.0,0.0,0.0,0.0,0.0,0.0,0.0
21951,1,0.0,0.0,0.0,0.0,0.0,0.0,0.0,0.0,0.0,0.0
8303,14,0.0,0.0,0.0,0.0,0.0,0.0,0.0,0.0,0.0,0.0
18655,20,0.4,0.4666666666666666,0.48522855511632257,0.1,0.4,0.3,0.34545454545454546,0.38113435412202,0.15,0.3
4786,9,0.0,0.0,0.0,0.0,0.0,0.1111111111111111,0.03703703703703703,0.0707557607210806,0.1111111111111111,0.1
4653,15,0.4,0.6,0.5531464700081437,0.13333333333333333,0.4,0.2,0.34545454545454546,0.3589542101716347,0.13333333333333333,0.2
21463,5,0.0,0.0,0.0,0.0,0.0,0.0,0.0,0.0,0.0,0.0
8445,2,0.5,0.5555555555555556,0.6131471927654584,0.5,0.2,0.5,0.5263157894736842,0.6131471927654584,0.5,0.1
11332,2,0.0,0.0,0.0,0.0,0.0,0.0,0.0,0.0,0.0,0.0
21199,3,0.0,0.0,0.0,0.0,0.0,0.0,0.0,0.0,0.0,0.0
4015,6,0.2,0.26666666666666666,0.2139862647345275,0.16666666666666666,0.2,0.16666666666666666,0.2,0.1909208661789346,0.16666666666666666,0.1
12108,9,0.6,0.39999999999999997,0.4468535299918562,0.3333333333333333,0.6,0.4444444444444444,0.3888888888888889,0.3096794135385217,0.4444444444444444,0.4
10573,2,0.0,0.0,0.0,0.0,0.0,0.0,0.0,0.0,0.0,0.0
19695,2,0.0,0.0,0.0,0.0,0.0,0.0,0.0,0.0,0.0,0.0
10294,28,0.4,0.6,0.5531464700081437,0.07142857142857142,0.4,0.3,0.36363636363636365,0.4225749983705864,0.10714285714285714,0.3
217,23,0.2,0.3333333333333333,0.33916020527361607,0.043478260869565216,0.2,0.2,0.21818181818181817,0.28634598975246917,0.08695652173913043,0.2
4343,1,0.0,0.0,0.0,0.0,0.0,0.0,0.0,0.0,0.0,0.0
9354,2,0.0,0.0,0.0,0.0,0.0,0.0,0.0,0.0,0.0,0.0
15378,6,0.0,0.0,0.0,0.0,0.0,0.16666666666666666,0.0,0.0,0.16666666666666666,0.1
4662,3,0.0,0.0,0.0,0.0,0.0,0.3333333333333333,0.0,0.0,0.3333333333333333,0.1
16306,15,0.0,0.0,0.0,0.0,0.0,0.0,0.0,0.0,0.0,0.0
9611,1,0.0,0.0,0.0,0.0,0.0,0.0,0.0,0.0,0.0,0.0
15209,6,0.2,0.13333333333333333,0.14606834984270645,0.16666666666666666,0.2,0.3333333333333333,0.15555555555555556,0.13032376591037065,0.3333333333333333,0.2
6612,1,0.0,0.0,0.0,0.0,0.0,0.0,0.0,0.0,0.0,0.0
19807,12,0.0,0.0,0.0,0.0,0.0,0.0,0.0,0.0,0.0,0.0
13281,12,0.2,0.3333333333333333,0.33916020527361607,0.08333333333333333,0.2,0.4,0.4,0.44128517931289274,0.3333333333333333,0.4
2973,2,0.5,0.0,0.0,0.5,0.2,0.5,0.0,0.0,0.5,0.1
597,16,0.4,0.4666666666666666,0.38356636737133554,0.125,0.4,0.4,0.4,0.38589303732090635,0.25,0.4
8291,21,0.2,0.19999999999999998,0.16958010263680803,0.047619047619047616,0.2,0.1,0.14545454545454548,0.11004588314904007,0.047619047619047616,0.1
1584,4,0.0,0.0,0.0,0.0,0.0,0.25,0.0,0.0,0.25,0.1
16330,9,0.4,0.5333333333333333,0.5087403079104241,0.2222222222222222,0.4,0.4444444444444444,0.4259259259259259,0.43629323812092147,0.4444444444444444,0.4
9018,3,0.0,0.0,0.0,0.0,0.0,0.0,0.0,0.0,0.0,0.0
8536,12,0.2,0.13333333333333333,0.14606834984270645,0.08333333333333333,0.2,0.1,0.12727272727272726,0.09478836436955078,0.08333333333333333,0.1
10794,3,0.0,0.0,0.0,0.0,0.0,0.0,0.0,0.0,0.0,0.0
15311,19,0.0,0.0,0.0,0.0,0.0,0.1,0.05454545454545456,0.06943122193677725,0.05263157894736842,0.1
13676,8,0.0,0.0,0.0,0.0,0.0,0.0,0.0,0.0,0.0,0.0
1296,21,0.2,0.13333333333333333,0.14606834984270645,0.047619047619047616,0.2,0.1,0.12727272727272726,0.09478836436955078,0.047619047619047616,0.1
1673,3,0.0,0.0,0.0,0.0,0.0,0.0,0.0,0.0,0.0,0.0
20009,5,0.0,0.0,0.0,0.0,0.0,0.0,0.0,0.0,0.0,0.0
14430,35,0.4,0.6,0.5531464700081437,0.05714285714285714,0.4,0.2,0.34545454545454546,0.3589542101716347,0.05714285714285714,0.2
16823,13,0.4,0.5333333333333333,0.5087403079104241,0.15384615384615385,0.4,0.3,0.41818181818181815,0.4085359184257955,0.23076923076923078,0.3
14893,3,0.0,0.0,0.0,0.0,0.0,0.3333333333333333,0.0,0.0,0.3333333333333333,0.1
4148,11,0.2,0.3333333333333333,0.33916020527361607,0.09090909090909091,0.2,0.1,0.18181818181818182,0.22009176629808014,0.09090909090909091,0.1
7127,1,0.0,0.0,0.0,0.0,0.0,0.0,0.0,0.0,0.0,0.0
8588,4,0.25,0.35714285714285715,0.39038004999210163,0.25,0.2,0.25,0.2941176470588235,0.39038004999210163,0.25,0.1
5310,9,0.4,0.4000000000000001,0.3600546145772339,0.2222222222222222,0.4,0.3333333333333333,0.2962962962962963,0.24952583878244924,0.3333333333333333,0.3
14783,4,0.25,0.2142857142857143,0.19519002499605081,0.25,0.2,0.25,0.23529411764705882,0.19519002499605081,0.25,0.1
16260,3,0.0,0.0,0.0,0.0,0.0,0.0,0.0,0.0,0.0,0.0
7372,1,1.0,0.0,0.0,1.0,0.2,1.0,0.0,0.0,1.0,0.1
15713,39,0.0,0.0,0.0,0.0,0.0,0.0,0.0,0.0,0.0,0.0
21188,3,0.0,0.0,0.0,0.0,0.0,0.0,0.0,0.0,0.0,0.0
1668,4,0.0,0.0,0.0,0.0,0.0,0.0,0.0,0.0,0.0,0.0
16385,35,0.4,0.3333333333333333,0.31564845247951445,0.05714285714285714,0.4,0.2,0.2727272727272727,0.20483424751859083,0.05714285714285714,0.2
15816,1,0.0,0.0,0.0,0.0,0.0,0.0,0.0,0.0,0.0,0.0
6952,1,0.0,0.0,0.0,0.0,0.0,1.0,0.0,0.0,1.0,0.1
14005,2,0.0,0.0,0.0,0.0,0.0,0.0,0.0,0.0,0.0,0.0
18163,5,0.4,0.6,0.5531464700081437,0.4,0.4,0.6,0.475,0.5531464700081437,0.6,0.3
1567,4,0.0,0.0,0.0,0.0,0.0,0.0,0.0,0.0,0.0,0.0
20159,1,0.0,0.0,0.0,0.0,0.0,0.0,0.0,0.0,0.0,0.0
21295,5,0.2,0.26666666666666666,0.2139862647345275,0.2,0.2,0.2,0.225,0.2139862647345275,0.2,0.1
774,7,0.0,0.0,0.0,0.0,0.0,0.0,0.0,0.0,0.0,0.0
11457,23,0.0,0.0,0.0,0.0,0.0,0.1,0.07272727272727274,0.07336392209936006,0.043478260869565216,0.1
19387,14,0.0,0.0,0.0,0.0,0.0,0.0,0.0,0.0,0.0,0.0
15856,27,0.4,0.6,0.5531464700081437,0.07407407407407407,0.4,0.2,0.34545454545454546,0.3589542101716347,0.07407407407407407,0.2
16846,9,0.2,0.3333333333333333,0.33916020527361607,0.1111111111111111,0.2,0.1111111111111111,0.18518518518518517,0.23504554941448538,0.1111111111111111,0.1
9641,18,0.4,0.6,0.5531464700081437,0.1111111111111111,0.4,0.2,0.34545454545454546,0.3589542101716347,0.1111111111111111,0.2
6020,16,0.2,0.3333333333333333,0.33916020527361607,0.0625,0.2,0.1,0.18181818181818182,0.22009176629808014,0.0625,0.1
8058,1,0.0,0.0,0.0,0.0,0.0,0.0,0.0,0.0,0.0,0.0
21525,16,0.2,0.3333333333333333,0.33916020527361607,0.0625,0.2,0.1,0.18181818181818182,0.22009176629808014,0.0625,0.1
11513,5,0.0,0.0,0.0,0.0,0.0,0.0,0.0,0.0,0.0,0.0
19081,2,0.0,0.0,0.0,0.0,0.0,0.0,0.0,0.0,0.0,0.0
1967,5,0.4,0.6,0.5531464700081437,0.4,0.4,0.4,0.475,0.5531464700081437,0.4,0.2
1103,3,0.0,0.0,0.0,0.0,0.0,0.0,0.0,0.0,0.0,0.0
18142,4,0.0,0.0,0.0,0.0,0.0,0.0,0.0,0.0,0.0,0.0
7577,2,0.5,0.5555555555555556,0.6131471927654584,0.5,0.2,0.5,0.5263157894736842,0.6131471927654584,0.5,0.1
12973,7,0.2,0.26666666666666666,0.2139862647345275,0.14285714285714285,0.2,0.14285714285714285,0.18367346938775508,0.17342765698823942,0.14285714285714285,0.1
17766,7,0.4,0.3333333333333333,0.31564845247951445,0.2857142857142857,0.4,0.2857142857142857,0.3061224489795918,0.2558209594125083,0.2857142857142857,0.2
9921,1,0.0,0.0,0.0,0.0,0.0,0.0,0.0,0.0,0.0,0.0
21534,8,0.0,0.0,0.0,0.0,0.0,0.0,0.0,0.0,0.0,0.0
5601,5,0.0,0.0,0.0,0.0,0.0,0.0,0.0,0.0,0.0,0.0
7046,3,0.0,0.0,0.0,0.0,0.0,0.0,0.0,0.0,0.0,0.0
5346,4,0.0,0.0,0.0,0.0,0.0,0.25,0.0,0.0,0.25,0.1
10812,5,0.4,0.19999999999999998,0.2772734273550482,0.4,0.4,0.4,0.32499999999999996,0.2772734273550482,0.4,0.2
1947,6,0.0,0.0,0.0,0.0,0.0,0.16666666666666666,0.0,0.0,0.16666666666666666,0.1
13815,3,0.3333333333333333,0.4166666666666667,0.46927872602275644,0.3333333333333333,0.2,0.3333333333333333,0.37037037037037035,0.46927872602275644,0.3333333333333333,0.1
16361,22,0.0,0.0,0.0,0.0,0.0,0.1,0.09090909090909091,0.07839826897867533,0.045454545454545456,0.1
12804,12,0.0,0.0,0.0,0.0,0.0,0.1,0.05454545454545456,0.06943122193677725,0.08333333333333333,0.1
2751,3,0.3333333333333333,0.0,0.0,0.3333333333333333,0.2,0.3333333333333333,0.0,0.0,0.3333333333333333,0.1
6710,21,0.0,0.0,0.0,0.0,0.0,0.1,0.05454545454545456,0.06943122193677725,0.047619047619047616,0.1
2453,1,0.0,0.0,0.0,0.0,0.0,0.0,0.0,0.0,0.0,0.0
15942,1,0.0,0.0,0.0,0.0,0.0,0.0,0.0,0.0,0.0,0.0
17296,16,0.0,0.0,0.0,0.0,0.0,0.0,0.0,0.0,0.0,0.0
3283,8,0.0,0.0,0.0,0.0,0.0,0.0,0.0,0.0,0.0,0.0
12438,3,0.3333333333333333,0.0,0.0,0.3333333333333333,0.2,0.3333333333333333,0.0,0.0,0.3333333333333333,0.1
9147,12,0.4,0.5333333333333333,0.5087403079104241,0.16666666666666666,0.4,0.3,0.36363636363636365,0.39639187290150923,0.25,0.3
3857,12,0.2,0.3333333333333333,0.33916020527361607,0.08333333333333333,0.2,0.2,0.2545454545454545,0.29345568839744024,0.16666666666666666,0.2
20049,2,0.0,0.0,0.0,0.0,0.0,0.0,0.0,0.0,0.0,0.0
16550,7,0.0,0.0,0.0,0.0,0.0,0.0,0.0,0.0,0.0,0.0
6771,6,0.2,0.06666666666666665,0.13120507751234176,0.16666666666666666,0.2,0.3333333333333333,0.24444444444444446,0.22485174766247445,0.3333333333333333,0.2
11955,7,0.2,0.13333333333333333,0.14606834984270645,0.14285714285714285,0.2,0.14285714285714285,0.14285714285714285,0.11838279295536291,0.14285714285714285,0.1
3712,1,0.0,0.0,0.0,0.0,0.0,0.0,0.0,0.0,0.0,0.0
3427,20,0.0,0.0,0.0,0.0,0.0,0.0,0.0,0.0,0.0,0.0
4480,1,0.0,0.0,0.0,0.0,0.0,0.0,0.0,0.0,0.0,0.0
17190,14,0.0,0.0,0.0,0.0,0.0,0.0,0.0,0.0,0.0,0.0
4147,19,0.4,0.5333333333333333,0.5087403079104241,0.10526315789473684,0.4,0.2,0.32727272727272727,0.3301376494471202,0.10526315789473684,0.2
1498,20,0.4,0.3333333333333333,0.34519134224686926,0.1,0.4,0.3,0.3090909090909091,0.2902597849695645,0.15,0.3
8809,1,1.0,0.0,0.0,1.0,0.2,1.0,0.0,0.0,1.0,0.1
5272,2,0.5,0.5555555555555556,0.6131471927654584,0.5,0.2,0.5,0.5263157894736842,0.6131471927654584,0.5,0.1
22502,2,0.5,0.0,0.0,0.5,0.2,0.5,0.0,0.0,0.5,0.1
4945,2,0.0,0.0,0.0,0.0,0.0,0.0,0.0,0.0,0.0,0.0
18498,1,0.0,0.0,0.0,0.0,0.0,0.0,0.0,0.0,0.0,0.0
12171,7,0.2,0.26666666666666666,0.2139862647345275,0.14285714285714285,0.2,0.14285714285714285,0.18367346938775508,0.17342765698823942,0.14285714285714285,0.1
5251,1,0.0,0.0,0.0,0.0,0.0,0.0,0.0,0.0,0.0,0.0
12333,4,0.0,0.0,0.0,0.0,0.0,0.0,0.0,0.0,0.0,0.0
16764,24,0.2,0.26666666666666666,0.2139862647345275,0.041666666666666664,0.2,0.2,0.18181818181818182,0.2024832320725062,0.08333333333333333,0.2
7752,27,0.6,0.46666666666666673,0.4912596920895757,0.1111111111111111,0.6,0.4,0.45454545454545453,0.3882251478215035,0.14814814814814814,0.4
3953,5,0.0,0.0,0.0,0.0,0.0,0.0,0.0,0.0,0.0,0.0
17959,2,0.0,0.0,0.0,0.0,0.0,0.0,0.0,0.0,0.0,0.0
16244,1,0.0,0.0,0.0,0.0,0.0,0.0,0.0,0.0,0.0,0.0
14528,1,0.0,0.0,0.0,0.0,0.0,0.0,0.0,0.0,0.0,0.0
70,5,0.0,0.0,0.0,0.0,0.0,0.0,0.0,0.0,0.0,0.0
14164,10,0.0,0.0,0.0,0.0,0.0,0.0,0.0,0.0,0.0,0.0
11485,16,0.2,0.19999999999999998,0.16958010263680803,0.0625,0.2,0.1,0.14545454545454548,0.11004588314904007,0.0625,0.1
20302,1,0.0,0.0,0.0,0.0,0.0,0.0,0.0,0.0,0.0,0.0
6945,9,0.0,0.0,0.0,0.0,0.0,0.1111111111111111,0.0,0.0,0.1111111111111111,0.1
8977,11,0.4,0.5333333333333333,0.5087403079104241,0.18181818181818182,0.4,0.2,0.32727272727272727,0.3301376494471202,0.18181818181818182,0.2
9853,2,0.0,0.0,0.0,0.0,0.0,0.0,0.0,0.0,0.0,0.0
8322,1,0.0,0.0,0.0,0.0,0.0,0.0,0.0,0.0,0.0,0.0
15557,4,0.0,0.0,0.0,0.0,0.0,0.0,0.0,0.0,0.0,0.0
3261,27,0.6,0.6666666666666666,0.6843515475204854,0.1111111111111111,0.6,0.3,0.45454545454545453,0.44409732781325567,0.1111111111111111,0.3
13630,3,0.0,0.0,0.0,0.0,0.0,0.0,0.0,0.0,0.0,0.0
20873,2,0.0,0.0,0.0,0.0,0.0,0.0,0.0,0.0,0.0,0.0
1766,2,0.0,0.0,0.0,0.0,0.0,0.0,0.0,0.0,0.0,0.0
9478,18,0.0,0.0,0.0,0.0,0.0,0.1,0.07272727272727274,0.07336392209936006,0.05555555555555555,0.1
6202,14,0.2,0.26666666666666666,0.2139862647345275,0.07142857142857142,0.2,0.2,0.2,0.2051166673279435,0.14285714285714285,0.2
1227,24,0.0,0.0,0.0,0.0,0.0,0.2,0.14545454545454548,0.14782949091545258,0.08333333333333333,0.2
6090,1,0.0,0.0,0.0,0.0,0.0,0.0,0.0,0.0,0.0,0.0
14082,1,0.0,0.0,0.0,0.0,0.0,0.0,0.0,0.0,0.0,0.0
22444,3,0.3333333333333333,0.4166666666666667,0.46927872602275644,0.3333333333333333,0.2,0.3333333333333333,0.37037037037037035,0.46927872602275644,0.3333333333333333,0.1
6569,5,0.2,0.06666666666666665,0.13120507751234176,0.2,0.2,0.2,0.15,0.13120507751234176,0.2,0.1
9483,2,0.0,0.0,0.0,0.0,0.0,0.0,0.0,0.0,0.0,0.0
11186,25,0.0,0.0,0.0,0.0,0.0,0.2,0.12727272727272726,0.14465249243306436,0.08,0.2
5307,3,0.0,0.0,0.0,0.0,0.0,0.0,0.0,0.0,0.0,0.0
5570,27,0.6,0.6666666666666666,0.6843515475204854,0.1111111111111111,0.6,0.3,0.45454545454545453,0.44409732781325567,0.1111111111111111,0.3
18817,3,0.0,0.0,0.0,0.0,0.0,0.0,0.0,0.0,0.0,0.0
4384,7,0.0,0.0,0.0,0.0,0.0,0.14285714285714285,0.0,0.0,0.14285714285714285,0.1
17269,1,0.0,0.0,0.0,0.0,0.0,0.0,0.0,0.0,0.0,0.0
1676,10,0.2,0.26666666666666666,0.2139862647345275,0.1,0.2,0.2,0.18181818181818182,0.2024832320725062,0.2,0.2
22199,6,0.0,0.0,0.0,0.0,0.0,0.0,0.0,0.0,0.0,0.0
20613,4,0.25,0.14285714285714288,0.16812753627111746,0.25,0.2,0.25,0.20588235294117643,0.16812753627111746,0.25,0.1
5162,3,0.0,0.0,0.0,0.0,0.0,0.0,0.0,0.0,0.0,0.0
13844,9,0.2,0.3333333333333333,0.33916020527361607,0.1111111111111111,0.2,0.2222222222222222,0.18518518518518517,0.23504554941448538,0.2222222222222222,0.2
3115,8,0.2,0.3333333333333333,0.33916020527361607,0.125,0.2,0.125,0.1923076923076923,0.2529427027676571,0.125,0.1
19273,40,0.4,0.4666666666666666,0.48522855511632257,0.05,0.4,0.5,0.45454545454545464,0.5212960629027199,0.125,0.5
8009,28,0.0,0.0,0.0,0.0,0.0,0.0,0.0,0.0,0.0,0.0
14955,11,0.4,0.6,0.5531464700081437,0.18181818181818182,0.4,0.2,0.34545454545454546,0.3589542101716347,0.18181818181818182,0.2
3315,2,0.5,0.5555555555555556,0.6131471927654584,0.5,0.2,0.5,0.5263157894736842,0.6131471927654584,0.5,0.1
21709,2,0.0,0.0,0.0,0.0,0.0,0.0,0.0,0.0,0.0,0.0
11620,6,0.0,0.0,0.0,0.0,0.0,0.0,0.0,0.0,0.0,0.0
1828,3,0.6666666666666666,0.33333333333333337,0.29608191096586517,0.6666666666666666,0.4,0.6666666666666666,0.3333333333333333,0.29608191096586517,0.6666666666666666,0.2
1314,2,0.0,0.0,0.0,0.0,0.0,0.0,0.0,0.0,0.0,0.0
8331,2,0.0,0.0,0.0,0.0,0.0,0.0,0.0,0.0,0.0,0.0
5343,3,0.3333333333333333,0.25,0.23463936301137822,0.3333333333333333,0.2,0.3333333333333333,0.2962962962962963,0.23463936301137822,0.3333333333333333,0.1
1674,5,0.0,0.0,0.0,0.0,0.0,0.2,0.0,0.0,0.2,0.1
15807,9,0.0,0.0,0.0,0.0,0.0,0.0,0.0,0.0,0.0,0.0
21896,2,0.5,0.0,0.0,0.5,0.2,0.5,0.0,0.0,0.5,0.1
2971,4,0.25,0.28571428571428575,0.2463023887407299,0.25,0.2,0.25,0.2647058823529412,0.2463023887407299,0.25,0.1
12658,7,0.0,0.0,0.0,0.0,0.0,0.0,0.0,0.0,0.0,0.0
19352,12,0.0,0.0,0.0,0.0,0.0,0.0,0.0,0.0,0.0,0.0
8858,1,0.0,0.0,0.0,0.0,0.0,0.0,0.0,0.0,0.0,0.0
9816,10,0.2,0.26666666666666666,0.2139862647345275,0.1,0.2,0.1,0.16363636363636364,0.1388624438735545,0.1,0.1
6178,2,0.0,0.0,0.0,0.0,0.0,0.0,0.0,0.0,0.0,0.0
15765,15,0.4,0.6,0.5531464700081437,0.13333333333333333,0.4,0.2,0.34545454545454546,0.3589542101716347,0.13333333333333333,0.2
12469,1,0.0,0.0,0.0,0.0,0.0,0.0,0.0,0.0,0.0,0.0
12594,15,0.2,0.06666666666666665,0.13120507751234176,0.06666666666666667,0.2,0.2,0.14545454545454545,0.15139734109601,0.13333333333333333,0.2
10839,6,0.2,0.13333333333333333,0.14606834984270645,0.16666666666666666,0.2,0.16666666666666666,0.15555555555555556,0.13032376591037065,0.16666666666666666,0.1
17672,1,0.0,0.0,0.0,0.0,0.0,0.0,0.0,0.0,0.0,0.0
17400,12,0.0,0.0,0.0,0.0,0.0,0.1,0.018181818181818177,0.0636207881989517,0.08333333333333333,0.1
19614,53,0.6,0.46666666666666673,0.4912596920895757,0.05660377358490566,0.6,0.3,0.4,0.31879392588472627,0.05660377358490566,0.3
6647,2,0.0,0.0,0.0,0.0,0.0,0.0,0.0,0.0,0.0,0.0
281,12,0.0,0.0,0.0,0.0,0.0,0.0,0.0,0.0,0.0,0.0
13689,13,0.2,0.26666666666666666,0.2139862647345275,0.07692307692307693,0.2,0.1,0.16363636363636364,0.1388624438735545,0.07692307692307693,0.1
2131,6,0.2,0.26666666666666666,0.2139862647345275,0.16666666666666666,0.2,0.16666666666666666,0.2,0.1909208661789346,0.16666666666666666,0.1
14525,5,0.4,0.6,0.5531464700081437,0.4,0.4,0.4,0.475,0.5531464700081437,0.4,0.2
12724,12,0.2,0.3333333333333333,0.33916020527361607,0.08333333333333333,0.2,0.2,0.2545454545454545,0.29345568839744024,0.16666666666666666,0.2
20818,14,0.0,0.0,0.0,0.0,0.0,0.0,0.0,0.0,0.0,0.0
4521,3,0.3333333333333333,0.33333333333333337,0.29608191096586517,0.3333333333333333,0.2,0.3333333333333333,0.3333333333333333,0.29608191096586517,0.3333333333333333,0.1
7472,3,0.0,0.0,0.0,0.0,0.0,0.0,0.0,0.0,0.0,0.0
21661,5,0.4,0.4666666666666666,0.48522855511632257,0.4,0.4,0.4,0.425,0.48522855511632257,0.4,0.2
10275,6,0.2,0.26666666666666666,0.2139862647345275,0.16666666666666666,0.2,0.16666666666666666,0.2,0.1909208661789346,0.16666666666666666,0.1
21112,1,0.0,0.0,0.0,0.0,0.0,0.0,0.0,0.0,0.0,0.0
21825,5,0.2,0.3333333333333333,0.33916020527361607,0.2,0.2,0.2,0.25,0.33916020527361607,0.2,0.1
9902,4,0.0,0.0,0.0,0.0,0.0,0.0,0.0,0.0,0.0,0.0
18965,1,1.0,1.0,1.0,1.0,0.2,1.0,1.0,1.0,1.0,0.1
20771,7,0.0,0.0,0.0,0.0,0.0,0.14285714285714285,0.0,0.0,0.14285714285714285,0.1
13055,45,0.2,0.3333333333333333,0.33916020527361607,0.022222222222222223,0.2,0.1,0.18181818181818182,0.22009176629808014,0.022222222222222223,0.1
10901,1,0.0,0.0,0.0,0.0,0.0,0.0,0.0,0.0,0.0,0.0
12443,3,0.0,0.0,0.0,0.0,0.0,0.0,0.0,0.0,0.0,0.0
8000,14,0.4,0.4666666666666666,0.38356636737133554,0.14285714285714285,0.4,0.3,0.34545454545454546,0.3151625504769836,0.21428571428571427,0.3
4904,4,0.0,0.0,0.0,0.0,0.0,0.0,0.0,0.0,0.0,0.0
11736,18,0.6,0.7333333333333334,0.6992148198508501,0.16666666666666666,0.6,0.3,0.47272727272727266,0.4537425745411855,0.16666666666666666,0.3
22033,18,0.2,0.3333333333333333,0.33916020527361607,0.05555555555555555,0.2,0.1,0.18181818181818182,0.22009176629808014,0.05555555555555555,0.1
10252,9,0.2,0.26666666666666666,0.2139862647345275,0.1111111111111111,0.2,0.1111111111111111,0.16666666666666666,0.14829723057014907,0.1111111111111111,0.1
7569,18,0.4,0.39999999999999997,0.4703652827859578,0.1111111111111111,0.4,0.3,0.36363636363636365,0.37859880603906115,0.16666666666666666,0.3
8635,4,0.25,0.2142857142857143,0.19519002499605081,0.25,0.2,0.25,0.23529411764705882,0.19519002499605081,0.25,0.1
14398,5,0.0,0.0,0.0,0.0,0.0,0.0,0.0,0.0,0.0,0.0
6938,11,0.2,0.26666666666666666,0.2139862647345275,0.09090909090909091,0.2,0.2,0.2545454545454545,0.21726071285222984,0.18181818181818182,0.2
16205,4,0.0,0.0,0.0,0.0,0.0,0.0,0.0,0.0,0.0,0.0
10026,5,0.2,0.13333333333333333,0.14606834984270645,0.2,0.2,0.2,0.175,0.14606834984270645,0.2,0.1
11819,8,0.0,0.0,0.0,0.0,0.0,0.0,0.0,0.0,0.0,0.0
1645,1,1.0,0.0,0.0,1.0,0.2,1.0,0.0,0.0,1.0,0.1
13737,6,0.2,0.3333333333333333,0.33916020527361607,0.16666666666666666,0.2,0.16666666666666666,0.2222222222222222,0.30260241349881345,0.16666666666666666,0.1
22241,2,0.0,0.0,0.0,0.0,0.0,0.0,0.0,0.0,0.0,0.0
21173,4,0.0,0.0,0.0,0.0,0.0,0.25,0.0,0.0,0.25,0.1
21559,1,1.0,0.0,0.0,1.0,0.2,1.0,0.0,0.0,1.0,0.1
15604,11,0.4,0.3333333333333333,0.31564845247951445,0.18181818181818182,0.4,0.3,0.34545454545454546,0.2781981696179509,0.2727272727272727,0.3
11282,17,0.4,0.5333333333333333,0.5087403079104241,0.11764705882352941,0.4,0.3,0.34545454545454546,0.3937584376460719,0.17647058823529413,0.3
20035,4,0.0,0.0,0.0,0.0,0.0,0.0,0.0,0.0,0.0,0.0
4035,4,0.0,0.0,0.0,0.0,0.0,0.25,0.0,0.0,0.25,0.1
14632,10,0.4,0.4666666666666666,0.38356636737133554,0.2,0.4,0.2,0.30909090909090914,0.24890832702259458,0.2,0.2
1853,5,0.0,0.0,0.0,0.0,0.0,0.0,0.0,0.0,0.0,0.0
7256,7,0.2,0.19999999999999998,0.16958010263680803,0.14285714285714285,0.2,0.14285714285714285,0.16326530612244897,0.13743816645714543,0.14285714285714285,0.1
6244,12,0.2,0.3333333333333333,0.33916020527361607,0.08333333333333333,0.2,0.1,0.18181818181818182,0.22009176629808014,0.08333333333333333,0.1
13694,23,0.2,0.06666666666666665,0.13120507751234176,0.043478260869565216,0.2,0.2,0.2,0.1635413866202963,0.08695652173913043,0.2
18397,2,0.0,0.0,0.0,0.0,0.0,0.0,0.0,0.0,0.0,0.0
14151,3,0.0,0.0,0.0,0.0,0.0,0.0,0.0,0.0,0.0,0.0
16066,7,0.2,0.3333333333333333,0.33916020527361607,0.14285714285714285,0.2,0.2857142857142857,0.2040816326530612,0.27487633291429087,0.2857142857142857,0.2
9740,13,0.0,0.0,0.0,0.0,0.0,0.1,0.05454545454545456,0.06943122193677725,0.07692307692307693,0.1
12087,10,0.2,0.19999999999999998,0.16958010263680803,0.1,0.2,0.1,0.14545454545454548,0.11004588314904007,0.1,0.1
9167,1,0.0,0.0,0.0,0.0,0.0,0.0,0.0,0.0,0.0,0.0
12630,7,0.2,0.13333333333333333,0.14606834984270645,0.14285714285714285,0.2,0.2857142857142857,0.14285714285714285,0.11838279295536291,0.2857142857142857,0.2
2177,4,0.0,0.0,0.0,0.0,0.0,0.0,0.0,0.0,0.0,0.0
10955,9,0.2,0.19999999999999998,0.16958010263680803,0.1111111111111111,0.2,0.3333333333333333,0.24074074074074073,0.20124768870643617,0.3333333333333333,0.3
17448,1,1.0,0.0,0.0,1.0,0.2,1.0,0.0,0.0,1.0,0.1
18903,16,0.2,0.3333333333333333,0.33916020527361607,0.0625,0.2,0.2,0.21818181818181817,0.28634598975246917,0.125,0.2
20316,2,0.0,0.0,0.0,0.0,0.0,0.0,0.0,0.0,0.0,0.0
9094,4,0.0,0.0,0.0,0.0,0.0,0.0,0.0,0.0,0.0,0.0
16690,15,0.2,0.26666666666666666,0.2139862647345275,0.06666666666666667,0.2,0.1,0.16363636363636364,0.1388624438735545,0.06666666666666667,0.1
546,4,0.25,0.28571428571428575,0.2463023887407299,0.25,0.2,0.5,0.2647058823529412,0.2463023887407299,0.5,0.2
7161,2,0.5,0.5555555555555556,0.6131471927654584,0.5,0.2,0.5,0.5263157894736842,0.6131471927654584,0.5,0.1
14259,5,0.0,0.0,0.0,0.0,0.0,0.0,0.0,0.0,0.0,0.0
2474,1,0.0,0.0,0.0,0.0,0.0,0.0,0.0,0.0,0.0,0.0
14648,32,0.4,0.6,0.5531464700081437,0.0625,0.4,0.2,0.34545454545454546,0.3589542101716347,0.0625,0.2
14491,9,0.0,0.0,0.0,0.0,0.0,0.0,0.0,0.0,0.0,0.0
1616,8,0.4,0.4000000000000001,0.3600546145772339,0.25,0.4,0.25,0.3076923076923077,0.2685255697426522,0.25,0.2
5159,6,0.2,0.26666666666666666,0.2139862647345275,0.16666666666666666,0.2,0.16666666666666666,0.2,0.1909208661789346,0.16666666666666666,0.1
11937,1,0.0,0.0,0.0,0.0,0.0,0.0,0.0,0.0,0.0,0.0
10796,11,0.0,0.0,0.0,0.0,0.0,0.1,0.036363636363636355,0.06625422345438903,0.09090909090909091,0.1
4458,3,0.3333333333333333,0.33333333333333337,0.29608191096586517,0.3333333333333333,0.2,0.3333333333333333,0.3333333333333333,0.29608191096586517,0.3333333333333333,0.1
4131,2,0.0,0.0,0.0,0.0,0.0,0.0,0.0,0.0,0.0,0.0
5976,3,0.0,0.0,0.0,0.0,0.0,0.0,0.0,0.0,0.0,0.0
2599,1,0.0,0.0,0.0,0.0,0.0,0.0,0.0,0.0,0.0,0.0
10560,21,0.4,0.5333333333333333,0.5087403079104241,0.09523809523809523,0.4,0.3,0.4,0.40350157154648025,0.14285714285714285,0.3
18908,18,0.0,0.0,0.0,0.0,0.0,0.1,0.05454545454545456,0.06943122193677725,0.05555555555555555,0.1
5806,1,0.0,0.0,0.0,0.0,0.0,0.0,0.0,0.0,0.0,0.0
7934,21,0.0,0.0,0.0,0.0,0.0,0.0,0.0,0.0,0.0,0.0
839,11,0.0,0.0,0.0,0.0,0.0,0.0,0.0,0.0,0.0,0.0
12339,1,0.0,0.0,0.0,0.0,0.0,0.0,0.0,0.0,0.0,0.0
10164,8,0.2,0.26666666666666666,0.2139862647345275,0.125,0.2,0.125,0.17307692307692307,0.1595890771248963,0.125,0.1
15636,5,0.2,0.3333333333333333,0.33916020527361607,0.2,0.2,0.2,0.25,0.33916020527361607,0.2,0.1
1341,2,0.5,0.4444444444444445,0.3868528072345415,0.5,0.2,0.5,0.4736842105263158,0.3868528072345415,0.5,0.1
12324,4,0.0,0.0,0.0,0.0,0.0,0.0,0.0,0.0,0.0,0.0
15298,1,0.0,0.0,0.0,0.0,0.0,0.0,0.0,0.0,0.0,0.0
17349,5,0.2,0.3333333333333333,0.33916020527361607,0.2,0.2,0.4,0.25,0.33916020527361607,0.4,0.2
15374,15,0.2,0.26666666666666666,0.2139862647345275,0.06666666666666667,0.2,0.1,0.16363636363636364,0.1388624438735545,0.06666666666666667,0.1
20980,3,0.0,0.0,0.0,0.0,0.0,0.0,0.0,0.0,0.0,0.0
11746,2,0.0,0.0,0.0,0.0,0.0,0.0,0.0,0.0,0.0,0.0
10681,10,0.2,0.3333333333333333,0.33916020527361607,0.1,0.2,0.1,0.18181818181818182,0.22009176629808014,0.1,0.1
9130,1,0.0,0.0,0.0,0.0,0.0,0.0,0.0,0.0,0.0,0.0
4044,10,0.2,0.3333333333333333,0.33916020527361607,0.1,0.2,0.1,0.18181818181818182,0.22009176629808014,0.1,0.1
3660,2,0.0,0.0,0.0,0.0,0.0,0.0,0.0,0.0,0.0,0.0
8119,13,0.2,0.3333333333333333,0.33916020527361607,0.07692307692307693,0.2,0.2,0.2,0.2837125544970318,0.15384615384615385,0.2
9050,1,1.0,1.0,1.0,1.0,0.2,1.0,1.0,1.0,1.0,0.1
4964,5,0.2,0.06666666666666665,0.13120507751234176,0.2,0.2,0.2,0.15,0.13120507751234176,0.2,0.1
40,4,0.0,0.0,0.0,0.0,0.0,0.0,0.0,0.0,0.0,0.0
20503,1,0.0,0.0,0.0,0.0,0.0,0.0,0.0,0.0,0.0,0.0
4406,18,0.4,0.19999999999999998,0.2772734273550482,0.1111111111111111,0.4,0.2,0.23636363636363633,0.17993148201117173,0.1111111111111111,0.2
18162,1,0.0,0.0,0.0,0.0,0.0,0.0,0.0,0.0,0.0,0.0
20084,5,0.0,0.0,0.0,0.0,0.0,0.0,0.0,0.0,0.0,0.0
10050,5,0.0,0.0,0.0,0.0,0.0,0.0,0.0,0.0,0.0,0.0
6190,12,0.4,0.4000000000000001,0.3600546145772339,0.16666666666666666,0.4,0.6,0.490909090909091,0.5113553108118986,0.5,0.6
14295,21,0.8,0.7333333333333334,0.7860137352654724,0.19047619047619047,0.8,0.4,0.5636363636363636,0.510069131458292,0.19047619047619047,0.4
17066,5,0.2,0.26666666666666666,0.2139862647345275,0.2,0.2,0.2,0.225,0.2139862647345275,0.2,0.1
16375,1,0.0,0.0,0.0,0.0,0.0,0.0,0.0,0.0,0.0,0.0
4309,4,0.0,0.0,0.0,0.0,0.0,0.0,0.0,0.0,0.0,0.0
10410,3,0.3333333333333333,0.25,0.23463936301137822,0.3333333333333333,0.2,0.3333333333333333,0.2962962962962963,0.23463936301137822,0.3333333333333333,0.1
10682,3,0.0,0.0,0.0,0.0,0.0,0.0,0.0,0.0,0.0,0.0
14860,3,0.0,0.0,0.0,0.0,0.0,0.0,0.0,0.0,0.0,0.0
16474,20,0.2,0.19999999999999998,0.16958010263680803,0.05,0.2,0.3,0.2545454545454546,0.24966402870278911,0.15,0.3
10412,5,0.0,0.0,0.0,0.0,0.0,0.0,0.0,0.0,0.0,0.0
19295,4,0.25,0.14285714285714288,0.16812753627111746,0.25,0.2,0.25,0.20588235294117643,0.16812753627111746,0.25,0.1
16309,1,0.0,0.0,0.0,0.0,0.0,0.0,0.0,0.0,0.0,0.0
686,1,0.0,0.0,0.0,0.0,0.0,0.0,0.0,0.0,0.0,0.0
18000,3,0.0,0.0,0.0,0.0,0.0,0.0,0.0,0.0,0.0,0.0
2584,1,0.0,0.0,0.0,0.0,0.0,0.0,0.0,0.0,0.0,0.0
8843,6,0.0,0.0,0.0,0.0,0.0,0.16666666666666666,0.1111111111111111,0.10778915452451095,0.16666666666666666,0.1
19193,4,0.25,0.0,0.0,0.25,0.2,0.25,0.0,0.0,0.25,0.1
11956,1,0.0,0.0,0.0,0.0,0.0,0.0,0.0,0.0,0.0,0.0
22454,2,0.0,0.0,0.0,0.0,0.0,0.0,0.0,0.0,0.0,0.0
9947,3,0.0,0.0,0.0,0.0,0.0,0.0,0.0,0.0,0.0,0.0
13058,6,0.4,0.39999999999999997,0.4703652827859578,0.3333333333333333,0.4,0.3333333333333333,0.35555555555555557,0.4196650066367769,0.3333333333333333,0.2
6770,4,0.0,0.0,0.0,0.0,0.0,0.0,0.0,0.0,0.0,0.0
8658,7,0.0,0.0,0.0,0.0,0.0,0.0,0.0,0.0,0.0,0.0
8387,4,0.25,0.35714285714285715,0.39038004999210163,0.25,0.2,0.5,0.2941176470588235,0.39038004999210163,0.5,0.2
21691,17,0.0,0.0,0.0,0.0,0.0,0.0,0.0,0.0,0.0,0.0
6992,2,0.0,0.0,0.0,0.0,0.0,0.0,0.0,0.0,0.0,0.0
19919,1,0.0,0.0,0.0,0.0,0.0,0.0,0.0,0.0,0.0,0.0
15897,4,0.5,0.6428571428571429,0.6366824387328316,0.5,0.4,0.5,0.5588235294117646,0.6366824387328316,0.5,0.2
3088,22,0.4,0.6,0.5531464700081437,0.09090909090909091,0.4,0.2,0.34545454545454546,0.3589542101716347,0.09090909090909091,0.2
3826,1,0.0,0.0,0.0,0.0,0.0,0.0,0.0,0.0,0.0,0.0
19526,44,0.6,0.7333333333333334,0.6992148198508501,0.06818181818181818,0.6,0.3,0.47272727272727266,0.4537425745411855,0.06818181818181818,0.3
16354,10,0.2,0.3333333333333333,0.33916020527361607,0.1,0.2,0.1,0.18181818181818182,0.22009176629808014,0.1,0.1
8935,2,0.5,0.4444444444444445,0.3868528072345415,0.5,0.2,0.5,0.4736842105263158,0.3868528072345415,0.5,0.1
12965,1,0.0,0.0,0.0,0.0,0.0,0.0,0.0,0.0,0.0,0.0
11493,1,0.0,0.0,0.0,0.0,0.0,0.0,0.0,0.0,0.0,0.0
13889,23,0.6,0.5333333333333333,0.6164336326286642,0.13043478260869565,0.6,0.4,0.45454545454545453,0.4662774717636409,0.17391304347826086,0.4
9053,29,0.0,0.0,0.0,0.0,0.0,0.0,0.0,0.0,0.0,0.0
5728,3,0.0,0.0,0.0,0.0,0.0,0.0,0.0,0.0,0.0,0.0
17575,3,0.0,0.0,0.0,0.0,0.0,0.0,0.0,0.0,0.0,0.0
5988,8,0.2,0.19999999999999998,0.16958010263680803,0.125,0.2,0.125,0.15384615384615385,0.12647135138382856,0.125,0.1
21567,3,0.0,0.0,0.0,0.0,0.0,0.0,0.0,0.0,0.0,0.0
19915,1,0.0,0.0,0.0,0.0,0.0,1.0,0.0,0.0,1.0,0.1
18408,14,0.0,0.0,0.0,0.0,0.0,0.0,0.0,0.0,0.0,0.0
4589,1,0.0,0.0,0.0,0.0,0.0,0.0,0.0,0.0,0.0,0.0
15504,9,0.0,0.0,0.0,0.0,0.0,0.1111111111111111,0.05555555555555556,0.07414861528507453,0.1111111111111111,0.1
16586,1,0.0,0.0,0.0,0.0,0.0,0.0,0.0,0.0,0.0,0.0
21959,14,0.0,0.0,0.0,0.0,0.0,0.0,0.0,0.0,0.0,0.0
19679,4,0.25,0.28571428571428575,0.2463023887407299,0.25,0.2,0.25,0.2647058823529412,0.2463023887407299,0.25,0.1
17592,2,0.0,0.0,0.0,0.0,0.0,0.0,0.0,0.0,0.0,0.0
6587,15,0.4,0.6,0.5531464700081437,0.13333333333333333,0.4,0.4,0.39999999999999997,0.4888292218249754,0.26666666666666666,0.4
13158,7,0.4,0.6,0.5531464700081437,0.2857142857142857,0.4,0.2857142857142857,0.38775510204081626,0.4483039899025303,0.2857142857142857,0.2
7718,4,0.25,0.35714285714285715,0.39038004999210163,0.25,0.2,0.25,0.2941176470588235,0.39038004999210163,0.25,0.1
6878,11,0.0,0.0,0.0,0.0,0.0,0.0,0.0,0.0,0.0,0.0
6698,1,0.0,0.0,0.0,0.0,0.0,0.0,0.0,0.0,0.0,0.0
10413,7,0.4,0.39999999999999997,0.4703652827859578,0.2857142857142857,0.4,0.2857142857142857,0.32653061224489793,0.3812130139445206,0.2857142857142857,0.2
16506,9,0.2,0.13333333333333333,0.14606834984270645,0.1111111111111111,0.2,0.1111111111111111,0.12962962962962962,0.10122860821230019,0.1111111111111111,0.1
20468,17,0.2,0.3333333333333333,0.33916020527361607,0.058823529411764705,0.2,0.1,0.18181818181818182,0.22009176629808014,0.058823529411764705,0.1
20583,8,0.0,0.0,0.0,0.0,0.0,0.0,0.0,0.0,0.0,0.0
15923,4,0.0,0.0,0.0,0.0,0.0,0.0,0.0,0.0,0.0,0.0
22184,9,0.0,0.0,0.0,0.0,0.0,0.0,0.0,0.0,0.0,0.0
1556,2,0.0,0.0,0.0,0.0,0.0,0.0,0.0,0.0,0.0,0.0
8451,3,0.0,0.0,0.0,0.0,0.0,0.0,0.0,0.0,0.0,0.0
12154,19,0.0,0.0,0.0,0.0,0.0,0.2,0.09090909090909091,0.13568544539116628,0.10526315789473684,0.2
18203,1,0.0,0.0,0.0,0.0,0.0,0.0,0.0,0.0,0.0,0.0
7687,7,0.0,0.0,0.0,0.0,0.0,0.0,0.0,0.0,0.0,0.0
9172,16,0.0,0.0,0.0,0.0,0.0,0.2,0.1272727272727273,0.1427951440361373,0.125,0.2
15172,5,0.0,0.0,0.0,0.0,0.0,0.0,0.0,0.0,0.0,0.0
1036,3,0.3333333333333333,0.0,0.0,0.3333333333333333,0.2,0.3333333333333333,0.0,0.0,0.3333333333333333,0.1
20421,4,0.0,0.0,0.0,0.0,0.0,0.0,0.0,0.0,0.0,0.0
15983,1,0.0,0.0,0.0,0.0,0.0,0.0,0.0,0.0,0.0,0.0
20828,17,0.4,0.3333333333333333,0.34519134224686926,0.11764705882352941,0.4,0.2,0.2727272727272727,0.22400556151517548,0.11764705882352941,0.2
1989,18,0.0,0.0,0.0,0.0,0.0,0.0,0.0,0.0,0.0,0.0
9800,9,0.2,0.3333333333333333,0.33916020527361607,0.1111111111111111,0.2,0.1111111111111111,0.18518518518518517,0.23504554941448538,0.1111111111111111,0.1
4491,18,0.2,0.13333333333333333,0.14606834984270645,0.05555555555555555,0.2,0.1,0.12727272727272726,0.09478836436955078,0.05555555555555555,0.1
17174,13,0.2,0.26666666666666666,0.2139862647345275,0.07692307692307693,0.2,0.1,0.16363636363636364,0.1388624438735545,0.07692307692307693,0.1
17175,26,0.4,0.39999999999999997,0.4703652827859578,0.07692307692307693,0.4,0.3,0.32727272727272727,0.37148910739409013,0.11538461538461539,0.3
16304,1,0.0,0.0,0.0,0.0,0.0,0.0,0.0,0.0,0.0,0.0
613,14,0.0,0.0,0.0,0.0,0.0,0.3,0.18181818181818182,0.2140837143698416,0.21428571428571427,0.3
14230,13,0.0,0.0,0.0,0.0,0.0,0.1,0.036363636363636355,0.06625422345438903,0.07692307692307693,0.1
1412,27,0.4,0.39999999999999997,0.4703652827859578,0.07407407407407407,0.4,0.3,0.30909090909090914,0.3688556721386528,0.1111111111111111,0.3
9513,29,0.4,0.4666666666666666,0.38356636737133554,0.06896551724137931,0.4,0.2,0.30909090909090914,0.24890832702259458,0.06896551724137931,0.2
13174,6,0.0,0.0,0.0,0.0,0.0,0.0,0.0,0.0,0.0,0.0
7689,1,0.0,0.0,0.0,0.0,0.0,1.0,0.0,0.0,1.0,0.1
4788,11,0.0,0.0,0.0,0.0,0.0,0.0,0.0,0.0,0.0,0.0
20295,5,0.2,0.06666666666666665,0.13120507751234176,0.2,0.2,0.2,0.15,0.13120507751234176,0.2,0.1
5496,10,0.6,0.7333333333333334,0.6992148198508501,0.3,0.6,0.4,0.5454545454545454,0.5271064966405455,0.4,0.4
10934,1,0.0,0.0,0.0,0.0,0.0,0.0,0.0,0.0,0.0,0.0
21779,1,0.0,0.0,0.0,0.0,0.0,0.0,0.0,0.0,0.0,0.0
16740,3,0.0,0.0,0.0,0.0,0.0,0.0,0.0,0.0,0.0,0.0
1084,2,0.0,0.0,0.0,0.0,0.0,0.0,0.0,0.0,0.0,0.0
20763,6,0.0,0.0,0.0,0.0,0.0,0.16666666666666666,0.0,0.0,0.16666666666666666,0.1
17696,1,0.0,0.0,0.0,0.0,0.0,0.0,0.0,0.0,0.0,0.0
20498,4,0.0,0.0,0.0,0.0,0.0,0.0,0.0,0.0,0.0,0.0
17954,1,0.0,0.0,0.0,0.0,0.0,0.0,0.0,0.0,0.0,0.0
9586,5,0.0,0.0,0.0,0.0,0.0,0.0,0.0,0.0,0.0,0.0
10749,1,0.0,0.0,0.0,0.0,0.0,1.0,0.0,0.0,1.0,0.1
14639,12,0.0,0.0,0.0,0.0,0.0,0.1,0.09090909090909091,0.07839826897867533,0.08333333333333333,0.1
10598,1,0.0,0.0,0.0,0.0,0.0,0.0,0.0,0.0,0.0,0.0
10079,2,0.0,0.0,0.0,0.0,0.0,0.0,0.0,0.0,0.0,0.0
18285,8,0.2,0.26666666666666666,0.2139862647345275,0.125,0.2,0.125,0.17307692307692307,0.1595890771248963,0.125,0.1
16993,4,0.25,0.28571428571428575,0.2463023887407299,0.25,0.2,0.25,0.2647058823529412,0.2463023887407299,0.25,0.1
878,6,0.2,0.13333333333333333,0.14606834984270645,0.16666666666666666,0.2,0.3333333333333333,0.26666666666666666,0.23811292043488155,0.3333333333333333,0.2
2947,9,0.2,0.19999999999999998,0.16958010263680803,0.1111111111111111,0.2,0.1111111111111111,0.14814814814814814,0.11752277470724269,0.1111111111111111,0.1
11686,6,0.4,0.19999999999999998,0.2772734273550482,0.3333333333333333,0.4,0.3333333333333333,0.28888888888888886,0.24738635904833414,0.3333333333333333,0.2
8639,14,0.2,0.3333333333333333,0.33916020527361607,0.07142857142857142,0.2,0.2,0.23636363636363636,0.2895229882348574,0.14285714285714285,0.2
21754,1,0.0,0.0,0.0,0.0,0.0,0.0,0.0,0.0,0.0,0.0
18543,26,0.4,0.3333333333333333,0.31564845247951445,0.07692307692307693,0.4,0.3,0.34545454545454546,0.2781981696179509,0.11538461538461539,0.3
20379,21,0.6,0.5333333333333333,0.6164336326286642,0.14285714285714285,0.6,0.3,0.41818181818181815,0.4000232483092519,0.14285714285714285,0.3
17655,2,0.0,0.0,0.0,0.0,0.0,0.0,0.0,0.0,0.0,0.0
1059,8,0.2,0.13333333333333333,0.14606834984270645,0.125,0.2,0.25,0.23076923076923075,0.19903650127012357,0.25,0.2
2545,5,0.0,0.0,0.0,0.0,0.0,0.0,0.0,0.0,0.0,0.0
21198,9,0.2,0.06666666666666665,0.13120507751234176,0.1111111111111111,0.2,0.1111111111111111,0.1111111111111111,0.09092803061897882,0.1111111111111111,0.1
20189,6,0.4,0.4666666666666666,0.38356636737133554,0.3333333333333333,0.4,0.3333333333333333,0.3777777777777778,0.34222207292834134,0.3333333333333333,0.2
1055,20,0.0,0.0,0.0,0.0,0.0,0.0,0.0,0.0,0.0,0.0
10211,4,0.0,0.0,0.0,0.0,0.0,0.0,0.0,0.0,0.0,0.0
18858,14,0.0,0.0,0.0,0.0,0.0,0.0,0.0,0.0,0.0,0.0
7484,7,0.2,0.13333333333333333,0.14606834984270645,0.14285714285714285,0.2,0.2857142857142857,0.14285714285714285,0.11838279295536291,0.2857142857142857,0.2
2905,7,0.2,0.3333333333333333,0.33916020527361607,0.14285714285714285,0.2,0.42857142857142855,0.2040816326530612,0.27487633291429087,0.42857142857142855,0.3
11154,7,0.4,0.6,0.5531464700081437,0.2857142857142857,0.4,0.42857142857142855,0.38775510204081626,0.4483039899025303,0.42857142857142855,0.3
13167,8,0.0,0.0,0.0,0.0,0.0,0.0,0.0,0.0,0.0,0.0
15611,1,0.0,0.0,0.0,0.0,0.0,0.0,0.0,0.0,0.0,0.0
8095,17,0.2,0.26666666666666666,0.2139862647345275,0.058823529411764705,0.2,0.1,0.16363636363636364,0.1388624438735545,0.058823529411764705,0.1
10916,10,0.2,0.3333333333333333,0.33916020527361607,0.1,0.2,0.1,0.18181818181818182,0.22009176629808014,0.1,0.1
18755,4,0.0,0.0,0.0,0.0,0.0,0.0,0.0,0.0,0.0,0.0
17421,13,0.0,0.0,0.0,0.0,0.0,0.0,0.0,0.0,0.0,0.0
2311,4,0.25,0.28571428571428575,0.2463023887407299,0.25,0.2,0.25,0.2647058823529412,0.2463023887407299,0.25,0.1
3056,3,0.3333333333333333,0.33333333333333337,0.29608191096586517,0.3333333333333333,0.2,0.3333333333333333,0.3333333333333333,0.29608191096586517,0.3333333333333333,0.1
14228,5,0.0,0.0,0.0,0.0,0.0,0.0,0.0,0.0,0.0,0.0
7353,4,0.0,0.0,0.0,0.0,0.0,0.0,0.0,0.0,0.0,0.0
5558,7,0.4,0.19999999999999998,0.2772734273550482,0.2857142857142857,0.4,0.42857142857142855,0.26530612244897955,0.22471947398559272,0.42857142857142855,0.3
7548,15,0.2,0.3333333333333333,0.33916020527361607,0.06666666666666667,0.2,0.1,0.18181818181818182,0.22009176629808014,0.06666666666666667,0.1
7615,2,0.0,0.0,0.0,0.0,0.0,0.0,0.0,0.0,0.0,0.0
6996,3,0.0,0.0,0.0,0.0,0.0,0.0,0.0,0.0,0.0,0.0
1960,5,0.2,0.06666666666666665,0.13120507751234176,0.2,0.2,0.4,0.15,0.13120507751234176,0.4,0.2
8547,10,0.0,0.0,0.0,0.0,0.0,0.0,0.0,0.0,0.0,0.0
21373,3,0.0,0.0,0.0,0.0,0.0,0.0,0.0,0.0,0.0,0.0
545,1,0.0,0.0,0.0,0.0,0.0,0.0,0.0,0.0,0.0,0.0
12231,4,0.25,0.35714285714285715,0.39038004999210163,0.25,0.2,0.75,0.2941176470588235,0.39038004999210163,0.75,0.3
9296,1,0.0,0.0,0.0,0.0,0.0,0.0,0.0,0.0,0.0,0.0
10534,1,0.0,0.0,0.0,0.0,0.0,0.0,0.0,0.0,0.0,0.0
15407,3,0.0,0.0,0.0,0.0,0.0,0.0,0.0,0.0,0.0,0.0
10793,4,0.25,0.2142857142857143,0.19519002499605081,0.25,0.2,0.25,0.23529411764705882,0.19519002499605081,0.25,0.1
8114,4,0.0,0.0,0.0,0.0,0.0,0.0,0.0,0.0,0.0,0.0
5091,4,0.0,0.0,0.0,0.0,0.0,0.0,0.0,0.0,0.0,0.0
20208,10,0.0,0.0,0.0,0.0,0.0,0.0,0.0,0.0,0.0,0.0
12656,14,0.0,0.0,0.0,0.0,0.0,0.1,0.018181818181818177,0.0636207881989517,0.07142857142857142,0.1
4588,23,0.4,0.39999999999999997,0.4703652827859578,0.08695652173913043,0.4,0.3,0.32727272727272727,0.37148910739409013,0.13043478260869565,0.3
20918,4,0.0,0.0,0.0,0.0,0.0,0.0,0.0,0.0,0.0,0.0
21495,11,0.4,0.4666666666666666,0.48522855511632257,0.18181818181818182,0.4,0.2,0.3090909090909091,0.31488013066763093,0.18181818181818182,0.2
20057,7,0.0,0.0,0.0,0.0,0.0,0.0,0.0,0.0,0.0,0.0
14539,8,0.2,0.26666666666666666,0.2139862647345275,0.125,0.2,0.375,0.25,0.243903311380782,0.375,0.3
21657,4,0.0,0.0,0.0,0.0,0.0,0.0,0.0,0.0,0.0,0.0
14232,2,1.0,0.5555555555555556,0.6131471927654584,1.0,0.4,1.0,0.5263157894736842,0.6131471927654584,1.0,0.2
22426,1,0.0,0.0,0.0,0.0,0.0,0.0,0.0,0.0,0.0,0.0
20833,2,0.0,0.0,0.0,0.0,0.0,0.0,0.0,0.0,0.0,0.0
19345,2,0.0,0.0,0.0,0.0,0.0,0.0,0.0,0.0,0.0,0.0
15916,21,0.2,0.19999999999999998,0.16958010263680803,0.047619047619047616,0.2,0.2,0.21818181818181823,0.18340980524840012,0.09523809523809523,0.2
16568,3,0.0,0.0,0.0,0.0,0.0,0.0,0.0,0.0,0.0,0.0
11088,19,0.0,0.0,0.0,0.0,0.0,0.1,0.018181818181818177,0.0636207881989517,0.05263157894736842,0.1
14715,1,0.0,0.0,0.0,0.0,0.0,0.0,0.0,0.0,0.0,0.0
19926,1,0.0,0.0,0.0,0.0,0.0,0.0,0.0,0.0,0.0,0.0
7163,7,0.4,0.19999999999999998,0.2772734273550482,0.2857142857142857,0.4,0.5714285714285714,0.36734693877551017,0.32263239933556054,0.5714285714285714,0.4
20268,1,0.0,0.0,0.0,0.0,0.0,0.0,0.0,0.0,0.0,0.0
2021,3,0.0,0.0,0.0,0.0,0.0,0.3333333333333333,0.0,0.0,0.3333333333333333,0.1
11616,1,0.0,0.0,0.0,0.0,0.0,0.0,0.0,0.0,0.0,0.0
22175,8,0.2,0.19999999999999998,0.16958010263680803,0.125,0.2,0.25,0.23076923076923078,0.21078558563971428,0.25,0.2
14246,9,0.0,0.0,0.0,0.0,0.0,0.0,0.0,0.0,0.0,0.0
48,7,0.0,0.0,0.0,0.0,0.0,0.14285714285714285,0.08163265306122448,0.09162544430476363,0.14285714285714285,0.1
12884,2,0.0,0.0,0.0,0.0,0.0,0.0,0.0,0.0,0.0,0.0
17442,15,0.4,0.5333333333333333,0.5087403079104241,0.13333333333333333,0.4,0.3,0.4,0.40350157154648025,0.2,0.3
10806,7,0.0,0.0,0.0,0.0,0.0,0.14285714285714285,0.08163265306122448,0.09162544430476363,0.14285714285714285,0.1
12565,1,0.0,0.0,0.0,0.0,0.0,0.0,0.0,0.0,0.0,0.0
21447,11,0.0,0.0,0.0,0.0,0.0,0.0,0.0,0.0,0.0,0.0
5394,8,0.2,0.3333333333333333,0.33916020527361607,0.125,0.2,0.375,0.28846153846153844,0.34304271142002485,0.375,0.3
19278,3,0.3333333333333333,0.33333333333333337,0.29608191096586517,0.3333333333333333,0.2,0.3333333333333333,0.3333333333333333,0.29608191096586517,0.3333333333333333,0.1
16056,1,0.0,0.0,0.0,0.0,0.0,0.0,0.0,0.0,0.0,0.0
12005,4,0.0,0.0,0.0,0.0,0.0,0.25,0.0,0.0,0.25,0.1
11737,4,0.0,0.0,0.0,0.0,0.0,0.25,0.0,0.0,0.25,0.1
10302,18,0.0,0.0,0.0,0.0,0.0,0.0,0.0,0.0,0.0,0.0
2499,10,0.0,0.0,0.0,0.0,0.0,0.1,0.018181818181818177,0.0636207881989517,0.1,0.1
3071,14,0.0,0.0,0.0,0.0,0.0,0.0,0.0,0.0,0.0,0.0
5470,1,0.0,0.0,0.0,0.0,0.0,0.0,0.0,0.0,0.0,0.0
17993,4,0.0,0.0,0.0,0.0,0.0,0.0,0.0,0.0,0.0,0.0
620,1,0.0,0.0,0.0,0.0,0.0,0.0,0.0,0.0,0.0,0.0
22272,2,0.0,0.0,0.0,0.0,0.0,0.0,0.0,0.0,0.0,0.0
15350,2,0.0,0.0,0.0,0.0,0.0,0.0,0.0,0.0,0.0,0.0
7481,1,0.0,0.0,0.0,0.0,0.0,0.0,0.0,0.0,0.0,0.0
11213,2,0.0,0.0,0.0,0.0,0.0,0.0,0.0,0.0,0.0,0.0
10752,10,0.2,0.3333333333333333,0.33916020527361607,0.1,0.2,0.1,0.18181818181818182,0.22009176629808014,0.1,0.1
12854,4,0.0,0.0,0.0,0.0,0.0,0.0,0.0,0.0,0.0,0.0
8101,5,0.2,0.26666666666666666,0.2139862647345275,0.2,0.2,0.4,0.225,0.2139862647345275,0.4,0.2
10116,4,0.0,0.0,0.0,0.0,0.0,0.0,0.0,0.0,0.0,0.0
5068,2,0.5,0.0,0.0,0.5,0.2,0.5,0.0,0.0,0.5,0.1
4430,1,0.0,0.0,0.0,0.0,0.0,0.0,0.0,0.0,0.0,0.0
10056,19,0.0,0.0,0.0,0.0,0.0,0.1,0.09090909090909091,0.07839826897867533,0.05263157894736842,0.1
21944,3,0.0,0.0,0.0,0.0,0.0,0.3333333333333333,0.0,0.0,0.3333333333333333,0.1
3133,3,0.0,0.0,0.0,0.0,0.0,0.0,0.0,0.0,0.0,0.0
20529,32,0.2,0.13333333333333333,0.14606834984270645,0.03125,0.2,0.4,0.30909090909090914,0.31017134364653787,0.125,0.4
21921,1,0.0,0.0,0.0,0.0,0.0,0.0,0.0,0.0,0.0,0.0
10708,6,0.0,0.0,0.0,0.0,0.0,0.0,0.0,0.0,0.0,0.0
6294,4,0.0,0.0,0.0,0.0,0.0,0.0,0.0,0.0,0.0,0.0
4915,4,0.0,0.0,0.0,0.0,0.0,0.0,0.0,0.0,0.0,0.0
13355,3,0.3333333333333333,0.4166666666666667,0.46927872602275644,0.3333333333333333,0.2,0.3333333333333333,0.37037037037037035,0.46927872602275644,0.3333333333333333,0.1
16194,2,0.0,0.0,0.0,0.0,0.0,0.5,0.0,0.0,0.5,0.1
13489,5,0.0,0.0,0.0,0.0,0.0,0.0,0.0,0.0,0.0,0.0
3606,2,0.0,0.0,0.0,0.0,0.0,0.0,0.0,0.0,0.0,0.0
9341,2,0.0,0.0,0.0,0.0,0.0,0.0,0.0,0.0,0.0,0.0
9730,13,0.0,0.0,0.0,0.0,0.0,0.0,0.0,0.0,0.0,0.0
20679,4,0.0,0.0,0.0,0.0,0.0,0.0,0.0,0.0,0.0,0.0
398,7,0.0,0.0,0.0,0.0,0.0,0.0,0.0,0.0,0.0,0.0
3503,5,0.0,0.0,0.0,0.0,0.0,0.0,0.0,0.0,0.0,0.0
5943,24,0.6,0.6,0.6399453854227659,0.125,0.6,0.5,0.5272727272727273,0.5509662124799075,0.20833333333333334,0.5
11855,6,0.4,0.4666666666666666,0.48522855511632257,0.3333333333333333,0.4,0.3333333333333333,0.37777777777777777,0.4329261794091841,0.3333333333333333,0.2
6397,16,0.2,0.06666666666666665,0.13120507751234176,0.0625,0.2,0.1,0.10909090909090909,0.08514311764162097,0.0625,0.1
8200,1,0.0,0.0,0.0,0.0,0.0,0.0,0.0,0.0,0.0,0.0
12819,2,0.5,0.4444444444444445,0.3868528072345415,0.5,0.2,0.5,0.4736842105263158,0.3868528072345415,0.5,0.1
16582,14,0.0,0.0,0.0,0.0,0.0,0.2,0.12727272727272726,0.14465249243306436,0.14285714285714285,0.2
15304,1,0.0,0.0,0.0,0.0,0.0,0.0,0.0,0.0,0.0,0.0
5543,14,0.2,0.13333333333333333,0.14606834984270645,0.07142857142857142,0.2,0.2,0.14545454545454545,0.15840915256850246,0.14285714285714285,0.2
19062,6,0.0,0.0,0.0,0.0,0.0,0.0,0.0,0.0,0.0,0.0
12898,28,0.2,0.19999999999999998,0.16958010263680803,0.03571428571428571,0.2,0.1,0.14545454545454548,0.11004588314904007,0.03571428571428571,0.1
7128,18,0.4,0.3333333333333333,0.31564845247951445,0.1111111111111111,0.4,0.3,0.34545454545454546,0.2781981696179509,0.16666666666666666,0.3
17599,20,0.2,0.3333333333333333,0.33916020527361607,0.05,0.2,0.3,0.3090909090909091,0.3647442587311445,0.15,0.3
12717,5,0.2,0.19999999999999998,0.16958010263680803,0.2,0.2,0.2,0.2,0.16958010263680803,0.2,0.1
6011,4,0.0,0.0,0.0,0.0,0.0,0.0,0.0,0.0,0.0,0.0
11349,5,0.0,0.0,0.0,0.0,0.0,0.0,0.0,0.0,0.0,0.0
17251,3,0.0,0.0,0.0,0.0,0.0,0.3333333333333333,0.0,0.0,0.3333333333333333,0.1
5169,7,0.0,0.0,0.0,0.0,0.0,0.0,0.0,0.0,0.0,0.0
13819,24,0.4,0.3333333333333333,0.34519134224686926,0.08333333333333333,0.4,0.2,0.2727272727272727,0.22400556151517548,0.08333333333333333,0.2
2575,1,0.0,0.0,0.0,0.0,0.0,0.0,0.0,0.0,0.0,0.0
16087,3,0.6666666666666666,0.4166666666666667,0.46927872602275644,0.6666666666666666,0.4,0.6666666666666666,0.37037037037037035,0.46927872602275644,0.6666666666666666,0.2
12022,1,0.0,0.0,0.0,0.0,0.0,0.0,0.0,0.0,0.0,0.0
2160,1,0.0,0.0,0.0,0.0,0.0,0.0,0.0,0.0,0.0,0.0
15297,10,0.0,0.0,0.0,0.0,0.0,0.0,0.0,0.0,0.0,0.0
13149,3,0.3333333333333333,0.4166666666666667,0.46927872602275644,0.3333333333333333,0.2,0.3333333333333333,0.37037037037037035,0.46927872602275644,0.3333333333333333,0.1
9982,6,0.2,0.26666666666666666,0.2139862647345275,0.16666666666666666,0.2,0.16666666666666666,0.2,0.1909208661789346,0.16666666666666666,0.1
3743,2,0.0,0.0,0.0,0.0,0.0,0.0,0.0,0.0,0.0,0.0
19549,1,0.0,0.0,0.0,0.0,0.0,0.0,0.0,0.0,0.0,0.0
21291,1,0.0,0.0,0.0,0.0,0.0,0.0,0.0,0.0,0.0,0.0
11986,5,0.0,0.0,0.0,0.0,0.0,0.2,0.0,0.0,0.2,0.1
16529,24,0.2,0.13333333333333333,0.14606834984270645,0.041666666666666664,0.2,0.1,0.12727272727272726,0.09478836436955078,0.041666666666666664,0.1
14031,3,0.0,0.0,0.0,0.0,0.0,0.0,0.0,0.0,0.0,0.0
821,4,0.25,0.2142857142857143,0.19519002499605081,0.25,0.2,0.5,0.23529411764705882,0.19519002499605081,0.5,0.2
8641,2,0.0,0.0,0.0,0.0,0.0,0.0,0.0,0.0,0.0,0.0
18288,22,0.0,0.0,0.0,0.0,0.0,0.0,0.0,0.0,0.0,0.0
14866,1,0.0,0.0,0.0,0.0,0.0,0.0,0.0,0.0,0.0,0.0
19618,22,0.4,0.6,0.5531464700081437,0.09090909090909091,0.4,0.3,0.41818181818181815,0.43231813227099475,0.13636363636363635,0.3
18947,1,0.0,0.0,0.0,0.0,0.0,0.0,0.0,0.0,0.0,0.0
20937,3,0.3333333333333333,0.33333333333333337,0.29608191096586517,0.3333333333333333,0.2,0.3333333333333333,0.3333333333333333,0.29608191096586517,0.3333333333333333,0.1
19394,3,0.0,0.0,0.0,0.0,0.0,0.0,0.0,0.0,0.0,0.0
3555,2,0.0,0.0,0.0,0.0,0.0,0.0,0.0,0.0,0.0,0.0
8855,1,0.0,0.0,0.0,0.0,0.0,0.0,0.0,0.0,0.0,0.0
14555,7,0.2,0.26666666666666666,0.2139862647345275,0.14285714285714285,0.2,0.2857142857142857,0.18367346938775508,0.17342765698823942,0.2857142857142857,0.2
13477,11,0.2,0.06666666666666665,0.13120507751234176,0.09090909090909091,0.2,0.3,0.2,0.22082856303278725,0.2727272727272727,0.3
16617,6,0.0,0.0,0.0,0.0,0.0,0.0,0.0,0.0,0.0,0.0
8555,6,0.0,0.0,0.0,0.0,0.0,0.0,0.0,0.0,0.0,0.0
20345,6,0.0,0.0,0.0,0.0,0.0,0.16666666666666666,0.0,0.0,0.16666666666666666,0.1
5778,13,0.2,0.3333333333333333,0.33916020527361607,0.07692307692307693,0.2,0.1,0.18181818181818182,0.22009176629808014,0.07692307692307693,0.1
1007,6,0.0,0.0,0.0,0.0,0.0,0.0,0.0,0.0,0.0,0.0
21502,20,0.0,0.0,0.0,0.0,0.0,0.1,0.09090909090909091,0.07839826897867533,0.05,0.1
18854,3,0.0,0.0,0.0,0.0,0.0,0.0,0.0,0.0,0.0,0.0
5923,2,0.5,0.0,0.0,0.5,0.2,0.5,0.0,0.0,0.5,0.1
15086,1,0.0,0.0,0.0,0.0,0.0,0.0,0.0,0.0,0.0,0.0
18419,12,0.2,0.26666666666666666,0.2139862647345275,0.08333333333333333,0.2,0.2,0.2,0.2051166673279435,0.16666666666666666,0.2
20073,4,0.0,0.0,0.0,0.0,0.0,0.0,0.0,0.0,0.0,0.0
6460,4,0.0,0.0,0.0,0.0,0.0,0.0,0.0,0.0,0.0,0.0
3450,1,0.0,0.0,0.0,0.0,0.0,0.0,0.0,0.0,0.0,0.0
3072,3,0.3333333333333333,0.0,0.0,0.3333333333333333,0.2,0.3333333333333333,0.0,0.0,0.3333333333333333,0.1
2390,14,0.2,0.06666666666666665,0.13120507751234176,0.07142857142857142,0.2,0.1,0.10909090909090909,0.08514311764162097,0.07142857142857142,0.1
5911,15,0.4,0.5333333333333333,0.5087403079104241,0.13333333333333333,0.4,0.4,0.4,0.46318965958284913,0.26666666666666666,0.4
11340,10,0.0,0.0,0.0,0.0,0.0,0.0,0.0,0.0,0.0,0.0
12270,5,0.0,0.0,0.0,0.0,0.0,0.2,0.0,0.0,0.2,0.1
14629,1,0.0,0.0,0.0,0.0,0.0,0.0,0.0,0.0,0.0,0.0
21812,1,0.0,0.0,0.0,0.0,0.0,0.0,0.0,0.0,0.0,0.0
6430,6,0.0,0.0,0.0,0.0,0.0,0.0,0.0,0.0,0.0,0.0
10693,12,0.2,0.26666666666666666,0.2139862647345275,0.08333333333333333,0.2,0.2,0.21818181818181823,0.20829366581033176,0.16666666666666666,0.2
9131,14,0.4,0.19999999999999998,0.2772734273550482,0.14285714285714285,0.4,0.2,0.23636363636363633,0.17993148201117173,0.14285714285714285,0.2
17997,3,0.0,0.0,0.0,0.0,0.0,0.0,0.0,0.0,0.0,0.0
6165,10,0.0,0.0,0.0,0.0,0.0,0.1,0.05454545454545456,0.06943122193677725,0.1,0.1
12597,14,0.2,0.3333333333333333,0.33916020527361607,0.07142857142857142,0.2,0.2,0.21818181818181817,0.28634598975246917,0.14285714285714285,0.2
10445,12,0.0,0.0,0.0,0.0,0.0,0.1,0.07272727272727274,0.07336392209936006,0.08333333333333333,0.1
1194,26,0.4,0.39999999999999997,0.4703652827859578,0.07692307692307693,0.4,0.5,0.4,0.504541117529819,0.19230769230769232,0.5
18234,3,0.3333333333333333,0.25,0.23463936301137822,0.3333333333333333,0.2,0.3333333333333333,0.2962962962962963,0.23463936301137822,0.3333333333333333,0.1
740,1,0.0,0.0,0.0,0.0,0.0,0.0,0.0,0.0,0.0,0.0
15074,3,0.0,0.0,0.0,0.0,0.0,0.3333333333333333,0.0,0.0,0.3333333333333333,0.1
17143,3,0.0,0.0,0.0,0.0,0.0,0.0,0.0,0.0,0.0,0.0
17769,20,0.0,0.0,0.0,0.0,0.0,0.0,0.0,0.0,0.0,0.0
12747,12,0.6,0.5333333333333333,0.5147714448836773,0.25,0.6,0.4,0.5090909090909091,0.4124497136428909,0.3333333333333333,0.4
9726,9,0.2,0.3333333333333333,0.33916020527361607,0.1111111111111111,0.2,0.1111111111111111,0.18518518518518517,0.23504554941448538,0.1111111111111111,0.1
1945,10,0.0,0.0,0.0,0.0,0.0,0.0,0.0,0.0,0.0,0.0
11998,3,0.0,0.0,0.0,0.0,0.0,0.0,0.0,0.0,0.0,0.0
15718,8,0.0,0.0,0.0,0.0,0.0,0.0,0.0,0.0,0.0,0.0
17619,2,0.0,0.0,0.0,0.0,0.0,0.0,0.0,0.0,0.0,0.0
3242,20,0.0,0.0,0.0,0.0,0.0,0.1,0.036363636363636355,0.06625422345438903,0.05,0.1
8167,1,0.0,0.0,0.0,0.0,0.0,0.0,0.0,0.0,0.0,0.0
21146,3,0.0,0.0,0.0,0.0,0.0,0.0,0.0,0.0,0.0,0.0
15625,19,0.6,0.39999999999999997,0.4468535299918562,0.15789473684210525,0.6,0.4,0.41818181818181815,0.3562315886146008,0.21052631578947367,0.4
450,27,0.2,0.13333333333333333,0.14606834984270645,0.037037037037037035,0.2,0.2,0.14545454545454545,0.15840915256850246,0.07407407407407407,0.2
16681,3,0.0,0.0,0.0,0.0,0.0,0.0,0.0,0.0,0.0,0.0
3588,13,0.0,0.0,0.0,0.0,0.0,0.0,0.0,0.0,0.0,0.0
9679,6,0.4,0.5333333333333333,0.5087403079104241,0.3333333333333333,0.4,0.3333333333333333,0.4,0.4539036202482201,0.3333333333333333,0.2
21832,14,0.2,0.26666666666666666,0.2139862647345275,0.07142857142857142,0.2,0.1,0.16363636363636364,0.1388624438735545,0.07142857142857142,0.1
17255,17,0.2,0.26666666666666666,0.2139862647345275,0.058823529411764705,0.2,0.2,0.21818181818181823,0.20829366581033176,0.11764705882352941,0.2
20711,3,0.0,0.0,0.0,0.0,0.0,0.0,0.0,0.0,0.0,0.0
13368,5,0.0,0.0,0.0,0.0,0.0,0.0,0.0,0.0,0.0,0.0
6811,5,0.0,0.0,0.0,0.0,0.0,0.0,0.0,0.0,0.0,0.0
7206,26,0.2,0.26666666666666666,0.2139862647345275,0.038461538461538464,0.2,0.2,0.2545454545454545,0.21726071285222984,0.07692307692307693,0.2
4476,4,0.25,0.2142857142857143,0.19519002499605081,0.25,0.2,0.25,0.23529411764705882,0.19519002499605081,0.25,0.1
12567,2,0.0,0.0,0.0,0.0,0.0,0.0,0.0,0.0,0.0,0.0
8463,1,0.0,0.0,0.0,0.0,0.0,0.0,0.0,0.0,0.0,0.0
14407,20,0.2,0.13333333333333333,0.14606834984270645,0.05,0.2,0.2,0.14545454545454545,0.15840915256850246,0.1,0.2
22445,7,0.0,0.0,0.0,0.0,0.0,0.14285714285714285,0.08163265306122448,0.09162544430476363,0.14285714285714285,0.1
16642,3,0.0,0.0,0.0,0.0,0.0,0.0,0.0,0.0,0.0,0.0
12467,2,0.0,0.0,0.0,0.0,0.0,0.0,0.0,0.0,0.0,0.0
18939,14,0.2,0.3333333333333333,0.33916020527361607,0.07142857142857142,0.2,0.1,0.18181818181818182,0.22009176629808014,0.07142857142857142,0.1
8169,7,0.4,0.6,0.5531464700081437,0.2857142857142857,0.4,0.2857142857142857,0.38775510204081626,0.4483039899025303,0.2857142857142857,0.2
8917,9,0.2,0.26666666666666666,0.2139862647345275,0.1111111111111111,0.2,0.3333333333333333,0.33333333333333326,0.3103706610408377,0.3333333333333333,0.3
4166,3,0.0,0.0,0.0,0.0,0.0,0.0,0.0,0.0,0.0,0.0
3359,5,0.0,0.0,0.0,0.0,0.0,0.0,0.0,0.0,0.0,0.0
1662,2,0.0,0.0,0.0,0.0,0.0,0.0,0.0,0.0,0.0,0.0
13782,4,0.25,0.14285714285714288,0.16812753627111746,0.25,0.2,0.25,0.20588235294117643,0.16812753627111746,0.25,0.1
7500,2,0.0,0.0,0.0,0.0,0.0,0.0,0.0,0.0,0.0,0.0
8003,3,0.3333333333333333,0.33333333333333337,0.29608191096586517,0.3333333333333333,0.2,0.3333333333333333,0.3333333333333333,0.29608191096586517,0.3333333333333333,0.1
220,1,0.0,0.0,0.0,0.0,0.0,0.0,0.0,0.0,0.0,0.0
15174,3,0.0,0.0,0.0,0.0,0.0,0.0,0.0,0.0,0.0,0.0
17453,29,0.4,0.26666666666666666,0.3007851801491498,0.06896551724137931,0.4,0.2,0.2545454545454545,0.19518900079066104,0.06896551724137931,0.2
12307,1,0.0,0.0,0.0,0.0,0.0,0.0,0.0,0.0,0.0,0.0
21093,9,0.0,0.0,0.0,0.0,0.0,0.0,0.0,0.0,0.0,0.0
3281,8,0.4,0.3333333333333333,0.34519134224686926,0.25,0.4,0.25,0.28846153846153844,0.25744067176005675,0.25,0.2
9978,10,0.0,0.0,0.0,0.0,0.0,0.0,0.0,0.0,0.0,0.0
4439,6,0.0,0.0,0.0,0.0,0.0,0.16666666666666666,0.0,0.0,0.16666666666666666,0.1
380,3,0.0,0.0,0.0,0.0,0.0,0.3333333333333333,0.0,0.0,0.3333333333333333,0.1
7958,16,0.4,0.6,0.5531464700081437,0.125,0.4,0.4,0.45454545454545453,0.49857235572538383,0.25,0.4
1571,1,1.0,1.0,1.0,1.0,0.2,1.0,1.0,1.0,1.0,0.1
4004,2,0.5,0.5555555555555556,0.6131471927654584,0.5,0.2,0.5,0.5263157894736842,0.6131471927654584,0.5,0.1
11810,2,0.0,0.0,0.0,0.0,0.0,0.0,0.0,0.0,0.0,0.0
13872,6,0.0,0.0,0.0,0.0,0.0,0.0,0.0,0.0,0.0,0.0
8885,7,0.0,0.0,0.0,0.0,0.0,0.0,0.0,0.0,0.0,0.0
223,10,0.0,0.0,0.0,0.0,0.0,0.0,0.0,0.0,0.0,0.0
15404,19,0.2,0.3333333333333333,0.33916020527361607,0.05263157894736842,0.2,0.1,0.18181818181818182,0.22009176629808014,0.05263157894736842,0.1
16900,8,0.2,0.26666666666666666,0.2139862647345275,0.125,0.2,0.125,0.17307692307692307,0.1595890771248963,0.125,0.1
14937,8,0.0,0.0,0.0,0.0,0.0,0.0,0.0,0.0,0.0,0.0
11024,1,0.0,0.0,0.0,0.0,0.0,0.0,0.0,0.0,0.0,0.0
10843,1,0.0,0.0,0.0,0.0,0.0,0.0,0.0,0.0,0.0,0.0
7950,1,1.0,1.0,1.0,1.0,0.2,1.0,1.0,1.0,1.0,0.1
11413,1,0.0,0.0,0.0,0.0,0.0,0.0,0.0,0.0,0.0,0.0
11856,1,0.0,0.0,0.0,0.0,0.0,0.0,0.0,0.0,0.0,0.0
9748,1,0.0,0.0,0.0,0.0,0.0,1.0,0.0,0.0,1.0,0.1
2660,3,0.0,0.0,0.0,0.0,0.0,0.0,0.0,0.0,0.0,0.0
21377,25,0.2,0.3333333333333333,0.33916020527361607,0.04,0.2,0.4,0.34545454545454546,0.4291411337886065,0.16,0.4
12790,1,1.0,0.0,0.0,1.0,0.2,1.0,0.0,0.0,1.0,0.1
8031,6,0.2,0.06666666666666665,0.13120507751234176,0.16666666666666666,0.2,0.16666666666666666,0.13333333333333333,0.11706259313796352,0.16666666666666666,0.1
20087,2,0.0,0.0,0.0,0.0,0.0,0.0,0.0,0.0,0.0,0.0
15061,1,0.0,0.0,0.0,0.0,0.0,0.0,0.0,0.0,0.0,0.0
20649,1,1.0,0.0,0.0,1.0,0.2,1.0,0.0,0.0,1.0,0.1
2786,7,0.0,0.0,0.0,0.0,0.0,0.0,0.0,0.0,0.0,0.0
9170,10,0.0,0.0,0.0,0.0,0.0,0.0,0.0,0.0,0.0,0.0
21734,25,0.8,0.9333333333333332,0.8687949224876582,0.16,0.8,0.6,0.7636363636363637,0.7116179486056782,0.24,0.6
10263,10,0.2,0.3333333333333333,0.33916020527361607,0.1,0.2,0.1,0.18181818181818182,0.22009176629808014,0.1,0.1
21471,1,0.0,0.0,0.0,0.0,0.0,0.0,0.0,0.0,0.0,0.0
20675,2,0.0,0.0,0.0,0.0,0.0,0.0,0.0,0.0,0.0,0.0
18765,11,0.0,0.0,0.0,0.0,0.0,0.0,0.0,0.0,0.0,0.0
204,37,0.2,0.3333333333333333,0.33916020527361607,0.02702702702702703,0.2,0.3,0.3090909090909091,0.36288691033421744,0.08108108108108109,0.3
9335,4,0.0,0.0,0.0,0.0,0.0,0.25,0.0,0.0,0.25,0.1
1184,18,0.2,0.19999999999999998,0.16958010263680803,0.05555555555555555,0.2,0.2,0.21818181818181823,0.18340980524840012,0.1111111111111111,0.2
22192,2,0.0,0.0,0.0,0.0,0.0,0.0,0.0,0.0,0.0,0.0
9115,14,0.2,0.3333333333333333,0.33916020527361607,0.07142857142857142,0.2,0.2,0.21818181818181817,0.28634598975246917,0.14285714285714285,0.2
17471,7,0.2,0.3333333333333333,0.33916020527361607,0.14285714285714285,0.2,0.14285714285714285,0.2040816326530612,0.27487633291429087,0.14285714285714285,0.1
17022,2,0.0,0.0,0.0,0.0,0.0,0.0,0.0,0.0,0.0,0.0
20026,3,0.0,0.0,0.0,0.0,0.0,0.0,0.0,0.0,0.0,0.0
12150,25,0.0,0.0,0.0,0.0,0.0,0.0,0.0,0.0,0.0,0.0
9297,4,0.25,0.35714285714285715,0.39038004999210163,0.25,0.2,0.25,0.2941176470588235,0.39038004999210163,0.25,0.1
16149,5,0.0,0.0,0.0,0.0,0.0,0.0,0.0,0.0,0.0,0.0
14149,2,0.0,0.0,0.0,0.0,0.0,0.5,0.0,0.0,0.5,0.1
17629,2,0.0,0.0,0.0,0.0,0.0,0.0,0.0,0.0,0.0,0.0
5319,7,0.4,0.5333333333333333,0.5087403079104241,0.2857142857142857,0.4,0.2857142857142857,0.36734693877551017,0.4123144993714362,0.2857142857142857,0.2
19828,7,0.2,0.26666666666666666,0.2139862647345275,0.14285714285714285,0.2,0.14285714285714285,0.18367346938775508,0.17342765698823942,0.14285714285714285,0.1
21904,28,0.4,0.5333333333333333,0.5087403079104241,0.07142857142857142,0.4,0.2,0.32727272727272727,0.3301376494471202,0.07142857142857142,0.2
9836,1,0.0,0.0,0.0,0.0,0.0,0.0,0.0,0.0,0.0,0.0
21956,13,0.2,0.26666666666666666,0.2139862647345275,0.07692307692307693,0.2,0.2,0.2,0.2051166673279435,0.15384615384615385,0.2
19123,1,0.0,0.0,0.0,0.0,0.0,0.0,0.0,0.0,0.0,0.0
1214,5,0.0,0.0,0.0,0.0,0.0,0.0,0.0,0.0,0.0,0.0
8774,2,0.0,0.0,0.0,0.0,0.0,0.0,0.0,0.0,0.0,0.0
5764,14,0.2,0.06666666666666665,0.13120507751234176,0.07142857142857142,0.2,0.4,0.23636363636363633,0.2883820513943217,0.2857142857142857,0.4
14844,11,0.2,0.13333333333333333,0.14606834984270645,0.09090909090909091,0.2,0.2,0.2,0.16815228646891084,0.18181818181818182,0.2
5506,3,0.0,0.0,0.0,0.0,0.0,0.0,0.0,0.0,0.0,0.0
4154,8,0.2,0.26666666666666666,0.2139862647345275,0.125,0.2,0.125,0.17307692307692307,0.1595890771248963,0.125,0.1
7486,20,0.0,0.0,0.0,0.0,0.0,0.0,0.0,0.0,0.0,0.0
1285,1,0.0,0.0,0.0,0.0,0.0,0.0,0.0,0.0,0.0,0.0
2736,10,0.2,0.3333333333333333,0.33916020527361607,0.1,0.2,0.1,0.18181818181818182,0.22009176629808014,0.1,0.1
8619,4,0.25,0.35714285714285715,0.39038004999210163,0.25,0.2,0.5,0.2941176470588235,0.39038004999210163,0.5,0.2
9511,7,0.2,0.06666666666666665,0.13120507751234176,0.14285714285714285,0.2,0.14285714285714285,0.12244897959183672,0.10633668103022983,0.14285714285714285,0.1
21783,12,0.2,0.26666666666666666,0.2139862647345275,0.08333333333333333,0.2,0.1,0.16363636363636364,0.1388624438735545,0.08333333333333333,0.1
11772,3,0.0,0.0,0.0,0.0,0.0,0.0,0.0,0.0,0.0,0.0
4950,9,0.2,0.06666666666666665,0.13120507751234176,0.1111111111111111,0.2,0.1111111111111111,0.1111111111111111,0.09092803061897882,0.1111111111111111,0.1
16773,4,0.25,0.35714285714285715,0.39038004999210163,0.25,0.2,0.5,0.2941176470588235,0.39038004999210163,0.5,0.2
7402,21,0.2,0.26666666666666666,0.2139862647345275,0.047619047619047616,0.2,0.1,0.16363636363636364,0.1388624438735545,0.047619047619047616,0.1
16186,1,0.0,0.0,0.0,0.0,0.0,0.0,0.0,0.0,0.0,0.0
433,8,0.2,0.3333333333333333,0.33916020527361607,0.125,0.2,0.125,0.1923076923076923,0.2529427027676571,0.125,0.1
17559,5,0.0,0.0,0.0,0.0,0.0,0.0,0.0,0.0,0.0,0.0
10678,3,0.0,0.0,0.0,0.0,0.0,0.0,0.0,0.0,0.0,0.0
17181,15,0.2,0.13333333333333333,0.14606834984270645,0.06666666666666667,0.2,0.1,0.12727272727272726,0.09478836436955078,0.06666666666666667,0.1
9015,9,0.2,0.19999999999999998,0.16958010263680803,0.1111111111111111,0.2,0.1111111111111111,0.14814814814814814,0.11752277470724269,0.1111111111111111,0.1
19680,4,0.0,0.0,0.0,0.0,0.0,0.0,0.0,0.0,0.0,0.0
18097,14,0.0,0.0,0.0,0.0,0.0,0.2,0.12727272727272726,0.14465249243306436,0.14285714285714285,0.2
2084,1,0.0,0.0,0.0,0.0,0.0,0.0,0.0,0.0,0.0,0.0
10662,6,0.0,0.0,0.0,0.0,0.0,0.0,0.0,0.0,0.0,0.0
6491,2,0.5,0.4444444444444445,0.3868528072345415,0.5,0.2,0.5,0.4736842105263158,0.3868528072345415,0.5,0.1
5158,1,0.0,0.0,0.0,0.0,0.0,1.0,0.0,0.0,1.0,0.1
2612,6,0.2,0.3333333333333333,0.33916020527361607,0.16666666666666666,0.2,0.3333333333333333,0.3333333333333333,0.4103915680233244,0.3333333333333333,0.2
4744,2,0.0,0.0,0.0,0.0,0.0,0.0,0.0,0.0,0.0,0.0
8516,7,0.0,0.0,0.0,0.0,0.0,0.0,0.0,0.0,0.0,0.0
11813,11,0.2,0.26666666666666666,0.2139862647345275,0.09090909090909091,0.2,0.2,0.21818181818181823,0.20829366581033176,0.18181818181818182,0.2
11253,1,0.0,0.0,0.0,0.0,0.0,0.0,0.0,0.0,0.0,0.0
21484,2,0.5,0.4444444444444445,0.3868528072345415,0.5,0.2,0.5,0.4736842105263158,0.3868528072345415,0.5,0.1
11490,14,0.0,0.0,0.0,0.0,0.0,0.0,0.0,0.0,0.0,0.0
843,3,0.0,0.0,0.0,0.0,0.0,0.3333333333333333,0.0,0.0,0.3333333333333333,0.1
8723,3,0.3333333333333333,0.4166666666666667,0.46927872602275644,0.3333333333333333,0.2,0.3333333333333333,0.37037037037037035,0.46927872602275644,0.3333333333333333,0.1
4364,2,0.0,0.0,0.0,0.0,0.0,0.0,0.0,0.0,0.0,0.0
13947,22,0.2,0.3333333333333333,0.33916020527361607,0.045454545454545456,0.2,0.2,0.2727272727272727,0.2984900352767555,0.09090909090909091,0.2
2854,2,0.0,0.0,0.0,0.0,0.0,0.0,0.0,0.0,0.0,0.0
2189,13,0.2,0.06666666666666665,0.13120507751234176,0.07692307692307693,0.2,0.1,0.10909090909090909,0.08514311764162097,0.07692307692307693,0.1
17426,1,0.0,0.0,0.0,0.0,0.0,0.0,0.0,0.0,0.0,0.0
14542,1,0.0,0.0,0.0,0.0,0.0,0.0,0.0,0.0,0.0,0.0
11723,1,0.0,0.0,0.0,0.0,0.0,0.0,0.0,0.0,0.0,0.0
12025,2,0.0,0.0,0.0,0.0,0.0,0.0,0.0,0.0,0.0,0.0
530,18,0.2,0.26666666666666666,0.2139862647345275,0.05555555555555555,0.2,0.1,0.16363636363636364,0.1388624438735545,0.05555555555555555,0.1
1029,4,0.25,0.35714285714285715,0.39038004999210163,0.25,0.2,0.25,0.2941176470588235,0.39038004999210163,0.25,0.1
12278,1,0.0,0.0,0.0,0.0,0.0,0.0,0.0,0.0,0.0,0.0
7345,3,0.0,0.0,0.0,0.0,0.0,0.0,0.0,0.0,0.0,0.0
14480,1,0.0,0.0,0.0,0.0,0.0,0.0,0.0,0.0,0.0,0.0
2752,1,0.0,0.0,0.0,0.0,0.0,0.0,0.0,0.0,0.0,0.0
18641,5,0.0,0.0,0.0,0.0,0.0,0.0,0.0,0.0,0.0,0.0
2220,32,0.0,0.0,0.0,0.0,0.0,0.0,0.0,0.0,0.0,0.0
8070,28,0.6,0.5333333333333333,0.6164336326286642,0.10714285714285714,0.6,0.5,0.509090909090909,0.5370079586075637,0.17857142857142858,0.5
5308,3,0.3333333333333333,0.4166666666666667,0.46927872602275644,0.3333333333333333,0.2,0.3333333333333333,0.37037037037037035,0.46927872602275644,0.3333333333333333,0.1
15761,1,0.0,0.0,0.0,0.0,0.0,0.0,0.0,0.0,0.0,0.0
13072,1,1.0,0.0,0.0,1.0,0.2,1.0,0.0,0.0,1.0,0.1
17243,8,0.0,0.0,0.0,0.0,0.0,0.0,0.0,0.0,0.0,0.0
2832,13,0.2,0.19999999999999998,0.16958010263680803,0.07692307692307693,0.2,0.2,0.2,0.17947710508581735,0.15384615384615385,0.2
16107,1,0.0,0.0,0.0,0.0,0.0,0.0,0.0,0.0,0.0,0.0
12084,12,0.2,0.26666666666666666,0.2139862647345275,0.08333333333333333,0.2,0.3,0.2727272727272727,0.2784805894273035,0.25,0.3
14710,1,0.0,0.0,0.0,0.0,0.0,0.0,0.0,0.0,0.0,0.0
13828,12,0.4,0.6,0.5531464700081437,0.16666666666666666,0.4,0.3,0.41818181818181815,0.43231813227099475,0.25,0.3
8527,2,0.0,0.0,0.0,0.0,0.0,0.0,0.0,0.0,0.0,0.0
21695,1,0.0,0.0,0.0,0.0,0.0,0.0,0.0,0.0,0.0,0.0
15783,10,0.2,0.26666666666666666,0.2139862647345275,0.1,0.2,0.1,0.16363636363636364,0.1388624438735545,0.1,0.1
11980,9,0.2,0.13333333333333333,0.14606834984270645,0.1111111111111111,0.2,0.1111111111111111,0.12962962962962962,0.10122860821230019,0.1111111111111111,0.1
11483,20,0.0,0.0,0.0,0.0,0.0,0.0,0.0,0.0,0.0,0.0
18574,5,0.0,0.0,0.0,0.0,0.0,0.0,0.0,0.0,0.0,0.0
6964,4,0.0,0.0,0.0,0.0,0.0,0.0,0.0,0.0,0.0,0.0
17309,4,0.0,0.0,0.0,0.0,0.0,0.0,0.0,0.0,0.0,0.0
16300,3,0.0,0.0,0.0,0.0,0.0,0.0,0.0,0.0,0.0,0.0
13609,3,0.3333333333333333,0.4166666666666667,0.46927872602275644,0.3333333333333333,0.2,0.3333333333333333,0.37037037037037035,0.46927872602275644,0.3333333333333333,0.1
7543,1,0.0,0.0,0.0,0.0,0.0,0.0,0.0,0.0,0.0,0.0
18100,17,0.2,0.06666666666666665,0.13120507751234176,0.058823529411764705,0.2,0.1,0.10909090909090909,0.08514311764162097,0.058823529411764705,0.1
1154,10,0.0,0.0,0.0,0.0,0.0,0.0,0.0,0.0,0.0,0.0
529,1,0.0,0.0,0.0,0.0,0.0,0.0,0.0,0.0,0.0,0.0
10625,12,0.2,0.3333333333333333,0.33916020527361607,0.08333333333333333,0.2,0.1,0.18181818181818182,0.22009176629808014,0.08333333333333333,0.1
367,5,0.0,0.0,0.0,0.0,0.0,0.0,0.0,0.0,0.0,0.0
18809,1,0.0,0.0,0.0,0.0,0.0,0.0,0.0,0.0,0.0,0.0
5856,2,0.0,0.0,0.0,0.0,0.0,0.0,0.0,0.0,0.0,0.0
12453,12,0.4,0.5333333333333333,0.5087403079104241,0.16666666666666666,0.4,0.4,0.43636363636363645,0.46975579500086934,0.3333333333333333,0.4
3306,1,0.0,0.0,0.0,0.0,0.0,0.0,0.0,0.0,0.0,0.0
5180,2,0.0,0.0,0.0,0.0,0.0,0.5,0.0,0.0,0.5,0.1
18918,3,0.6666666666666666,0.25,0.23463936301137822,0.6666666666666666,0.4,0.6666666666666666,0.2962962962962963,0.23463936301137822,0.6666666666666666,0.2
4500,8,0.0,0.0,0.0,0.0,0.0,0.0,0.0,0.0,0.0,0.0
8117,6,0.2,0.19999999999999998,0.16958010263680803,0.16666666666666666,0.2,0.16666666666666666,0.17777777777777778,0.15130120674940672,0.16666666666666666,0.1
20125,3,0.0,0.0,0.0,0.0,0.0,0.3333333333333333,0.0,0.0,0.3333333333333333,0.1
11125,11,0.0,0.0,0.0,0.0,0.0,0.0,0.0,0.0,0.0,0.0
22181,1,1.0,0.0,0.0,1.0,0.2,1.0,0.0,0.0,1.0,0.1
8498,8,0.2,0.19999999999999998,0.16958010263680803,0.125,0.2,0.125,0.15384615384615385,0.12647135138382856,0.125,0.1
17062,2,0.5,0.5555555555555556,0.6131471927654584,0.5,0.2,0.5,0.5263157894736842,0.6131471927654584,0.5,0.1
18326,6,0.2,0.13333333333333333,0.14606834984270645,0.16666666666666666,0.2,0.3333333333333333,0.15555555555555556,0.13032376591037065,0.3333333333333333,0.2
5889,4,0.0,0.0,0.0,0.0,0.0,0.5,0.0,0.0,0.5,0.2
9649,16,0.2,0.26666666666666666,0.2139862647345275,0.0625,0.2,0.1,0.16363636363636364,0.1388624438735545,0.0625,0.1
8769,6,0.0,0.0,0.0,0.0,0.0,0.0,0.0,0.0,0.0,0.0
2848,3,0.0,0.0,0.0,0.0,0.0,0.0,0.0,0.0,0.0,0.0
4052,23,0.0,0.0,0.0,0.0,0.0,0.0,0.0,0.0,0.0,0.0
3122,1,0.0,0.0,0.0,0.0,0.0,0.0,0.0,0.0,0.0,0.0
16725,2,0.5,0.0,0.0,0.5,0.2,0.5,0.0,0.0,0.5,0.1
21680,5,0.2,0.3333333333333333,0.33916020527361607,0.2,0.2,0.6,0.25,0.33916020527361607,0.6,0.3
5395,16,0.4,0.4000000000000001,0.3600546145772339,0.125,0.4,0.2,0.29090909090909095,0.23365080824310527,0.125,0.2
106,4,0.0,0.0,0.0,0.0,0.0,0.25,0.0,0.0,0.25,0.1
1907,1,1.0,0.0,0.0,1.0,0.2,1.0,0.0,0.0,1.0,0.1
20989,8,0.0,0.0,0.0,0.0,0.0,0.25,0.07692307692307693,0.08431423425588572,0.25,0.2
11410,2,0.0,0.0,0.0,0.0,0.0,0.0,0.0,0.0,0.0,0.0
12600,2,0.0,0.0,0.0,0.0,0.0,0.0,0.0,0.0,0.0,0.0
1747,12,0.0,0.0,0.0,0.0,0.0,0.0,0.0,0.0,0.0,0.0
13052,13,0.0,0.0,0.0,0.0,0.0,0.0,0.0,0.0,0.0,0.0
16829,10,0.0,0.0,0.0,0.0,0.0,0.0,0.0,0.0,0.0,0.0
9557,12,0.6,0.7999999999999999,0.7227265726449518,0.25,0.6,0.3,0.49090909090909096,0.46900009332067477,0.25,0.3
12637,4,0.0,0.0,0.0,0.0,0.0,0.0,0.0,0.0,0.0,0.0
6479,9,0.0,0.0,0.0,0.0,0.0,0.0,0.0,0.0,0.0,0.0
6763,3,0.0,0.0,0.0,0.0,0.0,0.0,0.0,0.0,0.0,0.0
15401,5,0.0,0.0,0.0,0.0,0.0,0.0,0.0,0.0,0.0,0.0
5568,9,0.2,0.3333333333333333,0.33916020527361607,0.1111111111111111,0.2,0.1111111111111111,0.18518518518518517,0.23504554941448538,0.1111111111111111,0.1
4055,26,0.6,0.5333333333333333,0.5147714448836773,0.11538461538461539,0.6,0.3,0.4181818181818182,0.3340514446642156,0.11538461538461539,0.3
9988,3,0.0,0.0,0.0,0.0,0.0,0.0,0.0,0.0,0.0,0.0
15829,1,0.0,0.0,0.0,0.0,0.0,0.0,0.0,0.0,0.0,0.0
2632,2,0.0,0.0,0.0,0.0,0.0,0.0,0.0,0.0,0.0,0.0
18764,21,0.2,0.3333333333333333,0.33916020527361607,0.047619047619047616,0.2,0.3,0.2909090909090909,0.35970991185182927,0.14285714285714285,0.3
4250,4,0.5,0.2142857142857143,0.19519002499605081,0.5,0.4,0.5,0.23529411764705882,0.19519002499605081,0.5,0.2
21229,5,0.0,0.0,0.0,0.0,0.0,0.0,0.0,0.0,0.0,0.0
12847,18,0.4,0.4666666666666666,0.38356636737133554,0.1111111111111111,0.4,0.2,0.30909090909090914,0.24890832702259458,0.1111111111111111,0.2
4178,6,0.0,0.0,0.0,0.0,0.0,0.0,0.0,0.0,0.0,0.0
13618,3,0.0,0.0,0.0,0.0,0.0,0.0,0.0,0.0,0.0,0.0
13306,1,0.0,0.0,0.0,0.0,0.0,0.0,0.0,0.0,0.0,0.0
10409,5,0.0,0.0,0.0,0.0,0.0,0.0,0.0,0.0,0.0,0.0
12756,20,0.2,0.13333333333333333,0.14606834984270645,0.05,0.2,0.2,0.1636363636363636,0.16104258782393982,0.1,0.2
19510,21,0.2,0.13333333333333333,0.14606834984270645,0.047619047619047616,0.2,0.2,0.2,0.16815228646891084,0.09523809523809523,0.2
20114,2,0.0,0.0,0.0,0.0,0.0,0.0,0.0,0.0,0.0,0.0
20843,11,0.2,0.26666666666666666,0.2139862647345275,0.09090909090909091,0.2,0.1,0.16363636363636364,0.1388624438735545,0.09090909090909091,0.1
11099,16,0.0,0.0,0.0,0.0,0.0,0.1,0.07272727272727274,0.07336392209936006,0.0625,0.1
11139,5,0.2,0.26666666666666666,0.2139862647345275,0.2,0.2,0.2,0.225,0.2139862647345275,0.2,0.1
12320,1,1.0,1.0,1.0,1.0,0.2,1.0,1.0,1.0,1.0,0.1
14217,3,0.3333333333333333,0.33333333333333337,0.29608191096586517,0.3333333333333333,0.2,0.3333333333333333,0.3333333333333333,0.29608191096586517,0.3333333333333333,0.1
11009,1,0.0,0.0,0.0,0.0,0.0,0.0,0.0,0.0,0.0,0.0
16716,2,1.0,1.0,1.0,1.0,0.4,1.0,1.0,1.0,1.0,0.2
5673,8,0.2,0.26666666666666666,0.2139862647345275,0.125,0.2,0.125,0.17307692307692307,0.1595890771248963,0.125,0.1
1267,8,0.0,0.0,0.0,0.0,0.0,0.0,0.0,0.0,0.0,0.0
1850,6,0.0,0.0,0.0,0.0,0.0,0.0,0.0,0.0,0.0,0.0
15373,10,0.4,0.39999999999999997,0.4703652827859578,0.2,0.4,0.2,0.29090909090909095,0.3052348839397011,0.2,0.2
16094,16,0.2,0.3333333333333333,0.33916020527361607,0.0625,0.2,0.2,0.2727272727272727,0.2984900352767555,0.125,0.2
6975,2,0.0,0.0,0.0,0.0,0.0,0.5,0.0,0.0,0.5,0.1
12557,9,0.0,0.0,0.0,0.0,0.0,0.0,0.0,0.0,0.0,0.0
14257,23,0.4,0.3333333333333333,0.34519134224686926,0.08695652173913043,0.4,0.2,0.2727272727272727,0.22400556151517548,0.08695652173913043,0.2
9465,3,0.0,0.0,0.0,0.0,0.0,0.0,0.0,0.0,0.0,0.0
7263,3,0.0,0.0,0.0,0.0,0.0,0.0,0.0,0.0,0.0,0.0
5082,2,0.0,0.0,0.0,0.0,0.0,0.0,0.0,0.0,0.0,0.0
21171,2,0.0,0.0,0.0,0.0,0.0,0.0,0.0,0.0,0.0,0.0
2452,6,0.4,0.4666666666666666,0.38356636737133554,0.3333333333333333,0.4,0.3333333333333333,0.3777777777777778,0.34222207292834134,0.3333333333333333,0.2
1212,5,0.6,0.5333333333333333,0.6164336326286642,0.6,0.6,0.8,0.575,0.6164336326286642,0.8,0.4
21738,4,0.0,0.0,0.0,0.0,0.0,0.0,0.0,0.0,0.0,0.0
21871,4,0.0,0.0,0.0,0.0,0.0,0.0,0.0,0.0,0.0,0.0
14092,2,0.0,0.0,0.0,0.0,0.0,0.0,0.0,0.0,0.0,0.0
10041,11,0.4,0.4666666666666666,0.48522855511632257,0.18181818181818182,0.4,0.2,0.3090909090909091,0.31488013066763093,0.18181818181818182,0.2
6875,3,0.0,0.0,0.0,0.0,0.0,0.0,0.0,0.0,0.0,0.0
5615,1,0.0,0.0,0.0,0.0,0.0,0.0,0.0,0.0,0.0,0.0
6478,5,0.2,0.3333333333333333,0.33916020527361607,0.2,0.2,0.2,0.25,0.33916020527361607,0.2,0.1
11046,14,0.4,0.3333333333333333,0.34519134224686926,0.14285714285714285,0.4,0.2,0.2727272727272727,0.22400556151517548,0.14285714285714285,0.2
10340,4,0.25,0.35714285714285715,0.39038004999210163,0.25,0.2,0.25,0.2941176470588235,0.39038004999210163,0.25,0.1
12340,11,0.4,0.6,0.5531464700081437,0.18181818181818182,0.4,0.2,0.34545454545454546,0.3589542101716347,0.18181818181818182,0.2
22516,3,0.0,0.0,0.0,0.0,0.0,0.0,0.0,0.0,0.0,0.0
20791,3,0.0,0.0,0.0,0.0,0.0,0.0,0.0,0.0,0.0,0.0
12053,11,0.2,0.3333333333333333,0.33916020527361607,0.09090909090909091,0.2,0.2,0.21818181818181817,0.28634598975246917,0.18181818181818182,0.2
21489,3,0.0,0.0,0.0,0.0,0.0,0.0,0.0,0.0,0.0,0.0
4205,7,0.0,0.0,0.0,0.0,0.0,0.0,0.0,0.0,0.0,0.0
21109,2,0.0,0.0,0.0,0.0,0.0,0.0,0.0,0.0,0.0,0.0
11334,1,0.0,0.0,0.0,0.0,0.0,0.0,0.0,0.0,0.0,0.0
82,3,0.6666666666666666,0.6666666666666667,0.7039180890341346,0.6666666666666666,0.4,0.6666666666666666,0.6666666666666666,0.7039180890341346,0.6666666666666666,0.2
20391,1,0.0,0.0,0.0,0.0,0.0,0.0,0.0,0.0,0.0,0.0
796,2,0.0,0.0,0.0,0.0,0.0,0.0,0.0,0.0,0.0,0.0
3543,20,0.4,0.39999999999999997,0.4703652827859578,0.1,0.4,0.2,0.29090909090909095,0.3052348839397011,0.1,0.2
4213,4,0.25,0.2142857142857143,0.19519002499605081,0.25,0.2,0.25,0.23529411764705882,0.19519002499605081,0.25,0.1
17158,14,0.2,0.06666666666666665,0.13120507751234176,0.07142857142857142,0.2,0.1,0.10909090909090909,0.08514311764162097,0.07142857142857142,0.1
6352,24,0.2,0.06666666666666665,0.13120507751234176,0.041666666666666664,0.2,0.3,0.18181818181818182,0.21819512777734992,0.125,0.3
21885,5,0.2,0.06666666666666665,0.13120507751234176,0.2,0.2,0.4,0.15,0.13120507751234176,0.4,0.2
8980,8,0.2,0.26666666666666666,0.2139862647345275,0.125,0.2,0.125,0.17307692307692307,0.1595890771248963,0.125,0.1
5694,3,0.0,0.0,0.0,0.0,0.0,0.0,0.0,0.0,0.0,0.0
22088,1,1.0,1.0,1.0,1.0,0.2,1.0,1.0,1.0,1.0,0.1
19071,14,0.8,0.7333333333333334,0.7860137352654724,0.2857142857142857,0.8,0.6,0.6909090909090909,0.6547216238913564,0.42857142857142855,0.6
10996,3,0.3333333333333333,0.25,0.23463936301137822,0.3333333333333333,0.2,0.3333333333333333,0.2962962962962963,0.23463936301137822,0.3333333333333333,0.1
10759,2,0.0,0.0,0.0,0.0,0.0,0.0,0.0,0.0,0.0,0.0
10714,25,0.2,0.3333333333333333,0.33916020527361607,0.04,0.2,0.4,0.36363636363636365,0.4341754806679218,0.16,0.4
2585,6,0.4,0.39999999999999997,0.4703652827859578,0.3333333333333333,0.4,0.3333333333333333,0.35555555555555557,0.4196650066367769,0.3333333333333333,0.2
16758,7,0.4,0.5333333333333333,0.5087403079104241,0.2857142857142857,0.4,0.2857142857142857,0.36734693877551017,0.4123144993714362,0.2857142857142857,0.2
18751,35,0.6,0.7333333333333334,0.6992148198508501,0.08571428571428572,0.6,0.4,0.5272727272727272,0.5231737964779627,0.11428571428571428,0.4
21248,12,0.2,0.13333333333333333,0.14606834984270645,0.08333333333333333,0.2,0.1,0.12727272727272726,0.09478836436955078,0.08333333333333333,0.1
11419,4,0.25,0.28571428571428575,0.2463023887407299,0.25,0.2,0.5,0.2647058823529412,0.2463023887407299,0.5,0.2
14927,24,0.8,0.8000000000000002,0.8304198973631919,0.16666666666666666,0.8,0.4,0.5818181818181818,0.5388856921828065,0.16666666666666666,0.4
599,17,0.2,0.19999999999999998,0.16958010263680803,0.058823529411764705,0.2,0.1,0.14545454545454548,0.11004588314904007,0.058823529411764705,0.1
15363,13,0.6,0.5333333333333333,0.6164336326286642,0.23076923076923078,0.6,0.3,0.41818181818181815,0.4000232483092519,0.23076923076923078,0.3
15886,40,0.4,0.4666666666666666,0.48522855511632257,0.05,0.4,0.3,0.34545454545454546,0.38113435412202,0.075,0.3
753,3,0.0,0.0,0.0,0.0,0.0,0.0,0.0,0.0,0.0,0.0
9674,9,0.2,0.26666666666666666,0.2139862647345275,0.1111111111111111,0.2,0.1111111111111111,0.16666666666666666,0.14829723057014907,0.1111111111111111,0.1
18256,2,0.0,0.0,0.0,0.0,0.0,0.0,0.0,0.0,0.0,0.0
2855,4,0.25,0.28571428571428575,0.2463023887407299,0.25,0.2,0.25,0.2647058823529412,0.2463023887407299,0.25,0.1
11242,11,0.2,0.19999999999999998,0.16958010263680803,0.09090909090909091,0.2,0.1,0.14545454545454548,0.11004588314904007,0.09090909090909091,0.1
10293,7,0.0,0.0,0.0,0.0,0.0,0.0,0.0,0.0,0.0,0.0
3354,1,1.0,0.0,0.0,1.0,0.2,1.0,0.0,0.0,1.0,0.1
16554,3,0.3333333333333333,0.4166666666666667,0.46927872602275644,0.3333333333333333,0.2,0.3333333333333333,0.37037037037037035,0.46927872602275644,0.3333333333333333,0.1
7136,11,0.2,0.13333333333333333,0.14606834984270645,0.09090909090909091,0.2,0.2,0.1636363636363636,0.16104258782393982,0.18181818181818182,0.2
3667,10,0.0,0.0,0.0,0.0,0.0,0.2,0.09090909090909091,0.13568544539116628,0.2,0.2
6046,7,0.2,0.06666666666666665,0.13120507751234176,0.14285714285714285,0.2,0.14285714285714285,0.12244897959183672,0.10633668103022983,0.14285714285714285,0.1
8330,15,0.0,0.0,0.0,0.0,0.0,0.1,0.018181818181818177,0.0636207881989517,0.06666666666666667,0.1
15030,1,0.0,0.0,0.0,0.0,0.0,0.0,0.0,0.0,0.0,0.0
7253,1,0.0,0.0,0.0,0.0,0.0,1.0,0.0,0.0,1.0,0.1
8434,24,0.2,0.19999999999999998,0.16958010263680803,0.041666666666666664,0.2,0.1,0.14545454545454548,0.11004588314904007,0.041666666666666664,0.1
20713,4,0.25,0.35714285714285715,0.39038004999210163,0.25,0.2,0.25,0.2941176470588235,0.39038004999210163,0.25,0.1
10555,11,0.4,0.5333333333333333,0.5087403079104241,0.18181818181818182,0.4,0.3,0.41818181818181815,0.4085359184257955,0.2727272727272727,0.3
2876,11,0.2,0.13333333333333333,0.14606834984270645,0.09090909090909091,0.2,0.1,0.12727272727272726,0.09478836436955078,0.09090909090909091,0.1
17240,1,0.0,0.0,0.0,0.0,0.0,0.0,0.0,0.0,0.0,0.0
14260,25,0.4,0.3333333333333333,0.31564845247951445,0.08,0.4,0.5,0.49090909090909096,0.42602766053340346,0.2,0.5
6369,4,0.0,0.0,0.0,0.0,0.0,0.25,0.0,0.0,0.25,0.1
12258,8,0.0,0.0,0.0,0.0,0.0,0.0,0.0,0.0,0.0,0.0
21490,4,0.0,0.0,0.0,0.0,0.0,0.0,0.0,0.0,0.0,0.0
1971,19,0.4,0.4000000000000001,0.3600546145772339,0.10526315789473684,0.4,0.2,0.29090909090909095,0.23365080824310527,0.10526315789473684,0.2
21535,11,0.2,0.26666666666666666,0.2139862647345275,0.09090909090909091,0.2,0.1,0.16363636363636364,0.1388624438735545,0.09090909090909091,0.1
4129,31,0.6,0.6,0.529634717214042,0.0967741935483871,0.6,0.3,0.43636363636363645,0.34369669139214537,0.0967741935483871,0.3
9408,2,0.5,0.5555555555555556,0.6131471927654584,0.5,0.2,0.5,0.5263157894736842,0.6131471927654584,0.5,0.1
6680,1,0.0,0.0,0.0,0.0,0.0,0.0,0.0,0.0,0.0,0.0
856,4,0.0,0.0,0.0,0.0,0.0,0.0,0.0,0.0,0.0,0.0
3467,1,0.0,0.0,0.0,0.0,0.0,0.0,0.0,0.0,0.0,0.0
20328,2,0.0,0.0,0.0,0.0,0.0,0.0,0.0,0.0,0.0,0.0
21153,24,0.2,0.3333333333333333,0.33916020527361607,0.041666666666666664,0.2,0.2,0.2727272727272727,0.2984900352767555,0.08333333333333333,0.2
879,3,0.0,0.0,0.0,0.0,0.0,0.3333333333333333,0.0,0.0,0.3333333333333333,0.1
252,7,0.0,0.0,0.0,0.0,0.0,0.0,0.0,0.0,0.0,0.0
12450,5,0.2,0.3333333333333333,0.33916020527361607,0.2,0.2,0.2,0.25,0.33916020527361607,0.2,0.1
13253,1,0.0,0.0,0.0,0.0,0.0,0.0,0.0,0.0,0.0,0.0
14838,2,0.5,0.0,0.0,0.5,0.2,0.5,0.0,0.0,0.5,0.1
2372,8,0.4,0.4000000000000001,0.3600546145772339,0.25,0.4,0.25,0.3076923076923077,0.2685255697426522,0.25,0.2
15220,9,0.6,0.7999999999999999,0.7227265726449518,0.3333333333333333,0.6,0.3333333333333333,0.5,0.5008655546918772,0.3333333333333333,0.3
5428,2,0.0,0.0,0.0,0.0,0.0,0.0,0.0,0.0,0.0,0.0
22158,2,0.0,0.0,0.0,0.0,0.0,0.0,0.0,0.0,0.0,0.0
10459,5,0.0,0.0,0.0,0.0,0.0,0.0,0.0,0.0,0.0,0.0
6987,17,0.4,0.19999999999999998,0.2772734273550482,0.11764705882352941,0.4,0.2,0.23636363636363633,0.17993148201117173,0.11764705882352941,0.2
1306,3,0.0,0.0,0.0,0.0,0.0,0.0,0.0,0.0,0.0,0.0
21835,7,0.0,0.0,0.0,0.0,0.0,0.0,0.0,0.0,0.0,0.0
17764,16,0.4,0.6,0.5531464700081437,0.125,0.4,0.3,0.4,0.4283854321084119,0.1875,0.3
12636,5,0.0,0.0,0.0,0.0,0.0,0.0,0.0,0.0,0.0,0.0
7772,8,0.2,0.13333333333333333,0.14606834984270645,0.125,0.2,0.125,0.1346153846153846,0.1089364926177559,0.125,0.1
20336,4,0.0,0.0,0.0,0.0,0.0,0.0,0.0,0.0,0.0,0.0
15444,2,0.0,0.0,0.0,0.0,0.0,0.0,0.0,0.0,0.0,0.0
12522,10,0.2,0.13333333333333333,0.14606834984270645,0.1,0.2,0.2,0.2,0.16815228646891084,0.2,0.2
18464,17,0.0,0.0,0.0,0.0,0.0,0.0,0.0,0.0,0.0,0.0
3430,15,0.0,0.0,0.0,0.0,0.0,0.0,0.0,0.0,0.0,0.0
13449,1,0.0,0.0,0.0,0.0,0.0,0.0,0.0,0.0,0.0,0.0
22491,3,0.0,0.0,0.0,0.0,0.0,0.3333333333333333,0.0,0.0,0.3333333333333333,0.1
3487,20,0.4,0.4666666666666666,0.38356636737133554,0.1,0.4,0.3,0.36363636363636365,0.31833954895937183,0.15,0.3
13754,7,0.0,0.0,0.0,0.0,0.0,0.0,0.0,0.0,0.0,0.0
1157,8,0.0,0.0,0.0,0.0,0.0,0.0,0.0,0.0,0.0,0.0
15431,18,0.4,0.6,0.5531464700081437,0.1111111111111111,0.4,0.3,0.4,0.4283854321084119,0.16666666666666666,0.3
16897,25,0.0,0.0,0.0,0.0,0.0,0.0,0.0,0.0,0.0,0.0
13520,24,0.2,0.13333333333333333,0.14606834984270645,0.041666666666666664,0.2,0.1,0.12727272727272726,0.09478836436955078,0.041666666666666664,0.1
5493,3,0.3333333333333333,0.4166666666666667,0.46927872602275644,0.3333333333333333,0.2,0.3333333333333333,0.37037037037037035,0.46927872602275644,0.3333333333333333,0.1
22341,4,0.25,0.28571428571428575,0.2463023887407299,0.25,0.2,0.25,0.2647058823529412,0.2463023887407299,0.25,0.1
16633,37,0.8,0.9333333333333332,0.8687949224876582,0.10810810810810811,0.8,0.6,0.7090909090909091,0.6994739030813919,0.16216216216216217,0.6
15092,7,0.2,0.3333333333333333,0.33916020527361607,0.14285714285714285,0.2,0.14285714285714285,0.2040816326530612,0.27487633291429087,0.14285714285714285,0.1
18193,2,0.0,0.0,0.0,0.0,0.0,0.0,0.0,0.0,0.0,0.0
15200,15,0.0,0.0,0.0,0.0,0.0,0.2,0.09090909090909091,0.13568544539116628,0.13333333333333333,0.2
11462,13,0.6,0.6666666666666666,0.6843515475204854,0.23076923076923078,0.6,0.4,0.509090909090909,0.5135285497500329,0.3076923076923077,0.4
7397,7,0.2,0.3333333333333333,0.33916020527361607,0.14285714285714285,0.2,0.14285714285714285,0.2040816326530612,0.27487633291429087,0.14285714285714285,0.1
12639,36,0.0,0.0,0.0,0.0,0.0,0.0,0.0,0.0,0.0,0.0
14315,13,0.2,0.3333333333333333,0.33916020527361607,0.07692307692307693,0.2,0.1,0.18181818181818182,0.22009176629808014,0.07692307692307693,0.1
6529,3,0.0,0.0,0.0,0.0,0.0,0.0,0.0,0.0,0.0,0.0
2098,1,0.0,0.0,0.0,0.0,0.0,0.0,0.0,0.0,0.0,0.0
10855,5,0.0,0.0,0.0,0.0,0.0,0.0,0.0,0.0,0.0,0.0
3921,6,0.0,0.0,0.0,0.0,0.0,0.0,0.0,0.0,0.0,0.0
16830,15,0.4,0.6,0.5531464700081437,0.13333333333333333,0.4,0.3,0.3818181818181818,0.42520843362602373,0.2,0.3
17389,10,0.4,0.6,0.5531464700081437,0.2,0.4,0.2,0.34545454545454546,0.3589542101716347,0.2,0.2
7004,1,0.0,0.0,0.0,0.0,0.0,0.0,0.0,0.0,0.0,0.0
13807,12,0.4,0.4666666666666666,0.38356636737133554,0.16666666666666666,0.4,0.2,0.30909090909090914,0.24890832702259458,0.16666666666666666,0.2
20166,15,0.2,0.13333333333333333,0.14606834984270645,0.06666666666666667,0.2,0.1,0.12727272727272726,0.09478836436955078,0.06666666666666667,0.1
13855,2,0.5,0.5555555555555556,0.6131471927654584,0.5,0.2,0.5,0.5263157894736842,0.6131471927654584,0.5,0.1
12556,2,0.0,0.0,0.0,0.0,0.0,0.0,0.0,0.0,0.0,0.0
17586,11,0.2,0.06666666666666665,0.13120507751234176,0.09090909090909091,0.2,0.1,0.10909090909090909,0.08514311764162097,0.09090909090909091,0.1
13717,24,0.2,0.3333333333333333,0.33916020527361607,0.041666666666666664,0.2,0.3,0.2727272727272727,0.3557772116892464,0.125,0.3
14758,16,0.0,0.0,0.0,0.0,0.0,0.0,0.0,0.0,0.0,0.0
9278,32,0.6,0.5333333333333333,0.6164336326286642,0.09375,0.6,0.4,0.509090909090909,0.4784215172879272,0.125,0.4
10550,6,0.0,0.0,0.0,0.0,0.0,0.0,0.0,0.0,0.0,0.0
12493,3,0.3333333333333333,0.4166666666666667,0.46927872602275644,0.3333333333333333,0.2,0.3333333333333333,0.37037037037037035,0.46927872602275644,0.3333333333333333,0.1
2804,3,0.3333333333333333,0.0,0.0,0.3333333333333333,0.2,0.3333333333333333,0.0,0.0,0.3333333333333333,0.1
13494,8,0.4,0.6,0.5531464700081437,0.25,0.4,0.25,0.36538461538461536,0.4125317798925535,0.25,0.2
4663,2,0.0,0.0,0.0,0.0,0.0,0.0,0.0,0.0,0.0,0.0
14527,11,0.0,0.0,0.0,0.0,0.0,0.0,0.0,0.0,0.0,0.0
7549,19,0.0,0.0,0.0,0.0,0.0,0.1,0.018181818181818177,0.0636207881989517,0.05263157894736842,0.1
20343,27,0.0,0.0,0.0,0.0,0.0,0.1,0.036363636363636355,0.06625422345438903,0.037037037037037035,0.1
15395,2,0.5,0.0,0.0,0.5,0.2,0.5,0.0,0.0,0.5,0.1
11873,5,0.2,0.3333333333333333,0.33916020527361607,0.2,0.2,0.2,0.25,0.33916020527361607,0.2,0.1
19159,7,0.2,0.26666666666666666,0.2139862647345275,0.14285714285714285,0.2,0.14285714285714285,0.18367346938775508,0.17342765698823942,0.14285714285714285,0.1
6342,4,0.0,0.0,0.0,0.0,0.0,0.0,0.0,0.0,0.0,0.0
6984,2,0.5,0.5555555555555556,0.6131471927654584,0.5,0.2,0.5,0.5263157894736842,0.6131471927654584,0.5,0.1
1210,1,0.0,0.0,0.0,0.0,0.0,0.0,0.0,0.0,0.0,0.0
7726,1,0.0,0.0,0.0,0.0,0.0,0.0,0.0,0.0,0.0,0.0
12345,2,0.0,0.0,0.0,0.0,0.0,0.0,0.0,0.0,0.0,0.0
7310,1,0.0,0.0,0.0,0.0,0.0,0.0,0.0,0.0,0.0,0.0
8617,8,0.0,0.0,0.0,0.0,0.0,0.0,0.0,0.0,0.0,0.0
7557,2,0.0,0.0,0.0,0.0,0.0,0.0,0.0,0.0,0.0,0.0
2105,18,0.2,0.06666666666666665,0.13120507751234176,0.05555555555555555,0.2,0.1,0.10909090909090909,0.08514311764162097,0.05555555555555555,0.1
20993,11,0.2,0.19999999999999998,0.16958010263680803,0.09090909090909091,0.2,0.3,0.30909090909090914,0.26180807422707547,0.2727272727272727,0.3
13160,1,0.0,0.0,0.0,0.0,0.0,0.0,0.0,0.0,0.0,0.0
16211,6,0.2,0.3333333333333333,0.33916020527361607,0.16666666666666666,0.2,0.5,0.2222222222222222,0.30260241349881345,0.5,0.3
4204,8,0.0,0.0,0.0,0.0,0.0,0.0,0.0,0.0,0.0,0.0
9727,1,0.0,0.0,0.0,0.0,0.0,1.0,0.0,0.0,1.0,0.1
15168,8,0.0,0.0,0.0,0.0,0.0,0.0,0.0,0.0,0.0,0.0
12367,1,1.0,0.0,0.0,1.0,0.2,1.0,0.0,0.0,1.0,0.1
21590,7,0.0,0.0,0.0,0.0,0.0,0.14285714285714285,0.0,0.0,0.14285714285714285,0.1
617,1,0.0,0.0,0.0,0.0,0.0,0.0,0.0,0.0,0.0,0.0
18282,1,0.0,0.0,0.0,0.0,0.0,0.0,0.0,0.0,0.0,0.0
998,1,0.0,0.0,0.0,0.0,0.0,0.0,0.0,0.0,0.0,0.0
4493,4,0.25,0.14285714285714288,0.16812753627111746,0.25,0.2,0.25,0.20588235294117643,0.16812753627111746,0.25,0.1
5548,1,0.0,0.0,0.0,0.0,0.0,0.0,0.0,0.0,0.0,0.0
3733,4,0.0,0.0,0.0,0.0,0.0,0.0,0.0,0.0,0.0,0.0
17926,11,0.0,0.0,0.0,0.0,0.0,0.0,0.0,0.0,0.0,0.0
872,3,0.0,0.0,0.0,0.0,0.0,0.0,0.0,0.0,0.0,0.0
17711,4,0.0,0.0,0.0,0.0,0.0,0.0,0.0,0.0,0.0,0.0
20667,5,0.0,0.0,0.0,0.0,0.0,0.0,0.0,0.0,0.0,0.0
8770,14,0.4,0.4000000000000001,0.3600546145772339,0.14285714285714285,0.4,0.2,0.29090909090909095,0.23365080824310527,0.14285714285714285,0.2
7398,13,0.2,0.06666666666666665,0.13120507751234176,0.07692307692307693,0.2,0.1,0.10909090909090909,0.08514311764162097,0.07692307692307693,0.1
5639,1,0.0,0.0,0.0,0.0,0.0,1.0,0.0,0.0,1.0,0.1
20959,18,0.2,0.3333333333333333,0.33916020527361607,0.05555555555555555,0.2,0.1,0.18181818181818182,0.22009176629808014,0.05555555555555555,0.1
21329,3,0.0,0.0,0.0,0.0,0.0,0.0,0.0,0.0,0.0,0.0
19969,1,0.0,0.0,0.0,0.0,0.0,0.0,0.0,0.0,0.0,0.0
8782,15,0.2,0.06666666666666665,0.13120507751234176,0.06666666666666667,0.2,0.1,0.10909090909090909,0.08514311764162097,0.06666666666666667,0.1
14189,2,0.0,0.0,0.0,0.0,0.0,0.0,0.0,0.0,0.0,0.0
13557,10,0.0,0.0,0.0,0.0,0.0,0.1,0.036363636363636355,0.06625422345438903,0.1,0.1
2986,1,0.0,0.0,0.0,0.0,0.0,0.0,0.0,0.0,0.0,0.0
15569,12,0.2,0.13333333333333333,0.14606834984270645,0.08333333333333333,0.2,0.1,0.12727272727272726,0.09478836436955078,0.08333333333333333,0.1
8489,1,0.0,0.0,0.0,0.0,0.0,0.0,0.0,0.0,0.0,0.0
11001,4,0.0,0.0,0.0,0.0,0.0,0.0,0.0,0.0,0.0,0.0
256,13,0.2,0.26666666666666666,0.2139862647345275,0.07692307692307693,0.2,0.2,0.21818181818181823,0.20829366581033176,0.15384615384615385,0.2
10019,1,0.0,0.0,0.0,0.0,0.0,0.0,0.0,0.0,0.0,0.0
4520,4,0.0,0.0,0.0,0.0,0.0,0.0,0.0,0.0,0.0,0.0
431,11,0.4,0.6,0.5531464700081437,0.18181818181818182,0.4,0.3,0.3818181818181818,0.42520843362602373,0.2727272727272727,0.3
4242,19,0.2,0.26666666666666666,0.2139862647345275,0.05263157894736842,0.2,0.3,0.2909090909090909,0.28351493630661884,0.15789473684210525,0.3
17289,13,0.0,0.0,0.0,0.0,0.0,0.1,0.036363636363636355,0.06625422345438903,0.07692307692307693,0.1
5753,5,0.0,0.0,0.0,0.0,0.0,0.0,0.0,0.0,0.0,0.0
4403,6,0.4,0.39999999999999997,0.4703652827859578,0.3333333333333333,0.4,0.6666666666666666,0.4666666666666667,0.5274541611612878,0.6666666666666666,0.4
2211,2,0.0,0.0,0.0,0.0,0.0,0.0,0.0,0.0,0.0,0.0
10575,5,0.4,0.4000000000000001,0.3600546145772339,0.4,0.4,0.4,0.4,0.3600546145772339,0.4,0.2
6319,20,0.4,0.4666666666666666,0.38356636737133554,0.1,0.4,0.4,0.4,0.38589303732090635,0.2,0.4
17528,2,0.5,0.4444444444444445,0.3868528072345415,0.5,0.2,0.5,0.4736842105263158,0.3868528072345415,0.5,0.1
12786,4,0.25,0.2142857142857143,0.19519002499605081,0.25,0.2,0.25,0.23529411764705882,0.19519002499605081,0.25,0.1
17754,25,0.2,0.26666666666666666,0.2139862647345275,0.04,0.2,0.1,0.16363636363636364,0.1388624438735545,0.04,0.1
11844,9,0.2,0.3333333333333333,0.33916020527361607,0.1111111111111111,0.2,0.2222222222222222,0.27777777777777773,0.3187704634136788,0.2222222222222222,0.2
20603,16,0.0,0.0,0.0,0.0,0.0,0.2,0.1272727272727273,0.1427951440361373,0.125,0.2
17755,7,0.0,0.0,0.0,0.0,0.0,0.14285714285714285,0.0,0.0,0.14285714285714285,0.1
18086,1,0.0,0.0,0.0,0.0,0.0,0.0,0.0,0.0,0.0,0.0
1943,1,0.0,0.0,0.0,0.0,0.0,0.0,0.0,0.0,0.0,0.0
22055,1,0.0,0.0,0.0,0.0,0.0,0.0,0.0,0.0,0.0,0.0
10828,12,0.2,0.19999999999999998,0.16958010263680803,0.08333333333333333,0.2,0.1,0.14545454545454548,0.11004588314904007,0.08333333333333333,0.1
8633,14,0.2,0.19999999999999998,0.16958010263680803,0.07142857142857142,0.2,0.1,0.14545454545454548,0.11004588314904007,0.07142857142857142,0.1
1118,19,0.2,0.06666666666666665,0.13120507751234176,0.05263157894736842,0.2,0.1,0.10909090909090909,0.08514311764162097,0.05263157894736842,0.1
143,43,0.8,0.9333333333333332,0.8687949224876582,0.09302325581395349,0.8,0.6,0.7272727272727273,0.7058075148678526,0.13953488372093023,0.6
1310,2,0.0,0.0,0.0,0.0,0.0,0.0,0.0,0.0,0.0,0.0
15255,14,0.2,0.06666666666666665,0.13120507751234176,0.07142857142857142,0.2,0.1,0.10909090909090909,0.08514311764162097,0.07142857142857142,0.1
5296,1,0.0,0.0,0.0,0.0,0.0,0.0,0.0,0.0,0.0,0.0
15811,5,0.0,0.0,0.0,0.0,0.0,0.0,0.0,0.0,0.0,0.0
2033,9,0.0,0.0,0.0,0.0,0.0,0.0,0.0,0.0,0.0,0.0
18449,12,0.2,0.06666666666666665,0.13120507751234176,0.08333333333333333,0.2,0.1,0.10909090909090909,0.08514311764162097,0.08333333333333333,0.1
12574,6,0.4,0.6,0.5531464700081437,0.3333333333333333,0.4,0.5,0.4222222222222222,0.4935232796777481,0.5,0.3
8628,8,0.0,0.0,0.0,0.0,0.0,0.0,0.0,0.0,0.0,0.0
2654,6,0.2,0.13333333333333333,0.14606834984270645,0.16666666666666666,0.2,0.16666666666666666,0.15555555555555556,0.13032376591037065,0.16666666666666666,0.1
11302,10,0.2,0.19999999999999998,0.16958010263680803,0.1,0.2,0.1,0.14545454545454548,0.11004588314904007,0.1,0.1
17282,3,0.0,0.0,0.0,0.0,0.0,0.0,0.0,0.0,0.0,0.0
21886,3,0.0,0.0,0.0,0.0,0.0,0.0,0.0,0.0,0.0,0.0
