user,total purchases,HR@5,WHR@5,nDCG@5,recall@5,precision@5,HR@10,WHR@10,nDCG@10,recall@10,precision@10
7537,14,0.2,0.13333333333333333,0.14606834984270645,0.07142857142857142,0.2,0.2,0.21818181818181817,0.1731866333482261,0.14285714285714285,0.2
1914,4,0.0,0.0,0.0,0.0,0.0,0.0,0.0,0.0,0.0,0.0
20628,6,0.0,0.0,0.0,0.0,0.0,0.0,0.0,0.0,0.0,0.0
15188,3,0.3333333333333333,0.4166666666666667,0.46927872602275644,0.3333333333333333,0.2,0.3333333333333333,0.37037037037037035,0.46927872602275644,0.3333333333333333,0.1
8234,9,0.0,0.0,0.0,0.0,0.0,0.1111111111111111,0.09259259259259259,0.08372491399919348,0.1111111111111111,0.1
5642,4,0.25,0.0,0.0,0.25,0.2,0.5,0.0,0.0,0.5,0.2
21153,24,0.2,0.26666666666666666,0.2139862647345275,0.041666666666666664,0.2,0.2,0.18181818181818182,0.2024832320725062,0.08333333333333333,0.2
17533,10,0.0,0.0,0.0,0.0,0.0,0.0,0.0,0.0,0.0,0.0
15501,4,0.0,0.0,0.0,0.0,0.0,0.0,0.0,0.0,0.0,0.0
2433,20,0.0,0.0,0.0,0.0,0.0,0.0,0.0,0.0,0.0,0.0
15072,1,0.0,0.0,0.0,0.0,0.0,0.0,0.0,0.0,0.0,0.0
22290,4,0.5,0.5714285714285715,0.5855700749881524,0.5,0.4,0.5,0.5294117647058824,0.5855700749881524,0.5,0.2
9484,4,0.5,0.6428571428571429,0.6366824387328316,0.5,0.4,0.5,0.5588235294117646,0.6366824387328316,0.5,0.2
11893,20,0.6,0.6666666666666666,0.6548086577531306,0.15,0.6,0.5,0.5636363636363636,0.5645441593704201,0.25,0.5
10799,3,0.6666666666666666,0.75,0.7653606369886217,0.6666666666666666,0.5,0.6666666666666666,0.7037037037037036,0.7653606369886217,0.6666666666666666,0.5
15838,37,0.2,0.3333333333333333,0.33916020527361607,0.02702702702702703,0.2,0.2,0.21818181818181817,0.28634598975246917,0.05405405405405406,0.2
16655,5,0.0,0.0,0.0,0.0,0.0,0.2,0.0,0.0,0.2,0.1
22484,1,0.0,0.0,0.0,0.0,0.0,0.0,0.0,0.0,0.0,0.0
19457,9,0.2,0.19999999999999998,0.16958010263680803,0.1111111111111111,0.2,0.2222222222222222,0.22222222222222224,0.1958712911787378,0.2222222222222222,0.2
21182,3,0.0,0.0,0.0,0.0,0.0,0.0,0.0,0.0,0.0,0.0
21275,20,0.6,0.46666666666666673,0.4912596920895757,0.15,0.6,0.5,0.5636363636363636,0.4705561169627616,0.25,0.5
14964,26,1.0,1.0,1.0,0.19230769230769232,1.0,0.8,0.8727272727272727,0.8572048559638626,0.3076923076923077,0.8
10076,1,0.0,0.0,0.0,0.0,0.0,0.0,0.0,0.0,0.0,0.0
10795,3,0.0,0.0,0.0,0.0,0.0,0.0,0.0,0.0,0.0,0.0
3855,1,0.0,0.0,0.0,0.0,0.0,0.0,0.0,0.0,0.0,0.0
20264,1,0.0,0.0,0.0,0.0,0.0,0.0,0.0,0.0,0.0,0.0
811,4,0.25,0.14285714285714288,0.16812753627111746,0.25,0.2,0.25,0.20588235294117643,0.16812753627111746,0.25,0.1
393,2,0.5,0.0,0.0,0.5,0.2,1.0,0.0,0.0,1.0,0.2
3203,1,0.0,0.0,0.0,0.0,0.0,0.0,0.0,0.0,0.0,0.0
11776,2,0.0,0.0,0.0,0.0,0.0,0.5,0.0,0.0,0.5,0.1
22021,12,0.0,0.0,0.0,0.0,0.0,0.2,0.10909090909090909,0.14201905717762703,0.16666666666666666,0.2
11324,8,0.2,0.13333333333333333,0.14606834984270645,0.125,0.2,0.125,0.1346153846153846,0.1089364926177559,0.125,0.1
4673,3,0.0,0.0,0.0,0.0,0.0,0.0,0.0,0.0,0.0,0.0
17109,4,0.0,0.0,0.0,0.0,0.0,0.0,0.0,0.0,0.0,0.0
18460,10,0.0,0.0,0.0,0.0,0.0,0.0,0.0,0.0,0.0,0.0
17143,3,0.0,0.0,0.0,0.0,0.0,0.0,0.0,0.0,0.0,0.0
18398,11,0.4,0.26666666666666666,0.3007851801491498,0.18181818181818182,0.4,0.2,0.2545454545454545,0.19518900079066104,0.18181818181818182,0.2
7909,1,0.0,0.0,0.0,0.0,0.0,0.0,0.0,0.0,0.0,0.0
17234,2,0.0,0.0,0.0,0.0,0.0,0.0,0.0,0.0,0.0,0.0
19640,4,0.25,0.35714285714285715,0.39038004999210163,0.25,0.2,0.25,0.2941176470588235,0.39038004999210163,0.25,0.1
20704,1,0.0,0.0,0.0,0.0,0.0,0.0,0.0,0.0,0.0,0.0
1454,1,1.0,0.0,0.0,1.0,0.2,1.0,0.0,0.0,1.0,0.1
12805,8,0.2,0.26666666666666666,0.2139862647345275,0.125,0.2,0.25,0.2692307692307692,0.249689085777264,0.25,0.2
20790,2,0.5,0.0,0.0,0.5,0.2,1.0,0.0,0.0,1.0,0.2
2304,6,0.0,0.0,0.0,0.0,0.0,0.0,0.0,0.0,0.0,0.0
15029,2,0.0,0.0,0.0,0.0,0.0,0.0,0.0,0.0,0.0,0.0
19691,3,0.0,0.0,0.0,0.0,0.0,0.0,0.0,0.0,0.0,0.0
1006,7,0.2,0.06666666666666665,0.13120507751234176,0.14285714285714285,0.2,0.2857142857142857,0.2040816326530612,0.19796212533499344,0.2857142857142857,0.2
10976,1,0.0,0.0,0.0,0.0,0.0,0.0,0.0,0.0,0.0,0.0
13166,3,0.0,0.0,0.0,0.0,0.0,0.0,0.0,0.0,0.0,0.0
5742,14,0.2,0.3333333333333333,0.33916020527361607,0.07142857142857142,0.2,0.4,0.309090909090909,0.42333070005078094,0.2857142857142857,0.4
16750,1,0.0,0.0,0.0,0.0,0.0,0.0,0.0,0.0,0.0,0.0
14998,1,0.0,0.0,0.0,0.0,0.0,0.0,0.0,0.0,0.0,0.0
5700,8,0.2,0.3333333333333333,0.33916020527361607,0.125,0.2,0.125,0.1923076923076923,0.2529427027676571,0.125,0.1
5326,4,0.0,0.0,0.0,0.0,0.0,0.0,0.0,0.0,0.0,0.0
14429,13,0.2,0.3333333333333333,0.33916020527361607,0.07692307692307693,0.2,0.1,0.18181818181818182,0.22009176629808014,0.07692307692307693,0.1
8213,6,0.0,0.0,0.0,0.0,0.0,0.0,0.0,0.0,0.0,0.0
4624,26,0.4,0.6,0.5531464700081437,0.07692307692307693,0.4,0.5,0.4727272727272727,0.5621931439243355,0.19230769230769232,0.5
3590,5,0.0,0.0,0.0,0.0,0.0,0.0,0.0,0.0,0.0,0.0
5651,1,1.0,1.0,1.0,1.0,0.2,1.0,1.0,1.0,1.0,0.1
10420,5,0.0,0.0,0.0,0.0,0.0,0.0,0.0,0.0,0.0,0.0
14845,37,0.2,0.3333333333333333,0.33916020527361607,0.02702702702702703,0.2,0.2,0.23636363636363636,0.2895229882348574,0.05405405405405406,0.2
11919,1,0.0,0.0,0.0,0.0,0.0,0.0,0.0,0.0,0.0,0.0
1791,3,0.3333333333333333,0.0,0.0,0.3333333333333333,0.2,0.3333333333333333,0.0,0.0,0.3333333333333333,0.1
6268,22,0.4,0.26666666666666666,0.3007851801491498,0.09090909090909091,0.4,0.3,0.2727272727272727,0.2588097889896127,0.13636363636363635,0.3
16782,13,0.2,0.26666666666666666,0.2139862647345275,0.07692307692307693,0.2,0.2,0.18181818181818182,0.2024832320725062,0.15384615384615385,0.2
10829,3,0.0,0.0,0.0,0.0,0.0,0.0,0.0,0.0,0.0,0.0
794,18,0.0,0.0,0.0,0.0,0.0,0.1,0.018181818181818177,0.0636207881989517,0.05555555555555555,0.1
16907,4,0.0,0.0,0.0,0.0,0.0,0.0,0.0,0.0,0.0,0.0
13328,2,0.0,0.0,0.0,0.0,0.0,0.0,0.0,0.0,0.0,0.0
4033,4,0.0,0.0,0.0,0.0,0.0,0.0,0.0,0.0,0.0,0.0
926,5,0.0,0.0,0.0,0.0,0.0,0.0,0.0,0.0,0.0,0.0
7814,2,0.0,0.0,0.0,0.0,0.0,0.0,0.0,0.0,0.0,0.0
9948,17,0.8,0.9333333333333332,0.8687949224876582,0.23529411764705882,0.8,0.5,0.7090909090909091,0.6421867266689009,0.29411764705882354,0.5
21057,3,0.0,0.0,0.0,0.0,0.0,0.3333333333333333,0.0,0.0,0.3333333333333333,0.1
2008,1,0.0,0.0,0.0,0.0,0.0,0.0,0.0,0.0,0.0,0.0
20400,24,0.4,0.3333333333333333,0.34519134224686926,0.08333333333333333,0.4,0.4,0.3818181818181818,0.3636237070689246,0.16666666666666666,0.4
15563,1,0.0,0.0,0.0,0.0,0.0,0.0,0.0,0.0,0.0,0.0
10567,19,0.6,0.46666666666666673,0.4912596920895757,0.15789473684210525,0.6,0.6,0.6181818181818183,0.5399873388995389,0.3157894736842105,0.6
16278,1,0.0,0.0,0.0,0.0,0.0,1.0,0.0,0.0,1.0,0.1
12108,9,0.6,0.7999999999999999,0.7227265726449518,0.3333333333333333,0.6,0.5555555555555556,0.611111111111111,0.649969831884453,0.5555555555555556,0.5
11188,5,0.0,0.0,0.0,0.0,0.0,0.2,0.0,0.0,0.2,0.1
2300,18,0.2,0.3333333333333333,0.33916020527361607,0.05555555555555555,0.2,0.3,0.34545454545454546,0.37185395737611554,0.16666666666666666,0.3
5654,1,0.0,0.0,0.0,0.0,0.0,0.0,0.0,0.0,0.0,0.0
17238,9,0.4,0.5333333333333333,0.5087403079104241,0.2222222222222222,0.4,0.4444444444444444,0.3888888888888889,0.42671693940680255,0.4444444444444444,0.4
8574,1,0.0,0.0,0.0,0.0,0.0,0.0,0.0,0.0,0.0,0.0
7442,1,0.0,0.0,0.0,0.0,0.0,1.0,0.0,0.0,1.0,0.1
4036,1,0.0,0.0,0.0,0.0,0.0,0.0,0.0,0.0,0.0,0.0
10047,5,0.0,0.0,0.0,0.0,0.0,0.0,0.0,0.0,0.0,0.0
17239,1,0.0,0.0,0.0,0.0,0.0,0.0,0.0,0.0,0.0,0.0
17270,2,0.0,0.0,0.0,0.0,0.0,0.0,0.0,0.0,0.0,0.0
16986,5,0.6,0.39999999999999997,0.4468535299918562,0.6,0.6,0.6,0.525,0.4468535299918562,0.6,0.3
1388,1,0.0,0.0,0.0,0.0,0.0,0.0,0.0,0.0,0.0,0.0
15753,14,0.4,0.3333333333333333,0.31564845247951445,0.14285714285714285,0.4,0.3,0.36363636363636365,0.28323251649726616,0.21428571428571427,0.3
10618,19,0.6,0.7333333333333334,0.6992148198508501,0.15789473684210525,0.6,0.6,0.6363636363636364,0.6627919420317119,0.3157894736842105,0.6
20029,9,0.4,0.3333333333333333,0.31564845247951445,0.2222222222222222,0.4,0.4444444444444444,0.4259259259259259,0.3766249122038109,0.4444444444444444,0.4
8342,2,1.0,0.0,0.0,1.0,0.4,1.0,0.0,0.0,1.0,0.2
20360,10,0.0,0.0,0.0,0.0,0.0,0.0,0.0,0.0,0.0,0.0
2986,1,0.0,0.0,0.0,0.0,0.0,0.0,0.0,0.0,0.0,0.0
16487,27,0.4,0.4666666666666666,0.38356636737133554,0.07407407407407407,0.4,0.4,0.41818181818181815,0.3885264725763437,0.14814814814814814,0.4
18364,14,0.0,0.0,0.0,0.0,0.0,0.0,0.0,0.0,0.0,0.0
1102,3,0.6666666666666666,0.25,0.23463936301137822,0.6666666666666666,0.4,0.6666666666666666,0.2962962962962963,0.23463936301137822,0.6666666666666666,0.2
18690,15,0.4,0.4666666666666666,0.48522855511632257,0.13333333333333333,0.4,0.2,0.3090909090909091,0.31488013066763093,0.13333333333333333,0.2
11980,9,0.2,0.06666666666666665,0.13120507751234176,0.1111111111111111,0.2,0.1111111111111111,0.1111111111111111,0.09092803061897882,0.1111111111111111,0.1
8594,3,0.0,0.0,0.0,0.0,0.0,0.0,0.0,0.0,0.0,0.0
16226,10,0.2,0.3333333333333333,0.33916020527361607,0.1,0.2,0.3,0.2727272727272727,0.3557772116892464,0.3,0.3
15451,7,0.2,0.26666666666666666,0.2139862647345275,0.14285714285714285,0.2,0.14285714285714285,0.18367346938775508,0.17342765698823942,0.14285714285714285,0.1
19950,2,0.0,0.0,0.0,0.0,0.0,0.5,0.0,0.0,0.5,0.1111111111111111
17545,2,0.0,0.0,0.0,0.0,0.0,0.0,0.0,0.0,0.0,0.0
12418,12,0.6,0.6666666666666666,0.6843515475204854,0.25,0.6,0.4,0.5272727272727272,0.5174612499126158,0.3333333333333333,0.4
5570,27,0.8,0.8000000000000002,0.8304198973631919,0.14814814814814814,0.8,0.5,0.6,0.6025064803817581,0.18518518518518517,0.5
15187,7,0.4,0.39999999999999997,0.4703652827859578,0.2857142857142857,0.4,0.2857142857142857,0.32653061224489793,0.3812130139445206,0.2857142857142857,0.2
13211,7,0.0,0.0,0.0,0.0,0.0,0.0,0.0,0.0,0.0,0.0
19961,7,0.0,0.0,0.0,0.0,0.0,0.14285714285714285,0.0,0.0,0.14285714285714285,0.1
7790,2,0.0,0.0,0.0,0.0,0.0,0.5,0.0,0.0,0.5,0.1
16837,2,0.0,0.0,0.0,0.0,0.0,0.0,0.0,0.0,0.0,0.0
4079,3,0.0,0.0,0.0,0.0,0.0,0.0,0.0,0.0,0.0,0.0
14955,11,0.6,0.6666666666666666,0.6548086577531306,0.2727272727272727,0.6,0.3,0.45454545454545453,0.424926013816671,0.2727272727272727,0.3
11207,24,0.2,0.3333333333333333,0.33916020527361607,0.041666666666666664,0.2,0.2,0.2545454545454545,0.29345568839744024,0.08333333333333333,0.2
12236,20,0.8,0.8666666666666666,0.8539316501572936,0.2,0.8,0.5,0.6545454545454547,0.623574432899073,0.25,0.5
13965,1,1.0,0.0,0.0,1.0,0.2,1.0,0.0,0.0,1.0,0.1
11925,1,0.0,0.0,0.0,0.0,0.0,0.0,0.0,0.0,0.0,0.0
17701,1,0.0,0.0,0.0,0.0,0.0,0.0,0.0,0.0,0.0,0.0
9042,9,0.0,0.0,0.0,0.0,0.0,0.0,0.0,0.0,0.0,0.0
6812,5,0.0,0.0,0.0,0.0,0.0,0.0,0.0,0.0,0.0,0.0
17740,3,0.3333333333333333,0.4166666666666667,0.46927872602275644,0.3333333333333333,0.2,0.3333333333333333,0.37037037037037035,0.46927872602275644,0.3333333333333333,0.1
13282,13,0.2,0.3333333333333333,0.33916020527361607,0.07692307692307693,0.2,0.1,0.18181818181818182,0.22009176629808014,0.07692307692307693,0.1
3478,4,0.0,0.0,0.0,0.0,0.0,0.0,0.0,0.0,0.0,0.0
3263,7,0.0,0.0,0.0,0.0,0.0,0.0,0.0,0.0,0.0,0.0
22065,4,0.0,0.0,0.0,0.0,0.0,0.0,0.0,0.0,0.0,0.0
7550,2,0.0,0.0,0.0,0.0,0.0,0.0,0.0,0.0,0.0,0.0
19077,4,0.0,0.0,0.0,0.0,0.0,0.25,0.0,0.0,0.25,0.1
15249,1,0.0,0.0,0.0,0.0,0.0,0.0,0.0,0.0,0.0,0.0
9354,2,0.5,0.4444444444444445,0.3868528072345415,0.5,0.2,0.5,0.4736842105263158,0.3868528072345415,0.5,0.1
2616,23,0.0,0.0,0.0,0.0,0.0,0.1,0.036363636363636355,0.06625422345438903,0.043478260869565216,0.1
2557,32,0.2,0.19999999999999998,0.16958010263680803,0.03125,0.2,0.2,0.18181818181818182,0.1763001066034291,0.0625,0.2
1948,18,0.0,0.0,0.0,0.0,0.0,0.2,0.12727272727272726,0.14465249243306436,0.1111111111111111,0.2
7096,2,0.0,0.0,0.0,0.0,0.0,0.0,0.0,0.0,0.0,0.0
11117,18,0.0,0.0,0.0,0.0,0.0,0.2,0.12727272727272726,0.14465249243306436,0.1111111111111111,0.2
11205,4,0.25,0.35714285714285715,0.39038004999210163,0.25,0.2,0.5,0.2941176470588235,0.39038004999210163,0.5,0.2
15641,19,0.4,0.19999999999999998,0.2772734273550482,0.10526315789473684,0.4,0.2,0.23636363636363633,0.17993148201117173,0.10526315789473684,0.2
11079,15,0.0,0.0,0.0,0.0,0.0,0.0,0.0,0.0,0.0,0.0
10124,1,0.0,0.0,0.0,0.0,0.0,0.0,0.0,0.0,0.0,0.0
9563,3,0.0,0.0,0.0,0.0,0.0,0.3333333333333333,0.0,0.0,0.3333333333333333,0.1
881,4,0.0,0.0,0.0,0.0,0.0,0.0,0.0,0.0,0.0,0.0
15702,16,0.2,0.06666666666666665,0.13120507751234176,0.0625,0.2,0.2,0.2,0.1635413866202963,0.125,0.2
12432,4,0.25,0.0,0.0,0.25,0.2,0.25,0.0,0.0,0.25,0.1
6536,15,0.6,0.7999999999999999,0.7227265726449518,0.2,0.6,0.5,0.6181818181818183,0.6117952373568121,0.3333333333333333,0.5
6750,2,0.0,0.0,0.0,0.0,0.0,0.0,0.0,0.0,0.0,0.0
20477,1,0.0,0.0,0.0,0.0,0.0,0.0,0.0,0.0,0.0,0.0
8459,3,0.0,0.0,0.0,0.0,0.0,0.0,0.0,0.0,0.0,0.0
22000,6,0.0,0.0,0.0,0.0,0.0,0.16666666666666666,0.1111111111111111,0.10778915452451095,0.16666666666666666,0.1
13503,2,0.0,0.0,0.0,0.0,0.0,0.0,0.0,0.0,0.0,0.0
6131,1,0.0,0.0,0.0,0.0,0.0,0.0,0.0,0.0,0.0,0.0
8596,8,0.6,0.7333333333333334,0.6992148198508501,0.375,0.6,0.625,0.6538461538461537,0.6913628197251253,0.625,0.5
4179,3,0.0,0.0,0.0,0.0,0.0,0.6666666666666666,0.0,0.0,0.6666666666666666,0.2
18641,5,0.2,0.06666666666666665,0.13120507751234176,0.2,0.2,0.4,0.15,0.13120507751234176,0.4,0.2
2711,6,0.0,0.0,0.0,0.0,0.0,0.0,0.0,0.0,0.0,0.0
18245,3,0.0,0.0,0.0,0.0,0.0,0.0,0.0,0.0,0.0,0.0
1286,6,0.0,0.0,0.0,0.0,0.0,0.0,0.0,0.0,0.0,0.0
10673,2,1.0,0.5555555555555556,0.6131471927654584,1.0,0.4,1.0,0.5263157894736842,0.6131471927654584,1.0,0.2
18120,1,0.0,0.0,0.0,0.0,0.0,0.0,0.0,0.0,0.0,0.0
7565,2,0.0,0.0,0.0,0.0,0.0,0.0,0.0,0.0,0.0,0.0
22400,3,0.0,0.0,0.0,0.0,0.0,0.0,0.0,0.0,0.0,0.0
5316,1,0.0,0.0,0.0,0.0,0.0,0.0,0.0,0.0,0.0,0.0
8621,6,0.2,0.3333333333333333,0.33916020527361607,0.16666666666666666,0.2,0.16666666666666666,0.2222222222222222,0.30260241349881345,0.16666666666666666,0.1
4702,9,0.4,0.6,0.5531464700081437,0.2222222222222222,0.4,0.2222222222222222,0.3518518518518518,0.38334277998463445,0.2222222222222222,0.2
15353,3,1.0,1.0,1.0,1.0,0.6,1.0,1.0,1.0,1.0,0.3
6848,8,0.2,0.3333333333333333,0.33916020527361607,0.125,0.2,0.125,0.1923076923076923,0.2529427027676571,0.125,0.1
7879,6,0.2,0.13333333333333333,0.14606834984270645,0.16666666666666666,0.2,0.16666666666666666,0.15555555555555556,0.13032376591037065,0.16666666666666666,0.1
9877,3,0.0,0.0,0.0,0.0,0.0,0.0,0.0,0.0,0.0,0.0
3964,20,0.4,0.3333333333333333,0.34519134224686926,0.1,0.4,0.4,0.36363636363636365,0.35969100690634176,0.2,0.4
16954,4,0.0,0.0,0.0,0.0,0.0,0.0,0.0,0.0,0.0,0.0
8165,12,0.2,0.3333333333333333,0.33916020527361607,0.08333333333333333,0.2,0.1,0.18181818181818182,0.22009176629808014,0.08333333333333333,0.1
4716,2,0.5,0.5555555555555556,0.6131471927654584,0.5,0.2,0.5,0.5263157894736842,0.6131471927654584,0.5,0.1
2048,1,0.0,0.0,0.0,0.0,0.0,1.0,0.0,0.0,1.0,0.1
14144,14,0.2,0.26666666666666666,0.2139862647345275,0.07142857142857142,0.2,0.1,0.16363636363636364,0.1388624438735545,0.07142857142857142,0.1
8291,21,0.4,0.4666666666666666,0.38356636737133554,0.09523809523809523,0.4,0.4,0.43636363636363645,0.3917034710587319,0.19047619047619047,0.4
21736,1,0.0,0.0,0.0,0.0,0.0,0.0,0.0,0.0,0.0,0.0
13938,10,0.0,0.0,0.0,0.0,0.0,0.2,0.16363636363636364,0.1517621910780354,0.2,0.2
16815,12,0.8,0.8000000000000002,0.8304198973631919,0.3333333333333333,0.8,0.5,0.6727272727272727,0.6172839611614818,0.4166666666666667,0.5
6320,3,0.0,0.0,0.0,0.0,0.0,0.0,0.0,0.0,0.0,0.0
13281,12,0.4,0.39999999999999997,0.4703652827859578,0.16666666666666666,0.4,0.2,0.29090909090909095,0.3052348839397011,0.16666666666666666,0.2
4640,1,1.0,0.0,0.0,1.0,0.2,1.0,0.0,0.0,1.0,0.1111111111111111
19536,2,0.5,0.5555555555555556,0.6131471927654584,0.5,0.2,1.0,0.5263157894736842,0.6131471927654584,1.0,0.2
14146,5,0.2,0.3333333333333333,0.33916020527361607,0.2,0.2,0.2,0.25,0.33916020527361607,0.2,0.1
646,8,0.2,0.3333333333333333,0.33916020527361607,0.125,0.2,0.375,0.1923076923076923,0.2529427027676571,0.375,0.3
14664,6,0.0,0.0,0.0,0.0,0.0,0.0,0.0,0.0,0.0,0.0
17860,4,0.0,0.0,0.0,0.0,0.0,0.0,0.0,0.0,0.0,0.0
4626,3,0.0,0.0,0.0,0.0,0.0,0.0,0.0,0.0,0.0,0.0
19064,13,0.0,0.0,0.0,0.0,0.0,0.0,0.0,0.0,0.0,0.0
2811,1,0.0,0.0,0.0,0.0,0.0,0.0,0.0,0.0,0.0,0.0
7364,4,0.0,0.0,0.0,0.0,0.0,0.0,0.0,0.0,0.0,0.0
21093,9,0.2,0.06666666666666665,0.13120507751234176,0.1111111111111111,0.2,0.2222222222222222,0.18518518518518517,0.16927654709047393,0.2222222222222222,0.2
15071,3,0.0,0.0,0.0,0.0,0.0,0.0,0.0,0.0,0.0,0.0
11983,1,0.0,0.0,0.0,0.0,0.0,1.0,0.0,0.0,1.0,0.1
21245,1,0.0,0.0,0.0,0.0,0.0,0.0,0.0,0.0,0.0,0.0
5372,22,0.2,0.3333333333333333,0.33916020527361607,0.045454545454545456,0.2,0.2,0.2545454545454545,0.29345568839744024,0.09090909090909091,0.2
17592,2,0.0,0.0,0.0,0.0,0.0,0.0,0.0,0.0,0.0,0.0
4656,12,0.4,0.3333333333333333,0.31564845247951445,0.16666666666666666,0.4,0.2,0.2727272727272727,0.20483424751859083,0.16666666666666666,0.2
6090,1,0.0,0.0,0.0,0.0,0.0,1.0,0.0,0.0,1.0,0.1
6899,4,0.25,0.28571428571428575,0.2463023887407299,0.25,0.2,0.25,0.2647058823529412,0.2463023887407299,0.25,0.1
10305,11,0.2,0.3333333333333333,0.33916020527361607,0.09090909090909091,0.2,0.1,0.18181818181818182,0.22009176629808014,0.09090909090909091,0.1
7080,6,0.0,0.0,0.0,0.0,0.0,0.3333333333333333,0.0,0.0,0.3333333333333333,0.2
2073,4,0.0,0.0,0.0,0.0,0.0,0.0,0.0,0.0,0.0,0.0
19537,3,0.3333333333333333,0.25,0.23463936301137822,0.3333333333333333,0.2,0.3333333333333333,0.2962962962962963,0.23463936301137822,0.3333333333333333,0.1
6515,5,0.0,0.0,0.0,0.0,0.0,0.0,0.0,0.0,0.0,0.0
22263,2,0.5,0.0,0.0,0.5,0.2,0.5,0.0,0.0,0.5,0.125
5021,13,0.2,0.06666666666666665,0.13120507751234176,0.07692307692307693,0.2,0.2,0.14545454545454545,0.15139734109601,0.15384615384615385,0.2
15640,18,0.4,0.6,0.5531464700081437,0.1111111111111111,0.4,0.4,0.45454545454545453,0.49857235572538383,0.2222222222222222,0.4
14449,1,1.0,1.0,1.0,1.0,0.2,1.0,1.0,1.0,1.0,0.1
6042,7,0.0,0.0,0.0,0.0,0.0,0.14285714285714285,0.0,0.0,0.14285714285714285,0.1
12042,13,0.4,0.3333333333333333,0.34519134224686926,0.15384615384615385,0.4,0.3,0.29090909090909095,0.28762634971412715,0.23076923076923078,0.3
10166,2,0.0,0.0,0.0,0.0,0.0,0.0,0.0,0.0,0.0,0.0
20382,1,0.0,0.0,0.0,0.0,0.0,0.0,0.0,0.0,0.0,0.0
20068,5,0.0,0.0,0.0,0.0,0.0,0.0,0.0,0.0,0.0,0.0
16089,6,0.0,0.0,0.0,0.0,0.0,0.0,0.0,0.0,0.0,0.0
7754,49,0.2,0.3333333333333333,0.33916020527361607,0.02040816326530612,0.2,0.3,0.34545454545454546,0.37185395737611554,0.061224489795918366,0.3
13988,11,0.0,0.0,0.0,0.0,0.0,0.1,0.018181818181818177,0.0636207881989517,0.09090909090909091,0.1
6120,18,0.4,0.6,0.5531464700081437,0.1111111111111111,0.4,0.2,0.34545454545454546,0.3589542101716347,0.1111111111111111,0.2
10502,14,0.2,0.13333333333333333,0.14606834984270645,0.07142857142857142,0.2,0.1,0.12727272727272726,0.09478836436955078,0.07142857142857142,0.1
11992,18,0.4,0.6,0.5531464700081437,0.1111111111111111,0.4,0.3,0.41818181818181815,0.43231813227099475,0.16666666666666666,0.3
15495,5,0.2,0.26666666666666666,0.2139862647345275,0.2,0.2,0.4,0.225,0.2139862647345275,0.4,0.25
12178,14,0.4,0.26666666666666666,0.3007851801491498,0.14285714285714285,0.4,0.4,0.3818181818181818,0.33798414482679834,0.2857142857142857,0.4
5170,2,0.0,0.0,0.0,0.0,0.0,0.0,0.0,0.0,0.0,0.0
6837,1,0.0,0.0,0.0,0.0,0.0,0.0,0.0,0.0,0.0,0.0
6636,4,0.0,0.0,0.0,0.0,0.0,0.0,0.0,0.0,0.0,0.0
5431,9,0.0,0.0,0.0,0.0,0.0,0.0,0.0,0.0,0.0,0.0
15923,4,0.0,0.0,0.0,0.0,0.0,0.25,0.0,0.0,0.25,0.1
10770,16,0.6,0.7999999999999999,0.7227265726449518,0.1875,0.6,0.5,0.6000000000000001,0.6110191504983018,0.3125,0.5
20083,1,0.0,0.0,0.0,0.0,0.0,0.0,0.0,0.0,0.0,0.0
17362,14,0.0,0.0,0.0,0.0,0.0,0.0,0.0,0.0,0.0,0.0
4397,13,0.0,0.0,0.0,0.0,0.0,0.0,0.0,0.0,0.0,0.0
6693,2,0.0,0.0,0.0,0.0,0.0,0.5,0.0,0.0,0.5,0.1
465,5,0.2,0.19999999999999998,0.16958010263680803,0.2,0.2,0.2,0.2,0.16958010263680803,0.2,0.1
11467,13,0.0,0.0,0.0,0.0,0.0,0.0,0.0,0.0,0.0,0.0
18189,3,0.0,0.0,0.0,0.0,0.0,0.0,0.0,0.0,0.0,0.0
12225,35,0.8,0.8000000000000002,0.8304198973631919,0.11428571428571428,0.8,0.8,0.8363636363636363,0.8263333286520081,0.22857142857142856,0.8
5966,15,0.0,0.0,0.0,0.0,0.0,0.2,0.054545454545454536,0.12987501165334073,0.13333333333333333,0.2
7832,1,0.0,0.0,0.0,0.0,0.0,0.0,0.0,0.0,0.0,0.0
16553,18,0.0,0.0,0.0,0.0,0.0,0.2,0.07272727272727274,0.13305201013572895,0.1111111111111111,0.2
7827,6,0.2,0.06666666666666665,0.13120507751234176,0.16666666666666666,0.2,0.16666666666666666,0.13333333333333333,0.11706259313796352,0.16666666666666666,0.1
5419,1,1.0,1.0,1.0,1.0,0.2,1.0,1.0,1.0,1.0,0.1
488,1,0.0,0.0,0.0,0.0,0.0,0.0,0.0,0.0,0.0,0.0
18506,2,0.0,0.0,0.0,0.0,0.0,0.0,0.0,0.0,0.0,0.0
17142,8,0.2,0.13333333333333333,0.14606834984270645,0.125,0.2,0.25,0.1346153846153846,0.1089364926177559,0.25,0.2
1027,31,0.8,0.8000000000000002,0.8304198973631919,0.12903225806451613,0.8,0.7,0.7454545454545454,0.7479350596733328,0.22580645161290322,0.7
9243,3,0.0,0.0,0.0,0.0,0.0,0.0,0.0,0.0,0.0,0.0
2052,1,0.0,0.0,0.0,0.0,0.0,0.0,0.0,0.0,0.0,0.0
13209,1,0.0,0.0,0.0,0.0,0.0,0.0,0.0,0.0,0.0,0.0
1626,1,1.0,0.0,0.0,1.0,0.2,1.0,0.0,0.0,1.0,0.1111111111111111
21923,10,0.2,0.3333333333333333,0.33916020527361607,0.1,0.2,0.3,0.32727272727272727,0.36792125721353275,0.3,0.3
2425,6,0.0,0.0,0.0,0.0,0.0,0.0,0.0,0.0,0.0,0.0
15381,1,0.0,0.0,0.0,0.0,0.0,0.0,0.0,0.0,0.0,0.0
13026,9,0.2,0.3333333333333333,0.33916020527361607,0.1111111111111111,0.2,0.2222222222222222,0.2222222222222222,0.30580131013556594,0.2222222222222222,0.2
7479,14,0.2,0.06666666666666665,0.13120507751234176,0.07142857142857142,0.2,0.4,0.29090909090909095,0.30052609691860804,0.2857142857142857,0.4
18112,5,0.4,0.3333333333333333,0.34519134224686926,0.4,0.4,0.4,0.375,0.34519134224686926,0.4,0.2
19907,1,0.0,0.0,0.0,0.0,0.0,0.0,0.0,0.0,0.0,0.0
3357,1,0.0,0.0,0.0,0.0,0.0,0.0,0.0,0.0,0.0,0.0
20961,15,0.0,0.0,0.0,0.0,0.0,0.0,0.0,0.0,0.0,0.0
18416,6,0.0,0.0,0.0,0.0,0.0,0.0,0.0,0.0,0.0,0.0
11599,20,0.2,0.19999999999999998,0.16958010263680803,0.05,0.2,0.1,0.14545454545454548,0.11004588314904007,0.05,0.1
5665,4,0.25,0.35714285714285715,0.39038004999210163,0.25,0.2,0.25,0.2941176470588235,0.39038004999210163,0.25,0.1
21631,1,0.0,0.0,0.0,0.0,0.0,0.0,0.0,0.0,0.0,0.0
12863,1,0.0,0.0,0.0,0.0,0.0,0.0,0.0,0.0,0.0,0.0
9628,1,0.0,0.0,0.0,0.0,0.0,0.0,0.0,0.0,0.0,0.0
2553,2,0.0,0.0,0.0,0.0,0.0,0.0,0.0,0.0,0.0,0.0
8465,32,0.6,0.6666666666666666,0.6843515475204854,0.09375,0.6,0.6,0.6181818181818183,0.653146695303782,0.1875,0.6
18733,1,0.0,0.0,0.0,0.0,0.0,0.0,0.0,0.0,0.0,0.0
6433,5,0.0,0.0,0.0,0.0,0.0,0.2,0.0,0.0,0.2,0.1
7101,10,0.2,0.06666666666666665,0.13120507751234176,0.1,0.2,0.1,0.10909090909090909,0.08514311764162097,0.1,0.1
13429,1,0.0,0.0,0.0,0.0,0.0,0.0,0.0,0.0,0.0,0.0
69,1,0.0,0.0,0.0,0.0,0.0,1.0,0.0,0.0,1.0,0.1
19839,2,0.0,0.0,0.0,0.0,0.0,0.0,0.0,0.0,0.0,0.0
14936,16,0.4,0.19999999999999998,0.2772734273550482,0.125,0.4,0.6,0.4545454545454545,0.4615686847425478,0.375,0.6
14524,2,0.0,0.0,0.0,0.0,0.0,0.0,0.0,0.0,0.0,0.0
6477,5,0.0,0.0,0.0,0.0,0.0,0.0,0.0,0.0,0.0,0.0
1750,1,1.0,0.0,0.0,1.0,0.2,1.0,0.0,0.0,1.0,0.1
5761,4,0.25,0.2142857142857143,0.19519002499605081,0.25,0.2,0.25,0.23529411764705882,0.19519002499605081,0.25,0.1
17232,3,0.0,0.0,0.0,0.0,0.0,0.0,0.0,0.0,0.0,0.0
18030,4,0.0,0.0,0.0,0.0,0.0,0.0,0.0,0.0,0.0,0.0
9137,1,0.0,0.0,0.0,0.0,0.0,0.0,0.0,0.0,0.0,0.0
6475,6,0.2,0.26666666666666666,0.2139862647345275,0.16666666666666666,0.2,0.3333333333333333,0.3111111111111111,0.29871002070344554,0.3333333333333333,0.2
9371,33,0.2,0.13333333333333333,0.14606834984270645,0.030303030303030304,0.2,0.2,0.2,0.16815228646891084,0.06060606060606061,0.2
7473,10,0.0,0.0,0.0,0.0,0.0,0.1,0.05454545454545456,0.06943122193677725,0.1,0.1
20590,11,0.8,0.8666666666666666,0.8539316501572936,0.36363636363636365,0.8,0.7,0.8,0.7721596254947202,0.6363636363636364,0.7
11426,5,0.2,0.3333333333333333,0.33916020527361607,0.2,0.2,0.2,0.25,0.33916020527361607,0.2,0.1
7657,6,0.0,0.0,0.0,0.0,0.0,0.0,0.0,0.0,0.0,0.0
6227,1,0.0,0.0,0.0,0.0,0.0,0.0,0.0,0.0,0.0,0.0
20179,5,0.6,0.7333333333333334,0.6992148198508501,0.6,0.6,1.0,0.6499999999999999,0.6992148198508501,1.0,0.5
16535,4,0.5,0.35714285714285715,0.36331756126716824,0.5,0.4,0.5,0.4411764705882352,0.36331756126716824,0.5,0.2
10929,19,0.0,0.0,0.0,0.0,0.0,0.3,0.12727272727272726,0.2032389337527008,0.15789473684210525,0.3
4226,1,0.0,0.0,0.0,0.0,0.0,0.0,0.0,0.0,0.0,0.0
3159,5,0.0,0.0,0.0,0.0,0.0,0.0,0.0,0.0,0.0,0.0
71,2,0.0,0.0,0.0,0.0,0.0,0.0,0.0,0.0,0.0,0.0
11333,23,0.2,0.3333333333333333,0.33916020527361607,0.043478260869565216,0.2,0.4,0.29090909090909095,0.4193979998881981,0.17391304347826086,0.4
1269,2,0.5,0.0,0.0,0.5,0.2,0.5,0.0,0.0,0.5,0.1111111111111111
20699,19,0.2,0.26666666666666666,0.2139862647345275,0.05263157894736842,0.2,0.2,0.2545454545454545,0.21726071285222984,0.10526315789473684,0.2
12818,2,0.0,0.0,0.0,0.0,0.0,0.0,0.0,0.0,0.0,0.0
3911,23,0.6,0.7333333333333334,0.6992148198508501,0.13043478260869565,0.6,0.4,0.5272727272727272,0.5231737964779627,0.17391304347826086,0.4
16133,22,0.6,0.6,0.6399453854227659,0.13636363636363635,0.6,0.4,0.5272727272727272,0.4936790360674165,0.18181818181818182,0.4
737,1,0.0,0.0,0.0,0.0,0.0,0.0,0.0,0.0,0.0,0.0
19412,8,0.2,0.3333333333333333,0.33916020527361607,0.125,0.2,0.125,0.1923076923076923,0.2529427027676571,0.125,0.1
10646,10,0.4,0.6,0.5531464700081437,0.2,0.4,0.4,0.45454545454545453,0.5009732673492616,0.4,0.4
21745,13,0.4,0.3333333333333333,0.34519134224686926,0.15384615384615385,0.4,0.5,0.38181818181818183,0.42331179510529343,0.38461538461538464,0.5
20289,2,0.0,0.0,0.0,0.0,0.0,0.0,0.0,0.0,0.0,0.0
9576,1,0.0,0.0,0.0,0.0,0.0,0.0,0.0,0.0,0.0,0.0
18895,29,1.0,1.0,1.0,0.1724137931034483,1.0,0.7,0.890909090909091,0.800693766409882,0.2413793103448276,0.7
1010,3,0.0,0.0,0.0,0.0,0.0,0.6666666666666666,0.0,0.0,0.6666666666666666,0.2
10920,3,0.0,0.0,0.0,0.0,0.0,0.0,0.0,0.0,0.0,0.0
13908,1,0.0,0.0,0.0,0.0,0.0,0.0,0.0,0.0,0.0,0.0
12277,1,0.0,0.0,0.0,0.0,0.0,0.0,0.0,0.0,0.0,0.0
6871,1,0.0,0.0,0.0,0.0,0.0,0.0,0.0,0.0,0.0,0.0
18241,8,0.2,0.3333333333333333,0.33916020527361607,0.125,0.2,0.125,0.1923076923076923,0.2529427027676571,0.125,0.1
13925,2,0.5,0.0,0.0,0.5,0.2,0.5,0.0,0.0,0.5,0.1
20240,15,0.0,0.0,0.0,0.0,0.0,0.1,0.07272727272727274,0.07336392209936006,0.06666666666666667,0.1
13545,11,0.2,0.3333333333333333,0.33916020527361607,0.09090909090909091,0.2,0.1,0.18181818181818182,0.22009176629808014,0.09090909090909091,0.1
2317,4,0.0,0.0,0.0,0.0,0.0,0.0,0.0,0.0,0.0,0.0
19760,5,0.0,0.0,0.0,0.0,0.0,0.0,0.0,0.0,0.0,0.0
8062,14,0.0,0.0,0.0,0.0,0.0,0.0,0.0,0.0,0.0,0.0
538,1,0.0,0.0,0.0,0.0,0.0,0.0,0.0,0.0,0.0,0.0
11058,1,1.0,0.0,0.0,1.0,0.2,1.0,0.0,0.0,1.0,0.1
14161,5,0.2,0.26666666666666666,0.2139862647345275,0.2,0.2,0.2,0.225,0.2139862647345275,0.2,0.1
13125,12,0.0,0.0,0.0,0.0,0.0,0.0,0.0,0.0,0.0,0.0
20278,6,0.2,0.3333333333333333,0.33916020527361607,0.16666666666666666,0.2,0.16666666666666666,0.2222222222222222,0.30260241349881345,0.16666666666666666,0.1
11400,7,0.0,0.0,0.0,0.0,0.0,0.14285714285714285,0.0,0.0,0.14285714285714285,0.1
7785,1,0.0,0.0,0.0,0.0,0.0,0.0,0.0,0.0,0.0,0.0
18315,7,0.2,0.26666666666666666,0.2139862647345275,0.14285714285714285,0.2,0.14285714285714285,0.18367346938775508,0.17342765698823942,0.14285714285714285,0.1
12754,15,0.2,0.06666666666666665,0.13120507751234176,0.06666666666666667,0.2,0.1,0.10909090909090909,0.08514311764162097,0.06666666666666667,0.1
12489,7,0.6,0.6,0.6399453854227659,0.42857142857142855,0.6,0.7142857142857143,0.5918367346938775,0.6165641057516339,0.7142857142857143,0.5
18417,1,0.0,0.0,0.0,0.0,0.0,0.0,0.0,0.0,0.0,0.0
5853,1,0.0,0.0,0.0,0.0,0.0,0.0,0.0,0.0,0.0,0.0
19102,18,0.4,0.6,0.5531464700081437,0.1111111111111111,0.4,0.2,0.34545454545454546,0.3589542101716347,0.1111111111111111,0.2
14275,2,0.0,0.0,0.0,0.0,0.0,0.0,0.0,0.0,0.0,0.0
20580,5,0.0,0.0,0.0,0.0,0.0,0.2,0.0,0.0,0.2,0.1
21588,6,0.4,0.26666666666666666,0.3007851801491498,0.3333333333333333,0.4,0.3333333333333333,0.3111111111111111,0.26836379988737025,0.3333333333333333,0.2
862,5,0.4,0.19999999999999998,0.2772734273550482,0.4,0.4,0.6,0.32499999999999996,0.2772734273550482,0.6,0.3
14384,7,0.2,0.26666666666666666,0.2139862647345275,0.14285714285714285,0.2,0.14285714285714285,0.18367346938775508,0.17342765698823942,0.14285714285714285,0.1
2903,20,0.0,0.0,0.0,0.0,0.0,0.0,0.0,0.0,0.0,0.0
11414,7,0.2,0.3333333333333333,0.33916020527361607,0.14285714285714285,0.2,0.2857142857142857,0.2040816326530612,0.27487633291429087,0.2857142857142857,0.2
8819,2,0.5,0.0,0.0,0.5,0.2,0.5,0.0,0.0,0.5,0.1
8689,1,0.0,0.0,0.0,0.0,0.0,0.0,0.0,0.0,0.0,0.0
8248,20,0.2,0.3333333333333333,0.33916020527361607,0.05,0.2,0.2,0.2,0.2837125544970318,0.1,0.2
12137,2,0.0,0.0,0.0,0.0,0.0,0.0,0.0,0.0,0.0,0.0
15945,9,0.0,0.0,0.0,0.0,0.0,0.0,0.0,0.0,0.0,0.0
19173,1,0.0,0.0,0.0,0.0,0.0,0.0,0.0,0.0,0.0,0.0
14904,2,0.0,0.0,0.0,0.0,0.0,0.0,0.0,0.0,0.0,0.0
8699,3,0.3333333333333333,0.25,0.23463936301137822,0.3333333333333333,0.2,0.3333333333333333,0.2962962962962963,0.23463936301137822,0.3333333333333333,0.1
18758,2,0.0,0.0,0.0,0.0,0.0,0.0,0.0,0.0,0.0,0.0
18052,3,0.6666666666666666,0.75,0.7653606369886217,0.6666666666666666,0.4,0.6666666666666666,0.7037037037037036,0.7653606369886217,0.6666666666666666,0.2
16336,2,0.0,0.0,0.0,0.0,0.0,0.0,0.0,0.0,0.0,0.0
4318,1,1.0,0.0,0.0,1.0,0.2,1.0,0.0,0.0,1.0,0.1
3281,8,0.2,0.06666666666666665,0.13120507751234176,0.125,0.2,0.25,0.21153846153846154,0.1879516032875281,0.25,0.2
15515,3,0.0,0.0,0.0,0.0,0.0,0.0,0.0,0.0,0.0,0.0
18319,3,0.3333333333333333,0.4166666666666667,0.46927872602275644,0.3333333333333333,0.2,0.6666666666666666,0.37037037037037035,0.46927872602275644,0.6666666666666666,0.2
5879,31,1.0,1.0,1.0,0.16129032258064516,1.0,1.0,1.0,1.0,0.3225806451612903,1.0
7560,4,0.0,0.0,0.0,0.0,0.0,0.0,0.0,0.0,0.0,0.0
5721,11,0.2,0.3333333333333333,0.33916020527361607,0.09090909090909091,0.2,0.2,0.23636363636363636,0.2895229882348574,0.18181818181818182,0.2
8121,6,0.0,0.0,0.0,0.0,0.0,0.5,0.1111111111111111,0.10778915452451095,0.5,0.3
5355,8,0.4,0.39999999999999997,0.4703652827859578,0.25,0.4,0.375,0.3076923076923077,0.35079429740281753,0.375,0.3
3996,3,0.0,0.0,0.0,0.0,0.0,0.3333333333333333,0.0,0.0,0.3333333333333333,0.1
15556,11,0.0,0.0,0.0,0.0,0.0,0.0,0.0,0.0,0.0,0.0
17528,2,0.0,0.0,0.0,0.0,0.0,0.0,0.0,0.0,0.0,0.0
19627,8,0.2,0.06666666666666665,0.13120507751234176,0.125,0.2,0.125,0.11538461538461538,0.09785159463516041,0.125,0.1
8923,19,0.6,0.5333333333333333,0.6164336326286642,0.15789473684210525,0.6,0.4,0.509090909090909,0.4784215172879272,0.21052631578947367,0.4
9661,9,0.2,0.13333333333333333,0.14606834984270645,0.1111111111111111,0.2,0.4444444444444444,0.25925925925925924,0.2557092829325742,0.4444444444444444,0.4
6810,2,0.0,0.0,0.0,0.0,0.0,0.5,0.0,0.0,0.5,0.1
4217,6,0.0,0.0,0.0,0.0,0.0,0.16666666666666666,0.0,0.0,0.16666666666666666,0.1
15417,16,0.4,0.3333333333333333,0.31564845247951445,0.125,0.4,0.2,0.2727272727272727,0.20483424751859083,0.125,0.2
20666,8,0.0,0.0,0.0,0.0,0.0,0.0,0.0,0.0,0.0,0.0
17536,13,0.0,0.0,0.0,0.0,0.0,0.0,0.0,0.0,0.0,0.0
6818,13,0.4,0.39999999999999997,0.4703652827859578,0.15384615384615385,0.4,0.2,0.29090909090909095,0.3052348839397011,0.15384615384615385,0.2
12696,2,0.0,0.0,0.0,0.0,0.0,0.0,0.0,0.0,0.0,0.0
20895,3,0.3333333333333333,0.25,0.23463936301137822,0.3333333333333333,0.2,0.6666666666666666,0.2962962962962963,0.23463936301137822,0.6666666666666666,0.2
21451,1,0.0,0.0,0.0,0.0,0.0,0.0,0.0,0.0,0.0,0.0
12947,2,0.0,0.0,0.0,0.0,0.0,0.0,0.0,0.0,0.0,0.0
9997,7,0.8,0.9333333333333332,0.8687949224876582,0.5714285714285714,0.8,0.7142857142857143,0.6938775510204082,0.7041249493150387,0.7142857142857143,0.5
4744,2,0.0,0.0,0.0,0.0,0.0,0.0,0.0,0.0,0.0,0.0
6206,15,0.4,0.19999999999999998,0.2772734273550482,0.13333333333333333,0.4,0.3,0.2909090909090909,0.24936270394794896,0.2,0.3
20846,5,0.0,0.0,0.0,0.0,0.0,0.0,0.0,0.0,0.0,0.0
16311,1,1.0,1.0,1.0,1.0,0.2,1.0,1.0,1.0,1.0,0.1
13526,2,0.0,0.0,0.0,0.0,0.0,0.0,0.0,0.0,0.0,0.0
20338,2,0.0,0.0,0.0,0.0,0.0,0.0,0.0,0.0,0.0,0.0
10193,3,0.3333333333333333,0.0,0.0,0.3333333333333333,0.2,0.3333333333333333,0.0,0.0,0.3333333333333333,0.1
13257,10,0.6,0.39999999999999997,0.4468535299918562,0.3,0.6,0.3,0.38181818181818183,0.28997736516021183,0.3,0.3
13806,5,0.0,0.0,0.0,0.0,0.0,0.2,0.0,0.0,0.2,0.1
17979,5,0.0,0.0,0.0,0.0,0.0,0.0,0.0,0.0,0.0,0.0
18486,11,0.4,0.3333333333333333,0.31564845247951445,0.18181818181818182,0.4,0.3,0.34545454545454546,0.2781981696179509,0.2727272727272727,0.3
3892,7,0.0,0.0,0.0,0.0,0.0,0.0,0.0,0.0,0.0,0.0
14083,2,0.0,0.0,0.0,0.0,0.0,0.0,0.0,0.0,0.0,0.0
8561,7,0.0,0.0,0.0,0.0,0.0,0.0,0.0,0.0,0.0,0.0
11034,4,0.0,0.0,0.0,0.0,0.0,0.5,0.0,0.0,0.5,0.2
21657,4,0.0,0.0,0.0,0.0,0.0,0.0,0.0,0.0,0.0,0.0
20762,1,0.0,0.0,0.0,0.0,0.0,0.0,0.0,0.0,0.0,0.0
10680,11,0.2,0.3333333333333333,0.33916020527361607,0.09090909090909091,0.2,0.3,0.3090909090909091,0.36288691033421744,0.2727272727272727,0.3
20900,5,0.0,0.0,0.0,0.0,0.0,0.2,0.0,0.0,0.2,0.1
7002,5,0.0,0.0,0.0,0.0,0.0,0.0,0.0,0.0,0.0,0.0
12745,11,0.0,0.0,0.0,0.0,0.0,0.2,0.09090909090909091,0.13568544539116628,0.18181818181818182,0.2
17326,6,0.4,0.4666666666666666,0.48522855511632257,0.3333333333333333,0.4,0.3333333333333333,0.37777777777777777,0.4329261794091841,0.3333333333333333,0.2
6067,2,0.0,0.0,0.0,0.0,0.0,0.0,0.0,0.0,0.0,0.0
17030,8,0.0,0.0,0.0,0.0,0.0,0.0,0.0,0.0,0.0,0.0
11942,3,0.3333333333333333,0.33333333333333337,0.29608191096586517,0.3333333333333333,0.2,0.6666666666666666,0.3333333333333333,0.29608191096586517,0.6666666666666666,0.3333333333333333
38,13,0.0,0.0,0.0,0.0,0.0,0.1,0.018181818181818177,0.0636207881989517,0.07692307692307693,0.1
7169,20,0.0,0.0,0.0,0.0,0.0,0.0,0.0,0.0,0.0,0.0
10051,1,0.0,0.0,0.0,0.0,0.0,0.0,0.0,0.0,0.0,0.0
10185,1,0.0,0.0,0.0,0.0,0.0,0.0,0.0,0.0,0.0,0.0
10106,6,0.2,0.06666666666666665,0.13120507751234176,0.16666666666666666,0.2,0.16666666666666666,0.13333333333333333,0.11706259313796352,0.16666666666666666,0.1
18065,4,0.0,0.0,0.0,0.0,0.0,0.0,0.0,0.0,0.0,0.0
6543,4,0.0,0.0,0.0,0.0,0.0,0.0,0.0,0.0,0.0,0.0
14551,15,0.2,0.13333333333333333,0.14606834984270645,0.06666666666666667,0.2,0.3,0.2,0.22784037450527972,0.2,0.3
15337,29,0.2,0.3333333333333333,0.33916020527361607,0.034482758620689655,0.2,0.4,0.4,0.44128517931289274,0.13793103448275862,0.4
18873,7,0.4,0.5333333333333333,0.5087403079104241,0.2857142857142857,0.4,0.42857142857142855,0.4489795918367347,0.5039399436761999,0.42857142857142855,0.3
21213,9,0.0,0.0,0.0,0.0,0.0,0.1111111111111111,0.0,0.0,0.1111111111111111,0.1
8681,2,0.0,0.0,0.0,0.0,0.0,0.0,0.0,0.0,0.0,0.0
17568,27,0.4,0.5333333333333333,0.5087403079104241,0.07407407407407407,0.4,0.3,0.36363636363636365,0.39639187290150923,0.1111111111111111,0.3
506,3,0.6666666666666666,0.0,0.0,0.6666666666666666,0.4,0.6666666666666666,0.0,0.0,0.6666666666666666,0.2
19606,13,0.4,0.19999999999999998,0.2772734273550482,0.15384615384615385,0.4,0.4,0.3636363636363636,0.3245839744442361,0.3076923076923077,0.4
16874,2,0.0,0.0,0.0,0.0,0.0,0.0,0.0,0.0,0.0,0.0
1655,1,0.0,0.0,0.0,0.0,0.0,0.0,0.0,0.0,0.0,0.0
11478,5,0.0,0.0,0.0,0.0,0.0,0.2,0.0,0.0,0.2,0.1
15279,13,0.0,0.0,0.0,0.0,0.0,0.0,0.0,0.0,0.0,0.0
2798,1,0.0,0.0,0.0,0.0,0.0,0.0,0.0,0.0,0.0,0.0
19085,1,0.0,0.0,0.0,0.0,0.0,0.0,0.0,0.0,0.0,0.0
14379,2,0.0,0.0,0.0,0.0,0.0,0.0,0.0,0.0,0.0,0.0
19718,6,0.4,0.5333333333333333,0.5087403079104241,0.3333333333333333,0.4,0.3333333333333333,0.4,0.4539036202482201,0.3333333333333333,0.2
18719,11,0.2,0.3333333333333333,0.33916020527361607,0.09090909090909091,0.2,0.4,0.36363636363636365,0.4354747455750672,0.36363636363636365,0.4
18765,11,0.2,0.26666666666666666,0.2139862647345275,0.09090909090909091,0.2,0.2,0.2,0.2051166673279435,0.18181818181818182,0.2
110,2,0.5,0.4444444444444445,0.3868528072345415,0.5,0.2,0.5,0.4736842105263158,0.3868528072345415,0.5,0.1
13404,1,0.0,0.0,0.0,0.0,0.0,0.0,0.0,0.0,0.0,0.0
12226,14,0.4,0.39999999999999997,0.4703652827859578,0.14285714285714285,0.4,0.2,0.29090909090909095,0.3052348839397011,0.14285714285714285,0.2
16295,4,0.0,0.0,0.0,0.0,0.0,0.0,0.0,0.0,0.0,0.0
10754,3,0.3333333333333333,0.4166666666666667,0.46927872602275644,0.3333333333333333,0.2,0.3333333333333333,0.37037037037037035,0.46927872602275644,0.3333333333333333,0.1
14409,3,0.0,0.0,0.0,0.0,0.0,0.0,0.0,0.0,0.0,0.0
18803,3,0.0,0.0,0.0,0.0,0.0,0.3333333333333333,0.0,0.0,0.3333333333333333,0.125
1900,23,0.2,0.3333333333333333,0.33916020527361607,0.043478260869565216,0.2,0.2,0.21818181818181817,0.28634598975246917,0.08695652173913043,0.2
11932,12,0.0,0.0,0.0,0.0,0.0,0.0,0.0,0.0,0.0,0.0
3235,1,0.0,0.0,0.0,0.0,0.0,0.0,0.0,0.0,0.0,0.0
13531,4,0.25,0.14285714285714288,0.16812753627111746,0.25,0.2,0.5,0.20588235294117643,0.16812753627111746,0.5,0.2
14689,5,0.2,0.06666666666666665,0.13120507751234176,0.2,0.2,0.2,0.15,0.13120507751234176,0.2,0.1
21754,1,0.0,0.0,0.0,0.0,0.0,0.0,0.0,0.0,0.0,0.0
10400,1,0.0,0.0,0.0,0.0,0.0,0.0,0.0,0.0,0.0,0.0
18996,4,0.0,0.0,0.0,0.0,0.0,0.0,0.0,0.0,0.0,0.0
12951,8,0.0,0.0,0.0,0.0,0.0,0.125,0.0,0.0,0.125,0.1
15139,3,0.0,0.0,0.0,0.0,0.0,0.0,0.0,0.0,0.0,0.0
3904,10,0.8,0.7333333333333334,0.7860137352654724,0.4,0.8,0.4,0.5636363636363636,0.510069131458292,0.4,0.4
15245,5,0.2,0.19999999999999998,0.16958010263680803,0.2,0.2,0.4,0.2,0.16958010263680803,0.4,0.2
12876,16,0.2,0.26666666666666666,0.2139862647345275,0.0625,0.2,0.1,0.16363636363636364,0.1388624438735545,0.0625,0.1
497,21,0.2,0.19999999999999998,0.16958010263680803,0.047619047619047616,0.2,0.2,0.18181818181818182,0.1763001066034291,0.09523809523809523,0.2
16483,21,0.8,0.9333333333333332,0.8687949224876582,0.19047619047619047,0.8,0.6,0.7272727272727273,0.7058075148678526,0.2857142857142857,0.6
18885,1,1.0,0.0,0.0,1.0,0.25,1.0,0.0,0.0,1.0,0.25
8232,1,0.0,0.0,0.0,0.0,0.0,0.0,0.0,0.0,0.0,0.0
12013,1,0.0,0.0,0.0,0.0,0.0,0.0,0.0,0.0,0.0,0.0
20568,1,0.0,0.0,0.0,0.0,0.0,0.0,0.0,0.0,0.0,0.0
11780,12,0.4,0.5333333333333333,0.5087403079104241,0.16666666666666666,0.4,0.3,0.4,0.40350157154648025,0.25,0.3
4837,16,0.2,0.13333333333333333,0.14606834984270645,0.0625,0.2,0.1,0.12727272727272726,0.09478836436955078,0.0625,0.1
2926,2,0.5,0.5555555555555556,0.6131471927654584,0.5,0.2,0.5,0.5263157894736842,0.6131471927654584,0.5,0.16666666666666666
482,3,0.3333333333333333,0.0,0.0,0.3333333333333333,0.2,0.3333333333333333,0.0,0.0,0.3333333333333333,0.1
6544,5,0.0,0.0,0.0,0.0,0.0,0.0,0.0,0.0,0.0,0.0
4761,3,0.0,0.0,0.0,0.0,0.0,0.0,0.0,0.0,0.0,0.0
15038,17,0.4,0.4000000000000001,0.3600546145772339,0.11764705882352941,0.4,0.2,0.29090909090909095,0.23365080824310527,0.11764705882352941,0.2
1714,5,0.0,0.0,0.0,0.0,0.0,0.0,0.0,0.0,0.0,0.0
7578,15,0.0,0.0,0.0,0.0,0.0,0.0,0.0,0.0,0.0,0.0
15116,15,0.4,0.4666666666666666,0.38356636737133554,0.13333333333333333,0.4,0.5,0.43636363636363634,0.4521472607752954,0.3333333333333333,0.5
3760,1,0.0,0.0,0.0,0.0,0.0,0.0,0.0,0.0,0.0,0.0
13624,23,0.0,0.0,0.0,0.0,0.0,0.1,0.018181818181818177,0.0636207881989517,0.043478260869565216,0.1
18989,1,0.0,0.0,0.0,0.0,0.0,0.0,0.0,0.0,0.0,0.0
5067,6,0.0,0.0,0.0,0.0,0.0,0.0,0.0,0.0,0.0,0.0
4123,30,0.4,0.5333333333333333,0.5087403079104241,0.06666666666666667,0.4,0.5,0.4727272727272727,0.5384109300791362,0.16666666666666666,0.5
16918,6,0.0,0.0,0.0,0.0,0.0,0.0,0.0,0.0,0.0,0.0
6059,6,0.4,0.6,0.5531464700081437,0.3333333333333333,0.4,0.5,0.4222222222222222,0.4935232796777481,0.5,0.3
10798,7,0.2,0.26666666666666666,0.2139862647345275,0.14285714285714285,0.2,0.2857142857142857,0.2857142857142857,0.27134058233820724,0.2857142857142857,0.2
17691,10,0.0,0.0,0.0,0.0,0.0,0.0,0.0,0.0,0.0,0.0
1236,8,0.8,0.6666666666666666,0.6608397947263838,0.5,0.8,0.625,0.6346153846153847,0.5726430543240894,0.625,0.5
18212,3,0.0,0.0,0.0,0.0,0.0,0.0,0.0,0.0,0.0,0.0
7905,14,0.8,0.9333333333333332,0.8687949224876582,0.2857142857142857,0.8,0.7,0.7818181818181817,0.7752387368046298,0.5,0.7
3393,5,0.0,0.0,0.0,0.0,0.0,0.4,0.0,0.0,0.4,0.2
18223,6,0.0,0.0,0.0,0.0,0.0,0.0,0.0,0.0,0.0,0.0
2338,11,0.2,0.13333333333333333,0.14606834984270645,0.09090909090909091,0.2,0.2,0.18181818181818182,0.16421958630632802,0.18181818181818182,0.2
10805,16,0.0,0.0,0.0,0.0,0.0,0.2,0.10909090909090909,0.14201905717762703,0.125,0.2
6345,6,0.4,0.26666666666666666,0.3007851801491498,0.3333333333333333,0.4,0.5,0.4222222222222222,0.3761529544118812,0.5,0.3
4894,7,0.0,0.0,0.0,0.0,0.0,0.0,0.0,0.0,0.0,0.0
4479,8,0.0,0.0,0.0,0.0,0.0,0.0,0.0,0.0,0.0,0.0
167,16,0.0,0.0,0.0,0.0,0.0,0.0,0.0,0.0,0.0,0.0
17127,3,0.3333333333333333,0.33333333333333337,0.29608191096586517,0.3333333333333333,0.2,0.6666666666666666,0.3333333333333333,0.29608191096586517,0.6666666666666666,0.2
12612,5,0.6,0.6,0.529634717214042,0.6,0.6,0.6,0.6000000000000001,0.529634717214042,0.6,0.3
11007,15,0.0,0.0,0.0,0.0,0.0,0.3,0.16363636363636364,0.21145027911440428,0.2,0.3
14808,5,0.0,0.0,0.0,0.0,0.0,0.0,0.0,0.0,0.0,0.0
17168,18,0.2,0.3333333333333333,0.33916020527361607,0.05555555555555555,0.2,0.3,0.2909090909090909,0.35970991185182927,0.16666666666666666,0.3
20291,4,0.0,0.0,0.0,0.0,0.0,0.25,0.0,0.0,0.25,0.14285714285714285
5530,5,0.2,0.3333333333333333,0.33916020527361607,0.2,0.2,0.2,0.25,0.33916020527361607,0.2,0.1
9481,17,0.2,0.3333333333333333,0.33916020527361607,0.058823529411764705,0.2,0.2,0.2727272727272727,0.2984900352767555,0.11764705882352941,0.2
11680,11,0.4,0.6,0.5531464700081437,0.18181818181818182,0.4,0.2,0.34545454545454546,0.3589542101716347,0.18181818181818182,0.2
12455,3,0.0,0.0,0.0,0.0,0.0,0.0,0.0,0.0,0.0,0.0
12828,19,0.6,0.46666666666666673,0.4912596920895757,0.15789473684210525,0.6,0.4,0.4727272727272727,0.3921578479840863,0.21052631578947367,0.4
6762,7,0.6,0.5333333333333333,0.6164336326286642,0.42857142857142855,0.6,0.42857142857142855,0.4693877551020407,0.4995958068998836,0.42857142857142855,0.3
6792,8,0.2,0.13333333333333333,0.14606834984270645,0.125,0.2,0.25,0.1346153846153846,0.1089364926177559,0.25,0.2
13728,3,0.0,0.0,0.0,0.0,0.0,0.0,0.0,0.0,0.0,0.0
12964,2,0.0,0.0,0.0,0.0,0.0,0.0,0.0,0.0,0.0,0.0
6043,5,0.2,0.3333333333333333,0.33916020527361607,0.2,0.2,0.2,0.25,0.33916020527361607,0.2,0.1
8704,10,0.2,0.13333333333333333,0.14606834984270645,0.1,0.2,0.3,0.2545454545454546,0.2375835084056881,0.3,0.3
13649,7,0.0,0.0,0.0,0.0,0.0,0.14285714285714285,0.0,0.0,0.14285714285714285,0.1
15150,10,0.0,0.0,0.0,0.0,0.0,0.0,0.0,0.0,0.0,0.0
1913,25,0.6,0.5333333333333333,0.6164336326286642,0.12,0.6,0.5,0.5272727272727272,0.5420423054868788,0.2,0.5
1970,9,0.4,0.3333333333333333,0.31564845247951445,0.2222222222222222,0.4,0.3333333333333333,0.31481481481481477,0.28950714364062347,0.3333333333333333,0.3
20184,1,0.0,0.0,0.0,0.0,0.0,0.0,0.0,0.0,0.0,0.0
13515,8,0.6,0.7333333333333334,0.6992148198508501,0.375,0.6,0.5,0.5576923076923076,0.6012628110727576,0.5,0.4
17275,1,0.0,0.0,0.0,0.0,0.0,0.0,0.0,0.0,0.0,0.0
16136,14,0.2,0.3333333333333333,0.33916020527361607,0.07142857142857142,0.2,0.6,0.45454545454545464,0.5711601909662335,0.42857142857142855,0.6
6932,4,0.25,0.14285714285714288,0.16812753627111746,0.25,0.2,0.5,0.20588235294117643,0.16812753627111746,0.5,0.2
18877,22,0.4,0.6,0.5531464700081437,0.09090909090909091,0.4,0.2,0.34545454545454546,0.3589542101716347,0.09090909090909091,0.2
15809,1,0.0,0.0,0.0,0.0,0.0,0.0,0.0,0.0,0.0,0.0
17799,14,0.2,0.3333333333333333,0.33916020527361607,0.07142857142857142,0.2,0.4,0.34545454545454546,0.4315420454124844,0.2857142857142857,0.4
9390,19,0.6,0.7999999999999999,0.7227265726449518,0.15789473684210525,0.6,0.5,0.6181818181818183,0.6117952373568121,0.2631578947368421,0.5
3282,1,0.0,0.0,0.0,0.0,0.0,0.0,0.0,0.0,0.0,0.0
7383,11,0.0,0.0,0.0,0.0,0.0,0.0,0.0,0.0,0.0,0.0
3454,6,0.0,0.0,0.0,0.0,0.0,0.0,0.0,0.0,0.0,0.0
14755,15,0.4,0.4666666666666666,0.38356636737133554,0.13333333333333333,0.4,0.5,0.45454545454545464,0.45718160765461063,0.3333333333333333,0.5
6926,10,0.6,0.7333333333333334,0.6992148198508501,0.3,0.6,0.4,0.5636363636363636,0.5321408435198608,0.4,0.4
11131,12,0.0,0.0,0.0,0.0,0.0,0.1,0.07272727272727274,0.07336392209936006,0.08333333333333333,0.1
10784,12,0.4,0.6,0.5531464700081437,0.16666666666666666,0.4,0.3,0.4,0.4283854321084119,0.25,0.3
10037,1,0.0,0.0,0.0,0.0,0.0,1.0,0.0,0.0,1.0,0.1
6856,3,0.3333333333333333,0.33333333333333337,0.29608191096586517,0.3333333333333333,0.2,0.3333333333333333,0.3333333333333333,0.29608191096586517,0.3333333333333333,0.1
5493,3,0.3333333333333333,0.4166666666666667,0.46927872602275644,0.3333333333333333,0.2,0.3333333333333333,0.37037037037037035,0.46927872602275644,0.3333333333333333,0.1
20082,15,0.2,0.26666666666666666,0.2139862647345275,0.06666666666666667,0.2,0.3,0.21818181818181823,0.2687374555268952,0.2,0.3
17516,1,1.0,0.0,0.0,1.0,0.2,1.0,0.0,0.0,1.0,0.16666666666666666
1217,5,0.0,0.0,0.0,0.0,0.0,0.0,0.0,0.0,0.0,0.0
5119,2,0.5,0.0,0.0,0.5,0.2,0.5,0.0,0.0,0.5,0.1
10092,1,0.0,0.0,0.0,0.0,0.0,1.0,0.0,0.0,1.0,0.1
20581,1,0.0,0.0,0.0,0.0,0.0,0.0,0.0,0.0,0.0,0.0
5224,1,0.0,0.0,0.0,0.0,0.0,0.0,0.0,0.0,0.0,0.0
9227,1,0.0,0.0,0.0,0.0,0.0,0.0,0.0,0.0,0.0,0.0
8409,27,0.8,0.8666666666666666,0.8539316501572936,0.14814814814814814,0.8,0.7,0.7272727272727273,0.7573821447149967,0.25925925925925924,0.7
21143,19,0.4,0.6,0.5531464700081437,0.10526315789473684,0.4,0.2,0.34545454545454546,0.3589542101716347,0.10526315789473684,0.2
11237,1,0.0,0.0,0.0,0.0,0.0,0.0,0.0,0.0,0.0,0.0
5610,7,0.2,0.13333333333333333,0.14606834984270645,0.14285714285714285,0.2,0.14285714285714285,0.14285714285714285,0.11838279295536291,0.14285714285714285,0.1
3535,19,0.0,0.0,0.0,0.0,0.0,0.1,0.018181818181818177,0.0636207881989517,0.05263157894736842,0.1
1271,3,0.3333333333333333,0.4166666666666667,0.46927872602275644,0.3333333333333333,0.2,0.3333333333333333,0.37037037037037035,0.46927872602275644,0.3333333333333333,0.1
438,10,0.4,0.5333333333333333,0.5087403079104241,0.2,0.4,0.3,0.41818181818181815,0.4085359184257955,0.3,0.3
3443,15,0.6,0.7999999999999999,0.7227265726449518,0.2,0.6,0.5,0.5454545454545455,0.5988751049740155,0.3333333333333333,0.5
3825,1,1.0,1.0,1.0,1.0,0.2,1.0,1.0,1.0,1.0,0.1
4124,1,0.0,0.0,0.0,0.0,0.0,0.0,0.0,0.0,0.0,0.0
13951,10,0.4,0.5333333333333333,0.5087403079104241,0.2,0.4,0.2,0.32727272727272727,0.3301376494471202,0.2,0.2
11860,2,0.0,0.0,0.0,0.0,0.0,0.0,0.0,0.0,0.0,0.0
19190,2,0.5,0.0,0.0,0.5,0.2,0.5,0.0,0.0,0.5,0.1
5412,4,0.0,0.0,0.0,0.0,0.0,0.5,0.0,0.0,0.5,0.2
2546,4,0.0,0.0,0.0,0.0,0.0,0.0,0.0,0.0,0.0,0.0
9723,5,0.2,0.06666666666666665,0.13120507751234176,0.2,0.2,0.4,0.15,0.13120507751234176,0.4,0.2
19481,2,0.5,0.0,0.0,0.5,0.2,0.5,0.0,0.0,0.5,0.1
18598,3,0.6666666666666666,0.5833333333333334,0.5307212739772434,0.6666666666666666,0.4,1.0,0.6296296296296297,0.5307212739772434,1.0,0.3
7673,9,0.0,0.0,0.0,0.0,0.0,0.0,0.0,0.0,0.0,0.0
11679,1,0.0,0.0,0.0,0.0,0.0,0.0,0.0,0.0,0.0,0.0
21772,1,1.0,1.0,1.0,1.0,1.0,1.0,1.0,1.0,1.0,1.0
12354,15,0.4,0.6,0.5531464700081437,0.13333333333333333,0.4,0.4,0.49090909090909096,0.5067837010870873,0.26666666666666666,0.4
5213,2,0.0,0.0,0.0,0.0,0.0,0.0,0.0,0.0,0.0,0.0
7011,18,0.4,0.3333333333333333,0.31564845247951445,0.1111111111111111,0.4,0.3,0.36363636363636365,0.28323251649726616,0.16666666666666666,0.3
18655,20,0.4,0.5333333333333333,0.5087403079104241,0.1,0.4,0.2,0.32727272727272727,0.3301376494471202,0.1,0.2
8416,2,0.0,0.0,0.0,0.0,0.0,0.0,0.0,0.0,0.0,0.0
16788,3,0.3333333333333333,0.4166666666666667,0.46927872602275644,0.3333333333333333,0.2,0.3333333333333333,0.37037037037037035,0.46927872602275644,0.3333333333333333,0.1111111111111111
1303,10,0.2,0.06666666666666665,0.13120507751234176,0.1,0.2,0.2,0.14545454545454545,0.15139734109601,0.2,0.2
20521,26,0.8,0.9333333333333332,0.8687949224876582,0.15384615384615385,0.8,0.5,0.7090909090909091,0.6421867266689009,0.19230769230769232,0.5
22288,5,0.0,0.0,0.0,0.0,0.0,0.0,0.0,0.0,0.0,0.0
22064,2,0.5,0.0,0.0,0.5,0.2,1.0,0.0,0.0,1.0,0.2
5147,1,0.0,0.0,0.0,0.0,0.0,0.0,0.0,0.0,0.0,0.0
7942,13,0.0,0.0,0.0,0.0,0.0,0.0,0.0,0.0,0.0,0.0
4835,3,0.3333333333333333,0.4166666666666667,0.46927872602275644,0.3333333333333333,0.2,0.6666666666666666,0.37037037037037035,0.46927872602275644,0.6666666666666666,0.2
4750,12,0.8,0.9333333333333332,0.8687949224876582,0.3333333333333333,0.8,0.5,0.6909090909090909,0.6371523797895856,0.4166666666666667,0.5
17189,3,0.0,0.0,0.0,0.0,0.0,0.3333333333333333,0.0,0.0,0.3333333333333333,0.1
12632,1,1.0,1.0,1.0,1.0,0.2,1.0,1.0,1.0,1.0,0.2
17315,2,0.0,0.0,0.0,0.0,0.0,0.0,0.0,0.0,0.0,0.0
7536,20,0.4,0.3333333333333333,0.31564845247951445,0.1,0.4,0.2,0.2727272727272727,0.20483424751859083,0.1,0.2
16051,6,0.2,0.3333333333333333,0.33916020527361607,0.16666666666666666,0.2,0.6666666666666666,0.3333333333333333,0.4103915680233244,0.6666666666666666,0.4
3968,12,0.2,0.3333333333333333,0.33916020527361607,0.08333333333333333,0.2,0.1,0.18181818181818182,0.22009176629808014,0.08333333333333333,0.1
13768,2,0.0,0.0,0.0,0.0,0.0,0.0,0.0,0.0,0.0,0.0
20733,13,0.0,0.0,0.0,0.0,0.0,0.1,0.018181818181818177,0.0636207881989517,0.07692307692307693,0.1
21694,20,0.2,0.3333333333333333,0.33916020527361607,0.05,0.2,0.2,0.2,0.2837125544970318,0.1,0.2
3616,7,0.2,0.3333333333333333,0.33916020527361607,0.14285714285714285,0.2,0.14285714285714285,0.2040816326530612,0.27487633291429087,0.14285714285714285,0.1
19404,17,0.2,0.06666666666666665,0.13120507751234176,0.058823529411764705,0.2,0.5,0.3272727272727272,0.3667803203729971,0.29411764705882354,0.5
226,17,0.4,0.3333333333333333,0.31564845247951445,0.11764705882352941,0.4,0.2,0.2727272727272727,0.20483424751859083,0.11764705882352941,0.2
14690,18,0.6,0.7999999999999999,0.7227265726449518,0.16666666666666666,0.6,0.6,0.6000000000000001,0.6683063269107928,0.3333333333333333,0.6
20515,4,0.0,0.0,0.0,0.0,0.0,0.0,0.0,0.0,0.0,0.0
946,1,0.0,0.0,0.0,0.0,0.0,0.0,0.0,0.0,0.0,0.0
1431,4,0.0,0.0,0.0,0.0,0.0,0.25,0.0,0.0,0.25,0.1
9278,32,0.6,0.7999999999999999,0.7227265726449518,0.09375,0.6,0.4,0.5636363636363636,0.5423640154200349,0.125,0.4
3246,16,0.2,0.06666666666666665,0.13120507751234176,0.0625,0.2,0.1,0.10909090909090909,0.08514311764162097,0.0625,0.1
16805,6,0.0,0.0,0.0,0.0,0.0,0.0,0.0,0.0,0.0,0.0
11410,2,0.0,0.0,0.0,0.0,0.0,0.5,0.0,0.0,0.5,0.1
4842,9,0.2,0.06666666666666665,0.13120507751234176,0.1111111111111111,0.2,0.1111111111111111,0.1111111111111111,0.09092803061897882,0.1111111111111111,0.1
5613,2,0.5,0.0,0.0,0.5,0.2,0.5,0.0,0.0,0.5,0.1
20747,18,0.4,0.19999999999999998,0.2772734273550482,0.1111111111111111,0.4,0.2,0.23636363636363633,0.17993148201117173,0.1111111111111111,0.2
10048,19,0.2,0.19999999999999998,0.16958010263680803,0.05263157894736842,0.2,0.3,0.23636363636363641,0.2470305934473518,0.15789473684210525,0.3
1630,1,1.0,1.0,1.0,1.0,0.2,1.0,1.0,1.0,1.0,0.1
22234,1,0.0,0.0,0.0,0.0,0.0,0.0,0.0,0.0,0.0,0.0
12673,5,0.0,0.0,0.0,0.0,0.0,0.0,0.0,0.0,0.0,0.0
14727,1,0.0,0.0,0.0,0.0,0.0,0.0,0.0,0.0,0.0,0.0
1976,1,0.0,0.0,0.0,0.0,0.0,0.0,0.0,0.0,0.0,0.0
14406,10,0.0,0.0,0.0,0.0,0.0,0.0,0.0,0.0,0.0,0.0
12853,5,0.0,0.0,0.0,0.0,0.0,0.2,0.0,0.0,0.2,0.1
15964,15,0.4,0.19999999999999998,0.2772734273550482,0.13333333333333333,0.4,0.3,0.2909090909090909,0.24936270394794896,0.2,0.3
11867,4,0.0,0.0,0.0,0.0,0.0,0.25,0.0,0.0,0.25,0.1
9658,15,0.6,0.7999999999999999,0.7227265726449518,0.2,0.6,0.4,0.5454545454545454,0.538431315257452,0.26666666666666666,0.4
21361,1,0.0,0.0,0.0,0.0,0.0,0.0,0.0,0.0,0.0,0.0
20006,20,0.4,0.5333333333333333,0.5087403079104241,0.1,0.4,0.3,0.38181818181818183,0.3995688713838974,0.15,0.3
14899,15,0.2,0.26666666666666666,0.2139862647345275,0.06666666666666667,0.2,0.3,0.2545454545454546,0.2745478892647208,0.2,0.3
6611,16,0.0,0.0,0.0,0.0,0.0,0.1,0.036363636363636355,0.06625422345438903,0.0625,0.1
7572,1,0.0,0.0,0.0,0.0,0.0,0.0,0.0,0.0,0.0,0.0
5694,3,0.0,0.0,0.0,0.0,0.0,0.0,0.0,0.0,0.0,0.0
11573,10,0.0,0.0,0.0,0.0,0.0,0.2,0.07272727272727274,0.13305201013572895,0.2,0.2
2889,1,0.0,0.0,0.0,0.0,0.0,1.0,0.0,0.0,1.0,0.1
9534,18,0.2,0.19999999999999998,0.16958010263680803,0.05555555555555555,0.2,0.2,0.23636363636363636,0.1884441521277154,0.1111111111111111,0.2
5282,11,0.8,0.9333333333333332,0.8687949224876582,0.36363636363636365,0.8,0.5,0.6363636363636365,0.6274092458891773,0.45454545454545453,0.5
13469,10,0.4,0.6,0.5531464700081437,0.2,0.4,0.4,0.45454545454545453,0.5009732673492616,0.4,0.4
19765,5,0.0,0.0,0.0,0.0,0.0,0.0,0.0,0.0,0.0,0.0
20914,21,0.6,0.6666666666666666,0.6843515475204854,0.14285714285714285,0.6,0.4,0.4727272727272727,0.5077181160122074,0.19047619047619047,0.4
17138,1,0.0,0.0,0.0,0.0,0.0,0.0,0.0,0.0,0.0,0.0
20671,13,0.0,0.0,0.0,0.0,0.0,0.0,0.0,0.0,0.0,0.0
1118,19,0.2,0.3333333333333333,0.33916020527361607,0.05263157894736842,0.2,0.2,0.2545454545454545,0.29345568839744024,0.10526315789473684,0.2
7220,2,0.5,0.4444444444444445,0.3868528072345415,0.5,0.2,0.5,0.4736842105263158,0.3868528072345415,0.5,0.14285714285714285
7007,10,0.2,0.26666666666666666,0.2139862647345275,0.1,0.2,0.1,0.16363636363636364,0.1388624438735545,0.1,0.1
2655,2,0.0,0.0,0.0,0.0,0.0,0.0,0.0,0.0,0.0,0.0
1037,4,0.25,0.35714285714285715,0.39038004999210163,0.25,0.2,0.25,0.2941176470588235,0.39038004999210163,0.25,0.1
15280,10,0.4,0.4000000000000001,0.3600546145772339,0.2,0.4,0.2,0.29090909090909095,0.23365080824310527,0.2,0.2
19982,4,0.0,0.0,0.0,0.0,0.0,0.0,0.0,0.0,0.0,0.0
10056,19,0.6,0.6,0.529634717214042,0.15789473684210525,0.6,0.6,0.6363636363636364,0.5617131059245698,0.3157894736842105,0.6
6306,9,0.2,0.3333333333333333,0.33916020527361607,0.1111111111111111,0.2,0.1111111111111111,0.18518518518518517,0.23504554941448538,0.1111111111111111,0.1
14883,22,0.4,0.4000000000000001,0.3600546145772339,0.09090909090909091,0.4,0.4,0.41818181818181815,0.37830330067616963,0.18181818181818182,0.4
3086,9,0.4,0.5333333333333333,0.5087403079104241,0.2222222222222222,0.4,0.5555555555555556,0.4444444444444445,0.5016726013143038,0.5555555555555556,0.5
3331,1,0.0,0.0,0.0,0.0,0.0,0.0,0.0,0.0,0.0,0.0
4388,17,0.8,0.8000000000000002,0.8304198973631919,0.23529411764705882,0.8,0.6,0.709090909090909,0.6816808362189438,0.35294117647058826,0.6
14767,3,0.0,0.0,0.0,0.0,0.0,0.0,0.0,0.0,0.0,0.0
5301,15,0.0,0.0,0.0,0.0,0.0,0.0,0.0,0.0,0.0,0.0
5547,1,0.0,0.0,0.0,0.0,0.0,0.0,0.0,0.0,0.0,0.0
17297,2,1.0,0.5555555555555556,0.6131471927654584,1.0,0.4,1.0,0.5263157894736842,0.6131471927654584,1.0,0.4
3308,20,0.0,0.0,0.0,0.0,0.0,0.1,0.09090909090909091,0.07839826897867533,0.05,0.1
9656,10,0.0,0.0,0.0,0.0,0.0,0.0,0.0,0.0,0.0,0.0
6982,5,0.0,0.0,0.0,0.0,0.0,0.0,0.0,0.0,0.0,0.0
570,4,0.25,0.28571428571428575,0.2463023887407299,0.25,0.2,0.25,0.2647058823529412,0.2463023887407299,0.25,0.1
15137,16,0.2,0.26666666666666666,0.2139862647345275,0.0625,0.2,0.2,0.21818181818181823,0.20829366581033176,0.125,0.2
3483,2,0.0,0.0,0.0,0.0,0.0,0.0,0.0,0.0,0.0,0.0
9384,8,0.2,0.19999999999999998,0.16958010263680803,0.125,0.2,0.25,0.15384615384615385,0.12647135138382856,0.25,0.2
8520,2,0.0,0.0,0.0,0.0,0.0,0.0,0.0,0.0,0.0,0.0
12139,2,0.0,0.0,0.0,0.0,0.0,0.0,0.0,0.0,0.0,0.0
12838,6,0.2,0.3333333333333333,0.33916020527361607,0.16666666666666666,0.2,0.3333333333333333,0.3333333333333333,0.4103915680233244,0.3333333333333333,0.2
8536,12,0.2,0.3333333333333333,0.33916020527361607,0.08333333333333333,0.2,0.2,0.2727272727272727,0.2984900352767555,0.16666666666666666,0.2
19132,4,0.25,0.2142857142857143,0.19519002499605081,0.25,0.2,0.25,0.23529411764705882,0.19519002499605081,0.25,0.1
7281,3,0.3333333333333333,0.25,0.23463936301137822,0.3333333333333333,0.2,0.3333333333333333,0.2962962962962963,0.23463936301137822,0.3333333333333333,0.1
10105,2,0.0,0.0,0.0,0.0,0.0,0.0,0.0,0.0,0.0,0.0
2102,5,0.2,0.3333333333333333,0.33916020527361607,0.2,0.2,0.2,0.25,0.33916020527361607,0.2,0.1
4184,2,0.5,0.4444444444444445,0.3868528072345415,0.5,0.2,0.5,0.4736842105263158,0.3868528072345415,0.5,0.1
9293,10,0.2,0.26666666666666666,0.2139862647345275,0.1,0.2,0.2,0.21818181818181823,0.20829366581033176,0.2,0.2
7350,4,0.0,0.0,0.0,0.0,0.0,0.0,0.0,0.0,0.0,0.0
12592,5,0.2,0.3333333333333333,0.33916020527361607,0.2,0.2,0.2,0.25,0.33916020527361607,0.2,0.1
6808,6,0.4,0.6,0.5531464700081437,0.3333333333333333,0.4,0.3333333333333333,0.4222222222222222,0.4935232796777481,0.3333333333333333,0.2
5475,2,0.5,0.4444444444444445,0.3868528072345415,0.5,0.2,0.5,0.4736842105263158,0.3868528072345415,0.5,0.1
13976,5,0.2,0.06666666666666665,0.13120507751234176,0.2,0.2,0.2,0.15,0.13120507751234176,0.2,0.1
20453,4,0.0,0.0,0.0,0.0,0.0,0.5,0.0,0.0,0.5,0.2
13898,22,0.2,0.13333333333333333,0.14606834984270645,0.045454545454545456,0.2,0.1,0.12727272727272726,0.09478836436955078,0.045454545454545456,0.1
8375,1,0.0,0.0,0.0,0.0,0.0,0.0,0.0,0.0,0.0,0.0
11644,17,0.4,0.39999999999999997,0.4703652827859578,0.11764705882352941,0.4,0.4,0.45454545454545453,0.45699707501773645,0.23529411764705882,0.4
2897,4,0.0,0.0,0.0,0.0,0.0,0.25,0.0,0.0,0.25,0.1
2831,5,0.2,0.19999999999999998,0.16958010263680803,0.2,0.2,0.2,0.2,0.16958010263680803,0.2,0.1
8262,11,0.8,0.6666666666666666,0.6608397947263838,0.36363636363636365,0.8,0.6,0.690909090909091,0.5766692999492189,0.5454545454545454,0.6
11399,9,0.2,0.19999999999999998,0.16958010263680803,0.1111111111111111,0.2,0.1111111111111111,0.14814814814814814,0.11752277470724269,0.1111111111111111,0.1
806,25,0.6,0.6,0.529634717214042,0.12,0.6,0.4,0.5090909090909091,0.4170606134915054,0.16,0.4
13157,4,0.0,0.0,0.0,0.0,0.0,0.25,0.0,0.0,0.25,0.1
16144,26,0.2,0.3333333333333333,0.33916020527361607,0.038461538461538464,0.2,0.1,0.18181818181818182,0.22009176629808014,0.038461538461538464,0.1
3461,22,0.2,0.19999999999999998,0.16958010263680803,0.045454545454545456,0.2,0.1,0.14545454545454548,0.11004588314904007,0.045454545454545456,0.1
13009,5,0.2,0.3333333333333333,0.33916020527361607,0.2,0.2,0.2,0.25,0.33916020527361607,0.2,0.1
15717,1,0.0,0.0,0.0,0.0,0.0,0.0,0.0,0.0,0.0,0.0
21026,10,0.2,0.26666666666666666,0.2139862647345275,0.1,0.2,0.1,0.16363636363636364,0.1388624438735545,0.1,0.1
13714,4,0.25,0.2142857142857143,0.19519002499605081,0.25,0.2,0.25,0.23529411764705882,0.19519002499605081,0.25,0.1
5819,2,0.5,0.4444444444444445,0.3868528072345415,0.5,0.2,0.5,0.4736842105263158,0.3868528072345415,0.5,0.1
19914,10,0.2,0.3333333333333333,0.33916020527361607,0.1,0.2,0.2,0.21818181818181817,0.28634598975246917,0.2,0.2
20518,6,0.0,0.0,0.0,0.0,0.0,0.16666666666666666,0.1111111111111111,0.10778915452451095,0.16666666666666666,0.1
15765,15,0.4,0.6,0.5531464700081437,0.13333333333333333,0.4,0.4,0.45454545454545453,0.5009732673492616,0.26666666666666666,0.4
3586,6,0.0,0.0,0.0,0.0,0.0,0.0,0.0,0.0,0.0,0.0
10541,1,1.0,0.0,0.0,1.0,0.2,1.0,0.0,0.0,1.0,0.1
21886,3,0.0,0.0,0.0,0.0,0.0,0.0,0.0,0.0,0.0,0.0
12210,2,0.5,0.5555555555555556,0.6131471927654584,0.5,0.2,0.5,0.5263157894736842,0.6131471927654584,0.5,0.1
5127,2,0.5,0.5555555555555556,0.6131471927654584,0.5,0.2,0.5,0.5263157894736842,0.6131471927654584,0.5,0.1
13321,17,0.2,0.3333333333333333,0.33916020527361607,0.058823529411764705,0.2,0.1,0.18181818181818182,0.22009176629808014,0.058823529411764705,0.1
3477,2,0.0,0.0,0.0,0.0,0.0,0.5,0.0,0.0,0.5,0.1
16164,1,0.0,0.0,0.0,0.0,0.0,1.0,0.0,0.0,1.0,0.1
19323,4,0.0,0.0,0.0,0.0,0.0,0.0,0.0,0.0,0.0,0.0
6494,19,0.4,0.19999999999999998,0.2772734273550482,0.10526315789473684,0.4,0.4,0.3272727272727272,0.3169161923094835,0.21052631578947367,0.4
218,29,0.8,0.8666666666666666,0.8539316501572936,0.13793103448275862,0.8,0.8,0.8363636363636363,0.8389574121760601,0.27586206896551724,0.8
15148,2,0.0,0.0,0.0,0.0,0.0,0.0,0.0,0.0,0.0,0.0
11057,9,0.4,0.4666666666666666,0.38356636737133554,0.2222222222222222,0.4,0.2222222222222222,0.3148148148148148,0.26582000527739175,0.2222222222222222,0.2
4935,1,0.0,0.0,0.0,0.0,0.0,0.0,0.0,0.0,0.0,0.0
19096,16,0.2,0.26666666666666666,0.2139862647345275,0.0625,0.2,0.2,0.18181818181818182,0.2024832320725062,0.125,0.2
15104,20,0.2,0.3333333333333333,0.33916020527361607,0.05,0.2,0.2,0.23636363636363636,0.2895229882348574,0.1,0.2
11506,19,0.4,0.6,0.5531464700081437,0.10526315789473684,0.4,0.4,0.509090909090909,0.5107164012496701,0.21052631578947367,0.4
20176,4,0.0,0.0,0.0,0.0,0.0,0.0,0.0,0.0,0.0,0.0
7622,2,1.0,0.5555555555555556,0.6131471927654584,1.0,0.4,1.0,0.5263157894736842,0.6131471927654584,1.0,0.2
11603,18,0.4,0.3333333333333333,0.34519134224686926,0.1111111111111111,0.4,0.5,0.43636363636363634,0.43545584062957976,0.2777777777777778,0.5
4098,1,1.0,1.0,1.0,1.0,0.2,1.0,1.0,1.0,1.0,0.1
4866,15,0.2,0.26666666666666666,0.2139862647345275,0.06666666666666667,0.2,0.3,0.3090909090909091,0.28669193478900706,0.2,0.3
15779,3,0.0,0.0,0.0,0.0,0.0,0.0,0.0,0.0,0.0,0.0
7302,1,0.0,0.0,0.0,0.0,0.0,0.0,0.0,0.0,0.0,0.0
5323,1,0.0,0.0,0.0,0.0,0.0,0.0,0.0,0.0,0.0,0.0
7165,1,0.0,0.0,0.0,0.0,0.0,0.0,0.0,0.0,0.0,0.0
617,1,0.0,0.0,0.0,0.0,0.0,0.0,0.0,0.0,0.0,0.0
13004,18,0.0,0.0,0.0,0.0,0.0,0.2,0.054545454545454536,0.12987501165334073,0.1111111111111111,0.2
18663,12,0.8,0.9333333333333332,0.8687949224876582,0.3333333333333333,0.8,0.4,0.6181818181818183,0.5637884576902256,0.3333333333333333,0.4
10173,16,0.4,0.39999999999999997,0.4703652827859578,0.125,0.4,0.3,0.30909090909090914,0.3688556721386528,0.1875,0.3
1215,4,0.25,0.2142857142857143,0.19519002499605081,0.25,0.2,0.5,0.23529411764705882,0.19519002499605081,0.5,0.2
18274,2,0.0,0.0,0.0,0.0,0.0,0.0,0.0,0.0,0.0,0.0
6868,3,0.0,0.0,0.0,0.0,0.0,0.0,0.0,0.0,0.0,0.0
15042,16,0.6,0.7333333333333334,0.6992148198508501,0.1875,0.6,0.5,0.618181818181818,0.601572065456638,0.3125,0.5
5453,7,0.2,0.3333333333333333,0.33916020527361607,0.14285714285714285,0.2,0.14285714285714285,0.2040816326530612,0.27487633291429087,0.14285714285714285,0.1
404,7,0.4,0.6,0.5531464700081437,0.2857142857142857,0.4,0.42857142857142855,0.4693877551020407,0.539929434207294,0.42857142857142855,0.3
11758,1,0.0,0.0,0.0,0.0,0.0,0.0,0.0,0.0,0.0,0.0
22001,2,0.0,0.0,0.0,0.0,0.0,0.0,0.0,0.0,0.0,0.0
17405,16,0.6,0.46666666666666673,0.4912596920895757,0.1875,0.6,0.5,0.5454545454545454,0.4666234168001788,0.3125,0.5
2648,1,0.0,0.0,0.0,0.0,0.0,0.0,0.0,0.0,0.0,0.0
21467,2,0.0,0.0,0.0,0.0,0.0,0.0,0.0,0.0,0.0,0.0
16756,2,0.0,0.0,0.0,0.0,0.0,0.0,0.0,0.0,0.0,0.0
15905,17,0.4,0.19999999999999998,0.2772734273550482,0.11764705882352941,0.4,0.3,0.309090909090909,0.2532954041105318,0.17647058823529413,0.3
4207,11,0.4,0.6,0.5531464700081437,0.18181818181818182,0.4,0.3,0.3818181818181818,0.42520843362602373,0.2727272727272727,0.3
11466,2,0.0,0.0,0.0,0.0,0.0,0.0,0.0,0.0,0.0,0.0
18851,6,0.0,0.0,0.0,0.0,0.0,0.0,0.0,0.0,0.0,0.0
14304,8,0.0,0.0,0.0,0.0,0.0,0.0,0.0,0.0,0.0,0.0
17899,1,0.0,0.0,0.0,0.0,0.0,0.0,0.0,0.0,0.0,0.0
1550,2,0.0,0.0,0.0,0.0,0.0,0.0,0.0,0.0,0.0,0.0
21217,3,0.0,0.0,0.0,0.0,0.0,0.0,0.0,0.0,0.0,0.0
9640,11,0.4,0.39999999999999997,0.4703652827859578,0.18181818181818182,0.4,0.3,0.32727272727272727,0.37148910739409013,0.2727272727272727,0.3
9900,6,0.4,0.3333333333333333,0.31564845247951445,0.3333333333333333,0.4,0.3333333333333333,0.3333333333333333,0.2816249726597773,0.3333333333333333,0.2
2787,14,0.4,0.3333333333333333,0.31564845247951445,0.14285714285714285,0.4,0.3,0.34545454545454546,0.2781981696179509,0.21428571428571427,0.3
15382,1,1.0,1.0,1.0,1.0,0.2,1.0,1.0,1.0,1.0,0.1
21693,2,0.0,0.0,0.0,0.0,0.0,0.0,0.0,0.0,0.0,0.0
7285,5,0.4,0.4666666666666666,0.38356636737133554,0.4,0.4,0.6,0.42500000000000004,0.38356636737133554,0.6,0.3333333333333333
9528,12,0.4,0.3333333333333333,0.31564845247951445,0.16666666666666666,0.4,0.2,0.2727272727272727,0.20483424751859083,0.16666666666666666,0.2
1295,2,0.0,0.0,0.0,0.0,0.0,0.5,0.0,0.0,0.5,0.1
16020,8,0.0,0.0,0.0,0.0,0.0,0.0,0.0,0.0,0.0,0.0
1821,41,0.4,0.26666666666666666,0.3007851801491498,0.04878048780487805,0.4,0.6,0.4727272727272727,0.47682620352203714,0.14634146341463414,0.6
5281,3,0.0,0.0,0.0,0.0,0.0,0.0,0.0,0.0,0.0,0.0
22182,1,1.0,1.0,1.0,1.0,0.2,1.0,1.0,1.0,1.0,0.1111111111111111
3258,7,0.0,0.0,0.0,0.0,0.0,0.0,0.0,0.0,0.0,0.0
7787,4,0.5,0.6428571428571429,0.6366824387328316,0.5,0.4,0.75,0.5588235294117646,0.6366824387328316,0.75,0.3
3583,21,0.6,0.7999999999999999,0.7227265726449518,0.14285714285714285,0.6,0.4,0.5818181818181819,0.5473983622993501,0.19047619047619047,0.4
8049,17,0.0,0.0,0.0,0.0,0.0,0.0,0.0,0.0,0.0,0.0
10936,4,0.25,0.35714285714285715,0.39038004999210163,0.25,0.2,0.25,0.2941176470588235,0.39038004999210163,0.25,0.1
4196,5,0.0,0.0,0.0,0.0,0.0,0.0,0.0,0.0,0.0,0.0
19551,1,0.0,0.0,0.0,0.0,0.0,0.0,0.0,0.0,0.0,0.0
17267,6,0.0,0.0,0.0,0.0,0.0,0.0,0.0,0.0,0.0,0.0
3620,1,0.0,0.0,0.0,0.0,0.0,0.0,0.0,0.0,0.0,0.0
1856,2,0.0,0.0,0.0,0.0,0.0,0.0,0.0,0.0,0.0,0.0
20037,5,0.0,0.0,0.0,0.0,0.0,0.0,0.0,0.0,0.0,0.0
7320,1,0.0,0.0,0.0,0.0,0.0,0.0,0.0,0.0,0.0,0.0
3528,2,0.0,0.0,0.0,0.0,0.0,0.0,0.0,0.0,0.0,0.0
6217,4,0.0,0.0,0.0,0.0,0.0,0.0,0.0,0.0,0.0,0.0
9511,7,0.2,0.19999999999999998,0.16958010263680803,0.14285714285714285,0.2,0.14285714285714285,0.16326530612244897,0.13743816645714543,0.14285714285714285,0.1
170,41,0.6,0.7333333333333334,0.6992148198508501,0.07317073170731707,0.6,0.5,0.6363636363636362,0.6055047656192208,0.12195121951219512,0.5
6582,1,1.0,0.0,0.0,1.0,0.2,1.0,0.0,0.0,1.0,0.1
1924,3,0.3333333333333333,0.0,0.0,0.3333333333333333,0.2,0.3333333333333333,0.0,0.0,0.3333333333333333,0.1
5130,2,0.0,0.0,0.0,0.0,0.0,0.0,0.0,0.0,0.0,0.0
11632,14,0.4,0.3333333333333333,0.31564845247951445,0.14285714285714285,0.4,0.3,0.3090909090909091,0.27108847097297983,0.21428571428571427,0.3
263,20,0.4,0.39999999999999997,0.4703652827859578,0.1,0.4,0.6,0.490909090909091,0.5829393865084943,0.3,0.6
17897,30,0.4,0.5333333333333333,0.5087403079104241,0.06666666666666667,0.4,0.5,0.5454545454545454,0.5513310624619328,0.16666666666666666,0.5
13588,7,0.0,0.0,0.0,0.0,0.0,0.0,0.0,0.0,0.0,0.0
16605,2,0.0,0.0,0.0,0.0,0.0,0.0,0.0,0.0,0.0,0.0
1433,9,0.0,0.0,0.0,0.0,0.0,0.0,0.0,0.0,0.0,0.0
7820,6,0.0,0.0,0.0,0.0,0.0,0.16666666666666666,0.0,0.0,0.16666666666666666,0.1
17403,19,0.2,0.19999999999999998,0.16958010263680803,0.05263157894736842,0.2,0.3,0.21818181818181823,0.24309789328476902,0.15789473684210525,0.3
15383,4,0.0,0.0,0.0,0.0,0.0,0.0,0.0,0.0,0.0,0.0
953,8,0.0,0.0,0.0,0.0,0.0,0.0,0.0,0.0,0.0,0.0
21903,7,0.4,0.26666666666666666,0.3007851801491498,0.2857142857142857,0.4,0.42857142857142855,0.2857142857142857,0.24377484748737527,0.42857142857142855,0.3
11006,4,0.0,0.0,0.0,0.0,0.0,0.0,0.0,0.0,0.0,0.0
16231,1,0.0,0.0,0.0,0.0,0.0,0.0,0.0,0.0,0.0,0.0
7620,4,0.5,0.28571428571428575,0.2463023887407299,0.5,0.4,0.5,0.2647058823529412,0.2463023887407299,0.5,0.2
22013,1,1.0,1.0,1.0,1.0,0.3333333333333333,1.0,1.0,1.0,1.0,0.3333333333333333
17118,2,0.0,0.0,0.0,0.0,0.0,0.0,0.0,0.0,0.0,0.0
11823,5,0.0,0.0,0.0,0.0,0.0,0.0,0.0,0.0,0.0,0.0
15595,7,0.0,0.0,0.0,0.0,0.0,0.14285714285714285,0.08163265306122448,0.09162544430476363,0.14285714285714285,0.1
12968,8,0.2,0.3333333333333333,0.33916020527361607,0.125,0.2,0.25,0.25,0.3327372413301053,0.25,0.2
17347,20,0.6,0.7999999999999999,0.7227265726449518,0.15,0.6,0.3,0.49090909090909096,0.46900009332067477,0.15,0.3
3629,2,0.0,0.0,0.0,0.0,0.0,0.0,0.0,0.0,0.0,0.0
18582,7,0.0,0.0,0.0,0.0,0.0,0.14285714285714285,0.08163265306122448,0.09162544430476363,0.14285714285714285,0.1
11886,27,0.2,0.3333333333333333,0.33916020527361607,0.037037037037037035,0.2,0.2,0.23636363636363636,0.2895229882348574,0.07407407407407407,0.2
17163,20,0.6,0.6666666666666666,0.6548086577531306,0.15,0.6,0.3,0.45454545454545453,0.424926013816671,0.15,0.3
19678,8,0.2,0.3333333333333333,0.33916020527361607,0.125,0.2,0.125,0.1923076923076923,0.2529427027676571,0.125,0.1
13034,2,0.5,0.0,0.0,0.5,0.2,0.5,0.0,0.0,0.5,0.1
17818,8,0.4,0.5333333333333333,0.5087403079104241,0.25,0.4,0.25,0.34615384615384615,0.37941405415148566,0.25,0.2
16819,3,0.0,0.0,0.0,0.0,0.0,0.6666666666666666,0.0,0.0,0.6666666666666666,0.2
6726,3,0.0,0.0,0.0,0.0,0.0,0.0,0.0,0.0,0.0,0.0
10459,5,0.0,0.0,0.0,0.0,0.0,0.0,0.0,0.0,0.0,0.0
22093,8,0.6,0.39999999999999997,0.4468535299918562,0.375,0.6,0.875,0.6346153846153846,0.5874682201074465,0.875,0.7
21017,5,0.2,0.26666666666666666,0.2139862647345275,0.2,0.2,0.2,0.225,0.2139862647345275,0.2,0.1
11735,29,0.6,0.5333333333333333,0.6164336326286642,0.10344827586206896,0.6,0.4,0.49090909090909085,0.47338717040861195,0.13793103448275862,0.4
5765,10,0.2,0.19999999999999998,0.16958010263680803,0.1,0.2,0.1,0.14545454545454548,0.11004588314904007,0.1,0.1
16791,10,0.2,0.13333333333333333,0.14606834984270645,0.1,0.2,0.3,0.23636363636363633,0.23680742154717777,0.3,0.3
22331,1,1.0,1.0,1.0,1.0,0.2,1.0,1.0,1.0,1.0,0.1
976,1,0.0,0.0,0.0,0.0,0.0,0.0,0.0,0.0,0.0,0.0
20912,7,0.0,0.0,0.0,0.0,0.0,0.0,0.0,0.0,0.0,0.0
9525,10,0.0,0.0,0.0,0.0,0.0,0.1,0.05454545454545456,0.06943122193677725,0.1,0.1
3562,15,0.2,0.19999999999999998,0.16958010263680803,0.06666666666666667,0.2,0.2,0.21818181818181823,0.18340980524840012,0.13333333333333333,0.2
17946,18,0.4,0.6,0.5531464700081437,0.1111111111111111,0.4,0.5,0.5090909090909091,0.5704044892860389,0.2777777777777778,0.5
3438,4,0.5,0.6428571428571429,0.6366824387328316,0.5,0.4,0.5,0.5588235294117646,0.6366824387328316,0.5,0.2
22260,2,0.0,0.0,0.0,0.0,0.0,0.0,0.0,0.0,0.0,0.0
17266,1,0.0,0.0,0.0,0.0,0.0,0.0,0.0,0.0,0.0,0.0
10023,24,0.4,0.19999999999999998,0.2772734273550482,0.08333333333333333,0.4,0.2,0.23636363636363633,0.17993148201117173,0.08333333333333333,0.2
21639,12,0.4,0.4666666666666666,0.48522855511632257,0.16666666666666666,0.4,0.2,0.3090909090909091,0.31488013066763093,0.16666666666666666,0.2
13853,3,0.0,0.0,0.0,0.0,0.0,0.3333333333333333,0.0,0.0,0.3333333333333333,0.1
17560,2,1.0,0.5555555555555556,0.6131471927654584,1.0,0.4,1.0,0.5263157894736842,0.6131471927654584,1.0,0.2
4603,5,0.0,0.0,0.0,0.0,0.0,0.2,0.0,0.0,0.2,0.1
13243,8,0.2,0.3333333333333333,0.33916020527361607,0.125,0.2,0.125,0.1923076923076923,0.2529427027676571,0.125,0.1
818,21,0.0,0.0,0.0,0.0,0.0,0.0,0.0,0.0,0.0,0.0
7292,23,0.4,0.3333333333333333,0.31564845247951445,0.08695652173913043,0.4,0.5,0.45454545454545453,0.4189179618884325,0.21739130434782608,0.5
16238,38,0.8,0.9333333333333332,0.8687949224876582,0.10526315789473684,0.8,0.5,0.6545454545454547,0.6300426811446146,0.13157894736842105,0.5
17776,22,0.6,0.7999999999999999,0.7227265726449518,0.13636363636363635,0.6,0.5,0.6,0.6086182388744239,0.22727272727272727,0.5
3826,1,0.0,0.0,0.0,0.0,0.0,0.0,0.0,0.0,0.0,0.0
4779,3,0.3333333333333333,0.0,0.0,0.3333333333333333,0.2,0.3333333333333333,0.0,0.0,0.3333333333333333,0.1
13490,1,0.0,0.0,0.0,0.0,0.0,0.0,0.0,0.0,0.0,0.0
7181,4,0.0,0.0,0.0,0.0,0.0,0.25,0.0,0.0,0.25,0.1
9399,3,0.0,0.0,0.0,0.0,0.0,0.0,0.0,0.0,0.0,0.0
3717,2,0.0,0.0,0.0,0.0,0.0,0.5,0.0,0.0,0.5,0.1
53,4,1.0,1.0,1.0,1.0,0.8,1.0,1.0,1.0,1.0,0.4
13165,8,0.0,0.0,0.0,0.0,0.0,0.0,0.0,0.0,0.0,0.0
10359,14,0.2,0.19999999999999998,0.16958010263680803,0.07142857142857142,0.2,0.1,0.14545454545454548,0.11004588314904007,0.07142857142857142,0.1
1086,7,0.2,0.3333333333333333,0.33916020527361607,0.14285714285714285,0.2,0.14285714285714285,0.2040816326530612,0.27487633291429087,0.14285714285714285,0.1
7073,16,0.6,0.7999999999999999,0.7227265726449518,0.1875,0.6,0.6,0.6363636363636365,0.6754160255557639,0.375,0.6
19243,25,0.5,0.26666666666666666,0.3868528072345415,0.04,0.5,0.5,0.16363636363636364,0.3868528072345415,0.04,0.5
1244,7,0.4,0.6,0.5531464700081437,0.2857142857142857,0.4,0.4,0.38775510204081626,0.5531464700081437,0.2857142857142857,0.4
13046,6,0.0,0.0,0.0,0.0,0.0,0.0,0.0,0.0,0.0,0.0
19861,1,0.0,0.0,0.0,0.0,0.0,0.0,0.0,0.0,0.0,0.0
20753,2,0.0,0.0,0.0,0.0,0.0,0.0,0.0,0.0,0.0,0.0
15961,13,0.0,0.0,0.0,0.0,0.0,0.0,0.0,0.0,0.0,0.0
14796,6,0.0,0.0,0.0,0.0,0.0,0.0,0.0,0.0,0.0,0.0
18113,4,0.25,0.35714285714285715,0.39038004999210163,0.25,0.2,0.25,0.2941176470588235,0.39038004999210163,0.25,0.1
978,15,0.6,0.7999999999999999,0.7227265726449518,0.2,0.6,0.3,0.49090909090909096,0.46900009332067477,0.2,0.3
9622,1,0.0,0.0,0.0,0.0,0.0,0.0,0.0,0.0,0.0,0.0
16448,2,0.0,0.0,0.0,0.0,0.0,0.0,0.0,0.0,0.0,0.0
5000,14,0.0,0.0,0.0,0.0,0.0,0.2,0.1272727272727273,0.1427951440361373,0.14285714285714285,0.2
656,4,0.0,0.0,0.0,0.0,0.0,0.25,0.0,0.0,0.25,0.1
12025,2,0.0,0.0,0.0,0.0,0.0,0.0,0.0,0.0,0.0,0.0
11724,2,0.0,0.0,0.0,0.0,0.0,0.0,0.0,0.0,0.0,0.0
16720,1,0.0,0.0,0.0,0.0,0.0,0.0,0.0,0.0,0.0,0.0
21440,1,0.0,0.0,0.0,0.0,0.0,0.0,0.0,0.0,0.0,0.0
2964,1,0.0,0.0,0.0,0.0,0.0,0.0,0.0,0.0,0.0,0.0
14810,12,0.4,0.4000000000000001,0.3600546145772339,0.16666666666666666,0.4,0.3,0.32727272727272727,0.2999050316974943,0.25,0.3
8380,18,0.2,0.06666666666666665,0.13120507751234176,0.05555555555555555,0.2,0.1,0.10909090909090909,0.08514311764162097,0.05555555555555555,0.1
8220,4,0.0,0.0,0.0,0.0,0.0,0.25,0.0,0.0,0.25,0.1
3105,3,0.6666666666666666,0.25,0.23463936301137822,0.6666666666666666,0.4,0.6666666666666666,0.2962962962962963,0.23463936301137822,0.6666666666666666,0.2
10722,20,0.6,0.5333333333333333,0.6164336326286642,0.15,0.6,0.4,0.509090909090909,0.4784215172879272,0.2,0.4
7251,3,0.6666666666666666,0.0,0.0,0.6666666666666666,0.4,0.6666666666666666,0.0,0.0,0.6666666666666666,0.2
3743,2,0.5,0.0,0.0,0.5,0.2,0.5,0.0,0.0,0.5,0.1
3280,16,0.2,0.19999999999999998,0.16958010263680803,0.0625,0.2,0.4,0.2727272727272727,0.31328481690174087,0.25,0.4
6629,1,0.0,0.0,0.0,0.0,0.0,0.0,0.0,0.0,0.0,0.0
20232,2,0.0,0.0,0.0,0.0,0.0,0.0,0.0,0.0,0.0,0.0
8787,4,0.0,0.0,0.0,0.0,0.0,0.0,0.0,0.0,0.0,0.0
16600,21,0.2,0.13333333333333333,0.14606834984270645,0.047619047619047616,0.2,0.4,0.3090909090909091,0.3088720787393924,0.19047619047619047,0.4
4379,8,0.0,0.0,0.0,0.0,0.0,0.0,0.0,0.0,0.0,0.0
19386,1,0.0,0.0,0.0,0.0,0.0,0.0,0.0,0.0,0.0,0.0
20990,1,0.0,0.0,0.0,0.0,0.0,0.0,0.0,0.0,0.0,0.0
7470,11,0.0,0.0,0.0,0.0,0.0,0.0,0.0,0.0,0.0,0.0
7704,7,0.0,0.0,0.0,0.0,0.0,0.14285714285714285,0.0,0.0,0.14285714285714285,0.1
3387,1,0.0,0.0,0.0,0.0,0.0,0.0,0.0,0.0,0.0,0.0
543,4,0.0,0.0,0.0,0.0,0.0,0.0,0.0,0.0,0.0,0.0
8651,3,0.6666666666666666,0.33333333333333337,0.29608191096586517,0.6666666666666666,0.4,1.0,0.3333333333333333,0.29608191096586517,1.0,0.3
13487,3,0.3333333333333333,0.4166666666666667,0.46927872602275644,0.3333333333333333,0.2,0.3333333333333333,0.37037037037037035,0.46927872602275644,0.3333333333333333,0.16666666666666666
3101,3,0.0,0.0,0.0,0.0,0.0,0.0,0.0,0.0,0.0,0.0
3638,13,0.0,0.0,0.0,0.0,0.0,0.0,0.0,0.0,0.0,0.0
13258,6,0.0,0.0,0.0,0.0,0.0,0.0,0.0,0.0,0.0,0.0
10432,5,0.0,0.0,0.0,0.0,0.0,0.0,0.0,0.0,0.0,0.0
9013,2,0.0,0.0,0.0,0.0,0.0,0.0,0.0,0.0,0.0,0.0
11137,5,0.0,0.0,0.0,0.0,0.0,0.0,0.0,0.0,0.0,0.0
5965,5,0.4,0.4000000000000001,0.3600546145772339,0.4,0.4,0.4,0.4,0.3600546145772339,0.4,0.2
1814,12,0.2,0.3333333333333333,0.33916020527361607,0.08333333333333333,0.2,0.2,0.2727272727272727,0.2984900352767555,0.16666666666666666,0.2
13746,1,0.0,0.0,0.0,0.0,0.0,0.0,0.0,0.0,0.0,0.0
12083,20,0.0,0.0,0.0,0.0,0.0,0.1,0.018181818181818177,0.0636207881989517,0.05,0.1
10879,10,0.2,0.3333333333333333,0.33916020527361607,0.1,0.2,0.1,0.18181818181818182,0.22009176629808014,0.1,0.1
6170,4,0.0,0.0,0.0,0.0,0.0,0.0,0.0,0.0,0.0,0.0
9857,2,0.0,0.0,0.0,0.0,0.0,0.0,0.0,0.0,0.0,0.0
10290,5,0.0,0.0,0.0,0.0,0.0,0.0,0.0,0.0,0.0,0.0
9382,10,0.4,0.5333333333333333,0.5087403079104241,0.2,0.4,0.3,0.38181818181818183,0.3995688713838974,0.3,0.3
18163,5,0.4,0.4666666666666666,0.38356636737133554,0.4,0.4,0.6,0.42500000000000004,0.38356636737133554,0.6,0.3
1804,11,0.4,0.6,0.5531464700081437,0.18181818181818182,0.4,0.4,0.509090909090909,0.5107164012496701,0.36363636363636365,0.4
3906,23,0.2,0.3333333333333333,0.33916020527361607,0.043478260869565216,0.2,0.2,0.2727272727272727,0.2984900352767555,0.08695652173913043,0.2
5055,2,0.5,0.5555555555555556,0.6131471927654584,0.5,0.2,0.5,0.5263157894736842,0.6131471927654584,0.5,0.1
14800,30,0.4,0.4666666666666666,0.38356636737133554,0.06666666666666667,0.4,0.3,0.38181818181818183,0.3222722491219546,0.1,0.3
4048,2,0.0,0.0,0.0,0.0,0.0,0.0,0.0,0.0,0.0,0.0
22210,1,0.0,0.0,0.0,0.0,0.0,0.0,0.0,0.0,0.0,0.0
11390,4,0.0,0.0,0.0,0.0,0.0,0.0,0.0,0.0,0.0,0.0
10532,16,0.0,0.0,0.0,0.0,0.0,0.3,0.21818181818181823,0.22119341301481263,0.1875,0.3
15132,4,0.0,0.0,0.0,0.0,0.0,0.0,0.0,0.0,0.0,0.0
3703,10,0.0,0.0,0.0,0.0,0.0,0.1,0.018181818181818177,0.0636207881989517,0.1,0.1
21633,2,0.0,0.0,0.0,0.0,0.0,0.0,0.0,0.0,0.0,0.0
6964,4,0.0,0.0,0.0,0.0,0.0,0.25,0.0,0.0,0.25,0.1
21941,1,0.0,0.0,0.0,0.0,0.0,0.0,0.0,0.0,0.0,0.0
4826,1,0.0,0.0,0.0,0.0,0.0,0.0,0.0,0.0,0.0,0.0
19465,1,0.0,0.0,0.0,0.0,0.0,0.0,0.0,0.0,0.0,0.0
7395,14,0.2,0.3333333333333333,0.33916020527361607,0.07142857142857142,0.2,0.2,0.23636363636363636,0.2895229882348574,0.14285714285714285,0.2
5309,16,0.4,0.19999999999999998,0.2772734273550482,0.125,0.4,0.4,0.39999999999999997,0.3316936730892071,0.25,0.4
8577,1,0.0,0.0,0.0,0.0,0.0,0.0,0.0,0.0,0.0,0.0
14267,34,0.4,0.6,0.5531464700081437,0.058823529411764705,0.4,0.3,0.43636363636363634,0.43735247915031,0.08823529411764706,0.3
13912,1,1.0,1.0,1.0,1.0,0.2,1.0,1.0,1.0,1.0,0.1
12319,5,0.6,0.6666666666666666,0.6548086577531306,0.6,0.6,0.6,0.625,0.6548086577531306,0.6,0.3
9252,2,0.0,0.0,0.0,0.0,0.0,0.0,0.0,0.0,0.0,0.0
8698,25,0.4,0.4666666666666666,0.48522855511632257,0.08,0.4,0.4,0.43636363636363645,0.45767527470376823,0.16,0.4
10549,17,0.6,0.39999999999999997,0.4468535299918562,0.17647058823529413,0.6,0.7,0.5636363636363636,0.5626475208496898,0.4117647058823529,0.7
8436,22,0.0,0.0,0.0,0.0,0.0,0.0,0.0,0.0,0.0,0.0
15269,19,0.0,0.0,0.0,0.0,0.0,0.0,0.0,0.0,0.0,0.0
659,1,0.0,0.0,0.0,0.0,0.0,0.0,0.0,0.0,0.0,0.0
7435,13,0.2,0.06666666666666665,0.13120507751234176,0.07692307692307693,0.2,0.1,0.10909090909090909,0.08514311764162097,0.07692307692307693,0.1
5262,4,0.0,0.0,0.0,0.0,0.0,0.25,0.0,0.0,0.25,0.1
12392,2,0.5,0.4444444444444445,0.3868528072345415,0.5,0.2,0.5,0.4736842105263158,0.3868528072345415,0.5,0.1
12550,2,0.5,0.0,0.0,0.5,0.2,1.0,0.0,0.0,1.0,0.2
20932,4,0.0,0.0,0.0,0.0,0.0,0.5,0.0,0.0,0.5,0.2
14968,5,0.0,0.0,0.0,0.0,0.0,0.0,0.0,0.0,0.0,0.0
21154,10,0.4,0.3333333333333333,0.31564845247951445,0.2,0.4,0.4,0.38181818181818183,0.3468533046962179,0.4,0.4
14594,3,0.0,0.0,0.0,0.0,0.0,0.0,0.0,0.0,0.0,0.0
21208,2,0.0,0.0,0.0,0.0,0.0,0.0,0.0,0.0,0.0,0.0
2387,12,0.0,0.0,0.0,0.0,0.0,0.1,0.09090909090909091,0.07839826897867533,0.08333333333333333,0.1
17972,8,0.0,0.0,0.0,0.0,0.0,0.125,0.07692307692307693,0.08431423425588572,0.125,0.125
1224,6,0.0,0.0,0.0,0.0,0.0,0.0,0.0,0.0,0.0,0.0
2384,2,1.0,0.5555555555555556,0.6131471927654584,1.0,0.4,1.0,0.5263157894736842,0.6131471927654584,1.0,0.2
16196,1,0.0,0.0,0.0,0.0,0.0,1.0,0.0,0.0,1.0,0.1
7120,2,0.0,0.0,0.0,0.0,0.0,0.0,0.0,0.0,0.0,0.0
11750,25,0.0,0.0,0.0,0.0,0.0,0.2,0.16363636363636364,0.1517621910780354,0.08,0.2
15288,1,0.0,0.0,0.0,0.0,0.0,0.0,0.0,0.0,0.0,0.0
3069,11,0.0,0.0,0.0,0.0,0.0,0.0,0.0,0.0,0.0,0.0
20475,2,0.0,0.0,0.0,0.0,0.0,0.0,0.0,0.0,0.0,0.0
8265,3,0.0,0.0,0.0,0.0,0.0,0.3333333333333333,0.0,0.0,0.3333333333333333,0.1
10180,9,0.2,0.26666666666666666,0.2139862647345275,0.1111111111111111,0.2,0.2222222222222222,0.25925925925925924,0.23202214456934253,0.2222222222222222,0.2
19631,3,0.0,0.0,0.0,0.0,0.0,0.0,0.0,0.0,0.0,0.0
21304,5,0.0,0.0,0.0,0.0,0.0,0.0,0.0,0.0,0.0,0.0
6071,2,0.0,0.0,0.0,0.0,0.0,0.5,0.0,0.0,0.5,0.1
3250,11,0.2,0.26666666666666666,0.2139862647345275,0.09090909090909091,0.2,0.1,0.16363636363636364,0.1388624438735545,0.09090909090909091,0.1
17684,1,0.0,0.0,0.0,0.0,0.0,0.0,0.0,0.0,0.0,0.0
2664,18,0.4,0.4666666666666666,0.48522855511632257,0.1111111111111111,0.4,0.4,0.4181818181818182,0.456899187845258,0.2222222222222222,0.4
11418,1,0.0,0.0,0.0,0.0,0.0,0.0,0.0,0.0,0.0,0.0
4492,3,0.6666666666666666,0.33333333333333337,0.29608191096586517,0.6666666666666666,0.4,0.6666666666666666,0.3333333333333333,0.29608191096586517,0.6666666666666666,0.3333333333333333
5828,1,0.0,0.0,0.0,0.0,0.0,0.0,0.0,0.0,0.0,0.0
17873,17,0.6,0.6,0.529634717214042,0.17647058823529413,0.6,0.6,0.6000000000000001,0.5527460588826717,0.35294117647058826,0.6
10922,2,0.0,0.0,0.0,0.0,0.0,0.0,0.0,0.0,0.0,0.0
18980,3,0.0,0.0,0.0,0.0,0.0,0.0,0.0,0.0,0.0,0.0
22130,3,0.0,0.0,0.0,0.0,0.0,0.0,0.0,0.0,0.0,0.0
4431,2,0.0,0.0,0.0,0.0,0.0,0.5,0.0,0.0,0.5,0.1
16186,1,0.0,0.0,0.0,0.0,0.0,0.0,0.0,0.0,0.0,0.0
14107,1,0.0,0.0,0.0,0.0,0.0,0.0,0.0,0.0,0.0,0.0
17658,8,0.0,0.0,0.0,0.0,0.0,0.125,0.0,0.0,0.125,0.1
2117,3,0.0,0.0,0.0,0.0,0.0,0.0,0.0,0.0,0.0,0.0
872,3,0.3333333333333333,0.25,0.23463936301137822,0.3333333333333333,0.2,0.3333333333333333,0.2962962962962963,0.23463936301137822,0.3333333333333333,0.1
3577,4,0.0,0.0,0.0,0.0,0.0,0.0,0.0,0.0,0.0,0.0
20645,2,0.0,0.0,0.0,0.0,0.0,0.0,0.0,0.0,0.0,0.0
8415,3,0.0,0.0,0.0,0.0,0.0,0.3333333333333333,0.0,0.0,0.3333333333333333,0.1
14933,2,0.5,0.0,0.0,0.5,0.2,0.5,0.0,0.0,0.5,0.1
13337,10,0.0,0.0,0.0,0.0,0.0,0.1,0.018181818181818177,0.0636207881989517,0.1,0.1
20958,14,0.0,0.0,0.0,0.0,0.0,0.0,0.0,0.0,0.0,0.0
20543,1,0.0,0.0,0.0,0.0,0.0,0.0,0.0,0.0,0.0,0.0
10071,7,0.0,0.0,0.0,0.0,0.0,0.0,0.0,0.0,0.0,0.0
13650,3,0.0,0.0,0.0,0.0,0.0,0.0,0.0,0.0,0.0,0.0
13240,10,0.8,0.8666666666666666,0.8539316501572936,0.4,0.8,0.5,0.6545454545454547,0.623574432899073,0.5,0.5
20398,1,0.0,0.0,0.0,0.0,0.0,0.0,0.0,0.0,0.0,0.0
8547,10,0.0,0.0,0.0,0.0,0.0,0.0,0.0,0.0,0.0,0.0
3613,2,0.0,0.0,0.0,0.0,0.0,0.0,0.0,0.0,0.0,0.0
13556,7,0.4,0.6,0.5531464700081437,0.2857142857142857,0.4,0.42857142857142855,0.38775510204081626,0.4483039899025303,0.42857142857142855,0.3
14072,13,0.0,0.0,0.0,0.0,0.0,0.1,0.05454545454545456,0.06943122193677725,0.07692307692307693,0.1
15904,5,0.0,0.0,0.0,0.0,0.0,0.0,0.0,0.0,0.0,0.0
8665,5,0.0,0.0,0.0,0.0,0.0,0.0,0.0,0.0,0.0,0.0
19055,1,0.0,0.0,0.0,0.0,0.0,0.0,0.0,0.0,0.0,0.0
18687,8,0.2,0.13333333333333333,0.14606834984270645,0.125,0.2,0.2,0.1346153846153846,0.14606834984270645,0.125,0.2
9335,4,0.5,0.2142857142857143,0.19519002499605081,0.5,0.4,0.5,0.23529411764705882,0.19519002499605081,0.5,0.2
10077,23,0.2,0.3333333333333333,0.33916020527361607,0.043478260869565216,0.2,0.4,0.3818181818181818,0.43810818083050457,0.17391304347826086,0.4
7204,4,0.0,0.0,0.0,0.0,0.0,0.0,0.0,0.0,0.0,0.0
20105,12,0.4,0.6,0.5531464700081437,0.16666666666666666,0.4,0.5,0.49090909090909085,0.5653701424067237,0.4166666666666667,0.5
5619,1,0.0,0.0,0.0,0.0,0.0,0.0,0.0,0.0,0.0,0.0
20117,22,0.0,0.0,0.0,0.0,0.0,0.2,0.16363636363636364,0.1517621910780354,0.09090909090909091,0.2
7128,18,0.0,0.0,0.0,0.0,0.0,0.1,0.07272727272727274,0.07336392209936006,0.05555555555555555,0.1
19732,5,0.2,0.3333333333333333,0.33916020527361607,0.2,0.2,0.4,0.25,0.33916020527361607,0.4,0.2
10444,2,0.0,0.0,0.0,0.0,0.0,0.0,0.0,0.0,0.0,0.0
8325,3,0.0,0.0,0.0,0.0,0.0,0.0,0.0,0.0,0.0,0.0
955,19,0.4,0.6,0.5531464700081437,0.10526315789473684,0.4,0.6,0.6,0.6464018466408363,0.3157894736842105,0.6
18454,7,0.0,0.0,0.0,0.0,0.0,0.2857142857142857,0.1020408163265306,0.0979129253499678,0.2857142857142857,0.2
21043,1,0.0,0.0,0.0,0.0,0.0,0.0,0.0,0.0,0.0,0.0
8603,15,0.4,0.4666666666666666,0.48522855511632257,0.13333333333333333,0.4,0.3,0.3272727272727272,0.3785009188665826,0.2,0.3
19242,17,0.6,0.6666666666666666,0.6843515475204854,0.17647058823529413,0.6,0.3,0.45454545454545453,0.44409732781325567,0.17647058823529413,0.3
12364,3,0.0,0.0,0.0,0.0,0.0,0.0,0.0,0.0,0.0,0.0
21464,3,0.0,0.0,0.0,0.0,0.0,0.0,0.0,0.0,0.0,0.0
14646,4,0.0,0.0,0.0,0.0,0.0,0.0,0.0,0.0,0.0,0.0
3687,5,0.2,0.13333333333333333,0.14606834984270645,0.2,0.2,0.2,0.175,0.14606834984270645,0.2,0.1
8146,6,0.2,0.06666666666666665,0.13120507751234176,0.16666666666666666,0.2,0.3333333333333333,0.13333333333333333,0.11706259313796352,0.3333333333333333,0.2
2957,3,0.0,0.0,0.0,0.0,0.0,0.3333333333333333,0.0,0.0,0.3333333333333333,0.1
510,3,0.0,0.0,0.0,0.0,0.0,0.3333333333333333,0.0,0.0,0.3333333333333333,0.1
21599,3,0.3333333333333333,0.0,0.0,0.3333333333333333,0.2,0.3333333333333333,0.0,0.0,0.3333333333333333,0.16666666666666666
16751,1,0.0,0.0,0.0,0.0,0.0,0.0,0.0,0.0,0.0,0.0
212,10,0.2,0.3333333333333333,0.33916020527361607,0.1,0.2,0.2,0.21818181818181817,0.28634598975246917,0.2,0.2
7095,1,0.0,0.0,0.0,0.0,0.0,0.0,0.0,0.0,0.0,0.0
11235,18,0.2,0.3333333333333333,0.33916020527361607,0.05555555555555555,0.2,0.2,0.21818181818181817,0.28634598975246917,0.1111111111111111,0.2
17496,20,0.4,0.4666666666666666,0.48522855511632257,0.1,0.4,0.4,0.43636363636363645,0.45953262310069537,0.2,0.4
14857,13,0.0,0.0,0.0,0.0,0.0,0.0,0.0,0.0,0.0,0.0
10583,1,0.0,0.0,0.0,0.0,0.0,0.0,0.0,0.0,0.0,0.0
8094,18,0.0,0.0,0.0,0.0,0.0,0.1,0.018181818181818177,0.0636207881989517,0.05555555555555555,0.1
3001,1,0.0,0.0,0.0,0.0,0.0,0.0,0.0,0.0,0.0,0.0
16399,1,0.0,0.0,0.0,0.0,0.0,0.0,0.0,0.0,0.0,0.0
11273,2,0.5,0.4444444444444445,0.3868528072345415,0.5,0.2,0.5,0.4736842105263158,0.3868528072345415,0.5,0.1
6070,1,0.0,0.0,0.0,0.0,0.0,0.0,0.0,0.0,0.0,0.0
6973,5,0.2,0.19999999999999998,0.16958010263680803,0.2,0.2,0.6,0.2,0.16958010263680803,0.6,0.3
4177,1,0.0,0.0,0.0,0.0,0.0,0.0,0.0,0.0,0.0,0.0
903,8,0.0,0.0,0.0,0.0,0.0,0.0,0.0,0.0,0.0,0.0
17044,19,0.4,0.5333333333333333,0.5087403079104241,0.10526315789473684,0.4,0.3,0.38181818181818183,0.3995688713838974,0.15789473684210525,0.3
19049,11,0.6,0.46666666666666673,0.4912596920895757,0.2727272727272727,0.6,0.3,0.4,0.31879392588472627,0.2727272727272727,0.3
20461,12,0.0,0.0,0.0,0.0,0.0,0.125,0.07272727272727274,0.08431423425588572,0.08333333333333333,0.125
22373,2,0.0,0.0,0.0,0.0,0.0,0.0,0.0,0.0,0.0,0.0
17687,15,0.2,0.13333333333333333,0.14606834984270645,0.06666666666666667,0.2,0.2,0.14545454545454545,0.15840915256850246,0.13333333333333333,0.2
17072,1,0.0,0.0,0.0,0.0,0.0,0.0,0.0,0.0,0.0,0.0
12497,6,0.4,0.4000000000000001,0.3600546145772339,0.3333333333333333,0.4,0.5,0.35555555555555557,0.32124463208930526,0.5,0.3
9781,4,0.25,0.35714285714285715,0.39038004999210163,0.25,0.2,0.25,0.2941176470588235,0.39038004999210163,0.25,0.1
10429,29,0.6,0.6666666666666666,0.6843515475204854,0.10344827586206896,0.6,0.6,0.6545454545454544,0.6621137423456801,0.20689655172413793,0.6
13737,6,0.6,0.46666666666666673,0.4912596920895757,0.5,0.6,0.5,0.48888888888888893,0.4383072252272688,0.5,0.3333333333333333
22015,2,0.5,0.4444444444444445,0.3868528072345415,0.5,0.2,0.5,0.4736842105263158,0.3868528072345415,0.5,0.1111111111111111
11579,10,0.0,0.0,0.0,0.0,0.0,0.1,0.09090909090909091,0.07839826897867533,0.1,0.1
1195,1,1.0,1.0,1.0,1.0,0.2,1.0,1.0,1.0,1.0,0.1
6887,1,0.0,0.0,0.0,0.0,0.0,0.0,0.0,0.0,0.0,0.0
18964,24,0.6,0.6666666666666666,0.6548086577531306,0.125,0.6,0.5,0.6181818181818182,0.5766882048947064,0.20833333333333334,0.5
20635,1,0.0,0.0,0.0,0.0,0.0,0.0,0.0,0.0,0.0,0.0
489,2,0.0,0.0,0.0,0.0,0.0,0.0,0.0,0.0,0.0,0.0
13993,1,0.0,0.0,0.0,0.0,0.0,0.0,0.0,0.0,0.0,0.0
21224,8,0.0,0.0,0.0,0.0,0.0,0.0,0.0,0.0,0.0,0.0
4469,3,0.0,0.0,0.0,0.0,0.0,0.0,0.0,0.0,0.0,0.0
6754,4,0.0,0.0,0.0,0.0,0.0,0.25,0.0,0.0,0.25,0.1
3598,2,0.0,0.0,0.0,0.0,0.0,0.0,0.0,0.0,0.0,0.0
3965,8,0.0,0.0,0.0,0.0,0.0,0.0,0.0,0.0,0.0,0.0
12879,9,0.6,0.7333333333333334,0.6992148198508501,0.3333333333333333,0.6,0.5555555555555556,0.648148148148148,0.6466448186676232,0.5555555555555556,0.5
1482,13,0.0,0.0,0.0,0.0,0.0,0.4,0.23636363636363641,0.2848142012137644,0.3076923076923077,0.4
11085,16,0.2,0.26666666666666666,0.2139862647345275,0.0625,0.2,0.1,0.16363636363636364,0.1388624438735545,0.0625,0.1
20390,6,0.2,0.19999999999999998,0.16958010263680803,0.16666666666666666,0.2,0.16666666666666666,0.17777777777777778,0.15130120674940672,0.16666666666666666,0.1
17832,28,1.0,1.0,1.0,0.17857142857142858,1.0,0.8,0.9090909090909091,0.8630152897016882,0.2857142857142857,0.8
376,13,0.2,0.06666666666666665,0.13120507751234176,0.07692307692307693,0.2,0.1,0.10909090909090909,0.08514311764162097,0.07692307692307693,0.1
20235,1,1.0,1.0,1.0,1.0,0.3333333333333333,1.0,1.0,1.0,1.0,0.3333333333333333
3440,14,0.4,0.19999999999999998,0.2772734273550482,0.14285714285714285,0.4,0.4,0.39999999999999997,0.3316936730892071,0.2857142857142857,0.4
1033,10,0.2,0.26666666666666666,0.2139862647345275,0.1,0.2,0.2,0.18181818181818182,0.2024832320725062,0.2,0.2
1356,22,0.4,0.3333333333333333,0.31564845247951445,0.09090909090909091,0.4,0.7,0.5454545454545455,0.5559026721867442,0.3181818181818182,0.7
13465,2,0.0,0.0,0.0,0.0,0.0,1.0,0.0,0.0,1.0,0.2
18011,8,0.2,0.06666666666666665,0.13120507751234176,0.125,0.2,0.125,0.11538461538461538,0.09785159463516041,0.125,0.1
17633,19,0.6,0.7999999999999999,0.7227265726449518,0.15789473684210525,0.6,0.4,0.5454545454545454,0.538431315257452,0.21052631578947367,0.4
3808,12,0.4,0.3333333333333333,0.34519134224686926,0.16666666666666666,0.4,0.3,0.32727272727272727,0.29343678345195273,0.25,0.3
17331,1,0.0,0.0,0.0,0.0,0.0,0.0,0.0,0.0,0.0,0.0
8444,12,0.2,0.13333333333333333,0.14606834984270645,0.08333333333333333,0.2,0.2,0.18181818181818182,0.16421958630632802,0.16666666666666666,0.2
13663,9,0.6,0.5333333333333333,0.5147714448836773,0.3333333333333333,0.6,0.4444444444444444,0.48148148148148157,0.43089665118144516,0.4444444444444444,0.4
13295,15,0.2,0.3333333333333333,0.33916020527361607,0.06666666666666667,0.2,0.1,0.18181818181818182,0.22009176629808014,0.06666666666666667,0.1
15723,3,0.6666666666666666,0.33333333333333337,0.29608191096586517,0.6666666666666666,0.4,0.6666666666666666,0.3333333333333333,0.29608191096586517,0.6666666666666666,0.4
17355,8,0.4,0.4666666666666666,0.48522855511632257,0.25,0.4,0.375,0.3269230769230769,0.3618791953854131,0.375,0.3
6246,13,0.4,0.26666666666666666,0.3007851801491498,0.15384615384615385,0.4,0.4,0.3636363636363636,0.33480714634441017,0.3076923076923077,0.4
2571,21,0.6,0.7333333333333334,0.6992148198508501,0.14285714285714285,0.6,0.4,0.509090909090909,0.5199967979955745,0.19047619047619047,0.4
1045,25,0.8,0.8666666666666666,0.8539316501572936,0.16,0.8,0.6,0.7090909090909091,0.6961622681399229,0.24,0.6
5962,2,0.0,0.0,0.0,0.0,0.0,0.5,0.0,0.0,0.5,0.1
17892,3,0.0,0.0,0.0,0.0,0.0,0.0,0.0,0.0,0.0,0.0
13355,3,0.0,0.0,0.0,0.0,0.0,0.3333333333333333,0.0,0.0,0.3333333333333333,0.1
14068,3,0.0,0.0,0.0,0.0,0.0,0.0,0.0,0.0,0.0,0.0
15588,11,0.4,0.4000000000000001,0.3600546145772339,0.18181818181818182,0.4,0.2,0.29090909090909095,0.23365080824310527,0.18181818181818182,0.2
1411,9,0.0,0.0,0.0,0.0,0.0,0.1111111111111111,0.07407407407407407,0.07834851647149513,0.1111111111111111,0.1
16086,2,0.0,0.0,0.0,0.0,0.0,0.5,0.0,0.0,0.5,0.1
4271,3,0.0,0.0,0.0,0.0,0.0,0.0,0.0,0.0,0.0,0.0
14491,9,0.0,0.0,0.0,0.0,0.0,0.0,0.0,0.0,0.0,0.0
12552,4,0.25,0.0,0.0,0.25,0.2,0.5,0.0,0.0,0.5,0.2
10600,17,0.4,0.6,0.5531464700081437,0.11764705882352941,0.4,0.4,0.43636363636363634,0.4959389204699464,0.23529411764705882,0.4
9820,1,0.0,0.0,0.0,0.0,0.0,0.0,0.0,0.0,0.0,0.0
8858,1,0.0,0.0,0.0,0.0,0.0,0.0,0.0,0.0,0.0,0.0
8412,8,0.6,0.5333333333333333,0.5147714448836773,0.375,0.6,0.625,0.44230769230769235,0.38391202314388534,0.625,0.5
516,7,0.0,0.0,0.0,0.0,0.0,0.14285714285714285,0.0,0.0,0.14285714285714285,0.1
1728,4,0.0,0.0,0.0,0.0,0.0,0.0,0.0,0.0,0.0,0.0
2142,1,0.0,0.0,0.0,0.0,0.0,0.0,0.0,0.0,0.0,0.0
7346,8,0.0,0.0,0.0,0.0,0.0,0.0,0.0,0.0,0.0,0.0
5806,1,0.0,0.0,0.0,0.0,0.0,0.0,0.0,0.0,0.0,0.0
4103,4,0.25,0.2142857142857143,0.19519002499605081,0.25,0.2,0.75,0.23529411764705882,0.19519002499605081,0.75,0.3
6512,1,1.0,0.0,0.0,1.0,0.2,1.0,0.0,0.0,1.0,0.1
6717,19,0.2,0.06666666666666665,0.13120507751234176,0.05263157894736842,0.2,0.2,0.12727272727272726,0.14876390584057267,0.10526315789473684,0.2
13480,22,0.0,0.0,0.0,0.0,0.0,0.1,0.036363636363636355,0.06625422345438903,0.045454545454545456,0.1
21557,9,0.0,0.0,0.0,0.0,0.0,0.1111111111111111,0.03703703703703703,0.0707557607210806,0.1111111111111111,0.1
155,5,0.2,0.26666666666666666,0.2139862647345275,0.2,0.2,0.2,0.225,0.2139862647345275,0.2,0.1
3053,9,0.0,0.0,0.0,0.0,0.0,0.0,0.0,0.0,0.0,0.0
1049,9,0.0,0.0,0.0,0.0,0.0,0.0,0.0,0.0,0.0,0.0
13252,9,0.2,0.26666666666666666,0.2139862647345275,0.1111111111111111,0.2,0.1111111111111111,0.16666666666666666,0.14829723057014907,0.1111111111111111,0.1
12609,5,0.4,0.5333333333333333,0.5087403079104241,0.4,0.4,0.6,0.45,0.5087403079104241,0.6,0.3
12660,6,0.0,0.0,0.0,0.0,0.0,0.16666666666666666,0.1111111111111111,0.10778915452451095,0.16666666666666666,0.14285714285714285
1378,20,0.2,0.3333333333333333,0.33916020527361607,0.05,0.2,0.2,0.23636363636363636,0.2895229882348574,0.1,0.2
14186,12,0.2,0.26666666666666666,0.2139862647345275,0.08333333333333333,0.2,0.1,0.16363636363636364,0.1388624438735545,0.08333333333333333,0.1
15378,6,0.0,0.0,0.0,0.0,0.0,0.0,0.0,0.0,0.0,0.0
15120,14,0.4,0.3333333333333333,0.31564845247951445,0.14285714285714285,0.4,0.2,0.2727272727272727,0.20483424751859083,0.14285714285714285,0.2
7102,2,0.0,0.0,0.0,0.0,0.0,0.0,0.0,0.0,0.0,0.0
3891,18,0.4,0.4000000000000001,0.3600546145772339,0.1111111111111111,0.4,0.4,0.45454545454545453,0.38541299932114065,0.2222222222222222,0.4
10711,38,0.8,0.8666666666666666,0.8539316501572936,0.10526315789473684,0.8,0.6,0.7636363636363637,0.7059054020403311,0.15789473684210525,0.6
20808,17,0.6,0.6,0.529634717214042,0.17647058823529413,0.6,0.3,0.43636363636363645,0.34369669139214537,0.17647058823529413,0.3
19619,5,0.2,0.19999999999999998,0.16958010263680803,0.2,0.2,0.4,0.2,0.16958010263680803,0.4,0.2222222222222222
1407,1,0.0,0.0,0.0,0.0,0.0,0.0,0.0,0.0,0.0,0.0
15590,19,0.4,0.5333333333333333,0.5087403079104241,0.10526315789473684,0.4,0.3,0.34545454545454546,0.3937584376460719,0.15789473684210525,0.3
21175,11,0.2,0.06666666666666665,0.13120507751234176,0.09090909090909091,0.2,0.2,0.2,0.1635413866202963,0.18181818181818182,0.2
20210,12,0.4,0.5333333333333333,0.5087403079104241,0.16666666666666666,0.4,0.2,0.32727272727272727,0.3301376494471202,0.16666666666666666,0.2
8442,6,0.0,0.0,0.0,0.0,0.0,0.0,0.0,0.0,0.0,0.0
17006,1,0.0,0.0,0.0,0.0,0.0,0.0,0.0,0.0,0.0,0.0
14133,2,0.0,0.0,0.0,0.0,0.0,0.0,0.0,0.0,0.0,0.0
6815,2,0.0,0.0,0.0,0.0,0.0,0.0,0.0,0.0,0.0,0.0
12897,7,0.2,0.19999999999999998,0.16958010263680803,0.14285714285714285,0.2,0.5714285714285714,0.3469387755102041,0.3269765361118769,0.5714285714285714,0.4
9561,4,0.0,0.0,0.0,0.0,0.0,0.0,0.0,0.0,0.0,0.0
21146,3,0.0,0.0,0.0,0.0,0.0,0.0,0.0,0.0,0.0,0.0
15944,10,0.2,0.3333333333333333,0.33916020527361607,0.1,0.2,0.2,0.2727272727272727,0.2984900352767555,0.2,0.2
8779,6,0.0,0.0,0.0,0.0,0.0,0.16666666666666666,0.0,0.0,0.16666666666666666,0.1
531,4,0.25,0.2142857142857143,0.19519002499605081,0.25,0.2,0.25,0.23529411764705882,0.19519002499605081,0.25,0.1
156,2,0.0,0.0,0.0,0.0,0.0,0.5,0.0,0.0,0.5,0.1
18759,1,0.0,0.0,0.0,0.0,0.0,0.0,0.0,0.0,0.0,0.0
9794,2,0.0,0.0,0.0,0.0,0.0,0.0,0.0,0.0,0.0,0.0
19895,3,0.0,0.0,0.0,0.0,0.0,0.3333333333333333,0.0,0.0,0.3333333333333333,0.1
5890,2,0.0,0.0,0.0,0.0,0.0,0.0,0.0,0.0,0.0,0.0
7458,11,0.2,0.26666666666666666,0.2139862647345275,0.09090909090909091,0.2,0.2,0.2,0.2051166673279435,0.18181818181818182,0.2
19434,8,0.2,0.06666666666666665,0.13120507751234176,0.125,0.2,0.125,0.11538461538461538,0.09785159463516041,0.125,0.1
9001,32,0.2,0.19999999999999998,0.16958010263680803,0.03125,0.2,0.3,0.2727272727272727,0.2546983755821044,0.09375,0.3
17779,1,0.0,0.0,0.0,0.0,0.0,0.0,0.0,0.0,0.0,0.0
12860,3,0.0,0.0,0.0,0.0,0.0,0.0,0.0,0.0,0.0,0.0
592,3,0.0,0.0,0.0,0.0,0.0,0.0,0.0,0.0,0.0,0.0
3065,23,0.2,0.26666666666666666,0.2139862647345275,0.043478260869565216,0.2,0.2,0.2545454545454545,0.21726071285222984,0.08695652173913043,0.2
8572,4,0.25,0.35714285714285715,0.39038004999210163,0.25,0.2,0.5,0.2941176470588235,0.39038004999210163,0.5,0.2
18785,35,0.6,0.6,0.6399453854227659,0.08571428571428572,0.6,0.6,0.5818181818181818,0.6216966993238302,0.17142857142857143,0.6
15073,6,0.2,0.3333333333333333,0.33916020527361607,0.16666666666666666,0.2,0.3333333333333333,0.2222222222222222,0.30260241349881345,0.3333333333333333,0.2
3680,10,0.0,0.0,0.0,0.0,0.0,0.0,0.0,0.0,0.0,0.0
8516,7,0.0,0.0,0.0,0.0,0.0,0.0,0.0,0.0,0.0,0.0
2211,2,0.0,0.0,0.0,0.0,0.0,0.0,0.0,0.0,0.0,0.0
1874,3,0.6666666666666666,0.75,0.7653606369886217,0.6666666666666666,0.4,0.6666666666666666,0.7037037037037036,0.7653606369886217,0.6666666666666666,0.2
2663,15,0.6,0.6666666666666666,0.6548086577531306,0.2,0.6,0.6,0.6181818181818182,0.6363762929310752,0.4,0.6
10287,1,0.0,0.0,0.0,0.0,0.0,0.0,0.0,0.0,0.0,0.0
7981,9,0.0,0.0,0.0,0.0,0.0,0.1111111111111111,0.03703703703703703,0.0707557607210806,0.1111111111111111,0.1
13196,15,0.0,0.0,0.0,0.0,0.0,0.0,0.0,0.0,0.0,0.0
4038,1,0.0,0.0,0.0,0.0,0.0,0.0,0.0,0.0,0.0,0.0
8726,7,0.0,0.0,0.0,0.0,0.0,0.14285714285714285,0.0,0.0,0.14285714285714285,0.1
19926,1,0.0,0.0,0.0,0.0,0.0,0.0,0.0,0.0,0.0,0.0
1018,43,0.0,0.0,0.0,0.0,0.0,0.0,0.0,0.0,0.0,0.0
16789,18,0.2,0.26666666666666666,0.2139862647345275,0.05555555555555555,0.2,0.1,0.16363636363636364,0.1388624438735545,0.05555555555555555,0.1
19363,5,0.0,0.0,0.0,0.0,0.0,0.2,0.0,0.0,0.2,0.1
4585,2,0.0,0.0,0.0,0.0,0.0,0.5,0.0,0.0,0.5,0.1
3517,11,0.2,0.13333333333333333,0.14606834984270645,0.09090909090909091,0.2,0.1,0.12727272727272726,0.09478836436955078,0.09090909090909091,0.1
15034,2,0.0,0.0,0.0,0.0,0.0,0.0,0.0,0.0,0.0,0.0
4764,2,0.5,0.0,0.0,0.5,0.2,0.5,0.0,0.0,0.5,0.1
11498,3,0.0,0.0,0.0,0.0,0.0,0.0,0.0,0.0,0.0,0.0
19868,14,0.4,0.3333333333333333,0.31564845247951445,0.14285714285714285,0.4,0.375,0.34545454545454546,0.3197220782574702,0.21428571428571427,0.375
5906,8,0.2,0.13333333333333333,0.14606834984270645,0.125,0.2,0.125,0.1346153846153846,0.1089364926177559,0.125,0.1
18096,6,0.0,0.0,0.0,0.0,0.0,0.0,0.0,0.0,0.0,0.0
8780,6,0.0,0.0,0.0,0.0,0.0,0.16666666666666666,0.0,0.0,0.16666666666666666,0.1
4284,7,0.0,0.0,0.0,0.0,0.0,0.0,0.0,0.0,0.0,0.0
9105,11,0.4,0.39999999999999997,0.4703652827859578,0.18181818181818182,0.4,0.4,0.4,0.44485302949345024,0.36363636363636365,0.4
20559,4,0.25,0.28571428571428575,0.2463023887407299,0.25,0.2,0.25,0.2647058823529412,0.2463023887407299,0.25,0.1
22426,1,0.0,0.0,0.0,0.0,0.0,0.0,0.0,0.0,0.0,0.0
7727,5,0.2,0.19999999999999998,0.16958010263680803,0.2,0.2,0.4,0.2,0.16958010263680803,0.4,0.2
7663,1,0.0,0.0,0.0,0.0,0.0,0.0,0.0,0.0,0.0,0.0
22423,3,0.0,0.0,0.0,0.0,0.0,0.0,0.0,0.0,0.0,0.0
9303,4,0.0,0.0,0.0,0.0,0.0,0.0,0.0,0.0,0.0,0.0
21690,4,0.25,0.28571428571428575,0.2463023887407299,0.25,0.2,0.5,0.2647058823529412,0.2463023887407299,0.5,0.2
2920,1,0.0,0.0,0.0,0.0,0.0,0.0,0.0,0.0,0.0,0.0
5870,2,0.0,0.0,0.0,0.0,0.0,0.0,0.0,0.0,0.0,0.0
7387,18,0.2,0.26666666666666666,0.2139862647345275,0.05555555555555555,0.2,0.4,0.2727272727272727,0.3381686774636725,0.2222222222222222,0.4
10141,15,0.0,0.0,0.0,0.0,0.0,0.2,0.12727272727272726,0.14465249243306436,0.13333333333333333,0.2
13522,10,0.2,0.06666666666666665,0.13120507751234176,0.1,0.2,0.2,0.2,0.1635413866202963,0.2,0.2
2033,9,0.2,0.13333333333333333,0.14606834984270645,0.1111111111111111,0.2,0.2222222222222222,0.16666666666666663,0.17198436893338082,0.2222222222222222,0.2
12832,3,0.0,0.0,0.0,0.0,0.0,0.0,0.0,0.0,0.0,0.0
13542,3,0.0,0.0,0.0,0.0,0.0,0.0,0.0,0.0,0.0,0.0
17237,4,0.0,0.0,0.0,0.0,0.0,0.0,0.0,0.0,0.0,0.0
262,3,0.0,0.0,0.0,0.0,0.0,0.0,0.0,0.0,0.0,0.0
19372,1,0.0,0.0,0.0,0.0,0.0,0.0,0.0,0.0,0.0,0.0
1479,1,0.0,0.0,0.0,0.0,0.0,1.0,0.0,0.0,1.0,0.1
10016,11,0.2,0.3333333333333333,0.33916020527361607,0.09090909090909091,0.2,0.2,0.2545454545454545,0.29345568839744024,0.18181818181818182,0.2
8591,12,0.4,0.4666666666666666,0.48522855511632257,0.16666666666666666,0.4,0.2,0.3090909090909091,0.31488013066763093,0.16666666666666666,0.2
19807,12,0.4,0.4000000000000001,0.3600546145772339,0.16666666666666666,0.4,0.3,0.32727272727272727,0.2999050316974943,0.25,0.3
22029,2,0.5,0.0,0.0,0.5,0.2,0.5,0.0,0.0,0.5,0.2
10723,2,0.0,0.0,0.0,0.0,0.0,0.0,0.0,0.0,0.0,0.0
11141,18,0.4,0.39999999999999997,0.4703652827859578,0.1111111111111111,0.4,0.4,0.4,0.4472539411173281,0.2222222222222222,0.4
12247,1,1.0,0.0,0.0,1.0,0.2,1.0,0.0,0.0,1.0,0.1
1582,12,0.4,0.5333333333333333,0.5087403079104241,0.16666666666666666,0.4,0.4,0.38181818181818183,0.4600126611004609,0.3333333333333333,0.4
16901,4,0.0,0.0,0.0,0.0,0.0,0.0,0.0,0.0,0.0,0.0
14623,11,0.0,0.0,0.0,0.0,0.0,0.0,0.0,0.0,0.0,0.0
19464,1,1.0,1.0,1.0,1.0,0.2,1.0,1.0,1.0,1.0,0.125
11641,5,0.0,0.0,0.0,0.0,0.0,0.0,0.0,0.0,0.0,0.0
2978,2,0.0,0.0,0.0,0.0,0.0,0.0,0.0,0.0,0.0,0.0
20516,1,0.0,0.0,0.0,0.0,0.0,0.0,0.0,0.0,0.0,0.0
9863,3,0.6666666666666666,0.75,0.7653606369886217,0.6666666666666666,0.4,0.6666666666666666,0.7037037037037036,0.7653606369886217,0.6666666666666666,0.2
20620,24,0.2,0.13333333333333333,0.14606834984270645,0.041666666666666664,0.2,0.2,0.1636363636363636,0.16104258782393982,0.08333333333333333,0.2
4205,7,0.2,0.19999999999999998,0.16958010263680803,0.14285714285714285,0.2,0.2857142857142857,0.16326530612244897,0.13743816645714543,0.2857142857142857,0.2
17767,2,0.0,0.0,0.0,0.0,0.0,0.0,0.0,0.0,0.0,0.0
1524,3,0.0,0.0,0.0,0.0,0.0,0.0,0.0,0.0,0.0,0.0
17783,30,0.0,0.0,0.0,0.0,0.0,0.0,0.0,0.0,0.0,0.0
16095,6,0.0,0.0,0.0,0.0,0.0,0.16666666666666666,0.0,0.0,0.16666666666666666,0.1
15138,19,0.4,0.19999999999999998,0.2772734273550482,0.10526315789473684,0.4,0.2,0.23636363636363633,0.17993148201117173,0.10526315789473684,0.2
20132,10,0.6,0.7999999999999999,0.7227265726449518,0.3,0.6,0.5,0.5636363636363636,0.6020521034564037,0.5,0.5
7336,10,0.2,0.19999999999999998,0.16958010263680803,0.1,0.2,0.2,0.23636363636363636,0.1884441521277154,0.2,0.2
4415,12,0.2,0.06666666666666665,0.13120507751234176,0.08333333333333333,0.2,0.3,0.2727272727272727,0.23690530871965637,0.25,0.3
21636,22,0.6,0.5333333333333333,0.6164336326286642,0.13636363636363635,0.6,0.3,0.41818181818181815,0.4000232483092519,0.13636363636363635,0.3
16836,14,0.0,0.0,0.0,0.0,0.0,0.0,0.0,0.0,0.0,0.0
1402,3,0.0,0.0,0.0,0.0,0.0,0.0,0.0,0.0,0.0,0.0
16467,1,0.0,0.0,0.0,0.0,0.0,1.0,0.0,0.0,1.0,0.14285714285714285
13636,17,0.0,0.0,0.0,0.0,0.0,0.0,0.0,0.0,0.0,0.0
11968,2,0.5,0.5555555555555556,0.6131471927654584,0.5,0.2,0.5,0.5263157894736842,0.6131471927654584,0.5,0.1111111111111111
21148,1,0.0,0.0,0.0,0.0,0.0,0.0,0.0,0.0,0.0,0.0
13790,1,0.0,0.0,0.0,0.0,0.0,0.0,0.0,0.0,0.0,0.0
20574,2,0.0,0.0,0.0,0.0,0.0,0.0,0.0,0.0,0.0,0.0
4858,3,1.0,0.4166666666666667,1.0,0.3333333333333333,1.0,1.0,0.37037037037037035,1.0,0.3333333333333333,1.0
11133,5,0.2,0.13333333333333333,0.14606834984270645,0.2,0.2,0.2,0.175,0.14606834984270645,0.2,0.1
4878,1,0.0,0.0,0.0,0.0,0.0,0.0,0.0,0.0,0.0,0.0
1418,3,0.0,0.0,0.0,0.0,0.0,0.0,0.0,0.0,0.0,0.0
675,15,0.0,0.0,0.0,0.0,0.0,0.0,0.0,0.0,0.0,0.0
9318,16,0.6,0.5333333333333333,0.5147714448836773,0.1875,0.6,0.5,0.5272727272727273,0.4736695902179647,0.3125,0.5
15759,4,0.5,0.14285714285714288,0.16812753627111746,0.5,0.4,0.75,0.20588235294117643,0.16812753627111746,0.75,0.42857142857142855
6207,12,0.4,0.4666666666666666,0.48522855511632257,0.16666666666666666,0.4,0.3,0.4,0.3932783996463063,0.25,0.3
20513,1,0.0,0.0,0.0,0.0,0.0,0.0,0.0,0.0,0.0,0.0
12768,9,0.2,0.19999999999999998,0.16958010263680803,0.1111111111111111,0.2,0.4444444444444444,0.3333333333333333,0.3461520647125913,0.4444444444444444,0.4
5672,19,0.2,0.06666666666666665,0.13120507751234176,0.05263157894736842,0.2,0.3,0.2,0.22082856303278725,0.15789473684210525,0.3
10080,2,0.5,0.5555555555555556,0.6131471927654584,0.5,0.2,1.0,0.5263157894736842,0.6131471927654584,1.0,0.2
6869,2,0.0,0.0,0.0,0.0,0.0,0.0,0.0,0.0,0.0,0.0
9287,3,0.0,0.0,0.0,0.0,0.0,0.0,0.0,0.0,0.0,0.0
14299,1,0.0,0.0,0.0,0.0,0.0,0.0,0.0,0.0,0.0,0.0
22031,6,0.0,0.0,0.0,0.0,0.0,0.0,0.0,0.0,0.0,0.0
21944,3,0.0,0.0,0.0,0.0,0.0,0.0,0.0,0.0,0.0,0.0
13769,5,0.2,0.3333333333333333,0.33916020527361607,0.2,0.2,0.4,0.25,0.33916020527361607,0.4,0.2
1478,5,0.0,0.0,0.0,0.0,0.0,0.0,0.0,0.0,0.0,0.0
10228,11,0.4,0.4666666666666666,0.38356636737133554,0.18181818181818182,0.4,0.3,0.38181818181818183,0.3222722491219546,0.2727272727272727,0.3
7540,3,0.3333333333333333,0.0,0.0,0.3333333333333333,0.2,0.3333333333333333,0.0,0.0,0.3333333333333333,0.1
8924,10,0.2,0.3333333333333333,0.33916020527361607,0.1,0.2,0.3,0.2545454545454545,0.35314377643380906,0.3,0.3
3462,1,0.0,0.0,0.0,0.0,0.0,0.0,0.0,0.0,0.0,0.0
4998,2,0.0,0.0,0.0,0.0,0.0,0.0,0.0,0.0,0.0,0.0
8345,9,0.2,0.06666666666666665,0.13120507751234176,0.1111111111111111,0.2,0.1111111111111111,0.1111111111111111,0.09092803061897882,0.1111111111111111,0.1
10933,4,0.0,0.0,0.0,0.0,0.0,0.25,0.0,0.0,0.25,0.1
2371,7,0.2,0.3333333333333333,0.33916020527361607,0.14285714285714285,0.2,0.14285714285714285,0.2040816326530612,0.27487633291429087,0.14285714285714285,0.1
22026,6,0.2,0.26666666666666666,0.2139862647345275,0.16666666666666666,0.2,0.16666666666666666,0.2,0.1909208661789346,0.16666666666666666,0.1
114,2,0.0,0.0,0.0,0.0,0.0,0.0,0.0,0.0,0.0,0.0
13237,1,0.0,0.0,0.0,0.0,0.0,0.0,0.0,0.0,0.0,0.0
237,11,0.2,0.19999999999999998,0.16958010263680803,0.09090909090909091,0.2,0.3,0.2545454545454545,0.2520649403266671,0.2727272727272727,0.3
5318,8,0.6,0.5333333333333333,0.5147714448836773,0.375,0.6,0.5,0.5000000000000001,0.46370656170633345,0.5,0.4
178,7,0.2,0.26666666666666666,0.2139862647345275,0.14285714285714285,0.2,0.14285714285714285,0.18367346938775508,0.17342765698823942,0.14285714285714285,0.1
19308,7,0.0,0.0,0.0,0.0,0.0,0.0,0.0,0.0,0.0,0.0
1919,1,0.0,0.0,0.0,0.0,0.0,0.0,0.0,0.0,0.0,0.0
6495,3,0.0,0.0,0.0,0.0,0.0,0.6666666666666666,0.0,0.0,0.6666666666666666,0.2
12699,29,0.0,0.0,0.0,0.0,0.0,0.0,0.0,0.0,0.0,0.0
11187,11,0.4,0.39999999999999997,0.4703652827859578,0.18181818181818182,0.4,0.2,0.29090909090909095,0.3052348839397011,0.18181818181818182,0.2
7231,8,0.2,0.3333333333333333,0.33916020527361607,0.125,0.2,0.25,0.25,0.3327372413301053,0.25,0.2
8438,14,0.0,0.0,0.0,0.0,0.0,0.2,0.09090909090909091,0.13698471029831175,0.14285714285714285,0.2
4476,4,0.25,0.28571428571428575,0.2463023887407299,0.25,0.2,0.25,0.2647058823529412,0.2463023887407299,0.25,0.1
5342,13,0.2,0.3333333333333333,0.33916020527361607,0.07692307692307693,0.2,0.1,0.18181818181818182,0.22009176629808014,0.07692307692307693,0.1
12907,1,0.0,0.0,0.0,0.0,0.0,0.0,0.0,0.0,0.0,0.0
11908,16,0.4,0.19999999999999998,0.2772734273550482,0.125,0.4,0.2,0.23636363636363633,0.17993148201117173,0.125,0.2
11922,1,0.0,0.0,0.0,0.0,0.0,1.0,0.0,0.0,1.0,0.1
17064,2,0.0,0.0,0.0,0.0,0.0,0.0,0.0,0.0,0.0,0.0
12002,17,0.4,0.4666666666666666,0.48522855511632257,0.11764705882352941,0.4,0.2,0.3090909090909091,0.31488013066763093,0.11764705882352941,0.2
10132,1,0.0,0.0,0.0,0.0,0.0,0.0,0.0,0.0,0.0,0.0
7555,1,0.0,0.0,0.0,0.0,0.0,0.0,0.0,0.0,0.0,0.0
14024,5,0.0,0.0,0.0,0.0,0.0,0.0,0.0,0.0,0.0,0.0
21861,1,0.0,0.0,0.0,0.0,0.0,0.0,0.0,0.0,0.0,0.0
20833,2,1.0,0.0,0.0,1.0,0.4,1.0,0.0,0.0,1.0,0.25
2578,4,0.25,0.28571428571428575,0.2463023887407299,0.25,0.2,0.25,0.2647058823529412,0.2463023887407299,0.25,0.1
6078,2,0.5,0.4444444444444445,0.3868528072345415,0.5,0.2,0.5,0.4736842105263158,0.3868528072345415,0.5,0.1
9497,1,0.0,0.0,0.0,0.0,0.0,1.0,0.0,0.0,1.0,0.1
17705,2,0.0,0.0,0.0,0.0,0.0,0.0,0.0,0.0,0.0,0.0
12428,4,0.25,0.2142857142857143,0.19519002499605081,0.25,0.2,0.25,0.23529411764705882,0.19519002499605081,0.25,0.1
6385,14,0.0,0.0,0.0,0.0,0.0,0.2,0.054545454545454536,0.12987501165334073,0.14285714285714285,0.2
7841,7,0.2,0.19999999999999998,0.16958010263680803,0.14285714285714285,0.2,0.14285714285714285,0.16326530612244897,0.13743816645714543,0.14285714285714285,0.1
15354,25,0.4,0.6,0.5531464700081437,0.08,0.4,0.2,0.34545454545454546,0.3589542101716347,0.08,0.2
21238,1,0.0,0.0,0.0,0.0,0.0,0.0,0.0,0.0,0.0,0.0
18291,2,0.0,0.0,0.0,0.0,0.0,0.0,0.0,0.0,0.0,0.0
12645,10,0.6,0.7333333333333334,0.6992148198508501,0.3,0.6,0.4,0.49090909090909085,0.5173633627401372,0.4,0.4
11292,1,1.0,0.0,0.0,1.0,0.2,1.0,0.0,0.0,1.0,0.1
14015,19,0.4,0.3333333333333333,0.31564845247951445,0.10526315789473684,0.4,0.4,0.43636363636363634,0.3565964385966262,0.21052631578947367,0.4
14669,1,1.0,0.0,0.0,1.0,0.3333333333333333,1.0,0.0,0.0,1.0,0.3333333333333333
79,8,0.0,0.0,0.0,0.0,0.0,0.0,0.0,0.0,0.0,0.0
7162,5,0.2,0.3333333333333333,0.33916020527361607,0.2,0.2,0.4,0.25,0.33916020527361607,0.4,0.2
11468,3,0.0,0.0,0.0,0.0,0.0,0.0,0.0,0.0,0.0,0.0
15734,3,0.0,0.0,0.0,0.0,0.0,0.0,0.0,0.0,0.0,0.0
9493,3,0.0,0.0,0.0,0.0,0.0,0.3333333333333333,0.0,0.0,0.3333333333333333,0.1
18348,1,0.0,0.0,0.0,0.0,0.0,0.0,0.0,0.0,0.0,0.0
4529,13,0.0,0.0,0.0,0.0,0.0,0.0,0.0,0.0,0.0,0.0
1756,1,1.0,1.0,1.0,1.0,0.2,1.0,1.0,1.0,1.0,0.1
11513,5,0.0,0.0,0.0,0.0,0.0,0.0,0.0,0.0,0.0,0.0
2736,10,0.2,0.13333333333333333,0.14606834984270645,0.1,0.2,0.1,0.12727272727272726,0.09478836436955078,0.1,0.1
948,2,0.0,0.0,0.0,0.0,0.0,0.0,0.0,0.0,0.0,0.0
6391,11,0.2,0.3333333333333333,0.33916020527361607,0.09090909090909091,0.2,0.3,0.34545454545454546,0.37185395737611554,0.2727272727272727,0.3
15625,19,0.2,0.3333333333333333,0.33916020527361607,0.05263157894736842,0.2,0.1,0.18181818181818182,0.22009176629808014,0.05263157894736842,0.1
11169,6,0.0,0.0,0.0,0.0,0.0,0.0,0.0,0.0,0.0,0.0
12293,6,0.0,0.0,0.0,0.0,0.0,0.0,0.0,0.0,0.0,0.0
11015,1,1.0,0.0,0.0,1.0,0.2,1.0,0.0,0.0,1.0,0.1
14728,2,0.0,0.0,0.0,0.0,0.0,0.0,0.0,0.0,0.0,0.0
1097,1,0.0,0.0,0.0,0.0,0.0,0.0,0.0,0.0,0.0,0.0
6046,7,0.0,0.0,0.0,0.0,0.0,0.14285714285714285,0.1020408163265306,0.0979129253499678,0.14285714285714285,0.1
7934,21,0.6,0.6666666666666666,0.6843515475204854,0.14285714285714285,0.6,0.4,0.5272727272727272,0.5174612499126158,0.19047619047619047,0.4
6730,1,0.0,0.0,0.0,0.0,0.0,0.0,0.0,0.0,0.0,0.0
6681,4,0.0,0.0,0.0,0.0,0.0,0.0,0.0,0.0,0.0,0.0
9266,1,1.0,1.0,1.0,1.0,0.2,1.0,1.0,1.0,1.0,0.14285714285714285
8816,1,1.0,0.0,0.0,1.0,0.2,1.0,0.0,0.0,1.0,0.1
15180,5,0.6,0.5333333333333333,0.5147714448836773,0.6,0.6,0.6,0.5750000000000001,0.5147714448836773,0.6,0.3
22310,7,0.2,0.26666666666666666,0.2139862647345275,0.14285714285714285,0.2,0.14285714285714285,0.18367346938775508,0.17342765698823942,0.14285714285714285,0.1
4695,4,0.25,0.14285714285714288,0.16812753627111746,0.25,0.2,0.25,0.20588235294117643,0.16812753627111746,0.25,0.1
20208,10,0.0,0.0,0.0,0.0,0.0,0.1,0.09090909090909091,0.07839826897867533,0.1,0.1
3859,21,0.2,0.26666666666666666,0.2139862647345275,0.047619047619047616,0.2,0.3,0.2909090909090909,0.28351493630661884,0.14285714285714285,0.3
4255,2,0.0,0.0,0.0,0.0,0.0,0.0,0.0,0.0,0.0,0.0
9487,9,0.2,0.13333333333333333,0.14606834984270645,0.1111111111111111,0.2,0.14285714285714285,0.12962962962962962,0.11838279295536291,0.1111111111111111,0.14285714285714285
3333,1,0.0,0.0,0.0,0.0,0.0,0.0,0.0,0.0,0.0,0.0
19730,1,0.0,0.0,0.0,0.0,0.0,0.0,0.0,0.0,0.0,0.0
7012,44,0.6,0.6666666666666666,0.6843515475204854,0.06818181818181818,0.6,0.5,0.5636363636363636,0.5861163849908827,0.11363636363636363,0.5
9887,3,0.0,0.0,0.0,0.0,0.0,0.0,0.0,0.0,0.0,0.0
4820,6,0.2,0.13333333333333333,0.14606834984270645,0.16666666666666666,0.2,0.16666666666666666,0.15555555555555556,0.13032376591037065,0.16666666666666666,0.1
15948,8,0.4,0.3333333333333333,0.31564845247951445,0.25,0.4,0.375,0.34615384615384615,0.3152023825640326,0.375,0.3
11119,10,0.0,0.0,0.0,0.0,0.0,0.0,0.0,0.0,0.0,0.0
7865,1,0.0,0.0,0.0,0.0,0.0,0.0,0.0,0.0,0.0,0.0
2376,2,0.0,0.0,0.0,0.0,0.0,0.0,0.0,0.0,0.0,0.0
8132,13,0.0,0.0,0.0,0.0,0.0,0.1,0.05454545454545456,0.06943122193677725,0.07692307692307693,0.1
7999,2,0.0,0.0,0.0,0.0,0.0,0.0,0.0,0.0,0.0,0.0
15442,8,0.2,0.3333333333333333,0.33916020527361607,0.125,0.2,0.125,0.1923076923076923,0.2529427027676571,0.125,0.1
19764,1,0.0,0.0,0.0,0.0,0.0,0.0,0.0,0.0,0.0,0.0
470,1,0.0,0.0,0.0,0.0,0.0,0.0,0.0,0.0,0.0,0.0
2187,2,0.0,0.0,0.0,0.0,0.0,0.0,0.0,0.0,0.0,0.0
12659,7,0.2,0.06666666666666665,0.13120507751234176,0.14285714285714285,0.2,0.2857142857142857,0.12244897959183672,0.10633668103022983,0.2857142857142857,0.2
17800,5,0.0,0.0,0.0,0.0,0.0,0.0,0.0,0.0,0.0,0.0
10944,9,0.2,0.3333333333333333,0.33916020527361607,0.1111111111111111,0.2,0.1111111111111111,0.18518518518518517,0.23504554941448538,0.1111111111111111,0.1
13424,1,0.0,0.0,0.0,0.0,0.0,0.0,0.0,0.0,0.0,0.0
14938,20,0.8,0.9333333333333332,0.8687949224876582,0.2,0.8,0.6,0.7636363636363637,0.7116179486056782,0.3,0.6
4737,5,0.4,0.19999999999999998,0.2772734273550482,0.4,0.4,0.4,0.32499999999999996,0.2772734273550482,0.4,0.4
12682,2,0.5,0.0,0.0,0.5,0.2,1.0,0.0,0.0,1.0,0.2
20368,4,0.5,0.35714285714285715,0.36331756126716824,0.5,0.4,0.5,0.4411764705882352,0.36331756126716824,0.5,0.25
14840,12,0.6,0.6666666666666666,0.6548086577531306,0.25,0.6,0.6,0.6727272727272727,0.6461194268314836,0.5,0.6
10093,8,0.2,0.3333333333333333,0.33916020527361607,0.125,0.2,0.125,0.1923076923076923,0.2529427027676571,0.125,0.1
5199,5,0.0,0.0,0.0,0.0,0.0,0.0,0.0,0.0,0.0,0.0
19277,7,0.4,0.4666666666666666,0.48522855511632257,0.2857142857142857,0.4,0.42857142857142855,0.4489795918367347,0.49117205121962165,0.42857142857142855,0.3
19418,7,0.0,0.0,0.0,0.0,0.0,0.14285714285714285,0.0,0.0,0.14285714285714285,0.1
4150,22,0.0,0.0,0.0,0.0,0.0,0.0,0.0,0.0,0.0,0.0
7318,8,0.0,0.0,0.0,0.0,0.0,0.125,0.09615384615384615,0.0901000086523677,0.125,0.1
6668,2,0.0,0.0,0.0,0.0,0.0,0.5,0.0,0.0,0.5,0.1
8789,3,0.0,0.0,0.0,0.0,0.0,0.0,0.0,0.0,0.0,0.0
15368,1,0.0,0.0,0.0,0.0,0.0,0.0,0.0,0.0,0.0,0.0
4300,1,0.0,0.0,0.0,0.0,0.0,0.0,0.0,0.0,0.0,0.0
19670,4,0.0,0.0,0.0,0.0,0.0,0.0,0.0,0.0,0.0,0.0
11966,4,0.0,0.0,0.0,0.0,0.0,0.0,0.0,0.0,0.0,0.0
19223,23,0.6,0.6,0.529634717214042,0.13043478260869565,0.6,0.4,0.49090909090909096,0.4131279133289226,0.17391304347826086,0.4
9884,1,0.0,0.0,0.0,0.0,0.0,0.0,0.0,0.0,0.0,0.0
2050,15,0.0,0.0,0.0,0.0,0.0,0.1,0.036363636363636355,0.06625422345438903,0.06666666666666667,0.1
17339,9,0.0,0.0,0.0,0.0,0.0,0.0,0.0,0.0,0.0,0.0
10387,2,0.0,0.0,0.0,0.0,0.0,0.0,0.0,0.0,0.0,0.0
12984,9,0.2,0.06666666666666665,0.13120507751234176,0.1111111111111111,0.2,0.1111111111111111,0.1111111111111111,0.09092803061897882,0.1111111111111111,0.1
12235,5,0.0,0.0,0.0,0.0,0.0,0.0,0.0,0.0,0.0,0.0
9731,3,0.3333333333333333,0.0,0.0,0.3333333333333333,0.2,0.6666666666666666,0.0,0.0,0.6666666666666666,0.2222222222222222
8599,11,0.4,0.3333333333333333,0.31564845247951445,0.18181818181818182,0.4,0.2,0.2727272727272727,0.20483424751859083,0.18181818181818182,0.2
8515,7,0.4,0.19999999999999998,0.2772734273550482,0.2857142857142857,0.4,0.7142857142857143,0.346938775510204,0.3163449182903564,0.7142857142857143,0.5
2125,6,0.2,0.3333333333333333,0.33916020527361607,0.16666666666666666,0.2,0.3333333333333333,0.2222222222222222,0.30260241349881345,0.3333333333333333,0.2
11589,12,0.0,0.0,0.0,0.0,0.0,0.2,0.14545454545454548,0.14782949091545258,0.16666666666666666,0.2
16613,1,0.0,0.0,0.0,0.0,0.0,0.0,0.0,0.0,0.0,0.0
13289,2,0.5,0.0,0.0,0.5,0.2,0.5,0.0,0.0,0.5,0.1
4435,7,0.2,0.19999999999999998,0.16958010263680803,0.14285714285714285,0.2,0.2857142857142857,0.2653061224489796,0.23535109180711322,0.2857142857142857,0.2
13598,7,0.2,0.06666666666666665,0.13120507751234176,0.14285714285714285,0.2,0.14285714285714285,0.12244897959183672,0.10633668103022983,0.14285714285714285,0.1
1291,8,0.0,0.0,0.0,0.0,0.0,0.375,0.15384615384615385,0.16989454721481584,0.375,0.3
1387,19,0.2,0.3333333333333333,0.33916020527361607,0.05263157894736842,0.2,0.2,0.23636363636363636,0.2895229882348574,0.10526315789473684,0.2
15461,5,0.4,0.3333333333333333,0.31564845247951445,0.4,0.4,0.4,0.375,0.31564845247951445,0.4,0.2
1163,40,0.2,0.13333333333333333,0.14606834984270645,0.025,0.2,0.3,0.1818181818181818,0.22466337602289152,0.075,0.3
13460,2,0.0,0.0,0.0,0.0,0.0,0.0,0.0,0.0,0.0,0.0
1420,1,0.0,0.0,0.0,0.0,0.0,0.0,0.0,0.0,0.0,0.0
13170,1,0.0,0.0,0.0,0.0,0.0,1.0,0.0,0.0,1.0,0.1
2718,20,0.2,0.3333333333333333,0.33916020527361607,0.05,0.2,0.2,0.2,0.2837125544970318,0.1,0.2
14635,1,0.0,0.0,0.0,0.0,0.0,0.0,0.0,0.0,0.0,0.0
12456,22,0.2,0.13333333333333333,0.14606834984270645,0.045454545454545456,0.2,0.5,0.34545454545454546,0.3764255671009269,0.22727272727272727,0.5
18511,7,0.0,0.0,0.0,0.0,0.0,0.0,0.0,0.0,0.0,0.0
867,3,0.3333333333333333,0.4166666666666667,0.46927872602275644,0.3333333333333333,0.2,0.3333333333333333,0.37037037037037035,0.46927872602275644,0.3333333333333333,0.1
5267,1,0.0,0.0,0.0,0.0,0.0,0.0,0.0,0.0,0.0,0.0
20950,23,0.4,0.4666666666666666,0.38356636737133554,0.08695652173913043,0.4,0.5,0.5272727272727273,0.4701017400374072,0.21739130434782608,0.5
21181,10,0.2,0.26666666666666666,0.2139862647345275,0.1,0.2,0.1,0.16363636363636364,0.1388624438735545,0.1,0.1
10904,4,0.5,0.2142857142857143,0.19519002499605081,0.5,0.4,0.5,0.23529411764705882,0.19519002499605081,0.5,0.2
10519,18,0.3333333333333333,0.19999999999999998,0.23463936301137822,0.05555555555555555,0.3333333333333333,0.3333333333333333,0.14545454545454548,0.23463936301137822,0.05555555555555555,0.3333333333333333
13792,2,0.0,0.0,0.0,0.0,0.0,0.0,0.0,0.0,0.0,0.0
3194,2,0.0,0.0,0.0,0.0,0.0,0.0,0.0,0.0,0.0,0.0
2709,4,0.0,0.0,0.0,0.0,0.0,0.0,0.0,0.0,0.0,0.0
16355,1,0.0,0.0,0.0,0.0,0.0,0.0,0.0,0.0,0.0,0.0
13346,5,0.4,0.6,0.5531464700081437,0.4,0.4,0.4,0.475,0.5531464700081437,0.4,0.2
10767,14,0.0,0.0,0.0,0.0,0.0,0.0,0.0,0.0,0.0,0.0
7878,2,0.0,0.0,0.0,0.0,0.0,0.0,0.0,0.0,0.0,0.0
9167,1,0.0,0.0,0.0,0.0,0.0,0.0,0.0,0.0,0.0,0.0
19082,21,0.4,0.4666666666666666,0.38356636737133554,0.09523809523809523,0.4,0.4,0.43636363636363645,0.3935608194556589,0.19047619047619047,0.4
2107,3,0.0,0.0,0.0,0.0,0.0,0.0,0.0,0.0,0.0,0.0
22275,7,0.2,0.3333333333333333,0.33916020527361607,0.14285714285714285,0.2,0.42857142857142855,0.3061224489795918,0.3727892582642587,0.42857142857142855,0.3
10884,19,0.4,0.39999999999999997,0.4703652827859578,0.10526315789473684,0.4,0.2,0.29090909090909095,0.3052348839397011,0.10526315789473684,0.2
9560,17,0.2,0.26666666666666666,0.2139862647345275,0.058823529411764705,0.2,0.3,0.29090909090909095,0.28165758790969175,0.17647058823529413,0.3
2965,5,0.0,0.0,0.0,0.0,0.0,0.0,0.0,0.0,0.0,0.0
10954,6,0.0,0.0,0.0,0.0,0.0,0.0,0.0,0.0,0.0,0.0
2026,11,0.0,0.0,0.0,0.0,0.0,0.1,0.036363636363636355,0.06625422345438903,0.09090909090909091,0.1
12471,1,1.0,1.0,1.0,1.0,0.2,1.0,1.0,1.0,1.0,0.1
4014,2,0.0,0.0,0.0,0.0,0.0,0.0,0.0,0.0,0.0,0.0
18808,8,0.4,0.4666666666666666,0.38356636737133554,0.25,0.4,0.25,0.3269230769230769,0.2860604285087249,0.25,0.2
5222,10,0.2,0.3333333333333333,0.33916020527361607,0.1,0.2,0.3,0.34545454545454546,0.37185395737611554,0.3,0.3
14253,3,0.0,0.0,0.0,0.0,0.0,0.0,0.0,0.0,0.0,0.0
2103,1,0.0,0.0,0.0,0.0,0.0,0.0,0.0,0.0,0.0,0.0
61,2,0.0,0.0,0.0,0.0,0.0,0.0,0.0,0.0,0.0,0.0
14293,26,0.2,0.3333333333333333,0.33916020527361607,0.038461538461538464,0.2,0.4,0.3272727272727272,0.42650769853316917,0.15384615384615385,0.4
10871,8,0.2,0.3333333333333333,0.33916020527361607,0.125,0.2,0.125,0.1923076923076923,0.2529427027676571,0.125,0.1
4192,2,0.0,0.0,0.0,0.0,0.0,0.0,0.0,0.0,0.0,0.0
9140,1,0.0,0.0,0.0,0.0,0.0,0.0,0.0,0.0,0.0,0.0
16743,2,0.0,0.0,0.0,0.0,0.0,0.0,0.0,0.0,0.0,0.0
12211,3,0.0,0.0,0.0,0.0,0.0,0.0,0.0,0.0,0.0,0.0
11054,16,0.4,0.6,0.5531464700081437,0.125,0.4,0.3,0.41818181818181815,0.43231813227099475,0.1875,0.3
4250,4,0.25,0.28571428571428575,0.2463023887407299,0.25,0.2,0.5,0.2647058823529412,0.2463023887407299,0.5,0.2
1386,20,0.0,0.0,0.0,0.0,0.0,0.1,0.036363636363636355,0.06625422345438903,0.05,0.1
2877,2,0.0,0.0,0.0,0.0,0.0,0.0,0.0,0.0,0.0,0.0
13189,15,0.8,0.8000000000000002,0.8304198973631919,0.26666666666666666,0.8,0.5,0.6727272727272727,0.6172839611614818,0.3333333333333333,0.5
22072,4,0.25,0.0,0.0,0.25,0.2,0.25,0.0,0.0,0.25,0.1
13403,10,0.2,0.26666666666666666,0.2139862647345275,0.1,0.2,0.3,0.3090909090909091,0.28669193478900706,0.3,0.3
1350,4,0.0,0.0,0.0,0.0,0.0,0.5,0.0,0.0,0.5,0.2
14499,2,0.0,0.0,0.0,0.0,0.0,0.5,0.0,0.0,0.5,0.1
7723,11,0.4,0.3333333333333333,0.31564845247951445,0.18181818181818182,0.4,0.3,0.29090909090909095,0.26845503571754253,0.2727272727272727,0.3
11391,4,0.0,0.0,0.0,0.0,0.0,0.0,0.0,0.0,0.0,0.0
8767,6,0.2,0.26666666666666666,0.2139862647345275,0.16666666666666666,0.2,0.3333333333333333,0.2,0.1909208661789346,0.3333333333333333,0.2
15226,18,0.8,0.7333333333333334,0.7860137352654724,0.2222222222222222,0.8,0.6,0.6909090909090909,0.6547216238913564,0.3333333333333333,0.6
1082,1,0.0,0.0,0.0,0.0,0.0,0.0,0.0,0.0,0.0,0.0
13002,15,0.6,0.5333333333333333,0.6164336326286642,0.2,0.6,0.5,0.5272727272727272,0.5420423054868788,0.3333333333333333,0.5
15827,13,0.4,0.4000000000000001,0.3600546145772339,0.15384615384615385,0.4,0.3,0.34545454545454546,0.3030820301798825,0.23076923076923078,0.3
6529,3,0.3333333333333333,0.0,0.0,0.3333333333333333,0.2,0.3333333333333333,0.0,0.0,0.3333333333333333,0.1
7296,4,0.0,0.0,0.0,0.0,0.0,0.0,0.0,0.0,0.0,0.0
2725,42,0.2,0.3333333333333333,0.33916020527361607,0.023809523809523808,0.2,0.2,0.21818181818181817,0.28634598975246917,0.047619047619047616,0.2
4807,2,0.0,0.0,0.0,0.0,0.0,0.5,0.0,0.0,0.5,0.1
3948,4,0.0,0.0,0.0,0.0,0.0,0.0,0.0,0.0,0.0,0.0
5498,1,0.0,0.0,0.0,0.0,0.0,0.0,0.0,0.0,0.0,0.0
863,3,0.0,0.0,0.0,0.0,0.0,0.3333333333333333,0.0,0.0,0.3333333333333333,0.1
1915,10,0.6,0.46666666666666673,0.4912596920895757,0.3,0.6,0.6,0.5636363636363637,0.5278432933752526,0.6,0.6
22471,2,0.0,0.0,0.0,0.0,0.0,0.0,0.0,0.0,0.0,0.0
21602,2,0.0,0.0,0.0,0.0,0.0,0.0,0.0,0.0,0.0,0.0
18633,1,0.0,0.0,0.0,0.0,0.0,0.0,0.0,0.0,0.0,0.0
20735,1,0.0,0.0,0.0,0.0,0.0,0.0,0.0,0.0,0.0,0.0
10833,6,0.0,0.0,0.0,0.0,0.0,0.16666666666666666,0.0,0.0,0.16666666666666666,0.1
2617,8,0.0,0.0,0.0,0.0,0.0,0.125,0.07692307692307693,0.08431423425588572,0.125,0.1
204,37,0.6,0.5333333333333333,0.6164336326286642,0.08108108108108109,0.6,0.4,0.45454545454545453,0.4662774717636409,0.10810810810810811,0.4
22429,1,0.0,0.0,0.0,0.0,0.0,0.0,0.0,0.0,0.0,0.0
14565,10,0.6,0.6666666666666666,0.6843515475204854,0.3,0.6,0.4,0.5454545454545454,0.522495596791931,0.4,0.4
17020,4,0.75,0.7857142857142858,0.8048099750039491,0.75,0.6,0.75,0.764705882352941,0.8048099750039491,0.75,0.3
9107,30,0.4,0.6,0.5531464700081437,0.06666666666666667,0.4,0.3,0.43636363636363634,0.43735247915031,0.1,0.3
6870,4,0.0,0.0,0.0,0.0,0.0,0.0,0.0,0.0,0.0,0.0
18341,2,0.0,0.0,0.0,0.0,0.0,0.0,0.0,0.0,0.0,0.0
21868,8,0.0,0.0,0.0,0.0,0.0,0.25,0.13461538461538464,0.1641087728183339,0.25,0.2
22312,3,0.3333333333333333,0.33333333333333337,0.29608191096586517,0.3333333333333333,0.2,0.3333333333333333,0.3333333333333333,0.29608191096586517,0.3333333333333333,0.1
11171,1,0.0,0.0,0.0,0.0,0.0,0.0,0.0,0.0,0.0,0.0
3192,18,0.4,0.4666666666666666,0.38356636737133554,0.1111111111111111,0.4,0.5,0.5272727272727273,0.4701017400374072,0.2777777777777778,0.5
9014,2,0.0,0.0,0.0,0.0,0.0,0.0,0.0,0.0,0.0,0.0
9414,17,0.6,0.6666666666666666,0.6548086577531306,0.17647058823529413,0.6,0.4,0.5272727272727272,0.49828993591603105,0.23529411764705882,0.4
572,10,0.6,0.6,0.529634717214042,0.3,0.6,0.4,0.5272727272727273,0.42209496037082067,0.4,0.4
1155,1,0.0,0.0,0.0,0.0,0.0,0.0,0.0,0.0,0.0,0.0
14685,21,0.4,0.3333333333333333,0.31564845247951445,0.09523809523809523,0.4,0.2,0.2727272727272727,0.20483424751859083,0.09523809523809523,0.2
8660,10,0.6,0.5333333333333333,0.5147714448836773,0.3,0.6,0.6,0.6181818181818183,0.55206785919664,0.6,0.6
1533,2,0.0,0.0,0.0,0.0,0.0,0.5,0.0,0.0,0.5,0.1
16665,1,1.0,0.0,0.0,1.0,0.2,1.0,0.0,0.0,1.0,0.1
14620,19,0.4,0.6,0.5531464700081437,0.10526315789473684,0.4,0.4,0.45454545454545453,0.49857235572538383,0.21052631578947367,0.4
14093,2,0.5,0.5555555555555556,0.6131471927654584,0.5,0.2,0.5,0.5263157894736842,0.6131471927654584,0.5,0.1
5329,3,0.3333333333333333,0.0,0.0,0.3333333333333333,0.2,0.3333333333333333,0.0,0.0,0.3333333333333333,0.1
12558,3,0.0,0.0,0.0,0.0,0.0,0.0,0.0,0.0,0.0,0.0
17603,7,0.0,0.0,0.0,0.0,0.0,0.0,0.0,0.0,0.0,0.0
17058,6,0.8,0.8666666666666666,0.8539316501572936,0.6666666666666666,0.8,0.6666666666666666,0.7333333333333334,0.7618870795651185,0.6666666666666666,0.4
1842,1,0.0,0.0,0.0,0.0,0.0,0.0,0.0,0.0,0.0,0.0
10261,1,0.0,0.0,0.0,0.0,0.0,0.0,0.0,0.0,0.0,0.0
10320,10,0.2,0.3333333333333333,0.33916020527361607,0.1,0.2,0.1,0.18181818181818182,0.22009176629808014,0.1,0.1
14023,1,0.0,0.0,0.0,0.0,0.0,0.0,0.0,0.0,0.0,0.0
8058,1,0.0,0.0,0.0,0.0,0.0,0.0,0.0,0.0,0.0,0.0
12147,6,0.2,0.06666666666666665,0.13120507751234176,0.16666666666666666,0.2,0.16666666666666666,0.13333333333333333,0.11706259313796352,0.16666666666666666,0.1
10327,1,1.0,0.0,0.0,1.0,0.3333333333333333,1.0,0.0,0.0,1.0,0.3333333333333333
349,5,0.4,0.19999999999999998,0.2772734273550482,0.4,0.4,0.6,0.32499999999999996,0.2772734273550482,0.6,0.3
3226,3,0.3333333333333333,0.25,0.23463936301137822,0.3333333333333333,0.2,0.3333333333333333,0.2962962962962963,0.23463936301137822,0.3333333333333333,0.1
19857,1,0.0,0.0,0.0,0.0,0.0,0.0,0.0,0.0,0.0,0.0
1318,15,0.0,0.0,0.0,0.0,0.0,0.0,0.0,0.0,0.0,0.0
17313,14,0.6,0.5333333333333333,0.6164336326286642,0.21428571428571427,0.6,0.5,0.4727272727272727,0.5298982599625927,0.35714285714285715,0.5
9692,4,0.5,0.6428571428571429,0.6366824387328316,0.5,0.4,0.5,0.5588235294117646,0.6366824387328316,0.5,0.2
6985,2,0.0,0.0,0.0,0.0,0.0,0.0,0.0,0.0,0.0,0.0
7777,5,0.4,0.4000000000000001,0.3600546145772339,0.4,0.4,0.8,0.4,0.3600546145772339,0.8,0.4
1377,4,0.25,0.14285714285714288,0.16812753627111746,0.25,0.25,0.25,0.20588235294117643,0.16812753627111746,0.25,0.25
2176,23,0.4,0.4000000000000001,0.3600546145772339,0.08695652173913043,0.4,0.5,0.43636363636363634,0.4400667404781943,0.21739130434782608,0.5
6974,27,0.0,0.0,0.0,0.0,0.0,0.3,0.14545454545454545,0.20827328063201603,0.1111111111111111,0.3
20838,11,0.6,0.6666666666666666,0.6548086577531306,0.2727272727272727,0.6,0.3,0.45454545454545453,0.424926013816671,0.2727272727272727,0.3
1279,1,0.0,0.0,0.0,0.0,0.0,0.0,0.0,0.0,0.0,0.0
6904,1,0.0,0.0,0.0,0.0,0.0,0.0,0.0,0.0,0.0,0.0
16220,4,0.0,0.0,0.0,0.0,0.0,0.0,0.0,0.0,0.0,0.0
7672,7,0.2,0.3333333333333333,0.33916020527361607,0.14285714285714285,0.2,0.2857142857142857,0.2857142857142857,0.3665017772190545,0.2857142857142857,0.2
10199,4,0.25,0.28571428571428575,0.2463023887407299,0.25,0.2,0.25,0.2647058823529412,0.2463023887407299,0.25,0.1
17367,16,0.0,0.0,0.0,0.0,0.0,0.0,0.0,0.0,0.0,0.0
13601,5,0.0,0.0,0.0,0.0,0.0,0.0,0.0,0.0,0.0,0.0
608,9,0.4,0.4666666666666666,0.48522855511632257,0.2222222222222222,0.4,0.2222222222222222,0.31481481481481477,0.3362741576267856,0.2222222222222222,0.2
4813,7,0.0,0.0,0.0,0.0,0.0,0.14285714285714285,0.0,0.0,0.14285714285714285,0.1
3411,5,0.2,0.19999999999999998,0.16958010263680803,0.2,0.2,0.4,0.2,0.16958010263680803,0.4,0.2
16496,5,0.4,0.3333333333333333,0.34519134224686926,0.4,0.4,0.6,0.375,0.34519134224686926,0.6,0.375
10025,20,0.0,0.0,0.0,0.0,0.0,0.0,0.0,0.0,0.0,0.0
16833,3,0.3333333333333333,0.33333333333333337,0.29608191096586517,0.3333333333333333,0.2,0.3333333333333333,0.3333333333333333,0.29608191096586517,0.3333333333333333,0.1
15419,14,0.2,0.3333333333333333,0.33916020527361607,0.07142857142857142,0.2,0.2,0.2727272727272727,0.2984900352767555,0.14285714285714285,0.2
127,3,0.3333333333333333,0.4166666666666667,0.46927872602275644,0.3333333333333333,0.2,0.3333333333333333,0.37037037037037035,0.46927872602275644,0.3333333333333333,0.1
2040,2,0.0,0.0,0.0,0.0,0.0,0.0,0.0,0.0,0.0,0.0
20534,2,0.0,0.0,0.0,0.0,0.0,0.5,0.0,0.0,0.5,0.1
13562,4,0.0,0.0,0.0,0.0,0.0,0.0,0.0,0.0,0.0,0.0
3765,35,0.4,0.4666666666666666,0.38356636737133554,0.05714285714285714,0.4,0.4,0.43636363636363645,0.3917034710587319,0.11428571428571428,0.4
13521,2,0.0,0.0,0.0,0.0,0.0,0.0,0.0,0.0,0.0,0.0
10859,23,0.4,0.6,0.5531464700081437,0.08695652173913043,0.4,0.3,0.36363636363636365,0.4225749983705864,0.13043478260869565,0.3
17396,5,0.6,0.7999999999999999,0.7227265726449518,0.6,0.6,0.6,0.675,0.7227265726449518,0.6,0.3
11736,18,0.6,0.5333333333333333,0.6164336326286642,0.16666666666666666,0.6,0.5,0.5272727272727272,0.539641393863001,0.2777777777777778,0.5
17226,2,0.0,0.0,0.0,0.0,0.0,0.0,0.0,0.0,0.0,0.0
18946,6,0.2,0.06666666666666665,0.13120507751234176,0.16666666666666666,0.2,0.16666666666666666,0.13333333333333333,0.11706259313796352,0.16666666666666666,0.1
7890,9,0.2,0.13333333333333333,0.14606834984270645,0.1111111111111111,0.2,0.1111111111111111,0.12962962962962962,0.10122860821230019,0.1111111111111111,0.1
11817,1,1.0,0.0,0.0,1.0,0.5,1.0,0.0,0.0,1.0,0.5
9216,5,0.2,0.26666666666666666,0.2139862647345275,0.2,0.2,0.2,0.225,0.2139862647345275,0.2,0.1
8097,12,0.6,0.7333333333333334,0.6992148198508501,0.25,0.6,0.4,0.509090909090909,0.5199967979955745,0.3333333333333333,0.4
1642,2,0.0,0.0,0.0,0.0,0.0,0.0,0.0,0.0,0.0,0.0
8204,4,0.0,0.0,0.0,0.0,0.0,0.0,0.0,0.0,0.0,0.0
17655,2,0.0,0.0,0.0,0.0,0.0,0.0,0.0,0.0,0.0,0.0
8175,16,0.6,0.7333333333333334,0.6992148198508501,0.1875,0.6,0.4,0.5636363636363636,0.5321408435198608,0.25,0.4
1695,2,0.5,0.5555555555555556,0.6131471927654584,0.5,0.2,0.5,0.5263157894736842,0.6131471927654584,0.5,0.1
9610,14,0.2,0.06666666666666665,0.13120507751234176,0.07142857142857142,0.2,0.1,0.10909090909090909,0.08514311764162097,0.07142857142857142,0.1
19897,2,0.0,0.0,0.0,0.0,0.0,0.0,0.0,0.0,0.0,0.0
17374,4,0.0,0.0,0.0,0.0,0.0,0.0,0.0,0.0,0.0,0.0
6908,5,0.2,0.06666666666666665,0.13120507751234176,0.2,0.2,0.2,0.15,0.13120507751234176,0.2,0.14285714285714285
207,7,0.2,0.06666666666666665,0.13120507751234176,0.14285714285714285,0.2,0.14285714285714285,0.12244897959183672,0.10633668103022983,0.14285714285714285,0.1
1181,9,0.2,0.26666666666666666,0.2139862647345275,0.1111111111111111,0.2,0.2222222222222222,0.20370370370370372,0.21905299129122965,0.2222222222222222,0.2
8365,9,0.0,0.0,0.0,0.0,0.0,0.1111111111111111,0.0,0.0,0.1111111111111111,0.1
2698,3,0.0,0.0,0.0,0.0,0.0,0.0,0.0,0.0,0.0,0.0
14166,8,0.4,0.6,0.5531464700081437,0.25,0.4,0.5,0.5384615384615384,0.5869460228008069,0.5,0.4
6770,4,0.0,0.0,0.0,0.0,0.0,0.0,0.0,0.0,0.0,0.0
5602,9,0.0,0.0,0.0,0.0,0.0,0.0,0.0,0.0,0.0,0.0
9102,1,0.0,0.0,0.0,0.0,0.0,0.0,0.0,0.0,0.0,0.0
15492,5,0.2,0.3333333333333333,0.33916020527361607,0.2,0.2,0.2,0.25,0.33916020527361607,0.2,0.1
4882,1,0.0,0.0,0.0,0.0,0.0,0.0,0.0,0.0,0.0,0.0
15168,8,0.2,0.06666666666666665,0.13120507751234176,0.125,0.2,0.125,0.11538461538461538,0.09785159463516041,0.125,0.1
17284,2,0.0,0.0,0.0,0.0,0.0,0.5,0.0,0.0,0.5,0.1
13171,2,0.0,0.0,0.0,0.0,0.0,0.0,0.0,0.0,0.0,0.0
5528,9,0.4,0.4666666666666666,0.38356636737133554,0.2222222222222222,0.4,0.3333333333333333,0.3148148148148148,0.26582000527739175,0.3333333333333333,0.3
9522,3,0.6666666666666666,0.4166666666666667,0.46927872602275644,0.6666666666666666,0.4,0.6666666666666666,0.37037037037037035,0.46927872602275644,0.6666666666666666,0.2
5805,9,0.2,0.19999999999999998,0.16958010263680803,0.1111111111111111,0.2,0.1111111111111111,0.14814814814814814,0.11752277470724269,0.1111111111111111,0.1
7089,8,0.2,0.06666666666666665,0.13120507751234176,0.125,0.2,0.375,0.1923076923076923,0.1821658288910461,0.375,0.3
16431,2,0.5,0.0,0.0,0.5,0.2,0.5,0.0,0.0,0.5,0.125
17215,4,0.0,0.0,0.0,0.0,0.0,0.0,0.0,0.0,0.0,0.0
6655,9,0.4,0.3333333333333333,0.31564845247951445,0.2222222222222222,0.4,0.2222222222222222,0.27777777777777773,0.21875138291954285,0.2222222222222222,0.2
5787,1,1.0,1.0,1.0,1.0,0.25,1.0,1.0,1.0,1.0,0.25
12376,11,0.2,0.3333333333333333,0.33916020527361607,0.09090909090909091,0.2,0.4,0.4,0.44128517931289274,0.36363636363636365,0.4
14278,16,0.0,0.0,0.0,0.0,0.0,0.0,0.0,0.0,0.0,0.0
8834,3,0.0,0.0,0.0,0.0,0.0,0.0,0.0,0.0,0.0,0.0
4147,19,0.4,0.3333333333333333,0.31564845247951445,0.10526315789473684,0.4,0.2,0.2727272727272727,0.20483424751859083,0.10526315789473684,0.2
6166,3,0.0,0.0,0.0,0.0,0.0,0.3333333333333333,0.0,0.0,0.3333333333333333,0.1
22014,29,0.2,0.3333333333333333,0.33916020527361607,0.034482758620689655,0.2,0.2,0.2727272727272727,0.2984900352767555,0.06896551724137931,0.2
4240,11,0.2,0.13333333333333333,0.14606834984270645,0.09090909090909091,0.2,0.2,0.14545454545454545,0.15840915256850246,0.18181818181818182,0.2
179,11,0.2,0.26666666666666666,0.2139862647345275,0.09090909090909091,0.2,0.2,0.2545454545454545,0.21726071285222984,0.18181818181818182,0.2
8388,1,0.0,0.0,0.0,0.0,0.0,0.0,0.0,0.0,0.0,0.0
8945,7,0.2,0.3333333333333333,0.33916020527361607,0.14285714285714285,0.2,0.14285714285714285,0.2040816326530612,0.27487633291429087,0.14285714285714285,0.1
10913,10,0.6,0.6666666666666666,0.6843515475204854,0.3,0.6,0.4,0.49090909090909096,0.5103515512676448,0.4,0.4
3738,3,0.0,0.0,0.0,0.0,0.0,0.0,0.0,0.0,0.0,0.0
15663,1,0.0,0.0,0.0,0.0,0.0,0.0,0.0,0.0,0.0,0.0
19281,1,1.0,0.0,0.0,1.0,0.2,1.0,0.0,0.0,1.0,0.2
21258,4,0.0,0.0,0.0,0.0,0.0,0.0,0.0,0.0,0.0,0.0
20757,1,0.0,0.0,0.0,0.0,0.0,0.0,0.0,0.0,0.0,0.0
16530,11,0.2,0.13333333333333333,0.14606834984270645,0.09090909090909091,0.2,0.2,0.1636363636363636,0.16104258782393982,0.18181818181818182,0.2
2394,9,0.8,0.7333333333333334,0.7860137352654724,0.4444444444444444,0.8,0.5555555555555556,0.6666666666666666,0.6284498769522006,0.5555555555555556,0.5
21692,1,1.0,1.0,1.0,1.0,0.5,1.0,1.0,1.0,1.0,0.5
7603,6,0.0,0.0,0.0,0.0,0.0,0.0,0.0,0.0,0.0,0.0
21133,8,0.0,0.0,0.0,0.0,0.0,0.0,0.0,0.0,0.0,0.0
8450,8,0.0,0.0,0.0,0.0,0.0,0.0,0.0,0.0,0.0,0.0
4111,16,0.4,0.39999999999999997,0.4703652827859578,0.125,0.4,0.3,0.36363636363636365,0.37859880603906115,0.1875,0.3
6269,6,0.2,0.06666666666666665,0.13120507751234176,0.16666666666666666,0.2,0.5,0.24444444444444446,0.22485174766247445,0.5,0.3
1806,9,0.2,0.19999999999999998,0.16958010263680803,0.1111111111111111,0.2,0.1111111111111111,0.14814814814814814,0.11752277470724269,0.1111111111111111,0.1
21014,4,0.0,0.0,0.0,0.0,0.0,0.0,0.0,0.0,0.0,0.0
13203,1,0.0,0.0,0.0,0.0,0.0,0.0,0.0,0.0,0.0,0.0
2321,1,0.0,0.0,0.0,0.0,0.0,1.0,0.0,0.0,1.0,0.14285714285714285
15891,6,0.0,0.0,0.0,0.0,0.0,0.16666666666666666,0.0,0.0,0.16666666666666666,0.1
18700,2,0.0,0.0,0.0,0.0,0.0,0.0,0.0,0.0,0.0,0.0
20687,1,0.0,0.0,0.0,0.0,0.0,0.0,0.0,0.0,0.0,0.0
13989,2,0.5,0.0,0.0,0.5,0.2,0.5,0.0,0.0,0.5,0.1
19974,13,0.4,0.26666666666666666,0.3007851801491498,0.15384615384615385,0.4,0.4,0.34545454545454546,0.3321737110889728,0.3076923076923077,0.4
2385,2,0.0,0.0,0.0,0.0,0.0,0.0,0.0,0.0,0.0,0.0
20248,7,0.2,0.3333333333333333,0.33916020527361607,0.14285714285714285,0.2,0.14285714285714285,0.2040816326530612,0.27487633291429087,0.14285714285714285,0.1
679,6,0.2,0.3333333333333333,0.33916020527361607,0.16666666666666666,0.2,0.16666666666666666,0.2222222222222222,0.30260241349881345,0.16666666666666666,0.1
12362,3,0.0,0.0,0.0,0.0,0.0,0.3333333333333333,0.0,0.0,0.3333333333333333,0.1
9147,12,0.2,0.3333333333333333,0.33916020527361607,0.08333333333333333,0.2,0.1,0.18181818181818182,0.22009176629808014,0.08333333333333333,0.1
16115,1,0.0,0.0,0.0,0.0,0.0,0.0,0.0,0.0,0.0,0.0
14177,11,0.2,0.3333333333333333,0.33916020527361607,0.09090909090909091,0.2,0.5,0.43636363636363645,0.5075394027672818,0.45454545454545453,0.5
15373,10,0.4,0.6,0.5531464700081437,0.2,0.4,0.3,0.4,0.4283854321084119,0.3,0.3
15093,21,0.6,0.7999999999999999,0.7227265726449518,0.14285714285714285,0.6,0.4,0.5090909090909091,0.5326208815196265,0.19047619047619047,0.4
10061,6,0.2,0.3333333333333333,0.33916020527361607,0.16666666666666666,0.2,0.3333333333333333,0.2222222222222222,0.30260241349881345,0.3333333333333333,0.2
9845,5,0.2,0.26666666666666666,0.2139862647345275,0.2,0.2,0.2,0.225,0.2139862647345275,0.2,0.1
9324,5,0.0,0.0,0.0,0.0,0.0,0.0,0.0,0.0,0.0,0.0
19092,2,0.0,0.0,0.0,0.0,0.0,0.0,0.0,0.0,0.0,0.0
1930,5,0.2,0.19999999999999998,0.16958010263680803,0.2,0.2,0.2,0.2,0.16958010263680803,0.2,0.125
7506,14,0.6,0.6666666666666666,0.6843515475204854,0.21428571428571427,0.6,0.4,0.49090909090909096,0.5103515512676448,0.2857142857142857,0.4
9273,1,0.0,0.0,0.0,0.0,0.0,0.0,0.0,0.0,0.0,0.0
7859,10,0.6,0.7333333333333334,0.6992148198508501,0.3,0.6,0.5,0.618181818181818,0.601572065456638,0.5,0.5
8239,7,0.0,0.0,0.0,0.0,0.0,0.0,0.0,0.0,0.0,0.0
12923,20,0.2,0.26666666666666666,0.2139862647345275,0.05,0.2,0.1,0.16363636363636364,0.1388624438735545,0.05,0.1
14901,2,0.0,0.0,0.0,0.0,0.0,0.0,0.0,0.0,0.0,0.0
11080,6,0.2,0.3333333333333333,0.33916020527361607,0.16666666666666666,0.2,0.3333333333333333,0.2222222222222222,0.30260241349881345,0.3333333333333333,0.2
9855,2,0.5,0.4444444444444445,0.3868528072345415,0.5,0.2,0.5,0.4736842105263158,0.3868528072345415,0.5,0.1
9753,12,0.0,0.0,0.0,0.0,0.0,0.0,0.0,0.0,0.0,0.0
11773,10,0.8,0.6666666666666666,0.6608397947263838,0.4,0.8,0.4,0.5454545454545455,0.4288398090337664,0.4,0.4
19165,27,0.2,0.06666666666666665,0.13120507751234176,0.037037037037037035,0.2,0.1,0.10909090909090909,0.08514311764162097,0.037037037037037035,0.1
17062,2,0.5,0.0,0.0,0.5,0.2,0.5,0.0,0.0,0.5,0.1111111111111111
11285,13,0.6,0.7333333333333334,0.6992148198508501,0.23076923076923078,0.6,0.5,0.5636363636363636,0.5894280199323517,0.38461538461538464,0.5
2479,2,0.0,0.0,0.0,0.0,0.0,0.0,0.0,0.0,0.0,0.0
4049,3,0.0,0.0,0.0,0.0,0.0,0.3333333333333333,0.0,0.0,0.3333333333333333,0.1
21232,1,0.0,0.0,0.0,0.0,0.0,1.0,0.0,0.0,1.0,0.1
4748,3,0.0,0.0,0.0,0.0,0.0,0.0,0.0,0.0,0.0,0.0
19039,1,0.0,0.0,0.0,0.0,0.0,0.0,0.0,0.0,0.0,0.0
16316,7,0.4,0.4666666666666666,0.38356636737133554,0.2857142857142857,0.4,0.5714285714285714,0.3469387755102041,0.3108658234453848,0.5714285714285714,0.4
8229,27,0.2,0.26666666666666666,0.2139862647345275,0.037037037037037035,0.2,0.2,0.2,0.2051166673279435,0.07407407407407407,0.2
22028,1,0.0,0.0,0.0,0.0,0.0,0.0,0.0,0.0,0.0,0.0
17510,6,0.0,0.0,0.0,0.0,0.0,0.0,0.0,0.0,0.0,0.0
1164,7,0.2,0.19999999999999998,0.16958010263680803,0.14285714285714285,0.2,0.14285714285714285,0.16326530612244897,0.13743816645714543,0.14285714285714285,0.1111111111111111
8116,20,0.2,0.19999999999999998,0.16958010263680803,0.05,0.2,0.2,0.16363636363636364,0.1736666713479918,0.1,0.2
1567,4,0.0,0.0,0.0,0.0,0.0,0.0,0.0,0.0,0.0,0.0
10880,4,0.5,0.14285714285714288,0.16812753627111746,0.5,0.4,0.5,0.20588235294117643,0.16812753627111746,0.5,0.2
7648,21,0.4,0.4000000000000001,0.3600546145772339,0.09523809523809523,0.4,0.2,0.29090909090909095,0.23365080824310527,0.09523809523809523,0.2
12728,2,0.0,0.0,0.0,0.0,0.0,0.0,0.0,0.0,0.0,0.0
15379,4,0.0,0.0,0.0,0.0,0.0,0.0,0.0,0.0,0.0,0.0
2746,3,0.3333333333333333,0.25,0.23463936301137822,0.3333333333333333,0.2,0.3333333333333333,0.2962962962962963,0.23463936301137822,0.3333333333333333,0.1
14205,19,1.0,1.0,1.0,0.2631578947368421,1.0,0.6,0.7636363636363637,0.7151857987862357,0.3157894736842105,0.6
20334,12,0.2,0.26666666666666666,0.2139862647345275,0.08333333333333333,0.2,0.3,0.2545454545454545,0.2758471541718662,0.25,0.3
19759,7,0.0,0.0,0.0,0.0,0.0,0.0,0.0,0.0,0.0,0.0
19068,3,0.0,0.0,0.0,0.0,0.0,0.3333333333333333,0.0,0.0,0.3333333333333333,0.1
21151,1,0.0,0.0,0.0,0.0,0.0,0.0,0.0,0.0,0.0,0.0
304,2,0.5,0.0,0.0,0.5,0.2,0.5,0.0,0.0,0.5,0.1
9031,8,0.2,0.13333333333333333,0.14606834984270645,0.125,0.2,0.125,0.1346153846153846,0.1089364926177559,0.125,0.1
12758,8,0.0,0.0,0.0,0.0,0.0,0.25,0.17307692307692307,0.17441424290825341,0.25,0.25
1624,4,0.0,0.0,0.0,0.0,0.0,0.0,0.0,0.0,0.0,0.0
20862,1,0.0,0.0,0.0,0.0,0.0,0.0,0.0,0.0,0.0,0.0
3489,1,0.0,0.0,0.0,0.0,0.0,0.0,0.0,0.0,0.0,0.0
17197,15,0.2,0.13333333333333333,0.14606834984270645,0.06666666666666667,0.2,0.4,0.2727272727272727,0.30306164500156685,0.26666666666666666,0.4
8529,2,0.0,0.0,0.0,0.0,0.0,0.0,0.0,0.0,0.0,0.0
19305,5,0.0,0.0,0.0,0.0,0.0,0.0,0.0,0.0,0.0,0.0
19979,11,0.2,0.26666666666666666,0.2139862647345275,0.09090909090909091,0.2,0.1,0.16363636363636364,0.1388624438735545,0.09090909090909091,0.1
16769,7,0.0,0.0,0.0,0.0,0.0,0.0,0.0,0.0,0.0,0.0
10891,3,0.0,0.0,0.0,0.0,0.0,0.0,0.0,0.0,0.0,0.0
2542,14,0.6,0.46666666666666673,0.4912596920895757,0.21428571428571427,0.6,0.6,0.5272727272727272,0.5220328596374271,0.42857142857142855,0.6
20711,3,0.0,0.0,0.0,0.0,0.0,0.0,0.0,0.0,0.0,0.0
8306,1,0.0,0.0,0.0,0.0,0.0,0.0,0.0,0.0,0.0,0.0
6248,1,0.0,0.0,0.0,0.0,0.0,0.0,0.0,0.0,0.0,0.0
10952,2,0.0,0.0,0.0,0.0,0.0,0.0,0.0,0.0,0.0,0.0
562,4,0.0,0.0,0.0,0.0,0.0,0.0,0.0,0.0,0.0,0.0
5622,9,0.6,0.5333333333333333,0.5147714448836773,0.3333333333333333,0.6,0.3333333333333333,0.42592592592592593,0.3567480358963706,0.3333333333333333,0.3
1329,2,0.0,0.0,0.0,0.0,0.0,0.5,0.0,0.0,0.5,0.1
5875,14,0.4,0.3333333333333333,0.34519134224686926,0.14285714285714285,0.4,0.5,0.49090909090909096,0.4451989745299881,0.35714285714285715,0.5
19458,13,0.0,0.0,0.0,0.0,0.0,0.1,0.09090909090909091,0.07839826897867533,0.07692307692307693,0.1
8543,31,0.2,0.3333333333333333,0.33916020527361607,0.03225806451612903,0.2,0.3,0.34545454545454546,0.37185395737611554,0.0967741935483871,0.3
12169,3,0.0,0.0,0.0,0.0,0.0,0.0,0.0,0.0,0.0,0.0
22514,7,0.0,0.0,0.0,0.0,0.0,0.0,0.0,0.0,0.0,0.0
22271,2,0.0,0.0,0.0,0.0,0.0,0.0,0.0,0.0,0.0,0.0
6297,3,0.0,0.0,0.0,0.0,0.0,0.3333333333333333,0.0,0.0,0.3333333333333333,0.1
13635,18,0.4,0.26666666666666666,0.3007851801491498,0.1111111111111111,0.4,0.2,0.2545454545454545,0.19518900079066104,0.1111111111111111,0.2
20613,4,0.0,0.0,0.0,0.0,0.0,0.25,0.0,0.0,0.25,0.16666666666666666
19472,5,0.0,0.0,0.0,0.0,0.0,0.0,0.0,0.0,0.0,0.0
14490,7,0.2,0.26666666666666666,0.2139862647345275,0.14285714285714285,0.2,0.2857142857142857,0.2653061224489796,0.265053101293003,0.2857142857142857,0.2
7433,2,0.5,0.4444444444444445,0.3868528072345415,0.5,0.2,0.5,0.4736842105263158,0.3868528072345415,0.5,0.1
17548,8,0.4,0.5333333333333333,0.5087403079104241,0.25,0.4,0.25,0.34615384615384615,0.37941405415148566,0.25,0.2
1896,18,0.6,0.6,0.529634717214042,0.16666666666666666,0.6,0.4,0.5090909090909091,0.4170606134915054,0.2222222222222222,0.4
6499,3,0.0,0.0,0.0,0.0,0.0,0.0,0.0,0.0,0.0,0.0
15026,2,0.0,0.0,0.0,0.0,0.0,0.5,0.0,0.0,0.5,0.1
7868,1,0.0,0.0,0.0,0.0,0.0,0.0,0.0,0.0,0.0,0.0
20602,2,0.0,0.0,0.0,0.0,0.0,0.0,0.0,0.0,0.0,0.0
1510,15,0.2,0.06666666666666665,0.13120507751234176,0.06666666666666667,0.2,0.3,0.23636363636363636,0.22793826167775824,0.2,0.3
15999,10,0.0,0.0,0.0,0.0,0.0,0.0,0.0,0.0,0.0,0.0
11661,29,0.2,0.3333333333333333,0.33916020527361607,0.034482758620689655,0.2,0.3,0.3090909090909091,0.3647442587311445,0.10344827586206896,0.3
8654,5,0.0,0.0,0.0,0.0,0.0,0.0,0.0,0.0,0.0,0.0
7412,17,0.6,0.6,0.529634717214042,0.17647058823529413,0.6,0.4,0.49090909090909096,0.4131279133289226,0.23529411764705882,0.4
16926,10,0.0,0.0,0.0,0.0,0.0,0.1,0.036363636363636355,0.06625422345438903,0.1,0.1
10940,2,0.5,0.4444444444444445,0.3868528072345415,0.5,0.2,0.5,0.4736842105263158,0.3868528072345415,0.5,0.1
9244,26,0.4,0.3333333333333333,0.31564845247951445,0.07692307692307693,0.4,0.4,0.41818181818181815,0.3526637384340434,0.15384615384615385,0.4
20660,9,0.2,0.3333333333333333,0.33916020527361607,0.1111111111111111,0.2,0.3333333333333333,0.27777777777777773,0.4103915680233244,0.2222222222222222,0.3333333333333333
2318,9,0.4,0.3333333333333333,0.34519134224686926,0.2222222222222222,0.4,0.2222222222222222,0.27777777777777773,0.2392252611891279,0.2222222222222222,0.2
2885,2,0.5,0.0,0.0,0.5,0.2,0.5,0.0,0.0,0.5,0.1
13352,14,0.4,0.26666666666666666,0.3007851801491498,0.14285714285714285,0.4,0.3,0.2909090909090909,0.26144322424505007,0.21428571428571427,0.3
4444,15,0.2,0.13333333333333333,0.14606834984270645,0.06666666666666667,0.2,0.1,0.12727272727272726,0.09478836436955078,0.06666666666666667,0.1
1292,26,0.2,0.3333333333333333,0.33916020527361607,0.038461538461538464,0.2,0.2,0.2545454545454545,0.29345568839744024,0.07692307692307693,0.2
4963,4,0.25,0.35714285714285715,0.39038004999210163,0.25,0.2,0.25,0.2941176470588235,0.39038004999210163,0.25,0.1
20618,1,0.0,0.0,0.0,0.0,0.0,0.0,0.0,0.0,0.0,0.0
15976,1,1.0,1.0,1.0,1.0,0.5,1.0,1.0,1.0,1.0,0.5
2593,28,0.2,0.3333333333333333,0.33916020527361607,0.03571428571428571,0.2,0.1,0.18181818181818182,0.22009176629808014,0.03571428571428571,0.1
18340,11,0.2,0.06666666666666665,0.13120507751234176,0.09090909090909091,0.2,0.14285714285714285,0.10909090909090909,0.10633668103022983,0.09090909090909091,0.14285714285714285
11216,1,0.0,0.0,0.0,0.0,0.0,0.0,0.0,0.0,0.0,0.0
16875,3,0.3333333333333333,0.0,0.0,0.3333333333333333,0.2,0.3333333333333333,0.0,0.0,0.3333333333333333,0.1
8813,2,0.5,0.0,0.0,0.5,0.2,0.5,0.0,0.0,0.5,0.1
19398,6,0.0,0.0,0.0,0.0,0.0,0.16666666666666666,0.1111111111111111,0.10778915452451095,0.16666666666666666,0.1
18678,4,0.0,0.0,0.0,0.0,0.0,0.0,0.0,0.0,0.0,0.0
16029,1,0.0,0.0,0.0,0.0,0.0,0.0,0.0,0.0,0.0,0.0
8916,2,0.0,0.0,0.0,0.0,0.0,0.0,0.0,0.0,0.0,0.0
17737,16,0.6,0.46666666666666673,0.4912596920895757,0.1875,0.6,0.5,0.5272727272727273,0.4634464183177906,0.3125,0.5
18447,12,0.2,0.26666666666666666,0.2139862647345275,0.08333333333333333,0.2,0.2,0.2545454545454545,0.21726071285222984,0.16666666666666666,0.2
8943,1,0.0,0.0,0.0,0.0,0.0,0.0,0.0,0.0,0.0,0.0
4247,1,0.0,0.0,0.0,0.0,0.0,0.0,0.0,0.0,0.0,0.0
5405,12,0.6,0.7333333333333334,0.6992148198508501,0.25,0.6,0.5,0.6363636363636362,0.6055047656192208,0.4166666666666667,0.5
17596,7,0.4,0.4666666666666666,0.48522855511632257,0.2857142857142857,0.4,0.42857142857142855,0.346938775510204,0.3932591258696538,0.42857142857142855,0.3
3710,1,0.0,0.0,0.0,0.0,0.0,0.0,0.0,0.0,0.0,0.0
9766,14,0.0,0.0,0.0,0.0,0.0,0.1,0.018181818181818177,0.0636207881989517,0.07142857142857142,0.1
10744,16,0.2,0.13333333333333333,0.14606834984270645,0.0625,0.2,0.1,0.12727272727272726,0.09478836436955078,0.0625,0.1
9323,20,0.6,0.7333333333333334,0.6992148198508501,0.15,0.6,0.4,0.5636363636363636,0.5321408435198608,0.2,0.4
9393,3,0.0,0.0,0.0,0.0,0.0,0.0,0.0,0.0,0.0,0.0
1538,3,0.0,0.0,0.0,0.0,0.0,0.0,0.0,0.0,0.0,0.0
7664,3,0.6666666666666666,0.33333333333333337,0.29608191096586517,0.6666666666666666,0.4,0.6666666666666666,0.3333333333333333,0.29608191096586517,0.6666666666666666,0.2
9970,31,0.6,0.6,0.6399453854227659,0.0967741935483871,0.6,0.6,0.6363636363636364,0.6332971816211657,0.1935483870967742,0.6
19116,1,0.0,0.0,0.0,0.0,0.0,0.0,0.0,0.0,0.0,0.0
13675,1,0.0,0.0,0.0,0.0,0.0,0.0,0.0,0.0,0.0,0.0
4145,9,0.2,0.3333333333333333,0.33916020527361607,0.1111111111111111,0.2,0.1111111111111111,0.18518518518518517,0.23504554941448538,0.1111111111111111,0.1
2035,2,0.0,0.0,0.0,0.0,0.0,0.0,0.0,0.0,0.0,0.0
4950,9,0.4,0.5333333333333333,0.5087403079104241,0.2222222222222222,0.4,0.3333333333333333,0.37037037037037035,0.42332408484280865,0.3333333333333333,0.3
14633,3,0.0,0.0,0.0,0.0,0.0,0.3333333333333333,0.0,0.0,0.3333333333333333,0.1
9473,17,0.2,0.3333333333333333,0.33916020527361607,0.058823529411764705,0.2,0.2,0.21818181818181817,0.28634598975246917,0.11764705882352941,0.2
14557,6,0.0,0.0,0.0,0.0,0.0,0.0,0.0,0.0,0.0,0.0
3812,4,0.25,0.0,0.0,0.25,0.2,0.25,0.0,0.0,0.25,0.1
14202,3,0.0,0.0,0.0,0.0,0.0,0.0,0.0,0.0,0.0,0.0
375,1,0.0,0.0,0.0,0.0,0.0,0.0,0.0,0.0,0.0,0.0
11620,6,0.0,0.0,0.0,0.0,0.0,0.0,0.0,0.0,0.0,0.0
14053,4,0.0,0.0,0.0,0.0,0.0,0.0,0.0,0.0,0.0,0.0
1521,3,0.0,0.0,0.0,0.0,0.0,0.6666666666666666,0.0,0.0,0.6666666666666666,0.2
12090,6,0.0,0.0,0.0,0.0,0.0,0.0,0.0,0.0,0.0,0.0
18175,2,0.0,0.0,0.0,0.0,0.0,0.0,0.0,0.0,0.0,0.0
6114,5,0.4,0.3333333333333333,0.31564845247951445,0.4,0.4,0.4,0.375,0.31564845247951445,0.4,0.2
21383,1,0.0,0.0,0.0,0.0,0.0,0.0,0.0,0.0,0.0,0.0
16500,25,0.6,0.6,0.6399453854227659,0.12,0.6,0.5,0.5272727272727273,0.5509662124799075,0.2,0.5
2756,9,0.4,0.39999999999999997,0.4703652827859578,0.2222222222222222,0.4,0.2222222222222222,0.2962962962962963,0.32597358003346416,0.2222222222222222,0.2
10928,12,0.2,0.3333333333333333,0.33916020527361607,0.08333333333333333,0.2,0.4,0.3272727272727272,0.42650769853316917,0.3333333333333333,0.4
3210,7,0.0,0.0,0.0,0.0,0.0,0.0,0.0,0.0,0.0,0.0
20998,2,0.5,0.0,0.0,0.5,0.2,0.5,0.0,0.0,0.5,0.1
13342,1,0.0,0.0,0.0,0.0,0.0,0.0,0.0,0.0,0.0,0.0
15519,14,0.0,0.0,0.0,0.0,0.0,0.1,0.09090909090909091,0.07839826897867533,0.07142857142857142,0.1
17730,2,0.0,0.0,0.0,0.0,0.0,0.0,0.0,0.0,0.0,0.0
19616,22,0.6,0.5333333333333333,0.6164336326286642,0.13636363636363635,0.6,0.6,0.618181818181818,0.6180396628416763,0.2727272727272727,0.6
1366,9,0.2,0.3333333333333333,0.33916020527361607,0.1111111111111111,0.2,0.1111111111111111,0.18518518518518517,0.23504554941448538,0.1111111111111111,0.1
18172,3,0.0,0.0,0.0,0.0,0.0,0.0,0.0,0.0,0.0,0.0
13504,7,0.0,0.0,0.0,0.0,0.0,0.0,0.0,0.0,0.0,0.0
5681,9,0.8,0.8000000000000002,0.8304198973631919,0.4444444444444444,0.8,0.5555555555555556,0.6666666666666665,0.6538479352874087,0.5555555555555556,0.5
16389,8,0.0,0.0,0.0,0.0,0.0,0.0,0.0,0.0,0.0,0.0
19353,15,0.4,0.5333333333333333,0.5087403079104241,0.13333333333333333,0.4,0.3,0.4,0.40350157154648025,0.2,0.3
20485,24,0.2,0.3333333333333333,0.33916020527361607,0.041666666666666664,0.2,0.1,0.18181818181818182,0.22009176629808014,0.041666666666666664,0.1
21728,3,0.3333333333333333,0.0,0.0,0.3333333333333333,0.2,0.3333333333333333,0.0,0.0,0.3333333333333333,0.1
21702,1,1.0,1.0,1.0,1.0,1.0,1.0,1.0,1.0,1.0,1.0
3142,10,0.4,0.3333333333333333,0.31564845247951445,0.2,0.4,0.3,0.34545454545454546,0.2781981696179509,0.3,0.3
7186,28,0.0,0.0,0.0,0.0,0.0,0.1,0.09090909090909091,0.07839826897867533,0.03571428571428571,0.1
13738,3,0.6666666666666666,0.6666666666666667,0.7039180890341346,0.6666666666666666,0.4,0.6666666666666666,0.6666666666666666,0.7039180890341346,0.6666666666666666,0.2
14907,14,0.6,0.7999999999999999,0.7227265726449518,0.21428571428571427,0.6,0.4,0.5818181818181819,0.5473983622993501,0.2857142857142857,0.4
12389,5,0.5,0.5333333333333333,0.5855700749881524,0.4,0.5,0.5,0.45,0.5855700749881524,0.4,0.5
16482,8,0.4,0.6,0.5531464700081437,0.25,0.4,0.25,0.36538461538461536,0.4125317798925535,0.25,0.2
9618,8,0.6,0.5333333333333333,0.6164336326286642,0.375,0.6,0.5,0.4999999999999999,0.5395253285830216,0.5,0.4
17193,6,0.0,0.0,0.0,0.0,0.0,0.0,0.0,0.0,0.0,0.0
13249,1,1.0,0.0,0.0,1.0,0.2,1.0,0.0,0.0,1.0,0.1
8439,9,0.6,0.5333333333333333,0.5147714448836773,0.3333333333333333,0.6,0.5,0.42592592592592593,0.4592846660663049,0.3333333333333333,0.5
19987,3,0.0,0.0,0.0,0.0,0.0,0.0,0.0,0.0,0.0,0.0
13229,5,0.0,0.0,0.0,0.0,0.0,0.0,0.0,0.0,0.0,0.0
21339,1,0.0,0.0,0.0,0.0,0.0,0.0,0.0,0.0,0.0,0.0
14882,1,0.0,0.0,0.0,0.0,0.0,0.0,0.0,0.0,0.0,0.0
18357,1,0.0,0.0,0.0,0.0,0.0,0.0,0.0,0.0,0.0,0.0
14663,11,0.0,0.0,0.0,0.0,0.0,0.0,0.0,0.0,0.0,0.0
20891,4,0.0,0.0,0.0,0.0,0.0,0.25,0.0,0.0,0.25,0.1111111111111111
4410,3,0.0,0.0,0.0,0.0,0.0,0.3333333333333333,0.0,0.0,0.3333333333333333,0.1
13593,16,0.4,0.6,0.5531464700081437,0.125,0.4,0.3,0.36363636363636365,0.4225749983705864,0.1875,0.3
7112,2,0.0,0.0,0.0,0.0,0.0,0.0,0.0,0.0,0.0,0.0
4251,13,0.6,0.5333333333333333,0.5147714448836773,0.23076923076923078,0.6,0.3,0.4181818181818182,0.3340514446642156,0.23076923076923078,0.3
8120,4,0.25,0.14285714285714288,0.16812753627111746,0.25,0.2,0.25,0.20588235294117643,0.16812753627111746,0.25,0.1
7771,4,0.0,0.0,0.0,0.0,0.0,0.0,0.0,0.0,0.0,0.0
16502,4,0.25,0.35714285714285715,0.39038004999210163,0.25,0.2,0.5,0.2941176470588235,0.39038004999210163,0.5,0.2
21220,1,0.0,0.0,0.0,0.0,0.0,0.0,0.0,0.0,0.0,0.0
19989,14,0.2,0.26666666666666666,0.2139862647345275,0.07142857142857142,0.2,0.2,0.23636363636363636,0.21222636597291453,0.14285714285714285,0.2
13775,2,0.0,0.0,0.0,0.0,0.0,0.0,0.0,0.0,0.0,0.0
13143,7,0.0,0.0,0.0,0.0,0.0,0.0,0.0,0.0,0.0,0.0
16180,3,0.3333333333333333,0.25,0.23463936301137822,0.3333333333333333,0.2,0.3333333333333333,0.2962962962962963,0.23463936301137822,0.3333333333333333,0.1
19001,2,0.5,0.0,0.0,0.5,0.2,0.5,0.0,0.0,0.5,0.16666666666666666
1561,4,0.75,0.7142857142857143,0.7536976112592699,0.75,0.6,1.0,0.7352941176470588,0.7536976112592699,1.0,0.4
7617,6,0.0,0.0,0.0,0.0,0.0,0.0,0.0,0.0,0.0,0.0
21123,6,0.6,0.6666666666666666,0.6843515475204854,0.5,0.6,0.5,0.5555555555555556,0.6105858728157116,0.5,0.3333333333333333
6428,4,0.0,0.0,0.0,0.0,0.0,0.0,0.0,0.0,0.0,0.0
17140,3,0.0,0.0,0.0,0.0,0.0,0.0,0.0,0.0,0.0,0.0
20070,4,0.0,0.0,0.0,0.0,0.0,0.0,0.0,0.0,0.0,0.0
11702,19,0.0,0.0,0.0,0.0,0.0,0.3,0.14545454545454548,0.206415932235089,0.15789473684210525,0.3
4369,1,0.0,0.0,0.0,0.0,0.0,0.0,0.0,0.0,0.0,0.0
9742,29,0.2,0.13333333333333333,0.14606834984270645,0.034482758620689655,0.2,0.2,0.18181818181818182,0.16421958630632802,0.06896551724137931,0.2
20963,8,0.6,0.7999999999999999,0.7227265726449518,0.375,0.6,0.375,0.5192307692307693,0.5390031312763821,0.375,0.3
18061,3,0.0,0.0,0.0,0.0,0.0,0.0,0.0,0.0,0.0,0.0
1200,9,0.2,0.06666666666666665,0.13120507751234176,0.1111111111111111,0.2,0.1111111111111111,0.1111111111111111,0.09092803061897882,0.1111111111111111,0.1
1704,22,0.2,0.26666666666666666,0.2139862647345275,0.045454545454545456,0.2,0.4,0.3636363636363636,0.35687885840597894,0.18181818181818182,0.4
2799,1,0.0,0.0,0.0,0.0,0.0,0.0,0.0,0.0,0.0,0.0
20243,29,0.6,0.5333333333333333,0.6164336326286642,0.10344827586206896,0.6,0.6,0.6363636363636364,0.6212166613240645,0.20689655172413793,0.6
5508,1,0.0,0.0,0.0,0.0,0.0,0.0,0.0,0.0,0.0,0.0
2139,20,0.4,0.4666666666666666,0.48522855511632257,0.1,0.4,0.5,0.43636363636363634,0.5181190644203317,0.25,0.5
2005,2,0.0,0.0,0.0,0.0,0.0,0.0,0.0,0.0,0.0,0.0
10742,14,0.2,0.13333333333333333,0.14606834984270645,0.07142857142857142,0.2,0.2,0.14545454545454545,0.15840915256850246,0.14285714285714285,0.2
6646,7,0.6,0.6,0.6399453854227659,0.42857142857142855,0.6,0.42857142857142855,0.48979591836734687,0.5186511804016661,0.42857142857142855,0.3
5336,16,0.4,0.6,0.5531464700081437,0.125,0.4,0.3,0.36363636363636365,0.4225749983705864,0.1875,0.3
3363,12,0.2,0.26666666666666666,0.2139862647345275,0.08333333333333333,0.2,0.2,0.23636363636363636,0.21222636597291453,0.16666666666666666,0.2
19461,24,0.2,0.26666666666666666,0.2139862647345275,0.041666666666666664,0.2,0.2,0.23636363636363636,0.21222636597291453,0.08333333333333333,0.2
21115,15,0.8,0.7333333333333334,0.7860137352654724,0.26666666666666666,0.8,0.4,0.5636363636363636,0.510069131458292,0.26666666666666666,0.4
15498,19,0.0,0.0,0.0,0.0,0.0,0.1,0.09090909090909091,0.07839826897867533,0.05263157894736842,0.1
14866,1,0.0,0.0,0.0,0.0,0.0,0.0,0.0,0.0,0.0,0.0
1357,13,0.6,0.46666666666666673,0.4912596920895757,0.23076923076923078,0.6,0.4,0.49090909090909096,0.39719219486340157,0.3076923076923077,0.4
15460,2,0.0,0.0,0.0,0.0,0.0,0.0,0.0,0.0,0.0,0.0
3044,20,0.0,0.0,0.0,0.0,0.0,0.1,0.09090909090909091,0.07839826897867533,0.05,0.1
10996,3,0.3333333333333333,0.0,0.0,0.3333333333333333,0.2,0.3333333333333333,0.0,0.0,0.3333333333333333,0.1
20348,3,0.0,0.0,0.0,0.0,0.0,0.0,0.0,0.0,0.0,0.0
9339,34,0.4,0.39999999999999997,0.4703652827859578,0.058823529411764705,0.4,0.4,0.38181818181818183,0.4409203293308674,0.11764705882352941,0.4
16976,5,0.2,0.13333333333333333,0.14606834984270645,0.2,0.2,0.2,0.175,0.14606834984270645,0.2,0.1
16952,18,0.4,0.4666666666666666,0.48522855511632257,0.1111111111111111,0.4,0.2,0.3090909090909091,0.31488013066763093,0.1111111111111111,0.2
16891,2,0.0,0.0,0.0,0.0,0.0,0.0,0.0,0.0,0.0,0.0
15855,3,0.0,0.0,0.0,0.0,0.0,0.0,0.0,0.0,0.0,0.0
8694,13,0.4,0.5333333333333333,0.5087403079104241,0.15384615384615385,0.4,0.2,0.32727272727272727,0.3301376494471202,0.15384615384615385,0.2
13457,15,0.0,0.0,0.0,0.0,0.0,0.1,0.09090909090909091,0.07839826897867533,0.06666666666666667,0.1
12971,5,0.0,0.0,0.0,0.0,0.0,0.0,0.0,0.0,0.0,0.0
22025,1,0.0,0.0,0.0,0.0,0.0,0.0,0.0,0.0,0.0,0.0
9406,8,0.0,0.0,0.0,0.0,0.0,0.0,0.0,0.0,0.0,0.0
15642,6,0.6,0.6666666666666666,0.6548086577531306,0.5,0.6,0.6666666666666666,0.6666666666666666,0.6920165406831017,0.6666666666666666,0.4
14642,3,0.3333333333333333,0.4166666666666667,0.46927872602275644,0.3333333333333333,0.2,0.3333333333333333,0.37037037037037035,0.46927872602275644,0.3333333333333333,0.1111111111111111
3521,5,0.2,0.3333333333333333,0.33916020527361607,0.2,0.2,0.2,0.25,0.33916020527361607,0.2,0.1
19951,4,0.3333333333333333,0.35714285714285715,0.46927872602275644,0.25,0.3333333333333333,0.3333333333333333,0.2941176470588235,0.46927872602275644,0.25,0.3333333333333333
13548,2,0.5,0.5555555555555556,0.6131471927654584,0.5,0.25,0.5,0.5263157894736842,0.6131471927654584,0.5,0.25
68,19,0.6,0.6666666666666666,0.6548086577531306,0.15789473684210525,0.6,0.4,0.5454545454545454,0.5033242827953462,0.21052631578947367,0.4
22390,4,0.25,0.28571428571428575,0.2463023887407299,0.25,0.2,0.25,0.2647058823529412,0.2463023887407299,0.25,0.1
9783,1,0.0,0.0,0.0,0.0,0.0,0.0,0.0,0.0,0.0,0.0
5751,23,0.0,0.0,0.0,0.0,0.0,0.1,0.05454545454545456,0.06943122193677725,0.043478260869565216,0.1
9153,9,0.0,0.0,0.0,0.0,0.0,0.1111111111111111,0.03703703703703703,0.0707557607210806,0.1111111111111111,0.1
13761,6,0.0,0.0,0.0,0.0,0.0,0.0,0.0,0.0,0.0,0.0
19943,1,1.0,0.0,0.0,1.0,0.2,1.0,0.0,0.0,1.0,0.16666666666666666
3365,5,0.4,0.39999999999999997,0.4703652827859578,0.4,0.4,0.4,0.4,0.4703652827859578,0.4,0.2
12899,2,0.0,0.0,0.0,0.0,0.0,0.0,0.0,0.0,0.0,0.0
1493,10,0.2,0.3333333333333333,0.33916020527361607,0.1,0.2,0.2,0.2727272727272727,0.2984900352767555,0.2,0.2
18310,1,0.0,0.0,0.0,0.0,0.0,0.0,0.0,0.0,0.0,0.0
5074,10,0.0,0.0,0.0,0.0,0.0,0.1,0.07272727272727274,0.07336392209936006,0.1,0.1
9878,19,0.2,0.13333333333333333,0.14606834984270645,0.05263157894736842,0.2,0.2,0.2,0.16815228646891084,0.10526315789473684,0.2
16234,15,0.2,0.3333333333333333,0.33916020527361607,0.06666666666666667,0.2,0.1,0.18181818181818182,0.22009176629808014,0.06666666666666667,0.1
10160,1,1.0,0.0,0.0,1.0,0.2,1.0,0.0,0.0,1.0,0.2
4768,1,0.0,0.0,0.0,0.0,0.0,0.0,0.0,0.0,0.0,0.0
2467,9,0.2,0.06666666666666665,0.13120507751234176,0.1111111111111111,0.2,0.1111111111111111,0.1111111111111111,0.09092803061897882,0.1111111111111111,0.1
6399,8,0.2,0.26666666666666666,0.2139862647345275,0.125,0.2,0.25,0.25,0.243903311380782,0.25,0.2
20089,3,0.3333333333333333,0.25,0.23463936301137822,0.3333333333333333,0.2,0.3333333333333333,0.2962962962962963,0.23463936301137822,0.3333333333333333,0.1
17664,9,0.6,0.7333333333333334,0.6992148198508501,0.3333333333333333,0.6,0.3333333333333333,0.4814814814814814,0.4845713881969347,0.3333333333333333,0.3
21240,2,1.0,0.0,0.0,1.0,0.4,1.0,0.0,0.0,1.0,0.2222222222222222
19721,40,0.4,0.39999999999999997,0.4703652827859578,0.05,0.4,0.3,0.36363636363636365,0.37859880603906115,0.075,0.3
9901,8,0.0,0.0,0.0,0.0,0.0,0.125,0.0,0.0,0.125,0.1
12395,1,0.0,0.0,0.0,0.0,0.0,0.0,0.0,0.0,0.0,0.0
9739,29,0.2,0.06666666666666665,0.13120507751234176,0.034482758620689655,0.2,0.5,0.3272727272727272,0.3667803203729971,0.1724137931034483,0.5
13685,9,0.2,0.13333333333333333,0.14606834984270645,0.1111111111111111,0.2,0.1111111111111111,0.12962962962962962,0.10122860821230019,0.1111111111111111,0.1
17108,23,0.6,0.5333333333333333,0.6164336326286642,0.13043478260869565,0.6,0.6,0.618181818181818,0.6180396628416763,0.2608695652173913,0.6
16472,6,0.2,0.26666666666666666,0.2139862647345275,0.16666666666666666,0.2,0.16666666666666666,0.2,0.1909208661789346,0.16666666666666666,0.1
3274,3,0.0,0.0,0.0,0.0,0.0,0.0,0.0,0.0,0.0,0.0
14191,13,0.4,0.5333333333333333,0.5087403079104241,0.15384615384615385,0.4,0.4,0.45454545454545453,0.4729327934832575,0.3076923076923077,0.4
12976,7,0.2,0.3333333333333333,0.33916020527361607,0.14285714285714285,0.2,0.42857142857142855,0.38775510204081626,0.4644147025690223,0.42857142857142855,0.3
13558,2,0.5,0.0,0.0,0.5,0.2,1.0,0.0,0.0,1.0,0.2
17295,1,0.0,0.0,0.0,0.0,0.0,0.0,0.0,0.0,0.0,0.0
12458,7,0.0,0.0,0.0,0.0,0.0,0.42857142857142855,0.08163265306122448,0.09162544430476363,0.42857142857142855,0.3
20688,10,0.0,0.0,0.0,0.0,0.0,0.1,0.07272727272727274,0.07336392209936006,0.1,0.1
8812,3,0.0,0.0,0.0,0.0,0.0,0.3333333333333333,0.0,0.0,0.3333333333333333,0.1
6649,2,1.0,0.0,0.0,1.0,0.4,1.0,0.0,0.0,1.0,0.2857142857142857
13627,11,0.2,0.13333333333333333,0.14606834984270645,0.09090909090909091,0.2,0.1,0.12727272727272726,0.09478836436955078,0.09090909090909091,0.1
21114,20,0.8,0.7333333333333334,0.7860137352654724,0.2,0.8,0.6,0.6545454545454547,0.6457545768494583,0.3,0.6
9346,12,0.4,0.39999999999999997,0.4703652827859578,0.16666666666666666,0.4,0.4,0.38181818181818183,0.4409203293308674,0.3333333333333333,0.4
11008,4,0.0,0.0,0.0,0.0,0.0,0.0,0.0,0.0,0.0,0.0
4154,8,0.4,0.4666666666666666,0.38356636737133554,0.25,0.4,0.25,0.3269230769230769,0.2860604285087249,0.25,0.2
14168,2,0.0,0.0,0.0,0.0,0.0,0.0,0.0,0.0,0.0,0.0
16799,1,0.0,0.0,0.0,0.0,0.0,0.0,0.0,0.0,0.0,0.0
620,1,0.0,0.0,0.0,0.0,0.0,0.0,0.0,0.0,0.0,0.0
453,4,0.25,0.0,0.0,0.25,0.2,0.25,0.0,0.0,0.25,0.1
13369,4,0.0,0.0,0.0,0.0,0.0,0.0,0.0,0.0,0.0,0.0
15067,10,0.2,0.26666666666666666,0.2139862647345275,0.1,0.2,0.2,0.2545454545454545,0.21726071285222984,0.2,0.2
3707,3,0.0,0.0,0.0,0.0,0.0,0.0,0.0,0.0,0.0,0.0
20919,5,0.2,0.26666666666666666,0.2139862647345275,0.2,0.2,0.2,0.225,0.2139862647345275,0.2,0.1
7860,8,0.0,0.0,0.0,0.0,0.0,0.0,0.0,0.0,0.0,0.0
17620,6,0.2,0.19999999999999998,0.16958010263680803,0.16666666666666666,0.2,0.3333333333333333,0.17777777777777778,0.15130120674940672,0.3333333333333333,0.2
18228,22,0.0,0.0,0.0,0.0,0.0,0.2,0.12727272727272726,0.14465249243306436,0.09090909090909091,0.2
9826,4,0.0,0.0,0.0,0.0,0.0,0.0,0.0,0.0,0.0,0.0
10557,1,1.0,0.0,0.0,1.0,0.2,1.0,0.0,0.0,1.0,0.1
4942,2,1.0,0.0,0.0,1.0,0.4,1.0,0.0,0.0,1.0,0.2
14902,3,0.3333333333333333,0.0,0.0,0.3333333333333333,0.2,0.6666666666666666,0.0,0.0,0.6666666666666666,0.2
19540,12,0.4,0.4000000000000001,0.3600546145772339,0.16666666666666666,0.4,0.5,0.38181818181818183,0.42903378661381614,0.25,0.5
11439,1,1.0,0.0,0.0,1.0,0.2,1.0,0.0,0.0,1.0,0.1
1598,6,0.0,0.0,0.0,0.0,0.0,0.0,0.0,0.0,0.0,0.0
7374,7,0.2,0.26666666666666666,0.2139862647345275,0.14285714285714285,0.2,0.14285714285714285,0.18367346938775508,0.17342765698823942,0.14285714285714285,0.125
17669,1,0.0,0.0,0.0,0.0,0.0,1.0,0.0,0.0,1.0,0.1
15480,3,0.0,0.0,0.0,0.0,0.0,0.0,0.0,0.0,0.0,0.0
4975,2,0.5,0.0,0.0,0.5,0.2,0.5,0.0,0.0,0.5,0.1
7686,8,0.0,0.0,0.0,0.0,0.0,0.0,0.0,0.0,0.0,0.0
626,5,0.2,0.3333333333333333,0.33916020527361607,0.2,0.2,0.4,0.25,0.33916020527361607,0.4,0.2
8489,1,0.0,0.0,0.0,0.0,0.0,0.0,0.0,0.0,0.0,0.0
17475,3,0.0,0.0,0.0,0.0,0.0,0.0,0.0,0.0,0.0,0.0
15531,3,0.0,0.0,0.0,0.0,0.0,0.3333333333333333,0.0,0.0,0.3333333333333333,0.1
14659,1,1.0,0.0,0.0,1.0,0.2,1.0,0.0,0.0,1.0,0.1
13583,18,0.6,0.39999999999999997,0.4468535299918562,0.16666666666666666,0.6,0.5,0.509090909090909,0.4346298575932762,0.2777777777777778,0.5
5029,3,0.0,0.0,0.0,0.0,0.0,0.0,0.0,0.0,0.0,0.0
10731,7,0.4,0.4000000000000001,0.3600546145772339,0.2857142857142857,0.4,0.2857142857142857,0.32653061224489793,0.29181044994360233,0.2857142857142857,0.2
18566,2,0.0,0.0,0.0,0.0,0.0,0.0,0.0,0.0,0.0,0.0
5264,1,0.0,0.0,0.0,0.0,0.0,0.0,0.0,0.0,0.0,0.0
2821,2,0.5,0.0,0.0,0.5,0.2,0.5,0.0,0.0,0.5,0.1
5007,7,0.2,0.19999999999999998,0.16958010263680803,0.14285714285714285,0.2,0.14285714285714285,0.16326530612244897,0.13743816645714543,0.14285714285714285,0.1
7291,3,0.3333333333333333,0.33333333333333337,0.29608191096586517,0.3333333333333333,0.2,0.3333333333333333,0.3333333333333333,0.29608191096586517,0.3333333333333333,0.1
20447,10,0.2,0.19999999999999998,0.16958010263680803,0.1,0.2,0.125,0.14545454545454548,0.12647135138382856,0.1,0.125
19142,6,0.2,0.26666666666666666,0.2139862647345275,0.16666666666666666,0.2,0.16666666666666666,0.2,0.1909208661789346,0.16666666666666666,0.1
13716,15,0.2,0.3333333333333333,0.33916020527361607,0.06666666666666667,0.2,0.3,0.32727272727272727,0.36792125721353275,0.2,0.3
1600,23,0.6,0.7999999999999999,0.7227265726449518,0.13043478260869565,0.6,0.4,0.5636363636363636,0.5423640154200349,0.17391304347826086,0.4
21286,29,0.0,0.0,0.0,0.0,0.0,0.25,0.1272727272727273,0.1641087728183339,0.06896551724137931,0.25
159,1,1.0,1.0,1.0,1.0,0.2,1.0,1.0,1.0,1.0,0.1
16963,1,0.0,0.0,0.0,0.0,0.0,0.0,0.0,0.0,0.0,0.0
14279,9,0.0,0.0,0.0,0.0,0.0,0.0,0.0,0.0,0.0,0.0
5193,3,0.0,0.0,0.0,0.0,0.0,0.0,0.0,0.0,0.0,0.0
18088,7,0.4,0.39999999999999997,0.4703652827859578,0.2857142857142857,0.4,0.2857142857142857,0.32653061224489793,0.3812130139445206,0.2857142857142857,0.2
8795,2,0.0,0.0,0.0,0.0,0.0,0.0,0.0,0.0,0.0,0.0
7423,2,0.5,0.0,0.0,0.5,0.2,0.5,0.0,0.0,0.5,0.1
21600,2,0.5,0.0,0.0,0.5,0.2,0.5,0.0,0.0,0.5,0.16666666666666666
14347,12,0.2,0.3333333333333333,0.33916020527361607,0.08333333333333333,0.2,0.2,0.2727272727272727,0.2984900352767555,0.16666666666666666,0.2
5229,3,0.0,0.0,0.0,0.0,0.0,0.0,0.0,0.0,0.0,0.0
209,18,0.2,0.13333333333333333,0.14606834984270645,0.05555555555555555,0.2,0.2,0.2,0.16815228646891084,0.1111111111111111,0.2
9767,3,0.0,0.0,0.0,0.0,0.0,0.0,0.0,0.0,0.0,0.0
5321,15,0.0,0.0,0.0,0.0,0.0,0.2,0.07272727272727274,0.13305201013572895,0.13333333333333333,0.2
5035,39,0.2,0.26666666666666666,0.2139862647345275,0.02564102564102564,0.2,0.1,0.16363636363636364,0.1388624438735545,0.02564102564102564,0.1
13882,4,0.25,0.14285714285714288,0.16812753627111746,0.25,0.2,0.25,0.20588235294117643,0.16812753627111746,0.25,0.1
6673,16,0.0,0.0,0.0,0.0,0.0,0.0,0.0,0.0,0.0,0.0
4769,11,0.0,0.0,0.0,0.0,0.0,0.0,0.0,0.0,0.0,0.0
7911,1,0.0,0.0,0.0,0.0,0.0,0.0,0.0,0.0,0.0,0.0
13036,8,0.4,0.6,0.5531464700081437,0.25,0.4,0.375,0.44230769230769224,0.4968460141484392,0.375,0.3
12777,15,0.4,0.4666666666666666,0.48522855511632257,0.13333333333333333,0.4,0.4,0.41818181818181815,0.45449827622138006,0.26666666666666666,0.4
1148,2,0.5,0.4444444444444445,0.3868528072345415,0.5,0.2,0.5,0.4736842105263158,0.3868528072345415,0.5,0.1
14131,13,0.8,0.9333333333333332,0.8687949224876582,0.3076923076923077,0.8,0.7,0.7272727272727273,0.7630946912803436,0.5384615384615384,0.7
15970,5,0.0,0.0,0.0,0.0,0.0,0.0,0.0,0.0,0.0,0.0
2613,7,0.0,0.0,0.0,0.0,0.0,0.0,0.0,0.0,0.0,0.0
21092,1,0.0,0.0,0.0,0.0,0.0,0.0,0.0,0.0,0.0,0.0
5348,10,0.2,0.3333333333333333,0.33916020527361607,0.1,0.2,0.2,0.2727272727272727,0.2984900352767555,0.2,0.2
7780,19,0.8,0.9333333333333332,0.8687949224876582,0.21052631578947367,0.8,0.8,0.8363636363636364,0.8454256604216017,0.42105263157894735,0.8
11087,2,1.0,1.0,1.0,1.0,0.4,1.0,1.0,1.0,1.0,0.4
7488,2,0.0,0.0,0.0,0.0,0.0,0.0,0.0,0.0,0.0,0.0
11929,27,0.2,0.3333333333333333,0.33916020527361607,0.037037037037037035,0.2,0.3,0.3090909090909091,0.36288691033421744,0.1111111111111111,0.3
8496,8,0.6,0.7999999999999999,0.7227265726449518,0.375,0.6,0.375,0.5192307692307693,0.5390031312763821,0.375,0.3
9831,15,0.0,0.0,0.0,0.0,0.0,0.0,0.0,0.0,0.0,0.0
8428,6,0.4,0.6,0.5531464700081437,0.3333333333333333,0.4,0.5,0.5333333333333333,0.601312434202259,0.5,0.3
7818,2,0.0,0.0,0.0,0.0,0.0,0.0,0.0,0.0,0.0,0.0
6467,17,0.2,0.3333333333333333,0.33916020527361607,0.058823529411764705,0.2,0.1,0.18181818181818182,0.22009176629808014,0.058823529411764705,0.1
10288,6,0.0,0.0,0.0,0.0,0.0,0.16666666666666666,0.0,0.0,0.16666666666666666,0.1
15069,25,0.8,0.8000000000000002,0.8304198973631919,0.16,0.8,0.6,0.6363636363636362,0.6687607038361473,0.24,0.6
20333,11,0.0,0.0,0.0,0.0,0.0,0.3,0.16363636363636364,0.20904936749052633,0.2727272727272727,0.3
20997,1,1.0,0.0,0.0,1.0,0.2,1.0,0.0,0.0,1.0,0.1
351,2,0.0,0.0,0.0,0.0,0.0,0.5,0.0,0.0,0.5,0.1
19940,3,0.0,0.0,0.0,0.0,0.0,0.0,0.0,0.0,0.0,0.0
6443,1,1.0,1.0,1.0,1.0,0.2,1.0,1.0,1.0,1.0,0.1
16014,11,0.4,0.4000000000000001,0.3600546145772339,0.18181818181818182,0.4,0.3,0.34545454545454546,0.3030820301798825,0.2727272727272727,0.3
10372,5,0.0,0.0,0.0,0.0,0.0,0.2,0.0,0.0,0.2,0.1
8472,6,0.2,0.26666666666666666,0.2139862647345275,0.16666666666666666,0.2,0.16666666666666666,0.2,0.1909208661789346,0.16666666666666666,0.1
1066,5,0.4,0.4666666666666666,0.48522855511632257,0.4,0.4,0.6,0.425,0.48522855511632257,0.6,0.3
5894,1,0.0,0.0,0.0,0.0,0.0,0.0,0.0,0.0,0.0,0.0
1596,20,0.2,0.19999999999999998,0.16958010263680803,0.05,0.2,0.4,0.30909090909090914,0.32149616226344435,0.2,0.4
7418,3,0.0,0.0,0.0,0.0,0.0,0.0,0.0,0.0,0.0,0.0
14057,2,0.0,0.0,0.0,0.0,0.0,0.0,0.0,0.0,0.0,0.0
14051,1,0.0,0.0,0.0,0.0,0.0,0.0,0.0,0.0,0.0,0.0
13594,9,0.0,0.0,0.0,0.0,0.0,0.1111111111111111,0.05555555555555556,0.07414861528507453,0.1111111111111111,0.1
7861,4,0.0,0.0,0.0,0.0,0.0,0.0,0.0,0.0,0.0,0.0
17490,6,0.0,0.0,0.0,0.0,0.0,0.0,0.0,0.0,0.0,0.0
17248,4,0.25,0.35714285714285715,0.39038004999210163,0.25,0.2,0.25,0.2941176470588235,0.39038004999210163,0.25,0.1
21289,1,0.0,0.0,0.0,0.0,0.0,0.0,0.0,0.0,0.0,0.0
2579,2,0.0,0.0,0.0,0.0,0.0,0.0,0.0,0.0,0.0,0.0
11186,25,0.4,0.39999999999999997,0.4703652827859578,0.08,0.4,0.3,0.36363636363636365,0.37859880603906115,0.12,0.3
11604,23,0.4,0.5333333333333333,0.5087403079104241,0.08695652173913043,0.4,0.6,0.5454545454545454,0.6117748521784964,0.2608695652173913,0.6
5907,16,0.6,0.5333333333333333,0.5147714448836773,0.1875,0.6,0.5,0.5454545454545454,0.47870393709727993,0.3125,0.5
3790,2,0.5,0.5555555555555556,0.6131471927654584,0.5,0.2,0.5,0.5263157894736842,0.6131471927654584,0.5,0.1
12144,20,0.2,0.26666666666666666,0.2139862647345275,0.05,0.2,0.3,0.21818181818181823,0.2687374555268952,0.15,0.3
5810,4,0.25,0.28571428571428575,0.2463023887407299,0.25,0.2,0.25,0.2647058823529412,0.2463023887407299,0.25,0.1
4475,11,0.4,0.39999999999999997,0.4703652827859578,0.18181818181818182,0.4,0.2,0.29090909090909095,0.3052348839397011,0.18181818181818182,0.2
18521,8,0.0,0.0,0.0,0.0,0.0,0.0,0.0,0.0,0.0,0.0
4965,2,1.0,0.4444444444444445,0.3868528072345415,1.0,0.4,1.0,0.4736842105263158,0.3868528072345415,1.0,0.2
2795,8,0.0,0.0,0.0,0.0,0.0,0.125,0.09615384615384615,0.0901000086523677,0.125,0.1
432,14,0.4,0.19999999999999998,0.2772734273550482,0.14285714285714285,0.4,0.2,0.23636363636363633,0.17993148201117173,0.14285714285714285,0.2
12124,2,1.0,0.5555555555555556,0.6131471927654584,1.0,0.4,1.0,0.5263157894736842,0.6131471927654584,1.0,0.2
2053,2,0.0,0.0,0.0,0.0,0.0,0.0,0.0,0.0,0.0,0.0
21328,1,0.0,0.0,0.0,0.0,0.0,0.0,0.0,0.0,0.0,0.0
18519,3,0.0,0.0,0.0,0.0,0.0,0.0,0.0,0.0,0.0,0.0
12386,1,0.0,0.0,0.0,0.0,0.0,0.0,0.0,0.0,0.0,0.0
9582,13,0.4,0.19999999999999998,0.2772734273550482,0.15384615384615385,0.4,0.3,0.309090909090909,0.2532954041105318,0.23076923076923078,0.3
14987,2,0.0,0.0,0.0,0.0,0.0,0.0,0.0,0.0,0.0,0.0
18752,6,0.2,0.26666666666666666,0.2139862647345275,0.16666666666666666,0.2,0.16666666666666666,0.2,0.1909208661789346,0.16666666666666666,0.1
3509,1,1.0,0.0,0.0,1.0,0.2,1.0,0.0,0.0,1.0,0.1
3131,5,0.0,0.0,0.0,0.0,0.0,0.4,0.0,0.0,0.4,0.2
8754,5,0.0,0.0,0.0,0.0,0.0,0.0,0.0,0.0,0.0,0.0
7157,13,0.4,0.4000000000000001,0.3600546145772339,0.15384615384615385,0.4,0.5,0.509090909090909,0.45484422125791785,0.38461538461538464,0.5
13210,1,0.0,0.0,0.0,0.0,0.0,0.0,0.0,0.0,0.0,0.0
81,10,0.4,0.39999999999999997,0.4703652827859578,0.2,0.4,0.3,0.30909090909090914,0.3688556721386528,0.3,0.3
20266,5,0.4,0.39999999999999997,0.4703652827859578,0.4,0.4,0.4,0.4,0.4703652827859578,0.4,0.4
1330,1,0.0,0.0,0.0,0.0,0.0,0.0,0.0,0.0,0.0,0.0
604,3,0.3333333333333333,0.33333333333333337,0.29608191096586517,0.3333333333333333,0.2,0.3333333333333333,0.3333333333333333,0.29608191096586517,0.3333333333333333,0.1
20845,4,0.0,0.0,0.0,0.0,0.0,0.0,0.0,0.0,0.0,0.0
18949,7,0.2,0.3333333333333333,0.33916020527361607,0.14285714285714285,0.2,0.2857142857142857,0.2857142857142857,0.3665017772190545,0.2857142857142857,0.2
4275,3,0.0,0.0,0.0,0.0,0.0,0.0,0.0,0.0,0.0,0.0
6261,2,0.5,0.0,0.0,0.5,0.2,1.0,0.0,0.0,1.0,0.2
20554,4,0.0,0.0,0.0,0.0,0.0,0.0,0.0,0.0,0.0,0.0
5092,13,0.6,0.6666666666666666,0.6843515475204854,0.23076923076923078,0.6,0.5,0.5636363636363636,0.5861163849908827,0.38461538461538464,0.5
5455,4,0.0,0.0,0.0,0.0,0.0,0.0,0.0,0.0,0.0,0.0
14778,2,0.5,0.5555555555555556,0.6131471927654584,0.5,0.2,1.0,0.5263157894736842,0.6131471927654584,1.0,0.2
14645,11,0.2,0.3333333333333333,0.33916020527361607,0.09090909090909091,0.2,0.1,0.18181818181818182,0.22009176629808014,0.09090909090909091,0.1
12387,16,0.2,0.13333333333333333,0.14606834984270645,0.0625,0.2,0.2,0.18181818181818182,0.16421958630632802,0.125,0.2
16293,1,1.0,0.0,0.0,1.0,0.2,1.0,0.0,0.0,1.0,0.1
9799,8,0.0,0.0,0.0,0.0,0.0,0.125,0.09615384615384615,0.0901000086523677,0.125,0.1
18354,3,0.3333333333333333,0.0,0.0,0.3333333333333333,0.2,0.3333333333333333,0.0,0.0,0.3333333333333333,0.16666666666666666
104,4,0.0,0.0,0.0,0.0,0.0,0.0,0.0,0.0,0.0,0.0
14927,24,0.8,0.7333333333333334,0.7860137352654724,0.16666666666666666,0.8,0.8,0.7636363636363637,0.7877736340270853,0.3333333333333333,0.8
3402,2,0.5,0.4444444444444445,0.3868528072345415,0.5,0.2,0.5,0.4736842105263158,0.3868528072345415,0.5,0.1
5437,8,0.2,0.26666666666666666,0.2139862647345275,0.125,0.2,0.125,0.17307692307692307,0.1595890771248963,0.125,0.1
21674,5,0.0,0.0,0.0,0.0,0.0,0.0,0.0,0.0,0.0,0.0
12459,4,0.0,0.0,0.0,0.0,0.0,0.0,0.0,0.0,0.0,0.0
8948,2,0.5,0.5555555555555556,0.6131471927654584,0.5,0.2,1.0,0.5263157894736842,0.6131471927654584,1.0,0.2
19202,14,0.4,0.4000000000000001,0.3600546145772339,0.14285714285714285,0.4,0.4,0.38181818181818183,0.3693362536342715,0.2857142857142857,0.4
18626,4,0.0,0.0,0.0,0.0,0.0,0.0,0.0,0.0,0.0,0.0
16760,1,0.0,0.0,0.0,0.0,0.0,0.0,0.0,0.0,0.0,0.0
499,1,0.0,0.0,0.0,0.0,0.0,1.0,0.0,0.0,1.0,0.1
1650,8,0.2,0.06666666666666665,0.13120507751234176,0.125,0.2,0.5,0.34615384615384615,0.352060376105862,0.5,0.4
5543,14,0.2,0.26666666666666666,0.2139862647345275,0.07142857142857142,0.2,0.1,0.16363636363636364,0.1388624438735545,0.07142857142857142,0.1
1294,7,0.4,0.39999999999999997,0.4703652827859578,0.2857142857142857,0.4,0.2857142857142857,0.32653061224489793,0.3812130139445206,0.2857142857142857,0.2
1827,4,0.0,0.0,0.0,0.0,0.0,0.25,0.0,0.0,0.25,0.1
16387,1,0.0,0.0,0.0,0.0,0.0,0.0,0.0,0.0,0.0,0.0
2229,16,0.2,0.3333333333333333,0.33916020527361607,0.0625,0.2,0.2,0.2,0.2837125544970318,0.125,0.2
479,5,0.0,0.0,0.0,0.0,0.0,0.2,0.0,0.0,0.2,0.1
12123,10,0.6,0.7999999999999999,0.7227265726449518,0.3,0.6,0.5,0.5818181818181819,0.6059848036189865,0.5,0.5
21457,19,0.8,0.9333333333333332,0.8687949224876582,0.21052631578947367,0.8,0.7,0.7636363636363637,0.7702043899253146,0.3684210526315789,0.7
9471,24,0.2,0.3333333333333333,0.33916020527361607,0.041666666666666664,0.2,0.1,0.18181818181818182,0.22009176629808014,0.041666666666666664,0.1
16323,22,0.4,0.4666666666666666,0.48522855511632257,0.09090909090909091,0.4,0.5,0.4727272727272727,0.5263304097820353,0.22727272727272727,0.5
4505,17,0.0,0.0,0.0,0.0,0.0,0.0,0.0,0.0,0.0,0.0
21266,10,0.0,0.0,0.0,0.0,0.0,0.0,0.0,0.0,0.0,0.0
1172,4,0.0,0.0,0.0,0.0,0.0,0.25,0.0,0.0,0.25,0.1
6450,33,0.2,0.06666666666666665,0.13120507751234176,0.030303030303030304,0.2,0.1,0.10909090909090909,0.08514311764162097,0.030303030303030304,0.1
19809,15,0.2,0.19999999999999998,0.16958010263680803,0.06666666666666667,0.2,0.4,0.32727272727272727,0.3241295975188817,0.26666666666666666,0.4
10607,2,0.5,0.4444444444444445,0.3868528072345415,0.5,0.2,1.0,0.4736842105263158,0.3868528072345415,1.0,0.2
20402,1,0.0,0.0,0.0,0.0,0.0,0.0,0.0,0.0,0.0,0.0
15849,2,0.0,0.0,0.0,0.0,0.0,0.5,0.0,0.0,0.5,0.1
2580,6,0.2,0.06666666666666665,0.13120507751234176,0.16666666666666666,0.2,0.16666666666666666,0.13333333333333333,0.11706259313796352,0.16666666666666666,0.1
18611,3,0.0,0.0,0.0,0.0,0.0,0.0,0.0,0.0,0.0,0.0
7967,1,0.0,0.0,0.0,0.0,0.0,0.0,0.0,0.0,0.0,0.0
6016,16,0.2,0.19999999999999998,0.16958010263680803,0.0625,0.2,0.1,0.14545454545454548,0.11004588314904007,0.0625,0.1
12443,3,0.0,0.0,0.0,0.0,0.0,0.6666666666666666,0.0,0.0,0.6666666666666666,0.2
11516,1,0.0,0.0,0.0,0.0,0.0,1.0,0.0,0.0,1.0,0.1
8136,2,0.5,0.4444444444444445,0.3868528072345415,0.5,0.2,0.5,0.4736842105263158,0.3868528072345415,0.5,0.1
16546,8,0.2,0.26666666666666666,0.2139862647345275,0.125,0.2,0.125,0.17307692307692307,0.1595890771248963,0.125,0.1
14250,16,0.4,0.4666666666666666,0.38356636737133554,0.125,0.4,0.4,0.43636363636363645,0.3935608194556589,0.25,0.4
13011,1,0.0,0.0,0.0,0.0,0.0,0.0,0.0,0.0,0.0,0.0
8463,1,0.0,0.0,0.0,0.0,0.0,0.0,0.0,0.0,0.0,0.0
649,20,0.2,0.19999999999999998,0.16958010263680803,0.05,0.2,0.2,0.23636363636363636,0.1884441521277154,0.1,0.2
6603,16,0.4,0.26666666666666666,0.3007851801491498,0.125,0.4,0.5,0.3818181818181818,0.39842793454336184,0.3125,0.5
707,4,0.0,0.0,0.0,0.0,0.0,0.0,0.0,0.0,0.0,0.0
13687,1,0.0,0.0,0.0,0.0,0.0,0.0,0.0,0.0,0.0,0.0
6944,11,0.4,0.4666666666666666,0.48522855511632257,0.18181818181818182,0.4,0.2,0.3090909090909091,0.31488013066763093,0.18181818181818182,0.2
21368,6,0.0,0.0,0.0,0.0,0.0,0.0,0.0,0.0,0.0,0.0
5331,14,0.2,0.06666666666666665,0.13120507751234176,0.07142857142857142,0.2,0.1,0.10909090909090909,0.08514311764162097,0.07142857142857142,0.1
8533,3,0.0,0.0,0.0,0.0,0.0,0.0,0.0,0.0,0.0,0.0
16025,9,0.0,0.0,0.0,0.0,0.0,0.1111111111111111,0.09259259259259259,0.08372491399919348,0.1111111111111111,0.1
12796,9,0.2,0.3333333333333333,0.33916020527361607,0.1111111111111111,0.2,0.1111111111111111,0.18518518518518517,0.23504554941448538,0.1111111111111111,0.1
21585,8,0.2,0.13333333333333333,0.14606834984270645,0.125,0.2,0.25,0.1346153846153846,0.1089364926177559,0.25,0.2
1019,8,0.0,0.0,0.0,0.0,0.0,0.0,0.0,0.0,0.0,0.0
5451,7,0.6,0.7999999999999999,0.7227265726449518,0.42857142857142855,0.6,0.5714285714285714,0.5510204081632653,0.5857421563596757,0.5714285714285714,0.4
20693,3,0.0,0.0,0.0,0.0,0.0,0.0,0.0,0.0,0.0,0.0
13654,3,0.3333333333333333,0.33333333333333337,0.29608191096586517,0.3333333333333333,0.2,0.3333333333333333,0.3333333333333333,0.29608191096586517,0.3333333333333333,0.1
10684,15,0.2,0.3333333333333333,0.33916020527361607,0.06666666666666667,0.2,0.1,0.18181818181818182,0.22009176629808014,0.06666666666666667,0.1
13569,8,0.6,0.6,0.529634717214042,0.375,0.6,0.75,0.6346153846153847,0.5694111640347342,0.75,0.6
8460,8,0.0,0.0,0.0,0.0,0.0,0.0,0.0,0.0,0.0,0.0
4745,1,1.0,0.0,0.0,1.0,0.2,1.0,0.0,0.0,1.0,0.1
17600,5,0.0,0.0,0.0,0.0,0.0,0.2,0.0,0.0,0.2,0.1
18882,5,0.4,0.6,0.5531464700081437,0.4,0.4,0.6,0.475,0.5531464700081437,0.6,0.3
20254,3,0.6666666666666666,0.6666666666666667,0.7039180890341346,0.6666666666666666,0.4,0.6666666666666666,0.6666666666666666,0.7039180890341346,0.6666666666666666,0.2
2869,4,0.0,0.0,0.0,0.0,0.0,0.75,0.0,0.0,0.75,0.3
12122,2,0.0,0.0,0.0,0.0,0.0,0.0,0.0,0.0,0.0,0.0
17264,3,0.0,0.0,0.0,0.0,0.0,0.0,0.0,0.0,0.0,0.0
16103,14,0.0,0.0,0.0,0.0,0.0,0.1,0.036363636363636355,0.06625422345438903,0.07142857142857142,0.1
1354,3,0.0,0.0,0.0,0.0,0.0,0.3333333333333333,0.0,0.0,0.3333333333333333,0.1
12565,1,0.0,0.0,0.0,0.0,0.0,0.0,0.0,0.0,0.0,0.0
220,1,1.0,0.0,0.0,1.0,0.2,1.0,0.0,0.0,1.0,0.1
13169,39,0.2,0.3333333333333333,0.33916020527361607,0.02564102564102564,0.2,0.1,0.18181818181818182,0.22009176629808014,0.02564102564102564,0.1
13208,2,0.0,0.0,0.0,0.0,0.0,0.0,0.0,0.0,0.0,0.0
3107,4,0.5,0.5,0.5585075862632192,0.5,0.4,0.75,0.49999999999999994,0.5585075862632192,0.75,0.3
5026,3,0.0,0.0,0.0,0.0,0.0,0.3333333333333333,0.0,0.0,0.3333333333333333,0.1
10647,2,0.0,0.0,0.0,0.0,0.0,0.0,0.0,0.0,0.0,0.0
21272,1,1.0,1.0,1.0,1.0,0.2,1.0,1.0,1.0,1.0,0.16666666666666666
9922,2,0.5,0.5555555555555556,0.6131471927654584,0.5,0.2,1.0,0.5263157894736842,0.6131471927654584,1.0,0.2
12567,2,0.0,0.0,0.0,0.0,0.0,0.0,0.0,0.0,0.0,0.0
21168,2,0.0,0.0,0.0,0.0,0.0,0.0,0.0,0.0,0.0,0.0
9852,3,0.0,0.0,0.0,0.0,0.0,0.0,0.0,0.0,0.0,0.0
20725,10,0.4,0.4666666666666666,0.38356636737133554,0.2,0.4,0.4,0.38181818181818183,0.3819603371583235,0.4,0.4
12555,5,0.0,0.0,0.0,0.0,0.0,0.4,0.0,0.0,0.4,0.2
6598,23,0.8,0.8666666666666666,0.8539316501572936,0.17391304347826086,0.8,0.6,0.7272727272727273,0.6969383549984332,0.2608695652173913,0.6
18854,3,0.0,0.0,0.0,0.0,0.0,0.0,0.0,0.0,0.0,0.0
3257,6,0.0,0.0,0.0,0.0,0.0,0.0,0.0,0.0,0.0,0.0
21836,6,0.4,0.4666666666666666,0.48522855511632257,0.3333333333333333,0.4,0.3333333333333333,0.37777777777777777,0.4329261794091841,0.3333333333333333,0.2
21229,5,0.0,0.0,0.0,0.0,0.0,0.2,0.0,0.0,0.2,0.1
8639,14,0.6,0.7333333333333334,0.6992148198508501,0.21428571428571427,0.6,0.4,0.5636363636363636,0.5321408435198608,0.2857142857142857,0.4
19033,2,0.0,0.0,0.0,0.0,0.0,0.0,0.0,0.0,0.0,0.0
1851,8,0.4,0.4000000000000001,0.3600546145772339,0.25,0.4,0.25,0.3076923076923077,0.2685255697426522,0.25,0.2
18205,1,0.0,0.0,0.0,0.0,0.0,0.0,0.0,0.0,0.0,0.0
2473,18,0.4,0.3333333333333333,0.31564845247951445,0.1111111111111111,0.4,0.2,0.2727272727272727,0.20483424751859083,0.1111111111111111,0.2
18214,12,0.2,0.13333333333333333,0.14606834984270645,0.08333333333333333,0.2,0.2,0.21818181818181817,0.1731866333482261,0.16666666666666666,0.2
5997,9,0.2,0.19999999999999998,0.16958010263680803,0.1111111111111111,0.2,0.2222222222222222,0.20370370370370372,0.19167138999231723,0.2222222222222222,0.2
2717,1,0.0,0.0,0.0,0.0,0.0,0.0,0.0,0.0,0.0,0.0
11369,7,0.0,0.0,0.0,0.0,0.0,0.14285714285714285,0.0,0.0,0.14285714285714285,0.1
8828,3,0.0,0.0,0.0,0.0,0.0,0.0,0.0,0.0,0.0,0.0
8353,1,0.0,0.0,0.0,0.0,0.0,0.0,0.0,0.0,0.0,0.0
7997,4,0.0,0.0,0.0,0.0,0.0,0.0,0.0,0.0,0.0,0.0
10568,7,0.2,0.13333333333333333,0.14606834984270645,0.14285714285714285,0.2,0.42857142857142855,0.24489795918367344,0.2162957183053307,0.42857142857142855,0.3
6441,2,0.0,0.0,0.0,0.0,0.0,0.5,0.0,0.0,0.5,0.1
15016,8,0.0,0.0,0.0,0.0,0.0,0.125,0.09615384615384615,0.0901000086523677,0.125,0.1
20651,2,0.0,0.0,0.0,0.0,0.0,0.0,0.0,0.0,0.0,0.0
20035,4,0.25,0.14285714285714288,0.16812753627111746,0.25,0.2,0.25,0.20588235294117643,0.16812753627111746,0.25,0.1111111111111111
22136,1,0.0,0.0,0.0,0.0,0.0,0.0,0.0,0.0,0.0,0.0
22036,2,0.0,0.0,0.0,0.0,0.0,0.0,0.0,0.0,0.0,0.0
2465,5,0.0,0.0,0.0,0.0,0.0,0.0,0.0,0.0,0.0,0.0
9198,18,0.6,0.46666666666666673,0.4912596920895757,0.16666666666666666,0.6,0.4,0.43636363636363645,0.3850481493391153,0.2222222222222222,0.4
2170,10,0.2,0.13333333333333333,0.14606834984270645,0.1,0.2,0.2,0.2,0.16815228646891084,0.2,0.2
21460,9,0.6,0.7999999999999999,0.7227265726449518,0.3333333333333333,0.6,0.4444444444444444,0.5555555555555555,0.5750141699769518,0.4444444444444444,0.4
16946,7,0.4,0.4666666666666666,0.48522855511632257,0.2857142857142857,0.4,0.2857142857142857,0.346938775510204,0.3932591258696538,0.2857142857142857,0.2
6257,3,0.3333333333333333,0.25,0.23463936301137822,0.3333333333333333,0.2,0.3333333333333333,0.2962962962962963,0.23463936301137822,0.3333333333333333,0.1
1438,1,0.0,0.0,0.0,0.0,0.0,0.0,0.0,0.0,0.0,0.0
5424,1,0.0,0.0,0.0,0.0,0.0,0.0,0.0,0.0,0.0,0.0
14251,6,0.6,0.6,0.6399453854227659,0.5,0.6,0.5,0.5333333333333333,0.5709662133861837,0.5,0.3
914,12,0.4,0.39999999999999997,0.4703652827859578,0.16666666666666666,0.4,0.4,0.38181818181818183,0.4409203293308674,0.3333333333333333,0.4
15664,6,0.6,0.5333333333333333,0.5147714448836773,0.5,0.6,0.8333333333333334,0.6222222222222222,0.5670738205908158,0.8333333333333334,0.5
2812,1,0.0,0.0,0.0,0.0,0.0,0.0,0.0,0.0,0.0,0.0
21164,3,0.6666666666666666,0.6666666666666667,0.7039180890341346,0.6666666666666666,0.4,0.6666666666666666,0.6666666666666666,0.7039180890341346,0.6666666666666666,0.2
15537,27,0.2,0.3333333333333333,0.33916020527361607,0.037037037037037035,0.2,0.1,0.18181818181818182,0.22009176629808014,0.037037037037037035,0.1
3249,2,0.0,0.0,0.0,0.0,0.0,0.0,0.0,0.0,0.0,0.0
17061,18,0.0,0.0,0.0,0.0,0.0,0.0,0.0,0.0,0.0,0.0
14438,9,0.2,0.19999999999999998,0.16958010263680803,0.1111111111111111,0.2,0.3333333333333333,0.20370370370370372,0.19167138999231723,0.3333333333333333,0.3
20982,7,0.2,0.26666666666666666,0.2139862647345275,0.14285714285714285,0.2,0.2857142857142857,0.18367346938775508,0.17342765698823942,0.2857142857142857,0.2
9299,2,0.0,0.0,0.0,0.0,0.0,0.0,0.0,0.0,0.0,0.0
12125,14,0.2,0.06666666666666665,0.13120507751234176,0.07142857142857142,0.2,0.1,0.10909090909090909,0.08514311764162097,0.07142857142857142,0.1
11444,1,1.0,0.0,0.0,1.0,0.2,1.0,0.0,0.0,1.0,0.1
8470,9,0.0,0.0,0.0,0.0,0.0,0.2222222222222222,0.09259259259259259,0.08372491399919348,0.2222222222222222,0.2
10729,4,0.25,0.28571428571428575,0.2463023887407299,0.25,0.2,0.5,0.2647058823529412,0.2463023887407299,0.5,0.2
5569,2,0.0,0.0,0.0,0.0,0.0,0.0,0.0,0.0,0.0,0.0
22219,3,0.3333333333333333,0.0,0.0,0.3333333333333333,0.2,0.3333333333333333,0.0,0.0,0.3333333333333333,0.1
33,1,0.0,0.0,0.0,0.0,0.0,0.0,0.0,0.0,0.0,0.0
18110,4,0.0,0.0,0.0,0.0,0.0,0.0,0.0,0.0,0.0,0.0
99,3,0.0,0.0,0.0,0.0,0.0,0.0,0.0,0.0,0.0,0.0
19469,2,0.0,0.0,0.0,0.0,0.0,0.0,0.0,0.0,0.0,0.0
15336,6,0.0,0.0,0.0,0.0,0.0,0.6666666666666666,0.1111111111111111,0.10778915452451095,0.6666666666666666,0.4
8080,13,0.0,0.0,0.0,0.0,0.0,0.0,0.0,0.0,0.0,0.0
14461,1,0.0,0.0,0.0,0.0,0.0,0.0,0.0,0.0,0.0,0.0
14988,17,0.2,0.26666666666666666,0.2139862647345275,0.058823529411764705,0.2,0.3,0.3272727272727272,0.2906246349515899,0.17647058823529413,0.3
15841,14,0.4,0.6,0.5531464700081437,0.14285714285714285,0.4,0.3,0.36363636363636365,0.4225749983705864,0.21428571428571427,0.3
2354,10,0.4,0.4666666666666666,0.38356636737133554,0.2,0.4,0.4,0.4727272727272727,0.4006705181006299,0.4,0.4
10778,26,0.2,0.3333333333333333,0.33916020527361607,0.038461538461538464,0.2,0.1,0.18181818181818182,0.22009176629808014,0.038461538461538464,0.1
11538,1,0.0,0.0,0.0,0.0,0.0,0.0,0.0,0.0,0.0,0.0
1588,2,0.0,0.0,0.0,0.0,0.0,0.5,0.0,0.0,0.5,0.1
10892,6,0.0,0.0,0.0,0.0,0.0,0.16666666666666666,0.0,0.0,0.16666666666666666,0.1
19183,3,0.3333333333333333,0.0,0.0,0.3333333333333333,0.2,0.3333333333333333,0.0,0.0,0.3333333333333333,0.14285714285714285
4499,31,0.4,0.3333333333333333,0.31564845247951445,0.06451612903225806,0.4,0.2,0.2727272727272727,0.20483424751859083,0.06451612903225806,0.2
5662,1,0.0,0.0,0.0,0.0,0.0,0.0,0.0,0.0,0.0,0.0
20908,15,0.4,0.4666666666666666,0.48522855511632257,0.13333333333333333,0.4,0.2,0.3090909090909091,0.31488013066763093,0.13333333333333333,0.2
9350,15,0.4,0.3333333333333333,0.31564845247951445,0.13333333333333333,0.4,0.6,0.45454545454545464,0.47750440320806886,0.4,0.6
2303,3,0.0,0.0,0.0,0.0,0.0,0.0,0.0,0.0,0.0,0.0
16361,22,0.0,0.0,0.0,0.0,0.0,0.0,0.0,0.0,0.0,0.0
22467,6,0.2,0.3333333333333333,0.33916020527361607,0.16666666666666666,0.2,0.5,0.3333333333333333,0.4103915680233244,0.5,0.3
442,2,0.0,0.0,0.0,0.0,0.0,0.0,0.0,0.0,0.0,0.0
1266,2,0.0,0.0,0.0,0.0,0.0,0.0,0.0,0.0,0.0,0.0
5269,5,0.2,0.06666666666666665,0.13120507751234176,0.2,0.2,0.2,0.15,0.13120507751234176,0.2,0.1
22289,13,0.0,0.0,0.0,0.0,0.0,0.0,0.0,0.0,0.0,0.0
15530,4,0.0,0.0,0.0,0.0,0.0,0.0,0.0,0.0,0.0,0.0
8087,1,0.0,0.0,0.0,0.0,0.0,0.0,0.0,0.0,0.0,0.0
20413,29,0.6,0.6,0.6399453854227659,0.10344827586206896,0.6,0.6,0.6363636363636364,0.6332971816211657,0.20689655172413793,0.6
4438,19,0.2,0.26666666666666666,0.2139862647345275,0.05263157894736842,0.2,0.3,0.23636363636363641,0.27191445400928344,0.15789473684210525,0.3
12531,8,0.2,0.26666666666666666,0.2139862647345275,0.125,0.2,0.125,0.17307692307692307,0.1595890771248963,0.125,0.1
15768,9,0.2,0.26666666666666666,0.2139862647345275,0.1111111111111111,0.2,0.1111111111111111,0.16666666666666666,0.14829723057014907,0.1111111111111111,0.1
16632,24,0.0,0.0,0.0,0.0,0.0,0.2,0.14545454545454548,0.14782949091545258,0.08333333333333333,0.2
7965,2,0.0,0.0,0.0,0.0,0.0,0.0,0.0,0.0,0.0,0.0
16084,9,0.0,0.0,0.0,0.0,0.0,0.0,0.0,0.0,0.0,0.0
4157,13,0.2,0.26666666666666666,0.2139862647345275,0.07692307692307693,0.2,0.1,0.16363636363636364,0.1388624438735545,0.07692307692307693,0.1
7888,24,0.2,0.06666666666666665,0.13120507751234176,0.041666666666666664,0.2,0.2,0.18181818181818182,0.15850703974098102,0.08333333333333333,0.2
20365,15,0.2,0.06666666666666665,0.13120507751234176,0.06666666666666667,0.2,0.2,0.12727272727272726,0.14876390584057267,0.13333333333333333,0.2
17821,2,0.0,0.0,0.0,0.0,0.0,0.5,0.0,0.0,0.5,0.16666666666666666
1811,1,0.0,0.0,0.0,0.0,0.0,0.0,0.0,0.0,0.0,0.0
5501,3,0.3333333333333333,0.4166666666666667,0.46927872602275644,0.3333333333333333,0.2,0.3333333333333333,0.37037037037037035,0.46927872602275644,0.3333333333333333,0.1
19017,27,0.2,0.3333333333333333,0.33916020527361607,0.037037037037037035,0.2,0.3,0.32727272727272727,0.36792125721353275,0.1111111111111111,0.3
11605,1,0.0,0.0,0.0,0.0,0.0,0.0,0.0,0.0,0.0,0.0
3171,3,0.3333333333333333,0.33333333333333337,0.29608191096586517,0.3333333333333333,0.2,0.3333333333333333,0.3333333333333333,0.29608191096586517,0.3333333333333333,0.1
21453,6,0.0,0.0,0.0,0.0,0.0,0.0,0.0,0.0,0.0,0.0
6555,4,0.25,0.2142857142857143,0.19519002499605081,0.25,0.2,0.25,0.23529411764705882,0.19519002499605081,0.25,0.14285714285714285
7946,47,0.6,0.7999999999999999,0.7227265726449518,0.06382978723404255,0.6,0.6,0.6545454545454547,0.6780494608112011,0.1276595744680851,0.6
4105,2,0.0,0.0,0.0,0.0,0.0,0.0,0.0,0.0,0.0,0.0
3168,1,0.0,0.0,0.0,0.0,0.0,1.0,0.0,0.0,1.0,0.125
8203,2,0.5,0.5555555555555556,0.6131471927654584,0.5,0.2,0.5,0.5263157894736842,0.6131471927654584,0.5,0.1
1481,5,0.4,0.19999999999999998,0.2772734273550482,0.4,0.4,0.4,0.32499999999999996,0.2772734273550482,0.4,0.2
4099,3,0.0,0.0,0.0,0.0,0.0,0.0,0.0,0.0,0.0,0.0
4860,7,0.0,0.0,0.0,0.0,0.0,0.14285714285714285,0.0,0.0,0.14285714285714285,0.1
17515,11,0.0,0.0,0.0,0.0,0.0,0.0,0.0,0.0,0.0,0.0
942,6,0.0,0.0,0.0,0.0,0.0,0.3333333333333333,0.0,0.0,0.3333333333333333,0.2
21374,4,0.0,0.0,0.0,0.0,0.0,0.0,0.0,0.0,0.0,0.0
18242,1,0.0,0.0,0.0,0.0,0.0,0.0,0.0,0.0,0.0,0.0
20710,3,0.0,0.0,0.0,0.0,0.0,0.3333333333333333,0.0,0.0,0.3333333333333333,0.1
1520,3,0.0,0.0,0.0,0.0,0.0,0.0,0.0,0.0,0.0,0.0
18766,21,0.4,0.4666666666666666,0.48522855511632257,0.09523809523809523,0.4,0.2,0.3090909090909091,0.31488013066763093,0.09523809523809523,0.2
4548,9,0.0,0.0,0.0,0.0,0.0,0.0,0.0,0.0,0.0,0.0
5813,1,1.0,1.0,1.0,1.0,0.2,1.0,1.0,1.0,1.0,0.1
12677,34,0.2,0.06666666666666665,0.13120507751234176,0.029411764705882353,0.2,0.1,0.10909090909090909,0.08514311764162097,0.029411764705882353,0.1
13735,15,0.2,0.13333333333333333,0.14606834984270645,0.06666666666666667,0.2,0.2,0.18181818181818182,0.16421958630632802,0.13333333333333333,0.2
1246,6,0.0,0.0,0.0,0.0,0.0,0.0,0.0,0.0,0.0,0.0
11753,17,0.0,0.0,0.0,0.0,0.0,0.3,0.10909090909090909,0.19930623359011795,0.17647058823529413,0.3
2378,1,0.0,0.0,0.0,0.0,0.0,0.0,0.0,0.0,0.0,0.0
5458,2,0.0,0.0,0.0,0.0,0.0,0.0,0.0,0.0,0.0,0.0
15725,33,0.2,0.06666666666666665,0.13120507751234176,0.030303030303030304,0.2,0.14285714285714285,0.10909090909090909,0.10633668103022983,0.030303030303030304,0.14285714285714285
5477,9,0.0,0.0,0.0,0.0,0.0,0.1111111111111111,0.03703703703703703,0.0707557607210806,0.1111111111111111,0.1
10546,38,0.4,0.6,0.5531464700081437,0.05263157894736842,0.4,0.3,0.41818181818181815,0.43231813227099475,0.07894736842105263,0.3
20250,3,0.6666666666666666,0.25,0.23463936301137822,0.6666666666666666,0.4,1.0,0.2962962962962963,0.23463936301137822,1.0,0.3
6423,2,0.5,0.4444444444444445,0.3868528072345415,0.5,0.2,0.5,0.4736842105263158,0.3868528072345415,0.5,0.1
19435,13,0.2,0.19999999999999998,0.16958010263680803,0.07692307692307693,0.2,0.2,0.2,0.17947710508581735,0.15384615384615385,0.2
20949,2,0.5,0.0,0.0,0.5,0.2,0.5,0.0,0.0,0.5,0.1111111111111111
6519,5,0.4,0.26666666666666666,0.3007851801491498,0.4,0.4,0.8,0.35,0.3007851801491498,0.8,0.4
14294,22,0.2,0.19999999999999998,0.16958010263680803,0.045454545454545456,0.2,0.1,0.14545454545454548,0.11004588314904007,0.045454545454545456,0.1
11366,17,0.6,0.6666666666666666,0.6548086577531306,0.17647058823529413,0.6,0.4,0.5272727272727272,0.49828993591603105,0.23529411764705882,0.4
716,2,0.0,0.0,0.0,0.0,0.0,0.0,0.0,0.0,0.0,0.0
609,1,0.0,0.0,0.0,0.0,0.0,0.0,0.0,0.0,0.0,0.0
8089,2,1.0,0.4444444444444445,0.3868528072345415,1.0,0.4,1.0,0.4736842105263158,0.3868528072345415,1.0,0.2
4528,10,0.0,0.0,0.0,0.0,0.0,0.0,0.0,0.0,0.0,0.0
6853,2,0.0,0.0,0.0,0.0,0.0,0.5,0.0,0.0,0.5,0.1
17431,5,0.4,0.3333333333333333,0.34519134224686926,0.4,0.4,0.6,0.375,0.34519134224686926,0.6,0.3
8052,17,0.0,0.0,0.0,0.0,0.0,0.0,0.0,0.0,0.0,0.0
17304,25,0.8,0.7333333333333334,0.7860137352654724,0.16,0.8,0.6,0.6909090909090909,0.6547216238913564,0.24,0.6
5182,6,0.0,0.0,0.0,0.0,0.0,0.0,0.0,0.0,0.0,0.0
1525,5,0.2,0.06666666666666665,0.13120507751234176,0.2,0.2,0.2,0.15,0.13120507751234176,0.2,0.1
8760,12,0.0,0.0,0.0,0.0,0.0,0.1,0.018181818181818177,0.0636207881989517,0.08333333333333333,0.1
14695,1,1.0,1.0,1.0,1.0,0.2,1.0,1.0,1.0,1.0,0.1
18676,9,0.2,0.19999999999999998,0.16958010263680803,0.1111111111111111,0.2,0.1111111111111111,0.14814814814814814,0.11752277470724269,0.1111111111111111,0.1
5866,3,0.0,0.0,0.0,0.0,0.0,0.0,0.0,0.0,0.0,0.0
16218,2,0.0,0.0,0.0,0.0,0.0,0.0,0.0,0.0,0.0,0.0
15672,2,0.0,0.0,0.0,0.0,0.0,0.0,0.0,0.0,0.0,0.0
15445,5,0.0,0.0,0.0,0.0,0.0,0.0,0.0,0.0,0.0,0.0
4358,6,0.0,0.0,0.0,0.0,0.0,0.0,0.0,0.0,0.0,0.0
19480,15,0.8,0.9333333333333332,0.8687949224876582,0.26666666666666666,0.8,0.6,0.7454545454545456,0.7065836017263629,0.4,0.6
4774,1,0.0,0.0,0.0,0.0,0.0,0.0,0.0,0.0,0.0,0.0
20327,1,0.0,0.0,0.0,0.0,0.0,0.0,0.0,0.0,0.0,0.0
6189,2,0.5,0.4444444444444445,0.3868528072345415,0.5,0.2,0.5,0.4736842105263158,0.3868528072345415,0.5,0.1
3705,3,0.0,0.0,0.0,0.0,0.0,0.0,0.0,0.0,0.0,0.0
14249,1,1.0,1.0,1.0,1.0,0.2,1.0,1.0,1.0,1.0,0.2
6969,4,0.25,0.14285714285714288,0.16812753627111746,0.25,0.2,0.25,0.20588235294117643,0.16812753627111746,0.25,0.1
20881,3,0.3333333333333333,0.25,0.23463936301137822,0.3333333333333333,0.2,1.0,0.2962962962962963,0.23463936301137822,1.0,0.3
2280,10,0.2,0.26666666666666666,0.2139862647345275,0.1,0.2,0.2,0.18181818181818182,0.2024832320725062,0.2,0.2
15788,3,1.0,0.5833333333333334,0.5307212739772434,1.0,0.6,1.0,0.6296296296296297,0.5307212739772434,1.0,0.3
1660,12,0.2,0.13333333333333333,0.14606834984270645,0.08333333333333333,0.2,0.2,0.1636363636363636,0.16104258782393982,0.16666666666666666,0.2
20803,2,0.0,0.0,0.0,0.0,0.0,0.0,0.0,0.0,0.0,0.0
8867,11,0.0,0.0,0.0,0.0,0.0,0.1,0.09090909090909091,0.07839826897867533,0.09090909090909091,0.1
17373,4,0.0,0.0,0.0,0.0,0.0,0.25,0.0,0.0,0.25,0.1
2089,13,0.4,0.3333333333333333,0.31564845247951445,0.15384615384615385,0.4,0.2,0.2727272727272727,0.20483424751859083,0.15384615384615385,0.2
13819,24,0.6,0.39999999999999997,0.4468535299918562,0.125,0.6,0.6,0.5636363636363636,0.5053603444371989,0.25,0.6
4685,2,0.0,0.0,0.0,0.0,0.0,0.0,0.0,0.0,0.0,0.0
8344,5,0.0,0.0,0.0,0.0,0.0,0.0,0.0,0.0,0.0,0.0
18327,24,0.4,0.4666666666666666,0.48522855511632257,0.08333333333333333,0.4,0.5,0.49090909090909096,0.5289638450374726,0.20833333333333334,0.5
8546,2,0.5,0.5555555555555556,0.6131471927654584,0.5,0.2,0.5,0.5263157894736842,0.6131471927654584,0.5,0.1
15627,7,0.4,0.4666666666666666,0.48522855511632257,0.2857142857142857,0.4,0.42857142857142855,0.346938775510204,0.3932591258696538,0.42857142857142855,0.3
22376,3,0.0,0.0,0.0,0.0,0.0,0.0,0.0,0.0,0.0,0.0
14686,5,0.4,0.5333333333333333,0.5087403079104241,0.4,0.4,0.4,0.45,0.5087403079104241,0.4,0.2
17110,8,0.0,0.0,0.0,0.0,0.0,0.0,0.0,0.0,0.0,0.0
15488,2,0.0,0.0,0.0,0.0,0.0,0.0,0.0,0.0,0.0,0.0
14900,18,0.8,0.7333333333333334,0.7860137352654724,0.2222222222222222,0.8,0.4,0.5636363636363636,0.510069131458292,0.2222222222222222,0.4
5623,29,0.4,0.3333333333333333,0.34519134224686926,0.06896551724137931,0.4,0.5,0.47272727272727266,0.4420219760475999,0.1724137931034483,0.5
16586,1,0.0,0.0,0.0,0.0,0.0,0.0,0.0,0.0,0.0,0.0
5044,19,0.6,0.6666666666666666,0.6843515475204854,0.15789473684210525,0.6,0.3,0.45454545454545453,0.44409732781325567,0.15789473684210525,0.3
8619,4,0.5,0.2142857142857143,0.19519002499605081,0.5,0.4,0.75,0.23529411764705882,0.19519002499605081,0.75,0.3
4342,8,0.4,0.26666666666666666,0.3007851801491498,0.25,0.4,0.375,0.2692307692307692,0.22432294601898897,0.375,0.3
17558,2,0.5,0.5555555555555556,0.6131471927654584,0.5,0.2,0.5,0.5263157894736842,0.6131471927654584,0.5,0.1
3522,8,0.4,0.6,0.5531464700081437,0.25,0.4,0.375,0.44230769230769224,0.4968460141484392,0.375,0.3
22440,2,0.5,0.5555555555555556,0.6131471927654584,0.5,0.2,0.5,0.5263157894736842,0.6131471927654584,0.5,0.1
12809,7,0.2,0.13333333333333333,0.14606834984270645,0.14285714285714285,0.2,0.14285714285714285,0.14285714285714285,0.11838279295536291,0.14285714285714285,0.1
164,2,0.0,0.0,0.0,0.0,0.0,0.0,0.0,0.0,0.0,0.0
21708,4,0.0,0.0,0.0,0.0,0.0,0.0,0.0,0.0,0.0,0.0
19234,8,0.6,0.46666666666666673,0.4912596920895757,0.375,0.6,0.5,0.5192307692307693,0.4564771730301803,0.5,0.4
12982,8,0.4,0.5333333333333333,0.5087403079104241,0.25,0.4,0.375,0.34615384615384615,0.37941405415148566,0.375,0.3
11621,1,0.0,0.0,0.0,0.0,0.0,0.0,0.0,0.0,0.0,0.0
12623,21,0.0,0.0,0.0,0.0,0.0,0.1,0.09090909090909091,0.07839826897867533,0.047619047619047616,0.1
4355,1,1.0,1.0,1.0,1.0,0.2,1.0,1.0,1.0,1.0,0.1
14853,6,0.0,0.0,0.0,0.0,0.0,0.0,0.0,0.0,0.0,0.0
2677,3,0.0,0.0,0.0,0.0,0.0,0.0,0.0,0.0,0.0,0.0
15889,20,0.4,0.4666666666666666,0.48522855511632257,0.1,0.4,0.3,0.4,0.3932783996463063,0.15,0.3
21423,18,0.2,0.13333333333333333,0.14606834984270645,0.05555555555555555,0.2,0.1,0.12727272727272726,0.09478836436955078,0.05555555555555555,0.1
2813,5,0.2,0.3333333333333333,0.33916020527361607,0.2,0.2,0.2,0.25,0.33916020527361607,0.2,0.1
16801,20,0.2,0.06666666666666665,0.13120507751234176,0.05,0.2,0.3,0.1636363636363636,0.21501812929496167,0.15,0.3
7309,8,0.6,0.7999999999999999,0.7227265726449518,0.375,0.6,0.375,0.5192307692307693,0.5390031312763821,0.375,0.3
10824,1,0.0,0.0,0.0,0.0,0.0,1.0,0.0,0.0,1.0,0.1
11310,5,0.2,0.19999999999999998,0.16958010263680803,0.2,0.2,0.4,0.2,0.16958010263680803,0.4,0.2
8655,2,0.0,0.0,0.0,0.0,0.0,0.5,0.0,0.0,0.5,0.1
19531,18,0.2,0.13333333333333333,0.14606834984270645,0.05555555555555555,0.2,0.1,0.12727272727272726,0.09478836436955078,0.05555555555555555,0.1
287,4,0.0,0.0,0.0,0.0,0.0,0.0,0.0,0.0,0.0,0.0
2780,13,0.4,0.3333333333333333,0.31564845247951445,0.15384615384615385,0.4,0.2,0.2727272727272727,0.20483424751859083,0.15384615384615385,0.2
16759,11,0.4,0.5333333333333333,0.5087403079104241,0.18181818181818182,0.4,0.3,0.38181818181818183,0.3995688713838974,0.2727272727272727,0.3
6003,19,0.6,0.5333333333333333,0.6164336326286642,0.15789473684210525,0.6,0.4,0.45454545454545453,0.4662774717636409,0.21052631578947367,0.4
11915,3,0.0,0.0,0.0,0.0,0.0,0.0,0.0,0.0,0.0,0.0
12969,10,0.0,0.0,0.0,0.0,0.0,0.0,0.0,0.0,0.0,0.0
16269,1,0.0,0.0,0.0,0.0,0.0,0.0,0.0,0.0,0.0,0.0
3798,21,0.4,0.4000000000000001,0.3600546145772339,0.09523809523809523,0.4,0.3,0.34545454545454546,0.3030820301798825,0.14285714285714285,0.3
14237,19,0.0,0.0,0.0,0.0,0.0,0.2,0.12727272727272726,0.14465249243306436,0.10526315789473684,0.2
20133,3,0.0,0.0,0.0,0.0,0.0,0.0,0.0,0.0,0.0,0.0
13365,3,0.3333333333333333,0.4166666666666667,0.46927872602275644,0.3333333333333333,0.2,0.3333333333333333,0.37037037037037035,0.46927872602275644,0.3333333333333333,0.1
718,1,0.0,0.0,0.0,0.0,0.0,0.0,0.0,0.0,0.0,0.0
11323,4,0.0,0.0,0.0,0.0,0.0,0.0,0.0,0.0,0.0,0.0
11342,3,0.3333333333333333,0.4166666666666667,0.46927872602275644,0.3333333333333333,0.2,0.3333333333333333,0.37037037037037035,0.46927872602275644,0.3333333333333333,0.1
9034,18,0.6,0.7333333333333334,0.6992148198508501,0.16666666666666666,0.6,0.4,0.509090909090909,0.5199967979955745,0.2222222222222222,0.4
15560,14,0.2,0.13333333333333333,0.14606834984270645,0.07142857142857142,0.2,0.2,0.18181818181818182,0.16421958630632802,0.14285714285714285,0.2
4359,1,0.0,0.0,0.0,0.0,0.0,0.0,0.0,0.0,0.0,0.0
22493,17,0.0,0.0,0.0,0.0,0.0,0.1,0.018181818181818177,0.0636207881989517,0.058823529411764705,0.1
12542,3,0.0,0.0,0.0,0.0,0.0,0.0,0.0,0.0,0.0,0.0
5099,7,0.2,0.13333333333333333,0.14606834984270645,0.14285714285714285,0.2,0.42857142857142855,0.14285714285714285,0.11838279295536291,0.42857142857142855,0.3
15797,33,0.2,0.06666666666666665,0.13120507751234176,0.030303030303030304,0.2,0.6,0.38181818181818183,0.4362115423097743,0.18181818181818182,0.6
15761,1,0.0,0.0,0.0,0.0,0.0,0.0,0.0,0.0,0.0,0.0
11706,15,0.4,0.5333333333333333,0.5087403079104241,0.13333333333333333,0.4,0.3,0.38181818181818183,0.3995688713838974,0.2,0.3
21673,16,1.0,1.0,1.0,0.3125,1.0,0.8,0.9090909090909091,0.8630152897016882,0.5,0.8
7290,6,0.2,0.19999999999999998,0.16958010263680803,0.16666666666666666,0.2,0.5,0.17777777777777778,0.15130120674940672,0.5,0.3
6483,5,0.0,0.0,0.0,0.0,0.0,0.0,0.0,0.0,0.0,0.0
9378,2,0.0,0.0,0.0,0.0,0.0,0.0,0.0,0.0,0.0,0.0
5239,9,0.2,0.19999999999999998,0.16958010263680803,0.1111111111111111,0.2,0.3333333333333333,0.3148148148148148,0.2795962051779313,0.3333333333333333,0.3
21790,9,0.8,0.8666666666666666,0.8539316501572936,0.4444444444444444,0.8,0.5555555555555556,0.6481481481481481,0.6625493460319367,0.5555555555555556,0.5
2743,12,0.2,0.26666666666666666,0.2139862647345275,0.08333333333333333,0.2,0.1,0.16363636363636364,0.1388624438735545,0.08333333333333333,0.1
2105,18,0.2,0.06666666666666665,0.13120507751234176,0.05555555555555555,0.2,0.3,0.21818181818181817,0.22476126319537001,0.16666666666666666,0.3
2749,14,0.4,0.26666666666666666,0.3007851801491498,0.14285714285714285,0.4,0.2,0.2545454545454545,0.19518900079066104,0.14285714285714285,0.2
9734,5,0.0,0.0,0.0,0.0,0.0,0.0,0.0,0.0,0.0,0.0
5620,4,0.0,0.0,0.0,0.0,0.0,0.0,0.0,0.0,0.0,0.0
18321,3,0.0,0.0,0.0,0.0,0.0,0.0,0.0,0.0,0.0,0.0
21015,2,0.0,0.0,0.0,0.0,0.0,0.0,0.0,0.0,0.0,0.0
32,20,0.2,0.3333333333333333,0.33916020527361607,0.05,0.2,0.1,0.18181818181818182,0.22009176629808014,0.05,0.1
12692,3,0.0,0.0,0.0,0.0,0.0,0.0,0.0,0.0,0.0,0.0
13733,1,0.0,0.0,0.0,0.0,0.0,0.0,0.0,0.0,0.0,0.0
22071,1,0.0,0.0,0.0,0.0,0.0,0.0,0.0,0.0,0.0,0.0
4565,12,0.2,0.06666666666666665,0.13120507751234176,0.08333333333333333,0.2,0.1,0.10909090909090909,0.08514311764162097,0.08333333333333333,0.1
12846,7,0.2,0.26666666666666666,0.2139862647345275,0.14285714285714285,0.2,0.42857142857142855,0.18367346938775508,0.17342765698823942,0.42857142857142855,0.3
21112,1,0.0,0.0,0.0,0.0,0.0,0.0,0.0,0.0,0.0,0.0
22473,11,0.0,0.0,0.0,0.0,0.0,0.1,0.018181818181818177,0.0636207881989517,0.09090909090909091,0.1
22507,3,0.0,0.0,0.0,0.0,0.0,0.0,0.0,0.0,0.0,0.0
16419,1,0.0,0.0,0.0,0.0,0.0,0.0,0.0,0.0,0.0,0.0
10376,4,0.6666666666666666,0.5714285714285715,0.7039180890341346,0.5,0.6666666666666666,0.6666666666666666,0.5294117647058824,0.7039180890341346,0.5,0.6666666666666666
20636,5,0.0,0.0,0.0,0.0,0.0,0.0,0.0,0.0,0.0,0.0
13468,11,0.2,0.3333333333333333,0.33916020527361607,0.09090909090909091,0.2,0.2,0.2,0.2837125544970318,0.18181818181818182,0.2
22321,2,0.0,0.0,0.0,0.0,0.0,0.0,0.0,0.0,0.0,0.0
14502,26,0.8,0.9333333333333332,0.8687949224876582,0.15384615384615385,0.8,0.6,0.7272727272727273,0.7058075148678526,0.23076923076923078,0.6
9905,11,0.2,0.26666666666666666,0.2139862647345275,0.09090909090909091,0.2,0.1,0.16363636363636364,0.1388624438735545,0.09090909090909091,0.1
20869,20,0.4,0.3333333333333333,0.34519134224686926,0.1,0.4,0.4,0.4,0.3668007055513128,0.2,0.4
13881,2,0.0,0.0,0.0,0.0,0.0,0.0,0.0,0.0,0.0,0.0
7360,2,0.0,0.0,0.0,0.0,0.0,0.0,0.0,0.0,0.0,0.0
22510,5,0.0,0.0,0.0,0.0,0.0,0.0,0.0,0.0,0.0,0.0
5736,2,0.5,0.0,0.0,0.5,0.2,0.5,0.0,0.0,0.5,0.1
6914,4,0.0,0.0,0.0,0.0,0.0,0.0,0.0,0.0,0.0,0.0
15253,7,0.0,0.0,0.0,0.0,0.0,0.0,0.0,0.0,0.0,0.0
3650,18,0.0,0.0,0.0,0.0,0.0,0.1,0.018181818181818177,0.0636207881989517,0.05555555555555555,0.1
6126,5,0.2,0.3333333333333333,0.33916020527361607,0.2,0.2,0.2,0.25,0.33916020527361607,0.2,0.1
4612,4,0.0,0.0,0.0,0.0,0.0,0.0,0.0,0.0,0.0,0.0
10908,9,0.4,0.6,0.5531464700081437,0.2222222222222222,0.4,0.3333333333333333,0.4259259259259259,0.4616912964561296,0.3333333333333333,0.3
3326,2,0.0,0.0,0.0,0.0,0.0,0.0,0.0,0.0,0.0,0.0
1882,1,0.0,0.0,0.0,0.0,0.0,0.0,0.0,0.0,0.0,0.0
16821,7,0.2,0.13333333333333333,0.14606834984270645,0.14285714285714285,0.2,0.14285714285714285,0.14285714285714285,0.11838279295536291,0.14285714285714285,0.1
7308,20,0.2,0.3333333333333333,0.33916020527361607,0.05,0.2,0.4,0.29090909090909095,0.4193979998881981,0.2,0.4
9858,9,0.2,0.06666666666666665,0.13120507751234176,0.1111111111111111,0.2,0.2222222222222222,0.14814814814814814,0.16168379134005942,0.2222222222222222,0.2
11875,2,0.0,0.0,0.0,0.0,0.0,0.0,0.0,0.0,0.0,0.0
22205,4,0.0,0.0,0.0,0.0,0.0,0.25,0.0,0.0,0.25,0.1
18130,7,0.0,0.0,0.0,0.0,0.0,0.14285714285714285,0.0,0.0,0.14285714285714285,0.1
18336,4,0.25,0.35714285714285715,0.39038004999210163,0.25,0.2,0.25,0.2941176470588235,0.39038004999210163,0.25,0.1
19518,1,0.0,0.0,0.0,0.0,0.0,0.0,0.0,0.0,0.0,0.0
11974,5,0.0,0.0,0.0,0.0,0.0,0.4,0.0,0.0,0.4,0.2
3766,1,1.0,0.0,0.0,1.0,0.2,1.0,0.0,0.0,1.0,0.1
14583,11,0.4,0.4000000000000001,0.3600546145772339,0.18181818181818182,0.4,0.3,0.36363636363636365,0.30701473034246535,0.2727272727272727,0.3
4078,1,0.0,0.0,0.0,0.0,0.0,0.0,0.0,0.0,0.0,0.0
3406,1,0.0,0.0,0.0,0.0,0.0,0.0,0.0,0.0,0.0,0.0
13463,3,0.0,0.0,0.0,0.0,0.0,0.0,0.0,0.0,0.0,0.0
16304,1,0.0,0.0,0.0,0.0,0.0,0.0,0.0,0.0,0.0,0.0
4579,1,0.0,0.0,0.0,0.0,0.0,0.0,0.0,0.0,0.0,0.0
5173,8,0.0,0.0,0.0,0.0,0.0,0.0,0.0,0.0,0.0,0.0
17334,4,0.0,0.0,0.0,0.0,0.0,0.25,0.0,0.0,0.25,0.1
5347,1,0.0,0.0,0.0,0.0,0.0,0.0,0.0,0.0,0.0,0.0
12359,17,0.4,0.19999999999999998,0.2772734273550482,0.11764705882352941,0.4,0.6,0.4727272727272727,0.46474568322493603,0.35294117647058826,0.6
10103,2,0.0,0.0,0.0,0.0,0.0,0.0,0.0,0.0,0.0,0.0
12252,33,0.4,0.3333333333333333,0.34519134224686926,0.06060606060606061,0.4,0.4,0.4,0.3668007055513128,0.12121212121212122,0.4
8944,3,0.0,0.0,0.0,0.0,0.0,0.0,0.0,0.0,0.0,0.0
21756,16,0.0,0.0,0.0,0.0,0.0,0.0,0.0,0.0,0.0,0.0
8309,2,0.0,0.0,0.0,0.0,0.0,0.0,0.0,0.0,0.0,0.0
1767,2,0.5,0.5555555555555556,0.6131471927654584,0.5,0.2,0.5,0.5263157894736842,0.6131471927654584,0.5,0.1
4278,13,0.4,0.6,0.5531464700081437,0.15384615384615385,0.4,0.5,0.5272727272727272,0.5743371894486218,0.38461538461538464,0.5
12380,28,0.2,0.26666666666666666,0.2139862647345275,0.03571428571428571,0.2,0.4,0.29090909090909095,0.34210137762625525,0.14285714285714285,0.4
383,3,0.0,0.0,0.0,0.0,0.0,0.0,0.0,0.0,0.0,0.0
14703,3,0.0,0.0,0.0,0.0,0.0,0.0,0.0,0.0,0.0,0.0
19716,2,0.0,0.0,0.0,0.0,0.0,0.0,0.0,0.0,0.0,0.0
7627,19,0.0,0.0,0.0,0.0,0.0,0.2,0.14545454545454548,0.14782949091545258,0.10526315789473684,0.2
10688,4,0.25,0.0,0.0,0.25,0.2,0.5,0.0,0.0,0.5,0.2
14314,1,0.0,0.0,0.0,0.0,0.0,0.0,0.0,0.0,0.0,0.0
9591,21,0.8,0.6666666666666666,0.6608397947263838,0.19047619047619047,0.8,0.5,0.5818181818181819,0.4950940324881554,0.23809523809523808,0.5
1563,2,0.0,0.0,0.0,0.0,0.0,0.0,0.0,0.0,0.0,0.0
19153,1,0.0,0.0,0.0,0.0,0.0,0.0,0.0,0.0,0.0,0.0
11248,29,0.2,0.13333333333333333,0.14606834984270645,0.034482758620689655,0.2,0.2,0.14545454545454545,0.15840915256850246,0.06896551724137931,0.2
21478,7,0.0,0.0,0.0,0.0,0.0,0.0,0.0,0.0,0.0,0.0
2246,4,0.25,0.35714285714285715,0.39038004999210163,0.25,0.2,0.25,0.2941176470588235,0.39038004999210163,0.25,0.1
10256,4,0.5,0.5,0.5585075862632192,0.5,0.4,0.5,0.49999999999999994,0.5585075862632192,0.5,0.2
3694,20,0.6,0.5333333333333333,0.5147714448836773,0.15,0.6,0.5,0.5818181818181819,0.48581363574225095,0.25,0.5
5509,19,0.2,0.26666666666666666,0.2139862647345275,0.05263157894736842,0.2,0.4,0.32727272727272727,0.34791181136408084,0.21052631578947367,0.4
12604,1,0.0,0.0,0.0,0.0,0.0,0.0,0.0,0.0,0.0,0.0
18623,6,0.0,0.0,0.0,0.0,0.0,0.16666666666666666,0.0,0.0,0.16666666666666666,0.1
19333,3,0.3333333333333333,0.33333333333333337,0.29608191096586517,0.3333333333333333,0.2,0.6666666666666666,0.3333333333333333,0.29608191096586517,0.6666666666666666,0.2
7653,3,0.0,0.0,0.0,0.0,0.0,0.0,0.0,0.0,0.0,0.0
7939,4,0.0,0.0,0.0,0.0,0.0,0.25,0.0,0.0,0.25,0.1
5702,1,0.0,0.0,0.0,0.0,0.0,0.0,0.0,0.0,0.0,0.0
2675,4,0.0,0.0,0.0,0.0,0.0,0.0,0.0,0.0,0.0,0.0
11610,1,0.0,0.0,0.0,0.0,0.0,0.0,0.0,0.0,0.0,0.0
3017,28,0.2,0.3333333333333333,0.33916020527361607,0.03571428571428571,0.2,0.1,0.18181818181818182,0.22009176629808014,0.03571428571428571,0.1
4727,29,1.0,1.0,1.0,0.1724137931034483,1.0,0.8,0.9090909090909091,0.8630152897016882,0.27586206896551724,0.8
1877,16,0.2,0.3333333333333333,0.33916020527361607,0.0625,0.2,0.1,0.18181818181818182,0.22009176629808014,0.0625,0.1
1667,1,1.0,0.0,0.0,1.0,0.2,1.0,0.0,0.0,1.0,0.1
1870,6,0.0,0.0,0.0,0.0,0.0,0.0,0.0,0.0,0.0,0.0
19417,3,0.6666666666666666,0.75,0.7653606369886217,0.6666666666666666,0.4,0.6666666666666666,0.7037037037037036,0.7653606369886217,0.6666666666666666,0.2
14527,11,0.2,0.19999999999999998,0.16958010263680803,0.09090909090909091,0.2,0.1,0.14545454545454548,0.11004588314904007,0.09090909090909091,0.1
7747,3,0.3333333333333333,0.33333333333333337,0.29608191096586517,0.3333333333333333,0.2,0.3333333333333333,0.3333333333333333,0.29608191096586517,0.3333333333333333,0.1
12506,6,0.2,0.26666666666666666,0.2139862647345275,0.16666666666666666,0.2,0.6666666666666666,0.3111111111111111,0.29871002070344554,0.6666666666666666,0.4
7426,1,1.0,0.0,0.0,1.0,0.2,1.0,0.0,0.0,1.0,0.1
22192,2,0.0,0.0,0.0,0.0,0.0,0.0,0.0,0.0,0.0,0.0
2351,6,0.0,0.0,0.0,0.0,0.0,0.0,0.0,0.0,0.0,0.0
12958,6,0.0,0.0,0.0,0.0,0.0,0.0,0.0,0.0,0.0,0.0
14130,18,0.8,0.8000000000000002,0.8304198973631919,0.2222222222222222,0.8,0.7,0.7272727272727272,0.7471589728148226,0.3888888888888889,0.7
6271,3,0.6666666666666666,0.25,0.23463936301137822,0.6666666666666666,0.4,0.6666666666666666,0.2962962962962963,0.23463936301137822,0.6666666666666666,0.2
2314,11,0.0,0.0,0.0,0.0,0.0,0.1,0.018181818181818177,0.0636207881989517,0.09090909090909091,0.1
1475,17,0.8,0.7333333333333334,0.7860137352654724,0.23529411764705882,0.8,0.6,0.6545454545454547,0.6457545768494583,0.35294117647058826,0.6
5332,4,0.25,0.14285714285714288,0.16812753627111746,0.25,0.2,0.25,0.20588235294117643,0.16812753627111746,0.25,0.1
9821,12,0.0,0.0,0.0,0.0,0.0,0.0,0.0,0.0,0.0,0.0
16153,2,0.0,0.0,0.0,0.0,0.0,0.0,0.0,0.0,0.0,0.0
12548,17,0.6,0.7333333333333334,0.6992148198508501,0.17647058823529413,0.6,0.3,0.47272727272727266,0.4537425745411855,0.17647058823529413,0.3
11398,1,0.0,0.0,0.0,0.0,0.0,0.0,0.0,0.0,0.0,0.0
3556,4,0.0,0.0,0.0,0.0,0.0,0.0,0.0,0.0,0.0,0.0
15333,9,0.0,0.0,0.0,0.0,0.0,0.0,0.0,0.0,0.0,0.0
18235,1,0.0,0.0,0.0,0.0,0.0,0.0,0.0,0.0,0.0,0.0
17067,2,0.0,0.0,0.0,0.0,0.0,0.0,0.0,0.0,0.0,0.0
18035,7,0.0,0.0,0.0,0.0,0.0,0.0,0.0,0.0,0.0,0.0
576,1,0.0,0.0,0.0,0.0,0.0,0.0,0.0,0.0,0.0,0.0
7261,8,0.2,0.3333333333333333,0.33916020527361607,0.125,0.2,0.375,0.28846153846153844,0.34304271142002485,0.375,0.3
8243,2,0.5,0.0,0.0,0.5,0.2,0.5,0.0,0.0,0.5,0.1
15479,16,0.4,0.6,0.5531464700081437,0.125,0.4,0.3,0.4,0.4283854321084119,0.1875,0.3
22330,1,0.0,0.0,0.0,0.0,0.0,0.0,0.0,0.0,0.0,0.0
1108,1,0.0,0.0,0.0,0.0,0.0,0.0,0.0,0.0,0.0,0.0
1945,10,0.4,0.3333333333333333,0.34519134224686926,0.2,0.4,0.3,0.36363636363636365,0.30240383049385083,0.3,0.3
12760,6,0.0,0.0,0.0,0.0,0.0,0.0,0.0,0.0,0.0,0.0
508,4,0.0,0.0,0.0,0.0,0.0,0.0,0.0,0.0,0.0,0.0
13587,19,0.6,0.39999999999999997,0.4468535299918562,0.15789473684210525,0.6,0.4,0.4,0.3535981533591635,0.21052631578947367,0.4
2136,5,0.2,0.06666666666666665,0.13120507751234176,0.2,0.2,0.2,0.15,0.13120507751234176,0.2,0.1
3701,9,0.0,0.0,0.0,0.0,0.0,0.1111111111111111,0.07407407407407407,0.07834851647149513,0.1111111111111111,0.1
1570,2,0.0,0.0,0.0,0.0,0.0,0.0,0.0,0.0,0.0,0.0
17644,13,0.6,0.46666666666666673,0.4912596920895757,0.23076923076923078,0.6,0.4,0.43636363636363645,0.3850481493391153,0.3076923076923077,0.4
964,3,0.0,0.0,0.0,0.0,0.0,0.0,0.0,0.0,0.0,0.0
1837,2,0.0,0.0,0.0,0.0,0.0,0.5,0.0,0.0,0.5,0.1
9933,2,0.0,0.0,0.0,0.0,0.0,0.0,0.0,0.0,0.0,0.0
9000,1,0.0,0.0,0.0,0.0,0.0,0.0,0.0,0.0,0.0,0.0
22023,7,0.0,0.0,0.0,0.0,0.0,0.14285714285714285,0.0,0.0,0.14285714285714285,0.1
20272,12,0.0,0.0,0.0,0.0,0.0,0.1,0.07272727272727274,0.07336392209936006,0.08333333333333333,0.1
698,2,0.0,0.0,0.0,0.0,0.0,0.0,0.0,0.0,0.0,0.0
8434,24,0.4,0.4666666666666666,0.38356636737133554,0.08333333333333333,0.4,0.5,0.45454545454545464,0.45532425925768355,0.20833333333333334,0.5
10536,2,0.0,0.0,0.0,0.0,0.0,0.0,0.0,0.0,0.0,0.0
20894,2,0.5,0.5555555555555556,0.6131471927654584,0.5,0.2,0.5,0.5263157894736842,0.6131471927654584,0.5,0.1
13723,1,0.0,0.0,0.0,0.0,0.0,0.0,0.0,0.0,0.0,0.0
11976,13,0.4,0.26666666666666666,0.3007851801491498,0.15384615384615385,0.4,0.2,0.2545454545454545,0.19518900079066104,0.15384615384615385,0.2
4609,2,0.0,0.0,0.0,0.0,0.0,0.0,0.0,0.0,0.0,0.0
14980,10,0.4,0.19999999999999998,0.2772734273550482,0.2,0.4,0.2222222222222222,0.23636363636363633,0.192156638831279,0.2,0.2222222222222222
10022,11,0.2,0.26666666666666666,0.2139862647345275,0.09090909090909091,0.2,0.4,0.30909090909090914,0.3452783761086435,0.36363636363636365,0.4
4412,9,0.0,0.0,0.0,0.0,0.0,0.0,0.0,0.0,0.0,0.0
1142,19,0.4,0.3333333333333333,0.34519134224686926,0.10526315789473684,0.4,0.4,0.4,0.3668007055513128,0.21052631578947367,0.4
22099,13,0.2,0.13333333333333333,0.14606834984270645,0.07692307692307693,0.2,0.2,0.21818181818181817,0.1731866333482261,0.15384615384615385,0.2
15472,6,0.4,0.4666666666666666,0.38356636737133554,0.3333333333333333,0.4,0.3333333333333333,0.3777777777777778,0.34222207292834134,0.3333333333333333,0.2
12830,2,0.0,0.0,0.0,0.0,0.0,0.0,0.0,0.0,0.0,0.0
10947,6,0.0,0.0,0.0,0.0,0.0,0.16666666666666666,0.0,0.0,0.16666666666666666,0.1
14990,1,0.0,0.0,0.0,0.0,0.0,0.0,0.0,0.0,0.0,0.0
12311,3,0.0,0.0,0.0,0.0,0.0,0.0,0.0,0.0,0.0,0.0
21849,2,0.5,0.5555555555555556,0.6131471927654584,0.5,0.2,0.5,0.5263157894736842,0.6131471927654584,0.5,0.1
10163,1,0.0,0.0,0.0,0.0,0.0,0.0,0.0,0.0,0.0,0.0
7869,2,0.0,0.0,0.0,0.0,0.0,0.0,0.0,0.0,0.0,0.0
15235,2,0.0,0.0,0.0,0.0,0.0,0.0,0.0,0.0,0.0,0.0
9942,5,0.0,0.0,0.0,0.0,0.0,0.2,0.0,0.0,0.2,0.1
12062,10,0.4,0.4666666666666666,0.38356636737133554,0.2,0.4,0.3333333333333333,0.30909090909090914,0.34222207292834134,0.2,0.3333333333333333
6909,12,0.0,0.0,0.0,0.0,0.0,0.0,0.0,0.0,0.0,0.0
278,7,0.2,0.06666666666666665,0.13120507751234176,0.14285714285714285,0.2,0.14285714285714285,0.12244897959183672,0.10633668103022983,0.14285714285714285,0.1
13043,1,0.0,0.0,0.0,0.0,0.0,0.0,0.0,0.0,0.0,0.0
4985,3,0.3333333333333333,0.0,0.0,0.3333333333333333,0.2,0.3333333333333333,0.0,0.0,0.3333333333333333,0.1
6799,3,0.0,0.0,0.0,0.0,0.0,0.0,0.0,0.0,0.0,0.0
7977,8,0.0,0.0,0.0,0.0,0.0,0.125,0.07692307692307693,0.08431423425588572,0.125,0.1
22449,2,0.0,0.0,0.0,0.0,0.0,0.5,0.0,0.0,0.5,0.1
7406,2,0.0,0.0,0.0,0.0,0.0,0.0,0.0,0.0,0.0,0.0
4029,19,0.4,0.5333333333333333,0.5087403079104241,0.10526315789473684,0.4,0.3,0.36363636363636365,0.39639187290150923,0.15789473684210525,0.3
10653,18,0.6,0.6666666666666666,0.6843515475204854,0.16666666666666666,0.6,0.6,0.6545454545454544,0.6621137423456801,0.3333333333333333,0.6
13395,13,0.2,0.06666666666666665,0.13120507751234176,0.07692307692307693,0.2,0.2,0.18181818181818182,0.15850703974098102,0.15384615384615385,0.2
12626,3,0.0,0.0,0.0,0.0,0.0,0.0,0.0,0.0,0.0,0.0
17441,3,0.0,0.0,0.0,0.0,0.0,0.0,0.0,0.0,0.0,0.0
3424,16,0.0,0.0,0.0,0.0,0.0,0.3,0.10909090909090909,0.19930623359011795,0.1875,0.3
12910,1,0.0,0.0,0.0,0.0,0.0,0.0,0.0,0.0,0.0,0.0
13888,10,0.4,0.4666666666666666,0.48522855511632257,0.2,0.4,0.2,0.3090909090909091,0.31488013066763093,0.2,0.2
6916,2,0.0,0.0,0.0,0.0,0.0,0.0,0.0,0.0,0.0,0.0
5296,1,0.0,0.0,0.0,0.0,0.0,0.0,0.0,0.0,0.0,0.0
19393,2,0.5,0.4444444444444445,0.3868528072345415,0.5,0.2,1.0,0.4736842105263158,0.3868528072345415,1.0,0.2
9832,2,0.0,0.0,0.0,0.0,0.0,0.0,0.0,0.0,0.0,0.0
21138,9,0.0,0.0,0.0,0.0,0.0,0.3333333333333333,0.12962962962962962,0.15249713175656968,0.3333333333333333,0.3
12568,4,0.0,0.0,0.0,0.0,0.0,0.0,0.0,0.0,0.0,0.0
12121,2,0.0,0.0,0.0,0.0,0.0,0.0,0.0,0.0,0.0,0.0
7180,2,0.0,0.0,0.0,0.0,0.0,0.0,0.0,0.0,0.0,0.0
14046,15,0.4,0.6,0.5531464700081437,0.13333333333333333,0.4,0.4,0.4181818181818182,0.49200622030736363,0.26666666666666666,0.4
19833,1,0.0,0.0,0.0,0.0,0.0,0.0,0.0,0.0,0.0,0.0
1664,6,0.4,0.6,0.5531464700081437,0.3333333333333333,0.4,0.3333333333333333,0.4222222222222222,0.4935232796777481,0.3333333333333333,0.2
6547,7,0.2,0.19999999999999998,0.16958010263680803,0.14285714285714285,0.2,0.2857142857142857,0.16326530612244897,0.13743816645714543,0.2857142857142857,0.2
12162,8,0.0,0.0,0.0,0.0,0.0,0.25,0.0,0.0,0.25,0.2
9421,12,0.2,0.06666666666666665,0.13120507751234176,0.08333333333333333,0.2,0.2,0.2,0.1635413866202963,0.16666666666666666,0.2
20583,8,0.0,0.0,0.0,0.0,0.0,0.125,0.0,0.0,0.125,0.1
15680,5,0.0,0.0,0.0,0.0,0.0,0.0,0.0,0.0,0.0,0.0
6558,3,0.0,0.0,0.0,0.0,0.0,0.0,0.0,0.0,0.0,0.0
9917,3,1.0,0.33333333333333337,0.29608191096586517,1.0,0.6,1.0,0.3333333333333333,0.29608191096586517,1.0,0.3
6161,13,0.0,0.0,0.0,0.0,0.0,0.0,0.0,0.0,0.0,0.0
15166,4,0.0,0.0,0.0,0.0,0.0,0.0,0.0,0.0,0.0,0.0
7520,1,0.0,0.0,0.0,0.0,0.0,0.0,0.0,0.0,0.0,0.0
3567,1,0.0,0.0,0.0,0.0,0.0,0.0,0.0,0.0,0.0,0.0
10524,22,0.2,0.3333333333333333,0.33916020527361607,0.045454545454545456,0.2,0.2,0.21818181818181817,0.28634598975246917,0.09090909090909091,0.2
12265,2,0.0,0.0,0.0,0.0,0.0,0.0,0.0,0.0,0.0,0.0
13720,22,0.8,0.9333333333333332,0.8687949224876582,0.18181818181818182,0.8,0.7,0.7818181818181817,0.7752387368046298,0.3181818181818182,0.7
5535,3,0.3333333333333333,0.4166666666666667,0.46927872602275644,0.3333333333333333,0.2,0.3333333333333333,0.37037037037037035,0.46927872602275644,0.3333333333333333,0.1
3078,19,0.2,0.3333333333333333,0.33916020527361607,0.05263157894736842,0.2,0.2,0.2,0.2837125544970318,0.10526315789473684,0.2
18991,9,0.0,0.0,0.0,0.0,0.0,0.0,0.0,0.0,0.0,0.0
21606,2,1.0,0.5555555555555556,0.6131471927654584,1.0,0.4,1.0,0.5263157894736842,0.6131471927654584,1.0,0.2
2520,5,0.0,0.0,0.0,0.0,0.0,0.0,0.0,0.0,0.0,0.0
2406,1,0.0,0.0,0.0,0.0,0.0,0.0,0.0,0.0,0.0,0.0
10477,5,0.0,0.0,0.0,0.0,0.0,0.0,0.0,0.0,0.0,0.0
20200,12,0.2,0.13333333333333333,0.14606834984270645,0.08333333333333333,0.2,0.1,0.12727272727272726,0.09478836436955078,0.08333333333333333,0.1
10503,1,0.0,0.0,0.0,0.0,0.0,0.0,0.0,0.0,0.0,0.0
14914,18,0.6,0.6,0.6399453854227659,0.16666666666666666,0.6,0.4,0.45454545454545453,0.4789015552876929,0.2222222222222222,0.4
17721,2,0.0,0.0,0.0,0.0,0.0,0.0,0.0,0.0,0.0,0.0
1131,2,0.5,0.4444444444444445,0.3868528072345415,0.5,0.2,0.5,0.4736842105263158,0.3868528072345415,0.5,0.1
18872,1,0.0,0.0,0.0,0.0,0.0,0.0,0.0,0.0,0.0,0.0
17511,4,0.25,0.35714285714285715,0.39038004999210163,0.25,0.2,0.25,0.2941176470588235,0.39038004999210163,0.25,0.1
967,24,0.4,0.26666666666666666,0.3007851801491498,0.08333333333333333,0.4,0.4,0.41818181818181815,0.34695119186869644,0.16666666666666666,0.4
689,4,0.0,0.0,0.0,0.0,0.0,0.0,0.0,0.0,0.0,0.0
5719,9,0.0,0.0,0.0,0.0,0.0,0.0,0.0,0.0,0.0,0.0
18039,22,0.2,0.26666666666666666,0.2139862647345275,0.045454545454545456,0.2,0.3,0.2727272727272727,0.2784805894273035,0.13636363636363635,0.3
16925,28,0.2,0.3333333333333333,0.33916020527361607,0.03571428571428571,0.2,0.3,0.3090909090909091,0.36288691033421744,0.10714285714285714,0.3
6013,23,0.2,0.06666666666666665,0.13120507751234176,0.043478260869565216,0.2,0.1,0.10909090909090909,0.08514311764162097,0.043478260869565216,0.1
16187,5,0.0,0.0,0.0,0.0,0.0,0.0,0.0,0.0,0.0,0.0
11691,1,0.0,0.0,0.0,0.0,0.0,0.0,0.0,0.0,0.0,0.0
7358,2,0.5,0.0,0.0,0.5,0.2,0.5,0.0,0.0,0.5,0.1
10554,2,0.0,0.0,0.0,0.0,0.0,0.0,0.0,0.0,0.0,0.0
19675,1,0.0,0.0,0.0,0.0,0.0,0.0,0.0,0.0,0.0,0.0
8119,13,0.0,0.0,0.0,0.0,0.0,0.1,0.036363636363636355,0.06625422345438903,0.07692307692307693,0.1
21044,2,0.5,0.5555555555555556,0.6131471927654584,0.5,0.2,0.5,0.5263157894736842,0.6131471927654584,0.5,0.1
12844,4,0.0,0.0,0.0,0.0,0.0,0.5,0.0,0.0,0.5,0.2
10453,1,0.0,0.0,0.0,0.0,0.0,0.0,0.0,0.0,0.0,0.0
17636,15,0.2,0.3333333333333333,0.33916020527361607,0.06666666666666667,0.2,0.2,0.23636363636363636,0.2895229882348574,0.13333333333333333,0.2
10044,2,0.5,0.0,0.0,0.5,0.2,1.0,0.0,0.0,1.0,0.2
17381,5,0.0,0.0,0.0,0.0,0.0,0.2,0.0,0.0,0.2,0.1
4463,29,0.4,0.4666666666666666,0.38356636737133554,0.06896551724137931,0.4,0.2,0.30909090909090914,0.24890832702259458,0.06896551724137931,0.2
5307,3,0.0,0.0,0.0,0.0,0.0,0.0,0.0,0.0,0.0,0.0
21698,2,0.5,0.5555555555555556,0.6131471927654584,0.5,0.2,0.5,0.5263157894736842,0.6131471927654584,0.5,0.1
18856,13,0.0,0.0,0.0,0.0,0.0,0.0,0.0,0.0,0.0,0.0
11350,6,0.0,0.0,0.0,0.0,0.0,0.0,0.0,0.0,0.0,0.0
2493,28,0.4,0.4666666666666666,0.38356636737133554,0.07142857142857142,0.4,0.3,0.36363636363636365,0.31833954895937183,0.10714285714285714,0.3
16867,2,0.0,0.0,0.0,0.0,0.0,0.0,0.0,0.0,0.0,0.0
3643,5,0.4,0.4000000000000001,0.3600546145772339,0.4,0.4,0.6,0.4,0.3600546145772339,0.6,0.3
16493,2,0.0,0.0,0.0,0.0,0.0,0.0,0.0,0.0,0.0,0.0
5931,6,0.2,0.3333333333333333,0.33916020527361607,0.16666666666666666,0.2,0.16666666666666666,0.2222222222222222,0.30260241349881345,0.16666666666666666,0.1
17844,8,0.2,0.3333333333333333,0.33916020527361607,0.125,0.2,0.125,0.1923076923076923,0.2529427027676571,0.125,0.1
20909,3,0.0,0.0,0.0,0.0,0.0,0.0,0.0,0.0,0.0,0.0
8878,8,0.0,0.0,0.0,0.0,0.0,0.0,0.0,0.0,0.0,0.0
15408,20,0.2,0.26666666666666666,0.2139862647345275,0.05,0.2,0.2,0.2545454545454545,0.21726071285222984,0.1,0.2
9823,19,0.4,0.19999999999999998,0.2772734273550482,0.10526315789473684,0.4,0.3,0.3272727272727272,0.25832975098984706,0.15789473684210525,0.3
15267,11,0.4,0.39999999999999997,0.4703652827859578,0.18181818181818182,0.4,0.3,0.38181818181818183,0.3836331529183764,0.2727272727272727,0.3
11731,13,0.2,0.3333333333333333,0.33916020527361607,0.07692307692307693,0.2,0.1,0.18181818181818182,0.22009176629808014,0.07692307692307693,0.1
2614,3,0.0,0.0,0.0,0.0,0.0,0.0,0.0,0.0,0.0,0.0
21750,3,0.0,0.0,0.0,0.0,0.0,0.0,0.0,0.0,0.0,0.0
9836,1,0.0,0.0,0.0,0.0,0.0,0.0,0.0,0.0,0.0,0.0
19413,33,0.4,0.4000000000000001,0.3600546145772339,0.06060606060606061,0.4,0.2,0.29090909090909095,0.23365080824310527,0.06060606060606061,0.2
10099,2,0.0,0.0,0.0,0.0,0.0,0.0,0.0,0.0,0.0,0.0
1517,6,0.0,0.0,0.0,0.0,0.0,0.0,0.0,0.0,0.0,0.0
4704,24,0.6,0.6,0.6399453854227659,0.125,0.6,0.4,0.509090909090909,0.4886446891881013,0.16666666666666666,0.4
21353,4,0.0,0.0,0.0,0.0,0.0,0.0,0.0,0.0,0.0,0.0
5716,14,0.0,0.0,0.0,0.0,0.0,0.0,0.0,0.0,0.0,0.0
1797,4,0.0,0.0,0.0,0.0,0.0,0.25,0.0,0.0,0.25,0.1
21616,17,0.0,0.0,0.0,0.0,0.0,0.1,0.036363636363636355,0.06625422345438903,0.058823529411764705,0.1
2133,2,0.0,0.0,0.0,0.0,0.0,0.0,0.0,0.0,0.0,0.0
10356,3,0.0,0.0,0.0,0.0,0.0,0.0,0.0,0.0,0.0,0.0
17420,3,0.0,0.0,0.0,0.0,0.0,0.3333333333333333,0.0,0.0,0.3333333333333333,0.1111111111111111
9788,32,0.4,0.19999999999999998,0.2772734273550482,0.0625,0.4,0.4,0.39999999999999997,0.3316936730892071,0.125,0.4
20876,1,0.0,0.0,0.0,0.0,0.0,0.0,0.0,0.0,0.0,0.0
12554,1,0.0,0.0,0.0,0.0,0.0,0.0,0.0,0.0,0.0,0.0
18751,35,0.8,0.8000000000000002,0.8304198973631919,0.11428571428571428,0.8,0.5,0.6545454545454544,0.6122496142821665,0.14285714285714285,0.5
20107,2,0.0,0.0,0.0,0.0,0.0,0.0,0.0,0.0,0.0,0.0
725,4,0.25,0.28571428571428575,0.2463023887407299,0.25,0.2,0.25,0.2647058823529412,0.2463023887407299,0.25,0.1
4929,3,0.3333333333333333,0.25,0.23463936301137822,0.3333333333333333,0.2,0.6666666666666666,0.2962962962962963,0.23463936301137822,0.6666666666666666,0.2
433,8,0.4,0.4666666666666666,0.48522855511632257,0.25,0.4,0.25,0.3269230769230769,0.3618791953854131,0.25,0.2
22427,4,0.0,0.0,0.0,0.0,0.0,0.0,0.0,0.0,0.0,0.0
5252,1,0.0,0.0,0.0,0.0,0.0,0.0,0.0,0.0,0.0,0.0
17086,9,0.6,0.7333333333333334,0.6992148198508501,0.3333333333333333,0.6,0.4444444444444444,0.5185185185185185,0.5553271489180153,0.4444444444444444,0.4
12672,3,0.6666666666666666,0.4166666666666667,0.46927872602275644,0.6666666666666666,0.4,0.6666666666666666,0.37037037037037035,0.46927872602275644,0.6666666666666666,0.2
6338,12,0.4,0.5333333333333333,0.5087403079104241,0.16666666666666666,0.4,0.2,0.32727272727272727,0.3301376494471202,0.16666666666666666,0.2
14750,4,0.25,0.2142857142857143,0.19519002499605081,0.25,0.2,0.25,0.23529411764705882,0.19519002499605081,0.25,0.1
9728,7,0.0,0.0,0.0,0.0,0.0,0.14285714285714285,0.0,0.0,0.14285714285714285,0.1
4592,8,0.0,0.0,0.0,0.0,0.0,0.0,0.0,0.0,0.0,0.0
4019,7,0.0,0.0,0.0,0.0,0.0,0.14285714285714285,0.08163265306122448,0.09162544430476363,0.14285714285714285,0.1
12799,1,0.0,0.0,0.0,0.0,0.0,0.0,0.0,0.0,0.0,0.0
20531,6,0.0,0.0,0.0,0.0,0.0,0.0,0.0,0.0,0.0,0.0
9444,2,0.0,0.0,0.0,0.0,0.0,0.0,0.0,0.0,0.0,0.0
15990,19,0.4,0.6,0.5531464700081437,0.10526315789473684,0.4,0.3,0.4,0.4283854321084119,0.15789473684210525,0.3
5771,1,0.0,0.0,0.0,0.0,0.0,0.0,0.0,0.0,0.0,0.0
19798,1,0.0,0.0,0.0,0.0,0.0,0.0,0.0,0.0,0.0,0.0
16950,1,0.0,0.0,0.0,0.0,0.0,0.0,0.0,0.0,0.0,0.0
22485,20,0.0,0.0,0.0,0.0,0.0,0.0,0.0,0.0,0.0,0.0
7960,9,0.4,0.6,0.5531464700081437,0.2222222222222222,0.4,0.2222222222222222,0.3518518518518518,0.38334277998463445,0.2222222222222222,0.2
15194,2,0.0,0.0,0.0,0.0,0.0,0.0,0.0,0.0,0.0,0.0
1757,6,0.0,0.0,0.0,0.0,0.0,0.0,0.0,0.0,0.0,0.0
15907,21,0.2,0.13333333333333333,0.14606834984270645,0.047619047619047616,0.2,0.3,0.29090909090909095,0.24655055544758617,0.14285714285714285,0.3
14886,8,0.0,0.0,0.0,0.0,0.0,0.0,0.0,0.0,0.0,0.0
19502,4,0.0,0.0,0.0,0.0,0.0,0.0,0.0,0.0,0.0,0.0
1527,1,0.0,0.0,0.0,0.0,0.0,0.0,0.0,0.0,0.0,0.0
13893,16,0.4,0.3333333333333333,0.34519134224686926,0.125,0.4,0.4,0.3272727272727272,0.3538805731685162,0.25,0.4
17927,4,0.25,0.35714285714285715,0.39038004999210163,0.25,0.2,0.25,0.2941176470588235,0.39038004999210163,0.25,0.1
11195,3,0.3333333333333333,0.0,0.0,0.3333333333333333,0.2,0.3333333333333333,0.0,0.0,0.3333333333333333,0.1
21336,17,0.2,0.26666666666666666,0.2139862647345275,0.058823529411764705,0.2,0.1,0.16363636363636364,0.1388624438735545,0.058823529411764705,0.1
12101,21,0.2,0.3333333333333333,0.33916020527361607,0.047619047619047616,0.2,0.1,0.18181818181818182,0.22009176629808014,0.047619047619047616,0.1
13201,2,0.0,0.0,0.0,0.0,0.0,0.5,0.0,0.0,0.5,0.1
19476,4,0.0,0.0,0.0,0.0,0.0,0.0,0.0,0.0,0.0,0.0
848,6,0.2,0.13333333333333333,0.14606834984270645,0.16666666666666666,0.2,0.6666666666666666,0.15555555555555556,0.13032376591037065,0.6666666666666666,0.4
6373,6,0.0,0.0,0.0,0.0,0.0,0.0,0.0,0.0,0.0,0.0
18465,1,0.0,0.0,0.0,0.0,0.0,0.0,0.0,0.0,0.0,0.0
7613,8,0.2,0.26666666666666666,0.2139862647345275,0.125,0.2,0.25,0.2692307692307692,0.249689085777264,0.25,0.2
21421,7,0.0,0.0,0.0,0.0,0.0,0.0,0.0,0.0,0.0,0.0
20385,4,0.0,0.0,0.0,0.0,0.0,0.0,0.0,0.0,0.0,0.0
20548,4,0.0,0.0,0.0,0.0,0.0,0.0,0.0,0.0,0.0,0.0
898,15,0.6,0.6666666666666666,0.6548086577531306,0.2,0.6,0.5,0.5818181818181819,0.5695785062497354,0.3333333333333333,0.5
9809,15,0.4,0.4666666666666666,0.48522855511632257,0.13333333333333333,0.4,0.2,0.3090909090909091,0.31488013066763093,0.13333333333333333,0.2
10339,9,0.2,0.3333333333333333,0.33916020527361607,0.1111111111111111,0.2,0.1111111111111111,0.18518518518518517,0.23504554941448538,0.1111111111111111,0.1
12631,4,0.0,0.0,0.0,0.0,0.0,0.0,0.0,0.0,0.0,0.0
21147,8,0.0,0.0,0.0,0.0,0.0,0.0,0.0,0.0,0.0,0.0
473,8,0.2,0.3333333333333333,0.33916020527361607,0.125,0.2,0.375,0.34615384615384615,0.422837249982473,0.375,0.3
18714,1,0.0,0.0,0.0,0.0,0.0,0.0,0.0,0.0,0.0,0.0
20854,2,0.0,0.0,0.0,0.0,0.0,0.0,0.0,0.0,0.0,0.0
20566,30,0.8,0.9333333333333332,0.8687949224876582,0.13333333333333333,0.8,0.7,0.781818181818182,0.772837825180752,0.23333333333333334,0.7
17476,1,0.0,0.0,0.0,0.0,0.0,0.0,0.0,0.0,0.0,0.0
7344,5,0.2,0.19999999999999998,0.16958010263680803,0.2,0.2,0.2,0.2,0.16958010263680803,0.2,0.1
19517,28,0.8,0.9333333333333332,0.8687949224876582,0.14285714285714285,0.8,0.8,0.8545454545454546,0.8486026589039899,0.2857142857142857,0.8
19208,9,0.4,0.4666666666666666,0.48522855511632257,0.2222222222222222,0.4,0.3333333333333333,0.37037037037037035,0.4104227729118601,0.3333333333333333,0.3
15906,1,0.0,0.0,0.0,0.0,0.0,0.0,0.0,0.0,0.0,0.0
19403,2,0.5,0.5555555555555556,0.6131471927654584,0.5,0.2,0.5,0.5263157894736842,0.6131471927654584,0.5,0.1
16717,3,0.0,0.0,0.0,0.0,0.0,0.3333333333333333,0.0,0.0,0.3333333333333333,0.1
803,1,0.0,0.0,0.0,0.0,0.0,0.0,0.0,0.0,0.0,0.0
18756,2,0.0,0.0,0.0,0.0,0.0,0.0,0.0,0.0,0.0,0.0
14726,1,0.0,0.0,0.0,0.0,0.0,0.0,0.0,0.0,0.0,0.0
8246,2,0.0,0.0,0.0,0.0,0.0,0.0,0.0,0.0,0.0,0.0
8169,7,0.2,0.3333333333333333,0.33916020527361607,0.14285714285714285,0.2,0.14285714285714285,0.2040816326530612,0.27487633291429087,0.14285714285714285,0.1
10015,5,0.0,0.0,0.0,0.0,0.0,0.0,0.0,0.0,0.0,0.0
12675,7,0.8,0.9333333333333332,0.8687949224876582,0.5714285714285714,0.8,0.5714285714285714,0.6938775510204082,0.7041249493150387,0.5714285714285714,0.4
11230,6,0.2,0.19999999999999998,0.16958010263680803,0.16666666666666666,0.2,0.16666666666666666,0.17777777777777778,0.15130120674940672,0.16666666666666666,0.1
5947,2,0.0,0.0,0.0,0.0,0.0,0.0,0.0,0.0,0.0,0.0
7090,12,0.4,0.4666666666666666,0.38356636737133554,0.16666666666666666,0.4,0.3,0.36363636363636365,0.31833954895937183,0.25,0.3
1324,2,0.5,0.0,0.0,0.5,0.2,0.5,0.0,0.0,0.5,0.1
7013,1,1.0,0.0,0.0,1.0,0.2,1.0,0.0,0.0,1.0,0.1
905,1,1.0,0.0,0.0,1.0,0.2,1.0,0.0,0.0,1.0,0.1
21016,5,0.0,0.0,0.0,0.0,0.0,0.0,0.0,0.0,0.0,0.0
21088,3,0.5,0.33333333333333337,0.3868528072345415,0.3333333333333333,0.5,0.5,0.3333333333333333,0.3868528072345415,0.3333333333333333,0.5
3429,4,0.0,0.0,0.0,0.0,0.0,0.0,0.0,0.0,0.0,0.0
3841,12,0.6,0.6666666666666666,0.6548086577531306,0.25,0.6,0.3,0.45454545454545453,0.424926013816671,0.25,0.3
8872,4,0.0,0.0,0.0,0.0,0.0,0.0,0.0,0.0,0.0,0.0
19851,28,0.4,0.3333333333333333,0.34519134224686926,0.07142857142857142,0.4,0.5,0.4181818181818182,0.4322788421471915,0.17857142857142858,0.5
1150,6,0.0,0.0,0.0,0.0,0.0,0.0,0.0,0.0,0.0,0.0
18852,9,0.0,0.0,0.0,0.0,0.0,0.125,0.09259259259259259,0.0901000086523677,0.1111111111111111,0.125
17698,19,0.4,0.4000000000000001,0.3600546145772339,0.10526315789473684,0.4,0.2,0.29090909090909095,0.23365080824310527,0.10526315789473684,0.2
9071,4,0.25,0.35714285714285715,0.39038004999210163,0.25,0.2,0.25,0.2941176470588235,0.39038004999210163,0.25,0.1
7151,2,0.5,0.4444444444444445,0.3868528072345415,0.5,0.2,0.5,0.4736842105263158,0.3868528072345415,0.5,0.1
20469,8,0.2,0.3333333333333333,0.33916020527361607,0.125,0.2,0.125,0.1923076923076923,0.2529427027676571,0.125,0.1
3605,4,0.0,0.0,0.0,0.0,0.0,0.0,0.0,0.0,0.0,0.0
21345,7,0.0,0.0,0.0,0.0,0.0,0.42857142857142855,0.08163265306122448,0.09162544430476363,0.42857142857142855,0.3
19781,10,0.2,0.13333333333333333,0.14606834984270645,0.1,0.2,0.3,0.2727272727272727,0.24261785528500332,0.3,0.3
4458,3,0.6666666666666666,0.33333333333333337,0.29608191096586517,0.6666666666666666,0.4,1.0,0.3333333333333333,0.29608191096586517,1.0,0.3
7301,14,0.2,0.13333333333333333,0.14606834984270645,0.07142857142857142,0.2,0.1,0.12727272727272726,0.09478836436955078,0.07142857142857142,0.1
18302,3,0.0,0.0,0.0,0.0,0.0,0.0,0.0,0.0,0.0,0.0
11869,8,0.0,0.0,0.0,0.0,0.0,0.0,0.0,0.0,0.0,0.0
21578,5,0.0,0.0,0.0,0.0,0.0,0.0,0.0,0.0,0.0,0.0
12433,11,0.2,0.3333333333333333,0.33916020527361607,0.09090909090909091,0.2,0.1,0.18181818181818182,0.22009176629808014,0.09090909090909091,0.1
12946,3,0.0,0.0,0.0,0.0,0.0,0.0,0.0,0.0,0.0,0.0
4242,19,0.2,0.26666666666666666,0.2139862647345275,0.05263157894736842,0.2,0.1,0.16363636363636364,0.1388624438735545,0.05263157894736842,0.1
13994,5,0.4,0.6,0.5531464700081437,0.4,0.4,0.4,0.475,0.5531464700081437,0.4,0.2
14629,1,0.0,0.0,0.0,0.0,0.0,0.0,0.0,0.0,0.0,0.0
8426,2,0.0,0.0,0.0,0.0,0.0,0.0,0.0,0.0,0.0,0.0
18515,4,0.0,0.0,0.0,0.0,0.0,0.25,0.0,0.0,0.25,0.1
22033,18,0.2,0.3333333333333333,0.33916020527361607,0.05555555555555555,0.2,0.3,0.2727272727272727,0.3557772116892464,0.16666666666666666,0.3
6117,1,0.0,0.0,0.0,0.0,0.0,0.0,0.0,0.0,0.0,0.0
13771,18,0.4,0.5333333333333333,0.5087403079104241,0.1111111111111111,0.4,0.4,0.49090909090909085,0.48189984052515555,0.2222222222222222,0.4
13265,1,0.0,0.0,0.0,0.0,0.0,0.0,0.0,0.0,0.0,0.0
2947,9,0.2,0.3333333333333333,0.33916020527361607,0.1111111111111111,0.2,0.1111111111111111,0.18518518518518517,0.23504554941448538,0.1111111111111111,0.1
14556,13,0.4,0.5333333333333333,0.5087403079104241,0.15384615384615385,0.4,0.2,0.32727272727272727,0.3301376494471202,0.15384615384615385,0.2
18252,23,0.8,0.8666666666666666,0.8539316501572936,0.17391304347826086,0.8,0.7,0.7090909090909092,0.7534494445524138,0.30434782608695654,0.7
8318,2,0.5,0.4444444444444445,0.3868528072345415,0.5,0.2,0.5,0.4736842105263158,0.3868528072345415,0.5,0.1
16249,14,0.4,0.6,0.5531464700081437,0.14285714285714285,0.4,0.4,0.509090909090909,0.5107164012496701,0.2857142857142857,0.4
9578,16,0.2,0.3333333333333333,0.33916020527361607,0.0625,0.2,0.1,0.18181818181818182,0.22009176629808014,0.0625,0.1
9,2,0.0,0.0,0.0,0.0,0.0,0.0,0.0,0.0,0.0,0.0
15265,5,0.2,0.13333333333333333,0.14606834984270645,0.2,0.2,0.4,0.175,0.14606834984270645,0.4,0.2
20015,12,0.4,0.4666666666666666,0.48522855511632257,0.16666666666666666,0.4,0.2,0.3090909090909091,0.31488013066763093,0.16666666666666666,0.2
11848,13,0.6,0.7333333333333334,0.6992148198508501,0.23076923076923078,0.6,0.4,0.5272727272727272,0.5231737964779627,0.3076923076923077,0.4
19186,1,0.0,0.0,0.0,0.0,0.0,0.0,0.0,0.0,0.0,0.0
15787,2,0.0,0.0,0.0,0.0,0.0,0.0,0.0,0.0,0.0,0.0
22505,3,0.0,0.0,0.0,0.0,0.0,0.0,0.0,0.0,0.0,0.0
12613,4,0.25,0.2142857142857143,0.19519002499605081,0.25,0.2,0.25,0.23529411764705882,0.19519002499605081,0.25,0.1
6029,10,0.0,0.0,0.0,0.0,0.0,0.0,0.0,0.0,0.0,0.0
11045,16,0.6,0.5333333333333333,0.6164336326286642,0.1875,0.6,0.7,0.6363636363636362,0.681660451040628,0.4375,0.7
16755,10,0.2,0.06666666666666665,0.13120507751234176,0.1,0.2,0.3,0.23636363636363636,0.22979561007468532,0.3,0.3
9928,5,0.2,0.26666666666666666,0.2139862647345275,0.2,0.2,0.2,0.225,0.2139862647345275,0.2,0.1
19292,45,0.0,0.0,0.0,0.0,0.0,0.3,0.21818181818181823,0.22119341301481263,0.06666666666666667,0.3
13802,4,0.0,0.0,0.0,0.0,0.0,0.75,0.0,0.0,0.75,0.3
4653,15,0.0,0.0,0.0,0.0,0.0,0.1,0.09090909090909091,0.07839826897867533,0.06666666666666667,0.1
19019,2,0.5,0.4444444444444445,0.3868528072345415,0.5,0.2,0.5,0.4736842105263158,0.3868528072345415,0.5,0.1
12450,5,0.0,0.0,0.0,0.0,0.0,0.0,0.0,0.0,0.0,0.0
21458,2,0.0,0.0,0.0,0.0,0.0,0.0,0.0,0.0,0.0,0.0
6184,1,0.0,0.0,0.0,0.0,0.0,0.0,0.0,0.0,0.0,0.0
882,4,0.0,0.0,0.0,0.0,0.0,0.25,0.0,0.0,0.25,0.1
15586,1,0.0,0.0,0.0,0.0,0.0,0.0,0.0,0.0,0.0,0.0
19120,1,0.0,0.0,0.0,0.0,0.0,0.0,0.0,0.0,0.0,0.0
10371,16,0.2,0.3333333333333333,0.33916020527361607,0.0625,0.2,0.2,0.2727272727272727,0.2984900352767555,0.125,0.2
8632,8,0.0,0.0,0.0,0.0,0.0,0.25,0.057692307692307696,0.07979453856244816,0.25,0.2
14516,5,0.0,0.0,0.0,0.0,0.0,0.0,0.0,0.0,0.0,0.0
3450,1,0.0,0.0,0.0,0.0,0.0,0.0,0.0,0.0,0.0,0.0
20746,2,0.0,0.0,0.0,0.0,0.0,0.5,0.0,0.0,0.5,0.1
17277,2,0.0,0.0,0.0,0.0,0.0,0.0,0.0,0.0,0.0,0.0
13375,21,0.2,0.19999999999999998,0.16958010263680803,0.047619047619047616,0.2,0.6,0.4181818181818182,0.4611143078171934,0.2857142857142857,0.6
2514,3,0.3333333333333333,0.0,0.0,0.3333333333333333,0.2,0.3333333333333333,0.0,0.0,0.3333333333333333,0.1
20842,4,0.0,0.0,0.0,0.0,0.0,0.0,0.0,0.0,0.0,0.0
5020,6,0.0,0.0,0.0,0.0,0.0,0.0,0.0,0.0,0.0,0.0
14678,13,0.4,0.39999999999999997,0.4703652827859578,0.15384615384615385,0.4,0.4,0.45454545454545453,0.45699707501773645,0.3076923076923077,0.4
554,4,0.25,0.0,0.0,0.25,0.2,0.5,0.0,0.0,0.5,0.2
18897,15,0.2,0.3333333333333333,0.33916020527361607,0.06666666666666667,0.2,0.1,0.18181818181818182,0.22009176629808014,0.06666666666666667,0.1
12254,2,0.0,0.0,0.0,0.0,0.0,0.0,0.0,0.0,0.0,0.0
15846,4,0.5,0.5,0.4414924137367807,0.5,0.4,0.5,0.5,0.4414924137367807,0.5,0.4
9992,3,0.3333333333333333,0.4166666666666667,0.46927872602275644,0.3333333333333333,0.2,0.3333333333333333,0.37037037037037035,0.46927872602275644,0.3333333333333333,0.1
12983,7,0.0,0.0,0.0,0.0,0.0,0.0,0.0,0.0,0.0,0.0
15967,1,0.0,0.0,0.0,0.0,0.0,0.0,0.0,0.0,0.0,0.0
6259,19,0.4,0.5333333333333333,0.5087403079104241,0.10526315789473684,0.4,0.2,0.32727272727272727,0.3301376494471202,0.10526315789473684,0.2
830,1,0.0,0.0,0.0,0.0,0.0,0.0,0.0,0.0,0.0,0.0
7125,3,0.0,0.0,0.0,0.0,0.0,0.0,0.0,0.0,0.0,0.0
12430,1,0.0,0.0,0.0,0.0,0.0,0.0,0.0,0.0,0.0,0.0
16225,27,0.6,0.5333333333333333,0.6164336326286642,0.1111111111111111,0.6,0.4,0.47272727272727266,0.4694544702460291,0.14814814814814814,0.4
8794,5,0.4,0.6,0.5531464700081437,0.4,0.4,0.6,0.475,0.5531464700081437,0.6,0.3
353,10,0.2,0.19999999999999998,0.16958010263680803,0.1,0.2,0.2,0.16363636363636364,0.1736666713479918,0.2,0.2
13029,14,0.2,0.06666666666666665,0.13120507751234176,0.07142857142857142,0.2,0.1,0.10909090909090909,0.08514311764162097,0.07142857142857142,0.1
10704,18,0.8,0.7333333333333334,0.7860137352654724,0.2222222222222222,0.8,0.6,0.7090909090909091,0.6578986223737445,0.3333333333333333,0.6
19320,13,0.0,0.0,0.0,0.0,0.0,0.2,0.054545454545454536,0.12987501165334073,0.15384615384615385,0.2
4028,1,0.0,0.0,0.0,0.0,0.0,0.0,0.0,0.0,0.0,0.0
13466,1,0.0,0.0,0.0,0.0,0.0,0.0,0.0,0.0,0.0,0.0
15767,31,0.6,0.6,0.6399453854227659,0.0967741935483871,0.6,0.3,0.43636363636363634,0.4152807670887412,0.0967741935483871,0.3
8214,10,0.2,0.3333333333333333,0.33916020527361607,0.1,0.2,0.1,0.18181818181818182,0.22009176629808014,0.1,0.1
20140,2,0.0,0.0,0.0,0.0,0.0,0.0,0.0,0.0,0.0,0.0
22302,3,0.0,0.0,0.0,0.0,0.0,0.0,0.0,0.0,0.0,0.0
13178,27,0.4,0.39999999999999997,0.4703652827859578,0.07407407407407407,0.4,0.3,0.38181818181818183,0.3836331529183764,0.1111111111111111,0.3
13590,4,0.0,0.0,0.0,0.0,0.0,0.0,0.0,0.0,0.0,0.0
566,10,0.0,0.0,0.0,0.0,0.0,0.0,0.0,0.0,0.0,0.0
6427,25,0.4,0.5333333333333333,0.5087403079104241,0.08,0.4,0.2,0.32727272727272727,0.3301376494471202,0.08,0.2
21009,4,0.0,0.0,0.0,0.0,0.0,0.25,0.0,0.0,0.25,0.1
21960,1,0.0,0.0,0.0,0.0,0.0,1.0,0.0,0.0,1.0,0.16666666666666666
12094,1,0.0,0.0,0.0,0.0,0.0,0.0,0.0,0.0,0.0,0.0
8346,9,0.2,0.3333333333333333,0.33916020527361607,0.1111111111111111,0.2,0.1111111111111111,0.18518518518518517,0.23504554941448538,0.1111111111111111,0.1
2611,12,0.2,0.26666666666666666,0.2139862647345275,0.08333333333333333,0.2,0.1,0.16363636363636364,0.1388624438735545,0.08333333333333333,0.1
8422,3,0.3333333333333333,0.4166666666666667,0.46927872602275644,0.3333333333333333,0.2,0.6666666666666666,0.37037037037037035,0.46927872602275644,0.6666666666666666,0.2
16596,10,0.0,0.0,0.0,0.0,0.0,0.0,0.0,0.0,0.0,0.0
18939,14,0.8,0.9333333333333332,0.8687949224876582,0.2857142857142857,0.8,0.4,0.6181818181818183,0.5637884576902256,0.2857142857142857,0.4
17839,1,0.0,0.0,0.0,0.0,0.0,0.0,0.0,0.0,0.0,0.0
13301,16,0.2,0.13333333333333333,0.14606834984270645,0.0625,0.2,0.3,0.2727272727272727,0.24261785528500332,0.1875,0.3
21794,2,0.0,0.0,0.0,0.0,0.0,0.0,0.0,0.0,0.0,0.0
12022,1,0.0,0.0,0.0,0.0,0.0,0.0,0.0,0.0,0.0,0.0
18162,1,0.0,0.0,0.0,0.0,0.0,0.0,0.0,0.0,0.0,0.0
1344,1,1.0,0.0,0.0,1.0,0.2,1.0,0.0,0.0,1.0,0.1
17626,1,0.0,0.0,0.0,0.0,0.0,0.0,0.0,0.0,0.0,0.0
21512,1,1.0,1.0,1.0,1.0,0.2,1.0,1.0,1.0,1.0,0.1
10786,2,0.0,0.0,0.0,0.0,0.0,0.0,0.0,0.0,0.0,0.0
17050,8,0.0,0.0,0.0,0.0,0.0,0.0,0.0,0.0,0.0,0.0
15389,3,0.3333333333333333,0.0,0.0,0.3333333333333333,0.2,0.3333333333333333,0.0,0.0,0.3333333333333333,0.1
18818,11,0.8,0.9333333333333332,0.8687949224876582,0.36363636363636365,0.8,0.5,0.6727272727272727,0.6332196796270029,0.45454545454545453,0.5
8535,8,0.0,0.0,0.0,0.0,0.0,0.0,0.0,0.0,0.0,0.0
15930,17,0.2,0.13333333333333333,0.14606834984270645,0.058823529411764705,0.2,0.2,0.2,0.16815228646891084,0.11764705882352941,0.2
14311,8,0.0,0.0,0.0,0.0,0.0,0.125,0.09615384615384615,0.0901000086523677,0.125,0.1
1969,1,0.0,0.0,0.0,0.0,0.0,0.0,0.0,0.0,0.0,0.0
6933,7,0.6,0.5333333333333333,0.6164336326286642,0.42857142857142855,0.6,0.5714285714285714,0.4693877551020407,0.4995958068998836,0.5714285714285714,0.5
2870,7,0.0,0.0,0.0,0.0,0.0,0.14285714285714285,0.08163265306122448,0.09162544430476363,0.14285714285714285,0.1
16512,15,0.0,0.0,0.0,0.0,0.0,0.0,0.0,0.0,0.0,0.0
6588,5,0.2,0.06666666666666665,0.13120507751234176,0.2,0.2,0.2,0.15,0.13120507751234176,0.2,0.1
4267,4,0.25,0.28571428571428575,0.2463023887407299,0.25,0.2,0.25,0.2647058823529412,0.2463023887407299,0.25,0.1
2206,13,0.2,0.3333333333333333,0.33916020527361607,0.07692307692307693,0.2,0.1,0.18181818181818182,0.22009176629808014,0.07692307692307693,0.1
2600,1,0.0,0.0,0.0,0.0,0.0,0.0,0.0,0.0,0.0,0.0
11593,11,0.2,0.26666666666666666,0.2139862647345275,0.09090909090909091,0.2,0.2,0.23636363636363636,0.21222636597291453,0.18181818181818182,0.2
21130,7,0.0,0.0,0.0,0.0,0.0,0.0,0.0,0.0,0.0,0.0
7583,5,0.0,0.0,0.0,0.0,0.0,0.0,0.0,0.0,0.0,0.0
381,3,0.0,0.0,0.0,0.0,0.0,0.0,0.0,0.0,0.0,0.0
9256,2,0.0,0.0,0.0,0.0,0.0,0.0,0.0,0.0,0.0,0.0
9325,1,1.0,1.0,1.0,1.0,0.2,1.0,1.0,1.0,1.0,0.1
21807,4,0.25,0.14285714285714288,0.16812753627111746,0.25,0.2,0.25,0.20588235294117643,0.16812753627111746,0.25,0.16666666666666666
21909,7,0.4,0.26666666666666666,0.3007851801491498,0.2857142857142857,0.4,0.5714285714285714,0.38775510204081626,0.3416877728373431,0.5714285714285714,0.4
19599,1,0.0,0.0,0.0,0.0,0.0,0.0,0.0,0.0,0.0,0.0
3551,1,1.0,0.0,0.0,1.0,0.2,1.0,0.0,0.0,1.0,0.1
3015,1,1.0,0.0,0.0,1.0,0.2,1.0,0.0,0.0,1.0,0.1
20434,3,0.0,0.0,0.0,0.0,0.0,0.0,0.0,0.0,0.0,0.0
22094,1,0.0,0.0,0.0,0.0,0.0,0.0,0.0,0.0,0.0,0.0
16491,4,0.0,0.0,0.0,0.0,0.0,0.0,0.0,0.0,0.0,0.0
2923,5,0.0,0.0,0.0,0.0,0.0,0.0,0.0,0.0,0.0,0.0
21055,2,0.0,0.0,0.0,0.0,0.0,0.0,0.0,0.0,0.0,0.0
12571,5,0.0,0.0,0.0,0.0,0.0,0.2,0.0,0.0,0.2,0.1
11479,2,0.0,0.0,0.0,0.0,0.0,0.0,0.0,0.0,0.0,0.0
1194,26,0.8,0.9333333333333332,0.8687949224876582,0.15384615384615385,0.8,0.5,0.6363636363636365,0.6274092458891773,0.19230769230769232,0.5
22169,2,0.0,0.0,0.0,0.0,0.0,0.0,0.0,0.0,0.0,0.0
9918,3,0.0,0.0,0.0,0.0,0.0,0.0,0.0,0.0,0.0,0.0
3115,8,0.0,0.0,0.0,0.0,0.0,0.0,0.0,0.0,0.0,0.0
17951,9,0.0,0.0,0.0,0.0,0.0,0.0,0.0,0.0,0.0,0.0
14948,1,0.0,0.0,0.0,0.0,0.0,0.0,0.0,0.0,0.0,0.0
2917,3,0.0,0.0,0.0,0.0,0.0,0.0,0.0,0.0,0.0,0.0
11979,14,0.6,0.46666666666666673,0.4912596920895757,0.21428571428571427,0.6,0.5,0.4727272727272727,0.4518459360204552,0.35714285714285715,0.5
12404,2,0.0,0.0,0.0,0.0,0.0,0.0,0.0,0.0,0.0,0.0
2893,12,0.0,0.0,0.0,0.0,0.0,0.0,0.0,0.0,0.0,0.0
2876,11,0.2,0.3333333333333333,0.33916020527361607,0.09090909090909091,0.2,0.1,0.18181818181818182,0.22009176629808014,0.09090909090909091,0.1
5517,3,0.0,0.0,0.0,0.0,0.0,0.3333333333333333,0.0,0.0,0.3333333333333333,0.1
10244,13,0.0,0.0,0.0,0.0,0.0,0.2,0.10909090909090909,0.13961814555374907,0.15384615384615385,0.2
16396,2,0.0,0.0,0.0,0.0,0.0,0.0,0.0,0.0,0.0,0.0
1707,12,0.8,0.9333333333333332,0.8687949224876582,0.3333333333333333,0.8,0.8,0.8727272727272729,0.8512360941594272,0.6666666666666666,0.8
7048,3,0.3333333333333333,0.0,0.0,0.3333333333333333,0.2,0.3333333333333333,0.0,0.0,0.3333333333333333,0.1
3835,22,0.6,0.5333333333333333,0.5147714448836773,0.13636363636363635,0.6,0.5,0.5454545454545454,0.4768465887003529,0.22727272727272727,0.5
21510,1,0.0,0.0,0.0,0.0,0.0,0.0,0.0,0.0,0.0,0.0
10177,13,0.4,0.6,0.5531464700081437,0.15384615384615385,0.4,0.5,0.45454545454545464,0.5582604437617527,0.38461538461538464,0.5
3670,2,0.0,0.0,0.0,0.0,0.0,0.0,0.0,0.0,0.0,0.0
12290,4,0.25,0.35714285714285715,0.39038004999210163,0.25,0.2,0.5,0.2941176470588235,0.39038004999210163,0.5,0.2
3051,11,0.2,0.3333333333333333,0.33916020527361607,0.09090909090909091,0.2,0.1,0.18181818181818182,0.22009176629808014,0.09090909090909091,0.1
10058,1,0.0,0.0,0.0,0.0,0.0,0.0,0.0,0.0,0.0,0.0
20916,16,0.6,0.6,0.529634717214042,0.1875,0.6,0.5,0.5636363636363637,0.48649183542828267,0.3125,0.5
11492,6,0.2,0.3333333333333333,0.33916020527361607,0.16666666666666666,0.2,0.3333333333333333,0.2222222222222222,0.30260241349881345,0.3333333333333333,0.2
8674,19,0.0,0.0,0.0,0.0,0.0,0.0,0.0,0.0,0.0,0.0
4879,9,0.4,0.3333333333333333,0.31564845247951445,0.2222222222222222,0.4,0.2222222222222222,0.27777777777777773,0.21875138291954285,0.2222222222222222,0.2
4659,2,0.0,0.0,0.0,0.0,0.0,0.0,0.0,0.0,0.0,0.0
18273,9,0.2,0.26666666666666666,0.2139862647345275,0.1111111111111111,0.2,0.1111111111111111,0.16666666666666666,0.14829723057014907,0.1111111111111111,0.1
219,3,0.0,0.0,0.0,0.0,0.0,0.0,0.0,0.0,0.0,0.0
2333,9,0.2,0.06666666666666665,0.13120507751234176,0.1111111111111111,0.2,0.3333333333333333,0.25925925925925924,0.24880155990324682,0.3333333333333333,0.3
227,13,0.2,0.06666666666666665,0.13120507751234176,0.07692307692307693,0.2,0.2,0.2,0.1635413866202963,0.15384615384615385,0.2
5005,2,0.0,0.0,0.0,0.0,0.0,0.0,0.0,0.0,0.0,0.0
22185,2,0.0,0.0,0.0,0.0,0.0,0.0,0.0,0.0,0.0,0.0
18503,11,0.0,0.0,0.0,0.0,0.0,0.4,0.23636363636363641,0.2848142012137644,0.36363636363636365,0.4
19879,6,0.0,0.0,0.0,0.0,0.0,0.16666666666666666,0.0,0.0,0.16666666666666666,0.1
17948,2,0.0,0.0,0.0,0.0,0.0,0.0,0.0,0.0,0.0,0.0
15551,2,0.5,0.0,0.0,0.5,0.2,0.5,0.0,0.0,0.5,0.1
21635,15,0.2,0.13333333333333333,0.14606834984270645,0.06666666666666667,0.2,0.1,0.12727272727272726,0.09478836436955078,0.06666666666666667,0.1
13129,15,0.4,0.3333333333333333,0.34519134224686926,0.13333333333333333,0.4,0.2,0.2727272727272727,0.22400556151517548,0.13333333333333333,0.2
14841,21,0.6,0.5333333333333333,0.6164336326286642,0.14285714285714285,0.6,0.5,0.5272727272727272,0.5420423054868788,0.23809523809523808,0.5
18176,10,0.4,0.4000000000000001,0.3600546145772339,0.2,0.4,0.3,0.30909090909090914,0.2972715964420569,0.3,0.3
11411,2,0.0,0.0,0.0,0.0,0.0,0.5,0.0,0.0,0.5,0.1111111111111111
10846,16,0.0,0.0,0.0,0.0,0.0,0.0,0.0,0.0,0.0,0.0
3035,2,0.5,0.0,0.0,0.5,0.2,0.5,0.0,0.0,0.5,0.1
21926,1,0.0,0.0,0.0,0.0,0.0,0.0,0.0,0.0,0.0,0.0
3748,18,0.6,0.7999999999999999,0.7227265726449518,0.16666666666666666,0.6,0.5,0.6000000000000001,0.6110191504983018,0.2777777777777778,0.5
15938,7,0.0,0.0,0.0,0.0,0.0,0.14285714285714285,0.0,0.0,0.14285714285714285,0.1
4892,23,0.4,0.4666666666666666,0.38356636737133554,0.08695652173913043,0.4,0.4,0.36363636363636365,0.37878333867593533,0.17391304347826086,0.4
2816,7,0.0,0.0,0.0,0.0,0.0,0.0,0.0,0.0,0.0,0.0
4138,3,0.0,0.0,0.0,0.0,0.0,0.0,0.0,0.0,0.0,0.0
2699,4,0.0,0.0,0.0,0.0,0.0,0.0,0.0,0.0,0.0,0.0
5212,31,0.4,0.39999999999999997,0.4703652827859578,0.06451612903225806,0.4,0.3,0.30909090909090914,0.3688556721386528,0.0967741935483871,0.3
12378,5,0.0,0.0,0.0,0.0,0.0,0.0,0.0,0.0,0.0,0.0
17430,22,0.2,0.3333333333333333,0.33916020527361607,0.045454545454545456,0.2,0.2,0.2727272727272727,0.2984900352767555,0.09090909090909091,0.2
9121,2,0.0,0.0,0.0,0.0,0.0,0.0,0.0,0.0,0.0,0.0
7736,6,0.0,0.0,0.0,0.0,0.0,0.0,0.0,0.0,0.0,0.0
4799,2,0.0,0.0,0.0,0.0,0.0,0.0,0.0,0.0,0.0,0.0
7425,1,1.0,0.0,0.0,1.0,0.2,1.0,0.0,0.0,1.0,0.1
5266,4,0.75,0.5,0.5585075862632192,0.75,0.6,1.0,0.49999999999999994,0.5585075862632192,1.0,0.4
14615,8,0.4,0.5333333333333333,0.5087403079104241,0.25,0.4,0.25,0.34615384615384615,0.37941405415148566,0.25,0.2
13670,17,0.6,0.6666666666666666,0.6843515475204854,0.17647058823529413,0.6,0.4,0.5272727272727272,0.5174612499126158,0.23529411764705882,0.4
15579,1,0.0,0.0,0.0,0.0,0.0,1.0,0.0,0.0,1.0,0.14285714285714285
973,15,0.0,0.0,0.0,0.0,0.0,0.1,0.05454545454545456,0.06943122193677725,0.06666666666666667,0.1
8897,8,0.6,0.6666666666666666,0.6548086577531306,0.375,0.6,0.75,0.5384615384615384,0.5681450853316897,0.75,0.6
11473,4,0.0,0.0,0.0,0.0,0.0,0.0,0.0,0.0,0.0,0.0
13016,4,0.0,0.0,0.0,0.0,0.0,0.0,0.0,0.0,0.0,0.0
5254,1,1.0,0.0,0.0,1.0,0.2,1.0,0.0,0.0,1.0,0.1
17227,11,0.0,0.0,0.0,0.0,0.0,0.1,0.07272727272727274,0.07336392209936006,0.09090909090909091,0.1
22478,1,1.0,0.0,0.0,1.0,0.25,1.0,0.0,0.0,1.0,0.25
11505,9,0.0,0.0,0.0,0.0,0.0,0.1111111111111111,0.05555555555555556,0.07414861528507453,0.1111111111111111,0.1
18452,4,0.25,0.14285714285714288,0.16812753627111746,0.25,0.2,0.5,0.20588235294117643,0.16812753627111746,0.5,0.2
8019,1,0.0,0.0,0.0,0.0,0.0,0.0,0.0,0.0,0.0,0.0
8821,6,0.0,0.0,0.0,0.0,0.0,0.0,0.0,0.0,0.0,0.0
19939,33,0.2,0.19999999999999998,0.16958010263680803,0.030303030303030304,0.2,0.1,0.14545454545454548,0.11004588314904007,0.030303030303030304,0.1
14280,11,0.4,0.4666666666666666,0.48522855511632257,0.18181818181818182,0.4,0.2,0.3090909090909091,0.31488013066763093,0.18181818181818182,0.2
4572,22,0.0,0.0,0.0,0.0,0.0,0.2,0.14545454545454548,0.14782949091545258,0.09090909090909091,0.2
8953,2,0.0,0.0,0.0,0.0,0.0,0.0,0.0,0.0,0.0,0.0
7172,1,0.0,0.0,0.0,0.0,0.0,0.0,0.0,0.0,0.0,0.0
10962,3,0.0,0.0,0.0,0.0,0.0,0.3333333333333333,0.0,0.0,0.3333333333333333,0.1
3758,6,0.0,0.0,0.0,0.0,0.0,0.0,0.0,0.0,0.0,0.0
654,5,0.4,0.26666666666666666,0.3007851801491498,0.4,0.4,0.4,0.35,0.3007851801491498,0.4,0.2
18324,7,0.2,0.13333333333333333,0.14606834984270645,0.14285714285714285,0.2,0.42857142857142855,0.14285714285714285,0.11838279295536291,0.42857142857142855,0.3
12218,9,0.2,0.26666666666666666,0.2139862647345275,0.1111111111111111,0.2,0.2222222222222222,0.20370370370370372,0.21905299129122965,0.2222222222222222,0.2
201,5,0.2,0.06666666666666665,0.13120507751234176,0.2,0.2,0.6,0.15,0.13120507751234176,0.6,0.3
19013,10,0.2,0.06666666666666665,0.13120507751234176,0.1,0.2,0.2,0.2,0.1635413866202963,0.2,0.2
15174,3,0.3333333333333333,0.25,0.23463936301137822,0.3333333333333333,0.2,0.3333333333333333,0.2962962962962963,0.23463936301137822,0.3333333333333333,0.1
6251,3,0.3333333333333333,0.0,0.0,0.3333333333333333,0.2,0.3333333333333333,0.0,0.0,0.3333333333333333,0.1
10271,15,0.4,0.3333333333333333,0.34519134224686926,0.13333333333333333,0.4,0.5,0.49090909090909096,0.4451989745299881,0.3333333333333333,0.5
7843,9,0.2,0.3333333333333333,0.33916020527361607,0.1111111111111111,0.2,0.1111111111111111,0.18518518518518517,0.23504554941448538,0.1111111111111111,0.1
10170,19,0.8,0.8666666666666666,0.8539316501572936,0.21052631578947367,0.8,0.6,0.7454545454545456,0.7019727018777483,0.3157894736842105,0.6
12478,5,0.0,0.0,0.0,0.0,0.0,0.0,0.0,0.0,0.0,0.0
1694,14,0.0,0.0,0.0,0.0,0.0,0.0,0.0,0.0,0.0,0.0
7659,4,0.0,0.0,0.0,0.0,0.0,0.0,0.0,0.0,0.0,0.0
12318,19,0.4,0.6,0.5531464700081437,0.10526315789473684,0.4,0.4,0.45454545454545453,0.49857235572538383,0.21052631578947367,0.4
18194,16,0.4,0.39999999999999997,0.4703652827859578,0.125,0.4,0.2,0.29090909090909095,0.3052348839397011,0.125,0.2
2431,7,0.2,0.3333333333333333,0.33916020527361607,0.14285714285714285,0.2,0.14285714285714285,0.2040816326530612,0.27487633291429087,0.14285714285714285,0.1
6181,1,0.0,0.0,0.0,0.0,0.0,0.0,0.0,0.0,0.0,0.0
13312,10,0.0,0.0,0.0,0.0,0.0,0.0,0.0,0.0,0.0,0.0
20527,18,0.4,0.3333333333333333,0.31564845247951445,0.1111111111111111,0.4,0.3,0.32727272727272727,0.27426546945536806,0.16666666666666666,0.3
10637,2,0.0,0.0,0.0,0.0,0.0,0.0,0.0,0.0,0.0,0.0
17678,10,0.2,0.06666666666666665,0.13120507751234176,0.1,0.2,0.2,0.2,0.1635413866202963,0.2,0.2
16981,1,0.0,0.0,0.0,0.0,0.0,0.0,0.0,0.0,0.0,0.0
1179,12,0.2,0.06666666666666665,0.13120507751234176,0.08333333333333333,0.2,0.2,0.18181818181818182,0.15850703974098102,0.16666666666666666,0.2
4478,4,0.25,0.2142857142857143,0.19519002499605081,0.25,0.2,0.25,0.23529411764705882,0.19519002499605081,0.25,0.1
19665,1,0.0,0.0,0.0,0.0,0.0,0.0,0.0,0.0,0.0,0.0
19160,6,0.4,0.6,0.5531464700081437,0.3333333333333333,0.4,0.5,0.4222222222222222,0.4935232796777481,0.5,0.3
18679,4,0.5,0.42857142857142866,0.41442992501184733,0.5,0.4,0.5,0.47058823529411764,0.41442992501184733,0.5,0.3333333333333333
18083,7,0.2,0.3333333333333333,0.33916020527361607,0.14285714285714285,0.2,0.14285714285714285,0.2040816326530612,0.27487633291429087,0.14285714285714285,0.1
8852,23,0.2,0.3333333333333333,0.33916020527361607,0.043478260869565216,0.2,0.2,0.2727272727272727,0.2984900352767555,0.08695652173913043,0.2
9070,4,0.0,0.0,0.0,0.0,0.0,0.0,0.0,0.0,0.0,0.0
15157,1,0.0,0.0,0.0,0.0,0.0,0.0,0.0,0.0,0.0,0.0
3952,8,0.0,0.0,0.0,0.0,0.0,0.125,0.0,0.0,0.125,0.1
19487,9,0.0,0.0,0.0,0.0,0.0,0.0,0.0,0.0,0.0,0.0
11881,2,0.0,0.0,0.0,0.0,0.0,0.0,0.0,0.0,0.0,0.0
21524,5,0.0,0.0,0.0,0.0,0.0,0.2,0.0,0.0,0.2,0.1
8060,6,0.0,0.0,0.0,0.0,0.0,0.16666666666666666,0.0,0.0,0.16666666666666666,0.1
2561,16,0.4,0.4666666666666666,0.48522855511632257,0.125,0.4,0.2,0.3090909090909091,0.31488013066763093,0.125,0.2
5124,1,0.0,0.0,0.0,0.0,0.0,0.0,0.0,0.0,0.0,0.0
1904,5,0.0,0.0,0.0,0.0,0.0,0.0,0.0,0.0,0.0,0.0
15546,2,0.0,0.0,0.0,0.0,0.0,0.0,0.0,0.0,0.0,0.0
9842,23,0.2,0.3333333333333333,0.33916020527361607,0.043478260869565216,0.2,0.2,0.21818181818181817,0.28634598975246917,0.08695652173913043,0.2
2130,4,0.0,0.0,0.0,0.0,0.0,0.0,0.0,0.0,0.0,0.0
2714,23,0.4,0.19999999999999998,0.2772734273550482,0.08695652173913043,0.4,0.3,0.309090909090909,0.2532954041105318,0.13043478260869565,0.3
14481,1,1.0,0.0,0.0,1.0,0.2,1.0,0.0,0.0,1.0,0.2
4546,1,1.0,0.0,0.0,1.0,0.2,1.0,0.0,0.0,1.0,0.1
11725,1,0.0,0.0,0.0,0.0,0.0,0.0,0.0,0.0,0.0,0.0
6664,14,0.6,0.39999999999999997,0.4468535299918562,0.21428571428571427,0.6,0.5,0.47272727272727283,0.4256628105513781,0.35714285714285715,0.5
7259,23,0.8,0.7333333333333334,0.7860137352654724,0.17391304347826086,0.8,0.4,0.5636363636363636,0.510069131458292,0.17391304347826086,0.4
6007,18,0.4,0.4666666666666666,0.38356636737133554,0.1111111111111111,0.4,0.3,0.36363636363636365,0.31833954895937183,0.16666666666666666,0.3
8657,6,0.0,0.0,0.0,0.0,0.0,0.0,0.0,0.0,0.0,0.0
16938,3,0.0,0.0,0.0,0.0,0.0,0.0,0.0,0.0,0.0,0.0
18326,6,0.2,0.19999999999999998,0.16958010263680803,0.16666666666666666,0.2,0.5,0.2888888888888889,0.25909036127391766,0.5,0.3
11551,9,0.0,0.0,0.0,0.0,0.0,0.0,0.0,0.0,0.0,0.0
8870,4,0.5,0.35714285714285715,0.39038004999210163,0.5,0.4,0.75,0.2941176470588235,0.39038004999210163,0.75,0.3
18332,2,0.5,0.5555555555555556,0.6131471927654584,0.5,0.2,0.5,0.5263157894736842,0.6131471927654584,0.5,0.1
20283,2,0.0,0.0,0.0,0.0,0.0,0.0,0.0,0.0,0.0,0.0
18459,3,0.0,0.0,0.0,0.0,0.0,0.0,0.0,0.0,0.0,0.0
1227,24,0.8,0.6666666666666666,0.6608397947263838,0.16666666666666666,0.8,0.8,0.7636363636363637,0.7104770117651426,0.3333333333333333,0.8
19362,10,0.4,0.4666666666666666,0.48522855511632257,0.2,0.4,0.3,0.34545454545454546,0.38113435412202,0.3,0.3
10903,7,0.4,0.5333333333333333,0.5087403079104241,0.2857142857142857,0.4,0.2857142857142857,0.36734693877551017,0.4123144993714362,0.2857142857142857,0.2
8074,1,0.0,0.0,0.0,0.0,0.0,0.0,0.0,0.0,0.0,0.0
5911,15,0.6,0.5333333333333333,0.6164336326286642,0.2,0.6,0.4,0.509090909090909,0.4784215172879272,0.26666666666666666,0.4
18729,1,0.0,0.0,0.0,0.0,0.0,0.0,0.0,0.0,0.0,0.0
7430,2,0.5,0.5555555555555556,0.6131471927654584,0.5,0.2,0.5,0.5263157894736842,0.6131471927654584,0.5,0.1
10479,2,0.0,0.0,0.0,0.0,0.0,0.0,0.0,0.0,0.0,0.0
11420,24,0.4,0.6,0.5531464700081437,0.08333333333333333,0.4,0.4,0.49090909090909096,0.5067837010870873,0.16666666666666666,0.4
20514,3,0.3333333333333333,0.0,0.0,0.3333333333333333,0.2,0.3333333333333333,0.0,0.0,0.3333333333333333,0.1
15502,2,0.0,0.0,0.0,0.0,0.0,0.0,0.0,0.0,0.0,0.0
10440,3,0.0,0.0,0.0,0.0,0.0,0.0,0.0,0.0,0.0,0.0
17812,2,0.0,0.0,0.0,0.0,0.0,0.0,0.0,0.0,0.0,0.0
18884,7,0.2,0.26666666666666666,0.2139862647345275,0.14285714285714285,0.2,0.14285714285714285,0.18367346938775508,0.17342765698823942,0.14285714285714285,0.1
21855,1,0.0,0.0,0.0,0.0,0.0,0.0,0.0,0.0,0.0,0.0
4936,9,0.2,0.06666666666666665,0.13120507751234176,0.1111111111111111,0.2,0.1111111111111111,0.1111111111111111,0.09092803061897882,0.1111111111111111,0.1
3369,10,0.0,0.0,0.0,0.0,0.0,0.1,0.09090909090909091,0.07839826897867533,0.1,0.1
1499,14,0.4,0.39999999999999997,0.4703652827859578,0.14285714285714285,0.4,0.2,0.29090909090909095,0.3052348839397011,0.14285714285714285,0.2
2948,22,0.4,0.3333333333333333,0.31564845247951445,0.09090909090909091,0.4,0.3,0.36363636363636365,0.28323251649726616,0.13636363636363635,0.3
21558,6,0.0,0.0,0.0,0.0,0.0,0.0,0.0,0.0,0.0,0.0
15402,1,0.0,0.0,0.0,0.0,0.0,0.0,0.0,0.0,0.0,0.0
14954,3,0.0,0.0,0.0,0.0,0.0,0.0,0.0,0.0,0.0,0.0
18576,6,0.0,0.0,0.0,0.0,0.0,0.16666666666666666,0.0,0.0,0.16666666666666666,0.1
4722,6,0.0,0.0,0.0,0.0,0.0,0.0,0.0,0.0,0.0,0.0
6048,1,0.0,0.0,0.0,0.0,0.0,0.0,0.0,0.0,0.0,0.0
9759,1,0.0,0.0,0.0,0.0,0.0,0.0,0.0,0.0,0.0,0.0
18891,2,0.0,0.0,0.0,0.0,0.0,0.0,0.0,0.0,0.0,0.0
21838,1,1.0,0.0,0.0,1.0,0.25,1.0,0.0,0.0,1.0,0.25
1248,1,0.0,0.0,0.0,0.0,0.0,0.0,0.0,0.0,0.0,0.0
14924,8,0.0,0.0,0.0,0.0,0.0,0.0,0.0,0.0,0.0,0.0
16562,6,0.0,0.0,0.0,0.0,0.0,0.16666666666666666,0.0,0.0,0.16666666666666666,0.1
12089,26,0.2,0.3333333333333333,0.33916020527361607,0.038461538461538464,0.2,0.2,0.21818181818181817,0.28634598975246917,0.07692307692307693,0.2
22083,2,0.0,0.0,0.0,0.0,0.0,0.0,0.0,0.0,0.0,0.0
16798,11,0.4,0.6,0.5531464700081437,0.18181818181818182,0.4,0.2,0.34545454545454546,0.3589542101716347,0.18181818181818182,0.2
3546,23,0.0,0.0,0.0,0.0,0.0,0.1,0.07272727272727274,0.07336392209936006,0.043478260869565216,0.1
1280,5,0.0,0.0,0.0,0.0,0.0,0.4,0.0,0.0,0.4,0.2
4660,8,0.2,0.3333333333333333,0.33916020527361607,0.125,0.2,0.375,0.34615384615384615,0.422837249982473,0.375,0.3
13706,3,0.0,0.0,0.0,0.0,0.0,0.0,0.0,0.0,0.0,0.0
10198,7,0.4,0.4666666666666666,0.38356636737133554,0.2857142857142857,0.4,0.2857142857142857,0.3469387755102041,0.3108658234453848,0.2857142857142857,0.2
9650,8,0.0,0.0,0.0,0.0,0.0,0.125,0.0,0.0,0.125,0.1
16869,18,0.0,0.0,0.0,0.0,0.0,0.1,0.036363636363636355,0.06625422345438903,0.05555555555555555,0.1
4730,4,0.25,0.28571428571428575,0.2463023887407299,0.25,0.2,0.5,0.2647058823529412,0.2463023887407299,0.5,0.2
17741,1,0.0,0.0,0.0,0.0,0.0,0.0,0.0,0.0,0.0,0.0
7510,23,0.6,0.5333333333333333,0.6164336326286642,0.13043478260869565,0.6,0.4,0.47272727272727266,0.4694544702460291,0.17391304347826086,0.4
15636,5,0.0,0.0,0.0,0.0,0.0,0.2,0.0,0.0,0.2,0.1
3533,5,0.2,0.26666666666666666,0.2139862647345275,0.2,0.2,0.2,0.225,0.2139862647345275,0.2,0.1
9213,2,0.0,0.0,0.0,0.0,0.0,0.0,0.0,0.0,0.0,0.0
22328,6,0.2,0.13333333333333333,0.14606834984270645,0.16666666666666666,0.2,0.3333333333333333,0.26666666666666666,0.23811292043488155,0.3333333333333333,0.2
10449,8,0.4,0.3333333333333333,0.31564845247951445,0.25,0.4,0.25,0.28846153846153844,0.23540784400158446,0.25,0.2
1320,2,0.0,0.0,0.0,0.0,0.0,0.0,0.0,0.0,0.0,0.0
4276,2,0.0,0.0,0.0,0.0,0.0,0.0,0.0,0.0,0.0,0.0
21269,8,0.2,0.3333333333333333,0.33916020527361607,0.125,0.2,0.125,0.1923076923076923,0.2529427027676571,0.125,0.125
1607,3,0.0,0.0,0.0,0.0,0.0,0.0,0.0,0.0,0.0,0.0
19316,26,0.8,0.9333333333333332,0.8687949224876582,0.15384615384615385,0.8,0.4,0.6181818181818183,0.5637884576902256,0.15384615384615385,0.4
378,5,0.2,0.19999999999999998,0.16958010263680803,0.2,0.2,0.4,0.2,0.16958010263680803,0.4,0.2
7628,2,0.5,0.0,0.0,0.5,0.2,1.0,0.0,0.0,1.0,0.2
20325,13,0.2,0.19999999999999998,0.16958010263680803,0.07692307692307693,0.2,0.2,0.21818181818181823,0.18340980524840012,0.15384615384615385,0.2
6622,11,0.0,0.0,0.0,0.0,0.0,0.0,0.0,0.0,0.0,0.0
16010,2,0.0,0.0,0.0,0.0,0.0,0.0,0.0,0.0,0.0,0.0
130,6,0.0,0.0,0.0,0.0,0.0,0.0,0.0,0.0,0.0,0.0
14533,2,0.5,0.0,0.0,0.5,0.2,1.0,0.0,0.0,1.0,0.2
11830,10,0.0,0.0,0.0,0.0,0.0,0.4,0.2545454545454546,0.28744763646920163,0.4,0.4
250,13,0.4,0.6,0.5531464700081437,0.15384615384615385,0.4,0.2,0.34545454545454546,0.3589542101716347,0.15384615384615385,0.2
17015,20,0.0,0.0,0.0,0.0,0.0,0.0,0.0,0.0,0.0,0.0
4002,13,0.2,0.3333333333333333,0.33916020527361607,0.07692307692307693,0.2,0.2,0.23636363636363636,0.2895229882348574,0.15384615384615385,0.2
19005,2,0.0,0.0,0.0,0.0,0.0,0.5,0.0,0.0,0.5,0.1111111111111111
8928,7,0.0,0.0,0.0,0.0,0.0,0.0,0.0,0.0,0.0,0.0
97,1,0.0,0.0,0.0,0.0,0.0,0.0,0.0,0.0,0.0,0.0
17103,1,0.0,0.0,0.0,0.0,0.0,0.0,0.0,0.0,0.0,0.0
20939,1,0.0,0.0,0.0,0.0,0.0,0.0,0.0,0.0,0.0,0.0
13430,2,0.5,0.4444444444444445,0.3868528072345415,0.5,0.2,1.0,0.4736842105263158,0.3868528072345415,1.0,0.2
3391,1,0.0,0.0,0.0,0.0,0.0,0.0,0.0,0.0,0.0,0.0
11096,4,0.0,0.0,0.0,0.0,0.0,0.25,0.0,0.0,0.25,0.1
1122,18,0.6,0.7333333333333334,0.6992148198508501,0.16666666666666666,0.6,0.4,0.5636363636363636,0.5321408435198608,0.2222222222222222,0.4
1216,5,0.0,0.0,0.0,0.0,0.0,0.0,0.0,0.0,0.0,0.0
17538,28,1.0,1.0,1.0,0.17857142857142858,1.0,0.7,0.890909090909091,0.800693766409882,0.25,0.7
20221,12,0.4,0.3333333333333333,0.31564845247951445,0.16666666666666666,0.4,0.4,0.4,0.3494867399516552,0.3333333333333333,0.4
14171,3,0.0,0.0,0.0,0.0,0.0,0.0,0.0,0.0,0.0,0.0
7077,3,0.0,0.0,0.0,0.0,0.0,0.0,0.0,0.0,0.0,0.0
21684,1,0.0,0.0,0.0,0.0,0.0,0.0,0.0,0.0,0.0,0.0
1335,2,0.0,0.0,0.0,0.0,0.0,0.0,0.0,0.0,0.0,0.0
21780,5,0.4,0.4666666666666666,0.48522855511632257,0.4,0.4,0.6,0.425,0.48522855511632257,0.6,0.3
6224,1,0.0,0.0,0.0,0.0,0.0,0.0,0.0,0.0,0.0,0.0
15569,12,0.0,0.0,0.0,0.0,0.0,0.1,0.036363636363636355,0.06625422345438903,0.08333333333333333,0.1
18547,15,0.6,0.7999999999999999,0.7227265726449518,0.2,0.6,0.5,0.6545454545454545,0.6207622843987102,0.3333333333333333,0.5
15840,32,0.0,0.0,0.0,0.0,0.0,0.1,0.09090909090909091,0.07839826897867533,0.03125,0.1
13339,8,0.0,0.0,0.0,0.0,0.0,0.0,0.0,0.0,0.0,0.0
18356,1,0.0,0.0,0.0,0.0,0.0,0.0,0.0,0.0,0.0,0.0
17077,6,0.2,0.13333333333333333,0.14606834984270645,0.16666666666666666,0.2,0.16666666666666666,0.15555555555555556,0.13032376591037065,0.16666666666666666,0.1
17131,2,0.0,0.0,0.0,0.0,0.0,0.0,0.0,0.0,0.0,0.0
14994,21,0.4,0.3333333333333333,0.31564845247951445,0.09523809523809523,0.4,0.4,0.36363636363636365,0.34051969290975714,0.19047619047619047,0.4
5429,2,0.0,0.0,0.0,0.0,0.0,0.0,0.0,0.0,0.0,0.0
2305,5,0.2,0.06666666666666665,0.13120507751234176,0.2,0.2,0.2,0.15,0.13120507751234176,0.2,0.2
20962,9,0.2,0.19999999999999998,0.16958010263680803,0.1111111111111111,0.2,0.3333333333333333,0.2962962962962963,0.27539630399151066,0.3333333333333333,0.3
12481,2,0.0,0.0,0.0,0.0,0.0,0.0,0.0,0.0,0.0,0.0
17817,12,0.4,0.5333333333333333,0.5087403079104241,0.16666666666666666,0.4,0.4,0.38181818181818183,0.4600126611004609,0.3333333333333333,0.4
10152,12,0.4,0.4666666666666666,0.48522855511632257,0.16666666666666666,0.4,0.3,0.36363636363636365,0.3843113526044082,0.25,0.3
4169,8,0.6,0.5333333333333333,0.6164336326286642,0.375,0.6,0.375,0.44230769230769224,0.45973079002057343,0.375,0.3
15043,16,0.4,0.4666666666666666,0.48522855511632257,0.125,0.4,0.3,0.4,0.3932783996463063,0.1875,0.3
16622,1,0.0,0.0,0.0,0.0,0.0,0.0,0.0,0.0,0.0,0.0
6553,3,0.3333333333333333,0.4166666666666667,0.46927872602275644,0.3333333333333333,0.2,0.3333333333333333,0.37037037037037035,0.46927872602275644,0.3333333333333333,0.1
12259,2,0.5,0.4444444444444445,0.3868528072345415,0.5,0.2,0.5,0.4736842105263158,0.3868528072345415,0.5,0.1
16518,2,0.0,0.0,0.0,0.0,0.0,0.0,0.0,0.0,0.0,0.0
12544,6,0.2,0.19999999999999998,0.16958010263680803,0.16666666666666666,0.2,0.3333333333333333,0.17777777777777778,0.15130120674940672,0.3333333333333333,0.2
18450,14,0.4,0.26666666666666666,0.3007851801491498,0.14285714285714285,0.4,0.3,0.3090909090909091,0.2646202227274383,0.21428571428571427,0.3
5492,6,0.0,0.0,0.0,0.0,0.0,0.0,0.0,0.0,0.0,0.0
19423,1,0.0,0.0,0.0,0.0,0.0,0.0,0.0,0.0,0.0,0.0
2666,2,0.0,0.0,0.0,0.0,0.0,0.0,0.0,0.0,0.0,0.0
3447,1,0.0,0.0,0.0,0.0,0.0,0.0,0.0,0.0,0.0,0.0
4725,2,0.5,0.5555555555555556,0.6131471927654584,0.5,0.2,0.5,0.5263157894736842,0.6131471927654584,0.5,0.1
12785,17,0.4,0.3333333333333333,0.31564845247951445,0.11764705882352941,0.4,0.2,0.2727272727272727,0.20483424751859083,0.11764705882352941,0.2
8922,4,0.0,0.0,0.0,0.0,0.0,0.0,0.0,0.0,0.0,0.0
6162,21,0.4,0.5333333333333333,0.5087403079104241,0.09523809523809523,0.4,0.4,0.38181818181818183,0.4600126611004609,0.19047619047619047,0.4
5549,27,0.2,0.26666666666666666,0.2139862647345275,0.037037037037037035,0.2,0.2,0.23636363636363636,0.21222636597291453,0.07407407407407407,0.2
4680,3,0.0,0.0,0.0,0.0,0.0,0.0,0.0,0.0,0.0,0.0
14597,7,0.0,0.0,0.0,0.0,0.0,0.14285714285714285,0.0,0.0,0.14285714285714285,0.1
18197,15,0.8,0.9333333333333332,0.8687949224876582,0.26666666666666666,0.8,0.8,0.8363636363636364,0.8454256604216017,0.5333333333333333,0.8
2075,10,0.4,0.4000000000000001,0.3600546145772339,0.2,0.4,0.2,0.29090909090909095,0.23365080824310527,0.2,0.2
20764,2,0.0,0.0,0.0,0.0,0.0,0.0,0.0,0.0,0.0,0.0
12275,5,0.2,0.06666666666666665,0.13120507751234176,0.2,0.2,0.2,0.15,0.13120507751234176,0.2,0.1
16114,13,0.4,0.4666666666666666,0.38356636737133554,0.15384615384615385,0.4,0.2,0.30909090909090914,0.24890832702259458,0.15384615384615385,0.2
8773,6,0.2,0.19999999999999998,0.16958010263680803,0.16666666666666666,0.2,0.16666666666666666,0.17777777777777778,0.15130120674940672,0.16666666666666666,0.1
6920,19,0.2,0.19999999999999998,0.16958010263680803,0.05263157894736842,0.2,0.2,0.18181818181818182,0.1763001066034291,0.10526315789473684,0.2
13283,4,0.0,0.0,0.0,0.0,0.0,0.25,0.0,0.0,0.25,0.1
1659,2,0.0,0.0,0.0,0.0,0.0,0.0,0.0,0.0,0.0,0.0
20103,1,0.0,0.0,0.0,0.0,0.0,1.0,0.0,0.0,1.0,0.1
10807,4,0.0,0.0,0.0,0.0,0.0,0.0,0.0,0.0,0.0,0.0
4399,6,0.0,0.0,0.0,0.0,0.0,0.0,0.0,0.0,0.0,0.0
2707,11,0.2,0.19999999999999998,0.16958010263680803,0.09090909090909091,0.2,0.3333333333333333,0.30909090909090914,0.2795962051779313,0.2727272727272727,0.3333333333333333
15727,29,0.4,0.4000000000000001,0.3600546145772339,0.06896551724137931,0.4,0.5,0.509090909090909,0.45484422125791785,0.1724137931034483,0.5
21508,4,0.25,0.2142857142857143,0.19519002499605081,0.25,0.2,0.5,0.23529411764705882,0.19519002499605081,0.5,0.2
1553,1,0.0,0.0,0.0,0.0,0.0,0.0,0.0,0.0,0.0,0.0
8887,11,0.2,0.3333333333333333,0.33916020527361607,0.09090909090909091,0.2,0.1,0.18181818181818182,0.22009176629808014,0.09090909090909091,0.1
14739,8,0.0,0.0,0.0,0.0,0.0,0.25,0.0,0.0,0.25,0.2
14842,25,0.4,0.6,0.5531464700081437,0.08,0.4,0.2,0.34545454545454546,0.3589542101716347,0.08,0.2
20229,6,0.0,0.0,0.0,0.0,0.0,0.0,0.0,0.0,0.0,0.0
18610,8,0.0,0.0,0.0,0.0,0.0,0.0,0.0,0.0,0.0,0.0
2671,1,0.0,0.0,0.0,0.0,0.0,1.0,0.0,0.0,1.0,0.1
14712,3,0.6666666666666666,0.33333333333333337,0.29608191096586517,0.6666666666666666,0.4,0.6666666666666666,0.3333333333333333,0.29608191096586517,0.6666666666666666,0.2
8941,1,0.0,0.0,0.0,0.0,0.0,0.0,0.0,0.0,0.0,0.0
16702,15,0.2,0.3333333333333333,0.33916020527361607,0.06666666666666667,0.2,0.1,0.18181818181818182,0.22009176629808014,0.06666666666666667,0.1
1959,11,0.2,0.26666666666666666,0.2139862647345275,0.09090909090909091,0.2,0.1,0.16363636363636364,0.1388624438735545,0.09090909090909091,0.1
1796,2,0.0,0.0,0.0,0.0,0.0,0.5,0.0,0.0,0.5,0.14285714285714285
1441,9,0.6,0.39999999999999997,0.4468535299918562,0.3333333333333333,0.6,0.3333333333333333,0.3888888888888889,0.3096794135385217,0.3333333333333333,0.3
12798,6,0.2,0.3333333333333333,0.33916020527361607,0.16666666666666666,0.2,0.16666666666666666,0.2222222222222222,0.30260241349881345,0.16666666666666666,0.1
3894,11,0.0,0.0,0.0,0.0,0.0,0.0,0.0,0.0,0.0,0.0
4925,3,0.0,0.0,0.0,0.0,0.0,0.0,0.0,0.0,0.0,0.0
22451,1,0.0,0.0,0.0,0.0,0.0,0.0,0.0,0.0,0.0,0.0
9018,3,0.0,0.0,0.0,0.0,0.0,0.0,0.0,0.0,0.0,0.0
19339,21,0.6,0.7999999999999999,0.7227265726449518,0.14285714285714285,0.6,0.7,0.7272727272727273,0.7538142945344392,0.3333333333333333,0.7
12155,1,0.0,0.0,0.0,0.0,0.0,0.0,0.0,0.0,0.0,0.0
663,5,0.2,0.3333333333333333,0.33916020527361607,0.2,0.2,0.6,0.25,0.33916020527361607,0.6,0.3
8193,4,0.0,0.0,0.0,0.0,0.0,0.0,0.0,0.0,0.0,0.0
13131,17,0.0,0.0,0.0,0.0,0.0,0.0,0.0,0.0,0.0,0.0
16351,6,0.2,0.26666666666666666,0.2139862647345275,0.16666666666666666,0.2,0.16666666666666666,0.2,0.1909208661789346,0.16666666666666666,0.1
19163,11,0.2,0.3333333333333333,0.33916020527361607,0.09090909090909091,0.2,0.2,0.2545454545454545,0.29345568839744024,0.18181818181818182,0.2
14777,13,0.0,0.0,0.0,0.0,0.0,0.0,0.0,0.0,0.0,0.0
19793,1,1.0,0.0,0.0,1.0,0.2,1.0,0.0,0.0,1.0,0.14285714285714285
17398,5,0.2,0.26666666666666666,0.2139862647345275,0.2,0.2,0.2,0.225,0.2139862647345275,0.2,0.1
21318,14,0.2,0.19999999999999998,0.16958010263680803,0.07142857142857142,0.2,0.2,0.23636363636363636,0.1884441521277154,0.14285714285714285,0.2
16373,2,0.0,0.0,0.0,0.0,0.0,0.0,0.0,0.0,0.0,0.0
14339,5,0.0,0.0,0.0,0.0,0.0,0.0,0.0,0.0,0.0,0.0
8413,19,0.4,0.4666666666666666,0.48522855511632257,0.10526315789473684,0.4,0.3,0.4,0.3932783996463063,0.15789473684210525,0.3
21525,16,0.2,0.26666666666666666,0.2139862647345275,0.0625,0.2,0.2,0.2,0.2051166673279435,0.125,0.2
14444,25,0.0,0.0,0.0,0.0,0.0,0.1,0.036363636363636355,0.06625422345438903,0.04,0.1
20893,5,0.2,0.19999999999999998,0.16958010263680803,0.2,0.2,0.4,0.2,0.16958010263680803,0.4,0.2
19818,8,0.0,0.0,0.0,0.0,0.0,0.0,0.0,0.0,0.0,0.0
19735,1,1.0,0.0,0.0,1.0,0.2,1.0,0.0,0.0,1.0,0.1
10265,2,0.0,0.0,0.0,0.0,0.0,0.0,0.0,0.0,0.0,0.0
12556,2,0.0,0.0,0.0,0.0,0.0,0.0,0.0,0.0,0.0,0.0
18330,2,0.5,0.4444444444444445,0.3868528072345415,0.5,0.2,0.5,0.4736842105263158,0.3868528072345415,0.5,0.1111111111111111
8483,1,0.0,0.0,0.0,0.0,0.0,0.0,0.0,0.0,0.0,0.0
5142,2,0.0,0.0,0.0,0.0,0.0,0.0,0.0,0.0,0.0,0.0
11882,6,0.0,0.0,0.0,0.0,0.0,0.0,0.0,0.0,0.0,0.0
7081,38,0.4,0.4666666666666666,0.38356636737133554,0.05263157894736842,0.4,0.2,0.30909090909090914,0.24890832702259458,0.05263157894736842,0.2
16307,30,0.8,0.7333333333333334,0.7860137352654724,0.13333333333333333,0.8,0.5,0.6363636363636364,0.5834330535576521,0.16666666666666666,0.5
11856,1,0.0,0.0,0.0,0.0,0.0,0.0,0.0,0.0,0.0,0.0
3486,1,0.0,0.0,0.0,0.0,0.0,0.0,0.0,0.0,0.0,0.0
21995,12,0.2,0.13333333333333333,0.14606834984270645,0.08333333333333333,0.2,0.2,0.14545454545454545,0.15840915256850246,0.16666666666666666,0.2
5518,2,0.0,0.0,0.0,0.0,0.0,0.5,0.0,0.0,0.5,0.1
22134,17,0.2,0.26666666666666666,0.2139862647345275,0.058823529411764705,0.2,0.2,0.2545454545454545,0.21726071285222984,0.11764705882352941,0.2
16418,1,0.0,0.0,0.0,0.0,0.0,0.0,0.0,0.0,0.0,0.0
12924,6,0.2,0.3333333333333333,0.33916020527361607,0.16666666666666666,0.2,0.16666666666666666,0.2222222222222222,0.30260241349881345,0.16666666666666666,0.1
14095,3,1.0,0.75,0.7653606369886217,1.0,0.6,1.0,0.7037037037037036,0.7653606369886217,1.0,0.3
17370,10,0.0,0.0,0.0,0.0,0.0,0.2,0.1272727272727273,0.1427951440361373,0.2,0.2
16461,3,1.0,0.4166666666666667,0.46927872602275644,1.0,0.6,1.0,0.37037037037037035,0.46927872602275644,1.0,0.3
21770,8,0.0,0.0,0.0,0.0,0.0,0.0,0.0,0.0,0.0,0.0
18621,12,0.2,0.26666666666666666,0.2139862647345275,0.08333333333333333,0.2,0.2,0.18181818181818182,0.2024832320725062,0.16666666666666666,0.2
14150,4,1.0,0.35714285714285715,1.0,0.25,1.0,1.0,0.2941176470588235,1.0,0.25,1.0
21864,4,0.0,0.0,0.0,0.0,0.0,0.0,0.0,0.0,0.0,0.0
10899,4,0.0,0.0,0.0,0.0,0.0,0.0,0.0,0.0,0.0,0.0
7067,3,0.0,0.0,0.0,0.0,0.0,0.0,0.0,0.0,0.0,0.0
4952,1,0.0,0.0,0.0,0.0,0.0,1.0,0.0,0.0,1.0,0.1
15937,1,0.0,0.0,0.0,0.0,0.0,0.0,0.0,0.0,0.0,0.0
8781,30,0.2,0.3333333333333333,0.33916020527361607,0.03333333333333333,0.2,0.1,0.18181818181818182,0.22009176629808014,0.03333333333333333,0.1
8756,4,0.0,0.0,0.0,0.0,0.0,0.0,0.0,0.0,0.0,0.0
18494,14,0.0,0.0,0.0,0.0,0.0,0.0,0.0,0.0,0.0,0.0
17550,4,0.25,0.35714285714285715,0.39038004999210163,0.25,0.2,0.5,0.2941176470588235,0.39038004999210163,0.5,0.2
10009,3,0.0,0.0,0.0,0.0,0.0,0.3333333333333333,0.0,0.0,0.3333333333333333,0.1
10620,31,0.0,0.0,0.0,0.0,0.0,0.1,0.036363636363636355,0.06625422345438903,0.03225806451612903,0.1
22295,1,1.0,1.0,1.0,1.0,0.3333333333333333,1.0,1.0,1.0,1.0,0.3333333333333333
7857,8,0.0,0.0,0.0,0.0,0.0,0.0,0.0,0.0,0.0,0.0
743,3,0.0,0.0,0.0,0.0,0.0,0.0,0.0,0.0,0.0,0.0
3126,3,0.0,0.0,0.0,0.0,0.0,0.0,0.0,0.0,0.0,0.0
6584,3,0.0,0.0,0.0,0.0,0.0,0.3333333333333333,0.0,0.0,0.3333333333333333,0.1
6480,4,0.0,0.0,0.0,0.0,0.0,0.0,0.0,0.0,0.0,0.0
13553,12,0.0,0.0,0.0,0.0,0.0,0.2,0.10909090909090909,0.14201905717762703,0.16666666666666666,0.2
7085,10,0.0,0.0,0.0,0.0,0.0,0.0,0.0,0.0,0.0,0.0
5406,1,1.0,0.0,0.0,1.0,0.2,1.0,0.0,0.0,1.0,0.1
10683,1,0.0,0.0,0.0,0.0,0.0,0.0,0.0,0.0,0.0,0.0
3725,5,0.0,0.0,0.0,0.0,0.0,0.0,0.0,0.0,0.0,0.0
18480,7,0.3333333333333333,0.19999999999999998,0.23463936301137822,0.14285714285714285,0.3333333333333333,0.3333333333333333,0.16326530612244897,0.23463936301137822,0.14285714285714285,0.3333333333333333
15401,5,0.2,0.13333333333333333,0.14606834984270645,0.2,0.2,0.2,0.175,0.14606834984270645,0.2,0.1
43,22,0.4,0.19999999999999998,0.2772734273550482,0.09090909090909091,0.4,0.3,0.3272727272727272,0.25832975098984706,0.13636363636363635,0.3
13875,9,0.0,0.0,0.0,0.0,0.0,0.0,0.0,0.0,0.0,0.0
20226,5,0.0,0.0,0.0,0.0,0.0,0.0,0.0,0.0,0.0,0.0
129,5,0.0,0.0,0.0,0.0,0.0,0.0,0.0,0.0,0.0,0.0
3850,14,0.2,0.3333333333333333,0.33916020527361607,0.07142857142857142,0.2,0.4,0.3272727272727272,0.42650769853316917,0.2857142857142857,0.4
2937,14,0.2,0.26666666666666666,0.2139862647345275,0.07142857142857142,0.2,0.2,0.18181818181818182,0.2024832320725062,0.14285714285714285,0.2
12804,12,0.4,0.39999999999999997,0.4703652827859578,0.16666666666666666,0.4,0.4,0.38181818181818183,0.4409203293308674,0.3333333333333333,0.4
19143,5,0.0,0.0,0.0,0.0,0.0,0.4,0.0,0.0,0.4,0.2
15722,2,0.0,0.0,0.0,0.0,0.0,0.0,0.0,0.0,0.0,0.0
17555,1,0.0,0.0,0.0,0.0,0.0,0.0,0.0,0.0,0.0,0.0
3208,22,0.6,0.46666666666666673,0.4912596920895757,0.13636363636363635,0.6,0.4,0.49090909090909096,0.39719219486340157,0.18181818181818182,0.4
9952,16,0.6,0.6666666666666666,0.6548086577531306,0.1875,0.6,0.4,0.5454545454545454,0.5033242827953462,0.25,0.4
5140,3,0.0,0.0,0.0,0.0,0.0,1.0,0.0,0.0,1.0,0.3
5139,6,0.0,0.0,0.0,0.0,0.0,0.3333333333333333,0.1111111111111111,0.10778915452451095,0.3333333333333333,0.2
21661,5,0.4,0.5333333333333333,0.5087403079104241,0.4,0.4,0.4,0.45,0.5087403079104241,0.4,0.2857142857142857
9662,9,0.0,0.0,0.0,0.0,0.0,0.0,0.0,0.0,0.0,0.0
9411,2,0.5,0.5555555555555556,0.6131471927654584,0.5,0.2,0.5,0.5263157894736842,0.6131471927654584,0.5,0.1
11965,2,0.0,0.0,0.0,0.0,0.0,0.0,0.0,0.0,0.0,0.0
6660,2,0.0,0.0,0.0,0.0,0.0,0.0,0.0,0.0,0.0,0.0
8104,3,0.0,0.0,0.0,0.0,0.0,0.0,0.0,0.0,0.0,0.0
10574,2,0.0,0.0,0.0,0.0,0.0,0.0,0.0,0.0,0.0,0.0
20490,2,0.0,0.0,0.0,0.0,0.0,0.0,0.0,0.0,0.0,0.0
8141,7,0.2,0.3333333333333333,0.33916020527361607,0.14285714285714285,0.2,0.2857142857142857,0.2040816326530612,0.27487633291429087,0.2857142857142857,0.2
3989,1,0.0,0.0,0.0,0.0,0.0,0.0,0.0,0.0,0.0,0.0
42,7,0.0,0.0,0.0,0.0,0.0,0.0,0.0,0.0,0.0,0.0
11737,4,0.25,0.14285714285714288,0.16812753627111746,0.25,0.2,0.25,0.20588235294117643,0.16812753627111746,0.25,0.1
12834,5,0.0,0.0,0.0,0.0,0.0,0.2,0.0,0.0,0.2,0.1
3538,3,0.0,0.0,0.0,0.0,0.0,0.3333333333333333,0.0,0.0,0.3333333333333333,0.1
4931,31,0.4,0.6,0.5531464700081437,0.06451612903225806,0.4,0.3,0.36363636363636365,0.4225749983705864,0.0967741935483871,0.3
1615,14,0.2,0.3333333333333333,0.33916020527361607,0.07142857142857142,0.2,0.3,0.23636363636363633,0.3499667779514209,0.21428571428571427,0.3
14789,5,0.0,0.0,0.0,0.0,0.0,0.0,0.0,0.0,0.0,0.0
10100,6,0.2,0.06666666666666665,0.13120507751234176,0.16666666666666666,0.2,0.3333333333333333,0.24444444444444446,0.22485174766247445,0.3333333333333333,0.2
18365,7,0.2,0.13333333333333333,0.14606834984270645,0.14285714285714285,0.2,0.14285714285714285,0.14285714285714285,0.11838279295536291,0.14285714285714285,0.1
427,5,0.0,0.0,0.0,0.0,0.0,0.0,0.0,0.0,0.0,0.0
4069,22,0.0,0.0,0.0,0.0,0.0,0.0,0.0,0.0,0.0,0.0
14016,6,0.4,0.6,0.5531464700081437,0.3333333333333333,0.4,0.3333333333333333,0.4222222222222222,0.4935232796777481,0.3333333333333333,0.2
1447,4,0.25,0.35714285714285715,0.39038004999210163,0.25,0.2,0.25,0.2941176470588235,0.39038004999210163,0.25,0.1
10426,5,0.0,0.0,0.0,0.0,0.0,0.0,0.0,0.0,0.0,0.0
21789,10,0.2,0.19999999999999998,0.16958010263680803,0.1,0.2,0.3,0.2545454545454546,0.24966402870278911,0.3,0.3
385,21,0.6,0.7333333333333334,0.6992148198508501,0.14285714285714285,0.6,0.5,0.5818181818181818,0.5957616317188125,0.23809523809523808,0.5
15552,1,1.0,1.0,1.0,1.0,1.0,1.0,1.0,1.0,1.0,1.0
20079,7,0.4,0.5333333333333333,0.5087403079104241,0.2857142857142857,0.4,0.42857142857142855,0.4489795918367347,0.5039399436761999,0.42857142857142855,0.3
4166,3,0.0,0.0,0.0,0.0,0.0,0.0,0.0,0.0,0.0,0.0
3033,19,0.8,0.7333333333333334,0.7860137352654724,0.21052631578947367,0.8,0.5,0.6545454545454545,0.5884674004369673,0.2631578947368421,0.5
17940,3,0.3333333333333333,0.4166666666666667,0.46927872602275644,0.3333333333333333,0.2,0.3333333333333333,0.37037037037037035,0.46927872602275644,0.3333333333333333,0.1
1708,1,1.0,1.0,1.0,1.0,0.2,1.0,1.0,1.0,1.0,0.1
2992,3,0.3333333333333333,0.25,0.23463936301137822,0.3333333333333333,0.2,0.3333333333333333,0.2962962962962963,0.23463936301137822,0.3333333333333333,0.1
8597,5,0.0,0.0,0.0,0.0,0.0,0.4,0.0,0.0,0.4,0.2
21385,2,0.0,0.0,0.0,0.0,0.0,0.0,0.0,0.0,0.0,0.0
3757,8,0.2,0.3333333333333333,0.33916020527361607,0.125,0.2,0.125,0.1923076923076923,0.2529427027676571,0.125,0.1
16224,8,0.0,0.0,0.0,0.0,0.0,0.125,0.0,0.0,0.125,0.1
3990,3,0.0,0.0,0.0,0.0,0.0,0.3333333333333333,0.0,0.0,0.3333333333333333,0.1
19672,6,0.0,0.0,0.0,0.0,0.0,0.0,0.0,0.0,0.0,0.0
5141,14,0.0,0.0,0.0,0.0,0.0,0.2,0.10909090909090909,0.14201905717762703,0.14285714285714285,0.2
12580,22,0.4,0.6,0.5531464700081437,0.09090909090909091,0.4,0.2,0.34545454545454546,0.3589542101716347,0.09090909090909091,0.2
94,1,0.0,0.0,0.0,0.0,0.0,1.0,0.0,0.0,1.0,0.1
7823,2,0.0,0.0,0.0,0.0,0.0,0.0,0.0,0.0,0.0,0.0
19098,14,0.4,0.5333333333333333,0.5087403079104241,0.14285714285714285,0.4,0.3,0.41818181818181815,0.4085359184257955,0.21428571428571427,0.3
6456,17,0.2,0.3333333333333333,0.33916020527361607,0.058823529411764705,0.2,0.2,0.2727272727272727,0.2984900352767555,0.11764705882352941,0.2
494,1,0.0,0.0,0.0,0.0,0.0,1.0,0.0,0.0,1.0,0.1
20680,3,0.0,0.0,0.0,0.0,0.0,0.0,0.0,0.0,0.0,0.0
19453,3,0.0,0.0,0.0,0.0,0.0,0.0,0.0,0.0,0.0,0.0
12586,16,0.0,0.0,0.0,0.0,0.0,0.2,0.07272727272727274,0.13305201013572895,0.125,0.2
16438,5,0.4,0.39999999999999997,0.4703652827859578,0.4,0.4,0.4,0.4,0.4703652827859578,0.4,0.2
17136,2,0.0,0.0,0.0,0.0,0.0,0.0,0.0,0.0,0.0,0.0
4045,9,0.6,0.6666666666666666,0.6843515475204854,0.3333333333333333,0.6,0.4444444444444444,0.5185185185185185,0.5484194258886879,0.4444444444444444,0.4
15778,1,1.0,0.0,0.0,1.0,0.2,1.0,0.0,0.0,1.0,0.14285714285714285
15862,3,0.3333333333333333,0.0,0.0,0.3333333333333333,0.2,0.3333333333333333,0.0,0.0,0.3333333333333333,0.1
4086,4,0.0,0.0,0.0,0.0,0.0,0.0,0.0,0.0,0.0,0.0
15885,1,0.0,0.0,0.0,0.0,0.0,0.0,0.0,0.0,0.0,0.0
21284,19,0.2,0.3333333333333333,0.33916020527361607,0.05263157894736842,0.2,0.5,0.43636363636363645,0.5075394027672818,0.2631578947368421,0.5
5704,5,0.0,0.0,0.0,0.0,0.0,0.0,0.0,0.0,0.0,0.0
17216,12,0.2,0.13333333333333333,0.14606834984270645,0.08333333333333333,0.2,0.2,0.21818181818181817,0.1731866333482261,0.16666666666666666,0.2
15828,2,0.0,0.0,0.0,0.0,0.0,0.5,0.0,0.0,0.5,0.1
21758,12,0.2,0.19999999999999998,0.16958010263680803,0.08333333333333333,0.2,0.3,0.30909090909090914,0.26180807422707547,0.25,0.3
6643,1,0.0,0.0,0.0,0.0,0.0,0.0,0.0,0.0,0.0,0.0
19028,1,0.0,0.0,0.0,0.0,0.0,0.0,0.0,0.0,0.0,0.0
10918,1,0.0,0.0,0.0,0.0,0.0,0.0,0.0,0.0,0.0,0.0
7534,8,0.4,0.39999999999999997,0.4703652827859578,0.25,0.4,0.25,0.3076923076923077,0.35079429740281753,0.25,0.2
12278,1,0.0,0.0,0.0,0.0,0.0,0.0,0.0,0.0,0.0,0.0
6288,19,0.0,0.0,0.0,0.0,0.0,0.0,0.0,0.0,0.0,0.0
8798,5,0.2,0.3333333333333333,0.33916020527361607,0.2,0.2,0.2,0.25,0.33916020527361607,0.2,0.1
17493,10,0.2,0.3333333333333333,0.33916020527361607,0.1,0.2,0.1,0.18181818181818182,0.22009176629808014,0.1,0.1
16991,6,0.0,0.0,0.0,0.0,0.0,0.0,0.0,0.0,0.0,0.0
21908,4,0.0,0.0,0.0,0.0,0.0,0.0,0.0,0.0,0.0,0.0
1233,2,0.5,0.5555555555555556,0.6131471927654584,0.5,0.2,1.0,0.5263157894736842,0.6131471927654584,1.0,0.2
12589,5,0.8,0.9333333333333332,0.8687949224876582,0.8,0.8,1.0,0.8500000000000001,0.8687949224876582,1.0,0.5555555555555556
7098,8,0.0,0.0,0.0,0.0,0.0,0.0,0.0,0.0,0.0,0.0
2815,4,0.25,0.35714285714285715,0.39038004999210163,0.25,0.2,0.25,0.2941176470588235,0.39038004999210163,0.25,0.1
7389,28,0.0,0.0,0.0,0.0,0.0,0.1,0.09090909090909091,0.07839826897867533,0.03571428571428571,0.1
5409,15,0.2,0.19999999999999998,0.16958010263680803,0.06666666666666667,0.2,0.2,0.18181818181818182,0.1763001066034291,0.13333333333333333,0.2
6179,19,0.2,0.06666666666666665,0.13120507751234176,0.05263157894736842,0.2,0.4,0.2545454545454545,0.293416398273637,0.21052631578947367,0.4
15308,4,0.5,0.2142857142857143,0.19519002499605081,0.5,0.4,0.5,0.23529411764705882,0.19519002499605081,0.5,0.2
19693,10,0.0,0.0,0.0,0.0,0.0,0.1,0.018181818181818177,0.0636207881989517,0.1,0.1
14109,10,0.4,0.6,0.5531464700081437,0.2,0.4,0.2,0.34545454545454546,0.3589542101716347,0.2,0.2
17537,3,0.3333333333333333,0.0,0.0,0.3333333333333333,0.2,0.3333333333333333,0.0,0.0,0.3333333333333333,0.1
13467,10,0.0,0.0,0.0,0.0,0.0,0.1,0.09090909090909091,0.07839826897867533,0.1,0.1
17113,32,0.4,0.39999999999999997,0.4703652827859578,0.0625,0.4,0.4,0.41818181818181815,0.44988737637276544,0.125,0.4
3564,1,0.0,0.0,0.0,0.0,0.0,0.0,0.0,0.0,0.0,0.0
15489,4,0.0,0.0,0.0,0.0,0.0,0.0,0.0,0.0,0.0,0.0
22,3,0.0,0.0,0.0,0.0,0.0,0.0,0.0,0.0,0.0,0.0
20591,4,0.25,0.14285714285714288,0.16812753627111746,0.25,0.2,0.25,0.20588235294117643,0.16812753627111746,0.25,0.1
5442,4,0.25,0.2142857142857143,0.19519002499605081,0.25,0.2,0.25,0.23529411764705882,0.19519002499605081,0.25,0.1
3022,2,0.0,0.0,0.0,0.0,0.0,0.0,0.0,0.0,0.0,0.0
14026,2,0.0,0.0,0.0,0.0,0.0,0.0,0.0,0.0,0.0,0.0
4248,15,0.6,0.6666666666666666,0.6843515475204854,0.2,0.6,0.3,0.45454545454545453,0.44409732781325567,0.2,0.3
10694,2,0.5,0.4444444444444445,0.3868528072345415,0.5,0.2,0.5,0.4736842105263158,0.3868528072345415,0.5,0.1
9840,2,0.0,0.0,0.0,0.0,0.0,0.0,0.0,0.0,0.0,0.0
14734,1,0.0,0.0,0.0,0.0,0.0,1.0,0.0,0.0,1.0,0.1111111111111111
8765,3,0.3333333333333333,0.33333333333333337,0.29608191096586517,0.3333333333333333,0.2,0.3333333333333333,0.3333333333333333,0.29608191096586517,0.3333333333333333,0.1
14621,10,0.2,0.06666666666666665,0.13120507751234176,0.1,0.2,0.1,0.10909090909090909,0.08514311764162097,0.1,0.1
16511,2,0.0,0.0,0.0,0.0,0.0,0.0,0.0,0.0,0.0,0.0
713,19,0.4,0.19999999999999998,0.2772734273550482,0.10526315789473684,0.4,0.4,0.309090909090909,0.31298349214690063,0.21052631578947367,0.4
12665,2,0.0,0.0,0.0,0.0,0.0,0.0,0.0,0.0,0.0,0.0
8000,14,0.2,0.26666666666666666,0.2139862647345275,0.07142857142857142,0.2,0.3,0.23636363636363641,0.27191445400928344,0.21428571428571427,0.3
17464,1,0.0,0.0,0.0,0.0,0.0,0.0,0.0,0.0,0.0,0.0
2241,2,0.0,0.0,0.0,0.0,0.0,0.0,0.0,0.0,0.0,0.0
7068,12,0.6,0.6,0.529634717214042,0.25,0.6,0.4,0.47272727272727283,0.4099509148465344,0.3333333333333333,0.4
7862,1,0.0,0.0,0.0,0.0,0.0,0.0,0.0,0.0,0.0,0.0
6009,2,0.0,0.0,0.0,0.0,0.0,0.0,0.0,0.0,0.0,0.0
9427,2,0.0,0.0,0.0,0.0,0.0,0.0,0.0,0.0,0.0,0.0
1360,2,0.0,0.0,0.0,0.0,0.0,0.0,0.0,0.0,0.0,0.0
8044,2,0.0,0.0,0.0,0.0,0.0,0.0,0.0,0.0,0.0,0.0
20100,16,0.6,0.6,0.529634717214042,0.1875,0.6,0.4,0.49090909090909096,0.4131279133289226,0.25,0.4
4182,1,0.0,0.0,0.0,0.0,0.0,0.0,0.0,0.0,0.0,0.0
10827,23,0.6,0.7333333333333334,0.6992148198508501,0.13043478260869565,0.6,0.5,0.6,0.5983950669742498,0.21739130434782608,0.5
8223,12,0.6,0.7333333333333334,0.6992148198508501,0.25,0.6,0.3,0.47272727272727266,0.4537425745411855,0.25,0.3
4286,8,0.2,0.3333333333333333,0.33916020527361607,0.125,0.2,0.125,0.1923076923076923,0.2529427027676571,0.125,0.1
1382,5,0.0,0.0,0.0,0.0,0.0,0.2,0.0,0.0,0.2,0.1
18335,5,0.0,0.0,0.0,0.0,0.0,0.0,0.0,0.0,0.0,0.0
20778,3,0.3333333333333333,0.4166666666666667,0.46927872602275644,0.3333333333333333,0.2,0.3333333333333333,0.37037037037037035,0.46927872602275644,0.3333333333333333,0.1
22177,7,0.0,0.0,0.0,0.0,0.0,0.0,0.0,0.0,0.0,0.0
2854,2,0.0,0.0,0.0,0.0,0.0,0.0,0.0,0.0,0.0,0.0
7880,4,0.0,0.0,0.0,0.0,0.0,0.0,0.0,0.0,0.0,0.0
1399,31,0.4,0.5333333333333333,0.5087403079104241,0.06451612903225806,0.4,0.2,0.32727272727272727,0.3301376494471202,0.06451612903225806,0.2
5411,10,0.4,0.4666666666666666,0.48522855511632257,0.2,0.4,0.4,0.43636363636363645,0.45953262310069537,0.4,0.4
22255,9,0.0,0.0,0.0,0.0,0.0,0.0,0.0,0.0,0.0,0.0
10217,13,0.4,0.6,0.5531464700081437,0.15384615384615385,0.4,0.4,0.4181818181818182,0.49200622030736363,0.3076923076923077,0.4
4074,19,0.0,0.0,0.0,0.0,0.0,0.0,0.0,0.0,0.0,0.0
12992,4,0.0,0.0,0.0,0.0,0.0,0.0,0.0,0.0,0.0,0.0
9966,3,0.0,0.0,0.0,0.0,0.0,0.3333333333333333,0.0,0.0,0.3333333333333333,0.1
13253,1,0.0,0.0,0.0,0.0,0.0,0.0,0.0,0.0,0.0,0.0
9130,1,0.0,0.0,0.0,0.0,0.0,0.0,0.0,0.0,0.0,0.0
15286,4,0.0,0.0,0.0,0.0,0.0,0.0,0.0,0.0,0.0,0.0
19325,8,0.6,0.6666666666666666,0.6548086577531306,0.375,0.6,0.375,0.4807692307692307,0.4883505467692416,0.375,0.3
20690,25,0.0,0.0,0.0,0.0,0.0,0.1,0.07272727272727274,0.07336392209936006,0.04,0.1
11903,38,0.6,0.7333333333333334,0.6992148198508501,0.07894736842105263,0.6,0.5,0.5818181818181818,0.5957616317188125,0.13157894736842105,0.5
7773,5,0.0,0.0,0.0,0.0,0.0,0.0,0.0,0.0,0.0,0.0
15881,1,0.0,0.0,0.0,0.0,0.0,0.0,0.0,0.0,0.0,0.0
16135,7,0.2,0.19999999999999998,0.16958010263680803,0.14285714285714285,0.2,0.2857142857142857,0.16326530612244897,0.13743816645714543,0.2857142857142857,0.2
8368,3,0.6666666666666666,0.5833333333333334,0.5307212739772434,0.6666666666666666,0.4,1.0,0.6296296296296297,0.5307212739772434,1.0,0.3
11708,5,0.2,0.26666666666666666,0.2139862647345275,0.2,0.2,0.4,0.225,0.2139862647345275,0.4,0.2
17726,1,0.0,0.0,0.0,0.0,0.0,0.0,0.0,0.0,0.0,0.0
17258,2,0.5,0.4444444444444445,0.3868528072345415,0.5,0.2,0.5,0.4736842105263158,0.3868528072345415,0.5,0.1
22258,3,0.3333333333333333,0.4166666666666667,0.46927872602275644,0.3333333333333333,0.2,0.3333333333333333,0.37037037037037035,0.46927872602275644,0.3333333333333333,0.1
7863,7,0.2,0.26666666666666666,0.2139862647345275,0.14285714285714285,0.2,0.14285714285714285,0.18367346938775508,0.17342765698823942,0.14285714285714285,0.1
9327,14,0.0,0.0,0.0,0.0,0.0,0.0,0.0,0.0,0.0,0.0
17835,10,0.0,0.0,0.0,0.0,0.0,0.0,0.0,0.0,0.0,0.0
15170,30,0.2,0.06666666666666665,0.13120507751234176,0.03333333333333333,0.2,0.2,0.2,0.1635413866202963,0.06666666666666667,0.2
17706,11,0.4,0.26666666666666666,0.3007851801491498,0.18181818181818182,0.4,0.2,0.2545454545454545,0.19518900079066104,0.18181818181818182,0.2
3288,6,0.2,0.3333333333333333,0.33916020527361607,0.16666666666666666,0.2,0.5,0.2222222222222222,0.30260241349881345,0.5,0.3
20999,17,0.2,0.13333333333333333,0.14606834984270645,0.058823529411764705,0.2,0.1,0.12727272727272726,0.09478836436955078,0.058823529411764705,0.1
17775,3,0.3333333333333333,0.33333333333333337,0.29608191096586517,0.3333333333333333,0.2,0.3333333333333333,0.3333333333333333,0.29608191096586517,0.3333333333333333,0.16666666666666666
17078,3,0.0,0.0,0.0,0.0,0.0,0.3333333333333333,0.0,0.0,0.3333333333333333,0.1
5717,1,0.0,0.0,0.0,0.0,0.0,0.0,0.0,0.0,0.0,0.0
17305,12,0.0,0.0,0.0,0.0,0.0,0.0,0.0,0.0,0.0,0.0
9386,27,0.8,0.8666666666666666,0.8539316501572936,0.14814814814814814,0.8,0.6,0.6909090909090909,0.6911279212606076,0.2222222222222222,0.6
7819,8,0.2,0.26666666666666666,0.2139862647345275,0.125,0.2,0.125,0.17307692307692307,0.1595890771248963,0.125,0.1
841,6,0.0,0.0,0.0,0.0,0.0,0.16666666666666666,0.0,0.0,0.16666666666666666,0.1
13823,4,0.0,0.0,0.0,0.0,0.0,0.0,0.0,0.0,0.0,0.0
17943,19,0.2,0.13333333333333333,0.14606834984270645,0.05263157894736842,0.2,0.2,0.1636363636363636,0.16104258782393982,0.10526315789473684,0.2
16072,2,0.0,0.0,0.0,0.0,0.0,0.5,0.0,0.0,0.5,0.1
4719,41,0.6,0.5333333333333333,0.6164336326286642,0.07317073170731707,0.6,0.4,0.45454545454545453,0.4662774717636409,0.0975609756097561,0.4
3077,2,0.0,0.0,0.0,0.0,0.0,0.0,0.0,0.0,0.0,0.0
14806,4,0.0,0.0,0.0,0.0,0.0,0.5,0.0,0.0,0.5,0.2
19408,4,0.25,0.28571428571428575,0.2463023887407299,0.25,0.2,0.25,0.2647058823529412,0.2463023887407299,0.25,0.1
4405,1,0.0,0.0,0.0,0.0,0.0,0.0,0.0,0.0,0.0,0.0
4193,2,1.0,0.4444444444444445,0.3868528072345415,1.0,0.4,1.0,0.4736842105263158,0.3868528072345415,1.0,0.2
14872,12,0.2,0.3333333333333333,0.33916020527361607,0.08333333333333333,0.2,0.3,0.3090909090909091,0.36288691033421744,0.25,0.3
4752,5,0.0,0.0,0.0,0.0,0.0,0.0,0.0,0.0,0.0,0.0
18941,5,0.0,0.0,0.0,0.0,0.0,0.0,0.0,0.0,0.0,0.0
6322,3,0.0,0.0,0.0,0.0,0.0,0.0,0.0,0.0,0.0,0.0
16404,17,0.8,0.8000000000000002,0.8304198973631919,0.23529411764705882,0.8,0.8,0.8363636363636363,0.8263333286520081,0.47058823529411764,0.8
2441,4,0.75,0.42857142857142866,0.41442992501184733,0.75,0.6,1.0,0.47058823529411764,0.41442992501184733,1.0,0.4
7250,3,0.0,0.0,0.0,0.0,0.0,0.0,0.0,0.0,0.0,0.0
13543,2,0.5,0.4444444444444445,0.3868528072345415,0.5,0.2,0.5,0.4736842105263158,0.3868528072345415,0.5,0.1111111111111111
3427,20,0.0,0.0,0.0,0.0,0.0,0.0,0.0,0.0,0.0,0.0
19737,5,0.0,0.0,0.0,0.0,0.0,0.0,0.0,0.0,0.0,0.0
10269,5,0.2,0.3333333333333333,0.33916020527361607,0.2,0.2,0.6,0.25,0.33916020527361607,0.6,0.3
15715,2,0.0,0.0,0.0,0.0,0.0,0.0,0.0,0.0,0.0,0.0
15781,5,0.2,0.13333333333333333,0.14606834984270645,0.2,0.2,0.4,0.175,0.14606834984270645,0.4,0.2
19740,4,0.0,0.0,0.0,0.0,0.0,0.0,0.0,0.0,0.0,0.0
21390,17,0.4,0.19999999999999998,0.2772734273550482,0.11764705882352941,0.4,0.2,0.23636363636363633,0.17993148201117173,0.11764705882352941,0.2
10460,2,0.0,0.0,0.0,0.0,0.0,0.5,0.0,0.0,0.5,0.1
17868,7,0.0,0.0,0.0,0.0,0.0,0.0,0.0,0.0,0.0,0.0
15414,2,0.5,0.5555555555555556,0.6131471927654584,0.5,0.2,0.5,0.5263157894736842,0.6131471927654584,0.5,0.1
11596,9,0.2,0.19999999999999998,0.16958010263680803,0.1111111111111111,0.2,0.2222222222222222,0.18518518518518517,0.1882785354283233,0.2222222222222222,0.2
5226,14,0.2,0.19999999999999998,0.16958010263680803,0.07142857142857142,0.2,0.2,0.2,0.17947710508581735,0.14285714285714285,0.2
15927,6,0.0,0.0,0.0,0.0,0.0,0.0,0.0,0.0,0.0,0.0
5078,2,0.0,0.0,0.0,0.0,0.0,0.0,0.0,0.0,0.0,0.0
9649,16,0.4,0.4666666666666666,0.48522855511632257,0.125,0.4,0.5,0.49090909090909096,0.5289638450374726,0.3125,0.5
8181,2,0.0,0.0,0.0,0.0,0.0,0.0,0.0,0.0,0.0,0.0
4747,1,0.0,0.0,0.0,0.0,0.0,0.0,0.0,0.0,0.0,0.0
678,3,0.3333333333333333,0.0,0.0,0.3333333333333333,0.2,0.6666666666666666,0.0,0.0,0.6666666666666666,0.2
12797,32,0.6,0.6666666666666666,0.6548086577531306,0.09375,0.6,0.5,0.5454545454545454,0.5606114592078373,0.15625,0.5
14263,2,0.0,0.0,0.0,0.0,0.0,0.5,0.0,0.0,0.5,0.125
14873,14,0.0,0.0,0.0,0.0,0.0,0.0,0.0,0.0,0.0,0.0
6517,1,1.0,0.0,0.0,1.0,0.2,1.0,0.0,0.0,1.0,0.1
2636,4,0.0,0.0,0.0,0.0,0.0,0.0,0.0,0.0,0.0,0.0
16651,8,0.2,0.19999999999999998,0.16958010263680803,0.125,0.2,0.2857142857142857,0.25,0.23535109180711322,0.25,0.2857142857142857
3243,6,0.4,0.4666666666666666,0.38356636737133554,0.3333333333333333,0.4,0.3333333333333333,0.3777777777777778,0.34222207292834134,0.3333333333333333,0.2
6971,17,0.4,0.39999999999999997,0.4703652827859578,0.11764705882352941,0.4,0.5,0.4727272727272727,0.5206178632166881,0.29411764705882354,0.5
5792,21,0.2,0.3333333333333333,0.33916020527361607,0.047619047619047616,0.2,0.3,0.23636363636363633,0.3499667779514209,0.14285714285714285,0.3
10662,6,0.0,0.0,0.0,0.0,0.0,0.16666666666666666,0.0,0.0,0.16666666666666666,0.1
12942,9,0.0,0.0,0.0,0.0,0.0,0.0,0.0,0.0,0.0,0.0
3414,5,0.6,0.7333333333333334,0.6992148198508501,0.6,0.6,0.6,0.6499999999999999,0.6992148198508501,0.6,0.3
1809,16,0.6,0.5333333333333333,0.5147714448836773,0.1875,0.6,0.6,0.5454545454545455,0.5372903784169164,0.375,0.6
6243,2,0.5,0.5555555555555556,0.6131471927654584,0.5,0.2,0.5,0.5263157894736842,0.6131471927654584,0.5,0.1
13971,6,0.2,0.06666666666666665,0.13120507751234176,0.16666666666666666,0.2,0.16666666666666666,0.13333333333333333,0.11706259313796352,0.16666666666666666,0.1
23,23,0.4,0.26666666666666666,0.3007851801491498,0.08695652173913043,0.4,0.5,0.36363636363636365,0.394495234380779,0.21739130434782608,0.5
6661,21,0.0,0.0,0.0,0.0,0.0,0.1,0.07272727272727274,0.07336392209936006,0.047619047619047616,0.1
13217,12,0.2,0.19999999999999998,0.16958010263680803,0.08333333333333333,0.2,0.3,0.29090909090909095,0.2578753740644926,0.25,0.3
12289,1,1.0,1.0,1.0,1.0,0.2,1.0,1.0,1.0,1.0,0.1
6879,2,0.0,0.0,0.0,0.0,0.0,0.0,0.0,0.0,0.0,0.0
5362,1,0.0,0.0,0.0,0.0,0.0,0.0,0.0,0.0,0.0,0.0
9442,6,0.2,0.19999999999999998,0.16958010263680803,0.16666666666666666,0.2,0.16666666666666666,0.17777777777777778,0.15130120674940672,0.16666666666666666,0.1
4167,5,0.0,0.0,0.0,0.0,0.0,0.2,0.0,0.0,0.2,0.1
17172,1,0.0,0.0,0.0,0.0,0.0,0.0,0.0,0.0,0.0,0.0
13511,1,0.0,0.0,0.0,0.0,0.0,0.0,0.0,0.0,0.0,0.0
21691,17,0.0,0.0,0.0,0.0,0.0,0.1,0.036363636363636355,0.06625422345438903,0.058823529411764705,0.1
17039,5,0.0,0.0,0.0,0.0,0.0,0.2,0.0,0.0,0.2,0.1
20162,5,0.2,0.19999999999999998,0.16958010263680803,0.2,0.2,0.4,0.2,0.16958010263680803,0.4,0.2
19011,3,0.0,0.0,0.0,0.0,0.0,0.0,0.0,0.0,0.0,0.0
17923,10,0.4,0.6,0.5531464700081437,0.2,0.4,0.2,0.34545454545454546,0.3589542101716347,0.2,0.2
15122,2,0.0,0.0,0.0,0.0,0.0,0.5,0.0,0.0,0.5,0.1
14802,1,1.0,0.0,0.0,1.0,0.2,1.0,0.0,0.0,1.0,0.1
370,19,0.6,0.7999999999999999,0.7227265726449518,0.15789473684210525,0.6,0.7,0.6909090909090909,0.7467045958894681,0.3684210526315789,0.7
12670,1,0.0,0.0,0.0,0.0,0.0,0.0,0.0,0.0,0.0,0.0
18608,1,0.0,0.0,0.0,0.0,0.0,0.0,0.0,0.0,0.0,0.0
4838,3,0.3333333333333333,0.0,0.0,0.3333333333333333,0.2,0.3333333333333333,0.0,0.0,0.3333333333333333,0.1
22239,2,0.0,0.0,0.0,0.0,0.0,0.0,0.0,0.0,0.0,0.0
10847,19,0.6,0.5333333333333333,0.5147714448836773,0.15789473684210525,0.6,0.6,0.5818181818181819,0.5431008121547419,0.3157894736842105,0.6
17887,2,0.0,0.0,0.0,0.0,0.0,0.0,0.0,0.0,0.0,0.0
12578,2,0.0,0.0,0.0,0.0,0.0,0.0,0.0,0.0,0.0,0.0
18147,6,0.4,0.5333333333333333,0.5087403079104241,0.3333333333333333,0.4,0.5,0.5111111111111111,0.561692774772731,0.5,0.3333333333333333
15995,5,0.4,0.3333333333333333,0.31564845247951445,0.4,0.4,0.6,0.375,0.31564845247951445,0.6,0.3
17195,2,0.0,0.0,0.0,0.0,0.0,0.0,0.0,0.0,0.0,0.0
15355,10,0.2,0.06666666666666665,0.13120507751234176,0.1,0.2,0.2,0.18181818181818182,0.15850703974098102,0.2,0.2
13712,1,0.0,0.0,0.0,0.0,0.0,0.0,0.0,0.0,0.0,0.0
12158,3,0.0,0.0,0.0,0.0,0.0,0.0,0.0,0.0,0.0,0.0
9336,13,0.2,0.26666666666666666,0.2139862647345275,0.07692307692307693,0.2,0.2,0.2545454545454545,0.21726071285222984,0.15384615384615385,0.2
1000,1,0.0,0.0,0.0,0.0,0.0,0.0,0.0,0.0,0.0,0.0
7762,1,0.0,0.0,0.0,0.0,0.0,0.0,0.0,0.0,0.0,0.0
17328,4,0.0,0.0,0.0,0.0,0.0,0.0,0.0,0.0,0.0,0.0
1785,2,0.0,0.0,0.0,0.0,0.0,0.0,0.0,0.0,0.0,0.0
343,8,0.2,0.06666666666666665,0.13120507751234176,0.125,0.2,0.125,0.11538461538461538,0.09785159463516041,0.125,0.1
19043,8,0.6,0.5333333333333333,0.5147714448836773,0.375,0.6,0.5,0.5192307692307693,0.4682262573997711,0.5,0.4
18665,11,0.0,0.0,0.0,0.0,0.0,0.1,0.07272727272727274,0.07336392209936006,0.09090909090909091,0.1
21163,1,0.0,0.0,0.0,0.0,0.0,0.0,0.0,0.0,0.0,0.0
5636,3,0.0,0.0,0.0,0.0,0.0,0.0,0.0,0.0,0.0,0.0
2632,2,0.0,0.0,0.0,0.0,0.0,0.0,0.0,0.0,0.0,0.0
20446,9,0.0,0.0,0.0,0.0,0.0,0.0,0.0,0.0,0.0,0.0
13818,3,0.0,0.0,0.0,0.0,0.0,0.0,0.0,0.0,0.0,0.0
18737,5,0.0,0.0,0.0,0.0,0.0,0.0,0.0,0.0,0.0,0.0
4062,1,0.0,0.0,0.0,0.0,0.0,0.0,0.0,0.0,0.0,0.0
5521,3,0.0,0.0,0.0,0.0,0.0,0.0,0.0,0.0,0.0,0.0
8751,9,0.2,0.06666666666666665,0.13120507751234176,0.1111111111111111,0.2,0.3333333333333333,0.16666666666666666,0.16507664590405338,0.3333333333333333,0.3
16460,3,0.0,0.0,0.0,0.0,0.0,0.0,0.0,0.0,0.0,0.0
14301,19,0.2,0.26666666666666666,0.2139862647345275,0.05263157894736842,0.2,0.2,0.23636363636363636,0.21222636597291453,0.10526315789473684,0.2
21761,22,0.2,0.3333333333333333,0.33916020527361607,0.045454545454545456,0.2,0.1,0.18181818181818182,0.22009176629808014,0.045454545454545456,0.1
20337,38,0.0,0.0,0.0,0.0,0.0,0.0,0.0,0.0,0.0,0.0
1043,1,0.0,0.0,0.0,0.0,0.0,1.0,0.0,0.0,1.0,0.1
478,7,0.2,0.26666666666666666,0.2139862647345275,0.14285714285714285,0.2,0.14285714285714285,0.18367346938775508,0.17342765698823942,0.14285714285714285,0.1
1135,1,0.0,0.0,0.0,0.0,0.0,0.0,0.0,0.0,0.0,0.0
21074,1,0.0,0.0,0.0,0.0,0.0,0.0,0.0,0.0,0.0,0.0
1457,7,0.6,0.7999999999999999,0.7227265726449518,0.42857142857142855,0.6,0.42857142857142855,0.5510204081632653,0.5857421563596757,0.42857142857142855,0.3
350,6,0.0,0.0,0.0,0.0,0.0,0.0,0.0,0.0,0.0,0.0
4867,15,0.2,0.3333333333333333,0.33916020527361607,0.06666666666666667,0.2,0.3,0.2727272727272727,0.3570764765963919,0.2,0.3
13731,8,0.2,0.3333333333333333,0.33916020527361607,0.125,0.2,0.375,0.36538461538461536,0.42735694567591054,0.375,0.3
4705,3,0.3333333333333333,0.0,0.0,0.3333333333333333,0.2,0.3333333333333333,0.0,0.0,0.3333333333333333,0.1
16795,2,0.5,0.5555555555555556,0.6131471927654584,0.5,0.2,0.5,0.5263157894736842,0.6131471927654584,0.5,0.1
362,1,0.0,0.0,0.0,0.0,0.0,0.0,0.0,0.0,0.0,0.0
5456,1,0.0,0.0,0.0,0.0,0.0,0.0,0.0,0.0,0.0,0.0
19794,8,0.2,0.19999999999999998,0.16958010263680803,0.125,0.2,0.125,0.15384615384615385,0.12647135138382856,0.125,0.1
8390,3,0.0,0.0,0.0,0.0,0.0,0.0,0.0,0.0,0.0,0.0
10812,5,0.2,0.19999999999999998,0.16958010263680803,0.2,0.2,0.2,0.2,0.16958010263680803,0.2,0.1
8212,1,1.0,0.0,0.0,1.0,0.2,1.0,0.0,0.0,1.0,0.1
18076,1,0.0,0.0,0.0,0.0,0.0,0.0,0.0,0.0,0.0,0.0
8528,3,0.3333333333333333,0.25,0.23463936301137822,0.3333333333333333,0.2,0.6666666666666666,0.2962962962962963,0.23463936301137822,0.6666666666666666,0.2
16146,29,0.0,0.0,0.0,0.0,0.0,0.0,0.0,0.0,0.0,0.0
14313,2,0.5,0.4444444444444445,0.3868528072345415,0.5,0.2,0.5,0.4736842105263158,0.3868528072345415,0.5,0.2
20804,7,0.2,0.3333333333333333,0.33916020527361607,0.14285714285714285,0.2,0.14285714285714285,0.2040816326530612,0.27487633291429087,0.14285714285714285,0.1
1293,1,0.0,0.0,0.0,0.0,0.0,0.0,0.0,0.0,0.0,0.0
17478,5,0.0,0.0,0.0,0.0,0.0,0.0,0.0,0.0,0.0,0.0
21096,27,0.6,0.6666666666666666,0.6843515475204854,0.1111111111111111,0.6,0.6,0.6363636363636364,0.6594803070902429,0.2222222222222222,0.6
15320,8,0.2,0.13333333333333333,0.14606834984270645,0.125,0.2,0.375,0.3076923076923077,0.2833507355260093,0.375,0.3
16652,16,0.4,0.4666666666666666,0.38356636737133554,0.125,0.4,0.2,0.30909090909090914,0.24890832702259458,0.125,0.2
11914,6,0.4,0.26666666666666666,0.3007851801491498,0.3333333333333333,0.4,0.3333333333333333,0.3111111111111111,0.26836379988737025,0.3333333333333333,0.2
6862,5,0.2,0.06666666666666665,0.13120507751234176,0.2,0.2,0.2,0.15,0.13120507751234176,0.2,0.1
18296,37,0.4,0.26666666666666666,0.3007851801491498,0.05405405405405406,0.4,0.3,0.2909090909090909,0.26144322424505007,0.08108108108108109,0.3
6618,32,0.2,0.13333333333333333,0.14606834984270645,0.03125,0.2,0.3,0.2545454545454545,0.2394408568026151,0.09375,0.3
19524,5,0.0,0.0,0.0,0.0,0.0,0.0,0.0,0.0,0.0,0.0
10428,26,0.4,0.26666666666666666,0.3007851801491498,0.07692307692307693,0.4,0.5,0.4181818181818182,0.4066392799050653,0.19230769230769232,0.5
1801,20,0.0,0.0,0.0,0.0,0.0,0.3,0.18181818181818182,0.2153829792769871,0.15,0.3
1889,5,0.0,0.0,0.0,0.0,0.0,0.0,0.0,0.0,0.0,0.0
20483,2,0.0,0.0,0.0,0.0,0.0,0.0,0.0,0.0,0.0,0.0
18920,3,0.0,0.0,0.0,0.0,0.0,0.3333333333333333,0.0,0.0,0.3333333333333333,0.1
21250,3,0.3333333333333333,0.33333333333333337,0.29608191096586517,0.3333333333333333,0.2,0.3333333333333333,0.3333333333333333,0.29608191096586517,0.3333333333333333,0.1
11622,2,0.0,0.0,0.0,0.0,0.0,0.0,0.0,0.0,0.0,0.0
17159,1,0.0,0.0,0.0,0.0,0.0,0.0,0.0,0.0,0.0,0.0
16703,2,0.0,0.0,0.0,0.0,0.0,0.0,0.0,0.0,0.0,0.0
3156,7,0.0,0.0,0.0,0.0,0.0,0.0,0.0,0.0,0.0,0.0
6171,4,0.0,0.0,0.0,0.0,0.0,0.0,0.0,0.0,0.0,0.0
21025,24,0.2,0.3333333333333333,0.33916020527361607,0.041666666666666664,0.2,0.4,0.3818181818181818,0.43810818083050457,0.16666666666666666,0.4
21307,17,0.0,0.0,0.0,0.0,0.0,0.1,0.05454545454545456,0.06943122193677725,0.058823529411764705,0.1
12032,4,0.0,0.0,0.0,0.0,0.0,0.0,0.0,0.0,0.0,0.0
21038,7,0.6,0.7333333333333334,0.6992148198508501,0.42857142857142855,0.6,0.42857142857142855,0.5306122448979591,0.5666867828578932,0.42857142857142855,0.3
15856,27,0.4,0.39999999999999997,0.4703652827859578,0.07407407407407407,0.4,0.3,0.34545454545454546,0.3746661058764783,0.1111111111111111,0.3
240,4,0.5,0.6428571428571429,0.6366824387328316,0.5,0.4,0.5,0.5588235294117646,0.6366824387328316,0.5,0.2
18317,20,0.2,0.3333333333333333,0.33916020527361607,0.05,0.2,0.4,0.3272727272727272,0.4283650469300962,0.2,0.4
7678,18,0.4,0.39999999999999997,0.4703652827859578,0.1111111111111111,0.4,0.3,0.38181818181818183,0.3836331529183764,0.16666666666666666,0.3
17316,2,0.0,0.0,0.0,0.0,0.0,0.0,0.0,0.0,0.0,0.0
16003,10,0.2,0.3333333333333333,0.33916020527361607,0.1,0.2,0.1,0.18181818181818182,0.22009176629808014,0.1,0.1
15816,1,0.0,0.0,0.0,0.0,0.0,0.0,0.0,0.0,0.0,0.0
9620,1,0.0,0.0,0.0,0.0,0.0,0.0,0.0,0.0,0.0,0.0
16132,3,0.3333333333333333,0.25,0.23463936301137822,0.3333333333333333,0.2,0.3333333333333333,0.2962962962962963,0.23463936301137822,0.3333333333333333,0.1
8275,11,0.4,0.26666666666666666,0.3007851801491498,0.18181818181818182,0.4,0.3,0.2909090909090909,0.26144322424505007,0.2727272727272727,0.3
9932,3,0.3333333333333333,0.4166666666666667,0.46927872602275644,0.3333333333333333,0.2,0.3333333333333333,0.37037037037037035,0.46927872602275644,0.3333333333333333,0.1
20720,5,0.0,0.0,0.0,0.0,0.0,0.0,0.0,0.0,0.0,0.0
7688,8,0.0,0.0,0.0,0.0,0.0,0.25,0.07692307692307693,0.08431423425588572,0.25,0.2
9111,1,0.0,0.0,0.0,0.0,0.0,0.0,0.0,0.0,0.0,0.0
328,1,0.0,0.0,0.0,0.0,0.0,0.0,0.0,0.0,0.0,0.0
7891,15,0.0,0.0,0.0,0.0,0.0,0.4,0.18181818181818182,0.27267015568947806,0.26666666666666666,0.4
18484,2,0.0,0.0,0.0,0.0,0.0,0.0,0.0,0.0,0.0,0.0
10422,1,0.0,0.0,0.0,0.0,0.0,1.0,0.0,0.0,1.0,0.1
8517,1,0.0,0.0,0.0,0.0,0.0,0.0,0.0,0.0,0.0,0.0
911,11,0.6,0.7999999999999999,0.7227265726449518,0.2727272727272727,0.6,0.4,0.5272727272727273,0.5352543167750639,0.36363636363636365,0.4
16489,4,0.25,0.35714285714285715,0.39038004999210163,0.25,0.2,0.25,0.2941176470588235,0.39038004999210163,0.25,0.1
11671,28,0.8,0.8666666666666666,0.8539316501572936,0.14285714285714285,0.8,0.9,0.8727272727272727,0.9052116356304492,0.32142857142857145,0.9
1782,13,0.0,0.0,0.0,0.0,0.0,0.1,0.036363636363636355,0.06625422345438903,0.07692307692307693,0.1
18346,1,0.0,0.0,0.0,0.0,0.0,0.0,0.0,0.0,0.0,0.0
22104,27,0.0,0.0,0.0,0.0,0.0,0.3,0.10909090909090909,0.19930623359011795,0.1111111111111111,0.3
5126,2,0.0,0.0,0.0,0.0,0.0,0.0,0.0,0.0,0.0,0.0
19298,2,0.0,0.0,0.0,0.0,0.0,0.0,0.0,0.0,0.0,0.0
14850,2,0.0,0.0,0.0,0.0,0.0,0.0,0.0,0.0,0.0,0.0
22315,3,0.0,0.0,0.0,0.0,0.0,0.0,0.0,0.0,0.0,0.0
12620,5,0.0,0.0,0.0,0.0,0.0,0.2,0.0,0.0,0.2,0.1
387,18,0.0,0.0,0.0,0.0,0.0,0.1,0.05454545454545456,0.06943122193677725,0.05555555555555555,0.1
13445,12,0.4,0.39999999999999997,0.4703652827859578,0.16666666666666666,0.4,0.4,0.41818181818181815,0.44988737637276544,0.3333333333333333,0.4
22004,3,0.0,0.0,0.0,0.0,0.0,0.0,0.0,0.0,0.0,0.0
8061,2,0.0,0.0,0.0,0.0,0.0,0.0,0.0,0.0,0.0,0.0
18722,21,0.2,0.3333333333333333,0.33916020527361607,0.047619047619047616,0.2,0.2,0.2727272727272727,0.2984900352767555,0.09523809523809523,0.2
17990,21,0.6,0.6666666666666666,0.6548086577531306,0.14285714285714285,0.6,0.6,0.6181818181818182,0.6363762929310752,0.2857142857142857,0.6
4100,3,0.6666666666666666,0.33333333333333337,0.29608191096586517,0.6666666666666666,0.4,1.0,0.3333333333333333,0.29608191096586517,1.0,0.3
5883,13,0.4,0.6,0.5531464700081437,0.15384615384615385,0.4,0.3,0.4,0.4283854321084119,0.23076923076923078,0.3
17614,7,0.0,0.0,0.0,0.0,0.0,0.14285714285714285,0.0,0.0,0.14285714285714285,0.1
19568,5,0.2,0.3333333333333333,0.33916020527361607,0.2,0.2,0.4,0.25,0.33916020527361607,0.4,0.2
12705,4,0.25,0.14285714285714288,0.16812753627111746,0.25,0.2,0.5,0.20588235294117643,0.16812753627111746,0.5,0.2
14732,2,0.0,0.0,0.0,0.0,0.0,0.0,0.0,0.0,0.0,0.0
19577,1,0.0,0.0,0.0,0.0,0.0,0.0,0.0,0.0,0.0,0.0
20648,3,0.0,0.0,0.0,0.0,0.0,0.0,0.0,0.0,0.0,0.0
10363,9,0.0,0.0,0.0,0.0,0.0,0.1111111111111111,0.07407407407407407,0.07834851647149513,0.1111111111111111,0.1
2995,2,0.5,0.0,0.0,0.5,0.2,0.5,0.0,0.0,0.5,0.1
9277,2,0.0,0.0,0.0,0.0,0.0,0.0,0.0,0.0,0.0,0.0
5433,4,0.5,0.42857142857142866,0.41442992501184733,0.5,0.4,0.5,0.47058823529411764,0.41442992501184733,0.5,0.2
14394,14,0.2,0.06666666666666665,0.13120507751234176,0.07142857142857142,0.2,0.2,0.12727272727272726,0.14876390584057267,0.14285714285714285,0.2
17719,4,0.0,0.0,0.0,0.0,0.0,0.0,0.0,0.0,0.0,0.0
12714,1,0.0,0.0,0.0,0.0,0.0,0.0,0.0,0.0,0.0,0.0
4575,5,0.0,0.0,0.0,0.0,0.0,0.0,0.0,0.0,0.0,0.0
8497,3,0.0,0.0,0.0,0.0,0.0,0.0,0.0,0.0,0.0,0.0
17984,4,0.25,0.28571428571428575,0.2463023887407299,0.25,0.2,0.25,0.2647058823529412,0.2463023887407299,0.25,0.1
7329,3,0.0,0.0,0.0,0.0,0.0,0.0,0.0,0.0,0.0,0.0
4387,9,0.4,0.4666666666666666,0.48522855511632257,0.2222222222222222,0.4,0.2222222222222222,0.31481481481481477,0.3362741576267856,0.2222222222222222,0.2
2584,1,0.0,0.0,0.0,0.0,0.0,0.0,0.0,0.0,0.0,0.0
8507,3,0.0,0.0,0.0,0.0,0.0,0.3333333333333333,0.0,0.0,0.3333333333333333,0.1
16189,26,0.4,0.5333333333333333,0.5087403079104241,0.07692307692307693,0.4,0.4,0.4181818181818182,0.4671223597454319,0.15384615384615385,0.4
14238,4,0.25,0.0,0.0,0.25,0.2,0.25,0.0,0.0,0.25,0.1
20867,1,0.0,0.0,0.0,0.0,0.0,0.0,0.0,0.0,0.0,0.0
8986,1,0.0,0.0,0.0,0.0,0.0,0.0,0.0,0.0,0.0,0.0
1301,1,0.0,0.0,0.0,0.0,0.0,1.0,0.0,0.0,1.0,0.1
6989,12,0.2,0.19999999999999998,0.16958010263680803,0.08333333333333333,0.2,0.3,0.2545454545454545,0.2520649403266671,0.25,0.3
8527,2,0.0,0.0,0.0,0.0,0.0,0.0,0.0,0.0,0.0,0.0
16306,15,0.4,0.26666666666666666,0.3007851801491498,0.13333333333333333,0.4,0.3,0.34545454545454546,0.2735872697693364,0.2,0.3
12871,1,1.0,1.0,1.0,1.0,0.2,1.0,1.0,1.0,1.0,0.1
22481,1,0.0,0.0,0.0,0.0,0.0,0.0,0.0,0.0,0.0,0.0
21814,5,0.0,0.0,0.0,0.0,0.0,0.4,0.0,0.0,0.4,0.2
15430,3,0.0,0.0,0.0,0.0,0.0,0.3333333333333333,0.0,0.0,0.3333333333333333,0.1111111111111111
16673,15,0.8,0.8666666666666666,0.8539316501572936,0.26666666666666666,0.8,0.5,0.6363636363636364,0.6203974344166848,0.3333333333333333,0.5
1604,10,0.4,0.6,0.5531464700081437,0.2,0.4,0.2,0.34545454545454546,0.3589542101716347,0.2,0.2
11108,1,0.0,0.0,0.0,0.0,0.0,0.0,0.0,0.0,0.0,0.0
8587,1,0.0,0.0,0.0,0.0,0.0,0.0,0.0,0.0,0.0,0.0
19685,3,0.0,0.0,0.0,0.0,0.0,0.0,0.0,0.0,0.0,0.0
22474,10,0.0,0.0,0.0,0.0,0.0,0.0,0.0,0.0,0.0,0.0
21787,1,0.0,0.0,0.0,0.0,0.0,1.0,0.0,0.0,1.0,0.14285714285714285
2586,4,0.5,0.6428571428571429,0.6366824387328316,0.5,0.4,0.5,0.5588235294117646,0.6366824387328316,0.5,0.2
20503,1,0.0,0.0,0.0,0.0,0.0,0.0,0.0,0.0,0.0,0.0
14640,20,0.2,0.26666666666666666,0.2139862647345275,0.05,0.2,0.3,0.2545454545454545,0.2758471541718662,0.15,0.3
15667,1,0.0,0.0,0.0,0.0,0.0,0.0,0.0,0.0,0.0,0.0
19222,13,0.2,0.26666666666666666,0.2139862647345275,0.07692307692307693,0.2,0.3,0.21818181818181823,0.2687374555268952,0.23076923076923078,0.3
12422,12,0.2,0.26666666666666666,0.2139862647345275,0.08333333333333333,0.2,0.2,0.18181818181818182,0.2024832320725062,0.16666666666666666,0.2
11343,6,0.0,0.0,0.0,0.0,0.0,0.0,0.0,0.0,0.0,0.0
20954,1,0.0,0.0,0.0,0.0,0.0,0.0,0.0,0.0,0.0,0.0
18455,24,0.4,0.4666666666666666,0.38356636737133554,0.08333333333333333,0.4,0.2,0.30909090909090914,0.24890832702259458,0.08333333333333333,0.2
20677,1,0.0,0.0,0.0,0.0,0.0,0.0,0.0,0.0,0.0,0.0
10108,7,0.0,0.0,0.0,0.0,0.0,0.0,0.0,0.0,0.0,0.0
18481,11,0.4,0.39999999999999997,0.4703652827859578,0.18181818181818182,0.4,0.3,0.30909090909090914,0.3688556721386528,0.2727272727272727,0.3
4186,2,0.0,0.0,0.0,0.0,0.0,0.0,0.0,0.0,0.0,0.0
12187,12,0.0,0.0,0.0,0.0,0.0,0.0,0.0,0.0,0.0,0.0
2840,2,0.0,0.0,0.0,0.0,0.0,0.5,0.0,0.0,0.5,0.1
7361,2,1.0,0.0,0.0,1.0,0.4,1.0,0.0,0.0,1.0,0.2
3023,2,0.0,0.0,0.0,0.0,0.0,0.0,0.0,0.0,0.0,0.0
4839,3,0.3333333333333333,0.0,0.0,0.3333333333333333,0.2,0.6666666666666666,0.0,0.0,0.6666666666666666,0.2
6124,1,0.0,0.0,0.0,0.0,0.0,0.0,0.0,0.0,0.0,0.0
13358,25,0.4,0.6,0.5531464700081437,0.08,0.4,0.4,0.45454545454545453,0.5009732673492616,0.16,0.4
19723,6,0.4,0.5333333333333333,0.5087403079104241,0.3333333333333333,0.4,0.3333333333333333,0.4,0.4539036202482201,0.3333333333333333,0.3333333333333333
18419,12,0.6,0.7999999999999999,0.7227265726449518,0.25,0.6,0.5,0.5636363636363636,0.6020521034564037,0.4166666666666667,0.5
21607,4,0.0,0.0,0.0,0.0,0.0,0.0,0.0,0.0,0.0,0.0
9020,14,0.2,0.19999999999999998,0.16958010263680803,0.07142857142857142,0.2,0.2,0.23636363636363636,0.1884441521277154,0.14285714285714285,0.2
16968,10,0.0,0.0,0.0,0.0,0.0,0.1,0.09090909090909091,0.07839826897867533,0.1,0.1
3296,4,0.0,0.0,0.0,0.0,0.0,0.0,0.0,0.0,0.0,0.0
5376,5,0.0,0.0,0.0,0.0,0.0,0.0,0.0,0.0,0.0,0.0
21980,14,0.4,0.4666666666666666,0.38356636737133554,0.14285714285714285,0.4,0.2,0.30909090909090914,0.24890832702259458,0.14285714285714285,0.2
682,3,0.3333333333333333,0.0,0.0,0.3333333333333333,0.2,0.6666666666666666,0.0,0.0,0.6666666666666666,0.2
3034,2,0.0,0.0,0.0,0.0,0.0,0.0,0.0,0.0,0.0,0.0
7553,6,0.0,0.0,0.0,0.0,0.0,0.0,0.0,0.0,0.0,0.0
3112,14,0.4,0.3333333333333333,0.34519134224686926,0.14285714285714285,0.4,0.3,0.3090909090909091,0.2902597849695645,0.21428571428571427,0.3
17876,12,0.0,0.0,0.0,0.0,0.0,0.2,0.1272727272727273,0.1427951440361373,0.16666666666666666,0.2
14474,6,0.0,0.0,0.0,0.0,0.0,0.0,0.0,0.0,0.0,0.0
3180,12,0.4,0.4666666666666666,0.38356636737133554,0.16666666666666666,0.4,0.2,0.30909090909090914,0.24890832702259458,0.16666666666666666,0.2
1576,6,0.2,0.06666666666666665,0.13120507751234176,0.16666666666666666,0.2,0.3333333333333333,0.13333333333333333,0.11706259313796352,0.3333333333333333,0.2
20701,23,0.2,0.13333333333333333,0.14606834984270645,0.043478260869565216,0.2,0.3,0.29090909090909095,0.24655055544758617,0.13043478260869565,0.3
14498,18,0.8,0.7333333333333334,0.7860137352654724,0.2222222222222222,0.8,0.6,0.6545454545454545,0.6470538417566039,0.3333333333333333,0.6
3332,2,0.0,0.0,0.0,0.0,0.0,0.0,0.0,0.0,0.0,0.0
13168,2,0.0,0.0,0.0,0.0,0.0,0.0,0.0,0.0,0.0,0.0
15126,2,0.5,0.5555555555555556,0.6131471927654584,0.5,0.2,0.5,0.5263157894736842,0.6131471927654584,0.5,0.125
22398,2,0.0,0.0,0.0,0.0,0.0,0.0,0.0,0.0,0.0,0.0
16996,1,0.0,0.0,0.0,0.0,0.0,0.0,0.0,0.0,0.0,0.0
4031,1,0.0,0.0,0.0,0.0,0.0,0.0,0.0,0.0,0.0,0.0
12697,10,0.0,0.0,0.0,0.0,0.0,0.1,0.09090909090909091,0.07839826897867533,0.1,0.1
12994,3,0.6666666666666666,0.25,0.23463936301137822,0.6666666666666666,0.4,0.6666666666666666,0.2962962962962963,0.23463936301137822,0.6666666666666666,0.2
406,2,0.0,0.0,0.0,0.0,0.0,0.0,0.0,0.0,0.0,0.0
824,13,0.2,0.26666666666666666,0.2139862647345275,0.07692307692307693,0.2,0.2,0.18181818181818182,0.2024832320725062,0.15384615384615385,0.2
17055,2,0.5,0.5555555555555556,0.6131471927654584,0.5,0.2,0.5,0.5263157894736842,0.6131471927654584,0.5,0.1
16995,3,0.0,0.0,0.0,0.0,0.0,0.0,0.0,0.0,0.0,0.0
11941,14,0.0,0.0,0.0,0.0,0.0,0.1,0.05454545454545456,0.06943122193677725,0.07142857142857142,0.1
13270,7,0.2,0.13333333333333333,0.14606834984270645,0.14285714285714285,0.2,0.42857142857142855,0.22448979591836735,0.21000823726012655,0.42857142857142855,0.3
18821,2,0.0,0.0,0.0,0.0,0.0,0.0,0.0,0.0,0.0,0.0
18928,1,0.0,0.0,0.0,0.0,0.0,0.0,0.0,0.0,0.0,0.0
4004,2,0.5,0.5555555555555556,0.6131471927654584,0.5,0.2,0.5,0.5263157894736842,0.6131471927654584,0.5,0.1
14603,2,0.0,0.0,0.0,0.0,0.0,0.0,0.0,0.0,0.0,0.0
4332,2,0.5,0.5555555555555556,0.6131471927654584,0.5,0.2,1.0,0.5263157894736842,0.6131471927654584,1.0,0.2
19205,8,0.0,0.0,0.0,0.0,0.0,0.0,0.0,0.0,0.0,0.0
9366,18,0.4,0.6,0.5531464700081437,0.1111111111111111,0.4,0.3,0.41818181818181815,0.43231813227099475,0.16666666666666666,0.3
16386,1,0.0,0.0,0.0,0.0,0.0,0.0,0.0,0.0,0.0,0.0
21716,1,0.0,0.0,0.0,0.0,0.0,0.0,0.0,0.0,0.0,0.0
9016,6,0.2,0.19999999999999998,0.16958010263680803,0.16666666666666666,0.2,0.3333333333333333,0.17777777777777778,0.15130120674940672,0.3333333333333333,0.2
8218,4,0.25,0.35714285714285715,0.39038004999210163,0.25,0.2,0.25,0.2941176470588235,0.39038004999210163,0.25,0.1
2094,15,0.4,0.4666666666666666,0.48522855511632257,0.13333333333333333,0.4,0.2,0.3090909090909091,0.31488013066763093,0.13333333333333333,0.2
12776,2,0.5,0.5555555555555556,0.6131471927654584,0.5,0.2,0.5,0.5263157894736842,0.6131471927654584,0.5,0.125
11672,1,1.0,0.0,0.0,1.0,0.2,1.0,0.0,0.0,1.0,0.1
14917,3,0.0,0.0,0.0,0.0,0.0,0.0,0.0,0.0,0.0,0.0
19286,15,0.0,0.0,0.0,0.0,0.0,0.0,0.0,0.0,0.0,0.0
5482,5,0.0,0.0,0.0,0.0,0.0,0.0,0.0,0.0,0.0,0.0
3474,21,0.2,0.26666666666666666,0.2139862647345275,0.047619047619047616,0.2,0.3,0.3090909090909091,0.28669193478900706,0.14285714285714285,0.3
8024,11,0.0,0.0,0.0,0.0,0.0,0.0,0.0,0.0,0.0,0.0
4303,3,0.0,0.0,0.0,0.0,0.0,0.0,0.0,0.0,0.0,0.0
5216,4,0.0,0.0,0.0,0.0,0.0,0.0,0.0,0.0,0.0,0.0
11316,1,0.0,0.0,0.0,0.0,0.0,1.0,0.0,0.0,1.0,0.1
21135,4,0.0,0.0,0.0,0.0,0.0,0.0,0.0,0.0,0.0,0.0
19782,2,0.0,0.0,0.0,0.0,0.0,0.0,0.0,0.0,0.0,0.0
20729,2,0.0,0.0,0.0,0.0,0.0,0.0,0.0,0.0,0.0,0.0
2551,12,0.0,0.0,0.0,0.0,0.0,0.0,0.0,0.0,0.0,0.0
20063,2,0.0,0.0,0.0,0.0,0.0,0.0,0.0,0.0,0.0,0.0
15769,12,0.2,0.06666666666666665,0.13120507751234176,0.08333333333333333,0.2,0.2,0.16363636363636364,0.15457433957839825,0.16666666666666666,0.2
8069,3,0.0,0.0,0.0,0.0,0.0,0.0,0.0,0.0,0.0,0.0
21160,9,0.4,0.3333333333333333,0.31564845247951445,0.2222222222222222,0.4,0.5555555555555556,0.40740740740740744,0.37124851467611253,0.5555555555555556,0.5
22395,8,0.0,0.0,0.0,0.0,0.0,0.0,0.0,0.0,0.0,0.0
10370,15,0.0,0.0,0.0,0.0,0.0,0.1,0.09090909090909091,0.07839826897867533,0.06666666666666667,0.1
7720,15,0.8,0.8666666666666666,0.8539316501572936,0.26666666666666666,0.8,0.6,0.7272727272727273,0.6987957033953601,0.4,0.6
21274,20,0.4,0.4666666666666666,0.38356636737133554,0.1,0.4,0.3,0.38181818181818183,0.3222722491219546,0.15,0.3
1867,3,0.0,0.0,0.0,0.0,0.0,0.0,0.0,0.0,0.0,0.0
8292,9,0.8,0.9333333333333332,0.8687949224876582,0.4444444444444444,0.8,0.5555555555555556,0.7222222222222222,0.6858190769033709,0.5555555555555556,0.5
20376,5,0.0,0.0,0.0,0.0,0.0,0.0,0.0,0.0,0.0,0.0
7601,1,0.0,0.0,0.0,0.0,0.0,0.0,0.0,0.0,0.0,0.0
20751,5,0.4,0.5333333333333333,0.5087403079104241,0.4,0.4,0.6,0.45,0.5087403079104241,0.6,0.3
14009,2,0.0,0.0,0.0,0.0,0.0,0.0,0.0,0.0,0.0,0.0
3749,1,0.0,0.0,0.0,0.0,0.0,0.0,0.0,0.0,0.0,0.0
18220,9,0.0,0.0,0.0,0.0,0.0,0.0,0.0,0.0,0.0,0.0
6803,10,0.4,0.6,0.5531464700081437,0.2,0.4,0.3,0.41818181818181815,0.43231813227099475,0.3,0.3
18894,1,0.0,0.0,0.0,0.0,0.0,0.0,0.0,0.0,0.0,0.0
18101,7,0.0,0.0,0.0,0.0,0.0,0.0,0.0,0.0,0.0,0.0
1575,2,0.0,0.0,0.0,0.0,0.0,0.0,0.0,0.0,0.0,0.0
706,8,0.2,0.06666666666666665,0.13120507751234176,0.125,0.2,0.25,0.11538461538461538,0.09785159463516041,0.25,0.2
7207,1,0.0,0.0,0.0,0.0,0.0,0.0,0.0,0.0,0.0,0.0
16247,9,0.0,0.0,0.0,0.0,0.0,0.0,0.0,0.0,0.0,0.0
6164,3,0.0,0.0,0.0,0.0,0.0,0.0,0.0,0.0,0.0,0.0
20041,4,0.0,0.0,0.0,0.0,0.0,0.0,0.0,0.0,0.0,0.0
11090,1,0.0,0.0,0.0,0.0,0.0,1.0,0.0,0.0,1.0,0.1
2689,7,0.0,0.0,0.0,0.0,0.0,0.14285714285714285,0.1020408163265306,0.0979129253499678,0.14285714285714285,0.1
10630,2,0.5,0.5555555555555556,0.6131471927654584,0.5,0.2,0.5,0.5263157894736842,0.6131471927654584,0.5,0.1
7367,12,0.6,0.7333333333333334,0.6992148198508501,0.25,0.6,0.6,0.6909090909090909,0.674935987555998,0.5,0.6
13804,9,0.0,0.0,0.0,0.0,0.0,0.0,0.0,0.0,0.0,0.0
4993,3,0.3333333333333333,0.0,0.0,0.3333333333333333,0.2,0.3333333333333333,0.0,0.0,0.3333333333333333,0.1
20465,6,0.0,0.0,0.0,0.0,0.0,0.16666666666666666,0.0,0.0,0.16666666666666666,0.1
12999,8,0.2,0.3333333333333333,0.33916020527361607,0.125,0.2,0.25,0.1923076923076923,0.2529427027676571,0.25,0.2
3238,4,0.0,0.0,0.0,0.0,0.0,0.0,0.0,0.0,0.0,0.0
21668,8,0.0,0.0,0.0,0.0,0.0,0.125,0.0,0.0,0.125,0.1
20719,3,0.0,0.0,0.0,0.0,0.0,0.0,0.0,0.0,0.0,0.0
7141,10,0.4,0.3333333333333333,0.31564845247951445,0.2,0.4,0.2,0.2727272727272727,0.20483424751859083,0.2,0.2
22496,1,0.0,0.0,0.0,0.0,0.0,0.0,0.0,0.0,0.0,0.0
3592,23,0.0,0.0,0.0,0.0,0.0,0.1,0.036363636363636355,0.06625422345438903,0.043478260869565216,0.1
630,6,0.2,0.13333333333333333,0.14606834984270645,0.16666666666666666,0.2,0.16666666666666666,0.15555555555555556,0.13032376591037065,0.16666666666666666,0.1
16639,7,0.4,0.6,0.5531464700081437,0.2857142857142857,0.4,0.2857142857142857,0.38775510204081626,0.4483039899025303,0.2857142857142857,0.2
18934,1,0.0,0.0,0.0,0.0,0.0,0.0,0.0,0.0,0.0,0.0
21846,22,0.2,0.19999999999999998,0.16958010263680803,0.045454545454545456,0.2,0.14285714285714285,0.14545454545454548,0.13743816645714543,0.045454545454545456,0.14285714285714285
2834,15,0.0,0.0,0.0,0.0,0.0,0.2,0.054545454545454536,0.12987501165334073,0.13333333333333333,0.2
4520,4,0.0,0.0,0.0,0.0,0.0,0.0,0.0,0.0,0.0,0.0
15275,20,0.0,0.0,0.0,0.0,0.0,0.2,0.09090909090909091,0.13698471029831175,0.1,0.2
11272,6,0.0,0.0,0.0,0.0,0.0,0.16666666666666666,0.0,0.0,0.16666666666666666,0.1
16707,2,0.0,0.0,0.0,0.0,0.0,0.0,0.0,0.0,0.0,0.0
16337,26,0.0,0.0,0.0,0.0,0.0,0.1,0.09090909090909091,0.07839826897867533,0.038461538461538464,0.1
8319,4,0.0,0.0,0.0,0.0,0.0,0.0,0.0,0.0,0.0,0.0
12285,14,0.4,0.6,0.5531464700081437,0.14285714285714285,0.4,0.3,0.41818181818181815,0.43231813227099475,0.21428571428571427,0.3
22337,2,0.0,0.0,0.0,0.0,0.0,0.0,0.0,0.0,0.0,0.0
19554,5,0.0,0.0,0.0,0.0,0.0,0.0,0.0,0.0,0.0,0.0
8901,4,0.25,0.28571428571428575,0.2463023887407299,0.25,0.2,0.25,0.2647058823529412,0.2463023887407299,0.25,0.1
18154,3,0.0,0.0,0.0,0.0,0.0,0.0,0.0,0.0,0.0,0.0
19144,2,0.0,0.0,0.0,0.0,0.0,0.0,0.0,0.0,0.0,0.0
14709,11,0.6,0.7333333333333334,0.6992148198508501,0.2727272727272727,0.6,0.4,0.509090909090909,0.5199967979955745,0.36363636363636365,0.4
8079,16,0.6,0.6666666666666666,0.6843515475204854,0.1875,0.6,0.5,0.5272727272727272,0.5771493379489846,0.3125,0.5
424,20,0.4,0.3333333333333333,0.31564845247951445,0.1,0.4,0.6,0.45454545454545464,0.47750440320806886,0.3,0.6
19451,39,0.6,0.6,0.6399453854227659,0.07692307692307693,0.6,0.5,0.5454545454545454,0.5548989126424904,0.1282051282051282,0.5
19761,6,0.2,0.06666666666666665,0.13120507751234176,0.16666666666666666,0.2,0.16666666666666666,0.13333333333333333,0.11706259313796352,0.16666666666666666,0.14285714285714285
10789,7,0.0,0.0,0.0,0.0,0.0,0.0,0.0,0.0,0.0,0.0
2258,17,0.0,0.0,0.0,0.0,0.0,0.0,0.0,0.0,0.0,0.0
15843,29,0.4,0.39999999999999997,0.4703652827859578,0.06896551724137931,0.4,0.4,0.4,0.4472539411173281,0.13793103448275862,0.4
8153,3,0.0,0.0,0.0,0.0,0.0,0.0,0.0,0.0,0.0,0.0
21902,2,0.5,0.4444444444444445,0.3868528072345415,0.5,0.2,0.5,0.4736842105263158,0.3868528072345415,0.5,0.14285714285714285
16913,11,0.0,0.0,0.0,0.0,0.0,0.0,0.0,0.0,0.0,0.0
13530,2,0.0,0.0,0.0,0.0,0.0,0.0,0.0,0.0,0.0,0.0
9773,1,0.0,0.0,0.0,0.0,0.0,0.0,0.0,0.0,0.0,0.0
8202,4,0.0,0.0,0.0,0.0,0.0,0.25,0.0,0.0,0.25,0.1
16040,7,0.2,0.3333333333333333,0.33916020527361607,0.14285714285714285,0.2,0.2857142857142857,0.3061224489795918,0.3727892582642587,0.2857142857142857,0.2
16102,18,0.6,0.6666666666666666,0.6548086577531306,0.16666666666666666,0.6,0.7,0.7090909090909091,0.7123736502858726,0.3888888888888889,0.7
19817,4,0.25,0.2142857142857143,0.19519002499605081,0.25,0.2,0.25,0.23529411764705882,0.19519002499605081,0.25,0.1
18889,2,0.0,0.0,0.0,0.0,0.0,0.0,0.0,0.0,0.0,0.0
16713,22,0.2,0.19999999999999998,0.16958010263680803,0.045454545454545456,0.2,0.1,0.14545454545454548,0.11004588314904007,0.045454545454545456,0.1
16858,5,0.0,0.0,0.0,0.0,0.0,0.0,0.0,0.0,0.0,0.0
7351,1,0.0,0.0,0.0,0.0,0.0,0.0,0.0,0.0,0.0,0.0
20378,23,0.2,0.19999999999999998,0.16958010263680803,0.043478260869565216,0.2,0.2,0.23636363636363636,0.1884441521277154,0.08695652173913043,0.2
983,4,0.0,0.0,0.0,0.0,0.0,0.0,0.0,0.0,0.0,0.0
14520,10,0.2,0.13333333333333333,0.14606834984270645,0.1,0.2,0.1,0.12727272727272726,0.09478836436955078,0.1,0.1
16990,1,0.0,0.0,0.0,0.0,0.0,0.0,0.0,0.0,0.0,0.0
1024,21,0.0,0.0,0.0,0.0,0.0,0.0,0.0,0.0,0.0,0.0
13501,1,0.0,0.0,0.0,0.0,0.0,0.0,0.0,0.0,0.0,0.0
18211,11,0.0,0.0,0.0,0.0,0.0,0.0,0.0,0.0,0.0,0.0
1968,3,0.0,0.0,0.0,0.0,0.0,0.3333333333333333,0.0,0.0,0.3333333333333333,0.1
7417,2,0.0,0.0,0.0,0.0,0.0,0.5,0.0,0.0,0.5,0.1
13220,1,0.0,0.0,0.0,0.0,0.0,0.0,0.0,0.0,0.0,0.0
2539,2,1.0,0.0,0.0,1.0,0.4,1.0,0.0,0.0,1.0,0.3333333333333333
11954,1,0.0,0.0,0.0,0.0,0.0,0.0,0.0,0.0,0.0,0.0
4564,12,0.4,0.39999999999999997,0.4703652827859578,0.16666666666666666,0.4,0.5,0.43636363636363634,0.5116508161747901,0.4166666666666667,0.5
1859,9,0.2,0.26666666666666666,0.2139862647345275,0.1111111111111111,0.2,0.2222222222222222,0.24074074074074073,0.22664574704164417,0.2222222222222222,0.2
5396,11,0.0,0.0,0.0,0.0,0.0,0.0,0.0,0.0,0.0,0.0
19822,6,0.0,0.0,0.0,0.0,0.0,0.0,0.0,0.0,0.0,0.0
4586,2,0.0,0.0,0.0,0.0,0.0,0.0,0.0,0.0,0.0,0.0
9304,1,0.0,0.0,0.0,0.0,0.0,0.0,0.0,0.0,0.0,0.0
21498,1,0.0,0.0,0.0,0.0,0.0,0.0,0.0,0.0,0.0,0.0
1218,9,0.0,0.0,0.0,0.0,0.0,0.0,0.0,0.0,0.0,0.0
7584,5,0.2,0.3333333333333333,0.33916020527361607,0.2,0.2,0.2,0.25,0.33916020527361607,0.2,0.1
20745,11,0.0,0.0,0.0,0.0,0.0,0.1,0.09090909090909091,0.07839826897867533,0.09090909090909091,0.1
10978,11,0.4,0.5333333333333333,0.5087403079104241,0.18181818181818182,0.4,0.4,0.45454545454545453,0.47479014188018454,0.36363636363636365,0.4
16644,3,0.0,0.0,0.0,0.0,0.0,0.3333333333333333,0.0,0.0,0.3333333333333333,0.1
7240,21,0.6,0.6666666666666666,0.6843515475204854,0.14285714285714285,0.6,0.5,0.5636363636363636,0.5837154733670048,0.23809523809523808,0.5
19595,21,0.0,0.0,0.0,0.0,0.0,0.1,0.018181818181818177,0.0636207881989517,0.047619047619047616,0.1
6896,8,0.2,0.19999999999999998,0.16958010263680803,0.125,0.2,0.25,0.23076923076923078,0.21078558563971428,0.25,0.2
6377,16,0.2,0.19999999999999998,0.16958010263680803,0.0625,0.2,0.3,0.2,0.23992089480238077,0.1875,0.3
9532,28,0.4,0.5333333333333333,0.5087403079104241,0.07142857142857142,0.4,0.3,0.34545454545454546,0.3937584376460719,0.10714285714285714,0.3
4346,1,1.0,1.0,1.0,1.0,0.3333333333333333,1.0,1.0,1.0,1.0,0.3333333333333333
4386,1,0.0,0.0,0.0,0.0,0.0,0.0,0.0,0.0,0.0,0.0
12324,4,0.0,0.0,0.0,0.0,0.0,0.0,0.0,0.0,0.0,0.0
21786,14,0.2,0.06666666666666665,0.13120507751234176,0.07142857142857142,0.2,0.2,0.16363636363636364,0.15457433957839825,0.14285714285714285,0.2
13766,33,0.2,0.13333333333333333,0.14606834984270645,0.030303030303030304,0.2,0.1,0.12727272727272726,0.09478836436955078,0.030303030303030304,0.1
9154,17,0.0,0.0,0.0,0.0,0.0,0.0,0.0,0.0,0.0,0.0
21265,1,0.0,0.0,0.0,0.0,0.0,0.0,0.0,0.0,0.0,0.0
14606,10,0.2,0.19999999999999998,0.16958010263680803,0.1,0.2,0.1,0.14545454545454548,0.11004588314904007,0.1,0.1
19187,4,0.25,0.35714285714285715,0.39038004999210163,0.25,0.2,0.75,0.2941176470588235,0.39038004999210163,0.75,0.3
5375,2,0.0,0.0,0.0,0.0,0.0,0.0,0.0,0.0,0.0,0.0
13899,2,0.5,0.5555555555555556,0.6131471927654584,0.5,0.2,0.5,0.5263157894736842,0.6131471927654584,0.5,0.1
20066,28,0.6,0.5333333333333333,0.6164336326286642,0.10714285714285714,0.6,0.3,0.41818181818181815,0.4000232483092519,0.10714285714285714,0.3
9483,2,0.0,0.0,0.0,0.0,0.0,0.0,0.0,0.0,0.0,0.0
19883,2,0.0,0.0,0.0,0.0,0.0,0.0,0.0,0.0,0.0,0.0
7916,2,0.0,0.0,0.0,0.0,0.0,0.0,0.0,0.0,0.0,0.0
18082,1,0.0,0.0,0.0,0.0,0.0,0.0,0.0,0.0,0.0,0.0
12606,15,0.4,0.5333333333333333,0.5087403079104241,0.13333333333333333,0.4,0.3,0.36363636363636365,0.39639187290150923,0.2,0.3
15159,11,0.4,0.19999999999999998,0.2772734273550482,0.18181818181818182,0.4,0.2,0.23636363636363633,0.17993148201117173,0.18181818181818182,0.2
9329,3,0.0,0.0,0.0,0.0,0.0,0.0,0.0,0.0,0.0,0.0
5019,23,0.4,0.4666666666666666,0.48522855511632257,0.08695652173913043,0.4,0.3,0.34545454545454546,0.38113435412202,0.13043478260869565,0.3
12421,8,0.0,0.0,0.0,0.0,0.0,0.0,0.0,0.0,0.0,0.0
6421,12,0.6,0.6666666666666666,0.6548086577531306,0.25,0.6,0.4,0.5454545454545454,0.5033242827953462,0.3333333333333333,0.4
10299,23,0.0,0.0,0.0,0.0,0.0,0.1,0.07272727272727274,0.07336392209936006,0.043478260869565216,0.1
21632,5,0.0,0.0,0.0,0.0,0.0,0.2,0.0,0.0,0.2,0.14285714285714285
8635,4,0.0,0.0,0.0,0.0,0.0,0.0,0.0,0.0,0.0,0.0
7759,25,0.2,0.19999999999999998,0.16958010263680803,0.04,0.2,0.3,0.30909090909090914,0.26180807422707547,0.12,0.3
293,3,0.0,0.0,0.0,0.0,0.0,0.0,0.0,0.0,0.0,0.0
14401,5,0.4,0.4666666666666666,0.38356636737133554,0.4,0.4,0.4,0.42500000000000004,0.38356636737133554,0.4,0.2
19657,20,0.2,0.3333333333333333,0.33916020527361607,0.05,0.2,0.3,0.32727272727272727,0.36792125721353275,0.15,0.3
18762,1,0.0,0.0,0.0,0.0,0.0,0.0,0.0,0.0,0.0,0.0
18731,3,0.6666666666666666,0.6666666666666667,0.7039180890341346,0.6666666666666666,0.4,0.6666666666666666,0.6666666666666666,0.7039180890341346,0.6666666666666666,0.2857142857142857
4025,2,1.0,0.5555555555555556,0.6131471927654584,1.0,0.4,1.0,0.5263157894736842,0.6131471927654584,1.0,0.2
5844,2,0.0,0.0,0.0,0.0,0.0,0.0,0.0,0.0,0.0,0.0
10533,22,0.2,0.3333333333333333,0.33916020527361607,0.045454545454545456,0.2,0.2,0.23636363636363636,0.2895229882348574,0.09090909090909091,0.2
3413,9,0.0,0.0,0.0,0.0,0.0,0.0,0.0,0.0,0.0,0.0
7228,23,0.0,0.0,0.0,0.0,0.0,0.0,0.0,0.0,0.0,0.0
2724,9,0.0,0.0,0.0,0.0,0.0,0.0,0.0,0.0,0.0,0.0
18420,3,0.0,0.0,0.0,0.0,0.0,0.0,0.0,0.0,0.0,0.0
20683,29,0.6,0.7999999999999999,0.7227265726449518,0.10344827586206896,0.6,0.5,0.6181818181818183,0.6117952373568121,0.1724137931034483,0.5
345,9,0.0,0.0,0.0,0.0,0.0,0.0,0.0,0.0,0.0,0.0
7017,17,0.6,0.39999999999999997,0.4468535299918562,0.17647058823529413,0.6,0.4,0.4,0.3535981533591635,0.23529411764705882,0.4
21008,1,0.0,0.0,0.0,0.0,0.0,0.0,0.0,0.0,0.0,0.0
10806,7,0.0,0.0,0.0,0.0,0.0,0.0,0.0,0.0,0.0,0.0
15363,13,0.2,0.3333333333333333,0.33916020527361607,0.07692307692307693,0.2,0.2,0.21818181818181817,0.28634598975246917,0.15384615384615385,0.2
3943,12,0.2,0.3333333333333333,0.33916020527361607,0.08333333333333333,0.2,0.2,0.2545454545454545,0.29345568839744024,0.16666666666666666,0.2
19129,5,0.0,0.0,0.0,0.0,0.0,0.0,0.0,0.0,0.0,0.0
1369,1,1.0,1.0,1.0,1.0,0.2,1.0,1.0,1.0,1.0,0.1111111111111111
10275,6,0.0,0.0,0.0,0.0,0.0,0.0,0.0,0.0,0.0,0.0
11061,8,0.2,0.26666666666666666,0.2139862647345275,0.125,0.2,0.375,0.3461538461538461,0.33400332003314975,0.375,0.3
22202,4,0.0,0.0,0.0,0.0,0.0,0.0,0.0,0.0,0.0,0.0
3715,2,1.0,1.0,1.0,1.0,0.4,1.0,1.0,1.0,1.0,0.2
13136,1,0.0,0.0,0.0,0.0,0.0,0.0,0.0,0.0,0.0,0.0
2420,3,0.0,0.0,0.0,0.0,0.0,0.0,0.0,0.0,0.0,0.0
2161,7,0.0,0.0,0.0,0.0,0.0,0.0,0.0,0.0,0.0,0.0
141,2,0.0,0.0,0.0,0.0,0.0,0.5,0.0,0.0,0.5,0.1
2430,38,0.2,0.3333333333333333,0.33916020527361607,0.02631578947368421,0.2,0.1,0.18181818181818182,0.22009176629808014,0.02631578947368421,0.1
2742,38,0.6,0.6666666666666666,0.6548086577531306,0.07894736842105263,0.6,0.6,0.6363636363636364,0.6403089930936581,0.15789473684210525,0.6
4034,2,1.0,1.0,1.0,1.0,0.4,1.0,1.0,1.0,1.0,0.2
6462,2,0.0,0.0,0.0,0.0,0.0,0.0,0.0,0.0,0.0,0.0
20294,11,0.8,0.8666666666666666,0.8539316501572936,0.36363636363636365,0.8,0.6,0.6909090909090909,0.6911279212606076,0.5454545454545454,0.6
16641,1,0.0,0.0,0.0,0.0,0.0,0.0,0.0,0.0,0.0,0.0
19846,2,0.0,0.0,0.0,0.0,0.0,0.0,0.0,0.0,0.0,0.0
2335,1,0.0,0.0,0.0,0.0,0.0,0.0,0.0,0.0,0.0,0.0
19687,11,0.0,0.0,0.0,0.0,0.0,0.0,0.0,0.0,0.0,0.0
5920,16,1.0,1.0,1.0,0.3125,1.0,0.7,0.7999999999999999,0.7819835854675756,0.4375,0.7
7907,8,0.2,0.3333333333333333,0.33916020527361607,0.125,0.2,0.25,0.2692307692307692,0.33725693702354287,0.25,0.2
10413,7,0.4,0.19999999999999998,0.2772734273550482,0.2857142857142857,0.4,0.42857142857142855,0.26530612244897955,0.22471947398559272,0.42857142857142855,0.3
6200,3,0.0,0.0,0.0,0.0,0.0,0.0,0.0,0.0,0.0,0.0
13456,10,0.6,0.6666666666666666,0.6548086577531306,0.3,0.6,0.3,0.45454545454545453,0.424926013816671,0.3,0.3
9261,4,0.25,0.2142857142857143,0.19519002499605081,0.25,0.2,0.5,0.23529411764705882,0.19519002499605081,0.5,0.2
10475,4,0.25,0.2142857142857143,0.19519002499605081,0.25,0.2,0.75,0.23529411764705882,0.19519002499605081,0.75,0.3
14742,1,0.0,0.0,0.0,0.0,0.0,0.0,0.0,0.0,0.0,0.0
7983,8,0.2,0.19999999999999998,0.16958010263680803,0.125,0.2,0.125,0.15384615384615385,0.12647135138382856,0.125,0.1
21227,23,0.2,0.26666666666666666,0.2139862647345275,0.043478260869565216,0.2,0.4,0.3818181818181818,0.36005585688836717,0.17391304347826086,0.4
14986,11,0.0,0.0,0.0,0.0,0.0,0.0,0.0,0.0,0.0,0.0
16334,6,0.0,0.0,0.0,0.0,0.0,0.0,0.0,0.0,0.0,0.0
4806,2,0.5,0.0,0.0,0.5,0.2,0.5,0.0,0.0,0.5,0.1
14595,19,0.6,0.7999999999999999,0.7227265726449518,0.15789473684210525,0.6,0.5,0.5454545454545455,0.5988751049740155,0.2631578947368421,0.5
8888,2,0.5,0.4444444444444445,0.3868528072345415,0.5,0.2,1.0,0.4736842105263158,0.3868528072345415,1.0,0.2
8906,4,0.0,0.0,0.0,0.0,0.0,0.0,0.0,0.0,0.0,0.0
19421,1,1.0,0.0,0.0,1.0,0.2,1.0,0.0,0.0,1.0,0.1
22366,2,0.0,0.0,0.0,0.0,0.0,0.0,0.0,0.0,0.0,0.0
17303,6,0.0,0.0,0.0,0.0,0.0,0.0,0.0,0.0,0.0,0.0
2626,4,0.0,0.0,0.0,0.0,0.0,0.0,0.0,0.0,0.0,0.0
14113,1,0.0,0.0,0.0,0.0,0.0,0.0,0.0,0.0,0.0,0.0
12977,11,0.6,0.7999999999999999,0.7227265726449518,0.2727272727272727,0.6,0.3,0.49090909090909096,0.46900009332067477,0.2727272727272727,0.3
2260,1,1.0,0.0,0.0,1.0,0.2,1.0,0.0,0.0,1.0,0.1
17654,2,0.0,0.0,0.0,0.0,0.0,0.0,0.0,0.0,0.0,0.0
254,4,0.0,0.0,0.0,0.0,0.0,0.25,0.0,0.0,0.25,0.1
8919,4,0.0,0.0,0.0,0.0,0.0,0.25,0.0,0.0,0.25,0.1
14757,1,0.0,0.0,0.0,0.0,0.0,0.0,0.0,0.0,0.0,0.0
8550,22,0.6,0.6,0.529634717214042,0.13636363636363635,0.6,0.7,0.690909090909091,0.631144327861347,0.3181818181818182,0.7
17922,2,0.0,0.0,0.0,0.0,0.0,0.0,0.0,0.0,0.0,0.0
16410,7,0.2,0.06666666666666665,0.13120507751234176,0.14285714285714285,0.2,0.2857142857142857,0.12244897959183672,0.10633668103022983,0.2857142857142857,0.2
10698,7,0.0,0.0,0.0,0.0,0.0,0.2857142857142857,0.08163265306122448,0.09162544430476363,0.2857142857142857,0.2
4324,4,0.0,0.0,0.0,0.0,0.0,0.0,0.0,0.0,0.0,0.0
21970,4,0.25,0.14285714285714288,0.16812753627111746,0.25,0.2,0.25,0.20588235294117643,0.16812753627111746,0.25,0.16666666666666666
1039,16,0.0,0.0,0.0,0.0,0.0,0.1,0.018181818181818177,0.0636207881989517,0.0625,0.1
21325,1,0.0,0.0,0.0,0.0,0.0,0.0,0.0,0.0,0.0,0.0
1559,1,0.0,0.0,0.0,0.0,0.0,0.0,0.0,0.0,0.0,0.0
3741,7,0.2,0.19999999999999998,0.16958010263680803,0.14285714285714285,0.2,0.42857142857142855,0.2448979591836735,0.22906361076190904,0.42857142857142855,0.3
14398,5,0.4,0.5333333333333333,0.5087403079104241,0.4,0.4,0.6,0.45,0.5087403079104241,0.6,0.3
18401,1,0.0,0.0,0.0,0.0,0.0,0.0,0.0,0.0,0.0,0.0
20048,1,1.0,0.0,0.0,1.0,0.2,1.0,0.0,0.0,1.0,0.1
22361,2,0.0,0.0,0.0,0.0,0.0,0.0,0.0,0.0,0.0,0.0
3147,12,0.2,0.26666666666666666,0.2139862647345275,0.08333333333333333,0.2,0.1,0.16363636363636364,0.1388624438735545,0.08333333333333333,0.1
16616,13,0.2,0.06666666666666665,0.13120507751234176,0.07692307692307693,0.2,0.3,0.21818181818181817,0.22476126319537001,0.23076923076923078,0.3
12512,33,0.0,0.0,0.0,0.0,0.0,0.2,0.054545454545454536,0.12987501165334073,0.06060606060606061,0.2
4971,3,0.3333333333333333,0.25,0.23463936301137822,0.3333333333333333,0.2,0.3333333333333333,0.2962962962962963,0.23463936301137822,0.3333333333333333,0.1
3240,4,0.25,0.28571428571428575,0.2463023887407299,0.25,0.2,0.5,0.2647058823529412,0.2463023887407299,0.5,0.2
8920,4,0.0,0.0,0.0,0.0,0.0,0.0,0.0,0.0,0.0,0.0
14611,5,0.0,0.0,0.0,0.0,0.0,0.0,0.0,0.0,0.0,0.0
13889,23,0.6,0.7333333333333334,0.6992148198508501,0.13043478260869565,0.6,0.5,0.6,0.5965377185773227,0.21739130434782608,0.5
13767,14,0.2,0.26666666666666666,0.2139862647345275,0.07142857142857142,0.2,0.1,0.16363636363636364,0.1388624438735545,0.07142857142857142,0.1
3887,5,0.0,0.0,0.0,0.0,0.0,0.0,0.0,0.0,0.0,0.0
21731,1,0.0,0.0,0.0,0.0,0.0,0.0,0.0,0.0,0.0,0.0
17120,4,0.5,0.5,0.5585075862632192,0.5,0.4,1.0,0.49999999999999994,0.5585075862632192,1.0,0.4
20001,2,0.0,0.0,0.0,0.0,0.0,0.0,0.0,0.0,0.0,0.0
10041,11,0.8,0.7333333333333334,0.7860137352654724,0.36363636363636365,0.8,0.5,0.6181818181818183,0.5795003533950692,0.45454545454545453,0.5
21566,3,0.0,0.0,0.0,0.0,0.0,0.0,0.0,0.0,0.0,0.0
15570,8,0.4,0.4666666666666666,0.38356636737133554,0.25,0.4,0.375,0.3269230769230769,0.2860604285087249,0.375,0.3
3791,3,0.0,0.0,0.0,0.0,0.0,0.0,0.0,0.0,0.0,0.0
6032,6,0.0,0.0,0.0,0.0,0.0,0.0,0.0,0.0,0.0,0.0
15538,2,0.5,0.0,0.0,0.5,0.2,0.5,0.0,0.0,0.5,0.1
3125,5,0.2,0.13333333333333333,0.14606834984270645,0.2,0.2,0.2,0.175,0.14606834984270645,0.2,0.1
10314,2,0.0,0.0,0.0,0.0,0.0,0.0,0.0,0.0,0.0,0.0
6214,4,0.25,0.0,0.0,0.25,0.2,0.5,0.0,0.0,0.5,0.2
13779,17,0.0,0.0,0.0,0.0,0.0,0.0,0.0,0.0,0.0,0.0
18914,1,1.0,0.0,0.0,1.0,0.3333333333333333,1.0,0.0,0.0,1.0,0.3333333333333333
18788,1,0.0,0.0,0.0,0.0,0.0,0.0,0.0,0.0,0.0,0.0
5847,18,0.2,0.06666666666666665,0.13120507751234176,0.05555555555555555,0.2,0.2,0.14545454545454545,0.15139734109601,0.1111111111111111,0.2
9258,1,0.0,0.0,0.0,0.0,0.0,0.0,0.0,0.0,0.0,0.0
16471,1,0.0,0.0,0.0,0.0,0.0,0.0,0.0,0.0,0.0,0.0
2773,3,0.0,0.0,0.0,0.0,0.0,0.0,0.0,0.0,0.0,0.0
14309,2,0.0,0.0,0.0,0.0,0.0,0.0,0.0,0.0,0.0,0.0
8696,14,0.0,0.0,0.0,0.0,0.0,0.1,0.018181818181818177,0.0636207881989517,0.07142857142857142,0.1
21544,2,0.0,0.0,0.0,0.0,0.0,0.0,0.0,0.0,0.0,0.0
12635,13,0.0,0.0,0.0,0.0,0.0,0.1,0.018181818181818177,0.0636207881989517,0.07692307692307693,0.1
19108,12,0.0,0.0,0.0,0.0,0.0,0.0,0.0,0.0,0.0,0.0
7477,1,0.0,0.0,0.0,0.0,0.0,1.0,0.0,0.0,1.0,0.1
20050,3,0.0,0.0,0.0,0.0,0.0,0.0,0.0,0.0,0.0,0.0
17085,4,0.0,0.0,0.0,0.0,0.0,0.0,0.0,0.0,0.0,0.0
18002,1,0.0,0.0,0.0,0.0,0.0,0.0,0.0,0.0,0.0,0.0
10014,9,0.6,0.6666666666666666,0.6843515475204854,0.3333333333333333,0.6,0.5555555555555556,0.537037037037037,0.5526193270751085,0.5555555555555556,0.5
2562,3,0.0,0.0,0.0,0.0,0.0,0.0,0.0,0.0,0.0,0.0
11083,8,0.0,0.0,0.0,0.0,0.0,0.0,0.0,0.0,0.0,0.0
687,1,0.0,0.0,0.0,0.0,0.0,0.0,0.0,0.0,0.0,0.0
1404,2,0.5,0.0,0.0,0.5,0.2,0.5,0.0,0.0,0.5,0.1
11113,4,0.0,0.0,0.0,0.0,0.0,0.0,0.0,0.0,0.0,0.0
1187,9,0.4,0.39999999999999997,0.4703652827859578,0.2222222222222222,0.4,0.4444444444444444,0.3888888888888889,0.4096984940326576,0.4444444444444444,0.4
10685,3,1.0,1.0,1.0,1.0,0.6,1.0,1.0,1.0,1.0,0.375
14930,3,0.0,0.0,0.0,0.0,0.0,0.0,0.0,0.0,0.0,0.0
4539,12,0.4,0.6,0.5531464700081437,0.16666666666666666,0.4,0.3,0.4,0.4283854321084119,0.25,0.3
247,10,0.0,0.0,0.0,0.0,0.0,0.0,0.0,0.0,0.0,0.0
4249,5,0.2,0.06666666666666665,0.13120507751234176,0.2,0.2,0.6,0.15,0.13120507751234176,0.6,0.3
13924,1,0.0,0.0,0.0,0.0,0.0,0.0,0.0,0.0,0.0,0.0
6704,5,0.2,0.13333333333333333,0.14606834984270645,0.2,0.2,0.2,0.175,0.14606834984270645,0.2,0.1
12477,3,0.0,0.0,0.0,0.0,0.0,0.3333333333333333,0.0,0.0,0.3333333333333333,0.1
12095,2,0.0,0.0,0.0,0.0,0.0,0.0,0.0,0.0,0.0,0.0
10569,1,0.0,0.0,0.0,0.0,0.0,0.0,0.0,0.0,0.0,0.0
21248,12,0.0,0.0,0.0,0.0,0.0,0.1111111111111111,0.09090909090909091,0.08372491399919348,0.08333333333333333,0.1111111111111111
16942,4,0.5,0.5714285714285715,0.5855700749881524,0.5,0.4,0.5,0.5294117647058824,0.5855700749881524,0.5,0.2
13977,18,0.4,0.4666666666666666,0.48522855511632257,0.1111111111111111,0.4,0.2,0.3090909090909091,0.31488013066763093,0.1111111111111111,0.2
12881,10,0.4,0.39999999999999997,0.4703652827859578,0.2,0.4,0.4,0.38181818181818183,0.4409203293308674,0.4,0.4
12405,2,0.0,0.0,0.0,0.0,0.0,0.0,0.0,0.0,0.0,0.0
1841,10,0.0,0.0,0.0,0.0,0.0,0.0,0.0,0.0,0.0,0.0
3316,3,0.0,0.0,0.0,0.0,0.0,0.0,0.0,0.0,0.0,0.0
18387,7,0.2,0.3333333333333333,0.33916020527361607,0.14285714285714285,0.2,0.5714285714285714,0.38775510204081626,0.4644147025690223,0.5714285714285714,0.4
21173,4,0.25,0.2142857142857143,0.19519002499605081,0.25,0.2,0.5,0.23529411764705882,0.19519002499605081,0.5,0.2
19127,1,1.0,0.0,0.0,1.0,0.2,1.0,0.0,0.0,1.0,0.2
9002,3,0.0,0.0,0.0,0.0,0.0,0.3333333333333333,0.0,0.0,0.3333333333333333,0.1
13063,17,0.4,0.4000000000000001,0.3600546145772339,0.11764705882352941,0.4,0.3,0.38181818181818183,0.31204907722178055,0.17647058823529413,0.3
8739,32,0.2,0.3333333333333333,0.33916020527361607,0.03125,0.2,0.5,0.43636363636363645,0.5075394027672818,0.15625,0.5
15405,11,0.2,0.3333333333333333,0.33916020527361607,0.09090909090909091,0.2,0.3,0.2727272727272727,0.3557772116892464,0.2727272727272727,0.3
5077,23,0.8,0.9333333333333332,0.8687949224876582,0.17391304347826086,0.8,0.8,0.8363636363636364,0.8454256604216017,0.34782608695652173,0.8
16305,16,0.4,0.3333333333333333,0.31564845247951445,0.125,0.4,0.4,0.3272727272727272,0.33470925917193156,0.25,0.4
9436,4,0.0,0.0,0.0,0.0,0.0,0.25,0.0,0.0,0.25,0.1
19925,2,0.0,0.0,0.0,0.0,0.0,0.0,0.0,0.0,0.0,0.0
2606,1,1.0,1.0,1.0,1.0,0.2,1.0,1.0,1.0,1.0,0.16666666666666666
6777,9,0.0,0.0,0.0,0.0,0.0,0.0,0.0,0.0,0.0,0.0
13896,7,0.2,0.13333333333333333,0.14606834984270645,0.14285714285714285,0.2,0.14285714285714285,0.14285714285714285,0.11838279295536291,0.14285714285714285,0.1
858,1,0.0,0.0,0.0,0.0,0.0,0.0,0.0,0.0,0.0,0.0
2252,8,0.2,0.13333333333333333,0.14606834984270645,0.125,0.2,0.25,0.23076923076923075,0.19903650127012357,0.25,0.2
6093,1,0.0,0.0,0.0,0.0,0.0,0.0,0.0,0.0,0.0,0.0
21472,1,0.0,0.0,0.0,0.0,0.0,0.0,0.0,0.0,0.0,0.0
322,8,0.2,0.3333333333333333,0.33916020527361607,0.125,0.2,0.25,0.1923076923076923,0.2529427027676571,0.25,0.2
18058,4,0.0,0.0,0.0,0.0,0.0,0.25,0.0,0.0,0.25,0.1
804,17,0.2,0.19999999999999998,0.16958010263680803,0.058823529411764705,0.2,0.3,0.2,0.23992089480238077,0.17647058823529413,0.3
21080,7,0.0,0.0,0.0,0.0,0.0,0.0,0.0,0.0,0.0,0.0
7185,2,0.5,0.0,0.0,0.5,0.2,0.5,0.0,0.0,0.5,0.2
17680,23,0.2,0.3333333333333333,0.33916020527361607,0.043478260869565216,0.2,0.2,0.23636363636363636,0.2895229882348574,0.08695652173913043,0.2
4760,2,0.0,0.0,0.0,0.0,0.0,0.0,0.0,0.0,0.0,0.0
14431,13,0.4,0.39999999999999997,0.4703652827859578,0.15384615384615385,0.4,0.4,0.41818181818181815,0.4480300279758384,0.3076923076923077,0.4
19736,1,0.0,0.0,0.0,0.0,0.0,0.0,0.0,0.0,0.0,0.0
21127,10,0.0,0.0,0.0,0.0,0.0,0.0,0.0,0.0,0.0,0.0
21519,1,0.0,0.0,0.0,0.0,0.0,0.0,0.0,0.0,0.0,0.0
17552,1,0.0,0.0,0.0,0.0,0.0,0.0,0.0,0.0,0.0,0.0
15524,2,0.5,0.0,0.0,0.5,0.2,0.5,0.0,0.0,0.5,0.1
1337,1,1.0,0.0,0.0,1.0,0.2,1.0,0.0,0.0,1.0,0.1
2064,6,0.2,0.26666666666666666,0.2139862647345275,0.16666666666666666,0.2,0.5,0.2,0.1909208661789346,0.5,0.3
15155,33,0.4,0.4666666666666666,0.38356636737133554,0.06060606060606061,0.4,0.3,0.38181818181818183,0.3222722491219546,0.09090909090909091,0.3
21344,5,0.0,0.0,0.0,0.0,0.0,0.0,0.0,0.0,0.0,0.0
826,26,0.0,0.0,0.0,0.0,0.0,0.1,0.036363636363636355,0.06625422345438903,0.038461538461538464,0.1
21527,3,0.0,0.0,0.0,0.0,0.0,0.0,0.0,0.0,0.0,0.0
20342,3,0.0,0.0,0.0,0.0,0.0,0.0,0.0,0.0,0.0,0.0
9980,1,0.0,0.0,0.0,0.0,0.0,0.0,0.0,0.0,0.0,0.0
9448,6,0.4,0.39999999999999997,0.4703652827859578,0.3333333333333333,0.4,0.6666666666666666,0.35555555555555557,0.4196650066367769,0.6666666666666666,0.4
16401,2,0.0,0.0,0.0,0.0,0.0,0.0,0.0,0.0,0.0,0.0
3633,1,0.0,0.0,0.0,0.0,0.0,0.0,0.0,0.0,0.0,0.0
9125,1,0.0,0.0,0.0,0.0,0.0,0.0,0.0,0.0,0.0,0.0
10408,6,0.0,0.0,0.0,0.0,0.0,0.0,0.0,0.0,0.0,0.0
21650,2,0.5,0.5555555555555556,0.6131471927654584,0.5,0.2,1.0,0.5263157894736842,0.6131471927654584,1.0,0.25
16681,3,0.0,0.0,0.0,0.0,0.0,0.0,0.0,0.0,0.0,0.0
6586,17,0.6,0.46666666666666673,0.4912596920895757,0.17647058823529413,0.6,0.5,0.5272727272727273,0.46158906992086357,0.29411764705882354,0.5
9626,4,0.0,0.0,0.0,0.0,0.0,0.75,0.0,0.0,0.75,0.3
14480,1,0.0,0.0,0.0,0.0,0.0,0.0,0.0,0.0,0.0,0.0
712,6,0.0,0.0,0.0,0.0,0.0,0.3333333333333333,0.0,0.0,0.3333333333333333,0.2
3026,12,0.2,0.13333333333333333,0.14606834984270645,0.08333333333333333,0.2,0.2,0.1636363636363636,0.16104258782393982,0.16666666666666666,0.2
19945,1,0.0,0.0,0.0,0.0,0.0,0.0,0.0,0.0,0.0,0.0
8749,2,0.0,0.0,0.0,0.0,0.0,0.0,0.0,0.0,0.0,0.0
3822,23,0.2,0.13333333333333333,0.14606834984270645,0.043478260869565216,0.2,0.2,0.21818181818181817,0.1731866333482261,0.08695652173913043,0.2
17408,13,0.4,0.3333333333333333,0.34519134224686926,0.15384615384615385,0.4,0.2,0.2727272727272727,0.22400556151517548,0.15384615384615385,0.2
14307,4,0.25,0.35714285714285715,0.39038004999210163,0.25,0.2,0.25,0.2941176470588235,0.39038004999210163,0.25,0.1
2281,40,0.0,0.0,0.0,0.0,0.0,0.1,0.07272727272727274,0.07336392209936006,0.025,0.1
20175,5,0.6,0.6,0.6399453854227659,0.6,0.6,0.8,0.6,0.6399453854227659,0.8,0.5
20730,3,0.0,0.0,0.0,0.0,0.0,0.0,0.0,0.0,0.0,0.0
10957,7,0.2,0.19999999999999998,0.16958010263680803,0.14285714285714285,0.2,0.14285714285714285,0.16326530612244897,0.13743816645714543,0.14285714285714285,0.1
21244,14,0.6,0.7999999999999999,0.7227265726449518,0.21428571428571427,0.6,0.4,0.5090909090909091,0.5326208815196265,0.2857142857142857,0.4
7372,1,1.0,0.0,0.0,1.0,0.25,1.0,0.0,0.0,1.0,0.25
92,1,0.0,0.0,0.0,0.0,0.0,0.0,0.0,0.0,0.0,0.0
4713,2,0.0,0.0,0.0,0.0,0.0,0.0,0.0,0.0,0.0,0.0
3759,16,0.2,0.3333333333333333,0.33916020527361607,0.0625,0.2,0.1,0.18181818181818182,0.22009176629808014,0.0625,0.1
17442,15,0.4,0.4666666666666666,0.38356636737133554,0.13333333333333333,0.4,0.4,0.43636363636363645,0.3917034710587319,0.26666666666666666,0.4
4688,2,0.0,0.0,0.0,0.0,0.0,0.5,0.0,0.0,0.5,0.1
4642,1,0.0,0.0,0.0,0.0,0.0,0.0,0.0,0.0,0.0,0.0
22039,1,1.0,0.0,0.0,1.0,0.2,1.0,0.0,0.0,1.0,0.14285714285714285
3702,31,0.2,0.26666666666666666,0.2139862647345275,0.03225806451612903,0.2,0.4,0.34545454545454546,0.3529461582433961,0.12903225806451613,0.4
13079,1,0.0,0.0,0.0,0.0,0.0,0.0,0.0,0.0,0.0,0.0
11352,1,0.0,0.0,0.0,0.0,0.0,0.0,0.0,0.0,0.0,0.0
22193,3,0.6666666666666666,0.5833333333333334,0.5307212739772434,0.6666666666666666,0.4,0.6666666666666666,0.6296296296296297,0.5307212739772434,0.6666666666666666,0.2
931,1,0.0,0.0,0.0,0.0,0.0,0.0,0.0,0.0,0.0,0.0
18098,6,0.0,0.0,0.0,0.0,0.0,0.16666666666666666,0.0,0.0,0.16666666666666666,0.1
19509,5,0.2,0.26666666666666666,0.2139862647345275,0.2,0.2,0.2,0.225,0.2139862647345275,0.2,0.1111111111111111
2359,1,0.0,0.0,0.0,0.0,0.0,1.0,0.0,0.0,1.0,0.1
21347,8,0.4,0.19999999999999998,0.2772734273550482,0.25,0.4,0.25,0.24999999999999994,0.20678808725291628,0.25,0.2
15629,2,0.0,0.0,0.0,0.0,0.0,0.0,0.0,0.0,0.0,0.0
4953,3,0.0,0.0,0.0,0.0,0.0,0.3333333333333333,0.0,0.0,0.3333333333333333,0.1
17582,17,0.2,0.19999999999999998,0.16958010263680803,0.058823529411764705,0.2,0.3,0.2545454545454545,0.2520649403266671,0.17647058823529413,0.3
7136,11,0.4,0.4666666666666666,0.38356636737133554,0.18181818181818182,0.4,0.2,0.30909090909090914,0.24890832702259458,0.18181818181818182,0.2
552,10,0.0,0.0,0.0,0.0,0.0,0.0,0.0,0.0,0.0,0.0
12638,4,0.5,0.35714285714285715,0.36331756126716824,0.5,0.4,0.5,0.4411764705882352,0.36331756126716824,0.5,0.2
11280,9,0.0,0.0,0.0,0.0,0.0,0.3333333333333333,0.22222222222222224,0.23622204575576314,0.3333333333333333,0.3
20322,5,0.2,0.06666666666666665,0.13120507751234176,0.2,0.2,0.2,0.15,0.13120507751234176,0.2,0.14285714285714285
1542,8,0.0,0.0,0.0,0.0,0.0,0.5,0.23076923076923078,0.2542087814707016,0.5,0.4
6329,19,0.4,0.39999999999999997,0.4703652827859578,0.10526315789473684,0.4,0.4,0.38181818181818183,0.4409203293308674,0.21052631578947367,0.4
12723,1,0.0,0.0,0.0,0.0,0.0,0.0,0.0,0.0,0.0,0.0
3153,2,0.5,0.4444444444444445,0.3868528072345415,0.5,0.2,0.5,0.4736842105263158,0.3868528072345415,0.5,0.1
3350,3,0.3333333333333333,0.0,0.0,0.3333333333333333,0.2,0.3333333333333333,0.0,0.0,0.3333333333333333,0.1
1692,10,0.2,0.19999999999999998,0.16958010263680803,0.1,0.2,0.2,0.18181818181818182,0.1763001066034291,0.2,0.2
6102,3,0.0,0.0,0.0,0.0,0.0,0.6666666666666666,0.0,0.0,0.6666666666666666,0.2
627,2,0.0,0.0,0.0,0.0,0.0,0.5,0.0,0.0,0.5,0.1
2697,15,0.4,0.5333333333333333,0.5087403079104241,0.13333333333333333,0.4,0.4,0.47272727272727266,0.4779671403625727,0.26666666666666666,0.4
1511,1,1.0,0.0,0.0,1.0,0.2,1.0,0.0,0.0,1.0,0.1
2076,5,0.0,0.0,0.0,0.0,0.0,0.0,0.0,0.0,0.0,0.0
15968,1,0.0,0.0,0.0,0.0,0.0,0.0,0.0,0.0,0.0,0.0
21225,1,0.0,0.0,0.0,0.0,0.0,0.0,0.0,0.0,0.0,0.0
20703,16,0.0,0.0,0.0,0.0,0.0,0.0,0.0,0.0,0.0,0.0
3198,4,0.0,0.0,0.0,0.0,0.0,0.75,0.0,0.0,0.75,0.3
12870,3,0.0,0.0,0.0,0.0,0.0,0.3333333333333333,0.0,0.0,0.3333333333333333,0.1
19957,4,0.0,0.0,0.0,0.0,0.0,0.0,0.0,0.0,0.0,0.0
20537,11,0.0,0.0,0.0,0.0,0.0,0.0,0.0,0.0,0.0,0.0
14207,6,0.25,0.26666666666666666,0.2463023887407299,0.16666666666666666,0.25,0.25,0.2,0.2463023887407299,0.16666666666666666,0.25
19135,6,0.4,0.4000000000000001,0.3600546145772339,0.3333333333333333,0.4,0.3333333333333333,0.35555555555555557,0.32124463208930526,0.3333333333333333,0.2
14261,12,0.0,0.0,0.0,0.0,0.0,0.1,0.036363636363636355,0.06625422345438903,0.08333333333333333,0.1
21961,4,0.25,0.28571428571428575,0.2463023887407299,0.25,0.2,0.5,0.2647058823529412,0.2463023887407299,0.5,0.2857142857142857
5061,1,0.0,0.0,0.0,0.0,0.0,0.0,0.0,0.0,0.0,0.0
3870,21,0.2,0.3333333333333333,0.33916020527361607,0.047619047619047616,0.2,0.4,0.3272727272727272,0.42650769853316917,0.19047619047619047,0.4
9255,1,0.0,0.0,0.0,0.0,0.0,0.0,0.0,0.0,0.0,0.0
9402,1,0.0,0.0,0.0,0.0,0.0,0.0,0.0,0.0,0.0,0.0
5856,2,0.0,0.0,0.0,0.0,0.0,0.0,0.0,0.0,0.0,0.0
2734,7,0.0,0.0,0.0,0.0,0.0,0.0,0.0,0.0,0.0,0.0
11581,8,0.4,0.19999999999999998,0.2772734273550482,0.25,0.4,0.25,0.24999999999999994,0.20678808725291628,0.25,0.2
788,5,0.0,0.0,0.0,0.0,0.0,0.0,0.0,0.0,0.0,0.0
7133,3,0.3333333333333333,0.25,0.23463936301137822,0.3333333333333333,0.2,0.3333333333333333,0.2962962962962963,0.23463936301137822,0.3333333333333333,0.1
7218,28,0.0,0.0,0.0,0.0,0.0,0.1,0.05454545454545456,0.06943122193677725,0.03571428571428571,0.1
7161,2,0.5,0.5555555555555556,0.6131471927654584,0.5,0.2,0.5,0.5263157894736842,0.6131471927654584,0.5,0.1
21313,7,0.3333333333333333,0.3333333333333333,0.46927872602275644,0.14285714285714285,0.3333333333333333,0.3333333333333333,0.2040816326530612,0.46927872602275644,0.14285714285714285,0.3333333333333333
88,2,0.0,0.0,0.0,0.0,0.0,0.0,0.0,0.0,0.0,0.0
1373,5,0.0,0.0,0.0,0.0,0.0,0.2,0.0,0.0,0.2,0.1
18530,1,0.0,0.0,0.0,0.0,0.0,0.0,0.0,0.0,0.0,0.0
1434,5,0.0,0.0,0.0,0.0,0.0,0.0,0.0,0.0,0.0,0.0
2182,16,0.4,0.5333333333333333,0.5087403079104241,0.125,0.4,0.5,0.49090909090909096,0.5391870169376466,0.3125,0.5
20003,3,0.3333333333333333,0.4166666666666667,0.46927872602275644,0.3333333333333333,0.2,0.3333333333333333,0.37037037037037035,0.46927872602275644,0.3333333333333333,0.2
9388,19,1.0,1.0,1.0,0.2631578947368421,1.0,0.7,0.8363636363636364,0.7885497208855957,0.3684210526315789,0.7
17769,20,0.2,0.19999999999999998,0.16958010263680803,0.05,0.2,0.1,0.14545454545454548,0.11004588314904007,0.05,0.1
14105,13,0.4,0.6,0.5531464700081437,0.15384615384615385,0.4,0.2,0.34545454545454546,0.3589542101716347,0.15384615384615385,0.2
11318,7,0.0,0.0,0.0,0.0,0.0,0.14285714285714285,0.1020408163265306,0.0979129253499678,0.14285714285714285,0.1
3998,5,0.2,0.26666666666666666,0.2139862647345275,0.2,0.2,0.2,0.225,0.2139862647345275,0.2,0.1
9512,3,0.0,0.0,0.0,0.0,0.0,0.0,0.0,0.0,0.0,0.0
12046,26,0.0,0.0,0.0,0.0,0.0,0.0,0.0,0.0,0.0,0.0
18122,11,0.2,0.26666666666666666,0.2139862647345275,0.09090909090909091,0.2,0.25,0.21818181818181823,0.23938361568734448,0.18181818181818182,0.25
19156,9,0.0,0.0,0.0,0.0,0.0,0.0,0.0,0.0,0.0,0.0
10501,11,0.0,0.0,0.0,0.0,0.0,0.0,0.0,0.0,0.0,0.0
765,15,0.6,0.6,0.529634717214042,0.2,0.6,0.6,0.5636363636363636,0.5469356251448462,0.4,0.6
2829,2,0.0,0.0,0.0,0.0,0.0,0.0,0.0,0.0,0.0,0.0
13489,5,0.0,0.0,0.0,0.0,0.0,0.0,0.0,0.0,0.0,0.0
19664,2,0.0,0.0,0.0,0.0,0.0,0.0,0.0,0.0,0.0,0.0
16255,2,0.0,0.0,0.0,0.0,0.0,0.0,0.0,0.0,0.0,0.0
8653,8,0.0,0.0,0.0,0.0,0.0,0.125,0.07692307692307693,0.08431423425588572,0.125,0.1
13809,16,0.6,0.6,0.6399453854227659,0.1875,0.6,0.3,0.43636363636363634,0.4152807670887412,0.1875,0.3
21619,7,0.0,0.0,0.0,0.0,0.0,0.0,0.0,0.0,0.0,0.0
19618,22,0.6,0.7999999999999999,0.7227265726449518,0.13636363636363635,0.6,0.4,0.5636363636363636,0.5423640154200349,0.18181818181818182,0.4
21450,6,0.2,0.3333333333333333,0.33916020527361607,0.16666666666666666,0.2,0.16666666666666666,0.2222222222222222,0.30260241349881345,0.16666666666666666,0.16666666666666666
4127,4,0.0,0.0,0.0,0.0,0.0,0.25,0.0,0.0,0.25,0.1
3083,4,0.25,0.35714285714285715,0.39038004999210163,0.25,0.2,0.5,0.2941176470588235,0.39038004999210163,0.5,0.2
17781,10,0.2,0.13333333333333333,0.14606834984270645,0.1,0.2,0.2,0.21818181818181817,0.1731866333482261,0.2,0.2
22378,7,0.0,0.0,0.0,0.0,0.0,0.0,0.0,0.0,0.0,0.0
20820,7,0.0,0.0,0.0,0.0,0.0,0.16666666666666666,0.1020408163265306,0.10778915452451095,0.14285714285714285,0.16666666666666666
15098,4,0.0,0.0,0.0,0.0,0.0,0.5,0.0,0.0,0.5,0.2
685,4,0.0,0.0,0.0,0.0,0.0,0.0,0.0,0.0,0.0,0.0
9203,1,0.0,0.0,0.0,0.0,0.0,0.0,0.0,0.0,0.0,0.0
15053,9,0.2,0.26666666666666666,0.2139862647345275,0.1111111111111111,0.2,0.1111111111111111,0.16666666666666666,0.14829723057014907,0.1111111111111111,0.1
4421,7,0.0,0.0,0.0,0.0,0.0,0.14285714285714285,0.1020408163265306,0.0979129253499678,0.14285714285714285,0.1
20057,7,0.0,0.0,0.0,0.0,0.0,0.0,0.0,0.0,0.0,0.0
11761,7,0.0,0.0,0.0,0.0,0.0,0.0,0.0,0.0,0.0,0.0
16851,1,0.0,0.0,0.0,0.0,0.0,0.0,0.0,0.0,0.0,0.0
16007,5,0.4,0.26666666666666666,0.3007851801491498,0.4,0.4,0.4,0.35,0.3007851801491498,0.4,0.2
8997,7,0.0,0.0,0.0,0.0,0.0,0.0,0.0,0.0,0.0,0.0
182,4,0.25,0.2142857142857143,0.19519002499605081,0.25,0.2,0.25,0.23529411764705882,0.19519002499605081,0.25,0.1
19251,16,0.4,0.3333333333333333,0.31564845247951445,0.125,0.4,0.4,0.4,0.34762939155472816,0.25,0.4
9415,16,0.6,0.5333333333333333,0.5147714448836773,0.1875,0.6,0.6,0.5636363636363636,0.5423247252962317,0.375,0.6
11549,15,0.4,0.4666666666666666,0.48522855511632257,0.13333333333333333,0.4,0.4,0.43636363636363645,0.45953262310069537,0.26666666666666666,0.4
2535,24,0.2,0.26666666666666666,0.2139862647345275,0.041666666666666664,0.2,0.2,0.18181818181818182,0.2024832320725062,0.08333333333333333,0.2
4064,13,0.0,0.0,0.0,0.0,0.0,0.1,0.05454545454545456,0.06943122193677725,0.07692307692307693,0.1
16700,6,0.3333333333333333,0.19999999999999998,0.23463936301137822,0.16666666666666666,0.3333333333333333,0.3333333333333333,0.17777777777777778,0.23463936301137822,0.16666666666666666,0.3333333333333333
1975,19,0.4,0.6,0.5531464700081437,0.10526315789473684,0.4,0.4,0.509090909090909,0.5107164012496701,0.21052631578947367,0.4
8139,1,0.0,0.0,0.0,0.0,0.0,0.0,0.0,0.0,0.0,0.0
16047,15,0.6,0.6666666666666666,0.6548086577531306,0.2,0.6,0.4,0.5454545454545454,0.5033242827953462,0.26666666666666666,0.4
13106,4,0.25,0.35714285714285715,0.39038004999210163,0.25,0.2,0.25,0.2941176470588235,0.39038004999210163,0.25,0.1
4434,4,0.0,0.0,0.0,0.0,0.0,0.0,0.0,0.0,0.0,0.0
11924,17,0.4,0.6,0.5531464700081437,0.11764705882352941,0.4,0.2,0.34545454545454546,0.3589542101716347,0.11764705882352941,0.2
17240,1,0.0,0.0,0.0,0.0,0.0,0.0,0.0,0.0,0.0,0.0
2940,25,0.0,0.0,0.0,0.0,0.0,0.3,0.21818181818181823,0.22119341301481263,0.12,0.3
14617,21,0.2,0.19999999999999998,0.16958010263680803,0.047619047619047616,0.2,0.1,0.14545454545454548,0.11004588314904007,0.047619047619047616,0.1
12054,2,0.0,0.0,0.0,0.0,0.0,0.0,0.0,0.0,0.0,0.0
21030,5,0.0,0.0,0.0,0.0,0.0,0.0,0.0,0.0,0.0,0.0
10066,3,0.0,0.0,0.0,0.0,0.0,0.0,0.0,0.0,0.0,0.0
21852,2,0.0,0.0,0.0,0.0,0.0,0.0,0.0,0.0,0.0,0.0
10709,1,0.0,0.0,0.0,0.0,0.0,0.0,0.0,0.0,0.0,0.0
6518,29,0.4,0.3333333333333333,0.31564845247951445,0.06896551724137931,0.4,0.2,0.2727272727272727,0.20483424751859083,0.06896551724137931,0.2
9342,5,0.0,0.0,0.0,0.0,0.0,0.0,0.0,0.0,0.0,0.0
9285,17,0.0,0.0,0.0,0.0,0.0,0.2,0.12727272727272726,0.14465249243306436,0.11764705882352941,0.2
12399,7,0.2,0.26666666666666666,0.2139862647345275,0.14285714285714285,0.2,0.2857142857142857,0.18367346938775508,0.17342765698823942,0.2857142857142857,0.2
21364,2,0.0,0.0,0.0,0.0,0.0,0.5,0.0,0.0,0.5,0.1111111111111111
1732,29,0.6,0.7999999999999999,0.7227265726449518,0.10344827586206896,0.6,0.4,0.5454545454545454,0.538431315257452,0.13793103448275862,0.4
16763,2,0.0,0.0,0.0,0.0,0.0,0.0,0.0,0.0,0.0,0.0
7455,7,0.0,0.0,0.0,0.0,0.0,0.0,0.0,0.0,0.0,0.0
581,2,0.0,0.0,0.0,0.0,0.0,0.0,0.0,0.0,0.0,0.0
16191,7,0.0,0.0,0.0,0.0,0.0,0.14285714285714285,0.0,0.0,0.14285714285714285,0.1
5184,7,0.0,0.0,0.0,0.0,0.0,0.0,0.0,0.0,0.0,0.0
16503,4,0.0,0.0,0.0,0.0,0.0,0.5,0.0,0.0,0.5,0.2
2696,1,1.0,0.0,0.0,1.0,0.2,1.0,0.0,0.0,1.0,0.1
1437,28,0.4,0.4666666666666666,0.48522855511632257,0.07142857142857142,0.4,0.5,0.49090909090909096,0.5289638450374726,0.17857142857142858,0.5
19204,22,0.6,0.7999999999999999,0.7227265726449518,0.13636363636363635,0.6,0.6,0.6909090909090909,0.6870165078530992,0.2727272727272727,0.6
16185,2,0.0,0.0,0.0,0.0,0.0,0.0,0.0,0.0,0.0,0.0
12703,4,0.25,0.2142857142857143,0.19519002499605081,0.25,0.2,0.25,0.23529411764705882,0.19519002499605081,0.25,0.1
12091,2,0.5,0.4444444444444445,0.3868528072345415,0.5,0.2,0.5,0.4736842105263158,0.3868528072345415,0.5,0.1
15035,3,0.0,0.0,0.0,0.0,0.0,0.3333333333333333,0.0,0.0,0.3333333333333333,0.1
22124,1,1.0,1.0,1.0,1.0,0.25,1.0,1.0,1.0,1.0,0.25
2781,4,0.25,0.28571428571428575,0.2463023887407299,0.25,0.2,0.25,0.2647058823529412,0.2463023887407299,0.25,0.1
17069,1,0.0,0.0,0.0,0.0,0.0,0.0,0.0,0.0,0.0,0.0
5447,19,0.6,0.6,0.6399453854227659,0.15789473684210525,0.6,0.4,0.47272727272727266,0.48153499054313026,0.21052631578947367,0.4
6457,2,0.0,0.0,0.0,0.0,0.0,0.0,0.0,0.0,0.0,0.0
22422,2,0.0,0.0,0.0,0.0,0.0,0.5,0.0,0.0,0.5,0.1
22191,1,0.0,0.0,0.0,0.0,0.0,0.0,0.0,0.0,0.0,0.0
12081,4,0.0,0.0,0.0,0.0,0.0,0.25,0.0,0.0,0.25,0.1
14977,9,0.4,0.5333333333333333,0.5087403079104241,0.2222222222222222,0.4,0.2222222222222222,0.3333333333333333,0.352568324121728,0.2222222222222222,0.2
6511,5,0.0,0.0,0.0,0.0,0.0,0.0,0.0,0.0,0.0,0.0
13411,3,0.6666666666666666,0.6666666666666667,0.7039180890341346,0.6666666666666666,0.4,0.6666666666666666,0.6666666666666666,0.7039180890341346,0.6666666666666666,0.2857142857142857
17060,1,0.0,0.0,0.0,0.0,0.0,0.0,0.0,0.0,0.0,0.0
21665,4,0.25,0.14285714285714288,0.16812753627111746,0.25,0.2,0.25,0.20588235294117643,0.16812753627111746,0.25,0.1
10878,17,0.0,0.0,0.0,0.0,0.0,0.0,0.0,0.0,0.0,0.0
21975,19,0.2,0.3333333333333333,0.33916020527361607,0.05263157894736842,0.2,0.2,0.2727272727272727,0.2984900352767555,0.10526315789473684,0.2
21869,1,0.0,0.0,0.0,0.0,0.0,0.0,0.0,0.0,0.0,0.0
19698,1,0.0,0.0,0.0,0.0,0.0,0.0,0.0,0.0,0.0,0.0
12135,4,0.25,0.14285714285714288,0.16812753627111746,0.25,0.2,0.5,0.20588235294117643,0.16812753627111746,0.5,0.2
6600,5,0.8,0.9333333333333332,0.8687949224876582,0.8,0.8,0.8,0.8500000000000001,0.8687949224876582,0.8,0.5
17065,4,0.75,0.5714285714285715,0.5855700749881524,0.75,0.6,0.75,0.5294117647058824,0.5855700749881524,0.75,0.3
1783,3,0.3333333333333333,0.4166666666666667,0.46927872602275644,0.3333333333333333,0.2,0.3333333333333333,0.37037037037037035,0.46927872602275644,0.3333333333333333,0.1
754,16,0.6,0.6666666666666666,0.6843515475204854,0.1875,0.6,0.7,0.7090909090909091,0.7315449642824573,0.4375,0.7
20165,21,0.2,0.3333333333333333,0.33916020527361607,0.047619047619047616,0.2,0.1,0.18181818181818182,0.22009176629808014,0.047619047619047616,0.1
10815,20,0.2,0.19999999999999998,0.16958010263680803,0.05,0.2,0.16666666666666666,0.14545454545454548,0.15130120674940672,0.05,0.16666666666666666
5200,1,0.0,0.0,0.0,0.0,0.0,0.0,0.0,0.0,0.0,0.0
11762,3,0.3333333333333333,0.4166666666666667,0.46927872602275644,0.3333333333333333,0.2,0.3333333333333333,0.37037037037037035,0.46927872602275644,0.3333333333333333,0.1
17886,2,0.0,0.0,0.0,0.0,0.0,0.0,0.0,0.0,0.0,0.0
16666,19,0.2,0.26666666666666666,0.2139862647345275,0.05263157894736842,0.2,0.3,0.2727272727272727,0.2784805894273035,0.15789473684210525,0.3
13481,1,0.0,0.0,0.0,0.0,0.0,0.0,0.0,0.0,0.0,0.0
18446,4,0.25,0.2142857142857143,0.19519002499605081,0.25,0.2,0.25,0.23529411764705882,0.19519002499605081,0.25,0.1111111111111111
10817,14,0.4,0.39999999999999997,0.4703652827859578,0.14285714285714285,0.4,0.2,0.29090909090909095,0.3052348839397011,0.14285714285714285,0.2
18059,10,0.2,0.13333333333333333,0.14606834984270645,0.1,0.2,0.1,0.12727272727272726,0.09478836436955078,0.1,0.1
21617,10,0.4,0.4666666666666666,0.38356636737133554,0.2,0.4,0.3,0.3272727272727273,0.31252911522154625,0.3,0.3
21309,10,0.4,0.6,0.5531464700081437,0.2,0.4,0.2,0.34545454545454546,0.3589542101716347,0.2,0.2
5273,1,0.0,0.0,0.0,0.0,0.0,0.0,0.0,0.0,0.0,0.0
10331,5,0.0,0.0,0.0,0.0,0.0,0.2,0.0,0.0,0.2,0.1
12941,23,0.8,0.8000000000000002,0.8304198973631919,0.17391304347826086,0.8,0.6,0.6363636363636362,0.6687607038361473,0.2608695652173913,0.6
1546,14,0.0,0.0,0.0,0.0,0.0,0.1,0.09090909090909091,0.07839826897867533,0.07142857142857142,0.1
8732,2,0.0,0.0,0.0,0.0,0.0,0.0,0.0,0.0,0.0,0.0
7755,3,0.3333333333333333,0.25,0.23463936301137822,0.3333333333333333,0.3333333333333333,0.3333333333333333,0.2962962962962963,0.23463936301137822,0.3333333333333333,0.3333333333333333
8610,3,0.0,0.0,0.0,0.0,0.0,0.0,0.0,0.0,0.0,0.0
10240,1,0.0,0.0,0.0,0.0,0.0,0.0,0.0,0.0,0.0,0.0
14874,23,0.4,0.39999999999999997,0.4703652827859578,0.08695652173913043,0.4,0.3,0.34545454545454546,0.3746661058764783,0.13043478260869565,0.3
9289,4,0.25,0.28571428571428575,0.2463023887407299,0.25,0.2,0.5,0.2647058823529412,0.2463023887407299,0.5,0.2
5039,18,0.8,0.6666666666666666,0.6608397947263838,0.2222222222222222,0.8,0.5,0.6000000000000001,0.4982710309705436,0.2777777777777778,0.5
13184,1,0.0,0.0,0.0,0.0,0.0,0.0,0.0,0.0,0.0,0.0
7018,2,0.0,0.0,0.0,0.0,0.0,0.0,0.0,0.0,0.0,0.0
15671,1,0.0,0.0,0.0,0.0,0.0,0.0,0.0,0.0,0.0,0.0
17087,2,0.0,0.0,0.0,0.0,0.0,0.0,0.0,0.0,0.0,0.0
13803,9,0.4,0.3333333333333333,0.34519134224686926,0.2222222222222222,0.4,0.4444444444444444,0.4444444444444444,0.40129869165981646,0.4444444444444444,0.4
9113,3,0.0,0.0,0.0,0.0,0.0,0.0,0.0,0.0,0.0,0.0
17262,11,0.2,0.3333333333333333,0.33916020527361607,0.09090909090909091,0.2,0.1,0.18181818181818182,0.22009176629808014,0.09090909090909091,0.1
19689,1,0.0,0.0,0.0,0.0,0.0,0.0,0.0,0.0,0.0,0.0
10120,14,0.0,0.0,0.0,0.0,0.0,0.2,0.12727272727272726,0.14465249243306436,0.14285714285714285,0.2
9758,2,0.5,0.4444444444444445,0.3868528072345415,0.5,0.2,0.5,0.4736842105263158,0.3868528072345415,0.5,0.1
10598,1,0.0,0.0,0.0,0.0,0.0,0.0,0.0,0.0,0.0,0.0
21722,1,0.0,0.0,0.0,0.0,0.0,0.0,0.0,0.0,0.0,0.0
21497,12,0.0,0.0,0.0,0.0,0.0,0.1111111111111111,0.036363636363636355,0.0707557607210806,0.08333333333333333,0.1111111111111111
16414,5,0.2,0.19999999999999998,0.16958010263680803,0.2,0.2,0.2,0.2,0.16958010263680803,0.2,0.1
8557,3,0.0,0.0,0.0,0.0,0.0,0.0,0.0,0.0,0.0,0.0
10369,3,0.0,0.0,0.0,0.0,0.0,0.0,0.0,0.0,0.0,0.0
13408,1,0.0,0.0,0.0,0.0,0.0,0.0,0.0,0.0,0.0,0.0
7195,10,0.2,0.3333333333333333,0.33916020527361607,0.1,0.2,0.2,0.2545454545454545,0.29345568839744024,0.2,0.2
8875,2,0.5,0.5555555555555556,0.6131471927654584,0.5,0.2,1.0,0.5263157894736842,0.6131471927654584,1.0,0.25
7778,9,0.6,0.7333333333333334,0.6992148198508501,0.3333333333333333,0.6,0.4444444444444444,0.574074074074074,0.5682963021961281,0.4444444444444444,0.4444444444444444
9096,8,0.4,0.3333333333333333,0.34519134224686926,0.25,0.4,0.375,0.28846153846153844,0.25744067176005675,0.375,0.3
4825,8,0.2,0.13333333333333333,0.14606834984270645,0.125,0.2,0.125,0.1346153846153846,0.1089364926177559,0.125,0.1
21697,7,0.0,0.0,0.0,0.0,0.0,0.14285714285714285,0.1020408163265306,0.0979129253499678,0.14285714285714285,0.1
16712,2,0.0,0.0,0.0,0.0,0.0,0.0,0.0,0.0,0.0,0.0
20,8,0.2,0.3333333333333333,0.33916020527361607,0.125,0.2,0.25,0.25,0.3327372413301053,0.25,0.2
736,25,0.8,0.6666666666666666,0.6608397947263838,0.16,0.8,0.7,0.7636363636363637,0.6500332220485789,0.28,0.7
14921,3,0.0,0.0,0.0,0.0,0.0,0.3333333333333333,0.0,0.0,0.3333333333333333,0.1
17271,3,0.0,0.0,0.0,0.0,0.0,0.0,0.0,0.0,0.0,0.0
3930,2,0.0,0.0,0.0,0.0,0.0,0.0,0.0,0.0,0.0,0.0
13060,1,0.0,0.0,0.0,0.0,0.0,0.0,0.0,0.0,0.0,0.0
15216,10,0.0,0.0,0.0,0.0,0.0,0.2,0.10909090909090909,0.13961814555374907,0.2,0.2
12448,25,0.2,0.3333333333333333,0.33916020527361607,0.04,0.2,0.4,0.4,0.44128517931289274,0.16,0.4
6174,1,0.0,0.0,0.0,0.0,0.0,0.0,0.0,0.0,0.0,0.0
18043,6,0.3333333333333333,0.19999999999999998,0.23463936301137822,0.16666666666666666,0.3333333333333333,0.3333333333333333,0.17777777777777778,0.23463936301137822,0.16666666666666666,0.3333333333333333
9441,5,0.0,0.0,0.0,0.0,0.0,0.2,0.0,0.0,0.2,0.1
20715,1,0.0,0.0,0.0,0.0,0.0,0.0,0.0,0.0,0.0,0.0
3642,16,0.0,0.0,0.0,0.0,0.0,0.0,0.0,0.0,0.0,0.0
20150,5,0.0,0.0,0.0,0.0,0.0,0.0,0.0,0.0,0.0,0.0
14003,1,0.0,0.0,0.0,0.0,0.0,0.0,0.0,0.0,0.0,0.0
15807,9,0.0,0.0,0.0,0.0,0.0,0.1111111111111111,0.03703703703703703,0.0707557607210806,0.1111111111111111,0.1
3602,1,0.0,0.0,0.0,0.0,0.0,0.0,0.0,0.0,0.0,0.0
12308,11,0.2,0.3333333333333333,0.33916020527361607,0.09090909090909091,0.2,0.1,0.18181818181818182,0.22009176629808014,0.09090909090909091,0.1
9241,15,0.0,0.0,0.0,0.0,0.0,0.0,0.0,0.0,0.0,0.0
12419,7,0.0,0.0,0.0,0.0,0.0,0.0,0.0,0.0,0.0,0.0
15115,19,0.6,0.7333333333333334,0.6992148198508501,0.15789473684210525,0.6,0.6,0.6545454545454544,0.6691255538181726,0.3157894736842105,0.6
2198,9,0.2,0.3333333333333333,0.33916020527361607,0.1111111111111111,0.2,0.2222222222222222,0.24074074074074073,0.3091941646995599,0.2222222222222222,0.2
4949,2,0.0,0.0,0.0,0.0,0.0,0.0,0.0,0.0,0.0,0.0
4620,10,0.6,0.6666666666666666,0.6843515475204854,0.3,0.6,0.4,0.5454545454545454,0.522495596791931,0.4,0.4
14679,15,0.6,0.5333333333333333,0.6164336326286642,0.2,0.6,0.4,0.49090909090909085,0.47338717040861195,0.26666666666666666,0.4
1084,2,0.0,0.0,0.0,0.0,0.0,0.0,0.0,0.0,0.0,0.0
18697,1,0.0,0.0,0.0,0.0,0.0,1.0,0.0,0.0,1.0,0.1
15283,3,0.0,0.0,0.0,0.0,0.0,0.0,0.0,0.0,0.0,0.0
13080,21,0.2,0.3333333333333333,0.33916020527361607,0.047619047619047616,0.2,0.1,0.18181818181818182,0.22009176629808014,0.047619047619047616,0.1
12279,26,0.0,0.0,0.0,0.0,0.0,0.0,0.0,0.0,0.0,0.0
20076,1,0.0,0.0,0.0,0.0,0.0,0.0,0.0,0.0,0.0,0.0
7801,10,0.2,0.3333333333333333,0.33916020527361607,0.1,0.2,0.1,0.18181818181818182,0.22009176629808014,0.1,0.1
17178,5,0.2,0.26666666666666666,0.2139862647345275,0.2,0.2,0.2,0.225,0.2139862647345275,0.2,0.1
11136,7,0.2,0.3333333333333333,0.33916020527361607,0.14285714285714285,0.2,0.2857142857142857,0.2040816326530612,0.27487633291429087,0.2857142857142857,0.2
16966,2,0.0,0.0,0.0,0.0,0.0,0.0,0.0,0.0,0.0,0.0
2482,4,0.75,0.8571428571428572,0.8318724637288825,0.75,0.6,0.75,0.7941176470588235,0.8318724637288825,0.75,0.3
15698,11,0.2,0.06666666666666665,0.13120507751234176,0.09090909090909091,0.2,0.2,0.2,0.1635413866202963,0.18181818181818182,0.2
8070,28,0.8,0.8666666666666666,0.8539316501572936,0.14285714285714285,0.8,0.6,0.7090909090909091,0.6937613565160449,0.21428571428571427,0.6
746,2,0.5,0.0,0.0,0.5,0.2,1.0,0.0,0.0,1.0,0.2
4900,9,0.2,0.26666666666666666,0.2139862647345275,0.1111111111111111,0.2,0.4444444444444444,0.3333333333333333,0.37155012304779933,0.4444444444444444,0.4
14942,3,0.0,0.0,0.0,0.0,0.0,0.0,0.0,0.0,0.0,0.0
14602,18,0.0,0.0,0.0,0.0,0.0,0.2,0.09090909090909091,0.13698471029831175,0.1111111111111111,0.2
11975,4,0.25,0.35714285714285715,0.39038004999210163,0.25,0.2,0.25,0.2941176470588235,0.39038004999210163,0.25,0.1
10176,1,0.0,0.0,0.0,0.0,0.0,0.0,0.0,0.0,0.0,0.0
21992,2,0.0,0.0,0.0,0.0,0.0,0.0,0.0,0.0,0.0,0.0
8487,18,0.2,0.19999999999999998,0.16958010263680803,0.05555555555555555,0.2,0.3,0.2545454545454546,0.24966402870278911,0.16666666666666666,0.3
12510,20,0.4,0.6,0.5531464700081437,0.1,0.4,0.3,0.4,0.4283854321084119,0.15,0.3
19788,1,0.0,0.0,0.0,0.0,0.0,0.0,0.0,0.0,0.0,0.0
19012,23,0.0,0.0,0.0,0.0,0.0,0.2,0.10909090909090909,0.14201905717762703,0.08695652173913043,0.2
21381,25,0.0,0.0,0.0,0.0,0.0,0.0,0.0,0.0,0.0,0.0
6082,18,0.6,0.6666666666666666,0.6548086577531306,0.16666666666666666,0.6,0.5,0.6181818181818182,0.5766882048947064,0.2777777777777778,0.5
14820,11,0.4,0.26666666666666666,0.3007851801491498,0.18181818181818182,0.4,0.2,0.2545454545454545,0.19518900079066104,0.18181818181818182,0.2
9866,20,0.6,0.6666666666666666,0.6548086577531306,0.15,0.6,0.6,0.6727272727272727,0.6461194268314836,0.3,0.6
22515,7,0.6,0.6,0.6399453854227659,0.42857142857142855,0.6,0.42857142857142855,0.48979591836734687,0.5186511804016661,0.42857142857142855,0.3333333333333333
14911,8,0.2,0.13333333333333333,0.14606834984270645,0.125,0.2,0.125,0.1346153846153846,0.1089364926177559,0.125,0.1
8151,5,0.0,0.0,0.0,0.0,0.0,0.0,0.0,0.0,0.0,0.0
8371,14,0.0,0.0,0.0,0.0,0.0,0.1,0.036363636363636355,0.06625422345438903,0.07142857142857142,0.1
6073,19,0.4,0.4666666666666666,0.48522855511632257,0.10526315789473684,0.4,0.2,0.3090909090909091,0.31488013066763093,0.10526315789473684,0.2
3559,4,0.0,0.0,0.0,0.0,0.0,0.0,0.0,0.0,0.0,0.0
6245,8,0.4,0.39999999999999997,0.4703652827859578,0.25,0.4,0.375,0.3076923076923077,0.35079429740281753,0.375,0.3
15407,3,0.0,0.0,0.0,0.0,0.0,0.0,0.0,0.0,0.0,0.0
4662,3,0.3333333333333333,0.4166666666666667,0.46927872602275644,0.3333333333333333,0.2,0.3333333333333333,0.37037037037037035,0.46927872602275644,0.3333333333333333,0.1
16710,6,0.0,0.0,0.0,0.0,0.0,0.3333333333333333,0.1111111111111111,0.10778915452451095,0.3333333333333333,0.2
7117,6,0.0,0.0,0.0,0.0,0.0,0.0,0.0,0.0,0.0,0.0
13081,4,0.0,0.0,0.0,0.0,0.0,0.25,0.0,0.0,0.25,0.1
12698,2,0.0,0.0,0.0,0.0,0.0,0.5,0.0,0.0,0.5,0.1
10579,1,0.0,0.0,0.0,0.0,0.0,0.0,0.0,0.0,0.0,0.0
19332,6,0.0,0.0,0.0,0.0,0.0,0.16666666666666666,0.0,0.0,0.16666666666666666,0.1
8322,1,0.0,0.0,0.0,0.0,0.0,0.0,0.0,0.0,0.0,0.0
2656,4,0.0,0.0,0.0,0.0,0.0,0.5,0.0,0.0,0.5,0.2
16256,9,0.0,0.0,0.0,0.0,0.0,0.1111111111111111,0.05555555555555556,0.07414861528507453,0.1111111111111111,0.1
22059,4,0.0,0.0,0.0,0.0,0.0,0.0,0.0,0.0,0.0,0.0
3708,6,0.0,0.0,0.0,0.0,0.0,0.3333333333333333,0.1111111111111111,0.10778915452451095,0.3333333333333333,0.2
14045,1,0.0,0.0,0.0,0.0,0.0,0.0,0.0,0.0,0.0,0.0
20976,2,0.0,0.0,0.0,0.0,0.0,0.0,0.0,0.0,0.0,0.0
13565,5,0.2,0.26666666666666666,0.2139862647345275,0.2,0.2,0.4,0.225,0.2139862647345275,0.4,0.2
10292,9,0.4,0.4666666666666666,0.48522855511632257,0.2222222222222222,0.4,0.2222222222222222,0.31481481481481477,0.3362741576267856,0.2222222222222222,0.2
12741,6,0.0,0.0,0.0,0.0,0.0,0.0,0.0,0.0,0.0,0.0
1453,1,1.0,0.0,0.0,1.0,0.2,1.0,0.0,0.0,1.0,0.1
9721,10,0.2,0.3333333333333333,0.33916020527361607,0.1,0.2,0.1,0.18181818181818182,0.22009176629808014,0.1,0.1
17700,1,0.0,0.0,0.0,0.0,0.0,0.0,0.0,0.0,0.0,0.0
9343,2,0.0,0.0,0.0,0.0,0.0,0.0,0.0,0.0,0.0,0.0
2900,7,0.0,0.0,0.0,0.0,0.0,0.14285714285714285,0.0,0.0,0.14285714285714285,0.1
12120,13,0.4,0.39999999999999997,0.4703652827859578,0.15384615384615385,0.4,0.4,0.41818181818181815,0.4480300279758384,0.3076923076923077,0.4
17954,1,0.0,0.0,0.0,0.0,0.0,0.0,0.0,0.0,0.0,0.0
21298,33,0.4,0.26666666666666666,0.3007851801491498,0.06060606060606061,0.4,0.4,0.3636363636363636,0.33480714634441017,0.12121212121212122,0.4
813,4,0.25,0.14285714285714288,0.16812753627111746,0.25,0.2,0.25,0.20588235294117643,0.16812753627111746,0.25,0.1
1062,1,0.0,0.0,0.0,0.0,0.0,0.0,0.0,0.0,0.0,0.0
3409,2,0.0,0.0,0.0,0.0,0.0,0.5,0.0,0.0,0.5,0.1
2895,5,0.0,0.0,0.0,0.0,0.0,0.0,0.0,0.0,0.0,0.0
12908,17,0.4,0.19999999999999998,0.2772734273550482,0.11764705882352941,0.4,0.3,0.309090909090909,0.2532954041105318,0.17647058823529413,0.3
11030,2,0.5,0.0,0.0,0.5,0.2,0.5,0.0,0.0,0.5,0.1
21963,15,0.4,0.19999999999999998,0.2772734273550482,0.13333333333333333,0.4,0.2,0.23636363636363633,0.17993148201117173,0.13333333333333333,0.2
11592,24,0.2,0.3333333333333333,0.33916020527361607,0.041666666666666664,0.2,0.2,0.2545454545454545,0.29345568839744024,0.08333333333333333,0.2
19917,6,0.4,0.3333333333333333,0.34519134224686926,0.3333333333333333,0.4,0.5,0.3333333333333333,0.30798345931689813,0.5,0.3
13279,27,0.2,0.3333333333333333,0.33916020527361607,0.037037037037037035,0.2,0.1,0.18181818181818182,0.22009176629808014,0.037037037037037035,0.1
6325,11,0.2,0.26666666666666666,0.2139862647345275,0.09090909090909091,0.2,0.1,0.16363636363636364,0.1388624438735545,0.09090909090909091,0.1
10425,4,0.0,0.0,0.0,0.0,0.0,0.0,0.0,0.0,0.0,0.0
15032,1,0.0,0.0,0.0,0.0,0.0,0.0,0.0,0.0,0.0,0.0
12743,5,0.2,0.13333333333333333,0.14606834984270645,0.2,0.2,0.2,0.175,0.14606834984270645,0.2,0.1
6405,4,0.0,0.0,0.0,0.0,0.0,0.0,0.0,0.0,0.0,0.0
14473,22,0.4,0.4000000000000001,0.3600546145772339,0.09090909090909091,0.4,0.3,0.38181818181818183,0.31204907722178055,0.13636363636363635,0.3
1872,22,1.0,1.0,1.0,0.22727272727272727,1.0,0.6,0.8181818181818182,0.727329844310522,0.2727272727272727,0.6
20679,4,0.0,0.0,0.0,0.0,0.0,0.0,0.0,0.0,0.0,0.0
10966,5,0.0,0.0,0.0,0.0,0.0,0.0,0.0,0.0,0.0,0.0
14289,10,0.0,0.0,0.0,0.0,0.0,0.0,0.0,0.0,0.0,0.0
8455,9,0.0,0.0,0.0,0.0,0.0,0.0,0.0,0.0,0.0,0.0
15603,14,0.6,0.46666666666666673,0.4912596920895757,0.21428571428571427,0.6,0.4,0.43636363636363645,0.3850481493391153,0.2857142857142857,0.4
2226,2,0.5,0.0,0.0,0.5,0.2,0.5,0.0,0.0,0.5,0.1
18374,2,0.0,0.0,0.0,0.0,0.0,0.0,0.0,0.0,0.0,0.0
5177,7,0.2,0.19999999999999998,0.16958010263680803,0.14285714285714285,0.2,0.2857142857142857,0.16326530612244897,0.13743816645714543,0.2857142857142857,0.2
17535,18,0.8,0.8666666666666666,0.8539316501572936,0.2222222222222222,0.8,0.6,0.6727272727272728,0.6871952210980248,0.3333333333333333,0.6
9134,2,0.0,0.0,0.0,0.0,0.0,0.0,0.0,0.0,0.0,0.0
17612,5,0.2,0.06666666666666665,0.13120507751234176,0.2,0.2,0.4,0.15,0.13120507751234176,0.4,0.2
206,20,0.0,0.0,0.0,0.0,0.0,0.0,0.0,0.0,0.0,0.0
18739,14,0.2,0.26666666666666666,0.2139862647345275,0.07142857142857142,0.2,0.1,0.16363636363636364,0.1388624438735545,0.07142857142857142,0.1
8604,2,0.0,0.0,0.0,0.0,0.0,0.0,0.0,0.0,0.0,0.0
16233,8,0.0,0.0,0.0,0.0,0.0,0.125,0.0,0.0,0.125,0.1
944,1,0.0,0.0,0.0,0.0,0.0,0.0,0.0,0.0,0.0,0.0
17052,2,0.0,0.0,0.0,0.0,0.0,0.0,0.0,0.0,0.0,0.0
21948,1,0.0,0.0,0.0,0.0,0.0,0.0,0.0,0.0,0.0,0.0
8098,1,0.0,0.0,0.0,0.0,0.0,0.0,0.0,0.0,0.0,0.0
18982,5,0.0,0.0,0.0,0.0,0.0,0.0,0.0,0.0,0.0,0.0
21400,9,0.4,0.6,0.5531464700081437,0.2222222222222222,0.4,0.2222222222222222,0.3518518518518518,0.38334277998463445,0.2222222222222222,0.2
544,26,0.4,0.4666666666666666,0.48522855511632257,0.07692307692307693,0.4,0.3,0.34545454545454546,0.38113435412202,0.11538461538461539,0.3
14559,11,0.4,0.4666666666666666,0.48522855511632257,0.18181818181818182,0.4,0.2,0.3090909090909091,0.31488013066763093,0.18181818181818182,0.2
3752,2,0.5,0.5555555555555556,0.6131471927654584,0.5,0.2,0.5,0.5263157894736842,0.6131471927654584,0.5,0.1
16340,3,0.3333333333333333,0.0,0.0,0.3333333333333333,0.2,0.3333333333333333,0.0,0.0,0.3333333333333333,0.1
15946,3,0.0,0.0,0.0,0.0,0.0,0.0,0.0,0.0,0.0,0.0
3695,17,0.2,0.06666666666666665,0.13120507751234176,0.058823529411764705,0.2,0.2,0.16363636363636364,0.15457433957839825,0.11764705882352941,0.2
20738,17,0.0,0.0,0.0,0.0,0.0,0.1,0.05454545454545456,0.06943122193677725,0.058823529411764705,0.1
5917,13,0.2,0.26666666666666666,0.2139862647345275,0.07692307692307693,0.2,0.1,0.16363636363636364,0.1388624438735545,0.07692307692307693,0.1
19938,21,0.4,0.4666666666666666,0.48522855511632257,0.09523809523809523,0.4,0.5,0.47272727272727283,0.5239294981581573,0.23809523809523808,0.5
4000,3,0.0,0.0,0.0,0.0,0.0,0.0,0.0,0.0,0.0,0.0
17455,13,0.2,0.3333333333333333,0.33916020527361607,0.07692307692307693,0.2,0.3,0.2909090909090909,0.35970991185182927,0.23076923076923078,0.3
7917,3,0.0,0.0,0.0,0.0,0.0,0.0,0.0,0.0,0.0,0.0
6361,10,0.0,0.0,0.0,0.0,0.0,0.0,0.0,0.0,0.0,0.0
13405,1,0.0,0.0,0.0,0.0,0.0,0.0,0.0,0.0,0.0,0.0
11192,4,0.0,0.0,0.0,0.0,0.0,0.0,0.0,0.0,0.0,0.0
9143,3,0.0,0.0,0.0,0.0,0.0,0.3333333333333333,0.0,0.0,0.3333333333333333,0.1
21645,3,0.0,0.0,0.0,0.0,0.0,0.3333333333333333,0.0,0.0,0.3333333333333333,0.1
253,15,0.4,0.4666666666666666,0.38356636737133554,0.13333333333333333,0.4,0.3,0.4,0.3273065960012699,0.2,0.3
2967,1,0.0,0.0,0.0,0.0,0.0,0.0,0.0,0.0,0.0,0.0
20326,11,0.4,0.3333333333333333,0.34519134224686926,0.18181818181818182,0.4,0.2,0.2727272727272727,0.22400556151517548,0.18181818181818182,0.2
1185,15,0.0,0.0,0.0,0.0,0.0,0.2,0.09090909090909091,0.13698471029831175,0.13333333333333333,0.2
21746,2,0.0,0.0,0.0,0.0,0.0,0.0,0.0,0.0,0.0,0.0
4683,3,0.6666666666666666,0.25,0.23463936301137822,0.6666666666666666,0.4,0.6666666666666666,0.2962962962962963,0.23463936301137822,0.6666666666666666,0.2
11988,3,0.3333333333333333,0.4166666666666667,0.46927872602275644,0.3333333333333333,0.2,0.3333333333333333,0.37037037037037035,0.46927872602275644,0.3333333333333333,0.2
8811,4,0.25,0.35714285714285715,0.39038004999210163,0.25,0.2,0.25,0.2941176470588235,0.39038004999210163,0.25,0.1
8195,4,0.0,0.0,0.0,0.0,0.0,0.0,0.0,0.0,0.0,0.0
12340,11,0.4,0.6,0.5531464700081437,0.18181818181818182,0.4,0.2,0.34545454545454546,0.3589542101716347,0.18181818181818182,0.2
2810,2,0.0,0.0,0.0,0.0,0.0,0.0,0.0,0.0,0.0,0.0
2956,1,0.0,0.0,0.0,0.0,0.0,0.0,0.0,0.0,0.0,0.0
22100,1,0.0,0.0,0.0,0.0,0.0,0.0,0.0,0.0,0.0,0.0
10644,7,0.0,0.0,0.0,0.0,0.0,0.0,0.0,0.0,0.0,0.0
1112,10,0.4,0.6,0.5531464700081437,0.2,0.4,0.2,0.34545454545454546,0.3589542101716347,0.2,0.2
19915,1,1.0,0.0,0.0,1.0,0.25,1.0,0.0,0.0,1.0,0.25
13861,7,0.2,0.3333333333333333,0.33916020527361607,0.14285714285714285,0.2,0.2857142857142857,0.2857142857142857,0.3665017772190545,0.2857142857142857,0.2
6990,1,0.0,0.0,0.0,0.0,0.0,0.0,0.0,0.0,0.0,0.0
9819,11,0.0,0.0,0.0,0.0,0.0,0.0,0.0,0.0,0.0,0.0
8396,4,0.0,0.0,0.0,0.0,0.0,0.0,0.0,0.0,0.0,0.0
15182,4,0.0,0.0,0.0,0.0,0.0,0.0,0.0,0.0,0.0,0.0
10078,12,0.2,0.13333333333333333,0.14606834984270645,0.08333333333333333,0.2,0.3,0.1818181818181818,0.22466337602289152,0.25,0.3
9550,30,0.0,0.0,0.0,0.0,0.0,0.0,0.0,0.0,0.0,0.0
10111,4,0.0,0.0,0.0,0.0,0.0,0.25,0.0,0.0,0.25,0.1
1099,4,0.0,0.0,0.0,0.0,0.0,0.0,0.0,0.0,0.0,0.0
3012,17,0.0,0.0,0.0,0.0,0.0,0.1,0.09090909090909091,0.07839826897867533,0.058823529411764705,0.1
4886,13,0.4,0.19999999999999998,0.2772734273550482,0.15384615384615385,0.4,0.3,0.3272727272727272,0.25832975098984706,0.23076923076923078,0.3
21069,2,0.5,0.0,0.0,0.5,0.2,0.5,0.0,0.0,0.5,0.14285714285714285
21664,2,0.0,0.0,0.0,0.0,0.0,0.5,0.0,0.0,0.5,0.1
17593,2,1.0,1.0,1.0,1.0,0.4,1.0,1.0,1.0,1.0,0.2
17509,2,0.0,0.0,0.0,0.0,0.0,0.0,0.0,0.0,0.0,0.0
12165,19,0.2,0.19999999999999998,0.16958010263680803,0.05263157894736842,0.2,0.1,0.14545454545454548,0.11004588314904007,0.05263157894736842,0.1
4522,9,0.2,0.3333333333333333,0.33916020527361607,0.1111111111111111,0.2,0.1111111111111111,0.18518518518518517,0.23504554941448538,0.1111111111111111,0.1
11421,13,0.6,0.7999999999999999,0.7227265726449518,0.23076923076923078,0.6,0.3,0.49090909090909096,0.46900009332067477,0.23076923076923078,0.3
14393,19,0.4,0.4666666666666666,0.48522855511632257,0.10526315789473684,0.4,0.4,0.43636363636363645,0.45953262310069537,0.21052631578947367,0.4
9666,2,0.5,0.0,0.0,0.5,0.2,0.5,0.0,0.0,0.5,0.16666666666666666
3362,2,0.0,0.0,0.0,0.0,0.0,0.0,0.0,0.0,0.0,0.0
8702,4,0.25,0.0,0.0,0.25,0.2,0.25,0.0,0.0,0.25,0.1
17484,3,0.0,0.0,0.0,0.0,0.0,0.0,0.0,0.0,0.0,0.0
20416,9,0.0,0.0,0.0,0.0,0.0,0.0,0.0,0.0,0.0,0.0
22040,2,0.0,0.0,0.0,0.0,0.0,0.0,0.0,0.0,0.0,0.0
2308,9,0.0,0.0,0.0,0.0,0.0,0.1111111111111111,0.07407407407407407,0.07834851647149513,0.1111111111111111,0.1
4187,4,0.0,0.0,0.0,0.0,0.0,0.0,0.0,0.0,0.0,0.0
21406,10,0.4,0.4000000000000001,0.3600546145772339,0.2,0.4,0.3,0.30909090909090914,0.2972715964420569,0.3,0.3
9446,11,0.2,0.06666666666666665,0.13120507751234176,0.09090909090909091,0.2,0.1,0.10909090909090909,0.08514311764162097,0.09090909090909091,0.1
16608,2,0.5,0.5555555555555556,0.6131471927654584,0.5,0.2,1.0,0.5263157894736842,0.6131471927654584,1.0,0.2
15746,1,0.0,0.0,0.0,0.0,0.0,0.0,0.0,0.0,0.0,0.0
1545,11,0.2,0.13333333333333333,0.14606834984270645,0.09090909090909091,0.2,0.1,0.12727272727272726,0.09478836436955078,0.09090909090909091,0.1
20782,3,0.0,0.0,0.0,0.0,0.0,0.0,0.0,0.0,0.0,0.0
16296,11,0.6,0.6666666666666666,0.6548086577531306,0.2727272727272727,0.6,0.4,0.4727272727272727,0.48854680201562267,0.36363636363636365,0.4
2160,1,1.0,0.0,0.0,1.0,0.2,1.0,0.0,0.0,1.0,0.1
1647,1,0.0,0.0,0.0,0.0,0.0,0.0,0.0,0.0,0.0,0.0
11385,10,0.2,0.26666666666666666,0.2139862647345275,0.1,0.2,0.2,0.21818181818181823,0.20829366581033176,0.2,0.2
409,10,0.2,0.19999999999999998,0.16958010263680803,0.1,0.2,0.2,0.18181818181818182,0.1763001066034291,0.2,0.2
3209,20,0.4,0.4666666666666666,0.48522855511632257,0.1,0.4,0.5,0.47272727272727283,0.5239294981581573,0.25,0.5
16906,3,0.3333333333333333,0.0,0.0,0.3333333333333333,0.2,0.3333333333333333,0.0,0.0,0.3333333333333333,0.1
9358,5,0.0,0.0,0.0,0.0,0.0,0.0,0.0,0.0,0.0,0.0
21882,14,0.4,0.39999999999999997,0.4703652827859578,0.14285714285714285,0.4,0.2,0.29090909090909095,0.3052348839397011,0.14285714285714285,0.2
10231,15,0.2,0.3333333333333333,0.33916020527361607,0.06666666666666667,0.2,0.1,0.18181818181818182,0.22009176629808014,0.06666666666666667,0.1
19149,10,0.2,0.13333333333333333,0.14606834984270645,0.1,0.2,0.3333333333333333,0.2545454545454546,0.2537257399688699,0.3,0.3333333333333333
21548,2,0.5,0.0,0.0,0.5,0.2,1.0,0.0,0.0,1.0,0.2
17152,2,0.5,0.0,0.0,0.5,0.2,0.5,0.0,0.0,0.5,0.1
7434,2,0.0,0.0,0.0,0.0,0.0,0.0,0.0,0.0,0.0,0.0
17104,1,0.0,0.0,0.0,0.0,0.0,1.0,0.0,0.0,1.0,0.1
16066,7,0.2,0.3333333333333333,0.33916020527361607,0.14285714285714285,0.2,0.14285714285714285,0.2040816326530612,0.27487633291429087,0.14285714285714285,0.1
19196,10,0.0,0.0,0.0,0.0,0.0,0.0,0.0,0.0,0.0,0.0
18761,11,0.2,0.26666666666666666,0.2139862647345275,0.09090909090909091,0.2,0.1,0.16363636363636364,0.1388624438735545,0.09090909090909091,0.1
18294,9,0.2,0.3333333333333333,0.33916020527361607,0.1111111111111111,0.2,0.1111111111111111,0.18518518518518517,0.23504554941448538,0.1111111111111111,0.1
7587,8,0.0,0.0,0.0,0.0,0.0,0.0,0.0,0.0,0.0,0.0
19546,1,0.0,0.0,0.0,0.0,0.0,0.0,0.0,0.0,0.0,0.0
19712,4,0.25,0.2142857142857143,0.19519002499605081,0.25,0.2,0.25,0.23529411764705882,0.19519002499605081,0.25,0.1
15505,2,0.0,0.0,0.0,0.0,0.0,0.0,0.0,0.0,0.0,0.0
9015,9,0.2,0.3333333333333333,0.33916020527361607,0.1111111111111111,0.2,0.2222222222222222,0.18518518518518517,0.23504554941448538,0.2222222222222222,0.2
6997,1,0.0,0.0,0.0,0.0,0.0,0.0,0.0,0.0,0.0,0.0
9356,1,0.0,0.0,0.0,0.0,0.0,0.0,0.0,0.0,0.0,0.0
16363,6,0.0,0.0,0.0,0.0,0.0,0.16666666666666666,0.1111111111111111,0.10778915452451095,0.16666666666666666,0.1
13127,3,0.0,0.0,0.0,0.0,0.0,0.3333333333333333,0.0,0.0,0.3333333333333333,0.1
8095,17,0.2,0.06666666666666665,0.13120507751234176,0.058823529411764705,0.2,0.2,0.16363636363636364,0.15457433957839825,0.11764705882352941,0.2
12763,3,0.3333333333333333,0.33333333333333337,0.29608191096586517,0.3333333333333333,0.2,0.3333333333333333,0.3333333333333333,0.29608191096586517,0.3333333333333333,0.1
14344,1,0.0,0.0,0.0,0.0,0.0,0.0,0.0,0.0,0.0,0.0
14869,3,0.0,0.0,0.0,0.0,0.0,0.6666666666666666,0.0,0.0,0.6666666666666666,0.2
13966,2,0.0,0.0,0.0,0.0,0.0,0.0,0.0,0.0,0.0,0.0
15770,26,0.2,0.06666666666666665,0.13120507751234176,0.038461538461538464,0.2,0.4,0.29090909090909095,0.30052609691860804,0.15384615384615385,0.4
13571,7,0.2,0.3333333333333333,0.33916020527361607,0.14285714285714285,0.2,0.2857142857142857,0.2040816326530612,0.27487633291429087,0.2857142857142857,0.2
9374,10,0.4,0.4666666666666666,0.38356636737133554,0.2,0.4,0.6,0.490909090909091,0.5215784827120726,0.6,0.6
8810,2,0.0,0.0,0.0,0.0,0.0,0.0,0.0,0.0,0.0,0.0
17508,3,0.3333333333333333,0.4166666666666667,0.46927872602275644,0.3333333333333333,0.2,0.3333333333333333,0.37037037037037035,0.46927872602275644,0.3333333333333333,0.14285714285714285
20888,1,0.0,0.0,0.0,0.0,0.0,0.0,0.0,0.0,0.0,0.0
8826,2,0.0,0.0,0.0,0.0,0.0,0.0,0.0,0.0,0.0,0.0
18328,2,0.0,0.0,0.0,0.0,0.0,0.0,0.0,0.0,0.0,0.0
968,2,0.0,0.0,0.0,0.0,0.0,0.5,0.0,0.0,0.5,0.1
9876,3,0.0,0.0,0.0,0.0,0.0,0.0,0.0,0.0,0.0,0.0
8189,23,0.0,0.0,0.0,0.0,0.0,0.0,0.0,0.0,0.0,0.0
6137,2,0.5,0.5555555555555556,0.6131471927654584,0.5,0.2,0.5,0.5263157894736842,0.6131471927654584,0.5,0.1
9030,7,0.2,0.26666666666666666,0.2139862647345275,0.14285714285714285,0.2,0.42857142857142855,0.2857142857142857,0.27134058233820724,0.42857142857142855,0.3
2054,29,0.8,0.9333333333333332,0.8687949224876582,0.13793103448275862,0.8,0.5,0.6727272727272727,0.6332196796270029,0.1724137931034483,0.5
3608,1,0.0,0.0,0.0,0.0,0.0,0.0,0.0,0.0,0.0,0.0
16741,35,0.4,0.3333333333333333,0.31564845247951445,0.05714285714285714,0.4,0.4,0.4,0.34762939155472816,0.11428571428571428,0.4
11584,1,0.0,0.0,0.0,0.0,0.0,0.0,0.0,0.0,0.0,0.0
777,2,0.0,0.0,0.0,0.0,0.0,0.0,0.0,0.0,0.0,0.0
14355,14,1.0,1.0,1.0,0.35714285714285715,1.0,0.9,0.9818181818181819,0.9363792118010482,0.6428571428571429,0.9
1893,13,0.0,0.0,0.0,0.0,0.0,0.0,0.0,0.0,0.0,0.0
2115,8,0.2,0.3333333333333333,0.33916020527361607,0.125,0.2,0.125,0.1923076923076923,0.2529427027676571,0.125,0.1
20941,7,0.2,0.3333333333333333,0.33916020527361607,0.14285714285714285,0.2,0.14285714285714285,0.2040816326530612,0.27487633291429087,0.14285714285714285,0.1
14801,2,0.0,0.0,0.0,0.0,0.0,0.5,0.0,0.0,0.5,0.1
7174,3,0.0,0.0,0.0,0.0,0.0,0.0,0.0,0.0,0.0,0.0
9065,2,0.0,0.0,0.0,0.0,0.0,0.0,0.0,0.0,0.0,0.0
13069,5,0.0,0.0,0.0,0.0,0.0,0.2,0.0,0.0,0.2,0.1
14683,25,0.4,0.19999999999999998,0.2772734273550482,0.08,0.4,0.4,0.309090909090909,0.31298349214690063,0.16,0.4
13218,5,0.6,0.6,0.6399453854227659,0.6,0.6,0.6,0.6,0.6399453854227659,0.6,0.3
13600,3,0.3333333333333333,0.4166666666666667,0.46927872602275644,0.3333333333333333,0.2,0.6666666666666666,0.37037037037037035,0.46927872602275644,0.6666666666666666,0.2
22386,5,0.6,0.7333333333333334,0.6992148198508501,0.6,0.6,0.6,0.6499999999999999,0.6992148198508501,0.6,0.3
17299,3,0.0,0.0,0.0,0.0,0.0,0.0,0.0,0.0,0.0,0.0
8933,36,0.0,0.0,0.0,0.0,0.0,0.1,0.05454545454545456,0.06943122193677725,0.027777777777777776,0.1
13239,10,0.0,0.0,0.0,0.0,0.0,0.1,0.09090909090909091,0.07839826897867533,0.1,0.1
13062,5,0.0,0.0,0.0,0.0,0.0,0.0,0.0,0.0,0.0,0.0
18054,19,0.2,0.19999999999999998,0.16958010263680803,0.05263157894736842,0.2,0.2,0.2,0.17947710508581735,0.10526315789473684,0.2
3005,8,0.0,0.0,0.0,0.0,0.0,0.0,0.0,0.0,0.0,0.0
4087,2,0.0,0.0,0.0,0.0,0.0,0.0,0.0,0.0,0.0,0.0
2327,10,0.0,0.0,0.0,0.0,0.0,0.3,0.2,0.21801641453242443,0.3,0.3
22222,4,0.25,0.2142857142857143,0.19519002499605081,0.25,0.2,0.25,0.23529411764705882,0.19519002499605081,0.25,0.1111111111111111
14710,1,0.0,0.0,0.0,0.0,0.0,0.0,0.0,0.0,0.0,0.0
17252,7,0.2,0.26666666666666666,0.2139862647345275,0.14285714285714285,0.2,0.14285714285714285,0.18367346938775508,0.17342765698823942,0.14285714285714285,0.1
12562,2,0.5,0.0,0.0,0.5,0.2,0.5,0.0,0.0,0.5,0.1
21098,1,0.0,0.0,0.0,0.0,0.0,0.0,0.0,0.0,0.0,0.0
19328,13,0.8,0.8666666666666666,0.8539316501572936,0.3076923076923077,0.8,0.4,0.6000000000000001,0.5541432109622958,0.3076923076923077,0.4
2099,3,0.3333333333333333,0.0,0.0,0.3333333333333333,0.2,0.3333333333333333,0.0,0.0,0.3333333333333333,0.1
963,6,0.4,0.19999999999999998,0.2772734273550482,0.3333333333333333,0.4,0.3333333333333333,0.28888888888888886,0.24738635904833414,0.3333333333333333,0.2
19865,18,0.0,0.0,0.0,0.0,0.0,0.2,0.10909090909090909,0.13961814555374907,0.1111111111111111,0.2
16104,5,0.0,0.0,0.0,0.0,0.0,0.0,0.0,0.0,0.0,0.0
2955,5,0.0,0.0,0.0,0.0,0.0,0.2,0.0,0.0,0.2,0.1
9735,24,0.4,0.5333333333333333,0.5087403079104241,0.08333333333333333,0.4,0.3,0.34545454545454546,0.3937584376460719,0.125,0.3
9352,6,0.2,0.26666666666666666,0.2139862647345275,0.16666666666666666,0.2,0.16666666666666666,0.2,0.1909208661789346,0.16666666666666666,0.1
19880,1,0.0,0.0,0.0,0.0,0.0,0.0,0.0,0.0,0.0,0.0
10850,18,0.4,0.4666666666666666,0.48522855511632257,0.1111111111111111,0.4,0.3,0.4,0.3932783996463063,0.16666666666666666,0.3
13563,1,0.0,0.0,0.0,0.0,0.0,0.0,0.0,0.0,0.0,0.0
21324,3,0.0,0.0,0.0,0.0,0.0,0.0,0.0,0.0,0.0,0.0
7792,2,0.0,0.0,0.0,0.0,0.0,0.0,0.0,0.0,0.0,0.0
15832,14,0.0,0.0,0.0,0.0,0.0,0.2,0.14545454545454548,0.14782949091545258,0.14285714285714285,0.2
5634,1,0.0,0.0,0.0,0.0,0.0,0.0,0.0,0.0,0.0,0.0
17976,1,0.0,0.0,0.0,0.0,0.0,0.0,0.0,0.0,0.0,0.0
3283,8,0.0,0.0,0.0,0.0,0.0,0.125,0.057692307692307696,0.07979453856244816,0.125,0.1
2096,5,0.0,0.0,0.0,0.0,0.0,0.0,0.0,0.0,0.0,0.0
1403,8,0.0,0.0,0.0,0.0,0.0,0.0,0.0,0.0,0.0,0.0
9638,2,0.0,0.0,0.0,0.0,0.0,0.0,0.0,0.0,0.0,0.0
8989,1,0.0,0.0,0.0,0.0,0.0,0.0,0.0,0.0,0.0,0.0
17160,13,0.2,0.26666666666666666,0.2139862647345275,0.07692307692307693,0.2,0.3,0.3272727272727272,0.2906246349515899,0.23076923076923078,0.3
4413,15,0.2,0.19999999999999998,0.16958010263680803,0.06666666666666667,0.2,0.2,0.21818181818181823,0.18340980524840012,0.13333333333333333,0.2
17460,6,0.4,0.4666666666666666,0.38356636737133554,0.3333333333333333,0.4,0.5,0.3777777777777778,0.34222207292834134,0.5,0.3
8129,28,0.2,0.3333333333333333,0.33916020527361607,0.03571428571428571,0.2,0.2,0.2727272727272727,0.2984900352767555,0.07142857142857142,0.2
6919,7,0.0,0.0,0.0,0.0,0.0,0.0,0.0,0.0,0.0,0.0
2674,1,0.0,0.0,0.0,0.0,0.0,1.0,0.0,0.0,1.0,0.1
6727,5,0.2,0.3333333333333333,0.33916020527361607,0.2,0.2,0.2,0.25,0.33916020527361607,0.2,0.1
22245,2,0.0,0.0,0.0,0.0,0.0,0.0,0.0,0.0,0.0,0.0
18284,28,0.0,0.0,0.0,0.0,0.0,0.1,0.018181818181818177,0.0636207881989517,0.03571428571428571,0.1
9171,6,0.0,0.0,0.0,0.0,0.0,0.0,0.0,0.0,0.0,0.0
825,11,0.2,0.19999999999999998,0.16958010263680803,0.09090909090909091,0.2,0.1,0.14545454545454548,0.11004588314904007,0.09090909090909091,0.1
17827,2,0.5,0.4444444444444445,0.3868528072345415,0.5,0.2,0.5,0.4736842105263158,0.3868528072345415,0.5,0.1
17186,2,0.0,0.0,0.0,0.0,0.0,0.0,0.0,0.0,0.0,0.0
163,4,0.0,0.0,0.0,0.0,0.0,0.0,0.0,0.0,0.0,0.0
8471,18,0.0,0.0,0.0,0.0,0.0,0.1,0.07272727272727274,0.07336392209936006,0.05555555555555555,0.1
21380,3,0.3333333333333333,0.4166666666666667,0.46927872602275644,0.3333333333333333,0.2,0.3333333333333333,0.37037037037037035,0.46927872602275644,0.3333333333333333,0.16666666666666666
21768,21,0.2,0.3333333333333333,0.33916020527361607,0.047619047619047616,0.2,0.3,0.2909090909090909,0.35970991185182927,0.14285714285714285,0.3
16758,7,0.2,0.3333333333333333,0.33916020527361607,0.14285714285714285,0.2,0.14285714285714285,0.2040816326530612,0.27487633291429087,0.14285714285714285,0.1
9616,7,0.0,0.0,0.0,0.0,0.0,0.0,0.0,0.0,0.0,0.0
20594,30,0.2,0.06666666666666665,0.13120507751234176,0.03333333333333333,0.2,0.3,0.2727272727272727,0.23690530871965637,0.1,0.3
6998,1,0.0,0.0,0.0,0.0,0.0,0.0,0.0,0.0,0.0,0.0
3903,19,0.4,0.6,0.5531464700081437,0.10526315789473684,0.4,0.3,0.41818181818181815,0.43231813227099475,0.15789473684210525,0.3
16279,3,0.3333333333333333,0.25,0.23463936301137822,0.3333333333333333,0.2,0.3333333333333333,0.2962962962962963,0.23463936301137822,0.3333333333333333,0.1
22171,3,0.3333333333333333,0.0,0.0,0.3333333333333333,0.2,0.3333333333333333,0.0,0.0,0.3333333333333333,0.1
1568,7,0.0,0.0,0.0,0.0,0.0,0.0,0.0,0.0,0.0,0.0
7478,1,0.0,0.0,0.0,0.0,0.0,0.0,0.0,0.0,0.0,0.0
18699,7,0.0,0.0,0.0,0.0,0.0,0.0,0.0,0.0,0.0,0.0
13325,2,0.0,0.0,0.0,0.0,0.0,0.0,0.0,0.0,0.0,0.0
8994,2,0.0,0.0,0.0,0.0,0.0,0.5,0.0,0.0,0.5,0.1
9890,12,0.0,0.0,0.0,0.0,0.0,0.0,0.0,0.0,0.0,0.0
18824,4,0.25,0.2142857142857143,0.19519002499605081,0.25,0.2,0.5,0.23529411764705882,0.19519002499605081,0.5,0.2
20772,4,0.0,0.0,0.0,0.0,0.0,0.5,0.0,0.0,0.5,0.2
4115,2,0.0,0.0,0.0,0.0,0.0,0.0,0.0,0.0,0.0,0.0
19628,9,0.0,0.0,0.0,0.0,0.0,0.0,0.0,0.0,0.0,0.0
9271,14,0.0,0.0,0.0,0.0,0.0,0.1,0.09090909090909091,0.07839826897867533,0.07142857142857142,0.1
6471,5,0.0,0.0,0.0,0.0,0.0,0.0,0.0,0.0,0.0,0.0
2414,22,0.2,0.3333333333333333,0.33916020527361607,0.045454545454545456,0.2,0.3,0.29090909090909095,0.3621108234757072,0.13636363636363635,0.3
3067,2,0.0,0.0,0.0,0.0,0.0,0.0,0.0,0.0,0.0,0.0
15273,1,0.0,0.0,0.0,0.0,0.0,1.0,0.0,0.0,1.0,0.1
5967,1,0.0,0.0,0.0,0.0,0.0,1.0,0.0,0.0,1.0,0.1
787,5,0.0,0.0,0.0,0.0,0.0,0.2,0.0,0.0,0.2,0.1
11873,5,0.2,0.3333333333333333,0.33916020527361607,0.2,0.2,0.2,0.25,0.33916020527361607,0.2,0.1
17780,6,0.0,0.0,0.0,0.0,0.0,0.16666666666666666,0.0,0.0,0.16666666666666666,0.1
14780,21,0.0,0.0,0.0,0.0,0.0,0.0,0.0,0.0,0.0,0.0
9906,1,0.0,0.0,0.0,0.0,0.0,0.0,0.0,0.0,0.0,0.0
12498,1,0.0,0.0,0.0,0.0,0.0,0.0,0.0,0.0,0.0,0.0
18491,8,0.4,0.6,0.5531464700081437,0.25,0.4,0.375,0.36538461538461536,0.4125317798925535,0.375,0.3
2068,7,0.2,0.3333333333333333,0.33916020527361607,0.14285714285714285,0.2,0.14285714285714285,0.2040816326530612,0.27487633291429087,0.14285714285714285,0.1
17525,21,0.0,0.0,0.0,0.0,0.0,0.0,0.0,0.0,0.0,0.0
20647,1,0.0,0.0,0.0,0.0,0.0,0.0,0.0,0.0,0.0,0.0
9839,3,0.0,0.0,0.0,0.0,0.0,0.0,0.0,0.0,0.0,0.0
16184,3,0.3333333333333333,0.25,0.23463936301137822,0.3333333333333333,0.2,0.3333333333333333,0.2962962962962963,0.23463936301137822,0.3333333333333333,0.1
11936,11,0.8,0.8666666666666666,0.8539316501572936,0.36363636363636365,0.8,0.6,0.7272727272727273,0.6969383549984332,0.5454545454545454,0.6
768,6,0.6,0.6666666666666666,0.6548086577531306,0.5,0.6,0.6666666666666666,0.6666666666666666,0.6920165406831017,0.6666666666666666,0.4
10968,4,0.75,0.8571428571428572,0.8318724637288825,0.75,0.6,0.75,0.7941176470588235,0.8318724637288825,0.75,0.3
1981,3,0.0,0.0,0.0,0.0,0.0,0.0,0.0,0.0,0.0,0.0
17956,11,0.2,0.13333333333333333,0.14606834984270645,0.09090909090909091,0.2,0.125,0.12727272727272726,0.1089364926177559,0.09090909090909091,0.125
17803,1,0.0,0.0,0.0,0.0,0.0,0.0,0.0,0.0,0.0,0.0
10065,8,0.0,0.0,0.0,0.0,0.0,0.25,0.09615384615384615,0.0901000086523677,0.25,0.2
1254,34,0.6,0.6,0.529634717214042,0.08823529411764706,0.6,0.6,0.5818181818181819,0.5519699720241614,0.17647058823529413,0.6
10486,5,0.0,0.0,0.0,0.0,0.0,0.0,0.0,0.0,0.0,0.0
1817,15,0.4,0.19999999999999998,0.2772734273550482,0.13333333333333333,0.4,0.3,0.2545454545454545,0.2435522702101234,0.2,0.3
870,4,0.5,0.5,0.4414924137367807,0.5,0.4,0.5,0.5,0.4414924137367807,0.5,0.2
11993,29,0.6,0.5333333333333333,0.6164336326286642,0.10344827586206896,0.6,0.5,0.509090909090909,0.5370079586075637,0.1724137931034483,0.5
9180,4,0.0,0.0,0.0,0.0,0.0,0.0,0.0,0.0,0.0,0.0
7494,2,0.0,0.0,0.0,0.0,0.0,0.5,0.0,0.0,0.5,0.1
1739,6,0.0,0.0,0.0,0.0,0.0,0.16666666666666666,0.0,0.0,0.16666666666666666,0.1
14779,9,0.0,0.0,0.0,0.0,0.0,0.1111111111111111,0.07407407407407407,0.07834851647149513,0.1111111111111111,0.1
19157,3,0.0,0.0,0.0,0.0,0.0,0.3333333333333333,0.0,0.0,0.3333333333333333,0.1
19623,6,0.2,0.13333333333333333,0.14606834984270645,0.16666666666666666,0.2,0.16666666666666666,0.15555555555555556,0.13032376591037065,0.16666666666666666,0.1
15466,18,0.6,0.6666666666666666,0.6548086577531306,0.16666666666666666,0.6,0.5,0.5818181818181819,0.5695785062497354,0.2777777777777778,0.5
18270,3,0.3333333333333333,0.25,0.23463936301137822,0.3333333333333333,0.2,0.6666666666666666,0.2962962962962963,0.23463936301137822,0.6666666666666666,0.2
3174,2,0.0,0.0,0.0,0.0,0.0,0.0,0.0,0.0,0.0,0.0
4468,4,0.25,0.14285714285714288,0.16812753627111746,0.25,0.2,0.25,0.20588235294117643,0.16812753627111746,0.25,0.1
17494,15,0.0,0.0,0.0,0.0,0.0,0.0,0.0,0.0,0.0,0.0
16376,36,0.2,0.3333333333333333,0.33916020527361607,0.027777777777777776,0.2,0.1,0.18181818181818182,0.22009176629808014,0.027777777777777776,0.1
7030,1,0.0,0.0,0.0,0.0,0.0,0.0,0.0,0.0,0.0,0.0
22137,8,0.2,0.19999999999999998,0.16958010263680803,0.125,0.2,0.125,0.15384615384615385,0.12647135138382856,0.125,0.1
2500,13,0.2,0.26666666666666666,0.2139862647345275,0.07692307692307693,0.2,0.2,0.23636363636363636,0.21222636597291453,0.15384615384615385,0.2
22103,13,0.0,0.0,0.0,0.0,0.0,0.0,0.0,0.0,0.0,0.0
1967,5,0.4,0.5333333333333333,0.5087403079104241,0.4,0.4,0.4,0.45,0.5087403079104241,0.4,0.2
18976,6,0.2,0.3333333333333333,0.33916020527361607,0.16666666666666666,0.2,0.3333333333333333,0.2222222222222222,0.30260241349881345,0.3333333333333333,0.2
9750,1,0.0,0.0,0.0,0.0,0.0,0.0,0.0,0.0,0.0,0.0
17713,4,0.0,0.0,0.0,0.0,0.0,0.0,0.0,0.0,0.0,0.0
13589,10,0.6,0.5333333333333333,0.5147714448836773,0.3,0.6,0.4,0.5090909090909091,0.4124497136428909,0.4,0.4
7597,1,0.0,0.0,0.0,0.0,0.0,0.0,0.0,0.0,0.0,0.0
6369,4,0.0,0.0,0.0,0.0,0.0,0.25,0.0,0.0,0.25,0.1
11816,10,0.2,0.26666666666666666,0.2139862647345275,0.1,0.2,0.1,0.16363636363636364,0.1388624438735545,0.1,0.1
